Date,Open,High,Low,Close,Volume,Dividends,Stock Splits,Symbol,time_idx
2020-01-01 00:00:00+05:30,1416.5346476948964,1418.5020569278058,1399.024657489549,1403.1070556640625,268255,0.0,0.0,APOLLOHOSP.NS,0
2020-01-02 00:00:00+05:30,1404.7302500544545,1484.6070201623518,1404.7302500544545,1470.294189453125,2000143,0.0,0.0,APOLLOHOSP.NS,1
2020-01-03 00:00:00+05:30,1470.2940226761698,1480.4753407039896,1457.4075171487248,1461.88330078125,629443,0.0,0.0,APOLLOHOSP.NS,2
2020-01-06 00:00:00+05:30,1455.882799145299,1455.882799145299,1434.388877782251,1438.66796875,378702,0.0,0.0,APOLLOHOSP.NS,3
2020-01-07 00:00:00+05:30,1450.9642230039024,1474.5238991348047,1448.554194869328,1454.6038818359375,365266,0.0,0.0,APOLLOHOSP.NS,4
2020-01-08 00:00:00+05:30,1440.1435788399092,1455.4893470572229,1434.2413510577785,1449.6363525390625,190163,0.0,0.0,APOLLOHOSP.NS,5
2020-01-09 00:00:00+05:30,1465.7198093571237,1474.2779910840075,1448.996831666472,1455.4892578125,254798,0.0,0.0,APOLLOHOSP.NS,6
2020-01-10 00:00:00+05:30,1459.817704721621,1477.5243884716137,1451.9480674994022,1461.686767578125,364434,0.0,0.0,APOLLOHOSP.NS,7
2020-01-13 00:00:00+05:30,1468.9660752902257,1479.491666105736,1455.3416709968928,1459.2764892578125,374704,0.0,0.0,APOLLOHOSP.NS,8
2020-01-14 00:00:00+05:30,1460.899615029075,1477.5242460750387,1459.7192175919567,1468.966064453125,308514,0.0,0.0,APOLLOHOSP.NS,9
2020-01-15 00:00:00+05:30,1464.0474957176934,1504.0842219382791,1463.7523363271152,1487.31201171875,932167,0.0,0.0,APOLLOHOSP.NS,10
2020-01-16 00:00:00+05:30,1494.9358403622061,1580.8133004212768,1493.3128238286677,1565.6151123046875,2305288,0.0,0.0,APOLLOHOSP.NS,11
2020-01-17 00:00:00+05:30,1569.5499241596654,1597.5362720256937,1554.2532695816478,1592.2242431640625,893254,0.0,0.0,APOLLOHOSP.NS,12
2020-01-20 00:00:00+05:30,1593.6014228189488,1631.965901516442,1590.1584567819941,1602.995849609375,1047368,0.0,0.0,APOLLOHOSP.NS,13
2020-01-21 00:00:00+05:30,1603.2908630653549,1615.7347498429272,1594.585101671467,1599.7003173828125,317357,0.0,0.0,APOLLOHOSP.NS,14
2020-01-22 00:00:00+05:30,1616.8660722390975,1636.884436615374,1599.9955145161694,1607.81591796875,736367,0.0,0.0,APOLLOHOSP.NS,15
2020-01-23 00:00:00+05:30,1612.0950893177444,1672.1994142291078,1604.6680718187927,1659.4112548828125,764590,0.0,0.0,APOLLOHOSP.NS,16
2020-01-24 00:00:00+05:30,1662.4606448139318,1669.8876619992463,1622.2271057841638,1641.5076904296875,1023849,0.0,0.0,APOLLOHOSP.NS,17
2020-01-27 00:00:00+05:30,1640.8193894908336,1685.0860996389677,1634.9171614710824,1668.412353515625,791549,0.0,0.0,APOLLOHOSP.NS,18
2020-01-28 00:00:00+05:30,1668.2645395897111,1677.0195339394477,1646.5246934519319,1650.4102783203125,681671,0.0,0.0,APOLLOHOSP.NS,19
2020-01-29 00:00:00+05:30,1659.5095815794164,1667.3299847464673,1643.8195419851957,1660.4932861328125,230705,0.0,0.0,APOLLOHOSP.NS,20
2020-01-30 00:00:00+05:30,1657.5420246603971,1681.8887101858243,1652.8694284484463,1663.24755859375,634505,0.0,0.0,APOLLOHOSP.NS,21
2020-01-31 00:00:00+05:30,1671.5107175518103,1671.559950811589,1629.4573481846217,1633.146240234375,377299,0.0,0.0,APOLLOHOSP.NS,22
2020-02-03 00:00:00+05:30,1589.6666642912678,1689.6110295646413,1589.6666642912678,1668.2154541015625,584886,0.0,0.0,APOLLOHOSP.NS,23
2020-02-04 00:00:00+05:30,1668.2152576370634,1677.1178314229446,1633.9331797187895,1643.8194580078125,384789,0.0,0.0,APOLLOHOSP.NS,24
2020-02-05 00:00:00+05:30,1653.6073299636246,1653.6073299636246,1623.1124892563835,1630.4410400390625,438855,0.0,0.0,APOLLOHOSP.NS,25
2020-02-06 00:00:00+05:30,1638.5566898805444,1638.5566898805444,1595.765540154174,1618.2432861328125,552992,0.0,0.0,APOLLOHOSP.NS,26
2020-02-07 00:00:00+05:30,1622.915907366997,1651.1481815329341,1601.4710989190448,1636.04833984375,554048,0.0,0.0,APOLLOHOSP.NS,27
2020-02-10 00:00:00+05:30,1635.9008082129278,1673.8717831125275,1607.8652261118643,1638.5567626953125,778081,0.0,0.0,APOLLOHOSP.NS,28
2020-02-11 00:00:00+05:30,1643.2784854941253,1675.1505376037412,1641.80292863795,1670.2811279296875,606839,0.0,0.0,APOLLOHOSP.NS,29
2020-02-12 00:00:00+05:30,1677.21646512183,1688.9716879153025,1643.3278872167791,1656.1651611328125,728165,0.0,0.0,APOLLOHOSP.NS,30
2020-02-13 00:00:00+05:30,1647.7051501216456,1679.1836962732232,1628.0310587769095,1667.87109375,902548,0.0,0.0,APOLLOHOSP.NS,31
2020-02-14 00:00:00+05:30,1692.9555705322384,1719.2204346050823,1647.1640746158398,1676.6260986328125,3179224,0.0,0.0,APOLLOHOSP.NS,32
2020-02-17 00:00:00+05:30,1698.8577604203367,1708.69480593522,1672.3960839690765,1687.1025390625,808709,0.0,0.0,APOLLOHOSP.NS,33
2020-02-18 00:00:00+05:30,1688.0370707499549,1755.322488495374,1677.019627411543,1745.977294921875,1860803,0.0,0.0,APOLLOHOSP.NS,34
2020-02-19 00:00:00+05:30,1745.977362103206,1763.388885925021,1722.171638140783,1751.486083984375,1029649,0.0,0.0,APOLLOHOSP.NS,35
2020-02-20 00:00:00+05:30,1760.8312204170822,1783.8990450766876,1749.2726914562438,1771.3568115234375,799535,0.0,0.0,APOLLOHOSP.NS,36
2020-02-24 00:00:00+05:30,1766.7333444257986,1783.9974070432536,1735.5007254472243,1768.15966796875,708469,0.0,0.0,APOLLOHOSP.NS,37
2020-02-25 00:00:00+05:30,1771.9045819133441,1783.730418945024,1752.1948535272113,1764.464111328125,459592,3.25,0.0,APOLLOHOSP.NS,38
2020-02-26 00:00:00+05:30,1760.0293836263722,1770.8697339996772,1737.4125189215206,1741.551513671875,494854,0.0,0.0,APOLLOHOSP.NS,39
2020-02-27 00:00:00+05:30,1739.3834748999468,1776.8319576456681,1729.627135598572,1769.34228515625,919960,0.0,0.0,APOLLOHOSP.NS,40
2020-02-28 00:00:00+05:30,1754.6586179120561,1773.6292320063033,1701.0481311652093,1710.607421875,1234826,0.0,0.0,APOLLOHOSP.NS,41
2020-03-02 00:00:00+05:30,1724.6012826580713,1752.096378595605,1686.3643603859684,1703.462646484375,980080,0.0,0.0,APOLLOHOSP.NS,42
2020-03-03 00:00:00+05:30,1713.662424075177,1727.7548082305843,1670.3995445547105,1700.6539306640625,672514,0.0,0.0,APOLLOHOSP.NS,43
2020-03-04 00:00:00+05:30,1701.9350332790689,1746.281921812687,1686.8078409167729,1729.7750244140625,1164850,0.0,0.0,APOLLOHOSP.NS,44
2020-03-05 00:00:00+05:30,1739.33431681241,1743.1777381486813,1693.6570424701486,1702.1322021484375,661463,0.0,0.0,APOLLOHOSP.NS,45
2020-03-06 00:00:00+05:30,1675.3268140024743,1685.1816776142537,1648.7186822506703,1664.387939453125,498503,0.0,0.0,APOLLOHOSP.NS,46
2020-03-09 00:00:00+05:30,1626.0527420514998,1647.4870736512696,1582.7898601880972,1617.0848388671875,486073,0.0,0.0,APOLLOHOSP.NS,47
2020-03-11 00:00:00+05:30,1605.357266107512,1618.9570258735457,1587.618511785882,1605.6036376953125,617459,0.0,0.0,APOLLOHOSP.NS,48
2020-03-12 00:00:00+05:30,1557.0685478230687,1566.9727344903847,1458.8155996020419,1486.113525390625,1279868,0.0,0.0,APOLLOHOSP.NS,49
2020-03-13 00:00:00+05:30,1360.0698725621662,1575.3001447359602,1358.9858614894522,1491.681640625,828569,0.0,0.0,APOLLOHOSP.NS,50
2020-03-16 00:00:00+05:30,1410.2311768628695,1518.5361669164693,1343.562991297359,1451.424560546875,1197701,0.0,0.0,APOLLOHOSP.NS,51
2020-03-17 00:00:00+05:30,1471.1344050495475,1496.9047827078118,1394.906922349918,1406.04296875,610719,0.0,0.0,APOLLOHOSP.NS,52
2020-03-18 00:00:00+05:30,1432.8971063424985,1432.8971063424985,1215.6466956633205,1264.083251953125,1731130,0.0,0.0,APOLLOHOSP.NS,53
2020-03-19 00:00:00+05:30,1177.7548309118215,1230.1334597257437,1037.076640344347,1162.9725341796875,2412020,0.0,0.0,APOLLOHOSP.NS,54
2020-03-20 00:00:00+05:30,1172.9752403565838,1380.0752406909899,1133.3094109725448,1343.168701171875,2002316,0.0,0.0,APOLLOHOSP.NS,55
2020-03-23 00:00:00+05:30,1208.896270111881,1280.4918900952323,1132.3240153646448,1141.833984375,816579,0.0,0.0,APOLLOHOSP.NS,56
2020-03-24 00:00:00+05:30,1231.8578805890463,1246.6401751561148,1107.8344532310653,1139.22216796875,1641749,0.0,0.0,APOLLOHOSP.NS,57
2020-03-25 00:00:00+05:30,1162.8738842232049,1204.4613597598725,1056.4906816630833,1166.5694580078125,2323541,0.0,0.0,APOLLOHOSP.NS,58
2020-03-26 00:00:00+05:30,1172.7289334206002,1316.905656295885,1115.5707164975795,1198.2037353515625,2809679,0.0,0.0,APOLLOHOSP.NS,59
2020-03-27 00:00:00+05:30,1240.7275020334591,1240.7275020334591,1113.8954377528328,1150.062744140625,2480908,0.0,0.0,APOLLOHOSP.NS,60
2020-03-30 00:00:00+05:30,1122.4689950853985,1150.0626139285866,1064.4731452550673,1082.3104248046875,1207547,0.0,0.0,APOLLOHOSP.NS,61
2020-03-31 00:00:00+05:30,1105.7157196291369,1138.3352947848514,1031.8535634828104,1122.518310546875,1882578,0.0,0.0,APOLLOHOSP.NS,62
2020-04-01 00:00:00+05:30,1119.5125842235848,1122.4690435129075,1064.3746665971682,1073.046875,1017298,0.0,0.0,APOLLOHOSP.NS,63
2020-04-03 00:00:00+05:30,1078.3192877844099,1221.4612029187883,1072.2586420055886,1172.2855224609375,2397409,0.0,0.0,APOLLOHOSP.NS,64
2020-04-07 00:00:00+05:30,1218.0611686847592,1260.092186955169,1194.9022386976299,1208.156982421875,1473088,0.0,0.0,APOLLOHOSP.NS,65
2020-04-08 00:00:00+05:30,1208.1080207544305,1318.9752608459173,1193.4242466736937,1245.605712890625,2070258,0.0,0.0,APOLLOHOSP.NS,66
2020-04-09 00:00:00+05:30,1247.625938060558,1281.1324798410153,1238.4116631306617,1261.27490234375,1156777,0.0,0.0,APOLLOHOSP.NS,67
2020-04-13 00:00:00+05:30,1281.1325422711623,1281.1325422711623,1211.9514331079808,1260.83154296875,1027810,0.0,0.0,APOLLOHOSP.NS,68
2020-04-15 00:00:00+05:30,1276.2050224904372,1394.4140805082204,1272.8543443176056,1340.8037109375,2274130,0.0,0.0,APOLLOHOSP.NS,69
2020-04-16 00:00:00+05:30,1350.8553261360055,1419.1002514213737,1314.6880275699223,1402.7904052734375,1281806,0.0,0.0,APOLLOHOSP.NS,70
2020-04-17 00:00:00+05:30,1428.955561021965,1450.6362660857467,1340.2617675792224,1354.1571044921875,1718038,0.0,0.0,APOLLOHOSP.NS,71
2020-04-20 00:00:00+05:30,1364.89881443848,1443.7377351280672,1353.0729763350419,1429.8916015625,1859711,0.0,0.0,APOLLOHOSP.NS,72
2020-04-21 00:00:00+05:30,1395.4489391225882,1412.251532730777,1310.7956213689101,1331.5401611328125,1669510,0.0,0.0,APOLLOHOSP.NS,73
2020-04-22 00:00:00+05:30,1331.6385822569907,1348.4903767035305,1292.366970791878,1328.7314453125,1272533,0.0,0.0,APOLLOHOSP.NS,74
2020-04-23 00:00:00+05:30,1352.0874859699186,1396.335854140471,1342.0355717301254,1363.962646484375,1301177,0.0,0.0,APOLLOHOSP.NS,75
2020-04-24 00:00:00+05:30,1340.2615420421112,1357.5075545316236,1321.6358244937103,1339.768798828125,755944,0.0,0.0,APOLLOHOSP.NS,76
2020-04-27 00:00:00+05:30,1350.2148574372661,1402.6920068714057,1350.2148574372661,1398.306640625,1179779,0.0,0.0,APOLLOHOSP.NS,77
2020-04-28 00:00:00+05:30,1409.0484237357496,1437.0361396856183,1396.4834728411433,1405.7469482421875,1214114,0.0,0.0,APOLLOHOSP.NS,78
2020-04-29 00:00:00+05:30,1399.3906565221337,1408.0629847665116,1355.0437695196717,1397.370361328125,1010961,0.0,0.0,APOLLOHOSP.NS,79
2020-04-30 00:00:00+05:30,1420.9729669361438,1420.9729669361438,1367.1161072233217,1374.113037109375,731401,0.0,0.0,APOLLOHOSP.NS,80
2020-05-04 00:00:00+05:30,1374.4087286630092,1406.4370389197811,1335.8269093247393,1351.841064453125,1532116,0.0,0.0,APOLLOHOSP.NS,81
2020-05-05 00:00:00+05:30,1378.6954043099083,1381.4548142106796,1315.0822122675092,1328.0413818359375,652241,0.0,0.0,APOLLOHOSP.NS,82
2020-05-06 00:00:00+05:30,1330.4064738072586,1339.2758502993072,1243.4373098713397,1286.7987060546875,1621448,0.0,0.0,APOLLOHOSP.NS,83
2020-05-07 00:00:00+05:30,1275.1700673371752,1315.6243318015365,1247.1330276365877,1252.7010498046875,935845,0.0,0.0,APOLLOHOSP.NS,84
2020-05-08 00:00:00+05:30,1261.7182494819822,1308.2331580947896,1257.6776591201494,1295.717529296875,1250585,0.0,0.0,APOLLOHOSP.NS,85
2020-05-11 00:00:00+05:30,1300.8422196692889,1322.2765516979305,1263.7879501990449,1285.271484375,717988,0.0,0.0,APOLLOHOSP.NS,86
2020-05-12 00:00:00+05:30,1277.2888766797792,1300.8420252882856,1262.3587339207215,1282.21630859375,663107,0.0,0.0,APOLLOHOSP.NS,87
2020-05-13 00:00:00+05:30,1314.6388710708338,1314.6388710708338,1239.7419039033798,1265.9066162109375,1508002,0.0,0.0,APOLLOHOSP.NS,88
2020-05-14 00:00:00+05:30,1270.5879339520363,1290.9874586525018,1247.428998625064,1275.6138916015625,907116,0.0,0.0,APOLLOHOSP.NS,89
2020-05-15 00:00:00+05:30,1280.1469455222184,1357.1134160316083,1271.4254141794283,1335.6298828125,1984090,0.0,0.0,APOLLOHOSP.NS,90
2020-05-18 00:00:00+05:30,1335.3342733468562,1345.0906142376816,1237.7711050359053,1247.67529296875,860662,0.0,0.0,APOLLOHOSP.NS,91
2020-05-19 00:00:00+05:30,1271.2775150364184,1283.1033523855945,1248.6113267838311,1255.756103515625,960164,0.0,0.0,APOLLOHOSP.NS,92
2020-05-20 00:00:00+05:30,1256.396730449185,1280.0976079826569,1251.6663472519422,1269.75,531853,0.0,0.0,APOLLOHOSP.NS,93
2020-05-21 00:00:00+05:30,1273.2484042570434,1290.9871591151139,1253.735725793714,1261.71826171875,608962,0.0,0.0,APOLLOHOSP.NS,94
2020-05-22 00:00:00+05:30,1251.5677433013916,1277.1903900146485,1234.4695781120797,1261.422607421875,775343,0.0,0.0,APOLLOHOSP.NS,95
2020-05-26 00:00:00+05:30,1271.2775763000639,1319.3693652904076,1267.4341549166372,1302.5667724609375,1145344,0.0,0.0,APOLLOHOSP.NS,96
2020-05-27 00:00:00+05:30,1303.0101301866164,1339.7688227250828,1298.8711352347623,1318.1866455078125,1386447,0.0,0.0,APOLLOHOSP.NS,97
2020-05-28 00:00:00+05:30,1320.551912451564,1334.3487234771774,1297.885722909485,1317.644775390625,523206,0.0,0.0,APOLLOHOSP.NS,98
2020-05-29 00:00:00+05:30,1303.7985217702485,1347.7511916417031,1295.86530804214,1337.2557373046875,870048,0.0,0.0,APOLLOHOSP.NS,99
2020-06-01 00:00:00+05:30,1352.087593734939,1377.7102449281667,1337.8473607104727,1353.3687744140625,868868,0.0,0.0,APOLLOHOSP.NS,100
2020-06-02 00:00:00+05:30,1358.985627345759,1374.6055613668398,1330.8992673897371,1340.9019775390625,608623,0.0,0.0,APOLLOHOSP.NS,101
2020-06-03 00:00:00+05:30,1350.116124151056,1386.5791143653546,1320.6008599213587,1330.2093505859375,738592,0.0,0.0,APOLLOHOSP.NS,102
2020-06-04 00:00:00+05:30,1335.3340798479878,1347.899031521834,1316.6098381379422,1344.4498291015625,762916,0.0,0.0,APOLLOHOSP.NS,103
2020-06-05 00:00:00+05:30,1349.7220035298453,1360.7595221963152,1332.081774816315,1339.3251953125,548928,0.0,0.0,APOLLOHOSP.NS,104
2020-06-08 00:00:00+05:30,1348.7368211541714,1387.565013927497,1332.427091500618,1344.2529296875,746452,0.0,0.0,APOLLOHOSP.NS,105
2020-06-09 00:00:00+05:30,1350.0670135935277,1371.7970363184552,1333.0673735960468,1344.7454833984375,517243,0.0,0.0,APOLLOHOSP.NS,106
2020-06-10 00:00:00+05:30,1345.1887598785645,1358.3942999693302,1312.6677129364452,1335.9744873046875,710311,0.0,0.0,APOLLOHOSP.NS,107
2020-06-11 00:00:00+05:30,1339.2762043748014,1370.8117735727362,1319.566473626092,1327.992431640625,677212,0.0,0.0,APOLLOHOSP.NS,108
2020-06-12 00:00:00+05:30,1286.0598196723322,1389.5358971172325,1283.3004094876792,1383.228759765625,1340007,0.0,0.0,APOLLOHOSP.NS,109
2020-06-15 00:00:00+05:30,1374.5564487593024,1408.2600347822956,1351.1018248331193,1390.2255859375,1375760,0.0,0.0,APOLLOHOSP.NS,110
2020-06-16 00:00:00+05:30,1419.1006305773085,1419.1006305773085,1335.6299679954507,1352.82666015625,1021337,0.0,0.0,APOLLOHOSP.NS,111
2020-06-17 00:00:00+05:30,1355.0439497362943,1366.5248916246983,1327.1054312687334,1332.72265625,481888,0.0,0.0,APOLLOHOSP.NS,112
2020-06-18 00:00:00+05:30,1335.2847024266014,1348.638090794696,1316.806833078848,1327.8935546875,591592,0.0,0.0,APOLLOHOSP.NS,113
2020-06-19 00:00:00+05:30,1337.3050368633299,1363.9131695054155,1330.5544791231198,1350.80615234375,894818,0.0,0.0,APOLLOHOSP.NS,114
2020-06-22 00:00:00+05:30,1359.9711668587538,1388.3038995016443,1351.7423798726309,1378.005615234375,758430,0.0,0.0,APOLLOHOSP.NS,115
2020-06-23 00:00:00+05:30,1387.5648255780627,1401.361634923299,1374.1622348452734,1395.5472412109375,630401,0.0,0.0,APOLLOHOSP.NS,116
2020-06-24 00:00:00+05:30,1403.3325778658639,1419.1003596396374,1380.666391566064,1391.3096923828125,681132,0.0,0.0,APOLLOHOSP.NS,117
2020-06-25 00:00:00+05:30,1391.3098859421482,1423.0425030570652,1385.1012728855299,1416.6368408203125,872300,0.0,0.0,APOLLOHOSP.NS,118
2020-06-26 00:00:00+05:30,1431.9116967742361,1458.5198287858702,1356.3249402532308,1368.0029296875,3862478,0.0,0.0,APOLLOHOSP.NS,119
2020-06-29 00:00:00+05:30,1360.9567414770772,1385.1504811267716,1339.5224119136258,1345.23828125,911358,0.0,0.0,APOLLOHOSP.NS,120
2020-06-30 00:00:00+05:30,1357.014893328984,1364.3567195416263,1324.49383924049,1330.2589111328125,759369,0.0,0.0,APOLLOHOSP.NS,121
2020-07-01 00:00:00+05:30,1330.4065566182292,1333.9050812384162,1291.972589427036,1300.4970703125,1066663,0.0,0.0,APOLLOHOSP.NS,122
2020-07-02 00:00:00+05:30,1310.6970249981857,1348.046986837938,1307.001450679582,1342.774658203125,1095777,0.0,0.0,APOLLOHOSP.NS,123
2020-07-03 00:00:00+05:30,1352.0873279554453,1380.6664332839496,1346.1744096116167,1359.774169921875,1034372,0.0,0.0,APOLLOHOSP.NS,124
2020-07-06 00:00:00+05:30,1364.7015525436934,1392.344372622677,1361.54792402847,1389.5850830078125,684284,0.0,0.0,APOLLOHOSP.NS,125
2020-07-07 00:00:00+05:30,1387.564889025894,1405.3036447094637,1374.7535654766493,1398.651611328125,750569,0.0,0.0,APOLLOHOSP.NS,126
2020-07-08 00:00:00+05:30,1406.2892635136266,1410.2312095921511,1367.0668519128485,1373.620361328125,931697,0.0,0.0,APOLLOHOSP.NS,127
2020-07-09 00:00:00+05:30,1384.608289061109,1397.4196113086493,1370.1708903147328,1383.622802734375,534658,0.0,0.0,APOLLOHOSP.NS,128
2020-07-10 00:00:00+05:30,1379.6810652396623,1418.312086946916,1376.478234195356,1382.095458984375,722285,0.0,0.0,APOLLOHOSP.NS,129
2020-07-13 00:00:00+05:30,1394.4141544414533,1421.958575863782,1386.136163609092,1410.6746826171875,769099,0.0,0.0,APOLLOHOSP.NS,130
2020-07-14 00:00:00+05:30,1405.2540979234684,1433.8825221728964,1398.0107979021122,1420.8248291015625,846728,0.0,0.0,APOLLOHOSP.NS,131
2020-07-15 00:00:00+05:30,1429.053985944829,1448.5173448149692,1419.1991206941252,1443.984130859375,821199,0.0,0.0,APOLLOHOSP.NS,132
2020-07-16 00:00:00+05:30,1448.6157036500601,1470.2964047207968,1406.8311760071842,1415.749755859375,1040680,0.0,0.0,APOLLOHOSP.NS,133
2020-07-17 00:00:00+05:30,1415.8482621365217,1485.1280041454402,1415.8482621365217,1477.441162109375,1195304,0.0,0.0,APOLLOHOSP.NS,134
2020-07-20 00:00:00+05:30,1485.916389028279,1495.6234056622475,1443.9838960847987,1463.5457763671875,1032717,0.0,0.0,APOLLOHOSP.NS,135
2020-07-21 00:00:00+05:30,1479.1164401042606,1497.9392047356218,1473.3020467629965,1478.3280029296875,731642,0.0,0.0,APOLLOHOSP.NS,136
2020-07-22 00:00:00+05:30,1478.2298399788158,1485.1775683461772,1446.9406416992642,1459.6534423828125,477423,0.0,0.0,APOLLOHOSP.NS,137
2020-07-23 00:00:00+05:30,1463.4473689874612,1512.7216911755913,1456.9431825183558,1509.075439453125,1015614,0.0,0.0,APOLLOHOSP.NS,138
2020-07-24 00:00:00+05:30,1514.643251071923,1526.8633063037585,1474.336954170565,1490.104736328125,1481040,0.0,0.0,APOLLOHOSP.NS,139
2020-07-27 00:00:00+05:30,1496.9538281488553,1509.4202550565626,1470.3950180269574,1486.4583740234375,442729,0.0,0.0,APOLLOHOSP.NS,140
2020-07-28 00:00:00+05:30,1496.3626359187153,1585.9433774560391,1489.0700121963453,1575.9898681640625,1886396,0.0,0.0,APOLLOHOSP.NS,141
2020-07-29 00:00:00+05:30,1575.989926957762,1625.4614203155845,1558.0541211837688,1617.47900390625,1522653,0.0,0.0,APOLLOHOSP.NS,142
2020-07-30 00:00:00+05:30,1613.734022261374,1702.9205437970409,1607.4762075172173,1691.2425537109375,2000500,0.0,0.0,APOLLOHOSP.NS,143
2020-07-31 00:00:00+05:30,1692.1296280323959,1692.1296280323959,1619.6470484766978,1650.295654296875,885944,0.0,0.0,APOLLOHOSP.NS,144
2020-08-03 00:00:00+05:30,1645.762286409903,1678.4311845980656,1544.355711888153,1551.50048828125,2067390,0.0,0.0,APOLLOHOSP.NS,145
2020-08-04 00:00:00+05:30,1547.21353902582,1642.8550355289995,1545.2918888006197,1629.945068359375,2098343,0.0,0.0,APOLLOHOSP.NS,146
2020-08-05 00:00:00+05:30,1642.7074781736717,1690.1093549735506,1633.9366242251585,1651.9217529296875,1857434,0.0,0.0,APOLLOHOSP.NS,147
2020-08-06 00:00:00+05:30,1663.9938385288215,1714.7463897187738,1630.1916058304278,1668.8719482421875,1406163,0.0,0.0,APOLLOHOSP.NS,148
2020-08-07 00:00:00+05:30,1675.8690022040137,1727.5577175091773,1675.8690022040137,1717.89990234375,1570379,0.0,0.0,APOLLOHOSP.NS,149
2020-08-10 00:00:00+05:30,1733.4212727460663,1771.9045651759316,1728.5431631360311,1759.2410888671875,1082244,0.0,0.0,APOLLOHOSP.NS,150
2020-08-11 00:00:00+05:30,1764.0207984245592,1771.8553678176581,1713.2682447268694,1725.3404541015625,697840,0.0,0.0,APOLLOHOSP.NS,151
2020-08-12 00:00:00+05:30,1725.3404984566364,1728.1984333805806,1678.3820424383418,1682.2254638671875,804252,0.0,0.0,APOLLOHOSP.NS,152
2020-08-13 00:00:00+05:30,1699.9642195499453,1752.0964796758728,1686.6601517447718,1700.062744140625,1005174,0.0,0.0,APOLLOHOSP.NS,153
2020-08-14 00:00:00+05:30,1709.819161696854,1724.6014599247808,1663.008550641753,1682.5704345703125,765898,0.0,0.0,APOLLOHOSP.NS,154
2020-08-17 00:00:00+05:30,1690.1092179772238,1702.1814266770612,1661.530111667405,1679.6630859375,479355,0.0,0.0,APOLLOHOSP.NS,155
2020-08-18 00:00:00+05:30,1679.6632097211805,1691.88326634498,1654.434779455086,1672.5184326171875,639935,0.0,0.0,APOLLOHOSP.NS,156
2020-08-19 00:00:00+05:30,1685.1818391250927,1693.3121023840295,1657.588218367489,1660.544677734375,606462,0.0,0.0,APOLLOHOSP.NS,157
2020-08-20 00:00:00+05:30,1654.6319929630054,1679.26915783738,1647.7335867981803,1668.6258544921875,455458,0.0,0.0,APOLLOHOSP.NS,158
2020-08-21 00:00:00+05:30,1690.1091825254985,1723.6157202548668,1641.4754525574506,1653.1534423828125,1091774,0.0,0.0,APOLLOHOSP.NS,159
2020-08-24 00:00:00+05:30,1670.892269946695,1675.3269589556953,1651.0840164328877,1666.01416015625,525574,0.0,0.0,APOLLOHOSP.NS,160
2020-08-25 00:00:00+05:30,1666.4575596175011,1691.5874636803314,1634.577097542618,1640.2928466796875,682054,0.0,0.0,APOLLOHOSP.NS,161
2020-08-26 00:00:00+05:30,1640.292802317056,1640.292802317056,1611.4673249069397,1627.235107421875,748724,0.0,0.0,APOLLOHOSP.NS,162
2020-08-27 00:00:00+05:30,1631.9655308948863,1655.5678828146422,1614.4238242911752,1626.0526123046875,476278,0.0,0.0,APOLLOHOSP.NS,163
2020-08-28 00:00:00+05:30,1629.7974835080129,1651.5767092500073,1623.638193405716,1637.8291015625,548801,0.0,0.0,APOLLOHOSP.NS,164
2020-08-31 00:00:00+05:30,1645.7624750993896,1652.611558238578,1598.4591225216825,1610.8270263671875,626908,0.0,0.0,APOLLOHOSP.NS,165
2020-09-01 00:00:00+05:30,1611.270311171357,1670.399496902416,1602.499457894856,1646.5999755859375,1106516,0.0,0.0,APOLLOHOSP.NS,166
2020-09-02 00:00:00+05:30,1663.2054332266357,1683.6050749169076,1645.762371184436,1673.99658203125,1098000,0.0,0.0,APOLLOHOSP.NS,167
2020-09-03 00:00:00+05:30,1678.431351795625,1692.0803157223577,1663.9939505516604,1674.292236328125,588865,0.0,0.0,APOLLOHOSP.NS,168
2020-09-04 00:00:00+05:30,1660.5447762171316,1665.2258371589899,1619.1543426259627,1625.9542236328125,456702,0.0,0.0,APOLLOHOSP.NS,169
2020-09-07 00:00:00+05:30,1629.9944146309401,1643.6926988861733,1596.8820974986463,1625.3133544921875,443358,0.0,0.0,APOLLOHOSP.NS,170
2020-09-08 00:00:00+05:30,1635.85805356804,1661.4314970769508,1607.1804242291057,1627.6785888671875,710352,0.0,0.0,APOLLOHOSP.NS,171
2020-09-09 00:00:00+05:30,1612.2556916628964,1663.6488296102873,1577.566619766129,1583.134521484375,1000765,0.0,0.0,APOLLOHOSP.NS,172
2020-09-10 00:00:00+05:30,1576.7783407557556,1591.5606377003407,1562.0453662537752,1585.5491943359375,936677,0.0,0.0,APOLLOHOSP.NS,173
2020-09-11 00:00:00+05:30,1590.575126557631,1624.722256029516,1571.9002064935255,1588.4071044921875,867578,0.0,0.0,APOLLOHOSP.NS,174
2020-09-14 00:00:00+05:30,1614.1283800461517,1629.2062514817096,1567.0713991569937,1600.1343994140625,1094575,0.0,0.0,APOLLOHOSP.NS,175
2020-09-15 00:00:00+05:30,1577.813070537674,1673.8979958590423,1577.813070537674,1648.5709228515625,2802668,0.0,0.0,APOLLOHOSP.NS,176
2020-09-16 00:00:00+05:30,1668.3790870367188,1713.1695143314323,1653.69543649407,1664.387939453125,2077987,0.0,0.0,APOLLOHOSP.NS,177
2020-09-17 00:00:00+05:30,1673.3708224781928,1763.9366817687837,1661.6737846415394,1754.1644287109375,2006191,2.75,0.0,APOLLOHOSP.NS,178
2020-09-18 00:00:00+05:30,1754.1640840303182,1847.7898917112539,1751.1535207243828,1804.851318359375,3235148,0.0,0.0,APOLLOHOSP.NS,179
2020-09-21 00:00:00+05:30,1800.50817476609,1875.4778873822002,1787.5771518835404,1807.911376953125,2220744,0.0,0.0,APOLLOHOSP.NS,180
2020-09-22 00:00:00+05:30,1819.1642845342865,1819.1642845342865,1740.2461914902226,1766.0587158203125,1384803,0.0,0.0,APOLLOHOSP.NS,181
2020-09-23 00:00:00+05:30,1768.8720437502998,1811.1689878849804,1737.4331311341755,1794.339111328125,1421474,0.0,0.0,APOLLOHOSP.NS,182
2020-09-24 00:00:00+05:30,1800.459016208498,1948.5230800414338,1772.0306677546369,1922.51318359375,5742817,0.0,0.0,APOLLOHOSP.NS,183
2020-09-25 00:00:00+05:30,1941.7613027689938,2020.5807068284303,1895.8120450435267,2001.48046875,3665739,0.0,0.0,APOLLOHOSP.NS,184
2020-09-28 00:00:00+05:30,2008.7356723378787,2069.9354815196716,1973.2989845352604,2033.314208984375,2422864,0.0,0.0,APOLLOHOSP.NS,185
2020-09-29 00:00:00+05:30,2033.3140805152386,2087.653633271137,2028.5268209835806,2058.28759765625,2160713,0.0,0.0,APOLLOHOSP.NS,186
2020-09-30 00:00:00+05:30,2076.8451346850848,2140.0191311774065,2059.176253937007,2120.32666015625,2025626,0.0,0.0,APOLLOHOSP.NS,187
2020-10-01 00:00:00+05:30,2123.238541658878,2131.08588834992,2049.7000612527477,2062.779052734375,1224430,0.0,0.0,APOLLOHOSP.NS,188
2020-10-05 00:00:00+05:30,2067.961048392133,2129.16085030159,2041.4083275079195,2099.30126953125,1594662,0.0,0.0,APOLLOHOSP.NS,189
2020-10-06 00:00:00+05:30,2114.8481856038347,2128.0259824794257,2076.647708815598,2098.36376953125,903168,0.0,0.0,APOLLOHOSP.NS,190
2020-10-07 00:00:00+05:30,2092.3425173715304,2160.1558079737188,2069.935538047446,2145.053466796875,1470503,0.0,0.0,APOLLOHOSP.NS,191
2020-10-08 00:00:00+05:30,2161.7352241525136,2227.771696932809,2159.6130690726172,2219.628173828125,1899346,0.0,0.0,APOLLOHOSP.NS,192
2020-10-09 00:00:00+05:30,2215.9265714122853,2284.134843114647,2207.48711299027,2247.711181640625,2181213,0.0,0.0,APOLLOHOSP.NS,193
2020-10-12 00:00:00+05:30,2202.205971413753,2302.8895254631493,2202.205971413753,2244.305419921875,2053057,0.0,0.0,APOLLOHOSP.NS,194
2020-10-13 00:00:00+05:30,2252.7947708021475,2262.9124820085103,2217.209991971098,2225.353515625,939023,0.0,0.0,APOLLOHOSP.NS,195
2020-10-14 00:00:00+05:30,2235.767376073999,2244.601817066288,2181.674589594006,2198.94873046875,1405987,0.0,0.0,APOLLOHOSP.NS,196
2020-10-15 00:00:00+05:30,2215.038367861941,2260.444680215617,2146.9288993314267,2154.430908203125,2782519,0.0,0.0,APOLLOHOSP.NS,197
2020-10-16 00:00:00+05:30,2181.476825720232,2190.3606679969203,2146.9285501997756,2182.019775390625,1036072,0.0,0.0,APOLLOHOSP.NS,198
2020-10-19 00:00:00+05:30,2195.59303462668,2212.0774547438723,2157.836692527638,2183.550537109375,760641,0.0,0.0,APOLLOHOSP.NS,199
2020-10-20 00:00:00+05:30,2186.214890711913,2196.283196944923,2148.0144176865742,2183.69775390625,869774,0.0,0.0,APOLLOHOSP.NS,200
2020-10-21 00:00:00+05:30,2196.2836362062762,2202.6503428189135,2108.136114429363,2121.758056640625,1473524,0.0,0.0,APOLLOHOSP.NS,201
2020-10-22 00:00:00+05:30,2121.7578324047813,2142.7335727809623,2065.5428963945483,2074.57470703125,1391948,0.0,0.0,APOLLOHOSP.NS,202
2020-10-23 00:00:00+05:30,2071.1200086780054,2079.855884553122,2026.108679344855,2048.219482421875,1124706,0.0,0.0,APOLLOHOSP.NS,203
2020-10-26 00:00:00+05:30,2052.1678542593636,2083.754853459123,1998.0257875424938,2025.8125,1236009,0.0,0.0,APOLLOHOSP.NS,204
2020-10-27 00:00:00+05:30,2052.611884524967,2119.2901101522357,2008.3407575105996,2091.305908203125,1429726,0.0,0.0,APOLLOHOSP.NS,205
2020-10-28 00:00:00+05:30,2080.645686483388,2104.5333073701186,2039.3357160712583,2052.464111328125,958986,0.0,0.0,APOLLOHOSP.NS,206
2020-10-29 00:00:00+05:30,2051.082099042554,2072.896968295254,2034.4003103126279,2058.9296875,606805,0.0,0.0,APOLLOHOSP.NS,207
2020-10-30 00:00:00+05:30,2061.0022514433504,2117.0692220386723,2051.1313144015567,2092.095703125,1071769,0.0,0.0,APOLLOHOSP.NS,208
2020-11-02 00:00:00+05:30,2110.505237666021,2121.017689679729,2038.3485883367728,2042.5931396484375,637352,0.0,0.0,APOLLOHOSP.NS,209
2020-11-03 00:00:00+05:30,2058.090326881427,2131.924982489783,2053.0560527075763,2084.100341796875,1528660,0.0,0.0,APOLLOHOSP.NS,210
2020-11-04 00:00:00+05:30,2085.728778765384,2120.277054797939,2061.0514387421304,2076.4501953125,725363,0.0,0.0,APOLLOHOSP.NS,211
2020-11-05 00:00:00+05:30,2104.5330649206326,2111.9362672964776,2077.3385866620965,2095.205078125,466474,0.0,0.0,APOLLOHOSP.NS,212
2020-11-06 00:00:00+05:30,2100.5355030977853,2140.463397146232,2035.930265262945,2058.978759765625,1290149,0.0,0.0,APOLLOHOSP.NS,213
2020-11-09 00:00:00+05:30,2072.698942818514,2082.27370140115,2002.9607641786695,2057.49755859375,1534921,0.0,0.0,APOLLOHOSP.NS,214
2020-11-10 00:00:00+05:30,2063.025851903271,2063.025851903271,1960.3681061626296,2007.1563720703125,2804380,0.0,0.0,APOLLOHOSP.NS,215
2020-11-11 00:00:00+05:30,2036.3741739743336,2180.243071626665,2023.5419566880194,2167.01611328125,3735087,0.0,0.0,APOLLOHOSP.NS,216
2020-11-12 00:00:00+05:30,2127.1864893388242,2176.738534767261,2066.9737859283055,2083.21142578125,2435538,0.0,0.0,APOLLOHOSP.NS,217
2020-11-13 00:00:00+05:30,2093.6750760917907,2284.134751442157,2084.248283349228,2236.556884765625,4605948,0.0,0.0,APOLLOHOSP.NS,218
2020-11-14 00:00:00+05:30,2245.638216203035,2293.5122616913195,2240.752150480001,2255.16357421875,325596,0.0,0.0,APOLLOHOSP.NS,219
2020-11-17 00:00:00+05:30,2254.521824256849,2311.3785130682945,2236.803542005826,2277.570556640625,1832334,0.0,0.0,APOLLOHOSP.NS,220
2020-11-18 00:00:00+05:30,2261.5797083993625,2298.546561466332,2252.8440734621763,2259.161376953125,1036844,0.0,0.0,APOLLOHOSP.NS,221
2020-11-19 00:00:00+05:30,2259.16141299915,2383.8314015777364,2247.612464344723,2269.3779296875,2584654,0.0,0.0,APOLLOHOSP.NS,222
2020-11-20 00:00:00+05:30,2304.86396922598,2367.692391734272,2294.696855125246,2319.275634765625,2144949,0.0,0.0,APOLLOHOSP.NS,223
2020-11-23 00:00:00+05:30,2343.3601983424733,2371.837945000413,2298.4474396969035,2344.69287109375,1693126,0.0,0.0,APOLLOHOSP.NS,224
2020-11-24 00:00:00+05:30,2351.8985603901456,2392.1226261421566,2267.2061190340783,2283.4931640625,2018323,0.0,0.0,APOLLOHOSP.NS,225
2020-11-25 00:00:00+05:30,2305.357619997595,2324.6059495158797,2207.4873639966613,2212.57080078125,1501778,0.0,0.0,APOLLOHOSP.NS,226
2020-11-26 00:00:00+05:30,2227.3274440260348,2288.08310708199,2215.03817613977,2274.609375,1207176,0.0,0.0,APOLLOHOSP.NS,227
2020-11-27 00:00:00+05:30,2285.0727199413495,2344.347750202298,2268.3415284062658,2317.597412109375,8998610,0.0,0.0,APOLLOHOSP.NS,228
2020-12-01 00:00:00+05:30,2353.2315075619163,2476.470259041308,2318.732629086494,2431.2119140625,2001392,0.0,0.0,APOLLOHOSP.NS,229
2020-12-02 00:00:00+05:30,2442.760399401814,2452.9769142050154,2344.7913629835516,2380.425537109375,1611325,0.0,0.0,APOLLOHOSP.NS,230
2020-12-03 00:00:00+05:30,2468.721128548998,2468.7705314276272,2341.287246589093,2359.054931640625,1745381,0.0,0.0,APOLLOHOSP.NS,231
2020-12-04 00:00:00+05:30,2369.024839340391,2413.4440550780228,2369.024839340391,2403.2275390625,1219317,0.0,0.0,APOLLOHOSP.NS,232
2020-12-07 00:00:00+05:30,2403.227518842836,2436.690139010781,2386.8419084357274,2401.302734375,778998,0.0,0.0,APOLLOHOSP.NS,233
2020-12-08 00:00:00+05:30,2434.1728401482387,2472.669490904841,2384.5713862887706,2418.823486328125,1412683,0.0,0.0,APOLLOHOSP.NS,234
2020-12-09 00:00:00+05:30,2472.818034311655,2487.4764742163125,2401.5993102255115,2411.174072265625,1650915,0.0,0.0,APOLLOHOSP.NS,235
2020-12-10 00:00:00+05:30,2423.265301988612,2423.265301988612,2339.4117517432533,2362.164306640625,1121002,0.0,0.0,APOLLOHOSP.NS,236
2020-12-11 00:00:00+05:30,2372.5783226803696,2381.856906317407,2314.7345401219723,2329.442138671875,1654915,0.0,0.0,APOLLOHOSP.NS,237
2020-12-14 00:00:00+05:30,2345.1371032599905,2359.499363828977,2316.7087584100736,2326.38232421875,800654,0.0,0.0,APOLLOHOSP.NS,238
2020-12-15 00:00:00+05:30,2330.5284147786765,2361.7206746252127,2304.8639764964887,2324.80322265625,1060707,0.0,0.0,APOLLOHOSP.NS,239
2020-12-16 00:00:00+05:30,2338.4248754956343,2380.1295825406705,2329.5410325747985,2358.857666015625,948217,0.0,0.0,APOLLOHOSP.NS,240
2020-12-17 00:00:00+05:30,2364.0894067438658,2391.7280302882614,2349.5297746981573,2373.466796875,1184865,0.0,0.0,APOLLOHOSP.NS,241
2020-12-18 00:00:00+05:30,2373.960226780082,2396.6633807160247,2336.5986357548513,2356.932861328125,1065060,0.0,0.0,APOLLOHOSP.NS,242
2020-12-21 00:00:00+05:30,2354.2186501509564,2402.5862450597183,2274.9549719290676,2305.30810546875,1241568,0.0,0.0,APOLLOHOSP.NS,243
2020-12-22 00:00:00+05:30,2309.7993796404558,2393.7023485590194,2221.94803571396,2377.267333984375,1249868,0.0,0.0,APOLLOHOSP.NS,244
2020-12-23 00:00:00+05:30,2359.153920037878,2429.1387662908323,2359.153920037878,2402.388671875,1093766,0.0,0.0,APOLLOHOSP.NS,245
2020-12-24 00:00:00+05:30,2403.5731525954507,2421.192871485705,2374.2565179876005,2381.906494140625,543157,0.0,0.0,APOLLOHOSP.NS,246
2020-12-28 00:00:00+05:30,2394.196020961672,2398.094993288489,2344.8413307748715,2357.9697265625,784636,0.0,0.0,APOLLOHOSP.NS,247
2020-12-29 00:00:00+05:30,2371.985860595446,2384.423336035624,2340.398866197171,2345.827880859375,585199,0.0,0.0,APOLLOHOSP.NS,248
2020-12-30 00:00:00+05:30,2352.0965967601023,2372.9735345806866,2320.8549328778126,2365.42236328125,569168,0.0,0.0,APOLLOHOSP.NS,249
2020-12-31 00:00:00+05:30,2359.2526897373077,2396.6634436354207,2354.2184155973964,2381.65966796875,855723,0.0,0.0,APOLLOHOSP.NS,250
2021-01-01 00:00:00+05:30,2374.4539269955008,2398.63772296781,2364.089443007368,2383.683349609375,423934,0.0,0.0,APOLLOHOSP.NS,251
2021-01-04 00:00:00+05:30,2386.8918833704897,2397.6511106080407,2367.297972834802,2378.156005859375,527018,0.0,0.0,APOLLOHOSP.NS,252
2021-01-05 00:00:00+05:30,2373.9603663184485,2483.3798001805967,2355.008215334132,2477.062255859375,1720467,0.0,0.0,APOLLOHOSP.NS,253
2021-01-06 00:00:00+05:30,2489.449859817817,2506.082482041555,2448.9790254591608,2469.85595703125,1108589,0.0,0.0,APOLLOHOSP.NS,254
2021-01-07 00:00:00+05:30,2469.856527678179,2530.908372450042,2467.734372513691,2476.174072265625,1014690,0.0,0.0,APOLLOHOSP.NS,255
2021-01-08 00:00:00+05:30,2501.196568730201,2545.7145899049406,2483.231512028456,2520.543701171875,862326,0.0,0.0,APOLLOHOSP.NS,256
2021-01-11 00:00:00+05:30,2531.648763507757,2558.399101249207,2491.918239000032,2517.632080078125,422296,0.0,0.0,APOLLOHOSP.NS,257
2021-01-12 00:00:00+05:30,2525.972882423776,2551.637319681696,2475.828472198826,2484.76171875,500012,0.0,0.0,APOLLOHOSP.NS,258
2021-01-13 00:00:00+05:30,2495.373106105554,2504.9972705772825,2406.287891380069,2447.202880859375,662618,0.0,0.0,APOLLOHOSP.NS,259
2021-01-14 00:00:00+05:30,2449.8677292811167,2496.261132644193,2443.05687922581,2479.579345703125,603193,0.0,0.0,APOLLOHOSP.NS,260
2021-01-15 00:00:00+05:30,2487.4760116199764,2579.9666389334693,2477.703880827334,2558.892333984375,1941813,0.0,0.0,APOLLOHOSP.NS,261
2021-01-18 00:00:00+05:30,2565.9502984705105,2596.895785078756,2514.177277557167,2575.574462890625,1572820,0.0,0.0,APOLLOHOSP.NS,262
2021-01-19 00:00:00+05:30,2584.70491478011,2624.682210578695,2546.701806428369,2611.3564453125,1202289,0.0,0.0,APOLLOHOSP.NS,263
2021-01-20 00:00:00+05:30,2611.1096200099687,2648.2244396691876,2609.135432602344,2641.265380859375,1064146,0.0,0.0,APOLLOHOSP.NS,264
2021-01-21 00:00:00+05:30,2640.47555028562,2650.346486922202,2541.173831325742,2551.6865234375,994932,0.0,0.0,APOLLOHOSP.NS,265
2021-01-22 00:00:00+05:30,2556.6220645821118,2617.772470589695,2533.968312553789,2564.37060546875,1194708,0.0,0.0,APOLLOHOSP.NS,266
2021-01-25 00:00:00+05:30,2577.153879162777,2673.049943019617,2577.153879162777,2652.22216796875,1764152,0.0,0.0,APOLLOHOSP.NS,267
2021-01-27 00:00:00+05:30,2663.178567787144,2714.1618565010704,2553.857950150959,2566.838134765625,1665899,0.0,0.0,APOLLOHOSP.NS,268
2021-01-28 00:00:00+05:30,2560.520836952525,2664.659213320486,2547.244476030559,2588.55419921875,1410605,0.0,0.0,APOLLOHOSP.NS,269
2021-01-29 00:00:00+05:30,2588.7516451696465,2641.9558912121765,2518.075650469741,2528.193359375,921579,0.0,0.0,APOLLOHOSP.NS,270
2021-02-01 00:00:00+05:30,2556.5726377710253,2642.0056441925426,2495.4716352178475,2629.1240234375,879244,0.0,0.0,APOLLOHOSP.NS,271
2021-02-02 00:00:00+05:30,2644.917472045417,2709.572107021709,2643.436831549777,2670.236328125,607131,0.0,0.0,APOLLOHOSP.NS,272
2021-02-03 00:00:00+05:30,2679.8605018891108,2771.9069863968543,2669.101277307664,2685.585693359375,1286454,0.0,0.0,APOLLOHOSP.NS,273
2021-02-04 00:00:00+05:30,2694.765922967157,2712.434804600995,2651.3337982013863,2696.39453125,455213,0.0,0.0,APOLLOHOSP.NS,274
2021-02-05 00:00:00+05:30,2704.636717586201,2747.0817463658386,2652.9622663853556,2703.2548828125,941316,0.0,0.0,APOLLOHOSP.NS,275
2021-02-08 00:00:00+05:30,2705.623707961582,2744.120360500984,2689.8302094838787,2695.012451171875,564043,0.0,0.0,APOLLOHOSP.NS,276
2021-02-09 00:00:00+05:30,2711.0528780680706,2799.9901178515006,2702.7613872890743,2753.300537109375,1052950,0.0,0.0,APOLLOHOSP.NS,277
2021-02-10 00:00:00+05:30,2777.5337491328673,2791.5010288182475,2710.2137649106435,2720.923828125,745906,0.0,0.0,APOLLOHOSP.NS,278
2021-02-11 00:00:00+05:30,2724.378656130963,2743.626983592758,2694.7658446512787,2720.923828125,581642,0.0,0.0,APOLLOHOSP.NS,279
2021-02-12 00:00:00+05:30,2732.2751467677685,2753.9912064602872,2690.9160203856068,2712.632080078125,693562,0.0,0.0,APOLLOHOSP.NS,280
2021-02-15 00:00:00+05:30,2741.1593692922406,3086.6421850114643,2724.8229193795796,3050.76123046875,4446974,0.0,0.0,APOLLOHOSP.NS,281
2021-02-16 00:00:00+05:30,3049.132164253376,3211.5584661346643,3007.674232593084,3161.4140625,4381584,0.0,0.0,APOLLOHOSP.NS,282
2021-02-17 00:00:00+05:30,3135.9963738136353,3241.6153892363795,3135.9963738136353,3193.247802734375,2081001,0.0,0.0,APOLLOHOSP.NS,283
2021-02-18 00:00:00+05:30,3183.871202903079,3196.01250541685,3054.0683620468535,3066.65380859375,1477343,0.0,0.0,APOLLOHOSP.NS,284
2021-02-19 00:00:00+05:30,3050.2182954182017,3069.1210431086993,2858.6233145751526,2882.26416015625,2037556,0.0,0.0,APOLLOHOSP.NS,285
2021-02-22 00:00:00+05:30,2880.7833985254433,2929.5951310468904,2829.8986729547314,2891.740234375,1246303,0.0,0.0,APOLLOHOSP.NS,286
2021-02-23 00:00:00+05:30,2907.18851037072,3013.103719622038,2899.5879365732144,2958.0732421875,1465930,0.0,0.0,APOLLOHOSP.NS,287
2021-02-24 00:00:00+05:30,2976.087736227098,3079.73258276237,2961.3307324659663,3020.161376953125,1088420,0.0,0.0,APOLLOHOSP.NS,288
2021-02-25 00:00:00+05:30,3060.977750970015,3099.425004739276,3018.433913501323,3051.452392578125,819639,0.0,0.0,APOLLOHOSP.NS,289
2021-02-26 00:00:00+05:30,3030.3779272890106,3132.98627829032,2981.664752485409,3019.17431640625,2103433,0.0,0.0,APOLLOHOSP.NS,290
2021-03-01 00:00:00+05:30,2999.8270462819855,3058.0161695478505,2968.733595881483,3041.383544921875,678218,0.0,0.0,APOLLOHOSP.NS,291
2021-03-02 00:00:00+05:30,3065.419402358816,3111.319258166153,3027.8110370111317,3047.454345703125,944553,0.0,0.0,APOLLOHOSP.NS,292
2021-03-03 00:00:00+05:30,3074.8954011571536,3079.2385166456465,3010.043158183154,3017.545166015625,536623,0.0,0.0,APOLLOHOSP.NS,293
2021-03-04 00:00:00+05:30,3018.5325843176347,3041.5319161043867,2978.061741951048,3002.837890625,687383,0.0,0.0,APOLLOHOSP.NS,294
2021-03-05 00:00:00+05:30,2961.2807127973606,2978.8016236814115,2832.9585485761418,2842.3359375,1486110,0.0,0.0,APOLLOHOSP.NS,295
2021-03-08 00:00:00+05:30,2863.558461653503,2897.9587691450593,2810.008635198935,2829.6025390625,952087,0.0,0.0,APOLLOHOSP.NS,296
2021-03-09 00:00:00+05:30,2833.4528025542686,2889.1742003428076,2790.2180451586705,2848.8515625,883183,0.0,0.0,APOLLOHOSP.NS,297
2021-03-10 00:00:00+05:30,2872.442652889898,2887.1996554344737,2843.5701623067266,2866.618896484375,432551,0.0,0.0,APOLLOHOSP.NS,298
2021-03-12 00:00:00+05:30,2893.270532097895,2991.8810994550954,2889.7168982694793,2937.9365234375,1512021,0.0,0.0,APOLLOHOSP.NS,299
2021-03-15 00:00:00+05:30,2959.3068835987137,2985.958413237528,2877.378107301618,2957.925048828125,918701,0.0,0.0,APOLLOHOSP.NS,300
2021-03-16 00:00:00+05:30,2963.25550618238,3040.248820466932,2952.2001041240746,3033.5859375,1081398,0.0,0.0,APOLLOHOSP.NS,301
2021-03-17 00:00:00+05:30,3040.248385848738,3042.5187493997378,2931.66808635414,2958.71435546875,740599,0.0,0.0,APOLLOHOSP.NS,302
2021-03-18 00:00:00+05:30,2986.9456161421454,3025.442271472464,2884.28786859463,2920.51416015625,789785,0.0,0.0,APOLLOHOSP.NS,303
2021-03-19 00:00:00+05:30,2915.874617911532,2944.352365873661,2849.9861173206064,2896.72509765625,2288304,0.0,0.0,APOLLOHOSP.NS,304
2021-03-22 00:00:00+05:30,2875.4041455414567,2906.250825784564,2837.8945823658387,2867.606201171875,488626,0.0,0.0,APOLLOHOSP.NS,305
2021-03-23 00:00:00+05:30,2880.240754795123,2929.49687748086,2859.462624163323,2908.718505859375,630061,0.0,0.0,APOLLOHOSP.NS,306
2021-03-24 00:00:00+05:30,2919.675527756125,2938.430310181145,2866.569832481024,2881.919189453125,627981,0.0,0.0,APOLLOHOSP.NS,307
2021-03-25 00:00:00+05:30,2889.22352925125,2954.3717195247664,2751.523945264045,2773.092041015625,1001626,0.0,0.0,APOLLOHOSP.NS,308
2021-03-26 00:00:00+05:30,2803.3458284502212,2867.5069125520745,2782.6168628173145,2814.894775390625,918204,0.0,0.0,APOLLOHOSP.NS,309
2021-03-30 00:00:00+05:30,2865.0395908608493,2932.556706528673,2837.8945129112635,2887.841552734375,1420415,0.0,0.0,APOLLOHOSP.NS,310
2021-03-31 00:00:00+05:30,2863.558647750313,2890.1607731328263,2844.8532714825883,2865.187255859375,665173,0.0,0.0,APOLLOHOSP.NS,311
2021-04-01 00:00:00+05:30,2849.0979132604953,2876.34155398222,2806.702047305655,2856.698486328125,842489,0.0,0.0,APOLLOHOSP.NS,312
2021-04-05 00:00:00+05:30,2884.287558269288,2976.087264949317,2848.7521879415353,2881.81982421875,1241115,0.0,0.0,APOLLOHOSP.NS,313
2021-04-06 00:00:00+05:30,2901.068144000211,2976.087258986266,2889.4203911070767,2945.043212890625,1015604,0.0,0.0,APOLLOHOSP.NS,314
2021-04-07 00:00:00+05:30,2960.293943952318,3074.796810740737,2960.0471705325153,3057.81884765625,1240450,0.0,0.0,APOLLOHOSP.NS,315
2021-04-08 00:00:00+05:30,3094.3415896497163,3103.62017466562,3049.5273880245413,3074.40234375,800699,0.0,0.0,APOLLOHOSP.NS,316
2021-04-09 00:00:00+05:30,3106.877571362896,3123.3125858687513,3065.814375056396,3091.7255859375,934037,0.0,0.0,APOLLOHOSP.NS,317
2021-04-12 00:00:00+05:30,3078.74517918244,3078.74517918244,2940.6014672564293,2965.9697265625,961549,0.0,0.0,APOLLOHOSP.NS,318
2021-04-13 00:00:00+05:30,2993.2136722404484,3022.382098231571,2912.9135034931173,2942.279541015625,544916,0.0,0.0,APOLLOHOSP.NS,319
2021-04-15 00:00:00+05:30,2997.8033184856254,2999.7281028431926,2864.8418563114737,2954.86474609375,692875,0.0,0.0,APOLLOHOSP.NS,320
2021-04-16 00:00:00+05:30,2961.0344057428956,3033.3390212010727,2955.3586168161446,3021.493896484375,622872,0.0,0.0,APOLLOHOSP.NS,321
2021-04-19 00:00:00+05:30,2998.7902929857705,3201.292444320667,2966.8577193094357,3116.649169921875,3552506,0.0,0.0,APOLLOHOSP.NS,322
2021-04-20 00:00:00+05:30,3168.5708829563087,3266.29316252412,3140.685484998827,3227.450927734375,2575420,0.0,0.0,APOLLOHOSP.NS,323
2021-04-22 00:00:00+05:30,3226.8092735407117,3291.0691691741144,3175.727175068478,3187.276123046875,1307224,0.0,0.0,APOLLOHOSP.NS,324
2021-04-23 00:00:00+05:30,3215.9512997423976,3256.4221417587996,3130.0741471710076,3158.749267578125,1030125,0.0,0.0,APOLLOHOSP.NS,325
2021-04-26 00:00:00+05:30,3188.658563726569,3211.0161419743163,3111.319667846002,3133.67724609375,557667,0.0,0.0,APOLLOHOSP.NS,326
2021-04-27 00:00:00+05:30,3158.7001639794403,3163.6356329856585,3117.0448537649013,3149.86572265625,505348,0.0,0.0,APOLLOHOSP.NS,327
2021-04-28 00:00:00+05:30,3168.570974734069,3207.067631436445,3141.5247020621205,3157.959716796875,575824,0.0,0.0,APOLLOHOSP.NS,328
2021-04-29 00:00:00+05:30,3157.9594878360845,3217.925429505551,3157.9594878360845,3197.09765625,589707,0.0,0.0,APOLLOHOSP.NS,329
2021-04-30 00:00:00+05:30,3213.9769118940576,3267.2799687866495,3141.721705193143,3156.23193359375,906562,0.0,0.0,APOLLOHOSP.NS,330
2021-05-03 00:00:00+05:30,3167.3862575100206,3180.2184753861916,3099.4741639366594,3162.9443359375,728281,0.0,0.0,APOLLOHOSP.NS,331
2021-05-04 00:00:00+05:30,3191.421962167182,3201.3917051280087,3125.533456403736,3140.19189453125,581864,0.0,0.0,APOLLOHOSP.NS,332
2021-05-05 00:00:00+05:30,3158.5027279946326,3313.673822138103,3135.15781548495,3289.884765625,1679977,0.0,0.0,APOLLOHOSP.NS,333
2021-05-06 00:00:00+05:30,3314.5127793016736,3342.2005656500064,3258.100228010703,3303.95068359375,1124908,0.0,0.0,APOLLOHOSP.NS,334
2021-05-07 00:00:00+05:30,3303.950694508825,3353.1574135318874,3259.383508826109,3268.119384765625,774478,0.0,0.0,APOLLOHOSP.NS,335
2021-05-10 00:00:00+05:30,3272.215555820808,3299.4594378397987,3219.5048495980236,3280.80322265625,627199,0.0,0.0,APOLLOHOSP.NS,336
2021-05-11 00:00:00+05:30,3272.2156526348376,3272.2156526348376,3203.3658662784937,3216.148681640625,670759,0.0,0.0,APOLLOHOSP.NS,337
2021-05-12 00:00:00+05:30,3232.6332234782535,3232.6332234782535,3144.4859444495614,3155.491943359375,703372,0.0,0.0,APOLLOHOSP.NS,338
2021-05-14 00:00:00+05:30,3158.6997955979523,3170.2981464099134,3055.4005377409057,3100.411865234375,842794,0.0,0.0,APOLLOHOSP.NS,339
2021-05-17 00:00:00+05:30,3106.384234898536,3148.779866042474,3074.8960386051044,3111.665283203125,847722,0.0,0.0,APOLLOHOSP.NS,340
2021-05-18 00:00:00+05:30,3133.0353822160973,3147.2988378849,3099.4741966473052,3122.6708984375,639445,0.0,0.0,APOLLOHOSP.NS,341
2021-05-19 00:00:00+05:30,3139.15546146802,3194.334146087717,3120.894227291295,3188.0166015625,711069,0.0,0.0,APOLLOHOSP.NS,342
2021-05-20 00:00:00+05:30,3204.007121377548,3230.510681773292,3172.5189309355624,3178.39208984375,752076,0.0,0.0,APOLLOHOSP.NS,343
2021-05-21 00:00:00+05:30,3204.501067270318,3217.333286075043,3183.3773573261055,3205.833740234375,471439,0.0,0.0,APOLLOHOSP.NS,344
2021-05-24 00:00:00+05:30,3206.080207129107,3242.602672542831,3198.331425503573,3219.01123046875,611909,0.0,0.0,APOLLOHOSP.NS,345
2021-05-25 00:00:00+05:30,3224.0950338194657,3224.835354148701,3129.728772790404,3158.3544921875,622276,0.0,0.0,APOLLOHOSP.NS,346
2021-05-26 00:00:00+05:30,3163.6351825525503,3178.4415874630927,3137.0824594755095,3142.511474609375,260821,0.0,0.0,APOLLOHOSP.NS,347
2021-05-27 00:00:00+05:30,3145.3739756244017,3181.9952471326687,3112.898690316818,3157.712646484375,1084157,0.0,0.0,APOLLOHOSP.NS,348
2021-05-28 00:00:00+05:30,3157.712470671885,3165.6092195825995,3099.473947455367,3108.703369140625,555829,0.0,0.0,APOLLOHOSP.NS,349
2021-05-31 00:00:00+05:30,3104.4100375986195,3145.177060217171,3084.668161365878,3127.853515625,635444,0.0,0.0,APOLLOHOSP.NS,350
2021-06-01 00:00:00+05:30,3148.828771578107,3207.06729744742,3120.0550878198965,3197.986083984375,706976,0.0,0.0,APOLLOHOSP.NS,351
2021-06-02 00:00:00+05:30,3202.4282034670728,3258.3963691839294,3178.4417778770835,3231.35009765625,843219,0.0,0.0,APOLLOHOSP.NS,352
2021-06-03 00:00:00+05:30,3228.7835528471655,3390.6669226627987,3224.8845808574683,3381.4375,1098294,0.0,0.0,APOLLOHOSP.NS,353
2021-06-04 00:00:00+05:30,3381.141238622848,3384.398454787684,3331.4409782988832,3336.5244140625,380548,0.0,0.0,APOLLOHOSP.NS,354
2021-06-07 00:00:00+05:30,3336.5245991721263,3336.5245991721263,3265.3058867029335,3272.51171875,526855,0.0,0.0,APOLLOHOSP.NS,355
2021-06-08 00:00:00+05:30,3256.42215447156,3269.7479195777637,3213.582383785264,3246.995361328125,766456,0.0,0.0,APOLLOHOSP.NS,356
2021-06-09 00:00:00+05:30,3247.5379740263734,3288.6011645618983,3209.0413232704373,3263.232666015625,587528,0.0,0.0,APOLLOHOSP.NS,357
2021-06-10 00:00:00+05:30,3279.5695332503124,3301.8285451833412,3254.497448764972,3282.777587890625,749909,0.0,0.0,APOLLOHOSP.NS,358
2021-06-11 00:00:00+05:30,3299.212985078714,3302.8157809723025,3259.0874784118196,3293.48779296875,277612,0.0,0.0,APOLLOHOSP.NS,359
2021-06-14 00:00:00+05:30,3301.8288302521587,3316.6352375627066,3242.6032010099675,3306.961669921875,317756,0.0,0.0,APOLLOHOSP.NS,360
2021-06-15 00:00:00+05:30,3311.699117465296,3313.623901839364,3252.4734998653203,3255.73095703125,461588,0.0,0.0,APOLLOHOSP.NS,361
2021-06-16 00:00:00+05:30,3267.280456306261,3282.086863207951,3235.6934549159887,3251.684326171875,419575,0.0,0.0,APOLLOHOSP.NS,362
2021-06-17 00:00:00+05:30,3214.9641188780834,3240.579151700993,3183.574491625706,3198.77587890625,356502,0.0,0.0,APOLLOHOSP.NS,363
2021-06-18 00:00:00+05:30,3193.2486185952775,3211.0163079723147,3121.7337170506453,3179.9228515625,520516,0.0,0.0,APOLLOHOSP.NS,364
2021-06-21 00:00:00+05:30,3153.764442599357,3210.0287847677964,3139.9451304878107,3196.20947265625,200280,0.0,0.0,APOLLOHOSP.NS,365
2021-06-22 00:00:00+05:30,3196.2094368722787,3260.3211252169176,3188.4114929496527,3216.148681640625,567861,0.0,0.0,APOLLOHOSP.NS,366
2021-06-23 00:00:00+05:30,3232.682162597422,3232.682162597422,3170.5446681856733,3202.92138671875,504942,0.0,0.0,APOLLOHOSP.NS,367
2021-06-24 00:00:00+05:30,3188.2141564015733,3239.2962603621504,3101.201934650111,3161.908203125,1754163,0.0,0.0,APOLLOHOSP.NS,368
2021-06-25 00:00:00+05:30,3211.262579595949,3420.279670575567,3180.6626748952726,3394.615234375,3717669,0.0,0.0,APOLLOHOSP.NS,369
2021-06-28 00:00:00+05:30,3403.3508389144495,3444.956738660287,3358.2898705040834,3409.5693359375,1213113,0.0,0.0,APOLLOHOSP.NS,370
2021-06-29 00:00:00+05:30,3375.860520009382,3558.4234551961645,3375.860520009382,3544.801513671875,2268589,0.0,0.0,APOLLOHOSP.NS,371
2021-06-30 00:00:00+05:30,3570.318278068263,3612.6153438352303,3536.362347711157,3573.131591796875,1291906,0.0,0.0,APOLLOHOSP.NS,372
2021-07-01 00:00:00+05:30,3573.1315462511934,3649.2363327412186,3548.6021692141553,3630.97509765625,876022,0.0,0.0,APOLLOHOSP.NS,373
2021-07-02 00:00:00+05:30,3653.233698207994,3696.56701422805,3619.672513193384,3685.01806640625,573795,0.0,0.0,APOLLOHOSP.NS,374
2021-07-05 00:00:00+05:30,3711.47265889036,3714.384537379582,3654.9121363960335,3670.113525390625,444545,0.0,0.0,APOLLOHOSP.NS,375
2021-07-06 00:00:00+05:30,3669.915805710733,3702.341932226892,3648.298548693086,3658.416259765625,344090,0.0,0.0,APOLLOHOSP.NS,376
2021-07-07 00:00:00+05:30,3667.0531551869894,3709.30081443257,3649.8778209233033,3667.6455078125,466002,0.0,0.0,APOLLOHOSP.NS,377
2021-07-08 00:00:00+05:30,3652.2468465667166,3671.9887214130235,3609.8018156471576,3624.015869140625,459811,0.0,0.0,APOLLOHOSP.NS,378
2021-07-09 00:00:00+05:30,3625.5946150933805,3695.678257258268,3625.5946150933805,3677.811767578125,469932,0.0,0.0,APOLLOHOSP.NS,379
2021-07-12 00:00:00+05:30,3696.665739591579,3739.900489897418,3681.958140521512,3699.03466796875,464757,0.0,0.0,APOLLOHOSP.NS,380
2021-07-13 00:00:00+05:30,3719.369461388799,3721.2942461127564,3672.9760525020492,3701.89794921875,246112,0.0,0.0,APOLLOHOSP.NS,381
2021-07-14 00:00:00+05:30,3705.5496323358493,3726.278599378751,3661.0316114811803,3706.33935546875,395272,0.0,0.0,APOLLOHOSP.NS,382
2021-07-15 00:00:00+05:30,3726.13090810219,3748.982031831885,3702.144481975471,3713.792236328125,399845,0.0,0.0,APOLLOHOSP.NS,383
2021-07-16 00:00:00+05:30,3713.792108127876,3738.1238716305256,3694.0993958645154,3730.325927734375,226565,0.0,0.0,APOLLOHOSP.NS,384
2021-07-19 00:00:00+05:30,3730.325982493544,3869.357988691422,3716.407864612669,3833.625244140625,1044561,0.0,0.0,APOLLOHOSP.NS,385
2021-07-20 00:00:00+05:30,3839.794263445025,3857.561948982817,3768.0326039430975,3832.835205078125,357815,0.0,0.0,APOLLOHOSP.NS,386
2021-07-22 00:00:00+05:30,3839.7949023967412,3952.3235961944865,3839.7949023967412,3933.864990234375,760359,0.0,0.0,APOLLOHOSP.NS,387
2021-07-23 00:00:00+05:30,3933.8647016570403,3948.1281578985404,3862.497776575283,3868.321533203125,335985,0.0,0.0,APOLLOHOSP.NS,388
2021-07-26 00:00:00+05:30,3886.187837666777,4105.1250241980015,3879.2781818720937,4047.4296875,1982531,0.0,0.0,APOLLOHOSP.NS,389
2021-07-27 00:00:00+05:30,4067.7141945813264,4135.576884164835,3998.1734939624125,4025.61474609375,859687,0.0,0.0,APOLLOHOSP.NS,390
2021-07-28 00:00:00+05:30,4047.0842091241107,4047.0842091241107,3934.061979381498,3976.408203125,455244,0.0,0.0,APOLLOHOSP.NS,391
2021-07-29 00:00:00+05:30,3987.858378791396,4002.220639714926,3941.6623473936024,3986.62451171875,449417,0.0,0.0,APOLLOHOSP.NS,392
2021-07-30 00:00:00+05:30,3978.974720887062,4033.709018576795,3955.7780188426946,3982.923095703125,627367,0.0,0.0,APOLLOHOSP.NS,393
2021-08-02 00:00:00+05:30,4007.254898018896,4040.1251668796986,3982.97253725815,3995.9033203125,344295,0.0,0.0,APOLLOHOSP.NS,394
2021-08-03 00:00:00+05:30,4037.805665751417,4170.470965268465,4011.5982792983627,4039.87841796875,981680,0.0,0.0,APOLLOHOSP.NS,395
2021-08-04 00:00:00+05:30,4057.7448352924675,4075.3153934058246,4000.3454295517517,4013.91796875,305863,0.0,0.0,APOLLOHOSP.NS,396
2021-08-05 00:00:00+05:30,4032.080284850281,4058.6332492555644,3983.910065395827,4021.1728515625,270458,0.0,0.0,APOLLOHOSP.NS,397
2021-08-06 00:00:00+05:30,4037.0157440024386,4124.1265194817315,4020.6298926673685,4035.288330078125,717143,0.0,0.0,APOLLOHOSP.NS,398
2021-08-09 00:00:00+05:30,4055.968117076764,4057.942304527276,3938.503963771304,3952.027099609375,431991,0.0,0.0,APOLLOHOSP.NS,399
2021-08-10 00:00:00+05:30,3972.0649747683897,4034.0545061709595,3948.37472640993,4010.3642578125,364246,0.0,0.0,APOLLOHOSP.NS,400
2021-08-11 00:00:00+05:30,4012.5360867406057,4030.451741875935,3864.472024499255,3974.385009765625,831738,0.0,0.0,APOLLOHOSP.NS,401
2021-08-12 00:00:00+05:30,3975.0268175454235,4089.4805388930317,3924.043518081801,4079.757568359375,556973,0.0,0.0,APOLLOHOSP.NS,402
2021-08-13 00:00:00+05:30,4091.454080160853,4092.243562301243,3986.0815904162814,4011.6474609375,553736,0.0,0.0,APOLLOHOSP.NS,403
2021-08-16 00:00:00+05:30,4092.490075195828,4318.040963324686,4071.9090771917113,4289.0205078125,3709012,0.0,0.0,APOLLOHOSP.NS,404
2021-08-17 00:00:00+05:30,4288.921764254776,4909.803649114673,4276.336320642751,4856.994140625,8069431,0.0,0.0,APOLLOHOSP.NS,405
2021-08-18 00:00:00+05:30,4790.325271663115,4901.934912013204,4703.457221507821,4728.9892578125,2941548,3.0,0.0,APOLLOHOSP.NS,406
2021-08-20 00:00:00+05:30,4660.936509858416,4873.982688183404,4639.404934190742,4688.09814453125,2331020,0.0,0.0,APOLLOHOSP.NS,407
2021-08-23 00:00:00+05:30,4721.186004865467,4780.101963889923,4662.121987923142,4684.88818359375,699991,0.0,0.0,APOLLOHOSP.NS,408
2021-08-24 00:00:00+05:30,4760.694274760496,4828.796100500712,4692.19746711191,4781.18896484375,1576663,0.0,0.0,APOLLOHOSP.NS,409
2021-08-25 00:00:00+05:30,4805.14047199959,4819.955910248304,4691.5554454261155,4712.93896484375,469002,0.0,0.0,APOLLOHOSP.NS,410
2021-08-26 00:00:00+05:30,4717.67998768038,4721.18611500289,4589.2298543297275,4642.5654296875,800419,0.0,0.0,APOLLOHOSP.NS,411
2021-08-27 00:00:00+05:30,4659.06080776254,4772.546979508502,4618.812196542554,4706.47021484375,937887,0.0,0.0,APOLLOHOSP.NS,412
2021-08-30 00:00:00+05:30,4731.261354044905,4768.596068214768,4663.505315113102,4699.0126953125,632354,0.0,0.0,APOLLOHOSP.NS,413
2021-08-31 00:00:00+05:30,4707.456905293808,4983.912854829382,4707.456905293808,4908.4033203125,2883159,0.0,0.0,APOLLOHOSP.NS,414
2021-09-01 00:00:00+05:30,4923.663574636913,5009.395377370201,4884.451858374901,4977.04833984375,841956,0.0,0.0,APOLLOHOSP.NS,415
2021-09-02 00:00:00+05:30,4977.048408366011,5058.977969206962,4951.3191252703045,4981.44384765625,900686,0.0,0.0,APOLLOHOSP.NS,416
2021-09-03 00:00:00+05:30,4991.815384489549,5010.8777236183,4905.885835923939,4952.8505859375,567961,0.0,0.0,APOLLOHOSP.NS,417
2021-09-06 00:00:00+05:30,4967.122970829997,4977.987626363728,4910.824301246122,4934.03515625,439776,0.0,0.0,APOLLOHOSP.NS,418
2021-09-07 00:00:00+05:30,4958.6282928503815,4961.1963985896155,4800.201970365425,4817.0419921875,479021,0.0,0.0,APOLLOHOSP.NS,419
2021-09-08 00:00:00+05:30,4839.709655626433,4841.142007515505,4733.137370072515,4752.19970703125,642506,0.0,0.0,APOLLOHOSP.NS,420
2021-09-09 00:00:00+05:30,4756.447825067749,4760.694724962801,4627.355764823802,4661.48046875,838279,0.0,0.0,APOLLOHOSP.NS,421
2021-09-13 00:00:00+05:30,4676.740433485217,4736.989887855354,4623.75064097338,4687.45703125,1151299,0.0,0.0,APOLLOHOSP.NS,422
2021-09-14 00:00:00+05:30,4714.272555735841,4714.272555735841,4638.91155107498,4674.2216796875,528943,0.0,0.0,APOLLOHOSP.NS,423
2021-09-15 00:00:00+05:30,4691.555471413732,4759.904219822419,4628.885974365179,4733.087890625,659281,0.0,0.0,APOLLOHOSP.NS,424
2021-09-16 00:00:00+05:30,4759.706555348979,4829.832964444181,4733.087957860529,4820.69677734375,779552,0.0,0.0,APOLLOHOSP.NS,425
2021-09-17 00:00:00+05:30,4815.017994754527,4884.650562678669,4804.597994875254,4847.85888671875,814867,0.0,0.0,APOLLOHOSP.NS,426
2021-09-20 00:00:00+05:30,4804.152493971932,4891.612766387677,4722.865320463944,4818.0791015625,434640,0.0,0.0,APOLLOHOSP.NS,427
2021-09-21 00:00:00+05:30,4798.226409131486,4858.426663719827,4731.211149675667,4831.4130859375,462221,0.0,0.0,APOLLOHOSP.NS,428
2021-09-22 00:00:00+05:30,4864.402099602448,4948.356247514369,4809.979961383695,4844.54931640625,562041,0.0,0.0,APOLLOHOSP.NS,429
2021-09-23 00:00:00+05:30,4870.723809407168,5070.83110935936,4844.648732257044,5021.64404296875,696944,0.0,0.0,APOLLOHOSP.NS,430
2021-09-24 00:00:00+05:30,5092.659278553116,5134.043643169769,4653.578746485884,4673.57958984375,1949974,0.0,0.0,APOLLOHOSP.NS,431
2021-09-27 00:00:00+05:30,4690.3707886455395,4712.297833768224,4409.174013814727,4509.37548828125,1885178,0.0,0.0,APOLLOHOSP.NS,432
2021-09-28 00:00:00+05:30,4523.6472968829385,4572.933226654124,4322.157329947541,4356.77587890625,1051440,0.0,0.0,APOLLOHOSP.NS,433
2021-09-29 00:00:00+05:30,4365.615330408613,4451.643728962507,4345.861414886402,4369.072265625,571896,0.0,0.0,APOLLOHOSP.NS,434
2021-09-30 00:00:00+05:30,4390.307757402583,4445.272931296499,4329.71252463371,4426.45751953125,808446,0.0,0.0,APOLLOHOSP.NS,435
2021-10-01 00:00:00+05:30,4426.458293133902,4464.385721391929,4380.431565126815,4404.53125,534563,0.0,0.0,APOLLOHOSP.NS,436
2021-10-04 00:00:00+05:30,4405.024573866245,4508.831502951856,4386.209161051332,4492.28759765625,535335,0.0,0.0,APOLLOHOSP.NS,437
2021-10-05 00:00:00+05:30,4514.758498816171,4520.536616976849,4414.062696859689,4427.24853515625,425555,0.0,0.0,APOLLOHOSP.NS,438
2021-10-06 00:00:00+05:30,4439.692184043141,4453.519923882209,4302.402481355267,4324.87255859375,480575,0.0,0.0,APOLLOHOSP.NS,439
2021-10-07 00:00:00+05:30,4355.738348587598,4413.024703285575,4327.0951712386095,4373.81298828125,276775,0.0,0.0,APOLLOHOSP.NS,440
2021-10-08 00:00:00+05:30,4404.135436847955,4404.135436847955,4311.884748417758,4325.36669921875,269607,0.0,0.0,APOLLOHOSP.NS,441
2021-10-11 00:00:00+05:30,4346.948478226447,4368.529729879077,4306.354080690036,4323.29296875,331320,0.0,0.0,APOLLOHOSP.NS,442
2021-10-12 00:00:00+05:30,4295.489722674012,4352.825280144325,4240.474864886986,4297.76123046875,612692,0.0,0.0,APOLLOHOSP.NS,443
2021-10-13 00:00:00+05:30,4331.046880019453,4354.751583581703,4286.600560840234,4323.63916015625,302343,0.0,0.0,APOLLOHOSP.NS,444
2021-10-14 00:00:00+05:30,4349.763288213647,4375.245647980617,4259.29025279966,4275.142578125,436160,0.0,0.0,APOLLOHOSP.NS,445
2021-10-18 00:00:00+05:30,4394.259494135472,4394.259494135472,4268.476312363151,4277.11865234375,345049,0.0,0.0,APOLLOHOSP.NS,446
2021-10-19 00:00:00+05:30,4298.4526951654925,4333.663958679252,4174.6449136604915,4248.12939453125,285362,0.0,0.0,APOLLOHOSP.NS,447
2021-10-20 00:00:00+05:30,4248.129313814422,4264.229046560796,4084.1226003656857,4095.72802734375,510321,0.0,0.0,APOLLOHOSP.NS,448
2021-10-21 00:00:00+05:30,4135.482608409157,4182.7931441357105,4025.1075949174633,4083.974365234375,698306,0.0,0.0,APOLLOHOSP.NS,449
2021-10-22 00:00:00+05:30,4104.370478952961,4137.902949027636,3953.1049421862144,3978.834228515625,347114,0.0,0.0,APOLLOHOSP.NS,450
2021-10-25 00:00:00+05:30,3995.625272101502,4198.596798585483,3906.3376508230895,4112.76611328125,1151030,0.0,0.0,APOLLOHOSP.NS,451
2021-10-26 00:00:00+05:30,4112.766303898905,4255.48838144775,4084.6661586970336,4215.4375,790450,0.0,0.0,APOLLOHOSP.NS,452
2021-10-27 00:00:00+05:30,4226.153468352407,4271.8840826946,4163.286714162215,4223.93115234375,623848,0.0,0.0,APOLLOHOSP.NS,453
2021-10-28 00:00:00+05:30,4225.164957480603,4260.9197388335615,4173.014811444552,4236.72119140625,537955,0.0,0.0,APOLLOHOSP.NS,454
2021-10-29 00:00:00+05:30,4236.721822021616,4295.489731663833,4109.852083002288,4209.609375,705546,0.0,0.0,APOLLOHOSP.NS,455
2021-11-01 00:00:00+05:30,4228.523930441809,4296.477216263235,4205.609192379047,4283.2421875,239375,0.0,0.0,APOLLOHOSP.NS,456
2021-11-02 00:00:00+05:30,4286.600362065011,4340.923638542794,4218.004686403249,4237.11669921875,389193,0.0,0.0,APOLLOHOSP.NS,457
2021-11-03 00:00:00+05:30,4263.883381683656,4395.197750084065,4247.141742557119,4383.9873046875,667752,0.0,0.0,APOLLOHOSP.NS,458
2021-11-04 00:00:00+05:30,4393.270929962652,4422.901804040637,4365.467389574143,4383.93701171875,69818,0.0,0.0,APOLLOHOSP.NS,459
2021-11-08 00:00:00+05:30,4383.9868830069345,4419.938915383538,4324.132418223269,4351.14599609375,285968,0.0,0.0,APOLLOHOSP.NS,460
2021-11-09 00:00:00+05:30,4399.197837770062,4499.49817032669,4365.616174886321,4477.126953125,547476,0.0,0.0,APOLLOHOSP.NS,461
2021-11-10 00:00:00+05:30,4466.458922940946,4527.597191705874,4424.876836571186,4496.83056640625,359967,0.0,0.0,APOLLOHOSP.NS,462
2021-11-11 00:00:00+05:30,4489.176831003729,4669.925184708262,4471.348630249706,4511.05419921875,1110123,0.0,0.0,APOLLOHOSP.NS,463
2021-11-12 00:00:00+05:30,4556.142215335098,4630.318272165115,4514.9059124633195,4612.0458984375,423439,0.0,0.0,APOLLOHOSP.NS,464
2021-11-15 00:00:00+05:30,4741.730206082132,5084.213753792992,4741.730206082132,5018.43359375,3044498,0.0,0.0,APOLLOHOSP.NS,465
2021-11-16 00:00:00+05:30,5017.4958971002025,5140.957902442235,4977.988055390752,5034.138671875,1118231,0.0,0.0,APOLLOHOSP.NS,466
2021-11-17 00:00:00+05:30,5017.495451383064,5772.4901429278325,5012.705029546647,5663.3994140625,6482125,0.0,0.0,APOLLOHOSP.NS,467
2021-11-18 00:00:00+05:30,5663.399097841297,5771.89710662086,5477.909518485858,5519.83740234375,2165157,0.0,0.0,APOLLOHOSP.NS,468
2021-11-22 00:00:00+05:30,5528.133891412809,5570.604814645032,5247.628258902315,5352.81787109375,1204625,0.0,0.0,APOLLOHOSP.NS,469
2021-11-23 00:00:00+05:30,5308.371391996136,5471.835056592909,5284.172843460661,5387.14013671875,763056,0.0,0.0,APOLLOHOSP.NS,470
2021-11-24 00:00:00+05:30,5398.745765174471,5414.005859670351,5239.825592032264,5330.79248046875,697909,0.0,0.0,APOLLOHOSP.NS,471
2021-11-25 00:00:00+05:30,5333.557210457572,5679.2507333576,5259.529218858649,5630.90283203125,1575738,0.0,0.0,APOLLOHOSP.NS,472
2021-11-26 00:00:00+05:30,5638.756225959279,5862.37049446469,5558.2098134689295,5617.61962890625,2613669,0.0,0.0,APOLLOHOSP.NS,473
2021-11-29 00:00:00+05:30,5699.004412647316,5785.921637658228,5481.711350120035,5657.02734375,1189390,0.0,0.0,APOLLOHOSP.NS,474
2021-11-30 00:00:00+05:30,5684.189635980973,5758.217633098274,5560.332672426609,5617.76708984375,1352746,0.0,0.0,APOLLOHOSP.NS,475
2021-12-01 00:00:00+05:30,5648.337486562128,5694.067619897544,5463.63832872677,5502.45458984375,835169,0.0,0.0,APOLLOHOSP.NS,476
2021-12-02 00:00:00+05:30,5556.530511716846,5737.52579523853,5510.207667941423,5524.13427734375,1236317,0.0,0.0,APOLLOHOSP.NS,477
2021-12-03 00:00:00+05:30,5524.134450004861,5585.07500289092,5353.312236558087,5365.5595703125,844674,0.0,0.0,APOLLOHOSP.NS,478
2021-12-06 00:00:00+05:30,5399.733776611182,5400.721472564467,5211.133041421973,5234.5908203125,489242,0.0,0.0,APOLLOHOSP.NS,479
2021-12-07 00:00:00+05:30,5234.5904322264505,5368.374032089771,5171.526436103397,5249.2578125,595254,0.0,0.0,APOLLOHOSP.NS,480
2021-12-08 00:00:00+05:30,5247.628211020261,5300.963788546159,5213.058855216439,5267.8759765625,557196,0.0,0.0,APOLLOHOSP.NS,481
2021-12-09 00:00:00+05:30,5303.927112767331,5319.730247553975,5146.883460825058,5168.4150390625,689987,0.0,0.0,APOLLOHOSP.NS,482
2021-12-10 00:00:00+05:30,5200.218052825195,5262.837866066472,5166.1425499149445,5180.76025390625,416165,0.0,0.0,APOLLOHOSP.NS,483
2021-12-13 00:00:00+05:30,5221.651899319414,5263.431241314855,5111.326078777327,5142.63623046875,480443,0.0,0.0,APOLLOHOSP.NS,484
2021-12-14 00:00:00+05:30,5062.928765086878,5185.403046567716,5002.728512046434,5147.87060546875,1007056,0.0,0.0,APOLLOHOSP.NS,485
2021-12-15 00:00:00+05:30,5165.649068837545,5205.058035068655,5106.436512318875,5128.65966796875,377883,0.0,0.0,APOLLOHOSP.NS,486
2021-12-16 00:00:00+05:30,5165.600410878161,5177.501953669245,5079.720058702962,5140.265625,265216,0.0,0.0,APOLLOHOSP.NS,487
2021-12-17 00:00:00+05:30,5136.017664504575,5136.017664504575,4671.800683289738,4727.80322265625,1133941,0.0,0.0,APOLLOHOSP.NS,488
2021-12-20 00:00:00+05:30,4721.186443633067,4764.6450636163,4586.020162071445,4647.06005859375,994682,0.0,0.0,APOLLOHOSP.NS,489
2021-12-21 00:00:00+05:30,4701.432335285915,4810.078880849244,4637.281295700763,4787.95458984375,1004676,0.0,0.0,APOLLOHOSP.NS,490
2021-12-22 00:00:00+05:30,4839.907195743394,4839.956387624502,4691.555092335368,4716.79052734375,779992,0.0,0.0,APOLLOHOSP.NS,491
2021-12-23 00:00:00+05:30,4743.902631856615,4838.721422749439,4727.65484404951,4817.53515625,582129,0.0,0.0,APOLLOHOSP.NS,492
2021-12-24 00:00:00+05:30,4819.955585312338,4845.586484664066,4764.397695625081,4782.9169921875,348742,0.0,0.0,APOLLOHOSP.NS,493
2021-12-27 00:00:00+05:30,4794.621410226423,4800.201795282727,4696.493731804397,4780.4970703125,315490,0.0,0.0,APOLLOHOSP.NS,494
2021-12-28 00:00:00+05:30,4795.066849125609,4833.784729282218,4751.015988739661,4784.59765625,348173,0.0,0.0,APOLLOHOSP.NS,495
2021-12-29 00:00:00+05:30,4805.1402358910755,4929.886026906304,4773.533969180178,4915.3671875,861183,0.0,0.0,APOLLOHOSP.NS,496
2021-12-30 00:00:00+05:30,4938.430759575935,4948.01112131772,4879.218192048484,4909.58984375,617460,0.0,0.0,APOLLOHOSP.NS,497
2021-12-31 00:00:00+05:30,4918.726380073404,4994.5812445916545,4892.058586446499,4951.71533203125,504012,0.0,0.0,APOLLOHOSP.NS,498
2022-01-03 00:00:00+05:30,4976.456893795347,5005.64311645251,4917.590118228475,4929.0966796875,310798,0.0,0.0,APOLLOHOSP.NS,499
2022-01-04 00:00:00+05:30,4953.294913371536,4967.02378985721,4860.550365286714,4903.51513671875,369814,0.0,0.0,APOLLOHOSP.NS,500
2022-01-05 00:00:00+05:30,4900.9465277908685,5075.422893273779,4861.43869604729,4912.05810546875,966342,0.0,0.0,APOLLOHOSP.NS,501
2022-01-06 00:00:00+05:30,4908.848706929365,4976.012029277695,4844.648472331697,4903.3671875,585391,0.0,0.0,APOLLOHOSP.NS,502
2022-01-07 00:00:00+05:30,4898.970979262595,4996.8517257263165,4896.995587738699,4960.06005859375,549876,0.0,0.0,APOLLOHOSP.NS,503
2022-01-10 00:00:00+05:30,4960.060367249894,5022.433262043612,4901.934371587502,5002.92626953125,542304,0.0,0.0,APOLLOHOSP.NS,504
2022-01-11 00:00:00+05:30,4987.86427941728,5078.23845398494,4958.529518369571,4996.802734375,742409,0.0,0.0,APOLLOHOSP.NS,505
2022-01-12 00:00:00+05:30,5012.556615512882,5036.261316748804,4944.059809445236,4952.7021484375,360219,0.0,0.0,APOLLOHOSP.NS,506
2022-01-13 00:00:00+05:30,4963.072749088314,4988.851707066334,4892.205572295201,4922.0341796875,457570,0.0,0.0,APOLLOHOSP.NS,507
2022-01-14 00:00:00+05:30,4936.404786024259,4953.294480808304,4869.340337065791,4912.84814453125,207639,0.0,0.0,APOLLOHOSP.NS,508
2022-01-17 00:00:00+05:30,4912.798511700259,4923.3670488144835,4839.709028414007,4851.314453125,337077,0.0,0.0,APOLLOHOSP.NS,509
2022-01-18 00:00:00+05:30,4839.709703360507,4849.487795898337,4449.56983951818,4559.00634765625,3507266,0.0,0.0,APOLLOHOSP.NS,510
2022-01-19 00:00:00+05:30,4558.216334658426,4558.216334658426,4345.861727518325,4460.38525390625,2404880,0.0,0.0,APOLLOHOSP.NS,511
2022-01-20 00:00:00+05:30,4469.324121818019,4666.863309522683,4434.754763969703,4587.64990234375,2747887,0.0,0.0,APOLLOHOSP.NS,512
2022-01-21 00:00:00+05:30,4592.736710470525,4675.505433392875,4488.929775663677,4633.92333984375,1008450,0.0,0.0,APOLLOHOSP.NS,513
2022-01-24 00:00:00+05:30,4632.294262474014,4652.83814646431,4407.3464973826585,4442.8046875,737762,0.0,0.0,APOLLOHOSP.NS,514
2022-01-25 00:00:00+05:30,4360.677303564214,4479.200808983852,4197.806349654736,4430.8037109375,917284,0.0,0.0,APOLLOHOSP.NS,515
2022-01-27 00:00:00+05:30,4372.529515405673,4372.529515405673,4098.937765740579,4239.4375,1244330,0.0,0.0,APOLLOHOSP.NS,516
2022-01-28 00:00:00+05:30,4292.527013391483,4508.83244733827,4281.909280903227,4423.49560546875,932049,0.0,0.0,APOLLOHOSP.NS,517
2022-01-31 00:00:00+05:30,4527.597934985589,4527.597934985589,4304.427856951892,4402.50634765625,934551,0.0,0.0,APOLLOHOSP.NS,518
2022-02-01 00:00:00+05:30,4423.691828953126,4476.484363241529,4389.320207456639,4456.53271484375,548762,0.0,0.0,APOLLOHOSP.NS,519
2022-02-02 00:00:00+05:30,4474.262493640509,4625.379968591281,4465.027440383283,4608.88525390625,676206,0.0,0.0,APOLLOHOSP.NS,520
2022-02-03 00:00:00+05:30,4610.515254027598,4646.862270117729,4546.166480537243,4585.67431640625,777217,0.0,0.0,APOLLOHOSP.NS,521
2022-02-04 00:00:00+05:30,4582.908220642426,4735.01336417237,4545.128858694243,4630.21875,829635,0.0,0.0,APOLLOHOSP.NS,522
2022-02-07 00:00:00+05:30,4629.725354781195,4666.418158551257,4395.2956521800825,4420.0869140625,597040,0.0,0.0,APOLLOHOSP.NS,523
2022-02-08 00:00:00+05:30,4442.162363421092,4473.9663646911295,4326.108093781963,4345.3681640625,628869,0.0,0.0,APOLLOHOSP.NS,524
2022-02-09 00:00:00+05:30,4459.150483813914,4530.5606982477875,4375.541647350659,4520.9306640625,842211,0.0,0.0,APOLLOHOSP.NS,525
2022-02-10 00:00:00+05:30,4519.746045985264,4566.11856566469,4472.386312588427,4534.16650390625,487802,0.0,0.0,APOLLOHOSP.NS,526
2022-02-11 00:00:00+05:30,4553.278620107143,4556.6863642615035,4421.372010475238,4459.3486328125,572726,0.0,0.0,APOLLOHOSP.NS,527
2022-02-14 00:00:00+05:30,4423.988619083808,4620.441229010089,4348.5779437845595,4431.1494140625,1094132,0.0,0.0,APOLLOHOSP.NS,528
2022-02-15 00:00:00+05:30,4474.262458559073,4617.478365069242,4446.5081071186305,4606.02099609375,791080,0.0,0.0,APOLLOHOSP.NS,529
2022-02-16 00:00:00+05:30,4637.231969813635,4665.875149179897,4499.003744066077,4528.3876953125,584166,0.0,0.0,APOLLOHOSP.NS,530
2022-02-17 00:00:00+05:30,4527.5979823941925,4610.070589621486,4494.016321966312,4508.53564453125,520450,0.0,0.0,APOLLOHOSP.NS,531
2022-02-18 00:00:00+05:30,4448.583157361853,4536.290376613593,4407.642961816439,4416.5322265625,388145,0.0,0.0,APOLLOHOSP.NS,532
2022-02-21 00:00:00+05:30,4415.987999707471,4469.274381966893,4336.626544322698,4372.18359375,392246,0.0,0.0,APOLLOHOSP.NS,533
2022-02-22 00:00:00+05:30,4273.76059754048,4548.883125787773,4247.0928055059085,4519.74609375,833525,0.0,0.0,APOLLOHOSP.NS,534
2022-02-23 00:00:00+05:30,4538.462469440061,4676.739889618866,4534.017838077171,4554.06787109375,755051,0.0,0.0,APOLLOHOSP.NS,535
2022-02-24 00:00:00+05:30,4370.554294661806,4479.200842099727,4297.513990997597,4328.0341796875,814710,0.0,0.0,APOLLOHOSP.NS,536
2022-02-25 00:00:00+05:30,4513.769959573439,4689.184836076304,4410.802668920151,4576.439453125,1187316,0.0,0.0,APOLLOHOSP.NS,537
2022-02-28 00:00:00+05:30,4558.2164735657325,4766.620303668087,4514.955587050992,4743.70556640625,1617666,0.0,0.0,APOLLOHOSP.NS,538
2022-03-02 00:00:00+05:30,4767.60794006332,4843.611329779768,4721.383966493497,4801.4365234375,1194676,0.0,0.0,APOLLOHOSP.NS,539
2022-03-03 00:00:00+05:30,4819.955816591793,4907.86074849275,4815.066529155369,4857.29052734375,930907,0.0,0.0,APOLLOHOSP.NS,540
2022-03-04 00:00:00+05:30,4819.955986031387,4829.240231025212,4673.974725101512,4688.83935546875,738388,0.0,0.0,APOLLOHOSP.NS,541
2022-03-07 00:00:00+05:30,4563.154579350164,4674.566472274313,4527.449472765111,4606.958984375,643012,0.0,0.0,APOLLOHOSP.NS,542
2022-03-08 00:00:00+05:30,4602.663384608767,4681.679065031235,4538.858126212936,4664.1474609375,670238,0.0,0.0,APOLLOHOSP.NS,543
2022-03-09 00:00:00+05:30,4720.198843162321,4755.657030547258,4636.244689224511,4652.986328125,447387,0.0,0.0,APOLLOHOSP.NS,544
2022-03-10 00:00:00+05:30,4746.47186082503,4759.706890398846,4686.61738845041,4711.013671875,363906,0.0,0.0,APOLLOHOSP.NS,545
2022-03-11 00:00:00+05:30,4689.579885802485,4803.1649083103375,4676.986763741831,4794.37451171875,436703,0.0,0.0,APOLLOHOSP.NS,546
2022-03-14 00:00:00+05:30,4829.833084870392,4954.825811570509,4804.202182645615,4862.9208984375,626924,0.0,0.0,APOLLOHOSP.NS,547
2022-03-15 00:00:00+05:30,4889.045289132082,4937.491577898252,4642.170517327823,4753.73095703125,686998,0.0,0.0,APOLLOHOSP.NS,548
2022-03-16 00:00:00+05:30,4833.388766875569,4896.156648595371,4772.744334892319,4882.82275390625,477521,0.0,0.0,APOLLOHOSP.NS,549
2022-03-17 00:00:00+05:30,4886.130945615542,4936.50342959096,4765.533196349142,4780.3486328125,852493,0.0,0.0,APOLLOHOSP.NS,550
2022-03-21 00:00:00+05:30,4815.017383382316,4854.426352280862,4696.543070444924,4708.7412109375,509842,0.0,0.0,APOLLOHOSP.NS,551
2022-03-22 00:00:00+05:30,4738.965376145975,4768.596255946804,4416.828424365979,4620.046875,1255679,0.0,0.0,APOLLOHOSP.NS,552
2022-03-23 00:00:00+05:30,4639.701540191282,4658.023106424138,4539.0554233526145,4551.50048828125,896055,0.0,0.0,APOLLOHOSP.NS,553
2022-03-24 00:00:00+05:30,4543.351892797636,4627.355235160513,4502.510571375214,4571.599609375,719101,0.0,0.0,APOLLOHOSP.NS,554
2022-03-25 00:00:00+05:30,4612.540344820468,4705.383769320066,4565.525918512792,4625.578125,968364,0.0,0.0,APOLLOHOSP.NS,555
2022-03-28 00:00:00+05:30,4654.812608557372,4661.924211280528,4543.449906264601,4601.27978515625,524802,0.0,0.0,APOLLOHOSP.NS,556
2022-03-29 00:00:00+05:30,4628.243600015632,4639.700967619717,4542.462124308646,4556.9814453125,778391,0.0,0.0,APOLLOHOSP.NS,557
2022-03-30 00:00:00+05:30,4619.45342864489,4635.948142028547,4523.3011424791675,4558.0185546875,4839707,0.0,0.0,APOLLOHOSP.NS,558
2022-03-31 00:00:00+05:30,4568.093681860678,4577.674525302807,4445.47132845525,4460.53369140625,1225845,0.0,0.0,APOLLOHOSP.NS,559
2022-04-01 00:00:00+05:30,4501.918630623986,4501.918630623986,4400.284802749761,4451.447265625,827880,0.0,0.0,APOLLOHOSP.NS,560
2022-04-04 00:00:00+05:30,4500.929851883909,4526.906059041399,4443.6434943220775,4508.7822265625,619577,0.0,0.0,APOLLOHOSP.NS,561
2022-04-05 00:00:00+05:30,4548.339925769027,4548.339925769027,4486.26313781932,4498.21435546875,487075,0.0,0.0,APOLLOHOSP.NS,562
2022-04-06 00:00:00+05:30,4510.807507177439,4552.29073802952,4442.804543004522,4456.2373046875,653418,0.0,0.0,APOLLOHOSP.NS,563
2022-04-07 00:00:00+05:30,4475.249801845965,4527.301564951131,4434.754272851111,4480.68212890625,413722,0.0,0.0,APOLLOHOSP.NS,564
2022-04-08 00:00:00+05:30,4517.720772850072,4571.550196138294,4458.459022441019,4549.47509765625,685882,0.0,0.0,APOLLOHOSP.NS,565
2022-04-11 00:00:00+05:30,4550.313837866722,4628.983699559689,4519.201425039979,4604.78515625,652187,0.0,0.0,APOLLOHOSP.NS,566
2022-04-12 00:00:00+05:30,4611.552742884126,4624.392791215138,4538.0185808790675,4569.3779296875,574409,0.0,0.0,APOLLOHOSP.NS,567
2022-04-13 00:00:00+05:30,4572.0440526009315,4705.382991270433,4572.0440526009315,4686.07373046875,812061,0.0,0.0,APOLLOHOSP.NS,568
2022-04-18 00:00:00+05:30,4666.3687325357305,4686.073456340203,4462.40955309481,4498.46044921875,579482,0.0,0.0,APOLLOHOSP.NS,569
2022-04-19 00:00:00+05:30,4537.474604783004,4810.078651565787,4527.00493261856,4757.0888671875,1713344,0.0,0.0,APOLLOHOSP.NS,570
2022-04-20 00:00:00+05:30,4746.866589878083,4790.3252103430505,4673.1843778168895,4722.125,777140,0.0,0.0,APOLLOHOSP.NS,571
2022-04-21 00:00:00+05:30,4780.447876420091,4843.314620323712,4711.408033502498,4825.14111328125,771623,0.0,0.0,APOLLOHOSP.NS,572
2022-04-22 00:00:00+05:30,4790.276637968033,4800.202790334959,4729.088674922589,4754.47265625,381911,0.0,0.0,APOLLOHOSP.NS,573
2022-04-25 00:00:00+05:30,4706.963592327407,4706.963592327407,4551.648414862662,4618.51513671875,421185,0.0,0.0,APOLLOHOSP.NS,574
2022-04-26 00:00:00+05:30,4674.764440519558,4682.666007289927,4544.38858880847,4567.15478515625,548203,0.0,0.0,APOLLOHOSP.NS,575
2022-04-27 00:00:00+05:30,4563.15500957465,4601.625957380742,4444.631502832451,4467.29931640625,476441,0.0,0.0,APOLLOHOSP.NS,576
2022-04-28 00:00:00+05:30,4523.647400655747,4546.364407252927,4449.61939711775,4482.01611328125,552600,0.0,0.0,APOLLOHOSP.NS,577
2022-04-29 00:00:00+05:30,4489.077996524859,4539.450488895105,4376.480660638427,4399.54345703125,465103,0.0,0.0,APOLLOHOSP.NS,578
2022-05-02 00:00:00+05:30,4385.369050903072,4385.369050903072,4237.214691075266,4251.783203125,568610,0.0,0.0,APOLLOHOSP.NS,579
2022-05-04 00:00:00+05:30,4249.561783765004,4272.130732458857,3946.8824110429473,3963.920166015625,1729814,0.0,0.0,APOLLOHOSP.NS,580
2022-05-05 00:00:00+05:30,3992.2668632353816,4004.2672720722194,3881.6449214535005,3900.510009765625,1122769,0.0,0.0,APOLLOHOSP.NS,581
2022-05-06 00:00:00+05:30,3850.680085091649,3850.680085091649,3744.404163049428,3780.257568359375,891448,0.0,0.0,APOLLOHOSP.NS,582
2022-05-09 00:00:00+05:30,3758.1831416020127,3761.0967964673714,3693.6371139242824,3720.0087890625,521295,0.0,0.0,APOLLOHOSP.NS,583
2022-05-10 00:00:00+05:30,3723.613513772302,3736.1572033765046,3616.7448664584836,3641.535888671875,836241,0.0,0.0,APOLLOHOSP.NS,584
2022-05-11 00:00:00+05:30,3664.252799972213,3688.9451966434635,3575.113247988999,3634.375,524764,0.0,0.0,APOLLOHOSP.NS,585
2022-05-12 00:00:00+05:30,3605.089842874852,3605.089842874852,3497.875410416265,3536.790771484375,717916,0.0,0.0,APOLLOHOSP.NS,586
2022-05-13 00:00:00+05:30,3557.581415037138,3667.215649129031,3486.5661832827327,3504.147216796875,957908,0.0,0.0,APOLLOHOSP.NS,587
2022-05-16 00:00:00+05:30,3536.9388585920015,3662.2773662019263,3509.3328076577504,3641.3876953125,600622,0.0,0.0,APOLLOHOSP.NS,588
2022-05-17 00:00:00+05:30,3666.3273184348313,3785.7890937971174,3632.795089598362,3766.232666015625,843357,0.0,0.0,APOLLOHOSP.NS,589
2022-05-18 00:00:00+05:30,3774.9739826493474,3794.7279019724733,3679.167473932187,3689.04443359375,427461,0.0,0.0,APOLLOHOSP.NS,590
2022-05-19 00:00:00+05:30,3565.187212944737,3672.105293995283,3565.187212944737,3587.114013671875,572640,0.0,0.0,APOLLOHOSP.NS,591
2022-05-20 00:00:00+05:30,3649.536196376921,3649.536196376921,3541.877347823448,3622.868408203125,692428,0.0,0.0,APOLLOHOSP.NS,592
2022-05-23 00:00:00+05:30,3622.8684005197633,3718.3291085662445,3620.893008807375,3671.216064453125,401917,0.0,0.0,APOLLOHOSP.NS,593
2022-05-24 00:00:00+05:30,3693.982519136837,3693.982519136837,3569.0389927542674,3586.965576171875,471324,0.0,0.0,APOLLOHOSP.NS,594
2022-05-25 00:00:00+05:30,3605.3372729292364,3628.7456195703057,3443.2562651704784,3480.93701171875,370431,0.0,0.0,APOLLOHOSP.NS,595
2022-05-26 00:00:00+05:30,3344.3381612894477,3663.3639220976256,3320.1890458890443,3617.732421875,1730687,0.0,0.0,APOLLOHOSP.NS,596
2022-05-27 00:00:00+05:30,3654.4745743510066,3832.2598239140284,3529.0372038259857,3814.234375,1733752,0.0,0.0,APOLLOHOSP.NS,597
2022-05-30 00:00:00+05:30,3842.1370295143593,3867.3727078455777,3773.4427318261664,3844.06298828125,666686,0.0,0.0,APOLLOHOSP.NS,598
2022-05-31 00:00:00+05:30,3807.5677291903603,3950.586145040725,3791.814027669169,3930.33837890625,1361696,0.0,0.0,APOLLOHOSP.NS,599
2022-06-01 00:00:00+05:30,3891.077521723551,3940.6598088313403,3743.4169812334735,3791.7646484375,794887,0.0,0.0,APOLLOHOSP.NS,600
2022-06-02 00:00:00+05:30,3797.690691224882,3797.690691224882,3579.1629758975723,3600.3984375,1891062,0.0,0.0,APOLLOHOSP.NS,601
2022-06-03 00:00:00+05:30,3643.610146584375,3648.4991930237734,3502.715424006723,3544.64306640625,1305662,0.0,0.0,APOLLOHOSP.NS,602
2022-06-06 00:00:00+05:30,3536.049883378361,3604.990858349046,3498.5174424121587,3588.990234375,561188,0.0,0.0,APOLLOHOSP.NS,603
2022-06-07 00:00:00+05:30,3588.990306915997,3588.990306915997,3481.627817893675,3564.890625,490554,0.0,0.0,APOLLOHOSP.NS,604
2022-06-08 00:00:00+05:30,3555.704690686608,3600.1509993201903,3513.2337735478513,3591.459228515625,342056,0.0,0.0,APOLLOHOSP.NS,605
2022-06-09 00:00:00+05:30,3580.200072002452,3635.36274218687,3517.1850266671768,3624.893310546875,483671,0.0,0.0,APOLLOHOSP.NS,606
2022-06-10 00:00:00+05:30,3575.9530764423725,3669.29034083232,3551.260678455614,3654.96875,624657,0.0,0.0,APOLLOHOSP.NS,607
2022-06-13 00:00:00+05:30,3604.102331085422,3632.794945143956,3547.803664910615,3606.966552734375,523342,0.0,0.0,APOLLOHOSP.NS,608
2022-06-14 00:00:00+05:30,3583.558588743078,3711.6135201742454,3578.175693755745,3660.598876953125,655865,0.0,0.0,APOLLOHOSP.NS,609
2022-06-15 00:00:00+05:30,3691.957625266004,3709.8844494846307,3601.0401747606647,3676.895263671875,466405,0.0,0.0,APOLLOHOSP.NS,610
2022-06-16 00:00:00+05:30,3698.9209305951963,3728.5518058736625,3602.1267380188738,3618.57177734375,678602,0.0,0.0,APOLLOHOSP.NS,611
2022-06-17 00:00:00+05:30,3555.7052621580547,3678.1795545212767,3512.345508332528,3655.70947265625,768620,0.0,0.0,APOLLOHOSP.NS,612
2022-06-20 00:00:00+05:30,3654.474712707066,3777.9366962444665,3637.5850169044747,3764.80029296875,673219,0.0,0.0,APOLLOHOSP.NS,613
2022-06-21 00:00:00+05:30,3802.5793163537614,3821.394969172133,3747.3672187591324,3761.343017578125,596024,0.0,0.0,APOLLOHOSP.NS,614
2022-06-22 00:00:00+05:30,3742.429072385448,3760.8989368675643,3667.5616774534788,3741.14501953125,359601,0.0,0.0,APOLLOHOSP.NS,615
2022-06-23 00:00:00+05:30,3715.51423062603,3809.542825645107,3677.3396420209783,3803.122802734375,646244,0.0,0.0,APOLLOHOSP.NS,616
2022-06-24 00:00:00+05:30,3853.989431173446,3873.743349324002,3715.7120041195553,3791.171875,1024811,0.0,0.0,APOLLOHOSP.NS,617
2022-06-27 00:00:00+05:30,3801.6411894605885,3822.382801562088,3728.551699198161,3747.811767578125,708737,0.0,0.0,APOLLOHOSP.NS,618
2022-06-28 00:00:00+05:30,3712.7978932005376,3799.3198993863507,3677.0925458487727,3790.134521484375,463753,0.0,0.0,APOLLOHOSP.NS,619
2022-06-29 00:00:00+05:30,3720.8477641990203,3770.973328671477,3649.536171935493,3667.314697265625,567477,0.0,0.0,APOLLOHOSP.NS,620
2022-06-30 00:00:00+05:30,3668.3022122249135,3719.16854607779,3611.410837519261,3638.177490234375,534241,0.0,0.0,APOLLOHOSP.NS,621
2022-07-01 00:00:00+05:30,3634.7211439123794,3698.9213815086578,3590.4723165417563,3690.18017578125,316894,0.0,0.0,APOLLOHOSP.NS,622
2022-07-04 00:00:00+05:30,3686.081092166791,3736.2560920238384,3654.524256445917,3723.71240234375,300790,0.0,0.0,APOLLOHOSP.NS,623
2022-07-05 00:00:00+05:30,3714.724224309561,3827.0746312532497,3714.724224309561,3770.43017578125,468762,0.0,0.0,APOLLOHOSP.NS,624
2022-07-06 00:00:00+05:30,3762.232562254245,3841.692649458786,3736.9474506714605,3835.717041015625,390568,0.0,0.0,APOLLOHOSP.NS,625
2022-07-07 00:00:00+05:30,3846.13706810853,3881.644685644276,3820.654466983071,3867.076171875,398354,0.0,0.0,APOLLOHOSP.NS,626
2022-07-08 00:00:00+05:30,3869.7924105921734,3897.447894894517,3861.8908436486468,3887.718994140625,268377,0.0,0.0,APOLLOHOSP.NS,627
2022-07-11 00:00:00+05:30,3886.5832040808928,3919.3252253429364,3847.124802752186,3884.854736328125,199806,0.0,0.0,APOLLOHOSP.NS,628
2022-07-12 00:00:00+05:30,3852.014112032821,4048.269485470623,3852.014112032821,3881.3486328125,1125104,0.0,0.0,APOLLOHOSP.NS,629
2022-07-13 00:00:00+05:30,3902.5345622675572,3910.238638521682,3813.691364211646,3820.7041015625,385514,0.0,0.0,APOLLOHOSP.NS,630
2022-07-14 00:00:00+05:30,3878.68163750994,3930.3381791525485,3832.309365166589,3850.087890625,656393,0.0,0.0,APOLLOHOSP.NS,631
2022-07-15 00:00:00+05:30,3850.08834562822,3895.4729274763176,3827.3219051649926,3883.32421875,318645,0.0,0.0,APOLLOHOSP.NS,632
2022-07-18 00:00:00+05:30,3891.620309103367,3921.9425218664437,3842.284711097257,3898.5341796875,291155,0.0,0.0,APOLLOHOSP.NS,633
2022-07-19 00:00:00+05:30,3895.8679476553225,3983.328475374082,3875.1263319656587,3970.7353515625,412946,0.0,0.0,APOLLOHOSP.NS,634
2022-07-20 00:00:00+05:30,4039.676160328029,4090.740230374046,3980.4638403862555,4059.677001953125,753440,0.0,0.0,APOLLOHOSP.NS,635
2022-07-21 00:00:00+05:30,4061.405667430102,4118.543973481288,4045.948322567837,4098.9873046875,542974,0.0,0.0,APOLLOHOSP.NS,636
2022-07-22 00:00:00+05:30,4099.135762045313,4118.296966260779,4039.6268422809735,4074.541748046875,378496,0.0,0.0,APOLLOHOSP.NS,637
2022-07-25 00:00:00+05:30,4093.012020279889,4200.572012871654,4087.135036463027,4138.34716796875,1127478,0.0,0.0,APOLLOHOSP.NS,638
2022-07-26 00:00:00+05:30,4133.507390982561,4137.408982743624,4037.700887535654,4059.6279296875,363638,0.0,0.0,APOLLOHOSP.NS,639
2022-07-27 00:00:00+05:30,4061.405374620572,4086.0485792266077,3972.5127472577674,4074.838134765625,440198,0.0,0.0,APOLLOHOSP.NS,640
2022-07-28 00:00:00+05:30,4097.95055885802,4154.249228864023,4084.122815347773,4138.93994140625,364711,0.0,0.0,APOLLOHOSP.NS,641
2022-07-29 00:00:00+05:30,4154.248900228242,4200.472874824995,4135.482678377472,4160.47119140625,333278,0.0,0.0,APOLLOHOSP.NS,642
2022-08-01 00:00:00+05:30,4187.831080949516,4240.919741468629,4138.446280466621,4235.33935546875,311325,0.0,0.0,APOLLOHOSP.NS,643
2022-08-02 00:00:00+05:30,4257.956281675947,4294.747947528981,4218.3992606949605,4272.6728515625,440869,0.0,0.0,APOLLOHOSP.NS,644
2022-08-03 00:00:00+05:30,4272.7237955235005,4332.77552069892,4227.437836499928,4257.01904296875,367949,0.0,0.0,APOLLOHOSP.NS,645
2022-08-04 00:00:00+05:30,4269.760119493879,4354.751157499202,4256.969264872207,4341.71337890625,358472,0.0,0.0,APOLLOHOSP.NS,646
2022-08-05 00:00:00+05:30,4341.713473528952,4367.591299192457,4281.661755314179,4320.28076171875,207510,0.0,0.0,APOLLOHOSP.NS,647
2022-08-08 00:00:00+05:30,4334.947578572379,4419.493951366313,4326.156700327873,4372.875,445755,0.0,0.0,APOLLOHOSP.NS,648
2022-08-10 00:00:00+05:30,4384.28311050301,4569.031912755687,4342.997615955821,4461.5703125,867000,0.0,0.0,APOLLOHOSP.NS,649
2022-08-11 00:00:00+05:30,4483.7448283268595,4496.486010187697,4363.640899068478,4375.1474609375,446510,0.0,0.0,APOLLOHOSP.NS,650
2022-08-12 00:00:00+05:30,4296.527396512497,4340.726798732387,4223.487556398147,4259.6865234375,1412625,0.0,0.0,APOLLOHOSP.NS,651
2022-08-16 00:00:00+05:30,4296.476991314467,4327.6386027904,4155.137617283448,4295.88427734375,596342,0.0,0.0,APOLLOHOSP.NS,652
2022-08-17 00:00:00+05:30,4295.489823859265,4316.280631361998,4233.116919077641,4252.77197265625,502434,0.0,0.0,APOLLOHOSP.NS,653
2022-08-18 00:00:00+05:30,4273.569950969884,4296.943454604579,4209.194042090848,4225.68408203125,580509,11.75,0.0,APOLLOHOSP.NS,654
2022-08-19 00:00:00+05:30,4249.801227613432,4268.074278811002,4080.443033737437,4095.645751953125,719126,0.0,0.0,APOLLOHOSP.NS,655
2022-08-22 00:00:00+05:30,4093.3173096065207,4093.3173096065207,3957.2366421490037,3986.255126953125,723542,0.0,0.0,APOLLOHOSP.NS,656
2022-08-23 00:00:00+05:30,3986.156239517228,4054.1470050832004,3949.561060470629,4031.863037109375,497236,0.0,0.0,APOLLOHOSP.NS,657
2022-08-24 00:00:00+05:30,4039.835315487146,4179.48149824853,4038.7953487455807,4170.3203125,956039,0.0,0.0,APOLLOHOSP.NS,658
2022-08-25 00:00:00+05:30,4174.529551980147,4199.141050683731,4116.7895146034825,4128.77294921875,414795,0.0,0.0,APOLLOHOSP.NS,659
2022-08-26 00:00:00+05:30,4166.606555994603,4195.080513324017,4116.294504828883,4174.77734375,342452,0.0,0.0,APOLLOHOSP.NS,660
2022-08-29 00:00:00+05:30,4060.6338273072743,4230.982368355287,4046.7682483847616,4210.67919921875,914112,0.0,0.0,APOLLOHOSP.NS,661
2022-08-30 00:00:00+05:30,4210.679679123003,4295.853959354587,4192.555578045835,4281.39404296875,848217,0.0,0.0,APOLLOHOSP.NS,662
2022-09-01 00:00:00+05:30,4256.733404698821,4287.3864364039555,4203.251877510887,4236.08349609375,390072,0.0,0.0,APOLLOHOSP.NS,663
2022-09-02 00:00:00+05:30,4268.419506024708,4355.772852158697,4242.8674167002855,4270.9453125,735146,0.0,0.0,APOLLOHOSP.NS,664
2022-09-05 00:00:00+05:30,4240.886626573912,4267.231324942887,4192.357097217975,4241.43115234375,522750,0.0,0.0,APOLLOHOSP.NS,665
2022-09-06 00:00:00+05:30,4257.624883376355,4379.543060313102,4250.543629375566,4373.10546875,1078704,0.0,0.0,APOLLOHOSP.NS,666
2022-09-07 00:00:00+05:30,4337.153273274119,4367.657353416328,4293.377466453466,4334.47900390625,396347,0.0,0.0,APOLLOHOSP.NS,667
2022-09-08 00:00:00+05:30,4357.754401643088,4402.223207795775,4319.128851264888,4372.412109375,562760,0.0,0.0,APOLLOHOSP.NS,668
2022-09-09 00:00:00+05:30,4394.29937386623,4431.934520000294,4372.609741628632,4417.5244140625,476210,0.0,0.0,APOLLOHOSP.NS,669
2022-09-12 00:00:00+05:30,4430.052300764944,4458.575582906112,4404.351267353489,4438.56982421875,331303,0.0,0.0,APOLLOHOSP.NS,670
2022-09-13 00:00:00+05:30,4476.602573478437,4476.602573478437,4423.417964511129,4446.98974609375,309270,0.0,0.0,APOLLOHOSP.NS,671
2022-09-14 00:00:00+05:30,4363.052498693749,4436.985656269902,4363.052498693749,4385.0888671875,362669,0.0,0.0,APOLLOHOSP.NS,672
2022-09-15 00:00:00+05:30,4407.026518315284,4416.336169171732,4286.494805741243,4300.16259765625,427750,0.0,0.0,APOLLOHOSP.NS,673
2022-09-16 00:00:00+05:30,4300.311008373372,4321.406306524882,4216.127121751599,4238.65869140625,458526,0.0,0.0,APOLLOHOSP.NS,674
2022-09-19 00:00:00+05:30,4254.652769375014,4289.415853034627,4186.1174841371485,4266.8349609375,266140,0.0,0.0,APOLLOHOSP.NS,675
2022-09-20 00:00:00+05:30,4275.054883353223,4550.880849996075,4275.054883353223,4515.5732421875,1173769,0.0,0.0,APOLLOHOSP.NS,676
2022-09-21 00:00:00+05:30,4512.255659696118,4623.675493259729,4512.255659696118,4560.5869140625,1177984,0.0,0.0,APOLLOHOSP.NS,677
2022-09-22 00:00:00+05:30,4525.6756681160905,4586.734127856524,4478.780681913419,4564.64794921875,511789,0.0,0.0,APOLLOHOSP.NS,678
2022-09-23 00:00:00+05:30,4565.737512468248,4673.690959075415,4340.768568849081,4376.02685546875,1205497,0.0,0.0,APOLLOHOSP.NS,679
2022-09-26 00:00:00+05:30,4376.027185508812,4378.0079828436565,4150.859951751758,4241.58056640625,843901,0.0,0.0,APOLLOHOSP.NS,680
2022-09-27 00:00:00+05:30,4293.378410212161,4312.295122302192,4164.626577841323,4202.21240234375,651304,0.0,0.0,APOLLOHOSP.NS,681
2022-09-28 00:00:00+05:30,4188.3957838498145,4253.762093079914,4142.936583694771,4227.96240234375,395837,0.0,0.0,APOLLOHOSP.NS,682
2022-09-29 00:00:00+05:30,4256.188146276154,4362.35857330015,4243.808165261718,4349.533203125,631907,0.0,0.0,APOLLOHOSP.NS,683
2022-09-30 00:00:00+05:30,4310.413327906854,4441.8389425678915,4310.413327906854,4341.3134765625,761064,0.0,0.0,APOLLOHOSP.NS,684
2022-10-03 00:00:00+05:30,4342.897784434554,4446.889635601174,4309.174906136316,4323.2880859375,454169,0.0,0.0,APOLLOHOSP.NS,685
2022-10-04 00:00:00+05:30,4387.465136902008,4401.875240923484,4323.287510729442,4362.11083984375,307009,0.0,0.0,APOLLOHOSP.NS,686
2022-10-06 00:00:00+05:30,4383.950239273725,4407.273933732989,4319.425381212133,4348.34521484375,272050,0.0,0.0,APOLLOHOSP.NS,687
2022-10-07 00:00:00+05:30,4337.549864634734,4390.437053879842,4311.749690595838,4351.91064453125,501530,0.0,0.0,APOLLOHOSP.NS,688
2022-10-10 00:00:00+05:30,4332.993439824675,4377.561372348586,4253.761559782167,4298.923828125,207878,0.0,0.0,APOLLOHOSP.NS,689
2022-10-11 00:00:00+05:30,4320.46542367766,4320.46542367766,4222.712888550551,4234.49853515625,258216,0.0,0.0,APOLLOHOSP.NS,690
2022-10-12 00:00:00+05:30,4238.906554282417,4308.234465216942,4204.242598815154,4245.888671875,621343,0.0,0.0,APOLLOHOSP.NS,691
2022-10-13 00:00:00+05:30,4229.100759576127,4276.491424833578,4195.32807378386,4225.08935546875,277038,0.0,0.0,APOLLOHOSP.NS,692
2022-10-14 00:00:00+05:30,4259.7042444898125,4282.483411572646,4223.108823934736,4255.89111328125,254366,0.0,0.0,APOLLOHOSP.NS,693
2022-10-17 00:00:00+05:30,4248.80991995481,4259.258431565494,4180.52174423766,4249.65185546875,254734,0.0,0.0,APOLLOHOSP.NS,694
2022-10-18 00:00:00+05:30,4283.474704883975,4334.975441220153,4217.1179869123625,4324.0810546875,387469,0.0,0.0,APOLLOHOSP.NS,695
2022-10-19 00:00:00+05:30,4337.945341426944,4363.596565334588,4299.4189372821875,4346.611328125,249672,0.0,0.0,APOLLOHOSP.NS,696
2022-10-20 00:00:00+05:30,4341.907066946212,4351.117579650107,4253.959872713525,4280.99755859375,370651,0.0,0.0,APOLLOHOSP.NS,697
2022-10-21 00:00:00+05:30,4302.439891910539,4387.46570666923,4281.196132538595,4346.90869140625,364601,0.0,0.0,APOLLOHOSP.NS,698
2022-10-24 00:00:00+05:30,4367.855474141213,4392.417162469344,4278.521339767208,4367.8056640625,30919,0.0,0.0,APOLLOHOSP.NS,699
2022-10-25 00:00:00+05:30,4395.190108302565,4407.174026430658,4330.022082835245,4361.76416015625,474364,0.0,0.0,APOLLOHOSP.NS,700
2022-10-27 00:00:00+05:30,4402.322475061503,4455.80400794189,4360.577264170718,4389.298828125,421237,0.0,0.0,APOLLOHOSP.NS,701
2022-10-28 00:00:00+05:30,4411.482948859515,4539.987166767024,4372.609803943371,4523.150390625,691801,0.0,0.0,APOLLOHOSP.NS,702
2022-10-31 00:00:00+05:30,4538.104836618986,4580.592833425567,4448.37464028777,4474.125,433481,0.0,0.0,APOLLOHOSP.NS,703
2022-11-01 00:00:00+05:30,4533.054237115695,4602.382136743858,4427.081590541218,4468.03466796875,866656,0.0,0.0,APOLLOHOSP.NS,704
2022-11-02 00:00:00+05:30,4468.678393541244,4489.2784905707,4328.0417951629515,4341.01611328125,643118,0.0,0.0,APOLLOHOSP.NS,705
2022-11-03 00:00:00+05:30,4328.0413078160545,4382.5132235894835,4307.589676157904,4352.80126953125,457168,0.0,0.0,APOLLOHOSP.NS,706
2022-11-04 00:00:00+05:30,4367.65768604208,4367.65768604208,4298.3791127548275,4320.712890625,669679,0.0,0.0,APOLLOHOSP.NS,707
2022-11-07 00:00:00+05:30,4342.353485861522,4377.5619638758235,4294.814351412192,4321.9013671875,356178,0.0,0.0,APOLLOHOSP.NS,708
2022-11-09 00:00:00+05:30,4305.262319606777,4392.417388418693,4302.291124079098,4319.326171875,378028,0.0,0.0,APOLLOHOSP.NS,709
2022-11-10 00:00:00+05:30,4332.4990078734345,4335.420877404681,4209.194372719648,4244.30419921875,527721,0.0,0.0,APOLLOHOSP.NS,710
2022-11-11 00:00:00+05:30,4343.888713087217,4496.410113409933,4288.4757121950615,4378.94873046875,1685313,0.0,0.0,APOLLOHOSP.NS,711
2022-11-14 00:00:00+05:30,4387.46553034776,4524.1405288100605,4382.711810794982,4512.94921875,886587,0.0,0.0,APOLLOHOSP.NS,712
2022-11-15 00:00:00+05:30,4516.218028190607,4584.555537827701,4483.534871407648,4567.66943359375,492794,0.0,0.0,APOLLOHOSP.NS,713
2022-11-16 00:00:00+05:30,4560.78529262101,4565.737285338296,4418.167902363154,4436.24267578125,499585,0.0,0.0,APOLLOHOSP.NS,714
2022-11-17 00:00:00+05:30,4446.8897294151875,4472.590766611507,4328.735369462831,4358.05078125,430622,0.0,0.0,APOLLOHOSP.NS,715
2022-11-18 00:00:00+05:30,4387.46551263511,4406.283084811197,4278.521673720919,4356.91162109375,385705,0.0,0.0,APOLLOHOSP.NS,716
2022-11-21 00:00:00+05:30,4361.666009474143,4397.369684761164,4299.320225573922,4376.4228515625,336664,0.0,0.0,APOLLOHOSP.NS,717
2022-11-22 00:00:00+05:30,4378.503200827331,4436.986048950476,4337.946181786403,4426.8837890625,310657,0.0,0.0,APOLLOHOSP.NS,718
2022-11-23 00:00:00+05:30,4439.263510288073,4571.8284613769065,4405.2930312942335,4560.98388671875,799422,0.0,0.0,APOLLOHOSP.NS,719
2022-11-24 00:00:00+05:30,4585.544831056435,4786.595716737743,4569.698455830322,4768.81787109375,1822610,0.0,0.0,APOLLOHOSP.NS,720
2022-11-25 00:00:00+05:30,4768.769334945764,4838.097238049856,4705.433150029868,4743.46484375,1069669,0.0,0.0,APOLLOHOSP.NS,721
2022-11-28 00:00:00+05:30,4715.2881722262555,4723.062898676442,4638.2846739295555,4676.51416015625,598162,0.0,0.0,APOLLOHOSP.NS,722
2022-11-29 00:00:00+05:30,4679.633278468259,4795.50991203033,4662.449766430827,4673.88916015625,910558,0.0,0.0,APOLLOHOSP.NS,723
2022-11-30 00:00:00+05:30,4673.88943950324,4714.396647023498,4598.024807217439,4681.02001953125,1113421,0.0,0.0,APOLLOHOSP.NS,724
2022-12-01 00:00:00+05:30,4719.249708658968,4747.97127036959,4655.913519656408,4729.84716796875,611403,0.0,0.0,APOLLOHOSP.NS,725
2022-12-02 00:00:00+05:30,4725.191517561366,4836.066829504347,4697.50968444361,4824.67724609375,996306,0.0,0.0,APOLLOHOSP.NS,726
2022-12-05 00:00:00+05:30,4838.097603315573,4854.885054557566,4721.181231333901,4732.4716796875,684834,0.0,0.0,APOLLOHOSP.NS,727
2022-12-06 00:00:00+05:30,4724.548358820536,4753.913582460239,4669.729696104172,4742.078125,354855,0.0,0.0,APOLLOHOSP.NS,728
2022-12-07 00:00:00+05:30,4758.567859723603,4768.768770822111,4665.668190397883,4682.009765625,354913,0.0,0.0,APOLLOHOSP.NS,729
2022-12-08 00:00:00+05:30,4692.507446743145,4731.974918251249,4636.450802644719,4659.3291015625,336491,0.0,0.0,APOLLOHOSP.NS,730
2022-12-09 00:00:00+05:30,4682.604703553955,4690.478566067593,4630.3611760343965,4640.11669921875,271785,0.0,0.0,APOLLOHOSP.NS,731
2022-12-12 00:00:00+05:30,4632.094254666539,4710.335744108202,4585.545520441752,4696.76708984375,445259,0.0,0.0,APOLLOHOSP.NS,732
2022-12-13 00:00:00+05:30,4700.431929544989,4715.634645336196,4616.544971583427,4633.9267578125,363818,0.0,0.0,APOLLOHOSP.NS,733
2022-12-14 00:00:00+05:30,4666.75801523083,4666.75801523083,4611.890031719433,4621.34814453125,356293,0.0,0.0,APOLLOHOSP.NS,734
2022-12-15 00:00:00+05:30,4635.016829516013,4641.602884493434,4583.218684667895,4598.322265625,316614,0.0,0.0,APOLLOHOSP.NS,735
2022-12-16 00:00:00+05:30,4593.468998688369,4593.468998688369,4507.997787514395,4521.318359375,342890,0.0,0.0,APOLLOHOSP.NS,736
2022-12-19 00:00:00+05:30,4555.8327601972505,4575.640728719847,4477.640611017107,4566.1826171875,308464,0.0,0.0,APOLLOHOSP.NS,737
2022-12-20 00:00:00+05:30,4566.08427924837,4572.12580742304,4496.657240715072,4552.515625,282355,0.0,0.0,APOLLOHOSP.NS,738
2022-12-21 00:00:00+05:30,4566.529659373572,4742.474357073009,4558.012618310536,4720.43798828125,877375,0.0,0.0,APOLLOHOSP.NS,739
2022-12-22 00:00:00+05:30,4748.961170118581,4802.244420049948,4679.63326982488,4735.7890625,902304,0.0,0.0,APOLLOHOSP.NS,740
2022-12-23 00:00:00+05:30,4719.941902109422,4758.864366235826,4641.353691455174,4655.02099609375,473498,0.0,0.0,APOLLOHOSP.NS,741
2022-12-26 00:00:00+05:30,4678.346353986242,4694.48965874257,4607.829775801647,4639.07666015625,247357,0.0,0.0,APOLLOHOSP.NS,742
2022-12-27 00:00:00+05:30,4640.0170143489795,4667.45124648362,4581.236766125228,4599.21240234375,226485,0.0,0.0,APOLLOHOSP.NS,743
2022-12-28 00:00:00+05:30,4607.334131058557,4634.669228210791,4538.006231408063,4544.59228515625,313366,0.0,0.0,APOLLOHOSP.NS,744
2022-12-29 00:00:00+05:30,4544.592579267999,4565.7376867484545,4435.500266833613,4481.00927734375,530411,0.0,0.0,APOLLOHOSP.NS,745
2022-12-30 00:00:00+05:30,4506.3126565886505,4538.451277653594,4425.199125488647,4434.60791015625,348965,0.0,0.0,APOLLOHOSP.NS,746
2023-01-02 00:00:00+05:30,4444.908846897274,4473.333479707481,4403.312106351444,4411.58203125,246577,0.0,0.0,APOLLOHOSP.NS,747
2023-01-03 00:00:00+05:30,4424.11081872054,4465.658235987044,4382.613211542945,4447.78125,430096,0.0,0.0,APOLLOHOSP.NS,748
2023-01-04 00:00:00+05:30,4451.841673313583,4470.7583831490565,4382.513771838177,4390.73388671875,414977,0.0,0.0,APOLLOHOSP.NS,749
2023-01-05 00:00:00+05:30,4412.720648607483,4412.720648607483,4314.175994912848,4386.5244140625,468816,0.0,0.0,APOLLOHOSP.NS,750
2023-01-06 00:00:00+05:30,4399.400085907328,4431.340442051194,4327.051658683804,4345.32470703125,299640,0.0,0.0,APOLLOHOSP.NS,751
2023-01-09 00:00:00+05:30,4381.869921953433,4409.402808209624,4338.9853745773,4365.3798828125,407803,0.0,0.0,APOLLOHOSP.NS,752
2023-01-10 00:00:00+05:30,4367.658171743517,4445.899667337108,4363.6965770299175,4423.76416015625,557940,0.0,0.0,APOLLOHOSP.NS,753
2023-01-11 00:00:00+05:30,4431.043531337352,4439.4125933127625,4294.417845019476,4318.732421875,462687,0.0,0.0,APOLLOHOSP.NS,754
2023-01-12 00:00:00+05:30,4328.9832836015285,4340.323058278799,4283.721870699295,4317.890625,207917,0.0,0.0,APOLLOHOSP.NS,755
2023-01-13 00:00:00+05:30,4323.089794853278,4328.041787745436,4227.070459237128,4293.92236328125,366497,0.0,0.0,APOLLOHOSP.NS,756
2023-01-16 00:00:00+05:30,4322.347371104559,4322.347371104559,4243.858276950917,4253.41552734375,210854,0.0,0.0,APOLLOHOSP.NS,757
2023-01-17 00:00:00+05:30,4274.75818499664,4294.813754555297,4233.953573494411,4281.34423828125,294500,0.0,0.0,APOLLOHOSP.NS,758
2023-01-18 00:00:00+05:30,4295.358913175313,4310.214892815071,4263.666156610497,4298.1318359375,331806,0.0,0.0,APOLLOHOSP.NS,759
2023-01-19 00:00:00+05:30,4298.131485270398,4298.131485270398,4244.501499864942,4276.689453125,162244,0.0,0.0,APOLLOHOSP.NS,760
2023-01-20 00:00:00+05:30,4260.694154594613,4280.947996442192,4223.257286422402,4244.10498046875,242706,0.0,0.0,APOLLOHOSP.NS,761
2023-01-23 00:00:00+05:30,4253.167578477317,4311.700231456193,4245.739589104187,4293.82373046875,161350,0.0,0.0,APOLLOHOSP.NS,762
2023-01-24 00:00:00+05:30,4308.185119956877,4308.185119956877,4249.60264859781,4263.66650390625,178860,0.0,0.0,APOLLOHOSP.NS,763
2023-01-25 00:00:00+05:30,4273.519741961258,4276.5402636245935,4153.7308628164765,4183.78955078125,423714,0.0,0.0,APOLLOHOSP.NS,764
2023-01-27 00:00:00+05:30,4187.405062506191,4244.20451597379,4151.849851338335,4203.39990234375,421866,0.0,0.0,APOLLOHOSP.NS,765
2023-01-30 00:00:00+05:30,4195.823047168909,4219.097410820147,4083.4128227256965,4197.01171875,623069,0.0,0.0,APOLLOHOSP.NS,766
2023-01-31 00:00:00+05:30,4198.794183407845,4262.427283132802,4087.423685471484,4215.03662109375,671038,0.0,0.0,APOLLOHOSP.NS,767
2023-02-01 00:00:00+05:30,4233.953686448206,4310.214372730431,4171.063380228449,4221.72216796875,321331,0.0,0.0,APOLLOHOSP.NS,768
2023-02-02 00:00:00+05:30,4221.078738654659,4221.078738654659,4129.962069495525,4190.87158203125,479256,0.0,0.0,APOLLOHOSP.NS,769
2023-02-03 00:00:00+05:30,4204.242081077701,4218.899787004419,4118.077402384236,4210.77880859375,413966,0.0,0.0,APOLLOHOSP.NS,770
2023-02-06 00:00:00+05:30,4170.5688904047265,4294.021990596327,4149.423781620053,4279.2158203125,257669,0.0,0.0,APOLLOHOSP.NS,771
2023-02-07 00:00:00+05:30,4263.6657411921615,4318.137661230621,4230.338926832694,4274.1640625,319090,0.0,0.0,APOLLOHOSP.NS,772
2023-02-08 00:00:00+05:30,4278.522470111016,4362.012888764127,4261.239819010933,4349.08837890625,250175,0.0,0.0,APOLLOHOSP.NS,773
2023-02-09 00:00:00+05:30,4305.609803757645,4362.161665177045,4283.474296512537,4347.15673828125,284239,0.0,0.0,APOLLOHOSP.NS,774
2023-02-10 00:00:00+05:30,4343.293278975747,4382.810080531012,4308.480870072132,4373.84716796875,359807,0.0,0.0,APOLLOHOSP.NS,775
2023-02-13 00:00:00+05:30,4387.8623774496255,4396.974239079893,4286.445645585091,4316.80126953125,272935,0.0,0.0,APOLLOHOSP.NS,776
2023-02-14 00:00:00+05:30,4338.391363843513,4338.391363843513,4210.233409264731,4227.86279296875,339582,0.0,0.0,APOLLOHOSP.NS,777
2023-02-15 00:00:00+05:30,4129.961966959986,4470.659069270355,4129.961966959986,4444.8095703125,2724361,0.0,0.0,APOLLOHOSP.NS,778
2023-02-16 00:00:00+05:30,4466.648053334779,4623.1803478978345,4456.941857564264,4598.56884765625,1419679,0.0,0.0,APOLLOHOSP.NS,779
2023-02-17 00:00:00+05:30,4595.597441173532,4624.121207745251,4532.063474972664,4570.39208984375,408098,0.0,0.0,APOLLOHOSP.NS,780
2023-02-20 00:00:00+05:30,4548.900918601189,4605.304314153454,4531.420479457992,4566.33203125,232327,0.0,0.0,APOLLOHOSP.NS,781
2023-02-21 00:00:00+05:30,4566.727849119943,4595.44940791944,4447.880019604785,4458.82373046875,490637,0.0,0.0,APOLLOHOSP.NS,782
2023-02-22 00:00:00+05:30,4461.745506931319,4492.39853576022,4397.369600615995,4406.38232421875,333978,0.0,0.0,APOLLOHOSP.NS,783
2023-02-23 00:00:00+05:30,4428.4183717790165,4474.917290590096,4358.743741496613,4405.341796875,443522,0.0,0.0,APOLLOHOSP.NS,784
2023-02-24 00:00:00+05:30,4418.23487064422,4448.929304641132,4360.565498241383,4433.7060546875,358946,6.0,0.0,APOLLOHOSP.NS,785
2023-02-27 00:00:00+05:30,4447.937593922447,4457.607023474453,4378.565441540578,4403.0615234375,215703,0.0,0.0,APOLLOHOSP.NS,786
2023-02-28 00:00:00+05:30,4412.234194852583,4436.43246041162,4325.258739547331,4365.275390625,312308,0.0,0.0,APOLLOHOSP.NS,787
2023-03-01 00:00:00+05:30,4365.276183857498,4409.259787584704,4301.408460121853,4377.32568359375,287008,0.0,0.0,APOLLOHOSP.NS,788
2023-03-02 00:00:00+05:30,4392.40060800563,4413.425613826461,4345.144464400731,4365.822265625,313250,0.0,0.0,APOLLOHOSP.NS,789
2023-03-03 00:00:00+05:30,4380.2514594828335,4408.268010958554,4357.59018736915,4371.87109375,168868,0.0,0.0,APOLLOHOSP.NS,790
2023-03-06 00:00:00+05:30,4379.50747773489,4451.80495677488,4375.589925672026,4384.5654296875,242661,0.0,0.0,APOLLOHOSP.NS,791
2023-03-08 00:00:00+05:30,4378.41674966637,4404.499706427038,4323.97052046663,4339.8876953125,246734,0.0,0.0,APOLLOHOSP.NS,792
2023-03-09 00:00:00+05:30,4362.648481257013,4500.747776782141,4348.912835086225,4381.64013671875,684685,0.0,0.0,APOLLOHOSP.NS,793
2023-03-10 00:00:00+05:30,4363.3435809300945,4363.3435809300945,4256.186153988797,4281.57470703125,328154,0.0,0.0,APOLLOHOSP.NS,794
2023-03-13 00:00:00+05:30,4291.242984820016,4399.292848774149,4286.284303303007,4309.09423828125,496455,0.0,0.0,APOLLOHOSP.NS,795
2023-03-14 00:00:00+05:30,4309.094065456896,4318.763494027254,4239.672527003045,4264.0693359375,279237,0.0,0.0,APOLLOHOSP.NS,796
2023-03-15 00:00:00+05:30,4298.928856618925,4331.854694942771,4273.688974495275,4293.02783203125,279479,0.0,0.0,APOLLOHOSP.NS,797
2023-03-16 00:00:00+05:30,4295.160937226177,4333.888049784894,4230.747464618388,4283.35888671875,300181,0.0,0.0,APOLLOHOSP.NS,798
2023-03-17 00:00:00+05:30,4304.136232547021,4340.03728606541,4261.194237565989,4310.58251953125,368653,0.0,0.0,APOLLOHOSP.NS,799
2023-03-20 00:00:00+05:30,4286.284513887882,4317.920806671444,4160.333997167901,4277.35888671875,563835,0.0,0.0,APOLLOHOSP.NS,800
2023-03-21 00:00:00+05:30,4284.3015178989235,4317.921287127617,4230.747748925187,4238.681640625,239304,0.0,0.0,APOLLOHOSP.NS,801
2023-03-22 00:00:00+05:30,4239.722699576627,4259.508035371931,4176.301444405663,4249.68994140625,302705,0.0,0.0,APOLLOHOSP.NS,802
2023-03-23 00:00:00+05:30,4240.664585429711,4263.8217257938795,4208.482547531677,4237.73876953125,233054,0.0,0.0,APOLLOHOSP.NS,803
2023-03-24 00:00:00+05:30,4242.151859301225,4318.664215039962,4225.78821098364,4247.95361328125,354933,0.0,0.0,APOLLOHOSP.NS,804
2023-03-27 00:00:00+05:30,4269.127334676766,4371.47422766074,4241.656046173735,4282.41650390625,495895,0.0,0.0,APOLLOHOSP.NS,805
2023-03-28 00:00:00+05:30,4298.978367244208,4307.606666848446,4209.970033331546,4297.78857421875,343628,0.0,0.0,APOLLOHOSP.NS,806
2023-03-29 00:00:00+05:30,4297.788363237051,4343.804828959432,4275.474297334862,4326.9453125,250790,0.0,0.0,APOLLOHOSP.NS,807
2023-03-31 00:00:00+05:30,4348.615467962385,4364.582520916168,4264.41714411139,4275.2763671875,465663,0.0,0.0,APOLLOHOSP.NS,808
2023-04-03 00:00:00+05:30,4307.6068118597095,4308.05328691319,4185.276036929901,4199.35888671875,493574,0.0,0.0,APOLLOHOSP.NS,809
2023-04-05 00:00:00+05:30,4214.879829781813,4214.879829781813,4133.557442477788,4166.2353515625,622533,0.0,0.0,APOLLOHOSP.NS,810
2023-04-06 00:00:00+05:30,4182.15249022903,4190.0863816024785,4148.582115505867,4167.22705078125,286725,0.0,0.0,APOLLOHOSP.NS,811
2023-04-10 00:00:00+05:30,4180.168617217924,4208.581766129834,4152.697327268666,4201.98681640625,323560,0.0,0.0,APOLLOHOSP.NS,812
2023-04-11 00:00:00+05:30,4227.772199690385,4251.375331901474,4186.267935222774,4236.00341796875,284178,0.0,0.0,APOLLOHOSP.NS,813
2023-04-12 00:00:00+05:30,4252.26808080452,4293.177204657197,4231.24307678658,4284.49951171875,304498,0.0,0.0,APOLLOHOSP.NS,814
2023-04-13 00:00:00+05:30,4293.226480780148,4444.069670197349,4284.5981811951215,4361.95361328125,1257056,0.0,0.0,APOLLOHOSP.NS,815
2023-04-17 00:00:00+05:30,4373.557459392638,4411.640039740813,4304.135912418152,4350.4501953125,334963,0.0,0.0,APOLLOHOSP.NS,816
2023-04-18 00:00:00+05:30,4343.805270464253,4347.871486402299,4258.416672750393,4302.796875,409038,0.0,0.0,APOLLOHOSP.NS,817
2023-04-19 00:00:00+05:30,4319.011587850507,4319.011587850507,4186.664184875627,4284.59814453125,517278,0.0,0.0,APOLLOHOSP.NS,818
2023-04-20 00:00:00+05:30,4284.597934788745,4322.8296578418995,4198.168217296933,4312.4658203125,484517,0.0,0.0,APOLLOHOSP.NS,819
2023-04-21 00:00:00+05:30,4304.135488116694,4391.408281424129,4282.763764817742,4325.25927734375,485292,0.0,0.0,APOLLOHOSP.NS,820
2023-04-24 00:00:00+05:30,4326.250957528902,4425.325798770787,4326.250957528902,4362.697265625,571150,0.0,0.0,APOLLOHOSP.NS,821
2023-04-25 00:00:00+05:30,4373.508226386663,4409.508064794309,4346.880006615902,4380.00390625,252655,0.0,0.0,APOLLOHOSP.NS,822
2023-04-26 00:00:00+05:30,4383.4254746866445,4451.607351872571,4364.631876294699,4373.9541015625,438486,0.0,0.0,APOLLOHOSP.NS,823
2023-04-27 00:00:00+05:30,4383.326771430127,4401.822560749151,4328.9793193797705,4380.99609375,400508,0.0,0.0,APOLLOHOSP.NS,824
2023-04-28 00:00:00+05:30,4406.234565837856,4491.573272582235,4394.333731377493,4476.39990234375,713399,0.0,0.0,APOLLOHOSP.NS,825
2023-05-02 00:00:00+05:30,4492.317285540816,4535.507205598123,4439.9039277961965,4453.68896484375,384900,0.0,0.0,APOLLOHOSP.NS,826
2023-05-03 00:00:00+05:30,4472.483627069473,4487.062347142622,4444.962939525557,4478.13671875,287955,0.0,0.0,APOLLOHOSP.NS,827
2023-05-04 00:00:00+05:30,4472.73053035972,4532.135435454722,4462.813167764688,4515.57373046875,391146,0.0,0.0,APOLLOHOSP.NS,828
2023-05-05 00:00:00+05:30,4512.4001529824145,4591.739056771116,4484.13566850769,4564.46630859375,332169,0.0,0.0,APOLLOHOSP.NS,829
2023-05-08 00:00:00+05:30,4572.896303447825,4621.49138452979,4547.111158383925,4586.8798828125,274255,0.0,0.0,APOLLOHOSP.NS,830
2023-05-09 00:00:00+05:30,4607.508092706845,4609.491565527851,4544.433560149592,4555.0947265625,207566,0.0,0.0,APOLLOHOSP.NS,831
2023-05-10 00:00:00+05:30,4555.094542132122,4595.706340196416,4539.177367086533,4563.2763671875,293523,0.0,0.0,APOLLOHOSP.NS,832
2023-05-11 00:00:00+05:30,4572.847724171359,4606.616159152939,4546.76476301306,4557.32666015625,409446,0.0,0.0,APOLLOHOSP.NS,833
2023-05-12 00:00:00+05:30,4557.028062825715,4601.656194017697,4497.523887903073,4567.193359375,427837,0.0,0.0,APOLLOHOSP.NS,834
2023-05-15 00:00:00+05:30,4571.855024577874,4650.251586675211,4553.160698168201,4587.62353515625,401847,0.0,0.0,APOLLOHOSP.NS,835
2023-05-16 00:00:00+05:30,4586.7802766580435,4603.887727419633,4503.474429471173,4517.4580078125,310725,0.0,0.0,APOLLOHOSP.NS,836
2023-05-17 00:00:00+05:30,4542.202227450562,4561.590965140506,4421.160990269235,4445.111328125,266803,0.0,0.0,APOLLOHOSP.NS,837
2023-05-18 00:00:00+05:30,4472.73054635616,4492.466001141614,4396.3668541012985,4405.29248046875,167057,0.0,0.0,APOLLOHOSP.NS,838
2023-05-19 00:00:00+05:30,4418.185128993804,4428.102491797382,4373.8049304477945,4410.39990234375,177405,0.0,0.0,APOLLOHOSP.NS,839
2023-05-22 00:00:00+05:30,4422.9450540173475,4586.780073251203,4415.160311992687,4567.24267578125,361967,0.0,0.0,APOLLOHOSP.NS,840
2023-05-23 00:00:00+05:30,4566.945775177082,4578.896004191043,4495.540759799721,4512.796875,433331,0.0,0.0,APOLLOHOSP.NS,841
2023-05-24 00:00:00+05:30,4503.425704529302,4568.929701581697,4485.971046632107,4498.962890625,225979,0.0,0.0,APOLLOHOSP.NS,842
2023-05-25 00:00:00+05:30,4531.2434633866815,4559.954424926084,4493.508088299491,4530.400390625,202680,0.0,0.0,APOLLOHOSP.NS,843
2023-05-26 00:00:00+05:30,4552.070205988195,4581.822298837791,4513.6404193908,4571.8056640625,289579,0.0,0.0,APOLLOHOSP.NS,844
2023-05-29 00:00:00+05:30,4596.69787066895,4626.449960446742,4542.796904505598,4602.10302734375,332364,0.0,0.0,APOLLOHOSP.NS,845
2023-05-30 00:00:00+05:30,4633.392627437624,4755.376209024702,4497.971210845777,4561.14453125,1298380,0.0,0.0,APOLLOHOSP.NS,846
2023-05-31 00:00:00+05:30,4561.987053540584,4691.904510934893,4487.606829841553,4583.755859375,1655511,0.0,0.0,APOLLOHOSP.NS,847
2023-06-01 00:00:00+05:30,4650.2513415373305,4806.945671237245,4647.27613274556,4774.46630859375,1692479,0.0,0.0,APOLLOHOSP.NS,848
2023-06-02 00:00:00+05:30,4799.655948920804,4960.862956946003,4766.284123019395,4926.2509765625,1326161,0.0,0.0,APOLLOHOSP.NS,849
2023-06-05 00:00:00+05:30,4926.895797120637,4967.804913283474,4893.275554258973,4909.29248046875,698352,0.0,0.0,APOLLOHOSP.NS,850
2023-06-06 00:00:00+05:30,4927.937448090281,4928.383923103246,4853.061360883436,4899.2763671875,382992,0.0,0.0,APOLLOHOSP.NS,851
2023-06-07 00:00:00+05:30,4923.425918001687,4998.351408612836,4909.144526580051,4984.91357421875,552840,0.0,0.0,APOLLOHOSP.NS,852
2023-06-08 00:00:00+05:30,4978.516677124445,4986.9958295592805,4879.343038137902,4885.93798828125,411502,0.0,0.0,APOLLOHOSP.NS,853
2023-06-09 00:00:00+05:30,4885.937427325963,4924.813683043812,4866.499299467038,4885.9873046875,249400,0.0,0.0,APOLLOHOSP.NS,854
2023-06-12 00:00:00+05:30,4908.103318022171,4953.72319125495,4874.433674405121,4884.0537109375,343835,0.0,0.0,APOLLOHOSP.NS,855
2023-06-13 00:00:00+05:30,4884.301691363199,4948.764556325354,4876.119866194926,4910.13623046875,308751,0.0,0.0,APOLLOHOSP.NS,856
2023-06-14 00:00:00+05:30,4923.970054097937,4981.044276635788,4910.135140912122,4967.6064453125,360156,0.0,0.0,APOLLOHOSP.NS,857
2023-06-15 00:00:00+05:30,4998.301759576124,5216.334606488622,4976.532953218562,5175.6240234375,1712253,0.0,0.0,APOLLOHOSP.NS,858
2023-06-16 00:00:00+05:30,5175.624767481757,5250.252937781733,5120.384851714007,5157.0791015625,797312,0.0,0.0,APOLLOHOSP.NS,859
2023-06-19 00:00:00+05:30,5176.863622904519,5218.46715548824,5092.863362374597,5102.4833984375,327818,0.0,0.0,APOLLOHOSP.NS,860
2023-06-20 00:00:00+05:30,5132.1858753011375,5154.945932465507,5058.946053896802,5119.39208984375,334154,0.0,0.0,APOLLOHOSP.NS,861
2023-06-21 00:00:00+05:30,5127.127524032732,5130.251396233974,5044.565484841455,5076.44970703125,410174,0.0,0.0,APOLLOHOSP.NS,862
2023-06-22 00:00:00+05:30,5087.507590447966,5112.400266675199,5013.226643655312,5024.1357421875,329800,0.0,0.0,APOLLOHOSP.NS,863
2023-06-23 00:00:00+05:30,5042.384187839478,5042.384187839478,4959.673473316093,5003.75634765625,335552,0.0,0.0,APOLLOHOSP.NS,864
2023-06-26 00:00:00+05:30,5008.2192328567835,5013.227307784252,4958.731201016952,4995.32666015625,430106,0.0,0.0,APOLLOHOSP.NS,865
2023-06-27 00:00:00+05:30,4998.350971198165,5107.441964617173,4995.326369170044,5100.30126953125,556456,0.0,0.0,APOLLOHOSP.NS,866
2023-06-28 00:00:00+05:30,5102.483238635525,5133.177670669446,5073.871549670702,5084.53271484375,362944,0.0,0.0,APOLLOHOSP.NS,867
2023-06-30 00:00:00+05:30,5085.623861208679,5106.40093086122,5022.202129693429,5056.0703125,411015,0.0,0.0,APOLLOHOSP.NS,868
2023-07-03 00:00:00+05:30,5085.1281676866765,5100.004213033396,5018.185963626443,5026.61572265625,150815,0.0,0.0,APOLLOHOSP.NS,869
2023-07-04 00:00:00+05:30,5077.590141023446,5082.350765394441,5010.300742109779,5067.72265625,233404,0.0,0.0,APOLLOHOSP.NS,870
2023-07-05 00:00:00+05:30,5082.649246895888,5105.955053198727,5008.66561174059,5035.6904296875,279982,0.0,0.0,APOLLOHOSP.NS,871
2023-07-06 00:00:00+05:30,5047.938067703629,5266.120066700642,5028.301881492405,5239.392578125,1251554,0.0,0.0,APOLLOHOSP.NS,872
2023-07-07 00:00:00+05:30,5231.360305800402,5231.360305800402,5087.607915730508,5103.7236328125,559765,0.0,0.0,APOLLOHOSP.NS,873
2023-07-10 00:00:00+05:30,5137.0449851007215,5160.499449987274,5068.515915061489,5115.72265625,271366,0.0,0.0,APOLLOHOSP.NS,874
2023-07-11 00:00:00+05:30,5157.028649300932,5228.830259030414,5122.417150023139,5213.5576171875,503174,0.0,0.0,APOLLOHOSP.NS,875
2023-07-12 00:00:00+05:30,5218.169202823368,5244.748026194699,5162.830511016038,5208.6484375,263391,0.0,0.0,APOLLOHOSP.NS,876
2023-07-13 00:00:00+05:30,5246.186487486767,5246.186487486767,5125.29391252171,5139.17822265625,338327,0.0,0.0,APOLLOHOSP.NS,877
2023-07-14 00:00:00+05:30,5137.194932781312,5155.4926644161,5054.137003124857,5129.0625,508041,0.0,0.0,APOLLOHOSP.NS,878
2023-07-17 00:00:00+05:30,5109.6238286710795,5274.995852492297,5109.6238286710795,5176.1689453125,469609,0.0,0.0,APOLLOHOSP.NS,879
2023-07-18 00:00:00+05:30,5163.475608022506,5280.004635957327,5064.252574105033,5119.9384765625,511024,0.0,0.0,APOLLOHOSP.NS,880
2023-07-19 00:00:00+05:30,5119.938968426754,5180.78209974921,5119.938968426754,5132.83154296875,265631,0.0,0.0,APOLLOHOSP.NS,881
2023-07-20 00:00:00+05:30,5127.276718793732,5166.946171163509,5090.235270794203,5152.5166015625,276787,0.0,0.0,APOLLOHOSP.NS,882
2023-07-21 00:00:00+05:30,5087.657105768118,5209.591289382798,5082.698423786981,5161.888671875,313184,0.0,0.0,APOLLOHOSP.NS,883
2023-07-24 00:00:00+05:30,5101.491602010805,5182.516652607493,5101.491602010805,5137.9873046875,249814,0.0,0.0,APOLLOHOSP.NS,884
2023-07-25 00:00:00+05:30,5111.210627498681,5176.863767831371,5111.210627498681,5169.12841796875,547945,0.0,0.0,APOLLOHOSP.NS,885
2023-07-26 00:00:00+05:30,5153.061918125394,5211.574360998642,5100.549286288953,5113.14453125,297720,0.0,0.0,APOLLOHOSP.NS,886
2023-07-27 00:00:00+05:30,5104.219005562409,5221.491827713816,5101.690271595068,5172.40087890625,363050,0.0,0.0,APOLLOHOSP.NS,887
2023-07-28 00:00:00+05:30,5134.218869109271,5319.673558798943,5134.218869109271,5302.7646484375,453505,0.0,0.0,APOLLOHOSP.NS,888
2023-07-31 00:00:00+05:30,5295.822836504808,5295.822836504808,5115.921471120154,5130.69873046875,689230,0.0,0.0,APOLLOHOSP.NS,889
2023-08-01 00:00:00+05:30,5166.94593384373,5166.94593384373,4980.053041252179,4990.8134765625,1044095,0.0,0.0,APOLLOHOSP.NS,890
2023-08-02 00:00:00+05:30,4991.408937977654,5002.020710383957,4934.879967291239,4955.45849609375,1016605,0.0,0.0,APOLLOHOSP.NS,891
2023-08-03 00:00:00+05:30,4919.012855411945,4988.434407806871,4915.343236801114,4955.0126953125,412037,0.0,0.0,APOLLOHOSP.NS,892
2023-08-04 00:00:00+05:30,4983.475341418444,4994.830916740687,4922.979421850976,4939.14453125,358846,0.0,0.0,APOLLOHOSP.NS,893
2023-08-07 00:00:00+05:30,4939.144097688487,4983.375633486365,4915.392303868077,4972.96240234375,608113,0.0,0.0,APOLLOHOSP.NS,894
2023-08-08 00:00:00+05:30,4975.541244545371,5013.227225668098,4938.995663370526,4981.8388671875,519420,0.0,0.0,APOLLOHOSP.NS,895
2023-08-09 00:00:00+05:30,4981.83896245686,4984.466966973001,4917.0288942005855,4940.18603515625,268668,0.0,0.0,APOLLOHOSP.NS,896
2023-08-10 00:00:00+05:30,4940.234452533383,4940.2843298895095,4863.077572328539,4881.8212890625,370166,0.0,0.0,APOLLOHOSP.NS,897
2023-08-11 00:00:00+05:30,4889.260431766373,4970.582816229829,4771.392464264897,4865.607421875,1066479,0.0,0.0,APOLLOHOSP.NS,898
2023-08-14 00:00:00+05:30,4822.813796698727,4886.830183419082,4690.912864154839,4781.01220703125,832136,0.0,0.0,APOLLOHOSP.NS,899
2023-08-16 00:00:00+05:30,4760.334239336366,4913.012236398578,4714.813640021961,4901.0615234375,667417,0.0,0.0,APOLLOHOSP.NS,900
2023-08-17 00:00:00+05:30,4899.673280289954,4919.012138495734,4832.2846037667,4852.31787109375,375779,0.0,0.0,APOLLOHOSP.NS,901
2023-08-18 00:00:00+05:30,4843.574403901114,4863.495165528786,4794.045147731082,4817.1455078125,336848,9.0,0.0,APOLLOHOSP.NS,902
2023-08-21 00:00:00+05:30,4849.585837235092,4913.621230473063,4808.849713627914,4900.9033203125,243126,0.0,0.0,APOLLOHOSP.NS,903
2023-08-22 00:00:00+05:30,4916.054998147738,4927.083655080973,4874.5737030076625,4887.98681640625,175172,0.0,0.0,APOLLOHOSP.NS,904
2023-08-23 00:00:00+05:30,4926.090115612353,4954.903470463655,4879.3926094740345,4913.77001953125,597123,0.0,0.0,APOLLOHOSP.NS,905
2023-08-24 00:00:00+05:30,4923.108886927805,4951.425456711345,4868.562328477757,4888.28466796875,534065,0.0,0.0,APOLLOHOSP.NS,906
2023-08-25 00:00:00+05:30,4868.463012456968,4881.4787963139115,4814.810562931932,4834.18505859375,249504,0.0,0.0,APOLLOHOSP.NS,907
2023-08-28 00:00:00+05:30,4843.524748553189,4880.237130149768,4810.836591992205,4873.87841796875,204098,0.0,0.0,APOLLOHOSP.NS,908
2023-08-29 00:00:00+05:30,4874.42539542985,4913.174394700491,4827.628430052179,4847.0029296875,591619,0.0,0.0,APOLLOHOSP.NS,909
2023-08-30 00:00:00+05:30,4850.529686838972,4858.478198385028,4813.817305080169,4843.12744140625,396122,0.0,0.0,APOLLOHOSP.NS,910
2023-08-31 00:00:00+05:30,4855.9947179287765,4880.187613975479,4774.869826677283,4783.11669921875,488260,0.0,0.0,APOLLOHOSP.NS,911
2023-09-01 00:00:00+05:30,4808.849421221771,4818.735576380771,4770.2993347930515,4809.197265625,206097,0.0,0.0,APOLLOHOSP.NS,912
2023-09-04 00:00:00+05:30,4828.721040859734,4838.6566808615025,4786.594024279968,4793.79736328125,354446,0.0,0.0,APOLLOHOSP.NS,913
2023-09-05 00:00:00+05:30,4828.720247611345,4959.870674089679,4800.949944312959,4952.4189453125,800554,0.0,0.0,APOLLOHOSP.NS,914
2023-09-06 00:00:00+05:30,4947.948686182847,5011.188937322892,4922.116022359402,5000.70703125,535407,0.0,0.0,APOLLOHOSP.NS,915
2023-09-07 00:00:00+05:30,4997.576724489849,5012.430213092369,4954.902962708654,4996.68212890625,334709,0.0,0.0,APOLLOHOSP.NS,916
2023-09-08 00:00:00+05:30,5007.562511588372,5017.299244638772,4945.912060039859,4953.0654296875,292671,0.0,0.0,APOLLOHOSP.NS,917
2023-09-11 00:00:00+05:30,4971.793945598268,5073.932124366053,4971.5455546137755,5063.15234375,543287,0.0,0.0,APOLLOHOSP.NS,918
2023-09-12 00:00:00+05:30,5078.105343007955,5092.015238293047,4934.038570412346,4947.15380859375,483061,0.0,0.0,APOLLOHOSP.NS,919
2023-09-13 00:00:00+05:30,4942.980720734696,4988.883569925422,4913.173801815693,4978.7490234375,232238,0.0,0.0,APOLLOHOSP.NS,920
2023-09-14 00:00:00+05:30,4968.813604768121,5067.176441575169,4963.349002723286,5051.82568359375,414391,0.0,0.0,APOLLOHOSP.NS,921
2023-09-15 00:00:00+05:30,5051.8254698394385,5117.251754035646,5029.1229213247025,5059.02880859375,658355,0.0,0.0,APOLLOHOSP.NS,922
2023-09-18 00:00:00+05:30,5067.175509651953,5128.776466828114,5034.735747779643,5042.4853515625,371912,0.0,0.0,APOLLOHOSP.NS,923
2023-09-20 00:00:00+05:30,5018.93890285225,5027.234773878494,4897.276800851115,4974.0791015625,509910,0.0,0.0,APOLLOHOSP.NS,924
2023-09-21 00:00:00+05:30,4957.883833401646,5014.467491247119,4943.427672792567,4987.740234375,422586,0.0,0.0,APOLLOHOSP.NS,925
2023-09-22 00:00:00+05:30,4980.736281337225,4984.511630443354,4923.109569923388,4957.43701171875,348459,0.0,0.0,APOLLOHOSP.NS,926
2023-09-25 00:00:00+05:30,4982.623932823328,5080.5399546572535,4940.8447612971795,5064.2451171875,386746,0.0,0.0,APOLLOHOSP.NS,927
2023-09-26 00:00:00+05:30,5064.1954412849955,5064.1954412849955,4997.875047777879,5021.17431640625,267102,0.0,0.0,APOLLOHOSP.NS,928
2023-09-27 00:00:00+05:30,5021.472577834393,5085.905301825438,4987.691401014771,5072.4921875,460768,0.0,0.0,APOLLOHOSP.NS,929
2023-09-28 00:00:00+05:30,5072.491358270975,5112.382850289826,4962.851489106536,4987.7900390625,407714,0.0,0.0,APOLLOHOSP.NS,930
2023-09-29 00:00:00+05:30,5021.472125938215,5153.5666451111,4994.248571155355,5104.68310546875,410567,0.0,0.0,APOLLOHOSP.NS,931
2023-10-03 00:00:00+05:30,5105.876163793002,5121.773188577404,5033.395472361143,5086.0048828125,268482,0.0,0.0,APOLLOHOSP.NS,932
2023-10-04 00:00:00+05:30,5052.272652080012,5064.046481836777,4950.233441039576,5014.91455078125,442482,0.0,0.0,APOLLOHOSP.NS,933
2023-10-05 00:00:00+05:30,5022.415949043809,5047.15559272553,4994.297800045888,5014.56640625,363289,0.0,0.0,APOLLOHOSP.NS,934
2023-10-06 00:00:00+05:30,5017.497610820858,5051.278782854108,4996.433862438798,5027.681640625,407753,0.0,0.0,APOLLOHOSP.NS,935
2023-10-09 00:00:00+05:30,4967.8200461068,5033.395270715409,4954.953198131913,5014.8154296875,176296,0.0,0.0,APOLLOHOSP.NS,936
2023-10-10 00:00:00+05:30,5036.326339271403,5051.825549275541,5000.607520072563,5034.0908203125,202645,0.0,0.0,APOLLOHOSP.NS,937
2023-10-11 00:00:00+05:30,5040.300926398241,5106.919201695621,5032.401898168934,5060.07275390625,336099,0.0,0.0,APOLLOHOSP.NS,938
2023-10-12 00:00:00+05:30,5060.022335295826,5081.036601135263,4840.345732117168,4961.70947265625,1029595,0.0,0.0,APOLLOHOSP.NS,939
2023-10-13 00:00:00+05:30,4956.8411504096,4996.732646682587,4901.996225340447,4985.00830078125,410013,0.0,0.0,APOLLOHOSP.NS,940
2023-10-16 00:00:00+05:30,4997.626268882648,5016.951280220352,4954.306787098806,4989.3798828125,259806,0.0,0.0,APOLLOHOSP.NS,941
2023-10-17 00:00:00+05:30,5017.498321678783,5035.38247411249,4979.941795623473,4996.4345703125,217907,0.0,0.0,APOLLOHOSP.NS,942
2023-10-18 00:00:00+05:30,4988.68424005004,5007.512469626089,4906.665735834996,4945.2158203125,341459,0.0,0.0,APOLLOHOSP.NS,943
2023-10-19 00:00:00+05:30,4945.2162992070125,4987.641675034768,4903.387158792548,4964.888671875,231958,0.0,0.0,APOLLOHOSP.NS,944
2023-10-20 00:00:00+05:30,4957.983189589226,4967.769890785547,4908.702324362259,4945.513671875,252447,0.0,0.0,APOLLOHOSP.NS,945
2023-10-23 00:00:00+05:30,4944.967675014576,4978.301550779644,4912.32900291668,4937.5654296875,363474,0.0,0.0,APOLLOHOSP.NS,946
2023-10-25 00:00:00+05:30,4928.077435365452,4939.354483782581,4800.404461485521,4828.62158203125,894230,0.0,0.0,APOLLOHOSP.NS,947
2023-10-26 00:00:00+05:30,4828.621172312789,4828.621172312789,4695.583061154196,4729.662109375,836962,0.0,0.0,APOLLOHOSP.NS,948
2023-10-27 00:00:00+05:30,4749.186204401943,4829.267070788232,4746.056089843552,4799.11279296875,333727,0.0,0.0,APOLLOHOSP.NS,949
2023-10-30 00:00:00+05:30,4808.849641948934,4837.066761828505,4752.26597948252,4810.58837890625,234759,0.0,0.0,APOLLOHOSP.NS,950
2023-10-31 00:00:00+05:30,4800.901127375672,4868.11563325915,4774.273806900162,4788.87890625,276660,0.0,0.0,APOLLOHOSP.NS,951
2023-11-01 00:00:00+05:30,4803.8814367912155,4824.746278605614,4759.171061474648,4765.6787109375,281746,0.0,0.0,APOLLOHOSP.NS,952
2023-11-02 00:00:00+05:30,4806.6633361010845,4863.495386356661,4779.241360031512,4855.546875,214035,0.0,0.0,APOLLOHOSP.NS,953
2023-11-03 00:00:00+05:30,4918.886485486586,5132.254333339587,4905.274465980212,5120.03369140625,1262458,0.0,0.0,APOLLOHOSP.NS,954
2023-11-06 00:00:00+05:30,5107.961442730136,5194.352017022793,5094.498846075817,5131.7080078125,399720,0.0,0.0,APOLLOHOSP.NS,955
2023-11-07 00:00:00+05:30,5116.854331386393,5148.598893575404,5088.090461040908,5103.7890625,222204,0.0,0.0,APOLLOHOSP.NS,956
2023-11-08 00:00:00+05:30,5101.951663220036,5120.481536692594,5054.707884230517,5078.056640625,400498,0.0,0.0,APOLLOHOSP.NS,957
2023-11-09 00:00:00+05:30,5114.37035098901,5278.805182089289,5089.083954809675,5263.50439453125,1032216,0.0,0.0,APOLLOHOSP.NS,958
2023-11-10 00:00:00+05:30,5265.888478542081,5303.643905369364,5185.061961188058,5244.52685546875,696409,0.0,0.0,APOLLOHOSP.NS,959
2023-11-13 00:00:00+05:30,5216.211005143992,5245.024361172406,5166.731711950667,5187.0498046875,150128,0.0,0.0,APOLLOHOSP.NS,960
2023-11-15 00:00:00+05:30,5249.843086503745,5260.9212277554225,5173.487598285645,5191.322265625,356675,0.0,0.0,APOLLOHOSP.NS,961
2023-11-16 00:00:00+05:30,5190.37770501639,5333.450903623273,5168.2709087038675,5304.38916015625,449045,0.0,0.0,APOLLOHOSP.NS,962
2023-11-17 00:00:00+05:30,5297.8815124000685,5457.994234556029,5271.998882255561,5443.68701171875,735541,0.0,0.0,APOLLOHOSP.NS,963
2023-11-20 00:00:00+05:30,5439.762774683002,5558.990451936328,5419.9409792841725,5438.7197265625,526567,0.0,0.0,APOLLOHOSP.NS,964
2023-11-21 00:00:00+05:30,5464.601751731823,5484.770905960027,5387.501091806931,5431.615234375,382979,0.0,0.0,APOLLOHOSP.NS,965
2023-11-22 00:00:00+05:30,5431.814819247673,5504.295512857596,5404.143962623068,5496.396484375,302473,0.0,0.0,APOLLOHOSP.NS,966
2023-11-23 00:00:00+05:30,5494.408606412771,5514.27988527864,5438.073336772575,5458.5908203125,234584,0.0,0.0,APOLLOHOSP.NS,967
2023-11-24 00:00:00+05:30,5457.646626851791,5457.646626851791,5360.277362436813,5366.53662109375,270183,0.0,0.0,APOLLOHOSP.NS,968
2023-11-28 00:00:00+05:30,5366.536745184876,5389.935467186381,5306.625033322094,5332.2587890625,362746,0.0,0.0,APOLLOHOSP.NS,969
2023-11-29 00:00:00+05:30,5337.524455983837,5400.019525125462,5329.973273695591,5387.0537109375,277119,0.0,0.0,APOLLOHOSP.NS,970
2023-11-30 00:00:00+05:30,5347.361302766245,5514.28005023275,5347.361302766245,5493.36572265625,775261,0.0,0.0,APOLLOHOSP.NS,971
2023-12-01 00:00:00+05:30,5514.280463815452,5651.044457930811,5494.757027309141,5555.16552734375,546990,0.0,0.0,APOLLOHOSP.NS,972
2023-12-04 00:00:00+05:30,5589.791271232556,5621.833711420478,5533.754356582812,5586.36328125,936113,0.0,0.0,APOLLOHOSP.NS,973
2023-12-05 00:00:00+05:30,5573.893655634064,5652.385206221425,5489.4407214577905,5544.28564453125,787929,0.0,0.0,APOLLOHOSP.NS,974
2023-12-06 00:00:00+05:30,5498.5317251789165,5602.707000248144,5473.295298389246,5507.42431640625,574427,0.0,0.0,APOLLOHOSP.NS,975
2023-12-07 00:00:00+05:30,5454.9149075315245,5484.274530518544,5406.478661141622,5426.25048828125,510609,0.0,0.0,APOLLOHOSP.NS,976
2023-12-08 00:00:00+05:30,5459.6340204495655,5536.684712342394,5404.043922218642,5519.595703125,456382,0.0,0.0,APOLLOHOSP.NS,977
2023-12-11 00:00:00+05:30,5514.279820047103,5519.59548410857,5454.6659841547025,5511.64697265625,238128,0.0,0.0,APOLLOHOSP.NS,978
2023-12-12 00:00:00+05:30,5514.279501982734,5514.279501982734,5368.424519301048,5394.0087890625,615205,0.0,0.0,APOLLOHOSP.NS,979
2023-12-13 00:00:00+05:30,5368.176127757526,5416.910241727899,5334.841768697476,5391.82275390625,476781,0.0,0.0,APOLLOHOSP.NS,980
2023-12-14 00:00:00+05:30,5459.434630820049,5497.339481071329,5417.009744094712,5480.39892578125,490550,0.0,0.0,APOLLOHOSP.NS,981
2023-12-15 00:00:00+05:30,5494.40890545031,5552.035617297709,5464.601985529242,5515.47265625,349758,0.0,0.0,APOLLOHOSP.NS,982
2023-12-18 00:00:00+05:30,5514.776641149927,5571.658176634268,5458.640278619529,5463.26025390625,428321,0.0,0.0,APOLLOHOSP.NS,983
2023-12-19 00:00:00+05:30,5473.344997505827,5638.823367599793,5468.278209375655,5519.74462890625,682732,0.0,0.0,APOLLOHOSP.NS,984
2023-12-20 00:00:00+05:30,5519.745310070604,5569.721389815235,5340.506445000114,5367.43212890625,437044,0.0,0.0,APOLLOHOSP.NS,985
2023-12-21 00:00:00+05:30,5309.605437440552,5517.260290813508,5250.836230272053,5440.60693359375,487514,0.0,0.0,APOLLOHOSP.NS,986
2023-12-22 00:00:00+05:30,5474.537539562598,5513.286534851698,5427.542157280257,5505.7353515625,220537,0.0,0.0,APOLLOHOSP.NS,987
2023-12-26 00:00:00+05:30,5505.735521391793,5608.668850106153,5490.5836702024,5596.89501953125,243281,0.0,0.0,APOLLOHOSP.NS,988
2023-12-27 00:00:00+05:30,5598.732594069763,5678.2177063192,5579.457551376999,5650.84521484375,307177,0.0,0.0,APOLLOHOSP.NS,989
2023-12-28 00:00:00+05:30,5638.475091849937,5732.863661669451,5638.226700876728,5723.4248046875,568149,0.0,0.0,APOLLOHOSP.NS,990
2023-12-29 00:00:00+05:30,5703.057032115314,5721.885262888295,5640.7603788414535,5667.38818359375,325682,0.0,0.0,APOLLOHOSP.NS,991
2024-01-01 00:00:00+05:30,5704.050432817243,5727.895966763875,5671.113886081183,5713.0419921875,127030,0.0,0.0,APOLLOHOSP.NS,992
2024-01-02 00:00:00+05:30,5701.169796059688,5745.432879063151,5643.44362951177,5709.36669921875,166449,0.0,0.0,APOLLOHOSP.NS,993
2024-01-03 00:00:00+05:30,5693.121984059225,5748.761570639908,5636.538317579284,5731.17529296875,198997,0.0,0.0,APOLLOHOSP.NS,994
2024-01-04 00:00:00+05:30,5731.174609660099,5802.363853185293,5694.611651178978,5725.1142578125,220702,0.0,0.0,APOLLOHOSP.NS,995
2024-01-05 00:00:00+05:30,5725.114359451551,5771.414051189904,5678.217947179666,5717.21533203125,144894,0.0,0.0,APOLLOHOSP.NS,996
2024-01-08 00:00:00+05:30,5712.99301625473,5737.683178752713,5603.70097594377,5645.4306640625,157009,0.0,0.0,APOLLOHOSP.NS,997
2024-01-09 00:00:00+05:30,5665.501029801236,5811.356035964532,5638.178018861071,5760.33642578125,329437,0.0,0.0,APOLLOHOSP.NS,998
2024-01-10 00:00:00+05:30,5762.670830891254,5781.846420807556,5684.477155044221,5763.56494140625,239740,0.0,0.0,APOLLOHOSP.NS,999
2024-01-11 00:00:00+05:30,5766.645324668897,5854.0789546776605,5764.906587708495,5832.12109375,213210,0.0,0.0,APOLLOHOSP.NS,1000
2024-01-12 00:00:00+05:30,5832.2205350915965,5883.88586180791,5705.888972658187,5758.39892578125,250919,0.0,0.0,APOLLOHOSP.NS,1001
2024-01-15 00:00:00+05:30,5797.4459509067165,5886.02208464562,5766.645466848772,5858.45068359375,375458,0.0,0.0,APOLLOHOSP.NS,1002
2024-01-16 00:00:00+05:30,5844.143664867814,5929.043905873808,5791.4847709137175,5866.54833984375,347797,0.0,0.0,APOLLOHOSP.NS,1003
2024-01-17 00:00:00+05:30,5835.052850565224,5941.860988182442,5793.720488189797,5887.76123046875,378205,0.0,0.0,APOLLOHOSP.NS,1004
2024-01-18 00:00:00+05:30,5920.647372730925,5990.14736267873,5800.426138950015,5952.29248046875,591170,0.0,0.0,APOLLOHOSP.NS,1005
2024-01-19 00:00:00+05:30,5948.466776580991,6080.610768778297,5912.698477941119,6055.423828125,326813,0.0,0.0,APOLLOHOSP.NS,1006
2024-01-23 00:00:00+05:30,6386.628951160369,6387.324639967818,6094.173310919503,6114.14404296875,982889,0.0,0.0,APOLLOHOSP.NS,1007
2024-01-24 00:00:00+05:30,6113.944939293303,6189.903093460315,6044.197044636362,6173.3603515625,435151,0.0,0.0,APOLLOHOSP.NS,1008
2024-01-25 00:00:00+05:30,6170.081515663033,6198.050728522308,6079.71716692868,6129.14697265625,337391,0.0,0.0,APOLLOHOSP.NS,1009
2024-01-29 00:00:00+05:30,6159.152231907231,6308.13733595262,6138.0389985808815,6289.01123046875,554591,0.0,0.0,APOLLOHOSP.NS,1010
2024-01-30 00:00:00+05:30,6290.2532023676595,6346.737408470509,6243.356791102957,6269.189453125,304312,0.0,0.0,APOLLOHOSP.NS,1011
2024-01-31 00:00:00+05:30,6239.5818133830235,6330.641855399328,6215.288979942651,6312.0625,499281,0.0,0.0,APOLLOHOSP.NS,1012
2024-02-01 00:00:00+05:30,6249.1692363372895,6335.957142109451,6227.459767574406,6247.48046875,255111,0.0,0.0,APOLLOHOSP.NS,1013
2024-02-02 00:00:00+05:30,6279.32385109768,6318.12232735637,6250.808373098163,6279.8701171875,239428,0.0,0.0,APOLLOHOSP.NS,1014
2024-02-05 00:00:00+05:30,6279.870991484663,6305.753625779042,6169.238023873425,6194.375,147909,0.0,0.0,APOLLOHOSP.NS,1015
2024-02-06 00:00:00+05:30,6219.660742795732,6257.366203008437,6115.4354980065955,6157.41357421875,326654,0.0,0.0,APOLLOHOSP.NS,1016
2024-02-07 00:00:00+05:30,6197.603898539902,6208.632556070029,6115.386476776578,6138.18896484375,323738,0.0,0.0,APOLLOHOSP.NS,1017
2024-02-08 00:00:00+05:30,6161.587322099808,6322.246819546968,6110.418774637398,6190.8974609375,794455,0.0,0.0,APOLLOHOSP.NS,1018
2024-02-09 00:00:00+05:30,6229.049687035052,6432.28348265297,6173.609013072724,6395.9189453125,933104,0.0,0.0,APOLLOHOSP.NS,1019
2024-02-12 00:00:00+05:30,6423.291134513304,6634.820790953551,6333.969837286587,6571.87890625,709946,0.0,0.0,APOLLOHOSP.NS,1020
2024-02-13 00:00:00+05:30,6571.879755296367,6696.621524505231,6555.783824045496,6675.6572265625,521773,0.0,0.0,APOLLOHOSP.NS,1021
2024-02-14 00:00:00+05:30,6675.557272578849,6731.395760619074,6656.878464376059,6710.63037109375,452781,0.0,0.0,APOLLOHOSP.NS,1022
2024-02-15 00:00:00+05:30,6706.556960066896,6720.864184553971,6543.215136467223,6584.94482421875,446114,0.0,0.0,APOLLOHOSP.NS,1023
2024-02-16 00:00:00+05:30,6588.372059957472,6617.583228301985,6483.104250164831,6558.068359375,391508,0.0,0.0,APOLLOHOSP.NS,1024
2024-02-19 00:00:00+05:30,6577.393880800887,6632.983982353462,6469.1448856406905,6614.3046875,334607,0.0,0.0,APOLLOHOSP.NS,1025
2024-02-20 00:00:00+05:30,6630.564063809969,6747.4131492989345,6601.078412969933,6722.0048828125,559251,6.0,0.0,APOLLOHOSP.NS,1026
2024-02-21 00:00:00+05:30,6747.363590319611,6784.1586213302,6680.087962727034,6722.70068359375,537325,0.0,0.0,APOLLOHOSP.NS,1027
2024-02-22 00:00:00+05:30,6727.523268232535,6836.367131599488,6652.988281843264,6731.7001953125,564432,0.0,0.0,APOLLOHOSP.NS,1028
2024-02-23 00:00:00+05:30,6741.44621009606,6749.2028060172925,6685.855977790408,6736.5234375,352524,0.0,0.0,APOLLOHOSP.NS,1029
2024-02-26 00:00:00+05:30,6732.446447198475,6754.125486686771,6534.498840635703,6547.5263671875,453443,0.0,0.0,APOLLOHOSP.NS,1030
2024-02-27 00:00:00+05:30,6551.504325875624,6631.508849647236,6533.604040832248,6583.923828125,313760,0.0,0.0,APOLLOHOSP.NS,1031
2024-02-28 00:00:00+05:30,6593.2716903862465,6593.2716903862465,6310.148652980312,6327.1044921875,536602,0.0,0.0,APOLLOHOSP.NS,1032
2024-02-29 00:00:00+05:30,6357.136749836006,6357.136749836006,6028.467633440517,6067.798828125,1543361,0.0,0.0,APOLLOHOSP.NS,1033
2024-03-01 00:00:00+05:30,6068.196614286932,6073.168915675237,5908.933897934798,6051.6884765625,1749136,0.0,0.0,APOLLOHOSP.NS,1034
2024-03-04 00:00:00+05:30,6110.95835952127,6137.5601717453865,5989.485134648651,5999.876953125,551616,0.0,0.0,APOLLOHOSP.NS,1035
2024-03-05 00:00:00+05:30,6001.616969087564,6069.687965520066,5943.093373478652,6027.52294921875,724456,0.0,0.0,APOLLOHOSP.NS,1036
2024-03-06 00:00:00+05:30,5991.623249908099,6045.224562447615,5912.0664266728045,6020.7607421875,588776,0.0,0.0,APOLLOHOSP.NS,1037
2024-03-07 00:00:00+05:30,6031.898696167612,6108.82029425535,5998.584277517605,6015.291015625,738112,0.0,0.0,APOLLOHOSP.NS,1038
2024-03-11 00:00:00+05:30,6015.291373071413,6190.515475210719,6002.662018387461,6170.328125,521556,0.0,0.0,APOLLOHOSP.NS,1039
2024-03-12 00:00:00+05:30,6205.431593501556,6239.491855052425,6073.665618158774,6110.7587890625,482112,0.0,0.0,APOLLOHOSP.NS,1040
2024-03-13 00:00:00+05:30,6145.764218599238,6145.764218599238,5923.054655961718,5975.11474609375,356191,0.0,0.0,APOLLOHOSP.NS,1041
2024-03-14 00:00:00+05:30,5975.114914326191,6061.235269744964,5946.8723401271345,5989.783203125,439181,0.0,0.0,APOLLOHOSP.NS,1042
2024-03-15 00:00:00+05:30,5981.678328823364,5997.440620703684,5908.685044502938,5950.0546875,764270,0.0,0.0,APOLLOHOSP.NS,1043
2024-03-18 00:00:00+05:30,5964.523802771782,6110.908541834608,5945.529515396355,6102.5546875,419258,0.0,0.0,APOLLOHOSP.NS,1044
2024-03-19 00:00:00+05:30,6043.334818097429,6091.765225532047,6000.622556985677,6079.33447265625,542392,0.0,0.0,APOLLOHOSP.NS,1045
2024-03-20 00:00:00+05:30,6113.942158672885,6166.350412721582,6039.805334697652,6139.84765625,413963,0.0,0.0,APOLLOHOSP.NS,1046
2024-03-21 00:00:00+05:30,6155.609885872881,6179.974163903739,6071.777074470706,6148.2509765625,350032,0.0,0.0,APOLLOHOSP.NS,1047
2024-03-22 00:00:00+05:30,6134.973969485946,6355.495516095903,6134.526753747265,6340.57861328125,727548,0.0,0.0,APOLLOHOSP.NS,1048
2024-03-26 00:00:00+05:30,6362.5565693247445,6427.644185790693,6274.546838723738,6287.42529296875,629120,0.0,0.0,APOLLOHOSP.NS,1049
2024-03-27 00:00:00+05:30,6319.795060495956,6363.948999680619,6185.542923097537,6196.9296875,603420,0.0,0.0,APOLLOHOSP.NS,1050
2024-03-28 00:00:00+05:30,6196.9292737157075,6390.003626492861,6078.6380374316195,6321.58447265625,818070,0.0,0.0,APOLLOHOSP.NS,1051
2024-04-01 00:00:00+05:30,6365.540125984842,6520.675926586879,6337.4466236322305,6421.478515625,440465,0.0,0.0,APOLLOHOSP.NS,1052
2024-04-02 00:00:00+05:30,6433.660431394269,6433.660431394269,6368.7223728741765,6384.18603515625,213898,0.0,0.0,APOLLOHOSP.NS,1053
2024-04-03 00:00:00+05:30,6364.097673701281,6373.495516962107,6276.038415906984,6339.7333984375,289202,0.0,0.0,APOLLOHOSP.NS,1054
2024-04-04 00:00:00+05:30,6389.407221143277,6439.130234537388,6291.353341614829,6404.9208984375,547885,0.0,0.0,APOLLOHOSP.NS,1055
2024-04-05 00:00:00+05:30,6404.920333019721,6444.101967000118,6346.197168039496,6362.3076171875,239001,0.0,0.0,APOLLOHOSP.NS,1056
2024-04-08 00:00:00+05:30,6362.308063106273,6362.308063106273,6245.210368693274,6272.806640625,491584,0.0,0.0,APOLLOHOSP.NS,1057
2024-04-09 00:00:00+05:30,6312.634315842869,6503.769762103389,6295.878049794494,6469.01318359375,592624,0.0,0.0,APOLLOHOSP.NS,1058
2024-04-10 00:00:00+05:30,6469.01296424495,6479.802954254101,6415.262586040868,6453.8974609375,174947,0.0,0.0,APOLLOHOSP.NS,1059
2024-04-12 00:00:00+05:30,6414.2685738639975,6442.0139175566155,6327.452388792448,6371.05908203125,450885,0.0,0.0,APOLLOHOSP.NS,1060
2024-04-15 00:00:00+05:30,6290.060529984147,6363.6505873796505,6248.193656972259,6268.23193359375,251305,0.0,0.0,APOLLOHOSP.NS,1061
2024-04-16 00:00:00+05:30,6265.049717626846,6312.4356489387765,6167.64214701769,6299.65673828125,290190,0.0,0.0,APOLLOHOSP.NS,1062
2024-04-18 00:00:00+05:30,6271.166238998384,6299.309271455553,6019.667324476941,6040.5009765625,518459,0.0,0.0,APOLLOHOSP.NS,1063
2024-04-19 00:00:00+05:30,6105.986449958441,6164.659609656739,6016.48501991019,6135.37255859375,560178,0.0,0.0,APOLLOHOSP.NS,1064
2024-04-22 00:00:00+05:30,6120.405557016566,6223.3321920236685,6115.930485929301,6203.98974609375,197001,0.0,0.0,APOLLOHOSP.NS,1065
2024-04-23 00:00:00+05:30,6206.923486510569,6268.878164219432,6146.758642973938,6160.58154296875,217146,0.0,0.0,APOLLOHOSP.NS,1066
2024-04-24 00:00:00+05:30,6195.387896886435,6275.541491219393,6151.880260369384,6248.5419921875,207837,0.0,0.0,APOLLOHOSP.NS,1067
2024-04-25 00:00:00+05:30,6245.2104758243,6366.733714664014,6134.676314279071,6348.73388671875,520353,0.0,0.0,APOLLOHOSP.NS,1068
2024-04-26 00:00:00+05:30,6344.656579973198,6344.656579973198,6216.42073276657,6223.92919921875,261065,0.0,0.0,APOLLOHOSP.NS,1069
2024-04-29 00:00:00+05:30,6165.653736126464,6165.653736126464,5701.2407853569375,5935.287109375,2785015,0.0,0.0,APOLLOHOSP.NS,1070
2024-04-30 00:00:00+05:30,5966.761636469192,5989.634222742324,5868.31006946745,5914.15478515625,1040838,0.0,0.0,APOLLOHOSP.NS,1071
2024-05-02 00:00:00+05:30,5914.154736940682,5966.761587824743,5906.547213031466,5925.541015625,572406,0.0,0.0,APOLLOHOSP.NS,1072
2024-05-03 00:00:00+05:30,5966.761677950019,5994.308421927078,5927.032795547145,5976.30859375,563849,0.0,0.0,APOLLOHOSP.NS,1073
2024-05-06 00:00:00+05:30,6016.484383175206,6052.434023324707,5953.038014819508,6023.1474609375,419144,0.0,0.0,APOLLOHOSP.NS,1074
2024-05-07 00:00:00+05:30,6046.318694123131,6046.318694123131,5823.957271348995,5867.564453125,455928,0.0,0.0,APOLLOHOSP.NS,1075
2024-05-08 00:00:00+05:30,5859.3592654258955,5877.259548314162,5780.448754578204,5814.111328125,511587,0.0,0.0,APOLLOHOSP.NS,1076
2024-05-09 00:00:00+05:30,5827.437509985339,5859.35978106055,5757.924835767241,5774.23388671875,598157,0.0,0.0,APOLLOHOSP.NS,1077
2024-05-10 00:00:00+05:30,5787.709117066629,5848.420721002616,5721.378424265992,5810.08447265625,372227,0.0,0.0,APOLLOHOSP.NS,1078
2024-05-13 00:00:00+05:30,5787.758864275289,5810.034677565485,5758.124141984266,5797.8525390625,348407,0.0,0.0,APOLLOHOSP.NS,1079
2024-05-14 00:00:00+05:30,5822.56420580504,5861.994453823893,5708.201288013823,5830.32080078125,558136,0.0,0.0,APOLLOHOSP.NS,1080
2024-05-15 00:00:00+05:30,5837.432148565266,5850.857361962913,5787.758664763453,5816.39892578125,509306,0.0,0.0,APOLLOHOSP.NS,1081
2024-05-16 00:00:00+05:30,5857.370658608796,5911.568740254666,5817.592250061367,5898.83984375,378026,0.0,0.0,APOLLOHOSP.NS,1082
2024-05-17 00:00:00+05:30,5892.1773597698,5939.91145483629,5877.359998208176,5920.07177734375,267904,0.0,0.0,APOLLOHOSP.NS,1083
2024-05-21 00:00:00+05:30,5966.761166624638,6008.428951656313,5887.602038032164,5915.2978515625,606639,0.0,0.0,APOLLOHOSP.NS,1084
2024-05-22 00:00:00+05:30,5925.591217862684,5925.591217862684,5812.57090231844,5835.64208984375,735701,0.0,0.0,APOLLOHOSP.NS,1085
2024-05-23 00:00:00+05:30,5845.885363747769,5958.259378012659,5828.134150219865,5936.9775390625,308200,0.0,0.0,APOLLOHOSP.NS,1086
2024-05-24 00:00:00+05:30,5905.40345883654,5938.767893550032,5834.49863303378,5881.58642578125,608807,0.0,0.0,APOLLOHOSP.NS,1087
2024-05-27 00:00:00+05:30,5917.038379649063,5926.485751851865,5885.2156522291025,5906.3974609375,189637,0.0,0.0,APOLLOHOSP.NS,1088
2024-05-28 00:00:00+05:30,5911.220287454715,5938.369341281015,5847.72390886023,5871.7900390625,314362,0.0,0.0,APOLLOHOSP.NS,1089
2024-05-29 00:00:00+05:30,5877.160070510507,5912.065719645871,5848.320725536624,5870.74609375,337183,0.0,0.0,APOLLOHOSP.NS,1090
2024-05-30 00:00:00+05:30,5867.315340199446,5869.055645596963,5718.1463061265795,5734.50537109375,643549,0.0,0.0,APOLLOHOSP.NS,1091
2024-05-31 00:00:00+05:30,5823.509258720218,5926.336343747615,5711.184787671417,5806.85205078125,1382132,0.0,0.0,APOLLOHOSP.NS,1092
2024-06-03 00:00:00+05:30,5953.1373269844935,5984.81098373604,5780.349854871317,5818.7861328125,804820,0.0,0.0,APOLLOHOSP.NS,1093
2024-06-04 00:00:00+05:30,5718.495005778768,5930.712741231744,5661.661695530983,5813.31689453125,642000,0.0,0.0,APOLLOHOSP.NS,1094
2024-06-05 00:00:00+05:30,5882.232877327711,5911.81807227285,5744.798264898243,5901.77392578125,487289,0.0,0.0,APOLLOHOSP.NS,1095
2024-06-06 00:00:00+05:30,5936.927850180046,5941.900151562107,5867.315630831202,5928.97216796875,490549,0.0,0.0,APOLLOHOSP.NS,1096
2024-06-07 00:00:00+05:30,5954.579129321653,5997.58953345395,5932.402860843487,5981.23046875,436163,0.0,0.0,APOLLOHOSP.NS,1097
2024-06-10 00:00:00+05:30,6006.539780888966,6041.345888890806,5958.855218695931,6023.1474609375,443756,0.0,0.0,APOLLOHOSP.NS,1098
2024-06-11 00:00:00+05:30,6048.058716359043,6133.085069012259,6025.633831614942,6074.11376953125,521348,0.0,0.0,APOLLOHOSP.NS,1099
2024-06-12 00:00:00+05:30,6083.411631047337,6154.565554894163,6041.34615574894,6134.427734375,321285,0.0,0.0,APOLLOHOSP.NS,1100
2024-06-13 00:00:00+05:30,6173.559641357561,6176.144849520622,6125.875078617354,6171.8193359375,401804,0.0,0.0,APOLLOHOSP.NS,1101
2024-06-14 00:00:00+05:30,6175.598033219894,6185.493106746791,6140.791925142165,6173.21142578125,216573,0.0,0.0,APOLLOHOSP.NS,1102
2024-06-18 00:00:00+05:30,6190.515025197609,6215.177445043382,6132.040957021441,6201.80224609375,267887,0.0,0.0,APOLLOHOSP.NS,1103
2024-06-19 00:00:00+05:30,6230.293189427236,6234.271030250494,6094.101670010445,6139.349609375,401714,0.0,0.0,APOLLOHOSP.NS,1104
2024-06-20 00:00:00+05:30,6131.544020457637,6159.388908651088,6081.870534610581,6141.6376953125,252844,0.0,0.0,APOLLOHOSP.NS,1105
2024-06-21 00:00:00+05:30,6118.118138890908,6204.536631774516,6110.957831334836,6135.8193359375,434583,0.0,0.0,APOLLOHOSP.NS,1106
2024-06-24 00:00:00+05:30,6135.819812976391,6260.127345654195,6122.046441240431,6224.87353515625,357273,0.0,0.0,APOLLOHOSP.NS,1107
2024-06-25 00:00:00+05:30,6223.331912186861,6280.016143410039,6207.66916408572,6260.47509765625,348730,0.0,0.0,APOLLOHOSP.NS,1108
2024-06-26 00:00:00+05:30,6245.011032689949,6250.828722033856,6091.068786408455,6102.80322265625,538411,0.0,0.0,APOLLOHOSP.NS,1109
2024-06-27 00:00:00+05:30,6081.870967885011,6166.051940537384,6021.457500804274,6158.19580078125,440975,0.0,0.0,APOLLOHOSP.NS,1110
2024-06-28 00:00:00+05:30,6188.028558101733,6188.028558101733,6111.106964968935,6151.4326171875,334692,0.0,0.0,APOLLOHOSP.NS,1111
2024-07-01 00:00:00+05:30,6145.76457981333,6145.76457981333,6074.611140437763,6106.4833984375,374933,0.0,0.0,APOLLOHOSP.NS,1112
2024-07-02 00:00:00+05:30,6100.76539249841,6129.604741515477,6043.335309542008,6063.8212890625,436037,0.0,0.0,APOLLOHOSP.NS,1113
2024-07-03 00:00:00+05:30,6098.278728006371,6183.305077428613,6045.373249690907,6158.39404296875,188203,0.0,0.0,APOLLOHOSP.NS,1114
2024-07-04 00:00:00+05:30,6166.598350071698,6209.409668691468,6126.869469700214,6190.564453125,222050,0.0,0.0,APOLLOHOSP.NS,1115
2024-07-05 00:00:00+05:30,6166.648000481449,6307.712283835749,6124.8806700476125,6293.4912109375,350300,0.0,0.0,APOLLOHOSP.NS,1116
2024-07-08 00:00:00+05:30,6344.656419648639,6352.562572897371,6257.93929128123,6282.453125,317731,0.0,0.0,APOLLOHOSP.NS,1117
2024-07-09 00:00:00+05:30,6274.348533733531,6315.220951505502,6221.244447805788,6285.28759765625,176239,0.0,0.0,APOLLOHOSP.NS,1118
2024-07-10 00:00:00+05:30,6285.287369160561,6381.451876379387,6266.243551139054,6340.380859375,295890,0.0,0.0,APOLLOHOSP.NS,1119
2024-07-11 00:00:00+05:30,6360.468400025002,6376.131149416012,6304.878167555664,6353.65625,354777,0.0,0.0,APOLLOHOSP.NS,1120
2024-07-12 00:00:00+05:30,6349.828070457194,6384.38556571167,6284.9890649866165,6318.701171875,211028,0.0,0.0,APOLLOHOSP.NS,1121
2024-07-15 00:00:00+05:30,6305.375324610604,6430.876404570304,6305.375324610604,6401.58935546875,359221,0.0,0.0,APOLLOHOSP.NS,1122
2024-07-16 00:00:00+05:30,6401.589177016455,6428.190988424307,6367.528913812011,6417.9482421875,298376,0.0,0.0,APOLLOHOSP.NS,1123
2024-07-18 00:00:00+05:30,6396.368667482709,6503.472236322672,6394.379746877148,6484.7265625,583444,0.0,0.0,APOLLOHOSP.NS,1124
2024-07-19 00:00:00+05:30,6489.101660842492,6489.101660842492,6329.739407879002,6346.595703125,228785,0.0,0.0,APOLLOHOSP.NS,1125
2024-07-22 00:00:00+05:30,6346.596274782239,6398.357740544768,6334.861351584027,6366.68408203125,222285,0.0,0.0,APOLLOHOSP.NS,1126
2024-07-23 00:00:00+05:30,6368.523663561139,6438.53357049252,6289.76221477814,6368.1259765625,284679,0.0,0.0,APOLLOHOSP.NS,1127
2024-07-24 00:00:00+05:30,6364.545609015406,6408.2523312953335,6314.872125227025,6387.0205078125,309594,0.0,0.0,APOLLOHOSP.NS,1128
2024-07-25 00:00:00+05:30,6369.318572154684,6398.50607649474,6336.700471428688,6350.423828125,412373,0.0,0.0,APOLLOHOSP.NS,1129
2024-07-26 00:00:00+05:30,6397.362805533417,6642.944959164911,6358.131154334409,6627.6298828125,432671,0.0,0.0,APOLLOHOSP.NS,1130
2024-07-29 00:00:00+05:30,6739.457136167379,6739.457136167379,6579.746722382726,6644.63525390625,367708,0.0,0.0,APOLLOHOSP.NS,1131
2024-07-30 00:00:00+05:30,6644.635160831205,6675.960658369286,6547.625758717602,6604.21044921875,264929,0.0,0.0,APOLLOHOSP.NS,1132
2024-07-31 00:00:00+05:30,6627.331856494038,6649.707212576285,6547.675491725978,6578.65283203125,352268,0.0,0.0,APOLLOHOSP.NS,1133
2024-08-01 00:00:00+05:30,6578.652140377001,6697.689216449976,6570.000628280568,6669.24755859375,361725,0.0,0.0,APOLLOHOSP.NS,1134
2024-08-02 00:00:00+05:30,6669.24880102739,6758.203473657495,6643.989605226516,6672.97802734375,587569,0.0,0.0,APOLLOHOSP.NS,1135
2024-08-05 00:00:00+05:30,6651.944393282665,6719.070457948023,6563.486962726471,6650.55224609375,907845,0.0,0.0,APOLLOHOSP.NS,1136
2024-08-06 00:00:00+05:30,6652.093843641484,6697.689944312309,6594.31560461612,6620.818359375,334936,0.0,0.0,APOLLOHOSP.NS,1137
2024-08-07 00:00:00+05:30,6664.076790029601,6730.506536197739,6625.093756523246,6683.12060546875,358284,0.0,0.0,APOLLOHOSP.NS,1138
2024-08-08 00:00:00+05:30,6702.661845282039,6706.98784433008,6463.99139381799,6505.6591796875,509454,0.0,0.0,APOLLOHOSP.NS,1139
2024-08-09 00:00:00+05:30,6545.785906016914,6561.448654776042,6493.825358546158,6551.35498046875,115598,0.0,0.0,APOLLOHOSP.NS,1140
2024-08-12 00:00:00+05:30,6513.714824341823,6555.382612896779,6385.3799196286345,6466.37841796875,230114,0.0,0.0,APOLLOHOSP.NS,1141
2024-08-13 00:00:00+05:30,6474.2340965423355,6605.204700138739,6474.2340965423355,6552.89599609375,400126,0.0,0.0,APOLLOHOSP.NS,1142
2024-08-14 00:00:00+05:30,6563.437144445174,6826.969090396383,6424.461335212415,6479.75341796875,1723346,0.0,0.0,APOLLOHOSP.NS,1143
2024-08-16 00:00:00+05:30,6529.9017091728565,6687.865137603918,6529.7023168916085,6660.0771484375,611092,10.0,0.0,APOLLOHOSP.NS,1144
2024-08-19 00:00:00+05:30,6722.924220163302,6729.796445434941,6538.715902001771,6697.9248046875,398225,0.0,0.0,APOLLOHOSP.NS,1145
2024-08-20 00:00:00+05:30,6747.8238504638375,6761.3693948673035,6623.32525543683,6646.13330078125,146064,0.0,0.0,APOLLOHOSP.NS,1146
2024-08-21 00:00:00+05:30,6648.225219245503,6761.269947692598,6600.517453138968,6725.36474609375,291296,0.0,0.0,APOLLOHOSP.NS,1147
2024-08-22 00:00:00+05:30,6733.431665205967,6830.490965093489,6723.92016700877,6803.15087890625,344641,0.0,0.0,APOLLOHOSP.NS,1148
2024-08-23 00:00:00+05:30,6836.467232626043,6899.612826292235,6803.300999584239,6833.1806640625,468784,0.0,0.0,APOLLOHOSP.NS,1149
2024-08-26 00:00:00+05:30,6802.603640215938,6850.411103573239,6582.2907187153105,6752.80419921875,385016,0.0,0.0,APOLLOHOSP.NS,1150
2024-08-27 00:00:00+05:30,6752.804156847328,6823.2703654162,6706.98867141739,6754.24853515625,297297,0.0,0.0,APOLLOHOSP.NS,1151
2024-08-28 00:00:00+05:30,6758.680357132553,6821.029353798087,6719.4881002605225,6749.2685546875,250361,0.0,0.0,APOLLOHOSP.NS,1152
2024-08-29 00:00:00+05:30,6772.62437226047,6879.643566958727,6733.183117185793,6829.69482421875,659960,0.0,0.0,APOLLOHOSP.NS,1153
2024-08-30 00:00:00+05:30,6837.463586306839,6961.962194943161,6823.519742139571,6899.712890625,499581,0.0,0.0,APOLLOHOSP.NS,1154
2024-09-02 00:00:00+05:30,6960.965812398308,6970.925700525934,6837.5128045273095,6852.45263671875,248292,0.0,0.0,APOLLOHOSP.NS,1155
2024-09-03 00:00:00+05:30,6863.309223967324,6898.019044630054,6807.03585670109,6817.39404296875,361990,0.0,0.0,APOLLOHOSP.NS,1156
2024-09-04 00:00:00+05:30,6810.571371144691,6910.170250512118,6762.813513958948,6903.0986328125,389768,0.0,0.0,APOLLOHOSP.NS,1157
2024-09-05 00:00:00+05:30,6903.098598664039,7015.745027935887,6872.522034643088,6906.48486328125,387284,0.0,0.0,APOLLOHOSP.NS,1158
2024-09-06 00:00:00+05:30,6906.485396931898,6934.522872559656,6830.391944856543,6879.095703125,185503,0.0,0.0,APOLLOHOSP.NS,1159
2024-09-09 00:00:00+05:30,6879.095359419296,6900.210516846332,6793.0921142208335,6833.1806640625,304409,0.0,0.0,APOLLOHOSP.NS,1160
2024-09-10 00:00:00+05:30,6872.322768549933,6947.868616828162,6833.180602962473,6893.7861328125,354522,0.0,0.0,APOLLOHOSP.NS,1161
2024-09-11 00:00:00+05:30,6872.322291878011,6926.056078819644,6845.878985414401,6872.5712890625,223028,0.0,0.0,APOLLOHOSP.NS,1162
2024-09-12 00:00:00+05:30,6915.149875824249,7067.98454369987,6887.2621908864585,7033.47314453125,831152,0.0,0.0,APOLLOHOSP.NS,1163
2024-09-13 00:00:00+05:30,7067.735857088359,7071.470815056651,6979.939056055574,6990.99462890625,238034,0.0,0.0,APOLLOHOSP.NS,1164
2024-09-16 00:00:00+05:30,6996.821369904109,7034.619339662762,6982.379532201105,7003.14599609375,226343,0.0,0.0,APOLLOHOSP.NS,1165
2024-09-17 00:00:00+05:30,7003.195400086941,7123.7601335215095,6971.821753563265,6979.93896484375,266003,0.0,0.0,APOLLOHOSP.NS,1166
2024-09-18 00:00:00+05:30,7001.7018013756915,7039.649073185838,6932.829270823191,7007.677734375,251334,0.0,0.0,APOLLOHOSP.NS,1167
2024-09-19 00:00:00+05:30,7039.648870339338,7096.0715388508,6983.325897972859,7002.05029296875,407897,0.0,0.0,APOLLOHOSP.NS,1168
2024-09-20 00:00:00+05:30,7011.661226287806,7091.4400238203125,6989.749473405215,7054.23974609375,493357,0.0,0.0,APOLLOHOSP.NS,1169
2024-09-23 00:00:00+05:30,7061.959279438232,7153.191955810573,7061.959279438232,7124.10888671875,254282,0.0,0.0,APOLLOHOSP.NS,1170
2024-09-24 00:00:00+05:30,7047.816037068572,7171.119254159646,7047.816037068572,7093.43212890625,333949,0.0,0.0,APOLLOHOSP.NS,1171
2024-09-25 00:00:00+05:30,7064.2994875150125,7116.290296861779,7045.773998763713,7104.83642578125,236185,0.0,0.0,APOLLOHOSP.NS,1172
2024-09-26 00:00:00+05:30,7079.488119864654,7165.093548482394,7065.942575437753,7139.09814453125,405696,0.0,0.0,APOLLOHOSP.NS,1173
2024-09-27 00:00:00+05:30,7130.582352980152,7250.698698373635,7081.480300139749,7204.98291015625,772592,0.0,0.0,APOLLOHOSP.NS,1174
2024-09-30 00:00:00+05:30,7131.777592216529,7287.600229913281,7131.777592216529,7170.2724609375,442794,0.0,0.0,APOLLOHOSP.NS,1175
2024-10-01 00:00:00+05:30,7172.613011235926,7214.892928368183,7106.3797591013445,7124.65625,310719,0.0,0.0,APOLLOHOSP.NS,1176
2024-10-03 00:00:00+05:30,7064.897226629451,7171.11933450731,6828.4495836145325,6878.2490234375,655420,0.0,0.0,APOLLOHOSP.NS,1177
2024-10-04 00:00:00+05:30,6874.414245540814,6930.388523100485,6700.365206493092,6746.4296875,429272,0.0,0.0,APOLLOHOSP.NS,1178
2024-10-07 00:00:00+05:30,6773.719830664667,6829.993197880158,6716.101781304275,6745.9814453125,260810,0.0,0.0,APOLLOHOSP.NS,1179
2024-10-08 00:00:00+05:30,6791.647478528614,6912.162120690509,6721.629661950389,6896.52490234375,345891,0.0,0.0,APOLLOHOSP.NS,1180
2024-10-09 00:00:00+05:30,6931.085901804395,7041.640656093846,6908.576458171023,6980.78564453125,391824,0.0,0.0,APOLLOHOSP.NS,1181
2024-10-10 00:00:00+05:30,7026.6510324572055,7026.750242274186,6856.4361658759535,6927.1513671875,237853,0.0,0.0,APOLLOHOSP.NS,1182
2024-10-11 00:00:00+05:30,6953.99389651925,6990.795877710645,6902.302174358209,6955.38818359375,75315,0.0,0.0,APOLLOHOSP.NS,1183
2024-10-14 00:00:00+05:30,6948.8642045829965,7072.914408810763,6933.82467720022,7064.14990234375,168515,0.0,0.0,APOLLOHOSP.NS,1184
2024-10-15 00:00:00+05:30,7086.460256484516,7121.668557553225,7011.761097069711,7111.50927734375,322659,0.0,0.0,APOLLOHOSP.NS,1185
2024-10-16 00:00:00+05:30,7056.680484381746,7106.579621517922,7027.697112461229,7042.935546875,223419,0.0,0.0,APOLLOHOSP.NS,1186
2024-10-17 00:00:00+05:30,7060.564930935862,7074.110476509149,6932.7296652575005,6961.2646484375,183572,0.0,0.0,APOLLOHOSP.NS,1187
2024-10-18 00:00:00+05:30,6955.287946667437,7013.403986686651,6922.1217162825005,6954.8896484375,236651,0.0,0.0,APOLLOHOSP.NS,1188
2024-10-21 00:00:00+05:30,6944.282832466007,7003.793162594709,6929.591997831725,6958.3759765625,222611,0.0,0.0,APOLLOHOSP.NS,1189
2024-10-22 00:00:00+05:30,6991.791741644362,7009.022153282737,6843.9866152886925,6864.30517578125,112233,0.0,0.0,APOLLOHOSP.NS,1190
2024-10-23 00:00:00+05:30,6857.383141237512,6931.036710246541,6827.254478924886,6879.0458984375,109466,0.0,0.0,APOLLOHOSP.NS,1191
2024-10-24 00:00:00+05:30,6909.4232577480325,6950.0098010833935,6843.090306836017,6926.25537109375,147408,0.0,0.0,APOLLOHOSP.NS,1192
2024-10-25 00:00:00+05:30,6926.25566570703,6952.998063214698,6848.468840360979,6916.9931640625,175261,0.0,0.0,APOLLOHOSP.NS,1193
2024-10-28 00:00:00+05:30,6895.230521304736,6942.0419953046385,6766.996962209259,6898.51708984375,238427,0.0,0.0,APOLLOHOSP.NS,1194
2024-10-29 00:00:00+05:30,6929.990601482619,6969.631248815988,6828.300044403761,6959.42236328125,196146,0.0,0.0,APOLLOHOSP.NS,1195
2024-10-30 00:00:00+05:30,6952.599417789615,7006.781110491072,6911.962783521535,6954.49169921875,191699,0.0,0.0,APOLLOHOSP.NS,1196
2024-10-31 00:00:00+05:30,6971.8214385196125,7021.720571333614,6928.147235290126,6994.5302734375,224153,0.0,0.0,APOLLOHOSP.NS,1197
2024-11-01 00:00:00+05:30,6994.530268284205,7017.736611229132,6972.668121070444,7003.7431640625,18769,0.0,0.0,APOLLOHOSP.NS,1198
2024-11-04 00:00:00+05:30,7061.561000457308,7061.561000457308,6864.504507714565,6930.48876953125,273442,0.0,0.0,APOLLOHOSP.NS,1199
2024-11-05 00:00:00+05:30,6892.2423593160765,6958.5252181125215,6786.916545804852,6938.3564453125,246059,0.0,0.0,APOLLOHOSP.NS,1200
2024-11-06 00:00:00+05:30,6991.841133726807,7113.102765924989,6863.358582978836,6940.1494140625,459745,0.0,0.0,APOLLOHOSP.NS,1201
2024-11-07 00:00:00+05:30,7287.151901346388,7453.88032568172,7171.417810700819,7395.0673828125,2502817,0.0,0.0,APOLLOHOSP.NS,1202
2024-11-08 00:00:00+05:30,7360.406514597787,7514.735166928777,7350.397022125166,7391.630859375,1032481,0.0,0.0,APOLLOHOSP.NS,1203
2024-11-11 00:00:00+05:30,7370.316906324547,7424.249601016434,6954.5912905215255,7126.748046875,625620,0.0,0.0,APOLLOHOSP.NS,1204
2024-11-12 00:00:00+05:30,7132.52487550812,7203.837771667591,6972.917668484182,6991.39306640625,194183,0.0,0.0,APOLLOHOSP.NS,1205
2024-11-13 00:00:00+05:30,6942.041948682719,6970.129027423095,6803.051905917854,6831.337890625,299775,0.0,0.0,APOLLOHOSP.NS,1206
2024-11-14 00:00:00+05:30,6832.483563882026,6880.291029052046,6799.665536491449,6833.130859375,192648,0.0,0.0,APOLLOHOSP.NS,1207
2024-11-18 00:00:00+05:30,6846.875045701368,6846.875045701368,6667.696280813067,6714.8564453125,268706,0.0,0.0,APOLLOHOSP.NS,1208
2024-11-19 00:00:00+05:30,6722.924136518968,6769.635912143735,6634.480529074262,6660.0771484375,290018,0.0,0.0,APOLLOHOSP.NS,1209
2024-11-21 00:00:00+05:30,6596.981525687408,6734.826766838141,6567.699551770419,6715.45458984375,258574,0.0,0.0,APOLLOHOSP.NS,1210
2024-11-22 00:00:00+05:30,6724.518276406601,6922.420964972547,6724.518276406601,6907.2822265625,498633,0.0,0.0,APOLLOHOSP.NS,1211
2024-11-25 00:00:00+05:30,6952.001671543729,7118.331797496136,6903.0985252716355,7046.62060546875,639047,0.0,0.0,APOLLOHOSP.NS,1212
2024-11-26 00:00:00+05:30,7066.5402496444085,7083.521663467213,7014.250839763319,7048.1640625,179222,0.0,0.0,APOLLOHOSP.NS,1213
2024-11-27 00:00:00+05:30,7048.1645690013365,7086.858832358551,6942.042153564508,6954.69140625,227250,0.0,0.0,APOLLOHOSP.NS,1214
2024-11-28 00:00:00+05:30,6954.69129315865,7001.801369579959,6788.659763166003,6813.6591796875,412343,0.0,0.0,APOLLOHOSP.NS,1215
2024-11-29 00:00:00+05:30,6839.504687918847,6864.803192472588,6784.675699060755,6801.5078125,410883,0.0,0.0,APOLLOHOSP.NS,1216
2024-12-02 00:00:00+05:30,6830.491239919844,7051.600755122849,6793.73935019793,7037.45751953125,579743,0.0,0.0,APOLLOHOSP.NS,1217
2024-12-03 00:00:00+05:30,7075.902812286255,7106.778465430232,7048.1644266326975,7097.9638671875,351470,0.0,0.0,APOLLOHOSP.NS,1218
2024-12-04 00:00:00+05:30,7187.702137516631,7239.94194214376,7096.469470471673,7203.33935546875,604278,0.0,0.0,APOLLOHOSP.NS,1219
2024-12-05 00:00:00+05:30,7228.139532387013,7305.528054680233,7111.758146843946,7245.5693359375,510951,0.0,0.0,APOLLOHOSP.NS,1220
2024-12-06 00:00:00+05:30,7233.86670663391,7280.727785483219,7178.838325036564,7204.28564453125,189048,0.0,0.0,APOLLOHOSP.NS,1221
2024-12-09 00:00:00+05:30,7134.018305447531,7198.956965442383,7134.018305447531,7164.99365234375,203674,0.0,0.0,APOLLOHOSP.NS,1222
2024-12-10 00:00:00+05:30,7199.803390025749,7279.134284217463,7186.258331879629,7229.18505859375,333300,0.0,0.0,APOLLOHOSP.NS,1223
2024-12-11 00:00:00+05:30,7226.595750542978,7334.461137379791,7187.104407642246,7311.35400390625,391192,0.0,0.0,APOLLOHOSP.NS,1224
2024-12-12 00:00:00+05:30,7270.71783376115,7289.292926578768,7160.661077510382,7198.1103515625,396742,0.0,0.0,APOLLOHOSP.NS,1225
2024-12-13 00:00:00+05:30,7192.034605283496,7248.158667373907,7175.302189181224,7230.33056640625,314999,0.0,0.0,APOLLOHOSP.NS,1226
2024-12-16 00:00:00+05:30,7222.562024079061,7240.938211815018,7137.305286244866,7230.08203125,219812,0.0,0.0,APOLLOHOSP.NS,1227
2024-12-17 00:00:00+05:30,7198.011341517857,7277.690448660714,7172.115631696428,7189.79443359375,237831,0.0,0.0,APOLLOHOSP.NS,1228
2024-12-18 00:00:00+05:30,7204.235884428723,7238.348500340199,7148.858810677242,7208.369140625,253532,0.0,0.0,APOLLOHOSP.NS,1229
2024-12-19 00:00:00+05:30,7119.327902358066,7283.915050632362,7108.770323872915,7268.27783203125,292899,0.0,0.0,APOLLOHOSP.NS,1230
2024-12-20 00:00:00+05:30,7295.418205008448,7360.257169929414,7181.12849589053,7222.61181640625,349055,0.0,0.0,APOLLOHOSP.NS,1231
2024-12-23 00:00:00+05:30,7222.014652570108,7300.498377302682,7156.179694097524,7235.95849609375,179062,0.0,0.0,APOLLOHOSP.NS,1232
2024-12-24 00:00:00+05:30,7230.878270944838,7250.549048610287,7181.477132049615,7210.95849609375,146814,0.0,0.0,APOLLOHOSP.NS,1233
2024-12-26 00:00:00+05:30,7243.029893735596,7268.775814972087,7195.770030986828,7232.02392578125,116439,0.0,0.0,APOLLOHOSP.NS,1234
2024-12-27 00:00:00+05:30,7232.023929282693,7265.738247200788,7126.299816137304,7217.2333984375,189089,0.0,0.0,APOLLOHOSP.NS,1235
2024-12-30 00:00:00+05:30,7210.958963880439,7348.803717527655,7191.088792648417,7284.9111328125,428884,0.0,0.0,APOLLOHOSP.NS,1236
2024-12-31 00:00:00+05:30,7276.295904250112,7336.403925840035,7223.707403601825,7267.0830078125,212227,0.0,0.0,APOLLOHOSP.NS,1237
2025-01-01 00:00:00+05:30,7290.63811982779,7415.136721600807,7271.11664180525,7340.0888671875,341399,0.0,0.0,APOLLOHOSP.NS,1238
2025-01-02 00:00:00+05:30,7375.29725441015,7415.087202526482,7303.63566387098,7391.88037109375,265991,0.0,0.0,APOLLOHOSP.NS,1239
2025-01-03 00:00:00+05:30,7398.155445311148,7407.716549048129,7250.798702965628,7269.0751953125,180636,0.0,0.0,APOLLOHOSP.NS,1240
2025-01-06 00:00:00+05:30,7269.074957120651,7443.024303809049,7261.505344974686,7399.35009765625,527272,0.0,0.0,APOLLOHOSP.NS,1241
2025-01-07 00:00:00+05:30,7436.30159232181,7515.084405936943,7315.737339136088,7406.919921875,398234,0.0,0.0,APOLLOHOSP.NS,1242
2025-01-08 00:00:00+05:30,7418.871280313221,7430.07615386966,7102.3958516413595,7113.9990234375,450295,0.0,0.0,APOLLOHOSP.NS,1243
2025-01-09 00:00:00+05:30,7111.360346208702,7134.965476340734,6963.057704600622,7063.1044921875,305521,0.0,0.0,APOLLOHOSP.NS,1244
2025-01-10 00:00:00+05:30,7061.560327393905,7110.363776765174,6988.703846668466,7008.52392578125,185381,0.0,0.0,APOLLOHOSP.NS,1245
2025-01-13 00:00:00+05:30,6971.921544035586,6971.921544035586,6728.949883696884,6812.1650390625,431086,0.0,0.0,APOLLOHOSP.NS,1246
2025-01-14 00:00:00+05:30,6827.104603887412,6871.326407258088,6656.292532740179,6679.947265625,362659,0.0,0.0,APOLLOHOSP.NS,1247
2025-01-15 00:00:00+05:30,6722.52616625193,6732.834747695379,6581.494053554095,6665.0078125,547360,0.0,0.0,APOLLOHOSP.NS,1248
2025-01-16 00:00:00+05:30,6732.884069365978,6780.492137930959,6673.174348215843,6762.4150390625,579821,0.0,0.0,APOLLOHOSP.NS,1249
2025-01-17 00:00:00+05:30,6792.594214083201,6817.5435397397405,6735.175068989127,6800.71142578125,166710,0.0,0.0,APOLLOHOSP.NS,1250
2025-01-20 00:00:00+05:30,6873.318341281791,6882.282240002489,6712.964153055973,6753.650390625,120356,0.0,0.0,APOLLOHOSP.NS,1251
2025-01-21 00:00:00+05:30,6810.5711174807175,6986.811522486259,6810.5711174807175,6891.3955078125,799900,0.0,0.0,APOLLOHOSP.NS,1252
2025-01-22 00:00:00+05:30,6880.2905044316785,6914.104518101654,6802.503683311314,6865.2509765625,247081,0.0,0.0,APOLLOHOSP.NS,1253
2025-01-23 00:00:00+05:30,6864.603977814577,6935.169883317082,6795.831143990335,6893.08935546875,271085,0.0,0.0,APOLLOHOSP.NS,1254
2025-01-24 00:00:00+05:30,6887.511130323293,6887.511130323293,6701.4606283273615,6717.99365234375,317194,0.0,0.0,APOLLOHOSP.NS,1255
2025-01-27 00:00:00+05:30,6673.12481613199,6702.805087203042,6647.577801227298,6668.59326171875,191705,0.0,0.0,APOLLOHOSP.NS,1256
2025-01-28 00:00:00+05:30,6672.128779695385,6720.434235108913,6608.435103234469,6682.0390625,202194,0.0,0.0,APOLLOHOSP.NS,1257
2025-01-29 00:00:00+05:30,6713.960306518253,6771.478658053845,6670.385797779168,6757.08642578125,146288,0.0,0.0,APOLLOHOSP.NS,1258
2025-01-30 00:00:00+05:30,6759.029029487476,6867.342812056165,6743.192904748861,6797.27490234375,204648,0.0,0.0,APOLLOHOSP.NS,1259
2025-01-31 00:00:00+05:30,6794.884508883915,6852.4028613905,6761.917182736824,6783.181640625,187712,0.0,0.0,APOLLOHOSP.NS,1260
2025-02-01 00:00:00+05:30,6782.982432391332,6912.162376228295,6782.932827479646,6813.6591796875,117096,0.0,0.0,APOLLOHOSP.NS,1261
2025-02-03 00:00:00+05:30,6754.397979426772,6859.126108142737,6697.975309199197,6771.37939453125,250589,0.0,0.0,APOLLOHOSP.NS,1262
2025-02-04 00:00:00+05:30,6757.783764494344,6789.257106704785,6679.399254229739,6764.955078125,223642,0.0,0.0,APOLLOHOSP.NS,1263
2025-02-05 00:00:00+05:30,6798.768785351028,6979.889444177147,6769.188210065273,6916.79345703125,389639,0.0,0.0,APOLLOHOSP.NS,1264
2025-02-06 00:00:00+05:30,6809.973497923129,6897.222211173037,6758.331383091911,6846.67578125,334197,0.0,0.0,APOLLOHOSP.NS,1265
2025-02-07 00:00:00+05:30,6893.686845878313,6902.053054499303,6722.924372293009,6763.3115234375,259335,0.0,0.0,APOLLOHOSP.NS,1266
2025-02-10 00:00:00+05:30,6789.854671095885,6806.935780818557,6659.18075314291,6734.12890625,213808,0.0,0.0,APOLLOHOSP.NS,1267
2025-02-11 00:00:00+05:30,6772.623952991413,6787.6634807121045,6257.299459658664,6292.009765625,1728723,0.0,0.0,APOLLOHOSP.NS,1268
2025-02-12 00:00:00+05:30,6324.130352602719,6468.000637756282,6190.070167715582,6348.97998046875,1133586,0.0,0.0,APOLLOHOSP.NS,1269
2025-02-13 00:00:00+05:30,6346.6892533454875,6399.227659420889,6319.000960881246,6346.6396484375,636246,0.0,0.0,APOLLOHOSP.NS,1270
2025-02-14 00:00:00+05:30,6360.653337657951,6363.296343685195,6214.385088677594,6254.18115234375,320088,9.0,0.0,APOLLOHOSP.NS,1271
2025-02-17 00:00:00+05:30,6133.994893360438,6300.560283147624,6133.994893360438,6283.80419921875,482329,0.0,0.0,APOLLOHOSP.NS,1272
2025-02-18 00:00:00+05:30,6303.552248815046,6373.370074355719,6303.552248815046,6360.25439453125,220118,0.0,0.0,APOLLOHOSP.NS,1273
2025-02-19 00:00:00+05:30,6331.7287808070905,6418.253015318179,6267.895339784502,6405.93505859375,195067,0.0,0.0,APOLLOHOSP.NS,1274
2025-02-20 00:00:00+05:30,6367.635112909902,6452.613576362721,6361.301541259929,6374.31787109375,165304,0.0,0.0,APOLLOHOSP.NS,1275
2025-02-21 00:00:00+05:30,6345.741936683745,6378.955565730267,6276.5728094792485,6301.1083984375,220428,0.0,0.0,APOLLOHOSP.NS,1276
2025-02-24 00:00:00+05:30,6258.669538627559,6258.669538627559,6219.771034722145,6235.130859375,458224,0.0,0.0,APOLLOHOSP.NS,1277
2025-02-25 00:00:00+05:30,6234.731868155043,6263.606721027249,6196.880437645116,6235.0810546875,421160,0.0,0.0,APOLLOHOSP.NS,1278
2025-02-27 00:00:00+05:30,6244.706055044134,6265.900752962946,6129.456963047456,6169.103515625,397857,0.0,0.0,APOLLOHOSP.NS,1279
2025-02-28 00:00:00+05:30,6129.057250262549,6129.057250262549,5985.731523175903,6036.84814453125,845516,0.0,0.0,APOLLOHOSP.NS,1280
2025-03-03 00:00:00+05:30,6009.918380363871,6178.877416846154,5985.382304841609,6154.541015625,373515,0.0,0.0,APOLLOHOSP.NS,1281
2025-03-04 00:00:00+05:30,6117.039033936698,6204.311317561263,6096.392710320739,6172.04541015625,445246,0.0,0.0,APOLLOHOSP.NS,1282
2025-03-05 00:00:00+05:30,6183.864136745781,6218.822722263035,6114.694526781861,6198.2265625,345922,0.0,0.0,APOLLOHOSP.NS,1283
2025-03-06 00:00:00+05:30,6238.721582332875,6275.625291133245,6200.87015106991,6257.77197265625,284475,0.0,0.0,APOLLOHOSP.NS,1284
2025-03-07 00:00:00+05:30,6275.874575676994,6298.316019985903,6181.171485889195,6199.9228515625,299433,0.0,0.0,APOLLOHOSP.NS,1285
2025-03-10 00:00:00+05:30,6190.247685764061,6195.83320911127,6117.936367724691,6133.595703125,266043,0.0,0.0,APOLLOHOSP.NS,1286
2025-03-11 00:00:00+05:30,6114.046671182188,6139.679981720381,6024.280896238241,6118.833984375,526709,0.0,0.0,APOLLOHOSP.NS,1287
2025-03-12 00:00:00+05:30,6118.135953947748,6141.923981148612,6047.968944120358,6127.7607421875,250139,0.0,0.0,APOLLOHOSP.NS,1288
2025-03-13 00:00:00+05:30,6139.081265323298,6183.864314326566,6066.271250009453,6089.759765625,247628,0.0,0.0,APOLLOHOSP.NS,1289
2025-03-17 00:00:00+05:30,5986.380009896248,6188.053986440044,5986.380009896248,6140.62744140625,287639,0.0,0.0,APOLLOHOSP.NS,1290
2025-03-18 00:00:00+05:30,6140.62744140625,6140.62744140625,6140.62744140625,6140.62744140625,0,0.0,0.0,APOLLOHOSP.NS,1291
2025-03-19 00:00:00+05:30,6258.91834069301,6418.152745994655,6210.893750934534,6410.82177734375,579880,0.0,0.0,APOLLOHOSP.NS,1292
2025-03-20 00:00:00+05:30,6448.174724417698,6467.773487546892,6347.188229313708,6457.50048828125,457285,0.0,0.0,APOLLOHOSP.NS,1293
2025-03-21 00:00:00+05:30,6477.099380124182,6616.834867602567,6453.211515139204,6594.34326171875,496635,0.0,0.0,APOLLOHOSP.NS,1294
2025-03-24 00:00:00+05:30,6632.095174628822,6682.513913010905,6583.272856740102,6598.58251953125,389998,0.0,0.0,APOLLOHOSP.NS,1295
2025-03-25 00:00:00+05:30,6579.3324732484025,6649.798507770052,6544.97193527686,6627.4072265625,223668,0.0,0.0,APOLLOHOSP.NS,1296
2025-03-26 00:00:00+05:30,6636.483296364154,6662.615305690673,6474.156853100508,6502.83203125,281646,0.0,0.0,APOLLOHOSP.NS,1297
2025-03-27 00:00:00+05:30,6483.133476938838,6542.877977275219,6413.515325686059,6475.154296875,728926,0.0,0.0,APOLLOHOSP.NS,1298
2025-03-28 00:00:00+05:30,6475.15463686784,6632.444426939291,6416.208830659561,6598.98193359375,413873,0.0,0.0,APOLLOHOSP.NS,1299
2025-04-01 00:00:00+05:30,6581.825921467723,6644.562125090072,6528.614668904192,6615.0390625,319668,0.0,0.0,APOLLOHOSP.NS,1300
2025-04-02 00:00:00+05:30,6615.0391580547775,6728.842308720632,6615.0391580547775,6714.62939453125,292940,0.0,0.0,APOLLOHOSP.NS,1301
2025-04-03 00:00:00+05:30,6657.677871448089,6757.318269568567,6642.716909209037,6653.98779296875,312519,0.0,0.0,APOLLOHOSP.NS,1302
2025-04-04 00:00:00+05:30,6654.636126450561,6717.472169011471,6564.870351363548,6697.0751953125,279891,0.0,0.0,APOLLOHOSP.NS,1303
2025-04-07 00:00:00+05:30,6547.914804917633,6708.196783293852,6473.957875239059,6665.90673828125,744140,0.0,0.0,APOLLOHOSP.NS,1304
2025-04-08 00:00:00+05:30,6707.498580279425,6772.329421575807,6698.771351643374,6738.01904296875,578124,0.0,0.0,APOLLOHOSP.NS,1305
2025-04-09 00:00:00+05:30,6647.654435974469,6833.619397408445,6647.654435974469,6816.314453125,680834,0.0,0.0,APOLLOHOSP.NS,1306
2025-04-11 00:00:00+05:30,6804.944079765703,6853.0685088699265,6747.892748282507,6763.302734375,651996,0.0,0.0,APOLLOHOSP.NS,1307
2025-04-15 00:00:00+05:30,6946.873635570352,6946.873635570352,6817.211959673131,6887.02978515625,778401,0.0,0.0,APOLLOHOSP.NS,1308
2025-04-16 00:00:00+05:30,6852.120707474261,7016.192593410144,6847.133720059796,6987.26806640625,621996,0.0,0.0,APOLLOHOSP.NS,1309
2025-04-17 00:00:00+05:30,7019.683696880302,7073.543162585265,6981.782591384216,7055.09130859375,533349,0.0,0.0,APOLLOHOSP.NS,1310
2025-04-21 00:00:00+05:30,7131.39259111393,7170.29109615637,7039.632015116381,7123.912109375,244570,0.0,0.0,APOLLOHOSP.NS,1311
2025-04-22 00:00:00+05:30,7122.914314097273,7153.833636891786,7051.600392167992,7070.05224609375,305540,0.0,0.0,APOLLOHOSP.NS,1312
2025-04-23 00:00:00+05:30,7070.052318631751,7150.342818970307,7053.09656079628,7123.4130859375,287593,0.0,0.0,APOLLOHOSP.NS,1313
2025-04-24 00:00:00+05:30,7122.9140330373975,7165.802124253614,7075.0389544704585,7140.8671875,277769,0.0,0.0,APOLLOHOSP.NS,1314
2025-04-25 00:00:00+05:30,7150.841342899142,7224.150058807237,6880.047922912097,6934.90478515625,550158,0.0,0.0,APOLLOHOSP.NS,1315
2025-04-28 00:00:00+05:30,6936.401051797318,7037.636900062101,6936.401051797318,7026.66552734375,379519,0.0,0.0,APOLLOHOSP.NS,1316
2025-04-29 00:00:00+05:30,7030.654714454103,7071.548010424115,6957.844699678227,6974.3017578125,174253,0.0,0.0,APOLLOHOSP.NS,1317
2025-04-30 00:00:00+05:30,6973.803247500717,7017.19003829967,6901.9906282472775,6958.84228515625,499567,0.0,0.0,APOLLOHOSP.NS,1318
2025-05-02 00:00:00+05:30,6903.985341695385,7079.527297797435,6899.995751783975,6909.9697265625,207912,0.0,0.0,APOLLOHOSP.NS,1319
2025-05-05 00:00:00+05:30,6941.88653279144,7012.701754605835,6931.912557888004,6955.85009765625,259097,0.0,0.0,APOLLOHOSP.NS,1320
2025-05-06 00:00:00+05:30,6981.284000822881,7055.590116697059,6931.912823161515,6990.75927734375,292595,0.0,0.0,APOLLOHOSP.NS,1321
2025-05-07 00:00:00+05:30,6951.8604928095465,7037.636676795431,6931.912543045387,6964.82666015625,338311,0.0,0.0,APOLLOHOSP.NS,1322
2025-05-08 00:00:00+05:30,6931.9125986896115,6960.837126079828,6788.287359234748,6833.6689453125,383274,0.0,0.0,APOLLOHOSP.NS,1323
2025-05-09 00:00:00+05:30,6717.9712146145,6826.188849056735,6660.122156571647,6704.50634765625,428193,0.0,0.0,APOLLOHOSP.NS,1324
2025-05-12 00:00:00+05:30,6782.303012426003,6922.437361432747,6740.911016100168,6907.97509765625,237009,0.0,0.0,APOLLOHOSP.NS,1325
2025-05-13 00:00:00+05:30,6890.022281859866,6994.749024708055,6882.043101452385,6899.49755859375,323598,0.0,0.0,APOLLOHOSP.NS,1326
2025-05-14 00:00:00+05:30,6911.964377388988,6974.800417183434,6844.640049037797,6898.49951171875,324593,0.0,0.0,APOLLOHOSP.NS,1327
2025-05-15 00:00:00+05:30,6923.933377518558,7078.031289766702,6852.120758218452,7054.09375,656146,0.0,0.0,APOLLOHOSP.NS,1328
2025-05-16 00:00:00+05:30,7061.57399879722,7086.508935233651,6974.800419998441,6996.7431640625,270772,0.0,0.0,APOLLOHOSP.NS,1329
2025-05-19 00:00:00+05:30,6966.821306214827,7042.623513698339,6947.372055610505,6956.3486328125,307173,0.0,0.0,APOLLOHOSP.NS,1330
2025-05-20 00:00:00+05:30,6967.320437113444,6988.764483981662,6873.066370646159,6894.01171875,365507,0.0,0.0,APOLLOHOSP.NS,1331
2025-05-21 00:00:00+05:30,6910.4686568741945,7024.67067191527,6910.4686568741945,6965.82421875,449740,0.0,0.0,APOLLOHOSP.NS,1332
2025-05-22 00:00:00+05:30,6965.824105008448,6982.779862423274,6897.003677854154,6936.40087890625,229993,0.0,0.0,APOLLOHOSP.NS,1333
2025-05-23 00:00:00+05:30,6969.31513742375,7069.553587700829,6911.964780300048,7046.11474609375,321466,0.0,0.0,APOLLOHOSP.NS,1334
2025-05-26 00:00:00+05:30,7076.535153772987,7101.470090889875,7061.574191502853,7078.03125,228090,0.0,0.0,APOLLOHOSP.NS,1335
2025-05-27 00:00:00+05:30,7099.97419668122,7105.95858175955,7011.205818019335,7055.09130859375,218088,0.0,0.0,APOLLOHOSP.NS,1336
2025-05-28 00:00:00+05:30,7081.522543271131,7082.519940812437,6914.458455102411,6938.39599609375,278102,0.0,0.0,APOLLOHOSP.NS,1337
2025-05-29 00:00:00+05:30,6947.372304014641,6962.831965304172,6868.577901313161,6904.98291015625,308885,0.0,0.0,APOLLOHOSP.NS,1338
2025-05-30 00:00:00+05:30,6931.912878787879,6974.800972858077,6835.664016514062,6862.59375,911209,0.0,0.0,APOLLOHOSP.NS,1339
2025-06-02 00:00:00+05:30,6925.928270280529,7071.548305917188,6865.585721266709,6897.50244140625,1217905,0.0,0.0,APOLLOHOSP.NS,1340
2025-06-03 00:00:00+05:30,6931.912664850917,6932.411363603785,6781.804340237958,6794.7705078125,489548,0.0,0.0,APOLLOHOSP.NS,1341
2025-06-04 00:00:00+05:30,6794.770275424815,6850.125835099836,6754.375677824124,6837.15966796875,629518,0.0,0.0,APOLLOHOSP.NS,1342
2025-06-05 00:00:00+05:30,6850.6244994691115,6901.491770266654,6824.193466603721,6858.10498046875,488647,0.0,0.0,APOLLOHOSP.NS,1343
2025-06-06 00:00:00+05:30,6849.128617817677,6936.899597629524,6790.282165443824,6924.43212890625,269399,0.0,0.0,APOLLOHOSP.NS,1344
2025-06-09 00:00:00+05:30,6958.3436614233015,6958.3436614233015,6868.079187638623,6913.95947265625,239444,0.0,0.0,APOLLOHOSP.NS,1345
2025-06-10 00:00:00+05:30,6933.40874652624,6974.30204417532,6893.014147628979,6900.49462890625,559472,0.0,0.0,APOLLOHOSP.NS,1346
2025-06-11 00:00:00+05:30,6899.996402753969,6928.920932340536,6845.139536296689,6909.4716796875,526939,0.0,0.0,APOLLOHOSP.NS,1347
2025-06-12 00:00:00+05:30,6913.959366122794,7036.639256779617,6911.964571152764,6978.29150390625,552007,0.0,0.0,APOLLOHOSP.NS,1348
2025-06-13 00:00:00+05:30,6960.837213614268,7019.184967876546,6904.982953123883,6976.296875,367775,0.0,0.0,APOLLOHOSP.NS,1349
2025-06-16 00:00:00+05:30,6992.255198232304,7119.4233799275635,6963.829369382775,7095.48583984375,589027,0.0,0.0,APOLLOHOSP.NS,1350
2025-06-17 00:00:00+05:30,7101.470241918219,7115.932505753586,6981.283842458788,6988.265625,264117,0.0,0.0,APOLLOHOSP.NS,1351
2025-06-18 00:00:00+05:30,6988.265583907894,7011.704425158424,6898.998507655878,6915.45556640625,394355,0.0,0.0,APOLLOHOSP.NS,1352
2025-06-19 00:00:00+05:30,6918.946493375062,7016.691448881875,6894.011555745774,6991.2578125,462080,0.0,0.0,APOLLOHOSP.NS,1353
2025-06-20 00:00:00+05:30,6986.769434195158,7058.582053647271,6956.348810677249,7045.1171875,378436,0.0,0.0,APOLLOHOSP.NS,1354
2025-06-23 00:00:00+05:30,6981.782702127185,7031.153879806513,6977.294413247247,6989.26318359375,137379,0.0,0.0,APOLLOHOSP.NS,1355
2025-06-24 00:00:00+05:30,7016.192919427042,7057.584916890433,6975.299620728271,6987.76708984375,238243,0.0,0.0,APOLLOHOSP.NS,1356
2025-06-25 00:00:00+05:30,6976.7956563770285,7042.623892734553,6976.7956563770285,7023.67333984375,378904,0.0,0.0,APOLLOHOSP.NS,1357
2025-06-26 00:00:00+05:30,7036.140870807994,7103.9639028038755,7002.229354810053,7083.0185546875,426516,0.0,0.0,APOLLOHOSP.NS,1358
2025-06-27 00:00:00+05:30,7111.44404177285,7304.939153147875,7098.976573256417,7289.4794921875,523582,0.0,0.0,APOLLOHOSP.NS,1359
2025-06-30 00:00:00+05:30,7317.406897569354,7317.406897569354,7184.753027552763,7223.15283203125,353888,0.0,0.0,APOLLOHOSP.NS,1360
2025-07-01 00:00:00+05:30,7455.5463516088785,7564.761378431778,7385.229827490026,7476.49169921875,1872535,0.0,0.0,APOLLOHOSP.NS,1361
2025-07-02 00:00:00+05:30,7450.559293000772,7512.397937735183,7397.198526979951,7421.634765625,910865,0.0,0.0,APOLLOHOSP.NS,1362
2025-07-03 00:00:00+05:30,7454.549322538004,7580.720113185724,7420.637805684071,7545.3125,894597,0.0,0.0,APOLLOHOSP.NS,1363
2025-07-04 00:00:00+05:30,7573.239487812459,7573.239487812459,7505.416455391644,7533.84228515625,349076,0.0,0.0,APOLLOHOSP.NS,1364
2025-07-07 00:00:00+05:30,7542.818434098188,7605.654475268196,7515.888702168184,7596.17919921875,449086,0.0,0.0,APOLLOHOSP.NS,1365
2025-07-08 00:00:00+05:30,7585.208402181097,7615.13032881692,7534.341126900198,7545.3125,481581,0.0,0.0,APOLLOHOSP.NS,1366
2025-07-09 00:00:00+05:30,7525.3642225757085,7548.803064090689,7429.115362737596,7449.56201171875,266815,0.0,0.0,APOLLOHOSP.NS,1367
2025-07-10 00:00:00+05:30,7435.598303775033,7435.598303775033,7328.8767721179,7339.84814453125,384661,0.0,0.0,APOLLOHOSP.NS,1368
2025-07-11 00:00:00+05:30,7335.8588421998875,7364.78337060557,7140.368926078721,7170.78955078125,578061,0.0,0.0,APOLLOHOSP.NS,1369
2025-07-14 00:00:00+05:30,7181.262010907202,7237.614969742793,7154.3322783663,7201.2099609375,670246,0.0,0.0,APOLLOHOSP.NS,1370
2025-07-15 00:00:00+05:30,7241.6044891027805,7354.809104420343,7208.690371873885,7341.34423828125,517978,0.0,0.0,APOLLOHOSP.NS,1371
2025-07-16 00:00:00+05:30,7355.307979720971,7390.715591529242,7290.975839956648,7333.365234375,527782,0.0,0.0,APOLLOHOSP.NS,1372
2025-07-17 00:00:00+05:30,7341.84279064243,7389.219170557594,7312.419565221435,7331.3701171875,378666,0.0,0.0,APOLLOHOSP.NS,1373
2025-07-18 00:00:00+05:30,7365.281873664221,7365.281873664221,7236.11889680194,7284.49267578125,192649,0.0,0.0,APOLLOHOSP.NS,1374
2025-07-21 00:00:00+05:30,7284.492594372997,7303.443146751047,7227.142238492056,7235.6201171875,217270,0.0,0.0,APOLLOHOSP.NS,1375
2025-07-22 00:00:00+05:30,7251.079954951313,7272.524001585625,7197.7191877449995,7227.64111328125,300768,0.0,0.0,APOLLOHOSP.NS,1376
2025-07-23 00:00:00+05:30,7232.129351785532,7370.767605805418,7225.147569208992,7354.310546875,508883,0.0,0.0,APOLLOHOSP.NS,1377
2025-07-24 00:00:00+05:30,7353.811701946785,7466.01891969655,7330.372860905723,7344.33642578125,454916,0.0,0.0,APOLLOHOSP.NS,1378
2025-07-25 00:00:00+05:30,7345.832350363716,7464.023950298284,7324.388304805967,7449.06298828125,434232,0.0,0.0,APOLLOHOSP.NS,1379
2025-07-28 00:00:00+05:30,7460.533079801876,7482.475824154234,7303.941676923681,7337.3544921875,240740,0.0,0.0,APOLLOHOSP.NS,1380
2025-07-29 00:00:00+05:30,7337.354652633994,7449.561870525835,7291.474367984886,7436.595703125,336770,0.0,0.0,APOLLOHOSP.NS,1381
2025-07-30 00:00:00+05:30,7440.585791998742,7455.048056607854,7380.741938443792,7430.61181640625,266922,0.0,0.0,APOLLOHOSP.NS,1382
2025-07-31 00:00:00+05:30,7358.798630155542,7505.416060168128,7335.858488044729,7478.486328125,342605,0.0,0.0,APOLLOHOSP.NS,1383
2025-08-01 00:00:00+05:30,7518.382308377754,7518.382308377754,7312.419725904949,7332.36767578125,215243,0.0,0.0,APOLLOHOSP.NS,1384
2025-08-04 00:00:00+05:30,7367.775359823459,7368.772757327159,7276.014789483164,7288.98095703125,260996,0.0,0.0,APOLLOHOSP.NS,1385
2025-08-05 00:00:00+05:30,7292.970440524471,7322.892365198395,7216.669532605964,7255.0693359375,282791,0.0,0.0,APOLLOHOSP.NS,1386
2025-08-06 00:00:00+05:30,7251.0800520453,7260.056629826374,7145.854612500489,7170.78955078125,296623,0.0,0.0,APOLLOHOSP.NS,1387
2025-08-07 00:00:00+05:30,7145.355946816161,7178.768764267074,7035.14351910494,7151.34033203125,407857,0.0,0.0,APOLLOHOSP.NS,1388
2025-08-08 00:00:00+05:30,7151.339985178912,7179.765813571882,7047.610646481756,7066.0625,327102,0.0,0.0,APOLLOHOSP.NS,1389
2025-08-11 00:00:00+05:30,7082.520072267509,7300.950137867648,7002.229568702161,7240.10888671875,498598,0.0,0.0,APOLLOHOSP.NS,1390
2025-08-12 00:00:00+05:30,7240.108925685436,7266.041262380273,7186.24945716539,7217.66748046875,342006,0.0,0.0,APOLLOHOSP.NS,1391
2025-08-13 00:00:00+05:30,7383.733544512291,7819.596243276558,7369.769979792154,7788.17822265625,2291645,0.0,0.0,APOLLOHOSP.NS,1392
2025-08-14 00:00:00+05:30,7809.622409983699,7839.045636177124,7728.8332126390405,7801.14453125,673142,0.0,0.0,APOLLOHOSP.NS,1393
2025-08-18 00:00:00+05:30,7829.57003160954,7896.894359906819,7785.684543534276,7802.1416015625,633876,0.0,0.0,APOLLOHOSP.NS,1394
2025-08-19 00:00:00+05:30,7820.118160661039,7854.07308275573,7789.658598193743,7813.12744140625,384598,10.0,0.0,APOLLOHOSP.NS,1395
2025-08-20 00:00:00+05:30,7819.618609790253,7907.501935162097,7802.141812131079,7872.54833984375,452843,0.0,0.0,APOLLOHOSP.NS,1396
2025-08-21 00:00:00+05:30,7882.535138324076,7936.463542919223,7842.5881719573,7915.99072265625,482016,0.0,0.0,APOLLOHOSP.NS,1397
2025-08-22 00:00:00+05:30,7884.532554137741,7969.419858393815,7841.589564925845,7911.99609375,843648,0.0,0.0,APOLLOHOSP.NS,1398
2025-08-25 00:00:00+05:30,7915.491382218428,7939.459562028324,7828.107393328179,7840.5908203125,402979,0.0,0.0,APOLLOHOSP.NS,1399
2025-08-26 00:00:00+05:30,7817.121913305659,7823.613295284131,7710.263779198511,7783.1669921875,671659,0.0,0.0,APOLLOHOSP.NS,1400
2025-08-28 00:00:00+05:30,7744.718108562209,7817.621322221144,7704.271805093896,7717.75390625,418353,0.0,0.0,APOLLOHOSP.NS,1401
2025-08-29 00:00:00+05:30,7659.830604262484,7733.732490144546,7575.941977045007,7599.91015625,481590,0.0,0.0,APOLLOHOSP.NS,1402
2025-09-01 00:00:00+05:30,7585.429379153716,7674.311377013591,7585.429379153716,7661.32861328125,255894,0.0,0.0,APOLLOHOSP.NS,1403
2025-09-02 00:00:00+05:30,7621.381896035121,7688.792402224254,7621.381896035121,7671.81494140625,195907,0.0,0.0,APOLLOHOSP.NS,1404
2025-09-03 00:00:00+05:30,7674.810782810278,7765.190792679417,7645.849232686466,7725.7431640625,321268,0.0,0.0,APOLLOHOSP.NS,1405
2025-09-04 00:00:00+05:30,7779.671721098694,7908.001350901157,7740.723428785107,7889.52587890625,386286,0.0,0.0,APOLLOHOSP.NS,1406
2025-09-05 00:00:00+05:30,7889.525724341726,7904.505836476552,7785.164276469104,7794.15234375,228324,0.0,0.0,APOLLOHOSP.NS,1407
2025-09-08 00:00:00+05:30,7824.11262873468,7839.09274098575,7730.237258627964,7776.17626953125,314960,0.0,0.0,APOLLOHOSP.NS,1408
2025-09-09 00:00:00+05:30,7744.717984586148,7837.594679952559,7744.717984586148,7815.12451171875,303494,0.0,0.0,APOLLOHOSP.NS,1409
2025-09-10 00:00:00+05:30,7794.651710567025,7928.474046148828,7794.651710567025,7918.4873046875,337313,0.0,0.0,APOLLOHOSP.NS,1410
2025-09-11 00:00:00+05:30,7865.058525925414,7930.971021984214,7849.579076093423,7869.05322265625,161041,0.0,0.0,APOLLOHOSP.NS,1411
2025-09-12 00:00:00+05:30,7864.558907385985,7904.50587326477,7831.103323462501,7864.0595703125,117761,0.0,0.0,APOLLOHOSP.NS,1412
2025-09-15 00:00:00+05:30,7889.526012681507,7945.4517666954525,7785.663898084181,7806.13671875,214626,0.0,0.0,APOLLOHOSP.NS,1413
2025-09-16 00:00:00+05:30,7795.151181513153,7851.576271738698,7795.151181513153,7842.0888671875,194911,0.0,0.0,APOLLOHOSP.NS,1414
2025-09-17 00:00:00+05:30,7858.566695517024,7900.511008798471,7849.578628385284,7877.54150390625,249447,0.0,0.0,APOLLOHOSP.NS,1415
2025-09-18 00:00:00+05:30,7864.558824938002,7875.544240439502,7810.630421566998,7840.09130859375,264065,0.0,0.0,APOLLOHOSP.NS,1416
2025-09-19 00:00:00+05:30,7840.091565791278,7866.05709419209,7788.160508989655,7796.14990234375,207129,0.0,0.0,APOLLOHOSP.NS,1417
2025-09-22 00:00:00+05:30,7601.408303506893,7786.163021518951,7601.408303506893,7728.7392578125,302818,0.0,0.0,APOLLOHOSP.NS,1418
2025-09-23 00:00:00+05:30,7714.7576510316685,7738.72583014167,7654.337866191874,7673.81201171875,443181,0.0,0.0,APOLLOHOSP.NS,1419
2025-09-24 00:00:00+05:30,7687.793462812561,7719.751035014432,7624.377655474474,7633.36572265625,201984,0.0,0.0,APOLLOHOSP.NS,1420
2025-09-25 00:00:00+05:30,7638.858454925441,7693.785532323911,7604.903534351841,7613.8916015625,374239,0.0,0.0,APOLLOHOSP.NS,1421
2025-09-26 00:00:00+05:30,7539.989935294608,7620.3832054656295,7481.0681596413115,7500.04296875,207170,0.0,0.0,APOLLOHOSP.NS,1422
2025-09-29 00:00:00+05:30,7539.989830972301,7584.930167713195,7416.154236397392,7434.13037109375,388214,0.0,0.0,APOLLOHOSP.NS,1423
2025-09-30 00:00:00+05:30,7434.1303529702045,7468.085273980547,7390.188690486233,7399.1767578125,369272,0.0,0.0,APOLLOHOSP.NS,1424
2025-10-01 00:00:00+05:30,7399.67604192696,7472.079917092587,7349.242997846077,7431.13427734375,220764,0.0,0.0,APOLLOHOSP.NS,1425
2025-10-03 00:00:00+05:30,7431.134316638281,7474.077304894624,7394.183373254917,7439.623046875,478143,0.0,0.0,APOLLOHOSP.NS,1426
2025-10-06 00:00:00+05:30,7539.989804213366,7719.751150538983,7539.989804213366,7651.84130859375,423558,0.0,0.0,APOLLOHOSP.NS,1427
2025-10-07 00:00:00+05:30,7664.324824599229,7696.282397651177,7623.379184126421,7689.791015625,210121,0.0,0.0,APOLLOHOSP.NS,1428
2025-10-08 00:00:00+05:30,7687.294240785746,7751.7087232190925,7633.3658368880615,7651.84130859375,188810,0.0,0.0,APOLLOHOSP.NS,1429
2025-10-09 00:00:00+05:30,7679.804480638808,7739.724931723116,7609.8972877071155,7684.7978515625,295802,0.0,0.0,APOLLOHOSP.NS,1430
2025-10-10 00:00:00+05:30,7684.298507732147,7728.739508914041,7649.844248388882,7670.81640625,273853,0.0,0.0,APOLLOHOSP.NS,1431
2025-10-13 00:00:00+05:30,7698.779208461148,7733.732804556121,7632.866712967772,7660.82958984375,191488,0.0,0.0,APOLLOHOSP.NS,1432
2025-10-14 00:00:00+05:30,7838.094228904539,7838.094228904539,7664.8242602844275,7748.712890625,413862,0.0,0.0,APOLLOHOSP.NS,1433
2025-10-15 00:00:00+05:30,7789.658495120432,7839.592203422486,7730.237382240988,7815.6240234375,212807,0.0,0.0,APOLLOHOSP.NS,1434
2025-10-16 00:00:00+05:30,7803.639624065512,7859.565375146606,7797.148242243599,7823.11376953125,178563,0.0,0.0,APOLLOHOSP.NS,1435
2025-10-17 00:00:00+05:30,7839.592206211834,8019.353556163189,7830.104801631069,7891.02392578125,610960,0.0,0.0,APOLLOHOSP.NS,1436
2025-10-20 00:00:00+05:30,7939.459434252107,8054.306960659527,7910.997221185919,7999.3798828125,498555,0.0,0.0,APOLLOHOSP.NS,1437
2025-10-21 00:00:00+05:30,8027.342969798233,8047.815790261142,7981.903295112264,8001.37744140625,31082,0.0,0.0,APOLLOHOSP.NS,1438
2025-10-23 00:00:00+05:30,7939.459586599775,8088.761373794325,7909.499361744682,7957.93505859375,456860,0.0,0.0,APOLLOHOSP.NS,1439
2025-10-24 00:00:00+05:30,7964.426586485745,7971.4173057466105,7814.126122377143,7827.10888671875,287555,0.0,0.0,APOLLOHOSP.NS,1440
2025-10-27 00:00:00+05:30,7827.10875122856,7892.52190889433,7823.613391658633,7835.09814453125,266541,0.0,0.0,APOLLOHOSP.NS,1441
2025-10-28 00:00:00+05:30,7853.57363408889,7890.524578196379,7818.120701229002,7870.0517578125,348079,0.0,0.0,APOLLOHOSP.NS,1442
2025-10-29 00:00:00+05:30,7880.038628492934,7894.519404123521,7835.597627419753,7848.0810546875,199897,0.0,0.0,APOLLOHOSP.NS,1443
2025-10-30 00:00:00+05:30,7756.702368822208,7827.108898628049,7754.705020458922,7779.671875,209452,0.0,0.0,APOLLOHOSP.NS,1444
2025-10-31 00:00:00+05:30,7822.614882197142,7822.614882197142,7640.856180734117,7670.81640625,347031,0.0,0.0,APOLLOHOSP.NS,1445
2025-11-03 00:00:00+05:30,7664.824189420051,7834.598796873003,7651.342088239963,7814.1259765625,332284,0.0,0.0,APOLLOHOSP.NS,1446
2025-11-04 00:00:00+05:30,7814.125969498192,7873.047744972713,7770.184306432447,7800.14453125,384562,0.0,0.0,APOLLOHOSP.NS,1447
2025-11-06 00:00:00+05:30,7722.247759158003,7840.091307244734,7689.790849727336,7771.68212890625,425649,0.0,0.0,APOLLOHOSP.NS,1448
2025-11-07 00:00:00+05:30,7778.672772397299,7880.537533314557,7615.389552691694,7631.86767578125,486385,0.0,0.0,APOLLOHOSP.NS,1449
2025-11-10 00:00:00+05:30,7621.38185419252,7642.354011558443,7505.03631451966,7519.51708984375,377719,0.0,0.0,APOLLOHOSP.NS,1450
2025-11-11 00:00:00+05:30,7491.554024567558,7558.964528687842,7431.134239393081,7491.0546875,306736,0.0,0.0,APOLLOHOSP.NS,1451
2025-11-12 00:00:00+05:30,7510.029424513204,7529.004232899606,7448.111628725993,7488.05859375,420561,0.0,0.0,APOLLOHOSP.NS,1452
2025-11-13 00:00:00+05:30,7470.082884109771,7499.044435398431,7415.155804079552,7430.63525390625,448567,0.0,0.0,APOLLOHOSP.NS,1453
2025-11-14 00:00:00+05:30,7430.135767257934,7457.099969639112,7365.221946710654,7410.66162109375,218565,0.0,0.0,APOLLOHOSP.NS,1454
2025-11-17 00:00:00+05:30,7465.089326938126,7494.550214582899,7415.15561906563,7477.57275390625,248470,0.0,0.0,APOLLOHOSP.NS,1455
2025-11-18 00:00:00+05:30,7440.122491124924,7464.090670962105,7363.224580813969,7375.7080078125,285148,0.0,0.0,APOLLOHOSP.NS,1456
2025-11-19 00:00:00+05:30,7409.163386277273,7472.079856601505,7322.278736781907,7449.1103515625,454714,0.0,0.0,APOLLOHOSP.NS,1457
2025-11-20 00:00:00+05:30,7471.081303728698,7481.068045212094,7405.168809938283,7413.158203125,228411,0.0,0.0,APOLLOHOSP.NS,1458
2025-11-21 00:00:00+05:30,7415.654941959869,7425.142346437496,7371.713279116123,7381.20068359375,138622,0.0,0.0,APOLLOHOSP.NS,1459
2025-11-24 00:00:00+05:30,7389.1900230354295,7411.160854297327,7322.278855101469,7344.7490234375,751685,0.0,0.0,APOLLOHOSP.NS,1460
2025-11-25 00:00:00+05:30,7399.176681477964,7399.676018546495,7304.801975525789,7320.78076171875,237415,0.0,0.0,APOLLOHOSP.NS,1461
2025-11-26 00:00:00+05:30,7331.766521712368,7392.186309843349,7298.810273640923,7383.1982421875,272489,0.0,0.0,APOLLOHOSP.NS,1462
2025-11-27 00:00:00+05:30,7380.202009404874,7386.194054338084,7300.30807696206,7312.79150390625,243681,0.0,0.0,APOLLOHOSP.NS,1463
2025-11-28 00:00:00+05:30,7320.2817060974885,7349.243257185732,7290.321480833788,7325.7744140625,299937,0.0,0.0,APOLLOHOSP.NS,1464
2025-12-01 00:00:00+05:30,7365.221879020154,7371.713261015223,7272.345182783019,7277.837890625,227568,0.0,0.0,APOLLOHOSP.NS,1465
2025-12-02 00:00:00+05:30,7277.838112852975,7289.322865964167,7220.414347297017,7232.3984375,329723,0.0,0.0,APOLLOHOSP.NS,1466
2025-12-03 00:00:00+05:30,7190.453884065284,7247.3783106474675,7141.019513612335,7174.47509765625,329160,0.0,0.0,APOLLOHOSP.NS,1467
2025-12-04 00:00:00+05:30,7174.475175973823,7217.917501997606,7148.5096477757,7191.45263671875,306183,0.0,0.0,APOLLOHOSP.NS,1468
2025-12-05 00:00:00+05:30,7191.452526117732,7209.927997820715,7137.524122227946,7179.9677734375,260117,0.0,0.0,APOLLOHOSP.NS,1469
2025-12-08 00:00:00+05:30,7147.510920269782,7209.428717818577,7072.61035871882,7086.591796875,287363,0.0,0.0,APOLLOHOSP.NS,1470
2025-12-09 00:00:00+05:30,7090.586700460971,7171.978646388798,7049.641058951267,7081.5986328125,560843,0.0,0.0,APOLLOHOSP.NS,1471
2025-12-10 00:00:00+05:30,7091.584951128046,7106.5650629808715,6996.2115723317165,7009.1943359375,266098,0.0,0.0,APOLLOHOSP.NS,1472
2025-12-11 00:00:00+05:30,7018.682014977441,7056.13229607614,6963.754936032683,7000.20654296875,350620,0.0,0.0,APOLLOHOSP.NS,1473
2025-12-12 00:00:00+05:30,7005.698986195826,7120.546510559692,6986.724177822665,7091.5849609375,306662,0.0,0.0,APOLLOHOSP.NS,1474
2025-12-15 00:00:00+05:30,7065.619739254436,7088.589245120564,7006.198626252933,7077.1044921875,205982,0.0,0.0,APOLLOHOSP.NS,1475
2025-12-16 00:00:00+05:30,7100.5733175953255,7138.522935889084,7015.686013517182,7042.15087890625,385236,0.0,0.0,APOLLOHOSP.NS,1476
2025-12-17 00:00:00+05:30,7099.574648372598,7099.574648372598,6902.336500524295,6912.3232421875,358023,0.0,0.0,APOLLOHOSP.NS,1477
2025-12-18 00:00:00+05:30,6912.323170905565,6940.286047274179,6871.876867586679,6909.3271484375,384579,0.0,0.0,APOLLOHOSP.NS,1478
2025-12-19 00:00:00+05:30,6909.8266015624995,7014.687389705882,6892.849140625,7003.20263671875,235742,0.0,0.0,APOLLOHOSP.NS,1479
2025-12-22 00:00:00+05:30,7004.700494898728,7094.5811684859655,7003.701820747759,7044.6474609375,358776,0.0,0.0,APOLLOHOSP.NS,1480
2025-12-23 00:00:00+05:30,7060.126885441426,7088.589098643926,7006.6978185525195,7064.12158203125,286197,0.0,0.0,APOLLOHOSP.NS,1481
2025-12-24 00:00:00+05:30,7060.626444691596,7199.941492645553,7035.16025313012,7162.4912109375,351381,0.0,0.0,APOLLOHOSP.NS,1482
2025-12-26 00:00:00+05:30,7172.477734893577,7192.451217864598,7122.044690391749,7146.51220703125,228172,0.0,0.0,APOLLOHOSP.NS,1483
2025-12-29 00:00:00+05:30,7158.496224151317,7170.480313812284,7060.626158586748,7075.10693359375,234376,0.0,0.0,APOLLOHOSP.NS,1484
2025-12-30 00:00:00+05:30,7045.646242679274,7055.632984341471,6927.802691065362,6980.732421875,433130,0.0,0.0,APOLLOHOSP.NS,1485
2025-12-31 00:00:00+05:30,6980.732205554446,7044.148013144247,6945.778610819911,7033.16259765625,226286,0.0,0.0,APOLLOHOSP.NS,1486
2026-01-01 00:00:00+05:30,7053.635592300983,7115.553390222923,7014.187962979747,7102.0712890625,81987,0.0,0.0,APOLLOHOSP.NS,1487
2026-01-02 00:00:00+05:30,7120.546700357012,7141.518857538989,7066.118959099023,7120.04736328125,353245,0.0,0.0,APOLLOHOSP.NS,1488
2026-01-05 00:00:00+05:30,7120.047233920843,7125.040604587734,7054.134741117872,7073.60888671875,349588,0.0,0.0,APOLLOHOSP.NS,1489
2026-01-06 00:00:00+05:30,7030.666167664671,7350.2419025585195,7030.666167664671,7338.2578125,581189,0.0,0.0,APOLLOHOSP.NS,1490
2026-01-07 00:00:00+05:30,7339.256569554591,7478.072280966768,7305.301647338662,7437.6259765625,567878,0.0,0.0,APOLLOHOSP.NS,1491
2026-01-08 00:00:00+05:30,7415.155626429472,7433.131761281422,7315.288210585304,7354.73583984375,778407,0.0,0.0,APOLLOHOSP.NS,1492
2026-01-09 00:00:00+05:30,7338.257590177771,7350.74101694386,7215.420670799455,7246.87890625,312461,0.0,0.0,APOLLOHOSP.NS,1493
2026-01-12 00:00:00+05:30,7193.450122424675,7279.835439041325,7101.5720978150575,7258.86328125,333583,0.0,0.0,APOLLOHOSP.NS,1494
2026-01-13 00:00:00+05:30,7289.3227252898905,7311.792893986838,7230.400949595672,7301.80615234375,275363,0.0,0.0,APOLLOHOSP.NS,1495
2026-01-14 00:00:00+05:30,7248.377134673642,7315.78764123061,7232.89768501982,7262.85791015625,383251,0.0,0.0,APOLLOHOSP.NS,1496
2026-01-15 00:00:00+05:30,7262.85791015625,7262.85791015625,7262.85791015625,7262.85791015625,0,0.0,0.0,APOLLOHOSP.NS,1497
2026-01-16 00:00:00+05:30,6940.785271377885,7289.322546156429,6940.785271377885,7225.90673828125,501597,0.0,0.0,APOLLOHOSP.NS,1498
2026-01-19 00:00:00+05:30,7244.382545256204,7250.374590372214,7094.581417355951,7123.54296875,364331,0.0,0.0,APOLLOHOSP.NS,1499
2026-01-20 00:00:00+05:30,7119.54791125113,7119.54791125113,6875.87142221406,6903.3349609375,499367,0.0,0.0,APOLLOHOSP.NS,1500
2026-01-21 00:00:00+05:30,6870.878286823409,6902.336523165696,6729.066554740717,6817.44921875,620592,0.0,0.0,APOLLOHOSP.NS,1501
2026-01-22 00:00:00+05:30,6869.380225478612,6905.332495321925,6771.510157571815,6787.98828125,714732,0.0,0.0,APOLLOHOSP.NS,1502
2026-01-23 00:00:00+05:30,6800.971188032853,6826.936716797736,6687.621668232306,6793.98046875,458099,0.0,0.0,APOLLOHOSP.NS,1503
2026-01-27 00:00:00+05:30,6792.981405853251,6832.928370897963,6699.605375061237,6784.49267578125,515312,0.0,0.0,APOLLOHOSP.NS,1504
2026-01-28 00:00:00+05:30,6789.486091172812,6880.864774315021,6775.504653314987,6868.38134765625,399249,0.0,0.0,APOLLOHOSP.NS,1505
2026-01-29 00:00:00+05:30,6889.8529770868945,6889.8529770868945,6747.042573300342,6791.98291015625,517720,0.0,0.0,APOLLOHOSP.NS,1506
2026-01-30 00:00:00+05:30,6778.001517772161,6965.252922602318,6758.0280345902775,6951.271484375,489138,0.0,0.0,APOLLOHOSP.NS,1507
2026-02-02 00:00:00+05:30,6905.831657371706,6940.78525216679,6821.9430298635025,6924.30712890625,343776,0.0,0.0,APOLLOHOSP.NS,1508
2026-02-03 00:00:00+05:30,7060.6260911158915,7154.002122165303,6993.215587417119,7079.1015625,438009,0.0,0.0,APOLLOHOSP.NS,1509
2026-02-04 00:00:00+05:30,7070.61315938554,7150.507093389896,7040.6529341339065,7106.5654296875,216137,0.0,0.0,APOLLOHOSP.NS,1510
2026-02-05 00:00:00+05:30,7106.5650841472725,7123.542544297708,7033.661872913046,7112.55712890625,234707,0.0,0.0,APOLLOHOSP.NS,1511
2026-02-06 00:00:00+05:30,7070.613211617441,7166.985270222114,6984.727231928303,7143.01708984375,668962,0.0,0.0,APOLLOHOSP.NS,1512
2026-02-09 00:00:00+05:30,7189.455363062942,7270.347970981833,7154.002429962687,7201.439453125,412161,0.0,0.0,APOLLOHOSP.NS,1513
2026-02-10 00:00:00+05:30,7240.387609682349,7270.847171350667,7175.473789733472,7209.4287109375,277132,0.0,0.0,APOLLOHOSP.NS,1514
2026-02-11 00:00:00+05:30,7395.182111279472,7629.870537498335,7395.182111279472,7497.046875,1496488,0.0,0.0,APOLLOHOSP.NS,1515
2026-02-12 00:00:00+05:30,7502.040192561181,7569.450697486352,7400.175429563146,7529.00439453125,434146,0.0,0.0,APOLLOHOSP.NS,1516
2026-02-13 00:00:00+05:30,7508.032482598607,7587.9264169705,7475.076234670202,7532.5,431623,0.0,0.0,APOLLOHOSP.NS,1517
2026-02-16 00:00:00+05:30,7526.5,7631.0,7478.0,7618.0,494924,10.0,0.0,APOLLOHOSP.NS,1518
2026-02-17 00:00:00+05:30,7590.0,7615.0,7554.5,7601.5,525344,0.0,0.0,APOLLOHOSP.NS,1519
2026-02-18 00:00:00+05:30,7590.0,7670.0,7590.0,7647.5,385965,0.0,0.0,APOLLOHOSP.NS,1520
2026-02-19 00:00:00+05:30,7610.0,7649.0,7551.5,7592.5,186713,0.0,0.0,APOLLOHOSP.NS,1521
2026-02-20 00:00:00+05:30,7540.0,7635.0,7540.0,7615.5,256304,0.0,0.0,APOLLOHOSP.NS,1522
2026-02-23 00:00:00+05:30,7680.0,7710.0,7615.5,7693.0,399710,0.0,0.0,APOLLOHOSP.NS,1523
2026-02-24 00:00:00+05:30,7658.0,7729.5,7658.0,7720.5,377143,0.0,0.0,APOLLOHOSP.NS,1524
2026-02-25 00:00:00+05:30,7770.5,7800.0,7714.0,7783.0,383833,0.0,0.0,APOLLOHOSP.NS,1525
2026-02-26 00:00:00+05:30,7800.0,7831.0,7729.0,7775.0,361759,0.0,0.0,APOLLOHOSP.NS,1526
2026-02-27 00:00:00+05:30,7735.5,7870.5,7731.5,7821.5,698131,0.0,0.0,APOLLOHOSP.NS,1527
2026-03-02 00:00:00+05:30,7621.0,7819.0,7605.0,7791.5,533503,0.0,0.0,APOLLOHOSP.NS,1528
2026-03-04 00:00:00+05:30,7620.0,7715.0,7476.0,7666.0,625428,0.0,0.0,APOLLOHOSP.NS,1529
2026-03-05 00:00:00+05:30,7700.0,7796.5,7635.0,7775.0,446578,0.0,0.0,APOLLOHOSP.NS,1530
2026-03-06 00:00:00+05:30,7770.0,7781.0,7669.0,7724.5,225749,0.0,0.0,APOLLOHOSP.NS,1531
2026-03-09 00:00:00+05:30,7588.0,7809.0,7556.0,7779.0,358612,0.0,0.0,APOLLOHOSP.NS,1532
2026-03-10 00:00:00+05:30,7865.0,7870.0,7770.0,7803.0,381453,0.0,0.0,APOLLOHOSP.NS,1533
2026-03-11 00:00:00+05:30,7770.5,7798.5,7659.0,7684.0,331690,0.0,0.0,APOLLOHOSP.NS,1534
2026-03-12 00:00:00+05:30,7590.0,7662.5,7542.5,7574.5,550020,0.0,0.0,APOLLOHOSP.NS,1535
2026-03-13 00:00:00+05:30,7556.0,7616.0,7485.5,7550.0,394082,0.0,0.0,APOLLOHOSP.NS,1536
2026-03-16 00:00:00+05:30,7565.0,7750.0,7410.0,7490.0,481339,0.0,0.0,APOLLOHOSP.NS,1537
2026-03-17 00:00:00+05:30,7490.0,7574.5,7470.0,7500.0,343558,0.0,0.0,APOLLOHOSP.NS,1538
2026-03-18 00:00:00+05:30,7511.5,7605.0,7455.5,7471.0,497712,0.0,0.0,APOLLOHOSP.NS,1539
2026-03-19 00:00:00+05:30,7407.0,7407.0,7229.0,7252.0,264884,0.0,0.0,APOLLOHOSP.NS,1540
2026-03-20 00:00:00+05:30,7231.5,7447.5,7202.5,7364.5,696455,0.0,0.0,APOLLOHOSP.NS,1541
2026-03-23 00:00:00+05:30,7288.0,7288.0,7080.0,7145.0,464969,0.0,0.0,APOLLOHOSP.NS,1542
2026-03-24 00:00:00+05:30,7210.0,7464.0,7199.0,7413.0,653790,0.0,0.0,APOLLOHOSP.NS,1543
2026-03-25 00:00:00+05:30,7461.0,7612.5,7437.5,7580.5,450043,0.0,0.0,APOLLOHOSP.NS,1544
2026-03-27 00:00:00+05:30,7510.0,7621.0,7510.0,7549.0,533512,0.0,0.0,APOLLOHOSP.NS,1545
2026-03-30 00:00:00+05:30,7470.0,7509.5,7360.5,7419.0,764508,0.0,0.0,APOLLOHOSP.NS,1546
2026-04-01 00:00:00+05:30,7549.0,7587.0,7250.5,7305.5,618068,0.0,0.0,APOLLOHOSP.NS,1547
2026-04-02 00:00:00+05:30,7150.5,7368.0,7150.5,7317.5,338111,0.0,0.0,APOLLOHOSP.NS,1548
2026-04-06 00:00:00+05:30,7350.0,7397.0,7243.0,7373.0,360086,0.0,0.0,APOLLOHOSP.NS,1549
2026-04-07 00:00:00+05:30,7370.5,7370.5,7220.5,7326.5,311560,0.0,0.0,APOLLOHOSP.NS,1550
2026-04-08 00:00:00+05:30,7385.0,7518.0,7332.5,7401.5,387242,0.0,0.0,APOLLOHOSP.NS,1551
2026-04-09 00:00:00+05:30,7400.0,7512.0,7364.0,7481.5,416753,0.0,0.0,APOLLOHOSP.NS,1552
2026-04-10 00:00:00+05:30,7500.0,7563.0,7461.5,7511.5,437163,0.0,0.0,APOLLOHOSP.NS,1553
2026-04-13 00:00:00+05:30,7420.0,7566.0,7403.5,7516.5,310575,0.0,0.0,APOLLOHOSP.NS,1554
2026-04-15 00:00:00+05:30,7516.5,7686.0,7500.0,7642.0,464570,0.0,0.0,APOLLOHOSP.NS,1555
2026-04-16 00:00:00+05:30,7678.0,7678.0,7510.0,7553.0,400487,0.0,0.0,APOLLOHOSP.NS,1556
2026-04-17 00:00:00+05:30,7553.0,7710.0,7515.0,7699.0,343875,0.0,0.0,APOLLOHOSP.NS,1557
2026-04-20 00:00:00+05:30,7705.0,7730.5,7622.0,7657.0,344019,0.0,0.0,APOLLOHOSP.NS,1558
2026-04-21 00:00:00+05:30,7686.5,7765.0,7667.5,7744.0,312758,0.0,0.0,APOLLOHOSP.NS,1559
2026-04-22 00:00:00+05:30,7702.0,7801.5,7615.0,7662.0,608446,0.0,0.0,APOLLOHOSP.NS,1560
2026-04-23 00:00:00+05:30,7685.0,7815.0,7601.0,7781.0,304110,0.0,0.0,APOLLOHOSP.NS,1561
2026-04-24 00:00:00+05:30,7814.0,7845.0,7684.5,7732.5,407458,0.0,0.0,APOLLOHOSP.NS,1562
2026-04-27 00:00:00+05:30,7759.0,7850.0,7735.0,7825.0,289661,0.0,0.0,APOLLOHOSP.NS,1563
2026-04-28 00:00:00+05:30,7840.0,7878.5,7711.0,7753.0,353826,0.0,0.0,APOLLOHOSP.NS,1564
2026-04-29 00:00:00+05:30,7745.0,7799.0,7681.0,7709.0,321242,0.0,0.0,APOLLOHOSP.NS,1565
2026-04-30 00:00:00+05:30,7634.5,7680.0,7561.5,7636.5,392016,0.0,0.0,APOLLOHOSP.NS,1566
2026-05-01 00:00:00+05:30,7636.5,7636.5,7636.5,7636.5,0,0.0,0.0,APOLLOHOSP.NS,1567
2026-05-04 00:00:00+05:30,7699.5,7790.0,7673.0,7737.5,328426,0.0,0.0,APOLLOHOSP.NS,1568
2026-05-05 00:00:00+05:30,7724.5,7780.5,7678.0,7772.0,254331,0.0,0.0,APOLLOHOSP.NS,1569
2026-05-06 00:00:00+05:30,7810.5,7815.0,7742.5,7760.5,437084,0.0,0.0,APOLLOHOSP.NS,1570
2026-05-07 00:00:00+05:30,7760.5,7855.0,7744.0,7837.0,405862,0.0,0.0,APOLLOHOSP.NS,1571
2026-05-08 00:00:00+05:30,7837.0,8115.0,7812.5,8097.0,922866,0.0,0.0,APOLLOHOSP.NS,1572
2026-05-11 00:00:00+05:30,8046.0,8144.0,8022.5,8082.0,466135,0.0,0.0,APOLLOHOSP.NS,1573
2026-05-12 00:00:00+05:30,8050.0,8078.0,7995.0,8022.5,390002,0.0,0.0,APOLLOHOSP.NS,1574
2026-05-13 00:00:00+05:30,7981.0,8112.0,7981.0,8004.5,329337,0.0,0.0,APOLLOHOSP.NS,1575
2026-05-14 00:00:00+05:30,8011.0,8180.0,8011.0,8119.0,431011,0.0,0.0,APOLLOHOSP.NS,1576
2026-05-15 00:00:00+05:30,8170.0,8170.0,8028.5,8082.5,300134,0.0,0.0,APOLLOHOSP.NS,1577
2026-05-18 00:00:00+05:30,8062.5,8099.0,8006.0,8020.5,323387,0.0,0.0,APOLLOHOSP.NS,1578
2026-05-19 00:00:00+05:30,8030.0,8093.5,7983.0,8026.0,396261,0.0,0.0,APOLLOHOSP.NS,1579
2026-05-20 00:00:00+05:30,7924.0,8140.0,7814.5,8078.5,492013,0.0,0.0,APOLLOHOSP.NS,1580
2026-05-21 00:00:00+05:30,8198.5,8388.0,8051.5,8308.5,1425124,0.0,0.0,APOLLOHOSP.NS,1581
2026-05-22 00:00:00+05:30,8308.5,8440.5,8255.0,8362.5,564876,0.0,0.0,APOLLOHOSP.NS,1582
2026-05-25 00:00:00+05:30,8430.0,8443.0,8375.0,8404.0,364945,0.0,0.0,APOLLOHOSP.NS,1583
2026-05-26 00:00:00+05:30,8404.0,8434.0,8228.0,8258.5,310581,0.0,0.0,APOLLOHOSP.NS,1584
2026-05-27 00:00:00+05:30,8243.0,8305.0,8170.0,8272.5,293786,0.0,0.0,APOLLOHOSP.NS,1585
2026-05-28 00:00:00+05:30,8272.5,8272.5,8272.5,8272.5,0,0.0,0.0,APOLLOHOSP.NS,1586
2026-05-29 00:00:00+05:30,8176.5,8325.0,8146.0,8176.5,1042419,0.0,0.0,APOLLOHOSP.NS,1587
