Date,Open,High,Low,Close,Volume,Dividends,Stock Splits,Symbol,time_idx
2020-01-01 00:00:00+05:30,1702.5621458013168,1714.3076543143275,1695.9048251970971,1705.415283203125,397285,0.0,0.0,ASIANPAINT.NS,0
2020-01-02 00:00:00+05:30,1703.32295510159,1711.7872855792211,1696.095030548972,1702.9901123046875,411266,0.0,0.0,ASIANPAINT.NS,1
2020-01-03 00:00:00+05:30,1692.6715928687315,1692.6715928687315,1661.5248386572396,1665.661865234375,1318628,0.0,0.0,ASIANPAINT.NS,2
2020-01-06 00:00:00+05:30,1652.8700222066104,1652.917620934985,1611.071605215112,1623.577880859375,1871804,0.0,0.0,ASIANPAINT.NS,3
2020-01-07 00:00:00+05:30,1627.2392403947676,1655.2950893670911,1627.2392403947676,1639.9832763671875,1033650,0.0,0.0,ASIANPAINT.NS,4
2020-01-08 00:00:00+05:30,1612.9738606571095,1651.015696993362,1612.0228147487032,1644.168212890625,1006057,0.0,0.0,ASIANPAINT.NS,5
2020-01-09 00:00:00+05:30,1676.6937114731834,1688.1062608422578,1655.770704296547,1685.7762451171875,1781733,0.0,0.0,ASIANPAINT.NS,6
2020-01-10 00:00:00+05:30,1685.253203055997,1709.3147088827861,1673.8406531481683,1704.7972412109375,1256612,0.0,0.0,ASIANPAINT.NS,7
2020-01-13 00:00:00+05:30,1710.9314090514638,1719.4432225975659,1706.5090228241843,1716.5426025390625,823821,0.0,0.0,ASIANPAINT.NS,8
2020-01-14 00:00:00+05:30,1716.637770687383,1732.4727074142788,1716.4476079539018,1730.0950927734375,775629,0.0,0.0,ASIANPAINT.NS,9
2020-01-15 00:00:00+05:30,1728.5259447370847,1754.6797073121988,1721.4881817707053,1752.0643310546875,1252925,0.0,0.0,ASIANPAINT.NS,10
2020-01-16 00:00:00+05:30,1746.0725345808426,1757.5326832007531,1739.2250510840786,1745.311767578125,1031569,0.0,0.0,ASIANPAINT.NS,11
2020-01-17 00:00:00+05:30,1745.7397827946727,1748.8782806161187,1726.1482610125422,1740.4615478515625,862204,0.0,0.0,ASIANPAINT.NS,12
2020-01-20 00:00:00+05:30,1748.022471766185,1771.0853362603798,1743.837846329786,1758.2462158203125,1091453,0.0,0.0,ASIANPAINT.NS,13
2020-01-21 00:00:00+05:30,1749.8769404752206,1752.3497528083808,1706.0337456193365,1722.1064453125,2101561,0.0,0.0,ASIANPAINT.NS,14
2020-01-22 00:00:00+05:30,1726.1483288253478,1729.6671522589938,1680.3554449822439,1692.1484375,3415306,0.0,0.0,ASIANPAINT.NS,15
2020-01-23 00:00:00+05:30,1691.9107664697501,1701.4212260901534,1671.082836682171,1689.1527099609375,1885275,0.0,0.0,ASIANPAINT.NS,16
2020-01-24 00:00:00+05:30,1696.3329177683997,1711.7874125047156,1693.0993387277554,1699.3287353515625,1195596,0.0,0.0,ASIANPAINT.NS,17
2020-01-27 00:00:00+05:30,1699.518845763013,1717.350954525216,1692.8615251584572,1700.802734375,969054,0.0,0.0,ASIANPAINT.NS,18
2020-01-28 00:00:00+05:30,1706.176221339532,1706.176221339532,1686.2042588823804,1692.005615234375,873291,0.0,0.0,ASIANPAINT.NS,19
2020-01-29 00:00:00+05:30,1699.5191944439273,1715.5442962537832,1693.8129184692975,1708.9820556640625,873805,0.0,0.0,ASIANPAINT.NS,20
2020-01-30 00:00:00+05:30,1711.8827097039473,1720.3470418763786,1698.56806640625,1716.637939453125,1005975,0.0,0.0,ASIANPAINT.NS,21
2020-01-31 00:00:00+05:30,1721.3929679642338,1734.7076097053937,1701.1356451631127,1707.7454833984375,1169614,0.0,0.0,ASIANPAINT.NS,22
2020-02-03 00:00:00+05:30,1682.2098494618638,1781.2136935512078,1678.5958290013018,1776.220703125,2854532,0.0,0.0,ASIANPAINT.NS,23
2020-02-04 00:00:00+05:30,1778.455931604999,1803.896410840525,1764.2378410494769,1798.7132568359375,1830049,0.0,0.0,ASIANPAINT.NS,24
2020-02-05 00:00:00+05:30,1796.5257577807035,1797.4768037085917,1774.7943815473543,1781.7845458984375,1344016,0.0,0.0,ASIANPAINT.NS,25
2020-02-06 00:00:00+05:30,1786.0641030849838,1790.2487280363441,1754.6795900914778,1765.9019775390625,995386,0.0,0.0,ASIANPAINT.NS,26
2020-02-07 00:00:00+05:30,1765.902090023728,1784.6376479906373,1760.0055357320641,1767.708984375,632858,0.0,0.0,ASIANPAINT.NS,27
2020-02-10 00:00:00+05:30,1775.6024880665577,1781.0710013533187,1747.2612771165184,1777.9801025390625,747711,0.0,0.0,ASIANPAINT.NS,28
2020-02-11 00:00:00+05:30,1787.9663122071288,1801.7564779129816,1781.0712293542024,1786.1593017578125,1093021,0.0,0.0,ASIANPAINT.NS,29
2020-02-12 00:00:00+05:30,1787.9662016645188,1822.8695379932692,1786.2542726932247,1800.9954833984375,1616826,0.0,0.0,ASIANPAINT.NS,30
2020-02-13 00:00:00+05:30,1796.5255839253978,1808.8415810619028,1776.6012201020726,1782.3074951171875,638878,0.0,0.0,ASIANPAINT.NS,31
2020-02-14 00:00:00+05:30,1784.637644914798,1806.6543808860386,1778.455846517811,1785.1607666015625,771464,0.0,0.0,ASIANPAINT.NS,32
2020-02-17 00:00:00+05:30,1787.8710387090525,1800.805238486419,1779.0262662517687,1789.297607421875,676579,0.0,0.0,ASIANPAINT.NS,33
2020-02-18 00:00:00+05:30,1787.8712442121714,1787.8712442121714,1769.89645314564,1772.416748046875,683421,0.0,0.0,ASIANPAINT.NS,34
2020-02-19 00:00:00+05:30,1778.5506966682465,1800.0919068853964,1760.7185882259794,1792.626220703125,723351,0.0,0.0,ASIANPAINT.NS,35
2020-02-20 00:00:00+05:30,1790.8194519614474,1793.6725896969144,1749.0210305746446,1752.0643310546875,1401879,0.0,0.0,ASIANPAINT.NS,36
2020-02-24 00:00:00+05:30,1754.917584870059,1762.2881911742145,1725.1973981597546,1729.905029296875,1310832,0.0,0.0,ASIANPAINT.NS,37
2020-02-25 00:00:00+05:30,1748.4028674752628,1753.300777251991,1731.0937618277896,1736.7049560546875,897257,0.0,0.0,ASIANPAINT.NS,38
2020-02-26 00:00:00+05:30,1736.6097022591077,1754.679573202658,1730.9034272243023,1737.2279052734375,1909619,0.0,0.0,ASIANPAINT.NS,39
2020-02-27 00:00:00+05:30,1740.2714135204412,1761.3371045939564,1721.8210988171384,1753.53857421875,1643273,0.0,0.0,ASIANPAINT.NS,40
2020-02-28 00:00:00+05:30,1730.9034690252558,1751.9215593588121,1695.857452225698,1709.932861328125,2964119,0.0,0.0,ASIANPAINT.NS,41
2020-03-02 00:00:00+05:30,1726.2432626818231,1747.499113761802,1682.637834598557,1699.3287353515625,1219296,0.0,0.0,ASIANPAINT.NS,42
2020-03-03 00:00:00+05:30,1699.7107523880989,1735.947902069314,1687.2496935954223,1719.2855224609375,1392463,7.15,0.0,ASIANPAINT.NS,43
2020-03-04 00:00:00+05:30,1722.6274620900251,1773.6172549231135,1722.6274620900251,1764.5460205078125,3050469,0.0,0.0,ASIANPAINT.NS,44
2020-03-05 00:00:00+05:30,1770.3232381843268,1797.059511468664,1768.5089677564235,1789.8502197265625,2062439,0.0,0.0,ASIANPAINT.NS,45
2020-03-06 00:00:00+05:30,1756.9551243915016,1799.3512387487813,1752.1807898143506,1792.71484375,1393659,0.0,0.0,ASIANPAINT.NS,46
2020-03-09 00:00:00+05:30,1802.7884654850225,1829.4292717352462,1764.5937946061024,1782.8795166015625,3420741,0.0,0.0,ASIANPAINT.NS,47
2020-03-11 00:00:00+05:30,1790.327378918979,1819.021171583268,1767.9358000978586,1797.870849609375,3194186,0.0,0.0,ASIANPAINT.NS,48
2020-03-12 00:00:00+05:30,1780.7789095223106,1790.1844413715503,1733.0833563399578,1760.15380859375,6254349,0.0,0.0,ASIANPAINT.NS,49
2020-03-13 00:00:00+05:30,1704.4372033546013,1760.5356267143113,1594.4842702573917,1716.56396484375,3878300,0.0,0.0,ASIANPAINT.NS,50
2020-03-16 00:00:00+05:30,1696.7981061915984,1696.7981061915984,1602.409557305102,1607.422607421875,2867336,0.0,0.0,ASIANPAINT.NS,51
2020-03-17 00:00:00+05:30,1622.3186324233445,1699.4719135973194,1594.627496260733,1653.447265625,2643189,0.0,0.0,ASIANPAINT.NS,52
2020-03-18 00:00:00+05:30,1653.8294241211004,1679.181186224914,1535.4259318630077,1545.16552734375,3676437,0.0,0.0,ASIANPAINT.NS,53
2020-03-19 00:00:00+05:30,1470.494935210181,1579.3019651229665,1366.6053762800652,1528.9327392578125,4906644,0.0,0.0,ASIANPAINT.NS,54
2020-03-20 00:00:00+05:30,1537.3356531327447,1678.0830523901207,1499.6662019210246,1664.28515625,3128629,0.0,0.0,ASIANPAINT.NS,55
2020-03-23 00:00:00+05:30,1507.3525348733588,1575.5300399126638,1423.4675193938203,1430.8199462890625,2155326,0.0,0.0,ASIANPAINT.NS,56
2020-03-24 00:00:00+05:30,1486.2980354721976,1525.8772196067252,1387.6602436755154,1456.0286865234375,3910566,0.0,0.0,ASIANPAINT.NS,57
2020-03-25 00:00:00+05:30,1381.2626416040075,1532.895422300198,1380.7374182299786,1521.24609375,2196415,0.0,0.0,ASIANPAINT.NS,58
2020-03-26 00:00:00+05:30,1532.561311466796,1575.53032019951,1502.9604387842598,1543.971923828125,2622118,0.0,0.0,ASIANPAINT.NS,59
2020-03-27 00:00:00+05:30,1589.6623297786232,1590.0919732235961,1480.2344988740483,1531.7496337890625,2102479,0.0,0.0,ASIANPAINT.NS,60
2020-03-30 00:00:00+05:30,1519.3362978580728,1546.4067477152237,1488.685097581699,1522.9647216796875,1844011,0.0,0.0,ASIANPAINT.NS,61
2020-03-31 00:00:00+05:30,1551.658788315355,1613.725139847969,1529.5059217773075,1591.2857666015625,2789174,0.0,0.0,ASIANPAINT.NS,62
2020-04-01 00:00:00+05:30,1575.5780100579304,1580.3045540938556,1512.7477279898433,1530.8424072265625,1559455,0.0,0.0,ASIANPAINT.NS,63
2020-04-03 00:00:00+05:30,1542.2052354629968,1543.0646388339294,1448.7715490537003,1452.2568359375,2925847,0.0,0.0,ASIANPAINT.NS,64
2020-04-07 00:00:00+05:30,1470.4949297746157,1561.2072793386342,1468.5851960995838,1550.5128173828125,2733586,0.0,0.0,ASIANPAINT.NS,65
2020-04-08 00:00:00+05:30,1550.5128741171784,1611.6243539543136,1527.7869959283846,1536.3330078125,2382213,0.0,0.0,ASIANPAINT.NS,66
2020-04-09 00:00:00+05:30,1565.9817418262564,1603.126088161023,1545.8817466254059,1576.8194580078125,1489539,0.0,0.0,ASIANPAINT.NS,67
2020-04-13 00:00:00+05:30,1571.7108287629137,1626.7589257556403,1530.5083010393619,1604.9879150390625,2586159,0.0,0.0,ASIANPAINT.NS,68
2020-04-15 00:00:00+05:30,1626.7589785538214,1658.3650488750163,1607.8048943547478,1640.6522216796875,2508270,0.0,0.0,ASIANPAINT.NS,69
2020-04-16 00:00:00+05:30,1614.6798062953994,1673.2131894814997,1608.7118886198548,1664.4283447265625,1821296,0.0,0.0,ASIANPAINT.NS,70
2020-04-17 00:00:00+05:30,1683.4302143572063,1703.1959110324492,1649.1504719892007,1676.98486328125,1398686,0.0,0.0,ASIANPAINT.NS,71
2020-04-20 00:00:00+05:30,1678.8945874024027,1679.2765574428397,1628.6686159485544,1652.3492431640625,1431055,0.0,0.0,ASIANPAINT.NS,72
2020-04-21 00:00:00+05:30,1632.8224707257568,1674.7888261998721,1623.2738013063079,1648.100341796875,1594930,0.0,0.0,ASIANPAINT.NS,73
2020-04-22 00:00:00+05:30,1639.6019461674136,1739.7675082358746,1634.9708649708432,1731.1737060546875,3727805,0.0,0.0,ASIANPAINT.NS,74
2020-04-23 00:00:00+05:30,1725.4442837300946,1762.11119165502,1719.762872973047,1739.43310546875,2573552,0.0,0.0,ASIANPAINT.NS,75
2020-04-24 00:00:00+05:30,1733.130938107318,1759.6284903723533,1732.128281397261,1745.0667724609375,2744768,0.0,0.0,ASIANPAINT.NS,76
2020-04-27 00:00:00+05:30,1756.9548878203914,1775.8612968245525,1736.043281876004,1767.7926025390625,1770889,0.0,0.0,ASIANPAINT.NS,77
2020-04-28 00:00:00+05:30,1763.829975994514,1779.871785492408,1724.7760155808683,1742.05908203125,1934910,0.0,0.0,ASIANPAINT.NS,78
2020-04-29 00:00:00+05:30,1763.5436247489831,1763.6390881226796,1676.65074060217,1687.7271728515625,2931120,0.0,0.0,ASIANPAINT.NS,79
2020-04-30 00:00:00+05:30,1713.9860553040237,1715.8957890703791,1662.4232436124262,1679.3243408203125,2926333,0.0,0.0,ASIANPAINT.NS,80
2020-05-04 00:00:00+05:30,1640.4613188980534,1671.9719263041277,1596.0600084622213,1601.120849609375,2942397,0.0,0.0,ASIANPAINT.NS,81
2020-05-05 00:00:00+05:30,1605.131121223135,1616.4940596706824,1507.0185556635413,1546.0726318359375,5867890,0.0,0.0,ASIANPAINT.NS,82
2020-05-06 00:00:00+05:30,1542.109946269055,1564.7402437478409,1505.8250063568419,1537.956298828125,3937921,0.0,0.0,ASIANPAINT.NS,83
2020-05-07 00:00:00+05:30,1537.2876876984976,1555.1914393793284,1475.460065227362,1522.3441162109375,5256213,0.0,0.0,ASIANPAINT.NS,84
2020-05-08 00:00:00+05:30,1539.0544414610251,1564.0719064043062,1499.1409603508919,1507.161865234375,5644426,0.0,0.0,ASIANPAINT.NS,85
2020-05-11 00:00:00+05:30,1511.554026496631,1526.8318941049354,1484.817758182098,1498.7587890625,3767646,0.0,0.0,ASIANPAINT.NS,86
2020-05-12 00:00:00+05:30,1469.5401255024026,1474.0757431737063,1443.7587197918342,1454.596435546875,4504073,0.0,0.0,ASIANPAINT.NS,87
2020-05-13 00:00:00+05:30,1508.498711386167,1508.498711386167,1464.1450758222172,1492.743408203125,2940514,0.0,0.0,ASIANPAINT.NS,88
2020-05-14 00:00:00+05:30,1483.1947403424601,1487.3005979041443,1448.5330266982298,1453.6893310546875,2592264,0.0,0.0,ASIANPAINT.NS,89
2020-05-15 00:00:00+05:30,1459.9910979340445,1489.5919638830017,1441.8486317072645,1482.860107421875,2860493,0.0,0.0,ASIANPAINT.NS,90
2020-05-18 00:00:00+05:30,1487.6825322836582,1488.2077556684494,1430.4859854260424,1433.3505859375,2871905,0.0,0.0,ASIANPAINT.NS,91
2020-05-19 00:00:00+05:30,1441.8488902676368,1448.4851680057707,1416.0196963043802,1436.0718994140625,3164137,0.0,0.0,ASIANPAINT.NS,92
2020-05-20 00:00:00+05:30,1436.071787429036,1445.6682447932646,1425.2818632003311,1432.347900390625,2057402,0.0,0.0,ASIANPAINT.NS,93
2020-05-21 00:00:00+05:30,1435.1648943223001,1512.031676752736,1433.2551605973204,1503.2469482421875,3845743,0.0,0.0,ASIANPAINT.NS,94
2020-05-22 00:00:00+05:30,1497.995209836341,1551.6586819348993,1485.1999703162057,1544.879150390625,5203736,0.0,0.0,ASIANPAINT.NS,95
2020-05-26 00:00:00+05:30,1551.6585920582131,1582.1665405207857,1546.8842579288032,1556.2896728515625,3552636,0.0,0.0,ASIANPAINT.NS,96
2020-05-27 00:00:00+05:30,1557.3878900095533,1562.9738379766843,1523.9197590535966,1546.359130859375,2260057,0.0,0.0,ASIANPAINT.NS,97
2020-05-28 00:00:00+05:30,1548.7940880416918,1582.1666390604007,1542.3487365655626,1569.419189453125,3138915,0.0,0.0,ASIANPAINT.NS,98
2020-05-29 00:00:00+05:30,1565.0267482741276,1622.3187585831256,1559.3930106148975,1607.1363525390625,3532977,0.0,0.0,ASIANPAINT.NS,99
2020-06-01 00:00:00+05:30,1629.4802324674374,1634.636536620708,1605.6085619068244,1616.8282470703125,2529255,0.0,0.0,ASIANPAINT.NS,100
2020-06-02 00:00:00+05:30,1616.828150385936,1654.78410430759,1604.1761657453847,1632.15380859375,2440552,0.0,0.0,ASIANPAINT.NS,101
2020-06-03 00:00:00+05:30,1646.1902486264735,1665.2875832973143,1628.8593941005095,1639.0765380859375,3088817,0.0,0.0,ASIANPAINT.NS,102
2020-06-04 00:00:00+05:30,1638.9811115025561,1641.9889653067964,1553.5683208205814,1560.013671875,4388930,0.0,0.0,ASIANPAINT.NS,103
2020-06-05 00:00:00+05:30,1575.5302241629704,1584.4582054543828,1547.839086889803,1564.5970458984375,2884206,0.0,0.0,ASIANPAINT.NS,104
2020-06-08 00:00:00+05:30,1582.2145563983145,1590.8083590582933,1555.4782814561584,1560.4913330078125,2046505,0.0,0.0,ASIANPAINT.NS,105
2020-06-09 00:00:00+05:30,1565.9816852534489,1618.4993637223145,1562.8783678893794,1567.939208984375,3671930,0.0,0.0,ASIANPAINT.NS,106
2020-06-10 00:00:00+05:30,1573.6205720736068,1599.4974404502595,1554.427771660859,1562.1143798828125,2069280,0.0,0.0,ASIANPAINT.NS,107
2020-06-11 00:00:00+05:30,1562.1144213643947,1571.7108801060479,1534.4710718896833,1537.9085693359375,1888420,0.0,0.0,ASIANPAINT.NS,108
2020-06-12 00:00:00+05:30,1508.6895827988774,1568.7984027803368,1506.3024157374866,1563.451171875,2391556,0.0,0.0,ASIANPAINT.NS,109
2020-06-15 00:00:00+05:30,1555.4781361970397,1576.1510273107328,1529.7921939998384,1545.16552734375,1681166,0.0,0.0,ASIANPAINT.NS,110
2020-06-16 00:00:00+05:30,1565.0268119617317,1566.2203955584077,1535.0917586692742,1548.507568359375,1497691,0.0,0.0,ASIANPAINT.NS,111
2020-06-17 00:00:00+05:30,1534.9961862980715,1549.4146518099258,1518.6201972023073,1523.39453125,1812788,0.0,0.0,ASIANPAINT.NS,112
2020-06-18 00:00:00+05:30,1523.3945755751245,1539.436268505592,1515.6601775049978,1525.686279296875,1417273,0.0,0.0,ASIANPAINT.NS,113
2020-06-19 00:00:00+05:30,1525.6863194960843,1556.4329858436056,1519.2409681743393,1549.271484375,2714342,0.0,0.0,ASIANPAINT.NS,114
2020-06-22 00:00:00+05:30,1559.2974082437117,1597.9695117549613,1550.703607463434,1577.5831298828125,2034739,0.0,0.0,ASIANPAINT.NS,115
2020-06-23 00:00:00+05:30,1584.9356748087189,1612.7700660458447,1566.936458485039,1607.9002685546875,2334863,0.0,0.0,ASIANPAINT.NS,116
2020-06-24 00:00:00+05:30,1607.9959023219524,1731.889885888623,1607.9959023219524,1668.3912353515625,11545923,0.0,0.0,ASIANPAINT.NS,117
2020-06-25 00:00:00+05:30,1661.468351916352,1668.1524199987743,1607.1841937305749,1612.7701416015625,4054785,0.0,0.0,ASIANPAINT.NS,118
2020-06-26 00:00:00+05:30,1632.8224827353824,1633.1566628553398,1595.2961650165748,1610.621826171875,2129986,0.0,0.0,ASIANPAINT.NS,119
2020-06-29 00:00:00+05:30,1610.8604915105955,1631.3423402880733,1598.4950115403735,1615.5870361328125,2753482,0.0,0.0,ASIANPAINT.NS,120
2020-06-30 00:00:00+05:30,1631.7720031813737,1640.4612683101857,1605.751881201483,1611.2900390625,1960731,0.0,0.0,ASIANPAINT.NS,121
2020-07-01 00:00:00+05:30,1621.3639765011756,1621.3639765011756,1604.2241624787766,1611.8153076171875,1661296,0.0,0.0,ASIANPAINT.NS,122
2020-07-02 00:00:00+05:30,1623.273697941963,1627.0931654665324,1585.1744860722042,1610.335205078125,2038399,0.0,0.0,ASIANPAINT.NS,123
2020-07-03 00:00:00+05:30,1618.8812784050408,1642.3709795680797,1613.724974110497,1619.1199951171875,1988941,0.0,0.0,ASIANPAINT.NS,124
2020-07-06 00:00:00+05:30,1631.8197065398003,1634.7320971456397,1615.7780129062185,1631.7242431640625,1236670,0.0,0.0,ASIANPAINT.NS,125
2020-07-07 00:00:00+05:30,1631.8197143583675,1670.9215831844253,1628.8596503309254,1666.9588623046875,2983260,0.0,0.0,ASIANPAINT.NS,126
2020-07-08 00:00:00+05:30,1671.0171777995274,1682.2846545370533,1604.2242806598467,1610.1444091796875,2725937,0.0,0.0,ASIANPAINT.NS,127
2020-07-09 00:00:00+05:30,1617.5444626674189,1644.280734777624,1615.7301923191899,1639.7451171875,1904661,0.0,0.0,ASIANPAINT.NS,128
2020-07-10 00:00:00+05:30,1630.8647112393085,1633.777101615814,1618.6901594885185,1626.6156005859375,1156043,0.0,0.0,ASIANPAINT.NS,129
2020-07-13 00:00:00+05:30,1630.9126150056343,1654.6888233960574,1623.2736800407365,1628.668701171875,1289791,0.0,0.0,ASIANPAINT.NS,130
2020-07-14 00:00:00+05:30,1628.6687193266678,1640.461301998001,1606.181557648727,1612.197265625,1347120,0.0,0.0,ASIANPAINT.NS,131
2020-07-15 00:00:00+05:30,1623.273699870682,1636.2598661574677,1588.2301319154803,1596.2032470703125,1611341,0.0,0.0,ASIANPAINT.NS,132
2020-07-16 00:00:00+05:30,1603.985273823513,1620.5043992855672,1570.8513264112034,1616.7803955078125,1442725,0.0,0.0,ASIANPAINT.NS,133
2020-07-17 00:00:00+05:30,1618.4992493091577,1663.8554229623642,1613.4861985369612,1640.36572265625,2308792,0.0,0.0,ASIANPAINT.NS,134
2020-07-20 00:00:00+05:30,1649.0550979235154,1678.035284351914,1642.6097464985103,1672.5447998046875,1848600,0.0,0.0,ASIANPAINT.NS,135
2020-07-21 00:00:00+05:30,1681.5204319897919,1691.785250072637,1641.4160264568156,1646.4290771484375,2088461,0.0,0.0,ASIANPAINT.NS,136
2020-07-22 00:00:00+05:30,1646.4290350905987,1658.0306897070245,1614.679714854692,1619.21533203125,1300409,0.0,0.0,ASIANPAINT.NS,137
2020-07-23 00:00:00+05:30,1615.153693570036,1662.9393058058358,1612.286556835888,1651.2796630859375,2375218,1.5,0.0,ASIANPAINT.NS,138
2020-07-24 00:00:00+05:30,1647.6478873540707,1650.5150240490025,1607.5079736250273,1636.2271728515625,3971563,0.0,0.0,ASIANPAINT.NS,139
2020-07-27 00:00:00+05:30,1641.1489300794617,1708.8133999651943,1641.1489300794617,1699.399658203125,6470525,0.0,0.0,ASIANPAINT.NS,140
2020-07-28 00:00:00+05:30,1700.2122486819856,1713.257745423749,1673.5001355102681,1681.71923828125,2534092,0.0,0.0,ASIANPAINT.NS,141
2020-07-29 00:00:00+05:30,1691.610503848075,1701.0720774566516,1653.3820178854066,1663.08251953125,1530981,0.0,0.0,ASIANPAINT.NS,142
2020-07-30 00:00:00+05:30,1674.4079258213567,1699.2564452684774,1651.566378842915,1666.1409912109375,2113975,0.0,0.0,ASIANPAINT.NS,143
2020-07-31 00:00:00+05:30,1676.319461601255,1692.4710236461976,1634.650426481502,1639.5245361328125,1678643,0.0,0.0,ASIANPAINT.NS,144
2020-08-03 00:00:00+05:30,1652.4265236207307,1658.1607972712363,1622.3215869555756,1629.96728515625,1437425,0.0,0.0,ASIANPAINT.NS,145
2020-08-04 00:00:00+05:30,1642.8694847214645,1658.1608819032813,1632.882337602731,1638.0430908203125,1815396,0.0,0.0,ASIANPAINT.NS,146
2020-08-05 00:00:00+05:30,1641.913848930969,1664.8031134887815,1636.6574309047057,1640.2891845703125,1416803,0.0,0.0,ASIANPAINT.NS,147
2020-08-06 00:00:00+05:30,1655.3415990688554,1674.5035614168523,1643.9207666494362,1651.0408935546875,1914507,0.0,0.0,ASIANPAINT.NS,148
2020-08-07 00:00:00+05:30,1651.0406249731059,1736.4334850137209,1649.2724641069656,1726.255126953125,5166075,0.0,0.0,ASIANPAINT.NS,149
2020-08-10 00:00:00+05:30,1729.839039228174,1743.5057700158866,1698.300537407992,1703.41357421875,1892614,0.0,0.0,ASIANPAINT.NS,150
2020-08-11 00:00:00+05:30,1720.2819455451345,1756.4079130672167,1701.167701705744,1710.2947998046875,3039662,0.0,0.0,ASIANPAINT.NS,151
2020-08-12 00:00:00+05:30,1710.6769410615207,1726.0161679573393,1693.5219543856065,1717.6536865234375,1679096,0.0,0.0,ASIANPAINT.NS,152
2020-08-13 00:00:00+05:30,1726.3987072719276,1734.6178096487383,1708.8135777696664,1722.71923828125,1192375,0.0,0.0,ASIANPAINT.NS,153
2020-08-14 00:00:00+05:30,1738.153898462824,1748.9534940260007,1715.9814199582975,1722.71923828125,1868376,0.0,0.0,ASIANPAINT.NS,154
2020-08-17 00:00:00+05:30,1739.3962201601648,1760.899744859947,1722.0500202361895,1755.3565673828125,1634180,0.0,0.0,ASIANPAINT.NS,155
2020-08-18 00:00:00+05:30,1749.9092855574488,1800.5620393174404,1749.9092855574488,1791.1004638671875,2586298,0.0,0.0,ASIANPAINT.NS,156
2020-08-19 00:00:00+05:30,1806.2961327331645,1818.1469878362957,1789.6190008188046,1802.1865234375,1947114,0.0,0.0,ASIANPAINT.NS,157
2020-08-20 00:00:00+05:30,1785.222719841247,1796.7390995652697,1774.8055492441945,1791.864990234375,1538879,0.0,0.0,ASIANPAINT.NS,158
2020-08-21 00:00:00+05:30,1804.2892596240367,1885.8592804235627,1797.4558934025672,1871.28466796875,5688228,0.0,0.0,ASIANPAINT.NS,159
2020-08-24 00:00:00+05:30,1871.2843816133861,1907.6014431564447,1854.0815629877268,1875.2506103515625,3996329,0.0,0.0,ASIANPAINT.NS,160
2020-08-25 00:00:00+05:30,1877.2576876199553,1927.528125974199,1877.0187595701118,1911.997802734375,3544399,0.0,0.0,ASIANPAINT.NS,161
2020-08-26 00:00:00+05:30,1912.3324140152324,1920.02594443033,1868.8953381451022,1884.0911865234375,2245810,0.0,0.0,ASIANPAINT.NS,162
2020-08-27 00:00:00+05:30,1893.170224710348,1920.0257128413657,1882.8007711968085,1894.6993408203125,3116305,0.0,0.0,ASIANPAINT.NS,163
2020-08-28 00:00:00+05:30,1905.6902199428894,1908.557356683024,1866.792778167365,1871.380126953125,1842536,0.0,0.0,ASIANPAINT.NS,164
2020-08-31 00:00:00+05:30,1889.4431738615904,1896.0376119135017,1797.9337232307116,1814.9931640625,2738522,0.0,0.0,ASIANPAINT.NS,165
2020-09-01 00:00:00+05:30,1839.7461340907166,1899.956007570049,1823.2600973047088,1891.641357421875,3068285,0.0,0.0,ASIANPAINT.NS,166
2020-09-02 00:00:00+05:30,1890.3510285446719,1908.5573938648545,1839.746110761064,1857.8568115234375,2569603,0.0,0.0,ASIANPAINT.NS,167
2020-09-03 00:00:00+05:30,1863.8299568718105,1899.8125459072157,1858.8602999078735,1890.3988037109375,1931667,0.0,0.0,ASIANPAINT.NS,168
2020-09-04 00:00:00+05:30,1871.2845901508003,1905.4034708949607,1864.5946043841734,1869.7076416015625,1930422,0.0,0.0,ASIANPAINT.NS,169
2020-09-07 00:00:00+05:30,1877.9744832951014,1914.9127833604155,1861.822923693741,1894.317138671875,2855392,0.0,0.0,ASIANPAINT.NS,170
2020-09-08 00:00:00+05:30,1899.477881414545,1913.2878751949206,1865.5501003880208,1873.5302734375,2401034,0.0,0.0,ASIANPAINT.NS,171
2020-09-09 00:00:00+05:30,1873.5305758889601,1905.594770081261,1871.2846753264698,1891.4024658203125,2776804,0.0,0.0,ASIANPAINT.NS,172
2020-09-10 00:00:00+05:30,1897.1365484334594,1978.0374927962764,1893.265867359543,1965.469970703125,5081252,0.0,0.0,ASIANPAINT.NS,173
2020-09-11 00:00:00+05:30,1971.6344121912148,1978.2765657993182,1932.4502091374873,1945.7823486328125,2599475,0.0,0.0,ASIANPAINT.NS,174
2020-09-14 00:00:00+05:30,1959.2101127491724,1963.0329617496586,1916.2030614937028,1941.24267578125,2142458,0.0,0.0,ASIANPAINT.NS,175
2020-09-15 00:00:00+05:30,1954.4316435308574,1958.7801811393163,1920.073833186749,1928.1973876953125,1997383,0.0,0.0,ASIANPAINT.NS,176
2020-09-16 00:00:00+05:30,1937.2286607337699,1937.2286607337699,1905.8335377887859,1922.988525390625,1717740,0.0,0.0,ASIANPAINT.NS,177
2020-09-17 00:00:00+05:30,1911.4245948386558,1954.4316482225256,1911.4245948386558,1919.0224609375,2416918,0.0,0.0,ASIANPAINT.NS,178
2020-09-18 00:00:00+05:30,1936.5598000467787,1953.8103363497237,1925.7602048378815,1938.5667724609375,3021436,0.0,0.0,ASIANPAINT.NS,179
2020-09-21 00:00:00+05:30,1946.2125134606913,1965.9001631275942,1875.3942567314034,1885.1903076171875,2518361,0.0,0.0,ASIANPAINT.NS,180
2020-09-22 00:00:00+05:30,1902.0584943499873,1907.314911783203,1841.0362898444744,1851.6925048828125,1974860,0.0,0.0,ASIANPAINT.NS,181
2020-09-23 00:00:00+05:30,1854.0817130768592,1901.867324238634,1842.89992673064,1860.3416748046875,2732912,0.0,0.0,ASIANPAINT.NS,182
2020-09-24 00:00:00+05:30,1855.5632198460203,1858.8603805391788,1823.2600981869502,1833.390625,1906183,0.0,0.0,ASIANPAINT.NS,183
2020-09-25 00:00:00+05:30,1839.9849820580853,1868.4174210744354,1823.4989459897815,1840.3194580078125,1939316,0.0,0.0,ASIANPAINT.NS,184
2020-09-28 00:00:00+05:30,1852.170326109564,1871.2845709610558,1844.5246281689672,1859.4337158203125,1137313,0.0,0.0,ASIANPAINT.NS,185
2020-09-29 00:00:00+05:30,1873.1960256379116,1901.819561098731,1867.4617520900404,1873.148193359375,1965383,0.0,0.0,ASIANPAINT.NS,186
2020-09-30 00:00:00+05:30,1879.0258741012033,1915.2473925323131,1871.428008206646,1898.4268798828125,2518982,0.0,0.0,ASIANPAINT.NS,187
2020-10-01 00:00:00+05:30,1918.1147199528864,1958.5892320136215,1903.8268667364687,1950.083251953125,2014003,0.0,0.0,ASIANPAINT.NS,188
2020-10-05 00:00:00+05:30,1950.0830191212324,1952.2333716895482,1921.9373399482442,1938.1844482421875,1554873,0.0,0.0,ASIANPAINT.NS,189
2020-10-06 00:00:00+05:30,1959.2104679089414,2004.9889996570835,1954.5274537016046,1997.43896484375,3152378,0.0,0.0,ASIANPAINT.NS,190
2020-10-07 00:00:00+05:30,1987.8813650534441,2024.9630448748833,1982.0992596096494,2011.774169921875,2429595,0.0,0.0,ASIANPAINT.NS,191
2020-10-08 00:00:00+05:30,2011.2963250618634,2014.593485486494,1980.2835108350025,1996.148193359375,1427493,0.0,0.0,ASIANPAINT.NS,192
2020-10-09 00:00:00+05:30,2001.2616356111457,2015.501656114918,1954.575111236419,1959.7838134765625,1636939,0.0,0.0,ASIANPAINT.NS,193
2020-10-12 00:00:00+05:30,1976.3172587232857,1994.045767539226,1950.8476207173317,1985.8267822265625,2182836,0.0,0.0,ASIANPAINT.NS,194
2020-10-13 00:00:00+05:30,1985.0143211278585,2020.375673983771,1963.0807719004356,1973.211181640625,2619233,0.0,0.0,ASIANPAINT.NS,195
2020-10-14 00:00:00+05:30,1978.3243191796564,1993.1378587677168,1963.98863570734,1979.6146240234375,1530471,0.0,0.0,ASIANPAINT.NS,196
2020-10-15 00:00:00+05:30,1978.3243832425712,2029.9328454141164,1974.5493664715866,1997.86865234375,4001883,0.0,0.0,ASIANPAINT.NS,197
2020-10-16 00:00:00+05:30,1997.3905424130664,1997.4383746857482,1964.5141380940001,1969.913818359375,2017706,0.0,0.0,ASIANPAINT.NS,198
2020-10-19 00:00:00+05:30,1987.8335470639104,1987.8335470639104,1965.4221426018942,1978.419921875,1338404,0.0,0.0,ASIANPAINT.NS,199
2020-10-20 00:00:00+05:30,1985.8743811123827,2037.387411129272,1975.7918035873467,2024.6763916015625,2377713,0.0,0.0,ASIANPAINT.NS,200
2020-10-21 00:00:00+05:30,2035.6669884077373,2048.903695724663,1989.0760186026307,2020.662353515625,2895432,0.0,0.0,ASIANPAINT.NS,201
2020-10-22 00:00:00+05:30,2020.5667560093423,2023.0995334232832,1984.8232118323167,2006.9000244140625,2755686,0.0,0.0,ASIANPAINT.NS,202
2020-10-23 00:00:00+05:30,2019.8976976511374,2035.0934280211486,2003.1727344579058,2026.3487548828125,3070714,0.0,0.0,ASIANPAINT.NS,203
2020-10-26 00:00:00+05:30,2022.621981900971,2022.621981900971,1978.3724521910406,1988.311767578125,1278139,0.0,0.0,ASIANPAINT.NS,204
2020-10-27 00:00:00+05:30,1992.6597392034316,2109.5912085977807,1992.6597392034316,2100.464111328125,4964874,0.0,0.0,ASIANPAINT.NS,205
2020-10-28 00:00:00+05:30,2105.5854709692903,2123.5324328314405,2058.0617757476775,2067.059326171875,3166047,3.35,0.0,ASIANPAINT.NS,206
2020-10-29 00:00:00+05:30,2069.404486649744,2137.602946258344,2068.5431258968747,2130.136962890625,4795796,0.0,0.0,ASIANPAINT.NS,207
2020-10-30 00:00:00+05:30,2115.4442334363775,2146.791591286147,2101.4694399746354,2116.7841796875,3006197,0.0,0.0,ASIANPAINT.NS,208
2020-11-02 00:00:00+05:30,2103.862066199146,2130.5670462681524,2073.328401751251,2079.789306640625,1772571,0.0,0.0,ASIANPAINT.NS,209
2020-11-03 00:00:00+05:30,2099.9378672480057,2099.9378672480057,2054.8073372439194,2062.368896484375,1781465,0.0,0.0,ASIANPAINT.NS,210
2020-11-04 00:00:00+05:30,2067.4899345233384,2119.033700670281,2063.6612494594065,2076.53515625,2189957,0.0,0.0,ASIANPAINT.NS,211
2020-11-05 00:00:00+05:30,2096.204864989681,2149.5192524902163,2090.126734578635,2142.436279296875,2671841,0.0,0.0,ASIANPAINT.NS,212
2020-11-06 00:00:00+05:30,2138.2729266683064,2151.721231099562,2108.169933939851,2114.439453125,2395965,0.0,0.0,ASIANPAINT.NS,213
2020-11-09 00:00:00+05:30,2152.677937123584,2152.677937123584,2119.3204287504354,2129.897216796875,1691773,0.0,0.0,ASIANPAINT.NS,214
2020-11-10 00:00:00+05:30,2129.897066926615,2142.675394477025,2095.2475201372317,2105.537109375,1879561,0.0,0.0,ASIANPAINT.NS,215
2020-11-11 00:00:00+05:30,2110.562388466831,2127.791469189009,2064.9053712899313,2088.26025390625,2387398,0.0,0.0,ASIANPAINT.NS,216
2020-11-12 00:00:00+05:30,2078.9760554911236,2107.451901555056,2069.4043425284576,2078.78466796875,1626054,0.0,0.0,ASIANPAINT.NS,217
2020-11-13 00:00:00+05:30,2087.1121843528026,2112.0465454223577,2078.97622766076,2086.585693359375,1560060,0.0,0.0,ASIANPAINT.NS,218
2020-11-14 00:00:00+05:30,2098.119595597825,2099.45954201176,2086.968642863234,2091.03662109375,146991,0.0,0.0,ASIANPAINT.NS,219
2020-11-17 00:00:00+05:30,2111.9022808947993,2126.7384333615832,2088.5473988724434,2093.955322265625,1699293,0.0,0.0,ASIANPAINT.NS,220
2020-11-18 00:00:00+05:30,2091.418906507956,2115.348184614454,2073.3284657331856,2101.70849609375,1817170,0.0,0.0,ASIANPAINT.NS,221
2020-11-19 00:00:00+05:30,2081.847612742386,2100.9910390664536,2064.331330918983,2069.1171875,2669522,0.0,0.0,ASIANPAINT.NS,222
2020-11-20 00:00:00+05:30,2070.696376289001,2096.2528001884857,2068.016250234456,2073.75927734375,2196113,0.0,0.0,ASIANPAINT.NS,223
2020-11-23 00:00:00+05:30,2068.016467358931,2102.8574086729086,2047.1979919019736,2092.61572265625,4002609,0.0,0.0,ASIANPAINT.NS,224
2020-11-24 00:00:00+05:30,2098.981052166034,2135.4493756771394,2097.162519994896,2113.338623046875,2954306,0.0,0.0,ASIANPAINT.NS,225
2020-11-25 00:00:00+05:30,2103.1446403127466,2114.104204968098,2057.918296357904,2062.0341796875,1682365,0.0,0.0,ASIANPAINT.NS,226
2020-11-26 00:00:00+05:30,2067.4898690081873,2084.192460333437,2026.4749880867485,2062.9912109375,2247478,0.0,0.0,ASIANPAINT.NS,227
2020-11-27 00:00:00+05:30,2077.061724166395,2148.4667967290084,2072.275867659099,2120.421630859375,10036402,0.0,0.0,ASIANPAINT.NS,228
2020-12-01 00:00:00+05:30,2177.5645959152794,2177.5645959152794,2111.71116711292,2134.539794921875,2235498,0.0,0.0,ASIANPAINT.NS,229
2020-12-02 00:00:00+05:30,2145.020680555471,2226.332328068121,2140.2348245078233,2216.6650390625,3305952,0.0,0.0,ASIANPAINT.NS,230
2020-12-03 00:00:00+05:30,2239.7806277838404,2318.1251846696027,2217.047811583043,2308.12255859375,4334658,0.0,0.0,ASIANPAINT.NS,231
2020-12-04 00:00:00+05:30,2297.2108854433623,2340.2835895454255,2273.2816053866604,2334.30126953125,2789953,0.0,0.0,ASIANPAINT.NS,232
2020-12-07 00:00:00+05:30,2335.4975969050806,2372.6358841173287,2332.6260834662626,2366.653564453125,1762501,0.0,0.0,ASIANPAINT.NS,233
2020-12-08 00:00:00+05:30,2364.7391866128683,2377.8044790893414,2323.963602920867,2334.444580078125,2090950,0.0,0.0,ASIANPAINT.NS,234
2020-12-09 00:00:00+05:30,2345.0698994448057,2423.6537638346636,2342.1983852822204,2414.2734375,2022370,0.0,0.0,ASIANPAINT.NS,235
2020-12-10 00:00:00+05:30,2408.1945391364443,2442.7006034097244,2393.8848781848437,2417.862060546875,2372909,0.0,0.0,ASIANPAINT.NS,236
2020-12-11 00:00:00+05:30,2408.2422748198665,2428.2470555686045,2388.141683495853,2412.980224609375,2171653,0.0,0.0,ASIANPAINT.NS,237
2020-12-14 00:00:00+05:30,2421.643304128244,2444.519603922735,2413.0287627301595,2439.015869140625,1280339,0.0,0.0,ASIANPAINT.NS,238
2020-12-15 00:00:00+05:30,2426.4290821434765,2429.8749920652444,2395.3210169877907,2419.202392578125,1283286,0.0,0.0,ASIANPAINT.NS,239
2020-12-16 00:00:00+05:30,2431.215049753184,2477.0634605641417,2428.917932156309,2471.846923828125,1920875,0.0,0.0,ASIANPAINT.NS,240
2020-12-17 00:00:00+05:30,2458.9729831176483,2491.8519095887154,2447.4869279220816,2464.763916015625,1750663,0.0,0.0,ASIANPAINT.NS,241
2020-12-18 00:00:00+05:30,2466.6306004536145,2523.1037108248847,2465.2427487152713,2490.081298828125,4402604,0.0,0.0,ASIANPAINT.NS,242
2020-12-21 00:00:00+05:30,2484.2901842976753,2490.846901124836,2430.3537221777747,2445.237548828125,1383048,0.0,0.0,ASIANPAINT.NS,243
2020-12-22 00:00:00+05:30,2432.1722430475825,2501.662972036986,2389.2909226040792,2489.4111328125,1993090,0.0,0.0,ASIANPAINT.NS,244
2020-12-23 00:00:00+05:30,2492.474046795582,2536.503926270466,2492.474046795582,2529.373046875,1339307,0.0,0.0,ASIANPAINT.NS,245
2020-12-24 00:00:00+05:30,2544.1607873787525,2544.1607873787525,2501.0880878181642,2534.828369140625,1143202,0.0,0.0,ASIANPAINT.NS,246
2020-12-28 00:00:00+05:30,2540.571627881972,2574.311912287299,2516.9295462553973,2568.95166015625,1226254,0.0,0.0,ASIANPAINT.NS,247
2020-12-29 00:00:00+05:30,2570.0051357525235,2596.2794431967973,2558.5190792798867,2581.2998046875,1562853,0.0,0.0,ASIANPAINT.NS,248
2020-12-30 00:00:00+05:30,2578.619195610897,2625.3771018929583,2565.5539022917405,2617.288818359375,1614643,0.0,0.0,ASIANPAINT.NS,249
2020-12-31 00:00:00+05:30,2617.28866466516,2653.2783929055886,2608.3392547409753,2646.099609375,1526325,0.0,0.0,ASIANPAINT.NS,250
2021-01-01 00:00:00+05:30,2640.835283916221,2672.4219328358427,2632.220743301779,2656.676513671875,1246698,0.0,0.0,ASIANPAINT.NS,251
2021-01-04 00:00:00+05:30,2661.9893304689117,2671.5610439527677,2627.4353513184274,2635.7626953125,1360486,0.0,0.0,ASIANPAINT.NS,252
2021-01-05 00:00:00+05:30,2635.7625475406253,2684.4827066526423,2614.9919771820255,2674.193115234375,1299589,0.0,0.0,ASIANPAINT.NS,253
2021-01-06 00:00:00+05:30,2681.323849182922,2701.5679274943154,2660.936054974478,2685.200439453125,1697884,0.0,0.0,ASIANPAINT.NS,254
2021-01-07 00:00:00+05:30,2681.0368701525986,2710.5656988795586,2662.3720293928786,2672.66162109375,1142806,0.0,0.0,ASIANPAINT.NS,255
2021-01-08 00:00:00+05:30,2697.3085647642943,2727.746657051031,2669.5985039958746,2722.864990234375,1660967,0.0,0.0,ASIANPAINT.NS,256
2021-01-11 00:00:00+05:30,2723.152183329016,2750.3836584254295,2703.6259834671246,2727.26806640625,1517995,0.0,0.0,ASIANPAINT.NS,257
2021-01-12 00:00:00+05:30,2727.5549643373506,2727.937739318248,2595.991604663795,2604.031982421875,6674890,0.0,0.0,ASIANPAINT.NS,258
2021-01-13 00:00:00+05:30,2641.792346371414,2644.663859791383,2563.304312892263,2587.903564453125,2862676,0.0,0.0,ASIANPAINT.NS,259
2021-01-14 00:00:00+05:30,2596.805550540383,2619.4425566870796,2534.5894205053205,2549.808349609375,2124950,0.0,0.0,ASIANPAINT.NS,260
2021-01-15 00:00:00+05:30,2546.9367996917995,2547.8462992961136,2470.028232560606,2479.934814453125,2570436,0.0,0.0,ASIANPAINT.NS,261
2021-01-18 00:00:00+05:30,2480.9881279284823,2507.645443378639,2445.9555632038764,2477.350830078125,2395168,0.0,0.0,ASIANPAINT.NS,262
2021-01-19 00:00:00+05:30,2503.0028262550045,2561.9646689055508,2479.073544933255,2531.765869140625,2558693,0.0,0.0,ASIANPAINT.NS,263
2021-01-20 00:00:00+05:30,2540.3323266897996,2591.205881732842,2531.765691315192,2581.72998046875,2065439,0.0,0.0,ASIANPAINT.NS,264
2021-01-21 00:00:00+05:30,2610.158327119531,2696.3037473315176,2579.5767496811573,2600.012451171875,5015712,0.0,0.0,ASIANPAINT.NS,265
2021-01-22 00:00:00+05:30,2632.2212891121917,2650.264063058601,2479.073868654755,2485.43896484375,4945564,0.0,0.0,ASIANPAINT.NS,266
2021-01-25 00:00:00+05:30,2500.9451442398035,2518.796295650666,2393.8854400236805,2406.28076171875,3520087,0.0,0.0,ASIANPAINT.NS,267
2021-01-27 00:00:00+05:30,2416.8572476777786,2416.8572476777786,2326.452475783696,2332.243408203125,2700415,0.0,0.0,ASIANPAINT.NS,268
2021-01-28 00:00:00+05:30,2316.3541885911127,2348.850102475177,2298.2158419917037,2337.124755859375,3035457,0.0,0.0,ASIANPAINT.NS,269
2021-01-29 00:00:00+05:30,2350.8123773769826,2377.6131699529415,2297.2107922250643,2304.24609375,2768673,0.0,0.0,ASIANPAINT.NS,270
2021-02-01 00:00:00+05:30,2322.671883123842,2362.059387170938,2275.1002843467695,2342.9638671875,1797359,0.0,0.0,ASIANPAINT.NS,271
2021-02-02 00:00:00+05:30,2354.641427949948,2412.0717066804345,2321.236242628809,2358.135009765625,2679428,0.0,0.0,ASIANPAINT.NS,272
2021-02-03 00:00:00+05:30,2396.6129196554375,2396.6129196554375,2333.918213457023,2348.562744140625,2409356,0.0,0.0,ASIANPAINT.NS,273
2021-02-04 00:00:00+05:30,2350.812220611311,2350.812220611311,2295.2962968346596,2298.93359375,3478562,0.0,0.0,ASIANPAINT.NS,274
2021-02-05 00:00:00+05:30,2316.3544440116493,2320.0873184435322,2269.261664862009,2274.956787109375,3303319,0.0,0.0,ASIANPAINT.NS,275
2021-02-08 00:00:00+05:30,2291.46765779564,2330.61586307037,2271.7498392798802,2313.339111328125,3666313,0.0,0.0,ASIANPAINT.NS,276
2021-02-09 00:00:00+05:30,2328.3190867250655,2423.988307292677,2319.8480276120426,2399.48486328125,7178572,0.0,0.0,ASIANPAINT.NS,277
2021-02-10 00:00:00+05:30,2420.6860761665043,2445.5725285114345,2368.998828988572,2403.07421875,4473123,0.0,0.0,ASIANPAINT.NS,278
2021-02-11 00:00:00+05:30,2416.8090694233983,2431.2145409006434,2388.237652923028,2398.192138671875,1446286,0.0,0.0,ASIANPAINT.NS,279
2021-02-12 00:00:00+05:30,2410.156957246472,2414.9428129995426,2358.661102606557,2379.623291015625,1376085,0.0,0.0,ASIANPAINT.NS,280
2021-02-15 00:00:00+05:30,2388.142070713977,2409.678422053081,2343.6815165752337,2351.5302734375,1634576,0.0,0.0,ASIANPAINT.NS,281
2021-02-16 00:00:00+05:30,2366.127558731252,2369.0948833668554,2318.2689916048107,2345.30908203125,1615849,0.0,0.0,ASIANPAINT.NS,282
2021-02-17 00:00:00+05:30,2331.669394640816,2349.9035554860343,2279.982142050256,2285.86865234375,3178784,0.0,0.0,ASIANPAINT.NS,283
2021-02-18 00:00:00+05:30,2320.1833909870484,2373.4022124058974,2292.6647142168845,2364.93115234375,4253843,0.0,0.0,ASIANPAINT.NS,284
2021-02-19 00:00:00+05:30,2365.07422391604,2365.07422391604,2297.2108793295947,2312.956298828125,2244567,0.0,0.0,ASIANPAINT.NS,285
2021-02-22 00:00:00+05:30,2324.729668125036,2343.15521464543,2278.0675697941683,2284.815673828125,2002642,0.0,0.0,ASIANPAINT.NS,286
2021-02-23 00:00:00+05:30,2273.2814442726526,2297.2107226334174,2215.851176206817,2270.601318359375,3267268,0.0,0.0,ASIANPAINT.NS,287
2021-02-24 00:00:00+05:30,2271.3672596098672,2306.1605262344046,2246.6721958911403,2260.21630859375,1708526,0.0,0.0,ASIANPAINT.NS,288
2021-02-25 00:00:00+05:30,2273.281669114501,2284.0498454418853,2236.143378688512,2272.085205078125,2839515,0.0,0.0,ASIANPAINT.NS,289
2021-02-26 00:00:00+05:30,2237.914376501055,2258.9242395344218,2163.2071107405905,2179.67041015625,3933813,0.0,0.0,ASIANPAINT.NS,290
2021-03-01 00:00:00+05:30,2201.4936780053617,2268.3998489196915,2201.4936780053617,2261.12548828125,2545806,0.0,0.0,ASIANPAINT.NS,291
2021-03-02 00:00:00+05:30,2283.8102691041786,2299.6514977160173,2257.966649126889,2288.021728515625,2033586,0.0,0.0,ASIANPAINT.NS,292
2021-03-03 00:00:00+05:30,2302.9540658696887,2314.1529229443963,2274.0475403749524,2299.22119140625,1591567,0.0,0.0,ASIANPAINT.NS,293
2021-03-04 00:00:00+05:30,2278.067468098899,2330.7118843784956,2249.352331946392,2313.57861328125,2149984,0.0,0.0,ASIANPAINT.NS,294
2021-03-05 00:00:00+05:30,2296.254014855646,2320.0874874385345,2275.2920562554864,2284.86376953125,1953642,0.0,0.0,ASIANPAINT.NS,295
2021-03-08 00:00:00+05:30,2280.9392977475677,2310.133023547526,2258.972262284153,2280.652099609375,1593838,0.0,0.0,ASIANPAINT.NS,296
2021-03-09 00:00:00+05:30,2297.2107383986845,2339.3262686026605,2293.5255360320925,2318.9384765625,1800442,0.0,0.0,ASIANPAINT.NS,297
2021-03-10 00:00:00+05:30,2341.240782723724,2341.240782723724,2312.0949660779593,2327.79248046875,1056102,0.0,0.0,ASIANPAINT.NS,298
2021-03-12 00:00:00+05:30,2338.1783703727797,2359.0924255000327,2294.3398729962496,2298.503662109375,1279203,0.0,0.0,ASIANPAINT.NS,299
2021-03-15 00:00:00+05:30,2299.652219184138,2323.581504448204,2242.7005202556616,2254.138671875,1524449,0.0,0.0,ASIANPAINT.NS,300
2021-03-16 00:00:00+05:30,2277.3015614106157,2373.784460409285,2273.6165926806793,2362.872802734375,4230564,0.0,0.0,ASIANPAINT.NS,301
2021-03-17 00:00:00+05:30,2354.641467098827,2354.641467098827,2307.8358826290396,2319.17822265625,1623187,0.0,0.0,ASIANPAINT.NS,302
2021-03-18 00:00:00+05:30,2363.1120691826386,2363.1120691826386,2287.6390311052746,2301.56591796875,1851739,0.0,0.0,ASIANPAINT.NS,303
2021-03-19 00:00:00+05:30,2290.5106299005315,2329.7546482147486,2254.473228507687,2307.97900390625,3738079,0.0,0.0,ASIANPAINT.NS,304
2021-03-22 00:00:00+05:30,2287.6393351347224,2333.6793666921526,2287.6393351347224,2321.810302734375,1489853,0.0,0.0,ASIANPAINT.NS,305
2021-03-23 00:00:00+05:30,2325.926050400761,2329.7068299598045,2295.4879590537025,2307.06982421875,1745466,0.0,0.0,ASIANPAINT.NS,306
2021-03-24 00:00:00+05:30,2307.0702909254633,2364.2133772334514,2306.783092766242,2338.896240234375,4132092,0.0,0.0,ASIANPAINT.NS,307
2021-03-25 00:00:00+05:30,2345.978747212274,2363.2557344133706,2289.5535507155864,2299.316650390625,2272545,0.0,0.0,ASIANPAINT.NS,308
2021-03-26 00:00:00+05:30,2321.140477321424,2406.2808204640232,2305.921546634605,2397.857666015625,3084607,0.0,0.0,ASIANPAINT.NS,309
2021-03-30 00:00:00+05:30,2430.3537229306003,2472.804129554041,2413.5074147041964,2467.635498046875,2332884,0.0,0.0,ASIANPAINT.NS,310
2021-03-31 00:00:00+05:30,2467.635223145657,2472.3252684839576,2422.600272101251,2428.72607421875,1616044,0.0,0.0,ASIANPAINT.NS,311
2021-04-01 00:00:00+05:30,2423.5575382549964,2454.7135083213357,2423.5575382549964,2442.461669921875,1219588,0.0,0.0,ASIANPAINT.NS,312
2021-04-05 00:00:00+05:30,2448.4437280950233,2448.4437280950233,2378.0916506849435,2403.12158203125,1268939,0.0,0.0,ASIANPAINT.NS,313
2021-04-06 00:00:00+05:30,2417.8143463741717,2507.7884352732895,2397.2351664663947,2499.748291015625,3372846,0.0,0.0,ASIANPAINT.NS,314
2021-04-07 00:00:00+05:30,2493.431172240898,2553.7808678874844,2488.7411264655266,2516.0205078125,1937977,0.0,0.0,ASIANPAINT.NS,315
2021-04-08 00:00:00+05:30,2517.3604829741234,2544.5440540313402,2515.4461404015196,2537.1259765625,897483,0.0,0.0,ASIANPAINT.NS,316
2021-04-09 00:00:00+05:30,2522.1460487648337,2541.2894722848705,2498.3602515674406,2518.1259765625,1185017,0.0,0.0,ASIANPAINT.NS,317
2021-04-12 00:00:00+05:30,2467.778866594325,2498.2169590390345,2445.5725403619667,2490.7509765625,1427691,0.0,0.0,ASIANPAINT.NS,318
2021-04-13 00:00:00+05:30,2488.6452621551066,2513.5317147766573,2454.4742951000853,2460.60009765625,1200230,0.0,0.0,ASIANPAINT.NS,319
2021-04-15 00:00:00+05:30,2479.0731222743866,2482.4711263796244,2428.3430545212814,2476.87158203125,1209829,0.0,0.0,ASIANPAINT.NS,320
2021-04-16 00:00:00+05:30,2476.776353402821,2578.1406925795895,2471.128902968981,2549.616943359375,2760777,0.0,0.0,ASIANPAINT.NS,321
2021-04-19 00:00:00+05:30,2536.5039514919645,2536.5039514919645,2456.9152511670236,2461.748779296875,1552036,0.0,0.0,ASIANPAINT.NS,322
2021-04-20 00:00:00+05:30,2488.645254427687,2493.1439125738134,2420.494708043314,2444.2802734375,1489287,0.0,0.0,ASIANPAINT.NS,323
2021-04-22 00:00:00+05:30,2446.1945988677403,2447.486873522275,2381.4420576157295,2403.6962890625,1690758,0.0,0.0,ASIANPAINT.NS,324
2021-04-23 00:00:00+05:30,2418.8678774405066,2455.1445791122974,2389.2911417154037,2410.109619140625,1614593,0.0,0.0,ASIANPAINT.NS,325
2021-04-26 00:00:00+05:30,2421.6434027242885,2464.7161114683963,2421.6434027242885,2448.348388671875,1103980,0.0,0.0,ASIANPAINT.NS,326
2021-04-27 00:00:00+05:30,2436.0009234164645,2469.4061078316,2425.4720392681024,2464.093994140625,866331,0.0,0.0,ASIANPAINT.NS,327
2021-04-28 00:00:00+05:30,2477.158837586049,2508.0276059446846,2464.7156131314046,2502.57177734375,1065561,0.0,0.0,ASIANPAINT.NS,328
2021-04-29 00:00:00+05:30,2517.360518860376,2528.8465744597393,2459.9302408635613,2501.519287109375,1295346,0.0,0.0,ASIANPAINT.NS,329
2021-04-30 00:00:00+05:30,2483.859371182896,2494.196867325852,2415.9481183492812,2427.76904296875,1384907,0.0,0.0,ASIANPAINT.NS,330
2021-05-03 00:00:00+05:30,2402.499997636266,2483.9553699143485,2398.28853732931,2471.559814453125,1034774,0.0,0.0,ASIANPAINT.NS,331
2021-05-04 00:00:00+05:30,2493.431550596652,2505.8268737562066,2461.4142133153196,2476.345947265625,1058140,0.0,0.0,ASIANPAINT.NS,332
2021-05-05 00:00:00+05:30,2504.9169098422053,2504.9169098422053,2437.0535685021136,2457.680419921875,1220186,0.0,0.0,ASIANPAINT.NS,333
2021-05-06 00:00:00+05:30,2469.3586099736212,2471.2729526807557,2419.7291818174067,2439.877685546875,1518119,0.0,0.0,ASIANPAINT.NS,334
2021-05-07 00:00:00+05:30,2445.57258401092,2479.073578312439,2432.650771923191,2442.365966796875,1416102,0.0,0.0,ASIANPAINT.NS,335
2021-05-10 00:00:00+05:30,2478.116349941236,2478.116349941236,2433.2727837001016,2447.43896484375,1526814,0.0,0.0,ASIANPAINT.NS,336
2021-05-11 00:00:00+05:30,2424.5148110864916,2452.2727777353302,2413.315954037459,2446.76904296875,1168363,0.0,0.0,ASIANPAINT.NS,337
2021-05-12 00:00:00+05:30,2466.6301547392386,2478.068303714096,2421.6431088437225,2446.720947265625,2085630,0.0,0.0,ASIANPAINT.NS,338
2021-05-14 00:00:00+05:30,2507.788903406019,2713.8200337335556,2490.129138971969,2655.671875,10543708,0.0,0.0,ASIANPAINT.NS,339
2021-05-17 00:00:00+05:30,2662.850236845578,2703.242814118367,2629.8757362570277,2663.568115234375,2134352,0.0,0.0,ASIANPAINT.NS,340
2021-05-18 00:00:00+05:30,2677.208149735428,2723.152372541041,2669.5507792678254,2700.946044921875,1328605,0.0,0.0,ASIANPAINT.NS,341
2021-05-19 00:00:00+05:30,2685.009056408643,2726.981112601812,2678.7874427786287,2695.2509765625,1219067,0.0,0.0,ASIANPAINT.NS,342
2021-05-20 00:00:00+05:30,2693.4797422093184,2723.1520492485824,2659.5001647933873,2674.43212890625,1211975,0.0,0.0,ASIANPAINT.NS,343
2021-05-21 00:00:00+05:30,2686.7798756585116,2731.7669273706424,2675.2938199022233,2711.187744140625,1328308,0.0,0.0,ASIANPAINT.NS,344
2021-05-24 00:00:00+05:30,2724.109019979575,2726.9805333527083,2687.927904741218,2698.456787109375,813091,0.0,0.0,ASIANPAINT.NS,345
2021-05-25 00:00:00+05:30,2715.399298788291,2797.4767417318108,2701.855417712192,2789.580078125,2730112,0.0,0.0,ASIANPAINT.NS,346
2021-05-26 00:00:00+05:30,2813.9404285687174,2821.645471376953,2785.75154394322,2815.615478515625,1250531,0.0,0.0,ASIANPAINT.NS,347
2021-05-27 00:00:00+05:30,2823.655026787714,2838.0125947205333,2777.9501022015743,2823.032958984375,2415085,0.0,0.0,ASIANPAINT.NS,348
2021-05-28 00:00:00+05:30,2831.456009365349,2836.864167080515,2805.612385892349,2814.75341796875,711383,0.0,0.0,ASIANPAINT.NS,349
2021-05-31 00:00:00+05:30,2812.16855009577,2861.8935394982745,2810.3500185711455,2849.976806640625,2093635,0.0,0.0,ASIANPAINT.NS,350
2021-06-01 00:00:00+05:30,2838.012570368475,2854.858876738846,2790.24982159555,2805.46875,1194073,0.0,0.0,ASIANPAINT.NS,351
2021-06-02 00:00:00+05:30,2793.839664947558,2808.101424468967,2753.925433040386,2779.33837890625,2067842,0.0,0.0,ASIANPAINT.NS,352
2021-06-03 00:00:00+05:30,2794.557607658433,2815.998152737118,2779.6735462121474,2809.633056640625,1404434,0.0,0.0,ASIANPAINT.NS,353
2021-06-04 00:00:00+05:30,2826.5264863664706,2861.9418199240595,2783.453783391025,2799.6298828125,1509084,0.0,0.0,ASIANPAINT.NS,354
2021-06-07 00:00:00+05:30,2804.511923527744,2815.040807882285,2779.577564296701,2807.479248046875,802415,0.0,0.0,ASIANPAINT.NS,355
2021-06-08 00:00:00+05:30,2802.597412964545,2818.151445737999,2782.9754023888026,2800.92236328125,762931,0.0,0.0,ASIANPAINT.NS,356
2021-06-09 00:00:00+05:30,2805.277025857581,2838.0122297983185,2794.55675658307,2817.48095703125,1340352,0.0,0.0,ASIANPAINT.NS,357
2021-06-10 00:00:00+05:30,2832.8241490864625,2846.579505165725,2809.40155327212,2838.2109375,1344559,14.5,0.0,ASIANPAINT.NS,358
2021-06-11 00:00:00+05:30,2847.2524246828752,2858.4106700133875,2826.667653116585,2843.645263671875,878445,0.0,0.0,ASIANPAINT.NS,359
2021-06-14 00:00:00+05:30,2842.5394718699026,2856.871832581713,2805.409663206925,2837.537353515625,746823,0.0,0.0,ASIANPAINT.NS,360
2021-06-15 00:00:00+05:30,2856.8717024222506,2933.8244755514693,2848.1663729937623,2926.321533203125,2262031,0.0,0.0,ASIANPAINT.NS,361
2021-06-16 00:00:00+05:30,2913.62451386398,2926.3216750776423,2891.019635661338,2903.716796875,859505,0.0,0.0,ASIANPAINT.NS,362
2021-06-17 00:00:00+05:30,2902.9949689587775,2956.861905419591,2886.209693761997,2943.73193359375,1533864,0.0,0.0,ASIANPAINT.NS,363
2021-06-18 00:00:00+05:30,2944.9343559453855,2960.565386802591,2901.167469545209,2931.130859375,2293860,0.0,0.0,ASIANPAINT.NS,364
2021-06-21 00:00:00+05:30,2909.0069402805616,2961.8638253767735,2905.977019003159,2951.667724609375,720491,0.0,0.0,ASIANPAINT.NS,365
2021-06-22 00:00:00+05:30,2967.491076031056,2975.0421602258352,2889.7687344296505,2896.117431640625,1199238,0.0,0.0,ASIANPAINT.NS,366
2021-06-23 00:00:00+05:30,2914.5861422832245,2914.5861422832245,2869.8573450501653,2873.560791015625,1009007,0.0,0.0,ASIANPAINT.NS,367
2021-06-24 00:00:00+05:30,2873.5608874591035,2933.5358132442902,2862.1140217169986,2927.33154296875,985596,0.0,0.0,ASIANPAINT.NS,368
2021-06-25 00:00:00+05:30,2914.7784946801703,2937.1910358799523,2871.3002266584763,2889.480224609375,786964,0.0,0.0,ASIANPAINT.NS,369
2021-06-28 00:00:00+05:30,2908.814807594235,2923.0992599608753,2862.883621396277,2869.328369140625,891695,0.0,0.0,ASIANPAINT.NS,370
2021-06-29 00:00:00+05:30,2875.147760999058,2908.6704041061057,2859.8053500255346,2887.171630859375,1242734,0.0,0.0,ASIANPAINT.NS,371
2021-06-30 00:00:00+05:30,2884.7671091577904,2914.5863090190414,2871.925521087502,2878.70703125,924522,0.0,0.0,ASIANPAINT.NS,372
2021-07-01 00:00:00+05:30,2893.424039189191,2911.6040364563896,2882.8430337267305,2906.506103515625,848235,0.0,0.0,ASIANPAINT.NS,373
2021-07-02 00:00:00+05:30,2917.4239026746022,2923.0511682114866,2885.488548423526,2890.53857421875,805542,0.0,0.0,ASIANPAINT.NS,374
2021-07-05 00:00:00+05:30,2904.9672153676106,2933.8245055864945,2892.5586745099827,2899.96533203125,863343,0.0,0.0,ASIANPAINT.NS,375
2021-07-06 00:00:00+05:30,2888.614743898314,2914.1053501964507,2881.881376196919,2888.1337890625,762630,0.0,0.0,ASIANPAINT.NS,376
2021-07-07 00:00:00+05:30,2948.2532152823787,2952.100854062519,2896.5505691742455,2924.3017578125,1234865,0.0,0.0,ASIANPAINT.NS,377
2021-07-08 00:00:00+05:30,2933.8245652562814,2942.4817524980213,2903.813029786497,2912.951171875,907391,0.0,0.0,ASIANPAINT.NS,378
2021-07-09 00:00:00+05:30,2906.8909690677906,2923.387625667209,2892.462324284198,2895.92529296875,547082,0.0,0.0,ASIANPAINT.NS,379
2021-07-12 00:00:00+05:30,2919.299402732037,2926.9467720602515,2877.1198069308075,2885.151611328125,765566,0.0,0.0,ASIANPAINT.NS,380
2021-07-13 00:00:00+05:30,2904.966828973131,2906.0250234102296,2871.6367571401006,2879.81298828125,703484,0.0,0.0,ASIANPAINT.NS,381
2021-07-14 00:00:00+05:30,2888.6145442411416,2893.1836148655657,2870.5305966962314,2887.6044921875,470744,0.0,0.0,ASIANPAINT.NS,382
2021-07-15 00:00:00+05:30,2895.3481794111135,2896.31008910527,2857.9299862449184,2869.953857421875,635535,0.0,0.0,ASIANPAINT.NS,383
2021-07-16 00:00:00+05:30,2879.9576962854085,2891.500612903787,2852.0623144576607,2875.436767578125,1062548,0.0,0.0,ASIANPAINT.NS,384
2021-07-19 00:00:00+05:30,2875.436340252042,2885.440105898122,2852.061890605316,2868.3662109375,837836,0.0,0.0,ASIANPAINT.NS,385
2021-07-20 00:00:00+05:30,2881.8812889462465,3058.391708345992,2866.0579222952765,3038.720703125,6755922,0.0,0.0,ASIANPAINT.NS,386
2021-07-22 00:00:00+05:30,3010.777241433723,3044.44407959672,2972.300854961726,2988.412841796875,1982572,0.0,0.0,ASIANPAINT.NS,387
2021-07-23 00:00:00+05:30,2987.691553506283,3010.39271655506,2960.8062241318066,2966.2890625,815329,0.0,0.0,ASIANPAINT.NS,388
2021-07-26 00:00:00+05:30,2962.6334614686534,3000.1960787722783,2934.9785601333847,2944.59765625,1136884,0.0,0.0,ASIANPAINT.NS,389
2021-07-27 00:00:00+05:30,2962.1045128984642,2964.124617120839,2906.2177025603887,2913.28759765625,904289,0.0,0.0,ASIANPAINT.NS,390
2021-07-28 00:00:00+05:30,2914.9224871354163,2917.471453321364,2870.3378887935874,2889.67236328125,996594,0.0,0.0,ASIANPAINT.NS,391
2021-07-29 00:00:00+05:30,2889.6727186406697,2924.1570368403827,2876.3983192138153,2883.27587890625,762683,0.0,0.0,ASIANPAINT.NS,392
2021-07-30 00:00:00+05:30,2893.4241433539437,2894.049290671839,2839.4609196162087,2845.761474609375,1067423,0.0,0.0,ASIANPAINT.NS,393
2021-08-02 00:00:00+05:30,2871.877682081146,2873.0319267480054,2847.877847294905,2860.767578125,832285,0.0,0.0,ASIANPAINT.NS,394
2021-08-03 00:00:00+05:30,2904.967315643583,2948.2532524660865,2880.149998230433,2911.70068359375,2433031,0.0,0.0,ASIANPAINT.NS,395
2021-08-04 00:00:00+05:30,2924.7823721552027,2936.998576891683,2897.271664143519,2903.620361328125,659295,0.0,0.0,ASIANPAINT.NS,396
2021-08-05 00:00:00+05:30,2918.4337283666678,2924.205185970557,2866.538752379939,2874.570556640625,693694,0.0,0.0,ASIANPAINT.NS,397
2021-08-06 00:00:00+05:30,2880.91935413119,2886.6908119357936,2848.6472389388723,2853.456787109375,744159,0.0,0.0,ASIANPAINT.NS,398
2021-08-09 00:00:00+05:30,2880.5826134826925,2900.1575686203164,2859.8055061346226,2878.562744140625,825462,0.0,0.0,ASIANPAINT.NS,399
2021-08-10 00:00:00+05:30,2883.8049321959593,2893.712647877215,2847.7814652513457,2863.7490234375,724335,0.0,0.0,ASIANPAINT.NS,400
2021-08-11 00:00:00+05:30,2873.608878095667,2887.1237560396953,2840.086466722397,2859.372802734375,987941,0.0,0.0,ASIANPAINT.NS,401
2021-08-12 00:00:00+05:30,2860.719244927323,2871.5407282848996,2845.3286908187697,2862.162109375,438552,0.0,0.0,ASIANPAINT.NS,402
2021-08-13 00:00:00+05:30,2867.3561891251634,2887.652575313181,2859.853482232159,2874.859130859375,572250,0.0,0.0,ASIANPAINT.NS,403
2021-08-16 00:00:00+05:30,2866.4905338606477,2870.482364660918,2847.252342358227,2858.218017578125,461742,0.0,0.0,ASIANPAINT.NS,404
2021-08-17 00:00:00+05:30,2860.719131732864,2928.0528032934894,2859.8535070349967,2900.446044921875,2036757,0.0,0.0,ASIANPAINT.NS,405
2021-08-18 00:00:00+05:30,2931.90037927181,2931.90037927181,2878.5625404032326,2887.2197265625,1375320,0.0,0.0,ASIANPAINT.NS,406
2021-08-20 00:00:00+05:30,2887.171921486626,3005.054000431613,2887.171921486626,2994.376708984375,3931334,0.0,0.0,ASIANPAINT.NS,407
2021-08-23 00:00:00+05:30,3038.720679931453,3043.3378931484817,2934.7862968837944,2960.228759765625,1578949,0.0,0.0,ASIANPAINT.NS,408
2021-08-24 00:00:00+05:30,2974.9940249957053,2974.9940249957053,2918.962791414452,2929.928466796875,763704,0.0,0.0,ASIANPAINT.NS,409
2021-08-25 00:00:00+05:30,2910.7387750401745,2953.0628021722855,2897.8492788955264,2922.329833984375,797870,0.0,0.0,ASIANPAINT.NS,410
2021-08-26 00:00:00+05:30,2947.2912468878526,2967.0103952433356,2910.931014171447,2923.86865234375,1319516,0.0,0.0,ASIANPAINT.NS,411
2021-08-27 00:00:00+05:30,2924.6378290276516,2941.47124606458,2905.4477805737934,2921.126953125,634375,0.0,0.0,ASIANPAINT.NS,412
2021-08-30 00:00:00+05:30,2940.268744803664,2995.626683932229,2931.9483214997076,2990.336181640625,1051747,0.0,0.0,ASIANPAINT.NS,413
2021-08-31 00:00:00+05:30,2990.3365000080075,3087.7298480179184,2984.853662199396,3079.409423828125,2283290,0.0,0.0,ASIANPAINT.NS,414
2021-09-01 00:00:00+05:30,3107.0164773163,3206.0450340861785,3092.5396893450534,3176.947265625,2423168,0.0,0.0,ASIANPAINT.NS,415
2021-09-02 00:00:00+05:30,3186.7588432966954,3192.5784442232302,3142.2223751270194,3175.84130859375,847517,0.0,0.0,ASIANPAINT.NS,416
2021-09-03 00:00:00+05:30,3175.8410310129525,3217.5396739167536,3161.3161011939037,3211.6240234375,832039,0.0,0.0,ASIANPAINT.NS,417
2021-09-06 00:00:00+05:30,3214.7017381475034,3220.184575651867,3179.976709217868,3189.25927734375,664394,0.0,0.0,ASIANPAINT.NS,418
2021-09-07 00:00:00+05:30,3206.525890980646,3265.298665864765,3197.243556584165,3209.171142578125,1285818,0.0,0.0,ASIANPAINT.NS,419
2021-09-08 00:00:00+05:30,3217.5877595741013,3233.5074111524955,3171.416096656446,3209.5078125,702598,0.0,0.0,ASIANPAINT.NS,420
2021-09-09 00:00:00+05:30,3179.11117523246,3231.0542927702977,3179.11117523246,3218.88623046875,591745,0.0,0.0,ASIANPAINT.NS,421
2021-09-13 00:00:00+05:30,3219.1270893467617,3245.483321136151,3203.4960567538565,3238.798095703125,610920,0.0,0.0,ASIANPAINT.NS,422
2021-09-14 00:00:00+05:30,3255.967578664588,3259.5268319127817,3228.9862033550444,3234.4208984375,569412,0.0,0.0,ASIANPAINT.NS,423
2021-09-15 00:00:00+05:30,3233.7961476822406,3255.0542106794555,3219.463552563064,3224.60986328125,587855,0.0,0.0,ASIANPAINT.NS,424
2021-09-16 00:00:00+05:30,3222.397332153234,3242.5974348324035,3207.9686873823985,3214.79833984375,516746,0.0,0.0,ASIANPAINT.NS,425
2021-09-17 00:00:00+05:30,3224.3212720723836,3253.1785626935566,3159.9214654710463,3177.23583984375,1545695,0.0,0.0,ASIANPAINT.NS,426
2021-09-20 00:00:00+05:30,3174.253440603539,3188.7302266096303,3140.634748078565,3146.935302734375,689288,0.0,0.0,ASIANPAINT.NS,427
2021-09-21 00:00:00+05:30,3146.935562797214,3207.968683128674,3146.406465521407,3183.1513671875,922057,0.0,0.0,ASIANPAINT.NS,428
2021-09-22 00:00:00+05:30,3201.716260023196,3203.1109820430947,3162.999396731643,3191.13525390625,825945,0.0,0.0,ASIANPAINT.NS,429
2021-09-23 00:00:00+05:30,3212.7780838741237,3212.7780838741237,3188.7303437253654,3194.1650390625,694716,0.0,0.0,ASIANPAINT.NS,430
2021-09-24 00:00:00+05:30,3203.159121263681,3371.4933093180784,3194.35774193904,3317.24169921875,2775975,0.0,0.0,ASIANPAINT.NS,431
2021-09-27 00:00:00+05:30,3329.7468805372405,3337.8268284910373,3287.4707592025193,3299.9755859375,902449,0.0,0.0,ASIANPAINT.NS,432
2021-09-28 00:00:00+05:30,3294.4438397536655,3299.061052444031,3222.3969102344527,3250.965576171875,961271,0.0,0.0,ASIANPAINT.NS,433
2021-09-29 00:00:00+05:30,3236.8259393927638,3252.889783416454,3183.920909179806,3196.473876953125,973387,0.0,0.0,ASIANPAINT.NS,434
2021-09-30 00:00:00+05:30,3203.062605875995,3220.1846433114156,3097.3488373212936,3121.059814453125,2077896,0.0,0.0,ASIANPAINT.NS,435
2021-10-01 00:00:00+05:30,3124.282555782772,3129.0439616012036,3049.2536027805995,3056.8046875,1512332,0.0,0.0,ASIANPAINT.NS,436
2021-10-04 00:00:00+05:30,3080.804391140022,3107.449242489984,3056.9489839446433,3079.650146484375,921241,0.0,0.0,ASIANPAINT.NS,437
2021-10-05 00:00:00+05:30,3086.3349716943917,3135.8251716841733,3070.0785591941303,3130.775146484375,909337,0.0,0.0,ASIANPAINT.NS,438
2021-10-06 00:00:00+05:30,3137.7490444903297,3155.063416900148,3078.735797923718,3089.89404296875,786378,0.0,0.0,ASIANPAINT.NS,439
2021-10-07 00:00:00+05:30,3097.349095154786,3191.6162415290623,3097.349095154786,3165.50048828125,1177283,0.0,0.0,ASIANPAINT.NS,440
2021-10-08 00:00:00+05:30,3181.035249746365,3202.197262293816,3139.7694192153263,3180.93896484375,882436,0.0,0.0,ASIANPAINT.NS,441
2021-10-11 00:00:00+05:30,3199.6963033453308,3216.962770177916,3172.1376846248604,3180.12158203125,460197,0.0,0.0,ASIANPAINT.NS,442
2021-10-12 00:00:00+05:30,3155.063667202663,3207.968698207586,3155.063667202663,3196.666259765625,564524,0.0,0.0,ASIANPAINT.NS,443
2021-10-13 00:00:00+05:30,3215.663730980024,3230.9579993895127,3166.0291026377477,3196.906494140625,770144,0.0,0.0,ASIANPAINT.NS,444
2021-10-14 00:00:00+05:30,3214.7019045085763,3225.234767730151,3164.6826049770248,3172.185546875,648597,0.0,0.0,ASIANPAINT.NS,445
2021-10-18 00:00:00+05:30,3128.611035103528,3158.8630456461246,3108.891887918402,3118.030029296875,1576121,0.0,0.0,ASIANPAINT.NS,446
2021-10-19 00:00:00+05:30,3136.6907191217765,3144.5785652078266,3055.1209781568846,3062.4794921875,1042069,0.0,0.0,ASIANPAINT.NS,447
2021-10-20 00:00:00+05:30,3068.4920049647676,3097.3011540932894,3017.1740274969643,3048.869140625,1205540,0.0,0.0,ASIANPAINT.NS,448
2021-10-21 00:00:00+05:30,3072.3394888433754,3073.7342108979296,2809.209051401396,2887.65283203125,5103543,0.0,0.0,ASIANPAINT.NS,449
2021-10-22 00:00:00+05:30,2861.6810352237367,2888.566361342723,2801.224923450678,2868.799072265625,2855592,0.0,0.0,ASIANPAINT.NS,450
2021-10-25 00:00:00+05:30,2837.6333557641005,2837.6333557641005,2748.416239239653,2806.900390625,2161537,0.0,0.0,ASIANPAINT.NS,451
2021-10-26 00:00:00+05:30,2806.900616918793,2908.81490157141,2787.614280672601,2856.679443359375,1988263,0.0,0.0,ASIANPAINT.NS,452
2021-10-27 00:00:00+05:30,2913.8167403835396,3025.205927710737,2913.8167403835396,2976.773681640625,4609951,0.0,0.0,ASIANPAINT.NS,453
2021-10-28 00:00:00+05:30,2988.330119986384,3031.282042377781,2948.8452553652296,3001.138671875,1791065,3.65,0.0,ASIANPAINT.NS,454
2021-10-29 00:00:00+05:30,3009.5168455529647,3028.48879272363,2969.3578997896066,2985.537109375,1118903,0.0,0.0,ASIANPAINT.NS,455
2021-11-01 00:00:00+05:30,3012.4061374408934,3026.129534966,2977.3993416364615,3006.435302734375,750393,0.0,0.0,ASIANPAINT.NS,456
2021-11-02 00:00:00+05:30,3004.702094715247,3023.7704434938787,2966.1802729881283,2988.66748046875,881916,0.0,0.0,ASIANPAINT.NS,457
2021-11-03 00:00:00+05:30,2987.4636414289394,3065.277532386501,2980.625924098455,3053.480224609375,879227,0.0,0.0,ASIANPAINT.NS,458
2021-11-04 00:00:00+05:30,3061.5216132747587,3072.115113666713,3028.7780666087187,3042.50146484375,263595,0.0,0.0,ASIANPAINT.NS,459
2021-11-08 00:00:00+05:30,3048.0386019938305,3063.4473279438785,2980.7697887207537,3022.036376953125,787824,0.0,0.0,ASIANPAINT.NS,460
2021-11-09 00:00:00+05:30,3023.962773162485,3038.4084551998853,3004.7018637792844,3028.92236328125,668840,0.0,0.0,ASIANPAINT.NS,461
2021-11-10 00:00:00+05:30,3016.2589491326185,3020.7370173181002,2966.662098596115,2993.434814453125,872975,0.0,0.0,ASIANPAINT.NS,462
2021-11-11 00:00:00+05:30,2975.8104998559143,2991.8451128708357,2939.214772025971,2950.289794921875,958143,0.0,0.0,ASIANPAINT.NS,463
2021-11-12 00:00:00+05:30,2974.8472397622213,3012.406010351644,2962.1350875095027,3007.494384765625,682344,0.0,0.0,ASIANPAINT.NS,464
2021-11-15 00:00:00+05:30,3010.4802982049073,3062.484756331288,3010.4802982049073,3051.602294921875,696377,0.0,0.0,ASIANPAINT.NS,465
2021-11-16 00:00:00+05:30,3048.038775809465,3090.4127745884907,3004.7981301937275,3035.230224609375,1400107,0.0,0.0,ASIANPAINT.NS,466
2021-11-17 00:00:00+05:30,3052.853955346432,3120.170735582535,3048.086927581817,3110.87744140625,1616452,0.0,0.0,ASIANPAINT.NS,467
2021-11-18 00:00:00+05:30,3129.75356248069,3139.5283804152446,3095.2282867038634,3107.603515625,1609821,0.0,0.0,ASIANPAINT.NS,468
2021-11-22 00:00:00+05:30,3121.2302634809794,3186.091467755304,3096.239281397206,3140.73193359375,2146970,0.0,0.0,ASIANPAINT.NS,469
2021-11-23 00:00:00+05:30,3140.732085988878,3166.782513365515,3054.3469530621956,3067.82958984375,1482618,0.0,0.0,ASIANPAINT.NS,470
2021-11-24 00:00:00+05:30,3068.310989882888,3090.31643725023,3033.593154535061,3040.33447265625,1056213,0.0,0.0,ASIANPAINT.NS,471
2021-11-25 00:00:00+05:30,3039.8532159475753,3056.0806271781735,2997.9607353856495,3028.055908203125,728825,0.0,0.0,ASIANPAINT.NS,472
2021-11-26 00:00:00+05:30,2986.4041756426723,3050.3023403298453,2976.7737203842307,3026.948486328125,1029110,0.0,0.0,ASIANPAINT.NS,473
2021-11-29 00:00:00+05:30,3015.2954517696294,3061.425237038655,2958.3793688370097,3028.10400390625,876651,0.0,0.0,ASIANPAINT.NS,474
2021-11-30 00:00:00+05:30,3000.9945169149655,3071.1524844308074,3000.9945169149655,3027.478271484375,2340489,0.0,0.0,ASIANPAINT.NS,475
2021-12-01 00:00:00+05:30,3039.2754555500474,3081.505098331537,3008.650794163852,3022.181396484375,1741820,0.0,0.0,ASIANPAINT.NS,476
2021-12-02 00:00:00+05:30,3043.2236693737623,3075.96721518348,3035.760067020077,3063.0625,939320,0.0,0.0,ASIANPAINT.NS,477
2021-12-03 00:00:00+05:30,3067.2997231720224,3069.659137473836,2991.219133492088,2995.504638671875,1216263,0.0,0.0,ASIANPAINT.NS,478
2021-12-06 00:00:00+05:30,2999.886534033241,2999.886534033241,2916.342342435365,2926.02099609375,1107363,0.0,0.0,ASIANPAINT.NS,479
2021-12-07 00:00:00+05:30,2927.6582851513426,2955.586604318905,2904.9785168725994,2918.364990234375,2056459,0.0,0.0,ASIANPAINT.NS,480
2021-12-08 00:00:00+05:30,2919.8575733740727,3007.5911129513834,2918.9909264667444,2993.626953125,1171484,0.0,0.0,ASIANPAINT.NS,481
2021-12-09 00:00:00+05:30,3035.9045224892816,3065.422007963663,2996.0345330686628,3061.232666015625,1287243,0.0,0.0,ASIANPAINT.NS,482
2021-12-10 00:00:00+05:30,3066.336886186882,3170.3458006680953,3061.2326979895606,3161.82275390625,2554394,0.0,0.0,ASIANPAINT.NS,483
2021-12-13 00:00:00+05:30,3163.7007641026244,3217.534911769649,3150.0735296458356,3158.644775390625,1265832,0.0,0.0,ASIANPAINT.NS,484
2021-12-14 00:00:00+05:30,3153.011008576573,3182.8654194702426,3128.934870759098,3175.642578125,863179,0.0,0.0,ASIANPAINT.NS,485
2021-12-15 00:00:00+05:30,3157.007206666464,3191.48427925811,3145.787821723181,3179.927734375,811946,0.0,0.0,ASIANPAINT.NS,486
2021-12-16 00:00:00+05:30,3202.1262108408027,3202.1262108408027,3149.736630942426,3176.701904296875,502930,0.0,0.0,ASIANPAINT.NS,487
2021-12-17 00:00:00+05:30,3153.973936857016,3171.597716108044,3108.4218387758037,3123.83056640625,1019403,0.0,0.0,ASIANPAINT.NS,488
2021-12-20 00:00:00+05:30,3107.747923152282,3153.9741085601872,3063.44782880304,3119.73779296875,948872,0.0,0.0,ASIANPAINT.NS,489
2021-12-21 00:00:00+05:30,3127.0092170947314,3174.198453817134,3120.2678975629597,3150.45947265625,712026,0.0,0.0,ASIANPAINT.NS,490
2021-12-22 00:00:00+05:30,3154.648200777419,3164.2304567929464,3121.230567855253,3158.8857421875,619865,0.0,0.0,ASIANPAINT.NS,491
2021-12-23 00:00:00+05:30,3168.419629627029,3185.658049673942,3129.8978104218368,3147.13623046875,1051596,0.0,0.0,ASIANPAINT.NS,492
2021-12-24 00:00:00+05:30,3158.7894436532615,3178.05035489505,3140.491577973563,3163.412109375,651404,0.0,0.0,ASIANPAINT.NS,493
2021-12-27 00:00:00+05:30,3158.885119648441,3163.363186440362,3106.9768346549363,3151.469482421875,640701,0.0,0.0,ASIANPAINT.NS,494
2021-12-28 00:00:00+05:30,3154.889028317399,3250.2787372445364,3152.048090963368,3243.72998046875,1211648,0.0,0.0,ASIANPAINT.NS,495
2021-12-29 00:00:00+05:30,3247.581790064836,3260.8718641782198,3222.5426085915237,3243.00732421875,598421,0.0,0.0,ASIANPAINT.NS,496
2021-12-30 00:00:00+05:30,3238.9628511203505,3264.724318827916,3226.4914586370305,3241.322265625,691223,0.0,0.0,ASIANPAINT.NS,497
2021-12-31 00:00:00+05:30,3264.7240877842505,3279.169769588606,3237.1808937632063,3257.9345703125,570671,0.0,0.0,ASIANPAINT.NS,498
2022-01-03 00:00:00+05:30,3257.9826186051655,3313.742853738146,3257.9826186051655,3295.926513671875,696276,0.0,0.0,ASIANPAINT.NS,499
2022-01-04 00:00:00+05:30,3307.0980381307663,3344.1270882433846,3288.848374082082,3331.463134765625,790886,0.0,0.0,ASIANPAINT.NS,500
2022-01-05 00:00:00+05:30,3341.7679614652675,3409.1811480077945,3324.481341368427,3396.468994140625,1024506,0.0,0.0,ASIANPAINT.NS,501
2022-01-06 00:00:00+05:30,3362.1362526830617,3406.8217056108174,3324.5774776311478,3384.767822265625,1312743,0.0,0.0,ASIANPAINT.NS,502
2022-01-07 00:00:00+05:30,3384.7677526402244,3449.628960731541,3367.336770263759,3444.1396484375,964364,0.0,0.0,ASIANPAINT.NS,503
2022-01-10 00:00:00+05:30,3447.7030802048157,3457.333535736114,3396.6616658889343,3422.182373046875,657511,0.0,0.0,ASIANPAINT.NS,504
2022-01-11 00:00:00+05:30,3419.3894782507646,3432.294194023755,3365.8922532029223,3407.977294921875,734344,0.0,0.0,ASIANPAINT.NS,505
2022-01-12 00:00:00+05:30,3425.4560856871626,3450.0619426555395,3403.402440097262,3412.84033203125,594543,0.0,0.0,ASIANPAINT.NS,506
2022-01-13 00:00:00+05:30,3428.442097084087,3428.442097084087,3322.50708846632,3328.526123046875,1153984,0.0,0.0,ASIANPAINT.NS,507
2022-01-14 00:00:00+05:30,3334.0636510127074,3334.0636510127074,3222.350368656418,3240.0703125,1558978,0.0,0.0,ASIANPAINT.NS,508
2022-01-17 00:00:00+05:30,3240.070302304909,3273.3917718468524,3198.274220153986,3253.793701171875,1103159,0.0,0.0,ASIANPAINT.NS,509
2022-01-18 00:00:00+05:30,3254.178754359971,3270.935651037073,3227.1652826338272,3249.0263671875,558543,0.0,0.0,ASIANPAINT.NS,510
2022-01-19 00:00:00+05:30,3245.4627843314765,3245.4627843314765,3146.9913986644456,3159.173828125,1495218,0.0,0.0,ASIANPAINT.NS,511
2022-01-20 00:00:00+05:30,3160.7151639952526,3240.5515376794747,3102.932437048356,3184.21337890625,3075678,0.0,0.0,ASIANPAINT.NS,512
2022-01-21 00:00:00+05:30,3178.0980429399924,3202.0777795310087,3121.952448678546,3153.829345703125,1441694,0.0,0.0,ASIANPAINT.NS,513
2022-01-24 00:00:00+05:30,3147.232506627078,3149.1585975124062,3019.14746275272,3038.552734375,1575665,0.0,0.0,ASIANPAINT.NS,514
2022-01-25 00:00:00+05:30,2985.441000760093,3040.286394056803,2899.489191302726,3030.800537109375,2699779,0.0,0.0,ASIANPAINT.NS,515
2022-01-27 00:00:00+05:30,3024.059538967526,3026.8522771198022,2957.7537563169562,3001.764892578125,1834684,0.0,0.0,ASIANPAINT.NS,516
2022-01-28 00:00:00+05:30,3014.3323636823675,3052.854183026551,2988.3301356250436,2995.89013671875,892060,0.0,0.0,ASIANPAINT.NS,517
2022-01-31 00:00:00+05:30,3023.9629462338407,3075.437682482808,3020.4958882990245,3035.76025390625,944530,0.0,0.0,ASIANPAINT.NS,518
2022-02-01 00:00:00+05:30,3075.9671809310225,3093.6391590642424,3025.503693174803,3078.134033203125,1008915,0.0,0.0,ASIANPAINT.NS,519
2022-02-02 00:00:00+05:30,3086.3682346072646,3124.2639335827694,3074.1855680827866,3079.530517578125,667265,0.0,0.0,ASIANPAINT.NS,520
2022-02-03 00:00:00+05:30,3094.1208579369795,3121.8084163234043,3072.3077360849024,3084.634765625,899753,0.0,0.0,ASIANPAINT.NS,521
2022-02-04 00:00:00+05:30,3070.189188190251,3128.742404173171,3058.680840985956,3117.041259765625,705765,0.0,0.0,ASIANPAINT.NS,522
2022-02-07 00:00:00+05:30,3114.4892625264247,3131.053598717143,3026.948517376669,3057.380615234375,860393,0.0,0.0,ASIANPAINT.NS,523
2022-02-08 00:00:00+05:30,3061.5216119877,3104.377136282589,3049.194582694903,3097.491455078125,799206,0.0,0.0,ASIANPAINT.NS,524
2022-02-09 00:00:00+05:30,3110.6367824968643,3138.565100358291,3103.654703031508,3109.0478515625,472725,0.0,0.0,ASIANPAINT.NS,525
2022-02-10 00:00:00+05:30,3101.0063742280972,3127.971647047472,3058.6323740833654,3119.0634765625,728666,0.0,0.0,ASIANPAINT.NS,526
2022-02-11 00:00:00+05:30,3110.5890818793946,3110.5890818793946,3064.89261528325,3097.443603515625,587840,0.0,0.0,ASIANPAINT.NS,527
2022-02-14 00:00:00+05:30,3023.962940362024,3065.0849371451504,3004.702029913858,3027.285400390625,681236,0.0,0.0,ASIANPAINT.NS,528
2022-02-15 00:00:00+05:30,3023.9626955289946,3149.1586033056724,3017.077014648684,3143.958251953125,676844,0.0,0.0,ASIANPAINT.NS,529
2022-02-16 00:00:00+05:30,3158.788922635003,3163.700548238942,3103.8953346501876,3132.642333984375,624320,0.0,0.0,ASIANPAINT.NS,530
2022-02-17 00:00:00+05:30,3152.0477903661244,3173.1865911879863,3116.800232485108,3145.162109375,636735,0.0,0.0,ASIANPAINT.NS,531
2022-02-18 00:00:00+05:30,3116.559439826023,3151.0847132654126,3110.6850036505207,3138.035400390625,423801,0.0,0.0,ASIANPAINT.NS,532
2022-02-21 00:00:00+05:30,3115.4522028255187,3157.2964829154967,3085.742155004639,3131.48681640625,547472,0.0,0.0,ASIANPAINT.NS,533
2022-02-22 00:00:00+05:30,3004.702097968545,3117.1858645572293,3004.702097968545,3107.892333984375,1147209,0.0,0.0,ASIANPAINT.NS,534
2022-02-23 00:00:00+05:30,3117.2818401116956,3175.0645692814405,3110.636920304586,3117.57080078125,935896,0.0,0.0,ASIANPAINT.NS,535
2022-02-24 00:00:00+05:30,3014.332589362245,3079.627125062874,2938.7335132392623,2955.635009765625,1823450,0.0,0.0,ASIANPAINT.NS,536
2022-02-25 00:00:00+05:30,2990.256197772694,3025.35915828806,2969.1173966350107,3003.931396484375,1239456,0.0,0.0,ASIANPAINT.NS,537
2022-02-28 00:00:00+05:30,2975.810568586626,3072.59664047755,2903.582156727727,3057.332275390625,1678348,0.0,0.0,ASIANPAINT.NS,538
2022-03-02 00:00:00+05:30,2992.1825998125673,2996.2273442015426,2880.5657117813653,2917.016845703125,3014206,0.0,0.0,ASIANPAINT.NS,539
2022-03-03 00:00:00+05:30,2917.0650625139097,2938.2520652789494,2756.236450615652,2765.7705078125,4406840,0.0,0.0,ASIANPAINT.NS,540
2022-03-04 00:00:00+05:30,2757.9696964237924,2757.9696964237924,2563.675270567773,2636.962890625,6979253,0.0,0.0,ASIANPAINT.NS,541
2022-03-07 00:00:00+05:30,2551.973994532254,2627.139737474158,2503.2922360714583,2608.3603515625,3233760,0.0,0.0,ASIANPAINT.NS,542
2022-03-08 00:00:00+05:30,2590.5924305466783,2635.8073703683863,2540.5140638595303,2622.758056640625,2611102,0.0,0.0,ASIANPAINT.NS,543
2022-03-09 00:00:00+05:30,2648.3752689308876,2783.2016462582783,2566.56459628344,2768.707763671875,4076068,0.0,0.0,ASIANPAINT.NS,544
2022-03-10 00:00:00+05:30,2889.136706259054,2927.6585290091743,2784.3573013550163,2805.1591796875,3971987,0.0,0.0,ASIANPAINT.NS,545
2022-03-11 00:00:00+05:30,2809.2037315212524,2831.305578785655,2775.834298898383,2823.6494140625,1265493,0.0,0.0,ASIANPAINT.NS,546
2022-03-14 00:00:00+05:30,2840.9842497657105,2862.508410925755,2809.4927086648954,2853.311279296875,1214217,0.0,0.0,ASIANPAINT.NS,547
2022-03-15 00:00:00+05:30,2887.210123015527,2919.9536667722077,2856.3926700680636,2876.760986328125,1857685,0.0,0.0,ASIANPAINT.NS,548
2022-03-16 00:00:00+05:30,2930.547518176518,2937.2888368183967,2899.489300147865,2929.58447265625,1287234,0.0,0.0,ASIANPAINT.NS,549
2022-03-17 00:00:00+05:30,2998.442032443008,3046.4017432584774,2962.809350509367,3020.6884765625,2867519,0.0,0.0,ASIANPAINT.NS,550
2022-03-21 00:00:00+05:30,3002.101752605382,3002.101752605382,2918.124232912146,2933.19580078125,1259015,0.0,0.0,ASIANPAINT.NS,551
2022-03-22 00:00:00+05:30,2912.249164513571,2949.5189728690634,2865.0599419404343,2938.395751953125,1515772,0.0,0.0,ASIANPAINT.NS,552
2022-03-23 00:00:00+05:30,2946.9191918660576,2966.0837030206517,2893.951690051472,2905.315673828125,948403,0.0,0.0,ASIANPAINT.NS,553
2022-03-24 00:00:00+05:30,2859.763619331892,2926.6470824488156,2841.5139540854047,2913.5498046875,1243917,0.0,0.0,ASIANPAINT.NS,554
2022-03-25 00:00:00+05:30,2913.5501623069626,2951.301503610477,2880.469451192186,2934.351806640625,1083275,0.0,0.0,ASIANPAINT.NS,555
2022-03-28 00:00:00+05:30,2934.3514085381357,2945.571029567012,2884.947127880691,2915.572021484375,680332,0.0,0.0,ASIANPAINT.NS,556
2022-03-29 00:00:00+05:30,2955.586907110858,2973.595812567752,2901.367393527897,2930.16259765625,1120936,0.0,0.0,ASIANPAINT.NS,557
2022-03-30 00:00:00+05:30,2964.253993078292,2979.999880753652,2942.9705938823986,2967.6728515625,849545,0.0,0.0,ASIANPAINT.NS,558
2022-03-31 00:00:00+05:30,2999.8866265439865,3013.610024434276,2952.793797304718,2966.1318359375,1464862,0.0,0.0,ASIANPAINT.NS,559
2022-04-01 00:00:00+05:30,2995.0713265542754,3005.6648264231167,2973.547166864268,2999.06787109375,637392,0.0,0.0,ASIANPAINT.NS,560
2022-04-04 00:00:00+05:30,3009.468998129625,3026.852016485678,2979.181264078411,3002.77587890625,873264,0.0,0.0,ASIANPAINT.NS,561
2022-04-05 00:00:00+05:30,2995.0715495723693,3040.334688745971,2966.180184142411,3024.7333984375,805874,0.0,0.0,ASIANPAINT.NS,562
2022-04-06 00:00:00+05:30,3021.0735400483513,3048.0388123216553,2997.960449528377,3037.4453125,736379,0.0,0.0,ASIANPAINT.NS,563
2022-04-07 00:00:00+05:30,3037.44540179898,3090.3647031674295,3029.2595153324955,3038.408447265625,1025244,0.0,0.0,ASIANPAINT.NS,564
2022-04-08 00:00:00+05:30,3050.9283991228067,3101.006769310429,3034.749186346173,3087.764892578125,678898,0.0,0.0,ASIANPAINT.NS,565
2022-04-11 00:00:00+05:30,3066.3367260977125,3102.9324533564163,3033.5931806557146,3040.767822265625,672652,0.0,0.0,ASIANPAINT.NS,566
2022-04-12 00:00:00+05:30,3038.119362829633,3045.2460400635814,2999.067823724416,3013.031982421875,794265,0.0,0.0,ASIANPAINT.NS,567
2022-04-13 00:00:00+05:30,3002.0052668598473,3006.531533507147,2952.7937848270685,2966.805908203125,1121350,0.0,0.0,ASIANPAINT.NS,568
2022-04-18 00:00:00+05:30,2943.067253628699,2944.9933447632725,2901.656294235363,2909.890380859375,1032504,0.0,0.0,ASIANPAINT.NS,569
2022-04-19 00:00:00+05:30,2918.0278331090835,2946.1487143780464,2860.2451037405867,2880.66162109375,749782,0.0,0.0,ASIANPAINT.NS,570
2022-04-20 00:00:00+05:30,2880.757871964343,2975.3288871574587,2869.875411467625,2969.069091796875,838182,0.0,0.0,ASIANPAINT.NS,571
2022-04-21 00:00:00+05:30,2975.6176763847984,3057.091174851515,2972.0062561925192,3041.5380859375,1069035,0.0,0.0,ASIANPAINT.NS,572
2022-04-22 00:00:00+05:30,3006.1466224435017,3056.0324279303113,2998.201496819552,3047.461181640625,681191,0.0,0.0,ASIANPAINT.NS,573
2022-04-25 00:00:00+05:30,3018.184416706998,3038.504769590562,2980.7220430422467,3014.91015625,1096774,0.0,0.0,ASIANPAINT.NS,574
2022-04-26 00:00:00+05:30,3014.3326528498524,3032.3415580971628,2991.0269969345954,3010.143310546875,1703441,0.0,0.0,ASIANPAINT.NS,575
2022-04-27 00:00:00+05:30,2981.589108630652,3047.0762079158217,2971.9104535508254,3032.004638671875,963536,0.0,0.0,ASIANPAINT.NS,576
2022-04-28 00:00:00+05:30,3072.1149425235512,3147.2324865727164,3052.854033792996,3127.6826171875,2001838,0.0,0.0,ASIANPAINT.NS,577
2022-04-29 00:00:00+05:30,3128.9347845416714,3156.8631036403817,3102.258471598678,3117.57080078125,1088970,0.0,0.0,ASIANPAINT.NS,578
2022-05-02 00:00:00+05:30,3076.9306217193603,3092.8208737564087,3037.4939523238504,3081.745849609375,595522,0.0,0.0,ASIANPAINT.NS,579
2022-05-04 00:00:00+05:30,3060.5586327212122,3076.6414457247065,2967.5765416480303,2986.259765625,1120002,0.0,0.0,ASIANPAINT.NS,580
2022-05-05 00:00:00+05:30,2990.0155019632903,3011.3950649383237,2956.5496709967956,2962.857666015625,724601,0.0,0.0,ASIANPAINT.NS,581
2022-05-06 00:00:00+05:30,2908.397553615831,2939.6001353091933,2892.8924262527803,2904.7861328125,923941,0.0,0.0,ASIANPAINT.NS,582
2022-05-09 00:00:00+05:30,2889.955320598381,2926.5028520433098,2865.0604991882697,2894.192626953125,998324,0.0,0.0,ASIANPAINT.NS,583
2022-05-10 00:00:00+05:30,2938.25141820437,3022.7586492589203,2923.8057376822244,2972.295166015625,2460016,0.0,0.0,ASIANPAINT.NS,584
2022-05-11 00:00:00+05:30,2976.195879105228,2994.638342492518,2868.912698686814,2940.803955078125,1883969,0.0,0.0,ASIANPAINT.NS,585
2022-05-12 00:00:00+05:30,2929.584642016892,2964.2542827508196,2877.5801809160002,2927.6103515625,1254245,0.0,0.0,ASIANPAINT.NS,586
2022-05-13 00:00:00+05:30,2960.786818803952,3001.0903646802776,2923.1318830169794,2950.771240234375,1121729,0.0,0.0,ASIANPAINT.NS,587
2022-05-16 00:00:00+05:30,2975.7143836573227,2975.7143836573227,2874.8835604859814,2889.040283203125,733044,0.0,0.0,ASIANPAINT.NS,588
2022-05-17 00:00:00+05:30,2888.076858485253,2943.644768131678,2841.947076235912,2937.28857421875,1179081,0.0,0.0,ASIANPAINT.NS,589
2022-05-18 00:00:00+05:30,2918.0275334481544,3013.176465060858,2914.175351885847,2985.537109375,1379763,0.0,0.0,ASIANPAINT.NS,590
2022-05-19 00:00:00+05:30,2889.617765343585,2958.1865518117884,2889.569566049172,2934.302978515625,772390,0.0,0.0,ASIANPAINT.NS,591
2022-05-20 00:00:00+05:30,2966.1802705294367,3009.5173199365227,2956.54981510564,2995.0234375,778957,0.0,0.0,ASIANPAINT.NS,592
2022-05-23 00:00:00+05:30,3027.766558100175,3070.1887552712096,3014.3803210000656,3056.898681640625,813294,0.0,0.0,ASIANPAINT.NS,593
2022-05-24 00:00:00+05:30,3057.4287051226465,3065.999716036441,2956.5496888657453,2972.777099609375,691307,0.0,0.0,ASIANPAINT.NS,594
2022-05-25 00:00:00+05:30,2926.6953370565125,2926.6953370565125,2721.855601851881,2733.17138671875,3381427,0.0,0.0,ASIANPAINT.NS,595
2022-05-26 00:00:00+05:30,2744.67969580996,2754.3101508829773,2618.0874108988523,2735.193603515625,3212196,0.0,0.0,ASIANPAINT.NS,596
2022-05-27 00:00:00+05:30,2762.0142165392963,2762.9772619425526,2678.2292664559914,2730.08935546875,1879534,0.0,0.0,ASIANPAINT.NS,597
2022-05-30 00:00:00+05:30,2773.5710047468356,2777.4231866978726,2712.8991390179986,2738.9013671875,2525482,0.0,0.0,ASIANPAINT.NS,598
2022-05-31 00:00:00+05:30,2738.901089939611,2771.6446332089317,2707.1205920605653,2753.97265625,2408221,0.0,0.0,ASIANPAINT.NS,599
2022-06-01 00:00:00+05:30,2753.973083906065,2831.2574884768223,2727.3931680780875,2747.08740234375,1770795,0.0,0.0,ASIANPAINT.NS,600
2022-06-02 00:00:00+05:30,2764.1330305532574,2811.1296959958017,2742.7534683782264,2801.06591796875,1164197,0.0,0.0,ASIANPAINT.NS,601
2022-06-03 00:00:00+05:30,2797.6470370347192,2811.5629967873156,2750.457809904013,2780.2158203125,1228489,0.0,0.0,ASIANPAINT.NS,602
2022-06-06 00:00:00+05:30,2764.999803317764,2765.8664501495846,2703.9425825323524,2713.332275390625,1193698,0.0,0.0,ASIANPAINT.NS,603
2022-06-07 00:00:00+05:30,2696.527460461573,2700.379642547947,2630.077319471627,2643.27099609375,1403598,0.0,0.0,ASIANPAINT.NS,604
2022-06-08 00:00:00+05:30,2669.466052684777,2672.451588145985,2600.2231668447425,2605.23095703125,1743575,0.0,0.0,ASIANPAINT.NS,605
2022-06-09 00:00:00+05:30,2595.8356232496235,2612.8829965588648,2551.0380868409316,2602.422119140625,1857501,15.5,0.0,ASIANPAINT.NS,606
2022-06-10 00:00:00+05:30,2581.3065712246193,2650.076840101523,2568.714831852792,2623.6826171875,1592920,0.0,0.0,ASIANPAINT.NS,607
2022-06-13 00:00:00+05:30,2586.1007258761683,2598.740940623385,2559.5128347362265,2577.189697265625,1674206,0.0,0.0,ASIANPAINT.NS,608
2022-06-14 00:00:00+05:30,2534.8139272069234,2582.6142003624773,2503.818877275467,2552.635986328125,2296040,0.0,0.0,ASIANPAINT.NS,609
2022-06-15 00:00:00+05:30,2566.7776491343634,2599.322547124097,2544.596910453874,2577.577392578125,928842,0.0,0.0,ASIANPAINT.NS,610
2022-06-16 00:00:00+05:30,2610.3157301964525,2639.857885417692,2557.091468330253,2573.993408203125,1280628,0.0,0.0,ASIANPAINT.NS,611
2022-06-17 00:00:00+05:30,2566.87438390899,2573.5575965896387,2479.6038567066144,2499.16943359375,2043251,0.0,0.0,ASIANPAINT.NS,612
2022-06-20 00:00:00+05:30,2518.3474339449895,2589.393984026617,2507.063394839954,2577.14111328125,1595360,0.0,0.0,ASIANPAINT.NS,613
2022-06-21 00:00:00+05:30,2590.943938798221,2624.8932512053666,2557.091580510025,2594.2373046875,1042074,0.0,0.0,ASIANPAINT.NS,614
2022-06-22 00:00:00+05:30,2603.584006035873,2622.907433785981,2543.870204058246,2582.614013671875,1871760,0.0,0.0,ASIANPAINT.NS,615
2022-06-23 00:00:00+05:30,2590.944028683655,2681.0233943039416,2590.944028683655,2671.57958984375,1612872,0.0,0.0,ASIANPAINT.NS,616
2022-06-24 00:00:00+05:30,2687.8518679424574,2697.344148860873,2640.390699823834,2674.194580078125,2215583,0.0,0.0,ASIANPAINT.NS,617
2022-06-27 00:00:00+05:30,2692.598002031955,2738.8484279874456,2678.1660265326113,2732.35888671875,1295734,0.0,0.0,ASIANPAINT.NS,618
2022-06-28 00:00:00+05:30,2692.6948468732808,2697.344151457537,2619.372232330451,2640.875,1838358,0.0,0.0,ASIANPAINT.NS,619
2022-06-29 00:00:00+05:30,2621.503392656904,2633.6108348916023,2593.8984243617915,2613.07666015625,1066354,0.0,0.0,ASIANPAINT.NS,620
2022-06-30 00:00:00+05:30,2629.5911457283896,2641.3110074241667,2595.8355036383314,2610.55810546875,1291447,0.0,0.0,ASIANPAINT.NS,621
2022-07-01 00:00:00+05:30,2619.9534269817746,2692.69503122771,2600.67847440518,2686.06005859375,1477191,0.0,0.0,ASIANPAINT.NS,622
2022-07-04 00:00:00+05:30,2687.9970267247004,2710.129522885897,2658.6003026260737,2702.67138671875,653147,0.0,0.0,ASIANPAINT.NS,623
2022-07-05 00:00:00+05:30,2697.5376332708965,2723.980329538042,2673.3227532594883,2679.715576171875,1073043,0.0,0.0,ASIANPAINT.NS,624
2022-07-06 00:00:00+05:30,2741.657308755025,2778.8997485046025,2717.0548477311804,2771.538330078125,2085735,0.0,0.0,ASIANPAINT.NS,625
2022-07-07 00:00:00+05:30,2810.2826338075697,2839.921748004378,2786.455328556292,2800.5966796875,1469087,0.0,0.0,ASIANPAINT.NS,626
2022-07-08 00:00:00+05:30,2789.554267454787,2797.303029308828,2751.2947558004594,2789.360595703125,1274148,0.0,0.0,ASIANPAINT.NS,627
2022-07-11 00:00:00+05:30,2783.743116338223,2848.203186038037,2761.8045256161813,2840.938720703125,1081885,0.0,0.0,ASIANPAINT.NS,628
2022-07-12 00:00:00+05:30,2828.2979983961923,2831.4459328122152,2794.7845097162317,2802.339599609375,1115524,0.0,0.0,ASIANPAINT.NS,629
2022-07-13 00:00:00+05:30,2856.387365564733,2875.710793327017,2834.158152079595,2848.832275390625,2153712,0.0,0.0,ASIANPAINT.NS,630
2022-07-14 00:00:00+05:30,2859.390422769423,2862.0540599776796,2820.936998256899,2846.846923828125,882479,0.0,0.0,ASIANPAINT.NS,631
2022-07-15 00:00:00+05:30,2857.307729463469,2891.257042872969,2848.1060738831366,2884.6220703125,1668006,0.0,0.0,ASIANPAINT.NS,632
2022-07-18 00:00:00+05:30,2900.701035562005,2930.0010460222275,2894.550360264433,2923.07568359375,823390,0.0,0.0,ASIANPAINT.NS,633
2022-07-19 00:00:00+05:30,2889.7555688613666,2928.0635598517706,2884.6219665328626,2924.2861328125,638171,0.0,0.0,ASIANPAINT.NS,634
2022-07-20 00:00:00+05:30,2937.749701143026,2949.082219461049,2905.7860545430526,2912.033447265625,867436,0.0,0.0,ASIANPAINT.NS,635
2022-07-21 00:00:00+05:30,2887.3822689781286,2988.0676919485463,2887.3822689781286,2969.809814453125,1184060,0.0,0.0,ASIANPAINT.NS,636
2022-07-22 00:00:00+05:30,2969.8103511384234,2995.6233230951434,2952.2786803957633,2971.0693359375,1268141,0.0,0.0,ASIANPAINT.NS,637
2022-07-25 00:00:00+05:30,2973.103043826111,3019.304988774623,2955.8135244664786,3007.439697265625,985844,0.0,0.0,ASIANPAINT.NS,638
2022-07-26 00:00:00+05:30,2998.7709770086058,3050.881450195759,2957.1213801057083,3010.87841796875,2876310,0.0,0.0,ASIANPAINT.NS,639
2022-07-27 00:00:00+05:30,3021.000323554148,3092.7248542363136,2998.7711082729807,3085.9931640625,1976407,0.0,0.0,ASIANPAINT.NS,640
2022-07-28 00:00:00+05:30,3097.5672320059684,3176.9920328266344,3082.0697098946193,3169.630615234375,1332572,0.0,0.0,ASIANPAINT.NS,641
2022-07-29 00:00:00+05:30,3182.22252741686,3249.007354626693,3172.149232078412,3229.05419921875,1836550,0.0,0.0,ASIANPAINT.NS,642
2022-08-01 00:00:00+05:30,3235.156781850451,3249.63723430325,3210.4091246194102,3220.1435546875,1076122,0.0,0.0,ASIANPAINT.NS,643
2022-08-02 00:00:00+05:30,3226.391222539885,3297.8251320752547,3221.1609020582137,3289.4951171875,1650536,0.0,0.0,ASIANPAINT.NS,644
2022-08-03 00:00:00+05:30,3297.0983349476173,3339.7165272912407,3265.3768395100337,3331.628662109375,1169005,0.0,0.0,ASIANPAINT.NS,645
2022-08-04 00:00:00+05:30,3346.496700556391,3367.7573197095176,3303.7815540148986,3351.823974609375,981434,0.0,0.0,ASIANPAINT.NS,646
2022-08-05 00:00:00+05:30,3365.868527890813,3382.2861702501514,3343.1550163426145,3364.802978515625,792478,0.0,0.0,ASIANPAINT.NS,647
2022-08-08 00:00:00+05:30,3356.182970039626,3367.757637461228,3328.6264789511683,3349.838623046875,724644,0.0,0.0,ASIANPAINT.NS,648
2022-08-10 00:00:00+05:30,3332.936423250469,3341.5085862344386,3289.3496348034273,3304.508056640625,1089295,0.0,0.0,ASIANPAINT.NS,649
2022-08-11 00:00:00+05:30,3341.6538598947395,3368.726051841802,3283.5381405922226,3298.2607421875,1410533,0.0,0.0,ASIANPAINT.NS,650
2022-08-12 00:00:00+05:30,3292.2553941554966,3326.931152868478,3276.7578694992776,3320.199462890625,548472,0.0,0.0,ASIANPAINT.NS,651
2022-08-16 00:00:00+05:30,3361.0253069435516,3399.2363398675743,3346.787004955221,3391.0517578125,911189,0.0,0.0,ASIANPAINT.NS,652
2022-08-17 00:00:00+05:30,3407.469883510072,3434.2999267747364,3394.5392777780007,3413.039306640625,817912,0.0,0.0,ASIANPAINT.NS,653
2022-08-18 00:00:00+05:30,3414.298186964057,3431.4422752464643,3405.145009331992,3424.3232421875,599877,0.0,0.0,ASIANPAINT.NS,654
2022-08-19 00:00:00+05:30,3409.4557344180757,3427.3747489313523,3355.214393188697,3373.181884765625,581829,0.0,0.0,ASIANPAINT.NS,655
2022-08-22 00:00:00+05:30,3353.3735226728604,3376.087032724454,3228.521460023956,3244.5517578125,2336567,0.0,0.0,ASIANPAINT.NS,656
2022-08-23 00:00:00+05:30,3228.3280685193886,3277.6779507449683,3212.685349335418,3251.18701171875,831446,0.0,0.0,ASIANPAINT.NS,657
2022-08-24 00:00:00+05:30,3234.7206749169395,3278.694803092826,3198.3014002400328,3272.738037109375,1182154,0.0,0.0,ASIANPAINT.NS,658
2022-08-25 00:00:00+05:30,3269.00905226243,3298.2121052065922,3245.9564374288216,3256.901611328125,615392,0.0,0.0,ASIANPAINT.NS,659
2022-08-26 00:00:00+05:30,3273.2224671715267,3278.2106381417357,3201.8368077516534,3219.1748046875,1384783,0.0,0.0,ASIANPAINT.NS,660
2022-08-29 00:00:00+05:30,3145.029046837611,3243.196278444859,3135.0524676111563,3238.25634765625,1031166,0.0,0.0,ASIANPAINT.NS,661
2022-08-30 00:00:00+05:30,3226.3909212745125,3302.6678006051543,3226.3909212745125,3285.087890625,1426459,0.0,0.0,ASIANPAINT.NS,662
2022-09-01 00:00:00+05:30,3210.893493897352,3365.287493705322,3210.893493897352,3338.312255859375,1417762,0.0,0.0,ASIANPAINT.NS,663
2022-09-02 00:00:00+05:30,3379.4286281197656,3379.4286281197656,3317.438535772484,3323.298583984375,740821,0.0,0.0,ASIANPAINT.NS,664
2022-09-05 00:00:00+05:30,3317.487510162658,3341.6539165543495,3298.59990106909,3317.245361328125,518438,0.0,0.0,ASIANPAINT.NS,665
2022-09-06 00:00:00+05:30,3312.595779489728,3326.688887776107,3277.7263502319415,3288.623046875,540937,0.0,0.0,ASIANPAINT.NS,666
2022-09-07 00:00:00+05:30,3285.475366808651,3327.1249660930766,3279.6153177541714,3293.563232421875,682921,0.0,0.0,ASIANPAINT.NS,667
2022-09-08 00:00:00+05:30,3341.6538775559884,3375.2156110411847,3319.763528580292,3341.799072265625,1143090,0.0,0.0,ASIANPAINT.NS,668
2022-09-09 00:00:00+05:30,3374.2955833979413,3374.2955833979413,3325.6236669176747,3333.760009765625,702805,0.0,0.0,ASIANPAINT.NS,669
2022-09-12 00:00:00+05:30,3333.7596837812675,3345.1889186484304,3315.501568576152,3324.41259765625,641280,0.0,0.0,ASIANPAINT.NS,670
2022-09-13 00:00:00+05:30,3324.219332767415,3350.3714079377883,3307.4141083926165,3314.72705078125,776044,0.0,0.0,ASIANPAINT.NS,671
2022-09-14 00:00:00+05:30,3273.852039257021,3340.200815792259,3273.852039257021,3330.95068359375,816678,0.0,0.0,ASIANPAINT.NS,672
2022-09-15 00:00:00+05:30,3331.967754511612,3350.128915964255,3282.666349477552,3288.768310546875,590182,0.0,0.0,ASIANPAINT.NS,673
2022-09-16 00:00:00+05:30,3305.2344429593936,3312.5958616858566,3205.614560172594,3218.206298828125,1598265,0.0,0.0,ASIANPAINT.NS,674
2022-09-19 00:00:00+05:30,3216.365728424955,3237.1422857556304,3129.8218845573406,3212.10400390625,1013563,0.0,0.0,ASIANPAINT.NS,675
2022-09-20 00:00:00+05:30,3230.8465050235095,3302.9098991426945,3229.296657988781,3286.637451171875,708184,0.0,0.0,ASIANPAINT.NS,676
2022-09-21 00:00:00+05:30,3298.0669894134317,3317.341941252631,3242.8570574320615,3250.654296875,605378,0.0,0.0,ASIANPAINT.NS,677
2022-09-22 00:00:00+05:30,3250.6541191780457,3331.967642698632,3211.522729397167,3328.09326171875,829396,0.0,0.0,ASIANPAINT.NS,678
2022-09-23 00:00:00+05:30,3327.1247083471394,3329.9820170610733,3276.467129102942,3288.623046875,513370,0.0,0.0,ASIANPAINT.NS,679
2022-09-26 00:00:00+05:30,3264.166144437257,3359.0884833556106,3248.6686197158933,3330.0791015625,1429914,0.0,0.0,ASIANPAINT.NS,680
2022-09-27 00:00:00+05:30,3346.3514134369825,3390.0833946384378,3323.298799058751,3361.655029296875,1455383,0.0,0.0,ASIANPAINT.NS,681
2022-09-28 00:00:00+05:30,3342.622553516893,3470.3801856179925,3312.596097660902,3458.514892578125,1843428,0.0,0.0,ASIANPAINT.NS,682
2022-09-29 00:00:00+05:30,3451.541180059382,3451.541180059382,3266.4909843169744,3278.501708984375,2624894,0.0,0.0,ASIANPAINT.NS,683
2022-09-30 00:00:00+05:30,3295.161096585815,3304.750095134646,3182.077599223559,3237.481201171875,2159720,0.0,0.0,ASIANPAINT.NS,684
2022-10-03 00:00:00+05:30,3242.857330184073,3247.2160093913094,3182.562267817299,3199.173583984375,934543,0.0,0.0,ASIANPAINT.NS,685
2022-10-04 00:00:00+05:30,3225.4223415205324,3262.5680657787793,3208.036103220542,3232.928955078125,994382,0.0,0.0,ASIANPAINT.NS,686
2022-10-06 00:00:00+05:30,3232.9292041497342,3261.0184699486535,3207.69724740463,3224.405517578125,922770,0.0,0.0,ASIANPAINT.NS,687
2022-10-07 00:00:00+05:30,3213.799043867114,3254.0927009112474,3184.014739889141,3238.69189453125,774544,0.0,0.0,ASIANPAINT.NS,688
2022-10-10 00:00:00+05:30,3176.99274784022,3195.3960594892947,3157.8145126164895,3175.007080078125,734377,0.0,0.0,ASIANPAINT.NS,689
2022-10-11 00:00:00+05:30,3187.162547020218,3254.4799142950715,3171.1807260125192,3195.10498046875,1411316,0.0,0.0,ASIANPAINT.NS,690
2022-10-12 00:00:00+05:30,3230.265029602108,3234.6237080528454,3105.316247347633,3146.19091796875,1812549,0.0,0.0,ASIANPAINT.NS,691
2022-10-13 00:00:00+05:30,3128.659622403609,3155.8770071383983,3093.5962850539327,3108.22216796875,779890,0.0,0.0,ASIANPAINT.NS,692
2022-10-14 00:00:00+05:30,3133.4061663844227,3144.0607159455444,3080.133418578814,3085.460693359375,845765,0.0,0.0,ASIANPAINT.NS,693
2022-10-17 00:00:00+05:30,3085.460565441764,3116.939915112729,3070.544291263992,3097.1806640625,1067773,0.0,0.0,ASIANPAINT.NS,694
2022-10-18 00:00:00+05:30,3116.9398888162505,3147.9349405384755,3111.1283166183334,3124.54345703125,1015424,0.0,0.0,ASIANPAINT.NS,695
2022-10-19 00:00:00+05:30,3140.185904185472,3143.7696594341137,3095.969624152379,3111.8544921875,943543,0.0,0.0,ASIANPAINT.NS,696
2022-10-20 00:00:00+05:30,3097.5678744226834,3140.0408743571106,3004.3890506981584,3042.260986328125,2284352,0.0,0.0,ASIANPAINT.NS,697
2022-10-21 00:00:00+05:30,3041.389165252829,3065.361898322895,2976.1541788546,2995.283935546875,1738731,0.0,0.0,ASIANPAINT.NS,698
2022-10-24 00:00:00+05:30,3051.0752503582357,3059.792608216402,3018.143009560718,3023.615478515625,178709,0.0,0.0,ASIANPAINT.NS,699
2022-10-25 00:00:00+05:30,3035.5776548285617,3036.546250123657,2983.1765547745235,2988.01953125,1016316,0.0,0.0,ASIANPAINT.NS,700
2022-10-27 00:00:00+05:30,3024.923141807405,3024.923141807405,2937.7495642337044,2947.871337890625,2005709,0.0,0.0,ASIANPAINT.NS,701
2022-10-28 00:00:00+05:30,2962.6423914378747,2975.137412669272,2944.529706655443,2957.5087890625,715736,0.0,0.0,ASIANPAINT.NS,702
2022-10-31 00:00:00+05:30,2989.518734456431,3019.5885205590102,2969.1974263726324,3014.447509765625,814364,4.4,0.0,ASIANPAINT.NS,703
2022-11-01 00:00:00+05:30,3017.1631414873555,3069.4456679883456,3017.1631414873555,3064.595703125,939335,0.0,0.0,ASIANPAINT.NS,704
2022-11-02 00:00:00+05:30,3063.237809767216,3065.1292487022656,3028.4151567506465,3037.9208984375,787012,0.0,0.0,ASIANPAINT.NS,705
2022-11-03 00:00:00+05:30,3011.828269188098,3054.2654629971094,3011.828269188098,3047.0390625,563798,0.0,0.0,ASIANPAINT.NS,706
2022-11-04 00:00:00+05:30,3053.5383301575266,3089.4280754611573,3032.1013875610897,3085.8876953125,609757,0.0,0.0,ASIANPAINT.NS,707
2022-11-07 00:00:00+05:30,3090.3980025079964,3102.037919654919,3004.5050665317176,3010.422119140625,1669943,0.0,0.0,ASIANPAINT.NS,708
2022-11-09 00:00:00+05:30,3051.5978824745866,3051.5978824745866,2987.5783464786164,2993.88330078125,1391333,0.0,0.0,ASIANPAINT.NS,709
2022-11-10 00:00:00+05:30,2993.398232364574,2993.398232364574,2942.473602682416,2953.77392578125,1375007,0.0,0.0,ASIANPAINT.NS,710
2022-11-11 00:00:00+05:30,2997.9576003659504,3005.0385972964427,2956.5389427241953,2963.716796875,810288,0.0,0.0,ASIANPAINT.NS,711
2022-11-14 00:00:00+05:30,2964.29879160304,2985.590091908843,2949.7974427177933,2961.582763671875,811702,0.0,0.0,ASIANPAINT.NS,712
2022-11-15 00:00:00+05:30,2976.423685858182,3002.1285017862388,2950.7188699301255,2986.899658203125,873840,0.0,0.0,ASIANPAINT.NS,713
2022-11-16 00:00:00+05:30,2986.899879294295,3000.1887377532757,2959.449026474376,2990.537353515625,770953,0.0,0.0,ASIANPAINT.NS,714
2022-11-17 00:00:00+05:30,2999.2186727671615,3003.6321887462414,2968.178893488847,2979.430908203125,706271,0.0,0.0,ASIANPAINT.NS,715
2022-11-18 00:00:00+05:30,3002.128284758117,3021.382740211764,2964.0560601452717,3002.61328125,1258576,0.0,0.0,ASIANPAINT.NS,716
2022-11-21 00:00:00+05:30,3011.828563403642,3017.018121193688,2974.1927839118534,3002.419677734375,612194,0.0,0.0,ASIANPAINT.NS,717
2022-11-22 00:00:00+05:30,3010.8585390026406,3025.8934318359334,2980.109805538785,3010.713134765625,764079,0.0,0.0,ASIANPAINT.NS,718
2022-11-23 00:00:00+05:30,3017.6485208856047,3021.334542012408,2997.278665874805,3007.754638671875,488341,0.0,0.0,ASIANPAINT.NS,719
2022-11-24 00:00:00+05:30,3024.3897227430025,3026.620754076579,2999.2184509589883,3021.8193359375,571872,0.0,0.0,ASIANPAINT.NS,720
2022-11-25 00:00:00+05:30,3021.819626127569,3026.184595184944,2982.9713541539845,3014.884033203125,898769,0.0,0.0,ASIANPAINT.NS,721
2022-11-28 00:00:00+05:30,3014.8838411585343,3064.2080830908676,3003.777467960733,3056.64208984375,914689,0.0,0.0,ASIANPAINT.NS,722
2022-11-29 00:00:00+05:30,3062.2681070603794,3073.908023843631,3033.3137193361567,3040.976806640625,877720,0.0,0.0,ASIANPAINT.NS,723
2022-11-30 00:00:00+05:30,3045.681277954749,3103.929411699258,3039.2794655037283,3079.87353515625,2547283,0.0,0.0,ASIANPAINT.NS,724
2022-12-01 00:00:00+05:30,3095.2478341144615,3101.0677924362058,3066.390540769145,3083.947509765625,761717,0.0,0.0,ASIANPAINT.NS,725
2022-12-02 00:00:00+05:30,3077.9335035005515,3079.049137651833,3039.958368448281,3049.124755859375,932259,0.0,0.0,ASIANPAINT.NS,726
2022-12-05 00:00:00+05:30,3036.0784227443264,3073.617108595505,3019.1035433839347,3062.171142578125,926122,0.0,0.0,ASIANPAINT.NS,727
2022-12-06 00:00:00+05:30,3031.228448896603,3073.908145457067,3031.228448896603,3066.8271484375,958365,0.0,0.0,ASIANPAINT.NS,728
2022-12-07 00:00:00+05:30,3084.578180388482,3137.636757700772,3081.0861103640364,3129.682861328125,1832282,0.0,0.0,ASIANPAINT.NS,729
2022-12-08 00:00:00+05:30,3133.077667936157,3143.6504978481967,3106.5482623068474,3124.7841796875,851312,0.0,0.0,ASIANPAINT.NS,730
2022-12-09 00:00:00+05:30,3137.9273875783833,3145.056930928282,3109.797590286336,3130.118896484375,847879,0.0,0.0,ASIANPAINT.NS,731
2022-12-12 00:00:00+05:30,3130.167631349865,3133.0776105547147,3047.62112651308,3071.337646484375,1323816,0.0,0.0,ASIANPAINT.NS,732
2022-12-13 00:00:00+05:30,3089.428001981084,3089.428001981084,3048.348699756327,3083.123046875,886601,0.0,0.0,ASIANPAINT.NS,733
2022-12-14 00:00:00+05:30,3083.607877920916,3099.127766579845,3031.2282536970315,3051.549560546875,1103870,0.0,0.0,ASIANPAINT.NS,734
2022-12-15 00:00:00+05:30,3047.717981635722,3066.3417997238985,3023.177111568969,3036.66015625,799124,0.0,0.0,ASIANPAINT.NS,735
2022-12-16 00:00:00+05:30,3021.528344009243,3023.4683301049154,2958.7698411771935,2964.20166015625,1192821,0.0,0.0,ASIANPAINT.NS,736
2022-12-19 00:00:00+05:30,2970.1186793116817,2995.3384982738316,2949.74882553456,2988.5,655594,0.0,0.0,ASIANPAINT.NS,737
2022-12-20 00:00:00+05:30,2982.7774973319993,2995.9692621453482,2927.4393405006745,2989.664306640625,739257,0.0,0.0,ASIANPAINT.NS,738
2022-12-21 00:00:00+05:30,2992.4285504998456,3019.0548122815458,2958.527340864418,2977.5390625,616324,0.0,0.0,ASIANPAINT.NS,739
2022-12-22 00:00:00+05:30,2981.7588671173244,3000.673733060326,2946.8876616263765,2995.872314453125,663202,0.0,0.0,ASIANPAINT.NS,740
2022-12-23 00:00:00+05:30,2986.5602480960024,2994.2233357780187,2944.8990912529807,2966.141845703125,1230858,0.0,0.0,ASIANPAINT.NS,741
2022-12-26 00:00:00+05:30,2966.1417572261794,2979.7216604039577,2937.915100566913,2964.347412109375,536884,0.0,0.0,ASIANPAINT.NS,742
2022-12-27 00:00:00+05:30,2968.1784706660255,3035.1079852006515,2964.5895440611644,3019.2001953125,729041,0.0,0.0,ASIANPAINT.NS,743
2022-12-28 00:00:00+05:30,3016.629880532842,3049.4642404588985,3011.8284622313577,3029.96728515625,972274,0.0,0.0,ASIANPAINT.NS,744
2022-12-29 00:00:00+05:30,3007.9485208611454,3031.228354624663,2999.7521267531833,3021.673828125,596265,0.0,0.0,ASIANPAINT.NS,745
2022-12-30 00:00:00+05:30,3036.805999673625,3036.805999673625,2979.139955307561,2995.24169921875,836220,0.0,0.0,ASIANPAINT.NS,746
2023-01-02 00:00:00+05:30,2995.2414014890064,2995.2414014890064,2930.3489620988953,2955.811279296875,1015990,0.0,0.0,ASIANPAINT.NS,747
2023-01-03 00:00:00+05:30,2955.5689623396606,2968.130325564934,2934.2291142361255,2937.381591796875,860367,0.0,0.0,ASIANPAINT.NS,748
2023-01-04 00:00:00+05:30,2943.929010219132,2958.478906480512,2911.4827889191993,2926.32373046875,836382,0.0,0.0,ASIANPAINT.NS,749
2023-01-05 00:00:00+05:30,2948.342438652981,2955.180937055911,2905.5171031718905,2914.19873046875,1113920,0.0,0.0,ASIANPAINT.NS,750
2023-01-06 00:00:00+05:30,2919.6789735929083,2932.7738792884247,2863.419378752912,2889.027099609375,1045526,0.0,0.0,ASIANPAINT.NS,751
2023-01-09 00:00:00+05:30,2903.480315041837,2927.0995042990075,2862.4495606589435,2894.604736328125,808263,0.0,0.0,ASIANPAINT.NS,752
2023-01-10 00:00:00+05:30,2894.6046882892815,2895.429277114177,2863.6134574599964,2871.51904296875,864325,0.0,0.0,ASIANPAINT.NS,753
2023-01-11 00:00:00+05:30,2885.6322408225165,2885.6322408225165,2846.9296127044795,2852.16748046875,890426,0.0,0.0,ASIANPAINT.NS,754
2023-01-12 00:00:00+05:30,2850.8098049930963,2851.634393878309,2809.100100462745,2828.451416015625,1558620,0.0,0.0,ASIANPAINT.NS,755
2023-01-13 00:00:00+05:30,2837.2294639136117,2837.2294639136117,2785.5773377756973,2821.85498046875,1507864,0.0,0.0,ASIANPAINT.NS,756
2023-01-16 00:00:00+05:30,2837.229485569536,2841.691548033403,2809.0996889604703,2828.548095703125,644073,0.0,0.0,ASIANPAINT.NS,757
2023-01-17 00:00:00+05:30,2837.2297924626137,2856.4842500535897,2823.7952934202785,2852.652587890625,716489,0.0,0.0,ASIANPAINT.NS,758
2023-01-18 00:00:00+05:30,2859.491004221043,2871.179467999321,2841.449275328524,2856.8720703125,893808,0.0,0.0,ASIANPAINT.NS,759
2023-01-19 00:00:00+05:30,2866.232391689925,2884.371451322064,2758.2723538114697,2780.1455078125,2379947,0.0,0.0,ASIANPAINT.NS,760
2023-01-20 00:00:00+05:30,2762.540014567168,2762.540014567168,2697.5504847300895,2704.146484375,3171005,0.0,0.0,ASIANPAINT.NS,761
2023-01-23 00:00:00+05:30,2715.980411231565,2715.980411231565,2684.795230878482,2700.89697265625,1402260,0.0,0.0,ASIANPAINT.NS,762
2023-01-24 00:00:00+05:30,2711.130465475897,2742.2673358517864,2700.8969918479224,2726.262451171875,1061471,0.0,0.0,ASIANPAINT.NS,763
2023-01-25 00:00:00+05:30,2726.553615947672,2726.650709987331,2684.068105969558,2691.73095703125,857953,0.0,0.0,ASIANPAINT.NS,764
2023-01-27 00:00:00+05:30,2683.5827989359163,2689.645255344979,2605.2558621308267,2640.951416015625,1801498,0.0,0.0,ASIANPAINT.NS,765
2023-01-30 00:00:00+05:30,2642.2611633969104,2692.700803814179,2615.3438552896177,2683.19482421875,1171912,0.0,0.0,ASIANPAINT.NS,766
2023-01-31 00:00:00+05:30,2677.1805849701777,2696.5318972703394,2636.4894274275,2644.055419921875,1961805,0.0,0.0,ASIANPAINT.NS,767
2023-02-01 00:00:00+05:30,2667.2869624042296,2694.6407193194764,2623.637274726268,2661.41845703125,1176872,0.0,0.0,ASIANPAINT.NS,768
2023-02-02 00:00:00+05:30,2658.7512671960494,2658.7512671960494,2613.161588407938,2624.4619140625,1308570,0.0,0.0,ASIANPAINT.NS,769
2023-02-03 00:00:00+05:30,2624.4617256466054,2680.963823492483,2618.981359379718,2677.56884765625,1278409,0.0,0.0,ASIANPAINT.NS,770
2023-02-06 00:00:00+05:30,2677.568596769168,2682.030659318869,2636.440988075474,2671.5546875,1120284,0.0,0.0,ASIANPAINT.NS,771
2023-02-07 00:00:00+05:30,2679.1207317216745,2691.2456445191115,2665.686233616233,2675.289306640625,732250,0.0,0.0,ASIANPAINT.NS,772
2023-02-08 00:00:00+05:30,2684.9404371402356,2700.4603240601214,2661.951652003091,2682.612548828125,811956,0.0,0.0,ASIANPAINT.NS,773
2023-02-09 00:00:00+05:30,2698.47216243318,2735.720038254164,2683.146224628361,2730.142578125,946372,0.0,0.0,ASIANPAINT.NS,774
2023-02-10 00:00:00+05:30,2745.0803559163837,2746.001801959138,2709.190612747159,2720.442626953125,700072,0.0,0.0,ASIANPAINT.NS,775
2023-02-13 00:00:00+05:30,2730.0456373909624,2744.110537636892,2696.5808747368537,2707.00830078125,467228,0.0,0.0,ASIANPAINT.NS,776
2023-02-14 00:00:00+05:30,2720.587960979172,2720.587960979172,2682.0307378937196,2693.670654296875,524746,0.0,0.0,ASIANPAINT.NS,777
2023-02-15 00:00:00+05:30,2693.6705572258143,2714.331455459805,2671.360718257073,2702.5458984375,817717,0.0,0.0,ASIANPAINT.NS,778
2023-02-16 00:00:00+05:30,2713.0705626845715,2749.299897852454,2706.3777053609297,2721.751953125,788964,0.0,0.0,ASIANPAINT.NS,779
2023-02-17 00:00:00+05:30,2718.8418380202093,2760.4546799013674,2701.9155074955893,2748.572265625,840526,0.0,0.0,ASIANPAINT.NS,780
2023-02-20 00:00:00+05:30,2759.630233518035,2766.420184883457,2727.7175568264342,2740.763916015625,646218,0.0,0.0,ASIANPAINT.NS,781
2023-02-21 00:00:00+05:30,2751.870640572078,2753.519581608486,2720.8308589371445,2732.56787109375,631934,0.0,0.0,ASIANPAINT.NS,782
2023-02-22 00:00:00+05:30,2725.6319045588316,2729.5118767318904,2696.580660275994,2712.052001953125,580270,0.0,0.0,ASIANPAINT.NS,783
2023-02-23 00:00:00+05:30,2720.830545949496,2721.364089497919,2619.0783682083215,2624.752685546875,1790570,0.0,0.0,ASIANPAINT.NS,784
2023-02-24 00:00:00+05:30,2630.717964535846,2679.1205178330974,2628.6808846226263,2656.32568359375,1429040,0.0,0.0,ASIANPAINT.NS,785
2023-02-27 00:00:00+05:30,2658.169098399923,2675.871473153443,2643.279845833061,2667.384033203125,561317,0.0,0.0,ASIANPAINT.NS,786
2023-02-28 00:00:00+05:30,2667.4812382921377,2753.8106310950466,2645.607844775194,2743.916748046875,1815923,0.0,0.0,ASIANPAINT.NS,787
2023-03-01 00:00:00+05:30,2743.1405039700676,2767.68137691662,2731.5491337154585,2755.6533203125,816598,0.0,0.0,ASIANPAINT.NS,788
2023-03-02 00:00:00+05:30,2746.0503960576357,2763.510271412294,2726.6505345524597,2748.86328125,604523,0.0,0.0,ASIANPAINT.NS,789
2023-03-03 00:00:00+05:30,2751.9187391348187,2766.4200873912678,2726.310781370286,2743.96484375,679295,0.0,0.0,ASIANPAINT.NS,790
2023-03-06 00:00:00+05:30,2757.6903515725508,2797.460068214997,2745.322939689839,2778.59375,1050267,0.0,0.0,ASIANPAINT.NS,791
2023-03-08 00:00:00+05:30,2783.88003227603,2783.88003227603,2742.1703314440197,2773.74365234375,580250,0.0,0.0,ASIANPAINT.NS,792
2023-03-09 00:00:00+05:30,2776.1199775054047,2786.256357034475,2751.7247481801796,2767.923583984375,774224,0.0,0.0,ASIANPAINT.NS,793
2023-03-10 00:00:00+05:30,2758.6601208246816,2758.6601208246816,2722.770379449677,2745.274169921875,489978,0.0,0.0,ASIANPAINT.NS,794
2023-03-13 00:00:00+05:30,2738.775314376439,2763.9465860884293,2689.014624680397,2700.654541015625,813217,0.0,0.0,ASIANPAINT.NS,795
2023-03-14 00:00:00+05:30,2699.4422347533823,2703.3222071310624,2657.8296257286497,2663.213134765625,1060450,0.0,0.0,ASIANPAINT.NS,796
2023-03-15 00:00:00+05:30,2689.0147787621936,2780.3397696641264,2682.2248271775766,2742.558349609375,2170346,0.0,0.0,ASIANPAINT.NS,797
2023-03-16 00:00:00+05:30,2764.4801739163895,2812.9798260903613,2743.819274727336,2806.432373046875,1755487,0.0,0.0,ASIANPAINT.NS,798
2023-03-17 00:00:00+05:30,2836.2111091471825,2836.2111091471825,2769.3786832473547,2776.75048828125,1848073,0.0,0.0,ASIANPAINT.NS,799
2023-03-20 00:00:00+05:30,2827.5300144663897,2827.5300144663897,2746.099137398992,2769.475830078125,1074367,0.0,0.0,ASIANPAINT.NS,800
2023-03-21 00:00:00+05:30,2772.3856495766527,2800.370044889678,2749.930404316674,2753.907470703125,691891,0.0,0.0,ASIANPAINT.NS,801
2023-03-22 00:00:00+05:30,2740.2305174524195,2767.5357285907025,2730.3851821775506,2754.635009765625,731807,0.0,0.0,ASIANPAINT.NS,802
2023-03-23 00:00:00+05:30,2732.567593446849,2738.2904578784132,2684.6983403446607,2713.8466796875,1016581,0.0,0.0,ASIANPAINT.NS,803
2023-03-24 00:00:00+05:30,2713.8464428929105,2731.160675727322,2689.645165083045,2714.525390625,784111,0.0,0.0,ASIANPAINT.NS,804
2023-03-27 00:00:00+05:30,2714.525700268892,2735.3805519950956,2702.8857830263596,2719.6181640625,791560,0.0,0.0,ASIANPAINT.NS,805
2023-03-28 00:00:00+05:30,2707.2504741954635,2726.262431799964,2682.0306560911704,2700.89697265625,558581,0.0,0.0,ASIANPAINT.NS,806
2023-03-29 00:00:00+05:30,2700.897323598093,2709.9183070704817,2672.331073281137,2687.365966796875,1087648,0.0,0.0,ASIANPAINT.NS,807
2023-03-31 00:00:00+05:30,2673.34943093138,2691.7307521280145,2665.055942872692,2678.78125,1967803,0.0,0.0,ASIANPAINT.NS,808
2023-04-03 00:00:00+05:30,2664.5223162743655,2698.1810271772156,2627.371535724687,2693.670654296875,1035295,0.0,0.0,ASIANPAINT.NS,809
2023-04-05 00:00:00+05:30,2677.1806812744794,2727.1838678112226,2669.6632355209003,2724.225341796875,668643,0.0,0.0,ASIANPAINT.NS,810
2023-04-06 00:00:00+05:30,2723.2067868322306,2740.2302112598104,2703.176526208546,2725.534912109375,627554,0.0,0.0,ASIANPAINT.NS,811
2023-04-10 00:00:00+05:30,2725.680454417148,2725.680454417148,2672.427931012248,2693.040283203125,1215461,0.0,0.0,ASIANPAINT.NS,812
2023-04-11 00:00:00+05:30,2706.2804469853227,2706.2804469853227,2667.5292743278087,2671.166748046875,1246379,0.0,0.0,ASIANPAINT.NS,813
2023-04-12 00:00:00+05:30,2672.8644375637464,2721.9944915790093,2668.4509217551526,2703.128173828125,2235399,0.0,0.0,ASIANPAINT.NS,814
2023-04-13 00:00:00+05:30,2703.0796009841915,2728.881510991963,2698.5206809852966,2725.43798828125,602597,0.0,0.0,ASIANPAINT.NS,815
2023-04-17 00:00:00+05:30,2740.2303844680164,2760.2123361567474,2721.800516395488,2757.787353515625,754555,0.0,0.0,ASIANPAINT.NS,816
2023-04-18 00:00:00+05:30,2762.540090085544,2772.6764696683185,2745.177309947473,2768.942138671875,717724,0.0,0.0,ASIANPAINT.NS,817
2023-04-19 00:00:00+05:30,2751.2398609697243,2767.0991051266333,2716.6109198988333,2725.389404296875,799624,0.0,0.0,ASIANPAINT.NS,818
2023-04-20 00:00:00+05:30,2735.3802209915348,2765.450003562718,2728.7356743104115,2758.5146484375,761101,0.0,0.0,ASIANPAINT.NS,819
2023-04-21 00:00:00+05:30,2761.667188076015,2800.369814373166,2761.667188076015,2795.616943359375,894930,0.0,0.0,ASIANPAINT.NS,820
2023-04-24 00:00:00+05:30,2795.6172300007843,2811.040025684968,2766.4203427375874,2804.34716796875,782967,0.0,0.0,ASIANPAINT.NS,821
2023-04-25 00:00:00+05:30,2804.2983907407483,2814.6772687765874,2778.205436200788,2811.039794921875,636120,0.0,0.0,ASIANPAINT.NS,822
2023-04-26 00:00:00+05:30,2810.0209881834353,2828.9358504327506,2801.388145780133,2822.679443359375,569221,0.0,0.0,ASIANPAINT.NS,823
2023-04-27 00:00:00+05:30,2828.0148363029907,2832.3798051808376,2807.014580761013,2812.931396484375,599461,0.0,0.0,ASIANPAINT.NS,824
2023-04-28 00:00:00+05:30,2832.3310120492793,2832.3310120492793,2761.1821676116547,2815.25927734375,1080665,0.0,0.0,ASIANPAINT.NS,825
2023-05-02 00:00:00+05:30,2823.6015284178116,2845.6688727037017,2806.190198640902,2812.543701171875,663800,0.0,0.0,ASIANPAINT.NS,826
2023-05-03 00:00:00+05:30,2830.4397029645957,2873.5072994010247,2810.069849036475,2841.78857421875,1237193,0.0,0.0,ASIANPAINT.NS,827
2023-05-04 00:00:00+05:30,2859.5393988125807,2896.5445374872093,2834.464984731441,2893.34375,1008540,0.0,0.0,ASIANPAINT.NS,828
2023-05-05 00:00:00+05:30,2881.8493660543927,2934.22899101802,2862.498051972439,2922.54052734375,1326561,0.0,0.0,ASIANPAINT.NS,829
2023-05-08 00:00:00+05:30,2924.5290372873073,2944.6078460012636,2903.1891902490584,2928.845458984375,941879,0.0,0.0,ASIANPAINT.NS,830
2023-05-09 00:00:00+05:30,2925.5477367957697,2982.5348314242337,2920.4067260025126,2943.735107421875,1025850,0.0,0.0,ASIANPAINT.NS,831
2023-05-10 00:00:00+05:30,2951.640255315574,2965.2687048056064,2928.3118754859743,2950.13671875,751851,0.0,0.0,ASIANPAINT.NS,832
2023-05-11 00:00:00+05:30,2960.467302364646,3061.4434356466963,2940.5338980480883,3045.53564453125,3229605,0.0,0.0,ASIANPAINT.NS,833
2023-05-12 00:00:00+05:30,3044.80835862121,3084.335577676264,2993.398724021999,3037.1455078125,1998170,0.0,0.0,ASIANPAINT.NS,834
2023-05-15 00:00:00+05:30,3040.15175932446,3072.937567349138,3027.3964471656586,3038.017822265625,810281,0.0,0.0,ASIANPAINT.NS,835
2023-05-16 00:00:00+05:30,3038.0184940349277,3070.707215269995,3028.6581550228125,3043.935546875,822404,0.0,0.0,ASIANPAINT.NS,836
2023-05-17 00:00:00+05:30,3041.898274961661,3053.4896448135755,2983.262241099658,2999.655029296875,835371,0.0,0.0,ASIANPAINT.NS,837
2023-05-18 00:00:00+05:30,3012.458961465521,3031.22842258405,3000.431141810596,3015.757080078125,498067,0.0,0.0,ASIANPAINT.NS,838
2023-05-19 00:00:00+05:30,3030.258292070695,3034.089717260147,2975.987228216814,2991.89501953125,633262,0.0,0.0,ASIANPAINT.NS,839
2023-05-22 00:00:00+05:30,2977.8787408741073,3012.4105890772307,2954.598907069228,2992.33154296875,659425,0.0,0.0,ASIANPAINT.NS,840
2023-05-23 00:00:00+05:30,2994.368587553507,3034.089756147907,2992.4286014261643,3026.96044921875,581204,0.0,0.0,ASIANPAINT.NS,841
2023-05-24 00:00:00+05:30,3021.5282553710153,3039.1335339468947,3005.0383740415427,3008.433349609375,439465,0.0,0.0,ASIANPAINT.NS,842
2023-05-25 00:00:00+05:30,3008.4336260785376,3035.108436562871,2993.398732896459,3029.822021484375,500313,0.0,0.0,ASIANPAINT.NS,843
2023-05-26 00:00:00+05:30,3029.288499090755,3042.8198556862844,3018.376076543598,3034.5263671875,568249,0.0,0.0,ASIANPAINT.NS,844
2023-05-29 00:00:00+05:30,3052.762327681701,3060.328321449498,3022.5471364446284,3043.25634765625,535712,0.0,0.0,ASIANPAINT.NS,845
2023-05-30 00:00:00+05:30,3052.4711252753837,3060.328163940388,3033.7019012874316,3050.046142578125,506026,0.0,0.0,ASIANPAINT.NS,846
2023-05-31 00:00:00+05:30,3057.369446409312,3122.7471179260265,3042.3345546269325,3097.13916015625,2349066,0.0,0.0,ASIANPAINT.NS,847
2023-06-01 00:00:00+05:30,3138.2672220532068,3152.3804319871597,3110.767823369563,3143.45654296875,1104861,0.0,0.0,ASIANPAINT.NS,848
2023-06-02 00:00:00+05:30,3142.1952535213304,3152.428727112587,3122.4074908957737,3140.10986328125,781973,0.0,0.0,ASIANPAINT.NS,849
2023-06-05 00:00:00+05:30,3142.7290259380716,3142.7290259380716,3099.1278844416556,3103.7353515625,492565,0.0,0.0,ASIANPAINT.NS,850
2023-06-06 00:00:00+05:30,3111.495249526119,3141.7104387290747,3099.1278379661603,3116.34521484375,577698,0.0,0.0,ASIANPAINT.NS,851
2023-06-07 00:00:00+05:30,3120.4674545667763,3132.3498687161214,3110.040029905106,3128.033447265625,470038,0.0,0.0,ASIANPAINT.NS,852
2023-06-08 00:00:00+05:30,3123.377553396665,3149.5673651798047,3097.1877416135253,3115.860107421875,561161,0.0,0.0,ASIANPAINT.NS,853
2023-06-09 00:00:00+05:30,3134.2174874960015,3162.632114072365,3093.9388192324095,3105.65625,1239045,21.25,0.0,ASIANPAINT.NS,854
2023-06-12 00:00:00+05:30,3110.1965591509734,3126.942863120058,3076.9483027376846,3119.521728515625,1029156,0.0,0.0,ASIANPAINT.NS,855
2023-06-13 00:00:00+05:30,3134.412457535313,3194.9525112322567,3129.676567655558,3186.01806640625,1598821,0.0,0.0,ASIANPAINT.NS,856
2023-06-14 00:00:00+05:30,3188.1175627983494,3212.431135837882,3176.400132245951,3193.195068359375,741615,0.0,0.0,ASIANPAINT.NS,857
2023-06-15 00:00:00+05:30,3198.8588541372546,3226.19952810424,3196.271349993511,3216.77685546875,806994,0.0,0.0,ASIANPAINT.NS,858
2023-06-16 00:00:00+05:30,3214.237771126479,3243.775461587959,3209.160265403185,3238.746826171875,984671,0.0,0.0,ASIANPAINT.NS,859
2023-06-19 00:00:00+05:30,3240.6995762674064,3266.184844278896,3225.4668214346284,3231.764892578125,516915,0.0,0.0,ASIANPAINT.NS,860
2023-06-20 00:00:00+05:30,3236.940395684816,3248.511454446905,3199.932937196432,3240.55322265625,866290,0.0,0.0,ASIANPAINT.NS,861
2023-06-21 00:00:00+05:30,3240.553037898015,3254.5163570753657,3222.293422846897,3238.014404296875,742456,0.0,0.0,ASIANPAINT.NS,862
2023-06-22 00:00:00+05:30,3246.7048739354054,3248.511406590384,3166.0986646500282,3171.56689453125,871640,0.0,0.0,ASIANPAINT.NS,863
2023-06-23 00:00:00+05:30,3188.117655912372,3226.3456788493872,3176.4490953248237,3220.047607421875,1260659,0.0,0.0,ASIANPAINT.NS,864
2023-06-26 00:00:00+05:30,3217.4112089416953,3237.2821140410206,3194.3668329989523,3230.25146484375,592801,0.0,0.0,ASIANPAINT.NS,865
2023-06-27 00:00:00+05:30,3197.8820727377574,3265.7455243576883,3196.271021401316,3247.68115234375,914141,0.0,0.0,ASIANPAINT.NS,866
2023-06-28 00:00:00+05:30,3252.563420198518,3276.242394362377,3245.2400261272214,3269.4072265625,713110,0.0,0.0,ASIANPAINT.NS,867
2023-06-30 00:00:00+05:30,3274.045381014551,3368.370792149952,3265.0131949798406,3282.88232421875,1436363,0.0,0.0,ASIANPAINT.NS,868
2023-07-03 00:00:00+05:30,3285.762782637645,3300.3607003680454,3258.6173544667795,3279.611083984375,474224,0.0,0.0,ASIANPAINT.NS,869
2023-07-04 00:00:00+05:30,3279.6110951166825,3307.2447496491986,3252.5634074642694,3268.8701171875,473663,0.0,0.0,ASIANPAINT.NS,870
2023-07-05 00:00:00+05:30,3272.434608043492,3319.9389330076197,3262.084114836825,3294.941650390625,632406,0.0,0.0,ASIANPAINT.NS,871
2023-07-06 00:00:00+05:30,3329.703275839557,3329.703275839557,3288.497024913674,3319.352783203125,693995,0.0,0.0,ASIANPAINT.NS,872
2023-07-07 00:00:00+05:30,3305.2918936067604,3333.60901765834,3258.56854356496,3264.96435546875,620761,0.0,0.0,ASIANPAINT.NS,873
2023-07-10 00:00:00+05:30,3266.233778667345,3292.6468678144374,3216.385828328021,3264.42724609375,548838,0.0,0.0,ASIANPAINT.NS,874
2023-07-11 00:00:00+05:30,3271.0670895640824,3319.889715830779,3266.2336972420253,3312.6640625,772158,0.0,0.0,ASIANPAINT.NS,875
2023-07-12 00:00:00+05:30,3327.7501066357236,3333.999307253937,3283.0774049401293,3326.529541015625,1025127,0.0,0.0,ASIANPAINT.NS,876
2023-07-13 00:00:00+05:30,3344.3500721707424,3344.3500721707424,3304.6573703205077,3318.52294921875,750126,0.0,0.0,ASIANPAINT.NS,877
2023-07-14 00:00:00+05:30,3318.5230080230353,3358.020467736351,3307.244932894161,3348.98828125,832843,0.0,0.0,ASIANPAINT.NS,878
2023-07-17 00:00:00+05:30,3348.9880848979224,3391.2196570742717,3344.3499353525426,3378.916259765625,817694,0.0,0.0,ASIANPAINT.NS,879
2023-07-18 00:00:00+05:30,3378.5259421957658,3440.0424550160933,3374.2296461808846,3430.71728515625,962485,0.0,0.0,ASIANPAINT.NS,880
2023-07-19 00:00:00+05:30,3437.1130326008474,3446.8775582616454,3400.496061372856,3431.888916015625,620289,0.0,0.0,ASIANPAINT.NS,881
2023-07-20 00:00:00+05:30,3427.3975522821256,3451.7599973716456,3412.6530224246294,3442.971923828125,589848,0.0,0.0,ASIANPAINT.NS,882
2023-07-21 00:00:00+05:30,3452.68744705653,3454.6403522134096,3422.4662874321607,3434.8671875,857975,0.0,0.0,ASIANPAINT.NS,883
2023-07-24 00:00:00+05:30,3423.442669046734,3483.9827276550905,3416.1192748602393,3460.2548828125,680246,0.0,0.0,ASIANPAINT.NS,884
2023-07-25 00:00:00+05:30,3464.3558503407558,3464.3558503407558,3271.1159892010633,3320.3291015625,2555630,0.0,0.0,ASIANPAINT.NS,885
2023-07-26 00:00:00+05:30,3319.79206322422,3332.6323179939964,3285.7625989012004,3293.57421875,959076,0.0,0.0,ASIANPAINT.NS,886
2023-07-27 00:00:00+05:30,3310.174345278646,3333.6092079000878,3272.092693518803,3290.059326171875,874078,0.0,0.0,ASIANPAINT.NS,887
2023-07-28 00:00:00+05:30,3295.5271654061216,3318.96202524901,3285.2744142248584,3310.857421875,553750,0.0,0.0,ASIANPAINT.NS,888
2023-07-31 00:00:00+05:30,3244.9472145940294,3308.2213904004634,3244.8983442859517,3297.822265625,933890,0.0,0.0,ASIANPAINT.NS,889
2023-08-01 00:00:00+05:30,3292.59792723478,3305.291810109647,3259.398541254358,3264.23193359375,698667,0.0,0.0,ASIANPAINT.NS,890
2023-08-02 00:00:00+05:30,3262.5231857196327,3292.549101386755,3252.2215637229724,3283.712158203125,857218,0.0,0.0,ASIANPAINT.NS,891
2023-08-03 00:00:00+05:30,3290.6451309813115,3300.360786286128,3239.820727496561,3257.78759765625,711067,0.0,0.0,ASIANPAINT.NS,892
2023-08-04 00:00:00+05:30,3259.5450867540185,3293.8675379990586,3244.7519255138054,3261.009765625,519248,0.0,0.0,ASIANPAINT.NS,893
2023-08-07 00:00:00+05:30,3237.9654140850043,3271.1159293322803,3237.916543780848,3264.28076171875,360358,0.0,0.0,ASIANPAINT.NS,894
2023-08-08 00:00:00+05:30,3264.2810249202744,3280.83184872634,3254.1746452058355,3269.212158203125,500258,0.0,0.0,ASIANPAINT.NS,895
2023-08-09 00:00:00+05:30,3254.07726996271,3277.902618852527,3225.223046977611,3252.563720703125,643222,0.0,0.0,ASIANPAINT.NS,896
2023-08-10 00:00:00+05:30,3232.057590014747,3241.8221144558793,3153.9413944856897,3161.6552734375,1253219,0.0,0.0,ASIANPAINT.NS,897
2023-08-11 00:00:00+05:30,3161.655653105388,3172.445501586881,3105.1191451587215,3110.34326171875,919023,0.0,0.0,ASIANPAINT.NS,898
2023-08-14 00:00:00+05:30,3110.343448166041,3134.3151692712677,3078.022771090537,3127.187255859375,815534,0.0,0.0,ASIANPAINT.NS,899
2023-08-16 00:00:00+05:30,3119.6682205557104,3133.289924620688,3102.0920742956014,3118.83837890625,597686,0.0,0.0,ASIANPAINT.NS,900
2023-08-17 00:00:00+05:30,3147.9851800012616,3148.082920609833,3087.542864444259,3108.29248046875,873392,0.0,0.0,ASIANPAINT.NS,901
2023-08-18 00:00:00+05:30,3100.1389894765703,3110.4894814754334,3080.707679816353,3089.056396484375,592652,0.0,0.0,ASIANPAINT.NS,902
2023-08-21 00:00:00+05:30,3085.4923101307813,3112.442495804085,3077.924802886081,3107.364990234375,353330,0.0,0.0,ASIANPAINT.NS,903
2023-08-22 00:00:00+05:30,3123.281268380358,3123.281268380358,3096.331082241616,3104.826171875,377068,0.0,0.0,ASIANPAINT.NS,904
2023-08-23 00:00:00+05:30,3110.977797364363,3120.7423227798195,3090.7164071272914,3094.182861328125,370811,0.0,0.0,ASIANPAINT.NS,905
2023-08-24 00:00:00+05:30,3110.001197012608,3156.773176173,3096.233121474482,3149.645263671875,1167742,0.0,0.0,ASIANPAINT.NS,906
2023-08-25 00:00:00+05:30,3148.961647965995,3188.1174895186123,3140.466558689115,3182.5517578125,1363431,0.0,0.0,ASIANPAINT.NS,907
2023-08-28 00:00:00+05:30,3188.06851425194,3194.9525519949434,3154.966870148779,3182.942138671875,707315,0.0,0.0,ASIANPAINT.NS,908
2023-08-29 00:00:00+05:30,3184.2117479516432,3211.552419200538,3178.4019029896,3208.330078125,533163,0.0,0.0,ASIANPAINT.NS,909
2023-08-30 00:00:00+05:30,3223.562601609992,3225.076150623747,3199.248791960931,3217.117919921875,599080,0.0,0.0,ASIANPAINT.NS,910
2023-08-31 00:00:00+05:30,3222.342535460073,3224.2465704020387,3144.177455086179,3179.427490234375,1601967,0.0,0.0,ASIANPAINT.NS,911
2023-09-01 00:00:00+05:30,3164.7806396587234,3187.3365518436226,3141.3457770925424,3182.796142578125,650131,0.0,0.0,ASIANPAINT.NS,912
2023-09-04 00:00:00+05:30,3182.7959450965027,3189.3381294786245,3140.369129636435,3159.361083984375,696213,0.0,0.0,ASIANPAINT.NS,913
2023-09-05 00:00:00+05:30,3168.5883857898993,3172.3478232992215,3144.1770731104702,3147.3994140625,597022,0.0,0.0,ASIANPAINT.NS,914
2023-09-06 00:00:00+05:30,3133.436314405402,3153.941818488454,3119.765978350034,3149.3525390625,754106,0.0,0.0,ASIANPAINT.NS,915
2023-09-07 00:00:00+05:30,3149.3523650269303,3177.1323915830953,3125.8686342083392,3169.90673828125,923108,0.0,0.0,ASIANPAINT.NS,916
2023-09-08 00:00:00+05:30,3174.0079030416637,3186.213559989578,3155.8946604526122,3161.80224609375,395918,0.0,0.0,ASIANPAINT.NS,917
2023-09-11 00:00:00+05:30,3165.659234686456,3188.1176438159405,3165.659234686456,3182.6494140625,359345,0.0,0.0,ASIANPAINT.NS,918
2023-09-12 00:00:00+05:30,3183.235398226904,3202.569206912888,3166.6357044324695,3180.15966796875,554905,0.0,0.0,ASIANPAINT.NS,919
2023-09-13 00:00:00+05:30,3168.588319728544,3207.30456547424,3149.352253416548,3200.567138671875,880907,0.0,0.0,ASIANPAINT.NS,920
2023-09-14 00:00:00+05:30,3204.7173342443193,3216.6300079181287,3147.3507457656924,3163.950439453125,1102554,0.0,0.0,ASIANPAINT.NS,921
2023-09-15 00:00:00+05:30,3158.824003828471,3163.7062665855474,3110.0013762577064,3121.376953125,1568607,0.0,0.0,ASIANPAINT.NS,922
2023-09-18 00:00:00+05:30,3124.648106050367,3153.843941434582,3114.8835807189594,3130.7998046875,673602,0.0,0.0,ASIANPAINT.NS,923
2023-09-20 00:00:00+05:30,3130.7999095571995,3151.988882557756,3119.765947884768,3138.660400390625,901084,0.0,0.0,ASIANPAINT.NS,924
2023-09-21 00:00:00+05:30,3134.412984470558,3184.407312120833,3105.6565018085175,3167.8076171875,845739,0.0,0.0,ASIANPAINT.NS,925
2023-09-22 00:00:00+05:30,3158.775238709849,3206.2797999531476,3145.30014537325,3197.73583984375,896521,0.0,0.0,ASIANPAINT.NS,926
2023-09-25 00:00:00+05:30,3195.2461219970146,3256.2744139155175,3194.123058390655,3244.996337890625,1422084,0.0,0.0,ASIANPAINT.NS,927
2023-09-26 00:00:00+05:30,3244.751758189866,3246.6069226407453,3183.5771025232075,3215.262939453125,834560,0.0,0.0,ASIANPAINT.NS,928
2023-09-27 00:00:00+05:30,3210.575932739104,3231.0814359591527,3194.659708751862,3224.051025390625,516326,0.0,0.0,ASIANPAINT.NS,929
2023-09-28 00:00:00+05:30,3204.521872872323,3211.5522832174397,3080.7076477807914,3095.6962890625,2104381,0.0,0.0,ASIANPAINT.NS,930
2023-09-29 00:00:00+05:30,3119.765995958652,3119.765995958652,3060.202388524074,3086.615478515625,1550585,0.0,0.0,ASIANPAINT.NS,931
2023-10-03 00:00:00+05:30,3091.5464691918432,3151.79354297701,3087.5429184380614,3092.27880859375,1219145,0.0,0.0,ASIANPAINT.NS,932
2023-10-04 00:00:00+05:30,3090.4234435042013,3113.9071749573122,3077.1438318890637,3095.2568359375,892584,0.0,0.0,ASIANPAINT.NS,933
2023-10-05 00:00:00+05:30,3134.412673611111,3155.9923702409533,3099.5533653866805,3130.7509765625,1002610,0.0,0.0,ASIANPAINT.NS,934
2023-10-06 00:00:00+05:30,3139.0511353809134,3141.248153828571,3114.8839324566807,3120.49853515625,814257,0.0,0.0,ASIANPAINT.NS,935
2023-10-09 00:00:00+05:30,3066.110043764728,3088.519583325493,3058.933021775894,3078.559814453125,700012,0.0,0.0,ASIANPAINT.NS,936
2023-10-10 00:00:00+05:30,3075.8256043439133,3090.3746523220498,3066.1099489228263,3077.290283203125,847367,0.0,0.0,ASIANPAINT.NS,937
2023-10-11 00:00:00+05:30,3094.37819682709,3110.0014379596973,3077.8273734305817,3089.398193359375,1025317,0.0,0.0,ASIANPAINT.NS,938
2023-10-12 00:00:00+05:30,3110.978150917867,3113.4192825491587,3075.8747257382474,3084.711669921875,992531,0.0,0.0,ASIANPAINT.NS,939
2023-10-13 00:00:00+05:30,3075.8255039645323,3097.307459865237,3054.587661199063,3074.65380859375,854688,0.0,0.0,ASIANPAINT.NS,940
2023-10-16 00:00:00+05:30,3050.437847715341,3054.343658019714,3023.194916199036,3038.769287109375,853011,0.0,0.0,ASIANPAINT.NS,941
2023-10-17 00:00:00+05:30,3063.131651352875,3063.131651352875,3018.9960437423633,3040.23388671875,792640,0.0,0.0,ASIANPAINT.NS,942
2023-10-18 00:00:00+05:30,3036.7676015699367,3041.8451074376203,3017.2385494698083,3023.53662109375,481985,0.0,0.0,ASIANPAINT.NS,943
2023-10-19 00:00:00+05:30,3014.992422049846,3037.646073013756,3003.665715763756,3028.760498046875,568124,0.0,0.0,ASIANPAINT.NS,944
2023-10-20 00:00:00+05:30,3019.6795947698874,3041.747518369689,2992.3877929174946,3032.71533203125,711434,0.0,0.0,ASIANPAINT.NS,945
2023-10-23 00:00:00+05:30,3023.1460859602666,3035.6933586943196,2991.8507328033447,2999.662353515625,374476,0.0,0.0,ASIANPAINT.NS,946
2023-10-25 00:00:00+05:30,3020.558284968735,3034.8145878487876,2980.1332439235844,2988.72607421875,669290,0.0,0.0,ASIANPAINT.NS,947
2023-10-26 00:00:00+05:30,2979.254468449384,2983.0625380348624,2870.770494868247,2890.592529296875,1834111,0.0,0.0,ASIANPAINT.NS,948
2023-10-27 00:00:00+05:30,2863.740148769746,2904.6045458433605,2861.982486463068,2885.563720703125,1708185,0.0,0.0,ASIANPAINT.NS,949
2023-10-30 00:00:00+05:30,2903.969849032875,2921.4971244177905,2869.8917508013883,2897.232421875,878885,0.0,0.0,ASIANPAINT.NS,950
2023-10-31 00:00:00+05:30,2899.087699434419,2941.8074996534338,2896.1583417051147,2925.158935546875,1152306,0.0,0.0,ASIANPAINT.NS,951
2023-11-01 00:00:00+05:30,2927.3557235886283,2938.047830781237,2861.005823917087,2865.44873046875,1029990,0.0,0.0,ASIANPAINT.NS,952
2023-11-02 00:00:00+05:30,2891.3249614435217,2892.2525437167365,2864.91187146013,2885.807861328125,900125,0.0,0.0,ASIANPAINT.NS,953
2023-11-03 00:00:00+05:30,2892.410747434222,2917.744922576785,2877.73838990581,2912.805419921875,715997,5.15,0.0,ASIANPAINT.NS,954
2023-11-06 00:00:00+05:30,2932.5149826970683,2967.777593876334,2918.6741552698677,2963.13134765625,620959,0.0,0.0,ASIANPAINT.NS,955
2023-11-07 00:00:00+05:30,2963.131189636381,2972.5703096148627,2936.6230381449195,2967.0927734375,757998,0.0,0.0,ASIANPAINT.NS,956
2023-11-08 00:00:00+05:30,2991.2042746950974,3031.2597583425363,2979.6619736825733,3027.640625,783400,0.0,0.0,ASIANPAINT.NS,957
2023-11-09 00:00:00+05:30,3032.2869918192046,3043.4378871691924,3006.903862987972,3012.91943359375,849702,0.0,0.0,ASIANPAINT.NS,958
2023-11-10 00:00:00+05:30,3002.9421554670575,3017.6145112755285,2973.695355078655,3009.251220703125,364232,0.0,0.0,ASIANPAINT.NS,959
2023-11-13 00:00:00+05:30,3030.3307127409025,3030.3307127409025,2998.0515282604474,3018.20166015625,405941,0.0,0.0,ASIANPAINT.NS,960
2023-11-15 00:00:00+05:30,3018.299023834966,3050.725071849057,3011.4519247970898,3048.1328125,700017,0.0,0.0,ASIANPAINT.NS,961
2023-11-16 00:00:00+05:30,3050.871826446849,3072.293370230909,3029.939361185784,3061.925048828125,675454,0.0,0.0,ASIANPAINT.NS,962
2023-11-17 00:00:00+05:30,3081.194811420256,3157.735603164267,3076.9397325860946,3099.681884765625,1430175,0.0,0.0,ASIANPAINT.NS,963
2023-11-20 00:00:00+05:30,3099.6820545779783,3102.6165259877116,3063.5881517614184,3071.755859375,406431,0.0,0.0,ASIANPAINT.NS,964
2023-11-21 00:00:00+05:30,3087.944111341035,3087.944111341035,3058.6973090260462,3064.810791015625,409069,0.0,0.0,ASIANPAINT.NS,965
2023-11-22 00:00:00+05:30,3071.4130170513486,3088.041686251945,3053.0236174679394,3064.56591796875,489889,0.0,0.0,ASIANPAINT.NS,966
2023-11-23 00:00:00+05:30,3079.2387243412727,3102.127506248096,3047.106166272176,3054.73583984375,792460,0.0,0.0,ASIANPAINT.NS,967
2023-11-24 00:00:00+05:30,3049.893761399756,3071.2176334071673,3043.0466618712767,3067.647216796875,756329,0.0,0.0,ASIANPAINT.NS,968
2023-11-28 00:00:00+05:30,3072.538132399114,3090.9764895768662,3067.647346814341,3079.5810546875,647883,0.0,0.0,ASIANPAINT.NS,969
2023-11-29 00:00:00+05:30,3079.5810546875,3100.7580607464133,3073.3696614716814,3079.5810546875,620725,0.0,0.0,ASIANPAINT.NS,970
2023-11-30 00:00:00+05:30,3079.580957410248,3085.058493807437,3040.454673967974,3051.752197265625,1793116,0.0,0.0,ASIANPAINT.NS,971
2023-12-01 00:00:00+05:30,3078.2112898065866,3120.9079884496264,3071.6576853138495,3104.08349609375,960196,0.0,0.0,ASIANPAINT.NS,972
2023-12-04 00:00:00+05:30,3120.3213098602305,3134.4556329223124,3097.3346168252097,3124.77197265625,1018189,0.0,0.0,ASIANPAINT.NS,973
2023-12-05 00:00:00+05:30,3127.168202126114,3176.711762980092,3110.53953167377,3155.779296875,1005550,0.0,0.0,ASIANPAINT.NS,974
2023-12-06 00:00:00+05:30,3193.682890790692,3217.1586608914504,3162.332908373727,3181.5048828125,1229158,0.0,0.0,ASIANPAINT.NS,975
2023-12-07 00:00:00+05:30,3212.2678504461137,3227.869408109207,3175.9294104503642,3180.771240234375,1071725,0.0,0.0,ASIANPAINT.NS,976
2023-12-08 00:00:00+05:30,3183.9014223306485,3198.3781954533615,3157.2955964555467,3161.40380859375,895852,0.0,0.0,ASIANPAINT.NS,977
2023-12-11 00:00:00+05:30,3159.4476086150153,3174.119965930565,3115.9196152455515,3162.382080078125,910426,0.0,0.0,ASIANPAINT.NS,978
2023-12-12 00:00:00+05:30,3157.491022196488,3185.906532843692,3139.8841949351695,3154.31201171875,1019030,0.0,0.0,ASIANPAINT.NS,979
2023-12-13 00:00:00+05:30,3169.2291383630422,3183.852539866441,3120.614776193559,3172.79931640625,1052079,0.0,0.0,ASIANPAINT.NS,980
2023-12-14 00:00:00+05:30,3183.901309223693,3187.4227702501344,3147.709497106557,3170.549560546875,923107,0.0,0.0,ASIANPAINT.NS,981
2023-12-15 00:00:00+05:30,3179.0107460482136,3253.69314017469,3171.185488827172,3241.514892578125,1631687,0.0,0.0,ASIANPAINT.NS,982
2023-12-18 00:00:00+05:30,3240.6343706149955,3262.9363995567774,3224.0057004367723,3259.268310546875,911936,0.0,0.0,ASIANPAINT.NS,983
2023-12-19 00:00:00+05:30,3263.0829969739616,3280.6408684416924,3228.064926459788,3263.180908203125,780448,0.0,0.0,ASIANPAINT.NS,984
2023-12-20 00:00:00+05:30,3263.1810700452647,3286.558929418643,3210.9473371590725,3225.130615234375,979762,0.0,0.0,ASIANPAINT.NS,985
2023-12-21 00:00:00+05:30,3208.3550548851667,3247.481336042303,3200.383170622548,3230.8037109375,1585879,0.0,0.0,ASIANPAINT.NS,986
2023-12-22 00:00:00+05:30,3237.6021296469366,3277.608898814463,3215.202427304176,3268.31640625,930563,0.0,0.0,ASIANPAINT.NS,987
2023-12-26 00:00:00+05:30,3276.7774068497774,3317.8110504032775,3272.1311605149353,3309.447998046875,600190,0.0,0.0,ASIANPAINT.NS,988
2023-12-27 00:00:00+05:30,3307.1978908268634,3335.4665336141775,3280.7386952695115,3330.086669921875,837182,0.0,0.0,ASIANPAINT.NS,989
2023-12-28 00:00:00+05:30,3330.624662238299,3345.2480619658486,3299.3725931251256,3323.0439453125,779250,0.0,0.0,ASIANPAINT.NS,990
2023-12-29 00:00:00+05:30,3335.515632276448,3348.182718660907,3309.9856370458424,3328.08154296875,615676,0.0,0.0,ASIANPAINT.NS,991
2024-01-01 00:00:00+05:30,3328.6683774458093,3337.276207082647,3315.1208070394337,3321.919189453125,283951,0.0,0.0,ASIANPAINT.NS,992
2024-01-02 00:00:00+05:30,3321.8215283741883,3324.6580884553578,3271.9355160222794,3317.273193359375,552394,0.0,0.0,ASIANPAINT.NS,993
2024-01-03 00:00:00+05:30,3317.2729317748162,3324.755737514389,3291.498398568967,3299.91064453125,379131,0.0,0.0,ASIANPAINT.NS,994
2024-01-04 00:00:00+05:30,3298.3457690633854,3326.956864480083,3290.324928537205,3306.1220703125,777127,0.0,0.0,ASIANPAINT.NS,995
2024-01-05 00:00:00+05:30,3306.1220648320273,3306.5621877684384,3274.869993036403,3282.255126953125,416956,0.0,0.0,ASIANPAINT.NS,996
2024-01-08 00:00:00+05:30,3281.7170586679176,3302.7474362420935,3222.8810048382024,3226.353271484375,545884,0.0,0.0,ASIANPAINT.NS,997
2024-01-09 00:00:00+05:30,3237.7000959377388,3242.5908815811495,3190.9930930431688,3196.12841796875,670704,0.0,0.0,ASIANPAINT.NS,998
2024-01-10 00:00:00+05:30,3220.0930774545645,3221.07123452548,3187.0313206960373,3215.0556640625,691087,0.0,0.0,ASIANPAINT.NS,999
2024-01-11 00:00:00+05:30,3215.0558518649887,3236.917520392243,3199.258470962193,3216.376220703125,537469,0.0,0.0,ASIANPAINT.NS,1000
2024-01-12 00:00:00+05:30,3222.978913190593,3222.978913190593,3173.1418532386992,3206.20361328125,673004,0.0,0.0,ASIANPAINT.NS,1001
2024-01-15 00:00:00+05:30,3210.507179409645,3215.3979648998206,3187.4228151807442,3202.388427734375,728116,0.0,0.0,ASIANPAINT.NS,1002
2024-01-16 00:00:00+05:30,3203.415728666945,3247.4817562841276,3202.3886158920827,3224.88623046875,748215,0.0,0.0,ASIANPAINT.NS,1003
2024-01-17 00:00:00+05:30,3222.147344455249,3232.1734545616678,3123.304523400637,3171.478759765625,2239241,0.0,0.0,ASIANPAINT.NS,1004
2024-01-18 00:00:00+05:30,3186.7866199236805,3186.7866199236805,2982.00959079019,3094.7421875,1979174,0.0,0.0,ASIANPAINT.NS,1005
2024-01-19 00:00:00+05:30,3108.3876599763425,3131.618890950633,3079.8255206032127,3096.69873046875,936201,0.0,0.0,ASIANPAINT.NS,1006
2024-01-23 00:00:00+05:30,3020.108873249099,3041.0902943889855,2955.550507398448,2987.976318359375,2365225,0.0,0.0,ASIANPAINT.NS,1007
2024-01-24 00:00:00+05:30,2988.2697771653607,2988.2697771653607,2911.093281716874,2933.93310546875,2665932,0.0,0.0,ASIANPAINT.NS,1008
2024-01-25 00:00:00+05:30,2944.301963688527,2950.1219509428993,2878.0318170783207,2884.781005859375,2001961,0.0,0.0,ASIANPAINT.NS,1009
2024-01-29 00:00:00+05:30,2875.830537430849,2923.1732407376535,2875.830537430849,2911.044189453125,1862723,0.0,0.0,ASIANPAINT.NS,1010
2024-01-30 00:00:00+05:30,2924.6897188544062,2939.3620753035084,2886.5905477031474,2889.573974609375,1273188,0.0,0.0,ASIANPAINT.NS,1011
2024-01-31 00:00:00+05:30,2901.214072655244,2906.985104248966,2883.6561997815697,2893.2421875,1771244,0.0,0.0,ASIANPAINT.NS,1012
2024-02-01 00:00:00+05:30,2896.32332440286,2907.9145821665375,2856.1699255886842,2865.36474609375,3006472,0.0,0.0,ASIANPAINT.NS,1013
2024-02-02 00:00:00+05:30,2885.563301498243,2897.6436366056314,2860.180173777147,2872.16259765625,1881911,0.0,0.0,ASIANPAINT.NS,1014
2024-02-05 00:00:00+05:30,2885.5636896242895,2900.236047368142,2848.393716673197,2853.626953125,923435,0.0,0.0,ASIANPAINT.NS,1015
2024-02-06 00:00:00+05:30,2866.9786431197026,2882.6291577187862,2839.2477920412903,2866.9296875,1471312,0.0,0.0,ASIANPAINT.NS,1016
2024-02-07 00:00:00+05:30,2892.4108025770647,2937.357077567738,2871.918457266617,2916.033203125,1134012,0.0,0.0,ASIANPAINT.NS,1017
2024-02-08 00:00:00+05:30,2934.2267557857144,2934.2267557857144,2856.023143533934,2865.609130859375,1633654,0.0,0.0,ASIANPAINT.NS,1018
2024-02-09 00:00:00+05:30,2866.0002408610517,2894.3667961460246,2846.9751334401203,2887.17724609375,1144765,0.0,0.0,ASIANPAINT.NS,1019
2024-02-12 00:00:00+05:30,2887.177092545222,2900.1866287628486,2856.2674737839816,2889.2802734375,614469,0.0,0.0,ASIANPAINT.NS,1020
2024-02-13 00:00:00+05:30,2900.187006172004,2916.1310155447804,2881.3574809563274,2906.69189453125,717118,0.0,0.0,ASIANPAINT.NS,1021
2024-02-14 00:00:00+05:30,2905.02869755232,2915.6907533070084,2871.9182227537485,2911.38671875,750339,0.0,0.0,ASIANPAINT.NS,1022
2024-02-15 00:00:00+05:30,2914.9079803806944,2958.4359686783255,2902.6320617621477,2950.65966796875,1068730,0.0,0.0,ASIANPAINT.NS,1023
2024-02-16 00:00:00+05:30,2968.70688416684,2968.70688416684,2934.471384678919,2942.19873046875,1179473,0.0,0.0,ASIANPAINT.NS,1024
2024-02-19 00:00:00+05:30,2942.1987861009297,2952.762931047103,2922.2444758309666,2932.613037109375,560700,0.0,0.0,ASIANPAINT.NS,1025
2024-02-20 00:00:00+05:30,2932.612861719657,2951.1978463958626,2907.180777425901,2945.86669921875,729371,0.0,0.0,ASIANPAINT.NS,1026
2024-02-21 00:00:00+05:30,2946.2580435377104,2960.6369046713753,2918.3316114932018,2936.23193359375,927130,0.0,0.0,ASIANPAINT.NS,1027
2024-02-22 00:00:00+05:30,2917.8427013893215,2961.077198515912,2868.054599292392,2951.4912109375,2615821,0.0,0.0,ASIANPAINT.NS,1028
2024-02-23 00:00:00+05:30,2933.4932699538226,2939.362212808015,2901.409667922658,2920.728271484375,1650523,0.0,0.0,ASIANPAINT.NS,1029
2024-02-26 00:00:00+05:30,2856.2187238571983,2866.0002948293118,2785.595829200114,2805.794677734375,3524491,0.0,0.0,ASIANPAINT.NS,1030
2024-02-27 00:00:00+05:30,2792.6386926278506,2807.3110500322,2787.84581806559,2797.08935546875,1296180,0.0,0.0,ASIANPAINT.NS,1031
2024-02-28 00:00:00+05:30,2787.8942044506925,2796.9421571109942,2724.6564470561675,2733.313232421875,2472196,0.0,0.0,ASIANPAINT.NS,1032
2024-02-29 00:00:00+05:30,2724.1675724933907,2776.0098997257605,2716.0977762732578,2760.261474609375,2284424,0.0,0.0,ASIANPAINT.NS,1033
2024-03-01 00:00:00+05:30,2771.0210253243686,2783.7860226524867,2753.5610651789943,2769.896240234375,978174,0.0,0.0,ASIANPAINT.NS,1034
2024-03-04 00:00:00+05:30,2797.5291770355125,2798.4583784760994,2766.2281512784716,2769.896240234375,971299,0.0,0.0,ASIANPAINT.NS,1035
2024-03-05 00:00:00+05:30,2772.0972215369366,2772.928750595132,2743.730665635535,2758.794189453125,736381,0.0,0.0,ASIANPAINT.NS,1036
2024-03-06 00:00:00+05:30,2766.179407783163,2776.988091830309,2717.07596762298,2765.543701171875,1723066,0.0,0.0,ASIANPAINT.NS,1037
2024-03-07 00:00:00+05:30,2763.2937738294486,2830.786612907053,2763.2937738294486,2807.848876953125,1564364,0.0,0.0,ASIANPAINT.NS,1038
2024-03-11 00:00:00+05:30,2832.3027197089245,2833.2808767678416,2790.7800003194693,2814.01123046875,866546,0.0,0.0,ASIANPAINT.NS,1039
2024-03-12 00:00:00+05:30,2817.092660798882,2836.5578930361016,2802.8604261572236,2813.32666015625,663186,0.0,0.0,ASIANPAINT.NS,1040
2024-03-13 00:00:00+05:30,2815.7232155212046,2824.184179189315,2773.07546904553,2797.676025390625,955841,0.0,0.0,ASIANPAINT.NS,1041
2024-03-14 00:00:00+05:30,2797.5293838193666,2834.748310271269,2778.9443984023846,2829.074951171875,1381741,0.0,0.0,ASIANPAINT.NS,1042
2024-03-15 00:00:00+05:30,2831.764669998727,2833.6720284915555,2787.7476025894207,2804.914306640625,1356226,0.0,0.0,ASIANPAINT.NS,1043
2024-03-18 00:00:00+05:30,2803.3980366170626,2803.3980366170626,2755.7128815978435,2784.323974609375,940424,0.0,0.0,ASIANPAINT.NS,1044
2024-03-19 00:00:00+05:30,2777.966369632241,2777.966369632241,2739.818239908418,2753.6103515625,1199135,0.0,0.0,ASIANPAINT.NS,1045
2024-03-20 00:00:00+05:30,2753.6100525788056,2775.080552420289,2736.443348305445,2763.19580078125,818910,0.0,0.0,ASIANPAINT.NS,1046
2024-03-21 00:00:00+05:30,2782.85697459982,2783.248141920194,2744.7088473557455,2759.52783203125,1167680,0.0,0.0,ASIANPAINT.NS,1047
2024-03-22 00:00:00+05:30,2759.527757459599,2792.7850982608375,2746.6650873493313,2779.433349609375,1652689,0.0,0.0,ASIANPAINT.NS,1048
2024-03-26 00:00:00+05:30,2758.4031581414415,2782.025557749175,2748.621586658671,2753.169921875,1372390,0.0,0.0,ASIANPAINT.NS,1049
2024-03-27 00:00:00+05:30,2756.3979080641907,2780.7541645163255,2756.1533687753617,2768.673828125,1156231,0.0,0.0,ASIANPAINT.NS,1050
2024-03-28 00:00:00+05:30,2773.124456841355,2805.3546869511288,2757.424986929997,2784.56884765625,1864623,0.0,0.0,ASIANPAINT.NS,1051
2024-04-01 00:00:00+05:30,2798.4585357840074,2823.401542086254,2790.0465279236687,2808.2890625,558086,0.0,0.0,ASIANPAINT.NS,1052
2024-04-02 00:00:00+05:30,2811.272561406043,2829.221601547265,2793.616777358985,2811.419189453125,562473,0.0,0.0,ASIANPAINT.NS,1053
2024-04-03 00:00:00+05:30,2782.8570710205126,2821.543233776419,2782.8570710205126,2806.67529296875,816676,0.0,0.0,ASIANPAINT.NS,1054
2024-04-04 00:00:00+05:30,2807.310872585835,2878.9608800481737,2788.9704269896733,2854.555908203125,1831347,0.0,0.0,ASIANPAINT.NS,1055
2024-04-05 00:00:00+05:30,2860.1316067390585,2863.799696179986,2817.092690632178,2820.46728515625,1155672,0.0,0.0,ASIANPAINT.NS,1056
2024-04-08 00:00:00+05:30,2844.4810812964647,2845.41028285649,2811.0281534802125,2828.83056640625,570695,0.0,0.0,ASIANPAINT.NS,1057
2024-04-09 00:00:00+05:30,2829.808729744099,2852.7464679183972,2782.8571849712966,2794.74169921875,1017670,0.0,0.0,ASIANPAINT.NS,1058
2024-04-10 00:00:00+05:30,2820.320397345162,2835.775327194423,2795.572975101407,2833.4765625,740495,0.0,0.0,ASIANPAINT.NS,1059
2024-04-12 00:00:00+05:30,2826.873743588796,2829.8082146029024,2782.8566783772058,2792.149169921875,1766311,0.0,0.0,ASIANPAINT.NS,1060
2024-04-15 00:00:00+05:30,2768.3802361742187,2791.1713448557684,2750.9202748485886,2782.27001953125,884519,0.0,0.0,ASIANPAINT.NS,1061
2024-04-16 00:00:00+05:30,2765.885805623186,2779.384421254131,2758.402999392668,2768.1845703125,911249,0.0,0.0,ASIANPAINT.NS,1062
2024-04-18 00:00:00+05:30,2792.638459614104,2796.7466715829582,2738.9377315180564,2746.37158203125,1732434,0.0,0.0,ASIANPAINT.NS,1063
2024-04-19 00:00:00+05:30,2729.058505865138,2760.457446563307,2705.7293618240974,2747.203369140625,1337807,0.0,0.0,ASIANPAINT.NS,1064
2024-04-22 00:00:00+05:30,2784.422125179301,2784.422125179301,2752.5830634834483,2779.77587890625,676040,0.0,0.0,ASIANPAINT.NS,1065
2024-04-23 00:00:00+05:30,2789.7040576310824,2815.087186691219,2781.878800807433,2812.103759765625,929062,0.0,0.0,ASIANPAINT.NS,1066
2024-04-24 00:00:00+05:30,2819.978293459622,2820.125160326528,2797.5296331509894,2805.1103515625,718441,0.0,0.0,ASIANPAINT.NS,1067
2024-04-25 00:00:00+05:30,2802.420259581098,2807.2131341354066,2767.2555574885973,2798.94775390625,1594152,0.0,0.0,ASIANPAINT.NS,1068
2024-04-26 00:00:00+05:30,2807.3110932717395,2815.331934348078,2775.0808621053397,2782.025634765625,625507,0.0,0.0,ASIANPAINT.NS,1069
2024-04-29 00:00:00+05:30,2782.0253236301846,2811.1744519574013,2776.9879102636355,2805.550048828125,566219,0.0,0.0,ASIANPAINT.NS,1070
2024-04-30 00:00:00+05:30,2792.6384001237384,2848.3933524204294,2792.6384001237384,2813.081787109375,1290649,0.0,0.0,ASIANPAINT.NS,1071
2024-05-02 00:00:00+05:30,2812.299720212527,2922.7335670313487,2812.299720212527,2910.40869140625,2493406,0.0,0.0,ASIANPAINT.NS,1072
2024-05-03 00:00:00+05:30,2917.8914337245074,2931.536676800895,2845.703395723391,2865.755615234375,1594445,0.0,0.0,ASIANPAINT.NS,1073
2024-05-06 00:00:00+05:30,2885.5632257754028,2894.366639006582,2847.61068541719,2868.10302734375,768806,0.0,0.0,ASIANPAINT.NS,1074
2024-05-07 00:00:00+05:30,2882.628922844522,2903.1212659664184,2840.56816828656,2849.37158203125,629534,0.0,0.0,ASIANPAINT.NS,1075
2024-05-08 00:00:00+05:30,2836.655550839646,2841.546336272128,2759.381141006428,2781.194091796875,1652877,0.0,0.0,ASIANPAINT.NS,1076
2024-05-09 00:00:00+05:30,2766.2281872011977,2791.611315344103,2644.741127165606,2650.903564453125,3547959,0.0,0.0,ASIANPAINT.NS,1077
2024-05-10 00:00:00+05:30,2640.046163082854,2731.6017683742816,2611.7775168079056,2710.718017578125,2478584,0.0,0.0,ASIANPAINT.NS,1078
2024-05-13 00:00:00+05:30,2710.7179177978073,2831.764861353054,2693.9426187191652,2816.35888671875,2748823,0.0,0.0,ASIANPAINT.NS,1079
2024-05-14 00:00:00+05:30,2816.114336335953,2824.9177503779893,2779.922523052024,2803.544921875,999330,0.0,0.0,ASIANPAINT.NS,1080
2024-05-15 00:00:00+05:30,2803.5447686732446,2811.4679364012663,2744.85534493346,2752.240478515625,1230520,0.0,0.0,ASIANPAINT.NS,1081
2024-05-16 00:00:00+05:30,2759.4301074448294,2775.6186550514135,2725.683687828349,2752.5830078125,1534319,0.0,0.0,ASIANPAINT.NS,1082
2024-05-17 00:00:00+05:30,2753.120966745244,2776.2053301615915,2725.243490432507,2748.5234375,1325150,0.0,0.0,ASIANPAINT.NS,1083
2024-05-21 00:00:00+05:30,2753.5120738657647,2804.327284447823,2739.8178752746026,2789.50830078125,921822,0.0,0.0,ASIANPAINT.NS,1084
2024-05-22 00:00:00+05:30,2789.5084117321644,2831.7647498754654,2774.640471860543,2822.716796875,933846,0.0,0.0,ASIANPAINT.NS,1085
2024-05-23 00:00:00+05:30,2821.983041948047,2857.441234416198,2814.4512805508684,2840.323486328125,1181894,0.0,0.0,ASIANPAINT.NS,1086
2024-05-24 00:00:00+05:30,2846.6326515492337,2846.6326515492337,2804.376313972954,2811.95703125,755822,0.0,0.0,ASIANPAINT.NS,1087
2024-05-27 00:00:00+05:30,2824.8198990607502,2834.9928765653954,2793.1766589787535,2809.560791015625,817091,0.0,0.0,ASIANPAINT.NS,1088
2024-05-28 00:00:00+05:30,2813.032889219197,2857.19658201442,2801.4416333068466,2847.610595703125,1084544,0.0,0.0,ASIANPAINT.NS,1089
2024-05-29 00:00:00+05:30,2832.7429896117637,2857.8815795687715,2818.168544200798,2836.80224609375,1758297,0.0,0.0,ASIANPAINT.NS,1090
2024-05-30 00:00:00+05:30,2812.446046504146,2847.268532864804,2812.2015072426466,2820.71142578125,1344426,0.0,0.0,ASIANPAINT.NS,1091
2024-05-31 00:00:00+05:30,2820.711505965759,2842.5244564731543,2793.2254354766064,2818.26611328125,2520363,0.0,0.0,ASIANPAINT.NS,1092
2024-06-03 00:00:00+05:30,2885.563452587727,2885.563452587727,2797.578268972943,2803.83837890625,952701,0.0,0.0,ASIANPAINT.NS,1093
2024-06-04 00:00:00+05:30,2817.092374890794,2833.7210451592464,2715.119499862195,2795.23046875,2683847,0.0,0.0,ASIANPAINT.NS,1094
2024-06-05 00:00:00+05:30,2801.9311037093385,2961.175132509102,2801.9311037093385,2897.056884765625,2410576,0.0,0.0,ASIANPAINT.NS,1095
2024-06-06 00:00:00+05:30,2895.3450549631575,2897.056829911193,2819.2933394147162,2841.350830078125,1689408,0.0,0.0,ASIANPAINT.NS,1096
2024-06-07 00:00:00+05:30,2841.350786258419,2878.8142508763817,2825.7492283056527,2863.75048828125,1600180,0.0,0.0,ASIANPAINT.NS,1097
2024-06-10 00:00:00+05:30,2864.0438064344817,2887.4216641127623,2851.3277649441643,2873.38525390625,876867,0.0,0.0,ASIANPAINT.NS,1098
2024-06-11 00:00:00+05:30,2878.9161803046404,2884.200050873693,2859.1637536816243,2866.521484375,855430,28.15,0.0,ASIANPAINT.NS,1099
2024-06-12 00:00:00+05:30,2872.9904181233705,2881.8790099979356,2830.1769374801534,2869.830078125,1701770,0.0,0.0,ASIANPAINT.NS,1100
2024-06-13 00:00:00+05:30,2892.7425865986093,2892.7425865986093,2869.0396770464185,2873.977783203125,726380,0.0,0.0,ASIANPAINT.NS,1101
2024-06-14 00:00:00+05:30,2873.978066452442,2895.063878267109,2869.1388183893164,2885.4345703125,982815,0.0,0.0,ASIANPAINT.NS,1102
2024-06-18 00:00:00+05:30,2885.434525252859,2891.7552052102965,2869.039915005434,2882.372802734375,741098,0.0,0.0,ASIANPAINT.NS,1103
2024-06-19 00:00:00+05:30,2881.879030120809,2883.8542727733934,2846.9665197889826,2855.904541015625,1018294,0.0,0.0,ASIANPAINT.NS,1104
2024-06-20 00:00:00+05:30,2849.287462334264,2888.298503846293,2836.843337455186,2879.409912109375,1129752,0.0,0.0,ASIANPAINT.NS,1105
2024-06-21 00:00:00+05:30,2888.792357132325,2891.7552210883578,2844.4482563710894,2855.065185546875,1722379,0.0,0.0,ASIANPAINT.NS,1106
2024-06-24 00:00:00+05:30,2847.3121775424684,2864.052310175292,2835.855674137223,2860.20068359375,892125,0.0,0.0,ASIANPAINT.NS,1107
2024-06-25 00:00:00+05:30,2840.3987191553006,2859.114093646486,2820.646294126404,2823.06591796875,1217792,0.0,0.0,ASIANPAINT.NS,1108
2024-06-26 00:00:00+05:30,2824.7943658430872,2838.2755411246258,2808.8443784546707,2827.905517578125,960622,0.0,0.0,ASIANPAINT.NS,1109
2024-06-27 00:00:00+05:30,2825.3376799433763,2867.0646805472766,2809.782644215295,2845.18896484375,1628022,0.0,0.0,ASIANPAINT.NS,1110
2024-06-28 00:00:00+05:30,2829.5351782861358,2895.7058089825305,2826.7697902721397,2880.94091796875,1206712,0.0,0.0,ASIANPAINT.NS,1111
2024-07-01 00:00:00+05:30,2853.534439029976,2902.619172318433,2852.2504830403655,2891.557861328125,1104110,0.0,0.0,ASIANPAINT.NS,1112
2024-07-02 00:00:00+05:30,2891.5577284305323,2899.6561749734506,2875.9532634614056,2889.385009765625,1064295,0.0,0.0,ASIANPAINT.NS,1113
2024-07-03 00:00:00+05:30,2893.433981034125,2912.445690445741,2879.903617884357,2889.33544921875,925189,0.0,0.0,ASIANPAINT.NS,1114
2024-07-04 00:00:00+05:30,2903.60678958686,2931.7045689698775,2886.8172265178205,2898.56982421875,968666,0.0,0.0,ASIANPAINT.NS,1115
2024-07-05 00:00:00+05:30,2900.7916554676763,2910.420962646803,2877.039557320606,2899.55712890625,817429,0.0,0.0,ASIANPAINT.NS,1116
2024-07-08 00:00:00+05:30,2899.557116052303,2899.557116052303,2854.9166840127095,2862.2744140625,828260,0.0,0.0,ASIANPAINT.NS,1117
2024-07-09 00:00:00+05:30,2872.9408507222565,2877.138241127908,2854.2254758431045,2869.039794921875,685431,0.0,0.0,ASIANPAINT.NS,1118
2024-07-10 00:00:00+05:30,2864.151309616269,2977.18452353163,2858.5219162131198,2959.35791015625,2299950,0.0,0.0,ASIANPAINT.NS,1119
2024-07-11 00:00:00+05:30,2961.876393212421,2992.492654696111,2936.1982384196494,2984.64111328125,1968980,0.0,0.0,ASIANPAINT.NS,1120
2024-07-12 00:00:00+05:30,2987.554521878677,3014.220297776437,2934.1241115028065,2962.0244140625,1879930,0.0,0.0,ASIANPAINT.NS,1121
2024-07-15 00:00:00+05:30,2961.876248573059,2961.876248573059,2896.248862079289,2919.90234375,2425341,0.0,0.0,ASIANPAINT.NS,1122
2024-07-16 00:00:00+05:30,2922.3714260949805,2978.6164108946396,2905.0880533485583,2937.630126953125,2085611,0.0,0.0,ASIANPAINT.NS,1123
2024-07-18 00:00:00+05:30,2839.4111984972224,2921.2849066951944,2806.8196960449063,2895.26123046875,5384611,0.0,0.0,ASIANPAINT.NS,1124
2024-07-19 00:00:00+05:30,2888.7923104633696,2943.111482113108,2881.13824536727,2909.581787109375,2164746,0.0,0.0,ASIANPAINT.NS,1125
2024-07-22 00:00:00+05:30,2900.643824269007,2936.5439557903474,2881.039444569403,2897.977294921875,1616347,0.0,0.0,ASIANPAINT.NS,1126
2024-07-23 00:00:00+05:30,2897.977257468326,2910.8163344952764,2850.2750999829605,2861.23779296875,1906312,0.0,0.0,ASIANPAINT.NS,1127
2024-07-24 00:00:00+05:30,2865.089428488163,2890.767582621459,2850.4725848347434,2876.743408203125,1476148,0.0,0.0,ASIANPAINT.NS,1128
2024-07-25 00:00:00+05:30,2856.2502604141687,2872.6940587932722,2849.5343872763465,2865.484375,1239922,0.0,0.0,ASIANPAINT.NS,1129
2024-07-26 00:00:00+05:30,2866.274466627327,2927.753892080251,2864.7930346887024,2913.630859375,1359780,0.0,0.0,ASIANPAINT.NS,1130
2024-07-29 00:00:00+05:30,2916.495033074284,2928.395917574862,2899.6560422347507,2918.12451171875,854408,0.0,0.0,ASIANPAINT.NS,1131
2024-07-30 00:00:00+05:30,2936.6918193535703,2995.257808349979,2933.235144940341,2967.851318359375,2144591,0.0,0.0,ASIANPAINT.NS,1132
2024-07-31 00:00:00+05:30,2967.8515177493164,3059.6508718957643,2967.8515177493164,3046.2685546875,3549501,0.0,0.0,ASIANPAINT.NS,1133
2024-08-01 00:00:00+05:30,3049.774532809849,3090.217576269626,3024.8865246129462,3060.984130859375,1675122,0.0,0.0,ASIANPAINT.NS,1134
2024-08-02 00:00:00+05:30,3031.997267907071,3090.316351528131,3022.121055308025,3068.242919921875,1348780,0.0,0.0,ASIANPAINT.NS,1135
2024-08-05 00:00:00+05:30,3031.9479945038343,3106.0690220941988,3017.4794387497395,3055.107666015625,2019141,0.0,0.0,ASIANPAINT.NS,1136
2024-08-06 00:00:00+05:30,3063.3048187601025,3096.192654993779,3047.8486424640614,3063.354248046875,885743,0.0,0.0,ASIANPAINT.NS,1137
2024-08-07 00:00:00+05:30,3063.35444008949,3079.8970972577013,3022.1706791242677,3063.05810546875,1907105,0.0,0.0,ASIANPAINT.NS,1138
2024-08-08 00:00:00+05:30,3041.873668473365,3051.4535470627166,2953.3827016703813,2968.197021484375,1280109,0.0,0.0,ASIANPAINT.NS,1139
2024-08-09 00:00:00+05:30,3001.3808912393138,3014.9606830308703,2929.284542091413,3002.961181640625,1665414,0.0,0.0,ASIANPAINT.NS,1140
2024-08-12 00:00:00+05:30,2982.6162948437086,3045.8240573834432,2966.5180195981743,3015.4052734375,1736881,0.0,0.0,ASIANPAINT.NS,1141
2024-08-13 00:00:00+05:30,3017.0843430126656,3021.9238322624224,2975.7031052057896,2986.12255859375,502260,0.0,0.0,ASIANPAINT.NS,1142
2024-08-14 00:00:00+05:30,2997.233205486288,2997.233205486288,2956.987637027592,2988.39404296875,454671,0.0,0.0,ASIANPAINT.NS,1143
2024-08-16 00:00:00+05:30,3016.1954055762885,3016.1954055762885,2965.826720021478,3010.417724609375,514229,0.0,0.0,ASIANPAINT.NS,1144
2024-08-19 00:00:00+05:30,3016.1460497087305,3049.626556769483,3000.7393019527194,3038.219482421875,542858,0.0,0.0,ASIANPAINT.NS,1145
2024-08-20 00:00:00+05:30,3057.675308226364,3067.897284337878,3039.898126201792,3064.7861328125,668282,0.0,0.0,ASIANPAINT.NS,1146
2024-08-21 00:00:00+05:30,3062.613538693796,3131.352075093809,3045.8734064979935,3112.537841796875,1186536,0.0,0.0,ASIANPAINT.NS,1147
2024-08-22 00:00:00+05:30,3127.7968219275144,3159.054941272351,3116.9824163463168,3147.154296875,1540888,0.0,0.0,ASIANPAINT.NS,1148
2024-08-23 00:00:00+05:30,3150.5118738258857,3159.005513256004,3109.772496147103,3115.599365234375,779284,0.0,0.0,ASIANPAINT.NS,1149
2024-08-26 00:00:00+05:30,3115.945312301528,3138.117363051259,3102.6124242774163,3132.093017578125,472874,0.0,0.0,ASIANPAINT.NS,1150
2024-08-27 00:00:00+05:30,3114.9576598524686,3163.992962203956,3111.0071745514506,3127.006591796875,1003501,0.0,0.0,ASIANPAINT.NS,1151
2024-08-28 00:00:00+05:30,3113.9204585772477,3126.315153833199,3080.193288399017,3086.810302734375,538366,0.0,0.0,ASIANPAINT.NS,1152
2024-08-29 00:00:00+05:30,3086.810233823691,3105.031797762546,3054.416208422132,3077.27978515625,849866,0.0,0.0,ASIANPAINT.NS,1153
2024-08-30 00:00:00+05:30,3091.3040074118903,3127.5496598326604,3072.1934393713022,3088.09423828125,1567031,0.0,0.0,ASIANPAINT.NS,1154
2024-09-02 00:00:00+05:30,3109.0318778648334,3144.586244956045,3100.7359553242773,3111.9453125,702358,0.0,0.0,ASIANPAINT.NS,1155
2024-09-03 00:00:00+05:30,3125.7719494855296,3135.253210304557,3108.5380062212,3115.797119140625,577471,0.0,0.0,ASIANPAINT.NS,1156
2024-09-04 00:00:00+05:30,3116.4389755695433,3211.744429900857,3116.4389755695433,3191.646240234375,2379110,0.0,0.0,ASIANPAINT.NS,1157
2024-09-05 00:00:00+05:30,3199.8931322618314,3216.6826949928345,3177.1778415081208,3198.164794921875,1482119,0.0,0.0,ASIANPAINT.NS,1158
2024-09-06 00:00:00+05:30,3197.917749285465,3245.2247128105173,3185.4244363664393,3233.17578125,2131256,0.0,0.0,ASIANPAINT.NS,1159
2024-09-09 00:00:00+05:30,3233.175649672831,3272.976834416435,3217.670044215071,3240.138427734375,1272289,0.0,0.0,ASIANPAINT.NS,1160
2024-09-10 00:00:00+05:30,3249.2741827989057,3269.02660944206,3230.4105189072975,3254.26171875,928920,0.0,0.0,ASIANPAINT.NS,1161
2024-09-11 00:00:00+05:30,3273.9644502766787,3341.073266124267,3273.9644502766787,3325.76513671875,2561892,0.0,0.0,ASIANPAINT.NS,1162
2024-09-12 00:00:00+05:30,3328.2838903917736,3350.9991810383644,3298.951585041396,3341.369873046875,1643536,0.0,0.0,ASIANPAINT.NS,1163
2024-09-13 00:00:00+05:30,3314.0126362516917,3327.987380924414,3279.791414208738,3316.481689453125,1029400,0.0,0.0,ASIANPAINT.NS,1164
2024-09-16 00:00:00+05:30,3318.4074665839935,3352.875352453206,3289.371497698773,3294.507080078125,1019280,0.0,0.0,ASIANPAINT.NS,1165
2024-09-17 00:00:00+05:30,3294.5070369553314,3308.432352006389,3260.9279142210917,3271.791748046875,586834,0.0,0.0,ASIANPAINT.NS,1166
2024-09-18 00:00:00+05:30,3271.791911171832,3283.6927961343977,3211.300106171357,3234.114013671875,410510,0.0,0.0,ASIANPAINT.NS,1167
2024-09-19 00:00:00+05:30,3253.224706910443,3278.9028618526627,3234.4599013757443,3253.07666015625,963456,0.0,0.0,ASIANPAINT.NS,1168
2024-09-20 00:00:00+05:30,3263.100725589241,3283.643296540617,3225.6205460477695,3266.01416015625,1504277,0.0,0.0,ASIANPAINT.NS,1169
2024-09-23 00:00:00+05:30,3275.8904360387696,3283.7419771817767,3232.682003989302,3236.87939453125,522775,0.0,0.0,ASIANPAINT.NS,1170
2024-09-24 00:00:00+05:30,3236.879658427997,3256.928420757185,3200.9797657722775,3208.189208984375,1057933,0.0,0.0,ASIANPAINT.NS,1171
2024-09-25 00:00:00+05:30,3211.744482974902,3211.744482974902,3167.0546189359675,3204.584228515625,740636,0.0,0.0,ASIANPAINT.NS,1172
2024-09-26 00:00:00+05:30,3209.7694131856424,3245.175735313873,3187.1529805370556,3236.484619140625,951080,0.0,0.0,ASIANPAINT.NS,1173
2024-09-27 00:00:00+05:30,3250.2123833328615,3296.6305860655552,3236.484543227397,3269.767333984375,1315996,0.0,0.0,ASIANPAINT.NS,1174
2024-09-30 00:00:00+05:30,3269.7671895792855,3316.432295584759,3264.2364139016154,3287.89013671875,1088162,0.0,0.0,ASIANPAINT.NS,1175
2024-10-01 00:00:00+05:30,3275.9398497887296,3287.7418760917067,3203.892924228257,3236.78076171875,968660,0.0,0.0,ASIANPAINT.NS,1176
2024-10-03 00:00:00+05:30,3152.7833878918823,3185.9673174659683,3087.7978609380666,3110.315673828125,1741363,0.0,0.0,ASIANPAINT.NS,1177
2024-10-04 00:00:00+05:30,3096.1926370842657,3117.673399398965,3016.738555274968,3034.46630859375,1551818,0.0,0.0,ASIANPAINT.NS,1178
2024-10-07 00:00:00+05:30,3036.9354330264205,3060.1939623713424,3000.3934457022,3024.34326171875,909812,0.0,0.0,ASIANPAINT.NS,1179
2024-10-08 00:00:00+05:30,3020.1461483685257,3060.638624523892,3007.9489280060343,3049.82421875,817718,0.0,0.0,ASIANPAINT.NS,1180
2024-10-09 00:00:00+05:30,3057.231265144363,3107.747999872523,3033.7258291987055,3040.738037109375,1225598,0.0,0.0,ASIANPAINT.NS,1181
2024-10-10 00:00:00+05:30,3051.799252953054,3056.687930175033,3005.331622462884,3021.232421875,1161933,0.0,0.0,ASIANPAINT.NS,1182
2024-10-11 00:00:00+05:30,3021.33093941325,3026.0715697305172,2988.5419614897337,2999.603271484375,976017,0.0,0.0,ASIANPAINT.NS,1183
2024-10-14 00:00:00+05:30,2999.4060074429094,3017.183191550243,2979.851056701144,3001.529296875,716011,0.0,0.0,ASIANPAINT.NS,1184
2024-10-15 00:00:00+05:30,3036.935412385191,3058.46560434547,3009.9238741398385,3029.13330078125,1242322,0.0,0.0,ASIANPAINT.NS,1185
2024-10-16 00:00:00+05:30,3049.774378614166,3065.1319370669557,3028.145569980059,3043.947509765625,764001,0.0,0.0,ASIANPAINT.NS,1186
2024-10-17 00:00:00+05:30,3044.737422569113,3046.8115236192875,2999.405704126994,3018.0224609375,674481,0.0,0.0,ASIANPAINT.NS,1187
2024-10-18 00:00:00+05:30,3019.1581746376382,3031.00962969019,2943.704007250445,2955.11083984375,899318,0.0,0.0,ASIANPAINT.NS,1188
2024-10-21 00:00:00+05:30,2969.8266924398126,3019.158328384519,2963.4071539594397,3011.454833984375,806970,0.0,0.0,ASIANPAINT.NS,1189
2024-10-22 00:00:00+05:30,3016.1956453923813,3020.096701556141,2958.1728902624527,2969.62939453125,541838,0.0,0.0,ASIANPAINT.NS,1190
2024-10-23 00:00:00+05:30,2962.814524759668,2989.0359189767014,2935.2599864344043,2952.69140625,624689,0.0,0.0,ASIANPAINT.NS,1191
2024-10-24 00:00:00+05:30,2952.6915432758037,2965.1356689077006,2914.470644718545,2935.210693359375,571259,0.0,0.0,ASIANPAINT.NS,1192
2024-10-25 00:00:00+05:30,2938.6671617158445,2978.2214427833383,2915.458061295639,2921.3837890625,1047769,0.0,0.0,ASIANPAINT.NS,1193
2024-10-28 00:00:00+05:30,2950.9136517716806,2984.295300681413,2926.3714065892823,2964.691162109375,504961,0.0,0.0,ASIANPAINT.NS,1194
2024-10-29 00:00:00+05:30,2982.6163119557236,2990.5172823185203,2904.6930882000343,2955.802490234375,613459,0.0,0.0,ASIANPAINT.NS,1195
2024-10-30 00:00:00+05:30,2968.7895310828058,2968.7895310828058,2926.8650564873174,2959.55517578125,812725,0.0,0.0,ASIANPAINT.NS,1196
2024-10-31 00:00:00+05:30,2957.135576673701,2959.407153832425,2882.866504934707,2899.310302734375,1031171,0.0,0.0,ASIANPAINT.NS,1197
2024-11-01 00:00:00+05:30,2921.3837257526516,2929.0377906189747,2893.730330106582,2903.45849609375,112249,0.0,0.0,ASIANPAINT.NS,1198
2024-11-04 00:00:00+05:30,2925.482315227811,2925.482315227811,2849.781239602585,2879.21240234375,1146008,0.0,0.0,ASIANPAINT.NS,1199
2024-11-05 00:00:00+05:30,2859.16371796241,2882.6691535738464,2837.139714329192,2851.55908203125,935417,0.0,0.0,ASIANPAINT.NS,1200
2024-11-06 00:00:00+05:30,2854.7191859574946,2871.854510869286,2824.596738224679,2861.43505859375,1817087,0.0,0.0,ASIANPAINT.NS,1201
2024-11-07 00:00:00+05:30,2864.1016379324706,2868.990314918351,2790.0300438480103,2807.6591796875,1112489,0.0,0.0,ASIANPAINT.NS,1202
2024-11-08 00:00:00+05:30,2807.65927173436,2811.7578036273458,2728.2049463134726,2735.167724609375,2060410,0.0,0.0,ASIANPAINT.NS,1203
2024-11-11 00:00:00+05:30,2533.297866529544,2566.5806535242323,2474.9787850819534,2511.61962890625,8854840,0.0,0.0,ASIANPAINT.NS,1204
2024-11-12 00:00:00+05:30,2503.6199226278895,2503.6199226278895,2439.424539996405,2444.214599609375,3445898,0.0,0.0,ASIANPAINT.NS,1205
2024-11-13 00:00:00+05:30,2439.424646374089,2467.078043175091,2420.758699980807,2439.91845703125,1803766,0.0,0.0,ASIANPAINT.NS,1206
2024-11-14 00:00:00+05:30,2452.0660983258376,2470.7814728705644,2435.6714890575636,2452.41162109375,1206967,0.0,0.0,ASIANPAINT.NS,1207
2024-11-18 00:00:00+05:30,2488.8055333431303,2488.8055333431303,2440.2146163920293,2452.954833984375,945471,0.0,0.0,ASIANPAINT.NS,1208
2024-11-19 00:00:00+05:30,2461.4137674004382,2476.4512951650154,2445.931096545383,2457.15966796875,941508,4.25,0.0,ASIANPAINT.NS,1209
2024-11-21 00:00:00+05:30,2428.4694647355586,2439.599249239458,2399.086881951621,2402.203125,1377572,0.0,0.0,ASIANPAINT.NS,1210
2024-11-22 00:00:00+05:30,2404.033220585434,2467.2998078578635,2397.058507997137,2445.7822265625,3805843,0.0,0.0,ASIANPAINT.NS,1211
2024-11-25 00:00:00+05:30,2478.2317471950923,2481.1501753974144,2423.8689873144695,2433.415771484375,1857124,0.0,0.0,ASIANPAINT.NS,1212
2024-11-26 00:00:00+05:30,2433.6137690349015,2491.0930174806635,2431.338539726482,2478.23193359375,1152258,0.0,0.0,ASIANPAINT.NS,1213
2024-11-27 00:00:00+05:30,2490.59851293576,2490.746813453905,2453.499230220729,2465.27197265625,864653,0.0,0.0,ASIANPAINT.NS,1214
2024-11-28 00:00:00+05:30,2473.2853716359464,2479.2212565278724,2427.0844492001415,2431.78369140625,1506133,0.0,0.0,ASIANPAINT.NS,1215
2024-11-29 00:00:00+05:30,2431.7835049095593,2464.876012337785,2428.8155626912117,2453.103271484375,1030854,0.0,0.0,ASIANPAINT.NS,1216
2024-12-02 00:00:00+05:30,2453.103497268342,2459.4350113042015,2435.048513778277,2452.559326171875,914624,0.0,0.0,ASIANPAINT.NS,1217
2024-12-03 00:00:00+05:30,2467.3494311525187,2467.3494311525187,2437.1753502984084,2443.01220703125,1341985,0.0,0.0,ASIANPAINT.NS,1218
2024-12-04 00:00:00+05:30,2452.4108135833017,2452.608869643871,2426.9854875736155,2433.168701171875,1005012,0.0,0.0,ASIANPAINT.NS,1219
2024-12-05 00:00:00+05:30,2438.6593630898437,2440.5389633492928,2397.998455189916,2425.99609375,3190834,0.0,0.0,ASIANPAINT.NS,1220
2024-12-06 00:00:00+05:30,2441.627352994875,2441.627352994875,2401.065472333291,2403.736572265625,1735948,0.0,0.0,ASIANPAINT.NS,1221
2024-12-09 00:00:00+05:30,2412.096065015252,2412.9370786090217,2361.492745649748,2366.291015625,2301281,0.0,0.0,ASIANPAINT.NS,1222
2024-12-10 00:00:00+05:30,2374.2547693577776,2378.954011248423,2359.5636001555517,2363.372314453125,1657888,0.0,0.0,ASIANPAINT.NS,1223
2024-12-11 00:00:00+05:30,2374.1064835832526,2402.0546065799094,2367.08225694307,2391.468994140625,1337700,0.0,0.0,ASIANPAINT.NS,1224
2024-12-12 00:00:00+05:30,2387.2149930161613,2389.193621273945,2355.260098346599,2364.015625,1089028,0.0,0.0,ASIANPAINT.NS,1225
2024-12-13 00:00:00+05:30,2364.015435620589,2386.2254877286287,2328.845272849582,2381.921875,1150861,0.0,0.0,ASIANPAINT.NS,1226
2024-12-16 00:00:00+05:30,2394.090891462023,2394.090891462023,2360.6520226163266,2376.580078125,987775,0.0,0.0,ASIANPAINT.NS,1227
2024-12-17 00:00:00+05:30,2362.482025198297,2374.254766148349,2325.382747164404,2330.823974609375,1258218,0.0,0.0,ASIANPAINT.NS,1228
2024-12-18 00:00:00+05:30,2331.6155304519593,2347.345528105256,2315.9843192900817,2320.38671875,855682,0.0,0.0,ASIANPAINT.NS,1229
2024-12-19 00:00:00+05:30,2300.155532650192,2300.155532650192,2241.143036780076,2267.35986328125,2784409,0.0,0.0,ASIANPAINT.NS,1230
2024-12-20 00:00:00+05:30,2272.4545369067528,2293.2301334566187,2251.678940356887,2257.961181640625,1719502,0.0,0.0,ASIANPAINT.NS,1231
2024-12-23 00:00:00+05:30,2275.4225088620415,2277.94530821083,2241.835342309323,2254.8447265625,855647,0.0,0.0,ASIANPAINT.NS,1232
2024-12-24 00:00:00+05:30,2257.713661660142,2270.475716131581,2252.81636394897,2259.59326171875,601558,0.0,0.0,ASIANPAINT.NS,1233
2024-12-26 00:00:00+05:30,2259.593402246085,2263.006487581479,2232.387264522019,2238.22412109375,1267334,0.0,0.0,ASIANPAINT.NS,1234
2024-12-27 00:00:00+05:30,2245.990315095553,2266.3207679719803,2235.8993596736923,2247.1279296875,821790,0.0,0.0,ASIANPAINT.NS,1235
2024-12-30 00:00:00+05:30,2255.883582531214,2274.2354082549373,2232.6842141024053,2263.798095703125,1076940,0.0,0.0,ASIANPAINT.NS,1236
2024-12-31 00:00:00+05:30,2255.6362531181744,2273.0975511842084,2248.711054095443,2256.971923828125,685486,0.0,0.0,ASIANPAINT.NS,1237
2025-01-01 00:00:00+05:30,2255.636208472045,2298.3745304314775,2255.636208472045,2280.022705078125,1067328,0.0,0.0,ASIANPAINT.NS,1238
2025-01-02 00:00:00+05:30,2289.2730094920253,2322.8601775522434,2269.486725918196,2318.21044921875,1342922,0.0,0.0,ASIANPAINT.NS,1239
2025-01-03 00:00:00+05:30,2318.9523082600626,2323.8493648708964,2297.3356980230024,2310.98828125,1355319,0.0,0.0,ASIANPAINT.NS,1240
2025-01-06 00:00:00+05:30,2310.9881974605596,2314.9949678266116,2232.5850559219875,2242.92333984375,1190987,0.0,0.0,ASIANPAINT.NS,1241
2025-01-07 00:00:00+05:30,2247.7215957846715,2291.251415421347,2247.7215957846715,2268.1015625,740798,0.0,0.0,ASIANPAINT.NS,1242
2025-01-08 00:00:00+05:30,2262.6109112956046,2313.016417511147,2248.4141570305087,2309.405517578125,1439632,0.0,0.0,ASIANPAINT.NS,1243
2025-01-09 00:00:00+05:30,2316.874825484485,2336.166452360481,2296.495097908915,2325.086181640625,1362304,0.0,0.0,ASIANPAINT.NS,1244
2025-01-10 00:00:00+05:30,2310.6420945019913,2323.799778726457,2291.2514416473664,2295.95068359375,1214334,0.0,0.0,ASIANPAINT.NS,1245
2025-01-13 00:00:00+05:30,2267.2606480767986,2277.3020898421773,2222.395155853626,2228.578369140625,1181928,0.0,0.0,ASIANPAINT.NS,1246
2025-01-14 00:00:00+05:30,2244.7537842369916,2261.918481183113,2213.095731748854,2216.01416015625,1316807,0.0,0.0,ASIANPAINT.NS,1247
2025-01-15 00:00:00+05:30,2224.967591281189,2229.666833637163,2196.2774800552424,2205.873779296875,1308999,0.0,0.0,ASIANPAINT.NS,1248
2025-01-16 00:00:00+05:30,2215.074415394743,2215.915429047689,2184.2078617536595,2191.924560546875,1936087,0.0,0.0,ASIANPAINT.NS,1249
2025-01-17 00:00:00+05:30,2201.867002679204,2244.803382904484,2188.85761785697,2236.83935546875,878848,0.0,0.0,ASIANPAINT.NS,1250
2025-01-20 00:00:00+05:30,2247.969064218441,2262.4624198186484,2226.94613865363,2256.180419921875,555716,0.0,0.0,ASIANPAINT.NS,1251
2025-01-21 00:00:00+05:30,2256.1803861705666,2290.2622096229647,2230.903361857359,2236.1962890625,1410294,0.0,0.0,ASIANPAINT.NS,1252
2025-01-22 00:00:00+05:30,2245.7432198931915,2245.7432198931915,2220.91133701646,2237.927734375,835523,0.0,0.0,ASIANPAINT.NS,1253
2025-01-23 00:00:00+05:30,2237.927663808089,2277.203387756566,2222.1974237038376,2252.025390625,1142465,0.0,0.0,ASIANPAINT.NS,1254
2025-01-24 00:00:00+05:30,2258.604088147028,2272.0093424956026,2230.9528073847387,2238.22412109375,543202,0.0,0.0,ASIANPAINT.NS,1255
2025-01-27 00:00:00+05:30,2231.2001156768033,2253.4101686928766,2222.1972608443184,2227.440673828125,1097939,0.0,0.0,ASIANPAINT.NS,1256
2025-01-28 00:00:00+05:30,2235.849951423444,2242.8246644012743,2210.226811867185,2217.844482421875,897501,0.0,0.0,ASIANPAINT.NS,1257
2025-01-29 00:00:00+05:30,2217.844407654485,2222.7909781767175,2188.412313047202,2199.3935546875,1281088,0.0,0.0,ASIANPAINT.NS,1258
2025-01-30 00:00:00+05:30,2199.3934708027055,2235.107805223786,2191.3306577716876,2225.808349609375,1155718,0.0,0.0,ASIANPAINT.NS,1259
2025-01-31 00:00:00+05:30,2230.9032343432677,2280.3689379872426,2210.9686523874484,2276.2138671875,1292909,0.0,0.0,ASIANPAINT.NS,1260
2025-02-01 00:00:00+05:30,2287.294326350865,2363.471516285561,2260.8796867188257,2326.02587890625,1318619,0.0,0.0,ASIANPAINT.NS,1261
2025-02-03 00:00:00+05:30,2326.0258781924244,2339.183804756189,2253.36080183662,2267.75537109375,1070382,0.0,0.0,ASIANPAINT.NS,1262
2025-02-04 00:00:00+05:30,2280.0227874414695,2392.755329456502,2239.559934817717,2329.19189453125,5373733,0.0,0.0,ASIANPAINT.NS,1263
2025-02-05 00:00:00+05:30,2244.7537518970203,2271.0200902487095,2213.343028396478,2250.887451171875,3474642,0.0,0.0,ASIANPAINT.NS,1264
2025-02-06 00:00:00+05:30,2262.7593488861016,2274.3342765097696,2236.09737998612,2239.213623046875,1285954,0.0,0.0,ASIANPAINT.NS,1265
2025-02-07 00:00:00+05:30,2241.7858511531263,2251.9758351465407,2219.2294403550277,2246.732421875,1336756,0.0,0.0,ASIANPAINT.NS,1266
2025-02-10 00:00:00+05:30,2246.7818850507265,2253.6575698922,2229.914030964451,2245.891357421875,1181565,0.0,0.0,ASIANPAINT.NS,1267
2025-02-11 00:00:00+05:30,2254.6467763546243,2258.505004633446,2202.213130392889,2216.904541015625,1607942,0.0,0.0,ASIANPAINT.NS,1268
2025-02-12 00:00:00+05:30,2217.893977757831,2223.9286490285167,2162.343844469209,2204.439208984375,1181706,0.0,0.0,ASIANPAINT.NS,1269
2025-02-13 00:00:00+05:30,2204.439383086394,2225.907453084973,2196.277540873688,2212.502197265625,921923,0.0,0.0,ASIANPAINT.NS,1270
2025-02-14 00:00:00+05:30,2212.5021445288053,2226.501085151753,2179.4591473952623,2207.456787109375,1380052,0.0,0.0,ASIANPAINT.NS,1271
2025-02-17 00:00:00+05:30,2207.4567116199773,2235.8499794240065,2202.262812331492,2226.7978515625,923900,0.0,0.0,ASIANPAINT.NS,1272
2025-02-18 00:00:00+05:30,2223.9782237395543,2227.8859663512467,2195.040784662872,2213.689453125,735853,0.0,0.0,ASIANPAINT.NS,1273
2025-02-19 00:00:00+05:30,2213.6893686656667,2225.758952607725,2202.3122563003603,2215.17333984375,645234,0.0,0.0,ASIANPAINT.NS,1274
2025-02-20 00:00:00+05:30,2215.1734621254304,2232.981117245447,2207.2094347237335,2225.01708984375,637442,0.0,0.0,ASIANPAINT.NS,1275
2025-02-21 00:00:00+05:30,2225.01690216263,2241.5879131682063,2213.095619073161,2233.4755859375,755585,0.0,0.0,ASIANPAINT.NS,1276
2025-02-24 00:00:00+05:30,2221.9006671989964,2234.860779843562,2217.0531242272787,2222.197509765625,765042,0.0,0.0,ASIANPAINT.NS,1277
2025-02-25 00:00:00+05:30,2222.197301817256,2232.980970517077,2194.001849729943,2200.9765625,947702,0.0,0.0,ASIANPAINT.NS,1278
2025-02-27 00:00:00+05:30,2190.341473744115,2204.587500537873,2174.5124477369304,2189.9951171875,1027196,0.0,0.0,ASIANPAINT.NS,1279
2025-02-28 00:00:00+05:30,2186.384272583582,2187.719943299454,2152.5497769431686,2156.45751953125,1701193,0.0,0.0,ASIANPAINT.NS,1280
2025-03-03 00:00:00+05:30,2156.457440034872,2169.9122085982494,2106.2497487483624,2143.25,959068,0.0,0.0,ASIANPAINT.NS,1281
2025-03-04 00:00:00+05:30,2131.032046179497,2136.7701161602126,2102.045095276788,2109.316650390625,2180989,0.0,0.0,ASIANPAINT.NS,1282
2025-03-05 00:00:00+05:30,2109.2175753731967,2159.4747779145187,2102.0450484400562,2141.02392578125,1535212,0.0,0.0,ASIANPAINT.NS,1283
2025-03-06 00:00:00+05:30,2166.449807529409,2250.689815437349,2159.771936648441,2243.4677734375,1985096,0.0,0.0,ASIANPAINT.NS,1284
2025-03-07 00:00:00+05:30,2243.467693167006,2253.608163401209,2223.9782523403082,2245.7431640625,921429,0.0,0.0,ASIANPAINT.NS,1285
2025-03-10 00:00:00+05:30,2245.743265989839,2268.497492913965,2237.6804517577016,2254.25146484375,1072395,0.0,0.0,ASIANPAINT.NS,1286
2025-03-11 00:00:00+05:30,2249.7003185974454,2266.4196306849562,2233.772264583938,2262.95703125,601228,0.0,0.0,ASIANPAINT.NS,1287
2025-03-12 00:00:00+05:30,2262.95701462673,2271.415698633484,2222.988820912396,2227.242919921875,749216,0.0,0.0,ASIANPAINT.NS,1288
2025-03-13 00:00:00+05:30,2231.1508135102886,2233.07992786277,2198.7507739836456,2207.456787109375,747470,0.0,0.0,ASIANPAINT.NS,1289
2025-03-17 00:00:00+05:30,2181.4377061660316,2215.3217158876582,2172.5833928079032,2195.832275390625,838015,0.0,0.0,ASIANPAINT.NS,1290
2025-03-18 00:00:00+05:30,2195.832275390625,2195.832275390625,2195.832275390625,2195.832275390625,0,0.0,0.0,ASIANPAINT.NS,1291
2025-03-19 00:00:00+05:30,2249.700257136058,2263.5011404862794,2243.6160720507037,2256.32861328125,663292,0.0,0.0,ASIANPAINT.NS,1292
2025-03-20 00:00:00+05:30,2265.529405272272,2282.3477458354287,2244.506479568326,2262.75927734375,1166849,0.0,0.0,ASIANPAINT.NS,1293
2025-03-21 00:00:00+05:30,2267.161616645581,2289.7675410015963,2253.509274953812,2275.818115234375,1624115,0.0,0.0,ASIANPAINT.NS,1294
2025-03-24 00:00:00+05:30,2277.796817744125,2305.3493136205766,2277.50021672254,2297.68212890625,1100353,0.0,0.0,ASIANPAINT.NS,1295
2025-03-25 00:00:00+05:30,2300.155437681842,2319.447063933367,2283.337096847179,2305.843994140625,1828005,0.0,0.0,ASIANPAINT.NS,1296
2025-03-26 00:00:00+05:30,2314.9949903432484,2315.9347904304113,2279.379682799506,2298.324951171875,1934287,0.0,0.0,ASIANPAINT.NS,1297
2025-03-27 00:00:00+05:30,2290.262225356166,2324.9872481503007,2266.024029018703,2313.115478515625,1497861,0.0,0.0,ASIANPAINT.NS,1298
2025-03-28 00:00:00+05:30,2318.902724272419,2338.73852018013,2300.155270481727,2315.637939453125,1281871,0.0,0.0,ASIANPAINT.NS,1299
2025-04-01 00:00:00+05:30,2316.973631547523,2336.4630710897977,2281.1109952778397,2291.25146484375,970583,0.0,0.0,ASIANPAINT.NS,1300
2025-04-02 00:00:00+05:30,2303.123172874622,2303.5188018929975,2267.6561665765435,2282.001220703125,792693,0.0,0.0,ASIANPAINT.NS,1301
2025-04-03 00:00:00+05:30,2270.4760820322513,2329.7359058176767,2265.331696514396,2324.294677734375,608846,0.0,0.0,ASIANPAINT.NS,1302
2025-04-04 00:00:00+05:30,2324.2946949193497,2338.6892648979606,2278.1927979190414,2330.873779296875,1163188,0.0,0.0,ASIANPAINT.NS,1303
2025-04-07 00:00:00+05:30,2166.598015467922,2328.8455380874375,2166.598015467922,2316.330810546875,1745817,0.0,0.0,ASIANPAINT.NS,1304
2025-04-08 00:00:00+05:30,2330.8242133419153,2394.140321004854,2330.8242133419153,2368.615966796875,1876867,0.0,0.0,ASIANPAINT.NS,1305
2025-04-09 00:00:00+05:30,2374.3537662248245,2403.4890172581904,2365.3509115818533,2385.384521484375,1186937,0.0,0.0,ASIANPAINT.NS,1306
2025-04-11 00:00:00+05:30,2413.4316352729334,2421.840804733815,2354.8147775603197,2368.022216796875,968152,0.0,0.0,ASIANPAINT.NS,1307
2025-04-15 00:00:00+05:30,2389.0947308137074,2399.086900703578,2359.5143332692924,2389.88623046875,1141122,0.0,0.0,ASIANPAINT.NS,1308
2025-04-16 00:00:00+05:30,2379.399547591545,2442.1219677939607,2378.014362868992,2433.61376953125,1166695,0.0,0.0,ASIANPAINT.NS,1309
2025-04-17 00:00:00+05:30,2433.6135636785502,2449.9372456960327,2405.022483909115,2441.528076171875,885840,0.0,0.0,ASIANPAINT.NS,1310
2025-04-21 00:00:00+05:30,2439.5496155709575,2444.496186218964,2414.915790356595,2418.873046875,541913,0.0,0.0,ASIANPAINT.NS,1311
2025-04-22 00:00:00+05:30,2418.87304657384,2423.81961722123,2387.709651495281,2406.011962890625,543647,0.0,0.0,ASIANPAINT.NS,1312
2025-04-23 00:00:00+05:30,2410.9584212538784,2430.349073901287,2399.680337315784,2426.886474609375,744684,0.0,0.0,ASIANPAINT.NS,1313
2025-04-24 00:00:00+05:30,2423.819646802485,2464.3815266061183,2409.8702207938923,2438.065673828125,1203452,0.0,0.0,ASIANPAINT.NS,1314
2025-04-25 00:00:00+05:30,2437.9669804359482,2442.319866212299,2387.907586349,2405.616455078125,702217,0.0,0.0,ASIANPAINT.NS,1315
2025-04-28 00:00:00+05:30,2394.041198616951,2433.5149778513432,2379.3005144953645,2425.99609375,554920,0.0,0.0,ASIANPAINT.NS,1316
2025-04-29 00:00:00+05:30,2433.7127581225986,2445.584527674416,2415.509474755853,2424.907958984375,1235066,0.0,0.0,ASIANPAINT.NS,1317
2025-04-30 00:00:00+05:30,2423.819432555459,2435.889015709181,2375.8377009314017,2399.779052734375,1479669,0.0,0.0,ASIANPAINT.NS,1318
2025-05-02 00:00:00+05:30,2399.086782368387,2418.774037083155,2372.3753006677903,2384.2470703125,744673,0.0,0.0,ASIANPAINT.NS,1319
2025-05-05 00:00:00+05:30,2397.2072767357836,2448.552585862986,2397.2072767357836,2410.859619140625,1229588,0.0,0.0,ASIANPAINT.NS,1320
2025-05-06 00:00:00+05:30,2415.9051607572114,2423.7206459503905,2365.5491670003303,2392.16162109375,702802,0.0,0.0,ASIANPAINT.NS,1321
2025-05-07 00:00:00+05:30,2362.4821380195167,2379.992949781398,2293.72480611317,2309.158203125,1711738,0.0,0.0,ASIANPAINT.NS,1322
2025-05-08 00:00:00+05:30,2297.187471067545,2323.9979813176074,2268.99201761129,2277.994873046875,2292261,0.0,0.0,ASIANPAINT.NS,1323
2025-05-09 00:00:00+05:30,2222.593206912753,2306.8827219454733,2221.010207702129,2275.02685546875,1503010,0.0,0.0,ASIANPAINT.NS,1324
2025-05-12 00:00:00+05:30,2305.1019300620587,2353.08366551614,2296.198102864394,2331.2197265625,940135,0.0,0.0,ASIANPAINT.NS,1325
2025-05-13 00:00:00+05:30,2328.845504970718,2332.8027615637016,2290.3612812166643,2299.759765625,1220489,0.0,0.0,ASIANPAINT.NS,1326
2025-05-14 00:00:00+05:30,2294.219400295305,2294.219400295305,2252.7672360747315,2257.91162109375,1549845,0.0,0.0,ASIANPAINT.NS,1327
2025-05-15 00:00:00+05:30,2260.5828211923167,2310.5431855118845,2243.764480728304,2305.0029296875,1675015,0.0,0.0,ASIANPAINT.NS,1328
2025-05-16 00:00:00+05:30,2308.9600264990613,2329.8346501256283,2290.26208706617,2328.44970703125,785113,0.0,0.0,ASIANPAINT.NS,1329
2025-05-19 00:00:00+05:30,2328.450029310157,2353.4794856841663,2301.7385455479075,2306.487060546875,552961,0.0,0.0,ASIANPAINT.NS,1330
2025-05-20 00:00:00+05:30,2322.4148860581417,2322.6127005748817,2266.9142675677517,2271.069580078125,1095824,0.0,0.0,ASIANPAINT.NS,1331
2025-05-21 00:00:00+05:30,2271.4652859762723,2291.4493834785935,2265.529401082606,2287.68994140625,469330,0.0,0.0,ASIANPAINT.NS,1332
2025-05-22 00:00:00+05:30,2284.5240000660287,2285.315499627662,2258.703047781497,2274.630859375,916504,0.0,0.0,ASIANPAINT.NS,1333
2025-05-23 00:00:00+05:30,2277.2032808526446,2304.1125765054794,2270.4758965564943,2290.7568359375,458035,0.0,0.0,ASIANPAINT.NS,1334
2025-05-26 00:00:00+05:30,2291.251517197846,2313.0164279829723,2278.192619033124,2302.331787109375,1258062,0.0,0.0,ASIANPAINT.NS,1335
2025-05-27 00:00:00+05:30,2288.3827275855097,2326.4713235357294,2276.5109574192074,2302.727783203125,2485428,0.0,0.0,ASIANPAINT.NS,1336
2025-05-28 00:00:00+05:30,2302.72778990034,2308.069989878001,2275.7194643870957,2278.58837890625,774808,0.0,0.0,ASIANPAINT.NS,1337
2025-05-29 00:00:00+05:30,2278.5882463730663,2284.326316609405,2262.0667487775677,2269.783447265625,1414643,0.0,0.0,ASIANPAINT.NS,1338
2025-05-30 00:00:00+05:30,2271.959969790152,2279.3798259945615,2230.9034321257536,2234.959716796875,3610431,0.0,0.0,ASIANPAINT.NS,1339
2025-06-02 00:00:00+05:30,2234.9596290780687,2248.0185271789314,2233.772258906544,2242.478271484375,702789,0.0,0.0,ASIANPAINT.NS,1340
2025-06-03 00:00:00+05:30,2248.315255855017,2262.858124401989,2222.6918764801085,2231.595703125,792587,0.0,0.0,ASIANPAINT.NS,1341
2025-06-04 00:00:00+05:30,2225.462186373197,2236.8392991286055,2216.9539880477464,2224.967529296875,768079,0.0,0.0,ASIANPAINT.NS,1342
2025-06-05 00:00:00+05:30,2227.0452515829743,2236.8393653714897,2209.138568277106,2219.5263671875,996614,0.0,0.0,ASIANPAINT.NS,1343
2025-06-06 00:00:00+05:30,2225.066477788955,2228.5290771994382,2215.0743085917125,2221.2080078125,822087,0.0,0.0,ASIANPAINT.NS,1344
2025-06-09 00:00:00+05:30,2216.0636653265124,2231.6948769865094,2212.1064087812865,2223.879150390625,1041851,0.0,0.0,ASIANPAINT.NS,1345
2025-06-10 00:00:00+05:30,2236.5096020141245,2236.5096020141245,2211.7481969540704,2215.4423828125,1809051,20.55,0.0,ASIANPAINT.NS,1346
2025-06-11 00:00:00+05:30,2205.5577938919528,2222.4313617191465,2203.7605500158743,2205.358154296875,1430888,0.0,0.0,ASIANPAINT.NS,1347
2025-06-12 00:00:00+05:30,2220.53458020989,2259.4738107081753,2204.6594529723643,2215.941650390625,3417373,0.0,0.0,ASIANPAINT.NS,1348
2025-06-13 00:00:00+05:30,2171.6108865639185,2213.6453832975812,2171.411246958574,2210.749755859375,1786807,0.0,0.0,ASIANPAINT.NS,1349
2025-06-16 00:00:00+05:30,2210.749588087704,2246.493850099095,2205.857321207117,2241.302001953125,1301826,0.0,0.0,ASIANPAINT.NS,1350
2025-06-17 00:00:00+05:30,2227.523615118048,2277.4457042063054,2223.529847990987,2261.27099609375,1540986,0.0,0.0,ASIANPAINT.NS,1351
2025-06-18 00:00:00+05:30,2253.4830888680904,2280.441016825307,2251.4862053157035,2277.844970703125,1131156,0.0,0.0,ASIANPAINT.NS,1352
2025-06-19 00:00:00+05:30,2266.462703751929,2281.4393295476466,2260.472053433642,2264.4658203125,524926,0.0,0.0,ASIANPAINT.NS,1353
2025-06-20 00:00:00+05:30,2263.4673722395323,2286.331590052743,2259.4736053718843,2282.13818359375,1945026,0.0,0.0,ASIANPAINT.NS,1354
2025-06-23 00:00:00+05:30,2257.6763942073076,2269.2584157952006,2250.387720816316,2260.572021484375,596186,0.0,0.0,ASIANPAINT.NS,1355
2025-06-24 00:00:00+05:30,2301.4083108887703,2306.1009385190196,2265.364465001573,2271.754638671875,1044179,0.0,0.0,ASIANPAINT.NS,1356
2025-06-25 00:00:00+05:30,2272.5532844608238,2290.724874917351,2271.854180252347,2276.34716796875,807368,0.0,0.0,ASIANPAINT.NS,1357
2025-06-26 00:00:00+05:30,2283.436247983665,2289.027619203835,2276.646795433512,2286.23193359375,921519,0.0,0.0,ASIANPAINT.NS,1358
2025-06-27 00:00:00+05:30,2279.4424253214006,2360.8154247360717,2273.551716732878,2355.0244140625,1555059,0.0,0.0,ASIANPAINT.NS,1359
2025-06-30 00:00:00+05:30,2358.319484133415,2366.207076690577,2322.475521738939,2337.4521484375,785414,0.0,0.0,ASIANPAINT.NS,1360
2025-07-01 00:00:00+05:30,2376.7907212034615,2396.260336437012,2346.5378857039027,2365.807861328125,1232160,0.0,0.0,ASIANPAINT.NS,1361
2025-07-02 00:00:00+05:30,2336.3537050263667,2426.2134629119964,2323.373962220665,2415.6298828125,1936030,0.0,0.0,ASIANPAINT.NS,1362
2025-07-03 00:00:00+05:30,2425.115176958039,2460.5598606598815,2421.2213514638897,2427.112060546875,1547480,0.0,0.0,ASIANPAINT.NS,1363
2025-07-04 00:00:00+05:30,2427.1118740377615,2439.19311632593,2408.241423077423,2420.42236328125,602309,0.0,0.0,ASIANPAINT.NS,1364
2025-07-07 00:00:00+05:30,2419.5240374468945,2461.2589530034766,2417.2275725788145,2438.99365234375,869054,0.0,0.0,ASIANPAINT.NS,1365
2025-07-08 00:00:00+05:30,2436.697136128193,2484.123120133966,2433.502171220896,2480.728515625,1136367,0.0,0.0,ASIANPAINT.NS,1366
2025-07-09 00:00:00+05:30,2516.5725437873343,2531.0499498118998,2489.0154527468394,2495.006103515625,2328636,0.0,0.0,ASIANPAINT.NS,1367
2025-07-10 00:00:00+05:30,2503.393050824226,2508.0856783014938,2441.2900226692773,2447.38037109375,932859,0.0,0.0,ASIANPAINT.NS,1368
2025-07-11 00:00:00+05:30,2443.686285546248,2480.928213134193,2431.704984044081,2435.399169921875,1050411,0.0,0.0,ASIANPAINT.NS,1369
2025-07-14 00:00:00+05:30,2427.3119430814827,2444.784674477807,2387.2743296349663,2397.85791015625,891618,0.0,0.0,ASIANPAINT.NS,1370
2025-07-15 00:00:00+05:30,2406.144610422749,2411.236760713423,2382.581532019301,2389.770263671875,610228,0.0,0.0,ASIANPAINT.NS,1371
2025-07-16 00:00:00+05:30,2377.289864148225,2418.625256092166,2367.3054464071574,2406.743896484375,1200909,0.0,0.0,ASIANPAINT.NS,1372
2025-07-17 00:00:00+05:30,2400.353957448019,2410.238433469769,2390.269598064054,2395.161865234375,526163,0.0,0.0,ASIANPAINT.NS,1373
2025-07-18 00:00:00+05:30,2396.8593346465727,2401.252380791346,2368.6033846985288,2378.6875,599552,0.0,0.0,ASIANPAINT.NS,1374
2025-07-21 00:00:00+05:30,2378.6875787280683,2404.247785580512,2357.1213827215047,2371.698486328125,390931,0.0,0.0,ASIANPAINT.NS,1375
2025-07-22 00:00:00+05:30,2371.6984615067413,2377.0901932721026,2357.6205789331657,2361.514404296875,411317,0.0,0.0,ASIANPAINT.NS,1376
2025-07-23 00:00:00+05:30,2359.31790586659,2380.984043554375,2348.9342089478964,2371.698486328125,368999,0.0,0.0,ASIANPAINT.NS,1377
2025-07-24 00:00:00+05:30,2371.6985575583717,2376.2914873489262,2337.352257094049,2348.43505859375,506960,0.0,0.0,ASIANPAINT.NS,1378
2025-07-25 00:00:00+05:30,2336.3536977189538,2346.8373361061545,2322.175873604493,2332.5595703125,383636,0.0,0.0,ASIANPAINT.NS,1379
2025-07-28 00:00:00+05:30,2332.5596557546282,2362.712548992187,2316.3849475453603,2355.92333984375,650364,0.0,0.0,ASIANPAINT.NS,1380
2025-07-29 00:00:00+05:30,2355.324039012076,2414.531682301382,2321.3770202217365,2397.7578125,1742815,0.0,0.0,ASIANPAINT.NS,1381
2025-07-30 00:00:00+05:30,2405.2461918338104,2439.9920137181934,2362.8124171750574,2412.03564453125,1685818,0.0,0.0,ASIANPAINT.NS,1382
2025-07-31 00:00:00+05:30,2397.658001522801,2413.4334304549966,2369.8015732657213,2392.366455078125,1274735,0.0,0.0,ASIANPAINT.NS,1383
2025-08-01 00:00:00+05:30,2374.294500880553,2468.1480261466477,2374.294500880553,2427.2119140625,2225293,0.0,0.0,ASIANPAINT.NS,1384
2025-08-04 00:00:00+05:30,2439.3928529127475,2463.155815490761,2435.7986088422463,2445.982666015625,1165898,0.0,0.0,ASIANPAINT.NS,1385
2025-08-05 00:00:00+05:30,2458.0636716091076,2459.8609155292706,2405.3461416856353,2433.0029296875,659094,0.0,0.0,ASIANPAINT.NS,1386
2025-08-06 00:00:00+05:30,2436.1979448164952,2501.695823132035,2436.1979448164952,2487.318115234375,2019109,0.0,0.0,ASIANPAINT.NS,1387
2025-08-07 00:00:00+05:30,2480.229240657659,2506.088784394948,2463.055847605046,2502.59423828125,1502806,0.0,0.0,ASIANPAINT.NS,1388
2025-08-08 00:00:00+05:30,2502.594183435637,2507.7860316530255,2464.6533978898347,2471.742431640625,1178226,0.0,0.0,ASIANPAINT.NS,1389
2025-08-11 00:00:00+05:30,2460.060508660261,2500.2977595830134,2448.1791494439526,2485.221435546875,721135,0.0,0.0,ASIANPAINT.NS,1390
2025-08-12 00:00:00+05:30,2485.2214520505768,2498.900055243935,2470.1448841541282,2474.438232421875,608984,0.0,0.0,ASIANPAINT.NS,1391
2025-08-13 00:00:00+05:30,2475.935841367843,2500.4973615761023,2457.36472775656,2496.303955078125,350844,0.0,0.0,ASIANPAINT.NS,1392
2025-08-14 00:00:00+05:30,2501.096501539215,2530.9498113788623,2493.807828251754,2524.759521484375,1088550,0.0,0.0,ASIANPAINT.NS,1393
2025-08-18 00:00:00+05:30,2546.0265389946585,2590.9564190945644,2532.6475166467667,2583.3681640625,1755615,0.0,0.0,ASIANPAINT.NS,1394
2025-08-19 00:00:00+05:30,2583.368149429113,2590.956404418194,2557.2090236933855,2575.380615234375,698587,0.0,0.0,ASIANPAINT.NS,1395
2025-08-20 00:00:00+05:30,2573.9828070898716,2575.2808301046007,2559.405460174037,2566.09521484375,308028,0.0,0.0,ASIANPAINT.NS,1396
2025-08-21 00:00:00+05:30,2570.887457107955,2571.9858404911197,2555.3119127151276,2562.6005859375,781082,0.0,0.0,ASIANPAINT.NS,1397
2025-08-22 00:00:00+05:30,2558.8066160324975,2565.296487535277,2497.2028075966155,2500.597412109375,523774,0.0,0.0,ASIANPAINT.NS,1398
2025-08-25 00:00:00+05:30,2512.079483157146,2518.5693546358907,2472.141812518718,2489.015380859375,766497,0.0,0.0,ASIANPAINT.NS,1399
2025-08-26 00:00:00+05:30,2477.23386561514,2519.3680577297696,2464.154181491318,2477.533203125,7106393,0.0,0.0,ASIANPAINT.NS,1400
2025-08-28 00:00:00+05:30,2461.158979392138,2524.0608113198073,2461.158979392138,2485.12158203125,1485769,0.0,0.0,ASIANPAINT.NS,1401
2025-08-29 00:00:00+05:30,2487.1184467786834,2527.655280107417,2486.1200050096036,2514.675537109375,1798653,0.0,0.0,ASIANPAINT.NS,1402
2025-09-01 00:00:00+05:30,2514.0764550955355,2573.783323551593,2511.1810713765135,2566.195068359375,1314833,0.0,0.0,ASIANPAINT.NS,1403
2025-09-02 00:00:00+05:30,2564.9968023345227,2567.89218584515,2527.056016624631,2536.0419921875,1024054,0.0,0.0,ASIANPAINT.NS,1404
2025-09-03 00:00:00+05:30,2526.057748690489,2561.103153300909,2523.362004588196,2549.92041015625,925847,0.0,0.0,ASIANPAINT.NS,1405
2025-09-04 00:00:00+05:30,2549.920367060743,2578.9751203927085,2549.021866961899,2564.59765625,933071,0.0,0.0,ASIANPAINT.NS,1406
2025-09-05 00:00:00+05:30,2561.0031976092214,2597.9455439295107,2561.0031976092214,2575.8798828125,1153436,0.0,0.0,ASIANPAINT.NS,1407
2025-09-08 00:00:00+05:30,2575.8797892852117,2585.56486932839,2522.4631553291565,2526.8564453125,742880,0.0,0.0,ASIANPAINT.NS,1408
2025-09-09 00:00:00+05:30,2536.0421796629794,2547.624202082058,2520.8659130091637,2533.346435546875,702450,0.0,0.0,ASIANPAINT.NS,1409
2025-09-10 00:00:00+05:30,2533.346263650884,2551.0186336131133,2521.165323232636,2539.3369140625,520584,0.0,0.0,ASIANPAINT.NS,1410
2025-09-11 00:00:00+05:30,2537.0405513782357,2555.511724223768,2531.7487612163945,2551.917236328125,423961,0.0,0.0,ASIANPAINT.NS,1411
2025-09-12 00:00:00+05:30,2556.010878606127,2564.297993878646,2533.2463579665027,2542.332275390625,547539,0.0,0.0,ASIANPAINT.NS,1412
2025-09-15 00:00:00+05:30,2531.149796567064,2539.5366098247428,2494.107509865228,2498.700439453125,583051,0.0,0.0,ASIANPAINT.NS,1413
2025-09-16 00:00:00+05:30,2491.112061131894,2505.988745075061,2470.6440061205894,2477.033935546875,760790,0.0,0.0,ASIANPAINT.NS,1414
2025-09-17 00:00:00+05:30,2478.132334082582,2493.0090181167157,2476.934252777851,2489.71435546875,359627,0.0,0.0,ASIANPAINT.NS,1415
2025-09-18 00:00:00+05:30,2494.0076803355287,2502.294796046243,2465.45239104731,2474.837646484375,400796,0.0,0.0,ASIANPAINT.NS,1416
2025-09-19 00:00:00+05:30,2471.143252910981,2505.589492193983,2464.6533817417203,2477.832763671875,3731525,0.0,0.0,ASIANPAINT.NS,1417
2025-09-22 00:00:00+05:30,2490.2136811024534,2499.099715226628,2470.2448459827838,2478.831298828125,872806,0.0,0.0,ASIANPAINT.NS,1418
2025-09-23 00:00:00+05:30,2468.2478400737427,2479.9295592874296,2424.21646331425,2443.0869140625,1332111,0.0,0.0,ASIANPAINT.NS,1419
2025-09-24 00:00:00+05:30,2442.188594562913,2471.1434061910095,2439.392908826091,2453.37109375,637749,0.0,0.0,ASIANPAINT.NS,1420
2025-09-25 00:00:00+05:30,2454.668980247764,2458.8623867395913,2384.278838654326,2400.25390625,1518215,0.0,0.0,ASIANPAINT.NS,1421
2025-09-26 00:00:00+05:30,2393.7641298155327,2396.260234226185,2335.355286606269,2339.1494140625,1089446,0.0,0.0,ASIANPAINT.NS,1422
2025-09-29 00:00:00+05:30,2339.2490445437415,2360.01668139369,2325.570441519752,2338.94970703125,950369,0.0,0.0,ASIANPAINT.NS,1423
2025-09-30 00:00:00+05:30,2348.3350182845743,2385.0777237852835,2336.3537171708776,2346.338134765625,778874,0.0,0.0,ASIANPAINT.NS,1424
2025-10-01 00:00:00+05:30,2349.7328297783242,2353.327317755006,2317.5830526365544,2332.160400390625,648279,0.0,0.0,ASIANPAINT.NS,1425
2025-10-03 00:00:00+05:30,2338.5501879591607,2359.0182435703723,2332.4598396187675,2354.1259765625,659872,0.0,0.0,ASIANPAINT.NS,1426
2025-10-06 00:00:00+05:30,2351.3302548266965,2355.5236613061975,2330.46292034526,2351.130615234375,362107,0.0,0.0,ASIANPAINT.NS,1427
2025-10-07 00:00:00+05:30,2351.3303121519625,2367.7046592845277,2342.344336436732,2349.1337890625,498524,0.0,0.0,ASIANPAINT.NS,1428
2025-10-08 00:00:00+05:30,2356.322496711939,2365.707751525275,2316.3848272761434,2324.87158203125,701799,0.0,0.0,ASIANPAINT.NS,1429
2025-10-09 00:00:00+05:30,2324.8716847856413,2337.35220703594,2320.1790571715687,2332.75927734375,587567,0.0,0.0,ASIANPAINT.NS,1430
2025-10-10 00:00:00+05:30,2335.255443696396,2354.1261400951894,2332.9592225496335,2336.553466796875,1117236,0.0,0.0,ASIANPAINT.NS,1431
2025-10-13 00:00:00+05:30,2336.553388685427,2362.9123977517115,2333.3584237635073,2338.849853515625,667732,0.0,0.0,ASIANPAINT.NS,1432
2025-10-14 00:00:00+05:30,2338.749977872924,2351.33044207345,2304.4036774121114,2314.488037109375,353345,0.0,0.0,ASIANPAINT.NS,1433
2025-10-15 00:00:00+05:30,2326.369348125747,2380.285204262567,2321.3771392241897,2371.399169921875,753640,0.0,0.0,ASIANPAINT.NS,1434
2025-10-16 00:00:00+05:30,2373.2960714503183,2417.027869436486,2363.2117121365436,2405.945068359375,715890,0.0,0.0,ASIANPAINT.NS,1435
2025-10-17 00:00:00+05:30,2417.227539097011,2540.0358775145787,2417.227539097011,2503.892333984375,3719960,0.0,0.0,ASIANPAINT.NS,1436
2025-10-20 00:00:00+05:30,2503.892172422266,2533.1465633162347,2496.8031387677584,2512.079345703125,714986,0.0,0.0,ASIANPAINT.NS,1437
2025-10-21 00:00:00+05:30,2509.0840786903627,2515.2743686919584,2480.129268391111,2500.697265625,107942,0.0,0.0,ASIANPAINT.NS,1438
2025-10-23 00:00:00+05:30,2514.974776830426,2542.03264522436,2492.9093608479457,2498.50048828125,811738,0.0,0.0,ASIANPAINT.NS,1439
2025-10-24 00:00:00+05:30,2491.112091440693,2502.793810812847,2482.4256972285884,2497.701904296875,327596,0.0,0.0,ASIANPAINT.NS,1440
2025-10-27 00:00:00+05:30,2497.7020940040347,2526.0577435021114,2495.7052104123336,2514.875244140625,550089,0.0,0.0,ASIANPAINT.NS,1441
2025-10-28 00:00:00+05:30,2511.0809617114774,2524.659866801746,2488.116801823062,2505.389892578125,1103957,0.0,0.0,ASIANPAINT.NS,1442
2025-10-29 00:00:00+05:30,2516.0733277780528,2546.8253838696032,2508.585014302523,2534.744140625,615292,0.0,0.0,ASIANPAINT.NS,1443
2025-10-30 00:00:00+05:30,2531.5491726404607,2534.7441376342094,2509.383813531086,2519.56787109375,736486,0.0,0.0,ASIANPAINT.NS,1444
2025-10-31 00:00:00+05:30,2519.467915611525,2526.0577289302064,2501.3962654669995,2506.8876953125,609128,0.0,0.0,ASIANPAINT.NS,1445
2025-11-03 00:00:00+05:30,2492.3103318505873,2511.380667424338,2491.112250462125,2508.285400390625,425210,0.0,0.0,ASIANPAINT.NS,1446
2025-11-04 00:00:00+05:30,2506.088691763791,2517.0715505723174,2475.8358592028126,2482.824951171875,527087,0.0,0.0,ASIANPAINT.NS,1447
2025-11-06 00:00:00+05:30,2556.110881252824,2626.900305473594,2556.110881252824,2598.843994140625,4448622,0.0,0.0,ASIANPAINT.NS,1448
2025-11-07 00:00:00+05:30,2598.843889634128,2614.8189573640493,2580.9718801153545,2609.72705078125,791663,0.0,0.0,ASIANPAINT.NS,1449
2025-11-10 00:00:00+05:30,2609.727196317294,2662.64461112369,2607.0314522395747,2646.27001953125,1706880,0.0,0.0,ASIANPAINT.NS,1450
2025-11-11 00:00:00+05:30,2646.269873630328,2660.747278769722,2629.2963641565566,2653.059326171875,776404,0.0,0.0,ASIANPAINT.NS,1451
2025-11-12 00:00:00+05:30,2655.8551730830777,2834.2766729889117,2637.9831624675403,2765.484130859375,2859196,0.0,0.0,ASIANPAINT.NS,1452
2025-11-13 00:00:00+05:30,2854.445030002044,2892.5856999728535,2835.5745783753837,2874.9130859375,5933630,0.0,0.0,ASIANPAINT.NS,1453
2025-11-14 00:00:00+05:30,2860.6356432177,2905.3656399822426,2857.5403761936336,2901.87109375,2494076,0.0,0.0,ASIANPAINT.NS,1454
2025-11-17 00:00:00+05:30,2901.871075167319,2922.339131539382,2875.5123098312783,2883.39990234375,1230683,0.0,0.0,ASIANPAINT.NS,1455
2025-11-18 00:00:00+05:30,2886.0,2916.0,2862.10009765625,2906.0,1819066,4.5,0.0,ASIANPAINT.NS,1456
2025-11-19 00:00:00+05:30,2914.0,2916.0,2887.199951171875,2893.699951171875,1387906,0.0,0.0,ASIANPAINT.NS,1457
2025-11-20 00:00:00+05:30,2897.39990234375,2906.10009765625,2852.5,2859.800048828125,1062883,0.0,0.0,ASIANPAINT.NS,1458
2025-11-21 00:00:00+05:30,2869.0,2895.60009765625,2854.10009765625,2876.60009765625,857340,0.0,0.0,ASIANPAINT.NS,1459
2025-11-24 00:00:00+05:30,2876.0,2896.5,2864.5,2879.199951171875,5404326,0.0,0.0,ASIANPAINT.NS,1460
2025-11-25 00:00:00+05:30,2899.89990234375,2908.5,2869.0,2875.800048828125,972417,0.0,0.0,ASIANPAINT.NS,1461
2025-11-26 00:00:00+05:30,2880.0,2896.199951171875,2857.60009765625,2874.0,570376,0.0,0.0,ASIANPAINT.NS,1462
2025-11-27 00:00:00+05:30,2880.0,2914.5,2871.39990234375,2879.10009765625,1158685,0.0,0.0,ASIANPAINT.NS,1463
2025-11-28 00:00:00+05:30,2880.0,2889.89990234375,2855.800048828125,2874.39990234375,748446,0.0,0.0,ASIANPAINT.NS,1464
2025-12-01 00:00:00+05:30,2877.699951171875,2887.5,2848.0,2867.60009765625,499153,0.0,0.0,ASIANPAINT.NS,1465
2025-12-02 00:00:00+05:30,2867.0,2962.0,2861.199951171875,2954.39990234375,2102147,0.0,0.0,ASIANPAINT.NS,1466
2025-12-03 00:00:00+05:30,2969.0,2969.199951171875,2932.60009765625,2953.5,1252456,0.0,0.0,ASIANPAINT.NS,1467
2025-12-04 00:00:00+05:30,2950.0,2985.699951171875,2934.0,2957.199951171875,1466098,0.0,0.0,ASIANPAINT.NS,1468
2025-12-05 00:00:00+05:30,2955.0,2973.5,2941.0,2968.5,944978,0.0,0.0,ASIANPAINT.NS,1469
2025-12-08 00:00:00+05:30,2970.0,2974.5,2914.800048828125,2928.300048828125,983544,0.0,0.0,ASIANPAINT.NS,1470
2025-12-09 00:00:00+05:30,2910.0,2913.5,2788.5,2796.0,1839391,0.0,0.0,ASIANPAINT.NS,1471
2025-12-10 00:00:00+05:30,2810.0,2824.0,2796.699951171875,2804.5,845073,0.0,0.0,ASIANPAINT.NS,1472
2025-12-11 00:00:00+05:30,2800.0,2811.60009765625,2763.199951171875,2779.39990234375,777422,0.0,0.0,ASIANPAINT.NS,1473
2025-12-12 00:00:00+05:30,2795.0,2797.0,2746.0,2764.800048828125,977696,0.0,0.0,ASIANPAINT.NS,1474
2025-12-15 00:00:00+05:30,2773.10009765625,2802.0,2758.699951171875,2780.199951171875,1029674,0.0,0.0,ASIANPAINT.NS,1475
2025-12-16 00:00:00+05:30,2793.0,2808.0,2776.10009765625,2790.89990234375,916244,0.0,0.0,ASIANPAINT.NS,1476
2025-12-17 00:00:00+05:30,2800.0,2806.5,2772.0,2785.699951171875,636499,0.0,0.0,ASIANPAINT.NS,1477
2025-12-18 00:00:00+05:30,2780.0,2793.800048828125,2755.300048828125,2759.699951171875,417994,0.0,0.0,ASIANPAINT.NS,1478
2025-12-19 00:00:00+05:30,2766.39990234375,2812.39990234375,2759.699951171875,2799.89990234375,3895542,0.0,0.0,ASIANPAINT.NS,1479
2025-12-22 00:00:00+05:30,2785.800048828125,2823.10009765625,2780.300048828125,2807.60009765625,463953,0.0,0.0,ASIANPAINT.NS,1480
2025-12-23 00:00:00+05:30,2798.0,2819.0,2783.10009765625,2807.800048828125,431068,0.0,0.0,ASIANPAINT.NS,1481
2025-12-24 00:00:00+05:30,2807.800048828125,2824.699951171875,2782.0,2785.5,512144,0.0,0.0,ASIANPAINT.NS,1482
2025-12-26 00:00:00+05:30,2785.0,2794.39990234375,2743.0,2746.5,532078,0.0,0.0,ASIANPAINT.NS,1483
2025-12-29 00:00:00+05:30,2746.5,2793.800048828125,2735.0,2775.39990234375,815529,0.0,0.0,ASIANPAINT.NS,1484
2025-12-30 00:00:00+05:30,2770.300048828125,2792.39990234375,2741.0,2758.300048828125,4833527,0.0,0.0,ASIANPAINT.NS,1485
2025-12-31 00:00:00+05:30,2755.0,2796.800048828125,2754.89990234375,2769.5,1274705,0.0,0.0,ASIANPAINT.NS,1486
2026-01-01 00:00:00+05:30,2775.89990234375,2782.699951171875,2746.10009765625,2752.0,327945,0.0,0.0,ASIANPAINT.NS,1487
2026-01-02 00:00:00+05:30,2755.800048828125,2799.0,2755.800048828125,2772.60009765625,508884,0.0,0.0,ASIANPAINT.NS,1488
2026-01-05 00:00:00+05:30,2770.0,2828.0,2769.0,2815.60009765625,866733,0.0,0.0,ASIANPAINT.NS,1489
2026-01-06 00:00:00+05:30,2820.0,2848.39990234375,2811.60009765625,2845.800048828125,875891,0.0,0.0,ASIANPAINT.NS,1490
2026-01-07 00:00:00+05:30,2845.800048828125,2854.699951171875,2801.10009765625,2809.39990234375,636748,0.0,0.0,ASIANPAINT.NS,1491
2026-01-08 00:00:00+05:30,2795.0,2804.699951171875,2770.10009765625,2786.5,620031,0.0,0.0,ASIANPAINT.NS,1492
2026-01-09 00:00:00+05:30,2789.89990234375,2856.699951171875,2786.199951171875,2825.5,1657381,0.0,0.0,ASIANPAINT.NS,1493
2026-01-12 00:00:00+05:30,2826.0,2900.0,2808.0,2896.39990234375,1743901,0.0,0.0,ASIANPAINT.NS,1494
2026-01-13 00:00:00+05:30,2900.0,2914.5,2870.800048828125,2886.300048828125,1051986,0.0,0.0,ASIANPAINT.NS,1495
2026-01-14 00:00:00+05:30,2884.0,2884.0,2807.300048828125,2813.89990234375,958254,0.0,0.0,ASIANPAINT.NS,1496
2026-01-15 00:00:00+05:30,2813.89990234375,2813.89990234375,2813.89990234375,2813.89990234375,0,0.0,0.0,ASIANPAINT.NS,1497
2026-01-16 00:00:00+05:30,2787.89990234375,2826.5,2750.5,2756.89990234375,1143463,0.0,0.0,ASIANPAINT.NS,1498
2026-01-19 00:00:00+05:30,2756.89990234375,2786.300048828125,2724.699951171875,2754.0,1342048,0.0,0.0,ASIANPAINT.NS,1499
2026-01-20 00:00:00+05:30,2740.0,2740.10009765625,2669.300048828125,2675.60009765625,911151,0.0,0.0,ASIANPAINT.NS,1500
2026-01-21 00:00:00+05:30,2670.0,2688.0,2648.0,2661.10009765625,914318,0.0,0.0,ASIANPAINT.NS,1501
2026-01-22 00:00:00+05:30,2665.300048828125,2729.89990234375,2665.300048828125,2703.800048828125,1290346,0.0,0.0,ASIANPAINT.NS,1502
2026-01-23 00:00:00+05:30,2703.800048828125,2782.89990234375,2690.800048828125,2703.699951171875,1786635,0.0,0.0,ASIANPAINT.NS,1503
2026-01-27 00:00:00+05:30,2719.89990234375,2734.699951171875,2546.0,2622.800048828125,3818761,0.0,0.0,ASIANPAINT.NS,1504
2026-01-28 00:00:00+05:30,2535.0,2548.5,2451.0,2511.800048828125,3430002,0.0,0.0,ASIANPAINT.NS,1505
2026-01-29 00:00:00+05:30,2511.800048828125,2514.89990234375,2410.0,2416.0,3488159,0.0,0.0,ASIANPAINT.NS,1506
2026-01-30 00:00:00+05:30,2417.0,2445.0,2400.5,2428.300048828125,2048843,0.0,0.0,ASIANPAINT.NS,1507
2026-02-02 00:00:00+05:30,2374.89990234375,2429.5,2372.0,2402.0,1183482,0.0,0.0,ASIANPAINT.NS,1508
2026-02-03 00:00:00+05:30,2525.0,2525.0,2391.0,2426.0,2233860,0.0,0.0,ASIANPAINT.NS,1509
2026-02-04 00:00:00+05:30,2430.0,2463.800048828125,2417.10009765625,2452.699951171875,970973,0.0,0.0,ASIANPAINT.NS,1510
2026-02-05 00:00:00+05:30,2445.0,2455.800048828125,2402.60009765625,2432.10009765625,1047405,0.0,0.0,ASIANPAINT.NS,1511
2026-02-06 00:00:00+05:30,2432.0,2444.0,2386.10009765625,2401.10009765625,1043982,0.0,0.0,ASIANPAINT.NS,1512
2026-02-09 00:00:00+05:30,2404.0,2426.199951171875,2396.800048828125,2417.39990234375,669839,0.0,0.0,ASIANPAINT.NS,1513
2026-02-10 00:00:00+05:30,2419.0,2420.0,2386.89990234375,2393.60009765625,1513620,0.0,0.0,ASIANPAINT.NS,1514
2026-02-11 00:00:00+05:30,2399.0,2405.699951171875,2376.300048828125,2392.5,3177710,0.0,0.0,ASIANPAINT.NS,1515
2026-02-12 00:00:00+05:30,2398.0,2413.89990234375,2377.0,2410.5,607767,0.0,0.0,ASIANPAINT.NS,1516
2026-02-13 00:00:00+05:30,2408.89990234375,2411.800048828125,2360.10009765625,2366.39990234375,675635,0.0,0.0,ASIANPAINT.NS,1517
2026-02-16 00:00:00+05:30,2360.0,2405.10009765625,2356.800048828125,2397.199951171875,683108,0.0,0.0,ASIANPAINT.NS,1518
2026-02-17 00:00:00+05:30,2399.5,2452.39990234375,2399.5,2437.39990234375,1004356,0.0,0.0,ASIANPAINT.NS,1519
2026-02-18 00:00:00+05:30,2440.0,2448.199951171875,2416.5,2432.10009765625,551809,0.0,0.0,ASIANPAINT.NS,1520
2026-02-19 00:00:00+05:30,2420.0,2428.0,2391.10009765625,2400.800048828125,971600,0.0,0.0,ASIANPAINT.NS,1521
2026-02-20 00:00:00+05:30,2378.199951171875,2435.699951171875,2376.10009765625,2428.10009765625,790329,0.0,0.0,ASIANPAINT.NS,1522
2026-02-23 00:00:00+05:30,2424.699951171875,2446.60009765625,2411.5,2429.699951171875,634365,0.0,0.0,ASIANPAINT.NS,1523
2026-02-24 00:00:00+05:30,2413.0,2441.5,2403.699951171875,2413.10009765625,499660,0.0,0.0,ASIANPAINT.NS,1524
2026-02-25 00:00:00+05:30,2416.0,2427.89990234375,2400.0,2416.39990234375,526764,0.0,0.0,ASIANPAINT.NS,1525
2026-02-26 00:00:00+05:30,2416.10009765625,2422.199951171875,2382.0,2394.89990234375,588742,0.0,0.0,ASIANPAINT.NS,1526
2026-02-27 00:00:00+05:30,2385.0,2397.60009765625,2359.0,2376.199951171875,2531619,0.0,0.0,ASIANPAINT.NS,1527
2026-03-02 00:00:00+05:30,2300.0,2337.89990234375,2283.5,2307.10009765625,2528308,0.0,0.0,ASIANPAINT.NS,1528
2026-03-04 00:00:00+05:30,2260.699951171875,2290.89990234375,2216.300048828125,2285.199951171875,1610358,0.0,0.0,ASIANPAINT.NS,1529
2026-03-05 00:00:00+05:30,2285.199951171875,2313.0,2253.699951171875,2287.800048828125,925040,0.0,0.0,ASIANPAINT.NS,1530
2026-03-06 00:00:00+05:30,2261.699951171875,2307.89990234375,2253.699951171875,2279.5,979742,0.0,0.0,ASIANPAINT.NS,1531
2026-03-09 00:00:00+05:30,2200.0,2230.0,2162.60009765625,2220.800048828125,2198153,0.0,0.0,ASIANPAINT.NS,1532
2026-03-10 00:00:00+05:30,2251.60009765625,2305.10009765625,2251.60009765625,2280.39990234375,1192174,0.0,0.0,ASIANPAINT.NS,1533
2026-03-11 00:00:00+05:30,2290.0,2302.0,2226.0,2232.0,687786,0.0,0.0,ASIANPAINT.NS,1534
2026-03-12 00:00:00+05:30,2208.0,2249.89990234375,2201.0,2221.199951171875,1384055,0.0,0.0,ASIANPAINT.NS,1535
2026-03-13 00:00:00+05:30,2204.699951171875,2219.699951171875,2190.0,2196.800048828125,949233,0.0,0.0,ASIANPAINT.NS,1536
2026-03-16 00:00:00+05:30,2185.39990234375,2227.800048828125,2175.10009765625,2217.699951171875,1111587,0.0,0.0,ASIANPAINT.NS,1537
2026-03-17 00:00:00+05:30,2217.699951171875,2261.5,2217.199951171875,2238.199951171875,875461,0.0,0.0,ASIANPAINT.NS,1538
2026-03-18 00:00:00+05:30,2235.10009765625,2270.39990234375,2228.60009765625,2262.10009765625,844912,0.0,0.0,ASIANPAINT.NS,1539
2026-03-19 00:00:00+05:30,2220.0,2239.0,2180.60009765625,2186.0,889334,0.0,0.0,ASIANPAINT.NS,1540
2026-03-20 00:00:00+05:30,2210.89990234375,2224.5,2185.0,2195.39990234375,875920,0.0,0.0,ASIANPAINT.NS,1541
2026-03-23 00:00:00+05:30,2180.0,2180.0,2115.0,2121.300048828125,978398,0.0,0.0,ASIANPAINT.NS,1542
2026-03-24 00:00:00+05:30,2184.0,2224.5,2153.300048828125,2217.300048828125,1561016,0.0,0.0,ASIANPAINT.NS,1543
2026-03-25 00:00:00+05:30,2225.10009765625,2289.699951171875,2222.0,2270.199951171875,1270855,0.0,0.0,ASIANPAINT.NS,1544
2026-03-27 00:00:00+05:30,2246.300048828125,2269.0,2201.10009765625,2207.39990234375,1089010,0.0,0.0,ASIANPAINT.NS,1545
2026-03-30 00:00:00+05:30,2185.300048828125,2202.89990234375,2151.0,2165.199951171875,1513565,0.0,0.0,ASIANPAINT.NS,1546
2026-04-01 00:00:00+05:30,2224.800048828125,2246.60009765625,2198.39990234375,2225.800048828125,1209900,0.0,0.0,ASIANPAINT.NS,1547
2026-04-02 00:00:00+05:30,2185.0,2185.10009765625,2142.39990234375,2169.0,1854061,0.0,0.0,ASIANPAINT.NS,1548
2026-04-06 00:00:00+05:30,2169.0,2193.199951171875,2145.89990234375,2184.300048828125,2048228,0.0,0.0,ASIANPAINT.NS,1549
2026-04-07 00:00:00+05:30,2167.699951171875,2198.699951171875,2145.0,2186.199951171875,1793007,0.0,0.0,ASIANPAINT.NS,1550
2026-04-08 00:00:00+05:30,2284.5,2336.89990234375,2245.199951171875,2282.39990234375,2914767,0.0,0.0,ASIANPAINT.NS,1551
2026-04-09 00:00:00+05:30,2275.0,2289.60009765625,2252.0,2269.60009765625,1980060,0.0,0.0,ASIANPAINT.NS,1552
2026-04-10 00:00:00+05:30,2267.699951171875,2376.89990234375,2267.699951171875,2360.699951171875,3018178,0.0,0.0,ASIANPAINT.NS,1553
2026-04-13 00:00:00+05:30,2279.89990234375,2362.5,2262.0,2352.39990234375,1734562,0.0,0.0,ASIANPAINT.NS,1554
2026-04-15 00:00:00+05:30,2400.5,2426.0,2381.0,2423.10009765625,1182431,0.0,0.0,ASIANPAINT.NS,1555
2026-04-16 00:00:00+05:30,2435.0,2446.60009765625,2411.60009765625,2440.300048828125,1496210,0.0,0.0,ASIANPAINT.NS,1556
2026-04-17 00:00:00+05:30,2425.0,2486.10009765625,2417.5,2464.0,1286575,0.0,0.0,ASIANPAINT.NS,1557
2026-04-20 00:00:00+05:30,2470.0,2523.800048828125,2456.5,2516.800048828125,1203157,0.0,0.0,ASIANPAINT.NS,1558
2026-04-21 00:00:00+05:30,2516.300048828125,2582.0,2513.699951171875,2543.60009765625,1681872,0.0,0.0,ASIANPAINT.NS,1559
2026-04-22 00:00:00+05:30,2500.0,2572.0,2500.0,2562.89990234375,1126584,0.0,0.0,ASIANPAINT.NS,1560
2026-04-23 00:00:00+05:30,2530.0,2541.699951171875,2510.0,2521.39990234375,1378614,0.0,0.0,ASIANPAINT.NS,1561
2026-04-24 00:00:00+05:30,2521.39990234375,2538.89990234375,2470.699951171875,2485.10009765625,436871,0.0,0.0,ASIANPAINT.NS,1562
2026-04-27 00:00:00+05:30,2503.0,2519.800048828125,2475.5,2485.199951171875,452134,0.0,0.0,ASIANPAINT.NS,1563
2026-04-28 00:00:00+05:30,2475.0,2499.0,2456.10009765625,2462.60009765625,556571,0.0,0.0,ASIANPAINT.NS,1564
2026-04-29 00:00:00+05:30,2469.89990234375,2477.89990234375,2438.60009765625,2447.300048828125,603585,0.0,0.0,ASIANPAINT.NS,1565
2026-04-30 00:00:00+05:30,2426.699951171875,2455.89990234375,2385.5,2444.5,823684,0.0,0.0,ASIANPAINT.NS,1566
2026-05-01 00:00:00+05:30,2444.5,2444.5,2444.5,2444.5,0,0.0,0.0,ASIANPAINT.NS,1567
2026-05-04 00:00:00+05:30,2460.0,2507.0,2442.300048828125,2448.10009765625,581159,0.0,0.0,ASIANPAINT.NS,1568
2026-05-05 00:00:00+05:30,2430.0,2454.89990234375,2415.0,2430.0,327682,0.0,0.0,ASIANPAINT.NS,1569
2026-05-06 00:00:00+05:30,2460.0,2529.0,2440.39990234375,2519.0,1395987,0.0,0.0,ASIANPAINT.NS,1570
2026-05-07 00:00:00+05:30,2534.60009765625,2555.800048828125,2511.300048828125,2530.60009765625,1053513,0.0,0.0,ASIANPAINT.NS,1571
2026-05-08 00:00:00+05:30,2540.0,2607.39990234375,2515.39990234375,2599.89990234375,2327900,0.0,0.0,ASIANPAINT.NS,1572
2026-05-11 00:00:00+05:30,2578.89990234375,2607.89990234375,2555.0,2566.10009765625,1271257,0.0,0.0,ASIANPAINT.NS,1573
2026-05-12 00:00:00+05:30,2546.199951171875,2555.699951171875,2500.0,2505.5,628802,0.0,0.0,ASIANPAINT.NS,1574
2026-05-13 00:00:00+05:30,2554.0,2642.39990234375,2554.0,2617.60009765625,3515018,0.0,0.0,ASIANPAINT.NS,1575
2026-05-14 00:00:00+05:30,2620.0,2665.699951171875,2610.0,2622.199951171875,1040916,0.0,0.0,ASIANPAINT.NS,1576
2026-05-15 00:00:00+05:30,2622.199951171875,2640.0,2592.800048828125,2605.60009765625,796240,0.0,0.0,ASIANPAINT.NS,1577
2026-05-18 00:00:00+05:30,2580.10009765625,2619.39990234375,2556.0,2614.0,898479,0.0,0.0,ASIANPAINT.NS,1578
2026-05-19 00:00:00+05:30,2629.0,2646.0,2595.10009765625,2600.699951171875,688639,0.0,0.0,ASIANPAINT.NS,1579
2026-05-20 00:00:00+05:30,2562.0,2614.0,2562.0,2598.60009765625,586190,0.0,0.0,ASIANPAINT.NS,1580
2026-05-21 00:00:00+05:30,2625.0,2648.300048828125,2590.800048828125,2598.800048828125,1031843,0.0,0.0,ASIANPAINT.NS,1581
2026-05-22 00:00:00+05:30,2606.10009765625,2664.699951171875,2600.199951171875,2639.800048828125,1556434,0.0,0.0,ASIANPAINT.NS,1582
2026-05-25 00:00:00+05:30,2672.0,2684.10009765625,2653.199951171875,2657.800048828125,815621,0.0,0.0,ASIANPAINT.NS,1583
2026-05-26 00:00:00+05:30,2650.0,2664.300048828125,2635.89990234375,2647.0,486267,0.0,0.0,ASIANPAINT.NS,1584
2026-05-27 00:00:00+05:30,2644.800048828125,2689.60009765625,2642.0,2671.89990234375,858457,0.0,0.0,ASIANPAINT.NS,1585
2026-05-28 00:00:00+05:30,2671.89990234375,2671.89990234375,2671.89990234375,2671.89990234375,0,0.0,0.0,ASIANPAINT.NS,1586
2026-05-29 00:00:00+05:30,2676.10009765625,2748.199951171875,2631.60009765625,2671.60009765625,5062328,0.0,0.0,ASIANPAINT.NS,1587
