Date,Open,High,Low,Close,Volume,Dividends,Stock Splits,Symbol,time_idx
2020-01-01 00:00:00+05:30,939.3583431409223,940.5998469100305,932.5724337513172,935.2149658203125,636680,0.0,0.0,BAJAJFINSV.NS,0
2020-01-02 00:00:00+05:30,935.2199688064389,950.4222124798398,935.2149779587878,947.8943481445312,1578910,0.0,0.0,BAJAJFINSV.NS,1
2020-01-03 00:00:00+05:30,943.8457991224145,947.7947162944421,929.7853630690435,931.9642333984375,1824790,0.0,0.0,BAJAJFINSV.NS,2
2020-01-06 00:00:00+05:30,931.2810428693653,931.2810428693653,899.6699285580042,901.734130859375,2442890,0.0,0.0,BAJAJFINSV.NS,3
2020-01-07 00:00:00+05:30,909.94098785202,923.901726295777,903.9628050804017,907.0142211914062,2426760,0.0,0.0,BAJAJFINSV.NS,4
2020-01-08 00:00:00+05:30,894.5842138614964,914.1143130273397,893.6468474943599,911.9852905273438,2697180,0.0,0.0,BAJAJFINSV.NS,5
2020-01-09 00:00:00+05:30,947.3260005164326,947.3260005164326,918.3176096291586,936.890380859375,2141970,0.0,0.0,BAJAJFINSV.NS,6
2020-01-10 00:00:00+05:30,934.8859053823475,940.8391342679563,931.2112418035571,934.5966796875,1393930,0.0,0.0,BAJAJFINSV.NS,7
2020-01-13 00:00:00+05:30,937.343980227359,944.1448621006889,933.8737587210829,942.8734741210938,1507130,0.0,0.0,BAJAJFINSV.NS,8
2020-01-14 00:00:00+05:30,941.9509964554853,955.2934792605761,937.8924636780262,952.8054809570312,1628990,0.0,0.0,BAJAJFINSV.NS,9
2020-01-15 00:00:00+05:30,951.3097236243983,959.2025665293088,947.4954379056458,956.2258911132812,1372300,0.0,0.0,BAJAJFINSV.NS,10
2020-01-16 00:00:00+05:30,956.3105908931666,961.2965689478755,953.8225927129861,959.5166015625,1357820,0.0,0.0,BAJAJFINSV.NS,11
2020-01-17 00:00:00+05:30,958.7039824142262,971.2985691331553,957.4075792966831,968.775634765625,2841290,0.0,0.0,BAJAJFINSV.NS,12
2020-01-20 00:00:00+05:30,969.7727949589881,973.6967575096866,952.3218706281066,954.5905151367188,1841980,0.0,0.0,BAJAJFINSV.NS,13
2020-01-21 00:00:00+05:30,955.7073286866384,959.8007972858583,948.1535595897462,950.7562255859375,1745070,0.0,0.0,BAJAJFINSV.NS,14
2020-01-22 00:00:00+05:30,956.310652419952,957.3078480950511,946.8372935065114,952.0725708007812,1395250,0.0,0.0,BAJAJFINSV.NS,15
2020-01-23 00:00:00+05:30,952.0725641359843,956.9089387807609,945.755307667417,950.7462768554688,1812800,0.0,0.0,BAJAJFINSV.NS,16
2020-01-24 00:00:00+05:30,949.2504468626498,962.29378274215,945.351438730348,960.67333984375,1239780,0.0,0.0,BAJAJFINSV.NS,17
2020-01-27 00:00:00+05:30,956.3106772822981,962.1841745686902,950.8261009266646,953.0797729492188,1131280,0.0,0.0,BAJAJFINSV.NS,18
2020-01-28 00:00:00+05:30,953.079689310799,968.2769407225206,950.3274196792607,960.4290161132812,1904690,0.0,0.0,BAJAJFINSV.NS,19
2020-01-29 00:00:00+05:30,962.1940823832958,990.115559868067,962.1940823832958,986.6502685546875,5019130,0.0,0.0,BAJAJFINSV.NS,20
2020-01-30 00:00:00+05:30,989.6170370817041,992.2097215562529,957.6419545248315,961.2617797851562,4128250,0.0,0.0,BAJAJFINSV.NS,21
2020-01-31 00:00:00+05:30,968.0774558903153,968.0774558903153,938.3610398098365,941.4922485351562,3295410,0.0,0.0,BAJAJFINSV.NS,22
2020-02-03 00:00:00+05:30,892.9887437807101,920.9102232065727,886.0083739242446,906.0669555664062,5025510,0.0,0.0,BAJAJFINSV.NS,23
2020-02-04 00:00:00+05:30,915.4255772955797,959.7908006007839,913.5608263590968,950.8160400390625,4636970,0.0,0.0,BAJAJFINSV.NS,24
2020-02-05 00:00:00+05:30,951.3247167752179,965.6843594872349,943.1178154770007,956.4503173828125,3245400,0.0,0.0,BAJAJFINSV.NS,25
2020-02-06 00:00:00+05:30,957.3077706904852,968.1772270157957,953.3189883126082,959.272216796875,2713430,0.0,0.0,BAJAJFINSV.NS,26
2020-02-07 00:00:00+05:30,958.3050603435127,964.6522011870492,953.4237679530056,959.63134765625,1426260,0.0,0.0,BAJAJFINSV.NS,27
2020-02-10 00:00:00+05:30,957.8064015841878,963.0865353974377,950.4271295845331,960.000244140625,1435280,0.0,0.0,BAJAJFINSV.NS,28
2020-02-11 00:00:00+05:30,961.6456168142613,978.2489490100288,961.6456168142613,970.430908203125,1955790,0.0,0.0,BAJAJFINSV.NS,29
2020-02-12 00:00:00+05:30,971.0691240571758,981.3352363616201,965.8089534554103,974.4446411132812,1885280,0.0,0.0,BAJAJFINSV.NS,30
2020-02-13 00:00:00+05:30,973.063509402312,976.753145504018,966.1828958911234,968.9949340820312,1366300,0.0,0.0,BAJAJFINSV.NS,31
2020-02-14 00:00:00+05:30,970.7699914309549,976.7531654921627,962.5979655553427,966.3324584960938,1392370,0.0,0.0,BAJAJFINSV.NS,32
2020-02-17 00:00:00+05:30,967.2598607815374,975.780941817582,948.7868470496409,950.2128295898438,1754010,0.0,0.0,BAJAJFINSV.NS,33
2020-02-18 00:00:00+05:30,950.0282889830963,953.8126293574642,938.9593809704282,950.277587890625,2663840,0.0,0.0,BAJAJFINSV.NS,34
2020-02-19 00:00:00+05:30,955.3134058501284,975.2573182895883,955.3134058501284,973.1282958984375,2211320,0.0,0.0,BAJAJFINSV.NS,35
2020-02-20 00:00:00+05:30,973.0635425391476,979.9990556079381,966.6565724009973,968.2470703125,1670200,0.0,0.0,BAJAJFINSV.NS,36
2020-02-24 00:00:00+05:30,965.2853932051106,965.2853932051106,942.1803869406624,944.03515625,1993290,0.0,0.0,BAJAJFINSV.NS,37
2020-02-25 00:00:00+05:30,947.3359291697425,952.32190774432,932.4876703672913,949.8289184570312,2220180,0.0,0.0,BAJAJFINSV.NS,38
2020-02-26 00:00:00+05:30,942.8484841440913,946.8272850369842,933.3751254985399,936.0675659179688,1755170,0.0,0.0,BAJAJFINSV.NS,39
2020-02-27 00:00:00+05:30,935.8680833552884,946.807290021668,924.0812238989622,938.16162109375,2075830,0.0,0.0,BAJAJFINSV.NS,40
2020-02-28 00:00:00+05:30,924.4502778179477,926.0508183321955,880.0302116198712,902.5369262695312,5378520,0.0,0.0,BAJAJFINSV.NS,41
2020-03-02 00:00:00+05:30,927.3919533283212,927.3919533283212,878.3299152375082,888.9500732421875,3090310,0.0,0.0,BAJAJFINSV.NS,42
2020-03-03 00:00:00+05:30,897.9797554739724,909.6185489368651,866.0515863904534,894.3529052734375,5507290,0.5,0.0,BAJAJFINSV.NS,43
2020-03-04 00:00:00+05:30,897.9797575545374,904.6247809652551,857.3960734691332,877.9946899414062,4402510,0.0,0.0,BAJAJFINSV.NS,44
2020-03-05 00:00:00+05:30,885.0089361149915,894.9864889460512,874.1383728181441,885.9967041015625,3198530,0.0,0.0,BAJAJFINSV.NS,45
2020-03-06 00:00:00+05:30,855.0763000459084,860.5639542469031,838.1144597882882,858.3888549804688,4086990,0.0,0.0,BAJAJFINSV.NS,46
2020-03-09 00:00:00+05:30,842.0056836034067,843.1031900240605,814.1682876445366,818.8677368164062,3705070,0.0,0.0,BAJAJFINSV.NS,47
2020-03-11 00:00:00+05:30,816.1638277013233,837.8251169833318,810.9804816589384,823.5472412109375,3723450,0.0,0.0,BAJAJFINSV.NS,48
2020-03-12 00:00:00+05:30,788.2266895148985,796.4033015322647,738.3389243557276,742.1353759765625,6191940,0.0,0.0,BAJAJFINSV.NS,49
2020-03-13 00:00:00+05:30,678.4735440352247,786.6202460595707,650.9604318897555,772.4620971679688,5956730,0.0,0.0,BAJAJFINSV.NS,50
2020-03-16 00:00:00+05:30,743.3276797887042,754.9515531003644,718.3837979166001,747.87744140625,5622460,0.0,0.0,BAJAJFINSV.NS,51
2020-03-17 00:00:00+05:30,748.416185421465,750.5065143281905,694.1183620033196,700.1747436523438,4476050,0.0,0.0,BAJAJFINSV.NS,52
2020-03-18 00:00:00+05:30,713.395048300394,718.3838248619353,624.3353993800561,629.6035766601562,6444600,0.0,0.0,BAJAJFINSV.NS,53
2020-03-19 00:00:00+05:30,585.1834480733811,619.1919573412684,543.0432701409751,577.2512817382812,8166380,0.0,0.0,BAJAJFINSV.NS,54
2020-03-20 00:00:00+05:30,571.2348496699265,637.760168137994,568.7204869769372,621.9058227539062,6574680,0.0,0.0,BAJAJFINSV.NS,55
2020-03-23 00:00:00+05:30,562.7339826552937,587.7177531533933,443.9013217175258,461.0677185058594,6879880,0.0,0.0,BAJAJFINSV.NS,56
2020-03-24 00:00:00+05:30,488.90009361370267,506.8596888893081,415.09113971761485,448.765380859375,15587800,0.0,0.0,BAJAJFINSV.NS,57
2020-03-25 00:00:00+05:30,444.0011070306301,490.89560597543823,439.0173241954754,481.94573974609375,7972700,0.0,0.0,BAJAJFINSV.NS,58
2020-03-26 00:00:00+05:30,496.3832691390536,554.2331028067855,481.4368835608978,513.569580078125,10191230,0.0,0.0,BAJAJFINSV.NS,59
2020-03-27 00:00:00+05:30,546.4705722264251,564.7294814432831,466.4505875878708,487.9621887207031,12917940,0.0,0.0,BAJAJFINSV.NS,60
2020-03-30 00:00:00+05:30,468.94498409549095,476.88710764081407,454.4775324585024,465.0686950683594,7509110,0.0,0.0,BAJAJFINSV.NS,61
2020-03-31 00:00:00+05:30,479.9203077229042,486.8596825586015,442.00560565747725,458.08941650390625,11561100,0.0,0.0,BAJAJFINSV.NS,62
2020-04-01 00:00:00+05:30,454.97642990094926,465.7222438297055,444.9988766136477,449.1794738769531,7577660,0.0,0.0,BAJAJFINSV.NS,63
2020-04-03 00:00:00+05:30,454.9764019953959,463.55710338600113,442.005583517457,450.0624694824219,7223110,0.0,0.0,BAJAJFINSV.NS,64
2020-04-07 00:00:00+05:30,460.96293918470286,480.7983190154117,431.9332481061794,471.42938232421875,11307140,0.0,0.0,BAJAJFINSV.NS,65
2020-04-08 00:00:00+05:30,456.4730652991401,493.8888903236598,452.7614142387447,459.8155517578125,11130550,0.0,0.0,BAJAJFINSV.NS,66
2020-04-09 00:00:00+05:30,469.44386940293424,483.7117580361882,465.1535337856832,480.9429931640625,8642210,0.0,0.0,BAJAJFINSV.NS,67
2020-04-13 00:00:00+05:30,483.31266757173694,483.31266757173694,445.9317684206507,448.1318359375,8916950,0.0,0.0,BAJAJFINSV.NS,68
2020-04-15 00:00:00+05:30,454.07845435349304,465.37801513609344,446.99438545842156,458.8776550292969,9830710,0.0,0.0,BAJAJFINSV.NS,69
2020-04-16 00:00:00+05:30,455.9741896714659,474.9315411020083,449.86793187200664,468.90509033203125,7473540,0.0,0.0,BAJAJFINSV.NS,70
2020-04-17 00:00:00+05:30,486.50548912752413,512.447096412207,484.4151905613987,498.84771728515625,13522230,0.0,0.0,BAJAJFINSV.NS,71
2020-04-20 00:00:00+05:30,507.4383790797403,507.8574497049879,470.9854158455127,487.12908935546875,9031520,0.0,0.0,BAJAJFINSV.NS,72
2020-04-21 00:00:00+05:30,473.8340042548337,473.8340042548337,456.47306745141486,458.47357177734375,6709420,0.0,0.0,BAJAJFINSV.NS,73
2020-04-22 00:00:00+05:30,457.47079654918616,480.4840245519758,447.49324373459103,476.50299072265625,7921490,0.0,0.0,BAJAJFINSV.NS,74
2020-04-23 00:00:00+05:30,478.9225519008865,484.70952055672524,469.44887004294924,471.8983459472656,6918170,0.0,0.0,BAJAJFINSV.NS,75
2020-04-24 00:00:00+05:30,466.4506313637522,466.4506313637522,435.5202151663697,437.9946594238281,10218670,0.0,0.0,BAJAJFINSV.NS,76
2020-04-27 00:00:00+05:30,442.0255336027873,465.9517162015261,427.83745228977995,460.7135009765625,11338730,0.0,0.0,BAJAJFINSV.NS,77
2020-04-28 00:00:00+05:30,468.0470362657989,489.8978721304795,457.08667801811754,485.08868408203125,15204120,0.0,0.0,BAJAJFINSV.NS,78
2020-04-29 00:00:00+05:30,485.4179477043694,505.86194435069626,481.1575130248949,498.7429504394531,15234930,0.0,0.0,BAJAJFINSV.NS,79
2020-04-30 00:00:00+05:30,509.6533554828284,516.3383276533316,503.95118804002385,509.2891845703125,10643520,0.0,0.0,BAJAJFINSV.NS,80
2020-05-04 00:00:00+05:30,491.09514387490054,492.881103840504,470.9404757419097,475.16595458984375,8107070,0.0,0.0,BAJAJFINSV.NS,81
2020-05-05 00:00:00+05:30,487.90233432568857,490.8956001804474,459.96518634793955,461.8808898925781,8158860,0.0,0.0,BAJAJFINSV.NS,82
2020-05-06 00:00:00+05:30,463.656879297881,477.90482312499796,453.1804491176752,468.236572265625,12628290,0.0,0.0,BAJAJFINSV.NS,83
2020-05-07 00:00:00+05:30,466.7499440461177,478.5234755337423,462.9584858673521,466.2909851074219,6454310,0.0,0.0,BAJAJFINSV.NS,84
2020-05-08 00:00:00+05:30,475.7297258500802,476.7673999117923,456.70751818022705,459.0672302246094,4885760,0.0,0.0,BAJAJFINSV.NS,85
2020-05-11 00:00:00+05:30,467.67785469318375,470.7110088945775,452.99089539758984,454.77685546875,5852300,0.0,0.0,BAJAJFINSV.NS,86
2020-05-12 00:00:00+05:30,451.7835767873918,470.52141965246915,444.5498510364843,465.7721252441406,10188930,0.0,0.0,BAJAJFINSV.NS,87
2020-05-13 00:00:00+05:30,493.68930111785755,503.8664171690201,476.7374486284889,480.5588684082031,6987500,0.0,0.0,BAJAJFINSV.NS,88
2020-05-14 00:00:00+05:30,475.92925872083487,492.6765844032965,470.94048242397076,477.94970703125,7928120,0.0,0.0,BAJAJFINSV.NS,89
2020-05-15 00:00:00+05:30,478.12433799525496,482.2799667752229,469.0447589402435,471.2647705078125,3951110,0.0,0.0,BAJAJFINSV.NS,90
2020-05-18 00:00:00+05:30,471.39947081553095,472.84123456332134,444.1008998264284,445.54266357421875,6469410,0.0,0.0,BAJAJFINSV.NS,91
2020-05-19 00:00:00+05:30,450.985371251042,458.4685355970217,442.3298566704883,452.52691650390625,5741510,0.0,0.0,BAJAJFINSV.NS,92
2020-05-20 00:00:00+05:30,453.7790573063162,472.92098857331007,451.1300184418579,469.14947509765625,5828770,0.0,0.0,BAJAJFINSV.NS,93
2020-05-21 00:00:00+05:30,471.4393723337375,473.20538822716196,450.4865113411269,452.9010925292969,10925960,0.0,0.0,BAJAJFINSV.NS,94
2020-05-22 00:00:00+05:30,449.89783762816296,456.8172680693335,407.782595722434,430.5862731933594,27250160,0.0,0.0,BAJAJFINSV.NS,95
2020-05-26 00:00:00+05:30,435.02131236346787,439.0123335778116,404.27048659917125,408.8052978515625,15756010,0.0,0.0,BAJAJFINSV.NS,96
2020-05-27 00:00:00+05:30,409.0796671458544,426.734954234476,397.6354128006647,424.84918212890625,24986770,0.0,0.0,BAJAJFINSV.NS,97
2020-05-28 00:00:00+05:30,424.04600304424577,431.5291678038501,420.2395641339344,427.6329345703125,12472560,0.0,0.0,BAJAJFINSV.NS,98
2020-05-29 00:00:00+05:30,423.04824561160416,441.90082097265235,419.20688163121207,439.501220703125,13944250,0.0,0.0,BAJAJFINSV.NS,99
2020-06-01 00:00:00+05:30,448.9898676670391,483.44734927621954,446.67007450446306,475.25079345703125,21106170,0.0,0.0,BAJAJFINSV.NS,100
2020-06-02 00:00:00+05:30,478.31893936531554,522.6242667162146,473.2004797368604,517.3062133789062,26933530,0.0,0.0,BAJAJFINSV.NS,101
2020-06-03 00:00:00+05:30,533.2004932378607,551.7387441362572,520.5389751768046,527.41845703125,24123590,0.0,0.0,BAJAJFINSV.NS,102
2020-06-04 00:00:00+05:30,527.712846126694,532.3972540568276,505.662415636089,512.5269775390625,19944190,0.0,0.0,BAJAJFINSV.NS,103
2020-06-05 00:00:00+05:30,515.0412375777314,527.3136141474182,508.4809850707247,522.4645385742188,15138920,0.0,0.0,BAJAJFINSV.NS,104
2020-06-08 00:00:00+05:30,534.7969171857114,548.2666156596053,534.7969171857114,542.8737182617188,13966100,0.0,0.0,BAJAJFINSV.NS,105
2020-06-09 00:00:00+05:30,548.7653908103638,551.1550341359363,523.8265030580246,529.8878784179688,11634230,0.0,0.0,BAJAJFINSV.NS,106
2020-06-10 00:00:00+05:30,529.8879460081026,533.2005011883977,514.8417777766352,521.1276245117188,11622530,0.0,0.0,BAJAJFINSV.NS,107
2020-06-11 00:00:00+05:30,518.8327351501331,527.313654859318,511.84844833080444,514.6421508789062,10573320,0.0,0.0,BAJAJFINSV.NS,108
2020-06-12 00:00:00+05:30,488.9001096934357,532.7015928599249,488.9001096934357,527.408447265625,16552510,0.0,0.0,BAJAJFINSV.NS,109
2020-06-15 00:00:00+05:30,526.9145238841802,526.9145238841802,506.5204345595211,509.21435546875,10234910,0.0,0.0,BAJAJFINSV.NS,110
2020-06-16 00:00:00+05:30,523.8214971375972,525.8170076028833,496.9519560302977,511.6788330078125,11691030,0.0,0.0,BAJAJFINSV.NS,111
2020-06-17 00:00:00+05:30,502.4695736010985,511.8484673020024,499.6658836527777,502.5643615722656,10498590,0.0,0.0,BAJAJFINSV.NS,112
2020-06-18 00:00:00+05:30,502.5643625896123,548.665663226989,501.02781090355785,541.5366821289062,18061720,0.0,0.0,BAJAJFINSV.NS,113
2020-06-19 00:00:00+05:30,543.7766267145254,595.6898630795026,543.1580233137846,588.6556396484375,35955630,0.0,0.0,BAJAJFINSV.NS,114
2020-06-22 00:00:00+05:30,595.5601831392113,633.5746369999471,594.6621789794779,616.9669799804688,25140100,0.0,0.0,BAJAJFINSV.NS,115
2020-06-23 00:00:00+05:30,626.0915041990552,636.7674990000886,607.7128670555642,630.5465087890625,19812860,0.0,0.0,BAJAJFINSV.NS,116
2020-06-24 00:00:00+05:30,644.0510889628026,644.0510889628026,596.6975973536813,603.2478637695312,18864900,0.0,0.0,BAJAJFINSV.NS,117
2020-06-25 00:00:00+05:30,595.2607925933517,611.1251263551374,590.6961107762404,600.763427734375,19002920,0.0,0.0,BAJAJFINSV.NS,118
2020-06-26 00:00:00+05:30,607.5332143845698,611.9781703105459,585.682349392112,593.2952270507812,10672470,0.0,0.0,BAJAJFINSV.NS,119
2020-06-29 00:00:00+05:30,581.8909325294902,592.3972647021005,573.839039544031,587.6978759765625,10102710,0.0,0.0,BAJAJFINSV.NS,120
2020-06-30 00:00:00+05:30,597.6554125045658,603.0083598361323,580.2745325847128,583.2029418945312,9766720,0.0,0.0,BAJAJFINSV.NS,121
2020-07-01 00:00:00+05:30,580.4939707126995,618.0893798287497,578.9624432560104,615.5501098632812,17242340,0.0,0.0,BAJAJFINSV.NS,122
2020-07-02 00:00:00+05:30,618.6032710689276,625.293237176745,609.892887087012,617.4907836914062,15292260,0.0,0.0,BAJAJFINSV.NS,123
2020-07-03 00:00:00+05:30,620.6037811544155,622.4296903594544,611.4244204432413,613.5596313476562,8330750,0.0,0.0,BAJAJFINSV.NS,124
2020-07-06 00:00:00+05:30,620.3044488673812,630.6810668910673,614.716982948645,627.0891723632812,12201780,0.0,0.0,BAJAJFINSV.NS,125
2020-07-07 00:00:00+05:30,630.8807624785156,661.4819052542732,626.0965421197747,657.48095703125,20073540,0.0,0.0,BAJAJFINSV.NS,126
2020-07-08 00:00:00+05:30,658.5185133659603,666.5005559522143,635.5601536335427,639.1021728515625,14003560,0.0,0.0,BAJAJFINSV.NS,127
2020-07-09 00:00:00+05:30,641.606572587762,662.3099963245219,636.0690425149102,655.4454345703125,13227850,0.0,0.0,BAJAJFINSV.NS,128
2020-07-10 00:00:00+05:30,650.0376134160239,663.0084330237113,642.6541994339249,646.9246215820312,12206400,0.0,0.0,BAJAJFINSV.NS,129
2020-07-13 00:00:00+05:30,655.9243822926173,657.7602180080232,638.5634150857134,644.6946411132812,8107250,0.0,0.0,BAJAJFINSV.NS,130
2020-07-14 00:00:00+05:30,644.5499009313277,644.5499009313277,619.7057704835388,622.9434814453125,11287050,0.0,0.0,BAJAJFINSV.NS,131
2020-07-15 00:00:00+05:30,630.5813376648512,642.5394200934619,608.93003588502,615.4603271484375,9813900,0.0,0.0,BAJAJFINSV.NS,132
2020-07-16 00:00:00+05:30,618.608317748742,626.5903605584032,605.1386205074388,625.083740234375,8304120,0.0,0.0,BAJAJFINSV.NS,133
2020-07-17 00:00:00+05:30,628.5807945893318,636.8521634350266,626.5902777984322,634.73193359375,5700380,0.0,0.0,BAJAJFINSV.NS,134
2020-07-20 00:00:00+05:30,638.5633940825269,662.0106437089946,636.567883476019,660.5289916992188,12218330,0.0,0.0,BAJAJFINSV.NS,135
2020-07-21 00:00:00+05:30,667.37855900876,669.4937953382748,632.422168542642,637.0018920898438,18624970,0.0,0.0,BAJAJFINSV.NS,136
2020-07-22 00:00:00+05:30,658.4187428459683,658.4187428459683,625.6923204854355,633.315185546875,21580510,0.0,0.0,BAJAJFINSV.NS,137
2020-07-23 00:00:00+05:30,635.5651200482357,644.0460399327258,629.8978773626133,636.7025756835938,9248500,0.0,0.0,BAJAJFINSV.NS,138
2020-07-24 00:00:00+05:30,629.3790611573818,634.0735170724774,621.1026976831113,625.62255859375,8746470,0.0,0.0,BAJAJFINSV.NS,139
2020-07-27 00:00:00+05:30,626.4905325086659,630.087420621002,612.2026703247942,615.9342651367188,6562030,0.0,0.0,BAJAJFINSV.NS,140
2020-07-28 00:00:00+05:30,616.1138990077409,637.3012182309368,616.0141478367975,632.8562622070312,8378220,0.0,0.0,BAJAJFINSV.NS,141
2020-07-29 00:00:00+05:30,630.9903900340684,641.0577676077162,627.8425037916861,631.4393920898438,7645410,0.0,0.0,BAJAJFINSV.NS,142
2020-07-30 00:00:00+05:30,636.2934404153074,640.6586196201193,614.6172320375284,616.373291015625,6100800,0.0,0.0,BAJAJFINSV.NS,143
2020-07-31 00:00:00+05:30,620.6037685634782,629.0846882303424,610.6262160142261,619.1969604492188,7497100,0.0,0.0,BAJAJFINSV.NS,144
2020-08-03 00:00:00+05:30,620.9030895661648,620.9030895661648,604.639690917486,608.9450073242188,5095980,0.0,0.0,BAJAJFINSV.NS,145
2020-08-04 00:00:00+05:30,614.6273185678216,621.4020558641661,605.8271085623126,614.81689453125,6165030,0.0,0.0,BAJAJFINSV.NS,146
2020-08-05 00:00:00+05:30,621.1026432547259,633.0757062572266,617.450885834148,622.8038330078125,6954490,0.0,0.0,BAJAJFINSV.NS,147
2020-08-06 00:00:00+05:30,626.5853834522911,635.570175498976,622.7989188459746,628.1568603515625,6261130,0.0,0.0,BAJAJFINSV.NS,148
2020-08-07 00:00:00+05:30,627.0891672051672,648.5409048263464,623.597023871487,645.2633056640625,8257710,0.0,0.0,BAJAJFINSV.NS,149
2020-08-10 00:00:00+05:30,649.5336870514284,655.5252123189812,635.2707925198054,638.8427734375,6052400,0.0,0.0,BAJAJFINSV.NS,150
2020-08-11 00:00:00+05:30,643.5521550731913,648.1418049981745,637.6653745667504,642.5892944335938,4306670,0.0,0.0,BAJAJFINSV.NS,151
2020-08-12 00:00:00+05:30,638.5633906561251,638.5633906561251,630.0924579206566,634.29296875,3854220,0.0,0.0,BAJAJFINSV.NS,152
2020-08-13 00:00:00+05:30,638.5634227362204,641.7562520295323,630.9904328495205,633.5746459960938,3905850,0.0,0.0,BAJAJFINSV.NS,153
2020-08-14 00:00:00+05:30,637.5656111581575,638.5633664181859,617.6105059575891,623.2677612304688,4217200,0.0,0.0,BAJAJFINSV.NS,154
2020-08-17 00:00:00+05:30,628.5857759096152,630.4914615461577,618.7079750717778,625.502685546875,4359390,0.0,0.0,BAJAJFINSV.NS,155
2020-08-18 00:00:00+05:30,627.5880800230706,636.0690000233824,622.7988667907599,632.8811645507812,4571440,0.0,0.0,BAJAJFINSV.NS,156
2020-08-19 00:00:00+05:30,636.0689494575967,641.0577255317738,626.8895893014815,628.4910278320312,4928450,0.0,0.0,BAJAJFINSV.NS,157
2020-08-20 00:00:00+05:30,624.0959288708431,629.9827093937128,621.7062854831224,627.533203125,3149380,0.0,0.0,BAJAJFINSV.NS,158
2020-08-21 00:00:00+05:30,633.1855309216207,635.1710543961427,624.5998653121248,626.829833984375,3032040,0.0,0.0,BAJAJFINSV.NS,159
2020-08-24 00:00:00+05:30,629.9677422314929,644.0360676557685,628.0071262643457,638.6082763671875,5861090,0.0,0.0,BAJAJFINSV.NS,160
2020-08-25 00:00:00+05:30,642.5494025987738,650.7360016707626,638.6631263204001,648.8003540039062,7483450,0.0,0.0,BAJAJFINSV.NS,161
2020-08-26 00:00:00+05:30,652.0330886807047,668.4960511340048,650.6112995575498,654.9664916992188,10013470,0.0,0.0,BAJAJFINSV.NS,162
2020-08-27 00:00:00+05:30,659.0123355416499,659.0123355416499,647.2937052411588,651.6090087890625,4618820,0.0,0.0,BAJAJFINSV.NS,163
2020-08-28 00:00:00+05:30,656.5229675718414,663.5072544609035,650.0375583177122,653.085693359375,4901660,0.0,0.0,BAJAJFINSV.NS,164
2020-08-31 00:00:00+05:30,658.9675229358529,665.5028081980472,612.1228977953552,617.6454467773438,11799190,0.0,0.0,BAJAJFINSV.NS,165
2020-09-01 00:00:00+05:30,623.5970508952913,638.2390974706829,613.2753017399842,634.532470703125,8073470,0.0,0.0,BAJAJFINSV.NS,166
2020-09-02 00:00:00+05:30,635.2708024986193,640.0600156896995,624.0959311206657,635.0762329101562,4439950,0.0,0.0,BAJAJFINSV.NS,167
2020-09-03 00:00:00+05:30,637.5656312203296,644.0510406145896,628.5858335975081,634.1283569335938,3942650,0.0,0.0,BAJAJFINSV.NS,168
2020-09-04 00:00:00+05:30,623.5971087349935,640.8532708764249,618.7080830432492,626.3109741210938,5443800,0.0,0.0,BAJAJFINSV.NS,169
2020-09-07 00:00:00+05:30,630.9804716713999,633.4997672474103,619.8056002098343,624.958984375,4985730,0.0,0.0,BAJAJFINSV.NS,170
2020-09-08 00:00:00+05:30,628.4860757123033,631.5790927234109,619.8105862382852,622.0255737304688,3917540,0.0,0.0,BAJAJFINSV.NS,171
2020-09-09 00:00:00+05:30,619.4862439433653,620.6037248783687,596.8172144801304,601.3270874023438,9297500,0.0,0.0,BAJAJFINSV.NS,172
2020-09-10 00:00:00+05:30,606.5355101704362,617.8101336046665,602.9285733749148,611.5491943359375,5316080,0.0,0.0,BAJAJFINSV.NS,173
2020-09-11 00:00:00+05:30,611.4792755149386,616.0739798614238,606.6351932535858,611.46435546875,4654850,0.0,0.0,BAJAJFINSV.NS,174
2020-09-14 00:00:00+05:30,614.4176865419887,618.0096420730799,607.7327140157612,609.843017578125,4161420,0.0,0.0,BAJAJFINSV.NS,175
2020-09-15 00:00:00+05:30,611.6240147301565,614.5175295343072,601.3920289919785,610.1822509765625,4929870,0.0,0.0,BAJAJFINSV.NS,176
2020-09-16 00:00:00+05:30,612.7813109522609,622.5942553334968,608.7454081926362,613.21533203125,4032700,0.0,0.0,BAJAJFINSV.NS,177
2020-09-17 00:00:00+05:30,610.5165078273639,610.9904172376954,597.6654146347873,599.3516235351562,5192360,0.0,0.0,BAJAJFINSV.NS,178
2020-09-18 00:00:00+05:30,602.6491978865968,604.6397148482799,584.9290539255569,587.523193359375,8563830,0.0,0.0,BAJAJFINSV.NS,179
2020-09-21 00:00:00+05:30,588.2765027297828,589.6633972175468,561.8359871804957,569.9427490234375,4921220,0.0,0.0,BAJAJFINSV.NS,180
2020-09-22 00:00:00+05:30,569.942678632081,574.3078575468468,553.2552475971763,566.9544067382812,6452290,0.0,0.0,BAJAJFINSV.NS,181
2020-09-23 00:00:00+05:30,570.2171401715468,574.4077245099177,554.2530557572952,563.3974609375,4600880,0.0,0.0,BAJAJFINSV.NS,182
2020-09-24 00:00:00+05:30,556.7475318823952,558.7430427493572,538.7879340797373,541.3521728515625,4987220,0.0,0.0,BAJAJFINSV.NS,183
2020-09-25 00:00:00+05:30,548.7654087918683,589.289230099222,541.7961027157676,579.02734375,9783460,0.0,0.0,BAJAJFINSV.NS,184
2020-09-28 00:00:00+05:30,584.8491313734719,602.6441165734375,580.693503055862,597.251220703125,6722010,0.0,0.0,BAJAJFINSV.NS,185
2020-09-29 00:00:00+05:30,601.8210932575735,603.592133428418,581.9458230038653,586.3508911132812,6344350,0.0,0.0,BAJAJFINSV.NS,186
2020-09-30 00:00:00+05:30,587.1790114501866,591.5691592595424,580.6936018080011,583.9213256835938,3755980,0.0,0.0,BAJAJFINSV.NS,187
2020-10-01 00:00:00+05:30,589.3740931385287,609.109662150966,588.1817681961712,604.0011596679688,6807520,0.0,0.0,BAJAJFINSV.NS,188
2020-10-05 00:00:00+05:30,607.6329904616967,615.5651574429207,584.4651411402307,586.7948608398438,7379100,0.0,0.0,BAJAJFINSV.NS,189
2020-10-06 00:00:00+05:30,594.3628674693766,600.4491506764532,587.6778945201618,598.1942138671875,6060920,0.0,0.0,BAJAJFINSV.NS,190
2020-10-07 00:00:00+05:30,590.6711887614905,592.4671362774179,580.6936348972762,589.1995239257812,5812230,0.0,0.0,BAJAJFINSV.NS,191
2020-10-08 00:00:00+05:30,593.6644262319109,601.9657579535539,583.9113434416968,585.876953125,5889720,0.0,0.0,BAJAJFINSV.NS,192
2020-10-09 00:00:00+05:30,587.178959391481,600.0500263610204,585.6823265298204,590.1921997070312,6593340,0.0,0.0,BAJAJFINSV.NS,193
2020-10-12 00:00:00+05:30,595.4105626867752,598.6532678878343,587.7777091619415,589.9478759765625,4014350,0.0,0.0,BAJAJFINSV.NS,194
2020-10-13 00:00:00+05:30,588.6757223496232,590.1224799485892,581.1925563875518,585.447998046875,3656370,0.0,0.0,BAJAJFINSV.NS,195
2020-10-14 00:00:00+05:30,585.682376053123,613.1206475036527,584.1907367133919,608.6357421875,10295350,0.0,0.0,BAJAJFINSV.NS,196
2020-10-15 00:00:00+05:30,611.1251234350239,615.4154590607335,586.6901057943628,588.5808715820312,7819790,0.0,0.0,BAJAJFINSV.NS,197
2020-10-16 00:00:00+05:30,592.6366175522788,596.6576001758774,585.2831667162772,593.893798828125,4762450,0.0,0.0,BAJAJFINSV.NS,198
2020-10-19 00:00:00+05:30,598.6531058834622,602.439569726695,591.1799293553865,596.767333984375,3796850,0.0,0.0,BAJAJFINSV.NS,199
2020-10-20 00:00:00+05:30,595.8594906132804,601.1475816414503,589.7981148511241,593.8489990234375,3111220,0.0,0.0,BAJAJFINSV.NS,200
2020-10-21 00:00:00+05:30,595.4105239451984,599.6509843168232,572.2226986214773,589.0897216796875,6055610,0.0,0.0,BAJAJFINSV.NS,201
2020-10-22 00:00:00+05:30,583.4873298586297,606.6352666882054,583.2827729557135,586.0216674804688,12299030,0.0,0.0,BAJAJFINSV.NS,202
2020-10-23 00:00:00+05:30,592.1527764745709,594.8617088491894,581.0777172494091,581.8460083007812,6468960,0.0,0.0,BAJAJFINSV.NS,203
2020-10-26 00:00:00+05:30,585.9467479677244,585.9467479677244,563.2328352231095,568.8152465820312,7831170,0.0,0.0,BAJAJFINSV.NS,204
2020-10-27 00:00:00+05:30,568.7204312400931,579.3465478672565,561.9357084505413,565.4527587890625,15507570,0.0,0.0,BAJAJFINSV.NS,205
2020-10-28 00:00:00+05:30,566.5254448903925,573.0108543144064,559.2418434092068,562.9684448242188,6587900,0.0,0.0,BAJAJFINSV.NS,206
2020-10-29 00:00:00+05:30,562.7340072148883,567.5232206285759,559.4613404950076,561.1326293945312,9808110,0.0,0.0,BAJAJFINSV.NS,207
2020-10-30 00:00:00+05:30,563.731667276635,566.7249327665994,549.8678397948776,556.0988159179688,5263380,0.0,0.0,BAJAJFINSV.NS,208
2020-11-02 00:00:00+05:30,558.8826873867557,571.2149286990957,554.7519656885542,568.865234375,4913990,0.0,0.0,BAJAJFINSV.NS,209
2020-11-03 00:00:00+05:30,573.9089421473248,579.6959115285632,568.3913253245508,573.07080078125,5755360,0.0,0.0,BAJAJFINSV.NS,210
2020-11-04 00:00:00+05:30,573.0707397856359,582.5893646595194,570.3119316678867,579.8804321289062,5909610,0.0,0.0,BAJAJFINSV.NS,211
2020-11-05 00:00:00+05:30,584.1857355556904,606.6950929731142,583.2129484851187,604.1558227539062,8486730,0.0,0.0,BAJAJFINSV.NS,212
2020-11-06 00:00:00+05:30,601.1474969707915,633.5745403758549,601.1474969707915,627.2338256835938,15593390,0.0,0.0,BAJAJFINSV.NS,213
2020-11-09 00:00:00+05:30,633.57463897964,642.4546858379858,624.3454021126137,626.9246215820312,9681560,0.0,0.0,BAJAJFINSV.NS,214
2020-11-10 00:00:00+05:30,643.5521850506058,671.8634924162042,629.6883553131534,667.2638549804688,21704380,0.0,0.0,BAJAJFINSV.NS,215
2020-11-11 00:00:00+05:30,667.49829597587,696.208729104496,657.1365974373836,692.9210815429688,25424690,0.0,0.0,BAJAJFINSV.NS,216
2020-11-12 00:00:00+05:30,692.836273110452,704.4152032458035,683.5271996194759,701.0427856445312,12809160,0.0,0.0,BAJAJFINSV.NS,217
2020-11-13 00:00:00+05:30,692.4421937520563,728.3613853587912,692.0331408650553,724.4801025390625,16545740,0.0,0.0,BAJAJFINSV.NS,218
2020-11-14 00:00:00+05:30,733.3502111108938,742.7291361292616,723.3726572182287,731.908447265625,3164850,0.0,0.0,BAJAJFINSV.NS,219
2020-11-17 00:00:00+05:30,734.4476317244219,739.0972053972126,723.4723237269752,734.8816528320312,11725440,0.0,0.0,BAJAJFINSV.NS,220
2020-11-18 00:00:00+05:30,735.5452324693823,782.739046822179,730.3967809265162,777.2463989257812,14756370,0.0,0.0,BAJAJFINSV.NS,221
2020-11-19 00:00:00+05:30,777.2463393553707,818.1493106022294,773.2603120380713,780.5838623046875,33870400,0.0,0.0,BAJAJFINSV.NS,222
2020-11-20 00:00:00+05:30,782.5394282083159,856.937050652564,782.5394282083159,852.3424072265625,41104120,0.0,0.0,BAJAJFINSV.NS,223
2020-11-23 00:00:00+05:30,869.0449009261685,896.2487148801316,860.1648540430922,875.4654541015625,36075870,0.0,0.0,BAJAJFINSV.NS,224
2020-11-24 00:00:00+05:30,880.0101547123498,888.8003761438803,867.5581885169134,883.981201171875,17898620,0.0,0.0,BAJAJFINSV.NS,225
2020-11-25 00:00:00+05:30,891.993326687746,898.8778632999678,862.3350718123406,869.8182373046875,19861530,0.0,0.0,BAJAJFINSV.NS,226
2020-11-26 00:00:00+05:30,872.0381652180344,882.2152818430013,865.1536290281045,878.6931762695312,12622340,0.0,0.0,BAJAJFINSV.NS,227
2020-11-27 00:00:00+05:30,882.5095311900942,891.4394529200937,866.0515630973258,873.9138793945312,14193500,0.0,0.0,BAJAJFINSV.NS,228
2020-12-01 00:00:00+05:30,878.0246843970573,880.9032182481315,869.3093062646498,872.6917114257812,6942830,0.0,0.0,BAJAJFINSV.NS,229
2020-12-02 00:00:00+05:30,873.0359478651493,885.9568920731845,864.220757256798,878.2442016601562,8849690,0.0,0.0,BAJAJFINSV.NS,230
2020-12-03 00:00:00+05:30,881.1176747405534,917.0568398757649,879.132151451522,909.3591918945312,14370480,0.0,0.0,BAJAJFINSV.NS,231
2020-12-04 00:00:00+05:30,913.8441248953213,921.3771654059925,894.986524927226,903.2130126953125,10624430,0.0,0.0,BAJAJFINSV.NS,232
2020-12-07 00:00:00+05:30,904.3654592017484,910.8508688735006,893.5497645847469,903.1631469726562,7074050,0.0,0.0,BAJAJFINSV.NS,233
2020-12-08 00:00:00+05:30,903.5671697921329,905.9618068567412,888.101962736759,894.9266357421875,5831470,0.0,0.0,BAJAJFINSV.NS,234
2020-12-09 00:00:00+05:30,899.3565926891785,905.4628496796291,893.0906607627652,899.0422973632812,4518180,0.0,0.0,BAJAJFINSV.NS,235
2020-12-10 00:00:00+05:30,899.0424153807993,905.3632173655126,891.8935203128518,900.8583374023438,4667260,0.0,0.0,BAJAJFINSV.NS,236
2020-12-11 00:00:00+05:30,904.6647576892117,911.848608147952,893.0907594784213,897.4859008789062,5514560,0.0,0.0,BAJAJFINSV.NS,237
2020-12-14 00:00:00+05:30,904.6447606178793,904.6447606178793,887.5183129582912,891.3446655273438,4448840,0.0,0.0,BAJAJFINSV.NS,238
2020-12-15 00:00:00+05:30,890.4966372711144,931.7937452386615,885.0089829237854,927.608154296875,11245270,0.0,0.0,BAJAJFINSV.NS,239
2020-12-16 00:00:00+05:30,934.8569017272577,942.87883305019,919.1322672122608,923.6920166015625,7611700,0.0,0.0,BAJAJFINSV.NS,240
2020-12-17 00:00:00+05:30,923.691947444106,937.879998638525,918.7330719152608,927.32373046875,5507380,0.0,0.0,BAJAJFINSV.NS,241
2020-12-18 00:00:00+05:30,922.9136874968584,929.4090844004629,910.4517332425361,919.4913940429688,4803330,0.0,0.0,BAJAJFINSV.NS,242
2020-12-21 00:00:00+05:30,916.8373592476643,922.4247645057458,855.0413878710825,882.6891479492188,7132850,0.0,0.0,BAJAJFINSV.NS,243
2020-12-22 00:00:00+05:30,883.0135345458359,894.367995941001,860.1848859786063,891.8786010742188,7832960,0.0,0.0,BAJAJFINSV.NS,244
2020-12-23 00:00:00+05:30,888.0022277586255,911.9483552487457,886.0067171344488,899.3018188476562,5754540,0.0,0.0,BAJAJFINSV.NS,245
2020-12-24 00:00:00+05:30,906.3209310918629,910.3469075700172,894.397743848158,897.2363891601562,4983970,0.0,0.0,BAJAJFINSV.NS,246
2020-12-28 00:00:00+05:30,904.4302998053805,909.453971028988,894.4876412808422,897.4859008789062,3449940,0.0,0.0,BAJAJFINSV.NS,247
2020-12-29 00:00:00+05:30,901.9808010129238,903.5771851735143,887.7478066875683,895.5901489257812,4066010,0.0,0.0,BAJAJFINSV.NS,248
2020-12-30 00:00:00+05:30,897.9797449391464,900.0700130031987,890.0974539298653,894.1583251953125,4910740,0.0,0.0,BAJAJFINSV.NS,249
2020-12-31 00:00:00+05:30,892.8913055290734,900.9730996718513,882.0157476300294,888.6358642578125,4760500,0.0,0.0,BAJAJFINSV.NS,250
2021-01-01 00:00:00+05:30,890.9954828705986,893.8590357096521,882.0156851708949,885.0538330078125,2881010,0.0,0.0,BAJAJFINSV.NS,251
2021-01-04 00:00:00+05:30,891.9932430764064,904.4651843945888,882.1902850206849,887.8775024414062,6133060,0.0,0.0,BAJAJFINSV.NS,252
2021-01-05 00:00:00+05:30,888.0072467496828,889.9977637822539,871.7338595810254,880.1050415039062,4862140,0.0,0.0,BAJAJFINSV.NS,253
2021-01-06 00:00:00+05:30,888.0021987341094,888.0021987341094,861.6614349966692,876.6627197265625,5991930,0.0,0.0,BAJAJFINSV.NS,254
2021-01-07 00:00:00+05:30,880.0201934830777,904.8643253454322,879.2220014055806,896.782470703125,6016480,0.0,0.0,BAJAJFINSV.NS,255
2021-01-08 00:00:00+05:30,901.571577136182,924.4201956457781,892.7913435287815,915.1011352539062,8242610,0.0,0.0,BAJAJFINSV.NS,256
2021-01-11 00:00:00+05:30,918.0346476391721,924.1209916437632,893.4898910711843,896.5928955078125,5424440,0.0,0.0,BAJAJFINSV.NS,257
2021-01-12 00:00:00+05:30,898.3789371391466,904.9541107607691,890.247206716851,893.8890380859375,5770450,0.0,0.0,BAJAJFINSV.NS,258
2021-01-13 00:00:00+05:30,898.458582503388,900.9729450933804,869.05975965488,877.3909912109375,5140780,0.0,0.0,BAJAJFINSV.NS,259
2021-01-14 00:00:00+05:30,879.4215625511433,890.990506244168,865.5527392573839,872.771484375,5684370,0.0,0.0,BAJAJFINSV.NS,260
2021-01-15 00:00:00+05:30,873.514798399389,880.6387859209074,859.0673210130814,861.6714477539062,5196510,0.0,0.0,BAJAJFINSV.NS,261
2021-01-18 00:00:00+05:30,861.6714306112261,861.6714306112261,825.5127886776469,833.5846557617188,6344360,0.0,0.0,BAJAJFINSV.NS,262
2021-01-19 00:00:00+05:30,838.1144228564206,895.7846650114351,838.1144228564206,890.4117431640625,13797180,0.0,0.0,BAJAJFINSV.NS,263
2021-01-20 00:00:00+05:30,891.7936352749758,900.4741181783188,881.8160827189834,891.818603515625,7864960,0.0,0.0,BAJAJFINSV.NS,264
2021-01-21 00:00:00+05:30,897.4808700826612,936.77747134188,893.0408469281923,903.2479248046875,16453770,0.0,0.0,BAJAJFINSV.NS,265
2021-01-22 00:00:00+05:30,904.9640305704658,919.2817943464721,894.5075748204108,905.0637817382812,8398220,0.0,0.0,BAJAJFINSV.NS,266
2021-01-25 00:00:00+05:30,912.3474067725826,932.3922752425468,905.9617489406149,917.8250732421875,7811220,0.0,0.0,BAJAJFINSV.NS,267
2021-01-27 00:00:00+05:30,914.4426838936499,926.4107532098008,902.1753001830227,910.5614013671875,6166310,0.0,0.0,BAJAJFINSV.NS,268
2021-01-28 00:00:00+05:30,899.9753454862488,919.4565434825607,879.7807865019695,893.5198974609375,8447360,0.0,0.0,BAJAJFINSV.NS,269
2021-01-29 00:00:00+05:30,902.1654115532405,908.8902729099227,865.6076406886955,870.3170776367188,7273520,0.0,0.0,BAJAJFINSV.NS,270
2021-02-01 00:00:00+05:30,873.035888807754,981.6814782030544,861.8610172513845,969.9977416992188,15653650,0.0,0.0,BAJAJFINSV.NS,271
2021-02-02 00:00:00+05:30,980.5640048377601,996.7575540207794,929.409070640997,945.5028686523438,13943900,0.0,0.0,BAJAJFINSV.NS,272
2021-02-03 00:00:00+05:30,954.0136739692342,961.7662520817046,941.417013397624,951.4644165039062,6235450,0.0,0.0,BAJAJFINSV.NS,273
2021-02-04 00:00:00+05:30,948.8653424969804,973.8092263691407,944.9241966655482,967.8775634765625,6047270,0.0,0.0,BAJAJFINSV.NS,274
2021-02-05 00:00:00+05:30,975.8047137358047,991.768799032096,953.454969961736,970.0376586914062,9225610,0.0,0.0,BAJAJFINSV.NS,275
2021-02-08 00:00:00+05:30,972.8114519436868,1008.7306440154538,971.619127010193,999.8555908203125,9858550,0.0,0.0,BAJAJFINSV.NS,276
2021-02-09 00:00:00+05:30,1004.440307871061,1004.5400590452946,985.9818341745363,991.9334106445312,5126070,0.0,0.0,BAJAJFINSV.NS,277
2021-02-10 00:00:00+05:30,987.8775276916956,1033.135694836599,987.8775276916956,1020.4991455078125,14306670,0.0,0.0,BAJAJFINSV.NS,278
2021-02-11 00:00:00+05:30,1008.2316667362647,1039.4514670689982,1008.2316667362647,1019.37158203125,7155380,0.0,0.0,BAJAJFINSV.NS,279
2021-02-12 00:00:00+05:30,1022.6992136827818,1030.7959884454538,1014.517607793689,1025.57275390625,3802850,0.0,0.0,BAJAJFINSV.NS,280
2021-02-15 00:00:00+05:30,1030.7011201346827,1055.5252749592016,1025.6923694269228,1051.404541015625,5364060,0.0,0.0,BAJAJFINSV.NS,281
2021-02-16 00:00:00+05:30,1047.6430112807031,1050.8357793584692,1033.7741889625852,1043.7119140625,3586040,0.0,0.0,BAJAJFINSV.NS,282
2021-02-17 00:00:00+05:30,1039.6610808531482,1047.5233979295328,1008.9501417672742,1016.2786865234375,5822590,0.0,0.0,BAJAJFINSV.NS,283
2021-02-18 00:00:00+05:30,1028.685704873022,1028.685704873022,1011.2249872830336,1017.6056518554688,4347410,0.0,0.0,BAJAJFINSV.NS,284
2021-02-19 00:00:00+05:30,1012.7215237659263,1040.4242113936593,1011.723768570098,1022.7440185546875,6233430,0.0,0.0,BAJAJFINSV.NS,285
2021-02-22 00:00:00+05:30,1020.7036950847004,1022.6194291508837,993.779282318184,997.815185546875,4269080,0.0,0.0,BAJAJFINSV.NS,286
2021-02-23 00:00:00+05:30,1002.843887535308,1017.2115890722454,990.6862409149858,998.618408203125,3426100,0.0,0.0,BAJAJFINSV.NS,287
2021-02-24 00:00:00+05:30,1000.7485801738673,1022.6991970869531,999.2569408509437,1017.6705322265625,2699760,0.0,0.0,BAJAJFINSV.NS,288
2021-02-25 00:00:00+05:30,1031.6789639034246,1035.4654890537804,1010.885716984692,1024.140869140625,3548020,0.0,0.0,BAJAJFINSV.NS,289
2021-02-26 00:00:00+05:30,992.7664488945213,1009.1994482194843,957.8450160188347,962.694091796875,8465050,0.0,0.0,BAJAJFINSV.NS,290
2021-03-01 00:00:00+05:30,977.7003930099556,982.6492200709688,959.2119590119324,975.2109985351562,3224370,0.0,0.0,BAJAJFINSV.NS,291
2021-03-02 00:00:00+05:30,982.7888978306597,994.263082932236,975.7147864815471,985.4828491210938,2970010,0.0,0.0,BAJAJFINSV.NS,292
2021-03-03 00:00:00+05:30,990.4118397801038,1042.1504215921673,986.8198841460808,1037.2265625,5041220,0.0,0.0,BAJAJFINSV.NS,293
2021-03-04 00:00:00+05:30,1012.7216346295787,1025.6924535952776,1005.5128769098255,1010.7211303710938,4121170,0.0,0.0,BAJAJFINSV.NS,294
2021-03-05 00:00:00+05:30,1005.7373466252733,1013.819140229966,987.782744798195,993.57470703125,3551260,0.0,0.0,BAJAJFINSV.NS,295
2021-03-08 00:00:00+05:30,994.7620600282338,1002.3100815053972,978.3290590400239,981.701416015625,2640070,0.0,0.0,BAJAJFINSV.NS,296
2021-03-09 00:00:00+05:30,997.7552820269808,1009.7233517630425,983.8066826716515,994.6771850585938,3062110,0.0,0.0,BAJAJFINSV.NS,297
2021-03-10 00:00:00+05:30,1000.2496711666079,1007.2039962577217,990.8308588595469,996.9022216796875,2446320,0.0,0.0,BAJAJFINSV.NS,298
2021-03-12 00:00:00+05:30,1005.8870178083378,1019.3167650080242,981.791203247426,991.1800537109375,4543480,0.0,0.0,BAJAJFINSV.NS,299
2021-03-15 00:00:00+05:30,994.6621937512531,994.6621937512531,952.257597303104,966.7300415039062,5459130,0.0,0.0,BAJAJFINSV.NS,300
2021-03-16 00:00:00+05:30,970.3170905291416,976.3684792417355,956.348515446974,959.1721801757812,3705870,0.0,0.0,BAJAJFINSV.NS,301
2021-03-17 00:00:00+05:30,960.8383920106237,964.0162403312436,945.8770555655504,950.3719482421875,2934490,0.0,0.0,BAJAJFINSV.NS,302
2021-03-18 00:00:00+05:30,957.845114009656,971.3148109254167,935.0963047315571,940.8982543945312,4011350,0.0,0.0,BAJAJFINSV.NS,303
2021-03-19 00:00:00+05:30,932.9012075659505,946.8548008517951,919.0922473881836,941.9458618164062,4881260,0.0,0.0,BAJAJFINSV.NS,304
2021-03-22 00:00:00+05:30,942.8787615882501,947.3636668045876,929.1147442311504,938.4736938476562,2930290,0.0,0.0,BAJAJFINSV.NS,305
2021-03-23 00:00:00+05:30,940.2845982709038,948.5260057120761,936.1239149153106,938.4088134765625,2964830,0.0,0.0,BAJAJFINSV.NS,306
2021-03-24 00:00:00+05:30,934.8967491361967,935.7597977574899,915.864553936531,918.1394653320312,3354390,0.0,0.0,BAJAJFINSV.NS,307
2021-03-25 00:00:00+05:30,920.4292705336765,922.9236588007054,893.9937485515559,903.7218627929688,3820080,0.0,0.0,BAJAJFINSV.NS,308
2021-03-26 00:00:00+05:30,911.9483793605635,948.5660124620023,911.9483793605635,944.619873046875,6786360,0.0,0.0,BAJAJFINSV.NS,309
2021-03-30 00:00:00+05:30,952.5569939410545,962.3349836691043,941.8859937350483,948.1019897460938,3565110,0.0,0.0,BAJAJFINSV.NS,310
2021-03-31 00:00:00+05:30,949.0997102903439,969.379098132888,942.878720858752,964.6896362304688,4241400,0.0,0.0,BAJAJFINSV.NS,311
2021-04-01 00:00:00+05:30,970.8159072597325,980.3943337840216,964.5799366324218,976.7525634765625,3100650,0.0,0.0,BAJAJFINSV.NS,312
2021-04-05 00:00:00+05:30,973.8090986424937,974.1982377954162,912.9460299773378,946.0365600585938,6121660,0.0,0.0,BAJAJFINSV.NS,313
2021-04-06 00:00:00+05:30,952.9560028102495,960.3394159257164,945.3780810138734,949.8131103515625,3441250,0.0,0.0,BAJAJFINSV.NS,314
2021-04-07 00:00:00+05:30,949.8131666611579,963.6720023447831,944.5100948244552,951.8186645507812,3000030,0.0,0.0,BAJAJFINSV.NS,315
2021-04-08 00:00:00+05:30,956.8473094411934,971.3297418842142,955.3556701758038,963.312744140625,3536340,0.0,0.0,BAJAJFINSV.NS,316
2021-04-09 00:00:00+05:30,958.9425894112235,969.319268835735,953.953812937545,960.7435913085938,3286990,0.0,0.0,BAJAJFINSV.NS,317
2021-04-12 00:00:00+05:30,939.8804655617517,943.856505675444,901.5567126454155,914.2581176757812,5668360,0.0,0.0,BAJAJFINSV.NS,318
2021-04-13 00:00:00+05:30,917.9348337184531,982.5394864176595,916.9420721125334,978.4686279296875,8309150,0.0,0.0,BAJAJFINSV.NS,319
2021-04-15 00:00:00+05:30,972.9810710452667,981.1926390155203,957.5458249573524,971.7837524414062,5875040,0.0,0.0,BAJAJFINSV.NS,320
2021-04-16 00:00:00+05:30,974.3079681950591,985.7821531763628,974.3079681950591,980.26953125,4001320,0.0,0.0,BAJAJFINSV.NS,321
2021-04-19 00:00:00+05:30,948.4163866835945,963.2330909654994,937.1517501006285,944.8643798828125,6974350,0.0,0.0,BAJAJFINSV.NS,322
2021-04-20 00:00:00+05:30,957.8450861676997,992.3175195371259,957.8450861676997,979.73583984375,7987320,0.0,0.0,BAJAJFINSV.NS,323
2021-04-22 00:00:00+05:30,967.8225609041517,988.9649963973548,958.842763947309,983.1730346679688,5822100,0.0,0.0,BAJAJFINSV.NS,324
2021-04-23 00:00:00+05:30,971.813639798863,1011.9633024016748,971.813639798863,989.43896484375,6280250,0.0,0.0,BAJAJFINSV.NS,325
2021-04-26 00:00:00+05:30,996.9571445466657,1010.2272783442985,987.9972602129274,997.929931640625,4195960,0.0,0.0,BAJAJFINSV.NS,326
2021-04-27 00:00:00+05:30,997.7552470510476,1011.025379657197,994.2331417978467,1006.8697509765625,3428470,0.0,0.0,BAJAJFINSV.NS,327
2021-04-28 00:00:00+05:30,1017.710327266845,1059.2119265285432,1012.8362832597116,1046.575439453125,11138810,0.0,0.0,BAJAJFINSV.NS,328
2021-04-29 00:00:00+05:30,1051.634211862824,1127.4636237239006,1049.6387010243745,1115.1463623046875,16964980,0.0,0.0,BAJAJFINSV.NS,329
2021-04-30 00:00:00+05:30,1097.53083362446,1119.9803279485966,1084.430301620345,1101.6865234375,8353550,0.0,0.0,BAJAJFINSV.NS,330
2021-05-03 00:00:00+05:30,1087.6530428538667,1108.5909234914682,1078.9876012904613,1101.6915283203125,3969310,0.0,0.0,BAJAJFINSV.NS,331
2021-05-04 00:00:00+05:30,1117.4860012666525,1119.3667798607032,1084.7595767967487,1096.178955078125,5221010,0.0,0.0,BAJAJFINSV.NS,332
2021-05-05 00:00:00+05:30,1108.6058768987032,1116.9520901448498,1089.0698721929177,1108.9500732421875,3077500,0.0,0.0,BAJAJFINSV.NS,333
2021-05-06 00:00:00+05:30,1107.5083630383867,1116.8972743451263,1096.5330549362045,1100.319580078125,2288400,0.0,0.0,BAJAJFINSV.NS,334
2021-05-07 00:00:00+05:30,1102.5196094207186,1136.73267772317,1098.5186009134152,1129.3043212890625,3434430,0.0,0.0,BAJAJFINSV.NS,335
2021-05-10 00:00:00+05:30,1136.4432794214565,1152.307612949111,1125.4679711917497,1130.65625,4320370,0.0,0.0,BAJAJFINSV.NS,336
2021-05-11 00:00:00+05:30,1116.8872379852673,1128.5259700172335,1111.4145651193694,1116.79248046875,1986640,0.0,0.0,BAJAJFINSV.NS,337
2021-05-12 00:00:00+05:30,1116.4882015234857,1129.9578983247075,1102.7590785957213,1106.30615234375,2269530,0.0,0.0,BAJAJFINSV.NS,338
2021-05-14 00:00:00+05:30,1108.60589362805,1113.8690772145471,1084.3605128249096,1094.687255859375,3136030,0.0,0.0,BAJAJFINSV.NS,339
2021-05-17 00:00:00+05:30,1094.5374404208228,1134.9465255047276,1091.8085945992298,1122.4097900390625,3180210,0.0,0.0,BAJAJFINSV.NS,340
2021-05-18 00:00:00+05:30,1132.0183172271104,1156.2987781427646,1126.4758540867124,1137.1219482421875,4039590,0.0,0.0,BAJAJFINSV.NS,341
2021-05-19 00:00:00+05:30,1136.443295534311,1140.8334432476986,1114.4976724120654,1118.99755859375,2275670,0.0,0.0,BAJAJFINSV.NS,342
2021-05-20 00:00:00+05:30,1123.4724086899873,1127.4584360319157,1110.5713797493854,1120.2696533203125,1778970,0.0,0.0,BAJAJFINSV.NS,343
2021-05-21 00:00:00+05:30,1127.1342753324573,1138.9376767029557,1118.783068330456,1123.986328125,2775210,0.0,0.0,BAJAJFINSV.NS,344
2021-05-24 00:00:00+05:30,1124.0163083808332,1133.9489187232443,1107.0095251416099,1114.1734619140625,2142290,0.0,0.0,BAJAJFINSV.NS,345
2021-05-25 00:00:00+05:30,1121.975904207876,1137.9399899947377,1117.6157181491917,1135.031494140625,3941510,0.0,0.0,BAJAJFINSV.NS,346
2021-05-26 00:00:00+05:30,1137.4411801524402,1195.3109945812487,1135.9595279675364,1187.967529296875,10152650,0.0,0.0,BAJAJFINSV.NS,347
2021-05-27 00:00:00+05:30,1188.3265400354544,1194.1284285340253,1170.5714409579464,1186.2113037109375,4079730,0.0,0.0,BAJAJFINSV.NS,348
2021-05-28 00:00:00+05:30,1189.8233087588465,1199.795869061874,1165.378301576799,1168.6907958984375,2633150,0.0,0.0,BAJAJFINSV.NS,349
2021-05-31 00:00:00+05:30,1168.690576877571,1182.8437929680963,1159.1920496043977,1177.979736328125,2411520,0.0,0.0,BAJAJFINSV.NS,350
2021-06-01 00:00:00+05:30,1180.3445820237923,1192.0781947130588,1160.0950932978544,1180.3345947265625,3024210,0.0,0.0,BAJAJFINSV.NS,351
2021-06-02 00:00:00+05:30,1168.2716959439038,1183.3377764961888,1167.5283731231002,1179.7059326171875,1834210,0.0,0.0,BAJAJFINSV.NS,352
2021-06-03 00:00:00+05:30,1187.2290593068237,1189.7134602673968,1175.4106769748182,1179.331787109375,1838160,0.0,0.0,BAJAJFINSV.NS,353
2021-06-04 00:00:00+05:30,1182.8388505396917,1216.2636514617327,1175.8545637798622,1212.8363037109375,4107690,0.0,0.0,BAJAJFINSV.NS,354
2021-06-07 00:00:00+05:30,1185.3332996214222,1198.1843927922,1165.842115679986,1180.1998291015625,5147270,0.0,0.0,BAJAJFINSV.NS,355
2021-06-08 00:00:00+05:30,1187.3288699796374,1187.3288699796374,1164.3804968623838,1170.6763916015625,2896090,0.0,0.0,BAJAJFINSV.NS,356
2021-06-09 00:00:00+05:30,1171.3648569385819,1181.1429087218423,1140.4843755700133,1153.29052734375,3082860,0.0,0.0,BAJAJFINSV.NS,357
2021-06-10 00:00:00+05:30,1152.5070770340792,1218.0596707261263,1147.4535051019138,1196.617919921875,6299980,0.0,0.0,BAJAJFINSV.NS,358
2021-06-11 00:00:00+05:30,1197.3062621378333,1205.2883038854188,1182.6293218492735,1188.0770263671875,3529940,0.0,0.0,BAJAJFINSV.NS,359
2021-06-14 00:00:00+05:30,1182.4398422023478,1198.8030543192758,1164.545163314858,1189.93798828125,2887850,0.0,0.0,BAJAJFINSV.NS,360
2021-06-15 00:00:00+05:30,1192.217725594425,1205.7771848045327,1173.859005358753,1177.221435546875,3148410,0.0,0.0,BAJAJFINSV.NS,361
2021-06-16 00:00:00+05:30,1178.348982420491,1195.8096997721918,1174.8568389501509,1182.95361328125,2475390,0.0,0.0,BAJAJFINSV.NS,362
2021-06-17 00:00:00+05:30,1172.3626762541835,1191.040629405601,1171.3599271358325,1179.2022705078125,2201700,0.0,0.0,BAJAJFINSV.NS,363
2021-06-18 00:00:00+05:30,1183.3377984322883,1207.2839258879162,1169.4539943097604,1197.2415771484375,4895670,0.0,0.0,BAJAJFINSV.NS,364
2021-06-21 00:00:00+05:30,1177.3512417453874,1217.2364850884765,1175.0414967121533,1212.9112548828125,2948530,0.0,0.0,BAJAJFINSV.NS,365
2021-06-22 00:00:00+05:30,1217.1617621222954,1223.8466741735183,1205.3882004063112,1210.44189453125,2749230,0.0,0.0,BAJAJFINSV.NS,366
2021-06-23 00:00:00+05:30,1219.7558926649876,1237.2166109648954,1205.2884403593498,1225.468017578125,3785550,0.0,0.0,BAJAJFINSV.NS,367
2021-06-24 00:00:00+05:30,1225.468112400271,1236.8175801733905,1213.7694545933953,1230.556640625,2785730,0.0,0.0,BAJAJFINSV.NS,368
2021-06-25 00:00:00+05:30,1232.7266837702878,1249.1896463621208,1229.2844766741525,1245.857177734375,2187170,0.0,0.0,BAJAJFINSV.NS,369
2021-06-28 00:00:00+05:30,1247.194150163669,1249.1497116163084,1229.2345544013122,1235.0115966796875,1655170,0.0,0.0,BAJAJFINSV.NS,370
2021-06-29 00:00:00+05:30,1236.119037530853,1246.196341473339,1224.3504701872455,1227.22900390625,1571780,0.0,0.0,BAJAJFINSV.NS,371
2021-06-30 00:00:00+05:30,1231.82864747811,1234.1783416811097,1203.791748397689,1208.1868896484375,2315460,0.0,0.0,BAJAJFINSV.NS,372
2021-07-01 00:00:00+05:30,1217.0619355338163,1217.0619355338163,1177.4509779613927,1178.9925537109375,3215210,0.0,0.0,BAJAJFINSV.NS,373
2021-07-02 00:00:00+05:30,1194.2135185747552,1194.2135185747552,1162.4848466495664,1172.4075927734375,3554370,0.0,0.0,BAJAJFINSV.NS,374
2021-07-05 00:00:00+05:30,1177.2514897537496,1191.5193173074988,1177.2514897537496,1189.6336669921875,1558690,0.0,0.0,BAJAJFINSV.NS,375
2021-07-06 00:00:00+05:30,1186.3309636364572,1225.4778753104536,1184.465166235811,1206.3658447265625,3205220,0.0,0.0,BAJAJFINSV.NS,376
2021-07-07 00:00:00+05:30,1197.3063965092301,1237.1168585524229,1197.3063965092301,1234.637451171875,4048000,0.0,0.0,BAJAJFINSV.NS,377
2021-07-08 00:00:00+05:30,1229.5325690565385,1242.5065328534013,1221.548591335392,1230.9197998046875,2066300,0.3,0.0,BAJAJFINSV.NS,378
2021-07-09 00:00:00+05:30,1232.626283073216,1288.6139000709306,1232.027509135035,1282.900390625,7919220,0.0,0.0,BAJAJFINSV.NS,379
2021-07-12 00:00:00+05:30,1286.3135659732523,1291.9472794201952,1271.3436086088302,1288.3045654296875,4091580,0.0,0.0,BAJAJFINSV.NS,380
2021-07-13 00:00:00+05:30,1287.6559428532723,1297.2766508186164,1277.9354595295865,1288.3544921875,2741810,0.0,0.0,BAJAJFINSV.NS,381
2021-07-14 00:00:00+05:30,1283.673847822355,1300.689748140923,1282.5760753108593,1296.51806640625,2401510,0.0,0.0,BAJAJFINSV.NS,382
2021-07-15 00:00:00+05:30,1295.0012240932874,1308.3744117825481,1289.6120145079628,1293.2996826171875,1779910,0.0,0.0,BAJAJFINSV.NS,383
2021-07-16 00:00:00+05:30,1293.2995748697936,1299.8913267505498,1270.026212413301,1272.0172119140625,2527820,0.0,0.0,BAJAJFINSV.NS,384
2021-07-19 00:00:00+05:30,1265.4605018172222,1279.432463193753,1261.7878183663095,1269.562255859375,1881970,0.0,0.0,BAJAJFINSV.NS,385
2021-07-20 00:00:00+05:30,1269.9513216859011,1274.5420840238849,1251.1440953978338,1257.19189453125,1451370,0.0,0.0,BAJAJFINSV.NS,386
2021-07-22 00:00:00+05:30,1228.5445437296517,1307.3763328636621,1227.5415516699559,1303.8433837890625,5248770,0.0,0.0,BAJAJFINSV.NS,387
2021-07-23 00:00:00+05:30,1301.7877079059363,1321.742659129497,1291.9125050891803,1317.4761962890625,2898700,0.0,0.0,BAJAJFINSV.NS,388
2021-07-26 00:00:00+05:30,1317.2565840655423,1354.8262097323259,1312.85538211714,1349.7962646484375,4211700,0.0,0.0,BAJAJFINSV.NS,389
2021-07-27 00:00:00+05:30,1350.4050258286914,1381.7221840969173,1347.610584826001,1378.0196533203125,4134150,0.0,0.0,BAJAJFINSV.NS,390
2021-07-28 00:00:00+05:30,1382.01163451841,1397.2959036887098,1372.745196084642,1394.257080078125,3194930,0.0,0.0,BAJAJFINSV.NS,391
2021-07-29 00:00:00+05:30,1393.2041578180838,1489.5108922231302,1391.2181530411863,1456.981201171875,7105140,0.0,0.0,BAJAJFINSV.NS,392
2021-07-30 00:00:00+05:30,1457.574944986733,1458.4581822756365,1413.263843896191,1419.37158203125,3545430,0.0,0.0,BAJAJFINSV.NS,393
2021-08-02 00:00:00+05:30,1434.6211049073645,1437.111103273805,1405.4346790235177,1409.6861572265625,2647090,0.0,0.0,BAJAJFINSV.NS,394
2021-08-03 00:00:00+05:30,1422.1460972852997,1428.9673695816948,1413.1641219340243,1426.6370849609375,2024300,0.0,0.0,BAJAJFINSV.NS,395
2021-08-04 00:00:00+05:30,1426.1329855016427,1445.5989255089892,1412.7747834062925,1415.8785400390625,2831940,0.0,0.0,BAJAJFINSV.NS,396
2021-08-05 00:00:00+05:30,1417.9345338018918,1422.0362877984512,1393.3638468701713,1396.6871337890625,2915270,0.0,0.0,BAJAJFINSV.NS,397
2021-08-06 00:00:00+05:30,1404.1820581433901,1408.0443024281499,1394.7010847586266,1397.7598876953125,1374730,0.0,0.0,BAJAJFINSV.NS,398
2021-08-09 00:00:00+05:30,1397.9545961662473,1443.1039806701942,1397.9545961662473,1421.4375,3188650,0.0,0.0,BAJAJFINSV.NS,399
2021-08-10 00:00:00+05:30,1424.1420786574067,1430.5043111391453,1397.5953761183785,1400.8388671875,2063630,0.0,0.0,BAJAJFINSV.NS,400
2021-08-11 00:00:00+05:30,1407.0762795058856,1420.4942982838006,1382.500598405921,1417.7747802734375,2118500,0.0,0.0,BAJAJFINSV.NS,401
2021-08-12 00:00:00+05:30,1418.1541054014672,1435.1200588088034,1410.1701273274264,1431.1978759765625,1609340,0.0,0.0,BAJAJFINSV.NS,402
2021-08-13 00:00:00+05:30,1431.1280621807884,1440.1998231080643,1423.643082776077,1428.882568359375,1538430,0.0,0.0,BAJAJFINSV.NS,403
2021-08-16 00:00:00+05:30,1428.7728397295755,1457.774577320117,1428.034331488871,1452.0162353515625,2432620,0.0,0.0,BAJAJFINSV.NS,404
2021-08-17 00:00:00+05:30,1449.590970743629,1477.0358944582244,1433.129011374035,1470.7734375,2420690,0.0,0.0,BAJAJFINSV.NS,405
2021-08-18 00:00:00+05:30,1470.7734981027786,1520.7482843486878,1470.718676475557,1497.629638671875,3917340,0.0,0.0,BAJAJFINSV.NS,406
2021-08-20 00:00:00+05:30,1482.65960578094,1511.8660089665184,1477.0408765740856,1494.8551025390625,2750520,0.0,0.0,BAJAJFINSV.NS,407
2021-08-23 00:00:00+05:30,1511.7662690498355,1538.9117452684654,1503.4828432211045,1524.13134765625,3266880,0.0,0.0,BAJAJFINSV.NS,408
2021-08-24 00:00:00+05:30,1533.6772613803369,1655.1584516839696,1522.9437961354574,1642.8731689453125,12743930,0.0,0.0,BAJAJFINSV.NS,409
2021-08-25 00:00:00+05:30,1651.186399003936,1676.5355527342883,1581.8255922763606,1587.254638671875,9745980,0.0,0.0,BAJAJFINSV.NS,410
2021-08-26 00:00:00+05:30,1596.8455302325756,1609.190751200099,1564.6899666196593,1592.683837890625,6068820,0.0,0.0,BAJAJFINSV.NS,411
2021-08-27 00:00:00+05:30,1604.7795001234601,1621.9400084010792,1574.8445789354219,1616.31640625,4414750,0.0,0.0,BAJAJFINSV.NS,412
2021-08-30 00:00:00+05:30,1644.2004532561616,1656.176420138756,1622.7435125915138,1652.723388671875,3360380,0.0,0.0,BAJAJFINSV.NS,413
2021-08-31 00:00:00+05:30,1646.6952445912148,1716.5550428465997,1639.5345665397097,1711.4403076171875,6521270,0.0,0.0,BAJAJFINSV.NS,414
2021-09-01 00:00:00+05:30,1713.2069450747147,1722.8924641688577,1670.6623190146652,1675.26806640625,4618430,0.0,0.0,BAJAJFINSV.NS,415
2021-09-02 00:00:00+05:30,1683.1223908527343,1686.6153812873529,1657.6734605433687,1666.979736328125,2768790,0.0,0.0,BAJAJFINSV.NS,416
2021-09-03 00:00:00+05:30,1674.3198669375893,1682.6081648217416,1652.6832357073351,1670.0833740234375,2485550,0.0,0.0,BAJAJFINSV.NS,417
2021-09-06 00:00:00+05:30,1680.1283718034263,1693.4965644706754,1664.1604157898505,1671.345947265625,1769580,0.0,0.0,BAJAJFINSV.NS,418
2021-09-07 00:00:00+05:30,1671.5456333379013,1691.0763860916863,1659.7642220929285,1674.7591552734375,1881930,0.0,0.0,BAJAJFINSV.NS,419
2021-09-08 00:00:00+05:30,1672.64344536414,1685.5126398132975,1649.589732505017,1652.75830078125,1909320,0.0,0.0,BAJAJFINSV.NS,420
2021-09-09 00:00:00+05:30,1656.076631451155,1679.3248990063455,1645.1036567563262,1671.6953125,1808160,0.0,0.0,BAJAJFINSV.NS,421
2021-09-13 00:00:00+05:30,1670.6472401933931,1695.9963923368807,1654.679285687363,1690.427490234375,2166140,0.0,0.0,BAJAJFINSV.NS,422
2021-09-14 00:00:00+05:30,1696.5952309807835,1700.5872197595618,1676.2160844078214,1679.7540283203125,1592270,0.0,0.0,BAJAJFINSV.NS,423
2021-09-15 00:00:00+05:30,1681.7501626169146,1694.7989282927601,1676.8349772938109,1679.5196533203125,1231990,0.0,0.0,BAJAJFINSV.NS,424
2021-09-16 00:00:00+05:30,1685.6173606842417,1691.6453030779426,1659.1704334739798,1669.9488525390625,1542090,0.0,0.0,BAJAJFINSV.NS,425
2021-09-17 00:00:00+05:30,1680.6273594301674,1746.3954021958382,1671.6503790905676,1680.6473388671875,6549510,0.0,0.0,BAJAJFINSV.NS,426
2021-09-20 00:00:00+05:30,1674.1452840687166,1729.9283565953515,1666.6652999893643,1698.4864501953125,3252040,0.0,0.0,BAJAJFINSV.NS,427
2021-09-21 00:00:00+05:30,1706.5752465300131,1761.964092250724,1678.0375452567944,1755.20263671875,3846940,0.0,0.0,BAJAJFINSV.NS,428
2021-09-22 00:00:00+05:30,1755.3823442810312,1774.439072119389,1746.9941483380148,1757.9471435546875,2569820,0.0,0.0,BAJAJFINSV.NS,429
2021-09-23 00:00:00+05:30,1775.187654609465,1871.2448924203777,1764.6637294771906,1846.67919921875,7125510,0.0,0.0,BAJAJFINSV.NS,430
2021-09-24 00:00:00+05:30,1856.2698574634646,1877.5322421037854,1828.0714407880782,1848.8896484375,3731750,0.0,0.0,BAJAJFINSV.NS,431
2021-09-27 00:00:00+05:30,1853.2808648956336,1871.0053055305245,1789.4140367320508,1799.498779296875,4071680,0.0,0.0,BAJAJFINSV.NS,432
2021-09-28 00:00:00+05:30,1814.8578766157389,1814.9576519688364,1739.5190790449383,1751.52001953125,3220580,0.0,0.0,BAJAJFINSV.NS,433
2021-09-29 00:00:00+05:30,1746.3752771874197,1761.2554489710667,1727.313555775043,1739.88330078125,3097120,0.0,0.0,BAJAJFINSV.NS,434
2021-09-30 00:00:00+05:30,1746.495053224556,1782.4179566034186,1737.7326088050365,1775.1126708984375,3430000,0.0,0.0,BAJAJFINSV.NS,435
2021-10-01 00:00:00+05:30,1770.0528686615787,1770.0528686615787,1701.5852877625398,1714.3397216796875,4326770,0.0,0.0,BAJAJFINSV.NS,436
2021-10-04 00:00:00+05:30,1732.5180873524312,1790.0076946752656,1726.6348745598177,1777.0537109375,4013250,0.0,0.0,BAJAJFINSV.NS,437
2021-10-05 00:00:00+05:30,1771.8442874742766,1791.4050086069915,1748.990126787606,1781.175537109375,2681630,0.0,0.0,BAJAJFINSV.NS,438
2021-10-06 00:00:00+05:30,1793.8002472245898,1810.920918959259,1752.2785919242083,1758.1318359375,3004210,0.0,0.0,BAJAJFINSV.NS,439
2021-10-07 00:00:00+05:30,1776.4351814877257,1784.4191598314908,1739.010283001327,1743.5262451171875,2241000,0.0,0.0,BAJAJFINSV.NS,440
2021-10-08 00:00:00+05:30,1758.471222325253,1770.497138381934,1742.5032657093598,1751.4302978515625,1522380,0.0,0.0,BAJAJFINSV.NS,441
2021-10-11 00:00:00+05:30,1763.0270072762244,1800.8860925868091,1757.1737629724043,1767.847412109375,2340900,0.0,0.0,BAJAJFINSV.NS,442
2021-10-12 00:00:00+05:30,1767.8473631380823,1843.7999245712501,1759.5689320687006,1818.615478515625,4545920,0.0,0.0,BAJAJFINSV.NS,443
2021-10-13 00:00:00+05:30,1831.823903405774,1853.7698526005372,1811.2252260973278,1815.1822509765625,3183880,0.0,0.0,BAJAJFINSV.NS,444
2021-10-14 00:00:00+05:30,1831.3248163372937,1850.2867626644918,1817.8618441910492,1845.18701171875,1968050,0.0,0.0,BAJAJFINSV.NS,445
2021-10-18 00:00:00+05:30,1881.2246969588934,1906.1746266267833,1851.5642498079048,1864.05419921875,2939480,0.0,0.0,BAJAJFINSV.NS,446
2021-10-19 00:00:00+05:30,1896.194774471429,1928.6296850873875,1856.3248330753772,1903.83447265625,3878460,0.0,0.0,BAJAJFINSV.NS,447
2021-10-20 00:00:00+05:30,1902.482130263083,1902.482130263083,1836.7390640505403,1856.5941162109375,2247980,0.0,0.0,BAJAJFINSV.NS,448
2021-10-21 00:00:00+05:30,1875.0371181176947,1875.1668626218861,1830.9954984522067,1854.23876953125,1925330,0.0,0.0,BAJAJFINSV.NS,449
2021-10-22 00:00:00+05:30,1856.2748296407217,1921.1995924066025,1851.284843539537,1862.078125,5053300,0.0,0.0,BAJAJFINSV.NS,450
2021-10-25 00:00:00+05:30,1866.2549499753425,1890.9054345414713,1796.3951390136988,1805.0926513671875,3018040,0.0,0.0,BAJAJFINSV.NS,451
2021-10-26 00:00:00+05:30,1816.354931379075,1841.304861755161,1793.9049888997058,1831.6591796875,2967490,0.0,0.0,BAJAJFINSV.NS,452
2021-10-27 00:00:00+05:30,1856.17503872937,1856.17503872937,1773.4410454998601,1797.592529296875,3253010,0.0,0.0,BAJAJFINSV.NS,453
2021-10-28 00:00:00+05:30,1797.5925454929873,1833.5254403032907,1776.6346038548074,1795.16748046875,3425500,0.0,0.0,BAJAJFINSV.NS,454
2021-10-29 00:00:00+05:30,1795.1673258166506,1813.760017312668,1710.5221354716016,1778.545654296875,3205360,0.0,0.0,BAJAJFINSV.NS,455
2021-11-01 00:00:00+05:30,1786.4149797276839,1794.3989572907126,1713.6609598194184,1753.0518798828125,3849290,0.0,0.0,BAJAJFINSV.NS,456
2021-11-02 00:00:00+05:30,1761.4649394213222,1785.9058794579353,1735.7715081099914,1750.7464599609375,2719290,0.0,0.0,BAJAJFINSV.NS,457
2021-11-03 00:00:00+05:30,1754.4491874326804,1771.9191340782263,1741.4154067633197,1747.438232421875,1838020,0.0,0.0,BAJAJFINSV.NS,458
2021-11-04 00:00:00+05:30,1761.4651028706367,1771.4450751248612,1746.4951444893,1755.8763427734375,315060,0.0,0.0,BAJAJFINSV.NS,459
2021-11-08 00:00:00+05:30,1761.5548552933526,1835.6113159779313,1747.9921073668374,1828.305908203125,3161990,0.0,0.0,BAJAJFINSV.NS,460
2021-11-09 00:00:00+05:30,1828.3309328355,1843.799889963748,1804.3789992175678,1813.6104736328125,1980870,0.0,0.0,BAJAJFINSV.NS,461
2021-11-10 00:00:00+05:30,1810.616371735765,1833.819806015967,1796.6444113089767,1828.944580078125,1784330,0.0,0.0,BAJAJFINSV.NS,462
2021-11-11 00:00:00+05:30,1821.344941431851,1831.3249137136695,1777.4330633918503,1783.5557861328125,2155580,0.0,0.0,BAJAJFINSV.NS,463
2021-11-12 00:00:00+05:30,1809.868008176676,1831.2251736364012,1788.9150608403522,1823.72021484375,2078020,0.0,0.0,BAJAJFINSV.NS,464
2021-11-15 00:00:00+05:30,1823.8399567049494,1830.8259373872665,1796.3950325958463,1809.4189453125,1704610,0.0,0.0,BAJAJFINSV.NS,465
2021-11-16 00:00:00+05:30,1819.3489717093973,1847.3926698373923,1808.246252394934,1817.3280029296875,2189550,0.0,0.0,BAJAJFINSV.NS,466
2021-11-17 00:00:00+05:30,1814.8578500154867,1838.3107834635834,1807.5624322409801,1821.8837890625,1461000,0.0,0.0,BAJAJFINSV.NS,467
2021-11-18 00:00:00+05:30,1821.943823502238,1843.500540544791,1777.552923651065,1788.535888671875,2745560,0.0,0.0,BAJAJFINSV.NS,468
2021-11-22 00:00:00+05:30,1810.3668942238176,1810.3668942238176,1679.6342578020055,1703.9554443359375,3707000,0.0,0.0,BAJAJFINSV.NS,469
2021-11-23 00:00:00+05:30,1684.6193607117484,1740.2926715038504,1672.3689200831116,1733.3316650390625,2513150,0.0,0.0,BAJAJFINSV.NS,470
2021-11-24 00:00:00+05:30,1739.7087125266908,1761.1656528473804,1710.6072011830902,1737.3834228515625,2740240,0.0,0.0,BAJAJFINSV.NS,471
2021-11-25 00:00:00+05:30,1731.425362252438,1748.6906406731368,1719.0751469337713,1733.4063720703125,1616200,0.0,0.0,BAJAJFINSV.NS,472
2021-11-26 00:00:00+05:30,1716.555304289479,1720.2678248954387,1657.67346536327,1664.9139404296875,3424860,0.0,0.0,BAJAJFINSV.NS,473
2021-11-29 00:00:00+05:30,1663.6613293308133,1706.3756581423443,1624.1057006357207,1685.6572265625,3042180,0.0,0.0,BAJAJFINSV.NS,474
2021-11-30 00:00:00+05:30,1684.619298983481,1746.4951263158125,1684.619298983481,1720.28271484375,4586420,0.0,0.0,BAJAJFINSV.NS,475
2021-12-01 00:00:00+05:30,1740.9063520888296,1751.1558028958686,1716.6549712307256,1734.8135986328125,2383490,0.0,0.0,BAJAJFINSV.NS,476
2021-12-02 00:00:00+05:30,1736.515209923701,1785.4170750307476,1723.8855255236701,1772.2584228515625,2138810,0.0,0.0,BAJAJFINSV.NS,477
2021-12-03 00:00:00+05:30,1771.4451044455814,1785.3920915365422,1741.505187187346,1745.367431640625,2034590,0.0,0.0,BAJAJFINSV.NS,478
2021-12-06 00:00:00+05:30,1745.1977784282528,1756.370426095476,1681.725176381065,1685.961669921875,2036900,0.0,0.0,BAJAJFINSV.NS,479
2021-12-07 00:00:00+05:30,1710.567277836351,1721.54524753075,1689.77903908144,1707.4735107421875,2300780,0.0,0.0,BAJAJFINSV.NS,480
2021-12-08 00:00:00+05:30,1713.1619372665052,1763.885217107854,1713.1619372665052,1758.6357421875,2842990,0.0,0.0,BAJAJFINSV.NS,481
2021-12-09 00:00:00+05:30,1759.0049840641802,1773.6305400688125,1745.197610313445,1756.1357421875,2103820,0.0,0.0,BAJAJFINSV.NS,482
2021-12-10 00:00:00+05:30,1754.4790159276358,1772.7972343975923,1726.5999066492266,1767.562744140625,2333140,0.0,0.0,BAJAJFINSV.NS,483
2021-12-13 00:00:00+05:30,1771.44507741466,1780.022834340054,1721.545216079036,1728.930419921875,2199130,0.0,0.0,BAJAJFINSV.NS,484
2021-12-14 00:00:00+05:30,1716.5551127846725,1722.5430957362469,1683.1222079717152,1708.92041015625,2420260,0.0,0.0,BAJAJFINSV.NS,485
2021-12-15 00:00:00+05:30,1713.4614303348571,1718.0471982662255,1658.6713592647368,1662.733154296875,2532210,0.0,0.0,BAJAJFINSV.NS,486
2021-12-16 00:00:00+05:30,1683.6214097331479,1691.605387965433,1654.1804900015961,1666.98974609375,3253500,0.0,0.0,BAJAJFINSV.NS,487
2021-12-17 00:00:00+05:30,1661.6654798029392,1681.6254255062777,1610.069068890145,1617.1748046875,3054350,0.0,0.0,BAJAJFINSV.NS,488
2021-12-20 00:00:00+05:30,1590.8075303457672,1590.8075303457672,1541.905667744172,1579.4503173828125,3371600,0.0,0.0,BAJAJFINSV.NS,489
2021-12-21 00:00:00+05:30,1611.7655254048084,1611.7655254048084,1564.5602077260864,1580.024169921875,3368050,0.0,0.0,BAJAJFINSV.NS,490
2021-12-22 00:00:00+05:30,1589.9092342279434,1615.2533913272387,1579.8294873849038,1591.396240234375,2612920,0.0,0.0,BAJAJFINSV.NS,491
2021-12-23 00:00:00+05:30,1606.77559578155,1618.7066092208747,1599.4403402529324,1613.7515869140625,1811180,0.0,0.0,BAJAJFINSV.NS,492
2021-12-24 00:00:00+05:30,1621.7454185919999,1621.7454185919999,1576.83554546176,1588.866455078125,2087360,0.0,0.0,BAJAJFINSV.NS,493
2021-12-27 00:00:00+05:30,1557.908663924226,1610.7625590509144,1552.9884839015415,1598.10302734375,2351140,0.0,0.0,BAJAJFINSV.NS,494
2021-12-28 00:00:00+05:30,1613.9960562131237,1621.645744062849,1598.9562913686827,1606.8603515625,1457220,0.0,0.0,BAJAJFINSV.NS,495
2021-12-29 00:00:00+05:30,1606.8056686393038,1629.7296380452524,1593.402510909203,1621.65087890625,1724280,0.0,0.0,BAJAJFINSV.NS,496
2021-12-30 00:00:00+05:30,1616.755586129352,1624.9192574453991,1594.250698839006,1613.51708984375,2831460,0.0,0.0,BAJAJFINSV.NS,497
2021-12-31 00:00:00+05:30,1616.511025830017,1646.6954475084335,1613.7615385582649,1637.334228515625,2300860,0.0,0.0,BAJAJFINSV.NS,498
2022-01-03 00:00:00+05:30,1637.3642618137171,1700.587365137188,1637.3642618137171,1694.7291259765625,2710610,0.0,0.0,BAJAJFINSV.NS,499
2022-01-04 00:00:00+05:30,1706.4754398866446,1715.5571900587297,1681.8348256224078,1710.1131591796875,2300430,0.0,0.0,BAJAJFINSV.NS,500
2022-01-05 00:00:00+05:30,1706.5752648072282,1801.3850017409632,1706.5752648072282,1795.2373046875,6082100,0.0,0.0,BAJAJFINSV.NS,501
2022-01-06 00:00:00+05:30,1766.5548600455525,1804.378979161957,1766.5548600455525,1795.0477294921875,3511360,0.0,0.0,BAJAJFINSV.NS,502
2022-01-07 00:00:00+05:30,1803.880017787155,1810.6614529146434,1754.4791542294986,1772.1336669921875,3229140,0.0,0.0,BAJAJFINSV.NS,503
2022-01-10 00:00:00+05:30,1776.435062411283,1796.3950069327582,1769.5138931720617,1776.3153076171875,1697970,0.0,0.0,BAJAJFINSV.NS,504
2022-01-11 00:00:00+05:30,1766.4551080661256,1789.9130379759354,1758.5808952534426,1776.3851318359375,1648180,0.0,0.0,BAJAJFINSV.NS,505
2022-01-12 00:00:00+05:30,1786.4150288464982,1815.3569483082572,1771.445070504209,1789.93798828125,2233940,0.0,0.0,BAJAJFINSV.NS,506
2022-01-13 00:00:00+05:30,1796.1655177419568,1823.8299720830387,1786.415065184542,1818.8499755859375,2480130,0.0,0.0,BAJAJFINSV.NS,507
2022-01-14 00:00:00+05:30,1800.786358405194,1829.6733367452885,1796.3951459055895,1817.3231201171875,1553280,0.0,0.0,BAJAJFINSV.NS,508
2022-01-17 00:00:00+05:30,1825.3369431828785,1839.807903093295,1818.4507378948238,1833.380859375,1352730,0.0,0.0,BAJAJFINSV.NS,509
2022-01-18 00:00:00+05:30,1834.004594350254,1852.158105450547,1806.379977476801,1811.71923828125,2056670,0.0,0.0,BAJAJFINSV.NS,510
2022-01-19 00:00:00+05:30,1820.3469313503128,1858.3706011103914,1783.9549967928567,1804.1094970703125,3481740,0.0,0.0,BAJAJFINSV.NS,511
2022-01-20 00:00:00+05:30,1803.8800223389528,1822.542522110825,1704.579296351276,1722.4384765625,5444730,0.0,0.0,BAJAJFINSV.NS,512
2022-01-21 00:00:00+05:30,1696.5951207147382,1706.076093448144,1618.7513445878267,1630.248291015625,5582910,0.0,0.0,BAJAJFINSV.NS,513
2022-01-24 00:00:00+05:30,1635.5676387656383,1640.1035797635707,1541.3068547274395,1567.569091796875,4736430,0.0,0.0,BAJAJFINSV.NS,514
2022-01-25 00:00:00+05:30,1551.935503116495,1565.1040217909538,1521.9756094462516,1549.7847900390625,4090640,0.0,0.0,BAJAJFINSV.NS,515
2022-01-27 00:00:00+05:30,1535.5185665767929,1553.921699480999,1498.193444524618,1532.9088134765625,3497270,0.0,0.0,BAJAJFINSV.NS,516
2022-01-28 00:00:00+05:30,1556.975469289225,1575.6031267524736,1511.9658181439675,1516.8310546875,3509310,0.0,0.0,BAJAJFINSV.NS,517
2022-01-31 00:00:00+05:30,1555.877603998295,1570.9473370547935,1529.89970815838,1565.8126220703125,3129920,0.0,0.0,BAJAJFINSV.NS,518
2022-02-01 00:00:00+05:30,1579.7248396197865,1598.2875636708914,1546.8957013559727,1587.1998291015625,3571870,0.0,0.0,BAJAJFINSV.NS,519
2022-02-02 00:00:00+05:30,1599.799551632384,1671.6453625738964,1589.3105909844357,1667.254150390625,5257450,0.0,0.0,BAJAJFINSV.NS,520
2022-02-03 00:00:00+05:30,1667.2541262239304,1668.3518987973778,1623.1127288116245,1631.535888671875,2891370,0.0,0.0,BAJAJFINSV.NS,521
2022-02-04 00:00:00+05:30,1631.5258309121284,1643.6365363804703,1611.2664395231907,1617.3292236328125,2945050,0.0,0.0,BAJAJFINSV.NS,522
2022-02-07 00:00:00+05:30,1612.7635397441854,1633.127702663376,1561.8656805072094,1567.9884033203125,3566640,0.0,0.0,BAJAJFINSV.NS,523
2022-02-08 00:00:00+05:30,1577.8336093230944,1608.7515437948002,1568.8516343174601,1595.7127685546875,4103730,0.0,0.0,BAJAJFINSV.NS,524
2022-02-09 00:00:00+05:30,1614.7594782852884,1638.2024228933142,1608.7714950530808,1622.52392578125,2510230,0.0,0.0,BAJAJFINSV.NS,525
2022-02-10 00:00:00+05:30,1631.2164187098927,1651.685350840086,1600.0889448039932,1636.07666015625,2997700,0.0,0.0,BAJAJFINSV.NS,526
2022-02-11 00:00:00+05:30,1596.7956004355199,1616.755545440964,1587.8136251830701,1608.0830078125,2446960,0.0,0.0,BAJAJFINSV.NS,527
2022-02-14 00:00:00+05:30,1577.3346337738851,1585.6130647157502,1542.0055072033429,1564.27587890625,2961150,0.0,0.0,BAJAJFINSV.NS,528
2022-02-15 00:00:00+05:30,1585.8175236617105,1639.4598722437224,1561.7658159184764,1634.245361328125,3592130,0.0,0.0,BAJAJFINSV.NS,529
2022-02-16 00:00:00+05:30,1639.5099853255942,1655.6675028617774,1615.7675909775553,1623.986083984375,2738740,0.0,0.0,BAJAJFINSV.NS,530
2022-02-17 00:00:00+05:30,1633.3223652382296,1638.541871652013,1604.8794420415434,1614.87939453125,2144330,0.0,0.0,BAJAJFINSV.NS,531
2022-02-18 00:00:00+05:30,1602.883097025881,1625.6374793392447,1599.375122646065,1606.4310302734375,1743270,0.0,0.0,BAJAJFINSV.NS,532
2022-02-21 00:00:00+05:30,1600.5879823306686,1620.5627893844494,1574.8396054503864,1598.01806640625,2275920,0.0,0.0,BAJAJFINSV.NS,533
2022-02-22 00:00:00+05:30,1526.935707775902,1623.741435654505,1524.44071478934,1615.7025146484375,3223740,0.0,0.0,BAJAJFINSV.NS,534
2022-02-23 00:00:00+05:30,1635.7174475821964,1635.7174475821964,1600.2935410446562,1610.1287841796875,2418300,0.0,0.0,BAJAJFINSV.NS,535
2022-02-24 00:00:00+05:30,1556.87572004124,1586.4064247479673,1516.9558297837723,1521.466796875,3615630,0.0,0.0,BAJAJFINSV.NS,536
2022-02-25 00:00:00+05:30,1575.6380607801343,1603.282535063343,1553.881672638422,1574.05615234375,3203370,0.0,0.0,BAJAJFINSV.NS,537
2022-02-28 00:00:00+05:30,1566.8556866977738,1605.2635963478224,1533.4227787332036,1598.048095703125,3732570,0.0,0.0,BAJAJFINSV.NS,538
2022-03-02 00:00:00+05:30,1567.354609494398,1612.4790189796565,1560.0691811720192,1602.0849609375,2817150,0.0,0.0,BAJAJFINSV.NS,539
2022-03-03 00:00:00+05:30,1626.735514484136,1631.5209551463151,1561.5463878383605,1567.264892578125,3400140,0.0,0.0,BAJAJFINSV.NS,540
2022-03-04 00:00:00+05:30,1555.8776453099872,1564.0911428293366,1518.1533021648263,1530.2490234375,3380590,0.0,0.0,BAJAJFINSV.NS,541
2022-03-07 00:00:00+05:30,1496.3971557653733,1496.3971557653733,1377.2262656714124,1434.44140625,3715210,0.0,0.0,BAJAJFINSV.NS,542
2022-03-08 00:00:00+05:30,1437.1161106175505,1449.59107685555,1392.3110023850165,1442.1759033203125,4625690,0.0,0.0,BAJAJFINSV.NS,543
2022-03-09 00:00:00+05:30,1447.2056278857456,1516.9107093638045,1437.1158913509844,1498.5126953125,3913410,0.0,0.0,BAJAJFINSV.NS,544
2022-03-10 00:00:00+05:30,1561.7658857005772,1581.8256056084258,1527.4397515681271,1543.647216796875,4764050,0.0,0.0,BAJAJFINSV.NS,545
2022-03-11 00:00:00+05:30,1536.9158041025944,1571.8457087412896,1524.9398367978988,1553.781982421875,3296320,0.0,0.0,BAJAJFINSV.NS,546
2022-03-14 00:00:00+05:30,1544.4606796168136,1570.3486697539604,1538.0634831457937,1564.7099609375,2852010,0.0,0.0,BAJAJFINSV.NS,547
2022-03-15 00:00:00+05:30,1571.7458751565152,1591.8055952836373,1550.2939293896604,1567.743896484375,2965110,0.0,0.0,BAJAJFINSV.NS,548
2022-03-16 00:00:00+05:30,1586.8754791505096,1620.7474454893256,1581.9303250782843,1609.2554931640625,2983170,0.0,0.0,BAJAJFINSV.NS,549
2022-03-17 00:00:00+05:30,1636.6156899562704,1655.577637420281,1622.2445054078535,1633.80126953125,4020680,0.0,0.0,BAJAJFINSV.NS,550
2022-03-21 00:00:00+05:30,1636.7105043092859,1641.101716599052,1611.765567778832,1614.83935546875,2016350,0.0,0.0,BAJAJFINSV.NS,551
2022-03-22 00:00:00+05:30,1621.7455205509377,1655.6774268270806,1591.9053786076336,1646.156494140625,2652790,0.0,0.0,BAJAJFINSV.NS,552
2022-03-23 00:00:00+05:30,1656.6754059121483,1669.524620280292,1631.1466805626817,1637.448974609375,2290790,0.0,0.0,BAJAJFINSV.NS,553
2022-03-24 00:00:00+05:30,1631.7254744965708,1647.8929809263868,1623.7414966397068,1634.5897216796875,1839240,0.0,0.0,BAJAJFINSV.NS,554
2022-03-25 00:00:00+05:30,1646.6953729301845,1646.6953729301845,1620.762430418623,1630.0587158203125,1477480,0.0,0.0,BAJAJFINSV.NS,555
2022-03-28 00:00:00+05:30,1636.7153520710856,1652.6833067254377,1606.8802073044624,1648.5865478515625,1751870,0.0,0.0,BAJAJFINSV.NS,556
2022-03-29 00:00:00+05:30,1650.2881745383409,1658.6713755307385,1639.0257418273097,1646.8651123046875,1981380,0.0,0.0,BAJAJFINSV.NS,557
2022-03-30 00:00:00+05:30,1656.6753850753225,1721.5302197930419,1649.7891798926744,1709.45947265625,4547640,0.0,0.0,BAJAJFINSV.NS,558
2022-03-31 00:00:00+05:30,1706.5752088896324,1726.5351528532537,1694.7987932207639,1702.628173828125,2986920,0.0,0.0,BAJAJFINSV.NS,559
2022-04-01 00:00:00+05:30,1699.58925333713,1716.5552059541183,1697.7130137041004,1710.4874267578125,2101410,0.0,0.0,BAJAJFINSV.NS,560
2022-04-04 00:00:00+05:30,1716.4554018448018,1744.4990986885305,1692.1292201911788,1716.19091796875,3243940,0.0,0.0,BAJAJFINSV.NS,561
2022-04-05 00:00:00+05:30,1718.5513761719587,1726.53535469076,1672.4987705860635,1678.5167236328125,3855370,0.0,0.0,BAJAJFINSV.NS,562
2022-04-06 00:00:00+05:30,1678.5165795440023,1686.5255316733317,1661.7651619409974,1668.6513671875,2465520,0.0,0.0,BAJAJFINSV.NS,563
2022-04-07 00:00:00+05:30,1661.6653233492775,1666.6553093052812,1644.6993710988645,1652.0745849609375,2167900,0.0,0.0,BAJAJFINSV.NS,564
2022-04-08 00:00:00+05:30,1666.6554433016604,1680.627405101794,1648.4220136603517,1671.545654296875,2133830,0.0,0.0,BAJAJFINSV.NS,565
2022-04-11 00:00:00+05:30,1664.1604753480615,1681.171382954874,1651.6905041254586,1654.4649658203125,1696860,0.0,0.0,BAJAJFINSV.NS,566
2022-04-12 00:00:00+05:30,1646.8949212896723,1646.8949212896723,1618.9609895675167,1628.536865234375,2476470,0.0,0.0,BAJAJFINSV.NS,567
2022-04-13 00:00:00+05:30,1637.1146119193886,1646.695360561124,1601.7854870912752,1605.782470703125,2483900,0.0,0.0,BAJAJFINSV.NS,568
2022-04-18 00:00:00+05:30,1600.7875916756564,1600.7875916756564,1562.299886141477,1579.55517578125,2818890,0.0,0.0,BAJAJFINSV.NS,569
2022-04-19 00:00:00+05:30,1596.6956960913865,1604.7794488004024,1556.0273114280678,1568.906494140625,2596960,0.0,0.0,BAJAJFINSV.NS,570
2022-04-20 00:00:00+05:30,1568.9513753155477,1576.8305827095185,1529.261007139933,1547.8238525390625,2517070,0.0,0.0,BAJAJFINSV.NS,571
2022-04-21 00:00:00+05:30,1556.9753611036126,1598.8912422584672,1556.1420724506318,1580.4033203125,2364890,0.0,0.0,BAJAJFINSV.NS,572
2022-04-22 00:00:00+05:30,1566.8606745346258,1571.6959419639581,1539.909753973928,1542.324951171875,2148760,0.0,0.0,BAJAJFINSV.NS,573
2022-04-25 00:00:00+05:30,1531.9257555910092,1536.9157417655729,1516.9557970673186,1523.457763671875,1642190,0.0,0.0,BAJAJFINSV.NS,574
2022-04-26 00:00:00+05:30,1551.885651250967,1560.193929238747,1526.9407160255964,1540.3438720703125,2206380,0.0,0.0,BAJAJFINSV.NS,575
2022-04-27 00:00:00+05:30,1531.0374171018755,1531.0374171018755,1472.1805586256899,1479.6705322265625,3411920,0.0,0.0,BAJAJFINSV.NS,576
2022-04-28 00:00:00+05:30,1496.995659679023,1521.9455873403401,1463.1285693951584,1498.1783447265625,3475000,0.0,0.0,BAJAJFINSV.NS,577
2022-04-29 00:00:00+05:30,1524.9398004815962,1524.9398004815962,1482.0259186617607,1488.128662109375,2211070,0.0,0.0,BAJAJFINSV.NS,578
2022-05-02 00:00:00+05:30,1458.3583241899482,1499.2662183163825,1457.0808585780783,1492.749267578125,1907980,0.0,0.0,BAJAJFINSV.NS,579
2022-05-04 00:00:00+05:30,1492.7394234775045,1502.8591303564635,1424.1420961359167,1429.3765869140625,3164040,0.0,0.0,BAJAJFINSV.NS,580
2022-05-05 00:00:00+05:30,1446.9961871827884,1468.153679421994,1402.1860878396847,1411.09326171875,2969280,0.0,0.0,BAJAJFINSV.NS,581
2022-05-06 00:00:00+05:30,1377.236245176207,1386.7471884843574,1348.2943240819243,1361.3182373046875,3516160,0.0,0.0,BAJAJFINSV.NS,582
2022-05-09 00:00:00+05:30,1351.288218014423,1398.3587952576625,1333.6087316070991,1375.6243896484375,4034090,0.0,0.0,BAJAJFINSV.NS,583
2022-05-10 00:00:00+05:30,1379.2322319143368,1395.120392365037,1353.4838535288711,1360.2802734375,2563120,0.0,0.0,BAJAJFINSV.NS,584
2022-05-11 00:00:00+05:30,1369.7510463130548,1380.2948274026337,1312.570757502385,1330.3101806640625,2918480,0.0,0.0,BAJAJFINSV.NS,585
2022-05-12 00:00:00+05:30,1324.2423908690696,1324.2423908690696,1272.4463164462127,1282.49609375,3256960,0.0,0.0,BAJAJFINSV.NS,586
2022-05-13 00:00:00+05:30,1310.2707209152447,1320.82449396571,1254.9816443839745,1258.304931640625,3487640,0.0,0.0,BAJAJFINSV.NS,587
2022-05-16 00:00:00+05:30,1267.4563692868871,1275.3106019148684,1242.5064407576178,1262.9903564453125,4340040,0.0,0.0,BAJAJFINSV.NS,588
2022-05-17 00:00:00+05:30,1267.9356117567215,1299.4623128881897,1260.4706113180105,1294.612060546875,4286060,0.0,0.0,BAJAJFINSV.NS,589
2022-05-18 00:00:00+05:30,1305.3804350997102,1312.3314520056538,1258.4795580556865,1273.6590576171875,3740540,0.0,0.0,BAJAJFINSV.NS,590
2022-05-19 00:00:00+05:30,1245.6899839134119,1252.6809587084442,1214.9417555716466,1238.898681640625,2864010,0.0,0.0,BAJAJFINSV.NS,591
2022-05-20 00:00:00+05:30,1261.3687964175715,1267.356780144381,1240.6753372741068,1253.654296875,3233300,0.0,0.0,BAJAJFINSV.NS,592
2022-05-23 00:00:00+05:30,1262.4664922929944,1276.837676728532,1247.496533886358,1254.77197265625,2788860,0.0,0.0,BAJAJFINSV.NS,593
2022-05-24 00:00:00+05:30,1256.4785425413163,1259.6522274117865,1226.314099910208,1233.255126953125,2554750,0.0,0.0,BAJAJFINSV.NS,594
2022-05-25 00:00:00+05:30,1242.0075801168075,1256.2889792693613,1230.8300596247168,1238.120361328125,2175990,0.0,0.0,BAJAJFINSV.NS,595
2022-05-26 00:00:00+05:30,1242.5065343360686,1255.9794967565801,1203.809167907544,1245.2760009765625,3792040,0.0,0.0,BAJAJFINSV.NS,596
2022-05-27 00:00:00+05:30,1262.4665338523057,1286.4184680914007,1257.9305924484754,1273.2847900390625,3295340,0.0,0.0,BAJAJFINSV.NS,597
2022-05-30 00:00:00+05:30,1289.8116555313986,1296.3984129409896,1281.1290064600805,1289.816650390625,2803920,0.0,0.0,BAJAJFINSV.NS,598
2022-05-31 00:00:00+05:30,1289.81656799656,1308.5688520703761,1274.8016566436866,1290.8095703125,4199190,0.0,0.0,BAJAJFINSV.NS,599
2022-06-01 00:00:00+05:30,1293.3047419698905,1299.8865050093352,1250.6901836195639,1257.1373291015625,2812330,0.0,0.0,BAJAJFINSV.NS,600
2022-06-02 00:00:00+05:30,1251.887595340474,1300.390230373748,1242.5113930284188,1291.009033203125,3661460,0.0,0.0,BAJAJFINSV.NS,601
2022-06-03 00:00:00+05:30,1307.3764617134684,1319.3524293016833,1262.6711288466577,1266.6182861328125,3171800,0.0,0.0,BAJAJFINSV.NS,602
2022-06-06 00:00:00+05:30,1266.3586194213583,1266.3586194213583,1225.7450568133563,1249.1331787109375,3097470,0.0,0.0,BAJAJFINSV.NS,603
2022-06-07 00:00:00+05:30,1241.5085202480486,1242.5015225917732,1220.7850937133937,1231.3988037109375,1765480,0.0,0.0,BAJAJFINSV.NS,604
2022-06-08 00:00:00+05:30,1238.6142091214106,1261.967366242667,1222.5464797526824,1244.00341796875,2368430,0.0,0.0,BAJAJFINSV.NS,605
2022-06-09 00:00:00+05:30,1230.081508627087,1249.2879600403814,1223.0455795736261,1244.602294921875,1742390,0.0,0.0,BAJAJFINSV.NS,606
2022-06-10 00:00:00+05:30,1227.5365854800532,1235.6153437698704,1215.1264315236172,1222.8958740234375,2906700,0.0,0.0,BAJAJFINSV.NS,607
2022-06-13 00:00:00+05:30,1197.5966426844116,1197.5966426844116,1132.726824539006,1136.3245849609375,4877320,0.0,0.0,BAJAJFINSV.NS,608
2022-06-14 00:00:00+05:30,1136.2197785128903,1155.446208619957,1124.248807326844,1131.3795166015625,3669480,0.0,0.0,BAJAJFINSV.NS,609
2022-06-15 00:00:00+05:30,1137.7168198562283,1184.6226887450377,1137.7168198562283,1178.604736328125,4962890,0.0,0.0,BAJAJFINSV.NS,610
2022-06-16 00:00:00+05:30,1200.0917448056882,1204.5627531860937,1138.8196815111874,1144.8924560546875,3940410,0.0,0.0,BAJAJFINSV.NS,611
2022-06-17 00:00:00+05:30,1133.7298268947366,1184.0637528971686,1132.7268348243479,1173.1307373046875,4193620,0.0,0.0,BAJAJFINSV.NS,612
2022-06-20 00:00:00+05:30,1182.6266757153603,1182.6266757153603,1150.895311052686,1168.6197509765625,2428580,0.0,0.0,BAJAJFINSV.NS,613
2022-06-21 00:00:00+05:30,1182.0080501107032,1190.351292941227,1165.6508597022055,1172.6368408203125,3079180,0.0,0.0,BAJAJFINSV.NS,614
2022-06-22 00:00:00+05:30,1167.6568784190185,1167.6568784190185,1132.7269717996462,1141.264892578125,2848330,0.0,0.0,BAJAJFINSV.NS,615
2022-06-23 00:00:00+05:30,1151.4392316433848,1156.5789414195692,1129.2188100968403,1152.97119140625,2535530,0.0,0.0,BAJAJFINSV.NS,616
2022-06-24 00:00:00+05:30,1163.6647443557652,1166.2545178719424,1140.7108085751627,1155.9752197265625,3662910,0.0,0.0,BAJAJFINSV.NS,617
2022-06-27 00:00:00+05:30,1175.6407128224387,1175.6407128224387,1152.6867770033248,1157.1927490234375,2463700,0.0,0.0,BAJAJFINSV.NS,618
2022-06-28 00:00:00+05:30,1152.4422096271421,1152.686714057091,1126.7387880263684,1134.1688232421875,3490570,0.0,0.0,BAJAJFINSV.NS,619
2022-06-29 00:00:00+05:30,1117.756949786438,1122.6421659475052,1101.838941955083,1108.75,3902730,0.0,0.0,BAJAJFINSV.NS,620
2022-06-30 00:00:00+05:30,1113.0679375961843,1117.7601654579883,1089.107376184996,1091.378662109375,3481840,0.4,0.0,BAJAJFINSV.NS,621
2022-07-01 00:00:00+05:30,1090.2054362313868,1132.4359702838362,1070.9570912220886,1130.394287109375,4089830,0.0,0.0,BAJAJFINSV.NS,622
2022-07-04 00:00:00+05:30,1129.1414071481286,1142.4195997643335,1119.6770053035475,1136.95849609375,3004250,0.0,0.0,BAJAJFINSV.NS,623
2022-07-05 00:00:00+05:30,1146.0885631684798,1172.8695560497365,1139.1000659339606,1150.576171875,4223480,0.0,0.0,BAJAJFINSV.NS,624
2022-07-06 00:00:00+05:30,1151.6045309971933,1205.016618043877,1151.1053526135795,1200.8734130859375,4782940,0.0,0.0,BAJAJFINSV.NS,625
2022-07-07 00:00:00+05:30,1214.800399759898,1217.9950922375567,1183.0526100832008,1194.768310546875,2729250,0.0,0.0,BAJAJFINSV.NS,626
2022-07-08 00:00:00+05:30,1203.0198811342284,1210.7371592957932,1186.0478164211315,1198.337646484375,1690110,0.0,0.0,BAJAJFINSV.NS,627
2022-07-11 00:00:00+05:30,1187.5452987362025,1202.675423825495,1182.0093669425569,1191.8531494140625,1613680,0.0,0.0,BAJAJFINSV.NS,628
2022-07-12 00:00:00+05:30,1186.0476647040007,1197.0295875253341,1172.170483310375,1184.525146484375,2272440,0.0,0.0,BAJAJFINSV.NS,629
2022-07-13 00:00:00+05:30,1187.1459204196863,1210.0083130854246,1170.0740453268297,1175.0858154296875,2672490,0.0,0.0,BAJAJFINSV.NS,630
2022-07-14 00:00:00+05:30,1184.3655659492406,1193.7152893218313,1161.3585119317074,1170.6981201171875,2405440,0.0,0.0,BAJAJFINSV.NS,631
2022-07-15 00:00:00+05:30,1177.761379745629,1185.1292572509867,1166.0806548109067,1182.079345703125,1711040,0.0,0.0,BAJAJFINSV.NS,632
2022-07-18 00:00:00+05:30,1192.037881257972,1226.6409580652446,1190.0461645472415,1222.9869384765625,2834830,0.0,0.0,BAJAJFINSV.NS,633
2022-07-19 00:00:00+05:30,1217.9951838097536,1244.9508149268547,1207.3178124399321,1242.4349365234375,4230630,0.0,0.0,BAJAJFINSV.NS,634
2022-07-20 00:00:00+05:30,1261.7233338568583,1261.7233338568583,1235.1669462962766,1240.033935546875,2721470,0.0,0.0,BAJAJFINSV.NS,635
2022-07-21 00:00:00+05:30,1237.9622812632351,1273.638542542855,1236.0703758584411,1269.5552978515625,2713300,0.0,0.0,BAJAJFINSV.NS,636
2022-07-22 00:00:00+05:30,1280.457383677716,1284.3859760389316,1263.6900598340164,1273.3292236328125,3024220,0.0,0.0,BAJAJFINSV.NS,637
2022-07-25 00:00:00+05:30,1267.913049366242,1277.3924416597463,1254.9344118530441,1259.8812255859375,1747020,0.0,0.0,BAJAJFINSV.NS,638
2022-07-26 00:00:00+05:30,1297.8636916709227,1352.6585081261603,1276.8982012670078,1329.1123046875,13270240,0.0,0.0,BAJAJFINSV.NS,639
2022-07-27 00:00:00+05:30,1332.8011776529943,1336.6947930979582,1298.8170771014627,1328.5181884765625,5339660,0.0,0.0,BAJAJFINSV.NS,640
2022-07-28 00:00:00+05:30,1348.4803460109288,1519.8233146571724,1348.4803460109288,1461.798828125,16276260,0.0,0.0,BAJAJFINSV.NS,641
2022-07-29 00:00:00+05:30,1497.5350438233359,1517.6019890366258,1478.7808791676684,1502.2872314453125,10442350,0.0,0.0,BAJAJFINSV.NS,642
2022-08-01 00:00:00+05:30,1517.4972215354205,1522.4940018063014,1490.6463979847376,1504.8331298828125,4320160,0.0,0.0,BAJAJFINSV.NS,643
2022-08-02 00:00:00+05:30,1497.5351245355055,1526.4874702765253,1483.6929179506267,1519.913330078125,4248930,0.0,0.0,BAJAJFINSV.NS,644
2022-08-03 00:00:00+05:30,1518.5005658721554,1531.2795805918786,1509.0511536735328,1521.885009765625,3096500,0.0,0.0,BAJAJFINSV.NS,645
2022-08-04 00:00:00+05:30,1532.3777626941317,1538.1631619231073,1503.0260505837796,1516.03466796875,3113610,0.0,0.0,BAJAJFINSV.NS,646
2022-08-05 00:00:00+05:30,1515.1061576273755,1522.5938331446462,1499.8712240919915,1506.10595703125,2078470,0.0,0.0,BAJAJFINSV.NS,647
2022-08-08 00:00:00+05:30,1504.024513727738,1556.3384342313436,1501.603449748656,1550.512939453125,4870730,0.0,0.0,BAJAJFINSV.NS,648
2022-08-10 00:00:00+05:30,1550.4479235865037,1564.8242841482413,1540.0649897435985,1561.749267578125,4425480,0.0,0.0,BAJAJFINSV.NS,649
2022-08-11 00:00:00+05:30,1590.3822163531615,1590.3822163531615,1567.5398102792767,1571.10888671875,2536510,0.0,0.0,BAJAJFINSV.NS,650
2022-08-12 00:00:00+05:30,1574.4084320340203,1586.2289406088425,1565.4232222126468,1573.9542236328125,2052510,0.0,0.0,BAJAJFINSV.NS,651
2022-08-16 00:00:00+05:30,1578.9010779263551,1594.375606353708,1578.401899589989,1588.95947265625,1522190,0.0,0.0,BAJAJFINSV.NS,652
2022-08-17 00:00:00+05:30,1595.0745975480884,1711.3333190777391,1590.3823693744096,1681.2628173828125,9435810,0.0,0.0,BAJAJFINSV.NS,653
2022-08-18 00:00:00+05:30,1685.2259817091006,1696.1080932872057,1659.333544162101,1677.828125,3616590,0.0,0.0,BAJAJFINSV.NS,654
2022-08-19 00:00:00+05:30,1685.226138257916,1691.9150795137784,1609.8502061261195,1626.08349609375,5126830,0.0,0.0,BAJAJFINSV.NS,655
2022-08-22 00:00:00+05:30,1626.1234850520464,1627.1966697852663,1578.9859844589066,1584.5618896484375,3722010,0.0,0.0,BAJAJFINSV.NS,656
2022-08-23 00:00:00+05:30,1577.393494439316,1649.3351322580695,1564.5946159651373,1627.710693359375,7064070,0.0,0.0,BAJAJFINSV.NS,657
2022-08-24 00:00:00+05:30,1626.8223020636453,1639.9407242051127,1615.3661828866962,1630.700927734375,2649190,0.0,0.0,BAJAJFINSV.NS,658
2022-08-25 00:00:00+05:30,1638.857440501401,1656.772897359668,1617.3378088114866,1621.960205078125,3693150,0.0,0.0,BAJAJFINSV.NS,659
2022-08-26 00:00:00+05:30,1639.6013891378057,1647.9426405385814,1622.9637343947468,1625.923828125,2071780,0.0,0.0,BAJAJFINSV.NS,660
2022-08-29 00:00:00+05:30,1570.0157665451345,1616.3395431120357,1568.5182314526896,1605.99658203125,3079400,0.0,0.0,BAJAJFINSV.NS,661
2022-08-30 00:00:00+05:30,1636.3066666052555,1697.20642661924,1634.309953162174,1693.4276123046875,7661440,0.0,0.0,BAJAJFINSV.NS,662
2022-09-01 00:00:00+05:30,1678.2375355407828,1765.7883686993416,1677.6883906331445,1737.779541015625,10171920,0.0,0.0,BAJAJFINSV.NS,663
2022-09-02 00:00:00+05:30,1766.5922413881765,1781.5675924030522,1722.1653667107116,1730.077392578125,6944080,0.0,0.0,BAJAJFINSV.NS,664
2022-09-05 00:00:00+05:30,1739.1373170018394,1750.009435749138,1717.677645281361,1734.7545166015625,3700530,0.0,0.0,BAJAJFINSV.NS,665
2022-09-06 00:00:00+05:30,1739.6364813260432,1745.7264325825683,1690.3476178604776,1694.1064453125,5077980,0.0,0.0,BAJAJFINSV.NS,666
2022-09-07 00:00:00+05:30,1692.2146188920829,1711.5827633878587,1678.2676049396805,1702.75732421875,3207730,0.0,0.0,BAJAJFINSV.NS,667
2022-09-08 00:00:00+05:30,1725.1603342717442,1746.1258244451856,1701.3993966606263,1735.428466796875,4301170,0.0,0.0,BAJAJFINSV.NS,668
2022-09-09 00:00:00+05:30,1752.1160205260526,1755.6102690000362,1712.5861159669614,1717.737548828125,3957300,0.0,0.0,BAJAJFINSV.NS,669
2022-09-12 00:00:00+05:30,1735.1439564297596,1739.1373832569857,1702.4177943319096,1710.98876953125,4250820,0.0,0.0,BAJAJFINSV.NS,670
2022-09-13 00:00:00+05:30,1752.116026541051,1840.9697737559532,1747.124242989652,1781.817138671875,10413183,0.0,5.0,BAJAJFINSV.NS,671
2022-09-14 00:00:00+05:30,1766.0929383538657,1810.469843314195,1749.120875068385,1802.3831787109375,3784309,0.0,0.0,BAJAJFINSV.NS,672
2022-09-15 00:00:00+05:30,1812.0173108133965,1820.952554038946,1767.0912617849651,1769.28759765625,3051984,0.0,0.0,BAJAJFINSV.NS,673
2022-09-16 00:00:00+05:30,1769.2877042486205,1782.5658971759747,1709.1866793420713,1732.049072265625,3277213,0.0,0.0,BAJAJFINSV.NS,674
2022-09-19 00:00:00+05:30,1735.693097424215,1776.3761331341805,1734.1455957842936,1763.0479736328125,2309647,0.0,0.0,BAJAJFINSV.NS,675
2022-09-20 00:00:00+05:30,1782.0667166904427,1809.9707378201467,1777.0749331703014,1796.6427001953125,2832208,0.0,0.0,BAJAJFINSV.NS,676
2022-09-21 00:00:00+05:30,1797.0421049094755,1817.0092394084697,1775.1282235447163,1799.038818359375,2080898,0.0,0.0,BAJAJFINSV.NS,677
2022-09-22 00:00:00+05:30,1783.8638276580125,1785.0618069684942,1730.1521876266222,1769.4375,4480817,0.0,0.0,BAJAJFINSV.NS,678
2022-09-23 00:00:00+05:30,1769.0880811127051,1775.2778439353037,1711.582759283436,1719.0704345703125,2759913,0.0,0.0,BAJAJFINSV.NS,679
2022-09-26 00:00:00+05:30,1697.2065060096768,1742.232371883401,1658.769770432399,1674.044677734375,4915173,0.0,0.0,BAJAJFINSV.NS,680
2022-09-27 00:00:00+05:30,1685.7254054728608,1712.9306274445132,1662.2640213872153,1676.7901611328125,2624336,0.0,0.0,BAJAJFINSV.NS,681
2022-09-28 00:00:00+05:30,1667.255784376034,1676.1411838882698,1642.546454637527,1649.4849853515625,2114266,0.0,0.0,BAJAJFINSV.NS,682
2022-09-29 00:00:00+05:30,1669.2024788328472,1682.231082851483,1625.3247494849938,1633.2117919921875,2418856,0.0,0.0,BAJAJFINSV.NS,683
2022-09-30 00:00:00+05:30,1623.0783816553633,1696.2080088774178,1618.336187398643,1675.5919189453125,2788387,0.0,0.0,BAJAJFINSV.NS,684
2022-10-03 00:00:00+05:30,1683.2294445222449,1683.2294445222449,1635.3083215465226,1643.8941650390625,1464138,0.0,0.0,BAJAJFINSV.NS,685
2022-10-04 00:00:00+05:30,1679.2360580693453,1702.1982633818272,1667.30574362227,1698.3546142578125,1806381,0.0,0.0,BAJAJFINSV.NS,686
2022-10-06 00:00:00+05:30,1715.1768445565513,1721.3167627570504,1692.1148287039193,1707.7391357421875,1661891,0.0,0.0,BAJAJFINSV.NS,687
2022-10-07 00:00:00+05:30,1705.193217977487,1707.0401534707917,1681.7318358800214,1696.2080078125,1150275,0.0,0.0,BAJAJFINSV.NS,688
2022-10-10 00:00:00+05:30,1672.5470583187816,1691.1663136126565,1654.2770816325274,1681.632080078125,1229639,0.0,0.0,BAJAJFINSV.NS,689
2022-10-11 00:00:00+05:30,1681.632058472622,1704.2448622174597,1662.2639140194137,1669.9013671875,1402150,0.0,0.0,BAJAJFINSV.NS,690
2022-10-12 00:00:00+05:30,1678.287607401459,1698.8037648083646,1664.660013844195,1691.865234375,1538819,0.0,0.0,BAJAJFINSV.NS,691
2022-10-13 00:00:00+05:30,1690.1678740701439,1691.7653422363448,1663.7114223411043,1678.986328125,1065166,0.0,0.0,BAJAJFINSV.NS,692
2022-10-14 00:00:00+05:30,1706.191569332653,1706.191569332653,1682.3308202617823,1685.525634765625,1239168,0.0,0.0,BAJAJFINSV.NS,693
2022-10-17 00:00:00+05:30,1681.232730023993,1722.1653558737457,1671.2491627435656,1716.4248046875,1551410,0.0,0.0,BAJAJFINSV.NS,694
2022-10-18 00:00:00+05:30,1727.1571678697503,1733.3968975224589,1709.1867464699494,1723.413330078125,1661431,0.0,0.0,BAJAJFINSV.NS,695
2022-10-19 00:00:00+05:30,1722.165319830964,1728.1554600738543,1689.6189155518698,1696.0084228515625,1804532,0.0,0.0,BAJAJFINSV.NS,696
2022-10-20 00:00:00+05:30,1684.2277795878513,1727.1571183680987,1673.7450340717444,1722.8641357421875,1438398,0.0,0.0,BAJAJFINSV.NS,697
2022-10-21 00:00:00+05:30,1728.6546159747356,1737.540014926891,1672.3472740489738,1681.681884765625,2734130,0.0,0.0,BAJAJFINSV.NS,698
2022-10-24 00:00:00+05:30,1710.0353088368267,1721.36663340292,1690.2179520248908,1699.0035400390625,499690,0.0,0.0,BAJAJFINSV.NS,699
2022-10-25 00:00:00+05:30,1697.206297092437,1698.1048424471921,1652.2802480517548,1655.824462890625,1870289,0.0,0.0,BAJAJFINSV.NS,700
2022-10-27 00:00:00+05:30,1668.9030904274612,1673.7950628908154,1618.3362965170645,1628.2698974609375,2177395,0.0,0.0,BAJAJFINSV.NS,701
2022-10-28 00:00:00+05:30,1636.4565215171347,1657.7714141513998,1632.3133165537722,1650.68310546875,2115388,0.0,0.0,BAJAJFINSV.NS,702
2022-10-31 00:00:00+05:30,1662.2640234374999,1687.0731648187636,1659.4187310145696,1684.72705078125,2217631,0.0,0.0,BAJAJFINSV.NS,703
2022-11-01 00:00:00+05:30,1689.2195465631391,1711.8821950416027,1688.2211898571327,1706.2415771484375,2002317,0.0,0.0,BAJAJFINSV.NS,704
2022-11-02 00:00:00+05:30,1702.1982048156253,1719.6694473870466,1696.4576536850154,1707.58935546875,2036615,0.0,0.0,BAJAJFINSV.NS,705
2022-11-03 00:00:00+05:30,1695.1098181739176,1729.6529346595544,1691.216202778231,1720.667724609375,2205874,0.0,0.0,BAJAJFINSV.NS,706
2022-11-04 00:00:00+05:30,1720.0687672889903,1802.0338272457257,1718.2218317845925,1797.7408447265625,6981242,0.0,0.0,BAJAJFINSV.NS,707
2022-11-07 00:00:00+05:30,1810.2203142314963,1814.9126638291702,1762.6487151157698,1775.128173828125,2464569,0.0,0.0,BAJAJFINSV.NS,708
2022-11-09 00:00:00+05:30,1794.745752693502,1795.0453084450205,1742.6815493909357,1749.8197021484375,1762741,0.0,0.0,BAJAJFINSV.NS,709
2022-11-10 00:00:00+05:30,1742.132437047836,1754.0129061214175,1691.2162454779566,1697.5557861328125,2030748,0.0,0.0,BAJAJFINSV.NS,710
2022-11-11 00:00:00+05:30,1737.1407067943871,1745.1275606187291,1704.5443352498478,1716.4248046875,1671510,0.0,0.0,BAJAJFINSV.NS,711
2022-11-14 00:00:00+05:30,1721.1668624863898,1732.148785622904,1705.3429339772633,1715.526123046875,1459293,0.0,0.0,BAJAJFINSV.NS,712
2022-11-15 00:00:00+05:30,1720.5679216751203,1726.9574287824544,1693.5124800998565,1705.6923828125,1401141,0.0,0.0,BAJAJFINSV.NS,713
2022-11-16 00:00:00+05:30,1710.8838373483081,1711.6825714605384,1672.247481596035,1682.8800048828125,2040699,0.0,0.0,BAJAJFINSV.NS,714
2022-11-17 00:00:00+05:30,1682.8299921927432,1697.1563861492066,1657.4717081956437,1661.864501953125,1875515,0.0,0.0,BAJAJFINSV.NS,715
2022-11-18 00:00:00+05:30,1665.2589005481875,1671.8979966779118,1638.5028934461723,1651.6812744140625,1581747,0.0,0.0,BAJAJFINSV.NS,716
2022-11-21 00:00:00+05:30,1651.68130824158,1654.9758121487444,1622.3295976093516,1633.1617431640625,1943750,0.0,0.0,BAJAJFINSV.NS,717
2022-11-22 00:00:00+05:30,1632.3632482529067,1657.1723890468168,1629.3182114260667,1640.6495361328125,1508906,0.0,0.0,BAJAJFINSV.NS,718
2022-11-23 00:00:00+05:30,1648.8858252427701,1653.2786188939663,1627.3713124725873,1633.5111083984375,1837952,0.0,0.0,BAJAJFINSV.NS,719
2022-11-24 00:00:00+05:30,1636.3066027488383,1644.7426679687553,1617.3378257798156,1631.3148193359375,1660403,0.0,0.0,BAJAJFINSV.NS,720
2022-11-25 00:00:00+05:30,1631.314814540841,1644.2434847943662,1621.8304260842083,1631.0152587890625,1140578,0.0,0.0,BAJAJFINSV.NS,721
2022-11-28 00:00:00+05:30,1627.3213636454611,1659.1689656269432,1626.1732291069839,1650.1337890625,2005182,0.0,0.0,BAJAJFINSV.NS,722
2022-11-29 00:00:00+05:30,1646.2901789347331,1650.1338278105775,1627.3713684401603,1629.318115234375,1346735,0.0,0.0,BAJAJFINSV.NS,723
2022-11-30 00:00:00+05:30,1631.5144461654643,1641.9473466473728,1620.6324557928244,1623.8271484375,2900845,0.0,0.0,BAJAJFINSV.NS,724
2022-12-01 00:00:00+05:30,1632.1136287494514,1639.8009268121907,1621.5309499299576,1636.1070556640625,2111362,0.0,0.0,BAJAJFINSV.NS,725
2022-12-02 00:00:00+05:30,1629.5177827917407,1650.2836512284057,1622.5792523647708,1639.95068359375,1682841,0.0,0.0,BAJAJFINSV.NS,726
2022-12-05 00:00:00+05:30,1647.288611516261,1652.2803951875223,1628.7192006331122,1631.5145263671875,1383542,0.0,0.0,BAJAJFINSV.NS,727
2022-12-06 00:00:00+05:30,1627.321371624656,1644.1936237166697,1625.3246582852391,1632.562744140625,1177485,0.0,0.0,BAJAJFINSV.NS,728
2022-12-07 00:00:00+05:30,1632.7126033526858,1639.301733327073,1590.382254074316,1604.0596923828125,2376490,0.0,0.0,BAJAJFINSV.NS,729
2022-12-08 00:00:00+05:30,1607.3542205852661,1619.1348779063835,1597.570276581646,1615.9400634765625,1161239,0.0,0.0,BAJAJFINSV.NS,730
2022-12-09 00:00:00+05:30,1619.334593998609,1624.276410996896,1579.400325342663,1595.9730224609375,1766412,0.0,0.0,BAJAJFINSV.NS,731
2022-12-12 00:00:00+05:30,1583.5434690922525,1601.3141448377999,1567.5197956633926,1589.483642578125,1365732,0.0,0.0,BAJAJFINSV.NS,732
2022-12-13 00:00:00+05:30,1597.4705555397875,1614.2429971022173,1588.6351229846412,1608.8018798828125,1279634,0.0,0.0,BAJAJFINSV.NS,733
2022-12-14 00:00:00+05:30,1617.0883086231931,1625.2249403225132,1610.6489564816716,1620.3829345703125,1137059,0.0,0.0,BAJAJFINSV.NS,734
2022-12-15 00:00:00+05:30,1617.3378571378046,1629.0185818025807,1597.3707230990663,1602.2626953125,1041690,0.0,0.0,BAJAJFINSV.NS,735
2022-12-16 00:00:00+05:30,1596.3724128319427,1607.3543368726878,1578.5517695579501,1584.491943359375,1533418,0.0,0.0,BAJAJFINSV.NS,736
2022-12-19 00:00:00+05:30,1592.428964640951,1624.3264136911157,1587.5369922479006,1616.3895263671875,1508476,0.0,0.0,BAJAJFINSV.NS,737
2022-12-20 00:00:00+05:30,1612.2960723190565,1615.840287282482,1590.4321585133207,1612.9949951171875,866377,0.0,0.0,BAJAJFINSV.NS,738
2022-12-21 00:00:00+05:30,1615.8403258933058,1626.5726604644228,1572.9109876088373,1579.20068359375,1397725,0.0,0.0,BAJAJFINSV.NS,739
2022-12-22 00:00:00+05:30,1583.4935668123321,1591.5802318581032,1527.4857792793655,1541.7623291015625,2100618,0.0,0.0,BAJAJFINSV.NS,740
2022-12-23 00:00:00+05:30,1521.7951862473012,1540.7639637927248,1489.548215672195,1494.5899658203125,1673592,0.0,0.0,BAJAJFINSV.NS,741
2022-12-26 00:00:00+05:30,1494.4402920936238,1542.4112623707674,1480.7128863342907,1532.4776611328125,1329547,0.0,0.0,BAJAJFINSV.NS,742
2022-12-27 00:00:00+05:30,1542.4611485834778,1548.8506560324597,1515.5055168606598,1535.173095703125,1102198,0.0,0.0,BAJAJFINSV.NS,743
2022-12-28 00:00:00+05:30,1532.1780347441363,1532.1780347441363,1510.5137423101794,1520.19775390625,1411078,0.0,0.0,BAJAJFINSV.NS,744
2022-12-29 00:00:00+05:30,1512.5103239332918,1519.4988204795184,1500.5800107201171,1509.2156982421875,3417120,0.0,0.0,BAJAJFINSV.NS,745
2022-12-30 00:00:00+05:30,1525.4890403278805,1570.4150919082172,1523.342549045099,1545.306396484375,2638505,0.0,0.0,BAJAJFINSV.NS,746
2023-01-02 00:00:00+05:30,1547.452960667019,1557.4365281551932,1526.038257152773,1549.9488525390625,1061404,0.0,0.0,BAJAJFINSV.NS,747
2023-01-03 00:00:00+05:30,1546.4545247864435,1567.4200154388095,1541.512707880557,1560.4315185546875,1306648,0.0,0.0,BAJAJFINSV.NS,748
2023-01-04 00:00:00+05:30,1559.4331681885792,1564.7743521691875,1537.8686878039605,1545.306396484375,1036103,0.0,0.0,BAJAJFINSV.NS,749
2023-01-05 00:00:00+05:30,1545.4561113235393,1545.4561113235393,1452.3093860985973,1466.4361572265625,5979381,0.0,0.0,BAJAJFINSV.NS,750
2023-01-06 00:00:00+05:30,1471.1285951941331,1471.1285951941331,1420.6616141922625,1427.99951171875,5207616,0.0,0.0,BAJAJFINSV.NS,751
2023-01-09 00:00:00+05:30,1444.6221631170163,1448.5157786700586,1406.335207563152,1411.6763916015625,4513767,0.0,0.0,BAJAJFINSV.NS,752
2023-01-10 00:00:00+05:30,1426.651813555548,1426.651813555548,1388.7142565820625,1410.9776611328125,2903001,0.0,0.0,BAJAJFINSV.NS,753
2023-01-11 00:00:00+05:30,1415.669756056465,1420.5117615251702,1394.75423259745,1397.3997802734375,2327598,0.0,0.0,BAJAJFINSV.NS,754
2023-01-12 00:00:00+05:30,1402.6912184143737,1412.6248192203814,1376.7339431981645,1385.51953125,3168742,0.0,0.0,BAJAJFINSV.NS,755
2023-01-13 00:00:00+05:30,1392.457951202763,1397.5495457936063,1372.0914509696806,1388.8638916015625,3754686,0.0,0.0,BAJAJFINSV.NS,756
2023-01-16 00:00:00+05:30,1395.8525607222564,1416.11913029818,1376.9336265599036,1381.6259765625,3480545,0.0,0.0,BAJAJFINSV.NS,757
2023-01-17 00:00:00+05:30,1386.7174391962442,1389.3131422102858,1351.7249885449548,1370.6439208984375,3681802,0.0,0.0,BAJAJFINSV.NS,758
2023-01-18 00:00:00+05:30,1377.532681936477,1377.7323045370729,1362.7569534008003,1365.05322265625,2589016,0.0,0.0,BAJAJFINSV.NS,759
2023-01-19 00:00:00+05:30,1362.7568847465843,1363.7052748562148,1345.8846322757793,1352.923095703125,1910318,0.0,0.0,BAJAJFINSV.NS,760
2023-01-20 00:00:00+05:30,1357.7651646182135,1359.4124776109957,1324.3701804569253,1331.0091552734375,2091612,0.0,0.0,BAJAJFINSV.NS,761
2023-01-23 00:00:00+05:30,1327.8143336879807,1342.7896833160407,1317.3815555283152,1330.559814453125,1832743,0.0,0.0,BAJAJFINSV.NS,762
2023-01-24 00:00:00+05:30,1334.0541026279145,1346.783150192746,1327.365161675064,1330.5098876953125,1311451,0.0,0.0,BAJAJFINSV.NS,763
2023-01-25 00:00:00+05:30,1332.7064657505198,1332.7064657505198,1307.8473580068273,1312.190185546875,1549899,0.0,0.0,BAJAJFINSV.NS,764
2023-01-27 00:00:00+05:30,1312.93882857749,1333.954285168601,1299.9103471931828,1312.040283203125,1829556,0.0,0.0,BAJAJFINSV.NS,765
2023-01-30 00:00:00+05:30,1318.6295531842827,1357.7650863366907,1315.684327853122,1341.6416015625,4411750,0.0,0.0,BAJAJFINSV.NS,766
2023-01-31 00:00:00+05:30,1352.174332111716,1354.9198130230263,1321.624641617986,1340.243896484375,2213909,0.0,0.0,BAJAJFINSV.NS,767
2023-02-01 00:00:00+05:30,1345.7847986037227,1357.7650787099874,1244.8009965007252,1266.2158203125,4761664,0.0,0.0,BAJAJFINSV.NS,768
2023-02-02 00:00:00+05:30,1266.9146776615362,1286.5324115831936,1250.042424719839,1269.8099365234375,2419664,0.0,0.0,BAJAJFINSV.NS,769
2023-02-03 00:00:00+05:30,1302.8555692157727,1338.5967899007683,1279.1945627985933,1335.252197265625,3271913,0.0,0.0,BAJAJFINSV.NS,770
2023-02-06 00:00:00+05:30,1335.2521225502812,1346.7831912080658,1319.927371546134,1340.843017578125,1546926,0.0,0.0,BAJAJFINSV.NS,771
2023-02-07 00:00:00+05:30,1342.9395355430959,1360.1112219861625,1334.9027153831657,1348.180908203125,1604424,0.0,0.0,BAJAJFINSV.NS,772
2023-02-08 00:00:00+05:30,1354.7199559890423,1374.7370548087579,1342.9892657973191,1366.650390625,1516979,0.0,0.0,BAJAJFINSV.NS,773
2023-02-09 00:00:00+05:30,1367.7486843169747,1407.5831411757697,1354.4206466941062,1397.948974609375,2593600,0.0,0.0,BAJAJFINSV.NS,774
2023-02-10 00:00:00+05:30,1403.6896717064049,1416.318909698477,1391.7093900133204,1399.4466552734375,2069492,0.0,0.0,BAJAJFINSV.NS,775
2023-02-13 00:00:00+05:30,1401.692750119956,1412.6746733758816,1379.4793144431974,1386.2681884765625,1467695,0.0,0.0,BAJAJFINSV.NS,776
2023-02-14 00:00:00+05:30,1387.7157926222085,1402.6911429023044,1371.3926851908466,1396.3016357421875,1390992,0.0,0.0,BAJAJFINSV.NS,777
2023-02-15 00:00:00+05:30,1395.7026290652084,1421.6099359855946,1385.7690289152397,1418.4652099609375,1518171,0.0,0.0,BAJAJFINSV.NS,778
2023-02-16 00:00:00+05:30,1426.6516393337536,1432.6417791770023,1410.727899665,1425.8529052734375,2153424,0.0,0.0,BAJAJFINSV.NS,779
2023-02-17 00:00:00+05:30,1417.7164584659263,1424.8546112637966,1407.6829250395679,1411.726318359375,994199,0.0,0.0,BAJAJFINSV.NS,780
2023-02-20 00:00:00+05:30,1415.6697517390849,1423.4569824781993,1398.49806583964,1402.291748046875,993735,0.0,0.0,BAJAJFINSV.NS,781
2023-02-21 00:00:00+05:30,1407.0839507882135,1407.0839507882135,1387.7158065246463,1392.0087890625,1117177,0.0,0.0,BAJAJFINSV.NS,782
2023-02-22 00:00:00+05:30,1387.6160005391293,1389.7125252334265,1353.7716840635965,1358.7135009765625,1402505,0.0,0.0,BAJAJFINSV.NS,783
2023-02-23 00:00:00+05:30,1359.7618900630348,1363.705350467679,1338.7963983660277,1344.736572265625,1095460,0.0,0.0,BAJAJFINSV.NS,784
2023-02-24 00:00:00+05:30,1351.4753844984277,1383.7223539036631,1348.1309140054311,1356.7667236328125,1342454,0.0,0.0,BAJAJFINSV.NS,785
2023-02-27 00:00:00+05:30,1355.7184566669036,1365.0032228936059,1342.7897859147192,1355.16943359375,972575,0.0,0.0,BAJAJFINSV.NS,786
2023-02-28 00:00:00+05:30,1361.9581999139712,1369.645619843232,1327.8144485561293,1332.7064208984375,1597380,0.0,0.0,BAJAJFINSV.NS,787
2023-03-01 00:00:00+05:30,1333.5049306562148,1357.765046035467,1332.7063184568424,1341.6915283203125,1134472,0.0,0.0,BAJAJFINSV.NS,788
2023-03-02 00:00:00+05:30,1372.7404318520507,1383.6723887250969,1335.002500686706,1341.3421630859375,3267851,0.0,0.0,BAJAJFINSV.NS,789
2023-03-03 00:00:00+05:30,1354.7699935341957,1362.207701935781,1343.8878815187484,1353.1226806640625,1199487,0.0,0.0,BAJAJFINSV.NS,790
2023-03-06 00:00:00+05:30,1355.019656387288,1397.1502611664182,1355.019656387288,1378.531005859375,2466703,0.0,0.0,BAJAJFINSV.NS,791
2023-03-08 00:00:00+05:30,1372.7404881433201,1381.526076015324,1355.6686126283537,1378.531005859375,1557533,0.0,0.0,BAJAJFINSV.NS,792
2023-03-09 00:00:00+05:30,1375.7356460100955,1376.6840362053913,1347.7816561056813,1350.3275146484375,1545024,0.0,0.0,BAJAJFINSV.NS,793
2023-03-10 00:00:00+05:30,1337.7979612048166,1339.7946745797492,1318.8791507252156,1326.666259765625,1389890,0.0,0.0,BAJAJFINSV.NS,794
2023-03-13 00:00:00+05:30,1323.8209343292406,1338.995906849686,1289.776996515681,1293.5706787109375,1668502,0.0,0.0,BAJAJFINSV.NS,795
2023-03-14 00:00:00+05:30,1297.8636671367533,1300.1599362188024,1266.914610458877,1278.4456787109375,2060607,0.0,0.0,BAJAJFINSV.NS,796
2023-03-15 00:00:00+05:30,1287.8801737003666,1307.5477524113146,1275.8998930147818,1280.4923095703125,1376141,0.0,0.0,BAJAJFINSV.NS,797
2023-03-16 00:00:00+05:30,1283.3874567089651,1301.8570544912411,1268.4620737354949,1291.47412109375,1539281,0.0,0.0,BAJAJFINSV.NS,798
2023-03-17 00:00:00+05:30,1302.8055325496762,1314.1369786394382,1290.8752186809822,1299.61083984375,1332869,0.0,0.0,BAJAJFINSV.NS,799
2023-03-20 00:00:00+05:30,1302.8555533022547,1305.800656954552,1228.977154111169,1243.353515625,3970911,0.0,0.0,BAJAJFINSV.NS,800
2023-03-21 00:00:00+05:30,1256.9310916393724,1269.410550452313,1246.5481575330627,1266.01611328125,2333183,0.0,0.0,BAJAJFINSV.NS,801
2023-03-22 00:00:00+05:30,1268.9113801908052,1312.7891089089976,1268.462168418561,1292.4227294921875,2884348,0.0,0.0,BAJAJFINSV.NS,802
2023-03-23 00:00:00+05:30,1289.8269960008158,1308.3465630583062,1276.1995234197193,1287.8802490234375,1947186,0.0,0.0,BAJAJFINSV.NS,803
2023-03-24 00:00:00+05:30,1279.194428377545,1287.8800825117173,1234.1684458265233,1238.6112060546875,2676573,0.0,0.0,BAJAJFINSV.NS,804
2023-03-27 00:00:00+05:30,1242.954049407593,1249.5431790305104,1224.6342289569332,1237.063720703125,1553877,0.0,0.0,BAJAJFINSV.NS,805
2023-03-28 00:00:00+05:30,1243.2536397946321,1245.7993762425215,1213.0033832183387,1221.1400146484375,1510246,0.0,0.0,BAJAJFINSV.NS,806
2023-03-29 00:00:00+05:30,1227.279845893981,1249.942492497288,1223.4360753981255,1244.0023193359375,1657420,0.0,0.0,BAJAJFINSV.NS,807
2023-03-31 00:00:00+05:30,1250.242085445506,1267.9129494577824,1247.945816395455,1264.418701171875,1830686,0.0,0.0,BAJAJFINSV.NS,808
2023-04-03 00:00:00+05:30,1270.9080744241205,1284.4358564072354,1263.420399201669,1280.8416748046875,1381342,0.0,0.0,BAJAJFINSV.NS,809
2023-04-05 00:00:00+05:30,1293.8702617722513,1321.824248909306,1273.4039497611934,1277.19775390625,3366621,0.0,0.0,BAJAJFINSV.NS,810
2023-04-06 00:00:00+05:30,1277.1978542906554,1309.294926691071,1269.2608449114432,1301.8072509765625,1819711,0.0,0.0,BAJAJFINSV.NS,811
2023-04-10 00:00:00+05:30,1308.84569145737,1315.0854211077199,1293.5209398100549,1302.905517578125,1297282,0.0,0.0,BAJAJFINSV.NS,812
2023-04-11 00:00:00+05:30,1310.7923567062007,1322.8226034705535,1305.0518057854795,1321.0255126953125,1281834,0.0,0.0,BAJAJFINSV.NS,813
2023-04-12 00:00:00+05:30,1318.829273005757,1326.816127043642,1313.3882774403362,1319.37841796875,1105734,0.0,0.0,BAJAJFINSV.NS,814
2023-04-13 00:00:00+05:30,1318.7293251339574,1343.788052708745,1315.8340664711188,1339.0958251953125,1330391,0.0,0.0,BAJAJFINSV.NS,815
2023-04-17 00:00:00+05:30,1342.789816069446,1350.7267034091064,1328.3636099160674,1338.9461669921875,1073923,0.0,0.0,BAJAJFINSV.NS,816
2023-04-18 00:00:00+05:30,1337.7980204348928,1346.4836752525157,1326.8160963865466,1333.005859375,1236391,0.0,0.0,BAJAJFINSV.NS,817
2023-04-19 00:00:00+05:30,1332.8061355427478,1336.7495955854215,1319.877465597539,1329.162109375,590360,0.0,0.0,BAJAJFINSV.NS,818
2023-04-20 00:00:00+05:30,1331.7578241276265,1339.1456878203426,1322.8725473075715,1329.910888671875,467602,0.0,0.0,BAJAJFINSV.NS,819
2023-04-21 00:00:00+05:30,1334.3037860321147,1335.8013211455066,1304.403050349279,1315.734375,825513,0.0,0.0,BAJAJFINSV.NS,820
2023-04-24 00:00:00+05:30,1312.9387940039326,1320.726024550422,1305.7007083577919,1317.5811767578125,1051329,0.0,0.0,BAJAJFINSV.NS,821
2023-04-25 00:00:00+05:30,1322.822632785701,1349.7782637934097,1319.9273739701894,1343.5885009765625,2725305,0.0,0.0,BAJAJFINSV.NS,822
2023-04-26 00:00:00+05:30,1343.5885713577404,1347.2824426081106,1326.4667286134893,1332.5067138671875,889092,0.0,0.0,BAJAJFINSV.NS,823
2023-04-27 00:00:00+05:30,1350.2774613324334,1371.7421307732077,1337.9477802369086,1357.76513671875,3982526,0.0,0.0,BAJAJFINSV.NS,824
2023-04-28 00:00:00+05:30,1366.700378117476,1366.700378117476,1316.632886287636,1352.4239501953125,3376186,0.0,0.0,BAJAJFINSV.NS,825
2023-05-02 00:00:00+05:30,1357.7652098581377,1368.6473230463864,1343.6884037475236,1346.833251953125,1387425,0.0,0.0,BAJAJFINSV.NS,826
2023-05-03 00:00:00+05:30,1342.7897855876195,1348.7299593112916,1327.8144348189844,1344.7864990234375,903123,0.0,0.0,BAJAJFINSV.NS,827
2023-05-04 00:00:00+05:30,1340.0942145514277,1376.0350548769343,1337.7979454494136,1372.1912841796875,2213569,0.0,0.0,BAJAJFINSV.NS,828
2023-05-05 00:00:00+05:30,1369.2462271135564,1391.709253077869,1353.1727084641468,1357.016357421875,2572062,0.0,0.0,BAJAJFINSV.NS,829
2023-05-08 00:00:00+05:30,1365.552259438732,1408.48159491154,1360.8599101140662,1402.491455078125,2912772,0.0,0.0,BAJAJFINSV.NS,830
2023-05-09 00:00:00+05:30,1408.6314345663368,1444.3226890604603,1400.195368615615,1406.3851318359375,3772745,0.0,0.0,BAJAJFINSV.NS,831
2023-05-10 00:00:00+05:30,1416.6681821641757,1418.5151177176488,1392.70762094364,1412.1256103515625,1297980,0.0,0.0,BAJAJFINSV.NS,832
2023-05-11 00:00:00+05:30,1418.664785508525,1425.4036928288506,1410.7278989680244,1418.0657958984375,915163,0.0,0.0,BAJAJFINSV.NS,833
2023-05-12 00:00:00+05:30,1417.6665578700515,1425.6534117172066,1404.6879203684243,1421.11083984375,1300969,0.0,0.0,BAJAJFINSV.NS,834
2023-05-15 00:00:00+05:30,1421.6599518761177,1427.6500921227866,1413.6730982138922,1419.0142822265625,1003664,0.0,0.0,BAJAJFINSV.NS,835
2023-05-16 00:00:00+05:30,1427.5503092929887,1435.6369744133065,1418.6649100426346,1426.0028076171875,1678746,0.0,0.0,BAJAJFINSV.NS,836
2023-05-17 00:00:00+05:30,1428.0494471704224,1428.0494471704224,1402.6911626321685,1413.0740966796875,804968,0.0,0.0,BAJAJFINSV.NS,837
2023-05-18 00:00:00+05:30,1420.0125867717518,1427.6500396796444,1409.7295861812004,1413.1239013671875,739262,0.0,0.0,BAJAJFINSV.NS,838
2023-05-19 00:00:00+05:30,1419.7630330047984,1420.3620226484545,1394.754270891877,1412.7745361328125,754504,0.0,0.0,BAJAJFINSV.NS,839
2023-05-22 00:00:00+05:30,1408.6813870677693,1416.3686853648287,1402.691246513264,1410.6781005859375,591903,0.0,0.0,BAJAJFINSV.NS,840
2023-05-23 00:00:00+05:30,1413.2736161844714,1445.4207726815282,1413.1738048957563,1434.8880615234375,1991556,0.0,0.0,BAJAJFINSV.NS,841
2023-05-24 00:00:00+05:30,1434.8881358340668,1444.622113447135,1418.8146176879686,1424.1058349609375,1047736,0.0,0.0,BAJAJFINSV.NS,842
2023-05-25 00:00:00+05:30,1418.764786765785,1427.3007859290178,1413.6731915937353,1425.0045166015625,688673,0.0,0.0,BAJAJFINSV.NS,843
2023-05-26 00:00:00+05:30,1428.6485242779665,1443.9234314615317,1428.6485242779665,1436.78515625,1023550,0.0,0.0,BAJAJFINSV.NS,844
2023-05-29 00:00:00+05:30,1446.5688572485042,1466.08677901632,1442.1262187872483,1447.16796875,1659680,0.0,0.0,BAJAJFINSV.NS,845
2023-05-30 00:00:00+05:30,1451.061514504956,1464.7889192968144,1437.1344871185568,1463.441162109375,1506999,0.0,0.0,BAJAJFINSV.NS,846
2023-05-31 00:00:00+05:30,1462.5925544556987,1462.5925544556987,1444.8717231645119,1448.66552734375,1704213,0.0,0.0,BAJAJFINSV.NS,847
2023-06-01 00:00:00+05:30,1453.1082741725352,1456.602522856564,1441.6271713535834,1447.76708984375,939379,0.0,0.0,BAJAJFINSV.NS,848
2023-06-02 00:00:00+05:30,1457.6007053900755,1464.4893906319564,1446.0197926526987,1454.855224609375,1129346,0.0,0.0,BAJAJFINSV.NS,849
2023-06-05 00:00:00+05:30,1466.5860643382243,1467.0852427127438,1453.8070492026377,1456.502685546875,829929,0.0,0.0,BAJAJFINSV.NS,850
2023-06-06 00:00:00+05:30,1464.090060310233,1476.4697074239275,1460.6956232495845,1472.6759033203125,1472972,0.0,0.0,BAJAJFINSV.NS,851
2023-06-07 00:00:00+05:30,1480.5629553165293,1480.7625779044931,1469.5810318448625,1478.4664306640625,837622,0.0,0.0,BAJAJFINSV.NS,852
2023-06-08 00:00:00+05:30,1480.5629876230155,1482.5597010250694,1460.595853602476,1464.9886474609375,722068,0.0,0.0,BAJAJFINSV.NS,853
2023-06-09 00:00:00+05:30,1468.5826930017795,1473.5744764586175,1459.1482710162406,1464.090087890625,499104,0.0,0.0,BAJAJFINSV.NS,854
2023-06-12 00:00:00+05:30,1470.5794393791834,1470.5794393791834,1459.5475489441687,1463.5909423828125,465964,0.0,0.0,BAJAJFINSV.NS,855
2023-06-13 00:00:00+05:30,1467.5843605107207,1489.54820808299,1467.5843605107207,1483.7576904296875,1205104,0.0,0.0,BAJAJFINSV.NS,856
2023-06-14 00:00:00+05:30,1487.5514851159398,1489.448387222581,1466.585994386118,1477.96728515625,763762,0.0,0.0,BAJAJFINSV.NS,857
2023-06-15 00:00:00+05:30,1477.5179841262527,1479.5646641572182,1467.1850164124585,1472.276611328125,853566,0.0,0.0,BAJAJFINSV.NS,858
2023-06-16 00:00:00+05:30,1476.5695165195054,1512.5103566781952,1472.2765340859999,1506.120849609375,2090874,0.0,0.0,BAJAJFINSV.NS,859
2023-06-19 00:00:00+05:30,1520.4473594973028,1550.7475842725312,1514.1577851113739,1539.4161376953125,3446484,0.0,0.0,BAJAJFINSV.NS,860
2023-06-20 00:00:00+05:30,1540.664040952944,1540.664040952944,1499.6815707348187,1518.550537109375,1943763,0.0,0.0,BAJAJFINSV.NS,861
2023-06-21 00:00:00+05:30,1523.3925144042312,1532.4775360092356,1510.7632777628507,1516.75341796875,799052,0.0,0.0,BAJAJFINSV.NS,862
2023-06-22 00:00:00+05:30,1520.4973594547794,1524.6904091374288,1502.3771597202935,1505.172607421875,966522,0.0,0.0,BAJAJFINSV.NS,863
2023-06-23 00:00:00+05:30,1505.0226174892762,1517.2025196093007,1481.5112701398202,1499.481689453125,1237464,0.0,0.0,BAJAJFINSV.NS,864
2023-06-26 00:00:00+05:30,1501.977750512832,1508.367258030296,1484.7560967275633,1505.07275390625,647496,0.0,0.0,BAJAJFINSV.NS,865
2023-06-27 00:00:00+05:30,1509.515429857921,1524.8401818386849,1500.5302189659094,1520.4473876953125,763062,0.0,0.0,BAJAJFINSV.NS,866
2023-06-28 00:00:00+05:30,1527.4857051510644,1532.4774885012312,1513.3090891844747,1516.35400390625,1158136,0.0,0.0,BAJAJFINSV.NS,867
2023-06-30 00:00:00+05:30,1519.3007889193389,1534.8833367265956,1517.3030232534359,1526.29296875,934639,0.8,0.0,BAJAJFINSV.NS,868
2023-07-03 00:00:00+05:30,1526.2929368916052,1542.7745032912853,1524.8944765678752,1538.37939453125,1068533,0.0,0.0,BAJAJFINSV.NS,869
2023-07-04 00:00:00+05:30,1563.351604276144,1633.1235505379427,1563.351604276144,1627.6796875,7337423,0.0,0.0,BAJAJFINSV.NS,870
2023-07-05 00:00:00+05:30,1629.1779389882922,1640.1656504100404,1605.754184776415,1611.897216796875,2006206,0.0,0.0,BAJAJFINSV.NS,871
2023-07-06 00:00:00+05:30,1613.2457746586233,1622.185727276132,1605.2047190472563,1618.09033203125,937466,0.0,0.0,BAJAJFINSV.NS,872
2023-07-07 00:00:00+05:30,1610.0493057836572,1624.8328208143441,1603.6065601411287,1613.095947265625,1456642,0.0,0.0,BAJAJFINSV.NS,873
2023-07-10 00:00:00+05:30,1610.1491089695621,1620.1879300594735,1577.9851310181587,1596.0150146484375,1731894,0.0,0.0,BAJAJFINSV.NS,874
2023-07-11 00:00:00+05:30,1596.2148133901103,1630.1768306962829,1586.1261208712417,1590.62109375,1500679,0.0,0.0,BAJAJFINSV.NS,875
2023-07-12 00:00:00+05:30,1593.8673799899084,1603.3067737698068,1579.4834431406857,1591.4200439453125,1281286,0.0,0.0,BAJAJFINSV.NS,876
2023-07-13 00:00:00+05:30,1593.2181335523762,1623.1846188229538,1593.2181335523762,1613.295654296875,1136620,0.0,0.0,BAJAJFINSV.NS,877
2023-07-14 00:00:00+05:30,1621.3368036315992,1633.1735416106112,1602.457892433531,1612.396728515625,1088010,0.0,0.0,BAJAJFINSV.NS,878
2023-07-17 00:00:00+05:30,1618.1901572324757,1620.1379299444584,1601.2091494096658,1608.4510498046875,823296,0.0,0.0,BAJAJFINSV.NS,879
2023-07-18 00:00:00+05:30,1616.541936408753,1623.1845313391739,1600.2102272032962,1616.4920654296875,2077115,0.0,0.0,BAJAJFINSV.NS,880
2023-07-19 00:00:00+05:30,1616.4920805690265,1647.9568887019786,1612.1968357646049,1642.26318359375,1920501,0.0,0.0,BAJAJFINSV.NS,881
2023-07-20 00:00:00+05:30,1649.0556400836647,1656.3974042821171,1623.1845511584143,1633.9725341796875,1159938,0.0,0.0,BAJAJFINSV.NS,882
2023-07-21 00:00:00+05:30,1631.175613642839,1643.1622072519717,1618.4898508467475,1631.0257568359375,1149031,0.0,0.0,BAJAJFINSV.NS,883
2023-07-24 00:00:00+05:30,1628.179037194806,1658.1455225419495,1620.1879744355674,1655.6483154296875,1455663,0.0,0.0,BAJAJFINSV.NS,884
2023-07-25 00:00:00+05:30,1663.0400528112514,1663.0400528112514,1633.2234246372427,1647.0079345703125,1378736,0.0,0.0,BAJAJFINSV.NS,885
2023-07-26 00:00:00+05:30,1647.5573687425376,1663.0400526503308,1616.242416322273,1624.6329345703125,2225230,0.0,0.0,BAJAJFINSV.NS,886
2023-07-27 00:00:00+05:30,1639.6661816516278,1660.8424490833606,1600.210309476642,1612.746337890625,3402069,0.0,0.0,BAJAJFINSV.NS,887
2023-07-28 00:00:00+05:30,1623.184638773617,1628.1790530467667,1566.6478935883522,1583.0794677734375,3285744,0.0,0.0,BAJAJFINSV.NS,888
2023-07-31 00:00:00+05:30,1564.0508333672549,1601.0094992441013,1564.0508333672549,1596.5145263671875,1323373,0.0,0.0,BAJAJFINSV.NS,889
2023-08-01 00:00:00+05:30,1596.514466229906,1598.1625253422078,1567.8964489380794,1570.5933837890625,1641917,0.0,0.0,BAJAJFINSV.NS,890
2023-08-02 00:00:00+05:30,1570.2437943194375,1570.5933789199348,1522.2974189203708,1525.2940673828125,2170178,0.0,0.0,BAJAJFINSV.NS,891
2023-08-03 00:00:00+05:30,1521.198645232962,1521.198645232962,1476.1490551997856,1491.9813232421875,2785017,0.0,0.0,BAJAJFINSV.NS,892
2023-08-04 00:00:00+05:30,1500.2720677003706,1505.6660595487654,1469.1069711402235,1484.6396484375,2703607,0.0,0.0,BAJAJFINSV.NS,893
2023-08-07 00:00:00+05:30,1496.326438216715,1510.560518153022,1483.3409617835925,1506.71484375,1228780,0.0,0.0,BAJAJFINSV.NS,894
2023-08-08 00:00:00+05:30,1507.8136229743939,1518.6016062482167,1491.2321924811718,1514.056640625,1409271,0.0,0.0,BAJAJFINSV.NS,895
2023-08-09 00:00:00+05:30,1523.2964023545744,1528.0410960668262,1503.3187446187767,1514.90576171875,1065831,0.0,0.0,BAJAJFINSV.NS,896
2023-08-10 00:00:00+05:30,1510.8603135377657,1528.0410498978663,1503.418563095662,1517.70263671875,900666,0.0,0.0,BAJAJFINSV.NS,897
2023-08-11 00:00:00+05:30,1517.253074229794,1520.099987933214,1495.9769424328065,1502.31982421875,792201,0.0,0.0,BAJAJFINSV.NS,898
2023-08-14 00:00:00+05:30,1494.328653250807,1496.2764259169655,1465.4110452652826,1480.394287109375,1549409,0.0,0.0,BAJAJFINSV.NS,899
2023-08-16 00:00:00+05:30,1480.3443363684328,1480.3443363684328,1461.3655628252477,1468.2078857421875,834135,0.0,0.0,BAJAJFINSV.NS,900
2023-08-17 00:00:00+05:30,1471.3543987591702,1478.346578522452,1463.7629136886803,1475.2000732421875,1048714,0.0,0.0,BAJAJFINSV.NS,901
2023-08-18 00:00:00+05:30,1468.3577703857586,1476.6485467064106,1454.373410667799,1458.518798828125,1053734,0.0,0.0,BAJAJFINSV.NS,902
2023-08-21 00:00:00+05:30,1453.3745404919507,1482.8415844400695,1449.379009109155,1476.6485595703125,1498685,0.0,0.0,BAJAJFINSV.NS,903
2023-08-22 00:00:00+05:30,1483.34101435952,1492.330959901093,1462.7140593690121,1466.1602783203125,1557523,0.0,0.0,BAJAJFINSV.NS,904
2023-08-23 00:00:00+05:30,1472.3533090720557,1472.3533090720557,1456.4211765161208,1468.4576416015625,961649,0.0,0.0,BAJAJFINSV.NS,905
2023-08-24 00:00:00+05:30,1478.3466396293304,1490.3332340047034,1463.3633966601142,1466.9593505859375,847606,0.0,0.0,BAJAJFINSV.NS,906
2023-08-25 00:00:00+05:30,1466.9592374575602,1507.8135678564904,1464.012582007764,1502.2198486328125,3624097,0.0,0.0,BAJAJFINSV.NS,907
2023-08-28 00:00:00+05:30,1511.809147191695,1512.308588601405,1485.3387524770735,1498.224365234375,1066459,0.0,0.0,BAJAJFINSV.NS,908
2023-08-29 00:00:00+05:30,1508.163260427224,1512.3086486792827,1495.5773607893368,1501.7703857421875,1377001,0.0,0.0,BAJAJFINSV.NS,909
2023-08-30 00:00:00+05:30,1508.3131362452652,1517.153225272894,1497.3254246567235,1499.8226318359375,700372,0.0,0.0,BAJAJFINSV.NS,910
2023-08-31 00:00:00+05:30,1499.3731453060302,1506.1156045189773,1478.5463404122188,1487.2366943359375,1542837,0.0,0.0,BAJAJFINSV.NS,911
2023-09-01 00:00:00+05:30,1492.3310066492654,1517.0033647459936,1485.6884111820095,1512.80810546875,904596,0.0,0.0,BAJAJFINSV.NS,912
2023-09-04 00:00:00+05:30,1519.3008112934886,1524.2452326158375,1504.3675614945223,1508.4129638671875,685689,0.0,0.0,BAJAJFINSV.NS,913
2023-09-05 00:00:00+05:30,1510.3107682594712,1518.1021027423196,1504.3174715600287,1508.762451171875,1298151,0.0,0.0,BAJAJFINSV.NS,914
2023-09-06 00:00:00+05:30,1509.261884042083,1520.74903598449,1502.5194252932788,1516.5037841796875,712220,0.0,0.0,BAJAJFINSV.NS,915
2023-09-07 00:00:00+05:30,1523.0965517249358,1523.0965517249358,1508.4129013128786,1517.8524169921875,647590,0.0,0.0,BAJAJFINSV.NS,916
2023-09-08 00:00:00+05:30,1528.290731243156,1557.0586055460146,1523.3463100038862,1539.2784423828125,2168354,0.0,0.0,BAJAJFINSV.NS,917
2023-09-11 00:00:00+05:30,1547.769022197625,1550.2662293970402,1538.2796348398467,1547.96875,841557,0.0,0.0,BAJAJFINSV.NS,918
2023-09-12 00:00:00+05:30,1557.1585027200888,1557.1585027200888,1525.9434135880626,1540.726806640625,1444688,0.0,0.0,BAJAJFINSV.NS,919
2023-09-13 00:00:00+05:30,1540.2773242766934,1563.3016222879978,1519.3007848410186,1551.0653076171875,1193072,0.0,0.0,BAJAJFINSV.NS,920
2023-09-14 00:00:00+05:30,1555.2106487225915,1561.8532442506178,1539.4782433880819,1549.16748046875,920905,0.0,0.0,BAJAJFINSV.NS,921
2023-09-15 00:00:00+05:30,1546.320671557576,1565.8487584536854,1529.5893835296492,1536.3817138671875,3116428,0.0,0.0,BAJAJFINSV.NS,922
2023-09-18 00:00:00+05:30,1536.3817091924668,1563.6012672446316,1531.187567071686,1558.207275390625,1403635,0.0,0.0,BAJAJFINSV.NS,923
2023-09-20 00:00:00+05:30,1553.1629411879335,1566.4480097044977,1543.3738406524108,1551.6146240234375,1076887,0.0,0.0,BAJAJFINSV.NS,924
2023-09-21 00:00:00+05:30,1528.7901178392067,1550.5158186317599,1512.308551720718,1524.494873046875,1772341,0.0,0.0,BAJAJFINSV.NS,925
2023-09-22 00:00:00+05:30,1526.293051315081,1549.267357715766,1523.1965387522125,1541.9754638671875,1321743,0.0,0.0,BAJAJFINSV.NS,926
2023-09-25 00:00:00+05:30,1547.9686895337263,1589.2225996301981,1544.972041011482,1575.6378173828125,2962182,0.0,0.0,BAJAJFINSV.NS,927
2023-09-26 00:00:00+05:30,1581.2315649061038,1581.2315649061038,1549.267313436113,1565.9486083984375,2472382,0.0,0.0,BAJAJFINSV.NS,928
2023-09-27 00:00:00+05:30,1565.9486273160933,1568.246106691831,1552.4637085642846,1564.0008544921875,964400,0.0,0.0,BAJAJFINSV.NS,929
2023-09-28 00:00:00+05:30,1563.2516429981174,1573.1904784723567,1533.3351507443492,1537.9798583984375,831496,0.0,0.0,BAJAJFINSV.NS,930
2023-09-29 00:00:00+05:30,1546.270638897906,1551.2150601905732,1530.3385063469207,1538.529296875,1109857,0.0,0.0,BAJAJFINSV.NS,931
2023-10-03 00:00:00+05:30,1528.5403915250417,1562.4524135191693,1525.2940224530232,1559.3060302734375,1083086,0.0,0.0,BAJAJFINSV.NS,932
2023-10-04 00:00:00+05:30,1553.2627608097398,1554.111786806675,1519.4506022682892,1530.837890625,1614123,0.0,0.0,BAJAJFINSV.NS,933
2023-10-05 00:00:00+05:30,1538.2795821967513,1554.2617077260682,1530.588233059344,1540.8267822265625,1153064,0.0,0.0,BAJAJFINSV.NS,934
2023-10-06 00:00:00+05:30,1557.6079262015637,1638.867020537553,1549.3172718216813,1632.8238525390625,7384628,0.0,0.0,BAJAJFINSV.NS,935
2023-10-09 00:00:00+05:30,1615.3434164877165,1626.1812709645433,1604.8051537038968,1619.738525390625,1712235,0.0,0.0,BAJAJFINSV.NS,936
2023-10-10 00:00:00+05:30,1628.1790003330007,1642.1133669303733,1615.1935236432282,1631.2755126953125,1453653,0.0,0.0,BAJAJFINSV.NS,937
2023-10-11 00:00:00+05:30,1639.5662368349972,1649.1054943246183,1631.6750384026755,1634.7216796875,952433,0.0,0.0,BAJAJFINSV.NS,938
2023-10-12 00:00:00+05:30,1635.171126175509,1641.1144299986026,1621.036910319337,1632.9736328125,1052767,0.0,0.0,BAJAJFINSV.NS,939
2023-10-13 00:00:00+05:30,1629.1780154379962,1647.1579076991145,1618.1903035006462,1644.710693359375,1212989,0.0,0.0,BAJAJFINSV.NS,940
2023-10-16 00:00:00+05:30,1642.1633177200372,1647.5573092088243,1628.578536072157,1640.51513671875,859548,0.0,0.0,BAJAJFINSV.NS,941
2023-10-17 00:00:00+05:30,1648.0567540129603,1674.8767327720989,1643.7116382252677,1655.798095703125,1689224,0.0,0.0,BAJAJFINSV.NS,942
2023-10-18 00:00:00+05:30,1663.13991850783,1663.13991850783,1620.2379495637417,1626.3809814453125,1230439,0.0,0.0,BAJAJFINSV.NS,943
2023-10-19 00:00:00+05:30,1623.184598463904,1641.114496485668,1595.6154567475512,1632.9237060546875,1429935,0.0,0.0,BAJAJFINSV.NS,944
2023-10-20 00:00:00+05:30,1625.9814882931328,1637.918089109347,1613.195739540537,1633.223388671875,1191783,0.0,0.0,BAJAJFINSV.NS,945
2023-10-23 00:00:00+05:30,1625.1824035323696,1649.8547612537218,1603.7064221703868,1611.347900390625,1093182,0.0,0.0,BAJAJFINSV.NS,946
2023-10-25 00:00:00+05:30,1611.0982336206669,1628.17910660997,1597.063880277843,1609.6497802734375,1490405,0.0,0.0,BAJAJFINSV.NS,947
2023-10-26 00:00:00+05:30,1588.2238112229568,1606.6032809723265,1550.2662610176283,1558.25732421875,1780025,0.0,0.0,BAJAJFINSV.NS,948
2023-10-27 00:00:00+05:30,1573.8396972953988,1591.4700029005726,1549.6167896724025,1564.6500244140625,2003579,0.0,0.0,BAJAJFINSV.NS,949
2023-10-30 00:00:00+05:30,1567.1472918563666,1569.3447853024563,1526.2929598403443,1559.35595703125,850025,0.0,0.0,BAJAJFINSV.NS,950
2023-10-31 00:00:00+05:30,1550.6657655418921,1579.6832392641318,1550.6657655418921,1567.796630859375,1592788,0.0,0.0,BAJAJFINSV.NS,951
2023-11-01 00:00:00+05:30,1573.1405319326238,1578.2348097799368,1563.2515679149374,1571.0927734375,770557,0.0,0.0,BAJAJFINSV.NS,952
2023-11-02 00:00:00+05:30,1585.9261792219459,1590.8207293485946,1564.3503350411804,1573.8397216796875,1020303,0.0,0.0,BAJAJFINSV.NS,953
2023-11-03 00:00:00+05:30,1582.4802020853072,1591.8697255408051,1526.1931762038262,1534.4339599609375,2519096,0.0,0.0,BAJAJFINSV.NS,954
2023-11-06 00:00:00+05:30,1545.2717578975253,1564.2505319117806,1538.2795779975365,1562.65234375,917415,0.0,0.0,BAJAJFINSV.NS,955
2023-11-07 00:00:00+05:30,1600.21036653597,1606.0039359873933,1548.2684570104577,1568.04638671875,2532282,0.0,0.0,BAJAJFINSV.NS,956
2023-11-08 00:00:00+05:30,1574.2393095693826,1578.1848478978377,1557.458029577048,1573.7398681640625,831310,0.0,0.0,BAJAJFINSV.NS,957
2023-11-09 00:00:00+05:30,1573.2405210637542,1587.2248812509877,1567.2472238406542,1580.482421875,1108425,0.0,0.0,BAJAJFINSV.NS,958
2023-11-10 00:00:00+05:30,1579.2337981489368,1597.013961790984,1570.893150673269,1594.217041015625,672720,0.0,0.0,BAJAJFINSV.NS,959
2023-11-13 00:00:00+05:30,1592.8184777214133,1596.1647106919966,1566.9473889895853,1583.428955078125,853825,0.0,0.0,BAJAJFINSV.NS,960
2023-11-15 00:00:00+05:30,1598.2125839370378,1613.1958269114477,1578.1849337209994,1585.277099609375,1684967,0.0,0.0,BAJAJFINSV.NS,961
2023-11-16 00:00:00+05:30,1559.3060854522898,1626.181241928796,1537.3306632640629,1618.8394775390625,3213352,0.0,0.0,BAJAJFINSV.NS,962
2023-11-17 00:00:00+05:30,1591.270399516277,1618.8395422494773,1579.833117532582,1614.0948486328125,1783393,0.0,0.0,BAJAJFINSV.NS,963
2023-11-20 00:00:00+05:30,1610.0992864044485,1614.7441160324938,1584.3780530792085,1592.01953125,1256179,0.0,0.0,BAJAJFINSV.NS,964
2023-11-21 00:00:00+05:30,1592.0195213682837,1614.6441201784344,1591.8196716396428,1608.6009521484375,1714833,0.0,0.0,BAJAJFINSV.NS,965
2023-11-22 00:00:00+05:30,1608.2013200191325,1624.1834449385772,1600.7096989631427,1622.0858154296875,807316,0.0,0.0,BAJAJFINSV.NS,966
2023-11-23 00:00:00+05:30,1622.0858712057739,1635.0213552336668,1618.389931530704,1622.1357421875,695592,0.0,0.0,BAJAJFINSV.NS,967
2023-11-24 00:00:00+05:30,1622.6351448202413,1627.1301175009469,1610.199102510531,1615.4432373046875,625345,0.0,0.0,BAJAJFINSV.NS,968
2023-11-28 00:00:00+05:30,1615.692957456534,1655.148828751454,1615.692957456534,1652.5517578125,1564478,0.0,0.0,BAJAJFINSV.NS,969
2023-11-29 00:00:00+05:30,1658.145570711748,1663.1399850813616,1647.1578590985978,1651.65283203125,746796,0.0,0.0,BAJAJFINSV.NS,970
2023-11-30 00:00:00+05:30,1651.1532736289028,1678.0232454207824,1642.7127627157474,1671.63037109375,1577522,0.0,0.0,BAJAJFINSV.NS,971
2023-12-01 00:00:00+05:30,1678.1232240088589,1686.8134562167556,1668.0844023773711,1684.0665283203125,1101136,0.0,0.0,BAJAJFINSV.NS,972
2023-12-04 00:00:00+05:30,1698.1007910372143,1712.7843196920198,1684.0165676865756,1694.35498046875,1419178,0.0,0.0,BAJAJFINSV.NS,973
2023-12-05 00:00:00+05:30,1694.405035786253,1711.4859082207324,1671.380737203891,1690.8089599609375,1778602,0.0,0.0,BAJAJFINSV.NS,974
2023-12-06 00:00:00+05:30,1699.099737696176,1708.0896833982722,1691.008810951078,1698.450439453125,737176,0.0,0.0,BAJAJFINSV.NS,975
2023-12-07 00:00:00+05:30,1698.4504226145466,1722.0740263065259,1688.1120095464203,1702.1463623046875,941890,0.0,0.0,BAJAJFINSV.NS,976
2023-12-08 00:00:00+05:30,1703.095230974245,1712.6346108069433,1690.609195556545,1708.239501953125,1376050,0.0,0.0,BAJAJFINSV.NS,977
2023-12-11 00:00:00+05:30,1698.2506412332643,1715.081792268565,1696.352739499179,1700.897705078125,1003371,0.0,0.0,BAJAJFINSV.NS,978
2023-12-12 00:00:00+05:30,1702.895610914252,1717.828861444992,1698.6003656852502,1704.8433837890625,1390539,0.0,0.0,BAJAJFINSV.NS,979
2023-12-13 00:00:00+05:30,1706.0918440033408,1707.5901682223134,1666.3362592863625,1682.6680908203125,1168629,0.0,0.0,BAJAJFINSV.NS,980
2023-12-14 00:00:00+05:30,1698.1008596509068,1731.9630129448517,1696.1030939336704,1729.0162353515625,2130836,0.0,0.0,BAJAJFINSV.NS,981
2023-12-15 00:00:00+05:30,1737.0071921831404,1739.0549506918774,1716.829808444379,1731.2137451171875,1486079,0.0,0.0,BAJAJFINSV.NS,982
2023-12-18 00:00:00+05:30,1730.7142729249476,1736.6077057129548,1716.6300501155965,1722.6732177734375,696124,0.0,0.0,BAJAJFINSV.NS,983
2023-12-19 00:00:00+05:30,1723.0729293990578,1724.62124660195,1694.9044815876762,1707.8399658203125,1214352,0.0,0.0,BAJAJFINSV.NS,984
2023-12-20 00:00:00+05:30,1713.7832670203343,1739.0550520470943,1670.132134992959,1679.022216796875,1540009,0.0,0.0,BAJAJFINSV.NS,985
2023-12-21 00:00:00+05:30,1661.1422403126805,1679.921287353173,1658.395312374701,1664.9879150390625,988034,0.0,0.0,BAJAJFINSV.NS,986
2023-12-22 00:00:00+05:30,1667.1354874204906,1688.112027406009,1661.7414956088546,1670.18212890625,1279614,0.0,0.0,BAJAJFINSV.NS,987
2023-12-26 00:00:00+05:30,1673.1288086225723,1682.1187544599472,1635.221252448552,1643.4620361328125,1296291,0.0,0.0,BAJAJFINSV.NS,988
2023-12-27 00:00:00+05:30,1655.1487968017861,1672.1797972865677,1651.9524206207643,1667.5848388671875,1181177,0.0,0.0,BAJAJFINSV.NS,989
2023-12-28 00:00:00+05:30,1672.1798626040006,1696.9022128278905,1665.3374176211455,1679.32177734375,1360425,0.0,0.0,BAJAJFINSV.NS,990
2023-12-29 00:00:00+05:30,1680.570392970617,1690.8089421268344,1672.7291870280094,1683.916748046875,738203,0.0,0.0,BAJAJFINSV.NS,991
2024-01-01 00:00:00+05:30,1683.9167447866816,1689.8100560107223,1669.133229942994,1674.5272216796875,692280,0.0,0.0,BAJAJFINSV.NS,992
2024-01-02 00:00:00+05:30,1674.0278635496281,1687.9622311232788,1661.5916983804425,1684.3162841796875,1099965,0.0,0.0,BAJAJFINSV.NS,993
2024-01-03 00:00:00+05:30,1678.1232292746965,1706.0919497626082,1674.1276977764235,1675.77587890625,804258,0.0,0.0,BAJAJFINSV.NS,994
2024-01-04 00:00:00+05:30,1692.4570988620937,1722.0240062474702,1688.1119829377694,1700.048583984375,2268009,0.0,0.0,BAJAJFINSV.NS,995
2024-01-05 00:00:00+05:30,1701.0474786045922,1715.181695135836,1695.753472728517,1707.5902099609375,835592,0.0,0.0,BAJAJFINSV.NS,996
2024-01-08 00:00:00+05:30,1714.0329127155026,1721.7243835293311,1688.3116803029359,1694.454833984375,684254,0.0,0.0,BAJAJFINSV.NS,997
2024-01-09 00:00:00+05:30,1708.5391549088836,1713.084120737479,1672.429636733205,1680.5704345703125,1235008,0.0,0.0,BAJAJFINSV.NS,998
2024-01-10 00:00:00+05:30,1683.1176339161034,1683.1176339161034,1656.7970947101983,1669.9822998046875,607010,0.0,0.0,BAJAJFINSV.NS,999
2024-01-11 00:00:00+05:30,1677.1242392407005,1700.7478421016049,1658.2953226449463,1667.3851318359375,861924,0.0,0.0,BAJAJFINSV.NS,1000
2024-01-12 00:00:00+05:30,1668.3840409085922,1673.0787414194174,1640.1656010608642,1650.0545654296875,1314964,0.0,0.0,BAJAJFINSV.NS,1001
2024-01-15 00:00:00+05:30,1653.1511444166406,1662.2909470338898,1628.2290656656287,1630.576416015625,1089891,0.0,0.0,BAJAJFINSV.NS,1002
2024-01-16 00:00:00+05:30,1632.1746719026698,1644.4609804463855,1618.1903111886934,1621.6864013671875,1063676,0.0,0.0,BAJAJFINSV.NS,1003
2024-01-17 00:00:00+05:30,1613.145680297062,1620.1878525976467,1576.2870036389959,1584.3779296875,1488186,0.0,0.0,BAJAJFINSV.NS,1004
2024-01-18 00:00:00+05:30,1584.2281020577743,1603.5564596223228,1557.258266776841,1579.383544921875,1133236,0.0,0.0,BAJAJFINSV.NS,1005
2024-01-19 00:00:00+05:30,1589.172534592708,1604.5553540288936,1579.2336995518979,1598.7119140625,1139473,0.0,0.0,BAJAJFINSV.NS,1006
2024-01-23 00:00:00+05:30,1595.6653049834908,1613.4454678744878,1573.2404345471712,1580.7320556640625,3028946,0.0,0.0,BAJAJFINSV.NS,1007
2024-01-24 00:00:00+05:30,1592.918374599277,1621.0369501981709,1576.5866649783227,1619.0391845703125,1393463,0.0,0.0,BAJAJFINSV.NS,1008
2024-01-25 00:00:00+05:30,1619.9382173264135,1633.173414724024,1611.8971618320256,1628.328857421875,1744604,0.0,0.0,BAJAJFINSV.NS,1009
2024-01-29 00:00:00+05:30,1628.1790288573497,1639.766045412123,1616.6918761997672,1635.1212158203125,940220,0.0,0.0,BAJAJFINSV.NS,1010
2024-01-30 00:00:00+05:30,1627.1801908335256,1627.1801908335256,1583.2293446722763,1588.773193359375,4851835,0.0,0.0,BAJAJFINSV.NS,1011
2024-01-31 00:00:00+05:30,1592.2192091092222,1630.1767561268823,1583.2292637629341,1625.4820556640625,1486444,0.0,0.0,BAJAJFINSV.NS,1012
2024-02-01 00:00:00+05:30,1630.176852172908,1630.176852172908,1611.1980775458949,1620.437744140625,1352416,0.0,0.0,BAJAJFINSV.NS,1013
2024-02-02 00:00:00+05:30,1633.1734622466793,1662.141064940963,1624.8826858054283,1649.655029296875,1514648,0.0,0.0,BAJAJFINSV.NS,1014
2024-02-05 00:00:00+05:30,1648.1567110967121,1658.0456757500808,1606.7530655218293,1613.095947265625,2578535,0.0,0.0,BAJAJFINSV.NS,1015
2024-02-06 00:00:00+05:30,1624.982633271942,1624.982633271942,1576.8364078047052,1595.265869140625,2376798,0.0,0.0,BAJAJFINSV.NS,1016
2024-02-07 00:00:00+05:30,1607.202497233496,1621.9360191938404,1587.6244178628097,1594.416748046875,1477982,0.0,0.0,BAJAJFINSV.NS,1017
2024-02-08 00:00:00+05:30,1606.1536538262937,1606.1536538262937,1563.2516835528456,1568.7955322265625,1486674,0.0,0.0,BAJAJFINSV.NS,1018
2024-02-09 00:00:00+05:30,1584.4779024909199,1585.5267782448682,1560.954162871852,1569.1949462890625,1049368,0.0,0.0,BAJAJFINSV.NS,1019
2024-02-12 00:00:00+05:30,1576.9863580497658,1577.5357924112636,1549.7667993755895,1555.5103759765625,803753,0.0,0.0,BAJAJFINSV.NS,1020
2024-02-13 00:00:00+05:30,1558.2572283063616,1584.6776306152876,1550.4658933912538,1566.248291015625,1833289,0.0,0.0,BAJAJFINSV.NS,1021
2024-02-14 00:00:00+05:30,1558.257237401226,1581.2315428244492,1553.2628231787862,1577.9351806640625,763689,0.0,0.0,BAJAJFINSV.NS,1022
2024-02-15 00:00:00+05:30,1588.1736973903376,1588.2236903051175,1562.80217120557,1567.646728515625,803588,0.0,0.0,BAJAJFINSV.NS,1023
2024-02-16 00:00:00+05:30,1581.3313115708634,1583.2292132479788,1565.299316041867,1574.139404296875,850341,0.0,0.0,BAJAJFINSV.NS,1024
2024-02-19 00:00:00+05:30,1574.2393852927482,1623.1846453684745,1570.2438538579952,1618.340087890625,1162373,0.0,0.0,BAJAJFINSV.NS,1025
2024-02-20 00:00:00+05:30,1616.1424325792573,1617.1913083285867,1595.71532739649,1601.059326171875,1232581,0.0,0.0,BAJAJFINSV.NS,1026
2024-02-21 00:00:00+05:30,1602.2080023728695,1616.7916667857357,1578.8341205948573,1585.177001953125,674394,0.0,0.0,BAJAJFINSV.NS,1027
2024-02-22 00:00:00+05:30,1597.21361939941,1597.21361939941,1564.1006297323909,1590.7708740234375,1149519,0.0,0.0,BAJAJFINSV.NS,1028
2024-02-23 00:00:00+05:30,1594.2169285024638,1619.0891342925784,1594.2169285024638,1614.7440185546875,1199419,0.0,0.0,BAJAJFINSV.NS,1029
2024-02-26 00:00:00+05:30,1614.1946340484437,1627.5796881977617,1608.201337139848,1612.49658203125,742382,0.0,0.0,BAJAJFINSV.NS,1030
2024-02-27 00:00:00+05:30,1612.4966580620103,1621.6363387314132,1593.2181699901198,1598.8118896484375,931236,0.0,0.0,BAJAJFINSV.NS,1031
2024-02-28 00:00:00+05:30,1601.209190919972,1607.9016571677082,1578.2348856229291,1582.7298583984375,790763,0.0,0.0,BAJAJFINSV.NS,1032
2024-02-29 00:00:00+05:30,1583.179320501745,1601.8085099959403,1566.5978896186696,1592.01953125,1352363,0.0,0.0,BAJAJFINSV.NS,1033
2024-03-01 00:00:00+05:30,1596.1648426580682,1618.489972480012,1593.4179147495374,1611.59765625,740120,0.0,0.0,BAJAJFINSV.NS,1034
2024-03-04 00:00:00+05:30,1614.1946047833349,1623.184549983242,1601.50884199704,1617.490966796875,589948,0.0,0.0,BAJAJFINSV.NS,1035
2024-03-05 00:00:00+05:30,1628.1791352902794,1634.7717380770575,1539.4284135601724,1548.7679443359375,2343463,0.0,0.0,BAJAJFINSV.NS,1036
2024-03-06 00:00:00+05:30,1556.2593850486087,1556.2593850486087,1529.0898219651078,1552.8631591796875,1239370,0.0,0.0,BAJAJFINSV.NS,1037
2024-03-07 00:00:00+05:30,1555.4104902691863,1587.8741836456613,1555.4104902691863,1581.0318603515625,1380840,0.0,0.0,BAJAJFINSV.NS,1038
2024-03-11 00:00:00+05:30,1595.7153195641567,1614.3445087145574,1581.2315185415086,1597.013916015625,1285565,0.0,0.0,BAJAJFINSV.NS,1039
2024-03-12 00:00:00+05:30,1588.3235564821969,1610.1991147480053,1563.4014787588972,1591.769775390625,1587096,0.0,0.0,BAJAJFINSV.NS,1040
2024-03-13 00:00:00+05:30,1590.521209068116,1597.1636824661102,1560.2550099730393,1571.392578125,1279653,0.0,0.0,BAJAJFINSV.NS,1041
2024-03-14 00:00:00+05:30,1563.8509046575482,1578.2348415240483,1548.368221085635,1561.9530029296875,1289823,0.0,0.0,BAJAJFINSV.NS,1042
2024-03-15 00:00:00+05:30,1545.7711415192261,1587.824083244206,1545.7711415192261,1569.6943359375,1929597,0.0,0.0,BAJAJFINSV.NS,1043
2024-03-18 00:00:00+05:30,1569.1949252278987,1577.3858375536154,1559.2560898922952,1575.2882080078125,645594,0.0,0.0,BAJAJFINSV.NS,1044
2024-03-19 00:00:00+05:30,1572.2915261817288,1588.2236581296436,1549.367092672892,1579.733154296875,1385006,0.0,0.0,BAJAJFINSV.NS,1045
2024-03-20 00:00:00+05:30,1580.7320719862837,1591.7197830711805,1564.3503692547408,1582.9295654296875,723724,0.0,0.0,BAJAJFINSV.NS,1046
2024-03-21 00:00:00+05:30,1594.217089706904,1607.652015780793,1590.221558153754,1600.8096923828125,1166497,0.0,0.0,BAJAJFINSV.NS,1047
2024-03-22 00:00:00+05:30,1591.2203519204995,1608.2013600703103,1581.6311011168061,1585.7764892578125,1570412,0.0,0.0,BAJAJFINSV.NS,1048
2024-03-26 00:00:00+05:30,1587.224834457602,1617.1913196896523,1587.224834457602,1592.119384765625,1616192,0.0,0.0,BAJAJFINSV.NS,1049
2024-03-27 00:00:00+05:30,1588.2237225270455,1608.1015155165308,1576.436856190061,1580.8819580078125,1205575,0.0,0.0,BAJAJFINSV.NS,1050
2024-03-28 00:00:00+05:30,1586.2258490546,1667.1353539497027,1586.2258490546,1642.013427734375,5210310,0.0,0.0,BAJAJFINSV.NS,1051
2024-04-01 00:00:00+05:30,1657.1966024750202,1672.1298519611937,1638.5174204546365,1644.1611328125,767676,0.0,0.0,BAJAJFINSV.NS,1052
2024-04-02 00:00:00+05:30,1649.055750302598,1661.0423447123078,1623.8838288818415,1654.699462890625,1605925,0.0,0.0,BAJAJFINSV.NS,1053
2024-04-03 00:00:00+05:30,1652.152231322706,1653.0012573570934,1633.1734572023122,1638.5174560546875,1055536,0.0,0.0,BAJAJFINSV.NS,1054
2024-04-04 00:00:00+05:30,1648.1567479195778,1660.6427838886655,1628.1790903690376,1653.9503173828125,1328509,0.0,0.0,BAJAJFINSV.NS,1055
2024-04-05 00:00:00+05:30,1656.6470960221498,1679.6214000369278,1650.1043650182808,1676.0753173828125,2364243,0.0,0.0,BAJAJFINSV.NS,1056
2024-04-08 00:00:00+05:30,1688.111965463168,1700.0985593007763,1682.967694554407,1687.262939453125,1345380,0.0,0.0,BAJAJFINSV.NS,1057
2024-04-09 00:00:00+05:30,1693.0564445583395,1713.0840945539612,1685.365095356368,1708.4892578125,1284145,0.0,0.0,BAJAJFINSV.NS,1058
2024-04-10 00:00:00+05:30,1715.0817795890498,1720.0761936239626,1694.105240642416,1702.1961669921875,1031729,0.0,0.0,BAJAJFINSV.NS,1059
2024-04-12 00:00:00+05:30,1698.100786750393,1704.2938114343783,1687.6625100995318,1696.7523193359375,1312132,0.0,0.0,BAJAJFINSV.NS,1060
2024-04-15 00:00:00+05:30,1670.132122981688,1690.1097799551533,1652.3519595017276,1654.9990234375,828843,0.0,0.0,BAJAJFINSV.NS,1061
2024-04-16 00:00:00+05:30,1638.167752138361,1646.8579835133269,1609.549736227938,1616.6917724609375,1528544,0.0,0.0,BAJAJFINSV.NS,1062
2024-04-18 00:00:00+05:30,1623.1846167360625,1628.2788948387229,1587.5245480834988,1592.119384765625,1325537,0.0,0.0,BAJAJFINSV.NS,1063
2024-04-19 00:00:00+05:30,1585.227033967365,1626.9303916662545,1566.947429603618,1617.1912841796875,1242066,0.0,0.0,BAJAJFINSV.NS,1064
2024-04-22 00:00:00+05:30,1625.1824244215848,1646.1589646261657,1615.693037186179,1627.629638671875,703167,0.0,0.0,BAJAJFINSV.NS,1065
2024-04-23 00:00:00+05:30,1626.7805616968046,1650.154444436998,1614.1946623548358,1619.2889404296875,1297705,0.0,0.0,BAJAJFINSV.NS,1066
2024-04-24 00:00:00+05:30,1623.184565807868,1647.0078964330914,1616.2423790538337,1628.528564453125,578310,0.0,0.0,BAJAJFINSV.NS,1067
2024-04-25 00:00:00+05:30,1628.1790557713587,1670.1321357360193,1613.8451111702213,1653.7005615234375,1569437,0.0,0.0,BAJAJFINSV.NS,1068
2024-04-26 00:00:00+05:30,1647.2078700658785,1647.2078700658785,1576.6866408470098,1595.5655517578125,5325417,0.0,0.0,BAJAJFINSV.NS,1069
2024-04-29 00:00:00+05:30,1601.2091961444555,1601.2091961444555,1585.576655276282,1593.867431640625,1132800,0.0,0.0,BAJAJFINSV.NS,1070
2024-04-30 00:00:00+05:30,1594.2169060202204,1632.1244584894216,1589.522205759774,1613.1956787109375,1748360,0.0,0.0,BAJAJFINSV.NS,1071
2024-05-02 00:00:00+05:30,1613.1958151594943,1633.1734723131722,1609.2002837287587,1613.645263671875,1304846,0.0,0.0,BAJAJFINSV.NS,1072
2024-05-03 00:00:00+05:30,1648.356374609134,1723.0728580385246,1616.1923966993234,1625.4820556640625,5227529,0.0,0.0,BAJAJFINSV.NS,1073
2024-05-06 00:00:00+05:30,1636.0701922837532,1636.0701922837532,1605.2546817296889,1609.5498046875,725360,0.0,0.0,BAJAJFINSV.NS,1074
2024-05-07 00:00:00+05:30,1619.1891435684859,1623.1846750763661,1591.2204230133239,1613.345703125,1348125,0.0,0.0,BAJAJFINSV.NS,1075
2024-05-08 00:00:00+05:30,1599.211396716434,1618.19017031894,1596.9639103687687,1601.2591552734375,802342,0.0,0.0,BAJAJFINSV.NS,1076
2024-05-09 00:00:00+05:30,1604.904993519973,1611.2978680161023,1557.857636633327,1562.85205078125,1364729,0.0,0.0,BAJAJFINSV.NS,1077
2024-05-10 00:00:00+05:30,1558.2572298739215,1582.3802748385654,1554.2616985152704,1570.9429931640625,768117,0.0,0.0,BAJAJFINSV.NS,1078
2024-05-13 00:00:00+05:30,1572.2415704641985,1585.2270472215268,1554.561393191258,1578.7843017578125,466042,0.0,0.0,BAJAJFINSV.NS,1079
2024-05-14 00:00:00+05:30,1573.5900960094116,1588.1238904596732,1567.297207124203,1574.6888427734375,652248,0.0,0.0,BAJAJFINSV.NS,1080
2024-05-15 00:00:00+05:30,1578.2349600401692,1587.8742042778365,1564.8499049796214,1567.2972412109375,581805,0.0,0.0,BAJAJFINSV.NS,1081
2024-05-16 00:00:00+05:30,1573.2904939187276,1599.2114553045212,1558.706706647997,1594.217041015625,1212568,0.0,0.0,BAJAJFINSV.NS,1082
2024-05-17 00:00:00+05:30,1593.2181635849256,1596.214812168471,1578.2849135838355,1582.9796142578125,699522,0.0,0.0,BAJAJFINSV.NS,1083
2024-05-21 00:00:00+05:30,1585.7265258306495,1593.5178608413785,1570.243841641437,1580.7821044921875,903561,0.0,0.0,BAJAJFINSV.NS,1084
2024-05-22 00:00:00+05:30,1580.7820814980848,1588.2237098555934,1573.2404673097858,1582.180419921875,578669,0.0,0.0,BAJAJFINSV.NS,1085
2024-05-23 00:00:00+05:30,1585.3269516466144,1611.447762639964,1579.483511343216,1606.653076171875,1547483,0.0,0.0,BAJAJFINSV.NS,1086
2024-05-24 00:00:00+05:30,1607.2024156310977,1618.1901263656794,1595.2658150157395,1599.9105224609375,566278,0.0,0.0,BAJAJFINSV.NS,1087
2024-05-27 00:00:00+05:30,1603.2070076220891,1611.048213771022,1588.5234781950157,1594.017333984375,1365230,0.0,0.0,BAJAJFINSV.NS,1088
2024-05-28 00:00:00+05:30,1601.1592774813328,1603.2070361765075,1587.6743584854555,1597.863037109375,1306333,0.0,0.0,BAJAJFINSV.NS,1089
2024-05-29 00:00:00+05:30,1592.3690258486913,1600.5598159622912,1563.351431993119,1568.1461181640625,1665575,0.0,0.0,BAJAJFINSV.NS,1090
2024-05-30 00:00:00+05:30,1564.999717130219,1573.4402285032834,1515.305294965082,1522.3973388671875,2285079,0.0,0.0,BAJAJFINSV.NS,1091
2024-05-31 00:00:00+05:30,1528.2907943921762,1550.3162104967,1517.2032188980806,1526.892333984375,2794001,0.0,0.0,BAJAJFINSV.NS,1092
2024-06-03 00:00:00+05:30,1578.2349321254069,1581.2315807307082,1554.7111918002133,1574.0396728515625,1826290,0.0,0.0,BAJAJFINSV.NS,1093
2024-06-04 00:00:00+05:30,1554.2616883993626,1567.4468930235191,1417.464733171465,1475.649658203125,4388491,0.0,0.0,BAJAJFINSV.NS,1094
2024-06-05 00:00:00+05:30,1488.3353894209586,1526.2929362652515,1471.2545177278141,1516.00439453125,1456768,0.0,0.0,BAJAJFINSV.NS,1095
2024-06-06 00:00:00+05:30,1519.800207730259,1539.7778640921422,1509.1122103502266,1524.74462890625,2891789,0.0,0.0,BAJAJFINSV.NS,1096
2024-06-07 00:00:00+05:30,1537.2307262183676,1578.2349163307922,1528.8402077546493,1565.9486083984375,2787254,0.0,0.0,BAJAJFINSV.NS,1097
2024-06-10 00:00:00+05:30,1584.2782821711053,1587.2249379708512,1557.6080354148762,1564.0509033203125,1154334,0.0,0.0,BAJAJFINSV.NS,1098
2024-06-11 00:00:00+05:30,1571.2427404650884,1575.6378494405906,1556.2594975490197,1566.498046875,1184425,0.0,0.0,BAJAJFINSV.NS,1099
2024-06-12 00:00:00+05:30,1566.2483618760596,1591.9695961351847,1560.2550645729623,1577.3359375,1799090,0.0,0.0,BAJAJFINSV.NS,1100
2024-06-13 00:00:00+05:30,1585.1771030083955,1593.7675931358608,1579.233798775827,1588.3236083984375,1095701,0.0,0.0,BAJAJFINSV.NS,1101
2024-06-14 00:00:00+05:30,1588.3236206423287,1594.2170539377846,1573.5900983706606,1589.9718017578125,681385,0.0,0.0,BAJAJFINSV.NS,1102
2024-06-18 00:00:00+05:30,1597.2136706837055,1603.1071038616342,1583.2293108403207,1596.164794921875,1282756,0.0,0.0,BAJAJFINSV.NS,1103
2024-06-19 00:00:00+05:30,1598.2125642947135,1598.2125642947135,1580.7321143727402,1593.1182861328125,1269273,0.0,0.0,BAJAJFINSV.NS,1104
2024-06-20 00:00:00+05:30,1590.7208877313333,1593.2180947764375,1571.3425366745378,1584.2281494140625,1649421,0.0,0.0,BAJAJFINSV.NS,1105
2024-06-21 00:00:00+05:30,1585.2276214288017,1610.0654951303525,1569.735169895292,1578.131103515625,3345305,1.0,0.0,BAJAJFINSV.NS,1106
2024-06-24 00:00:00+05:30,1569.2854267432997,1589.0757108395371,1560.2397853334019,1586.8768310546875,822750,0.0,0.0,BAJAJFINSV.NS,1107
2024-06-25 00:00:00+05:30,1586.8769078888436,1609.9656347911398,1570.2349913126684,1602.5692138671875,3093861,0.0,0.0,BAJAJFINSV.NS,1108
2024-06-26 00:00:00+05:30,1606.217415979925,1615.7127896275972,1592.973868523961,1599.470703125,1310438,0.0,0.0,BAJAJFINSV.NS,1109
2024-06-27 00:00:00+05:30,1599.470748165157,1613.9136628421318,1594.273329142316,1602.3193359375,2620064,0.0,0.0,BAJAJFINSV.NS,1110
2024-06-28 00:00:00+05:30,1602.319257380285,1621.210077382039,1582.3289974865486,1587.3765869140625,2058302,0.0,0.0,BAJAJFINSV.NS,1111
2024-07-01 00:00:00+05:30,1587.4265240541429,1590.1751848496099,1577.2315400898478,1579.430419921875,2444681,0.0,0.0,BAJAJFINSV.NS,1112
2024-07-02 00:00:00+05:30,1579.4304449508454,1584.2281563105812,1560.3397704347024,1578.980712890625,2572175,0.0,0.0,BAJAJFINSV.NS,1113
2024-07-03 00:00:00+05:30,1582.229184203689,1596.7221236673363,1572.8337369768053,1593.373779296875,892102,0.0,0.0,BAJAJFINSV.NS,1114
2024-07-04 00:00:00+05:30,1609.215949371727,1609.215949371727,1580.030218224735,1584.927734375,1450706,0.0,0.0,BAJAJFINSV.NS,1115
2024-07-05 00:00:00+05:30,1586.2272316182207,1589.9253811484575,1569.3354364445606,1578.830810546875,1070592,0.0,0.0,BAJAJFINSV.NS,1116
2024-07-08 00:00:00+05:30,1578.8307005894483,1578.8307005894483,1561.2392963009065,1569.3353271484375,1000005,0.0,0.0,BAJAJFINSV.NS,1117
2024-07-09 00:00:00+05:30,1576.931708641566,1583.1287628306363,1566.2369676857124,1580.829833984375,1233946,0.0,0.0,BAJAJFINSV.NS,1118
2024-07-10 00:00:00+05:30,1583.1287371545507,1588.2262292843782,1569.9851162041768,1581.7794189453125,1355610,0.0,0.0,BAJAJFINSV.NS,1119
2024-07-11 00:00:00+05:30,1583.2286813615385,1595.2228380385197,1575.2325769102176,1587.0767822265625,1848978,0.0,0.0,BAJAJFINSV.NS,1120
2024-07-12 00:00:00+05:30,1604.0684425032255,1604.0684425032255,1584.3780848533638,1596.47216796875,1003699,0.0,0.0,BAJAJFINSV.NS,1121
2024-07-15 00:00:00+05:30,1596.2222589454104,1604.2183629351182,1587.2266419569894,1601.419677734375,1753186,0.0,0.0,BAJAJFINSV.NS,1122
2024-07-16 00:00:00+05:30,1604.2184022914983,1614.2135325238442,1597.6216407403235,1608.7662353515625,980434,0.0,0.0,BAJAJFINSV.NS,1123
2024-07-18 00:00:00+05:30,1605.2179573653955,1653.1945837374622,1592.2743121797798,1650.4459228515625,2999670,0.0,0.0,BAJAJFINSV.NS,1124
2024-07-19 00:00:00+05:30,1651.1955723808298,1659.191676847565,1634.2038503890176,1639.4512939453125,1865129,0.0,0.0,BAJAJFINSV.NS,1125
2024-07-22 00:00:00+05:30,1624.2086833177411,1650.9956814838827,1622.2596817021072,1630.355712890625,784867,0.0,0.0,BAJAJFINSV.NS,1126
2024-07-23 00:00:00+05:30,1634.2038053574001,1647.1474503019083,1598.671068308126,1618.0616455078125,2718846,0.0,0.0,BAJAJFINSV.NS,1127
2024-07-24 00:00:00+05:30,1599.820535879111,1611.1150819539685,1561.2393572156484,1578.48095703125,3675430,0.0,0.0,BAJAJFINSV.NS,1128
2024-07-25 00:00:00+05:30,1564.8375649461227,1581.879310798495,1557.2412903708773,1571.1844482421875,1694503,0.0,0.0,BAJAJFINSV.NS,1129
2024-07-26 00:00:00+05:30,1577.2315320219036,1591.9743489403593,1568.2859393740343,1585.6773681640625,2768936,0.0,0.0,BAJAJFINSV.NS,1130
2024-07-29 00:00:00+05:30,1587.3766704566983,1624.208701847182,1581.7293973373326,1616.362548828125,2217892,0.0,0.0,BAJAJFINSV.NS,1131
2024-07-30 00:00:00+05:30,1613.2140250400753,1669.086827632918,1594.423131334394,1641.85009765625,3703774,0.0,0.0,BAJAJFINSV.NS,1132
2024-07-31 00:00:00+05:30,1650.0960683603453,1655.4434386127095,1636.8525208514436,1650.845703125,1324150,0.0,0.0,BAJAJFINSV.NS,1133
2024-08-01 00:00:00+05:30,1654.1940201079994,1658.192072120345,1629.2061950308394,1634.00390625,747329,0.0,0.0,BAJAJFINSV.NS,1134
2024-08-02 00:00:00+05:30,1619.211152585301,1628.206770099664,1602.219430613727,1622.659423828125,1105569,0.0,0.0,BAJAJFINSV.NS,1135
2024-08-05 00:00:00+05:30,1589.2257127413004,1604.2184081445203,1561.2393479886234,1566.9365234375,2058076,0.0,0.0,BAJAJFINSV.NS,1136
2024-08-06 00:00:00+05:30,1574.3829242757163,1597.2217718934212,1556.3416658451654,1563.3382568359375,1897942,0.0,0.0,BAJAJFINSV.NS,1137
2024-08-07 00:00:00+05:30,1583.328532025904,1584.0282643382243,1562.8885398107727,1570.634765625,1443063,0.0,0.0,BAJAJFINSV.NS,1138
2024-08-08 00:00:00+05:30,1561.68904248305,1575.6822245228102,1531.8037013068247,1539.300048828125,1683534,0.0,0.0,BAJAJFINSV.NS,1139
2024-08-09 00:00:00+05:30,1559.1404048434451,1561.7891387835182,1544.747392763629,1559.440185546875,1014828,0.0,0.0,BAJAJFINSV.NS,1140
2024-08-12 00:00:00+05:30,1556.2418186268492,1570.0850499651901,1547.3461280809506,1558.2408447265625,1125254,0.0,0.0,BAJAJFINSV.NS,1141
2024-08-13 00:00:00+05:30,1553.2432266932783,1568.2359219316304,1536.3015298782868,1542.598388671875,1817066,0.0,0.0,BAJAJFINSV.NS,1142
2024-08-14 00:00:00+05:30,1544.2476528517227,1545.6968979610544,1526.0565642567817,1528.4053955078125,1173504,0.0,0.0,BAJAJFINSV.NS,1143
2024-08-16 00:00:00+05:30,1538.2505472843864,1551.6939486821025,1522.5082171221193,1549.145263671875,1841887,0.0,0.0,BAJAJFINSV.NS,1144
2024-08-19 00:00:00+05:30,1563.1384198169694,1563.1384198169694,1544.297623991782,1550.3446044921875,940893,0.0,0.0,BAJAJFINSV.NS,1145
2024-08-20 00:00:00+05:30,1554.1927597675926,1624.1087704380889,1550.7444885683562,1601.31982421875,3149863,0.0,0.0,BAJAJFINSV.NS,1146
2024-08-21 00:00:00+05:30,1599.2208947450308,1628.00691965479,1599.1708702877215,1620.16064453125,1966030,0.0,0.0,BAJAJFINSV.NS,1147
2024-08-22 00:00:00+05:30,1624.0088610542402,1629.2062801374468,1613.2640957097753,1624.9083251953125,1325535,0.0,0.0,BAJAJFINSV.NS,1148
2024-08-23 00:00:00+05:30,1627.1072840833674,1644.1489080189099,1622.4094996412048,1639.1014404296875,1114056,0.0,0.0,BAJAJFINSV.NS,1149
2024-08-26 00:00:00+05:30,1648.196949110824,1687.1779563972534,1637.9519407855444,1685.3787841796875,2446507,0.0,0.0,BAJAJFINSV.NS,1150
2024-08-27 00:00:00+05:30,1685.3787666918095,1728.1579717666066,1651.1954709996728,1718.162841796875,4205533,0.0,0.0,BAJAJFINSV.NS,1151
2024-08-28 00:00:00+05:30,1727.1584658593522,1734.1550568668843,1699.2221262836235,1712.66552734375,1444329,0.0,0.0,BAJAJFINSV.NS,1152
2024-08-29 00:00:00+05:30,1715.164328616767,1771.1370572895753,1710.716544517649,1754.7950439453125,5508206,0.0,0.0,BAJAJFINSV.NS,1153
2024-08-30 00:00:00+05:30,1769.0880443513768,1792.6266250881613,1749.1978325989037,1782.1817626953125,3865499,0.0,0.0,BAJAJFINSV.NS,1154
2024-09-02 00:00:00+05:30,1795.525282659587,1861.0933148938445,1786.9294947588144,1839.65380859375,5442576,0.0,0.0,BAJAJFINSV.NS,1155
2024-09-03 00:00:00+05:30,1849.0991490869426,1870.0388987546871,1811.067628594617,1864.6915283203125,4429269,0.0,0.0,BAJAJFINSV.NS,1156
2024-09-04 00:00:00+05:30,1839.303888114796,1878.784654068663,1832.1574673293126,1870.988525390625,2634954,0.0,0.0,BAJAJFINSV.NS,1157
2024-09-05 00:00:00+05:30,1867.0903115461979,1873.7869999406519,1849.0990772807634,1864.041748046875,1441842,0.0,0.0,BAJAJFINSV.NS,1158
2024-09-06 00:00:00+05:30,1863.0922451649567,1897.07568740509,1835.1058809672,1856.24560546875,2970645,0.0,0.0,BAJAJFINSV.NS,1159
2024-09-09 00:00:00+05:30,1859.0942132588,1872.8375172546648,1838.154464338538,1859.5439453125,1576721,0.0,0.0,BAJAJFINSV.NS,1160
2024-09-10 00:00:00+05:30,1873.8871278307086,1873.8871278307086,1814.3660764895455,1823.611572265625,2155688,0.0,0.0,BAJAJFINSV.NS,1161
2024-09-11 00:00:00+05:30,1828.1093207672686,1852.8972925650698,1813.3665036643067,1832.25732421875,1492450,0.0,0.0,BAJAJFINSV.NS,1162
2024-09-12 00:00:00+05:30,1849.798773737195,1859.0942940116017,1815.915378567939,1853.94677734375,2040386,0.0,0.0,BAJAJFINSV.NS,1163
2024-09-13 00:00:00+05:30,1873.8871318196377,1905.971476611399,1845.6008634455575,1893.5274658203125,3078216,0.0,0.0,BAJAJFINSV.NS,1164
2024-09-16 00:00:00+05:30,1901.0738388058085,1920.0645869326804,1837.1550274673434,1856.6954345703125,3180768,0.0,0.0,BAJAJFINSV.NS,1165
2024-09-17 00:00:00+05:30,1858.094715590757,1875.935998705149,1837.6547230105796,1847.7996826171875,1920113,0.0,0.0,BAJAJFINSV.NS,1166
2024-09-18 00:00:00+05:30,1847.7996320556729,1896.0761587014956,1842.302310562337,1887.2803955078125,2960854,0.0,0.0,BAJAJFINSV.NS,1167
2024-09-19 00:00:00+05:30,1889.0796625657354,1901.0738191534542,1875.0864798800633,1889.4794921875,1821882,0.0,0.0,BAJAJFINSV.NS,1168
2024-09-20 00:00:00+05:30,1891.1785327137784,1923.562778484038,1883.4323069235725,1915.8665771484375,4225587,0.0,0.0,BAJAJFINSV.NS,1169
2024-09-23 00:00:00+05:30,1928.9102181584958,1933.0582216816515,1913.667644280189,1919.0150146484375,1118846,0.0,0.0,BAJAJFINSV.NS,1170
2024-09-24 00:00:00+05:30,1919.0650349265359,1922.6632574648493,1897.4255532294872,1903.7225341796875,1461016,0.0,0.0,BAJAJFINSV.NS,1171
2024-09-25 00:00:00+05:30,1904.072356457719,1937.8559462847813,1895.1267634823837,1927.5609130859375,901659,0.0,0.0,BAJAJFINSV.NS,1172
2024-09-26 00:00:00+05:30,1939.0552664276236,1987.2817698323313,1929.2100875440692,1981.83447265625,2541200,0.0,0.0,BAJAJFINSV.NS,1173
2024-09-27 00:00:00+05:30,1975.8873331182062,2028.9115488125337,1965.3425437292656,2009.7208251953125,3718693,0.0,0.0,BAJAJFINSV.NS,1174
2024-09-30 00:00:00+05:30,2009.720850654785,2017.966833357594,1967.3415947363185,1972.4390869140625,1859917,0.0,0.0,BAJAJFINSV.NS,1175
2024-10-01 00:00:00+05:30,1972.0391816502658,2006.1225511123978,1968.0911540392456,1974.2880859375,1326900,0.0,0.0,BAJAJFINSV.NS,1176
2024-10-03 00:00:00+05:30,1960.0450576867388,1969.090699439615,1895.5764670591027,1912.46826171875,1702709,0.0,0.0,BAJAJFINSV.NS,1177
2024-10-04 00:00:00+05:30,1912.3683237508208,1934.0577076367672,1864.3416739893955,1883.63232421875,2423416,0.0,0.0,BAJAJFINSV.NS,1178
2024-10-07 00:00:00+05:30,1883.6323311073156,1900.6739550769194,1867.890000871306,1878.3848876953125,1423722,0.0,0.0,BAJAJFINSV.NS,1179
2024-10-08 00:00:00+05:30,1872.2877409702767,1893.0276361431484,1832.2072932552376,1837.2548828125,1423384,0.0,0.0,BAJAJFINSV.NS,1180
2024-10-09 00:00:00+05:30,1848.099561698945,1880.2838319247264,1834.6561604736264,1866.040771484375,1411255,0.0,0.0,BAJAJFINSV.NS,1181
2024-10-10 00:00:00+05:30,1873.8870349255428,1886.9306064645334,1859.0941936128793,1874.7864990234375,1209065,0.0,0.0,BAJAJFINSV.NS,1182
2024-10-11 00:00:00+05:30,1875.0364740419714,1882.8827491630454,1854.196651166049,1875.486328125,516757,0.0,0.0,BAJAJFINSV.NS,1183
2024-10-14 00:00:00+05:30,1884.1819567522411,1884.1819567522411,1861.6430115114465,1866.2906494140625,809881,0.0,0.0,BAJAJFINSV.NS,1184
2024-10-15 00:00:00+05:30,1872.687574433663,1894.826812282791,1841.1029873268633,1853.047119140625,2072690,0.0,0.0,BAJAJFINSV.NS,1185
2024-10-16 00:00:00+05:30,1854.096694789285,1870.0889034774943,1846.3504687059335,1861.143310546875,850008,0.0,0.0,BAJAJFINSV.NS,1186
2024-10-17 00:00:00+05:30,1867.0903017767894,1868.539546836242,1808.2189611140955,1814.915771484375,1115879,0.0,0.0,BAJAJFINSV.NS,1187
2024-10-18 00:00:00+05:30,1814.1161556793215,1832.4072929954768,1792.1268689438145,1819.0137939453125,990257,0.0,0.0,BAJAJFINSV.NS,1188
2024-10-21 00:00:00+05:30,1821.1127042051846,1823.0118033263423,1753.0957950708919,1757.543701171875,1663903,0.0,0.0,BAJAJFINSV.NS,1189
2024-10-22 00:00:00+05:30,1757.6936747688853,1770.0875386409346,1715.3142982067527,1721.7611083984375,3142294,0.0,0.0,BAJAJFINSV.NS,1190
2024-10-23 00:00:00+05:30,1726.7087974015249,1778.6334509152714,1726.7087974015249,1738.852783203125,2585058,0.0,0.0,BAJAJFINSV.NS,1191
2024-10-24 00:00:00+05:30,1739.2026584540881,1763.1409461924343,1717.8130556797394,1741.2515869140625,1502718,0.0,0.0,BAJAJFINSV.NS,1192
2024-10-25 00:00:00+05:30,1741.2516574963518,1751.0469341766,1697.2730833596574,1706.568603515625,875973,0.0,0.0,BAJAJFINSV.NS,1193
2024-10-28 00:00:00+05:30,1709.9169416238014,1737.0037207393857,1701.1211780240192,1729.6072998046875,653158,0.0,0.0,BAJAJFINSV.NS,1194
2024-10-29 00:00:00+05:30,1724.3099069294453,1774.6353629696964,1702.1706691846764,1765.839599609375,1561586,0.0,0.0,BAJAJFINSV.NS,1195
2024-10-30 00:00:00+05:30,1765.839618270277,1776.5843833243623,1739.352523020672,1751.5965576171875,826677,0.0,0.0,BAJAJFINSV.NS,1196
2024-10-31 00:00:00+05:30,1744.3501147416325,1754.1453913724476,1724.2100245234594,1749.8974609375,869480,0.0,0.0,BAJAJFINSV.NS,1197
2024-11-01 00:00:00+05:30,1761.141952882959,1771.2870345052017,1745.4496471695634,1753.845458984375,134827,0.0,0.0,BAJAJFINSV.NS,1198
2024-11-04 00:00:00+05:30,1753.8454154976614,1757.1438572080292,1693.2250495456778,1711.666015625,1294236,0.0,0.0,BAJAJFINSV.NS,1199
2024-11-05 00:00:00+05:30,1713.2652550359085,1743.4506216553161,1685.17896338172,1734.8048095703125,1646381,0.0,0.0,BAJAJFINSV.NS,1200
2024-11-06 00:00:00+05:30,1731.2564967578678,1758.8430320139225,1731.2564967578678,1747.848388671875,926170,0.0,0.0,BAJAJFINSV.NS,1201
2024-11-07 00:00:00+05:30,1744.1502644162877,1756.144420962417,1704.2197670524804,1728.857666015625,855044,0.0,0.0,BAJAJFINSV.NS,1202
2024-11-08 00:00:00+05:30,1738.1531972423302,1742.6510059758496,1716.163910100679,1738.90283203125,869560,0.0,0.0,BAJAJFINSV.NS,1203
2024-11-11 00:00:00+05:30,1726.7088269248727,1751.0968478575442,1712.215887627748,1716.6136474609375,696798,0.0,0.0,BAJAJFINSV.NS,1204
2024-11-12 00:00:00+05:30,1724.1599552948824,1732.1060349801558,1687.9276084082508,1690.9261474609375,903492,0.0,0.0,BAJAJFINSV.NS,1205
2024-11-13 00:00:00+05:30,1689.1770108690948,1695.124064558636,1656.6428131275945,1663.639404296875,668302,0.0,0.0,BAJAJFINSV.NS,1206
2024-11-14 00:00:00+05:30,1664.1891436184949,1672.7350285657465,1632.7545085989357,1639.00146484375,744472,0.0,0.0,BAJAJFINSV.NS,1207
2024-11-18 00:00:00+05:30,1633.2042467476117,1641.1503263163647,1609.2159346778794,1615.2130126953125,1618700,0.0,0.0,BAJAJFINSV.NS,1208
2024-11-19 00:00:00+05:30,1622.1596545449445,1625.158193692822,1579.7803988636379,1595.5726318359375,2569730,0.0,0.0,BAJAJFINSV.NS,1209
2024-11-21 00:00:00+05:30,1595.2228136948384,1595.2228136948384,1564.4877876791013,1568.48583984375,984265,0.0,0.0,BAJAJFINSV.NS,1210
2024-11-22 00:00:00+05:30,1569.1854570605708,1605.217951157081,1561.289401609403,1600.0704345703125,2082813,0.0,0.0,BAJAJFINSV.NS,1211
2024-11-25 00:00:00+05:30,1617.2121269236113,1638.002047322528,1599.2208918898505,1604.1185302734375,2191916,0.0,0.0,BAJAJFINSV.NS,1212
2024-11-26 00:00:00+05:30,1614.113675084628,1614.113675084628,1581.229670802924,1593.6236572265625,2483861,0.0,0.0,BAJAJFINSV.NS,1213
2024-11-27 00:00:00+05:30,1595.1727729877264,1607.8166372317933,1588.2262062267646,1599.2708740234375,1335825,0.0,0.0,BAJAJFINSV.NS,1214
2024-11-28 00:00:00+05:30,1604.2184481519917,1609.2660378679707,1566.8866600691333,1574.2830810546875,3458405,0.0,0.0,BAJAJFINSV.NS,1215
2024-11-29 00:00:00+05:30,1581.129665581348,1587.1766461260984,1574.1829769084934,1579.1805419921875,1998058,0.0,0.0,BAJAJFINSV.NS,1216
2024-12-02 00:00:00+05:30,1587.2267461849635,1603.0191014060142,1566.236971833651,1595.87255859375,1423549,0.0,0.0,BAJAJFINSV.NS,1217
2024-12-03 00:00:00+05:30,1596.3222524085757,1609.1160681299464,1594.2733238822927,1606.3173828125,1045367,0.0,0.0,BAJAJFINSV.NS,1218
2024-12-04 00:00:00+05:30,1618.2115847959815,1631.4551323553064,1605.3178423926543,1627.30712890625,2271608,0.0,0.0,BAJAJFINSV.NS,1219
2024-12-05 00:00:00+05:30,1635.9529201801513,1653.2944465127425,1604.6681141424838,1643.29931640625,1706032,0.0,0.0,BAJAJFINSV.NS,1220
2024-12-06 00:00:00+05:30,1639.2013979559492,1649.1465039745658,1624.2587266996622,1634.4036865234375,1049225,0.0,0.0,BAJAJFINSV.NS,1221
2024-12-09 00:00:00+05:30,1641.2003481693816,1646.74769413106,1618.411402934913,1636.2528076171875,859106,0.0,0.0,BAJAJFINSV.NS,1222
2024-12-10 00:00:00+05:30,1643.94902377509,1672.1852663175107,1636.3027248437304,1662.5899658203125,1673974,0.0,0.0,BAJAJFINSV.NS,1223
2024-12-11 00:00:00+05:30,1666.288133916182,1689.5268116685074,1648.1969726272976,1685.6787109375,2131913,0.0,0.0,BAJAJFINSV.NS,1224
2024-12-12 00:00:00+05:30,1684.1794753382794,1689.6767970678702,1673.78451530197,1678.4822998046875,1137744,0.0,0.0,BAJAJFINSV.NS,1225
2024-12-13 00:00:00+05:30,1666.2881184546168,1682.780083158076,1634.203775160969,1678.8819580078125,1389802,0.0,0.0,BAJAJFINSV.NS,1226
2024-12-16 00:00:00+05:30,1674.1842790886224,1683.1298716561232,1659.5914136551573,1672.8349609375,797240,0.0,0.0,BAJAJFINSV.NS,1227
2024-12-17 00:00:00+05:30,1672.1852929475729,1672.835000816821,1632.2547963524844,1642.349853515625,1045630,0.0,0.0,BAJAJFINSV.NS,1228
2024-12-18 00:00:00+05:30,1641.2004546113274,1646.5978495706888,1621.8098767259253,1629.9559326171875,952592,0.0,0.0,BAJAJFINSV.NS,1229
2024-12-19 00:00:00+05:30,1616.012731306966,1623.3591277462037,1582.2791662188515,1588.7760009765625,1681562,0.0,0.0,BAJAJFINSV.NS,1230
2024-12-20 00:00:00+05:30,1588.7759534128902,1602.8190379930088,1564.2378602197928,1568.8856201171875,1806341,0.0,0.0,BAJAJFINSV.NS,1231
2024-12-23 00:00:00+05:30,1582.2291025645932,1593.973380489504,1559.7900841847481,1562.638671875,1017438,0.0,0.0,BAJAJFINSV.NS,1232
2024-12-24 00:00:00+05:30,1562.3388408631954,1572.0840932055519,1550.8944651219051,1563.7882080078125,810638,0.0,0.0,BAJAJFINSV.NS,1233
2024-12-26 00:00:00+05:30,1553.6930355091038,1574.1331509004578,1553.6930355091038,1558.540771484375,760870,0.0,0.0,BAJAJFINSV.NS,1234
2024-12-27 00:00:00+05:30,1567.1864351533734,1585.2276944781058,1560.3397951752352,1578.531005859375,1174865,0.0,0.0,BAJAJFINSV.NS,1235
2024-12-30 00:00:00+05:30,1579.230570674664,1587.0767234748932,1559.690042340767,1575.93212890625,1307371,0.0,0.0,BAJAJFINSV.NS,1236
2024-12-31 00:00:00+05:30,1569.1853783502859,1575.1824563227867,1559.240272850234,1567.3363037109375,1041557,0.0,0.0,BAJAJFINSV.NS,1237
2025-01-01 00:00:00+05:30,1564.2378515687283,1583.278623103032,1564.2378515687283,1575.63232421875,464064,0.0,0.0,BAJAJFINSV.NS,1238
2025-01-02 00:00:00+05:30,1580.5300408405103,1717.0634995927912,1575.6324024745234,1699.8218994140625,8022190,0.0,0.0,BAJAJFINSV.NS,1239
2025-01-03 00:00:00+05:30,1699.172166504454,1719.1624272868594,1691.176062191492,1700.2716064453125,1563600,0.0,0.0,BAJAJFINSV.NS,1240
2025-01-06 00:00:00+05:30,1714.164884270516,1732.1060947505152,1674.184362188405,1683.7796630859375,1837772,0.0,0.0,BAJAJFINSV.NS,1241
2025-01-07 00:00:00+05:30,1691.1760374688938,1702.8203886065949,1673.3846568282902,1681.9305419921875,1242573,0.0,0.0,BAJAJFINSV.NS,1242
2025-01-08 00:00:00+05:30,1680.1813757676691,1708.1677401469046,1667.7374875533912,1696.173583984375,1437122,0.0,0.0,BAJAJFINSV.NS,1243
2025-01-09 00:00:00+05:30,1696.173617228589,1699.6719128445582,1674.1843304996382,1689.4769287109375,1036731,0.0,0.0,BAJAJFINSV.NS,1244
2025-01-10 00:00:00+05:30,1681.1808833406044,1717.3632055094627,1679.1818573199853,1700.4215087890625,1467079,0.0,0.0,BAJAJFINSV.NS,1245
2025-01-13 00:00:00+05:30,1688.7771438743189,1699.1721034978907,1665.7883448269945,1673.334716796875,1177882,0.0,0.0,BAJAJFINSV.NS,1246
2025-01-14 00:00:00+05:30,1688.1774588173878,1729.1574918615042,1683.1798938120075,1712.66552734375,2084348,0.0,0.0,BAJAJFINSV.NS,1247
2025-01-15 00:00:00+05:30,1720.261806742307,1729.6072289273172,1649.196456561729,1670.8359375,2098490,0.0,0.0,BAJAJFINSV.NS,1248
2025-01-16 00:00:00+05:30,1679.1819106228252,1705.1192252593478,1678.3822513848475,1696.5234375,1105433,0.0,0.0,BAJAJFINSV.NS,1249
2025-01-17 00:00:00+05:30,1685.2788399985686,1697.5728986671743,1670.1361936904168,1679.83154296875,905680,0.0,0.0,BAJAJFINSV.NS,1250
2025-01-20 00:00:00+05:30,1685.4788903576123,1737.1536657887527,1673.5846607639044,1734.35498046875,1674215,0.0,0.0,BAJAJFINSV.NS,1251
2025-01-21 00:00:00+05:30,1744.1501823163128,1750.1472603070854,1710.1667403686024,1716.163818359375,2008953,0.0,0.0,BAJAJFINSV.NS,1252
2025-01-22 00:00:00+05:30,1719.1624686981702,1745.999370042825,1709.6670945978024,1742.451171875,1369310,0.0,0.0,BAJAJFINSV.NS,1253
2025-01-23 00:00:00+05:30,1741.701460150779,1765.1399916431665,1729.6072550115748,1745.2996826171875,1888122,0.0,0.0,BAJAJFINSV.NS,1254
2025-01-24 00:00:00+05:30,1750.1473440332281,1754.0454693158874,1724.1600048299936,1727.858154296875,747930,0.0,0.0,BAJAJFINSV.NS,1255
2025-01-27 00:00:00+05:30,1714.0148968430035,1731.8062775995122,1701.171178796566,1710.7664794921875,1017680,0.0,0.0,BAJAJFINSV.NS,1256
2025-01-28 00:00:00+05:30,1732.1060323979634,1787.1792971922343,1714.1648225638141,1768.0885009765625,2439528,0.0,0.0,BAJAJFINSV.NS,1257
2025-01-29 00:00:00+05:30,1776.0846744446528,1804.0710399872803,1766.389446614591,1789.5281982421875,1880079,0.0,0.0,BAJAJFINSV.NS,1258
2025-01-30 00:00:00+05:30,1824.1112865520226,1855.096190597564,1740.1521917189434,1744.35009765625,5190089,0.0,0.0,BAJAJFINSV.NS,1259
2025-01-31 00:00:00+05:30,1712.7654738202802,1752.8459212194145,1697.372949025585,1735.2545166015625,1917476,0.0,0.0,BAJAJFINSV.NS,1260
2025-02-01 00:00:00+05:30,1746.1492827360007,1779.1332130910598,1616.2125873978896,1753.1458740234375,2887325,0.0,0.0,BAJAJFINSV.NS,1261
2025-02-03 00:00:00+05:30,1734.1551212164306,1804.1210338879869,1732.5059003012846,1793.9759521484375,2918355,0.0,0.0,BAJAJFINSV.NS,1262
2025-02-04 00:00:00+05:30,1799.123396137805,1818.0142161994247,1771.9366914005127,1812.366943359375,2285643,0.0,0.0,BAJAJFINSV.NS,1263
2025-02-05 00:00:00+05:30,1810.1180603868097,1825.6605364904462,1779.133157089189,1795.875,1286850,0.0,0.0,BAJAJFINSV.NS,1264
2025-02-06 00:00:00+05:30,1807.1195327792925,1812.067073403739,1778.5833873704944,1787.1292724609375,1119866,0.0,0.0,BAJAJFINSV.NS,1265
2025-02-07 00:00:00+05:30,1800.1229771105689,1821.1127508581103,1783.4810606657018,1797.4742431640625,1748940,0.0,0.0,BAJAJFINSV.NS,1266
2025-02-10 00:00:00+05:30,1804.0211348497214,1806.0700634030845,1773.9358163384538,1791.5272216796875,908769,0.0,0.0,BAJAJFINSV.NS,1267
2025-02-11 00:00:00+05:30,1791.527136380917,1794.4257485005294,1741.1516564756594,1744.000244140625,1944713,0.0,0.0,BAJAJFINSV.NS,1268
2025-02-12 00:00:00+05:30,1748.1482400568345,1799.9729647952831,1726.4088322688208,1787.828857421875,1888823,0.0,0.0,BAJAJFINSV.NS,1269
2025-02-13 00:00:00+05:30,1803.071497835258,1852.5974177202856,1795.7751258573403,1848.3494873046875,4070038,0.0,0.0,BAJAJFINSV.NS,1270
2025-02-14 00:00:00+05:30,1852.5974528852892,1866.6905626000196,1824.1113307340993,1840.4034423828125,1823774,0.0,0.0,BAJAJFINSV.NS,1271
2025-02-17 00:00:00+05:30,1840.4033963854986,1897.8253713244505,1829.5585823692356,1893.92724609375,3022597,0.0,0.0,BAJAJFINSV.NS,1272
2025-02-18 00:00:00+05:30,1891.0787086343944,1912.8681421365388,1879.8842111719855,1892.77783203125,2116513,0.0,0.0,BAJAJFINSV.NS,1273
2025-02-19 00:00:00+05:30,1890.1291956165933,1898.2751293378567,1867.1403955443152,1874.436767578125,768994,0.0,0.0,BAJAJFINSV.NS,1274
2025-02-20 00:00:00+05:30,1866.940363481314,1886.580818657859,1860.143748175583,1880.3338623046875,1012144,0.0,0.0,BAJAJFINSV.NS,1275
2025-02-21 00:00:00+05:30,1871.2882717878201,1892.378094620581,1865.4911693403333,1878.434814453125,852037,0.0,0.0,BAJAJFINSV.NS,1276
2025-02-24 00:00:00+05:30,1867.0903700074734,1888.9797301179792,1852.0976743168353,1856.8953857421875,1076484,0.0,0.0,BAJAJFINSV.NS,1277
2025-02-25 00:00:00+05:30,1856.895387145357,1895.0767367286862,1856.895387145357,1874.1868896484375,1761019,0.0,0.0,BAJAJFINSV.NS,1278
2025-02-27 00:00:00+05:30,1881.2334161138806,1937.8558519287828,1880.0839517624645,1924.6123046875,2878330,0.0,0.0,BAJAJFINSV.NS,1279
2025-02-28 00:00:00+05:30,1910.1194357998922,1919.0650286656269,1861.6430535653699,1871.3883056640625,1797567,0.0,0.0,BAJAJFINSV.NS,1280
2025-03-03 00:00:00+05:30,1883.782215263764,1883.782215263764,1817.8143533077523,1837.65478515625,1046987,0.0,0.0,BAJAJFINSV.NS,1281
2025-03-04 00:00:00+05:30,1828.8589628026139,1832.6071366572442,1784.380633061001,1789.42822265625,1443339,0.0,0.0,BAJAJFINSV.NS,1282
2025-03-05 00:00:00+05:30,1786.1297659282513,1807.9191985586951,1732.156062872781,1800.922607421875,2143253,0.0,0.0,BAJAJFINSV.NS,1283
2025-03-06 00:00:00+05:30,1817.9143449320038,1852.097641700323,1783.2311696385964,1844.55126953125,2176883,0.0,0.0,BAJAJFINSV.NS,1284
2025-03-07 00:00:00+05:30,1844.2515378973833,1864.6416286222425,1835.6057255691687,1844.4014892578125,1332323,0.0,0.0,BAJAJFINSV.NS,1285
2025-03-10 00:00:00+05:30,1843.851616978131,1887.830189222087,1834.1063651740726,1839.4537353515625,1703046,0.0,0.0,BAJAJFINSV.NS,1286
2025-03-11 00:00:00+05:30,1829.1088705034408,1835.955510452605,1787.3792009168187,1804.5208740234375,2298735,0.0,0.0,BAJAJFINSV.NS,1287
2025-03-12 00:00:00+05:30,1813.1166675410975,1823.4616031769888,1799.1234848809127,1818.56396484375,1196955,0.0,0.0,BAJAJFINSV.NS,1288
2025-03-13 00:00:00+05:30,1827.109866323397,1839.1040229951043,1802.2719912845776,1806.56982421875,1333932,0.0,0.0,BAJAJFINSV.NS,1289
2025-03-17 00:00:00+05:30,1819.1137496920685,1879.9841187954771,1796.2749009181637,1870.6885986328125,6994837,0.0,0.0,BAJAJFINSV.NS,1290
2025-03-18 00:00:00+05:30,1870.6885986328125,1870.6885986328125,1870.6885986328125,1870.6885986328125,0,0.0,0.0,BAJAJFINSV.NS,1291
2025-03-19 00:00:00+05:30,1854.0966965841915,1863.492143599784,1839.104000924481,1841.3529052734375,2411880,0.0,0.0,BAJAJFINSV.NS,1292
2025-03-20 00:00:00+05:30,1841.3528197428473,1854.0966104616537,1813.2165044595447,1850.9481201171875,2306910,0.0,0.0,BAJAJFINSV.NS,1293
2025-03-21 00:00:00+05:30,1877.0854898592925,1879.0845159400799,1824.1112987184285,1846.3504638671875,3537391,0.0,0.0,BAJAJFINSV.NS,1294
2025-03-24 00:00:00+05:30,1854.4465061303554,1897.7753722871514,1844.6013270260505,1893.2276611328125,1864839,0.0,0.0,BAJAJFINSV.NS,1295
2025-03-25 00:00:00+05:30,1904.0723588461044,1953.448327881873,1893.9773014507218,1944.1029052734375,3512725,0.0,0.0,BAJAJFINSV.NS,1296
2025-03-26 00:00:00+05:30,1950.0498877755886,1977.0367391184593,1934.057679572406,1942.45361328125,2779682,0.0,0.0,BAJAJFINSV.NS,1297
2025-03-27 00:00:00+05:30,1939.0553318876198,2010.520515511313,1931.6589108586577,2004.7733154296875,4506778,0.0,0.0,BAJAJFINSV.NS,1298
2025-03-28 00:00:00+05:30,1994.7781098922896,2021.0153266702794,1993.2288159067666,2006.3724365234375,1907116,0.0,0.0,BAJAJFINSV.NS,1299
2025-04-01 00:00:00+05:30,1997.0269825744642,2001.0250345916304,1931.5588807933696,1936.1566162109375,2125921,0.0,0.0,BAJAJFINSV.NS,1300
2025-04-02 00:00:00+05:30,1945.3522662301687,1962.5438416048912,1920.0145132180187,1930.0096435546875,1057344,0.0,0.0,BAJAJFINSV.NS,1301
2025-04-03 00:00:00+05:30,1914.0674732394943,1949.050429669459,1904.0223183745425,1919.5147705078125,1598430,0.0,0.0,BAJAJFINSV.NS,1302
2025-04-04 00:00:00+05:30,1911.068871707252,1929.0100814003667,1896.0761765840257,1911.3687744140625,2120708,0.0,0.0,BAJAJFINSV.NS,1303
2025-04-07 00:00:00+05:30,1834.106373702313,1893.0776413036408,1822.6119740851052,1851.747802734375,2594074,0.0,0.0,BAJAJFINSV.NS,1304
2025-04-08 00:00:00+05:30,1889.0796698662448,1933.0582441911731,1872.7875583006162,1902.273193359375,3182018,0.0,0.0,BAJAJFINSV.NS,1305
2025-04-09 00:00:00+05:30,1898.075297364886,1917.3659481908996,1877.0855231444211,1894.77685546875,1394829,0.0,0.0,BAJAJFINSV.NS,1306
2025-04-11 00:00:00+05:30,1908.5201414793246,1965.042653171175,1905.621651247636,1945.352294921875,1880510,0.0,0.0,BAJAJFINSV.NS,1307
2025-04-15 00:00:00+05:30,1983.0338343178353,1983.0338343178353,1959.8451810273364,1967.0416259765625,1250872,0.0,0.0,BAJAJFINSV.NS,1308
2025-04-16 00:00:00+05:30,1960.04500893459,1974.7378013496923,1948.6505362397834,1968.240966796875,1033717,0.0,0.0,BAJAJFINSV.NS,1309
2025-04-17 00:00:00+05:30,1960.5448480487642,2038.7067197733038,1954.0480132221942,2034.3089599609375,2104540,0.0,0.0,BAJAJFINSV.NS,1310
2025-04-21 00:00:00+05:30,2036.1078986371813,2117.6681346640553,2034.708556041373,2102.4755859375,2642028,0.0,0.0,BAJAJFINSV.NS,1311
2025-04-22 00:00:00+05:30,2102.9753767076913,2108.9724547781507,2068.9919343084225,2075.988525390625,1447675,0.0,0.0,BAJAJFINSV.NS,1312
2025-04-23 00:00:00+05:30,2092.980361950554,2116.7688217455543,2056.398086095729,2099.777099609375,1483177,0.0,0.0,BAJAJFINSV.NS,1313
2025-04-24 00:00:00+05:30,2120.7667206283136,2133.960243351952,2084.3843012138673,2103.974853515625,1465968,0.0,0.0,BAJAJFINSV.NS,1314
2025-04-25 00:00:00+05:30,2103.9749316334637,2123.9651922665607,2022.114789938758,2044.50390625,1960343,0.0,0.0,BAJAJFINSV.NS,1315
2025-04-28 00:00:00+05:30,2039.006676258232,2093.7800416601062,2039.006676258232,2048.701904296875,6311008,0.0,0.0,BAJAJFINSV.NS,1316
2025-04-29 00:00:00+05:30,2059.9962814885193,2080.9860543712266,2027.8120118727145,2065.893310546875,2119823,0.0,0.0,BAJAJFINSV.NS,1317
2025-04-30 00:00:00+05:30,2017.2172034164012,2019.01637572387,1925.5619048673443,1950.649658203125,4684518,0.0,0.0,BAJAJFINSV.NS,1318
2025-05-02 00:00:00+05:30,1954.0479340900986,1985.632520796492,1916.2662935166447,1965.7421875,1949238,0.0,0.0,BAJAJFINSV.NS,1319
2025-05-05 00:00:00+05:30,1963.9431811747506,2035.6082167719474,1958.1459567842255,2025.2132568359375,2072898,0.0,0.0,BAJAJFINSV.NS,1320
2025-05-06 00:00:00+05:30,2027.9120513737282,2044.004187075178,2007.1221311311583,2034.8087158203125,1698230,0.0,0.0,BAJAJFINSV.NS,1321
2025-05-07 00:00:00+05:30,2010.3206533502964,2044.503950976352,2008.7213348559667,2029.3114013671875,1078158,0.0,0.0,BAJAJFINSV.NS,1322
2025-05-08 00:00:00+05:30,2031.0105328545612,2049.00176788969,1991.9295967082055,2005.023193359375,1697652,0.0,0.0,BAJAJFINSV.NS,1323
2025-05-09 00:00:00+05:30,1969.0406494140625,1998.0265269942697,1962.0440582740127,1969.0406494140625,1207361,0.0,0.0,BAJAJFINSV.NS,1324
2025-05-12 00:00:00+05:30,2023.9139075790208,2056.598056038581,2010.8203116198838,2049.4013671875,1057561,0.0,0.0,BAJAJFINSV.NS,1325
2025-05-13 00:00:00+05:30,2045.9032604631313,2060.3960774931943,2009.6208884045882,2017.2171630859375,2217985,0.0,0.0,BAJAJFINSV.NS,1326
2025-05-14 00:00:00+05:30,2027.9119983976445,2041.0055946073005,2009.0211778455798,2019.4161376953125,1670853,0.0,0.0,BAJAJFINSV.NS,1327
2025-05-15 00:00:00+05:30,2014.118642174421,2049.401378223102,1995.7275783871012,2040.9056396484375,2640223,0.0,0.0,BAJAJFINSV.NS,1328
2025-05-16 00:00:00+05:30,2052.9997088104383,2069.991429866805,2021.0152927043357,2032.609619140625,1568556,0.0,0.0,BAJAJFINSV.NS,1329
2025-05-19 00:00:00+05:30,2037.9071785439826,2052.0002881225823,2034.0090532535096,2037.3074951171875,1379603,0.0,0.0,BAJAJFINSV.NS,1330
2025-05-20 00:00:00+05:30,2046.0031551623824,2046.0031551623824,1994.028478040524,2004.12353515625,2170575,0.0,0.0,BAJAJFINSV.NS,1331
2025-05-21 00:00:00+05:30,2010.5204979315815,2046.0032111687533,1997.2269255764056,2036.3079833984375,1291354,0.0,0.0,BAJAJFINSV.NS,1332
2025-05-22 00:00:00+05:30,2036.3078833941308,2040.8056918934456,1991.0298956966828,2000.0255126953125,1178160,0.0,0.0,BAJAJFINSV.NS,1333
2025-05-23 00:00:00+05:30,2004.9232262372386,2047.7023110338782,2002.2244678295833,2035.50830078125,1085026,0.0,0.0,BAJAJFINSV.NS,1334
2025-05-26 00:00:00+05:30,2043.0046760908479,2068.9920154149,2039.2064776929844,2051.6005859375,714431,0.0,0.0,BAJAJFINSV.NS,1335
2025-05-27 00:00:00+05:30,2049.0016862769553,2056.997790418524,2013.5189741487447,2028.9114990234375,1175928,0.0,0.0,BAJAJFINSV.NS,1336
2025-05-28 00:00:00+05:30,2043.9042041393589,2043.9042041393589,2017.017279431581,2021.4151611328125,415312,0.0,0.0,BAJAJFINSV.NS,1337
2025-05-29 00:00:00+05:30,2030.4107934815554,2031.9100630265093,1999.125986839173,2009.9207763671875,874950,0.0,0.0,BAJAJFINSV.NS,1338
2025-05-30 00:00:00+05:30,2009.9207678717235,2030.710565600688,2009.9207678717235,2016.4176025390625,2144136,0.0,0.0,BAJAJFINSV.NS,1339
2025-06-02 00:00:00+05:30,2016.4176360017534,2034.7086514698983,1994.128446353413,2028.011962890625,1339043,0.0,0.0,BAJAJFINSV.NS,1340
2025-06-03 00:00:00+05:30,2038.1070205114763,2043.8043180601135,1979.0358241032943,1990.9300537109375,1522876,0.0,0.0,BAJAJFINSV.NS,1341
2025-06-04 00:00:00+05:30,1999.0261084194817,2006.8223590466662,1943.153304286983,1955.1474609375,1169875,0.0,0.0,BAJAJFINSV.NS,1342
2025-06-05 00:00:00+05:30,1960.0450663625459,1964.9427046480325,1928.1605760669681,1943.0533447265625,1808602,0.0,0.0,BAJAJFINSV.NS,1343
2025-06-06 00:00:00+05:30,1967.0415976366205,2017.7168582835839,1920.0644863109492,1989.0308837890625,6970191,0.0,0.0,BAJAJFINSV.NS,1344
2025-06-09 00:00:00+05:30,2000.0255645146797,2056.697904270044,1990.0304342572351,2016.4176025390625,4221378,0.0,0.0,BAJAJFINSV.NS,1345
2025-06-10 00:00:00+05:30,2021.1152657523219,2027.3123197209006,1987.1318228636158,1997.126953125,3306765,0.0,0.0,BAJAJFINSV.NS,1346
2025-06-11 00:00:00+05:30,2003.0241094473834,2028.0119351640424,1981.9344089446968,2011.9197998046875,2245988,0.0,0.0,BAJAJFINSV.NS,1347
2025-06-12 00:00:00+05:30,2015.0183178870186,2058.6969895646457,2011.220119475542,2027.8121337890625,3783347,0.0,0.0,BAJAJFINSV.NS,1348
2025-06-13 00:00:00+05:30,1999.0261083571606,2015.9179033749526,1979.0358472735888,2010.020751953125,1418715,0.0,0.0,BAJAJFINSV.NS,1349
2025-06-16 00:00:00+05:30,2004.0236267631192,2039.0065828412785,1997.0270355474875,2027.2122802734375,1645983,0.0,0.0,BAJAJFINSV.NS,1350
2025-06-17 00:00:00+05:30,2029.0114114686498,2032.909536612068,1995.2278229068452,2002.324462890625,1220096,0.0,0.0,BAJAJFINSV.NS,1351
2025-06-18 00:00:00+05:30,2001.0251250814074,2017.0173338732668,1974.8379319890857,1980.4351806640625,1401356,0.0,0.0,BAJAJFINSV.NS,1352
2025-06-19 00:00:00+05:30,1981.0348579735223,1995.2278944281168,1956.446861434148,1966.641845703125,745887,0.0,0.0,BAJAJFINSV.NS,1353
2025-06-20 00:00:00+05:30,1973.8384368271745,1997.9266771360344,1964.0431600490444,1985.2327880859375,1931248,0.0,0.0,BAJAJFINSV.NS,1354
2025-06-23 00:00:00+05:30,1975.3376430084268,2007.421986755801,1949.750011922212,1996.627197265625,1125629,0.0,0.0,BAJAJFINSV.NS,1355
2025-06-24 00:00:00+05:30,2018.016834245013,2031.4103334262275,1998.2264271850677,2008.2215576171875,1717823,0.0,0.0,BAJAJFINSV.NS,1356
2025-06-25 00:00:00+05:30,2027.0123743785596,2027.0123743785596,2003.0240622557365,2010.8203125,998245,0.0,0.0,BAJAJFINSV.NS,1357
2025-06-26 00:00:00+05:30,2017.017335457715,2056.99785746877,2010.8204033503496,2052.60009765625,1828277,0.0,0.0,BAJAJFINSV.NS,1358
2025-06-27 00:00:00+05:30,2060.0,2065.0,2005.0,2044.0,6315182,1.0,0.0,BAJAJFINSV.NS,1359
2025-06-30 00:00:00+05:30,2040.0,2064.0,2028.0,2056.0,1363779,0.0,0.0,BAJAJFINSV.NS,1360
2025-07-01 00:00:00+05:30,2055.10009765625,2068.5,2042.5999755859375,2053.800048828125,1002015,0.0,0.0,BAJAJFINSV.NS,1361
2025-07-02 00:00:00+05:30,2054.0,2057.5,1996.5999755859375,2007.9000244140625,1204931,0.0,0.0,BAJAJFINSV.NS,1362
2025-07-03 00:00:00+05:30,2008.0,2014.4000244140625,1977.5999755859375,1980.699951171875,1133593,0.0,0.0,BAJAJFINSV.NS,1363
2025-07-04 00:00:00+05:30,1993.0,2032.9000244140625,1985.0,1994.4000244140625,1509178,0.0,0.0,BAJAJFINSV.NS,1364
2025-07-07 00:00:00+05:30,1996.800048828125,2016.9000244140625,1993.0,2006.4000244140625,861699,0.0,0.0,BAJAJFINSV.NS,1365
2025-07-08 00:00:00+05:30,2000.0,2020.5999755859375,1998.699951171875,2018.300048828125,986803,0.0,0.0,BAJAJFINSV.NS,1366
2025-07-09 00:00:00+05:30,2013.0,2037.5999755859375,2012.0,2026.4000244140625,1161769,0.0,0.0,BAJAJFINSV.NS,1367
2025-07-10 00:00:00+05:30,2034.0,2049.0,2021.800048828125,2039.4000244140625,1230564,0.0,0.0,BAJAJFINSV.NS,1368
2025-07-11 00:00:00+05:30,2037.0,2040.699951171875,2000.199951171875,2017.199951171875,1145529,0.0,0.0,BAJAJFINSV.NS,1369
2025-07-14 00:00:00+05:30,2010.0,2015.0,1989.0,2003.5999755859375,605261,0.0,0.0,BAJAJFINSV.NS,1370
2025-07-15 00:00:00+05:30,2010.0,2046.0,2004.0999755859375,2036.5,888117,0.0,0.0,BAJAJFINSV.NS,1371
2025-07-16 00:00:00+05:30,2040.0999755859375,2043.699951171875,2018.0999755859375,2036.0,633132,0.0,0.0,BAJAJFINSV.NS,1372
2025-07-17 00:00:00+05:30,2037.5999755859375,2047.5,2020.300048828125,2026.5,458912,0.0,0.0,BAJAJFINSV.NS,1373
2025-07-18 00:00:00+05:30,2029.9000244140625,2038.9000244140625,2007.300048828125,2029.5999755859375,995783,0.0,0.0,BAJAJFINSV.NS,1374
2025-07-21 00:00:00+05:30,2026.9000244140625,2056.0,2017.5999755859375,2053.89990234375,999643,0.0,0.0,BAJAJFINSV.NS,1375
2025-07-22 00:00:00+05:30,2047.9000244140625,2049.0,2015.199951171875,2039.5999755859375,1214275,0.0,0.0,BAJAJFINSV.NS,1376
2025-07-23 00:00:00+05:30,2047.699951171875,2063.199951171875,2033.699951171875,2060.5,878101,0.0,0.0,BAJAJFINSV.NS,1377
2025-07-24 00:00:00+05:30,2060.5,2060.60009765625,2025.0,2032.300048828125,658995,0.0,0.0,BAJAJFINSV.NS,1378
2025-07-25 00:00:00+05:30,1999.0,2000.0,1932.9000244140625,1985.800048828125,4102292,0.0,0.0,BAJAJFINSV.NS,1379
2025-07-28 00:00:00+05:30,1990.0,2023.0,1971.0999755859375,1977.800048828125,1469727,0.0,0.0,BAJAJFINSV.NS,1380
2025-07-29 00:00:00+05:30,1977.800048828125,1984.5,1943.800048828125,1972.5999755859375,847965,0.0,0.0,BAJAJFINSV.NS,1381
2025-07-30 00:00:00+05:30,1972.699951171875,1989.0999755859375,1945.0999755859375,1959.800048828125,932988,0.0,0.0,BAJAJFINSV.NS,1382
2025-07-31 00:00:00+05:30,1953.0999755859375,1968.300048828125,1941.0999755859375,1948.0,985553,0.0,0.0,BAJAJFINSV.NS,1383
2025-08-01 00:00:00+05:30,1945.0,1977.9000244140625,1911.199951171875,1916.300048828125,836974,0.0,0.0,BAJAJFINSV.NS,1384
2025-08-04 00:00:00+05:30,1923.0,1944.4000244140625,1923.0,1933.5999755859375,982532,0.0,0.0,BAJAJFINSV.NS,1385
2025-08-05 00:00:00+05:30,1930.0999755859375,1942.699951171875,1916.0,1939.4000244140625,1101680,0.0,0.0,BAJAJFINSV.NS,1386
2025-08-06 00:00:00+05:30,1939.4000244140625,1946.699951171875,1912.199951171875,1924.0,875588,0.0,0.0,BAJAJFINSV.NS,1387
2025-08-07 00:00:00+05:30,1919.699951171875,1932.9000244140625,1890.5999755859375,1914.0,905353,0.0,0.0,BAJAJFINSV.NS,1388
2025-08-08 00:00:00+05:30,1915.0,1929.699951171875,1906.4000244140625,1919.199951171875,507893,0.0,0.0,BAJAJFINSV.NS,1389
2025-08-11 00:00:00+05:30,1918.0,1939.800048828125,1903.0999755859375,1922.800048828125,1489228,0.0,0.0,BAJAJFINSV.NS,1390
2025-08-12 00:00:00+05:30,1925.0,1934.300048828125,1904.0,1908.0,899579,0.0,0.0,BAJAJFINSV.NS,1391
2025-08-13 00:00:00+05:30,1914.0,1920.0,1892.9000244140625,1914.4000244140625,710014,0.0,0.0,BAJAJFINSV.NS,1392
2025-08-14 00:00:00+05:30,1914.4000244140625,1939.0999755859375,1912.5,1925.0999755859375,765742,0.0,0.0,BAJAJFINSV.NS,1393
2025-08-18 00:00:00+05:30,1950.0,2017.0,1950.0,1993.5,1473915,0.0,0.0,BAJAJFINSV.NS,1394
2025-08-19 00:00:00+05:30,1994.0,1997.5999755859375,1964.800048828125,1972.199951171875,1389770,0.0,0.0,BAJAJFINSV.NS,1395
2025-08-20 00:00:00+05:30,1972.800048828125,1976.5,1949.199951171875,1958.5,1461680,0.0,0.0,BAJAJFINSV.NS,1396
2025-08-21 00:00:00+05:30,1984.0,1998.0,1974.5,1980.0,2346236,0.0,0.0,BAJAJFINSV.NS,1397
2025-08-22 00:00:00+05:30,1975.0,1977.300048828125,1963.5,1965.9000244140625,709444,0.0,0.0,BAJAJFINSV.NS,1398
2025-08-25 00:00:00+05:30,1959.0999755859375,1967.800048828125,1953.0,1963.800048828125,869509,0.0,0.0,BAJAJFINSV.NS,1399
2025-08-26 00:00:00+05:30,1960.0,1963.4000244140625,1917.5999755859375,1924.199951171875,1179819,0.0,0.0,BAJAJFINSV.NS,1400
2025-08-28 00:00:00+05:30,1920.0,1939.699951171875,1910.5999755859375,1917.5999755859375,985012,0.0,0.0,BAJAJFINSV.NS,1401
2025-08-29 00:00:00+05:30,1923.0999755859375,1931.0999755859375,1910.0,1913.5,735268,0.0,0.0,BAJAJFINSV.NS,1402
2025-09-01 00:00:00+05:30,1918.9000244140625,1946.0,1913.0,1943.5,590079,0.0,0.0,BAJAJFINSV.NS,1403
2025-09-02 00:00:00+05:30,1945.0,1958.699951171875,1938.5999755859375,1955.9000244140625,907972,0.0,0.0,BAJAJFINSV.NS,1404
2025-09-03 00:00:00+05:30,1950.0,1972.0,1950.0,1966.0999755859375,934230,0.0,0.0,BAJAJFINSV.NS,1405
2025-09-04 00:00:00+05:30,1985.0,2033.800048828125,1971.0,2002.199951171875,2459026,0.0,0.0,BAJAJFINSV.NS,1406
2025-09-05 00:00:00+05:30,2013.9000244140625,2023.800048828125,2002.0999755859375,2014.4000244140625,1077230,0.0,0.0,BAJAJFINSV.NS,1407
2025-09-08 00:00:00+05:30,2014.4000244140625,2026.4000244140625,2006.0999755859375,2008.4000244140625,338055,0.0,0.0,BAJAJFINSV.NS,1408
2025-09-09 00:00:00+05:30,2012.0,2039.0,2012.0,2025.300048828125,1240640,0.0,0.0,BAJAJFINSV.NS,1409
2025-09-10 00:00:00+05:30,2035.0999755859375,2047.0,2026.5999755859375,2038.199951171875,927634,0.0,0.0,BAJAJFINSV.NS,1410
2025-09-11 00:00:00+05:30,2038.0,2048.800048828125,2028.4000244140625,2037.800048828125,720797,0.0,0.0,BAJAJFINSV.NS,1411
2025-09-12 00:00:00+05:30,2036.0999755859375,2089.0,2034.300048828125,2081.5,1546838,0.0,0.0,BAJAJFINSV.NS,1412
2025-09-15 00:00:00+05:30,2078.0,2097.0,2068.0,2080.0,1014957,0.0,0.0,BAJAJFINSV.NS,1413
2025-09-16 00:00:00+05:30,2085.0,2104.89990234375,2077.60009765625,2080.300048828125,928203,0.0,0.0,BAJAJFINSV.NS,1414
2025-09-17 00:00:00+05:30,2088.0,2090.0,2054.89990234375,2057.0,1199866,0.0,0.0,BAJAJFINSV.NS,1415
2025-09-18 00:00:00+05:30,2066.0,2075.0,2045.0,2069.199951171875,904666,0.0,0.0,BAJAJFINSV.NS,1416
2025-09-19 00:00:00+05:30,2069.0,2077.199951171875,2053.699951171875,2067.300048828125,1973991,0.0,0.0,BAJAJFINSV.NS,1417
2025-09-22 00:00:00+05:30,2067.300048828125,2082.0,2062.300048828125,2069.5,633360,0.0,0.0,BAJAJFINSV.NS,1418
2025-09-23 00:00:00+05:30,2068.0,2092.0,2068.0,2084.39990234375,1177350,0.0,0.0,BAJAJFINSV.NS,1419
2025-09-24 00:00:00+05:30,2084.10009765625,2088.800048828125,2062.89990234375,2069.199951171875,602541,0.0,0.0,BAJAJFINSV.NS,1420
2025-09-25 00:00:00+05:30,2069.199951171875,2074.0,2032.4000244140625,2035.5999755859375,952122,0.0,0.0,BAJAJFINSV.NS,1421
2025-09-26 00:00:00+05:30,2040.0,2047.5,1996.0999755859375,2003.199951171875,754739,0.0,0.0,BAJAJFINSV.NS,1422
2025-09-29 00:00:00+05:30,2007.9000244140625,2031.0,1994.9000244140625,2024.699951171875,2005041,0.0,0.0,BAJAJFINSV.NS,1423
2025-09-30 00:00:00+05:30,2025.0,2036.4000244140625,2001.0,2006.4000244140625,924425,0.0,0.0,BAJAJFINSV.NS,1424
2025-10-01 00:00:00+05:30,2008.9000244140625,2014.0,1979.5,2007.0,683568,0.0,0.0,BAJAJFINSV.NS,1425
2025-10-03 00:00:00+05:30,2016.5,2017.0,1968.0,2000.9000244140625,789048,0.0,0.0,BAJAJFINSV.NS,1426
2025-10-06 00:00:00+05:30,1996.0999755859375,2042.199951171875,1995.0999755859375,2033.199951171875,821515,0.0,0.0,BAJAJFINSV.NS,1427
2025-10-07 00:00:00+05:30,2038.699951171875,2056.39990234375,2029.0,2032.5999755859375,641471,0.0,0.0,BAJAJFINSV.NS,1428
2025-10-08 00:00:00+05:30,2031.5,2038.199951171875,2005.0,2013.5999755859375,369526,0.0,0.0,BAJAJFINSV.NS,1429
2025-10-09 00:00:00+05:30,2013.5999755859375,2025.9000244140625,2005.0,2014.5999755859375,437357,0.0,0.0,BAJAJFINSV.NS,1430
2025-10-10 00:00:00+05:30,2014.5999755859375,2026.0,2001.199951171875,2004.300048828125,772401,0.0,0.0,BAJAJFINSV.NS,1431
2025-10-13 00:00:00+05:30,2004.0999755859375,2025.0,1996.5999755859375,2020.4000244140625,1013809,0.0,0.0,BAJAJFINSV.NS,1432
2025-10-14 00:00:00+05:30,2024.9000244140625,2036.800048828125,2006.5999755859375,2019.4000244140625,668246,0.0,0.0,BAJAJFINSV.NS,1433
2025-10-15 00:00:00+05:30,2024.5,2088.800048828125,2020.0999755859375,2084.10009765625,1497249,0.0,0.0,BAJAJFINSV.NS,1434
2025-10-16 00:00:00+05:30,2078.5,2100.0,2078.0,2090.199951171875,1424932,0.0,0.0,BAJAJFINSV.NS,1435
2025-10-17 00:00:00+05:30,2090.0,2104.0,2077.0,2083.699951171875,609393,0.0,0.0,BAJAJFINSV.NS,1436
2025-10-20 00:00:00+05:30,2088.0,2149.5,2088.0,2139.800048828125,1844869,0.0,0.0,BAJAJFINSV.NS,1437
2025-10-21 00:00:00+05:30,2150.0,2184.0,2134.0,2169.10009765625,367784,0.0,0.0,BAJAJFINSV.NS,1438
2025-10-23 00:00:00+05:30,2170.0,2195.0,2159.10009765625,2176.60009765625,1291839,0.0,0.0,BAJAJFINSV.NS,1439
2025-10-24 00:00:00+05:30,2176.60009765625,2184.0,2144.60009765625,2159.5,517200,0.0,0.0,BAJAJFINSV.NS,1440
2025-10-27 00:00:00+05:30,2159.5,2178.5,2149.89990234375,2170.199951171875,433573,0.0,0.0,BAJAJFINSV.NS,1441
2025-10-28 00:00:00+05:30,2172.0,2188.699951171875,2123.10009765625,2140.199951171875,1200996,0.0,0.0,BAJAJFINSV.NS,1442
2025-10-29 00:00:00+05:30,2150.0,2150.0,2124.199951171875,2137.0,343434,0.0,0.0,BAJAJFINSV.NS,1443
2025-10-30 00:00:00+05:30,2140.0,2146.0,2101.300048828125,2114.60009765625,488305,0.0,0.0,BAJAJFINSV.NS,1444
2025-10-31 00:00:00+05:30,2115.0,2128.89990234375,2085.39990234375,2088.300048828125,586237,0.0,0.0,BAJAJFINSV.NS,1445
2025-11-03 00:00:00+05:30,2086.0,2100.0,2070.0,2081.60009765625,546962,0.0,0.0,BAJAJFINSV.NS,1446
2025-11-04 00:00:00+05:30,2087.0,2098.800048828125,2061.5,2073.199951171875,610128,0.0,0.0,BAJAJFINSV.NS,1447
2025-11-06 00:00:00+05:30,2079.0,2080.39990234375,2057.199951171875,2063.199951171875,1175380,0.0,0.0,BAJAJFINSV.NS,1448
2025-11-07 00:00:00+05:30,2060.0,2112.0,2042.800048828125,2102.10009765625,839091,0.0,0.0,BAJAJFINSV.NS,1449
2025-11-10 00:00:00+05:30,2114.699951171875,2126.800048828125,2096.300048828125,2118.300048828125,985115,0.0,0.0,BAJAJFINSV.NS,1450
2025-11-11 00:00:00+05:30,2085.0,2099.0,1952.4000244140625,1989.4000244140625,4943745,0.0,0.0,BAJAJFINSV.NS,1451
2025-11-12 00:00:00+05:30,2009.5,2039.0,1995.0,2035.5,2396251,0.0,0.0,BAJAJFINSV.NS,1452
2025-11-13 00:00:00+05:30,2045.0,2072.39990234375,2032.300048828125,2056.199951171875,1839900,0.0,0.0,BAJAJFINSV.NS,1453
2025-11-14 00:00:00+05:30,2050.0,2072.0,2044.199951171875,2065.800048828125,1433249,0.0,0.0,BAJAJFINSV.NS,1454
2025-11-17 00:00:00+05:30,2065.800048828125,2081.10009765625,2055.0,2079.60009765625,817576,0.0,0.0,BAJAJFINSV.NS,1455
2025-11-18 00:00:00+05:30,2073.0,2075.5,2047.0,2050.199951171875,734236,0.0,0.0,BAJAJFINSV.NS,1456
2025-11-19 00:00:00+05:30,2059.39990234375,2059.39990234375,2035.0,2050.199951171875,704802,0.0,0.0,BAJAJFINSV.NS,1457
2025-11-20 00:00:00+05:30,2064.699951171875,2105.0,2042.9000244140625,2095.60009765625,1576354,0.0,0.0,BAJAJFINSV.NS,1458
2025-11-21 00:00:00+05:30,2100.0,2100.0,2045.0999755859375,2052.39990234375,1019782,0.0,0.0,BAJAJFINSV.NS,1459
2025-11-24 00:00:00+05:30,2064.0,2064.0,2025.800048828125,2030.800048828125,1422874,0.0,0.0,BAJAJFINSV.NS,1460
2025-11-25 00:00:00+05:30,2039.0,2051.5,2026.4000244140625,2030.199951171875,688300,0.0,0.0,BAJAJFINSV.NS,1461
2025-11-26 00:00:00+05:30,2035.0,2088.5,2030.9000244140625,2085.10009765625,928388,0.0,0.0,BAJAJFINSV.NS,1462
2025-11-27 00:00:00+05:30,2085.10009765625,2118.0,2075.60009765625,2103.199951171875,1125896,0.0,0.0,BAJAJFINSV.NS,1463
2025-11-28 00:00:00+05:30,2110.0,2113.0,2086.5,2094.0,590610,0.0,0.0,BAJAJFINSV.NS,1464
2025-12-01 00:00:00+05:30,2102.5,2105.89990234375,2075.0,2081.800048828125,533604,0.0,0.0,BAJAJFINSV.NS,1465
2025-12-02 00:00:00+05:30,2070.10009765625,2081.5,2059.5,2065.89990234375,682583,0.0,0.0,BAJAJFINSV.NS,1466
2025-12-03 00:00:00+05:30,2065.89990234375,2072.39990234375,2035.0,2046.0,785536,0.0,0.0,BAJAJFINSV.NS,1467
2025-12-04 00:00:00+05:30,2046.0,2061.89990234375,2034.0,2049.199951171875,758590,0.0,0.0,BAJAJFINSV.NS,1468
2025-12-05 00:00:00+05:30,2050.0,2110.0,2045.800048828125,2096.5,1742156,0.0,0.0,BAJAJFINSV.NS,1469
2025-12-08 00:00:00+05:30,2100.0,2104.89990234375,2038.5,2059.199951171875,904146,0.0,0.0,BAJAJFINSV.NS,1470
2025-12-09 00:00:00+05:30,2050.0,2081.800048828125,2039.0,2069.5,1176704,0.0,0.0,BAJAJFINSV.NS,1471
2025-12-10 00:00:00+05:30,2070.0,2098.199951171875,2060.0,2065.800048828125,937777,0.0,0.0,BAJAJFINSV.NS,1472
2025-12-11 00:00:00+05:30,2080.0,2082.699951171875,2050.0,2065.800048828125,624077,0.0,0.0,BAJAJFINSV.NS,1473
2025-12-12 00:00:00+05:30,2075.800048828125,2093.0,2069.199951171875,2083.10009765625,554885,0.0,0.0,BAJAJFINSV.NS,1474
2025-12-15 00:00:00+05:30,2079.89990234375,2080.800048828125,2061.0,2070.5,483403,0.0,0.0,BAJAJFINSV.NS,1475
2025-12-16 00:00:00+05:30,2066.10009765625,2067.800048828125,2029.0,2035.199951171875,506106,0.0,0.0,BAJAJFINSV.NS,1476
2025-12-17 00:00:00+05:30,2035.199951171875,2044.0,2011.5999755859375,2021.199951171875,398342,0.0,0.0,BAJAJFINSV.NS,1477
2025-12-18 00:00:00+05:30,2020.0,2038.0,2012.5999755859375,2026.300048828125,438810,0.0,0.0,BAJAJFINSV.NS,1478
2025-12-19 00:00:00+05:30,2019.0,2055.0,2017.9000244140625,2043.800048828125,1104767,0.0,0.0,BAJAJFINSV.NS,1479
2025-12-22 00:00:00+05:30,2044.0999755859375,2053.89990234375,2037.199951171875,2049.800048828125,1038998,0.0,0.0,BAJAJFINSV.NS,1480
2025-12-23 00:00:00+05:30,2049.0,2057.5,2042.0,2047.5999755859375,677615,0.0,0.0,BAJAJFINSV.NS,1481
2025-12-24 00:00:00+05:30,2048.5,2064.5,2024.300048828125,2035.699951171875,1344198,0.0,0.0,BAJAJFINSV.NS,1482
2025-12-26 00:00:00+05:30,2035.699951171875,2035.699951171875,2005.4000244140625,2017.5999755859375,1755050,0.0,0.0,BAJAJFINSV.NS,1483
2025-12-29 00:00:00+05:30,2020.0,2026.4000244140625,1997.199951171875,2012.0999755859375,1415166,0.0,0.0,BAJAJFINSV.NS,1484
2025-12-30 00:00:00+05:30,2012.0,2047.800048828125,1980.4000244140625,2026.4000244140625,5450560,0.0,0.0,BAJAJFINSV.NS,1485
2025-12-31 00:00:00+05:30,2030.199951171875,2046.300048828125,2010.4000244140625,2039.9000244140625,1377422,0.0,0.0,BAJAJFINSV.NS,1486
2026-01-01 00:00:00+05:30,2045.0,2048.800048828125,2027.800048828125,2037.0,270917,0.0,0.0,BAJAJFINSV.NS,1487
2026-01-02 00:00:00+05:30,2030.0999755859375,2050.0,2026.5999755859375,2038.4000244140625,893818,0.0,0.0,BAJAJFINSV.NS,1488
2026-01-05 00:00:00+05:30,2040.0,2045.9000244140625,2030.0,2039.199951171875,656058,0.0,0.0,BAJAJFINSV.NS,1489
2026-01-06 00:00:00+05:30,2044.9000244140625,2082.0,2040.800048828125,2044.5999755859375,1236924,0.0,0.0,BAJAJFINSV.NS,1490
2026-01-07 00:00:00+05:30,2040.0,2042.0,2021.0,2031.9000244140625,653557,0.0,0.0,BAJAJFINSV.NS,1491
2026-01-08 00:00:00+05:30,2021.0,2029.0999755859375,1989.199951171875,2008.9000244140625,756940,0.0,0.0,BAJAJFINSV.NS,1492
2026-01-09 00:00:00+05:30,2008.9000244140625,2014.199951171875,1981.199951171875,1992.4000244140625,1143760,0.0,0.0,BAJAJFINSV.NS,1493
2026-01-12 00:00:00+05:30,1992.0,2006.4000244140625,1972.5999755859375,1998.9000244140625,996702,0.0,0.0,BAJAJFINSV.NS,1494
2026-01-13 00:00:00+05:30,1998.9000244140625,2016.0,1991.0,2011.199951171875,1216677,0.0,0.0,BAJAJFINSV.NS,1495
2026-01-14 00:00:00+05:30,2003.5,2015.800048828125,1993.5999755859375,2000.9000244140625,1062849,0.0,0.0,BAJAJFINSV.NS,1496
2026-01-15 00:00:00+05:30,2000.9000244140625,2000.9000244140625,2000.9000244140625,2000.9000244140625,0,0.0,0.0,BAJAJFINSV.NS,1497
2026-01-16 00:00:00+05:30,2012.800048828125,2033.0,2000.5999755859375,2002.5,1177279,0.0,0.0,BAJAJFINSV.NS,1498
2026-01-19 00:00:00+05:30,1995.0,2025.9000244140625,1992.0,2017.800048828125,587791,0.0,0.0,BAJAJFINSV.NS,1499
2026-01-20 00:00:00+05:30,2017.0,2018.300048828125,1950.199951171875,1958.699951171875,1572563,0.0,0.0,BAJAJFINSV.NS,1500
2026-01-21 00:00:00+05:30,1964.9000244140625,1973.5999755859375,1936.5999755859375,1959.9000244140625,894555,0.0,0.0,BAJAJFINSV.NS,1501
2026-01-22 00:00:00+05:30,1969.800048828125,1996.9000244140625,1965.0,1993.0999755859375,1067186,0.0,0.0,BAJAJFINSV.NS,1502
2026-01-23 00:00:00+05:30,1993.0999755859375,1994.9000244140625,1943.0999755859375,1949.0,1046873,0.0,0.0,BAJAJFINSV.NS,1503
2026-01-27 00:00:00+05:30,1950.199951171875,1971.5,1903.4000244140625,1917.699951171875,4700126,0.0,0.0,BAJAJFINSV.NS,1504
2026-01-28 00:00:00+05:30,1924.0,1944.0999755859375,1920.0999755859375,1940.300048828125,1605973,0.0,0.0,BAJAJFINSV.NS,1505
2026-01-29 00:00:00+05:30,1927.0,1956.800048828125,1921.0999755859375,1948.0999755859375,884350,0.0,0.0,BAJAJFINSV.NS,1506
2026-01-30 00:00:00+05:30,1928.5,1956.5999755859375,1927.0,1952.5999755859375,1342205,0.0,0.0,BAJAJFINSV.NS,1507
2026-02-02 00:00:00+05:30,1908.0,1937.0999755859375,1876.5999755859375,1930.0999755859375,1183196,0.0,0.0,BAJAJFINSV.NS,1508
2026-02-03 00:00:00+05:30,2019.699951171875,2045.5,1986.300048828125,2012.699951171875,1358926,0.0,0.0,BAJAJFINSV.NS,1509
2026-02-04 00:00:00+05:30,1993.0,2032.699951171875,1985.0999755859375,2019.5999755859375,1078917,0.0,0.0,BAJAJFINSV.NS,1510
2026-02-05 00:00:00+05:30,2008.0999755859375,2021.800048828125,1992.4000244140625,2000.0999755859375,857399,0.0,0.0,BAJAJFINSV.NS,1511
2026-02-06 00:00:00+05:30,2000.0999755859375,2027.4000244140625,1983.0,2024.199951171875,1257237,0.0,0.0,BAJAJFINSV.NS,1512
2026-02-09 00:00:00+05:30,2026.9000244140625,2032.0,2018.800048828125,2024.5999755859375,431032,0.0,0.0,BAJAJFINSV.NS,1513
2026-02-10 00:00:00+05:30,2027.0,2033.9000244140625,2019.9000244140625,2027.9000244140625,717899,0.0,0.0,BAJAJFINSV.NS,1514
2026-02-11 00:00:00+05:30,2032.0,2050.0,2022.0,2027.0,538669,0.0,0.0,BAJAJFINSV.NS,1515
2026-02-12 00:00:00+05:30,2025.0,2041.9000244140625,2012.0999755859375,2037.0999755859375,637754,0.0,0.0,BAJAJFINSV.NS,1516
2026-02-13 00:00:00+05:30,2035.0,2035.0,2012.699951171875,2023.199951171875,756233,0.0,0.0,BAJAJFINSV.NS,1517
2026-02-16 00:00:00+05:30,2023.199951171875,2055.0,2022.199951171875,2050.89990234375,812257,0.0,0.0,BAJAJFINSV.NS,1518
2026-02-17 00:00:00+05:30,2045.0,2052.60009765625,2035.0,2044.4000244140625,252282,0.0,0.0,BAJAJFINSV.NS,1519
2026-02-18 00:00:00+05:30,2040.0,2065.89990234375,2040.0,2060.60009765625,611189,0.0,0.0,BAJAJFINSV.NS,1520
2026-02-19 00:00:00+05:30,2068.0,2068.0,2025.0,2033.199951171875,659450,0.0,0.0,BAJAJFINSV.NS,1521
2026-02-20 00:00:00+05:30,2033.199951171875,2063.89990234375,2021.0999755859375,2058.5,459679,0.0,0.0,BAJAJFINSV.NS,1522
2026-02-23 00:00:00+05:30,2050.0,2069.0,2039.800048828125,2051.60009765625,1070139,0.0,0.0,BAJAJFINSV.NS,1523
2026-02-24 00:00:00+05:30,2040.0,2050.0,2032.0999755859375,2043.300048828125,1054129,0.0,0.0,BAJAJFINSV.NS,1524
2026-02-25 00:00:00+05:30,2050.0,2074.89990234375,2043.0,2049.300048828125,508162,0.0,0.0,BAJAJFINSV.NS,1525
2026-02-26 00:00:00+05:30,2057.0,2063.800048828125,2028.0,2041.300048828125,493126,0.0,0.0,BAJAJFINSV.NS,1526
2026-02-27 00:00:00+05:30,2022.699951171875,2039.5999755859375,1986.5999755859375,1993.4000244140625,1323479,0.0,0.0,BAJAJFINSV.NS,1527
2026-03-02 00:00:00+05:30,1950.0,1990.0,1927.0,1941.9000244140625,1595247,0.0,0.0,BAJAJFINSV.NS,1528
2026-03-04 00:00:00+05:30,1909.4000244140625,1909.4000244140625,1860.199951171875,1889.300048828125,2209959,0.0,0.0,BAJAJFINSV.NS,1529
2026-03-05 00:00:00+05:30,1897.800048828125,1917.9000244140625,1878.9000244140625,1911.800048828125,1515601,0.0,0.0,BAJAJFINSV.NS,1530
2026-03-06 00:00:00+05:30,1908.9000244140625,1908.9000244140625,1865.0,1868.9000244140625,2267317,0.0,0.0,BAJAJFINSV.NS,1531
2026-03-09 00:00:00+05:30,1839.0999755859375,1844.5999755859375,1802.0,1841.5,1009617,0.0,0.0,BAJAJFINSV.NS,1532
2026-03-10 00:00:00+05:30,1845.0999755859375,1873.800048828125,1840.4000244140625,1867.800048828125,885047,0.0,0.0,BAJAJFINSV.NS,1533
2026-03-11 00:00:00+05:30,1861.0,1874.800048828125,1791.0,1795.300048828125,1298364,0.0,0.0,BAJAJFINSV.NS,1534
2026-03-12 00:00:00+05:30,1786.9000244140625,1794.4000244140625,1763.0999755859375,1770.800048828125,1095963,0.0,0.0,BAJAJFINSV.NS,1535
2026-03-13 00:00:00+05:30,1760.0999755859375,1779.199951171875,1726.0999755859375,1738.0,1390698,0.0,0.0,BAJAJFINSV.NS,1536
2026-03-16 00:00:00+05:30,1738.0,1784.0,1729.0,1773.9000244140625,2085547,0.0,0.0,BAJAJFINSV.NS,1537
2026-03-17 00:00:00+05:30,1775.5999755859375,1782.5999755859375,1757.0,1774.699951171875,1259526,0.0,0.0,BAJAJFINSV.NS,1538
2026-03-18 00:00:00+05:30,1773.800048828125,1803.0,1770.0,1791.800048828125,1467841,0.0,0.0,BAJAJFINSV.NS,1539
2026-03-19 00:00:00+05:30,1776.0,1778.0,1702.0999755859375,1714.9000244140625,1354973,0.0,0.0,BAJAJFINSV.NS,1540
2026-03-20 00:00:00+05:30,1724.0,1734.0,1702.800048828125,1710.300048828125,2626283,0.0,0.0,BAJAJFINSV.NS,1541
2026-03-23 00:00:00+05:30,1699.800048828125,1700.0,1662.699951171875,1675.5,2207925,0.0,0.0,BAJAJFINSV.NS,1542
2026-03-24 00:00:00+05:30,1710.0,1714.0,1671.4000244140625,1704.4000244140625,1775627,0.0,0.0,BAJAJFINSV.NS,1543
2026-03-25 00:00:00+05:30,1720.800048828125,1765.0,1717.5999755859375,1746.199951171875,1865278,0.0,0.0,BAJAJFINSV.NS,1544
2026-03-27 00:00:00+05:30,1738.5999755859375,1738.5999755859375,1680.0999755859375,1694.699951171875,2522237,0.0,0.0,BAJAJFINSV.NS,1545
2026-03-30 00:00:00+05:30,1675.0,1686.0999755859375,1627.0,1631.800048828125,3272392,0.0,0.0,BAJAJFINSV.NS,1546
2026-04-01 00:00:00+05:30,1679.0,1683.0999755859375,1642.0,1647.0,1796540,0.0,0.0,BAJAJFINSV.NS,1547
2026-04-02 00:00:00+05:30,1635.0,1646.5,1597.0,1640.699951171875,2284337,0.0,0.0,BAJAJFINSV.NS,1548
2026-04-06 00:00:00+05:30,1635.0,1678.9000244140625,1623.5999755859375,1672.300048828125,1215027,0.0,0.0,BAJAJFINSV.NS,1549
2026-04-07 00:00:00+05:30,1660.0999755859375,1692.199951171875,1625.0,1684.4000244140625,2860538,0.0,0.0,BAJAJFINSV.NS,1550
2026-04-08 00:00:00+05:30,1751.5,1809.0,1751.5,1784.5999755859375,2059323,0.0,0.0,BAJAJFINSV.NS,1551
2026-04-09 00:00:00+05:30,1784.5999755859375,1792.5,1757.0,1767.699951171875,1510841,0.0,0.0,BAJAJFINSV.NS,1552
2026-04-10 00:00:00+05:30,1777.800048828125,1814.9000244140625,1776.0999755859375,1809.199951171875,983497,0.0,0.0,BAJAJFINSV.NS,1553
2026-04-13 00:00:00+05:30,1774.5,1792.0999755859375,1748.300048828125,1788.300048828125,1243242,0.0,0.0,BAJAJFINSV.NS,1554
2026-04-15 00:00:00+05:30,1815.0,1839.199951171875,1814.199951171875,1825.800048828125,1066065,0.0,0.0,BAJAJFINSV.NS,1555
2026-04-16 00:00:00+05:30,1835.800048828125,1854.9000244140625,1823.0,1829.9000244140625,1035217,0.0,0.0,BAJAJFINSV.NS,1556
2026-04-17 00:00:00+05:30,1828.800048828125,1845.5,1811.699951171875,1838.9000244140625,487836,0.0,0.0,BAJAJFINSV.NS,1557
2026-04-20 00:00:00+05:30,1839.9000244140625,1850.5999755859375,1820.4000244140625,1830.5999755859375,903716,0.0,0.0,BAJAJFINSV.NS,1558
2026-04-21 00:00:00+05:30,1827.300048828125,1855.0,1825.0,1851.4000244140625,952364,0.0,0.0,BAJAJFINSV.NS,1559
2026-04-22 00:00:00+05:30,1847.0,1860.0,1835.0,1842.9000244140625,739941,0.0,0.0,BAJAJFINSV.NS,1560
2026-04-23 00:00:00+05:30,1821.5,1830.0,1786.0,1792.5999755859375,910293,0.0,0.0,BAJAJFINSV.NS,1561
2026-04-24 00:00:00+05:30,1792.699951171875,1799.9000244140625,1757.300048828125,1770.699951171875,920624,0.0,0.0,BAJAJFINSV.NS,1562
2026-04-27 00:00:00+05:30,1781.0,1798.0,1765.0,1772.199951171875,1267827,0.0,0.0,BAJAJFINSV.NS,1563
2026-04-28 00:00:00+05:30,1772.0999755859375,1790.800048828125,1757.699951171875,1779.0,1414112,0.0,0.0,BAJAJFINSV.NS,1564
2026-04-29 00:00:00+05:30,1778.0,1793.9000244140625,1760.800048828125,1764.199951171875,699788,0.0,0.0,BAJAJFINSV.NS,1565
2026-04-30 00:00:00+05:30,1777.199951171875,1794.5,1718.699951171875,1747.199951171875,2574629,0.0,0.0,BAJAJFINSV.NS,1566
2026-05-01 00:00:00+05:30,1747.199951171875,1747.199951171875,1747.199951171875,1747.199951171875,0,0.0,0.0,BAJAJFINSV.NS,1567
2026-05-04 00:00:00+05:30,1749.199951171875,1787.0,1747.0999755859375,1770.4000244140625,1720030,0.0,0.0,BAJAJFINSV.NS,1568
2026-05-05 00:00:00+05:30,1760.0,1799.0,1742.0999755859375,1794.5999755859375,1270233,0.0,0.0,BAJAJFINSV.NS,1569
2026-05-06 00:00:00+05:30,1810.0,1838.800048828125,1798.0999755859375,1836.0999755859375,1059177,0.0,0.0,BAJAJFINSV.NS,1570
2026-05-07 00:00:00+05:30,1849.5999755859375,1849.5999755859375,1816.5999755859375,1824.5,945912,0.0,0.0,BAJAJFINSV.NS,1571
2026-05-08 00:00:00+05:30,1824.5,1827.199951171875,1802.5,1818.300048828125,719570,0.0,0.0,BAJAJFINSV.NS,1572
2026-05-11 00:00:00+05:30,1804.199951171875,1814.0,1786.0,1794.199951171875,541986,0.0,0.0,BAJAJFINSV.NS,1573
2026-05-12 00:00:00+05:30,1783.800048828125,1791.0,1741.5,1744.800048828125,1041932,0.0,0.0,BAJAJFINSV.NS,1574
2026-05-13 00:00:00+05:30,1748.9000244140625,1758.0,1726.0,1728.9000244140625,666278,0.0,0.0,BAJAJFINSV.NS,1575
2026-05-14 00:00:00+05:30,1735.0999755859375,1743.0,1713.300048828125,1740.199951171875,2086133,0.0,0.0,BAJAJFINSV.NS,1576
2026-05-15 00:00:00+05:30,1735.0999755859375,1755.800048828125,1721.9000244140625,1728.0999755859375,2347840,0.0,0.0,BAJAJFINSV.NS,1577
2026-05-18 00:00:00+05:30,1715.0,1759.0,1693.800048828125,1753.0999755859375,1199186,0.0,0.0,BAJAJFINSV.NS,1578
2026-05-19 00:00:00+05:30,1745.199951171875,1765.0,1743.0,1749.800048828125,640335,0.0,0.0,BAJAJFINSV.NS,1579
2026-05-20 00:00:00+05:30,1732.5,1780.0,1726.0,1772.0,779574,0.0,0.0,BAJAJFINSV.NS,1580
2026-05-21 00:00:00+05:30,1781.0,1784.4000244140625,1746.0,1752.199951171875,479195,0.0,0.0,BAJAJFINSV.NS,1581
2026-05-22 00:00:00+05:30,1760.0,1779.0,1757.0,1766.0,392442,0.0,0.0,BAJAJFINSV.NS,1582
2026-05-25 00:00:00+05:30,1785.0,1811.800048828125,1783.0,1807.4000244140625,456676,0.0,0.0,BAJAJFINSV.NS,1583
2026-05-26 00:00:00+05:30,1807.4000244140625,1812.800048828125,1796.199951171875,1800.699951171875,811184,0.0,0.0,BAJAJFINSV.NS,1584
2026-05-27 00:00:00+05:30,1806.0,1815.5,1794.5,1809.0999755859375,339636,0.0,0.0,BAJAJFINSV.NS,1585
2026-05-28 00:00:00+05:30,1809.0999755859375,1809.0999755859375,1809.0999755859375,1809.0999755859375,0,0.0,0.0,BAJAJFINSV.NS,1586
2026-05-29 00:00:00+05:30,1801.0,1817.5999755859375,1776.9000244140625,1783.5999755859375,1445842,0.0,0.0,BAJAJFINSV.NS,1587
