Date,Open,High,Low,Close,Volume,Dividends,Stock Splits,Symbol,time_idx
2020-01-01 00:00:00+05:30,414.1674156407626,415.55521896615323,412.52553016521404,413.53216552734375,4070420,0.0,0.0,BAJFINANCE.NS,0
2020-01-02 00:00:00+05:30,414.38240632791695,419.83096051107054,413.89374782988875,414.97369384765625,8638440,0.0,0.0,BAJFINANCE.NS,1
2020-01-03 00:00:00+05:30,412.427783313079,413.8742232428665,407.8343813792157,409.8330078125,11768500,0.0,0.0,BAJFINANCE.NS,2
2020-01-06 00:00:00+05:30,406.9548038462164,410.8640719519924,389.3435617668208,390.60430908203125,28667350,0.0,0.0,BAJFINANCE.NS,3
2020-01-07 00:00:00+05:30,396.30205075772136,399.9181356540841,390.5554219204242,391.6744689941406,21490420,0.0,0.0,BAJFINANCE.NS,4
2020-01-08 00:00:00+05:30,386.04028287205756,396.8249814422218,386.04028287205756,395.8085632324219,16305760,0.0,0.0,BAJFINANCE.NS,5
2020-01-09 00:00:00+05:30,401.2765871653904,405.391083422379,398.74533969100156,403.0650939941406,14193880,0.0,0.0,BAJFINANCE.NS,6
2020-01-10 00:00:00+05:30,403.64173313333896,409.0951492676554,402.459158002897,405.083251953125,11066240,0.0,0.0,BAJFINANCE.NS,7
2020-01-13 00:00:00+05:30,407.34576027338466,408.7384550529285,405.1956805226075,407.00372314453125,6451520,0.0,0.0,BAJFINANCE.NS,8
2020-01-14 00:00:00+05:30,407.54121467097127,410.7077124063173,405.6305729387733,409.7890319824219,7034340,0.0,0.0,BAJFINANCE.NS,9
2020-01-15 00:00:00+05:30,409.4909021173626,412.4277442626627,407.54605097170383,411.1816711425781,6169760,0.0,0.0,BAJFINANCE.NS,10
2020-01-16 00:00:00+05:30,409.49586175054225,413.4002387629573,409.30038640190526,412.4522399902344,5787280,0.0,0.0,BAJFINANCE.NS,11
2020-01-17 00:00:00+05:30,412.13462253181757,414.57791521975736,410.66864691905374,413.5761413574219,6711290,0.0,0.0,BAJFINANCE.NS,12
2020-01-20 00:00:00+05:30,413.30738518846294,415.6480786720825,403.1579676424856,405.8406982421875,8486390,0.0,0.0,BAJFINANCE.NS,13
2020-01-21 00:00:00+05:30,405.58170708487796,409.11469887418605,402.36632545938045,404.4724426269531,8979220,0.0,0.0,BAJFINANCE.NS,14
2020-01-22 00:00:00+05:30,409.1049333434456,409.15378726702966,402.98202755564466,404.82427978515625,7979010,0.0,0.0,BAJFINANCE.NS,15
2020-01-23 00:00:00+05:30,402.94781847620646,406.9401802056367,399.2340255178088,403.2214660644531,11545220,0.0,0.0,BAJFINANCE.NS,16
2020-01-24 00:00:00+05:30,402.65464463047067,411.0253679661589,401.775065206785,409.9356689453125,8648920,0.0,0.0,BAJFINANCE.NS,17
2020-01-27 00:00:00+05:30,407.93212102370086,411.25499294977107,405.9774869700891,406.989013671875,7821550,0.0,0.0,BAJFINANCE.NS,18
2020-01-28 00:00:00+05:30,405.6012410634455,415.26199961284544,405.6012410634455,411.74365234375,10527640,0.0,0.0,BAJFINANCE.NS,19
2020-01-29 00:00:00+05:30,414.8613394923875,434.31972715425087,411.9489535295426,431.8764343261719,45814130,0.0,0.0,BAJFINANCE.NS,20
2020-01-30 00:00:00+05:30,436.27430834913827,438.32668004014846,424.6295677958594,426.53045654296875,35777740,0.0,0.0,BAJFINANCE.NS,21
2020-01-31 00:00:00+05:30,427.0875321652927,431.98389991569275,423.54964937112794,426.68682861328125,17369270,0.0,0.0,BAJFINANCE.NS,22
2020-02-03 00:00:00+05:30,415.37932779794244,427.76194931420696,415.37932779794244,426.0467529296875,10941810,0.0,0.0,BAJFINANCE.NS,23
2020-02-04 00:00:00+05:30,428.8418333406636,444.67924246850396,427.78631426074105,441.6739807128906,19583230,0.0,0.0,BAJFINANCE.NS,24
2020-02-05 00:00:00+05:30,441.2586404130043,443.6970416383581,437.608375610805,442.5487060546875,12856310,0.0,0.0,BAJFINANCE.NS,25
2020-02-06 00:00:00+05:30,442.54871648825434,457.17426265331824,442.23596787222766,456.05035400390625,18464770,0.0,0.0,BAJFINANCE.NS,26
2020-02-07 00:00:00+05:30,455.81581864657454,458.058774615248,452.1166696774288,454.8727111816406,9503260,0.0,0.0,BAJFINANCE.NS,27
2020-02-10 00:00:00+05:30,455.4297097444906,462.6618493848058,453.47507579708935,461.4646301269531,11608790,0.0,0.0,BAJFINANCE.NS,28
2020-02-11 00:00:00+05:30,462.9551065957726,467.6462165875136,462.8573689239967,464.1620788574219,11674290,0.0,0.0,BAJFINANCE.NS,29
2020-02-12 00:00:00+05:30,466.1802176054948,467.37254556051863,461.489107849038,466.05316162109375,8829640,0.0,0.0,BAJFINANCE.NS,30
2020-02-13 00:00:00+05:30,465.78929181231734,469.170800307698,462.7596031235245,468.65771484375,6810390,0.0,0.0,BAJFINANCE.NS,31
2020-02-14 00:00:00+05:30,469.11213709657346,470.5781125250003,465.98471091912444,467.3285217285156,7311180,0.0,0.0,BAJFINANCE.NS,32
2020-02-17 00:00:00+05:30,467.3285811054901,468.9167213547355,464.23050267531227,466.8301696777344,7164840,0.0,0.0,BAJFINANCE.NS,33
2020-02-18 00:00:00+05:30,466.12157146549885,466.3707920720731,459.4953634113144,465.0074157714844,7286110,0.0,0.0,BAJFINANCE.NS,34
2020-02-19 00:00:00+05:30,467.64618477247245,477.61483010841977,467.16730898630476,476.7401123046875,11720490,0.0,0.0,BAJFINANCE.NS,35
2020-02-20 00:00:00+05:30,475.74816328843326,481.17226085089266,474.36525134597935,476.9747009277344,16346430,0.0,0.0,BAJFINANCE.NS,36
2020-02-24 00:00:00+05:30,473.0214380599461,476.53978529984187,464.3428581433194,469.4981994628906,12633890,0.0,0.0,BAJFINANCE.NS,37
2020-02-25 00:00:00+05:30,473.9889483210225,473.9889483210225,467.5484330598175,471.6482849121094,9593090,0.0,0.0,BAJFINANCE.NS,38
2020-02-26 00:00:00+05:30,470.57816658892403,472.8015569457436,465.91148357068744,470.0895080566406,8513460,0.0,0.0,BAJFINANCE.NS,39
2020-02-27 00:00:00+05:30,470.5781595050251,470.5781595050251,460.5215587109227,465.1833801269531,11748700,0.0,0.0,BAJFINANCE.NS,40
2020-02-28 00:00:00+05:30,453.4751244336957,453.4751244336957,421.3946794011072,436.45513916015625,49414100,0.0,0.0,BAJFINANCE.NS,41
2020-03-02 00:00:00+05:30,449.56586275078723,451.3201600557625,420.7985365062296,426.1835632324219,22382160,0.0,0.0,BAJFINANCE.NS,42
2020-03-03 00:00:00+05:30,431.0078707410213,438.3496932107334,423.1762666000125,436.30731201171875,20235030,1.0,0.0,BAJFINANCE.NS,43
2020-03-04 00:00:00+05:30,437.4730160353986,440.4900581238514,413.8655323531598,419.88006591796875,24729910,0.0,0.0,BAJFINANCE.NS,44
2020-03-05 00:00:00+05:30,422.19177923107856,427.82917076462417,418.5820908883294,424.219482421875,18332950,0.0,0.0,BAJFINANCE.NS,45
2020-03-06 00:00:00+05:30,404.0699029736197,415.13895744903294,395.4007608946779,413.94879150390625,33122380,0.0,0.0,BAJFINANCE.NS,46
2020-03-09 00:00:00+05:30,398.6822823583871,404.31477160546507,386.4524483161955,394.4505615234375,35456270,0.0,0.0,BAJFINANCE.NS,47
2020-03-11 00:00:00+05:30,393.1967468234246,403.4723873229156,390.3560189130014,394.8277282714844,27936830,0.0,0.0,BAJFINANCE.NS,48
2020-03-12 00:00:00+05:30,378.11140650622167,379.08606713634236,355.3953328274579,365.8031921386719,52726190,0.0,0.0,BAJFINANCE.NS,49
2020-03-13 00:00:00+05:30,336.9698372014952,396.08649921257336,321.39968644493536,387.1773681640625,48499170,0.0,0.0,BAJFINANCE.NS,50
2020-03-16 00:00:00+05:30,375.5107100794646,375.5107100794646,352.6428026924444,359.72015380859375,31404670,0.0,0.0,BAJFINANCE.NS,51
2020-03-17 00:00:00+05:30,362.6441598286682,365.83754609531564,333.2474823697232,337.44488525390625,25585480,0.0,0.0,BAJFINANCE.NS,52
2020-03-18 00:00:00+05:30,341.86763923635226,345.7858929811815,295.72042010569953,299.878662109375,54435800,0.0,0.0,BAJFINANCE.NS,53
2020-03-19 00:00:00+05:30,274.2777243116014,299.06556647172647,243.3920946232688,268.99786376953125,83247130,0.0,0.0,BAJFINANCE.NS,54
2020-03-20 00:00:00+05:30,274.2630401002862,298.17908852408567,256.8072432925787,289.1573181152344,61101890,0.0,0.0,BAJFINANCE.NS,55
2020-03-23 00:00:00+05:30,260.2454936065119,264.4821172571739,217.9528558878563,221.9837646484375,48442350,0.0,0.0,BAJFINANCE.NS,56
2020-03-24 00:00:00+05:30,242.1480660263192,251.61553957521426,206.16380444424988,242.3635711669922,62572210,0.0,0.0,BAJFINANCE.NS,57
2020-03-25 00:00:00+05:30,239.99301769939288,264.48210113810643,235.09520101165018,253.27589416503906,62263550,0.0,0.0,BAJFINANCE.NS,58
2020-03-26 00:00:00+05:30,258.34025844499416,287.6487777476392,251.2629071148657,273.6606140136719,50961240,0.0,0.0,BAJFINANCE.NS,59
2020-03-27 00:00:00+05:30,289.4609780906161,297.78726680049846,244.89084440830464,249.03439331054688,71706090,0.0,0.0,BAJFINANCE.NS,60
2020-03-30 00:00:00+05:30,234.12053673634023,236.50577103571888,218.05080162242007,219.62789916992188,76983550,0.0,0.0,BAJFINANCE.NS,61
2020-03-31 00:00:00+05:30,225.79916050089156,229.21784224693,205.7083199651936,217.05166625976562,110431110,0.0,0.0,BAJFINANCE.NS,62
2020-04-01 00:00:00+05:30,213.54481925139632,224.0163542933554,208.9065859968423,217.39939880371094,64083010,0.0,0.0,BAJFINANCE.NS,63
2020-04-03 00:00:00+05:30,222.24334526823102,229.5802654458098,213.8435772957696,216.23861694335938,61726720,0.0,0.0,BAJFINANCE.NS,64
2020-04-07 00:00:00+05:30,219.9119774397319,223.92819325148733,203.89611029774613,220.72991943359375,111614780,0.0,0.0,BAJFINANCE.NS,65
2020-04-08 00:00:00+05:30,213.9366404481387,232.54834503656116,210.03307970368888,228.5223388671875,91093390,0.0,0.0,BAJFINANCE.NS,66
2020-04-09 00:00:00+05:30,234.21359623013674,251.37063226729322,231.872440488823,249.96986389160156,71932460,0.0,0.0,BAJFINANCE.NS,67
2020-04-13 00:00:00+05:30,246.84995385939033,246.84995385939033,221.9641491908693,224.05551147460938,81831990,0.0,0.0,BAJFINANCE.NS,68
2020-04-15 00:00:00+05:30,229.70761283862353,231.9606116042561,212.40851994333784,213.78480529785156,93336280,0.0,0.0,BAJFINANCE.NS,69
2020-04-16 00:00:00+05:30,210.11634826660156,220.40176391601562,207.86334946829203,217.46307373046875,72467400,0.0,0.0,BAJFINANCE.NS,70
2020-04-17 00:00:00+05:30,230.68718309330288,232.73446703327446,218.9520176247008,226.09793090820312,101915460,0.0,0.0,BAJFINANCE.NS,71
2020-04-20 00:00:00+05:30,227.7484834254149,229.756591322427,221.87110320798485,226.1077117919922,54031770,0.0,0.0,BAJFINANCE.NS,72
2020-04-21 00:00:00+05:30,216.48348664428153,216.48348664428153,204.23894554449186,205.68380737304688,73839850,0.0,0.0,BAJFINANCE.NS,73
2020-04-22 00:00:00+05:30,201.7851462617652,212.56524564537628,198.10199346927283,210.4346923828125,90627230,0.0,0.0,BAJFINANCE.NS,74
2020-04-23 00:00:00+05:30,211.58568521934671,217.374908249422,206.88377811397112,212.80523681640625,71440060,0.0,0.0,BAJFINANCE.NS,75
2020-04-24 00:00:00+05:30,207.0307417894389,207.0307417894389,192.97890285910083,193.5862274169922,104944510,0.0,0.0,BAJFINANCE.NS,76
2020-04-27 00:00:00+05:30,195.91268543193036,204.2389745627874,187.65007031535097,200.2276611328125,144952470,0.0,0.0,BAJFINANCE.NS,77
2020-04-28 00:00:00+05:30,203.8471322230209,219.82380752994027,199.34113498655947,218.25650024414062,147563440,0.0,0.0,BAJFINANCE.NS,78
2020-04-29 00:00:00+05:30,215.50883797787478,232.6462938741257,215.50883797787478,224.9518280029297,150601540,0.0,0.0,BAJFINANCE.NS,79
2020-04-30 00:00:00+05:30,231.67164333021066,236.95148938153383,224.43267050738424,227.0725860595703,88833050,0.0,0.0,BAJFINANCE.NS,80
2020-05-04 00:00:00+05:30,215.503938090543,215.71944322438958,198.70932018465882,203.7148895263672,73127450,0.0,0.0,BAJFINANCE.NS,81
2020-05-05 00:00:00+05:30,208.6470098420275,209.13679155527169,195.61881328034156,196.14288330078125,115212090,0.0,0.0,BAJFINANCE.NS,82
2020-05-06 00:00:00+05:30,196.89222908359608,208.8331084528645,191.24504709109132,206.32052612304688,131496960,0.0,0.0,BAJFINANCE.NS,83
2020-05-07 00:00:00+05:30,205.6054835368509,212.55058511456275,200.6488946540613,201.8439483642578,77702040,0.0,0.0,BAJFINANCE.NS,84
2020-05-08 00:00:00+05:30,208.64697343154623,208.64697343154623,197.38199599275382,198.27828979492188,69663750,0.0,0.0,BAJFINANCE.NS,85
2020-05-11 00:00:00+05:30,202.76961292556197,204.99322590945704,195.45227352423132,197.3869171142578,76549900,0.0,0.0,BAJFINANCE.NS,86
2020-05-12 00:00:00+05:30,194.9037419877328,203.7491987974626,193.6694974143817,202.74024963378906,103365270,0.0,0.0,BAJFINANCE.NS,87
2020-05-13 00:00:00+05:30,217.46306784101316,219.41729197845206,210.11634257611408,211.68853759765625,94411850,0.0,0.0,BAJFINANCE.NS,88
2020-05-14 00:00:00+05:30,211.48771849863704,221.27846421676327,205.39483334619024,206.88377380371094,143075310,0.0,0.0,BAJFINANCE.NS,89
2020-05-15 00:00:00+05:30,207.66254041979798,209.29352186852518,201.39824317164027,204.38101196289062,80267260,0.0,0.0,BAJFINANCE.NS,90
2020-05-18 00:00:00+05:30,204.72873578815708,205.06668633246292,188.66390316920618,189.8981475830078,108205710,0.0,0.0,BAJFINANCE.NS,91
2020-05-19 00:00:00+05:30,191.99441475268173,196.26040891573933,188.29166652106463,192.4792938232422,94135140,0.0,0.0,BAJFINANCE.NS,92
2020-05-20 00:00:00+05:30,192.97398902305355,201.79005958755855,189.54551713685717,200.10520935058594,163185080,0.0,0.0,BAJFINANCE.NS,93
2020-05-21 00:00:00+05:30,201.6920832876641,203.50918402318973,193.4147761541719,194.95269775390625,98795420,0.0,0.0,BAJFINANCE.NS,94
2020-05-22 00:00:00+05:30,193.46378398488113,196.59838407777735,182.7130689973201,185.6566619873047,161950940,0.0,0.0,BAJFINANCE.NS,95
2020-05-26 00:00:00+05:30,187.88026312130162,189.4230724870092,178.43236994255628,179.16213989257812,98692950,0.0,0.0,BAJFINANCE.NS,96
2020-05-27 00:00:00+05:30,179.26008991295134,190.6230305528803,174.6561452379104,189.6875457763672,173352460,0.0,0.0,BAJFINANCE.NS,97
2020-05-28 00:00:00+05:30,191.40668081305625,194.2474236179533,188.76186264411507,190.78956604003906,90517750,0.0,0.0,BAJFINANCE.NS,98
2020-05-29 00:00:00+05:30,187.4884258263882,193.95355014327788,185.2354419994564,191.37240600585938,103618470,0.0,0.0,BAJFINANCE.NS,99
2020-06-01 00:00:00+05:30,195.62369344387037,218.08997566214867,195.62369344387037,211.6689453125,189159830,0.0,0.0,BAJFINANCE.NS,100
2020-06-02 00:00:00+05:30,212.09993535207897,232.6462813350836,211.6689400599906,229.82513427734375,234424700,0.0,0.0,BAJFINANCE.NS,101
2020-06-03 00:00:00+05:30,236.76046671989883,244.58228093229351,234.89930227067904,236.26089477539062,187051760,0.0,0.0,BAJFINANCE.NS,102
2020-06-04 00:00:00+05:30,236.4666053712968,240.35058572022226,223.02699395299277,226.57791137695312,163153500,0.0,0.0,BAJFINANCE.NS,103
2020-06-05 00:00:00+05:30,229.60964709227474,235.97680897351134,222.85066584328084,234.14993286132812,158500390,0.0,0.0,BAJFINANCE.NS,104
2020-06-08 00:00:00+05:30,245.3806207084752,249.56336042426085,242.4957994501606,245.6010284423828,149925030,0.0,0.0,BAJFINANCE.NS,105
2020-06-09 00:00:00+05:30,248.31931267135772,248.31931267135772,236.59393801336833,239.36610412597656,123730770,0.0,0.0,BAJFINANCE.NS,106
2020-06-10 00:00:00+05:30,239.01347953136508,241.95216985347204,235.19318809140682,238.58737182617188,89614430,0.0,0.0,BAJFINANCE.NS,107
2020-06-11 00:00:00+05:30,236.07477309001732,240.8746276429427,227.2684929784957,229.11007690429688,100427670,0.0,0.0,BAJFINANCE.NS,108
2020-06-12 00:00:00+05:30,215.50392989408,241.9521394719898,215.40596758352993,240.00770568847656,168024570,0.0,0.0,BAJFINANCE.NS,109
2020-06-15 00:00:00+05:30,237.0543077007437,238.02896835640692,228.33620071036373,230.33450317382812,120703460,0.0,0.0,BAJFINANCE.NS,110
2020-06-16 00:00:00+05:30,240.18894678267628,240.52199475708207,223.83024071336547,231.666748046875,129143510,0.0,0.0,BAJFINANCE.NS,111
2020-06-17 00:00:00+05:30,229.90352996787377,237.5441275762102,228.43908744893358,234.70339965820312,96502790,0.0,0.0,BAJFINANCE.NS,112
2020-06-18 00:00:00+05:30,232.64629064545232,248.97560954680645,232.45038096903565,247.43280029296875,127382680,0.0,0.0,BAJFINANCE.NS,113
2020-06-19 00:00:00+05:30,250.96410272004795,265.9073141610165,250.76817812333056,264.34490966796875,186038260,0.0,0.0,BAJFINANCE.NS,114
2020-06-22 00:00:00+05:30,268.4003532788695,280.50774172734043,267.22486532154784,278.2253723144531,139393260,0.0,0.0,BAJFINANCE.NS,115
2020-06-23 00:00:00+05:30,284.0684422746499,304.5706940939491,277.5102590865585,296.3668518066406,161869530,0.0,0.0,BAJFINANCE.NS,116
2020-06-24 00:00:00+05:30,306.1135395418656,306.1135395418656,285.15089033281873,287.4479675292969,201088070,0.0,0.0,BAJFINANCE.NS,117
2020-06-25 00:00:00+05:30,281.92324378701034,298.3750246299065,279.2735378810655,294.3930969238281,159821300,0.0,0.0,BAJFINANCE.NS,118
2020-06-26 00:00:00+05:30,298.03218603288207,299.62887927353574,281.33551351742597,284.416259765625,125724990,0.0,0.0,BAJFINANCE.NS,119
2020-06-29 00:00:00+05:30,277.608272138805,283.5297462703188,271.3390721191646,279.954345703125,116139990,0.0,0.0,BAJFINANCE.NS,120
2020-06-30 00:00:00+05:30,285.0529052550492,287.66344968205783,275.84501669981694,277.3143615722656,97030570,0.0,0.0,BAJFINANCE.NS,121
2020-07-01 00:00:00+05:30,277.3143986646453,290.80297563609514,274.86549021634204,289.3532409667969,127048960,0.0,0.0,BAJFINANCE.NS,122
2020-07-02 00:00:00+05:30,291.9098590441473,295.4362928503061,286.52226097454053,290.3670349121094,116197340,0.0,0.0,BAJFINANCE.NS,123
2020-07-03 00:00:00+05:30,291.9098538935132,292.8355483564024,286.13043659050857,287.1589660644531,85435970,0.0,0.0,BAJFINANCE.NS,124
2020-07-06 00:00:00+05:30,290.93032768700556,307.0588353635977,289.46098259767723,304.52667236328125,114375830,0.0,0.0,BAJFINANCE.NS,125
2020-07-07 00:00:00+05:30,308.56243860203375,334.97635932239706,306.14291606231893,328.3447265625,228764010,0.0,0.0,BAJFINANCE.NS,126
2020-07-08 00:00:00+05:30,328.3447406126817,333.91355580375847,311.5109470223488,314.2488098144531,191261830,0.0,0.0,BAJFINANCE.NS,127
2020-07-09 00:00:00+05:30,316.8887583414713,331.082622371614,312.9803099607428,326.1946105957031,187577860,0.0,0.0,BAJFINANCE.NS,128
2020-07-10 00:00:00+05:30,320.8069692214604,332.5617283990406,320.51798490502955,324.6419677734375,161504130,0.0,0.0,BAJFINANCE.NS,129
2020-07-13 00:00:00+05:30,329.13331264611446,330.896514863443,315.0471857325806,316.8495788574219,131364670,0.0,0.0,BAJFINANCE.NS,130
2020-07-14 00:00:00+05:30,315.39984154391766,315.39984154391766,305.853970880608,312.57379150390625,124044220,0.0,0.0,BAJFINANCE.NS,131
2020-07-15 00:00:00+05:30,316.39896934549495,323.0306026161021,305.8441799846539,308.4889831542969,109802620,0.0,0.0,BAJFINANCE.NS,132
2020-07-16 00:00:00+05:30,311.501153026966,314.9296248370112,303.88995637047026,313.93048095703125,99999250,0.0,0.0,BAJFINANCE.NS,133
2020-07-17 00:00:00+05:30,314.4398516320475,325.5089061026551,313.9500699316861,323.3832702636719,84256260,0.0,0.0,BAJFINANCE.NS,134
2020-07-20 00:00:00+05:30,327.6590168791808,338.33625072795604,324.8721581321043,337.11669921875,105554950,0.0,0.0,BAJFINANCE.NS,135
2020-07-21 00:00:00+05:30,342.84716879698203,344.7573292664112,315.28714467635353,322.5163269042969,259600480,0.0,0.0,BAJFINANCE.NS,136
2020-07-22 00:00:00+05:30,325.2150334492557,327.17416015678134,312.83333830862114,318.6519470214844,170696590,0.0,0.0,BAJFINANCE.NS,137
2020-07-23 00:00:00+05:30,318.6519506369832,325.2150371392209,315.03248672312725,323.0404052734375,87180350,0.0,0.0,BAJFINANCE.NS,138
2020-07-24 00:00:00+05:30,317.8682776818559,322.2763123492468,315.41936953330537,318.5392761230469,66376830,0.0,0.0,BAJFINANCE.NS,139
2020-07-27 00:00:00+05:30,319.6315345185804,321.29680430332365,308.7779848923832,310.6342468261719,70898670,0.0,0.0,BAJFINANCE.NS,140
2020-07-28 00:00:00+05:30,311.01135427078896,319.3376424953613,309.6595521054226,317.3393249511719,82116970,0.0,0.0,BAJFINANCE.NS,141
2020-07-29 00:00:00+05:30,317.86829962933814,326.0966255978198,317.3393270624364,321.71307373046875,80700220,0.0,0.0,BAJFINANCE.NS,142
2020-07-30 00:00:00+05:30,322.80529256839094,325.6068292079902,313.95493472145864,315.2528381347656,65082780,0.0,0.0,BAJFINANCE.NS,143
2020-07-31 00:00:00+05:30,316.9867427295924,320.61110960776756,311.62362678878833,318.4854736328125,72353970,0.0,0.0,BAJFINANCE.NS,144
2020-08-03 00:00:00+05:30,317.7703186121098,317.7703186121098,310.4235940916669,310.9623718261719,44639200,0.0,0.0,BAJFINANCE.NS,145
2020-08-04 00:00:00+05:30,313.6562215151206,319.3376774383645,307.862095469834,316.9475402832031,66791450,0.0,0.0,BAJFINANCE.NS,146
2020-08-05 00:00:00+05:30,318.94582640877,326.1945890761261,318.15728510220623,319.5482482910156,69853800,0.0,0.0,BAJFINANCE.NS,147
2020-08-06 00:00:00+05:30,322.47227822717906,330.9748812325341,318.8478817459318,327.68353271484375,81729060,0.0,0.0,BAJFINANCE.NS,148
2020-08-07 00:00:00+05:30,326.4884564534023,341.0300757516508,324.2354726793541,339.3501281738281,101512670,0.0,0.0,BAJFINANCE.NS,149
2020-08-10 00:00:00+05:30,342.25941004476726,348.41596895461106,334.3445517571264,337.2587585449219,71292450,0.0,0.0,BAJFINANCE.NS,150
2020-08-11 00:00:00+05:30,339.15423122540614,342.3132991307372,333.5119367335271,338.6742248535156,55718180,0.0,0.0,BAJFINANCE.NS,151
2020-08-12 00:00:00+05:30,335.5004266613052,337.9493348851103,329.3291898948759,334.8392333984375,56625270,0.0,0.0,BAJFINANCE.NS,152
2020-08-13 00:00:00+05:30,337.9493577667913,340.1044091072125,333.14950330192727,334.97637939453125,46633590,0.0,0.0,BAJFINANCE.NS,153
2020-08-14 00:00:00+05:30,335.50045197826034,337.8318175662722,323.8632344375668,326.3023376464844,55313350,0.0,0.0,BAJFINANCE.NS,154
2020-08-17 00:00:00+05:30,328.1537307620838,333.0025814279201,324.4705629044966,331.5626220703125,46705720,0.0,0.0,BAJFINANCE.NS,155
2020-08-18 00:00:00+05:30,332.95357071467384,336.7689890265907,329.77979508364405,335.0008544921875,47062980,0.0,0.0,BAJFINANCE.NS,156
2020-08-19 00:00:00+05:30,337.6555137132872,339.41871586411116,333.14951612418946,334.0262145996094,41988490,0.0,0.0,BAJFINANCE.NS,157
2020-08-20 00:00:00+05:30,330.89648703657707,334.47191717232727,328.45248126604776,332.4442138671875,36774590,0.0,0.0,BAJFINANCE.NS,158
2020-08-21 00:00:00+05:30,335.99024820507873,336.9698116109244,331.09243117585015,332.00341796875,26273800,0.0,0.0,BAJFINANCE.NS,159
2020-08-24 00:00:00+05:30,333.3454096190201,344.3165315432507,333.15441747735895,342.06842041015625,62055750,0.0,0.0,BAJFINANCE.NS,160
2020-08-25 00:00:00+05:30,345.2960931318487,358.5201988262599,343.8267480546919,356.84515380859375,98540590,0.0,0.0,BAJFINANCE.NS,161
2020-08-26 00:00:00+05:30,359.0099636790963,363.12414165971853,355.6794543058739,357.1047058105469,66650850,0.0,0.0,BAJFINANCE.NS,162
2020-08-27 00:00:00+05:30,358.2213943309913,359.34298350436376,352.29014595313396,355.82635498046875,46110620,0.0,0.0,BAJFINANCE.NS,163
2020-08-28 00:00:00+05:30,357.54061590673535,361.2629446079302,354.312941576946,359.5780944824219,42513280,0.0,0.0,BAJFINANCE.NS,164
2020-08-31 00:00:00+05:30,363.90774732446204,367.3215109011669,339.41866607786295,341.6520690917969,85297660,0.0,0.0,BAJFINANCE.NS,165
2020-09-01 00:00:00+05:30,344.5124431645586,359.8915698683938,342.8667540123596,356.9382019042969,60651820,0.0,0.0,BAJFINANCE.NS,166
2020-09-02 00:00:00+05:30,356.82549432860526,360.4792760130407,350.04203077966906,359.3674621582031,42810110,0.0,0.0,BAJFINANCE.NS,167
2020-09-03 00:00:00+05:30,359.30381802082366,360.1609359358484,353.1325809902055,354.5725402832031,32213660,0.0,0.0,BAJFINANCE.NS,168
2020-09-04 00:00:00+05:30,346.9123614634566,357.52104949981856,344.8797854073011,352.329345703125,49146490,0.0,0.0,BAJFINANCE.NS,169
2020-09-07 00:00:00+05:30,353.3285355551274,355.48355713060886,340.6529825804366,343.3516845703125,46651680,0.0,0.0,BAJFINANCE.NS,170
2020-09-08 00:00:00+05:30,344.8063253348214,350.1841189678865,340.3982899257115,342.8471984863281,44487030,0.0,0.0,BAJFINANCE.NS,171
2020-09-09 00:00:00+05:30,340.594200043415,342.2055710457783,332.3119749040208,335.28985595703125,45632470,0.0,0.0,BAJFINANCE.NS,172
2020-09-10 00:00:00+05:30,338.58611995823856,345.14430480715276,334.8147944803759,342.7198791503906,47622820,0.0,0.0,BAJFINANCE.NS,173
2020-09-11 00:00:00+05:30,341.86761455069575,348.4992477731554,338.60568169698143,347.1964416503906,46083840,0.0,0.0,BAJFINANCE.NS,174
2020-09-14 00:00:00+05:30,348.4307184039571,350.1988231921298,335.01068767126054,337.03839111328125,45315090,0.0,0.0,BAJFINANCE.NS,175
2020-09-15 00:00:00+05:30,340.39827029415926,345.2177352168206,338.4391435586533,344.1597900390625,38936370,0.0,0.0,BAJFINANCE.NS,176
2020-09-16 00:00:00+05:30,344.6054907068418,349.4494085963613,341.04967107846954,344.9532165527344,39077180,0.0,0.0,BAJFINANCE.NS,177
2020-09-17 00:00:00+05:30,341.7500490745814,344.5124247566333,338.55666314878096,340.0994873046875,27811560,0.0,0.0,BAJFINANCE.NS,178
2020-09-18 00:00:00+05:30,342.0047714182508,343.2194204383447,335.89227562464833,340.3786926269531,37690870,0.0,0.0,BAJFINANCE.NS,179
2020-09-21 00:00:00+05:30,339.20324476043464,339.614674580328,324.6518183272667,326.2093505859375,36274190,0.0,0.0,BAJFINANCE.NS,180
2020-09-22 00:00:00+05:30,326.09658343458653,328.5259109333828,315.1303662315664,323.5497131347656,42249680,0.0,0.0,BAJFINANCE.NS,181
2020-09-23 00:00:00+05:30,326.1945738856806,327.5659565058196,313.47983168533,317.7556457519531,42443280,0.0,0.0,BAJFINANCE.NS,182
2020-09-24 00:00:00+05:30,312.57863221932115,312.9459684300394,294.54486959385736,296.6999206542969,59637770,0.0,0.0,BAJFINANCE.NS,183
2020-09-25 00:00:00+05:30,301.7054961003668,310.2423866641206,296.6901367923717,307.4800109863281,62325930,0.0,0.0,BAJFINANCE.NS,184
2020-09-28 00:00:00+05:30,311.3052317786108,328.15373395726084,309.811403595347,326.6990966796875,55886950,0.0,0.0,BAJFINANCE.NS,185
2020-09-29 00:00:00+05:30,328.93738949073946,330.3088022147594,318.7989318543737,322.7416687011719,46434460,0.0,0.0,BAJFINANCE.NS,186
2020-09-30 00:00:00+05:30,322.6583981302073,327.5513124612628,319.33766390190885,321.1596374511719,36035360,0.0,0.0,BAJFINANCE.NS,187
2020-10-01 00:00:00+05:30,325.704824158278,338.9289298007945,324.7301633772798,337.24407958984375,53821060,0.0,0.0,BAJFINANCE.NS,188
2020-10-05 00:00:00+05:30,339.41870212655977,344.7083382588428,330.13733336957125,331.3764953613281,42071900,0.0,0.0,BAJFINANCE.NS,189
2020-10-06 00:00:00+05:30,336.960011356978,340.8880702381272,332.1895422835091,340.3297119140625,47587570,0.0,0.0,BAJFINANCE.NS,190
2020-10-07 00:00:00+05:30,333.05152337334243,333.05152337334243,321.81593108025635,326.3072204589844,65710800,0.0,0.0,BAJFINANCE.NS,191
2020-10-08 00:00:00+05:30,328.54553402535385,331.87604335967467,323.45182265930436,325.8468322753906,44618100,0.0,0.0,BAJFINANCE.NS,192
2020-10-09 00:00:00+05:30,325.694984218499,334.8588094314272,323.74566286442496,325.0093078613281,56840990,0.0,0.0,BAJFINANCE.NS,193
2020-10-12 00:00:00+05:30,328.1537218429895,331.0336404799296,323.7456867734568,325.9203186035156,32046520,0.0,0.0,BAJFINANCE.NS,194
2020-10-13 00:00:00+05:30,325.21014831168503,327.1741777244626,317.7360747381287,320.5719299316406,37776570,0.0,0.0,BAJFINANCE.NS,195
2020-10-14 00:00:00+05:30,320.12130379397354,331.322608763596,316.66344622411486,330.31365966796875,53044470,0.0,0.0,BAJFINANCE.NS,196
2020-10-15 00:00:00+05:30,329.9365530015006,330.11286723973296,313.5582516863132,314.9051513671875,52680190,0.0,0.0,BAJFINANCE.NS,197
2020-10-16 00:00:00+05:30,317.0210011679656,320.26335353475326,310.53139383451065,316.5312194824219,50762360,0.0,0.0,BAJFINANCE.NS,198
2020-10-19 00:00:00+05:30,318.85767495171524,322.7367374392376,313.12722338752707,320.0429382324219,42066370,0.0,0.0,BAJFINANCE.NS,199
2020-10-20 00:00:00+05:30,318.8478640969341,322.22736954492257,316.0854883302217,319.5482482910156,32520900,0.0,0.0,BAJFINANCE.NS,200
2020-10-21 00:00:00+05:30,320.31720524556647,322.76611354255095,303.7968794401574,316.6781311035156,75364600,0.0,0.0,BAJFINANCE.NS,201
2020-10-22 00:00:00+05:30,309.54199427481797,327.6639148257171,308.56243100179637,324.6713562011719,70857690,0.0,0.0,BAJFINANCE.NS,202
2020-10-23 00:00:00+05:30,326.331755798787,328.81982523778294,323.5497695182171,324.911376953125,32047770,0.0,0.0,BAJFINANCE.NS,203
2020-10-26 00:00:00+05:30,326.1945955751691,326.1945955751691,317.0503800725058,322.65838623046875,35462450,0.0,0.0,BAJFINANCE.NS,204
2020-10-27 00:00:00+05:30,325.8027809241876,339.4187057083091,321.1008588395065,338.2677307128906,60209460,0.0,0.0,BAJFINANCE.NS,205
2020-10-28 00:00:00+05:30,337.8464824077283,341.8577954216586,327.9480141350255,330.1911926269531,46491050,0.0,0.0,BAJFINANCE.NS,206
2020-10-29 00:00:00+05:30,329.8973190466331,336.18612843474915,326.56190728608124,331.0972900390625,37803490,0.0,0.0,BAJFINANCE.NS,207
2020-10-30 00:00:00+05:30,329.61817044192185,332.1699437751197,318.6372734666025,324.13751220703125,42876230,0.0,0.0,BAJFINANCE.NS,208
2020-11-02 00:00:00+05:30,325.75868625588544,337.69466341497304,320.7727123369942,334.9910888671875,42885510,0.0,0.0,BAJFINANCE.NS,209
2020-11-03 00:00:00+05:30,335.9901915024435,344.8062606672306,334.6041011467995,341.9459228515625,44460450,0.0,0.0,BAJFINANCE.NS,210
2020-11-04 00:00:00+05:30,339.8104890710307,349.6991813810208,339.1248127250553,348.8665466308594,43711430,0.0,0.0,BAJFINANCE.NS,211
2020-11-05 00:00:00+05:30,353.62234846437025,367.3362345544012,351.43303885549767,366.0530090332031,63321410,0.0,0.0,BAJFINANCE.NS,212
2020-11-06 00:00:00+05:30,365.7787780104109,374.9083162034626,362.84008776839966,370.34844970703125,57440500,0.0,0.0,BAJFINANCE.NS,213
2020-11-09 00:00:00+05:30,373.2136585783373,379.94325441062296,370.867614977163,378.60125732421875,41498980,0.0,0.0,BAJFINANCE.NS,214
2020-11-10 00:00:00+05:30,381.9268471122351,415.7217831761866,380.344861845145,412.254150390625,114214480,0.0,0.0,BAJFINANCE.NS,215
2020-11-11 00:00:00+05:30,412.49416102048633,433.9025003743453,404.946608149299,418.1560363769531,138966540,0.0,0.0,BAJFINANCE.NS,216
2020-11-12 00:00:00+05:30,417.2940007322856,423.66116271528995,411.4215230402159,421.04571533203125,55900380,0.0,0.0,BAJFINANCE.NS,217
2020-11-13 00:00:00+05:30,417.29396145916706,431.98741080632084,416.3143981693568,428.66180419921875,60884590,0.0,0.0,BAJFINANCE.NS,218
2020-11-14 00:00:00+05:30,431.00788714886176,434.43635897845496,425.1305068695591,428.5393981933594,7894790,0.0,0.0,BAJFINANCE.NS,219
2020-11-17 00:00:00+05:30,430.8805575754458,441.1904566113806,425.6203067832663,439.6280517578125,58515230,0.0,0.0,BAJFINANCE.NS,220
2020-11-18 00:00:00+05:30,438.3546230122507,458.23974814329006,437.27709728975293,455.86431884765625,75130190,0.0,0.0,BAJFINANCE.NS,221
2020-11-19 00:00:00+05:30,453.4300717112614,468.72104052325113,442.0328431138906,444.3837890625,83510050,0.0,0.0,BAJFINANCE.NS,222
2020-11-20 00:00:00+05:30,447.85145663058296,466.4827401057108,442.2973194855003,461.9473571777344,87364100,0.0,0.0,BAJFINANCE.NS,223
2020-11-23 00:00:00+05:30,467.1537397052512,476.97875857494046,463.68120448850686,471.3119812011719,73250390,0.0,0.0,BAJFINANCE.NS,224
2020-11-24 00:00:00+05:30,473.61884625773735,476.2636790734063,467.25168493265915,471.2336120605469,42973850,0.0,0.0,BAJFINANCE.NS,225
2020-11-25 00:00:00+05:30,472.34544751118403,472.63930455127235,457.9458546688494,459.3907165527344,47633210,0.0,0.0,BAJFINANCE.NS,226
2020-11-26 00:00:00+05:30,455.9867616850754,475.4800673229072,454.51741658834584,472.2720031738281,62732080,0.0,0.0,BAJFINANCE.NS,227
2020-11-27 00:00:00+05:30,475.9698168255496,485.86341245307165,468.73576194984156,480.8480529785156,123647070,0.0,0.0,BAJFINANCE.NS,228
2020-12-01 00:00:00+05:30,485.0014126700351,485.11895549182253,472.6638107859181,476.175537109375,40174270,0.0,0.0,BAJFINANCE.NS,229
2020-12-02 00:00:00+05:30,476.459583685416,478.41871028765365,468.72103958535723,472.53155517578125,36549700,0.0,0.0,BAJFINANCE.NS,230
2020-12-03 00:00:00+05:30,476.5575581548447,479.00646647013167,471.85566614705385,476.79754638671875,28768440,0.0,0.0,BAJFINANCE.NS,231
2020-12-04 00:00:00+05:30,477.0473716486828,485.6675175361084,471.6597729955663,477.5714416503906,36793780,0.0,0.0,BAJFINANCE.NS,232
2020-12-07 00:00:00+05:30,477.0473480111585,482.4300437975826,471.65974962499547,473.0752258300781,31151240,0.0,0.0,BAJFINANCE.NS,233
2020-12-08 00:00:00+05:30,475.0882253278165,476.5575703546035,467.74150019388117,469.42144775390625,29710760,0.0,0.0,BAJFINANCE.NS,234
2020-12-09 00:00:00+05:30,472.1495438475312,475.3674131018931,469.3283965618495,474.51519775390625,19659920,0.0,0.0,BAJFINANCE.NS,235
2020-12-10 00:00:00+05:30,475.08823989356654,476.0678032747904,468.72107791561154,469.6810607910156,19259630,0.0,0.0,BAJFINANCE.NS,236
2020-12-11 00:00:00+05:30,470.68016582066605,478.9084915648697,470.68016582066605,474.48577880859375,26700190,0.0,0.0,BAJFINANCE.NS,237
2020-12-14 00:00:00+05:30,475.82286640780626,481.42596960222954,474.8922693280903,479.853759765625,17863480,0.0,0.0,BAJFINANCE.NS,238
2020-12-15 00:00:00+05:30,479.00159036110324,504.4751408485275,476.93472597776764,501.7813415527344,59367960,0.0,0.0,BAJFINANCE.NS,239
2020-12-16 00:00:00+05:30,509.2750216233085,511.8218624784146,501.53644706018804,504.1420593261719,32691840,0.0,0.0,BAJFINANCE.NS,240
2020-12-17 00:00:00+05:30,503.48089706076144,519.4771846717476,499.73408486365105,517.8657836914062,37331520,0.0,0.0,BAJFINANCE.NS,241
2020-12-18 00:00:00+05:30,514.2707951803085,517.6943645480557,505.9445061154844,514.5156860351562,32550430,0.0,0.0,BAJFINANCE.NS,242
2020-12-21 00:00:00+05:30,512.1157274583896,512.7720181879816,480.4954224790369,493.88116455078125,35515700,0.0,0.0,BAJFINANCE.NS,243
2020-12-22 00:00:00+05:30,496.63863404459414,502.02623263876626,472.77158183846024,490.8984069824219,54735210,0.0,0.0,BAJFINANCE.NS,244
2020-12-23 00:00:00+05:30,489.78165800595707,506.04238513663483,486.87725636124975,498.489990234375,34314570,0.0,0.0,BAJFINANCE.NS,245
2020-12-24 00:00:00+05:30,503.3926733762682,511.2291793433498,500.1649993277614,507.89373779296875,26255590,0.0,0.0,BAJFINANCE.NS,246
2020-12-28 00:00:00+05:30,507.8937912433674,513.761366137672,506.9240330939317,509.7745361328125,19326060,0.0,0.0,BAJFINANCE.NS,247
2020-12-29 00:00:00+05:30,511.821786347255,513.9768374052235,506.18929778936655,509.4218444824219,19695290,0.0,0.0,BAJFINANCE.NS,248
2020-12-30 00:00:00+05:30,509.4219385586657,523.8704988319363,506.82613139920227,522.5137939453125,38647000,0.0,0.0,BAJFINANCE.NS,249
2020-12-31 00:00:00+05:30,522.59706845223,526.2704311639374,516.4258310541226,518.6984252929688,28692120,0.0,0.0,BAJFINANCE.NS,250
2021-01-01 00:00:00+05:30,520.1677135414571,522.8908683778653,514.2707234471676,517.22412109375,14471870,0.0,0.0,BAJFINANCE.NS,251
2021-01-04 00:00:00+05:30,521.5195295165423,521.5195295165423,509.0006817320233,510.9598083496094,23336590,0.0,0.0,BAJFINANCE.NS,252
2021-01-05 00:00:00+05:30,511.13614781981795,511.7434723182464,495.903949573204,501.4384765625,39534000,0.0,0.0,BAJFINANCE.NS,253
2021-01-06 00:00:00+05:30,502.515972633371,506.27261941048545,488.8314721438758,492.7497253417969,36079230,0.0,0.0,BAJFINANCE.NS,254
2021-01-07 00:00:00+05:30,496.1488182081527,502.6678407565933,491.86813131186847,497.71612548828125,30357500,0.0,0.0,BAJFINANCE.NS,255
2021-01-08 00:00:00+05:30,502.5159788521956,503.373096749848,493.89583366765163,497.8140869140625,29984510,0.0,0.0,BAJFINANCE.NS,256
2021-01-11 00:00:00+05:30,500.3609265211318,500.6499108507422,485.6919898768969,488.23883056640625,29241640,0.0,0.0,BAJFINANCE.NS,257
2021-01-12 00:00:00+05:30,488.2388228316561,499.47931760856255,484.9817928155974,493.9154052734375,33359080,0.0,0.0,BAJFINANCE.NS,258
2021-01-13 00:00:00+05:30,496.2468180593069,497.0304568117034,472.7617798664905,480.2701416015625,32693730,0.0,0.0,BAJFINANCE.NS,259
2021-01-14 00:00:00+05:30,480.2701104789011,486.5295045742329,473.52090482768466,477.7673034667969,26808110,0.0,0.0,BAJFINANCE.NS,260
2021-01-15 00:00:00+05:30,477.73309208589063,482.63090918788293,474.3437811277016,478.37957763671875,25449160,0.0,0.0,BAJFINANCE.NS,261
2021-01-18 00:00:00+05:30,477.04736123177,478.0269246018558,459.0234012009722,462.3392028808594,37034130,0.0,0.0,BAJFINANCE.NS,262
2021-01-19 00:00:00+05:30,466.77172637124784,489.286974893401,465.48850081578115,485.7801513671875,47674650,0.0,0.0,BAJFINANCE.NS,263
2021-01-20 00:00:00+05:30,486.64703985680853,492.97504035529727,480.0839836241543,488.0135498046875,33147070,0.0,0.0,BAJFINANCE.NS,264
2021-01-21 00:00:00+05:30,489.0959758063111,511.8218578141858,488.80211875460043,501.3699035644531,70618090,0.0,0.0,BAJFINANCE.NS,265
2021-01-22 00:00:00+05:30,503.00574359895256,503.2016682122469,484.4528127093605,487.0927429199219,30847960,0.0,0.0,BAJFINANCE.NS,266
2021-01-25 00:00:00+05:30,494.581529440809,505.7485456521324,479.00647815444466,480.8382568359375,36730600,0.0,0.0,BAJFINANCE.NS,267
2021-01-27 00:00:00+05:30,482.072522954998,484.45285475422446,471.26794024927096,474.59844970703125,28004930,0.0,0.0,BAJFINANCE.NS,268
2021-01-28 00:00:00+05:30,468.1871913261012,480.86764616199906,462.6575669354618,471.1944580078125,34773290,0.0,0.0,BAJFINANCE.NS,269
2021-01-29 00:00:00+05:30,478.6832896895536,484.8839132450051,461.090308404568,463.7792053222656,42607950,0.0,0.0,BAJFINANCE.NS,270
2021-02-01 00:00:00+05:30,467.74153762483394,497.6182222270485,457.11326843510153,495.5219421386719,42907450,0.0,0.0,BAJFINANCE.NS,271
2021-02-02 00:00:00+05:30,499.5773304871026,522.8860246856165,499.0777435905667,506.74774169921875,43479930,0.0,0.0,BAJFINANCE.NS,272
2021-02-03 00:00:00+05:30,511.1949047462702,516.2298746086028,503.4955513260376,513.790771484375,26507830,0.0,0.0,BAJFINANCE.NS,273
2021-02-04 00:00:00+05:30,510.74436212629996,542.9719609431996,509.96556620436394,539.2349243164062,53258880,0.0,0.0,BAJFINANCE.NS,274
2021-02-05 00:00:00+05:30,541.306775815104,551.2004032138053,535.821244032637,542.5361328125,44379870,0.0,0.0,BAJFINANCE.NS,275
2021-02-08 00:00:00+05:30,542.8740657611316,554.922684012491,536.340394412815,538.5346069335938,28008090,0.0,0.0,BAJFINANCE.NS,276
2021-02-09 00:00:00+05:30,542.4332335124955,542.5801919378241,527.2598059912151,528.99365234375,22639040,0.0,0.0,BAJFINANCE.NS,277
2021-02-10 00:00:00+05:30,532.3633135480115,538.990074562578,528.4744753929433,536.399169921875,26380120,0.0,0.0,BAJFINANCE.NS,278
2021-02-11 00:00:00+05:30,535.8211409754683,547.379976300377,534.425275189171,545.3278198242188,20289470,0.0,0.0,BAJFINANCE.NS,279
2021-02-12 00:00:00+05:30,545.6167877021182,550.3186798396569,541.8993615175152,546.3465576171875,16252680,0.0,0.0,BAJFINANCE.NS,280
2021-02-15 00:00:00+05:30,549.0795200589034,568.0488146906741,548.5554799694943,566.1729125976562,31688260,0.0,0.0,BAJFINANCE.NS,281
2021-02-16 00:00:00+05:30,567.3043822928527,570.3213946264838,557.401010310622,564.2530517578125,21268100,0.0,0.0,BAJFINANCE.NS,282
2021-02-17 00:00:00+05:30,561.2897913604736,568.0488022919768,555.4124113462278,558.8555908203125,23463950,0.0,0.0,BAJFINANCE.NS,283
2021-02-18 00:00:00+05:30,558.2532347074958,559.7959993127606,540.9345002784513,544.9654541015625,23175130,0.0,0.0,BAJFINANCE.NS,284
2021-02-19 00:00:00+05:30,544.6371666640208,550.7055681685629,531.4130627971786,538.5589599609375,27444560,0.0,0.0,BAJFINANCE.NS,285
2021-02-22 00:00:00+05:30,536.8006696459737,542.5507012330629,522.5724892954393,526.6964721679688,20005630,0.0,0.0,BAJFINANCE.NS,286
2021-02-23 00:00:00+05:30,530.9233737090243,539.2154043670371,524.0664297681328,527.3675537109375,21902450,0.0,0.0,BAJFINANCE.NS,287
2021-02-24 00:00:00+05:30,533.2743617957289,546.4886630636424,527.2989889262188,544.9213256835938,19087950,0.0,0.0,BAJFINANCE.NS,288
2021-02-25 00:00:00+05:30,548.6534434649889,550.5097352639057,539.8716909524757,541.6936645507812,15845950,0.0,0.0,BAJFINANCE.NS,289
2021-02-26 00:00:00+05:30,531.9029486627193,534.253924837125,511.430048823009,515.7303466796875,37133260,0.0,0.0,BAJFINANCE.NS,290
2021-03-01 00:00:00+05:30,520.6379456202106,526.0157391048767,508.8831848536207,515.9164428710938,20318810,0.0,0.0,BAJFINANCE.NS,291
2021-03-02 00:00:00+05:30,519.1686266234653,529.9438245345184,515.4512000847383,520.7653198242188,22086340,0.0,0.0,BAJFINANCE.NS,292
2021-03-03 00:00:00+05:30,525.4524039178435,545.9449103380707,523.0965853702081,542.9620971679688,22524130,0.0,0.0,BAJFINANCE.NS,293
2021-03-04 00:00:00+05:30,531.9028769042263,545.3376139967542,529.0621193923805,537.378662109375,22346980,0.0,0.0,BAJFINANCE.NS,294
2021-03-05 00:00:00+05:30,532.8823893130352,540.6943820427182,529.1698662493314,533.3623657226562,20757600,0.0,0.0,BAJFINANCE.NS,295
2021-03-08 00:00:00+05:30,535.7232509084538,538.1672568245488,520.246101256131,521.19140625,17210420,0.0,0.0,BAJFINANCE.NS,296
2021-03-09 00:00:00+05:30,526.1234711454158,533.3722641229988,522.5970668679887,530.4384765625,18114960,0.0,0.0,BAJFINANCE.NS,297
2021-03-10 00:00:00+05:30,532.8825923141527,544.7352878236607,532.8825923141527,543.1729125976562,21912500,0.0,0.0,BAJFINANCE.NS,298
2021-03-12 00:00:00+05:30,548.5555219146624,555.4124659385958,540.8169468868149,544.4266357421875,25080130,0.0,0.0,BAJFINANCE.NS,299
2021-03-15 00:00:00+05:30,545.7196170068006,547.1498010110238,524.1202572537092,532.7894287109375,20870080,0.0,0.0,BAJFINANCE.NS,300
2021-03-16 00:00:00+05:30,537.6284050286546,539.44553565432,530.9233227594767,534.44482421875,15613050,0.0,0.0,BAJFINANCE.NS,301
2021-03-17 00:00:00+05:30,534.8416114976309,534.8807725096622,523.5227636889164,525.0263671875,11347580,0.0,0.0,BAJFINANCE.NS,302
2021-03-18 00:00:00+05:30,531.2171213346969,543.1678045556995,519.6582873161381,526.2066650390625,23390580,0.0,0.0,BAJFINANCE.NS,303
2021-03-19 00:00:00+05:30,520.7358169642482,536.7027462962429,508.39824612161686,534.1803588867188,32203100,0.0,0.0,BAJFINANCE.NS,304
2021-03-22 00:00:00+05:30,533.5192518778964,538.4660352957355,522.793020244961,527.9210205078125,19384610,0.0,0.0,BAJFINANCE.NS,305
2021-03-23 00:00:00+05:30,529.9438676961896,533.3723400380318,524.0664865387457,526.8876342773438,18490380,0.0,0.0,BAJFINANCE.NS,306
2021-03-24 00:00:00+05:30,526.4174062699032,526.4174062699032,515.2503593573028,516.2593383789062,17376430,0.0,0.0,BAJFINANCE.NS,307
2021-03-25 00:00:00+05:30,517.2094298857083,519.1685565140633,499.8858550659916,501.75189208984375,23432710,0.0,0.0,BAJFINANCE.NS,308
2021-03-26 00:00:00+05:30,506.4342319848223,514.0748138560468,503.00576039498304,507.7125549316406,23474600,0.0,0.0,BAJFINANCE.NS,309
2021-03-30 00:00:00+05:30,512.7867516818587,515.2503680760108,504.4751702645353,508.74114990234375,18452800,0.0,0.0,BAJFINANCE.NS,310
2021-03-31 00:00:00+05:30,507.90362895990455,511.2145580744323,501.8254212497987,504.46044921875,18459750,0.0,0.0,BAJFINANCE.NS,311
2021-04-01 00:00:00+05:30,510.3525388315273,518.0420877183769,505.6457438005256,516.4405517578125,21482340,0.0,0.0,BAJFINANCE.NS,312
2021-04-05 00:00:00+05:30,515.1524161365681,515.1524161365681,482.00396436354526,486.10833740234375,37396800,0.0,0.0,BAJFINANCE.NS,313
2021-04-06 00:00:00+05:30,494.67949177912146,495.60518631946223,485.13855431560813,489.10577392578125,20709060,0.0,0.0,BAJFINANCE.NS,314
2021-04-07 00:00:00+05:30,487.82255456495096,500.4589159634555,483.9043011146301,497.3341064453125,24027820,0.0,0.0,BAJFINANCE.NS,315
2021-04-08 00:00:00+05:30,499.5772962087819,501.04664119763123,491.2510079386355,492.67138671875,14078790,0.0,0.0,BAJFINANCE.NS,316
2021-04-09 00:00:00+05:30,489.78165679572766,490.76122010931914,474.5984254350601,477.27264404296875,29026460,0.0,0.0,BAJFINANCE.NS,317
2021-04-12 00:00:00+05:30,464.31300562285185,464.31300562285185,431.00785332079073,441.8810119628906,45000460,0.0,0.0,BAJFINANCE.NS,318
2021-04-13 00:00:00+05:30,444.24176467189767,467.73167362835176,442.17977315002713,463.21099853515625,31750190,0.0,0.0,BAJFINANCE.NS,319
2021-04-15 00:00:00+05:30,461.18823216694886,465.29260511728506,447.27842022482923,456.50592041015625,28971850,0.0,0.0,BAJFINANCE.NS,320
2021-04-16 00:00:00+05:30,456.57448339186584,459.4152111279493,449.61957762841945,452.2252197265625,21426480,0.0,0.0,BAJFINANCE.NS,321
2021-04-19 00:00:00+05:30,435.9056767288066,441.19531266988173,427.28553148363966,438.80517578125,34265070,0.0,0.0,BAJFINANCE.NS,322
2021-04-20 00:00:00+05:30,446.97475787322645,460.2968258062008,446.2106996333743,451.9362487792969,33945970,0.0,0.0,BAJFINANCE.NS,323
2021-04-22 00:00:00+05:30,445.7013627761435,461.7661971259974,441.36680653527765,459.28790283203125,25635390,0.0,0.0,BAJFINANCE.NS,324
2021-04-23 00:00:00+05:30,452.66596595081796,466.25253354456356,451.6276312816346,457.24053955078125,27295250,0.0,0.0,BAJFINANCE.NS,325
2021-04-26 00:00:00+05:30,459.41517082286157,473.03109421388524,459.41517082286157,463.97503662109375,29039890,0.0,0.0,BAJFINANCE.NS,326
2021-04-27 00:00:00+05:30,464.9987313803907,478.9917674435813,464.9546378765919,476.5624694824219,26449970,0.0,0.0,BAJFINANCE.NS,327
2021-04-28 00:00:00+05:30,481.45536010555435,520.1481103073232,481.45536010555435,517.297607421875,85764540,0.0,0.0,BAJFINANCE.NS,328
2021-04-29 00:00:00+05:30,524.0664197522071,541.208779276812,522.1072929493952,537.2758178710938,72584860,0.0,0.0,BAJFINANCE.NS,329
2021-04-30 00:00:00+05:30,524.0664035941993,541.1745041789126,521.8819964085112,534.0481567382812,41248880,0.0,0.0,BAJFINANCE.NS,330
2021-05-03 00:00:00+05:30,520.765234260658,546.5963133166297,518.3114234474224,543.770263671875,40335910,0.0,0.0,BAJFINANCE.NS,331
2021-05-04 00:00:00+05:30,549.5350667248497,563.2440517079826,544.6372497308671,550.0983276367188,48383470,0.0,0.0,BAJFINANCE.NS,332
2021-05-05 00:00:00+05:30,556.685903935516,558.3511737797894,534.0971728755161,540.2439575195312,43786930,0.0,0.0,BAJFINANCE.NS,333
2021-05-06 00:00:00+05:30,545.4208038036593,550.5047394455315,536.1492711548323,541.5809326171875,22231110,0.0,0.0,BAJFINANCE.NS,334
2021-05-07 00:00:00+05:30,547.5759837583248,549.8436755995699,534.6457339016397,538.152587890625,18510330,0.0,0.0,BAJFINANCE.NS,335
2021-05-10 00:00:00+05:30,546.1065077076938,546.1065077076938,533.3721855548687,538.514892578125,19973390,0.0,0.0,BAJFINANCE.NS,336
2021-05-11 00:00:00+05:30,530.0661830708245,534.6554346736518,527.9846110883334,531.3836669921875,16172480,0.0,0.0,BAJFINANCE.NS,337
2021-05-12 00:00:00+05:30,530.2474037056019,532.8824313551013,522.0484637267834,524.8892211914062,15393360,0.0,0.0,BAJFINANCE.NS,338
2021-05-14 00:00:00+05:30,529.4540074737397,529.4540074737397,515.9360447723966,522.1415405273438,15257620,0.0,0.0,BAJFINANCE.NS,339
2021-05-17 00:00:00+05:30,524.0664074987108,537.7802947977424,520.6428382738696,531.9127197265625,24115830,0.0,0.0,BAJFINANCE.NS,340
2021-05-18 00:00:00+05:30,538.8577591978805,558.8408748699633,538.8577591978805,557.2490844726562,31478830,0.0,0.0,BAJFINANCE.NS,341
2021-05-19 00:00:00+05:30,555.8972838792772,560.5942732781933,548.0656798853868,551.6116943359375,22509060,0.0,0.0,BAJFINANCE.NS,342
2021-05-20 00:00:00+05:30,551.2982041067297,554.2368939578187,543.1678408096099,547.4534301757812,14888270,0.0,0.0,BAJFINANCE.NS,343
2021-05-21 00:00:00+05:30,554.4328055125691,557.8612769247493,547.213429064802,551.66552734375,18569660,0.0,0.0,BAJFINANCE.NS,344
2021-05-24 00:00:00+05:30,551.8860260909878,557.1756324116848,547.5759233516319,548.8395385742188,12150600,0.0,0.0,BAJFINANCE.NS,345
2021-05-25 00:00:00+05:30,552.473701431173,554.3152852189675,546.7922462463555,550.38232421875,13155460,0.0,0.0,BAJFINANCE.NS,346
2021-05-26 00:00:00+05:30,552.473774918428,567.6373976936653,547.1939136778467,565.3207397460938,29167460,0.0,0.0,BAJFINANCE.NS,347
2021-05-27 00:00:00+05:30,566.1826769142481,566.3982119269015,553.5511892045935,556.607421875,21525900,0.0,0.0,BAJFINANCE.NS,348
2021-05-28 00:00:00+05:30,560.7020874434626,563.2489282473732,547.7816444196325,549.6085205078125,15263750,0.0,0.0,BAJFINANCE.NS,349
2021-05-31 00:00:00+05:30,550.514598843727,554.8932182894104,544.6372187848972,551.2933349609375,17958110,0.0,0.0,BAJFINANCE.NS,350
2021-06-01 00:00:00+05:30,552.8655672428237,569.9099333083112,551.0435340107047,566.6577758789062,28534510,0.0,0.0,BAJFINANCE.NS,351
2021-06-02 00:00:00+05:30,563.8856899865663,572.5548020824446,562.5191799239212,568.9940795898438,20131950,0.0,0.0,BAJFINANCE.NS,352
2021-06-03 00:00:00+05:30,572.0649563378619,579.4116809483652,566.2022844477517,578.0892944335938,22303780,0.0,0.0,BAJFINANCE.NS,353
2021-06-04 00:00:00+05:30,579.4117888710697,588.7176417777057,577.9424436752852,587.096435546875,24453670,0.0,0.0,BAJFINANCE.NS,354
2021-06-07 00:00:00+05:30,568.1467148975534,572.442109540887,556.6319435048385,561.2652587890625,28358050,0.0,0.0,BAJFINANCE.NS,355
2021-06-08 00:00:00+05:30,563.3468217939512,569.8119753534322,560.324907321205,563.77783203125,17890070,0.0,0.0,BAJFINANCE.NS,356
2021-06-09 00:00:00+05:30,567.656998670876,567.656998670876,551.2297010785354,555.853271484375,15381120,0.0,0.0,BAJFINANCE.NS,357
2021-06-10 00:00:00+05:30,559.8205356460586,599.003075323823,556.0982063342332,596.2015380859375,52961200,0.0,0.0,BAJFINANCE.NS,358
2021-06-11 00:00:00+05:30,598.0576502819381,610.2679330663743,592.1656224985236,599.4927368164062,37027210,0.0,0.0,BAJFINANCE.NS,359
2021-06-14 00:00:00+05:30,594.5655522259224,612.1291761293168,585.3478871862036,606.7562255859375,26336010,0.0,0.0,BAJFINANCE.NS,360
2021-06-15 00:00:00+05:30,609.190427660631,611.2278762355272,602.4314171144714,603.5236206054688,15236610,0.0,0.0,BAJFINANCE.NS,361
2021-06-16 00:00:00+05:30,601.4518772556619,603.4991908969264,593.8896771387999,595.731201171875,14816580,0.0,0.0,BAJFINANCE.NS,362
2021-06-17 00:00:00+05:30,579.9015625362539,599.003049815742,579.9015625362539,592.660400390625,18718570,0.0,0.0,BAJFINANCE.NS,363
2021-06-18 00:00:00+05:30,596.5442859720246,602.2355467491625,584.3144516703923,596.26513671875,27096150,0.0,0.0,BAJFINANCE.NS,364
2021-06-21 00:00:00+05:30,587.7379807342062,600.9620853007259,586.4743655992354,599.1008911132812,12719620,0.0,0.0,BAJFINANCE.NS,365
2021-06-22 00:00:00+05:30,602.4315203250177,606.2518416861044,587.7380686097733,589.3837280273438,15406110,0.0,0.0,BAJFINANCE.NS,366
2021-06-23 00:00:00+05:30,592.7336845449113,599.0029131107384,587.8358684115447,589.2660522460938,12382150,0.0,0.0,BAJFINANCE.NS,367
2021-06-24 00:00:00+05:30,590.3828622255011,598.3173017037266,588.8155249417871,592.0089111328125,10824210,0.0,0.0,BAJFINANCE.NS,368
2021-06-25 00:00:00+05:30,593.3216238449818,598.2194413444652,590.6964008397961,595.1632080078125,9619940,0.0,0.0,BAJFINANCE.NS,369
2021-06-28 00:00:00+05:30,597.5336441244217,599.2674903878302,589.2073556407207,591.3673095703125,8284810,0.0,0.0,BAJFINANCE.NS,370
2021-06-29 00:00:00+05:30,591.6563225702614,601.221773988704,587.9437986260888,592.8709716796875,13100790,0.0,0.0,BAJFINANCE.NS,371
2021-06-30 00:00:00+05:30,592.63577540573,599.9824998942308,587.7379590800629,589.2905883789062,12257940,0.0,0.0,BAJFINANCE.NS,372
2021-07-01 00:00:00+05:30,591.6562339444093,591.6562339444093,581.8606009320847,584.5201416015625,11206010,0.0,0.0,BAJFINANCE.NS,373
2021-07-02 00:00:00+05:30,587.7380170014106,590.6767070864177,584.3095452355691,587.5176391601562,8112980,0.0,0.0,BAJFINANCE.NS,374
2021-07-05 00:00:00+05:30,590.5788097088379,597.1369341910881,588.3306686131904,594.8594970703125,8631790,0.0,0.0,BAJFINANCE.NS,375
2021-07-06 00:00:00+05:30,593.1256371769686,621.3175004547238,592.9297125399106,607.5643920898438,34913930,0.0,0.0,BAJFINANCE.NS,376
2021-07-07 00:00:00+05:30,609.2884186413538,615.753512994774,603.4501994085765,607.192138671875,19479250,0.0,0.0,BAJFINANCE.NS,377
2021-07-08 00:00:00+05:30,606.3483672812151,610.361281692137,596.5761293180999,600.2456665039062,11305600,1.0,0.0,BAJFINANCE.NS,378
2021-07-09 00:00:00+05:30,596.831226019797,605.4653006685446,594.6776029082972,602.0460205078125,14475440,0.0,0.0,BAJFINANCE.NS,379
2021-07-12 00:00:00+05:30,605.8577791225242,608.2027329151924,598.8523808750673,603.3607788085938,9787400,0.0,0.0,BAJFINANCE.NS,380
2021-07-13 00:00:00+05:30,606.8389695042399,610.7635545940007,602.4238112782592,603.8268432617188,10021270,0.0,0.0,BAJFINANCE.NS,381
2021-07-14 00:00:00+05:30,603.4049484854497,606.5446284869724,600.46150971235,601.8253173828125,7765740,0.0,0.0,BAJFINANCE.NS,382
2021-07-15 00:00:00+05:30,601.8252714862396,606.0735913413147,598.6954127674904,601.4131469726562,8709900,0.0,0.0,BAJFINANCE.NS,383
2021-07-16 00:00:00+05:30,600.952081006487,607.3295316620661,598.2244656738894,600.9962158203125,9631210,0.0,0.0,BAJFINANCE.NS,384
2021-07-19 00:00:00+05:30,597.3217387258389,600.7557501047146,582.3102152464921,590.1986083984375,12905320,0.0,0.0,BAJFINANCE.NS,385
2021-07-20 00:00:00+05:30,590.6499590606265,591.4299534515529,575.7365261905202,582.9822998046875,14018370,0.0,0.0,BAJFINANCE.NS,386
2021-07-22 00:00:00+05:30,581.8196934248165,612.6277078904516,580.9513694610494,607.8740234375,34885910,0.0,0.0,BAJFINANCE.NS,387
2021-07-23 00:00:00+05:30,607.2313714877837,610.763473646676,602.4237314362393,606.4366455078125,9537390,0.0,0.0,BAJFINANCE.NS,388
2021-07-26 00:00:00+05:30,603.4048816438236,608.1438343111972,601.4425893457949,604.6264038085938,7335020,0.0,0.0,BAJFINANCE.NS,389
2021-07-27 00:00:00+05:30,606.3483459893856,620.7712069728116,605.857772893925,611.3963623046875,20685280,0.0,0.0,BAJFINANCE.NS,390
2021-07-28 00:00:00+05:30,613.9913733366313,616.5522100737511,604.0916430941271,614.3936767578125,11491530,0.0,0.0,BAJFINANCE.NS,391
2021-07-29 00:00:00+05:30,617.1360801050557,630.8770381131886,614.5949448553929,627.9434204101562,14846640,0.0,0.0,BAJFINANCE.NS,392
2021-07-30 00:00:00+05:30,629.5868232879578,629.5868232879578,609.5076391158815,611.0676879882812,14068850,0.0,0.0,BAJFINANCE.NS,393
2021-08-02 00:00:00+05:30,615.1786581400208,616.54737623143,605.367196287708,608.3596801757812,10124350,0.0,0.0,BAJFINANCE.NS,394
2021-08-03 00:00:00+05:30,609.7823518666768,622.2429203499254,608.8992963494693,621.251953125,10917100,0.0,0.0,BAJFINANCE.NS,395
2021-08-04 00:00:00+05:30,622.3409956467182,635.5325129187677,619.5937983829472,623.925537109375,16320910,0.0,0.0,BAJFINANCE.NS,396
2021-08-05 00:00:00+05:30,623.420310629731,623.5674466270062,611.4503151818908,613.044677734375,8665670,0.0,0.0,BAJFINANCE.NS,397
2021-08-06 00:00:00+05:30,616.6504504901159,618.0731246041684,609.3899439052798,610.6948852539062,7297890,0.0,0.0,BAJFINANCE.NS,398
2021-08-09 00:00:00+05:30,610.7634979974587,615.1737452926474,602.0361835498089,607.6385498046875,8811790,0.0,0.0,BAJFINANCE.NS,399
2021-08-10 00:00:00+05:30,610.7634971073564,613.0642561551555,602.624906311127,605.3770141601562,7310090,0.0,0.0,BAJFINANCE.NS,400
2021-08-11 00:00:00+05:30,605.9656753968178,608.305718608121,594.2802507896108,605.1513671875,7919290,0.0,0.0,BAJFINANCE.NS,401
2021-08-12 00:00:00+05:30,606.4465011379876,613.6971866321181,603.5276148633968,608.2616577148438,7946020,0.0,0.0,BAJFINANCE.NS,402
2021-08-13 00:00:00+05:30,609.2918052458577,611.1412754600344,601.5407261206879,604.047607421875,6679320,0.0,0.0,BAJFINANCE.NS,403
2021-08-16 00:00:00+05:30,603.3067983327717,627.4429699388122,598.8769090437446,625.691650390625,14233350,0.0,0.0,BAJFINANCE.NS,404
2021-08-17 00:00:00+05:30,628.9097069135703,631.5489921808637,618.6125839196488,628.9244384765625,16027760,0.0,0.0,BAJFINANCE.NS,405
2021-08-18 00:00:00+05:30,631.2695293648178,651.4811184223473,628.5271824438362,642.0718994140625,21537300,0.0,0.0,BAJFINANCE.NS,406
2021-08-20 00:00:00+05:30,634.9929110397438,660.5763097362128,633.3936379708347,653.55126953125,21647320,0.0,0.0,BAJFINANCE.NS,407
2021-08-23 00:00:00+05:30,661.2925932702052,669.0927181795784,657.0736762395784,662.4895629882812,17383400,0.0,0.0,BAJFINANCE.NS,408
2021-08-24 00:00:00+05:30,664.7265950583568,691.610026694188,660.1102851102783,684.8499145507812,26229900,0.0,0.0,BAJFINANCE.NS,409
2021-08-25 00:00:00+05:30,687.2929107484696,692.1005510657851,679.0512587429032,681.401123046875,15096670,0.0,0.0,BAJFINANCE.NS,410
2021-08-26 00:00:00+05:30,676.9909019805488,686.1401025965164,672.5757439241538,680.1256713867188,12345880,0.0,0.0,BAJFINANCE.NS,411
2021-08-27 00:00:00+05:30,681.8966531415549,689.1914732153977,674.2437242630364,683.5253295898438,9359060,0.0,0.0,BAJFINANCE.NS,412
2021-08-30 00:00:00+05:30,686.4049925468738,706.1309789269268,684.8400929986528,703.0403442382812,15043820,0.0,0.0,BAJFINANCE.NS,413
2021-08-31 00:00:00+05:30,702.5006969015036,745.5533980330919,699.5572582273353,738.2634887695312,29464380,0.0,0.0,BAJFINANCE.NS,414
2021-09-01 00:00:00+05:30,738.3125733100013,752.9807221254022,734.2261206254195,737.7827758789062,22277890,0.0,0.0,BAJFINANCE.NS,415
2021-09-02 00:00:00+05:30,735.8596259317925,744.3367431947851,730.4682325298851,735.70751953125,11833780,0.0,0.0,BAJFINANCE.NS,416
2021-09-03 00:00:00+05:30,735.8596700934479,741.2559743407999,732.1067737990886,738.1555786132812,8802470,0.0,0.0,BAJFINANCE.NS,417
2021-09-06 00:00:00+05:30,740.7654208627396,747.1428715059287,734.3977912635847,736.4827270507812,8970710,0.0,0.0,BAJFINANCE.NS,418
2021-09-07 00:00:00+05:30,738.6951450045036,742.3597115310639,726.7545531491426,731.6701049804688,8360130,0.0,0.0,BAJFINANCE.NS,419
2021-09-08 00:00:00+05:30,731.6407175973226,737.233262794047,727.132319765293,732.2490234375,8592560,0.0,0.0,BAJFINANCE.NS,420
2021-09-09 00:00:00+05:30,728.9915819922448,731.9350204121329,724.0858512924317,729.0553588867188,7004360,0.0,0.0,BAJFINANCE.NS,421
2021-09-13 00:00:00+05:30,729.0554356633837,735.3691093435586,721.3387300414383,730.517333984375,8025650,0.0,0.0,BAJFINANCE.NS,422
2021-09-14 00:00:00+05:30,733.8973951432553,738.8031263942129,726.8331301649935,727.7701416015625,7192580,0.0,0.0,BAJFINANCE.NS,423
2021-09-15 00:00:00+05:30,730.4633198799112,733.897331457587,724.0858698070846,727.4364624023438,6572830,0.0,0.0,BAJFINANCE.NS,424
2021-09-16 00:00:00+05:30,730.4633294139292,730.4633294139292,719.2291937005938,727.176513671875,5771290,0.0,0.0,BAJFINANCE.NS,425
2021-09-17 00:00:00+05:30,730.512398770458,753.5153788529294,722.1236106507858,728.8739013671875,34749690,0.0,0.0,BAJFINANCE.NS,426
2021-09-20 00:00:00+05:30,722.1236496521567,743.8069581132175,718.272662546316,730.2131958007812,10838060,0.0,0.0,BAJFINANCE.NS,427
2021-09-21 00:00:00+05:30,734.0101999689997,769.9152772829464,726.1462985879955,766.6529541015625,19931330,0.0,0.0,BAJFINANCE.NS,428
2021-09-22 00:00:00+05:30,770.1997890848513,774.6149471114524,762.4487099288308,764.6710205078125,15005410,0.0,0.0,BAJFINANCE.NS,429
2021-09-23 00:00:00+05:30,771.5340618940803,784.8188189146512,765.7502461380499,775.0122680664062,21091470,0.0,0.0,BAJFINANCE.NS,430
2021-09-24 00:00:00+05:30,779.9965377817683,779.9965377817683,757.999255607546,764.6465454101562,11293460,0.0,0.0,BAJFINANCE.NS,431
2021-09-27 00:00:00+05:30,770.1017352745279,771.180972223364,759.4121274443728,764.84765625,6507740,0.0,0.0,BAJFINANCE.NS,432
2021-09-28 00:00:00+05:30,766.7657577998377,767.7469040030364,728.5059663968547,740.1080322265625,15723010,0.0,0.0,BAJFINANCE.NS,433
2021-09-29 00:00:00+05:30,738.70494868879,749.1884927415392,731.5572655630122,737.3705444335938,9458790,0.0,0.0,BAJFINANCE.NS,434
2021-09-30 00:00:00+05:30,740.2748147299121,755.4825809702219,734.966840088081,752.3527221679688,14907070,0.0,0.0,BAJFINANCE.NS,435
2021-10-01 00:00:00+05:30,747.6334199142348,749.5172038896902,733.4067997190165,738.091796875,9377400,0.0,0.0,BAJFINANCE.NS,436
2021-10-04 00:00:00+05:30,744.4937608913225,762.2525439080473,741.761294940204,754.9969482421875,10901980,0.0,0.0,BAJFINANCE.NS,437
2021-10-05 00:00:00+05:30,753.8146160268622,761.8600268708936,749.0167967204131,757.85693359375,7732430,0.0,0.0,BAJFINANCE.NS,438
2021-10-06 00:00:00+05:30,766.2751389341504,773.2020283196641,754.0108121266255,758.9312744140625,17646310,0.0,0.0,BAJFINANCE.NS,439
2021-10-07 00:00:00+05:30,769.7975317482781,773.6337870827047,759.2109258095436,760.1822509765625,9405500,0.0,0.0,BAJFINANCE.NS,440
2021-10-08 00:00:00+05:30,760.38825353027,768.1393319393738,756.6599101995192,758.6417846679688,7565710,0.0,0.0,BAJFINANCE.NS,441
2021-10-11 00:00:00+05:30,762.7333037728681,775.5372504611054,760.5845910727701,766.9718627929688,9086480,0.0,0.0,BAJFINANCE.NS,442
2021-10-12 00:00:00+05:30,766.2751603020187,777.5583412795771,760.388283270249,770.763916015625,10994490,0.0,0.0,BAJFINANCE.NS,443
2021-10-13 00:00:00+05:30,775.8805574354287,785.8980813794393,771.3084426369683,777.980224609375,10524380,0.0,0.0,BAJFINANCE.NS,444
2021-10-14 00:00:00+05:30,781.8753993426126,781.8753993426126,766.5057064106599,771.4653930664062,11348490,0.0,0.0,BAJFINANCE.NS,445
2021-10-18 00:00:00+05:30,789.8227132214788,789.8227132214788,765.3725659972148,771.7254638671875,8550980,0.0,0.0,BAJFINANCE.NS,446
2021-10-19 00:00:00+05:30,774.1243819730003,776.5477844369395,752.6372554017331,759.3385009765625,12449890,0.0,0.0,BAJFINANCE.NS,447
2021-10-20 00:00:00+05:30,759.5052869741248,768.5858002943156,743.2182832035618,761.501953125,11028990,0.0,0.0,BAJFINANCE.NS,448
2021-10-21 00:00:00+05:30,768.2375178988501,768.2375178988501,754.0108971970196,759.1422729492188,6394610,0.0,0.0,BAJFINANCE.NS,449
2021-10-22 00:00:00+05:30,760.9769437337493,778.5394840897907,752.0485375612157,756.4833374023438,15173760,0.0,0.0,BAJFINANCE.NS,450
2021-10-25 00:00:00+05:30,760.388336906186,768.9979191262121,721.1915325945907,750.2481689453125,11697290,0.0,0.0,BAJFINANCE.NS,451
2021-10-26 00:00:00+05:30,754.9920336093686,774.610047937549,750.6847872325021,770.754150390625,16605750,0.0,0.0,BAJFINANCE.NS,452
2021-10-27 00:00:00+05:30,772.1621309831219,777.0629519156985,732.0332237292156,734.1083984375,31122330,0.0,0.0,BAJFINANCE.NS,453
2021-10-28 00:00:00+05:30,739.784233083881,745.2786278373707,721.4760713834926,734.3143310546875,15723020,0.0,0.0,BAJFINANCE.NS,454
2021-10-29 00:00:00+05:30,733.897399048933,740.7359597046425,717.5171551286829,726.06787109375,9483340,0.0,0.0,BAJFINANCE.NS,455
2021-11-01 00:00:00+05:30,728.9916516945397,735.8793174186499,708.3875807852727,727.4169311523438,10373140,0.0,0.0,BAJFINANCE.NS,456
2021-11-02 00:00:00+05:30,732.5924313420212,741.25596923252,726.0727554313238,731.4788208007812,6871160,0.0,0.0,BAJFINANCE.NS,457
2021-11-03 00:00:00+05:30,734.4859884165694,739.6664688646863,731.0519768706221,737.4539794921875,6687040,0.0,0.0,BAJFINANCE.NS,458
2021-11-04 00:00:00+05:30,741.8446079357357,742.6295727927572,737.3313594299157,738.3223266601562,940330,0.0,0.0,BAJFINANCE.NS,459
2021-11-08 00:00:00+05:30,740.1669292718165,756.7728174721298,734.4860541938879,752.8972778320312,9003010,0.0,0.0,BAJFINANCE.NS,460
2021-11-09 00:00:00+05:30,755.482603429922,760.8200413612192,740.7654098566119,743.4635620117188,8002470,0.0,0.0,BAJFINANCE.NS,461
2021-11-10 00:00:00+05:30,740.2748987879675,746.6523498709652,736.3503135061227,743.8511962890625,4649890,0.0,0.0,BAJFINANCE.NS,462
2021-11-11 00:00:00+05:30,742.7473403055303,745.7643170638117,727.0293584933104,731.2188720703125,6344000,0.0,0.0,BAJFINANCE.NS,463
2021-11-12 00:00:00+05:30,735.8597037736046,745.6957191011448,731.2483043197401,743.6205444335938,4971280,0.0,0.0,BAJFINANCE.NS,464
2021-11-15 00:00:00+05:30,743.6107581214236,748.3643829024918,734.8785326449082,739.2200927734375,4025180,0.0,0.0,BAJFINANCE.NS,465
2021-11-16 00:00:00+05:30,738.312580744938,750.576909328741,735.9333129765636,741.32470703125,5980490,0.0,0.0,BAJFINANCE.NS,466
2021-11-17 00:00:00+05:30,738.6068361809154,754.697657570636,737.9445744828421,746.4216918945312,6455740,0.0,0.0,BAJFINANCE.NS,467
2021-11-18 00:00:00+05:30,747.6335036566704,755.2570298057901,729.9728697120247,734.3831176757812,7725390,0.0,0.0,BAJFINANCE.NS,468
2021-11-22 00:00:00+05:30,735.0747681817228,737.2823472012915,685.8261259345921,692.5224609375,19352430,0.0,0.0,BAJFINANCE.NS,469
2021-11-23 00:00:00+05:30,686.8023516332993,704.266742312235,679.3554255000196,698.016845703125,11875890,0.0,0.0,BAJFINANCE.NS,470
2021-11-24 00:00:00+05:30,702.5006952801905,718.179392752063,693.2778968353166,704.1980590820312,10993800,0.0,0.0,BAJFINANCE.NS,471
2021-11-25 00:00:00+05:30,701.5195597636676,706.915864069542,695.3187083569695,699.1452026367188,6154860,0.0,0.0,BAJFINANCE.NS,472
2021-11-26 00:00:00+05:30,688.8626744975767,691.5019599848688,664.7265036330759,667.87109375,16890820,0.0,0.0,BAJFINANCE.NS,473
2021-11-29 00:00:00+05:30,663.9415902832862,684.8399906278568,655.2388290040258,677.5549926757812,14918150,0.0,0.0,BAJFINANCE.NS,474
2021-11-30 00:00:00+05:30,677.9719944376862,706.4055909024672,672.011519557463,686.532470703125,21955390,0.0,0.0,BAJFINANCE.NS,475
2021-12-01 00:00:00+05:30,689.9615962559379,697.3692979115875,681.9946939692418,690.599365234375,11367680,0.0,0.0,BAJFINANCE.NS,476
2021-12-02 00:00:00+05:30,695.6326627045311,707.406417221392,689.0001047451934,704.5120239257812,8477040,0.0,0.0,BAJFINANCE.NS,477
2021-12-03 00:00:00+05:30,702.5007777843683,709.7416425472569,692.1987412386478,693.5968627929688,8164110,0.0,0.0,BAJFINANCE.NS,478
2021-12-06 00:00:00+05:30,693.5968282689973,696.2116214548117,680.7291042722253,682.068359375,8582530,0.0,0.0,BAJFINANCE.NS,479
2021-12-07 00:00:00+05:30,691.5118765663219,703.4818729930165,682.68156016892,696.9229125976562,10796080,0.0,0.0,BAJFINANCE.NS,480
2021-12-08 00:00:00+05:30,698.5761078483672,724.7089469699592,698.5761078483672,722.2708129882812,14026910,0.0,0.0,BAJFINANCE.NS,481
2021-12-09 00:00:00+05:30,726.0482102490954,732.7298136804707,719.8670009765601,730.0022583007812,10769500,0.0,0.0,BAJFINANCE.NS,482
2021-12-10 00:00:00+05:30,723.4973052869764,732.6219538964758,722.1236765137537,731.1992797851562,6791450,0.0,0.0,BAJFINANCE.NS,483
2021-12-13 00:00:00+05:30,732.9162532974838,733.6030676536282,706.3272137112741,708.2649536132812,12985990,0.0,0.0,BAJFINANCE.NS,484
2021-12-14 00:00:00+05:30,704.4629793575427,704.4629793575427,690.2363593008794,693.2681274414062,12764810,0.0,0.0,BAJFINANCE.NS,485
2021-12-15 00:00:00+05:30,693.9155866755852,693.9155866755852,670.2208841524125,671.8152465820312,18175280,0.0,0.0,BAJFINANCE.NS,486
2021-12-16 00:00:00+05:30,681.4060143618464,693.0276619889871,680.218805938984,689.6329345703125,17683180,0.0,0.0,BAJFINANCE.NS,487
2021-12-17 00:00:00+05:30,686.8023046739642,689.2551700477998,673.556831655252,677.0987548828125,16805110,0.0,0.0,BAJFINANCE.NS,488
2021-12-20 00:00:00+05:30,672.0851674210635,673.5421552000747,637.0190107490969,650.9071044921875,22263190,0.0,0.0,BAJFINANCE.NS,489
2021-12-21 00:00:00+05:30,659.8355482321066,662.2736821563791,641.6696120448473,645.3538208007812,13755910,0.0,0.0,BAJFINANCE.NS,490
2021-12-22 00:00:00+05:30,650.990552314445,666.2719174975038,649.8916732791363,664.353759765625,12678980,0.0,0.0,BAJFINANCE.NS,491
2021-12-23 00:00:00+05:30,671.1039863801458,686.1645562727782,670.9322977757171,678.732421875,13393990,0.0,0.0,BAJFINANCE.NS,492
2021-12-24 00:00:00+05:30,685.3207831967492,685.6200255944327,663.0193497693873,672.2813720703125,9807740,0.0,0.0,BAJFINANCE.NS,493
2021-12-27 00:00:00+05:30,662.3717592524117,677.8542746492667,652.8595997774089,676.0833129882812,9123600,0.0,0.0,BAJFINANCE.NS,494
2021-12-28 00:00:00+05:30,684.840039396051,684.840039396051,673.237973743154,677.643310546875,8624640,0.0,0.0,BAJFINANCE.NS,495
2021-12-29 00:00:00+05:30,675.5092961508005,681.8916565803985,672.384348091185,678.1338500976562,5323790,0.0,0.0,BAJFINANCE.NS,496
2021-12-30 00:00:00+05:30,676.9811015406589,681.4011702535057,672.7621845796946,674.1553955078125,6589920,0.0,0.0,BAJFINANCE.NS,497
2021-12-31 00:00:00+05:30,675.2249021235717,686.7043259207347,674.5920435909784,684.5751953125,7699070,0.0,0.0,BAJFINANCE.NS,498
2022-01-03 00:00:00+05:30,684.3495291451824,710.7374774642668,684.3495291451824,708.348388671875,12697250,0.0,0.0,BAJFINANCE.NS,499
2022-01-04 00:00:00+05:30,711.3310402134659,723.5953684930084,709.9083661561559,720.4556884765625,9591730,0.0,0.0,BAJFINANCE.NS,500
2022-01-05 00:00:00+05:30,732.9063620015487,754.6142208367072,727.5198791534488,752.6176147460938,25832620,0.0,0.0,BAJFINANCE.NS,501
2022-01-06 00:00:00+05:30,738.3125129532067,763.2679640687469,737.9200305207959,760.2166137695312,15359860,0.0,0.0,BAJFINANCE.NS,502
2022-01-07 00:00:00+05:30,761.7570123252189,763.8223058839617,744.1993821618304,751.4942016601562,11659510,0.0,0.0,BAJFINANCE.NS,503
2022-01-10 00:00:00+05:30,754.108967705008,761.2713830847077,752.5146050827786,758.5535888671875,6390600,0.0,0.0,BAJFINANCE.NS,504
2022-01-11 00:00:00+05:30,759.3090784537357,761.3645510261545,742.8257741621774,752.5244140625,10379120,0.0,0.0,BAJFINANCE.NS,505
2022-01-12 00:00:00+05:30,758.0335193252206,772.0639576920936,754.6780161368445,762.7921142578125,14584040,0.0,0.0,BAJFINANCE.NS,506
2022-01-13 00:00:00+05:30,768.0412611024661,770.1556599842944,762.7431073618976,766.1133422851562,6163740,0.0,0.0,BAJFINANCE.NS,507
2022-01-14 00:00:00+05:30,762.8411805123269,769.8171157136276,758.2788266686812,768.4533081054688,5696350,0.0,0.0,BAJFINANCE.NS,508
2022-01-17 00:00:00+05:30,767.2073034068087,776.0866647753328,765.4461626987533,770.4548950195312,6797740,0.0,0.0,BAJFINANCE.NS,509
2022-01-18 00:00:00+05:30,775.1006296950549,779.5206983575522,757.0573357220459,759.7996826171875,11300240,0.0,0.0,BAJFINANCE.NS,510
2022-01-19 00:00:00+05:30,770.1997922396085,789.3321437665796,733.2105673105815,742.904296875,50003170,0.0,0.0,BAJFINANCE.NS,511
2022-01-20 00:00:00+05:30,746.6522536624334,750.5768384385829,726.1462742532881,738.82763671875,29103830,0.0,0.0,BAJFINANCE.NS,512
2022-01-21 00:00:00+05:30,726.2935127585515,735.7615980404094,716.8107557950747,723.4727172851562,13704500,0.0,0.0,BAJFINANCE.NS,513
2022-01-24 00:00:00+05:30,721.1424706341361,721.1424706341361,668.9160765837399,680.1060180664062,25025820,0.0,0.0,BAJFINANCE.NS,514
2022-01-25 00:00:00+05:30,676.9908596484586,686.4098389593688,662.4894904610371,683.2456665039062,25259340,0.0,0.0,BAJFINANCE.NS,515
2022-01-27 00:00:00+05:30,669.4949909952086,677.2215182935098,658.162762934584,670.8097534179688,17610280,0.0,0.0,BAJFINANCE.NS,516
2022-01-28 00:00:00+05:30,682.9807438686804,691.2763516052539,671.5945615894054,673.777587890625,14675220,0.0,0.0,BAJFINANCE.NS,517
2022-01-31 00:00:00+05:30,684.8302990683478,694.2493395163107,679.944209638006,686.8269653320312,12512490,0.0,0.0,BAJFINANCE.NS,518
2022-02-01 00:00:00+05:30,694.2492945250598,698.164058442362,675.6172771188002,688.23486328125,13834490,0.0,0.0,BAJFINANCE.NS,519
2022-02-02 00:00:00+05:30,696.613814361901,714.2744462753012,696.1232412531954,711.080810546875,13398210,0.0,0.0,BAJFINANCE.NS,520
2022-02-03 00:00:00+05:30,711.6252925165002,714.9661239106786,696.6137683583361,697.65869140625,8398560,0.0,0.0,BAJFINANCE.NS,521
2022-02-04 00:00:00+05:30,695.6326833768136,705.287188716686,692.1986715406798,702.34375,8232080,0.0,0.0,BAJFINANCE.NS,522
2022-02-07 00:00:00+05:30,702.9912958456094,702.9912958456094,675.1267180858206,679.9932250976562,11830120,0.0,0.0,BAJFINANCE.NS,523
2022-02-08 00:00:00+05:30,686.8023045767629,701.2251649497566,678.4330991779043,692.1986083984375,16405420,0.0,0.0,BAJFINANCE.NS,524
2022-02-09 00:00:00+05:30,699.4149800664749,702.2946418703233,693.6703880245597,698.3161010742188,6491660,0.0,0.0,BAJFINANCE.NS,525
2022-02-10 00:00:00+05:30,700.0478993840983,710.3499357450415,693.1798751434694,700.244140625,12442000,0.0,0.0,BAJFINANCE.NS,526
2022-02-11 00:00:00+05:30,690.7269111897356,694.6465853907483,679.0561582076874,687.9404296875,12764610,0.0,0.0,BAJFINANCE.NS,527
2022-02-14 00:00:00+05:30,668.1605887696638,679.9343436378517,661.6899580678743,665.8009033203125,11697660,0.0,0.0,BAJFINANCE.NS,528
2022-02-15 00:00:00+05:30,667.1793811666589,705.9346540432516,665.8008420831146,700.739501953125,13468200,0.0,0.0,BAJFINANCE.NS,529
2022-02-16 00:00:00+05:30,704.9535146376099,708.8731887487045,691.7080415024565,693.532958984375,10540410,0.0,0.0,BAJFINANCE.NS,530
2022-02-17 00:00:00+05:30,698.5761156219563,699.3610206289185,685.0363096275146,694.8919067382812,9036160,0.0,0.0,BAJFINANCE.NS,531
2022-02-18 00:00:00+05:30,688.7645870210024,698.1835659666718,687.7834408856448,689.7555541992188,7625170,0.0,0.0,BAJFINANCE.NS,532
2022-02-21 00:00:00+05:30,686.8023166066218,694.7398154434014,678.0700917702882,687.4253540039062,8166640,0.0,0.0,BAJFINANCE.NS,533
2022-02-22 00:00:00+05:30,667.1793607532986,690.3491167661894,666.100123976431,687.9158935546875,12587320,0.0,0.0,BAJFINANCE.NS,534
2022-02-23 00:00:00+05:30,692.6892550731511,698.3161144655438,689.4956192267845,691.1734008789062,7952280,0.0,0.0,BAJFINANCE.NS,535
2022-02-24 00:00:00+05:30,667.1793651489438,677.0104684866488,646.8156725292703,650.2840576171875,19300400,0.0,0.0,BAJFINANCE.NS,536
2022-02-25 00:00:00+05:30,667.1794294692068,685.8162971237002,663.1567539217605,683.800048828125,14132810,0.0,0.0,BAJFINANCE.NS,537
2022-02-28 00:00:00+05:30,673.066323250383,689.2552362731692,667.8269759593209,687.0280151367188,15808910,0.0,0.0,BAJFINANCE.NS,538
2022-03-02 00:00:00+05:30,678.7569933940636,680.5574183997734,663.4511351798819,670.2750244140625,16080090,0.0,0.0,BAJFINANCE.NS,539
2022-03-03 00:00:00+05:30,678.9531067570497,681.3372846134349,659.8207576504566,662.1117553710938,13339990,0.0,0.0,BAJFINANCE.NS,540
2022-03-04 00:00:00+05:30,656.229798007126,657.1716599573923,637.7449787358584,641.4635009765625,19965090,0.0,0.0,BAJFINANCE.NS,541
2022-03-07 00:00:00+05:30,623.02781509088,624.990107421875,598.4991609534438,600.9520263671875,28435880,0.0,0.0,BAJFINANCE.NS,542
2022-03-08 00:00:00+05:30,601.246315765719,610.0128537397621,580.1418536552596,604.5675048828125,28857830,0.0,0.0,BAJFINANCE.NS,543
2022-03-09 00:00:00+05:30,610.2239468815809,640.1979540562988,600.6430389899955,635.0469360351562,22801310,0.0,0.0,BAJFINANCE.NS,544
2022-03-10 00:00:00+05:30,666.5907517337566,666.5907517337566,637.8431201877909,646.074951171875,20915610,0.0,0.0,BAJFINANCE.NS,545
2022-03-11 00:00:00+05:30,642.6508426176052,655.8963179998001,636.7688751923396,650.3037719726562,12647710,0.0,0.0,BAJFINANCE.NS,546
2022-03-14 00:00:00+05:30,647.6545333798374,656.2886671903107,637.7449814677173,653.97802734375,12668460,0.0,0.0,BAJFINANCE.NS,547
2022-03-15 00:00:00+05:30,655.1309228016332,662.2736960007969,648.0470758644835,654.0860595703125,14792700,0.0,0.0,BAJFINANCE.NS,548
2022-03-16 00:00:00+05:30,665.2171589395412,676.932047585269,661.6212794838989,671.1629028320312,16335960,0.0,0.0,BAJFINANCE.NS,549
2022-03-17 00:00:00+05:30,681.6709328787738,692.3850321175531,679.9441060654653,686.2528686523438,16706780,0.0,0.0,BAJFINANCE.NS,550
2022-03-21 00:00:00+05:30,686.8023463498258,688.6419954918343,672.0851532137582,674.086669921875,9620190,0.0,0.0,BAJFINANCE.NS,551
2022-03-22 00:00:00+05:30,674.047429062949,687.7834756522959,663.9416353348117,685.4091186523438,12737960,0.0,0.0,BAJFINANCE.NS,552
2022-03-23 00:00:00+05:30,691.708115703309,697.0063294794835,683.8589455960373,687.2733154296875,11767500,0.0,0.0,BAJFINANCE.NS,553
2022-03-24 00:00:00+05:30,683.7607974998208,690.2902941945507,675.1512158076915,686.5619506835938,7837160,0.0,0.0,BAJFINANCE.NS,554
2022-03-25 00:00:00+05:30,692.5911183259263,693.4201581105839,680.915454730529,684.2022705078125,7023730,0.0,0.0,BAJFINANCE.NS,555
2022-03-28 00:00:00+05:30,685.8211762539825,690.2363340410252,674.0474221552016,686.939697265625,9369730,0.0,0.0,BAJFINANCE.NS,556
2022-03-29 00:00:00+05:30,690.726923870947,692.6892162683076,685.2815744451535,690.6631469726562,7159500,0.0,0.0,BAJFINANCE.NS,557
2022-03-30 00:00:00+05:30,696.6137496400896,713.7298509987133,696.5156589812271,711.512451171875,12722540,0.0,0.0,BAJFINANCE.NS,558
2022-03-31 00:00:00+05:30,715.0544484379659,730.4633667157026,710.4136459427307,712.3072509765625,16330110,0.0,0.0,BAJFINANCE.NS,559
2022-04-01 00:00:00+05:30,709.363833572159,730.8558710848434,708.4170609690485,726.8429565429688,8715130,0.0,0.0,BAJFINANCE.NS,560
2022-04-04 00:00:00+05:30,730.8558084885368,744.7782750838709,728.9916068053916,734.9422607421875,10497590,0.0,0.0,BAJFINANCE.NS,561
2022-04-05 00:00:00+05:30,729.4823040211689,733.8925520301129,719.1802674479044,724.9150390625,10720820,0.0,0.0,BAJFINANCE.NS,562
2022-04-06 00:00:00+05:30,721.1424430826893,728.5010394406759,716.2367121773649,720.8432006835938,7670310,0.0,0.0,BAJFINANCE.NS,563
2022-04-07 00:00:00+05:30,717.2178577934982,721.7311062690776,713.29327307233,715.2752075195312,7182660,0.0,0.0,BAJFINANCE.NS,564
2022-04-08 00:00:00+05:30,719.0133714137547,728.5010382008705,712.3121262408512,722.7711181640625,8819730,0.0,0.0,BAJFINANCE.NS,565
2022-04-11 00:00:00+05:30,720.6568308003084,724.4784146052326,715.7461890306677,719.8326416015625,5975080,0.0,0.0,BAJFINANCE.NS,566
2022-04-12 00:00:00+05:30,716.2318025122552,716.2318025122552,708.3875435760132,713.7348022460938,8055980,0.0,0.0,BAJFINANCE.NS,567
2022-04-13 00:00:00+05:30,717.5122220226103,724.0859137038503,714.4756032022053,719.028076171875,6723170,0.0,0.0,BAJFINANCE.NS,568
2022-04-18 00:00:00+05:30,712.8516787291362,723.595240376695,709.5255791163679,712.454345703125,7582220,0.0,0.0,BAJFINANCE.NS,569
2022-04-19 00:00:00+05:30,716.2367249767888,730.2965667703382,701.617622663909,712.2680053710938,11911100,0.0,0.0,BAJFINANCE.NS,570
2022-04-20 00:00:00+05:30,713.7789113737174,715.7166510601506,682.8777182667526,689.9910278320312,15581810,0.0,0.0,BAJFINANCE.NS,571
2022-04-21 00:00:00+05:30,696.515673625766,705.1497477414517,691.4431049296086,700.3519287109375,8753430,0.0,0.0,BAJFINANCE.NS,572
2022-04-22 00:00:00+05:30,694.6515424171475,707.1121117226996,693.8077710175444,697.6685791015625,8079870,0.0,0.0,BAJFINANCE.NS,573
2022-04-25 00:00:00+05:30,686.8023615304347,694.1560477392111,681.8966303766459,687.3419799804688,6849530,0.0,0.0,BAJFINANCE.NS,574
2022-04-26 00:00:00+05:30,699.6552750338303,712.6015052884505,696.3194141525856,710.4037475585938,10124190,0.0,0.0,BAJFINANCE.NS,575
2022-04-27 00:00:00+05:30,696.6137363787673,696.6137363787673,656.2739237472961,658.7512817382812,39843570,0.0,0.0,BAJFINANCE.NS,576
2022-04-28 00:00:00+05:30,662.0774166328578,667.6699617204027,645.5941731256796,660.080810546875,24990940,0.0,0.0,BAJFINANCE.NS,577
2022-04-29 00:00:00+05:30,667.1794371222525,669.4949278552998,652.5603343256612,654.6011352539062,13375170,0.0,0.0,BAJFINANCE.NS,578
2022-05-02 00:00:00+05:30,642.6508338396453,652.4475653847725,640.247013400308,650.1222534179688,12387410,0.0,0.0,BAJFINANCE.NS,579
2022-05-04 00:00:00+05:30,650.4900641025816,654.2086462667639,617.1409166764064,622.0220947265625,16491150,0.0,0.0,BAJFINANCE.NS,580
2022-05-05 00:00:00+05:30,627.9335883490273,637.49485358712,617.1409797992784,619.04931640625,14860280,0.0,0.0,BAJFINANCE.NS,581
2022-05-06 00:00:00+05:30,608.4086508745248,608.8060437753123,586.2347737621367,588.7171020507812,30648650,0.0,0.0,BAJFINANCE.NS,582
2022-05-09 00:00:00+05:30,584.8612129520544,601.9577330170796,572.2584190358513,592.3130493164062,19356480,0.0,0.0,BAJFINANCE.NS,583
2022-05-10 00:00:00+05:30,588.6877324935665,599.7795833338365,578.8762702853404,581.6676025390625,11779330,0.0,0.0,BAJFINANCE.NS,584
2022-05-11 00:00:00+05:30,584.4687793095468,588.3540797759327,562.8835637961698,569.7515869140625,18613390,0.0,0.0,BAJFINANCE.NS,585
2022-05-12 00:00:00+05:30,564.1590338170366,565.6062004282822,540.2092827479609,548.7943115234375,24940440,0.0,0.0,BAJFINANCE.NS,586
2022-05-13 00:00:00+05:30,559.253326738228,564.0609670095665,539.630402993027,541.1757202148438,21053150,0.0,0.0,BAJFINANCE.NS,587
2022-05-16 00:00:00+05:30,546.9890529928191,560.4258585300463,538.4530683503976,553.8963012695312,14149550,0.0,0.0,BAJFINANCE.NS,588
2022-05-17 00:00:00+05:30,555.3287832743193,573.8724715459028,554.5438782430408,572.7244873046875,14017700,0.0,0.0,BAJFINANCE.NS,589
2022-05-18 00:00:00+05:30,577.8902579898727,584.4393975406944,568.0837055492534,570.5562133789062,16550940,0.0,0.0,BAJFINANCE.NS,590
2022-05-19 00:00:00+05:30,554.445730530906,563.6685293778874,550.5211454699634,559.940185546875,10650250,0.0,0.0,BAJFINANCE.NS,591
2022-05-20 00:00:00+05:30,572.9893394766248,573.1806701579557,560.4306809992241,566.0820922851562,10986100,0.0,0.0,BAJFINANCE.NS,592
2022-05-23 00:00:00+05:30,571.5177258980142,579.4895396712698,566.2391539564774,568.4761962890625,9680210,0.0,0.0,BAJFINANCE.NS,593
2022-05-24 00:00:00+05:30,567.396793834531,572.3025244744359,561.7061582691226,568.947021484375,10840690,0.0,0.0,BAJFINANCE.NS,594
2022-05-25 00:00:00+05:30,572.891275891945,576.6883068007996,569.2413809787857,571.7531127929688,8675980,0.0,0.0,BAJFINANCE.NS,595
2022-05-26 00:00:00+05:30,573.9706027685608,576.4676034095489,554.6812922793636,570.8113403320312,12595460,0.0,0.0,BAJFINANCE.NS,596
2022-05-27 00:00:00+05:30,578.8761740370172,596.2424712350083,575.0545909793063,588.0498657226562,16258050,0.0,0.0,BAJFINANCE.NS,597
2022-05-30 00:00:00+05:30,597.3218778438317,601.1483725109715,592.720299129041,599.59814453125,8174840,0.0,0.0,BAJFINANCE.NS,598
2022-05-31 00:00:00+05:30,599.4803295937429,605.2886983436116,590.3017260344151,596.7478637695312,15489660,0.0,0.0,BAJFINANCE.NS,599
2022-06-01 00:00:00+05:30,594.5745931514375,601.442616504672,586.4555844479567,589.68359375,8876200,0.0,0.0,BAJFINANCE.NS,600
2022-06-02 00:00:00+05:30,589.3745571665372,596.5369127273347,583.7035031661567,594.3636474609375,7508090,0.0,0.0,BAJFINANCE.NS,601
2022-06-03 00:00:00+05:30,600.9520783613557,605.170995261132,590.0613789358382,591.45458984375,10434650,0.0,0.0,BAJFINANCE.NS,602
2022-06-06 00:00:00+05:30,589.4922719037529,593.5934558672517,579.9554996216608,590.7481079101562,7376570,0.0,0.0,BAJFINANCE.NS,603
2022-06-07 00:00:00+05:30,586.7254485231684,587.701684236229,572.3663637926045,576.776611328125,8969820,0.0,0.0,BAJFINANCE.NS,604
2022-06-08 00:00:00+05:30,578.8762408993878,593.9859158867968,569.2855131239434,584.203857421875,13341460,0.0,0.0,BAJFINANCE.NS,605
2022-06-09 00:00:00+05:30,579.3668061887067,581.9766286193499,574.4610753996405,578.7339477539062,12376740,0.0,0.0,BAJFINANCE.NS,606
2022-06-10 00:00:00+05:30,571.5176896413728,572.4988358896842,554.5830958140123,556.0646362304688,21518910,0.0,0.0,BAJFINANCE.NS,607
2022-06-13 00:00:00+05:30,542.0881671088961,544.928604421808,522.4603332719365,525.72265625,19327850,0.0,0.0,BAJFINANCE.NS,608
2022-06-14 00:00:00+05:30,524.6188411419154,535.8038709537091,518.457214777882,527.4396362304688,18845410,0.0,0.0,BAJFINANCE.NS,609
2022-06-15 00:00:00+05:30,531.585027251777,539.6206174494472,529.4412250869567,538.15380859375,16599430,0.0,0.0,BAJFINANCE.NS,610
2022-06-16 00:00:00+05:30,546.0078618324616,550.9086823244636,515.5775979817952,518.4278564453125,21796860,0.0,0.0,BAJFINANCE.NS,611
2022-06-17 00:00:00+05:30,512.1583905923278,537.1776223166656,512.1583905923278,531.7371826171875,19379390,0.0,0.0,BAJFINANCE.NS,612
2022-06-20 00:00:00+05:30,532.5661184836838,540.6115288941998,525.109431694079,536.7310791015625,11194560,0.0,0.0,BAJFINANCE.NS,613
2022-06-21 00:00:00+05:30,542.0832513448764,545.9097453081333,535.2152282509143,544.4526977539062,10023590,0.0,0.0,BAJFINANCE.NS,614
2022-06-22 00:00:00+05:30,542.7211443711815,542.7211443711815,530.3096187030849,533.7044067382812,8983460,0.0,0.0,BAJFINANCE.NS,615
2022-06-23 00:00:00+05:30,534.2929547919035,539.1398192566664,524.2263855278258,534.5431518554688,11018570,0.0,0.0,BAJFINANCE.NS,616
2022-06-24 00:00:00+05:30,540.6115545982128,551.0754572318209,535.2152505142016,548.239990234375,13049330,0.0,0.0,BAJFINANCE.NS,617
2022-06-27 00:00:00+05:30,559.2533980370335,561.7062638178977,548.2400546347208,553.4842529296875,10490080,0.0,0.0,BAJFINANCE.NS,618
2022-06-28 00:00:00+05:30,550.1286697518168,551.3060571332466,542.0832591771918,547.1116333007812,7395000,0.0,0.0,BAJFINANCE.NS,619
2022-06-29 00:00:00+05:30,538.1587371232523,544.9286704410125,535.7058714116605,540.8863525390625,7559820,0.0,0.0,BAJFINANCE.NS,620
2022-06-30 00:00:00+05:30,542.8557337077725,545.0614938977994,529.4832374276629,531.7973022460938,11982750,2.0,0.0,BAJFINANCE.NS,621
2022-07-01 00:00:00+05:30,528.203138829888,554.785615534977,525.3523589384246,552.8604736328125,12218900,0.0,0.0,BAJFINANCE.NS,622
2022-07-04 00:00:00+05:30,552.712747441166,556.2626992882776,545.6326174565455,554.4262084960938,7898180,0.0,0.0,BAJFINANCE.NS,623
2022-07-05 00:00:00+05:30,557.3508018094809,566.7056297550464,554.0470896993874,557.4591064453125,12284530,0.0,0.0,BAJFINANCE.NS,624
2022-07-06 00:00:00+05:30,559.3202048995447,584.8096573043618,555.9623406778878,582.6284790039062,22229520,0.0,0.0,BAJFINANCE.NS,625
2022-07-07 00:00:00+05:30,584.4305271693245,589.541219440329,572.7123510250307,577.1140747070312,13352470,0.0,0.0,BAJFINANCE.NS,626
2022-07-08 00:00:00+05:30,583.7412713327121,583.7412713327121,571.2353310082624,578.3450317382812,8032820,0.0,0.0,BAJFINANCE.NS,627
2022-07-11 00:00:00+05:30,576.0603596695448,581.3729355526151,572.4956832777345,577.1928100585938,7613370,0.0,0.0,BAJFINANCE.NS,628
2022-07-12 00:00:00+05:30,576.0406877735147,586.8480108523121,569.5612824300628,578.37939453125,9754460,0.0,0.0,BAJFINANCE.NS,629
2022-07-13 00:00:00+05:30,583.9332193749682,588.763293105838,577.6950052150438,578.90625,8869340,0.0,0.0,BAJFINANCE.NS,630
2022-07-14 00:00:00+05:30,583.445786859257,583.6378142039357,570.6148742923128,574.1746826171875,6929200,0.0,0.0,BAJFINANCE.NS,631
2022-07-15 00:00:00+05:30,576.5527486352939,583.765824505065,572.4021332312084,582.4807739257812,5698590,0.0,0.0,BAJFINANCE.NS,632
2022-07-18 00:00:00+05:30,587.8671765608831,597.5371209048901,584.0711054023504,596.7197875976562,9664320,0.0,0.0,BAJFINANCE.NS,633
2022-07-19 00:00:00+05:30,594.770062379936,600.4962037124106,591.0330719458227,597.3253784179688,9785600,0.0,0.0,BAJFINANCE.NS,634
2022-07-20 00:00:00+05:30,605.5034931195269,605.5625738316179,594.9719204465152,598.157470703125,8270920,0.0,0.0,BAJFINANCE.NS,635
2022-07-21 00:00:00+05:30,598.6105594204656,618.7135713084547,594.37622066218,617.1134033203125,13254930,0.0,0.0,BAJFINANCE.NS,636
2022-07-22 00:00:00+05:30,617.5170158098325,622.8345203406792,612.2685088963808,616.2615356445312,9532950,0.0,0.0,BAJFINANCE.NS,637
2022-07-25 00:00:00+05:30,614.4645095815,623.7208900168222,609.0485563720476,613.1843872070312,7240230,0.0,0.0,BAJFINANCE.NS,638
2022-07-26 00:00:00+05:30,620.3727992166549,628.6148901694792,611.7565103386457,616.8721313476562,15304060,0.0,0.0,BAJFINANCE.NS,639
2022-07-27 00:00:00+05:30,618.3048156110328,633.1149613020903,610.0331555624259,629.8604736328125,14449890,0.0,0.0,BAJFINANCE.NS,640
2022-07-28 00:00:00+05:30,642.2334914514631,700.1300054770292,642.2334914514631,696.845947265625,64857820,0.0,0.0,BAJFINANCE.NS,641
2022-07-29 00:00:00+05:30,706.5356295097893,714.9057380126927,701.6120362727872,709.8934936523438,26067620,0.0,0.0,BAJFINANCE.NS,642
2022-08-01 00:00:00+05:30,714.0244820962666,719.8294184587601,708.2097490321758,715.0042724609375,12270770,0.0,0.0,BAJFINANCE.NS,643
2022-08-02 00:00:00+05:30,709.1402245778991,724.359007892677,707.2445931130192,722.9705810546875,12491240,0.0,0.0,BAJFINANCE.NS,644
2022-08-03 00:00:00+05:30,721.4048867445554,726.3679073973515,710.7699369352849,718.4852294921875,12186210,0.0,0.0,BAJFINANCE.NS,645
2022-08-04 00:00:00+05:30,722.680155483174,727.2147659009948,709.489829155947,720.4841918945312,9494810,0.0,0.0,BAJFINANCE.NS,646
2022-08-05 00:00:00+05:30,722.7786528419405,725.5358533929506,716.4862854416688,719.3074951171875,7580780,0.0,0.0,BAJFINANCE.NS,647
2022-08-08 00:00:00+05:30,718.8446380801798,728.4948691462439,715.2996748648775,723.0001220703125,9574820,0.0,0.0,BAJFINANCE.NS,648
2022-08-10 00:00:00+05:30,725.6392142046711,725.6392142046711,699.6426171954135,704.0147705078125,19065230,0.0,0.0,BAJFINANCE.NS,649
2022-08-11 00:00:00+05:30,713.3302317036953,721.3064289245398,710.7059179711133,720.710693359375,10270510,0.0,0.0,BAJFINANCE.NS,650
2022-08-12 00:00:00+05:30,719.0415814758921,723.0789039629386,716.0923538812965,719.770263671875,10369410,0.0,0.0,BAJFINANCE.NS,651
2022-08-16 00:00:00+05:30,722.6849686434974,727.1162021231422,716.0971991329941,717.4757690429688,8044640,0.0,0.0,BAJFINANCE.NS,652
2022-08-17 00:00:00+05:30,718.8446580678004,752.1281384345573,718.4507465429435,741.2076416015625,23444140,0.0,0.0,BAJFINANCE.NS,653
2022-08-18 00:00:00+05:30,737.5543328011682,747.28335871494,733.8517807397378,737.3820190429688,8353540,0.0,0.0,BAJFINANCE.NS,654
2022-08-19 00:00:00+05:30,739.5236681446833,742.3498057167469,715.9888695781918,719.011962890625,11004270,0.0,0.0,BAJFINANCE.NS,655
2022-08-22 00:00:00+05:30,715.0042200003065,716.8554959540722,698.0523213326999,699.3668823242188,10608620,0.0,0.0,BAJFINANCE.NS,656
2022-08-23 00:00:00+05:30,697.6731592748505,713.9210169008703,694.2266440208464,709.7556762695312,10886030,0.0,0.0,BAJFINANCE.NS,657
2022-08-24 00:00:00+05:30,705.5508997091754,712.5818051650606,703.08910312959,706.7227172851562,9530960,0.0,0.0,BAJFINANCE.NS,658
2022-08-25 00:00:00+05:30,710.257974586647,712.837932924291,691.7747842670517,693.9461059570312,13542960,0.0,0.0,BAJFINANCE.NS,659
2022-08-26 00:00:00+05:30,701.1197125113813,703.2368817516622,691.83382240769,695.418212890625,7591390,0.0,0.0,BAJFINANCE.NS,660
2022-08-29 00:00:00+05:30,677.584889788876,690.8293678622837,675.6499512682612,685.7925415039062,9967350,0.0,0.0,BAJFINANCE.NS,661
2022-08-30 00:00:00+05:30,689.3030150636228,722.2910879273819,689.3030150636228,719.4600219726562,17313810,0.0,0.0,BAJFINANCE.NS,662
2022-09-01 00:00:00+05:30,711.8137058208464,722.177893608036,703.2860687939886,707.156005859375,14625790,0.0,0.0,BAJFINANCE.NS,663
2022-09-02 00:00:00+05:30,710.6813507659866,720.124769390479,706.3830031776934,708.0471801757812,9063700,0.0,0.0,BAJFINANCE.NS,664
2022-09-05 00:00:00+05:30,708.0816467435551,714.3149326256492,704.861597525834,708.6232299804688,7070250,0.0,0.0,BAJFINANCE.NS,665
2022-09-06 00:00:00+05:30,711.8284884112204,714.4133748467445,699.6425952151785,701.0556640625,7919050,0.0,0.0,BAJFINANCE.NS,666
2022-09-07 00:00:00+05:30,696.9838730124944,709.7802875120169,696.1961100852236,705.6986694335938,7919940,0.0,0.0,BAJFINANCE.NS,667
2022-09-08 00:00:00+05:30,710.9668971335641,716.8210569822292,706.5356630101555,714.6743774414062,7722510,0.0,0.0,BAJFINANCE.NS,668
2022-09-09 00:00:00+05:30,718.8445487521789,721.207897337002,705.5508481930632,707.1165771484375,6496070,0.0,0.0,BAJFINANCE.NS,669
2022-09-12 00:00:00+05:30,710.6567280484063,720.8042472601229,707.8010197153661,717.5546875,8347160,0.0,0.0,BAJFINANCE.NS,670
2022-09-13 00:00:00+05:30,721.7988249941549,733.0246424934386,720.0657104227956,729.0315551757812,13827000,0.0,0.0,BAJFINANCE.NS,671
2022-09-14 00:00:00+05:30,716.102131872387,744.4472290904963,716.102131872387,736.9091796875,14933880,0.0,0.0,BAJFINANCE.NS,672
2022-09-15 00:00:00+05:30,737.5492492966358,741.7736701461655,725.7079849528362,727.3426513671875,7174200,0.0,0.0,BAJFINANCE.NS,673
2022-09-16 00:00:00+05:30,727.2147460728141,736.5843587491073,708.441082011467,716.294189453125,11870360,0.0,0.0,BAJFINANCE.NS,674
2022-09-19 00:00:00+05:30,716.3827930540051,740.946606139471,708.1062042383404,738.1549072265625,16481170,0.0,0.0,BAJFINANCE.NS,675
2022-09-20 00:00:00+05:30,745.4270429455759,759.7103908771328,744.9396120525612,751.8720092773438,16134500,0.0,0.0,BAJFINANCE.NS,676
2022-09-21 00:00:00+05:30,752.3250198942712,761.6798467123283,747.0124437474419,757.3126220703125,12392620,0.0,0.0,BAJFINANCE.NS,677
2022-09-22 00:00:00+05:30,755.2792105227578,765.9141600063678,748.3861799182476,760.1585083007812,12810390,0.0,0.0,BAJFINANCE.NS,678
2022-09-23 00:00:00+05:30,759.6907405384765,761.335263991665,736.0772060572135,739.2431030273438,14123310,0.0,0.0,BAJFINANCE.NS,679
2022-09-26 00:00:00+05:30,732.3353246769528,734.600165714293,702.0060000969086,714.8565673828125,18752050,0.0,0.0,BAJFINANCE.NS,680
2022-09-27 00:00:00+05:30,721.306409077177,726.7174332353683,709.9870730357596,713.2169189453125,11428290,0.0,0.0,BAJFINANCE.NS,681
2022-09-28 00:00:00+05:30,706.9295265754347,718.598418267888,705.0683939452595,709.2435913085938,8690690,0.0,0.0,BAJFINANCE.NS,682
2022-09-29 00:00:00+05:30,720.0754727792514,720.5087513652612,697.9734566964883,699.617919921875,9696320,0.0,0.0,BAJFINANCE.NS,683
2022-09-30 00:00:00+05:30,697.2791878381835,724.9498154175252,691.9420300751665,722.3649291992188,16186650,0.0,0.0,BAJFINANCE.NS,684
2022-10-03 00:00:00+05:30,722.4880290434082,728.494788297834,703.5420533149444,706.220458984375,8201980,0.0,0.0,BAJFINANCE.NS,685
2022-10-04 00:00:00+05:30,722.2910885182965,739.0313046121084,719.4698793635848,737.4262084960938,11914950,0.0,0.0,BAJFINANCE.NS,686
2022-10-06 00:00:00+05:30,743.4626075316881,748.2877531314865,723.4629734338413,729.1004638671875,15100600,0.0,0.0,BAJFINANCE.NS,687
2022-10-07 00:00:00+05:30,727.259034406889,729.4549979139831,716.1120118333273,723.2906494140625,9911960,0.0,0.0,BAJFINANCE.NS,688
2022-10-10 00:00:00+05:30,715.3980748327107,722.5865087121217,711.0652888794591,718.1947021484375,6531130,0.0,0.0,BAJFINANCE.NS,689
2022-10-11 00:00:00+05:30,719.5339450848548,724.0144030184387,706.2993237394878,709.273193359375,7322060,0.0,0.0,BAJFINANCE.NS,690
2022-10-12 00:00:00+05:30,709.4897329730901,714.7579533060247,703.5814215257083,711.5773315429688,7407310,0.0,0.0,BAJFINANCE.NS,691
2022-10-13 00:00:00+05:30,711.0161259974053,711.5577092624335,700.5977853127102,704.236328125,6086550,0.0,0.0,BAJFINANCE.NS,692
2022-10-14 00:00:00+05:30,718.8446340760893,723.2758681217638,711.0653324882551,716.1366577148438,8390120,0.0,0.0,BAJFINANCE.NS,693
2022-10-17 00:00:00+05:30,714.4085052322487,725.964165023641,710.6715145066424,724.2803344726562,6174010,0.0,0.0,BAJFINANCE.NS,694
2022-10-18 00:00:00+05:30,728.6917504010222,731.6459061458912,720.9124495652195,727.7463989257812,9069750,0.0,0.0,BAJFINANCE.NS,695
2022-10-19 00:00:00+05:30,730.365822606573,732.6306634435014,723.7681957405557,726.76171875,6271770,0.0,0.0,BAJFINANCE.NS,696
2022-10-20 00:00:00+05:30,725.7327001622386,733.5169297628352,715.0041714814201,731.8822631835938,10260540,0.0,0.0,BAJFINANCE.NS,697
2022-10-21 00:00:00+05:30,737.5542451921583,737.5542451921583,704.3741441324008,708.2835083007812,23869600,0.0,0.0,BAJFINANCE.NS,698
2022-10-24 00:00:00+05:30,719.8293880053832,719.8293880053832,708.0127633048844,709.6375732421875,2278840,0.0,0.0,BAJFINANCE.NS,699
2022-10-25 00:00:00+05:30,713.1874756970758,713.1874756970758,698.1655865133345,699.4358520507812,9098990,0.0,0.0,BAJFINANCE.NS,700
2022-10-27 00:00:00+05:30,707.6188088567663,709.9821576945134,682.5084828911491,686.4572143554688,16414580,0.0,0.0,BAJFINANCE.NS,701
2022-10-28 00:00:00+05:30,689.3030092361313,698.1654764977387,687.3335720668853,689.9775390625,8396690,0.0,0.0,BAJFINANCE.NS,702
2022-10-31 00:00:00+05:30,698.5594080866111,704.0344411706632,693.8327106623598,703.4927978515625,8189860,0.0,0.0,BAJFINANCE.NS,703
2022-11-01 00:00:00+05:30,708.697095649987,712.5423907229299,705.0585530278627,709.9329223632812,7627420,0.0,0.0,BAJFINANCE.NS,704
2022-11-02 00:00:00+05:30,709.6867750027657,712.936334673465,703.0940761321297,704.6843872070312,5859140,0.0,0.0,BAJFINANCE.NS,705
2022-11-03 00:00:00+05:30,699.6426151323416,708.5050831635746,698.3723496847497,701.2772216796875,6323130,0.0,0.0,BAJFINANCE.NS,706
2022-11-04 00:00:00+05:30,701.2772426734904,711.449403669213,701.2772426734904,710.1791381835938,9219250,0.0,0.0,BAJFINANCE.NS,707
2022-11-07 00:00:00+05:30,713.7339237224849,713.985031786931,700.2334093672391,708.0176391601562,7224940,0.0,0.0,BAJFINANCE.NS,708
2022-11-09 00:00:00+05:30,712.4439479595002,712.4439479595002,700.5928853739074,703.4830322265625,6896340,0.0,0.0,BAJFINANCE.NS,709
2022-11-10 00:00:00+05:30,704.8615556163426,705.5508706507278,685.812203317246,686.85107421875,10081820,0.0,0.0,BAJFINANCE.NS,710
2022-11-11 00:00:00+05:30,703.9753809582971,704.8468064700963,688.8106898358674,694.3694458007812,12333420,0.0,0.0,BAJFINANCE.NS,711
2022-11-14 00:00:00+05:30,694.7091939694412,699.8396000918366,689.4064740930726,691.8436889648438,8550600,0.0,0.0,BAJFINANCE.NS,712
2022-11-15 00:00:00+05:30,692.7643219723592,695.4476561228415,687.4320322749442,691.8386840820312,7195210,0.0,0.0,BAJFINANCE.NS,713
2022-11-16 00:00:00+05:30,690.3862288436708,692.734792465384,674.7883189185437,678.9684448242188,13362040,0.0,0.0,BAJFINANCE.NS,714
2022-11-17 00:00:00+05:30,676.5017197714407,684.3794690555331,672.7598008819882,678.9684448242188,7339440,0.0,0.0,BAJFINANCE.NS,715
2022-11-18 00:00:00+05:30,680.4307642552582,682.2131026964798,664.685121873493,668.771728515625,13276890,0.0,0.0,BAJFINANCE.NS,716
2022-11-21 00:00:00+05:30,664.3896468540382,664.3896468540382,650.9334288123596,657.703369140625,10717480,0.0,0.0,BAJFINANCE.NS,717
2022-11-22 00:00:00+05:30,657.8167219409515,662.4941356829894,655.8522129774923,658.2893676757812,9587690,0.0,0.0,BAJFINANCE.NS,718
2022-11-23 00:00:00+05:30,661.5831929723248,670.1010332329471,658.7767688946975,667.6441650390625,8936670,0.0,0.0,BAJFINANCE.NS,719
2022-11-24 00:00:00+05:30,670.9823866695864,673.5327743268097,663.4344797189164,666.7874755859375,7546110,0.0,0.0,BAJFINANCE.NS,720
2022-11-25 00:00:00+05:30,666.654581992173,667.4423449577866,657.2997540321647,664.43896484375,8590580,0.0,0.0,BAJFINANCE.NS,721
2022-11-28 00:00:00+05:30,662.6171896491579,672.8385738287511,662.5728340370748,667.3881225585938,6040540,0.0,0.0,BAJFINANCE.NS,722
2022-11-29 00:00:00+05:30,667.146864776057,670.4850753210754,661.8293601892585,663.124267578125,6818600,0.0,0.0,BAJFINANCE.NS,723
2022-11-30 00:00:00+05:30,663.208021465356,665.0986644751437,657.5951130493893,661.824462890625,14828310,0.0,0.0,BAJFINANCE.NS,724
2022-12-01 00:00:00+05:30,665.1380918939528,666.6545370029834,660.450821426549,664.4635620117188,9816160,0.0,0.0,BAJFINANCE.NS,725
2022-12-02 00:00:00+05:30,662.7353967090388,663.8924291575591,654.5425299374402,657.3735961914062,14386020,0.0,0.0,BAJFINANCE.NS,726
2022-12-05 00:00:00+05:30,657.2554303703021,659.6630747807742,653.0654475341939,655.866943359375,10292500,0.0,0.0,BAJFINANCE.NS,727
2022-12-06 00:00:00+05:30,657.2406393991919,663.2080322069331,653.0654418046611,659.6187133789062,8409800,0.0,0.0,BAJFINANCE.NS,728
2022-12-07 00:00:00+05:30,662.2183573870607,662.2183573870607,650.012750604315,652.3958129882812,9610270,0.0,0.0,BAJFINANCE.NS,729
2022-12-08 00:00:00+05:30,657.7920610482306,657.7920610482306,645.9754371970648,648.1369018554688,11377840,0.0,0.0,BAJFINANCE.NS,730
2022-12-09 00:00:00+05:30,650.1605603103147,651.6868623655222,639.0824742770077,641.7855224609375,11312920,0.0,0.0,BAJFINANCE.NS,731
2022-12-12 00:00:00+05:30,640.8647428945579,643.9075499714252,629.4321737803,640.7072143554688,11000480,0.0,0.0,BAJFINANCE.NS,732
2022-12-13 00:00:00+05:30,640.7564499796543,654.6409591724566,640.7564499796543,651.8936157226562,9586360,0.0,0.0,BAJFINANCE.NS,733
2022-12-14 00:00:00+05:30,655.6256655548304,658.6339738201455,652.5336345673294,655.3499755859375,6782830,0.0,0.0,BAJFINANCE.NS,734
2022-12-15 00:00:00+05:30,653.0654753645289,661.1401809909034,650.3082749342321,652.41552734375,8577060,0.0,0.0,BAJFINANCE.NS,735
2022-12-16 00:00:00+05:30,648.9295505581281,659.2986661559809,645.9753947892747,649.6090087890625,8802330,0.0,0.0,BAJFINANCE.NS,736
2022-12-19 00:00:00+05:30,649.9241766617723,660.2538658564669,649.6189162792704,658.4813842773438,6595590,0.0,0.0,BAJFINANCE.NS,737
2022-12-20 00:00:00+05:30,655.8226079590064,659.6482494551601,648.4372182297383,654.1337890625,6077160,0.0,0.0,BAJFINANCE.NS,738
2022-12-21 00:00:00+05:30,659.1608157491514,659.1608157491514,640.5594664719038,642.6962890625,6223900,0.0,0.0,BAJFINANCE.NS,739
2022-12-22 00:00:00+05:30,646.9601017689865,647.4524610549599,630.9092010667456,639.1463623046875,8497060,0.0,0.0,BAJFINANCE.NS,740
2022-12-23 00:00:00+05:30,635.1435067207511,636.7190324638829,624.3165303562427,627.71875,9943030,0.0,0.0,BAJFINANCE.NS,741
2022-12-26 00:00:00+05:30,627.7237195981054,637.1031289607438,620.3727682090858,633.5384521484375,5305350,0.0,0.0,BAJFINANCE.NS,742
2022-12-27 00:00:00+05:30,636.7190508841862,643.0212742439455,633.1740878083567,640.5299072265625,7810350,0.0,0.0,BAJFINANCE.NS,743
2022-12-28 00:00:00+05:30,637.6053184212307,646.9601454868704,636.5270803612648,637.713623046875,7559340,0.0,0.0,BAJFINANCE.NS,744
2022-12-29 00:00:00+05:30,634.1588211400672,642.0857943838265,630.4562693381356,641.1405029296875,5218800,0.0,0.0,BAJFINANCE.NS,745
2022-12-30 00:00:00+05:30,644.9907187615337,661.7210790867565,641.5442034704415,647.4722290039062,15202660,0.0,0.0,BAJFINANCE.NS,746
2023-01-02 00:00:00+05:30,646.4677938329976,650.8990277587379,638.5654026244448,645.3599853515625,5793400,0.0,0.0,BAJFINANCE.NS,747
2023-01-03 00:00:00+05:30,646.4678205564096,655.8226481196783,643.0213051383632,650.52978515625,7420810,0.0,0.0,BAJFINANCE.NS,748
2023-01-04 00:00:00+05:30,649.4219425249626,653.6562206528525,644.9907086487498,647.05859375,6712530,0.0,0.0,BAJFINANCE.NS,749
2023-01-05 00:00:00+05:30,639.082451415914,639.082451415914,593.2979591846919,600.683349609375,51023000,0.0,0.0,BAJFINANCE.NS,750
2023-01-06 00:00:00+05:30,603.6325357687522,604.6123260226925,585.0804098556723,588.901123046875,29319220,0.0,0.0,BAJFINANCE.NS,751
2023-01-09 00:00:00+05:30,592.8007065529271,598.5120634660005,586.4000344722061,590.1764526367188,14005480,0.0,0.0,BAJFINANCE.NS,752
2023-01-10 00:00:00+05:30,590.7327412181287,592.3082670145914,578.5222059369449,581.3926391601562,11203750,0.0,0.0,BAJFINANCE.NS,753
2023-01-11 00:00:00+05:30,583.9382013556052,585.8091909658572,577.5916819886103,580.5655517578125,11088910,0.0,0.0,BAJFINANCE.NS,754
2023-01-12 00:00:00+05:30,581.6290251575169,587.3748200353668,576.7497274005243,580.8264770507812,14769490,0.0,0.0,BAJFINANCE.NS,755
2023-01-13 00:00:00+05:30,582.9533785282215,589.3540490694942,578.2267415336179,588.6450805664062,11084900,0.0,0.0,BAJFINANCE.NS,756
2023-01-16 00:00:00+05:30,590.8311712760601,597.9408108545704,588.3250792199182,591.904541015625,9083390,0.0,0.0,BAJFINANCE.NS,757
2023-01-17 00:00:00+05:30,592.7956360030755,592.7956360030755,584.9228160398264,589.34912109375,8170050,0.0,0.0,BAJFINANCE.NS,758
2023-01-18 00:00:00+05:30,591.2201108310522,595.6562726902733,589.3540499530534,590.6981811523438,7962810,0.0,0.0,BAJFINANCE.NS,759
2023-01-19 00:00:00+05:30,589.1571861577673,593.7509373585941,586.9563542879763,592.0571899414062,5481420,0.0,0.0,BAJFINANCE.NS,760
2023-01-20 00:00:00+05:30,592.0620643535365,592.7759613049145,574.7999182684042,577.08447265625,8330900,0.0,0.0,BAJFINANCE.NS,761
2023-01-23 00:00:00+05:30,579.113057855538,584.4305630089885,575.1741829574152,577.340576171875,8560640,0.0,0.0,BAJFINANCE.NS,762
2023-01-24 00:00:00+05:30,580.2307208525108,583.0519303703655,575.3366976607794,576.5577392578125,6081450,0.0,0.0,BAJFINANCE.NS,763
2023-01-25 00:00:00+05:30,576.065322969427,576.5576822810236,568.8719606392941,570.7330932617188,8278370,0.0,0.0,BAJFINANCE.NS,764
2023-01-27 00:00:00+05:30,572.6139220482943,577.1978164299509,559.3202196447655,567.2669067382812,16213520,0.0,0.0,BAJFINANCE.NS,765
2023-01-30 00:00:00+05:30,568.1875652988128,597.3499972625272,568.1875652988128,592.9778442382812,24481600,0.0,0.0,BAJFINANCE.NS,766
2023-01-31 00:00:00+05:30,595.7548201119877,595.7548201119877,578.423794840623,579.6448364257812,19967880,0.0,0.0,BAJFINANCE.NS,767
2023-02-01 00:00:00+05:30,585.3167907681543,588.9011209834347,562.1660456440967,572.8305053710938,26348660,0.0,0.0,BAJFINANCE.NS,768
2023-02-02 00:00:00+05:30,573.0077816271294,573.0077816271294,555.8736538191793,563.0276489257812,20250440,0.0,0.0,BAJFINANCE.NS,769
2023-02-03 00:00:00+05:30,568.1826350930261,593.7853188233877,565.9227227232062,592.234375,14868920,0.0,0.0,BAJFINANCE.NS,770
2023-02-06 00:00:00+05:30,590.8312278193615,603.0417639019458,586.4590743293998,601.0919799804688,10738200,0.0,0.0,BAJFINANCE.NS,771
2023-02-07 00:00:00+05:30,602.9383172267305,608.7531099766406,600.678404647769,606.640869140625,14721930,0.0,0.0,BAJFINANCE.NS,772
2023-02-08 00:00:00+05:30,607.078990016185,627.9550354322034,606.862380782955,625.458740234375,19032080,0.0,0.0,BAJFINANCE.NS,773
2023-02-09 00:00:00+05:30,627.7483791122133,638.8658928460247,623.8440027218933,635.635986328125,18381540,0.0,0.0,BAJFINANCE.NS,774
2023-02-10 00:00:00+05:30,635.5324130505301,642.7848551582264,632.1892745233439,633.715576171875,12912820,0.0,0.0,BAJFINANCE.NS,775
2023-02-13 00:00:00+05:30,633.6614641340898,637.423096240687,620.0822168462499,624.8531494140625,7365570,0.0,0.0,BAJFINANCE.NS,776
2023-02-14 00:00:00+05:30,625.6705548834475,637.3443755120701,621.3574822900994,636.000244140625,10340900,0.0,0.0,BAJFINANCE.NS,777
2023-02-15 00:00:00+05:30,635.1435682085827,639.6732502354428,629.9540813719826,639.0775146484375,6189790,0.0,0.0,BAJFINANCE.NS,778
2023-02-16 00:00:00+05:30,640.5594474361687,642.5042426245285,632.1893393605231,633.8928833007812,5290480,0.0,0.0,BAJFINANCE.NS,779
2023-02-17 00:00:00+05:30,631.2046962077198,637.6841621800075,627.0196416696812,631.8644409179688,6160440,0.0,0.0,BAJFINANCE.NS,780
2023-02-20 00:00:00+05:30,632.6817548647725,634.5083887919454,624.6070496304424,627.009765625,4657320,0.0,0.0,BAJFINANCE.NS,781
2023-02-21 00:00:00+05:30,629.7276408295902,631.0324051942566,625.4933622237071,628.1766967773438,4485090,0.0,0.0,BAJFINANCE.NS,782
2023-02-22 00:00:00+05:30,623.4253142166646,626.2810221637382,609.0484468683524,610.392578125,9347000,0.0,0.0,BAJFINANCE.NS,783
2023-02-23 00:00:00+05:30,611.9041937016673,616.6751267160316,602.9087792094288,610.7569580078125,8097680,0.0,0.0,BAJFINANCE.NS,784
2023-02-24 00:00:00+05:30,615.818411405972,618.9941049373014,610.525548785453,614.0951538085938,6077610,0.0,0.0,BAJFINANCE.NS,785
2023-02-27 00:00:00+05:30,612.0026088599851,614.5628531746529,604.1248600733722,609.9839477539062,5950040,0.0,0.0,BAJFINANCE.NS,786
2023-02-28 00:00:00+05:30,612.4949650316829,615.1142900447776,599.6936233188021,601.869873046875,9778520,0.0,0.0,BAJFINANCE.NS,787
2023-03-01 00:00:00+05:30,600.6882183748093,610.9145309173117,600.6882183748093,606.0795288085938,5448040,0.0,0.0,BAJFINANCE.NS,788
2023-03-02 00:00:00+05:30,607.0986900670591,611.4708427639363,597.7290787875628,599.0042724609375,5822980,0.0,0.0,BAJFINANCE.NS,789
2023-03-03 00:00:00+05:30,602.8251008120409,604.7157439320706,598.0196686341835,600.683349609375,7120370,0.0,0.0,BAJFINANCE.NS,790
2023-03-06 00:00:00+05:30,604.6171908655346,608.8514686182069,602.6526821626935,604.1100463867188,6084770,0.0,0.0,BAJFINANCE.NS,791
2023-03-08 00:00:00+05:30,603.5340793855903,603.5340793855903,589.3541069077302,590.52099609375,13427950,0.0,0.0,BAJFINANCE.NS,792
2023-03-09 00:00:00+05:30,590.8312294633503,594.7701043264393,580.009180393407,581.112060546875,9408580,0.0,0.0,BAJFINANCE.NS,793
2023-03-10 00:00:00+05:30,577.5374806464574,579.7432407771199,569.2658200540168,578.4384765625,7708610,0.0,0.0,BAJFINANCE.NS,794
2023-03-13 00:00:00+05:30,577.931422785115,585.6614404550556,572.2200063052675,574.4405517578125,7933560,0.0,0.0,BAJFINANCE.NS,795
2023-03-14 00:00:00+05:30,575.07572999813,576.0604487138802,562.8799790871698,564.396484375,13725650,0.0,0.0,BAJFINANCE.NS,796
2023-03-15 00:00:00+05:30,571.1368254781421,573.1062628073771,561.3880866574459,563.135986328125,6794730,0.0,0.0,BAJFINANCE.NS,797
2023-03-16 00:00:00+05:30,564.2142622091911,566.7056294467311,557.8431608715432,562.776611328125,8849630,0.0,0.0,BAJFINANCE.NS,798
2023-03-17 00:00:00+05:30,565.2334112548489,572.786186174397,560.1177908571459,564.4751586914062,10471510,0.0,0.0,BAJFINANCE.NS,799
2023-03-20 00:00:00+05:30,565.1300688343298,565.2728121718287,540.1871280909953,546.59765625,17127560,0.0,0.0,BAJFINANCE.NS,800
2023-03-21 00:00:00+05:30,551.6197202550104,562.7667432745995,550.0786330683665,562.2842407226562,11301140,0.0,0.0,BAJFINANCE.NS,801
2023-03-22 00:00:00+05:30,566.1934891003622,576.7497038892943,564.7361247853146,574.5045166015625,12425340,0.0,0.0,BAJFINANCE.NS,802
2023-03-23 00:00:00+05:30,572.0723032332304,580.9839948627526,568.428832261905,574.3912963867188,10544190,0.0,0.0,BAJFINANCE.NS,803
2023-03-24 00:00:00+05:30,571.5208757687667,574.0663350315745,554.1208538255656,556.2921752929688,12780420,0.0,0.0,BAJFINANCE.NS,804
2023-03-27 00:00:00+05:30,561.09273623176,563.7514888985867,549.9211307725503,550.7581176757812,11187430,0.0,0.0,BAJFINANCE.NS,805
2023-03-28 00:00:00+05:30,553.5152467613651,553.845149139584,543.8305774925232,544.9876098632812,9481360,0.0,0.0,BAJFINANCE.NS,806
2023-03-29 00:00:00+05:30,547.7153063645889,555.9721216986222,547.0112060898874,553.9239501953125,11096120,0.0,0.0,BAJFINANCE.NS,807
2023-03-31 00:00:00+05:30,560.6988458480981,560.6988458480981,550.0835495259977,553.0918579101562,12678280,0.0,0.0,BAJFINANCE.NS,808
2023-04-03 00:00:00+05:30,556.8583664636167,564.6376674189438,554.613179213843,562.7716064453125,7453860,0.0,0.0,BAJFINANCE.NS,809
2023-04-05 00:00:00+05:30,574.2879571826086,585.6171506209325,565.5387219270425,567.3259887695312,24333290,0.0,0.0,BAJFINANCE.NS,810
2023-04-06 00:00:00+05:30,567.2964654753546,586.7939454136422,561.8362166654957,584.1548461914062,17405020,0.0,0.0,BAJFINANCE.NS,811
2023-04-10 00:00:00+05:30,585.4102751620987,587.8671432435414,572.2199503755209,573.9727783203125,9282570,0.0,0.0,BAJFINANCE.NS,812
2023-04-11 00:00:00+05:30,576.8481450843242,579.0145380294148,572.2347408376268,574.8541259765625,8116200,0.0,0.0,BAJFINANCE.NS,813
2023-04-12 00:00:00+05:30,574.7803030617737,578.6945357569375,569.7582017539212,576.7448120117188,10230690,0.0,0.0,BAJFINANCE.NS,814
2023-04-13 00:00:00+05:30,576.7448273764676,584.6275053941237,576.099807777481,581.4222412109375,8330060,0.0,0.0,BAJFINANCE.NS,815
2023-04-17 00:00:00+05:30,590.6342104824885,590.6342104824885,580.9839801213035,587.0350952148438,6728570,0.0,0.0,BAJFINANCE.NS,816
2023-04-18 00:00:00+05:30,588.369326533777,590.2403157972075,578.0544238878259,582.5250244140625,6408890,0.0,0.0,BAJFINANCE.NS,817
2023-04-19 00:00:00+05:30,582.5251274878098,586.8923525730764,579.014602874109,585.6860961914062,5549280,0.0,0.0,BAJFINANCE.NS,818
2023-04-20 00:00:00+05:30,586.8922576286975,587.4781363185967,579.6201014978961,582.2345581054688,4367310,0.0,0.0,BAJFINANCE.NS,819
2023-04-21 00:00:00+05:30,582.2641246356035,585.4152363302019,573.8940161262567,584.716064453125,6431010,0.0,0.0,BAJFINANCE.NS,820
2023-04-24 00:00:00+05:30,584.9228832436934,587.3551094814027,578.7191677146304,584.3074340820312,5448920,0.0,0.0,BAJFINANCE.NS,821
2023-04-25 00:00:00+05:30,586.8825077364672,599.9596013525845,583.8101900994203,598.2412719726562,14944750,0.0,0.0,BAJFINANCE.NS,822
2023-04-26 00:00:00+05:30,600.6784130082559,602.6281368209708,592.1409186225487,596.3406982421875,9740070,0.0,0.0,BAJFINANCE.NS,823
2023-04-27 00:00:00+05:30,598.2166055237158,615.8873896679007,597.330334659734,610.530517578125,28271360,0.0,0.0,BAJFINANCE.NS,824
2023-04-28 00:00:00+05:30,614.8485310781757,619.9788771026875,601.7615809286756,618.4132080078125,14896680,0.0,0.0,BAJFINANCE.NS,825
2023-05-02 00:00:00+05:30,623.3268891949851,623.7848098003745,612.9676300343461,615.3654174804688,9912540,0.0,0.0,BAJFINANCE.NS,826
2023-05-03 00:00:00+05:30,614.2724534912477,615.9415589327853,606.1878911687692,608.580810546875,6682510,0.0,0.0,BAJFINANCE.NS,827
2023-05-04 00:00:00+05:30,610.230186906588,630.1215165528652,608.7678940700747,629.2598876953125,12451410,0.0,0.0,BAJFINANCE.NS,828
2023-05-05 00:00:00+05:30,628.2455970956864,634.9466005824656,623.4893889846277,629.220458984375,11600400,0.0,0.0,BAJFINANCE.NS,829
2023-05-08 00:00:00+05:30,629.673415517007,659.2789837175087,629.0382527638926,655.6207275390625,22247350,0.0,0.0,BAJFINANCE.NS,830
2023-05-09 00:00:00+05:30,654.8378675732911,663.6855497504256,644.2029187369524,645.2122192382812,21307700,0.0,0.0,BAJFINANCE.NS,831
2023-05-10 00:00:00+05:30,649.0230874379074,656.3149576394034,642.5288970138196,653.0161743164062,8353210,0.0,0.0,BAJFINANCE.NS,832
2023-05-11 00:00:00+05:30,655.7242065841472,657.7920918138354,652.3761389620748,656.162353515625,5674940,0.0,0.0,BAJFINANCE.NS,833
2023-05-12 00:00:00+05:30,654.8379137728433,663.0750758086454,650.3771093606697,661.1795043945312,9120780,0.0,0.0,BAJFINANCE.NS,834
2023-05-15 00:00:00+05:30,661.1794687958885,664.6850646587312,658.3631879835532,660.97265625,7390760,0.0,0.0,BAJFINANCE.NS,835
2023-05-16 00:00:00+05:30,661.7309201270361,674.4338145097428,659.7614828647534,668.0922241210938,12651330,0.0,0.0,BAJFINANCE.NS,836
2023-05-17 00:00:00+05:30,668.1316099306416,670.6377020883552,656.0195824490743,660.2587890625,7407850,0.0,0.0,BAJFINANCE.NS,837
2023-05-18 00:00:00+05:30,665.650152309137,672.6269061945728,664.2075730174507,668.56494140625,11067180,0.0,0.0,BAJFINANCE.NS,838
2023-05-19 00:00:00+05:30,669.6086676725536,671.5781049304139,660.9431557584586,668.0527954101562,5928340,0.0,0.0,BAJFINANCE.NS,839
2023-05-22 00:00:00+05:30,668.0528307571432,671.3811847072285,665.8569273312282,668.92431640625,4197920,0.0,0.0,BAJFINANCE.NS,840
2023-05-23 00:00:00+05:30,670.5983525499395,676.8907193685205,665.3842839441708,667.6934204101562,7901960,0.0,0.0,BAJFINANCE.NS,841
2023-05-24 00:00:00+05:30,666.5561133817886,674.3895073819222,662.6910443947199,668.2251586914062,5539360,0.0,0.0,BAJFINANCE.NS,842
2023-05-25 00:00:00+05:30,667.4422661352725,674.3352964496577,664.3010113450472,673.6607666015625,5302600,0.0,0.0,BAJFINANCE.NS,843
2023-05-26 00:00:00+05:30,674.1974275107041,681.4252886650349,673.6657010899592,679.8989868164062,6940730,0.0,0.0,BAJFINANCE.NS,844
2023-05-29 00:00:00+05:30,683.4144866155344,686.5360280439613,679.6331403889623,682.6119384765625,6407280,0.0,0.0,BAJFINANCE.NS,845
2023-05-30 00:00:00+05:30,684.1825039141377,691.1494003621441,682.414950771463,689.8742065429688,8819230,0.0,0.0,BAJFINANCE.NS,846
2023-05-31 00:00:00+05:30,689.7855953248534,691.8633373656315,682.1441685656824,688.3035888671875,21476270,0.0,0.0,BAJFINANCE.NS,847
2023-06-01 00:00:00+05:30,691.6664489134719,694.9455189580734,684.487811021188,693.2911987304688,5900260,0.0,0.0,BAJFINANCE.NS,848
2023-06-02 00:00:00+05:30,696.7623190323002,699.1502497662922,689.7954224806869,691.6565551757812,6642090,0.0,0.0,BAJFINANCE.NS,849
2023-06-05 00:00:00+05:30,696.1961679884508,698.3231340792297,690.5881874003501,693.55712890625,5771620,0.0,0.0,BAJFINANCE.NS,850
2023-06-06 00:00:00+05:30,691.7648946471262,702.3013968779019,691.7648946471262,700.5239868164062,6905860,0.0,0.0,BAJFINANCE.NS,851
2023-06-07 00:00:00+05:30,701.1196450970233,703.187530121637,695.4082892220608,697.1758422851562,5344830,0.0,0.0,BAJFINANCE.NS,852
2023-06-08 00:00:00+05:30,697.1807809393324,700.233384611503,688.8254578974381,690.297607421875,4553600,0.0,0.0,BAJFINANCE.NS,853
2023-06-09 00:00:00+05:30,690.5585878269096,697.4269762951523,690.4896503098628,692.9613037109375,4473610,0.0,0.0,BAJFINANCE.NS,854
2023-06-12 00:00:00+05:30,694.2414857831197,700.1350129230075,693.3995104042349,698.923828125,5132550,0.0,0.0,BAJFINANCE.NS,855
2023-06-13 00:00:00+05:30,699.1502812595091,708.9974683195022,699.1502812595091,705.7232666015625,8001340,0.0,0.0,BAJFINANCE.NS,856
2023-06-14 00:00:00+05:30,707.2249202744641,707.2249202744641,697.3826625401954,698.8400268554688,4015200,0.0,0.0,BAJFINANCE.NS,857
2023-06-15 00:00:00+05:30,698.6579076826313,703.2565271173365,694.8174807664366,701.7695922851562,4370180,0.0,0.0,BAJFINANCE.NS,858
2023-06-16 00:00:00+05:30,706.0432270779445,710.8289449875243,702.2028005465812,709.3125,14148580,0.0,0.0,BAJFINANCE.NS,859
2023-06-19 00:00:00+05:30,710.1741752560579,728.578569261232,709.2189669105896,727.3328857421875,11845900,0.0,0.0,BAJFINANCE.NS,860
2023-06-20 00:00:00+05:30,726.343171861735,726.343171861735,709.0958118387119,713.8027954101562,8638260,0.0,0.0,BAJFINANCE.NS,861
2023-06-21 00:00:00+05:30,716.3828249321817,717.4561947163365,706.7325940876074,709.60302734375,5468040,0.0,0.0,BAJFINANCE.NS,862
2023-06-22 00:00:00+05:30,709.0072757883652,709.4060555832675,691.2724835109575,692.2572021484375,8271940,0.0,0.0,BAJFINANCE.NS,863
2023-06-23 00:00:00+05:30,691.3659884883805,694.7189842281282,684.9801026823255,688.2838745117188,8152260,0.0,0.0,BAJFINANCE.NS,864
2023-06-26 00:00:00+05:30,688.3182874365443,692.7495210466509,683.8870538264379,689.1749877929688,5635390,0.0,0.0,BAJFINANCE.NS,865
2023-06-27 00:00:00+05:30,692.2571929401386,692.2571929401386,684.7733554358218,691.1986083984375,7097890,0.0,0.0,BAJFINANCE.NS,866
2023-06-28 00:00:00+05:30,694.655003675572,701.6120433941683,693.241934806308,698.1852416992188,7097820,0.0,0.0,BAJFINANCE.NS,867
2023-06-30 00:00:00+05:30,702.1210812170924,711.5156590643634,701.2508418089282,708.1138305664062,8879080,3.0,0.0,BAJFINANCE.NS,868
2023-07-03 00:00:00+05:30,708.1137994567265,727.3380740107673,708.0544676977694,725.1624755859375,12092270,0.0,0.0,BAJFINANCE.NS,869
2023-07-04 00:00:00+05:30,756.5106994484865,783.2110770760802,752.8171616958847,777.3221435546875,41622080,0.0,0.0,BAJFINANCE.NS,870
2023-07-05 00:00:00+05:30,779.250544696842,791.112430288278,769.3664649278425,775.17626953125,19786660,0.0,0.0,BAJFINANCE.NS,871
2023-07-06 00:00:00+05:30,768.970870050489,773.7176522515389,764.9163923080888,768.0067138671875,10459840,0.0,0.0,BAJFINANCE.NS,872
2023-07-07 00:00:00+05:30,763.4330800487938,766.2910240700928,752.1200278472285,753.7764282226562,10949150,0.0,0.0,BAJFINANCE.NS,873
2023-07-10 00:00:00+05:30,753.7763690621692,754.5279449050445,734.9822650786477,744.9652709960938,14515180,0.0,0.0,BAJFINANCE.NS,874
2023-07-11 00:00:00+05:30,748.3027748224132,759.4773645997745,729.9091461838095,736.1392822265625,16750430,0.0,0.0,BAJFINANCE.NS,875
2023-07-12 00:00:00+05:30,738.7006237969854,742.4683417182324,731.6052570214027,734.94775390625,11317550,0.0,0.0,BAJFINANCE.NS,876
2023-07-13 00:00:00+05:30,738.705538853855,743.9417629643731,733.3703882356988,739.1654052734375,7470520,0.0,0.0,BAJFINANCE.NS,877
2023-07-14 00:00:00+05:30,739.106067385201,743.5462318437566,731.778262939339,739.9317626953125,7266000,0.0,0.0,BAJFINANCE.NS,878
2023-07-17 00:00:00+05:30,743.6549958800384,745.8305943757243,735.941565175192,742.760009765625,5067440,0.0,0.0,BAJFINANCE.NS,879
2023-07-18 00:00:00+05:30,743.6549588843498,747.1161189323487,729.127973297149,733.7659301757812,13097090,0.0,0.0,BAJFINANCE.NS,880
2023-07-19 00:00:00+05:30,735.9365489007421,751.4672847479007,734.7548027758135,750.0531005859375,9759430,0.0,0.0,BAJFINANCE.NS,881
2023-07-20 00:00:00+05:30,746.7205248101284,755.2399736423955,741.8749370149387,751.2299194335938,6494360,0.0,0.0,BAJFINANCE.NS,882
2023-07-21 00:00:00+05:30,751.2299809896789,757.2722238262216,744.9504714625906,749.761474609375,6733940,0.0,0.0,BAJFINANCE.NS,883
2023-07-24 00:00:00+05:30,749.7515924098436,755.9965170288039,747.6452242722853,749.7466430664062,5843420,0.0,0.0,BAJFINANCE.NS,884
2023-07-25 00:00:00+05:30,756.451361440595,756.451361440595,745.7365771486303,752.2040405273438,8508690,0.0,0.0,BAJFINANCE.NS,885
2023-07-26 00:00:00+05:30,755.0273473940453,764.8175100299142,724.9646757580742,735.0663452148438,22288660,0.0,0.0,BAJFINANCE.NS,886
2023-07-27 00:00:00+05:30,749.380756168841,749.380756168841,718.7050272358173,720.3267822265625,21471720,0.0,0.0,BAJFINANCE.NS,887
2023-07-28 00:00:00+05:30,723.7780851969835,731.254189001507,712.9990190187492,729.9685668945312,10070500,0.0,0.0,BAJFINANCE.NS,888
2023-07-31 00:00:00+05:30,726.3492001211957,728.8115587529832,720.0251465864335,721.9288330078125,7493150,0.0,0.0,BAJFINANCE.NS,889
2023-08-01 00:00:00+05:30,721.9288720609418,724.8658849422148,716.3613434502885,718.9027709960938,7527650,0.0,0.0,BAJFINANCE.NS,890
2023-08-02 00:00:00+05:30,720.9103029859351,720.9103029859351,706.5712091679707,712.351318359375,8985360,0.0,0.0,BAJFINANCE.NS,891
2023-08-03 00:00:00+05:30,709.5377930936302,714.4130768889494,694.016955658906,702.94677734375,10818980,0.0,0.0,BAJFINANCE.NS,892
2023-08-04 00:00:00+05:30,705.9778048769389,712.5045398777197,699.2829129254101,706.93701171875,7313490,0.0,0.0,BAJFINANCE.NS,893
2023-08-07 00:00:00+05:30,708.2522871085881,710.3042727499725,699.3125660356488,704.3115234375,7184090,0.0,0.0,BAJFINANCE.NS,894
2023-08-08 00:00:00+05:30,705.5822024097894,712.5045225455547,700.65253605613,709.3993530273438,8073620,0.0,0.0,BAJFINANCE.NS,895
2023-08-09 00:00:00+05:30,712.0101166909211,713.3946049498472,701.1321843525876,704.6279296875,5115720,0.0,0.0,BAJFINANCE.NS,896
2023-08-10 00:00:00+05:30,702.1259979941526,709.4389541463732,701.3299384143273,706.4573974609375,6161300,0.0,0.0,BAJFINANCE.NS,897
2023-08-11 00:00:00+05:30,706.4574213516,707.9556237595651,695.3025674550223,698.2247924804688,6303960,0.0,0.0,BAJFINANCE.NS,898
2023-08-14 00:00:00+05:30,696.1876780306222,698.0567190953092,686.3530309325464,694.0170288085938,6937850,0.0,0.0,BAJFINANCE.NS,899
2023-08-16 00:00:00+05:30,691.6387165229881,691.6387165229881,684.3208108762607,690.402587890625,5987950,0.0,0.0,BAJFINANCE.NS,900
2023-08-17 00:00:00+05:30,694.209835394404,694.209835394404,682.6396593995953,684.6422119140625,7101180,0.0,0.0,BAJFINANCE.NS,901
2023-08-18 00:00:00+05:30,681.7002020625492,683.9054966119958,676.9040470556215,678.5950927734375,7455330,0.0,0.0,BAJFINANCE.NS,902
2023-08-21 00:00:00+05:30,672.5528834699409,698.4621532675251,672.5528834699409,696.9985961914062,12308310,0.0,0.0,BAJFINANCE.NS,903
2023-08-22 00:00:00+05:30,697.2803730605823,707.4116786323672,697.176557568646,699.1494140625,12487800,0.0,0.0,BAJFINANCE.NS,904
2023-08-23 00:00:00+05:30,702.121038197563,706.9666864071334,692.528668280197,703.747802734375,8032480,0.0,0.0,BAJFINANCE.NS,905
2023-08-24 00:00:00+05:30,707.0655408013581,710.620617590687,704.1976983808458,705.824462890625,9103600,0.0,0.0,BAJFINANCE.NS,906
2023-08-25 00:00:00+05:30,703.6044018944215,719.733405516507,702.2199137138255,713.1473388671875,13032760,0.0,0.0,BAJFINANCE.NS,907
2023-08-28 00:00:00+05:30,714.4774555576948,718.0424314953203,705.8888355684554,715.5306396484375,7036260,0.0,0.0,BAJFINANCE.NS,908
2023-08-29 00:00:00+05:30,716.9545396535817,722.9818733289762,715.5700515718052,721.241455078125,14183050,0.0,0.0,BAJFINANCE.NS,909
2023-08-30 00:00:00+05:30,724.4702328383768,724.9548459549089,717.7457052601033,718.7445068359375,4602680,0.0,0.0,BAJFINANCE.NS,910
2023-08-31 00:00:00+05:30,719.9213112563809,720.4157627064197,705.5822192052581,708.3511352539062,14129800,0.0,0.0,BAJFINANCE.NS,911
2023-09-01 00:00:00+05:30,708.899933520938,724.8064575987127,707.5599894731322,723.9362182617188,6760760,0.0,0.0,BAJFINANCE.NS,912
2023-09-04 00:00:00+05:30,728.821435581415,728.821435581415,717.7853058008894,718.9571533203125,5813630,0.0,0.0,BAJFINANCE.NS,913
2023-09-05 00:00:00+05:30,720.2179611617435,727.6792165505018,719.9213023669519,726.3590698242188,12213530,0.0,0.0,BAJFINANCE.NS,914
2023-09-06 00:00:00+05:30,723.4121799251719,731.4914998577635,720.9794570202578,730.5817260742188,6051570,0.0,0.0,BAJFINANCE.NS,915
2023-09-07 00:00:00+05:30,729.8103364368986,730.5817096666859,722.2650025201771,728.1489868164062,5496220,0.0,0.0,BAJFINANCE.NS,916
2023-09-08 00:00:00+05:30,730.7992826156731,736.7277509931089,728.8214767087295,732.8413696289062,6246420,0.0,0.0,BAJFINANCE.NS,917
2023-09-11 00:00:00+05:30,734.2604152981893,736.1393549821572,728.030338997531,730.96240234375,4068490,0.0,0.0,BAJFINANCE.NS,918
2023-09-12 00:00:00+05:30,733.8648238845564,737.6227032212357,722.4430073687112,734.8834228515625,9635170,0.0,0.0,BAJFINANCE.NS,919
2023-09-13 00:00:00+05:30,734.6856846544025,742.4930930062787,729.8746813076328,739.2940063476562,5798460,0.0,0.0,BAJFINANCE.NS,920
2023-09-14 00:00:00+05:30,739.2939777757487,742.8342068543316,734.4631772415403,741.113525390625,6503720,0.0,0.0,BAJFINANCE.NS,921
2023-09-15 00:00:00+05:30,741.5783298598583,748.119913071407,737.2815152515639,740.9058227539062,7874940,0.0,0.0,BAJFINANCE.NS,922
2023-09-18 00:00:00+05:30,740.5795491959524,747.6106347271459,738.2160566452571,746.4882202148438,7066180,0.0,0.0,BAJFINANCE.NS,923
2023-09-20 00:00:00+05:30,740.5547755441771,756.2140750115316,739.9960429800516,745.533935546875,8441900,0.0,0.0,BAJFINANCE.NS,924
2023-09-21 00:00:00+05:30,744.643938609928,749.9493934023966,734.2604573942517,740.11474609375,6757250,0.0,0.0,BAJFINANCE.NS,925
2023-09-22 00:00:00+05:30,741.0789244011612,749.2917559238169,737.0886673112819,738.843994140625,5263040,0.0,0.0,BAJFINANCE.NS,926
2023-09-25 00:00:00+05:30,749.0939769788454,776.2789091396079,742.6661078694559,773.3072509765625,23475330,0.0,0.0,BAJFINANCE.NS,927
2023-09-26 00:00:00+05:30,773.3121772402229,781.2283498665388,768.8720128298175,778.3308715820312,12468200,0.0,0.0,BAJFINANCE.NS,928
2023-09-27 00:00:00+05:30,776.7832479638334,776.7832479638334,765.6828367684684,775.0576171875,7441100,0.0,0.0,BAJFINANCE.NS,929
2023-09-28 00:00:00+05:30,771.8140002825958,774.2121382056094,763.240228667118,765.31201171875,7775050,0.0,0.0,BAJFINANCE.NS,930
2023-09-29 00:00:00+05:30,765.3119823606537,776.0909878109832,763.9274941504476,772.4073486328125,5730050,0.0,0.0,BAJFINANCE.NS,931
2023-10-03 00:00:00+05:30,769.445575239037,788.6994854777103,766.8941888903087,787.9182739257812,9445550,0.0,0.0,BAJFINANCE.NS,932
2023-10-04 00:00:00+05:30,793.5946599553811,795.3746732893186,773.3221483926579,776.6893920898438,11763840,0.0,0.0,BAJFINANCE.NS,933
2023-10-05 00:00:00+05:30,782.7018006462241,782.7018006462241,774.004416503966,776.3778076171875,7950610,0.0,0.0,BAJFINANCE.NS,934
2023-10-06 00:00:00+05:30,776.2887410418556,810.109230748623,775.7942896144405,807.7902221679688,21450340,0.0,0.0,BAJFINANCE.NS,935
2023-10-09 00:00:00+05:30,801.2141242531701,804.4725425437314,792.9023660618836,793.8616333007812,7478000,0.0,0.0,BAJFINANCE.NS,936
2023-10-10 00:00:00+05:30,796.5613394044323,804.4725631353267,793.1990451756633,799.3895874023438,9650240,0.0,0.0,BAJFINANCE.NS,937
2023-10-11 00:00:00+05:30,804.947194698199,808.2303596975008,800.5614125795436,801.2042236328125,7123720,0.0,0.0,BAJFINANCE.NS,938
2023-10-12 00:00:00+05:30,803.4836002525088,803.681392902601,791.418972890995,792.5364379882812,7640920,0.0,0.0,BAJFINANCE.NS,939
2023-10-13 00:00:00+05:30,791.077834997058,799.3203020262785,786.7760711742726,796.22998046875,6622820,0.0,0.0,BAJFINANCE.NS,940
2023-10-16 00:00:00+05:30,795.5031793817004,797.9458010130005,789.4066145268058,794.682373046875,4382460,0.0,0.0,BAJFINANCE.NS,941
2023-10-17 00:00:00+05:30,799.0335301194888,806.8458870447345,796.8134479739599,800.319091796875,8382830,0.0,0.0,BAJFINANCE.NS,942
2023-10-18 00:00:00+05:30,796.0668716495471,799.4884975720454,776.288812726577,777.9254760742188,15446420,0.0,0.0,BAJFINANCE.NS,943
2023-10-19 00:00:00+05:30,775.6262319718718,783.5077591488215,764.5208113112154,775.4531860351562,10614530,0.0,0.0,BAJFINANCE.NS,944
2023-10-20 00:00:00+05:30,772.333202844484,774.5433864486874,763.6803020443698,768.2984619140625,7711530,0.0,0.0,BAJFINANCE.NS,945
2023-10-23 00:00:00+05:30,771.3442995063751,779.7400758783622,767.5221992692816,771.2355346679688,8822300,0.0,0.0,BAJFINANCE.NS,946
2023-10-25 00:00:00+05:30,771.235531600071,776.976105947928,759.0818757874298,760.9064331054688,7087740,0.0,0.0,BAJFINANCE.NS,947
2023-10-26 00:00:00+05:30,754.0483204970762,757.1039964978623,731.9067712382689,733.9439086914062,13246300,0.0,0.0,BAJFINANCE.NS,948
2023-10-27 00:00:00+05:30,742.6611325983672,746.5228274156469,733.4297022478072,742.38916015625,9119440,0.0,0.0,BAJFINANCE.NS,949
2023-10-30 00:00:00+05:30,742.2507321976938,744.3323534221029,727.0908343181081,741.978759765625,7992760,0.0,0.0,BAJFINANCE.NS,950
2023-10-31 00:00:00+05:30,748.5796691627569,749.5586733388831,737.7709681240304,740.9503173828125,7494100,0.0,0.0,BAJFINANCE.NS,951
2023-11-01 00:00:00+05:30,743.6549971038137,746.5228397198252,737.4892018730178,738.8983764648438,4627780,0.0,0.0,BAJFINANCE.NS,952
2023-11-02 00:00:00+05:30,744.6439282549496,753.049603407894,732.8957562713833,736.6436767578125,8550300,0.0,0.0,BAJFINANCE.NS,953
2023-11-03 00:00:00+05:30,744.4460977124863,745.430051278167,729.0637202082291,732.9254150390625,11387550,0.0,0.0,BAJFINANCE.NS,954
2023-11-06 00:00:00+05:30,737.3259979125064,748.7923587322433,736.0009017912865,747.8133544921875,6340430,0.0,0.0,BAJFINANCE.NS,955
2023-11-07 00:00:00+05:30,755.5218259149593,755.5218259149593,736.3370852498974,741.2420654296875,15630070,0.0,0.0,BAJFINANCE.NS,956
2023-11-08 00:00:00+05:30,744.3472246116446,745.2372010065922,732.4457444143882,737.7166137695312,9167170,0.0,0.0,BAJFINANCE.NS,957
2023-11-09 00:00:00+05:30,740.1938329594809,740.1938329594809,728.495094557734,730.472900390625,7717910,0.0,0.0,BAJFINANCE.NS,958
2023-11-10 00:00:00+05:30,728.8214701136949,737.1282789908291,726.492622993853,736.2184448242188,4962610,0.0,0.0,BAJFINANCE.NS,959
2023-11-13 00:00:00+05:30,736.5152058458964,736.7327355342866,723.7781303680314,727.9166870117188,7322400,0.0,0.0,BAJFINANCE.NS,960
2023-11-15 00:00:00+05:30,735.6844589667159,739.3236145596386,704.0148180250579,714.4131469726562,19234400,0.0,0.0,BAJFINANCE.NS,961
2023-11-16 00:00:00+05:30,686.7485975995427,729.8795890110422,685.4333398092524,728.0748291015625,45570430,0.0,0.0,BAJFINANCE.NS,962
2023-11-17 00:00:00+05:30,706.1261353615141,717.9435376183999,702.9171501356352,714.0867919921875,20800340,0.0,0.0,BAJFINANCE.NS,963
2023-11-20 00:00:00+05:30,707.1644808897621,715.8668752035733,697.1864838472223,699.0159301757812,19029400,0.0,0.0,BAJFINANCE.NS,964
2023-11-21 00:00:00+05:30,700.6377558784516,704.9741050692668,695.1987895307713,702.4326171875,16662250,0.0,0.0,BAJFINANCE.NS,965
2023-11-22 00:00:00+05:30,700.7811160100655,709.8196426586155,698.709333045161,704.9246215820312,10414040,0.0,0.0,BAJFINANCE.NS,966
2023-11-23 00:00:00+05:30,705.5822490298951,708.0545063845899,697.7698916459213,699.5153198242188,6061580,0.0,0.0,BAJFINANCE.NS,967
2023-11-24 00:00:00+05:30,702.9121444415969,703.7823837915123,693.3197745785576,694.2889404296875,7264990,0.0,0.0,BAJFINANCE.NS,968
2023-11-28 00:00:00+05:30,695.693218478721,705.5822478814035,695.1888683219288,704.8455200195312,7281580,0.0,0.0,BAJFINANCE.NS,969
2023-11-29 00:00:00+05:30,705.4833428613379,708.9049082171309,703.5104864328264,705.09765625,6824300,0.0,0.0,BAJFINANCE.NS,970
2023-11-30 00:00:00+05:30,705.2855447281921,708.4104512655188,700.7019702309718,704.2867431640625,12719340,0.0,0.0,BAJFINANCE.NS,971
2023-12-01 00:00:00+05:30,708.0544637047503,719.9064502628647,706.2744505882342,717.8792114257812,9004770,0.0,0.0,BAJFINANCE.NS,972
2023-12-04 00:00:00+05:30,725.8547350703577,733.7659583408794,723.3874271414912,732.544677734375,11014260,0.0,0.0,BAJFINANCE.NS,973
2023-12-05 00:00:00+05:30,734.7548733124773,735.7437762375278,723.8818904801752,726.8238525390625,15222420,0.0,0.0,BAJFINANCE.NS,974
2023-12-06 00:00:00+05:30,730.7992879355251,737.6227425072904,728.3319798772798,734.4681396484375,7018000,0.0,0.0,BAJFINANCE.NS,975
2023-12-07 00:00:00+05:30,730.7992441952933,735.743758702704,724.4702414826704,730.9179077148438,6688620,0.0,0.0,BAJFINANCE.NS,976
2023-12-08 00:00:00+05:30,730.8536284894523,731.6002550106168,719.3279965291479,722.6506958007812,11443880,0.0,0.0,BAJFINANCE.NS,977
2023-12-11 00:00:00+05:30,724.3713776658078,727.1106580262348,718.9373610333108,721.1821899414062,5900550,0.0,0.0,BAJFINANCE.NS,978
2023-12-12 00:00:00+05:30,719.9213361571722,727.2392420139957,719.9213361571722,723.3380126953125,6333120,0.0,0.0,BAJFINANCE.NS,979
2023-12-13 00:00:00+05:30,721.8842224594443,722.344088835766,712.7022861819896,717.7456665039062,6829550,0.0,0.0,BAJFINANCE.NS,980
2023-12-14 00:00:00+05:30,728.6730824926539,742.7896956257157,721.90902041276,739.1257934570312,17295670,0.0,0.0,BAJFINANCE.NS,981
2023-12-15 00:00:00+05:30,744.5302182637156,744.5351676071671,736.2382572471354,743.16552734375,11739380,0.0,0.0,BAJFINANCE.NS,982
2023-12-18 00:00:00+05:30,746.4239493671085,752.5551598500715,744.2483507624639,750.3400268554688,10827980,0.0,0.0,BAJFINANCE.NS,983
2023-12-19 00:00:00+05:30,755.6207393006842,755.6800710648897,745.1383919054061,754.7950439453125,7914080,0.0,0.0,BAJFINANCE.NS,984
2023-12-20 00:00:00+05:30,756.5107291135232,760.9607922259556,737.73642177951,741.0789184570312,8745460,0.0,0.0,BAJFINANCE.NS,985
2023-12-21 00:00:00+05:30,734.4185863232649,739.4026954676187,722.4429869320222,728.5396118164062,9130820,0.0,0.0,BAJFINANCE.NS,986
2023-12-22 00:00:00+05:30,733.6621623421479,735.7437837059992,716.2623838131826,721.4343872070312,11294850,0.0,0.0,BAJFINANCE.NS,987
2023-12-26 00:00:00+05:30,724.3713912620949,726.2503309593596,706.5958853602687,708.2819213867188,12258440,0.0,0.0,BAJFINANCE.NS,988
2023-12-27 00:00:00+05:30,713.978060692493,724.2132428622983,711.1102782337936,715.2537841796875,16052790,0.0,0.0,BAJFINANCE.NS,989
2023-12-28 00:00:00+05:30,719.4268634656994,720.9102178233607,712.0100916773932,717.8099975585938,18560640,0.0,0.0,BAJFINANCE.NS,990
2023-12-29 00:00:00+05:30,715.13996851463,726.1514123416264,712.5194119543202,724.6433715820312,9128020,0.0,0.0,BAJFINANCE.NS,991
2024-01-01 00:00:00+05:30,725.5531572687302,725.5531572687302,719.2291035878752,721.8052368164062,3314890,0.0,0.0,BAJFINANCE.NS,992
2024-01-02 00:00:00+05:30,724.272530397351,736.2481303990959,719.9262827035571,734.7598266601562,11129900,0.0,0.0,BAJFINANCE.NS,993
2024-01-03 00:00:00+05:30,736.2332999340783,740.2779395735253,728.6434818334453,730.2850341796875,5534050,0.0,0.0,BAJFINANCE.NS,994
2024-01-04 00:00:00+05:30,747.6106144641175,764.8126002318069,747.6106144641175,762.0040893554688,29118790,0.0,0.0,BAJFINANCE.NS,995
2024-01-05 00:00:00+05:30,764.9115163170187,770.2565659699699,758.795153715029,762.5579223632812,10526010,0.0,0.0,BAJFINANCE.NS,996
2024-01-08 00:00:00+05:30,759.1807678976411,774.3109701860294,754.6614744046998,765.0152587890625,11212090,0.0,0.0,BAJFINANCE.NS,997
2024-01-09 00:00:00+05:30,768.7731495545083,772.3331759020847,761.2574511927395,763.9719848632812,12470830,0.0,0.0,BAJFINANCE.NS,998
2024-01-10 00:00:00+05:30,763.0375044660354,764.9411909619719,757.499671999258,759.5318603515625,5590720,0.0,0.0,BAJFINANCE.NS,999
2024-01-11 00:00:00+05:30,759.4774558061606,770.6817429853727,756.6145624883184,758.4638061523438,6517410,0.0,0.0,BAJFINANCE.NS,1000
2024-01-12 00:00:00+05:30,759.8730302560147,763.3292411436346,753.247368599651,757.6034545898438,8086380,0.0,0.0,BAJFINANCE.NS,1001
2024-01-15 00:00:00+05:30,761.2524388454392,761.2524388454392,737.1281952962291,739.5015258789062,9972200,0.0,0.0,BAJFINANCE.NS,1002
2024-01-16 00:00:00+05:30,739.2049173383755,753.0001248572622,734.5471629531456,737.3902587890625,11947230,0.0,0.0,BAJFINANCE.NS,1003
2024-01-17 00:00:00+05:30,722.2254627379597,739.5213645833167,722.116637548373,727.7188110351562,13802710,0.0,0.0,BAJFINANCE.NS,1004
2024-01-18 00:00:00+05:30,721.5035631671136,727.0167091466525,715.3724132059621,718.4923706054688,16869960,0.0,0.0,BAJFINANCE.NS,1005
2024-01-19 00:00:00+05:30,727.8326036705821,730.6806491222688,718.0671866036704,723.7879638671875,8308100,0.0,0.0,BAJFINANCE.NS,1006
2024-01-23 00:00:00+05:30,727.1303822856321,727.3380736207916,696.4447570783,699.2235717773438,25332970,0.0,0.0,BAJFINANCE.NS,1007
2024-01-24 00:00:00+05:30,702.516635830037,702.516635830037,691.9155654838189,697.70068359375,20636750,0.0,0.0,BAJFINANCE.NS,1008
2024-01-25 00:00:00+05:30,697.7006880911647,704.6724414254495,695.7920523899799,700.6871337890625,11683490,0.0,0.0,BAJFINANCE.NS,1009
2024-01-29 00:00:00+05:30,700.6871917710828,714.4774510182384,700.6476573808568,711.1843872070312,18603610,0.0,0.0,BAJFINANCE.NS,1010
2024-01-30 00:00:00+05:30,691.0948200189839,691.0948200189839,672.9484745686839,674.1549072265625,41531470,0.0,0.0,BAJFINANCE.NS,1011
2024-01-31 00:00:00+05:30,674.4317616899417,684.4196565982251,673.6406514604074,678.6741333007812,18105120,0.0,0.0,BAJFINANCE.NS,1012
2024-02-01 00:00:00+05:30,678.9708833006581,680.3602605190216,665.8283248474089,666.846923828125,19111370,0.0,0.0,BAJFINANCE.NS,1013
2024-02-02 00:00:00+05:30,668.0039265150391,683.3319218680859,667.8061338582696,677.2304077148438,13675080,0.0,0.0,BAJFINANCE.NS,1014
2024-02-05 00:00:00+05:30,681.7497416377995,681.8486077931074,652.6759697511978,653.4868774414062,17712220,0.0,0.0,BAJFINANCE.NS,1015
2024-02-06 00:00:00+05:30,657.4227090114159,662.4661505773942,646.2481170693912,652.4930419921875,24395330,0.0,0.0,BAJFINANCE.NS,1016
2024-02-07 00:00:00+05:30,656.7304062751721,666.2832423008938,655.1729324594918,663.4747314453125,15382370,0.0,0.0,BAJFINANCE.NS,1017
2024-02-08 00:00:00+05:30,665.7146029593122,666.2733355176964,646.4161481875257,650.2679443359375,21932090,0.0,0.0,BAJFINANCE.NS,1018
2024-02-09 00:00:00+05:30,650.698151555211,660.3597528464613,649.9070412540689,658.0654907226562,12098740,0.0,0.0,BAJFINANCE.NS,1019
2024-02-12 00:00:00+05:30,659.5439090235501,659.7812360828563,647.8798152077181,649.6251831054688,5447840,0.0,0.0,BAJFINANCE.NS,1020
2024-02-13 00:00:00+05:30,652.6759253268659,656.532670846935,648.0379682310628,653.036865234375,9480140,0.0,0.0,BAJFINANCE.NS,1021
2024-02-14 00:00:00+05:30,649.101055869035,658.2137625195079,647.7314156611072,657.2743530273438,6361260,0.0,0.0,BAJFINANCE.NS,1022
2024-02-15 00:00:00+05:30,657.2248766772686,660.3300464273348,651.2568739291971,654.5944213867188,8808590,0.0,0.0,BAJFINANCE.NS,1023
2024-02-16 00:00:00+05:30,657.6253721096629,658.6093256579569,652.8737009595312,654.5745849609375,10294310,0.0,0.0,BAJFINANCE.NS,1024
2024-02-19 00:00:00+05:30,657.5117061219723,673.1363608792772,655.1779096131629,663.830810546875,13158810,0.0,0.0,BAJFINANCE.NS,1025
2024-02-20 00:00:00+05:30,663.7417588779348,671.6628809910871,660.7107689882996,668.8543701171875,11067090,0.0,0.0,BAJFINANCE.NS,1026
2024-02-21 00:00:00+05:30,671.4650283376205,671.4650283376205,659.1086921808595,661.4573364257812,8549440,0.0,0.0,BAJFINANCE.NS,1027
2024-02-22 00:00:00+05:30,661.6798878153451,663.2423713736378,648.8192001458722,660.0877685546875,10223740,0.0,0.0,BAJFINANCE.NS,1028
2024-02-23 00:00:00+05:30,659.9938730501269,664.4439364604978,655.8998002267024,662.3523559570312,12803110,0.0,0.0,BAJFINANCE.NS,1029
2024-02-26 00:00:00+05:30,661.5759894916541,663.3560025039205,655.0689920072216,656.952880859375,8920560,0.0,0.0,BAJFINANCE.NS,1030
2024-02-27 00:00:00+05:30,655.7415126068917,656.8293420510138,641.9067701918608,648.3494873046875,11503060,0.0,0.0,BAJFINANCE.NS,1031
2024-02-28 00:00:00+05:30,649.9070003795892,652.3545109230957,640.314630142184,642.6583251953125,5353210,0.0,0.0,BAJFINANCE.NS,1032
2024-02-29 00:00:00+05:30,642.6880266306442,646.6436382785132,629.5553669879544,642.3270263671875,16990980,0.0,0.0,BAJFINANCE.NS,1033
2024-03-01 00:00:00+05:30,643.9488790194872,653.5363005506429,642.9946214544225,649.8526611328125,9190800,0.0,0.0,BAJFINANCE.NS,1034
2024-03-04 00:00:00+05:30,651.4892409079214,656.6265988934682,648.4681496872132,652.918212890625,3971180,0.0,0.0,BAJFINANCE.NS,1035
2024-03-05 00:00:00+05:30,652.9182080522155,656.260704773303,620.2399277375183,625.4069213867188,17175580,0.0,0.0,BAJFINANCE.NS,1036
2024-03-06 00:00:00+05:30,626.2227565367214,627.5479129698282,611.9133606571849,624.121337890625,21047920,0.0,0.0,BAJFINANCE.NS,1037
2024-03-07 00:00:00+05:30,627.9533562326668,639.6817304159486,625.5206333127682,634.9794921875,14694210,0.0,0.0,BAJFINANCE.NS,1038
2024-03-11 00:00:00+05:30,647.7314089783794,647.9292016328424,633.2934505702432,636.2354125976562,12039710,0.0,0.0,BAJFINANCE.NS,1039
2024-03-12 00:00:00+05:30,633.3923054097442,641.3035285842609,627.0979481287742,636.4628295898438,10946770,0.0,0.0,BAJFINANCE.NS,1040
2024-03-13 00:00:00+05:30,636.7793131416424,644.2653156353725,632.0622871643352,638.4505615234375,11321830,0.0,0.0,BAJFINANCE.NS,1041
2024-03-14 00:00:00+05:30,638.4504846087832,639.8201246720199,622.7912470798685,632.6456298828125,12198650,0.0,0.0,BAJFINANCE.NS,1042
2024-03-15 00:00:00+05:30,630.430582741197,650.5003512995228,628.9422789662733,644.2059936523438,19705000,0.0,0.0,BAJFINANCE.NS,1043
2024-03-18 00:00:00+05:30,644.2059719984294,648.2258647870518,638.4456004113996,643.2467651367188,6764250,0.0,0.0,BAJFINANCE.NS,1044
2024-03-19 00:00:00+05:30,643.746070424422,659.3212905812494,643.2813150486486,652.3050537109375,14080870,0.0,0.0,BAJFINANCE.NS,1045
2024-03-20 00:00:00+05:30,653.6648054287006,665.6305061655747,653.2692201325056,657.5709838867188,14908310,0.0,0.0,BAJFINANCE.NS,1046
2024-03-21 00:00:00+05:30,663.3066405694403,669.6504311391669,658.3275408723007,664.1224975585938,18060920,0.0,0.0,BAJFINANCE.NS,1047
2024-03-22 00:00:00+05:30,663.0594084585088,672.7506450116877,661.2101648250671,668.58740234375,11252380,0.0,0.0,BAJFINANCE.NS,1048
2024-03-26 00:00:00+05:30,667.9544702939183,686.7930583099001,667.0150004752018,683.341796875,18503210,0.0,0.0,BAJFINANCE.NS,1049
2024-03-27 00:00:00+05:30,686.8672470858751,697.0776816482081,682.8374556777577,694.4818115234375,15512750,0.0,0.0,BAJFINANCE.NS,1050
2024-03-28 00:00:00+05:30,695.4064558074881,726.7744279861258,695.4064558074881,716.4849243164062,35745180,0.0,0.0,BAJFINANCE.NS,1051
2024-04-01 00:00:00+05:30,718.0671830350213,726.1959366345027,713.992907548133,717.048583984375,11252380,0.0,0.0,BAJFINANCE.NS,1052
2024-04-02 00:00:00+05:30,717.0485352348928,717.4490698900564,705.5822348264029,712.7418823242188,9676150,0.0,0.0,BAJFINANCE.NS,1053
2024-04-03 00:00:00+05:30,711.713431823186,724.2082296679658,710.6404504439101,722.8138427734375,9589430,0.0,0.0,BAJFINANCE.NS,1054
2024-04-04 00:00:00+05:30,726.3491221451417,726.8435735557239,717.4489967546634,720.2575073242188,10405890,0.0,0.0,BAJFINANCE.NS,1055
2024-04-05 00:00:00+05:30,715.4465013976555,717.8446392163069,707.658891060555,709.6021118164062,12004940,0.0,0.0,BAJFINANCE.NS,1056
2024-04-08 00:00:00+05:30,713.4934866243086,714.6752329060805,706.3536362150252,709.888916015625,5182100,0.0,0.0,BAJFINANCE.NS,1057
2024-04-09 00:00:00+05:30,713.9879154868058,715.5058549269611,704.5439045765202,711.377197265625,7102810,0.0,0.0,BAJFINANCE.NS,1058
2024-04-10 00:00:00+05:30,715.5603195008678,717.3502314444465,708.0545194757877,715.0015869140625,5679860,0.0,0.0,BAJFINANCE.NS,1059
2024-04-12 00:00:00+05:30,714.3834781458953,718.339089740595,707.6885862073565,714.9323120117188,10925880,0.0,0.0,BAJFINANCE.NS,1060
2024-04-15 00:00:00+05:30,706.5761181685301,711.891471607907,698.5066361699376,699.7724609375,7584480,0.0,0.0,BAJFINANCE.NS,1061
2024-04-16 00:00:00+05:30,693.2159598796806,695.623935944621,685.4085524363373,687.707763671875,9632930,0.0,0.0,BAJFINANCE.NS,1062
2024-04-18 00:00:00+05:30,685.1219162670461,691.7376800531335,678.980806628098,681.670654296875,13851330,0.0,0.0,BAJFINANCE.NS,1063
2024-04-19 00:00:00+05:30,676.4145394281749,707.0655802789108,673.4478306997319,704.0494384765625,12183750,0.0,0.0,BAJFINANCE.NS,1064
2024-04-22 00:00:00+05:30,708.7763589700576,722.4924374179874,708.7763589700576,721.1277465820312,11652720,0.0,0.0,BAJFINANCE.NS,1065
2024-04-23 00:00:00+05:30,722.7891407017154,725.8448168071468,715.6492305065625,717.93359375,10815670,0.0,0.0,BAJFINANCE.NS,1066
2024-04-24 00:00:00+05:30,720.2180217621519,733.7116221169778,716.9546540291749,724.7817993164062,8869290,0.0,0.0,BAJFINANCE.NS,1067
2024-04-25 00:00:00+05:30,724.8658342679078,728.3121464292608,704.6032232646588,721.394775390625,11733540,0.0,0.0,BAJFINANCE.NS,1068
2024-04-26 00:00:00+05:30,692.2320449443337,692.2320449443337,661.7244139638533,665.6503295898438,58147230,0.0,0.0,BAJFINANCE.NS,1069
2024-04-29 00:00:00+05:30,671.460104304822,676.3700336477826,663.8554387645115,675.0844116210938,16810300,0.0,0.0,BAJFINANCE.NS,1070
2024-04-30 00:00:00+05:30,675.4157579770705,689.7597999355404,674.624647697459,684.671875,17986750,0.0,0.0,BAJFINANCE.NS,1071
2024-05-02 00:00:00+05:30,686.0860171647952,689.2604174119629,678.8818856206508,680.6322631835938,11395720,0.0,0.0,BAJFINANCE.NS,1072
2024-05-03 00:00:00+05:30,724.7670236333023,731.7882107009423,683.0303561484652,685.4581298828125,68186010,0.0,0.0,BAJFINANCE.NS,1073
2024-05-06 00:00:00+05:30,693.0182085002732,694.2049040819707,676.9040522358486,678.37255859375,12299880,0.0,0.0,BAJFINANCE.NS,1074
2024-05-07 00:00:00+05:30,681.3491604221108,686.6051818399118,671.26728794106,679.6284790039062,12981260,0.0,0.0,BAJFINANCE.NS,1075
2024-05-08 00:00:00+05:30,679.524659543034,680.3207191435722,670.970625218409,672.3995971679688,7259250,0.0,0.0,BAJFINANCE.NS,1076
2024-05-09 00:00:00+05:30,672.4441023656302,675.6877329895308,651.192587783747,653.1852416992188,13811150,0.0,0.0,BAJFINANCE.NS,1077
2024-05-10 00:00:00+05:30,656.5227482362066,662.3671377062071,652.7945650598544,660.9974975585938,8249080,0.0,0.0,BAJFINANCE.NS,1078
2024-05-13 00:00:00+05:30,660.9827150224974,666.9457680559324,654.6537123909883,664.4191284179688,5122560,0.0,0.0,BAJFINANCE.NS,1079
2024-05-14 00:00:00+05:30,663.5538560253485,666.7035093955961,658.3720144075322,660.1619262695312,7558400,0.0,0.0,BAJFINANCE.NS,1080
2024-05-15 00:00:00+05:30,661.7737926476228,665.7244546650825,657.1308865705449,660.5870971679688,5950590,0.0,0.0,BAJFINANCE.NS,1081
2024-05-16 00:00:00+05:30,662.5994817342189,668.7060050012014,654.9552821659904,667.2276000976562,10598510,0.0,0.0,BAJFINANCE.NS,1082
2024-05-17 00:00:00+05:30,667.2128075714031,670.4761751132173,662.6687672994169,665.2745361328125,4801580,0.0,0.0,BAJFINANCE.NS,1083
2024-05-21 00:00:00+05:30,663.0593972293242,670.9706204624854,663.0593972293242,666.8023681640625,7616240,0.0,0.0,BAJFINANCE.NS,1084
2024-05-22 00:00:00+05:30,670.2239888204876,670.2239888204876,665.2596769650982,666.9705200195312,4160460,0.0,0.0,BAJFINANCE.NS,1085
2024-05-23 00:00:00+05:30,668.4539162807214,677.7446185334336,665.5366404812819,675.0894165039062,7093170,0.0,0.0,BAJFINANCE.NS,1086
2024-05-24 00:00:00+05:30,674.4318399096842,683.3319668293134,671.7617897622256,676.1030883789062,7420430,0.0,0.0,BAJFINANCE.NS,1087
2024-05-27 00:00:00+05:30,678.2885507373569,688.2319625568224,673.4429021878743,681.8980102539062,6554710,0.0,0.0,BAJFINANCE.NS,1088
2024-05-28 00:00:00+05:30,683.7225570003151,686.7930812672806,678.0808489141865,679.6779174804688,7528670,0.0,0.0,BAJFINANCE.NS,1089
2024-05-29 00:00:00+05:30,680.167398577747,683.1341072604279,671.0051987768518,673.1165161132812,7213310,0.0,0.0,BAJFINANCE.NS,1090
2024-05-30 00:00:00+05:30,670.4663246819454,672.3502138388423,652.0876013473786,654.302734375,11555750,0.0,0.0,BAJFINANCE.NS,1091
2024-05-31 00:00:00+05:30,659.098843225669,669.6801164832647,656.8688623246592,662.3375244140625,28417330,0.0,0.0,BAJFINANCE.NS,1092
2024-06-03 00:00:00+05:30,687.173739530603,691.1145027468531,675.7123293928037,683.8806762695312,11482120,0.0,0.0,BAJFINANCE.NS,1093
2024-06-04 00:00:00+05:30,683.9202275712877,683.9202275712877,630.4947880961173,643.7312622070312,32993870,0.0,0.0,BAJFINANCE.NS,1094
2024-06-05 00:00:00+05:30,653.0714680739336,678.5851496023271,646.3023966610452,676.0782470703125,12185170,0.0,0.0,BAJFINANCE.NS,1095
2024-06-06 00:00:00+05:30,677.3985080589265,693.5126644270805,674.6592276242362,684.8944091796875,14657160,0.0,0.0,BAJFINANCE.NS,1096
2024-06-07 00:00:00+05:30,691.7375999266702,721.80027315883,686.3974999585087,711.15966796875,29840520,0.0,0.0,BAJFINANCE.NS,1097
2024-06-10 00:00:00+05:30,716.9545929818677,716.9545929818677,699.6735391769244,701.0184326171875,8723180,0.0,0.0,BAJFINANCE.NS,1098
2024-06-11 00:00:00+05:30,700.4399291754343,708.9445305386997,697.275427746262,705.8887939453125,12052130,0.0,0.0,BAJFINANCE.NS,1099
2024-06-12 00:00:00+05:30,706.8678076904008,719.624679727956,703.6044400680491,713.7654418945312,12685080,0.0,0.0,BAJFINANCE.NS,1100
2024-06-13 00:00:00+05:30,717.1721351798792,724.3713772938959,715.1894403862633,721.3997192382812,13454950,0.0,0.0,BAJFINANCE.NS,1101
2024-06-14 00:00:00+05:30,721.5085000408552,728.821456493451,716.657962574695,726.008056640625,11874880,0.0,0.0,BAJFINANCE.NS,1102
2024-06-18 00:00:00+05:30,728.3270323916475,734.7005192323682,721.899163130893,725.3306274414062,9469040,0.0,0.0,BAJFINANCE.NS,1103
2024-06-19 00:00:00+05:30,725.3305800576533,726.7398149744196,709.8245898506901,715.367431640625,5204000,0.0,0.0,BAJFINANCE.NS,1104
2024-06-20 00:00:00+05:30,713.9879433741869,718.4281080462251,703.2088768726288,712.7122802734375,9001580,0.0,0.0,BAJFINANCE.NS,1105
2024-06-21 00:00:00+05:30,719.4903860910783,722.0446324694118,703.1611527489454,709.0498046875,14998180,3.6,0.0,BAJFINANCE.NS,1106
2024-06-24 00:00:00+05:30,703.2604847306948,706.3365356007052,697.7495074783413,703.8419189453125,6356540,0.0,0.0,BAJFINANCE.NS,1107
2024-06-25 00:00:00+05:30,705.7451926619771,709.6212996555279,695.5083709195645,703.1065063476562,15608110,0.0,0.0,BAJFINANCE.NS,1108
2024-06-26 00:00:00+05:30,702.6641976740269,713.5221860504696,699.1856620419774,711.4301147460938,9125520,0.0,0.0,BAJFINANCE.NS,1109
2024-06-27 00:00:00+05:30,710.6151305701421,719.460573942277,703.9611816136837,712.2798461914062,11376060,0.0,0.0,BAJFINANCE.NS,1110
2024-06-28 00:00:00+05:30,712.1059655688822,718.1685322186668,706.1726065291518,707.1912841796875,8295840,0.0,0.0,BAJFINANCE.NS,1111
2024-07-01 00:00:00+05:30,703.1611409512669,725.9207272336754,703.1611409512669,723.21240234375,7727450,0.0,0.0,BAJFINANCE.NS,1112
2024-07-02 00:00:00+05:30,723.0384996523459,723.1328879337183,707.8323412763633,712.1655883789062,12810270,0.0,0.0,BAJFINANCE.NS,1113
2024-07-03 00:00:00+05:30,714.5856196463048,723.9975745885878,712.6028592214226,721.4284057617188,8363930,0.0,0.0,BAJFINANCE.NS,1114
2024-07-04 00:00:00+05:30,725.6275490567873,728.0078809253473,705.6458641051147,706.3465576171875,18979770,0.0,0.0,BAJFINANCE.NS,1115
2024-07-05 00:00:00+05:30,709.0249748175675,710.6051898962447,703.3599189257211,709.4224853515625,9310790,0.0,0.0,BAJFINANCE.NS,1116
2024-07-08 00:00:00+05:30,710.1132674990514,710.3816311026244,700.3783535151017,705.471923828125,6777050,0.0,0.0,BAJFINANCE.NS,1117
2024-07-09 00:00:00+05:30,706.6247561509977,709.8597991954725,699.8813929400646,702.4703979492188,9735030,0.0,0.0,BAJFINANCE.NS,1118
2024-07-10 00:00:00+05:30,702.4654466729166,708.5628327082638,697.7942578905146,701.16845703125,8097140,0.0,0.0,BAJFINANCE.NS,1119
2024-07-11 00:00:00+05:30,704.4432026593713,704.4432026593713,688.7500593640043,690.7676391601562,9718010,0.0,0.0,BAJFINANCE.NS,1120
2024-07-12 00:00:00+05:30,695.4039825477894,700.1795076092436,687.2642069952807,696.1344604492188,10688330,0.0,0.0,BAJFINANCE.NS,1121
2024-07-15 00:00:00+05:30,697.699834439601,704.1549978450303,695.2350628917839,702.0430297851562,5333730,0.0,0.0,BAJFINANCE.NS,1122
2024-07-16 00:00:00+05:30,703.6580810261163,704.6519483721984,696.2239726888939,701.5808715820312,5582000,0.0,0.0,BAJFINANCE.NS,1123
2024-07-18 00:00:00+05:30,700.3882449748814,707.4247817645261,692.8397913076371,706.6396484375,8646050,0.0,0.0,BAJFINANCE.NS,1124
2024-07-19 00:00:00+05:30,706.6396797641813,706.6396797641813,686.7623329353718,688.9786376953125,9385980,0.0,0.0,BAJFINANCE.NS,1125
2024-07-22 00:00:00+05:30,688.9488659071203,691.5925263932671,680.739511809894,684.203125,5751930,0.0,0.0,BAJFINANCE.NS,1126
2024-07-23 00:00:00+05:30,689.1476517995588,690.225959062389,657.9401924261825,668.5845336914062,19322120,0.0,0.0,BAJFINANCE.NS,1127
2024-07-24 00:00:00+05:30,658.9340461175844,661.3888693290506,650.0935767208703,656.6630859375,31006260,0.0,0.0,BAJFINANCE.NS,1128
2024-07-25 00:00:00+05:30,651.9769710331029,662.5119405080181,651.1272338740966,660.6981811523438,9509650,0.0,0.0,BAJFINANCE.NS,1129
2024-07-26 00:00:00+05:30,663.4114061836091,676.6646486516896,662.6212986541362,674.81103515625,11101840,0.0,0.0,BAJFINANCE.NS,1130
2024-07-29 00:00:00+05:30,678.2001619771381,681.2960489782841,672.4257952648938,677.067138671875,7485650,0.0,0.0,BAJFINANCE.NS,1131
2024-07-30 00:00:00+05:30,677.0671406076982,685.6690914182183,674.1401940578238,678.17529296875,11794130,0.0,0.0,BAJFINANCE.NS,1132
2024-07-31 00:00:00+05:30,678.5082424088558,681.2960329009433,675.1340435200711,676.5205078125,8896590,0.0,0.0,BAJFINANCE.NS,1133
2024-08-01 00:00:00+05:30,678.9605496192615,680.2028838894711,670.8605059131542,673.01220703125,8395230,0.0,0.0,BAJFINANCE.NS,1134
2024-08-02 00:00:00+05:30,668.3757934570312,670.8604618341949,663.2176194796054,668.3757934570312,6222180,0.0,0.0,BAJFINANCE.NS,1135
2024-08-05 00:00:00+05:30,660.9217805867173,660.9217805867173,649.2537877299146,655.6244506835938,9440410,0.0,0.0,BAJFINANCE.NS,1136
2024-08-06 00:00:00+05:30,658.5364572427102,665.5929515605886,647.1567250390367,649.8252563476562,8918280,0.0,0.0,BAJFINANCE.NS,1137
2024-08-07 00:00:00+05:30,655.9524096570016,661.8510095810441,654.0739859252901,659.6446533203125,4642840,0.0,0.0,BAJFINANCE.NS,1138
2024-08-08 00:00:00+05:30,658.4420438172821,663.7095282421375,653.1049814038815,654.1832885742188,6903890,0.0,0.0,BAJFINANCE.NS,1139
2024-08-09 00:00:00+05:30,665.8910572919083,665.8910572919083,655.0578800059565,657.76123046875,6994900,0.0,0.0,BAJFINANCE.NS,1140
2024-08-12 00:00:00+05:30,657.8507067960495,660.4248499070777,652.3795228768091,656.762451171875,6748870,0.0,0.0,BAJFINANCE.NS,1141
2024-08-13 00:00:00+05:30,660.4198862613507,660.4198862613507,641.2630686408131,642.5402221679688,10723270,0.0,0.0,BAJFINANCE.NS,1142
2024-08-14 00:00:00+05:30,644.2744658986547,645.0148921712703,639.1510509400183,641.88916015625,7742760,0.0,0.0,BAJFINANCE.NS,1143
2024-08-16 00:00:00+05:30,646.5106877500282,655.9524272329264,638.5597492381139,655.0480346679688,7534190,0.0,0.0,BAJFINANCE.NS,1144
2024-08-19 00:00:00+05:30,659.7291546528827,661.5181038045527,655.3163810596429,657.5774536132812,5287300,0.0,0.0,BAJFINANCE.NS,1145
2024-08-20 00:00:00+05:30,660.6583906747377,673.2358109601968,657.577426189841,668.0974731445312,9571590,0.0,0.0,BAJFINANCE.NS,1146
2024-08-21 00:00:00+05:30,668.0726706662808,670.59209770796,665.3941908785135,669.4044189453125,6331110,0.0,0.0,BAJFINANCE.NS,1147
2024-08-22 00:00:00+05:30,670.8604548909493,672.351255901818,668.2664756906412,670.224365234375,7282600,0.0,0.0,BAJFINANCE.NS,1148
2024-08-23 00:00:00+05:30,671.3573967401463,672.0531160191972,666.3830857870794,669.4541625976562,6180450,0.0,0.0,BAJFINANCE.NS,1149
2024-08-26 00:00:00+05:30,673.4444956552076,677.7181738114756,671.4617351343454,673.6781005859375,8983430,0.0,0.0,BAJFINANCE.NS,1150
2024-08-27 00:00:00+05:30,673.6780743587665,683.1198138660923,668.872704045291,682.1507568359375,20359020,0.0,0.0,BAJFINANCE.NS,1151
2024-08-28 00:00:00+05:30,683.3831268480939,687.4580191485584,680.9978817398458,685.7684326171875,8489860,0.0,0.0,BAJFINANCE.NS,1152
2024-08-29 00:00:00+05:30,684.6801960962405,711.4102164531832,683.9347956052668,702.0231323242188,26391590,0.0,0.0,BAJFINANCE.NS,1153
2024-08-30 00:00:00+05:30,702.7685046603781,717.0802177780471,702.7685046603781,715.599365234375,20443670,0.0,0.0,BAJFINANCE.NS,1154
2024-09-02 00:00:00+05:30,722.9391132945083,740.431153873352,718.4667103516491,739.4422607421875,22963780,0.0,0.0,BAJFINANCE.NS,1155
2024-09-03 00:00:00+05:30,741.4250446488375,741.4250446488375,716.1907380210192,730.8701782226562,18986560,0.0,0.0,BAJFINANCE.NS,1156
2024-09-04 00:00:00+05:30,721.0457538886551,733.1759213026271,720.0817317222834,725.4734497070312,8867460,0.0,0.0,BAJFINANCE.NS,1157
2024-09-05 00:00:00+05:30,727.5108894288851,728.1717893689445,714.8887621385913,720.0469360351562,6734470,0.0,0.0,BAJFINANCE.NS,1158
2024-09-06 00:00:00+05:30,721.1054044009206,734.9648916174853,721.1054044009206,727.2276611328125,18428270,0.0,0.0,BAJFINANCE.NS,1159
2024-09-09 00:00:00+05:30,727.9084848454536,733.2703580483353,721.8260214040064,730.2390747070312,8789380,0.0,0.0,BAJFINANCE.NS,1160
2024-09-10 00:00:00+05:30,732.4752739711433,732.4752739711433,714.8887836644249,719.7438354492188,13089320,0.0,0.0,BAJFINANCE.NS,1161
2024-09-11 00:00:00+05:30,720.5538365804458,738.642234679187,716.2106410666152,730.0502319335938,11048900,0.0,0.0,BAJFINANCE.NS,1162
2024-09-12 00:00:00+05:30,737.449548240598,739.4372828719743,725.1851988742337,738.2744750976562,14467640,0.0,0.0,BAJFINANCE.NS,1163
2024-09-13 00:00:00+05:30,738.2744828356314,761.3023717964473,730.6912702845822,755.1900634765625,22084380,0.0,0.0,BAJFINANCE.NS,1164
2024-09-16 00:00:00+05:30,763.290133829076,763.290133829076,727.7096944103594,730.0701293945312,26795550,0.0,0.0,BAJFINANCE.NS,1165
2024-09-17 00:00:00+05:30,729.2501426335814,740.9280835888721,724.146624263555,732.032958984375,15677860,0.0,0.0,BAJFINANCE.NS,1166
2024-09-18 00:00:00+05:30,734.1946492042462,762.5447402196661,733.3250152548266,758.4301147460938,29749930,0.0,0.0,BAJFINANCE.NS,1167
2024-09-19 00:00:00+05:30,762.7931795993721,770.0483990125776,751.3637052470688,754.3800659179688,17206440,0.0,0.0,BAJFINANCE.NS,1168
2024-09-20 00:00:00+05:30,758.8176872075103,760.8054218170912,744.1332735148928,753.5949096679688,16450040,0.0,0.0,BAJFINANCE.NS,1169
2024-09-23 00:00:00+05:30,757.898378593347,758.912082003566,748.5510273942898,754.8521728515625,5734970,0.0,0.0,BAJFINANCE.NS,1170
2024-09-24 00:00:00+05:30,755.0410126782717,755.682015848209,743.8003757520975,750.7872314453125,10695400,0.0,0.0,BAJFINANCE.NS,1171
2024-09-25 00:00:00+05:30,749.872910675352,759.3146504386599,745.206696218289,757.7145385742188,12720380,0.0,0.0,BAJFINANCE.NS,1172
2024-09-26 00:00:00+05:30,759.3146444535706,773.1691575392751,754.1018151308377,772.075927734375,16681650,0.0,0.0,BAJFINANCE.NS,1173
2024-09-27 00:00:00+05:30,773.2288118053768,776.2104139074542,766.3711027062591,770.843505859375,11781310,0.0,0.0,BAJFINANCE.NS,1174
2024-09-30 00:00:00+05:30,769.8496061373972,777.6018198056745,762.907457426757,765.5759887695312,9619520,0.0,0.0,BAJFINANCE.NS,1175
2024-10-01 00:00:00+05:30,761.3123197806568,776.6725562826821,760.4078665442956,765.5759887695312,7882880,0.0,0.0,BAJFINANCE.NS,1176
2024-10-03 00:00:00+05:30,756.3330750056242,765.2778814117354,733.5734877746232,738.8261108398438,10406620,0.0,0.0,BAJFINANCE.NS,1177
2024-10-04 00:00:00+05:30,737.449556481905,738.4434238087,711.112072321837,716.7125244140625,17681110,0.0,0.0,BAJFINANCE.NS,1178
2024-10-07 00:00:00+05:30,716.7125409082319,727.9084711608403,714.6204695486533,722.48193359375,9362270,0.0,0.0,BAJFINANCE.NS,1179
2024-10-08 00:00:00+05:30,722.0296801140275,725.0659374750487,711.6139700883193,714.2874755859375,9038050,0.0,0.0,BAJFINANCE.NS,1180
2024-10-09 00:00:00+05:30,717.174654060494,738.1253947416064,716.1907350916989,725.56787109375,10543750,0.0,0.0,BAJFINANCE.NS,1181
2024-10-10 00:00:00+05:30,727.510863202596,732.2814141078209,722.8396747629785,727.4810180664062,5594270,0.0,0.0,BAJFINANCE.NS,1182
2024-10-11 00:00:00+05:30,728.0078677424524,728.5048014405701,718.1735304452302,725.7219848632812,3615870,0.0,0.0,BAJFINANCE.NS,1183
2024-10-14 00:00:00+05:30,724.7976681440238,726.8996879020932,715.5844983167241,716.4591064453125,4451810,0.0,0.0,BAJFINANCE.NS,1184
2024-10-15 00:00:00+05:30,720.0469431204706,721.1650438836688,693.6200443852651,697.3867797851562,14855670,0.0,0.0,BAJFINANCE.NS,1185
2024-10-16 00:00:00+05:30,696.7009849013151,701.605717653894,687.7561791037233,691.368896484375,11256980,0.0,0.0,BAJFINANCE.NS,1186
2024-10-17 00:00:00+05:30,693.8137578410425,695.5878449266954,682.8861918223154,685.71875,6897550,0.0,0.0,BAJFINANCE.NS,1187
2024-10-18 00:00:00+05:30,685.0727426604419,689.6097494762975,677.8871012317123,685.7237548828125,7449290,0.0,0.0,BAJFINANCE.NS,1188
2024-10-21 00:00:00+05:30,686.6679307028929,690.8123404474528,667.605502099843,673.9315185546875,22099660,0.0,0.0,BAJFINANCE.NS,1189
2024-10-22 00:00:00+05:30,675.8297830258117,679.1095330759733,660.2906576471223,663.6946411132812,17006190,0.0,0.0,BAJFINANCE.NS,1190
2024-10-23 00:00:00+05:30,656.5239332596005,705.5315295930252,656.0518098744292,695.2897338867188,26373910,0.0,0.0,BAJFINANCE.NS,1191
2024-10-24 00:00:00+05:30,696.9494847393045,707.9167843431449,694.7729127990322,699.7720947265625,8951250,0.0,0.0,BAJFINANCE.NS,1192
2024-10-25 00:00:00+05:30,699.7721108512147,701.6653966680313,685.1026186045988,686.7772827148438,10223240,0.0,0.0,BAJFINANCE.NS,1193
2024-10-28 00:00:00+05:30,687.7561698816168,700.1795111005765,683.2837670427912,686.896484375,7149810,0.0,0.0,BAJFINANCE.NS,1194
2024-10-29 00:00:00+05:30,686.6728767279247,701.670362006052,676.048432134572,697.943359375,14097500,0.0,0.0,BAJFINANCE.NS,1195
2024-10-30 00:00:00+05:30,695.6077818107597,697.7395860249301,688.9488584404686,691.2347412109375,5660440,0.0,0.0,BAJFINANCE.NS,1196
2024-10-31 00:00:00+05:30,690.638468631654,692.8050922470427,683.7558884764892,684.749755859375,7301530,0.0,0.0,BAJFINANCE.NS,1197
2024-11-01 00:00:00+05:30,688.7500422704345,690.196136184048,685.9672259489859,688.1139526367188,450110,0.0,0.0,BAJFINANCE.NS,1198
2024-11-04 00:00:00+05:30,693.222456410658,693.222456410658,671.148641372924,680.1729736328125,7162390,0.0,0.0,BAJFINANCE.NS,1199
2024-11-05 00:00:00+05:30,680.3022197005025,697.1929909233248,667.0837957157746,688.7848510742188,12234300,0.0,0.0,BAJFINANCE.NS,1200
2024-11-06 00:00:00+05:30,689.2469728959719,698.1023038526447,685.0031401113711,696.3233032226562,6962620,0.0,0.0,BAJFINANCE.NS,1201
2024-11-07 00:00:00+05:30,696.3233118281388,699.578251541837,682.7868438809219,686.2156982421875,4590470,0.0,0.0,BAJFINANCE.NS,1202
2024-11-08 00:00:00+05:30,686.2157035701208,690.8918662981018,679.9046096884491,685.3659057617188,4248400,0.0,0.0,BAJFINANCE.NS,1203
2024-11-11 00:00:00+05:30,681.7930378072579,686.1859147392864,671.0742045669085,673.7228393554688,7623160,0.0,0.0,BAJFINANCE.NS,1204
2024-11-12 00:00:00+05:30,677.7181618894114,679.4921883965568,657.4432439345728,659.7490234375,10572330,0.0,0.0,BAJFINANCE.NS,1205
2024-11-13 00:00:00+05:30,659.4309507931689,666.1146840933884,648.6574026154368,652.5732421875,8673470,0.0,0.0,BAJFINANCE.NS,1206
2024-11-14 00:00:00+05:30,653.1993647207028,659.8732101118493,648.9953255912069,650.8985595703125,5277030,0.0,0.0,BAJFINANCE.NS,1207
2024-11-18 00:00:00+05:30,659.2322018151576,661.6175077220023,651.480048609186,652.76708984375,5965350,0.0,0.0,BAJFINANCE.NS,1208
2024-11-19 00:00:00+05:30,655.390902622179,660.4049463345118,652.0763332271422,655.4853515625,8040460,0.0,0.0,BAJFINANCE.NS,1209
2024-11-21 00:00:00+05:30,657.3438352373082,657.3438352373082,641.1437502422596,642.5997924804688,11010800,0.0,0.0,BAJFINANCE.NS,1210
2024-11-22 00:00:00+05:30,643.0321489831416,668.1173501589124,641.6456846754861,664.2959594726562,9698550,0.0,0.0,BAJFINANCE.NS,1211
2024-11-25 00:00:00+05:30,674.8259895279239,682.0911575081203,662.641165980151,664.4400634765625,11327510,0.0,0.0,BAJFINANCE.NS,1212
2024-11-26 00:00:00+05:30,668.0776074763448,669.8466597168655,656.7922030982386,657.7363891601562,6632780,0.0,0.0,BAJFINANCE.NS,1213
2024-11-27 00:00:00+05:30,660.9217917675545,669.2007238284175,657.1699182341583,666.407958984375,6420100,0.0,0.0,BAJFINANCE.NS,1214
2024-11-28 00:00:00+05:30,667.2825453255184,668.5000085325825,645.5168266744654,646.947998046875,15768820,0.0,0.0,BAJFINANCE.NS,1215
2024-11-29 00:00:00+05:30,647.9021433840127,656.8469494464103,647.0423971795695,653.5572509765625,7096430,0.0,0.0,BAJFINANCE.NS,1216
2024-12-02 00:00:00+05:30,655.4555149510046,662.4125863758068,645.1192702841018,660.9863891601562,9202490,0.0,0.0,BAJFINANCE.NS,1217
2024-12-03 00:00:00+05:30,665.5084845957932,668.1173864237712,659.0135880691056,663.451171875,13136660,0.0,0.0,BAJFINANCE.NS,1218
2024-12-04 00:00:00+05:30,666.0650224975843,672.2916158482277,662.5964352385603,669.8665771484375,11304410,0.0,0.0,BAJFINANCE.NS,1219
2024-12-05 00:00:00+05:30,671.8543281869296,684.7646553497561,664.4450301121973,680.8388671875,13482430,0.0,0.0,BAJFINANCE.NS,1220
2024-12-06 00:00:00+05:30,683.3781910090415,689.2470068245896,673.707881110631,680.8289794921875,8332070,0.0,0.0,BAJFINANCE.NS,1221
2024-12-09 00:00:00+05:30,680.8090438283174,688.2531001443601,678.6026268950453,682.6228637695312,8409100,0.0,0.0,BAJFINANCE.NS,1222
2024-12-10 00:00:00+05:30,684.2577791941579,691.6173960970307,680.2078182391663,689.3662719726562,12045630,0.0,0.0,BAJFINANCE.NS,1223
2024-12-11 00:00:00+05:30,691.7217649211524,712.1059950863745,685.0827379406123,707.1466064453125,19931040,0.0,0.0,BAJFINANCE.NS,1224
2024-12-12 00:00:00+05:30,707.8174249530981,710.456171917063,703.1611587874203,708.2100219726562,9667960,0.0,0.0,BAJFINANCE.NS,1225
2024-12-13 00:00:00+05:30,705.546447885423,717.298880634839,693.7790319064774,713.8750610351562,12504360,0.0,0.0,BAJFINANCE.NS,1226
2024-12-16 00:00:00+05:30,713.8750745502272,720.3550484707322,711.2214050303072,716.4193725585938,7960740,0.0,0.0,BAJFINANCE.NS,1227
2024-12-17 00:00:00+05:30,715.5844571636095,721.2892457691507,706.6396514490644,710.8934326171875,10318560,0.0,0.0,BAJFINANCE.NS,1228
2024-12-18 00:00:00+05:30,710.5158045496859,713.4775098902775,701.7100935805659,703.1065063476562,7275140,0.0,0.0,BAJFINANCE.NS,1229
2024-12-19 00:00:00+05:30,690.7377927037467,698.1371422372633,684.5608805717452,687.612060546875,9076750,0.0,0.0,BAJFINANCE.NS,1230
2024-12-20 00:00:00+05:30,687.095330523432,698.0924755661163,676.296910429089,680.625244140625,27000190,0.0,0.0,BAJFINANCE.NS,1231
2024-12-23 00:00:00+05:30,685.4703094309058,693.411299689527,681.3904427930831,682.4588623046875,5829280,0.0,0.0,BAJFINANCE.NS,1232
2024-12-24 00:00:00+05:30,683.9795212743992,686.7623377176409,675.2335007409897,676.644775390625,6014270,0.0,0.0,BAJFINANCE.NS,1233
2024-12-26 00:00:00+05:30,678.8511232785883,681.5942068314215,675.83476260489,677.3951416015625,3290960,0.0,0.0,BAJFINANCE.NS,1234
2024-12-27 00:00:00+05:30,680.4860783453122,693.3914315964618,678.8511471088848,686.5387573242188,5554180,0.0,0.0,BAJFINANCE.NS,1235
2024-12-30 00:00:00+05:30,685.7684289042008,695.210168142737,682.2898933952665,684.6006469726562,4908760,0.0,0.0,BAJFINANCE.NS,1236
2024-12-31 00:00:00+05:30,682.7818759768597,683.4825694238581,675.0346971874478,678.1156616210938,6153980,0.0,0.0,BAJFINANCE.NS,1237
2025-01-01 00:00:00+05:30,678.1156838285779,690.5340515699199,676.4260971937944,689.27685546875,4187210,0.0,0.0,BAJFINANCE.NS,1238
2025-01-02 00:00:00+05:30,693.7193937288879,738.4434234105497,692.8248888709156,734.388427734375,31716510,0.0,0.0,BAJFINANCE.NS,1239
2025-01-03 00:00:00+05:30,734.4430442828274,745.400455239181,731.4117612303569,736.1823120117188,15059280,0.0,0.0,BAJFINANCE.NS,1240
2025-01-06 00:00:00+05:30,745.400531924833,755.3292573043357,727.1879001292994,730.4279174804688,19059760,0.0,0.0,BAJFINANCE.NS,1241
2025-01-07 00:00:00+05:30,730.9844943110259,740.1231122808318,725.6673280159109,730.8851318359375,10425380,0.0,0.0,BAJFINANCE.NS,1242
2025-01-08 00:00:00+05:30,731.6701775735115,734.3138378347966,721.2196486160832,731.0291137695312,8444660,0.0,0.0,BAJFINANCE.NS,1243
2025-01-09 00:00:00+05:30,729.3445489309191,731.0291613513496,719.1623828865226,723.281982421875,6681410,0.0,0.0,BAJFINANCE.NS,1244
2025-01-10 00:00:00+05:30,723.2820132551371,732.1870868381571,720.0618926423277,724.3355102539062,8089630,0.0,0.0,BAJFINANCE.NS,1245
2025-01-13 00:00:00+05:30,719.5599514378315,721.0607008212897,709.0249819380257,710.7095336914062,6642740,0.0,0.0,BAJFINANCE.NS,1246
2025-01-14 00:00:00+05:30,718.5661016983001,734.2691938632714,714.7049172967165,729.001708984375,9980110,0.0,0.0,BAJFINANCE.NS,1247
2025-01-15 00:00:00+05:30,729.5483537950854,730.4925399584946,706.1626853860436,713.33837890625,6817500,0.0,0.0,BAJFINANCE.NS,1248
2025-01-16 00:00:00+05:30,715.5844939800952,724.429937683911,714.9931720224164,721.5228271484375,8608490,0.0,0.0,BAJFINANCE.NS,1249
2025-01-17 00:00:00+05:30,717.6715787903673,724.0273798131597,711.2412862460816,713.8054809570312,6652740,0.0,0.0,BAJFINANCE.NS,1250
2025-01-20 00:00:00+05:30,713.8054998204258,742.4189193313131,713.8054998204258,739.447265625,10679710,0.0,0.0,BAJFINANCE.NS,1251
2025-01-21 00:00:00+05:30,740.4312104015196,743.909746289312,723.2969461913872,724.6932983398438,10032060,0.0,0.0,BAJFINANCE.NS,1252
2025-01-22 00:00:00+05:30,729.3992479941143,737.474419942342,721.5824305931181,735.1785888671875,7273680,0.0,0.0,BAJFINANCE.NS,1253
2025-01-23 00:00:00+05:30,729.597985062582,747.7858057894387,728.0078215937472,739.7603149414062,10302950,0.0,0.0,BAJFINANCE.NS,1254
2025-01-24 00:00:00+05:30,739.7603317495092,745.8974505394998,729.329698703094,739.2981567382812,6796870,0.0,0.0,BAJFINANCE.NS,1255
2025-01-27 00:00:00+05:30,733.4840364742133,742.8661464773663,721.54768015869,725.0709228515625,6928100,0.0,0.0,BAJFINANCE.NS,1256
2025-01-28 00:00:00+05:30,734.4679769227307,765.9536875174641,729.9955738156234,755.9951171875,24789330,0.0,0.0,BAJFINANCE.NS,1257
2025-01-29 00:00:00+05:30,761.029046289582,773.924511450252,752.2532413343686,771.206298828125,15149200,0.0,0.0,BAJFINANCE.NS,1258
2025-01-30 00:00:00+05:30,780.1858499375447,820.0051467305362,780.1858499375447,785.3191528320312,56488830,0.0,0.0,BAJFINANCE.NS,1259
2025-01-31 00:00:00+05:30,787.6398985815254,793.1707729771786,774.3220514263428,783.6743774414062,18335460,0.0,0.0,BAJFINANCE.NS,1260
2025-02-01 00:00:00+05:30,783.1674643353156,806.0214389778673,773.666094986311,795.1038208007812,16153780,0.0,0.0,BAJFINANCE.NS,1261
2025-02-03 00:00:00+05:30,787.3615741954295,838.7544774391274,787.2472891542758,837.4127807617188,43369260,0.0,0.0,BAJFINANCE.NS,1262
2025-02-04 00:00:00+05:30,837.33318519866,843.7933225325369,825.2079922244451,842.3372802734375,19663000,0.0,0.0,BAJFINANCE.NS,1263
2025-02-05 00:00:00+05:30,844.7872285257307,853.6028268693608,839.3706394577197,845.7264404296875,18674930,0.0,0.0,BAJFINANCE.NS,1264
2025-02-06 00:00:00+05:30,848.191174922836,860.9673801111533,841.010508058519,845.5126953125,17094730,0.0,0.0,BAJFINANCE.NS,1265
2025-02-07 00:00:00+05:30,853.2351203824257,853.2351203824257,833.2484625229857,842.22802734375,9665400,0.0,0.0,BAJFINANCE.NS,1266
2025-02-10 00:00:00+05:30,842.6802260548585,843.5945670019648,816.9589350238671,823.5979614257812,12438380,0.0,0.0,BAJFINANCE.NS,1267
2025-02-11 00:00:00+05:30,824.8105377995666,830.3861190729097,808.9434188704632,814.0966186523438,9630590,0.0,0.0,BAJFINANCE.NS,1268
2025-02-12 00:00:00+05:30,809.9671067816488,823.3197117935968,797.578523952474,816.3676147460938,14837310,0.0,0.0,BAJFINANCE.NS,1269
2025-02-13 00:00:00+05:30,814.6780171593816,844.5884246202698,814.6780171593816,835.7430419921875,18003130,0.0,0.0,BAJFINANCE.NS,1270
2025-02-14 00:00:00+05:30,835.6982863489014,840.3744490767868,823.1209269518953,834.083251953125,8633150,0.0,0.0,BAJFINANCE.NS,1271
2025-02-17 00:00:00+05:30,816.9837868378191,843.5945472454296,816.9837868378191,837.4921875,8627990,0.0,0.0,BAJFINANCE.NS,1272
2025-02-18 00:00:00+05:30,837.8301220767972,842.7994585066715,830.9426290642929,841.3981323242188,8689770,0.0,0.0,BAJFINANCE.NS,1273
2025-02-19 00:00:00+05:30,840.7272987914766,847.6695085089755,834.8485951055148,838.7694091796875,8961980,0.0,0.0,BAJFINANCE.NS,1274
2025-02-20 00:00:00+05:30,830.46063736798,840.3744395125794,829.446873301159,834.7938842773438,7900700,0.0,0.0,BAJFINANCE.NS,1275
2025-02-21 00:00:00+05:30,830.8730927103885,836.8661418623368,823.7172357606174,834.5205688476562,6086470,0.0,0.0,BAJFINANCE.NS,1276
2025-02-24 00:00:00+05:30,827.6927359711995,834.7492307148926,826.0081234949291,830.3712158203125,3552600,0.0,0.0,BAJFINANCE.NS,1277
2025-02-25 00:00:00+05:30,830.3711488473276,847.4358332776582,828.6915106962595,843.674072265625,10985410,0.0,0.0,BAJFINANCE.NS,1278
2025-02-27 00:00:00+05:30,849.0211644154252,868.5407344705976,849.0211644154252,865.2012939453125,18382830,0.0,0.0,BAJFINANCE.NS,1279
2025-02-28 00:00:00+05:30,861.186070321473,861.6830040031357,845.7861003796137,847.7987060546875,17545800,0.0,0.0,BAJFINANCE.NS,1280
2025-03-03 00:00:00+05:30,848.365105661526,859.7747435504854,838.635166602085,857.4937744140625,8749960,0.0,0.0,BAJFINANCE.NS,1281
2025-03-04 00:00:00+05:30,846.9935637177676,856.6440370663474,846.1438265853014,853.3294677734375,7655060,0.0,0.0,BAJFINANCE.NS,1282
2025-03-05 00:00:00+05:30,840.3148523637177,844.7872554809699,817.0583318896664,824.7807006835938,16300920,0.0,0.0,BAJFINANCE.NS,1283
2025-03-06 00:00:00+05:30,831.3700372857354,840.7918803410525,822.4798865712621,835.9269409179688,8814220,0.0,0.0,BAJFINANCE.NS,1284
2025-03-07 00:00:00+05:30,835.8324428661109,841.8055949872813,831.514118606434,835.2957763671875,4729460,0.0,0.0,BAJFINANCE.NS,1285
2025-03-10 00:00:00+05:30,838.600399647079,858.4926074197267,827.4988583053935,829.1437377929688,10164530,0.0,0.0,BAJFINANCE.NS,1286
2025-03-11 00:00:00+05:30,825.4068110389812,832.3638822939756,816.0893048938993,828.9300537109375,8135670,0.0,0.0,BAJFINANCE.NS,1287
2025-03-12 00:00:00+05:30,828.9946504740712,847.2222036981539,822.1817094501092,843.2417602539062,20882230,0.0,0.0,BAJFINANCE.NS,1288
2025-03-13 00:00:00+05:30,844.7872128755555,850.7504167311477,834.1528205342469,836.8809814453125,12173510,0.0,0.0,BAJFINANCE.NS,1289
2025-03-17 00:00:00+05:30,834.7690517894611,857.7025531372367,833.4571396016174,852.77294921875,11020850,0.0,0.0,BAJFINANCE.NS,1290
2025-03-18 00:00:00+05:30,852.77294921875,852.77294921875,852.77294921875,852.77294921875,0,0.0,0.0,BAJFINANCE.NS,1291
2025-03-19 00:00:00+05:30,864.6645816925422,882.4548312583717,862.9352622348928,867.80517578125,12898200,0.0,0.0,BAJFINANCE.NS,1292
2025-03-20 00:00:00+05:30,867.1492515262393,871.4278431326916,848.8769908298905,862.64208984375,7924330,0.0,0.0,BAJFINANCE.NS,1293
2025-03-21 00:00:00+05:30,898.4510853028386,903.3260336366491,877.684208188832,886.1420288085938,27448010,0.0,0.0,BAJFINANCE.NS,1294
2025-03-24 00:00:00+05:30,904.0167066294846,905.9100529720466,887.2253596781331,903.4303588867188,14332170,0.0,0.0,BAJFINANCE.NS,1295
2025-03-25 00:00:00+05:30,906.9039145835608,920.3260973722652,892.1996648110484,901.164306640625,17482600,0.0,0.0,BAJFINANCE.NS,1296
2025-03-26 00:00:00+05:30,904.6230299913868,907.0927757475704,879.5676127668488,881.167724609375,8862110,0.0,0.0,BAJFINANCE.NS,1297
2025-03-27 00:00:00+05:30,880.6657918389074,899.9865746118563,876.8145560445273,894.8632202148438,20920440,0.0,0.0,BAJFINANCE.NS,1298
2025-03-28 00:00:00+05:30,894.2420355740359,897.3528450203148,880.6657745285638,889.0739135742188,9770990,0.0,0.0,BAJFINANCE.NS,1299
2025-04-01 00:00:00+05:30,872.9435387462231,887.0266223080821,861.7823669999043,864.4857177734375,11834240,0.0,0.0,BAJFINANCE.NS,1300
2025-04-02 00:00:00+05:30,867.6462158906634,870.6128954379398,855.9185930314133,861.6084594726562,6464950,0.0,0.0,BAJFINANCE.NS,1301
2025-04-03 00:00:00+05:30,859.6952119722814,871.1246858886759,840.8316300852158,854.189208984375,13966330,0.0,0.0,BAJFINANCE.NS,1302
2025-04-04 00:00:00+05:30,860.2915347763417,874.3051004964104,853.1158417860235,866.5380249023438,18496580,0.0,0.0,BAJFINANCE.NS,1303
2025-04-07 00:00:00+05:30,828.88536880857,854.7756011098094,825.6205412588924,851.5455322265625,13981240,0.0,0.0,BAJFINANCE.NS,1304
2025-04-08 00:00:00+05:30,859.6952348126595,881.8584639941574,859.6952348126595,876.8145751953125,14775630,0.0,0.0,BAJFINANCE.NS,1305
2025-04-09 00:00:00+05:30,876.0940686738069,878.777522649901,857.2105890313766,868.22265625,10487740,0.0,0.0,BAJFINANCE.NS,1306
2025-04-11 00:00:00+05:30,877.0929006731593,891.8468322003135,875.6667034684273,886.6389770507812,10097220,0.0,0.0,BAJFINANCE.NS,1307
2025-04-15 00:00:00+05:30,919.8739341683755,923.3027887344896,901.9843214695372,908.494140625,12633610,0.0,0.0,BAJFINANCE.NS,1308
2025-04-16 00:00:00+05:30,909.338962713677,911.5254830608089,890.9027351242372,900.0960083007812,7198220,0.0,0.0,BAJFINANCE.NS,1309
2025-04-17 00:00:00+05:30,898.4560458944406,913.3640555055209,889.7100257214428,910.6309204101562,11415130,0.0,0.0,BAJFINANCE.NS,1310
2025-04-21 00:00:00+05:30,911.3763392226595,925.7874154699099,908.5438416039183,921.662841796875,7824150,0.0,0.0,BAJFINANCE.NS,1311
2025-04-22 00:00:00+05:30,923.7997041075168,933.5395920294122,917.3395663165552,920.370849609375,11293580,0.0,0.0,BAJFINANCE.NS,1312
2025-04-23 00:00:00+05:30,922.5076268883136,929.1168079429251,909.3885665824954,926.5824584960938,10818710,0.0,0.0,BAJFINANCE.NS,1313
2025-04-24 00:00:00+05:30,956.1003887587165,960.0758581506445,921.61317965157,924.39599609375,18496710,0.0,0.0,BAJFINANCE.NS,1314
2025-04-25 00:00:00+05:30,925.340181044901,928.7193542881375,893.486744714233,905.6119384765625,10893540,0.0,0.0,BAJFINANCE.NS,1315
2025-04-28 00:00:00+05:30,902.4315563508615,906.9039594385034,894.5302987638576,903.7235717773438,9946560,0.0,0.0,BAJFINANCE.NS,1316
2025-04-29 00:00:00+05:30,907.4008931149081,908.9910566150634,890.5051481171497,903.7235717773438,11768180,0.0,0.0,BAJFINANCE.NS,1317
2025-04-30 00:00:00+05:30,878.5787472966435,883.3492984982109,850.3528899743571,858.15478515625,39690570,0.0,0.0,BAJFINANCE.NS,1318
2025-05-02 00:00:00+05:30,852.2908939871758,886.0327010732856,851.3467079166783,881.4111938476562,18933030,0.0,0.0,BAJFINANCE.NS,1319
2025-05-05 00:00:00+05:30,882.3057617507878,897.7603872927656,881.1627900057229,887.7223510742188,8930610,0.0,0.0,BAJFINANCE.NS,1320
2025-05-06 00:00:00+05:30,885.6351674724266,891.8965802788989,869.6339274712942,874.3547973632812,12040870,0.0,0.0,BAJFINANCE.NS,1321
2025-05-07 00:00:00+05:30,869.633928985005,894.232145833438,866.9504750148244,893.138916015625,11635570,0.0,0.0,BAJFINANCE.NS,1322
2025-05-08 00:00:00+05:30,892.1947079369587,901.8849143356405,872.1185758813663,877.8333129882812,12018090,0.0,0.0,BAJFINANCE.NS,1323
2025-05-09 00:00:00+05:30,860.8648380276228,873.9021887339279,856.3863504309473,859.9691162109375,12151340,1.2,0.0,BAJFINANCE.NS,1324
2025-05-12 00:00:00+05:30,880.6697141980056,898.683161916931,878.3309120482104,897.5386352539062,10638220,0.0,0.0,BAJFINANCE.NS,1325
2025-05-13 00:00:00+05:30,896.0956196341344,911.9693213122264,894.8017857507431,899.87744140625,13363000,0.0,0.0,BAJFINANCE.NS,1326
2025-05-14 00:00:00+05:30,900.1760232176907,906.6946986887787,896.8918110693861,903.7587890625,7594000,0.0,0.0,BAJFINANCE.NS,1327
2025-05-15 00:00:00+05:30,905.5999805101645,917.0947533876722,898.484136910891,914.4573974609375,10385000,0.0,0.0,BAJFINANCE.NS,1328
2025-05-16 00:00:00+05:30,914.4573733738861,924.1607630754637,908.9836663627398,912.3176879882812,6251920,0.0,0.0,BAJFINANCE.NS,1329
2025-05-19 00:00:00+05:30,912.3176982188571,924.5091366985775,912.3176982188571,921.1253662109375,7162740,0.0,0.0,BAJFINANCE.NS,1330
2025-05-20 00:00:00+05:30,925.3550226969597,926.5492981730328,902.5645339784703,903.5597534179688,8106160,0.0,0.0,BAJFINANCE.NS,1331
2025-05-21 00:00:00+05:30,905.6496987494479,923.5636488346017,898.5338553904952,915.3530883789062,7321500,0.0,0.0,BAJFINANCE.NS,1332
2025-05-22 00:00:00+05:30,915.3530762980172,915.5023835107727,902.7137773116312,909.5310668945312,6159740,0.0,0.0,BAJFINANCE.NS,1333
2025-05-23 00:00:00+05:30,909.5310964586229,924.2105836173697,906.7444333524313,919.9310913085938,4251690,0.0,0.0,BAJFINANCE.NS,1334
2025-05-26 00:00:00+05:30,921.0755964137837,929.1866591884672,920.5779866912479,922.5186767578125,5476790,0.0,0.0,BAJFINANCE.NS,1335
2025-05-27 00:00:00+05:30,922.5684564101424,924.5588953667985,909.9291568867003,912.7157592773438,7150000,0.0,0.0,BAJFINANCE.NS,1336
2025-05-28 00:00:00+05:30,920.0803973123589,925.0067458230633,909.7300905574115,922.3196411132812,6507400,0.0,0.0,BAJFINANCE.NS,1337
2025-05-29 00:00:00+05:30,920.5779851422767,923.5138946489728,911.6210101517032,916.0,7081750,0.0,0.0,BAJFINANCE.NS,1338
2025-05-30 00:00:00+05:30,917.0,920.3499755859375,912.0999755859375,918.0499877929688,15041740,4.4,0.0,BAJFINANCE.NS,1339
2025-06-02 00:00:00+05:30,913.0,916.5,904.0,911.8499755859375,6619630,0.0,0.0,BAJFINANCE.NS,1340
2025-06-03 00:00:00+05:30,910.5999755859375,912.7999877929688,897.0,897.9000244140625,9080270,0.0,0.0,BAJFINANCE.NS,1341
2025-06-04 00:00:00+05:30,897.5,903.9500122070312,896.4500122070312,898.7000122070312,5544930,0.0,0.0,BAJFINANCE.NS,1342
2025-06-05 00:00:00+05:30,898.7000122070312,898.7000122070312,886.9500122070312,893.4000244140625,7853320,0.0,0.0,BAJFINANCE.NS,1343
2025-06-06 00:00:00+05:30,894.5,943.4000244140625,887.5999755859375,937.1500244140625,19783860,0.0,0.0,BAJFINANCE.NS,1344
2025-06-09 00:00:00+05:30,955.0,978.7999877929688,940.2999877929688,960.75,23496010,0.0,0.0,BAJFINANCE.NS,1345
2025-06-10 00:00:00+05:30,970.0,970.0,948.5499877929688,949.75,9044040,0.0,0.0,BAJFINANCE.NS,1346
2025-06-11 00:00:00+05:30,949.0,957.0,940.4000244140625,942.5,11860810,0.0,0.0,BAJFINANCE.NS,1347
2025-06-12 00:00:00+05:30,944.9000244140625,953.2999877929688,935.5,936.8499755859375,12388330,0.0,0.0,BAJFINANCE.NS,1348
2025-06-13 00:00:00+05:30,915.0,936.5499877929688,914.7000122070312,933.0999755859375,10182020,0.0,0.0,BAJFINANCE.NS,1349
2025-06-16 00:00:00+05:30,956.0,956.0,925.0,938.0,7016290,0.0,2.0,BAJFINANCE.NS,1350
2025-06-17 00:00:00+05:30,941.5,943.5,917.5,923.0,6110175,0.0,0.0,BAJFINANCE.NS,1351
2025-06-18 00:00:00+05:30,927.0,932.5,915.0,919.0,5002923,0.0,0.0,BAJFINANCE.NS,1352
2025-06-19 00:00:00+05:30,919.0,922.5,894.0,900.5,6585940,0.0,0.0,BAJFINANCE.NS,1353
2025-06-20 00:00:00+05:30,897.0,907.5,886.0,905.0,14320241,0.0,0.0,BAJFINANCE.NS,1354
2025-06-23 00:00:00+05:30,899.0,918.0,890.5,915.5,5870597,0.0,0.0,BAJFINANCE.NS,1355
2025-06-24 00:00:00+05:30,920.0,936.0,914.5,916.5,11555634,0.0,0.0,BAJFINANCE.NS,1356
2025-06-25 00:00:00+05:30,918.0,930.0,916.0,928.0,6623799,0.0,0.0,BAJFINANCE.NS,1357
2025-06-26 00:00:00+05:30,930.0,953.5,928.5,951.5,11677790,0.0,0.0,BAJFINANCE.NS,1358
2025-06-27 00:00:00+05:30,950.0,959.5,936.0,947.0,21637194,0.0,0.0,BAJFINANCE.NS,1359
2025-06-30 00:00:00+05:30,956.0,956.0,934.0,936.5,6086081,0.0,0.0,BAJFINANCE.NS,1360
2025-07-01 00:00:00+05:30,932.5,941.7999877929688,928.0,936.6500244140625,5381327,0.0,0.0,BAJFINANCE.NS,1361
2025-07-02 00:00:00+05:30,933.0,939.8499755859375,914.0,923.0,9394493,0.0,0.0,BAJFINANCE.NS,1362
2025-07-03 00:00:00+05:30,922.0,924.5,905.2000122070312,910.1500244140625,7606558,0.0,0.0,BAJFINANCE.NS,1363
2025-07-04 00:00:00+05:30,922.0,940.7000122070312,919.0,925.2999877929688,10613046,0.0,0.0,BAJFINANCE.NS,1364
2025-07-07 00:00:00+05:30,925.0,929.2999877929688,918.0999755859375,924.6500244140625,3383973,0.0,0.0,BAJFINANCE.NS,1365
2025-07-08 00:00:00+05:30,918.7999877929688,929.5,918.7999877929688,927.6500244140625,3851432,0.0,0.0,BAJFINANCE.NS,1366
2025-07-09 00:00:00+05:30,926.5,946.0,924.0,940.5999755859375,5341529,0.0,0.0,BAJFINANCE.NS,1367
2025-07-10 00:00:00+05:30,943.0,951.7000122070312,942.25,947.6500244140625,5409906,0.0,0.0,BAJFINANCE.NS,1368
2025-07-11 00:00:00+05:30,938.7000122070312,947.1500244140625,931.5499877929688,933.5,4278038,0.0,0.0,BAJFINANCE.NS,1369
2025-07-14 00:00:00+05:30,932.0,932.0,911.2999877929688,918.8499755859375,6657978,0.0,0.0,BAJFINANCE.NS,1370
2025-07-15 00:00:00+05:30,919.0,930.5999755859375,918.0,928.4000244140625,3892075,0.0,0.0,BAJFINANCE.NS,1371
2025-07-16 00:00:00+05:30,924.0,927.0,919.4000244140625,921.75,3952491,0.0,0.0,BAJFINANCE.NS,1372
2025-07-17 00:00:00+05:30,925.9500122070312,926.25,916.0,923.2999877929688,4583882,0.0,0.0,BAJFINANCE.NS,1373
2025-07-18 00:00:00+05:30,920.5,944.9000244140625,920.0,942.0,7893820,0.0,0.0,BAJFINANCE.NS,1374
2025-07-21 00:00:00+05:30,938.9000244140625,951.0,937.3499755859375,948.4500122070312,4660232,0.0,0.0,BAJFINANCE.NS,1375
2025-07-22 00:00:00+05:30,955.0,962.0,940.0,952.5499877929688,6237382,0.0,0.0,BAJFINANCE.NS,1376
2025-07-23 00:00:00+05:30,954.0,970.9500122070312,953.6500244140625,968.2999877929688,9694991,0.0,0.0,BAJFINANCE.NS,1377
2025-07-24 00:00:00+05:30,970.0,970.0,954.0,958.9500122070312,5189112,0.0,0.0,BAJFINANCE.NS,1378
2025-07-25 00:00:00+05:30,906.4000244140625,924.9000244140625,898.0,913.75,24415481,0.0,0.0,BAJFINANCE.NS,1379
2025-07-28 00:00:00+05:30,909.25,913.75,879.0,880.5,14011284,0.0,0.0,BAJFINANCE.NS,1380
2025-07-29 00:00:00+05:30,875.0499877929688,894.0,873.5,886.5499877929688,11323854,0.0,0.0,BAJFINANCE.NS,1381
2025-07-30 00:00:00+05:30,890.9500122070312,892.5999755859375,875.0,884.8499755859375,5054496,0.0,0.0,BAJFINANCE.NS,1382
2025-07-31 00:00:00+05:30,872.0,887.8499755859375,868.0,881.2000122070312,6999179,0.0,0.0,BAJFINANCE.NS,1383
2025-08-01 00:00:00+05:30,884.7999877929688,895.8499755859375,873.0,875.5999755859375,5300299,0.0,0.0,BAJFINANCE.NS,1384
2025-08-04 00:00:00+05:30,874.0,886.75,873.7000122070312,885.2999877929688,3969985,0.0,0.0,BAJFINANCE.NS,1385
2025-08-05 00:00:00+05:30,889.0,893.5999755859375,882.4000244140625,891.9000244140625,4446791,0.0,0.0,BAJFINANCE.NS,1386
2025-08-06 00:00:00+05:30,888.0,895.5,874.5999755859375,876.6500244140625,4212648,0.0,0.0,BAJFINANCE.NS,1387
2025-08-07 00:00:00+05:30,871.0,882.0,867.25,879.0999755859375,5998002,0.0,0.0,BAJFINANCE.NS,1388
2025-08-08 00:00:00+05:30,877.0,888.2999877929688,876.0,877.1500244140625,3736916,0.0,0.0,BAJFINANCE.NS,1389
2025-08-11 00:00:00+05:30,877.1500244140625,888.2999877929688,872.75,877.7999877929688,5367926,0.0,0.0,BAJFINANCE.NS,1390
2025-08-12 00:00:00+05:30,877.2000122070312,884.9000244140625,851.5,853.0,8257312,0.0,0.0,BAJFINANCE.NS,1391
2025-08-13 00:00:00+05:30,854.5499877929688,864.0,849.0,860.0,10117225,0.0,0.0,BAJFINANCE.NS,1392
2025-08-14 00:00:00+05:30,860.0,866.9000244140625,855.4500122070312,861.4500122070312,5379250,0.0,0.0,BAJFINANCE.NS,1393
2025-08-18 00:00:00+05:30,875.0,919.6500244140625,875.0,905.2000122070312,16277779,0.0,0.0,BAJFINANCE.NS,1394
2025-08-19 00:00:00+05:30,905.9500122070312,909.9000244140625,890.5,902.2999877929688,5764382,0.0,0.0,BAJFINANCE.NS,1395
2025-08-20 00:00:00+05:30,900.5499877929688,902.0,886.0499877929688,887.7999877929688,5561646,0.0,0.0,BAJFINANCE.NS,1396
2025-08-21 00:00:00+05:30,888.0,901.2999877929688,884.0,895.5999755859375,6697533,0.0,0.0,BAJFINANCE.NS,1397
2025-08-22 00:00:00+05:30,895.0,903.9000244140625,892.0,894.5,6424895,0.0,0.0,BAJFINANCE.NS,1398
2025-08-25 00:00:00+05:30,902.0999755859375,908.0,898.1500244140625,900.7999877929688,5837876,0.0,0.0,BAJFINANCE.NS,1399
2025-08-26 00:00:00+05:30,899.9500122070312,901.9000244140625,873.5,876.25,6712926,0.0,0.0,BAJFINANCE.NS,1400
2025-08-28 00:00:00+05:30,870.2000122070312,884.5,869.7000122070312,876.8499755859375,8349342,0.0,0.0,BAJFINANCE.NS,1401
2025-08-29 00:00:00+05:30,870.8499755859375,888.0,870.8499755859375,877.8499755859375,5672446,0.0,0.0,BAJFINANCE.NS,1402
2025-09-01 00:00:00+05:30,877.8499755859375,894.7999877929688,877.8499755859375,889.3499755859375,4101526,0.0,0.0,BAJFINANCE.NS,1403
2025-09-02 00:00:00+05:30,895.0,899.5499877929688,886.1500244140625,890.0999755859375,6103185,0.0,0.0,BAJFINANCE.NS,1404
2025-09-03 00:00:00+05:30,892.7000122070312,898.8499755859375,880.0499877929688,896.2999877929688,5493809,0.0,0.0,BAJFINANCE.NS,1405
2025-09-04 00:00:00+05:30,915.0,948.0,912.25,934.75,21738706,0.0,0.0,BAJFINANCE.NS,1406
2025-09-05 00:00:00+05:30,942.0,942.3499755859375,932.0,937.5999755859375,5467260,0.0,0.0,BAJFINANCE.NS,1407
2025-09-08 00:00:00+05:30,937.5999755859375,949.6500244140625,935.6500244140625,944.2999877929688,5657331,0.0,0.0,BAJFINANCE.NS,1408
2025-09-09 00:00:00+05:30,944.0,949.4000244140625,940.0,948.4000244140625,5417393,0.0,0.0,BAJFINANCE.NS,1409
2025-09-10 00:00:00+05:30,951.0499877929688,969.6500244140625,947.7000122070312,967.9500122070312,6836239,0.0,0.0,BAJFINANCE.NS,1410
2025-09-11 00:00:00+05:30,968.0,975.9000244140625,965.5999755859375,970.25,5982627,0.0,0.0,BAJFINANCE.NS,1411
2025-09-12 00:00:00+05:30,972.25,1004.5999755859375,970.8499755859375,1003.25,11412561,0.0,0.0,BAJFINANCE.NS,1412
2025-09-15 00:00:00+05:30,999.0,1025.699951171875,998.0999755859375,1009.8499755859375,9989753,0.0,0.0,BAJFINANCE.NS,1413
2025-09-16 00:00:00+05:30,1005.8499755859375,1015.2999877929688,1000.0,1003.25,7602155,0.0,0.0,BAJFINANCE.NS,1414
2025-09-17 00:00:00+05:30,1010.0,1011.7999877929688,1000.3499755859375,1007.5,6995023,0.0,0.0,BAJFINANCE.NS,1415
2025-09-18 00:00:00+05:30,1007.0,1009.7999877929688,990.0,996.5,9738376,0.0,0.0,BAJFINANCE.NS,1416
2025-09-19 00:00:00+05:30,991.0,996.0,988.5999755859375,992.4500122070312,6736440,0.0,0.0,BAJFINANCE.NS,1417
2025-09-22 00:00:00+05:30,989.9500122070312,1010.9000244140625,989.0,1006.5,4250045,0.0,0.0,BAJFINANCE.NS,1418
2025-09-23 00:00:00+05:30,999.0,1028.800048828125,999.0,1025.5,10230040,0.0,0.0,BAJFINANCE.NS,1419
2025-09-24 00:00:00+05:30,1021.5,1036.0,1020.4000244140625,1029.75,6433184,0.0,0.0,BAJFINANCE.NS,1420
2025-09-25 00:00:00+05:30,1020.0,1031.0999755859375,1008.0,1012.75,16731453,0.0,0.0,BAJFINANCE.NS,1421
2025-09-26 00:00:00+05:30,1008.0499877929688,1010.5,981.0499877929688,985.0999755859375,9109737,0.0,0.0,BAJFINANCE.NS,1422
2025-09-29 00:00:00+05:30,990.0,997.7999877929688,981.0999755859375,990.9500122070312,5804877,0.0,0.0,BAJFINANCE.NS,1423
2025-09-30 00:00:00+05:30,990.0,1002.2999877929688,989.4500122070312,998.9000244140625,7182200,0.0,0.0,BAJFINANCE.NS,1424
2025-10-01 00:00:00+05:30,991.5,1000.0,977.75,987.7000122070312,6932272,0.0,0.0,BAJFINANCE.NS,1425
2025-10-03 00:00:00+05:30,975.0,992.2000122070312,972.0,989.75,7692197,0.0,0.0,BAJFINANCE.NS,1426
2025-10-06 00:00:00+05:30,993.0,1023.0,992.0999755859375,1008.9000244140625,9299635,0.0,0.0,BAJFINANCE.NS,1427
2025-10-07 00:00:00+05:30,1008.9000244140625,1029.5,1008.9000244140625,1016.5499877929688,7991437,0.0,0.0,BAJFINANCE.NS,1428
2025-10-08 00:00:00+05:30,1012.0499877929688,1028.0,1012.0499877929688,1023.1500244140625,4448915,0.0,0.0,BAJFINANCE.NS,1429
2025-10-09 00:00:00+05:30,1023.0,1029.0,1014.9500122070312,1024.0999755859375,4444154,0.0,0.0,BAJFINANCE.NS,1430
2025-10-10 00:00:00+05:30,1018.0999755859375,1027.5,1017.0,1023.8499755859375,3714548,0.0,0.0,BAJFINANCE.NS,1431
2025-10-13 00:00:00+05:30,1023.8499755859375,1040.0,1021.5,1036.75,7684523,0.0,0.0,BAJFINANCE.NS,1432
2025-10-14 00:00:00+05:30,1040.0,1042.0999755859375,1011.3499755859375,1019.1500244140625,7668358,0.0,0.0,BAJFINANCE.NS,1433
2025-10-15 00:00:00+05:30,1026.0,1063.0,1018.4000244140625,1059.9000244140625,10205158,0.0,0.0,BAJFINANCE.NS,1434
2025-10-16 00:00:00+05:30,1062.0,1081.0999755859375,1058.8499755859375,1065.75,9901992,0.0,0.0,BAJFINANCE.NS,1435
2025-10-17 00:00:00+05:30,1056.0999755859375,1076.449951171875,1056.0999755859375,1070.0999755859375,5761670,0.0,0.0,BAJFINANCE.NS,1436
2025-10-20 00:00:00+05:30,1081.5,1086.5,1072.199951171875,1081.0,5700858,0.0,0.0,BAJFINANCE.NS,1437
2025-10-21 00:00:00+05:30,1084.9000244140625,1089.0,1081.0,1086.5,911624,0.0,0.0,BAJFINANCE.NS,1438
2025-10-23 00:00:00+05:30,1090.0,1102.5,1083.9000244140625,1094.1500244140625,11143407,0.0,0.0,BAJFINANCE.NS,1439
2025-10-24 00:00:00+05:30,1093.5,1098.5999755859375,1087.4000244140625,1089.75,6440277,0.0,0.0,BAJFINANCE.NS,1440
2025-10-27 00:00:00+05:30,1090.949951171875,1094.0,1075.75,1084.4000244140625,7366175,0.0,0.0,BAJFINANCE.NS,1441
2025-10-28 00:00:00+05:30,1078.0,1092.4000244140625,1063.050048828125,1072.75,12324341,0.0,0.0,BAJFINANCE.NS,1442
2025-10-29 00:00:00+05:30,1072.0,1079.1500244140625,1061.25,1062.949951171875,5386803,0.0,0.0,BAJFINANCE.NS,1443
2025-10-30 00:00:00+05:30,1063.0,1066.800048828125,1045.0,1052.300048828125,4271927,0.0,0.0,BAJFINANCE.NS,1444
2025-10-31 00:00:00+05:30,1052.0,1069.449951171875,1041.4000244140625,1042.800048828125,5315632,0.0,0.0,BAJFINANCE.NS,1445
2025-11-03 00:00:00+05:30,1037.0,1048.0,1031.0,1043.0999755859375,4135617,0.0,0.0,BAJFINANCE.NS,1446
2025-11-04 00:00:00+05:30,1040.0,1060.4000244140625,1035.0,1057.0,6202540,0.0,0.0,BAJFINANCE.NS,1447
2025-11-06 00:00:00+05:30,1037.0,1052.800048828125,1035.0,1041.9000244140625,5776277,0.0,0.0,BAJFINANCE.NS,1448
2025-11-07 00:00:00+05:30,1039.0,1076.9000244140625,1034.199951171875,1066.5999755859375,6940923,0.0,0.0,BAJFINANCE.NS,1449
2025-11-10 00:00:00+05:30,1066.5999755859375,1088.0,1062.9000244140625,1085.0,5692236,0.0,0.0,BAJFINANCE.NS,1450
2025-11-11 00:00:00+05:30,1043.699951171875,1043.699951171875,997.0,1005.2000122070312,23762890,0.0,0.0,BAJFINANCE.NS,1451
2025-11-12 00:00:00+05:30,1011.0,1018.4000244140625,1008.7999877929688,1013.2000122070312,11131278,0.0,0.0,BAJFINANCE.NS,1452
2025-11-13 00:00:00+05:30,1012.5,1019.4000244140625,1003.5,1005.4000244140625,8503994,0.0,0.0,BAJFINANCE.NS,1453
2025-11-14 00:00:00+05:30,1004.9000244140625,1019.9000244140625,1002.5999755859375,1018.5,4381122,0.0,0.0,BAJFINANCE.NS,1454
2025-11-17 00:00:00+05:30,1021.0,1033.0,1017.0,1026.800048828125,6011603,0.0,0.0,BAJFINANCE.NS,1455
2025-11-18 00:00:00+05:30,1021.2000122070312,1024.0999755859375,1011.7000122070312,1013.5999755859375,4562185,0.0,0.0,BAJFINANCE.NS,1456
2025-11-19 00:00:00+05:30,1009.0,1016.0999755859375,1004.5999755859375,1005.5999755859375,5158832,0.0,0.0,BAJFINANCE.NS,1457
2025-11-20 00:00:00+05:30,1015.0,1031.699951171875,1007.2999877929688,1028.5999755859375,5459073,0.0,0.0,BAJFINANCE.NS,1458
2025-11-21 00:00:00+05:30,1020.0,1027.5999755859375,1001.5,1004.0999755859375,6304584,0.0,0.0,BAJFINANCE.NS,1459
2025-11-24 00:00:00+05:30,1005.0,1009.2999877929688,990.0,994.0,9574900,0.0,0.0,BAJFINANCE.NS,1460
2025-11-25 00:00:00+05:30,995.0,996.9000244140625,984.5,986.2000122070312,6376983,0.0,0.0,BAJFINANCE.NS,1461
2025-11-26 00:00:00+05:30,986.2000122070312,1012.7999877929688,981.2999877929688,1010.7000122070312,9772235,0.0,0.0,BAJFINANCE.NS,1462
2025-11-27 00:00:00+05:30,1015.5999755859375,1044.9000244140625,1010.9000244140625,1033.800048828125,12076038,0.0,0.0,BAJFINANCE.NS,1463
2025-11-28 00:00:00+05:30,1038.0,1043.5,1031.0,1037.5,4983147,0.0,0.0,BAJFINANCE.NS,1464
2025-12-01 00:00:00+05:30,1041.9000244140625,1042.0,1018.7999877929688,1021.0999755859375,6459837,0.0,0.0,BAJFINANCE.NS,1465
2025-12-02 00:00:00+05:30,1014.5,1036.0,1013.9000244140625,1025.5,6706145,0.0,0.0,BAJFINANCE.NS,1466
2025-12-03 00:00:00+05:30,1021.0,1026.300048828125,1014.2000122070312,1021.4000244140625,5895670,0.0,0.0,BAJFINANCE.NS,1467
2025-12-04 00:00:00+05:30,1018.0,1032.300048828125,1016.0,1029.0999755859375,5404918,0.0,0.0,BAJFINANCE.NS,1468
2025-12-05 00:00:00+05:30,1028.9000244140625,1061.0,1026.5,1048.0,13123572,0.0,0.0,BAJFINANCE.NS,1469
2025-12-08 00:00:00+05:30,1048.0,1049.800048828125,1023.0,1026.4000244140625,5189635,0.0,0.0,BAJFINANCE.NS,1470
2025-12-09 00:00:00+05:30,1025.0,1026.0,1013.7000122070312,1016.7000122070312,5968501,0.0,0.0,BAJFINANCE.NS,1471
2025-12-10 00:00:00+05:30,1016.0,1021.7000122070312,1007.2999877929688,1010.2999877929688,4990527,0.0,0.0,BAJFINANCE.NS,1472
2025-12-11 00:00:00+05:30,1011.9000244140625,1020.5,1000.0999755859375,1006.4000244140625,4670539,0.0,0.0,BAJFINANCE.NS,1473
2025-12-12 00:00:00+05:30,1000.0,1020.7999877929688,1000.0,1017.2999877929688,4381711,0.0,0.0,BAJFINANCE.NS,1474
2025-12-15 00:00:00+05:30,1015.0,1016.5,1008.0,1012.7000122070312,3958977,0.0,0.0,BAJFINANCE.NS,1475
2025-12-16 00:00:00+05:30,1007.5,1010.5999755859375,996.5,998.4000244140625,3861617,0.0,0.0,BAJFINANCE.NS,1476
2025-12-17 00:00:00+05:30,1000.0,1011.2000122070312,995.2999877929688,999.5999755859375,4695550,0.0,0.0,BAJFINANCE.NS,1477
2025-12-18 00:00:00+05:30,1002.0999755859375,1009.7000122070312,995.0,1000.2999877929688,3103997,0.0,0.0,BAJFINANCE.NS,1478
2025-12-19 00:00:00+05:30,1003.2000122070312,1014.0,1002.5,1008.2999877929688,5126009,0.0,0.0,BAJFINANCE.NS,1479
2025-12-22 00:00:00+05:30,1008.2999877929688,1015.4000244140625,1005.0,1007.7999877929688,3921237,0.0,0.0,BAJFINANCE.NS,1480
2025-12-23 00:00:00+05:30,1013.5,1018.0,1005.7000122070312,1011.4000244140625,4712043,0.0,0.0,BAJFINANCE.NS,1481
2025-12-24 00:00:00+05:30,1011.0,1037.4000244140625,1006.0,1011.7000122070312,5984816,0.0,0.0,BAJFINANCE.NS,1482
2025-12-26 00:00:00+05:30,1011.7000122070312,1011.7000122070312,998.0,1000.0,5211460,0.0,0.0,BAJFINANCE.NS,1483
2025-12-29 00:00:00+05:30,1003.0,1003.9000244140625,989.5999755859375,998.0,6715489,0.0,0.0,BAJFINANCE.NS,1484
2025-12-30 00:00:00+05:30,994.0999755859375,997.5999755859375,987.0999755859375,989.2999877929688,7473887,0.0,0.0,BAJFINANCE.NS,1485
2025-12-31 00:00:00+05:30,990.0,994.2000122070312,978.4000244140625,986.7999877929688,9895270,0.0,0.0,BAJFINANCE.NS,1486
2026-01-01 00:00:00+05:30,988.2000122070312,989.0,969.0,973.0999755859375,7118751,0.0,0.0,BAJFINANCE.NS,1487
2026-01-02 00:00:00+05:30,972.9000244140625,994.2000122070312,960.5999755859375,990.4500122070312,6206869,0.0,0.0,BAJFINANCE.NS,1488
2026-01-05 00:00:00+05:30,979.7000122070312,999.1500244140625,975.0,978.75,10564157,0.0,0.0,BAJFINANCE.NS,1489
2026-01-06 00:00:00+05:30,978.0,987.0,973.2999877929688,977.3499755859375,8380183,0.0,0.0,BAJFINANCE.NS,1490
2026-01-07 00:00:00+05:30,973.0499877929688,976.4500122070312,965.0499877929688,968.7999877929688,7048491,0.0,0.0,BAJFINANCE.NS,1491
2026-01-08 00:00:00+05:30,968.5,978.3499755859375,965.2999877929688,971.9500122070312,4410256,0.0,0.0,BAJFINANCE.NS,1492
2026-01-09 00:00:00+05:30,970.0999755859375,983.0,953.7000122070312,959.5999755859375,7598970,0.0,0.0,BAJFINANCE.NS,1493
2026-01-12 00:00:00+05:30,958.7999877929688,961.4000244140625,939.8499755859375,951.9000244140625,5640136,0.0,0.0,BAJFINANCE.NS,1494
2026-01-13 00:00:00+05:30,950.0,955.8499755859375,939.0,949.0,6765116,0.0,0.0,BAJFINANCE.NS,1495
2026-01-14 00:00:00+05:30,947.0,953.9000244140625,943.1500244140625,945.9500122070312,4452202,0.0,0.0,BAJFINANCE.NS,1496
2026-01-15 00:00:00+05:30,945.9500122070312,945.9500122070312,945.9500122070312,945.9500122070312,0,0.0,0.0,BAJFINANCE.NS,1497
2026-01-16 00:00:00+05:30,940.2000122070312,963.0,936.7999877929688,950.25,10710080,0.0,0.0,BAJFINANCE.NS,1498
2026-01-19 00:00:00+05:30,950.5,972.9000244140625,948.8499755859375,969.4500122070312,7000442,0.0,0.0,BAJFINANCE.NS,1499
2026-01-20 00:00:00+05:30,975.7000122070312,975.7000122070312,927.9000244140625,933.2000122070312,9001207,0.0,0.0,BAJFINANCE.NS,1500
2026-01-21 00:00:00+05:30,925.0,947.2999877929688,921.0,936.25,5375254,0.0,0.0,BAJFINANCE.NS,1501
2026-01-22 00:00:00+05:30,947.0,947.0,934.25,942.8499755859375,5518756,0.0,0.0,BAJFINANCE.NS,1502
2026-01-23 00:00:00+05:30,942.8499755859375,951.4000244140625,926.2999877929688,927.8499755859375,6535035,0.0,0.0,BAJFINANCE.NS,1503
2026-01-27 00:00:00+05:30,930.0,931.9500122070312,907.7000122070312,914.7000122070312,15312488,0.0,0.0,BAJFINANCE.NS,1504
2026-01-28 00:00:00+05:30,914.7000122070312,936.9000244140625,914.7000122070312,935.1500244140625,6046468,0.0,0.0,BAJFINANCE.NS,1505
2026-01-29 00:00:00+05:30,935.1500244140625,939.7999877929688,923.7000122070312,935.1500244140625,6430445,0.0,0.0,BAJFINANCE.NS,1506
2026-01-30 00:00:00+05:30,928.3499755859375,938.0,925.1500244140625,929.8499755859375,10151379,0.0,0.0,BAJFINANCE.NS,1507
2026-02-02 00:00:00+05:30,887.0,909.4000244140625,887.0,903.7000122070312,11874989,0.0,0.0,BAJFINANCE.NS,1508
2026-02-03 00:00:00+05:30,960.0,972.7999877929688,941.9000244140625,964.4000244140625,15261370,0.0,0.0,BAJFINANCE.NS,1509
2026-02-04 00:00:00+05:30,965.0,975.7000122070312,944.1500244140625,963.2999877929688,17489015,0.0,0.0,BAJFINANCE.NS,1510
2026-02-05 00:00:00+05:30,964.0,968.5,953.0,964.75,6020258,0.0,0.0,BAJFINANCE.NS,1511
2026-02-06 00:00:00+05:30,973.9500122070312,986.5,966.0999755859375,981.7000122070312,13742927,0.0,0.0,BAJFINANCE.NS,1512
2026-02-09 00:00:00+05:30,988.0,988.0,971.5999755859375,983.1500244140625,4852548,0.0,0.0,BAJFINANCE.NS,1513
2026-02-10 00:00:00+05:30,983.1500244140625,985.1500244140625,961.2999877929688,965.5999755859375,6166752,0.0,0.0,BAJFINANCE.NS,1514
2026-02-11 00:00:00+05:30,965.2999877929688,974.5,961.4000244140625,968.9500122070312,3597342,0.0,0.0,BAJFINANCE.NS,1515
2026-02-12 00:00:00+05:30,968.2999877929688,1002.0,965.0,999.0999755859375,10346853,0.0,0.0,BAJFINANCE.NS,1516
2026-02-13 00:00:00+05:30,995.0,1032.0,992.7999877929688,1024.75,21613987,0.0,0.0,BAJFINANCE.NS,1517
2026-02-16 00:00:00+05:30,1023.0499877929688,1029.300048828125,1003.2999877929688,1012.75,4460636,0.0,0.0,BAJFINANCE.NS,1518
2026-02-17 00:00:00+05:30,1012.75,1016.3499755859375,1004.0,1014.1500244140625,2913899,0.0,0.0,BAJFINANCE.NS,1519
2026-02-18 00:00:00+05:30,1014.5499877929688,1025.699951171875,1007.0499877929688,1023.7999877929688,4929647,0.0,0.0,BAJFINANCE.NS,1520
2026-02-19 00:00:00+05:30,1024.0,1024.5,1007.0,1017.0499877929688,9866245,0.0,0.0,BAJFINANCE.NS,1521
2026-02-20 00:00:00+05:30,1015.9000244140625,1036.5999755859375,1008.75,1030.199951171875,6922705,0.0,0.0,BAJFINANCE.NS,1522
2026-02-23 00:00:00+05:30,1032.449951171875,1046.0,1029.050048828125,1031.0,9452225,0.0,0.0,BAJFINANCE.NS,1523
2026-02-24 00:00:00+05:30,1026.300048828125,1028.75,1010.2999877929688,1023.5499877929688,6610984,0.0,0.0,BAJFINANCE.NS,1524
2026-02-25 00:00:00+05:30,1028.0,1034.0,1013.4000244140625,1021.0499877929688,3182612,0.0,0.0,BAJFINANCE.NS,1525
2026-02-26 00:00:00+05:30,1020.75,1031.199951171875,1006.0499877929688,1012.9500122070312,4336261,0.0,0.0,BAJFINANCE.NS,1526
2026-02-27 00:00:00+05:30,1008.9500122070312,1014.9000244140625,993.0999755859375,995.9000244140625,8145772,0.0,0.0,BAJFINANCE.NS,1527
2026-03-02 00:00:00+05:30,971.0,990.4000244140625,968.0,978.25,8493269,0.0,0.0,BAJFINANCE.NS,1528
2026-03-04 00:00:00+05:30,967.0,967.0,941.2999877929688,945.0999755859375,8964293,0.0,0.0,BAJFINANCE.NS,1529
2026-03-05 00:00:00+05:30,958.0,968.25,945.9000244140625,962.4000244140625,6181254,0.0,0.0,BAJFINANCE.NS,1530
2026-03-06 00:00:00+05:30,960.0,961.5,946.5999755859375,950.2000122070312,6560051,0.0,0.0,BAJFINANCE.NS,1531
2026-03-09 00:00:00+05:30,921.7999877929688,941.0999755859375,909.0499877929688,938.0499877929688,9182152,0.0,0.0,BAJFINANCE.NS,1532
2026-03-10 00:00:00+05:30,950.0,952.1500244140625,931.8499755859375,939.7999877929688,8474956,0.0,0.0,BAJFINANCE.NS,1533
2026-03-11 00:00:00+05:30,932.2000122070312,941.25,890.0,893.6500244140625,11172537,0.0,0.0,BAJFINANCE.NS,1534
2026-03-12 00:00:00+05:30,880.0999755859375,888.2000122070312,858.3499755859375,863.0999755859375,15508258,0.0,0.0,BAJFINANCE.NS,1535
2026-03-13 00:00:00+05:30,861.0,868.3499755859375,848.7999877929688,855.0499877929688,6668639,0.0,0.0,BAJFINANCE.NS,1536
2026-03-16 00:00:00+05:30,850.0999755859375,881.9000244140625,850.0999755859375,878.1500244140625,8982957,0.0,0.0,BAJFINANCE.NS,1537
2026-03-17 00:00:00+05:30,878.1500244140625,881.0499877929688,859.5499877929688,868.5999755859375,7941385,0.0,0.0,BAJFINANCE.NS,1538
2026-03-18 00:00:00+05:30,876.0999755859375,893.9500122070312,858.2000122070312,880.0999755859375,12375517,0.0,0.0,BAJFINANCE.NS,1539
2026-03-19 00:00:00+05:30,868.2000122070312,869.9000244140625,826.7000122070312,832.2000122070312,11585591,0.0,0.0,BAJFINANCE.NS,1540
2026-03-20 00:00:00+05:30,836.7000122070312,841.9500122070312,819.25,830.5499877929688,14881843,0.0,0.0,BAJFINANCE.NS,1541
2026-03-23 00:00:00+05:30,818.0999755859375,818.7999877929688,787.9000244140625,812.5999755859375,15835828,0.0,0.0,BAJFINANCE.NS,1542
2026-03-24 00:00:00+05:30,830.0,854.0,817.5999755859375,849.0,18828248,0.0,0.0,BAJFINANCE.NS,1543
2026-03-25 00:00:00+05:30,862.0499877929688,888.7999877929688,853.2999877929688,882.75,15995501,0.0,0.0,BAJFINANCE.NS,1544
2026-03-27 00:00:00+05:30,875.0,875.1500244140625,841.25,843.7999877929688,11282824,0.0,0.0,BAJFINANCE.NS,1545
2026-03-30 00:00:00+05:30,831.0,834.9000244140625,799.0,801.5499877929688,20377282,0.0,0.0,BAJFINANCE.NS,1546
2026-04-01 00:00:00+05:30,832.7999877929688,842.0499877929688,814.7999877929688,817.2999877929688,15094026,0.0,0.0,BAJFINANCE.NS,1547
2026-04-02 00:00:00+05:30,809.0,830.0499877929688,792.4500122070312,826.8499755859375,9113618,0.0,0.0,BAJFINANCE.NS,1548
2026-04-06 00:00:00+05:30,828.9000244140625,853.0,814.25,850.8499755859375,12504591,0.0,0.0,BAJFINANCE.NS,1549
2026-04-07 00:00:00+05:30,848.0,862.7999877929688,844.4500122070312,855.0999755859375,11569047,0.0,0.0,BAJFINANCE.NS,1550
2026-04-08 00:00:00+05:30,890.0,926.0,881.0,915.0499877929688,13826150,0.0,0.0,BAJFINANCE.NS,1551
2026-04-09 00:00:00+05:30,902.0,913.4000244140625,891.4000244140625,903.25,9457820,0.0,0.0,BAJFINANCE.NS,1552
2026-04-10 00:00:00+05:30,915.75,927.2999877929688,912.2999877929688,924.5499877929688,9491544,0.0,0.0,BAJFINANCE.NS,1553
2026-04-13 00:00:00+05:30,896.1500244140625,905.9000244140625,881.0999755859375,898.9500122070312,10723313,0.0,0.0,BAJFINANCE.NS,1554
2026-04-15 00:00:00+05:30,925.0,925.0,911.0999755859375,913.1500244140625,5975197,0.0,0.0,BAJFINANCE.NS,1555
2026-04-16 00:00:00+05:30,919.0,932.5999755859375,904.0,905.9000244140625,11805227,0.0,0.0,BAJFINANCE.NS,1556
2026-04-17 00:00:00+05:30,902.1500244140625,910.4500122070312,895.7999877929688,908.25,6035241,0.0,0.0,BAJFINANCE.NS,1557
2026-04-20 00:00:00+05:30,908.25,920.9000244140625,898.0,917.75,6184179,0.0,0.0,BAJFINANCE.NS,1558
2026-04-21 00:00:00+05:30,919.5,945.9500122070312,919.0,938.8499755859375,6713975,0.0,0.0,BAJFINANCE.NS,1559
2026-04-22 00:00:00+05:30,938.0,946.3499755859375,930.1500244140625,934.75,5759028,0.0,0.0,BAJFINANCE.NS,1560
2026-04-23 00:00:00+05:30,926.0999755859375,929.8499755859375,909.3499755859375,918.3499755859375,9143598,0.0,0.0,BAJFINANCE.NS,1561
2026-04-24 00:00:00+05:30,920.0,924.7000122070312,909.7999877929688,921.5499877929688,3982355,0.0,0.0,BAJFINANCE.NS,1562
2026-04-27 00:00:00+05:30,923.0499877929688,928.9500122070312,908.2999877929688,921.7999877929688,7813458,0.0,0.0,BAJFINANCE.NS,1563
2026-04-28 00:00:00+05:30,921.7999877929688,929.9000244140625,914.3499755859375,923.6500244140625,7119135,0.0,0.0,BAJFINANCE.NS,1564
2026-04-29 00:00:00+05:30,925.0,937.0,916.5999755859375,930.0,5438997,0.0,0.0,BAJFINANCE.NS,1565
2026-04-30 00:00:00+05:30,945.0,975.0,933.9000244140625,937.0,27364272,0.0,0.0,BAJFINANCE.NS,1566
2026-05-01 00:00:00+05:30,937.0,937.0,937.0,937.0,0,0.0,0.0,BAJFINANCE.NS,1567
2026-05-04 00:00:00+05:30,938.0999755859375,966.0,938.0999755859375,950.2000122070312,7503756,0.0,0.0,BAJFINANCE.NS,1568
2026-05-05 00:00:00+05:30,950.2000122070312,961.0999755859375,933.1500244140625,958.5999755859375,7290077,0.0,0.0,BAJFINANCE.NS,1569
2026-05-06 00:00:00+05:30,965.0,984.0,965.0,980.75,7771237,0.0,0.0,BAJFINANCE.NS,1570
2026-05-07 00:00:00+05:30,992.25,992.25,969.0,972.75,7873561,0.0,0.0,BAJFINANCE.NS,1571
2026-05-08 00:00:00+05:30,971.0,971.9500122070312,951.0,955.3499755859375,5555386,0.0,0.0,BAJFINANCE.NS,1572
2026-05-11 00:00:00+05:30,946.0,956.0,933.5499877929688,936.0499877929688,5581022,0.0,0.0,BAJFINANCE.NS,1573
2026-05-12 00:00:00+05:30,928.0,932.6500244140625,901.75,904.2000122070312,7174645,0.0,0.0,BAJFINANCE.NS,1574
2026-05-13 00:00:00+05:30,902.0,907.4000244140625,890.0499877929688,896.1500244140625,7422952,0.0,0.0,BAJFINANCE.NS,1575
2026-05-14 00:00:00+05:30,902.9000244140625,915.0,889.0,912.1500244140625,6815238,0.0,0.0,BAJFINANCE.NS,1576
2026-05-15 00:00:00+05:30,913.0,921.5999755859375,907.3499755859375,910.4500122070312,5012279,0.0,0.0,BAJFINANCE.NS,1577
2026-05-18 00:00:00+05:30,900.0,925.0,890.7000122070312,921.0999755859375,6387223,0.0,0.0,BAJFINANCE.NS,1578
2026-05-19 00:00:00+05:30,927.5999755859375,930.0,920.0999755859375,923.5499877929688,8313548,0.0,0.0,BAJFINANCE.NS,1579
2026-05-20 00:00:00+05:30,910.0,926.2999877929688,908.4500122070312,923.0999755859375,5864990,0.0,0.0,BAJFINANCE.NS,1580
2026-05-21 00:00:00+05:30,933.0,934.9000244140625,903.25,907.6500244140625,9713326,0.0,0.0,BAJFINANCE.NS,1581
2026-05-22 00:00:00+05:30,908.0999755859375,924.0,908.0999755859375,916.5499877929688,4811990,0.0,0.0,BAJFINANCE.NS,1582
2026-05-25 00:00:00+05:30,926.0999755859375,944.0,924.4500122070312,941.9000244140625,7065528,0.0,0.0,BAJFINANCE.NS,1583
2026-05-26 00:00:00+05:30,943.9500122070312,948.4000244140625,928.0999755859375,930.2000122070312,8489543,0.0,0.0,BAJFINANCE.NS,1584
2026-05-27 00:00:00+05:30,932.0,935.9500122070312,923.0,931.1500244140625,5349669,0.0,0.0,BAJFINANCE.NS,1585
2026-05-28 00:00:00+05:30,931.1500244140625,931.1500244140625,931.1500244140625,931.1500244140625,0,0.0,0.0,BAJFINANCE.NS,1586
2026-05-29 00:00:00+05:30,915.0999755859375,937.7999877929688,895.2999877929688,908.25,46752428,0.0,0.0,BAJFINANCE.NS,1587
