Date,Open,High,Low,Close,Volume,Dividends,Stock Splits,Symbol,time_idx
2020-01-01 00:00:00+05:30,29.758228775616477,29.951079159694956,29.491203077432242,29.713722229003906,15438294,0.0,0.0,BEL.NS,0
2020-01-02 00:00:00+05:30,29.862066700391416,30.796646371493946,29.63954756939689,30.603796005249023,26262750,0.0,0.0,BEL.NS,1
2020-01-03 00:00:00+05:30,30.618635853032178,30.82631722032015,29.773062419011737,29.951078414916992,21950223,0.0,0.0,BEL.NS,2
2020-01-06 00:00:00+05:30,29.520870751260716,29.936240271522596,28.378607965913222,28.764307022094727,36402729,0.0,0.0,BEL.NS,3
2020-01-07 00:00:00+05:30,29.17967975349343,29.37253015164996,28.27476869740181,28.586294174194336,33298260,0.0,0.0,BEL.NS,4
2020-01-08 00:00:00+05:30,28.200594314526665,28.8236469489841,28.022580003690173,28.319271087646484,20424309,0.0,0.0,BEL.NS,5
2020-01-09 00:00:00+05:30,28.779142379760742,28.853314298257317,28.423112077918,28.779142379760742,41681037,0.0,0.0,BEL.NS,6
2020-01-10 00:00:00+05:30,28.779139072377127,29.25384608694605,28.779139072377127,28.83847999572754,23088681,0.0,0.0,BEL.NS,7
2020-01-13 00:00:00+05:30,29.13517329490479,29.446698736368493,28.942322918618625,29.07583236694336,28538664,0.0,0.0,BEL.NS,8
2020-01-14 00:00:00+05:30,29.328020959472486,29.728556058157853,29.060998692139687,29.624711990356445,21417702,0.0,0.0,BEL.NS,9
2020-01-15 00:00:00+05:30,29.728563476539488,31.048840760886147,29.520875289110744,30.811487197875977,39241374,0.0,0.0,BEL.NS,10
2020-01-16 00:00:00+05:30,31.449372190103002,31.82023857333136,30.959830737280154,31.375200271606445,54250446,0.0,0.0,BEL.NS,11
2020-01-17 00:00:00+05:30,31.330695239537622,32.32461246921178,31.063672953608194,32.22077178955078,33279852,0.0,0.0,BEL.NS,12
2020-01-20 00:00:00+05:30,32.339451012286844,32.339451012286844,30.752148079949883,31.15268325805664,28115967,0.0,0.0,BEL.NS,13
2020-01-21 00:00:00+05:30,30.855984071341055,31.449369555726555,30.811480923970954,31.167512893676758,17126625,0.0,0.0,BEL.NS,14
2020-01-22 00:00:00+05:30,31.167514828752953,31.167514828752953,29.669218339995037,29.951078414916992,46807380,0.0,0.0,BEL.NS,15
2020-01-23 00:00:00+05:30,29.99558164746532,31.01916768483069,29.713721571768932,30.01041603088379,64975338,0.0,0.0,BEL.NS,16
2020-01-24 00:00:00+05:30,30.069756166419925,30.75214804883344,30.054921781717873,30.218103408813477,20621760,0.0,0.0,BEL.NS,17
2020-01-27 00:00:00+05:30,30.173601666267245,30.707646331270507,29.965913479976543,30.158763885498047,24177363,0.0,0.0,BEL.NS,18
2020-01-28 00:00:00+05:30,30.14392756111088,30.27744041646014,29.491204459552286,29.728561401367188,32134050,0.0,0.0,BEL.NS,19
2020-01-29 00:00:00+05:30,29.936241963884243,30.010417279435302,29.58021335165603,29.832401275634766,28345554,0.0,0.0,BEL.NS,20
2020-01-30 00:00:00+05:30,30.040084210912518,30.692807254692994,29.75822753609469,29.89173698425293,33639177,0.0,0.0,BEL.NS,21
2020-01-31 00:00:00+05:30,28.556619745882088,29.372524331320673,26.672624385189003,26.895143508911133,169747995,0.0,0.0,BEL.NS,22
2020-02-03 00:00:00+05:30,25.21883629644877,25.945732991045812,23.957894990932257,24.7737979888916,76345218,0.0,0.0,BEL.NS,23
2020-02-04 00:00:00+05:30,25.085327470431945,25.841893002989348,25.055658699892675,25.174335479736328,44426844,0.0,0.0,BEL.NS,24
2020-02-05 00:00:00+05:30,25.21883761328767,26.153419126570135,25.08532645358632,25.78255271911621,45829710,0.0,0.0,BEL.NS,25
2020-02-06 00:00:00+05:30,26.064405593657785,26.1089087382254,25.41168262054923,25.812217712402344,31688880,0.0,0.0,BEL.NS,26
2020-02-07 00:00:00+05:30,25.841887878695168,26.1089101559728,25.57486560141753,25.975399017333984,30367869,0.0,0.0,BEL.NS,27
2020-02-10 00:00:00+05:30,26.064410750939718,26.064410750939718,25.471026884196483,25.663875579833984,37802355,0.0,0.0,BEL.NS,28
2020-02-11 00:00:00+05:30,25.90513355070958,26.297177841644455,25.72418896989938,25.844818115234375,40352259,0.466667,0.0,BEL.NS,29
2020-02-12 00:00:00+05:30,25.754344914510902,25.829738774786165,25.18135606301881,25.332143783569336,23629242,0.0,0.0,BEL.NS,30
2020-02-13 00:00:00+05:30,25.33214334477362,25.784503047358864,25.07580491452408,25.69403076171875,25245033,0.0,0.0,BEL.NS,31
2020-02-14 00:00:00+05:30,25.709109715642708,25.859895711058396,24.92501943337348,25.0456485748291,28646769,0.0,0.0,BEL.NS,32
2020-02-17 00:00:00+05:30,25.060727739049376,25.196435302132834,24.276635762088755,24.42742347717285,36810129,0.0,0.0,BEL.NS,33
2020-02-18 00:00:00+05:30,24.35203279662297,25.30198758775458,23.99014533931643,24.970258712768555,45656493,0.0,0.0,BEL.NS,34
2020-02-19 00:00:00+05:30,25.105964030287524,25.603559023524557,24.713918026002894,25.543245315551758,29175999,0.0,0.0,BEL.NS,35
2020-02-20 00:00:00+05:30,25.528165644498742,26.267020660410584,25.28690908244119,26.10115623474121,38155335,0.0,0.0,BEL.NS,36
2020-02-24 00:00:00+05:30,25.844819991382067,25.844819991382067,24.502819142197183,24.71392059326172,25592289,0.0,0.0,BEL.NS,37
2020-02-25 00:00:00+05:30,24.789313245186747,25.271829837875373,24.789313245186747,24.879785537719727,17040831,0.0,0.0,BEL.NS,38
2020-02-26 00:00:00+05:30,24.759157820850728,24.94010069076137,23.91475200921589,24.216325759887695,19537644,0.0,0.0,BEL.NS,39
2020-02-27 00:00:00+05:30,24.276640016641732,24.35203388739678,23.266369741232683,23.356842041015625,42868818,0.0,0.0,BEL.NS,40
2020-02-28 00:00:00+05:30,23.085424696120057,23.085424696120057,21.96960379684208,22.301334381103516,52332150,0.0,0.0,BEL.NS,41
2020-03-02 00:00:00+05:30,22.919553548115395,23.190970362809068,21.713262345971458,21.999755859375,27625068,0.0,0.0,BEL.NS,42
2020-03-03 00:00:00+05:30,22.135472492066917,22.66322618819393,21.78866341335938,22.46720314025879,57863331,0.0,0.0,BEL.NS,43
2020-03-04 00:00:00+05:30,22.527511181913226,22.678297163114028,21.27598287878556,22.5727481842041,61044003,0.0,0.0,BEL.NS,44
2020-03-05 00:00:00+05:30,23.07034280847248,23.07034280847248,21.909285074882543,22.044994354248047,46784883,0.0,0.0,BEL.NS,45
2020-03-06 00:00:00+05:30,21.38153427365638,21.758500101637075,20.853780733991208,21.562477111816406,29644698,0.0,0.0,BEL.NS,46
2020-03-09 00:00:00+05:30,21.079963217354514,21.26090780380328,20.401423606594836,21.019649505615234,51248196,0.0,0.0,BEL.NS,47
2020-03-11 00:00:00+05:30,20.959334587077365,21.15535760631321,20.38634568329341,20.76331329345703,36373143,0.0,0.0,BEL.NS,48
2020-03-12 00:00:00+05:30,19.949064820773447,20.130009415881524,18.818165415386844,19.79827880859375,71924844,0.0,0.0,BEL.NS,49
2020-03-13 00:00:00+05:30,18.094388383673422,21.27598477772062,18.094388383673422,21.0799617767334,65882406,0.0,0.0,BEL.NS,50
2020-03-16 00:00:00+05:30,20.657760932694664,21.095042257966547,19.602255416062356,19.87367057800293,41016261,0.0,0.0,BEL.NS,51
2020-03-17 00:00:00+05:30,19.90382858228392,21.532322957860966,19.858593298479462,21.019649505615234,37733433,0.0,0.0,BEL.NS,52
2020-03-18 00:00:00+05:30,21.079965852613572,24.17109055729838,20.25064013321416,22.557674407958984,98464686,0.0,0.0,BEL.NS,53
2020-03-19 00:00:00+05:30,20.8236282562218,21.86405540244912,18.968952127575545,19.466548919677734,60526506,0.0,0.0,BEL.NS,54
2020-03-20 00:00:00+05:30,19.60225369689472,21.713266270633675,19.451467700776,21.502164840698242,55460706,0.0,0.0,BEL.NS,55
2020-03-23 00:00:00+05:30,19.617331795585763,20.401422068386502,17.234904123587647,17.92852210998535,24523071,0.0,0.0,BEL.NS,56
2020-03-24 00:00:00+05:30,18.697537140533214,19.1498969239785,16.888098006752077,17.626953125,27422100,0.0,0.0,BEL.NS,57
2020-03-25 00:00:00+05:30,17.43092777839619,19.104659100111903,17.069040344796537,18.90863609313965,18227226,0.0,0.0,BEL.NS,58
2020-03-26 00:00:00+05:30,19.07449954481622,20.64268006920937,18.42611857319651,20.310951232910156,37021584,0.0,0.0,BEL.NS,59
2020-03-27 00:00:00+05:30,22.316416335694623,23.14574206461067,20.733157027826728,22.06007957458496,47228853,0.0,0.0,BEL.NS,60
2020-03-30 00:00:00+05:30,21.909287516843285,22.889400804263925,21.32122023463705,21.894210815429688,46529544,0.0,0.0,BEL.NS,61
2020-03-31 00:00:00+05:30,22.60290755086813,22.85924426512255,21.894211117051615,22.452119827270508,21484521,0.0,0.0,BEL.NS,62
2020-04-01 00:00:00+05:30,22.256102664751904,22.994956089722855,20.326032560334102,20.82362937927246,28985310,0.0,0.0,BEL.NS,63
2020-04-03 00:00:00+05:30,21.637875255657175,21.68311054275769,20.657761837939045,21.095043182373047,27952953,0.0,0.0,BEL.NS,64
2020-04-07 00:00:00+05:30,21.954525747895747,22.014839459375136,20.65776024370343,20.808547973632812,37884333,0.0,0.0,BEL.NS,65
2020-04-08 00:00:00+05:30,20.80854827127427,21.502166316901345,19.63241362444844,20.024457931518555,50097555,0.0,0.0,BEL.NS,66
2020-04-09 00:00:00+05:30,20.326026343440873,21.547397783756974,20.220477365541562,21.155353546142578,29167602,0.0,0.0,BEL.NS,67
2020-04-13 00:00:00+05:30,22.014837913734695,22.16562563307742,21.140277079377444,21.260906219482422,29985114,0.0,0.0,BEL.NS,68
2020-04-15 00:00:00+05:30,21.71327322225659,22.090239196048792,20.77839491529109,20.989498138427734,34458015,0.0,0.0,BEL.NS,69
2020-04-16 00:00:00+05:30,21.260907569694723,21.773581016295292,21.17043527746655,21.411693572998047,70586814,0.0,0.0,BEL.NS,70
2020-04-17 00:00:00+05:30,21.864052266752395,22.044996842587157,21.306141837813147,21.502164840698242,59145438,0.0,0.0,BEL.NS,71
2020-04-20 00:00:00+05:30,21.803739548321175,23.31160475480331,21.547401099983013,22.72353744506836,104546547,0.0,0.0,BEL.NS,72
2020-04-21 00:00:00+05:30,22.602905037952706,23.236207539561956,21.803736403949593,22.8893985748291,62019870,0.0,0.0,BEL.NS,73
2020-04-22 00:00:00+05:30,22.904479013417593,23.432232582487817,22.58782687197546,23.100502014160156,31721535,0.0,0.0,BEL.NS,74
2020-04-23 00:00:00+05:30,23.130662850079474,23.854439544496824,22.829090809219917,22.9195613861084,39150099,0.0,0.0,BEL.NS,75
2020-04-24 00:00:00+05:30,22.64814133072395,23.432231574344314,22.120389509974956,22.482276916503906,72877884,0.0,0.0,BEL.NS,76
2020-04-27 00:00:00+05:30,22.67829934582011,22.87432234817831,22.060075210341267,22.210861206054688,21745512,0.0,0.0,BEL.NS,77
2020-04-28 00:00:00+05:30,22.39180464348919,22.46719677470692,21.924366527478185,22.09023094177246,14137194,0.0,0.0,BEL.NS,78
2020-04-29 00:00:00+05:30,22.301337905701786,22.346574921296,21.75850579788108,22.06007957458496,29327631,0.0,0.0,BEL.NS,79
2020-04-30 00:00:00+05:30,22.346572867229973,22.452121867477928,21.51724548892885,21.743425369262695,51318042,0.0,0.0,BEL.NS,80
2020-05-04 00:00:00+05:30,21.27598458674434,21.321219867051347,20.205399029991874,20.341108322143555,36058335,0.0,0.0,BEL.NS,81
2020-05-05 00:00:00+05:30,20.68791410376385,20.68791410376385,19.647485562031363,19.72287940979004,25048227,0.0,0.0,BEL.NS,82
2020-05-06 00:00:00+05:30,19.692726118651006,19.858592268562717,18.92371425454984,19.19512939453125,31888788,0.0,0.0,BEL.NS,83
2020-05-07 00:00:00+05:30,19.11973837391201,19.40623368337124,18.86340164613276,18.893558502197266,26103246,0.0,0.0,BEL.NS,84
2020-05-08 00:00:00+05:30,19.14989346790219,19.225287326741576,17.943600354548593,18.003915786743164,39644082,0.0,0.0,BEL.NS,85
2020-05-11 00:00:00+05:30,18.24517051888891,18.697530132792064,17.898361596604158,18.139619827270508,43531365,0.0,0.0,BEL.NS,86
2020-05-12 00:00:00+05:30,18.003917182189404,18.456276919056553,17.4158498693852,18.26025390625,40166454,0.0,0.0,BEL.NS,87
2020-05-13 00:00:00+05:30,19.42131036858296,20.08477328072267,18.772929335693103,19.813356399536133,84071691,0.0,0.0,BEL.NS,88
2020-05-14 00:00:00+05:30,19.436389405822407,19.753039827262263,19.074500251693358,19.19512939453125,33954891,0.0,0.0,BEL.NS,89
2020-05-15 00:00:00+05:30,19.014186717121127,20.748231739797333,18.77292842923708,20.43157958984375,100684062,0.0,0.0,BEL.NS,90
2020-05-18 00:00:00+05:30,21.4116902476624,21.652948505725362,19.300677901188717,19.451465606689453,128706990,0.0,0.0,BEL.NS,91
2020-05-19 00:00:00+05:30,19.768117072840155,20.09984587264726,18.59198094611949,18.78800392150879,63288999,0.0,0.0,BEL.NS,92
2020-05-20 00:00:00+05:30,18.87848057980639,19.36099719222411,18.607063691109776,19.059423446655273,50209938,0.0,0.0,BEL.NS,93
2020-05-21 00:00:00+05:30,19.42131043091909,19.722884169111367,18.818164680150012,18.999109268188477,61140009,0.0,0.0,BEL.NS,94
2020-05-22 00:00:00+05:30,18.848318815751878,19.164970936306446,18.54674684670344,19.014184951782227,34434273,0.0,0.0,BEL.NS,95
2020-05-26 00:00:00+05:30,19.164971689717735,19.69272524472234,19.104657983783092,19.602252960205078,32415078,0.0,0.0,BEL.NS,96
2020-05-27 00:00:00+05:30,19.61733683175736,20.23556284287658,19.36100005915465,20.099853515625,48061671,0.0,0.0,BEL.NS,97
2020-05-28 00:00:00+05:30,20.190322794134413,21.230749884633358,19.96414291682527,21.00457000732422,70314837,0.0,0.0,BEL.NS,98
2020-05-29 00:00:00+05:30,20.80854463559827,21.245825876138518,20.506970949732366,20.868858337402344,40149138,0.0,0.0,BEL.NS,99
2020-06-01 00:00:00+05:30,21.110117259937326,21.411690955290222,20.8688589939011,20.929174423217773,47417268,0.0,0.0,BEL.NS,100
2020-06-02 00:00:00+05:30,20.98949330453453,21.230749884633358,20.702997987989043,21.00457000732422,21847401,0.0,0.0,BEL.NS,101
2020-06-03 00:00:00+05:30,21.20059550809793,22.37673204307195,20.95933717415857,22.19578742980957,72952329,0.0,0.0,BEL.NS,102
2020-06-04 00:00:00+05:30,22.195781354450762,22.557668756305127,21.62279253677754,21.95452308654785,30651105,0.0,0.0,BEL.NS,103
2020-06-05 00:00:00+05:30,22.135468226165084,22.421963527597182,21.96960379684208,22.301334381103516,28620174,0.0,0.0,BEL.NS,104
2020-06-08 00:00:00+05:30,22.678302264504453,23.341763492015147,22.361650079699498,22.51243782043457,45790467,0.0,0.0,BEL.NS,105
2020-06-09 00:00:00+05:30,22.723538644096404,22.96479695181452,21.879132841467456,22.02992057800293,35356647,0.0,0.0,BEL.NS,106
2020-06-10 00:00:00+05:30,22.21086264688834,22.48227952751792,21.63787375526874,22.150548934936523,28261539,0.0,0.0,BEL.NS,107
2020-06-11 00:00:00+05:30,22.271179706404606,22.527516452099068,21.20059398513735,21.30614471435547,31884348,0.0,0.0,BEL.NS,108
2020-06-12 00:00:00+05:30,20.326026465914044,21.788656172900474,20.326026465914044,21.68310546875,42305706,0.0,0.0,BEL.NS,109
2020-06-15 00:00:00+05:30,21.698187791840695,21.879130641628603,20.944254361814217,21.39661407470703,27797562,0.0,0.0,BEL.NS,110
2020-06-16 00:00:00+05:30,21.969605947836325,21.984684376922402,20.86886336839692,21.30614471435547,31937172,0.0,0.0,BEL.NS,111
2020-06-17 00:00:00+05:30,21.456927884599303,21.954524606512212,21.306141888124518,21.607715606689453,35644017,0.0,0.0,BEL.NS,112
2020-06-18 00:00:00+05:30,21.698189220558053,23.296526747939822,21.60771692689927,23.1758975982666,100177014,0.0,0.0,BEL.NS,113
2020-06-19 00:00:00+05:30,23.356845396426348,24.578217304917583,23.055273321313926,24.14093589782715,85894965,0.0,0.0,BEL.NS,114
2020-06-22 00:00:00+05:30,24.69883757961277,25.00041127166594,24.18616420129913,24.517894744873047,68067777,0.0,0.0,BEL.NS,115
2020-06-23 00:00:00+05:30,24.683760969903187,25.25674981902988,24.276636541958933,25.121042251586914,66445521,0.0,0.0,BEL.NS,116
2020-06-24 00:00:00+05:30,25.362302130408352,25.814661867457804,24.74407796172798,24.879785537719727,69841656,0.0,0.0,BEL.NS,117
2020-06-25 00:00:00+05:30,24.713918923857115,25.61863838124035,24.427425349347317,25.24167251586914,60786960,0.0,0.0,BEL.NS,118
2020-06-26 00:00:00+05:30,25.61863903719579,26.070998777469907,25.271830018026666,25.72418975830078,46124379,0.0,0.0,BEL.NS,119
2020-06-29 00:00:00+05:30,25.61863686212964,26.749536116799643,25.42261559010474,26.402727127075195,69975135,0.0,0.0,BEL.NS,120
2020-06-30 00:00:00+05:30,28.07646367038497,28.408194296098454,26.53843970338468,26.73446273803711,186678036,0.0,0.0,BEL.NS,121
2020-07-01 00:00:00+05:30,26.73445999368476,26.93048300821499,26.402729402024168,26.74953842163086,35384595,0.0,0.0,BEL.NS,122
2020-07-02 00:00:00+05:30,27.12650606795057,27.29237050124954,26.6892247543231,26.85508918762207,27362040,0.0,0.0,BEL.NS,123
2020-07-03 00:00:00+05:30,27.44315232780476,29.539088008966335,27.29236634543722,29.312908172607422,205331484,0.0,0.0,BEL.NS,124
2020-07-06 00:00:00+05:30,29.614482665229577,31.227898508813336,29.252593515672356,30.82077407836914,132074268,0.0,0.0,BEL.NS,125
2020-07-07 00:00:00+05:30,30.66999040739686,31.18266383658427,30.066842963438823,30.77553939819336,93081504,0.0,0.0,BEL.NS,126
2020-07-08 00:00:00+05:30,30.458884085337253,31.785806328660676,30.323178246434324,31.22789764404297,68150529,0.0,0.0,BEL.NS,127
2020-07-09 00:00:00+05:30,30.94140500239375,31.046953991324795,30.006525272850936,30.112077713012695,54329937,0.0,0.0,BEL.NS,128
2020-07-10 00:00:00+05:30,30.112080224929475,30.609675259574654,29.659720475028216,30.066844940185547,36404634,0.0,0.0,BEL.NS,129
2020-07-13 00:00:00+05:30,30.368413357979694,30.56443635320733,29.463693965378667,29.704952239990234,32371863,0.0,0.0,BEL.NS,130
2020-07-14 00:00:00+05:30,29.94621223958055,30.202548955419083,28.815314659301958,29.282751083374023,57521871,0.0,0.0,BEL.NS,131
2020-07-15 00:00:00+05:30,30.006523143845975,30.03668344691707,28.770074962227916,28.981176376342773,37963695,0.0,0.0,BEL.NS,132
2020-07-16 00:00:00+05:30,29.101805859610543,29.17720144582074,28.39311116272665,28.483583450317383,36942912,0.0,0.0,BEL.NS,133
2020-07-17 00:00:00+05:30,28.46850447469538,29.689876093627728,28.362955481360338,29.554166793823242,30369327,0.0,0.0,BEL.NS,134
2020-07-20 00:00:00+05:30,29.5541702249054,30.12716089465223,29.041496723869095,29.17720603942871,34037145,0.0,0.0,BEL.NS,135
2020-07-21 00:00:00+05:30,29.43354015056643,30.398573348622786,29.131968138981556,29.931135177612305,42519072,0.0,0.0,BEL.NS,136
2020-07-22 00:00:00+05:30,30.127155211959842,30.14223363848551,29.10180495206123,29.52400779724121,26700693,0.0,0.0,BEL.NS,137
2020-07-23 00:00:00+05:30,29.55416435747256,31.21281886870734,29.418458520086087,30.911243438720703,63984771,0.0,0.0,BEL.NS,138
2020-07-24 00:00:00+05:30,31.046954776602057,31.55962820969571,30.51920291613687,30.805696487426758,68255931,0.0,0.0,BEL.NS,139
2020-07-27 00:00:00+05:30,30.98664571403769,30.98664571403769,29.629566339700272,29.97637367248535,34955964,0.0,0.0,BEL.NS,140
2020-07-28 00:00:00+05:30,29.312912970707863,29.91605699890399,28.755000775710823,29.11688995361328,64748145,0.0,0.0,BEL.NS,141
2020-07-29 00:00:00+05:30,29.116891101587967,30.217633655606054,29.10180922161901,29.34307098388672,52234014,0.0,0.0,BEL.NS,142
2020-07-30 00:00:00+05:30,29.49385530777163,29.659721475324318,28.634372789341857,28.845474243164062,36716154,0.0,0.0,BEL.NS,143
2020-07-31 00:00:00+05:30,28.89070826791727,29.177203578627715,28.272484087817553,28.90578842163086,44032875,0.0,0.0,BEL.NS,144
2020-08-03 00:00:00+05:30,28.95102342456647,29.916056618390435,28.664528116640312,29.19228172302246,31139499,0.0,0.0,BEL.NS,145
2020-08-04 00:00:00+05:30,29.539093132243156,30.458887611653303,29.2224392356818,30.27794647216797,51828114,0.0,0.0,BEL.NS,146
2020-08-05 00:00:00+05:30,30.44381263459387,30.835855221376438,29.81050829270217,30.27794647216797,34169139,0.0,0.0,BEL.NS,147
2020-08-06 00:00:00+05:30,30.27794545172846,30.564439030822392,29.735111697874224,29.870820999145508,20002308,0.0,0.0,BEL.NS,148
2020-08-07 00:00:00+05:30,29.946210625006458,30.383491896457816,29.659717069954723,29.916053771972656,23311572,0.0,0.0,BEL.NS,149
2020-08-10 00:00:00+05:30,31.800900322923383,34.349193343453464,31.484246342373396,32.66038131713867,197460327,0.0,0.0,BEL.NS,150
2020-08-11 00:00:00+05:30,32.99210987137748,33.278603502608966,31.740579430304273,31.921524047851562,64308066,0.0,0.0,BEL.NS,151
2020-08-12 00:00:00+05:30,31.951678873862086,33.53493813690597,31.77073426783938,33.36907196044922,86740731,0.0,0.0,BEL.NS,152
2020-08-13 00:00:00+05:30,33.47462391486116,34.801546404082885,33.06749942024498,34.515052795410156,89867817,0.0,0.0,BEL.NS,153
2020-08-14 00:00:00+05:30,34.68090591749731,35.72133451002665,33.03733341591152,34.12299728393555,102780930,0.0,0.0,BEL.NS,154
2020-08-17 00:00:00+05:30,34.65075101510945,34.665829441122,33.142884255240816,33.414302825927734,45730728,0.0,0.0,BEL.NS,155
2020-08-18 00:00:00+05:30,33.4746246988498,34.138085958999184,33.08257862439078,33.685726165771484,44837076,0.0,0.0,BEL.NS,156
2020-08-19 00:00:00+05:30,33.97221770255902,34.71107106596239,33.71588096224483,33.866668701171875,50101056,0.0,0.0,BEL.NS,157
2020-08-20 00:00:00+05:30,33.474625154850635,34.07776925321621,33.06750064515347,33.74604034423828,34004268,0.0,0.0,BEL.NS,158
2020-08-21 00:00:00+05:30,33.926977758136,34.22854974335366,33.41430434789678,33.80634689331055,29551281,0.0,0.0,BEL.NS,159
2020-08-24 00:00:00+05:30,33.4746196312506,34.68091108016468,33.35398876074379,34.56028366088867,53662929,0.0,0.0,BEL.NS,160
2020-08-25 00:00:00+05:30,34.7261477780808,34.96740952892999,33.56509156406222,33.89682388305664,43986726,0.0,0.0,BEL.NS,161
2020-08-26 00:00:00+05:30,33.957139661958706,34.138084260493336,33.35399215058699,33.71588134765625,36546204,0.0,0.0,BEL.NS,162
2020-08-27 00:00:00+05:30,33.730957454594375,33.97221575228886,33.112731556838725,33.263519287109375,27418104,0.0,0.0,BEL.NS,163
2020-08-28 00:00:00+05:30,34.36426182449826,34.605520122503364,33.414307060401214,33.7912712097168,48606249,0.0,0.0,BEL.NS,164
2020-08-31 00:00:00+05:30,33.92698394019561,34.10792854478958,31.66518501084924,31.99691390991211,42730581,0.0,0.0,BEL.NS,165
2020-09-01 00:00:00+05:30,32.26832777880023,32.78100471283722,31.484239125757796,32.55482482910156,34287075,0.0,0.0,BEL.NS,166
2020-09-02 00:00:00+05:30,32.55482098567561,33.08257283500866,32.0421441121653,32.8714714050293,17392587,0.0,0.0,BEL.NS,167
2020-09-03 00:00:00+05:30,33.02225493235587,33.27859161093615,32.50958157519532,32.705604553222656,26656869,0.0,0.0,BEL.NS,168
2020-09-04 00:00:00+05:30,31.8159684596685,32.72068800736014,31.770733172530154,32.08738708496094,29954895,0.0,0.0,BEL.NS,169
2020-09-07 00:00:00+05:30,32.23817299724664,32.61514064482621,31.574715183378252,31.84613037109375,19157754,0.0,0.0,BEL.NS,170
2020-09-08 00:00:00+05:30,31.99691109347097,32.14769882589847,30.639831855316356,30.956485748291016,30300756,0.0,0.0,BEL.NS,171
2020-09-09 00:00:00+05:30,30.549362556941325,31.19774534674121,30.066845934585853,30.473970413208008,34565667,0.0,0.0,BEL.NS,172
2020-09-10 00:00:00+05:30,30.654911879221967,30.971565788680504,29.855744793585632,30.639833450317383,23708142,0.0,0.0,BEL.NS,173
2020-09-11 00:00:00+05:30,30.760457633858664,30.986637469401742,30.54935622393643,30.83584976196289,14088816,0.0,0.0,BEL.NS,174
2020-09-14 00:00:00+05:30,31.966751438701884,33.06749385122691,31.48423487865296,32.28340530395508,53551527,0.0,0.0,BEL.NS,175
2020-09-15 00:00:00+05:30,32.40563342942844,32.695923426530314,31.763940487827288,32.02367401123047,26941557,0.466667,0.0,BEL.NS,176
2020-09-16 00:00:00+05:30,32.08479076339559,32.23757315000674,31.259751887836693,31.61115837097168,14635695,0.0,0.0,BEL.NS,177
2020-09-17 00:00:00+05:30,31.32086976190801,32.05423932068725,31.290313279786414,31.641719818115234,21721305,0.0,0.0,BEL.NS,178
2020-09-18 00:00:00+05:30,31.779213698791104,31.96255602912681,31.22919020474808,31.7486572265625,27984618,0.0,0.0,BEL.NS,179
2020-09-21 00:00:00+05:30,31.687546550160103,31.718103024575804,29.05965128380214,29.426332473754883,40827702,0.0,0.0,BEL.NS,180
2020-09-22 00:00:00+05:30,29.441611257655612,29.518005942077757,27.80681536730921,28.173500061035156,48561300,0.0,0.0,BEL.NS,181
2020-09-23 00:00:00+05:30,28.433237086485857,29.181881306385986,28.219338238376555,28.677692413330078,48748803,0.0,0.0,BEL.NS,182
2020-09-24 00:00:00+05:30,28.17349901846933,28.402676069326205,27.39429669585953,27.638751983642578,30841869,0.0,0.0,BEL.NS,183
2020-09-25 00:00:00+05:30,28.081826868271474,28.845749178809275,27.913764519467424,28.509624481201172,19431048,0.0,0.0,BEL.NS,184
2020-09-28 00:00:00+05:30,28.723520891652825,30.037470173606604,28.677686183507387,29.77773666381836,21869313,0.0,0.0,BEL.NS,185
2020-09-29 00:00:00+05:30,30.15970023678119,30.343039073483396,28.967978564914006,29.33466148376465,27336762,0.0,0.0,BEL.NS,186
2020-09-30 00:00:00+05:30,29.3346631985789,29.472170831107984,28.692966741717118,29.258270263671875,14189412,0.0,0.0,BEL.NS,187
2020-10-01 00:00:00+05:30,29.411053827196547,29.823573219995634,29.029092656870016,29.365219116210938,12637821,0.0,0.0,BEL.NS,188
2020-10-05 00:00:00+05:30,29.45688778773248,29.54856070433252,28.906864275989076,29.395774841308594,11784675,0.0,0.0,BEL.NS,189
2020-10-06 00:00:00+05:30,29.518005542962893,29.640231441242644,28.922143797956014,29.258270263671875,19176597,0.0,0.0,BEL.NS,190
2020-10-07 00:00:00+05:30,29.288824513557255,29.47216683307,28.692962849381814,28.76935577392578,13131330,0.0,0.0,BEL.NS,191
2020-10-08 00:00:00+05:30,29.029093488119567,29.120764661197946,28.295727600456946,28.586017608642578,13561056,0.0,0.0,BEL.NS,192
2020-10-09 00:00:00+05:30,28.47906586424546,28.738801124762347,28.05127000574163,28.35683822631836,12672492,0.0,0.0,BEL.NS,193
2020-10-12 00:00:00+05:30,28.433233485833412,29.029093488119567,28.295727600456946,28.586017608642578,21410115,0.0,0.0,BEL.NS,194
2020-10-13 00:00:00+05:30,28.58601496037889,28.708242596999256,27.806812684122782,27.959598541259766,19966965,0.0,0.0,BEL.NS,195
2020-10-14 00:00:00+05:30,28.09710787016162,28.647133176853657,27.8526525668501,27.97488021850586,22321728,0.0,0.0,BEL.NS,196
2020-10-15 00:00:00+05:30,28.03599247359612,28.249891295800385,26.84427246243774,27.0123348236084,15857307,0.0,0.0,BEL.NS,197
2020-10-16 00:00:00+05:30,26.79843841216545,27.91376726330168,26.79843841216545,27.80681610107422,21800793,0.0,0.0,BEL.NS,198
2020-10-19 00:00:00+05:30,27.929044860874967,28.097108981349663,27.027616549944785,27.51652717590332,22512567,0.0,0.0,BEL.NS,199
2020-10-20 00:00:00+05:30,27.24151060188694,27.837372327918953,27.210954128290055,27.4859676361084,14685903,0.0,0.0,BEL.NS,200
2020-10-21 00:00:00+05:30,27.501245659698032,28.356839153152542,27.241510390691783,28.23461151123047,28952280,0.0,0.0,BEL.NS,201
2020-10-22 00:00:00+05:30,28.21933217804943,29.074925638258676,28.00543337587661,28.448509216308594,28783392,0.0,0.0,BEL.NS,202
2020-10-23 00:00:00+05:30,28.677686013163715,28.799913649307573,28.1582172481908,28.295724868774414,17663049,0.0,0.0,BEL.NS,203
2020-10-26 00:00:00+05:30,28.295726425800733,28.341561136196063,27.210954128290055,27.4859676361084,18531900,0.0,0.0,BEL.NS,204
2020-10-27 00:00:00+05:30,27.470685543824764,27.638749632681357,27.104002643340362,27.40957260131836,12329295,0.0,0.0,BEL.NS,205
2020-10-28 00:00:00+05:30,27.409577136370444,27.51652655193396,26.798438867780547,26.966501235961914,13325832,0.0,0.0,BEL.NS,206
2020-10-29 00:00:00+05:30,26.783158820272412,27.165121767194986,26.385919383712377,26.477590560913086,16816755,0.0,0.0,BEL.NS,207
2020-10-30 00:00:00+05:30,26.553977379064925,27.455409016037922,26.416471510147073,26.584535598754883,27632397,0.0,0.0,BEL.NS,208
2020-11-02 00:00:00+05:30,26.84427265208427,27.37901971137276,26.660930303619015,27.088727951049805,14246079,0.0,0.0,BEL.NS,209
2020-11-03 00:00:00+05:30,27.149841165508256,27.623473499916543,27.149841165508256,27.317903518676758,10505982,0.0,0.0,BEL.NS,210
2020-11-04 00:00:00+05:30,27.577636806399834,27.608195028201273,26.859549192502968,27.165119171142578,10174500,0.0,0.0,BEL.NS,211
2020-11-05 00:00:00+05:30,27.317901710586444,28.55545804194298,27.210952311655287,28.387393951416016,21741264,0.0,0.0,BEL.NS,212
2020-11-06 00:00:00+05:30,28.142945518691395,28.570741443279037,27.95960315923789,28.249893188476562,20163741,0.0,0.0,BEL.NS,213
2020-11-09 00:00:00+05:30,28.876305262941695,28.99853289352096,28.035988335667067,28.433229446411133,24865398,0.0,0.0,BEL.NS,214
2020-11-10 00:00:00+05:30,28.417955516550208,29.411054946903874,28.12766375714321,29.151321411132812,31640469,0.0,0.0,BEL.NS,215
2020-11-11 00:00:00+05:30,29.319381512346425,29.7624573354186,28.87630568927425,29.24298858642578,24266727,0.0,0.0,BEL.NS,216
2020-11-12 00:00:00+05:30,29.36521881923699,29.487444713962535,28.72352238103511,28.799915313720703,32573475,0.0,0.0,BEL.NS,217
2020-11-13 00:00:00+05:30,28.692965847053653,29.716621701085842,28.341561155009828,29.548561096191406,23221539,0.0,0.0,BEL.NS,218
2020-11-14 00:00:00+05:30,29.701349633605787,29.701349633605787,29.45689082874487,29.518007278442383,2843181,0.0,0.0,BEL.NS,219
2020-11-17 00:00:00+05:30,29.80829460310189,29.869407550303837,29.258269335873745,29.380496978759766,13608048,0.0,0.0,BEL.NS,220
2020-11-18 00:00:00+05:30,29.380498112460334,30.037472811124584,29.242992227467912,29.502727508544922,31608804,0.0,0.0,BEL.NS,221
2020-11-19 00:00:00+05:30,29.4874432532893,33.077884684426216,29.24298972746519,31.504201889038086,127231584,0.0,0.0,BEL.NS,222
2020-11-20 00:00:00+05:30,32.13062302634942,33.582076570131385,31.932002441954044,33.10844421386719,111976335,0.0,0.0,BEL.NS,223
2020-11-23 00:00:00+05:30,33.16956601167554,33.32234841126907,31.93200759317815,32.39036178588867,32719695,0.0,0.0,BEL.NS,224
2020-11-24 00:00:00+05:30,32.390353849113524,33.276505537477554,32.390353849113524,32.90982437133789,32900253,0.0,0.0,BEL.NS,225
2020-11-25 00:00:00+05:30,33.001487999768656,33.73485370037081,32.359791700380455,32.650081634521484,37300935,0.0,0.0,BEL.NS,226
2020-11-26 00:00:00+05:30,32.81815045026555,33.398733899541035,32.650086360085275,33.27650451660156,28747059,0.0,0.0,BEL.NS,227
2020-11-27 00:00:00+05:30,33.444568401153965,34.77379588474868,33.322339018966,33.94875717163086,42740469,0.0,0.0,BEL.NS,228
2020-12-01 00:00:00+05:30,33.94876745987235,34.468234623427804,33.70431211837772,34.16266632080078,32351613,0.0,0.0,BEL.NS,229
2020-12-02 00:00:00+05:30,34.22377439374172,35.140482667654126,34.086270250833586,34.69740676879883,48411381,0.0,0.0,BEL.NS,230
2020-12-03 00:00:00+05:30,34.865460709589144,35.69049931411336,34.78906954137895,35.140472412109375,48553872,0.0,0.0,BEL.NS,231
2020-12-04 00:00:00+05:30,35.41549413772613,36.05719062319172,34.95714000481706,35.369659423828125,46007778,0.0,0.0,BEL.NS,232
2020-12-07 00:00:00+05:30,35.4002139441149,35.67522570927472,34.941859836527094,35.12520217895508,26587011,0.0,0.0,BEL.NS,233
2020-12-08 00:00:00+05:30,35.30853816504149,35.4613240057206,33.94875432419212,34.575172424316406,36642735,0.0,0.0,BEL.NS,234
2020-12-09 00:00:00+05:30,35.369658686321884,37.43225224140476,35.0793686740563,35.73634338378906,147504747,0.0,0.0,BEL.NS,235
2020-12-10 00:00:00+05:30,35.690507430981,35.690507430981,34.361279820044565,34.95713806152344,38748615,0.0,0.0,BEL.NS,236
2020-12-11 00:00:00+05:30,34.957144122566,35.56828420408835,34.6362975905216,35.033538818359375,41079909,0.0,0.0,BEL.NS,237
2020-12-14 00:00:00+05:30,35.33909856417915,36.43914904609561,35.20159443954214,36.225250244140625,75008775,0.0,0.0,BEL.NS,238
2020-12-15 00:00:00+05:30,35.87384951743406,36.454433071213884,35.812736563446066,36.133583068847656,32266752,0.0,0.0,BEL.NS,239
2020-12-16 00:00:00+05:30,36.36275743593896,36.882227997054486,35.8585686091473,36.087745666503906,38725125,0.0,0.0,BEL.NS,240
2020-12-17 00:00:00+05:30,36.05718891745108,36.9280624281732,35.384935987855435,36.7599983215332,56242236,0.0,0.0,BEL.NS,241
2020-12-18 00:00:00+05:30,37.11139795937614,37.49336081426749,36.22524637408499,37.0502815246582,97760322,0.0,0.0,BEL.NS,242
2020-12-21 00:00:00+05:30,36.88222560729159,37.646147916660915,33.35289705450204,34.208492279052734,86979072,0.0,0.0,BEL.NS,243
2020-12-22 00:00:00+05:30,34.2084862376206,34.86546077637736,32.4972995876896,34.30015563964844,73882653,0.0,0.0,BEL.NS,244
2020-12-23 00:00:00+05:30,34.59045726491983,35.43077430369669,34.37655844590325,35.27798843383789,39047973,0.0,0.0,BEL.NS,245
2020-12-24 00:00:00+05:30,35.49187567386645,36.10301195999379,34.92657058769096,35.10991287231445,28256172,0.0,0.0,BEL.NS,246
2020-12-28 00:00:00+05:30,35.50716002363947,35.614107668200454,34.80435072563296,35.01824951171875,28341882,0.0,0.0,BEL.NS,247
2020-12-29 00:00:00+05:30,35.20159453604054,35.507162755257845,34.819631639295835,35.0640869140625,20782080,0.0,0.0,BEL.NS,248
2020-12-30 00:00:00+05:30,35.14048040388783,35.23215332355218,34.65156982222567,34.95713806152344,18996630,0.0,0.0,BEL.NS,249
2020-12-31 00:00:00+05:30,35.35438572283502,36.897512434179774,35.26271628327521,36.65305709838867,112170381,0.0,0.0,BEL.NS,250
2021-01-01 00:00:00+05:30,36.973895982376035,39.11288060214456,36.85167008825658,38.62397003173828,201696168,0.0,0.0,BEL.NS,251
2021-01-04 00:00:00+05:30,39.418455964520355,40.274051290072585,38.77675947035618,40.12126541137695,105614565,0.0,0.0,BEL.NS,252
2021-01-05 00:00:00+05:30,39.72401896840508,40.717118306101874,39.418450748413164,40.182373046875,64361523,0.0,0.0,BEL.NS,253
2021-01-06 00:00:00+05:30,40.33515865817996,41.37409269796436,39.61707107257272,40.686561584472656,74098809,0.0,0.0,BEL.NS,254
2021-01-07 00:00:00+05:30,41.0685306087776,41.25187296579628,40.12126584397311,40.25876998901367,46011027,0.0,0.0,BEL.NS,255
2021-01-08 00:00:00+05:30,40.65600500817321,40.86990380939788,40.19765093368664,40.36571502685547,19906347,0.0,0.0,BEL.NS,256
2021-01-11 00:00:00+05:30,40.57961892686416,41.419936001329134,39.586519473016104,41.129642486572266,42426342,0.0,0.0,BEL.NS,257
2021-01-12 00:00:00+05:30,41.2365871216941,41.54215532905585,40.76295482664961,41.08380126953125,32608233,0.0,0.0,BEL.NS,258
2021-01-13 00:00:00+05:30,41.114360735468665,42.07690712815636,40.472667802962484,40.961578369140625,38455479,0.0,0.0,BEL.NS,259
2021-01-14 00:00:00+05:30,41.175475518827284,43.08528665580184,41.114362569569835,42.519981384277344,94302666,0.0,0.0,BEL.NS,260
2021-01-15 00:00:00+05:30,42.382479693151645,42.62693500124646,40.457390207819834,40.77824020385742,44817729,0.0,0.0,BEL.NS,261
2021-01-18 00:00:00+05:30,40.90046535644127,41.32826301197255,39.20455646919505,40.80879592895508,53634528,0.0,0.0,BEL.NS,262
2021-01-19 00:00:00+05:30,41.114362418278475,42.22969122294458,40.9768582829552,41.87828826904297,64391526,0.0,0.0,BEL.NS,263
2021-01-20 00:00:00+05:30,41.96995690062275,42.45886747758629,41.221312798207585,41.4046516418457,39771243,0.0,0.0,BEL.NS,264
2021-01-21 00:00:00+05:30,41.71022327518128,42.10746442937348,40.426830391005375,40.915740966796875,31082454,0.0,0.0,BEL.NS,265
2021-01-22 00:00:00+05:30,40.793514593573896,41.404651057673746,39.99903229449415,40.442108154296875,30823161,0.0,0.0,BEL.NS,266
2021-01-25 00:00:00+05:30,40.86991386028321,41.175482152766094,39.38790362023158,39.93792724609375,22702206,0.0,0.0,BEL.NS,267
2021-01-27 00:00:00+05:30,40.0295864957845,41.068524020923334,39.96847355223635,40.54905700683594,55897923,0.0,0.0,BEL.NS,268
2021-01-28 00:00:00+05:30,40.02958942659513,41.16019994679914,39.67818647850084,40.09070587158203,49918659,0.0,0.0,BEL.NS,269
2021-01-29 00:00:00+05:30,39.96847682822388,41.63382915515879,38.8073133208148,39.73929977416992,77617473,0.0,0.0,BEL.NS,270
2021-02-01 00:00:00+05:30,39.724033584668504,41.190769273628916,38.37952732685704,40.85464096069336,47400000,0.0,0.0,BEL.NS,271
2021-02-02 00:00:00+05:30,41.175473664329374,41.80189185689813,40.151817822513976,40.793514251708984,32215686,0.0,0.0,BEL.NS,272
2021-02-03 00:00:00+05:30,41.00741526993319,43.14639998548268,40.99213703248412,42.504703521728516,63440358,0.0,0.0,BEL.NS,273
2021-02-04 00:00:00+05:30,42.703318861841474,43.329737011226506,41.87828365000741,43.070003509521484,55032168,0.0,0.0,BEL.NS,274
2021-02-05 00:00:00+05:30,43.390855298906104,43.75753999175858,42.38247763900841,42.8408317565918,29863140,0.0,0.0,BEL.NS,275
2021-02-08 00:00:00+05:30,43.581590203484055,44.13716148224505,43.056883603294665,43.44269561767578,31927191,0.466667,0.0,BEL.NS,276
2021-02-09 00:00:00+05:30,43.658753500850025,43.828509225484495,42.40871288058081,42.57847213745117,48306774,0.0,0.0,BEL.NS,277
2021-02-10 00:00:00+05:30,42.87169138830775,43.93654044502436,42.70193212634853,43.16490936279297,33662136,0.0,0.0,BEL.NS,278
2021-02-11 00:00:00+05:30,42.99515606206501,43.365535752803424,41.54449138227795,41.791412353515625,35392794,0.0,0.0,BEL.NS,279
2021-02-12 00:00:00+05:30,41.930305627640344,42.285252967287875,41.405599021777334,42.05376434326172,24806265,0.0,0.0,BEL.NS,280
2021-02-15 00:00:00+05:30,42.39327704558146,42.57846862578125,41.606217245026905,42.00746154785156,23422254,0.0,0.0,BEL.NS,281
2021-02-16 00:00:00+05:30,42.00746500804481,42.73279905126001,40.91175483839304,41.09694290161133,48715293,0.0,0.0,BEL.NS,282
2021-02-17 00:00:00+05:30,40.77286638438535,43.1340498675174,40.77286638438535,42.93342590332031,46231716,0.0,0.0,BEL.NS,283
2021-02-18 00:00:00+05:30,43.0105836776066,44.41494765108564,42.54760646586107,43.68961715698242,43649379,0.0,0.0,BEL.NS,284
2021-02-19 00:00:00+05:30,43.33467107292824,44.04456930676608,41.0506494398026,41.791412353515625,51636933,0.0,0.0,BEL.NS,285
2021-02-22 00:00:00+05:30,41.822277344510965,42.146363550083706,39.893206580071784,40.21729278564453,28665003,0.0,0.0,BEL.NS,286
2021-02-23 00:00:00+05:30,40.51050978226805,41.8531445272133,40.20185592434097,41.4210319519043,32119296,0.0,0.0,BEL.NS,287
2021-02-24 00:00:00+05:30,41.86857658732329,42.88712512786772,41.72968199895991,42.084632873535156,22656720,0.0,0.0,BEL.NS,288
2021-02-25 00:00:00+05:30,42.31611976215214,44.137160482271625,42.30068742321597,43.73591613769531,59326020,0.0,0.0,BEL.NS,289
2021-02-26 00:00:00+05:30,43.01058600286795,43.93654047641846,41.97660162354403,42.31612014770508,38633409,0.0,0.0,BEL.NS,290
2021-03-01 00:00:00+05:30,42.80996661857817,45.371774032552814,42.57847797555495,45.047691345214844,62059455,0.0,0.0,BEL.NS,291
2021-03-02 00:00:00+05:30,45.66498650633154,47.39343671536991,45.217441615222384,46.76070022583008,106691166,0.0,0.0,BEL.NS,292
2021-03-03 00:00:00+05:30,47.17738534753315,47.5323327102374,46.51378411125372,47.19281768798828,39659358,0.0,0.0,BEL.NS,293
2021-03-04 00:00:00+05:30,46.76070127415879,47.825550339831075,46.31315637301613,47.161949157714844,30333900,0.0,0.0,BEL.NS,294
2021-03-05 00:00:00+05:30,46.544644375902195,47.223677888208506,44.67730310011883,45.371768951416016,29141961,0.0,0.0,BEL.NS,295
2021-03-08 00:00:00+05:30,45.68042348927066,46.51378400081413,44.5075479562842,44.769901275634766,34685358,0.0,0.0,BEL.NS,296
2021-03-09 00:00:00+05:30,45.07854926589045,45.495225935051096,42.97971592050342,43.211204528808594,37113744,0.0,0.0,BEL.NS,297
2021-03-10 00:00:00+05:30,43.64332276015294,44.02913833505455,42.917992163837525,43.13404846191406,24247668,0.0,0.0,BEL.NS,298
2021-03-12 00:00:00+05:30,43.90567259762097,44.291488141926166,42.97971811707731,43.22664260864258,39599325,0.0,0.0,BEL.NS,299
2021-03-15 00:00:00+05:30,43.627886630410956,43.627886630410956,41.174109394843725,42.31612014770508,30156603,0.0,0.0,BEL.NS,300
2021-03-16 00:00:00+05:30,42.43958512953782,42.76367136249644,41.82228087857001,42.54761505126953,29273370,0.0,0.0,BEL.NS,301
2021-03-17 00:00:00+05:30,42.43958595690303,42.73280751286513,41.004356989353504,41.31300735473633,35855832,0.0,0.0,BEL.NS,302
2021-03-18 00:00:00+05:30,41.46732951513328,41.82227686450073,39.52282643295951,40.062965393066406,45353232,0.0,0.0,BEL.NS,303
2021-03-19 00:00:00+05:30,39.63086115035577,40.14013553786263,38.5814441568607,39.49197006225586,56393928,0.0,0.0,BEL.NS,304
2021-03-22 00:00:00+05:30,39.72345874132597,40.72657517321748,39.30677841255238,39.49197006225586,38945382,0.0,0.0,BEL.NS,305
2021-03-23 00:00:00+05:30,39.91325166409809,40.49057584481306,39.3671371880354,39.507568359375,38253711,0.466667,0.0,BEL.NS,306
2021-03-24 00:00:00+05:30,39.47636020285318,39.53877604329243,37.9472381813854,38.212493896484375,32029023,0.0,0.0,BEL.NS,307
2021-03-25 00:00:00+05:30,38.274901358735804,38.493347844555935,36.152852333135066,37.2138786315918,60718449,0.0,0.0,BEL.NS,308
2021-03-26 00:00:00+05:30,37.44793008258165,38.77420855879781,37.43232701646811,38.1968879699707,36092943,0.0,0.0,BEL.NS,309
2021-03-30 00:00:00+05:30,38.69619062587865,39.61678574991884,38.35291962315294,39.257911682128906,42697440,0.0,0.0,BEL.NS,310
2021-03-31 00:00:00+05:30,39.257909513356864,39.63238662552334,38.852222701473416,39.03946304321289,24134520,0.0,0.0,BEL.NS,311
2021-04-01 00:00:00+05:30,39.320322039106664,39.63238689659858,38.789810709976656,39.35152816772461,30019032,0.0,0.0,BEL.NS,312
2021-04-05 00:00:00+05:30,39.585581310601896,41.19272208005168,39.00825716462827,41.0054817199707,61276776,0.0,0.0,BEL.NS,313
2021-04-06 00:00:00+05:30,41.286341440123586,42.1133182284439,40.19411252817746,40.865055084228516,61173012,0.0,0.0,BEL.NS,314
2021-04-07 00:00:00+05:30,41.177120931594274,41.95728496839243,40.8806555262818,40.97427749633789,38346498,0.0,0.0,BEL.NS,315
2021-04-08 00:00:00+05:30,41.301942080841705,41.707628918130865,40.412553080366514,40.584190368652344,25322349,0.0,0.0,BEL.NS,316
2021-04-09 00:00:00+05:30,40.88065121568118,41.052288499925154,40.2565214805783,40.53738021850586,15591087,0.0,0.0,BEL.NS,317
2021-04-12 00:00:00+05:30,39.91324799159269,40.10048834571275,37.60395862384169,38.04085159301758,35499102,0.0,0.0,BEL.NS,318
2021-04-13 00:00:00+05:30,38.103263064155556,39.38273212346093,37.96283192181039,39.195491790771484,19430589,0.0,0.0,BEL.NS,319
2021-04-15 00:00:00+05:30,39.00826550813279,40.47497899972281,38.82102867931642,40.10049819946289,42679908,0.0,0.0,BEL.NS,320
2021-04-16 00:00:00+05:30,40.0224807350326,40.41256101239319,39.19550383295897,39.944461822509766,21451458,0.0,0.0,BEL.NS,321
2021-04-19 00:00:00+05:30,38.72739959269498,39.46075798968114,38.1188728679916,38.50895309448242,30034584,0.0,0.0,BEL.NS,322
2021-04-20 00:00:00+05:30,38.96144388572069,39.83522976034967,38.58696677610288,38.78981018066406,26634339,0.0,0.0,BEL.NS,323
2021-04-22 00:00:00+05:30,38.41533095413734,39.53876946814904,38.24369367127008,39.3359260559082,23128215,0.0,0.0,BEL.NS,324
2021-04-23 00:00:00+05:30,39.27351310630229,40.25652044952827,39.11747889086661,39.60118103027344,27613263,0.0,0.0,BEL.NS,325
2021-04-26 00:00:00+05:30,39.94445939952803,40.474974401512014,39.85084099575548,40.36574935913086,16704927,0.0,0.0,BEL.NS,326
2021-04-27 00:00:00+05:30,40.2721261979305,40.59979414373952,40.0536797102869,40.31893539428711,19097265,0.0,0.0,BEL.NS,327
2021-04-28 00:00:00+05:30,40.693419969538276,40.74022917033704,40.00687431055044,40.194114685058594,19394331,0.0,0.0,BEL.NS,328
2021-04-29 00:00:00+05:30,40.568594940433854,40.958678785976176,40.30333921113789,40.521785736083984,16660074,0.0,0.0,BEL.NS,329
2021-04-30 00:00:00+05:30,39.991265377744234,42.58141339313331,39.88204035392169,41.11470031738281,53187741,0.0,0.0,BEL.NS,330
2021-05-03 00:00:00+05:30,40.88065601628863,41.45798019606337,40.209717007961686,40.6466064453125,19524450,0.0,0.0,BEL.NS,331
2021-05-04 00:00:00+05:30,41.005485969442056,42.83107341962305,40.740230253218755,41.442378997802734,52932507,0.0,0.0,BEL.NS,332
2021-05-05 00:00:00+05:30,41.69203219180143,43.22115423974389,41.348757563038355,43.018314361572266,51816273,0.0,0.0,BEL.NS,333
2021-05-06 00:00:00+05:30,43.59563718782841,44.65666369106702,42.87788533055154,44.43821716308594,61565505,0.0,0.0,BEL.NS,334
2021-05-07 00:00:00+05:30,44.5474314713043,44.75027489830339,42.84667229751433,43.033912658691406,32525013,0.0,0.0,BEL.NS,335
2021-05-10 00:00:00+05:30,43.37718482215984,45.53044010420605,43.267963358525,45.171566009521484,67119504,0.0,0.0,BEL.NS,336
2021-05-11 00:00:00+05:30,44.54743009564235,46.7318913850826,44.14174682548485,46.35741424560547,70482693,0.0,0.0,BEL.NS,337
2021-05-12 00:00:00+05:30,47.57447662830937,48.55748414218107,45.49923655940627,45.826908111572266,136024881,0.0,0.0,BEL.NS,338
2021-05-14 00:00:00+05:30,46.123358988352045,46.40421770104355,44.4850123311206,44.73466491699219,47657991,0.0,0.0,BEL.NS,339
2021-05-17 00:00:00+05:30,45.09354056589757,46.529047450344024,44.90630379825503,46.232582092285156,51486270,0.0,0.0,BEL.NS,340
2021-05-18 00:00:00+05:30,46.96594192128711,48.37023925922552,46.59146477395789,48.24541473388672,97548693,0.0,0.0,BEL.NS,341
2021-05-19 00:00:00+05:30,48.15179752845096,49.275232569482064,47.76171373451284,48.41705322265625,83953914,0.0,0.0,BEL.NS,342
2021-05-20 00:00:00+05:30,48.666701573978436,49.52488441670003,47.746106472531665,48.93195724487305,67499931,0.0,0.0,BEL.NS,343
2021-05-21 00:00:00+05:30,49.462461171498326,49.618495366232004,48.760312652164856,49.181602478027344,58163772,0.0,0.0,BEL.NS,344
2021-05-24 00:00:00+05:30,49.415658430640974,49.93056669772515,48.74471594846879,48.94755935668945,74623869,0.0,0.0,BEL.NS,345
2021-05-25 00:00:00+05:30,49.2596305410909,49.2596305410909,46.43543267034271,46.56026077270508,53594838,0.0,0.0,BEL.NS,346
2021-05-26 00:00:00+05:30,46.8099219937038,48.120601238052956,46.49785346620336,46.731903076171875,45070683,0.0,0.0,BEL.NS,347
2021-05-27 00:00:00+05:30,47.05956289985191,47.10637209587246,44.37579637690033,46.35741424560547,360249207,0.0,0.0,BEL.NS,348
2021-05-28 00:00:00+05:30,46.341811876668324,46.685082890623605,45.062339071669584,45.2027702331543,44625315,0.0,0.0,BEL.NS,349
2021-05-31 00:00:00+05:30,45.42121410124918,45.62405751332641,44.84389356567846,45.37440490722656,29061186,0.0,0.0,BEL.NS,350
2021-06-01 00:00:00+05:30,47.7461040051829,47.7461040051829,45.56163934956104,45.85810470581055,74882883,0.0,0.0,BEL.NS,351
2021-06-02 00:00:00+05:30,45.63967042612897,47.12198331790734,45.56165151461045,46.91913986206055,24742749,0.0,0.0,BEL.NS,352
2021-06-03 00:00:00+05:30,47.1999943317236,47.41844440690148,46.56026145805291,47.18439483642578,26792298,0.0,0.0,BEL.NS,353
2021-06-04 00:00:00+05:30,47.30921603195701,47.80852127090738,47.07516647799198,47.68369674682617,23574183,0.0,0.0,BEL.NS,354
2021-06-07 00:00:00+05:30,47.7461147195212,48.136194975243136,47.55887433969181,47.8397331237793,16889640,0.0,0.0,BEL.NS,355
2021-06-08 00:00:00+05:30,47.93335415487886,47.9957664231545,46.2637974080006,47.73051071166992,31918326,0.0,0.0,BEL.NS,356
2021-06-09 00:00:00+05:30,47.87093084902207,48.526270277644535,46.66947701553717,47.02835464477539,31016931,0.0,0.0,BEL.NS,357
2021-06-10 00:00:00+05:30,47.10637520800274,47.73050857678226,46.841119508382505,47.449649810791016,17381064,0.0,0.0,BEL.NS,358
2021-06-11 00:00:00+05:30,47.434047382588474,48.37024573318316,46.85672673300129,48.07378387451172,25835898,0.0,0.0,BEL.NS,359
2021-06-14 00:00:00+05:30,47.746109480029475,47.85533093967834,46.04535032345041,47.35602569580078,26533281,0.0,0.0,BEL.NS,360
2021-06-15 00:00:00+05:30,47.434037896607094,47.71490020266856,46.82551123320326,47.02835464477539,22951029,0.0,0.0,BEL.NS,361
2021-06-16 00:00:00+05:30,46.80991555223743,47.2780147077598,46.26379748991923,46.7162971496582,19709055,0.0,0.0,BEL.NS,362
2021-06-17 00:00:00+05:30,46.24818817229679,46.73188672087834,45.14035278715067,45.60845184326172,22419540,0.0,0.0,BEL.NS,363
2021-06-18 00:00:00+05:30,45.73327539927931,45.87370654170741,43.84527615044618,45.624053955078125,34091544,0.0,0.0,BEL.NS,364
2021-06-21 00:00:00+05:30,44.313383500686285,46.809913406116834,44.313383500686285,46.56026077270508,23199468,0.0,0.0,BEL.NS,365
2021-06-22 00:00:00+05:30,46.80991031127778,47.43404006788633,46.49784186166077,47.246803283691406,28261329,0.0,0.0,BEL.NS,366
2021-06-23 00:00:00+05:30,48.40144417087009,53.05122513442672,47.590070551230205,52.583126068115234,363893778,0.0,0.0,BEL.NS,367
2021-06-24 00:00:00+05:30,52.723561073369005,54.143461440294935,52.05261855306674,53.41010665893555,169690515,0.0,0.0,BEL.NS,368
2021-06-25 00:00:00+05:30,53.410110664218834,54.892423403362166,53.316492265612595,54.61156463623047,71399592,0.0,0.0,BEL.NS,369
2021-06-28 00:00:00+05:30,54.97044280411926,55.26690464036717,53.987431753296356,54.22148132324219,38881053,0.0,0.0,BEL.NS,370
2021-06-29 00:00:00+05:30,54.12785770509058,54.876815542444405,53.846998962496976,54.50233840942383,49605246,0.0,0.0,BEL.NS,371
2021-06-30 00:00:00+05:30,54.87682124277077,55.82862259623068,54.549153270927185,55.54776382446289,43091670,0.0,0.0,BEL.NS,372
2021-07-01 00:00:00+05:30,55.485345248398374,58.01308104950306,55.266898768238086,57.62299728393555,87835578,0.0,0.0,BEL.NS,373
2021-07-02 00:00:00+05:30,57.872648597612844,57.872648597612844,56.249904883333336,56.374732971191406,40351092,0.0,0.0,BEL.NS,374
2021-07-05 00:00:00+05:30,56.577580686600655,56.79602360717554,55.73500085056048,55.9222412109375,22985568,0.0,0.0,BEL.NS,375
2021-07-06 00:00:00+05:30,55.703798010036415,56.85844280071294,55.672591876682056,56.49956512451172,41588856,0.0,0.0,BEL.NS,376
2021-07-07 00:00:00+05:30,56.203095510408936,57.232912053875744,55.82861481934144,57.076881408691406,17834940,0.0,0.0,BEL.NS,377
2021-07-08 00:00:00+05:30,57.35774032423751,58.48117882970987,55.891030826952445,56.374732971191406,44887437,0.0,0.0,BEL.NS,378
2021-07-09 00:00:00+05:30,56.37474059583486,57.01447704359216,56.234309424415386,56.43715286254883,18512454,0.0,0.0,BEL.NS,379
2021-07-12 00:00:00+05:30,56.4839554397429,57.71661899069009,56.4839554397429,57.37334442138672,18021216,0.0,0.0,BEL.NS,380
2021-07-13 00:00:00+05:30,57.420156711780855,57.66980933413776,56.21870279706709,56.68680191040039,15530661,0.0,0.0,BEL.NS,381
2021-07-14 00:00:00+05:30,56.51516344898546,57.62299894667165,56.42154505677792,57.46696472167969,18423249,0.0,0.0,BEL.NS,382
2021-07-15 00:00:00+05:30,57.46696736952983,57.54498627127699,56.00025772948852,56.15629196166992,14669931,0.0,0.0,BEL.NS,383
2021-07-16 00:00:00+05:30,56.32792736405614,56.546377438395474,55.76620982559587,56.06267166137695,21219636,0.0,0.0,BEL.NS,384
2021-07-19 00:00:00+05:30,56.01585800326176,58.59040306369641,55.438537444201145,58.044288635253906,45407127,0.0,0.0,BEL.NS,385
2021-07-20 00:00:00+05:30,58.24713839225654,58.27834452626956,56.2499136736056,56.54637908935547,21901098,0.0,0.0,BEL.NS,386
2021-07-22 00:00:00+05:30,56.82723308130517,57.65420627694911,56.79602337860724,57.57619094848633,14278368,0.0,0.0,BEL.NS,387
2021-07-23 00:00:00+05:30,57.48257663434971,57.794641541663516,56.67120287549554,56.998870849609375,12770211,0.0,0.0,BEL.NS,388
2021-07-26 00:00:00+05:30,56.99886869072442,57.73222351648886,56.23430773254188,57.607398986816406,13753260,0.0,0.0,BEL.NS,389
2021-07-27 00:00:00+05:30,57.60739755663319,57.81024098362798,56.73361158536726,57.123695373535156,14436747,0.0,0.0,BEL.NS,390
2021-07-28 00:00:00+05:30,57.10809621158683,59.79186300081912,56.9520619713907,59.276954650878906,48274629,0.0,0.0,BEL.NS,391
2021-07-29 00:00:00+05:30,59.589014236815395,59.823063776518026,58.65281607800486,58.91807174682617,27425199,0.0,0.0,BEL.NS,392
2021-07-30 00:00:00+05:30,58.80884807424312,58.80884807424312,56.952054778537,57.62299728393555,28756776,0.0,0.0,BEL.NS,393
2021-08-02 00:00:00+05:30,57.732219443481235,58.35635276174967,57.248520853812494,57.35774230957031,21084204,0.0,0.0,BEL.NS,394
2021-08-03 00:00:00+05:30,57.357744692059455,57.70101571001243,56.65559601908432,56.87404251098633,17656980,0.0,0.0,BEL.NS,395
2021-08-04 00:00:00+05:30,56.952055598870146,57.669807309360216,54.549147853808314,54.751991271972656,38353227,0.0,0.0,BEL.NS,396
2021-08-05 00:00:00+05:30,54.9236337929882,55.89104184346146,54.33071007990258,55.11087417602539,33065568,0.0,0.0,BEL.NS,397
2021-08-06 00:00:00+05:30,55.20448057056719,56.10947252369941,54.61155345353454,54.73638153076172,23813595,0.0,0.0,BEL.NS,398
2021-08-09 00:00:00+05:30,51.49090106092717,53.95622108581084,50.66392431666937,53.41010665893555,110821485,0.0,0.0,BEL.NS,399
2021-08-10 00:00:00+05:30,53.410103983123236,54.36190520181064,52.3334782485752,52.817176818847656,32690748,0.0,0.0,BEL.NS,400
2021-08-11 00:00:00+05:30,52.817181583124466,53.89381098610042,51.58452152124828,53.753379821777344,27235548,0.0,0.0,BEL.NS,401
2021-08-12 00:00:00+05:30,53.64415152605751,54.377506243394755,53.051224383839426,54.252681732177734,17966661,0.0,0.0,BEL.NS,402
2021-08-13 00:00:00+05:30,54.36191367249151,54.798806688705504,53.847005321708274,54.45553207397461,27821241,0.0,0.0,BEL.NS,403
2021-08-16 00:00:00+05:30,54.34630203661894,54.78319498394659,53.8157907025693,54.408714294433594,12560913,0.0,0.0,BEL.NS,404
2021-08-17 00:00:00+05:30,54.33070916021157,55.07966710836896,53.768991591921825,54.939239501953125,18039039,0.0,0.0,BEL.NS,405
2021-08-18 00:00:00+05:30,54.954829365115124,56.749206681812076,54.06544045292574,54.33069610595703,34210602,0.0,0.0,BEL.NS,406
2021-08-20 00:00:00+05:30,53.64415429193054,54.58035245957789,53.14484907869363,53.37889862060547,15542163,0.0,0.0,BEL.NS,407
2021-08-23 00:00:00+05:30,53.80019164881498,55.20448898220755,52.785974527156256,54.65837097167969,26688300,0.0,0.0,BEL.NS,408
2021-08-24 00:00:00+05:30,54.611560848736154,55.68819021460496,54.42432049319644,55.43853759765625,14925912,0.0,0.0,BEL.NS,409
2021-08-25 00:00:00+05:30,55.32931517381526,56.34353232602503,55.32931517381526,56.15629196166992,16571559,0.0,0.0,BEL.NS,410
2021-08-26 00:00:00+05:30,56.281110317832116,56.85843441366726,55.984648523382994,56.57757568359375,21301485,0.0,0.0,BEL.NS,411
2021-08-27 00:00:00+05:30,56.639992956911854,58.04429030295099,56.577580693882425,57.825843811035156,28167945,0.0,0.0,BEL.NS,412
2021-08-30 00:00:00+05:30,57.70101235710718,58.278336470484064,57.326535229401685,57.43575668334961,13619223,0.0,0.0,BEL.NS,413
2021-08-31 00:00:00+05:30,57.38895223933088,58.48118472578579,57.31093690862442,58.247135162353516,21603702,0.0,0.0,BEL.NS,414
2021-09-01 00:00:00+05:30,58.41876961866352,60.02591035220614,58.21592619738384,59.24574279785156,26940252,0.0,0.0,BEL.NS,415
2021-09-02 00:00:00+05:30,59.526607286796896,60.05712227488852,59.21454237774712,59.3393669128418,25664589,0.0,0.0,BEL.NS,416
2021-09-03 00:00:00+05:30,59.91669622769064,62.27279167099315,59.46420010663355,61.9763298034668,52170660,0.0,0.0,BEL.NS,417
2021-09-06 00:00:00+05:30,62.80330479125265,63.31820956891731,60.77487038643378,60.99332046508789,36365391,0.0,0.0,BEL.NS,418
2021-09-07 00:00:00+05:30,60.99331112840354,61.789078130345096,60.337968135385445,60.634429931640625,15882570,0.0,0.0,BEL.NS,419
2021-09-08 00:00:00+05:30,61.16495322721161,62.22597598004993,60.618835213779825,61.50822067260742,19285563,0.0,0.0,BEL.NS,420
2021-09-09 00:00:00+05:30,61.39900778835631,62.17916827955951,61.00892040012849,61.49262619018555,11581218,0.0,0.0,BEL.NS,421
2021-09-13 00:00:00+05:30,61.63304084102145,61.99191485646932,61.05571680391014,61.32097244262695,10518984,0.0,0.0,BEL.NS,422
2021-09-14 00:00:00+05:30,61.36808908151719,64.05264711905734,61.13260140828536,63.55027389526367,29010315,0.4,0.0,BEL.NS,423
2021-09-15 00:00:00+05:30,64.00552436872412,65.55974390685769,63.64444531220662,65.24575805664062,35238519,0.0,0.0,BEL.NS,424
2021-09-16 00:00:00+05:30,65.27716687983538,65.62254342986053,64.28811606575763,64.53929901123047,12378501,0.0,0.0,BEL.NS,425
2021-09-17 00:00:00+05:30,64.63351496787064,65.10449028765301,63.01649922418364,64.46082305908203,16039149,0.0,0.0,BEL.NS,426
2021-09-20 00:00:00+05:30,63.58167562401525,64.66492042380125,63.12639559538155,63.29908752441406,12243591,0.0,0.0,BEL.NS,427
2021-09-21 00:00:00+05:30,63.29908176599649,65.07309412052783,63.29908176599649,64.19393920898438,20777913,0.0,0.0,BEL.NS,428
2021-09-22 00:00:00+05:30,64.17823911014872,64.94749789027888,63.98985184475446,64.6649169921875,9672642,0.0,0.0,BEL.NS,429
2021-09-23 00:00:00+05:30,64.99458550212061,66.15632111632728,64.85329148763968,65.13587951660156,19379646,0.0,0.0,BEL.NS,430
2021-09-24 00:00:00+05:30,65.30858188911756,66.09353598625312,63.92705376688255,64.52362060546875,17282355,0.0,0.0,BEL.NS,431
2021-09-27 00:00:00+05:30,64.71199768054579,65.84234261350373,63.66015820606587,64.0526351928711,10315860,0.0,0.0,BEL.NS,432
2021-09-28 00:00:00+05:30,64.366628650138,66.70580268958814,64.09974311793916,66.04644012451172,29934006,0.0,0.0,BEL.NS,433
2021-09-29 00:00:00+05:30,66.21913710658215,66.69011245673845,63.95845398852917,64.41372680664062,27378225,0.0,0.0,BEL.NS,434
2021-09-30 00:00:00+05:30,64.68059578209525,65.16727353956419,63.33046583280788,63.72294998168945,34237251,0.0,0.0,BEL.NS,435
2021-10-01 00:00:00+05:30,62.796706364999466,64.13114121716883,62.52982083186819,63.3461799621582,22069932,0.0,0.0,BEL.NS,436
2021-10-04 00:00:00+05:30,63.42467196541865,64.71199909747128,63.346173691733966,64.61780548095703,16627587,0.0,0.0,BEL.NS,437
2021-10-05 00:00:00+05:30,64.93179781268974,65.1986833458051,64.22533483917621,64.63351440429688,18733530,0.0,0.0,BEL.NS,438
2021-10-06 00:00:00+05:30,64.64919619136931,65.46555515041544,62.1687286320492,62.576908111572266,15618651,0.0,0.0,BEL.NS,439
2021-10-07 00:00:00+05:30,63.11068375606041,63.98983851782902,62.953694400927446,63.77004623413086,7587423,0.0,0.0,BEL.NS,440
2021-10-08 00:00:00+05:30,63.73864197602529,63.94273171050286,62.60830435931206,62.84379196166992,9881742,0.0,0.0,BEL.NS,441
2021-10-11 00:00:00+05:30,62.84381096632918,66.25053456040665,62.84381096632918,65.4969711303711,21749220,0.0,0.0,BEL.NS,442
2021-10-12 00:00:00+05:30,65.52835972646471,66.47031028733677,64.22533003366169,66.0150375366211,18331041,0.0,0.0,BEL.NS,443
2021-10-13 00:00:00+05:30,66.28192346626622,67.1767736301127,65.02598698170733,65.51266479492188,16863453,0.0,0.0,BEL.NS,444
2021-10-14 00:00:00+05:30,65.71675344084491,66.76860025388834,65.63826234404475,66.10923767089844,15404877,0.0,0.0,BEL.NS,445
2021-10-18 00:00:00+05:30,64.44511423673805,69.54735116062781,64.36662314877887,68.1815185546875,40084623,0.0,0.0,BEL.NS,446
2021-10-19 00:00:00+05:30,68.82519326955706,68.82519326955706,64.60211787160554,64.94749450683594,15424062,0.0,0.0,BEL.NS,447
2021-10-20 00:00:00+05:30,64.94748489005099,65.99933154424292,63.69155566578892,64.30381774902344,16082943,0.0,0.0,BEL.NS,448
2021-10-21 00:00:00+05:30,64.63351791103403,64.99459708957252,63.75436298253851,64.17823791503906,15707487,0.0,0.0,BEL.NS,449
2021-10-22 00:00:00+05:30,64.39803177538006,64.96320076102303,62.79671126512586,63.251991271972656,10288875,0.0,0.0,BEL.NS,450
2021-10-25 00:00:00+05:30,63.58166525126803,63.58166525126803,60.83431174085329,63.20488357543945,13207770,0.0,0.0,BEL.NS,451
2021-10-26 00:00:00+05:30,63.20489808833894,65.07310436614198,63.14210232570068,64.74341583251953,9505146,0.0,0.0,BEL.NS,452
2021-10-27 00:00:00+05:30,64.82190479244225,65.85804909976116,64.69631328525531,65.01029205322266,9492999,0.0,0.0,BEL.NS,453
2021-10-28 00:00:00+05:30,65.01028856766052,65.26147875508005,62.76530815774985,62.890899658203125,11429706,0.0,0.0,BEL.NS,454
2021-10-29 00:00:00+05:30,62.10594720934542,68.71529711054536,57.600283741510445,64.94749450683594,95295024,0.0,0.0,BEL.NS,455
2021-11-01 00:00:00+05:30,65.21437892838568,65.55976274421285,61.63497082808432,62.969398498535156,23954010,0.0,0.0,BEL.NS,456
2021-11-02 00:00:00+05:30,63.42468106717136,63.92705428051932,61.93325677220941,62.985103607177734,19613109,0.0,0.0,BEL.NS,457
2021-11-03 00:00:00+05:30,63.40897797575837,64.75910822049654,62.62401669273278,62.9066047668457,25307715,0.0,0.0,BEL.NS,458
2021-11-04 00:00:00+05:30,63.48746725101905,63.51886512296359,63.204879217005924,63.37757110595703,1434759,0.0,0.0,BEL.NS,459
2021-11-08 00:00:00+05:30,63.28338420670136,66.97268845059108,63.28338420670136,66.70580291748047,35893830,0.0,0.0,BEL.NS,460
2021-11-09 00:00:00+05:30,66.7058058283452,70.3951102332264,66.7058058283452,69.32756805419922,51756600,0.0,0.0,BEL.NS,461
2021-11-10 00:00:00+05:30,69.35897474733648,69.51597133704162,68.74670529512058,68.98219299316406,15949584,0.0,0.0,BEL.NS,462
2021-11-11 00:00:00+05:30,68.99786839058864,70.64628162858905,68.91937012660863,70.11251068115234,23431827,0.0,0.0,BEL.NS,463
2021-11-12 00:00:00+05:30,70.80327755492812,71.58823870819747,69.7357355607705,70.20671081542969,23132022,0.0,0.0,BEL.NS,464
2021-11-15 00:00:00+05:30,70.56780223312737,70.960286471459,69.31187279270343,69.90843963623047,8602539,0.0,0.0,BEL.NS,465
2021-11-16 00:00:00+05:30,69.84563100791145,70.33230160007446,68.04022109201695,68.38560485839844,8030718,0.0,0.0,BEL.NS,466
2021-11-17 00:00:00+05:30,68.35421379985567,68.38561167388208,66.89418750483273,67.64775085449219,18084606,0.0,0.0,BEL.NS,467
2021-11-18 00:00:00+05:30,67.67914864451846,68.29141796704278,65.43416831510872,65.5754623413086,28766142,0.0,0.0,BEL.NS,468
2021-11-22 00:00:00+05:30,65.90513251930805,66.0621218628233,63.0321808206544,63.738643646240234,17243226,0.0,0.0,BEL.NS,469
2021-11-23 00:00:00+05:30,63.89564262335452,66.45460854646996,63.644452477598506,66.25051879882812,17089326,0.0,0.0,BEL.NS,470
2021-11-24 00:00:00+05:30,66.59590288122138,66.86278839878462,64.99458977584189,65.41846466064453,11478315,0.0,0.0,BEL.NS,471
2021-11-25 00:00:00+05:30,65.41846891069466,66.75290377171787,64.57071908601351,66.45462036132812,9875469,0.0,0.0,BEL.NS,472
2021-11-26 00:00:00+05:30,65.46556829559246,66.04643976282011,61.72916367875755,62.231536865234375,22881369,0.0,0.0,BEL.NS,473
2021-11-29 00:00:00+05:30,61.61927209684392,63.20489005472143,59.28009789657315,61.933258056640625,14850591,0.0,0.0,BEL.NS,474
2021-11-30 00:00:00+05:30,61.93325705717148,64.46082566713615,61.917554525503995,63.97414779663086,32274063,0.0,0.0,BEL.NS,475
2021-12-01 00:00:00+05:30,64.0526429318934,64.77480124978918,63.267681676929584,64.63351440429688,14136084,0.0,0.0,BEL.NS,476
2021-12-02 00:00:00+05:30,64.08403914202466,64.93179612551556,63.50316768471443,64.64920806884766,13228377,0.0,0.0,BEL.NS,477
2021-12-03 00:00:00+05:30,64.63350636009649,65.87374024548286,64.555008088416,64.88468933105469,12481431,0.0,0.0,BEL.NS,478
2021-12-06 00:00:00+05:30,64.88469294543708,66.31332132513553,64.88469294543708,65.261474609375,14751723,0.0,0.0,BEL.NS,479
2021-12-07 00:00:00+05:30,65.74816263848292,67.4122717318865,65.37138091600039,66.06214141845703,23275224,0.0,0.0,BEL.NS,480
2021-12-08 00:00:00+05:30,66.26622751682405,66.86279435196207,65.40277514036045,65.60686492919922,9462426,0.0,0.0,BEL.NS,481
2021-12-09 00:00:00+05:30,64.71199637270173,65.73244514158634,64.11542964005163,65.23007202148438,12294123,0.0,0.0,BEL.NS,482
2021-12-10 00:00:00+05:30,65.18296608877168,66.20341477103354,64.39801219765768,64.53929901123047,18276354,0.0,0.0,BEL.NS,483
2021-12-13 00:00:00+05:30,64.93179981019608,66.3761236769326,64.7434053662224,65.60686492919922,27024840,0.0,0.0,BEL.NS,484
2021-12-14 00:00:00+05:30,65.74816489239636,66.84710503300572,65.51267720608622,65.8737564086914,19438713,0.0,0.0,BEL.NS,485
2021-12-15 00:00:00+05:30,65.77955379959344,66.046439328576,64.80620530803714,65.30857849121094,14031681,0.0,0.0,BEL.NS,486
2021-12-16 00:00:00+05:30,65.62254954274148,66.18771840921345,64.53930502320489,65.05738067626953,23209956,0.0,0.0,BEL.NS,487
2021-12-17 00:00:00+05:30,65.23007879481942,65.35567029125804,62.89089764783018,63.20488357543945,12549333,0.0,0.0,BEL.NS,488
2021-12-20 00:00:00+05:30,63.07928750410167,63.07928750410167,60.1749376472673,61.30528259277344,16835343,0.0,0.0,BEL.NS,489
2021-12-21 00:00:00+05:30,61.35238265372546,63.25198645087718,61.35238265372546,62.63971710205078,10884186,0.0,0.0,BEL.NS,490
2021-12-22 00:00:00+05:30,62.95370126571627,64.11543699340572,62.95370126571627,63.864253997802734,8943987,0.0,0.0,BEL.NS,491
2021-12-23 00:00:00+05:30,64.17823015305812,65.85804152117656,64.17823015305812,65.59115600585938,8703837,0.0,0.0,BEL.NS,492
2021-12-24 00:00:00+05:30,65.37138121179719,65.52837060249459,63.55027553365267,64.06834411621094,9183225,0.0,0.0,BEL.NS,493
2021-12-27 00:00:00+05:30,64.05263386657256,65.13587837661846,63.2676727227037,64.9788818359375,8676960,0.0,0.0,BEL.NS,494
2021-12-28 00:00:00+05:30,65.55976567693551,65.65395930732572,64.5236213696166,65.01029205322266,10372101,0.0,0.0,BEL.NS,495
2021-12-29 00:00:00+05:30,64.9632064241055,66.84710799815106,64.9632064241055,65.84236145019531,24965061,0.0,0.0,BEL.NS,496
2021-12-30 00:00:00+05:30,65.87374418572824,66.69010326319722,64.3666247102942,65.92083740234375,42195855,0.0,0.0,BEL.NS,497
2021-12-31 00:00:00+05:30,65.93653993222394,66.87849050268427,65.49696252024161,65.92083740234375,12683187,0.0,0.0,BEL.NS,498
2022-01-03 00:00:00+05:30,65.85805749941582,66.62731635881848,65.77956639066976,66.32903289794922,8974341,0.0,0.0,BEL.NS,499
2022-01-04 00:00:00+05:30,66.72150566394882,68.7780916540296,66.3133260975166,67.86754608154297,31336737,0.0,0.0,BEL.NS,500
2022-01-05 00:00:00+05:30,67.74193775527473,68.10302405052093,66.75289404180555,66.9726791381836,11957511,0.0,0.0,BEL.NS,501
2022-01-06 00:00:00+05:30,66.25053069238581,66.92559579631273,66.12493200370395,66.53311157226562,8820915,0.0,0.0,BEL.NS,502
2022-01-07 00:00:00+05:30,66.53310827042823,67.17677546686967,65.15158025559326,65.32427215576172,12974964,0.0,0.0,BEL.NS,503
2022-01-10 00:00:00+05:30,65.60685579431274,66.4075123068087,65.30857241827574,66.20342254638672,9408897,0.0,0.0,BEL.NS,504
2022-01-11 00:00:00+05:30,66.25053463140863,66.61161381486897,65.48126866860422,66.07784271240234,10022118,0.0,0.0,BEL.NS,505
2022-01-12 00:00:00+05:30,66.25053002286178,66.54881343075479,65.5597623948881,66.12493133544922,7794744,0.0,0.0,BEL.NS,506
2022-01-13 00:00:00+05:30,66.53312621515678,66.65871774496631,65.07310671483454,65.7952651977539,12144687,0.0,0.0,BEL.NS,507
2022-01-14 00:00:00+05:30,65.65395665625879,69.73574515363416,65.43417152755643,69.10778045654297,27463650,0.0,0.0,BEL.NS,508
2022-01-17 00:00:00+05:30,69.70433624846694,69.95551921295235,67.75763952765729,67.97742462158203,28842888,0.0,0.0,BEL.NS,509
2022-01-18 00:00:00+05:30,68.54259978104008,68.60540271444842,65.18297701652916,65.41846466064453,17939775,0.0,0.0,BEL.NS,510
2022-01-19 00:00:00+05:30,65.66965302660392,66.06213002715229,64.36662334811295,65.35566711425781,30378717,0.0,0.0,BEL.NS,511
2022-01-20 00:00:00+05:30,65.62256112490913,66.8157019971683,65.13589044356961,66.67440795898438,20278191,0.0,0.0,BEL.NS,512
2022-01-21 00:00:00+05:30,66.37611224083334,66.45461051117381,64.3666197614225,64.9788818359375,17723898,0.0,0.0,BEL.NS,513
2022-01-24 00:00:00+05:30,64.97888951222578,65.5440656270252,61.242484949507684,61.94894790649414,20025537,0.0,0.0,BEL.NS,514
2022-01-25 00:00:00+05:30,61.63497222392879,64.52361994450793,60.97560245273394,64.11544036865234,29718342,0.0,0.0,BEL.NS,515
2022-01-27 00:00:00+05:30,63.3932773793144,64.77479819949407,62.21583914557166,64.3352279663086,23800311,0.0,0.0,BEL.NS,516
2022-01-28 00:00:00+05:30,64.9160971872145,66.25053207847266,64.47651973391383,65.02599334716797,24666333,0.0,0.0,BEL.NS,517
2022-01-31 00:00:00+05:30,67.4122770330619,68.9978951494188,65.19869412086119,65.84236145019531,53776260,0.0,0.0,BEL.NS,518
2022-02-01 00:00:00+05:30,66.45460514881162,66.70578809521352,63.84853896082368,65.12017059326172,29395494,0.0,0.0,BEL.NS,519
2022-02-02 00:00:00+05:30,65.79524592232967,66.6273003433304,65.46556465990602,66.17202758789062,30206025,0.0,0.0,BEL.NS,520
2022-02-03 00:00:00+05:30,66.25052262152639,66.39180945099773,65.16727808100225,65.2928695678711,11555226,0.0,0.0,BEL.NS,521
2022-02-04 00:00:00+05:30,65.76384391637978,65.81094431655724,64.16253092151521,64.30381774902344,17933076,0.0,0.0,BEL.NS,522
2022-02-07 00:00:00+05:30,64.3352286091674,64.6178094761817,62.67111253514336,63.45607376098633,18325029,0.0,0.0,BEL.NS,523
2022-02-08 00:00:00+05:30,63.48747410915557,64.02124517638485,61.666368593600986,62.63971710205078,26278878,0.0,0.0,BEL.NS,524
2022-02-09 00:00:00+05:30,63.08262781275075,64.30062188980254,62.671355956973784,64.09498596191406,15305202,0.5,0.0,BEL.NS,525
2022-02-10 00:00:00+05:30,64.20569848989317,64.77514890016519,63.43061220355696,64.15824127197266,12104241,0.0,0.0,BEL.NS,526
2022-02-11 00:00:00+05:30,63.54134595563829,64.42716109478923,63.224988578053114,63.3831672668457,11505933,0.0,0.0,BEL.NS,527
2022-02-14 00:00:00+05:30,62.32334632490434,63.082618444497406,61.010445224023755,61.9753532409668,31961610,0.0,0.0,BEL.NS,528
2022-02-15 00:00:00+05:30,62.07026816139746,63.08262628606024,60.93135984043447,62.94026184082031,10746255,0.0,0.0,BEL.NS,529
2022-02-16 00:00:00+05:30,63.19334538666724,63.69952437205615,62.180980174934035,62.95607376098633,13420629,0.0,0.0,BEL.NS,530
2022-02-17 00:00:00+05:30,63.0351509468577,64.7435093169998,62.78206510888369,63.58878707885742,19166469,0.0,0.0,BEL.NS,531
2022-02-18 00:00:00+05:30,63.272438049316406,63.77861709028974,62.956080674305674,63.272438049316406,10616886,0.0,0.0,BEL.NS,532
2022-02-21 00:00:00+05:30,62.6397185221361,63.85771256622498,62.275903906085816,62.68717575073242,10470885,0.0,0.0,BEL.NS,533
2022-02-22 00:00:00+05:30,61.69063131606883,63.304075700260384,61.16863077008877,62.43408203125,20409699,0.0,0.0,BEL.NS,534
2022-02-23 00:00:00+05:30,62.449894775597414,63.44643125888401,62.449894775597414,62.95607376098633,10145349,0.0,0.0,BEL.NS,535
2022-02-24 00:00:00+05:30,61.91208007537794,62.24426618304949,59.159731067010384,59.42863845825195,24915339,0.0,0.0,BEL.NS,536
2022-02-25 00:00:00+05:30,61.01043690151607,63.636245986043015,60.709893840453304,63.319881439208984,22461840,0.0,0.0,BEL.NS,537
2022-02-28 00:00:00+05:30,62.339168831459524,66.91060138877818,62.070261459908764,66.57842254638672,35587689,0.0,0.0,BEL.NS,538
2022-03-02 00:00:00+05:30,65.66096915258095,69.4731294278366,65.66096915258095,68.334228515625,51608091,0.0,0.0,BEL.NS,539
2022-03-03 00:00:00+05:30,68.96695650795712,69.58386424008015,67.2744192373361,68.03369140625,28625697,0.0,0.0,BEL.NS,540
2022-03-04 00:00:00+05:30,67.7015149296227,71.10240383851796,67.24278586615245,67.98623657226562,46128378,0.0,0.0,BEL.NS,541
2022-03-07 00:00:00+05:30,67.3218720954569,69.09350221400987,65.34460607953777,67.78059387207031,38244033,0.0,0.0,BEL.NS,542
2022-03-08 00:00:00+05:30,68.47659810853656,68.88786992481025,65.8666100168394,67.38514709472656,20461842,0.0,0.0,BEL.NS,543
2022-03-09 00:00:00+05:30,67.82805450494746,71.29222195847109,67.4484184260349,70.37477111816406,30245265,0.0,0.0,BEL.NS,544
2022-03-10 00:00:00+05:30,71.29222730334178,71.65604192080382,68.2235099464352,68.5715103149414,37328694,0.0,0.0,BEL.NS,545
2022-03-11 00:00:00+05:30,69.04604848501639,69.22004865628135,67.73314731759746,67.95459747314453,29348391,0.0,0.0,BEL.NS,546
2022-03-14 00:00:00+05:30,68.33423991485334,68.3658756543057,66.18297342730969,66.37279510498047,28491564,0.0,0.0,BEL.NS,547
2022-03-15 00:00:00+05:30,65.80332221561895,66.48350124437917,64.30059975841301,65.02822875976562,23328489,0.0,0.0,BEL.NS,548
2022-03-16 00:00:00+05:30,66.08805420769878,66.40441878572881,65.36042509147158,66.11968994140625,23656146,0.0,0.0,BEL.NS,549
2022-03-17 00:00:00+05:30,66.49933223131585,67.00551125912229,65.48697417570298,66.24624633789062,36269526,0.0,0.0,BEL.NS,550
2022-03-21 00:00:00+05:30,66.43605880587008,67.82805290167583,65.4553365157519,66.08805847167969,38413833,0.0,0.0,BEL.NS,551
2022-03-22 00:00:00+05:30,66.21460916676205,66.64170251080385,64.85425788839727,66.37279510498047,19632078,0.0,0.0,BEL.NS,552
2022-03-23 00:00:00+05:30,67.66987687011111,67.66987687011111,65.43951758732857,65.61351776123047,33279774,0.0,0.0,BEL.NS,553
2022-03-24 00:00:00+05:30,65.61351598954938,66.61731969136333,65.08771995493335,66.12338256835938,15609300,0.5,0.0,BEL.NS,554
2022-03-25 00:00:00+05:30,66.31459067746131,66.34645688450223,65.31078692140422,65.6453857421875,22413369,0.0,0.0,BEL.NS,555
2022-03-28 00:00:00+05:30,65.64539163751148,65.90032861044087,64.86465855433387,65.34265899658203,13461477,0.0,0.0,BEL.NS,556
2022-03-29 00:00:00+05:30,65.64538800911046,66.47392400820058,65.48605696840372,66.09152221679688,12104067,0.0,0.0,BEL.NS,557
2022-03-30 00:00:00+05:30,67.52551929055106,67.52551929055106,66.17118729398568,66.42611694335938,22181898,0.0,0.0,BEL.NS,558
2022-03-31 00:00:00+05:30,66.98379815205058,67.66893264456694,65.8843956134817,67.17499542236328,21738033,0.0,0.0,BEL.NS,559
2022-04-01 00:00:00+05:30,67.22278419750862,69.15072242123615,66.99972076256103,68.54524993896484,45845880,0.0,0.0,BEL.NS,560
2022-04-04 00:00:00+05:30,69.31006312424273,70.21826103390485,68.7683302700189,69.93146514892578,29426580,0.0,0.0,BEL.NS,561
2022-04-05 00:00:00+05:30,70.55286720710136,71.28579731832585,69.31006315714528,69.66059875488281,29299197,0.0,0.0,BEL.NS,562
2022-04-06 00:00:00+05:30,69.46938887245469,70.42538967021189,69.2144592163633,70.10672760009766,27765654,0.0,0.0,BEL.NS,563
2022-04-07 00:00:00+05:30,70.74405747175382,75.81086450545686,70.6006558965156,74.67959594726562,162897504,0.0,0.0,BEL.NS,564
2022-04-08 00:00:00+05:30,76.06578933595875,77.18112107346886,74.87078844087414,76.35259246826172,86792331,0.0,0.0,BEL.NS,565
2022-04-11 00:00:00+05:30,77.06959481991264,79.0931243678483,76.81465788589567,77.7387924194336,53098242,0.0,0.0,BEL.NS,566
2022-04-12 00:00:00+05:30,77.73880293866549,78.51953600832049,75.6674701560357,77.244873046875,34166946,0.0,0.0,BEL.NS,567
2022-04-13 00:00:00+05:30,77.77065442247506,79.74638820295586,77.77065442247506,78.74259185791016,35185764,0.0,0.0,BEL.NS,568
2022-04-18 00:00:00+05:30,78.39207464627454,81.67434541086907,77.83440501735159,81.244140625,58066713,0.0,0.0,BEL.NS,569
2022-04-19 00:00:00+05:30,81.26007816182009,82.69407954114634,79.04534367068844,79.76234436035156,39192846,0.0,0.0,BEL.NS,570
2022-04-20 00:00:00+05:30,80.52711824713046,81.45125269771269,79.85792070768056,80.71832275390625,31402827,0.0,0.0,BEL.NS,571
2022-04-21 00:00:00+05:30,81.0847959193949,82.4391278830916,80.2721967411769,80.59086608886719,32102493,0.0,0.0,BEL.NS,572
2022-04-22 00:00:00+05:30,80.4474723621431,81.78587500050152,79.93760573234574,80.19253540039062,14025423,0.0,0.0,BEL.NS,573
2022-04-25 00:00:00+05:30,79.66673353493593,79.66673353493593,77.35639347045723,78.32833099365234,15988692,0.0,0.0,BEL.NS,574
2022-04-26 00:00:00+05:30,78.72667023297024,80.75020735400581,78.71074077510484,79.8260726928711,16455561,0.0,0.0,BEL.NS,575
2022-04-27 00:00:00+05:30,78.88597507759305,79.33210915525432,77.38824185033927,78.55137634277344,13818495,0.0,0.0,BEL.NS,576
2022-04-28 00:00:00+05:30,79.66671806336497,79.66671806336497,77.59537859445915,78.59918212890625,9256521,0.0,0.0,BEL.NS,577
2022-04-29 00:00:00+05:30,78.94973210662994,79.61892972322717,75.4443911132632,76.01799011230469,21932493,0.0,0.0,BEL.NS,578
2022-05-02 00:00:00+05:30,74.88672938597855,76.28886433435704,74.4724614133091,75.8905258178711,13942155,0.0,0.0,BEL.NS,579
2022-05-04 00:00:00+05:30,76.1613972142085,76.43226363046605,72.91099292541038,73.67579650878906,16041333,0.0,0.0,BEL.NS,580
2022-05-05 00:00:00+05:30,74.83892164956495,75.97019012719917,73.930723893907,74.8548583984375,18857412,0.0,0.0,BEL.NS,581
2022-05-06 00:00:00+05:30,74.01037861946956,74.64771722618734,72.41704669008688,72.70384979248047,16795458,0.0,0.0,BEL.NS,582
2022-05-09 00:00:00+05:30,71.700051612602,72.38518592536951,70.58471990764144,71.85938262939453,23472795,0.0,0.0,BEL.NS,583
2022-05-10 00:00:00+05:30,71.700058529673,73.10219349383375,70.77592395571008,71.0308609008789,13234959,0.0,0.0,BEL.NS,584
2022-05-11 00:00:00+05:30,71.66819856748582,71.76379719511318,68.75239301575044,69.7880630493164,17541396,0.0,0.0,BEL.NS,585
2022-05-12 00:00:00+05:30,70.10672728680497,71.11052374373992,68.87986008807967,69.56498718261719,23454804,0.0,0.0,BEL.NS,586
2022-05-13 00:00:00+05:30,70.23418495312016,71.92311562609449,69.18258564625037,69.70838165283203,12118287,0.0,0.0,BEL.NS,587
2022-05-16 00:00:00+05:30,69.72431938524117,72.5126523567092,68.92764969609036,72.28958892822266,15258537,0.0,0.0,BEL.NS,588
2022-05-17 00:00:00+05:30,72.91099793258716,74.53620383545132,72.06653241765554,74.16973876953125,17055900,0.0,0.0,BEL.NS,589
2022-05-18 00:00:00+05:30,74.72739181261991,75.60373072272716,73.93072935905874,74.28125762939453,18878982,0.0,0.0,BEL.NS,590
2022-05-19 00:00:00+05:30,73.13406609724892,73.54833411081704,71.44512783375646,72.49673461914062,11176905,0.0,0.0,BEL.NS,591
2022-05-20 00:00:00+05:30,73.6120477671868,75.95424636956946,73.14997691070633,74.87078094482422,17729133,0.0,0.0,BEL.NS,592
2022-05-23 00:00:00+05:30,75.28506137970054,76.5437947667822,73.38898927719761,73.7395248413086,15413691,0.0,0.0,BEL.NS,593
2022-05-24 00:00:00+05:30,70.10673062840088,74.36093144470037,69.81992745920219,73.81919860839844,36815832,0.0,0.0,BEL.NS,594
2022-05-25 00:00:00+05:30,73.93072233533734,75.03011729204957,71.85938264796698,72.1302490234375,12376107,0.0,0.0,BEL.NS,595
2022-05-26 00:00:00+05:30,72.40111698294686,73.14998371900913,70.93524971488625,72.01872253417969,11313504,0.0,0.0,BEL.NS,596
2022-05-27 00:00:00+05:30,73.29338941945421,74.13786210906106,72.40112106790806,73.58019256591797,11187723,0.0,0.0,BEL.NS,597
2022-05-30 00:00:00+05:30,74.53619639560816,74.9823305897352,72.97473036301717,73.50052642822266,8326164,0.0,0.0,BEL.NS,598
2022-05-31 00:00:00+05:30,73.7395316242172,75.18946967678019,73.18186931406109,74.80706787109375,13674072,0.0,0.0,BEL.NS,599
2022-06-01 00:00:00+05:30,74.99825553912453,78.93379388495899,74.80705830757832,78.4239273071289,34360020,0.0,0.0,BEL.NS,600
2022-06-02 00:00:00+05:30,79.09313387573405,79.52333863603312,77.80253418225227,78.3124008178711,26049855,0.0,0.0,BEL.NS,601
2022-06-03 00:00:00+05:30,78.71072989849203,79.01346249317955,77.03772860617181,77.19705963134766,11056728,0.0,0.0,BEL.NS,602
2022-06-06 00:00:00+05:30,76.7668599428763,78.18492425920883,75.93832404908744,77.56352233886719,13057254,0.0,0.0,BEL.NS,603
2022-06-07 00:00:00+05:30,78.39206340604103,79.20466260455736,77.16519623329118,78.32833099365234,28241430,0.0,0.0,BEL.NS,604
2022-06-08 00:00:00+05:30,78.69480210171947,79.81013399224811,77.77066746315313,78.16899871826172,24623397,0.0,0.0,BEL.NS,605
2022-06-09 00:00:00+05:30,78.13712186459236,78.85412240233185,77.46792428018482,78.2486572265625,6650814,0.0,0.0,BEL.NS,606
2022-06-10 00:00:00+05:30,77.43604830622331,78.85411245378077,76.95804800803674,78.6151123046875,9887892,0.0,0.0,BEL.NS,607
2022-06-13 00:00:00+05:30,77.43606052277195,77.43606052277195,74.8389246733125,75.04605865478516,13056528,0.0,0.0,BEL.NS,608
2022-06-14 00:00:00+05:30,74.58399342672645,77.24486918353291,74.58399342672645,76.91026306152344,11702244,0.0,0.0,BEL.NS,609
2022-06-15 00:00:00+05:30,77.46793426738931,77.64320206059324,76.11360217496019,76.52787017822266,9599067,0.0,0.0,BEL.NS,610
2022-06-16 00:00:00+05:30,76.86245913554541,77.72286123992261,73.64392144206724,74.05818939208984,12906030,0.0,0.0,BEL.NS,611
2022-06-17 00:00:00+05:30,73.29339636731157,76.04987084475852,72.9109945670124,74.79113006591797,20333781,0.0,0.0,BEL.NS,612
2022-06-20 00:00:00+05:30,74.88673019015692,75.28506141721334,71.28579051546603,72.38519287109375,12914700,0.0,0.0,BEL.NS,613
2022-06-21 00:00:00+05:30,73.24559730416958,74.05819653355476,72.73573069198433,73.37306213378906,12811437,0.0,0.0,BEL.NS,614
2022-06-22 00:00:00+05:30,73.02253150991493,73.2774684801472,71.71599503660366,71.97093200683594,11056173,0.0,0.0,BEL.NS,615
2022-06-23 00:00:00+05:30,72.27365289961682,72.75165325912977,71.71598338228283,72.3055191040039,9004842,0.0,0.0,BEL.NS,616
2022-06-24 00:00:00+05:30,72.95879163812205,74.53619437846449,72.75165765025054,74.40872955322266,9668958,0.0,0.0,BEL.NS,617
2022-06-27 00:00:00+05:30,74.88673285237458,76.89433310279554,74.79112693601998,76.4959945678711,14977953,0.0,0.0,BEL.NS,618
2022-06-28 00:00:00+05:30,76.30480152572662,76.63940037027649,74.82299726509575,75.34880065917969,9497565,0.0,0.0,BEL.NS,619
2022-06-29 00:00:00+05:30,74.85484925061287,75.74711014835728,74.6317785558975,75.23724365234375,20182623,0.0,0.0,BEL.NS,620
2022-06-30 00:00:00+05:30,75.04604865963334,76.22511268707439,73.86697733848641,74.59991455078125,19573899,0.0,0.0,BEL.NS,621
2022-07-01 00:00:00+05:30,74.249393251317,75.04606301820247,72.41706081055844,73.22966003417969,15324042,0.0,0.0,BEL.NS,622
2022-07-04 00:00:00+05:30,72.87910750308987,74.13784792173006,72.32144536037036,73.1977767944336,13538427,0.0,0.0,BEL.NS,623
2022-07-05 00:00:00+05:30,73.86698842400726,74.8548626869173,72.68792421961925,73.03845977783203,14922519,0.0,0.0,BEL.NS,624
2022-07-06 00:00:00+05:30,73.22965948903249,73.83512471463035,71.42919326885605,73.62799072265625,21103464,0.0,0.0,BEL.NS,625
2022-07-07 00:00:00+05:30,73.7713863101055,75.79492310825816,73.6439214926899,75.41252136230469,19351467,0.0,0.0,BEL.NS,626
2022-07-08 00:00:00+05:30,75.87460353783179,77.260801867425,74.39279928726714,75.20539855957031,21179418,0.0,0.0,BEL.NS,627
2022-07-11 00:00:00+05:30,75.14166671592896,75.97020274596497,74.50433523559009,74.80706787109375,10090566,0.0,0.0,BEL.NS,628
2022-07-12 00:00:00+05:30,74.4087297558778,75.46032915440112,73.35712306364736,74.01039123535156,12953874,0.0,0.0,BEL.NS,629
2022-07-13 00:00:00+05:30,73.8988694891263,74.98233518684386,73.61206631327978,74.3927993774414,12866319,0.0,0.0,BEL.NS,630
2022-07-14 00:00:00+05:30,74.568054265243,75.826787542098,74.45651890575532,75.65151977539062,16879224,0.0,0.0,BEL.NS,631
2022-07-15 00:00:00+05:30,75.68338696649201,78.61512149908872,75.65152076246639,78.23272705078125,24300105,0.0,0.0,BEL.NS,632
2022-07-18 00:00:00+05:30,79.58705960822482,83.10832988470655,79.39586238250453,81.08479309082031,114055476,0.0,0.0,BEL.NS,633
2022-07-19 00:00:00+05:30,80.81393940231911,82.42320849956607,80.32000221772415,81.30787658691406,30352653,0.0,0.0,BEL.NS,634
2022-07-20 00:00:00+05:30,82.24792832171492,82.3753931396989,80.62273001129908,81.22819519042969,16157313,0.0,0.0,BEL.NS,635
2022-07-21 00:00:00+05:30,81.2600579811276,86.0081951886249,81.06886076218397,85.62579345703125,56209248,0.0,0.0,BEL.NS,636
2022-07-22 00:00:00+05:30,85.99226251938735,86.07193167791297,84.57419817735443,85.02033233642578,28925541,0.0,0.0,BEL.NS,637
2022-07-25 00:00:00+05:30,85.94445644110188,87.44218976010607,85.41865318724247,86.05598449707031,27481563,0.0,0.0,BEL.NS,638
2022-07-26 00:00:00+05:30,86.27906745702505,86.35873661721453,83.80939642821991,85.05220031738281,16387791,0.0,0.0,BEL.NS,639
2022-07-27 00:00:00+05:30,85.4823958173918,87.26693245088842,85.33899424975247,87.04386901855469,26434413,0.0,0.0,BEL.NS,640
2022-07-28 00:00:00+05:30,87.3147437970008,88.23887840719219,86.40653864379668,86.7889404296875,26787639,0.0,0.0,BEL.NS,641
2022-07-29 00:00:00+05:30,87.31474903954441,88.04767915394319,86.67741026022354,87.6971435546875,14660187,0.0,0.0,BEL.NS,642
2022-08-01 00:00:00+05:30,88.01580671478405,91.71234511586401,86.9642072851547,90.56513977050781,24181113,0.0,0.0,BEL.NS,643
2022-08-02 00:00:00+05:30,91.10686318788113,91.4733281519903,88.93992501731462,89.86405944824219,32577612,0.0,0.0,BEL.NS,644
2022-08-03 00:00:00+05:30,90.18274306243701,90.53327133454643,87.314740710208,88.22293853759766,15700254,0.0,0.0,BEL.NS,645
2022-08-04 00:00:00+05:30,88.6690742017751,91.6167457664032,87.9361368513637,90.54920959472656,39839988,0.0,0.0,BEL.NS,646
2022-08-05 00:00:00+05:30,90.7882112085976,90.82007741618068,85.16374169254908,87.9998779296875,80363784,0.0,0.0,BEL.NS,647
2022-08-08 00:00:00+05:30,88.25620339165988,90.86752377749913,88.04793812570078,90.30680847167969,21774303,0.5,0.0,BEL.NS,648
2022-08-10 00:00:00+05:30,90.29077730026434,92.37342228689326,89.95435110501874,92.0850601196289,28967340,0.0,0.0,BEL.NS,649
2022-08-11 00:00:00+05:30,92.43750040539504,93.6390277387994,91.52434256542408,92.10107421875,23053884,0.0,0.0,BEL.NS,650
2022-08-12 00:00:00+05:30,92.27731420884449,93.60700271839545,92.02098491372253,93.27057647705078,13774848,0.0,0.0,BEL.NS,651
2022-08-16 00:00:00+05:30,93.71912987811486,94.63228769735714,92.96617325517632,94.11963653564453,18326535,0.0,0.0,BEL.NS,652
2022-08-17 00:00:00+05:30,94.60025394477346,94.7444386981038,93.11036438313633,93.35066986083984,12973041,0.0,0.0,BEL.NS,653
2022-08-18 00:00:00+05:30,93.25454921763536,94.35995596967118,91.87680405832573,92.51761627197266,16134525,0.0,0.0,BEL.NS,654
2022-08-19 00:00:00+05:30,92.75792201302981,93.62302327053327,90.78741400057982,91.34812927246094,17598678,0.0,0.0,BEL.NS,655
2022-08-22 00:00:00+05:30,91.31609625925859,92.99823487456072,90.61119616638557,92.62976837158203,18811092,0.0,0.0,BEL.NS,656
2022-08-23 00:00:00+05:30,92.05301499901718,95.99403072521649,91.92485403237237,95.62555694580078,30535758,0.0,0.0,BEL.NS,657
2022-08-24 00:00:00+05:30,96.12219433901757,96.41056385545119,93.39872972156492,94.21576690673828,20796507,0.0,0.0,BEL.NS,658
2022-08-25 00:00:00+05:30,94.69637607098531,95.89790347728976,94.53617486132515,95.06484985351562,22580238,0.0,0.0,BEL.NS,659
2022-08-26 00:00:00+05:30,95.32117301694464,98.6534095555925,95.32117301694464,97.83637237548828,31345068,0.0,0.0,BEL.NS,660
2022-08-29 00:00:00+05:30,96.69892413368694,99.742791116621,96.33045768492269,98.95779418945312,27834195,0.0,0.0,BEL.NS,661
2022-08-30 00:00:00+05:30,99.74279529055146,99.91902029521526,97.13148246447247,98.20484161376953,25458348,0.0,0.0,BEL.NS,662
2022-09-01 00:00:00+05:30,98.31699618606004,102.78668024561756,98.04465042378567,102.46627044677734,33768936,0.0,0.0,BEL.NS,663
2022-09-02 00:00:00+05:30,102.85074280988047,105.63828777330508,102.69054160515759,103.98818969726562,37018653,0.0,0.0,BEL.NS,664
2022-09-05 00:00:00+05:30,105.04553016816287,105.38195635797419,103.92410709094483,105.06155395507812,24073551,0.0,0.0,BEL.NS,665
2022-09-06 00:00:00+05:30,105.55818871955785,106.9519576033625,104.06829177462893,104.34064483642578,28364094,0.0,0.0,BEL.NS,666
2022-09-07 00:00:00+05:30,104.58095217886083,105.6543113229041,104.37268693196314,105.49411010742188,14016204,0.0,0.0,BEL.NS,667
2022-09-08 00:00:00+05:30,106.05482018579627,106.18298115192702,104.80522876539791,105.14165496826172,13824843,0.0,0.0,BEL.NS,668
2022-09-09 00:00:00+05:30,105.41400068806016,106.63155186692583,104.99747021459403,105.14165496826172,16733637,0.0,0.0,BEL.NS,669
2022-09-12 00:00:00+05:30,105.68635461037118,108.87440655832184,104.46881067055088,108.4738998413086,39074646,0.0,0.0,BEL.NS,670
2022-09-13 00:00:00+05:30,109.09868678536623,109.45113677464505,107.35246795999919,107.5927734375,18851928,0.0,0.0,BEL.NS,671
2022-09-14 00:00:00+05:30,107.33644737949794,108.76226383315839,106.71165165262003,107.62481689453125,48838458,0.0,0.0,BEL.NS,672
2022-09-15 00:00:00+05:30,110.20410435736996,110.20410435736996,104.38870829278439,106.79176330566406,25552945,0.0,3.0,BEL.NS,673
2022-09-16 00:00:00+05:30,107.03206679272844,109.0986955316217,105.20574355060087,106.69564056396484,27675466,0.0,0.0,BEL.NS,674
2022-09-19 00:00:00+05:30,107.99328601937236,109.33899823357078,105.7344158742223,106.21502685546875,18503444,0.0,0.0,BEL.NS,675
2022-09-20 00:00:00+05:30,107.17624241093304,107.75297408724329,105.73440955338685,105.92665100097656,13735873,0.0,0.0,BEL.NS,676
2022-09-21 00:00:00+05:30,106.11890161259888,106.26308636754884,103.47554132816772,104.24451446533203,16931740,0.0,0.0,BEL.NS,677
2022-09-22 00:00:00+05:30,104.38870849977776,107.65686479048296,103.42748649271988,105.73442077636719,20701188,0.0,0.0,BEL.NS,678
2022-09-23 00:00:00+05:30,106.26309527827625,106.6956422458562,101.98565296829472,102.51432800292969,15215768,0.0,0.0,BEL.NS,679
2022-09-26 00:00:00+05:30,100.92830907003966,100.92830907003966,95.64158811875187,96.79505157470703,41567351,0.0,0.0,BEL.NS,680
2022-09-27 00:00:00+05:30,97.32373000983905,97.90046175800376,94.63230540701433,95.88189697265625,28782718,0.0,0.0,BEL.NS,681
2022-09-28 00:00:00+05:30,95.16098337700005,97.03536344949374,94.77649308856634,95.30516815185547,24892912,0.0,0.0,BEL.NS,682
2022-09-29 00:00:00+05:30,96.02607381278872,96.79504696898881,94.53617686399251,95.16097259521484,74476855,0.0,0.0,BEL.NS,683
2022-09-30 00:00:00+05:30,95.4973934256255,97.41983720805798,92.51760702956337,97.03534698486328,28502920,0.0,0.0,BEL.NS,684
2022-10-03 00:00:00+05:30,97.51596728071317,99.00586428837236,94.29587510309096,94.6323013305664,21407465,0.0,0.0,BEL.NS,685
2022-10-04 00:00:00+05:30,96.36248730739425,98.47717237473881,95.9779971132751,98.09268951416016,14768228,0.0,0.0,BEL.NS,686
2022-10-06 00:00:00+05:30,98.95779904643489,100.92830702170386,98.42913136216048,100.59188079833984,20520361,0.0,0.0,BEL.NS,687
2022-10-07 00:00:00+05:30,101.12054345330223,102.37013488769531,99.967080078125,102.12982940673828,20045623,0.0,0.0,BEL.NS,688
2022-10-10 00:00:00+05:30,101.02442340694472,101.50503437209055,99.91901672040105,100.39962768554688,11511957,0.0,0.0,BEL.NS,689
2022-10-11 00:00:00+05:30,100.92830442356798,101.31279466903273,98.57331358710131,99.05392456054688,11739022,0.0,0.0,BEL.NS,690
2022-10-12 00:00:00+05:30,98.66943073405582,99.43840386353537,97.08341311253878,99.24616241455078,6659580,0.0,0.0,BEL.NS,691
2022-10-13 00:00:00+05:30,99.2461699725244,100.3515767222197,97.1314845384878,97.46791076660156,7795689,0.0,0.0,BEL.NS,692
2022-10-14 00:00:00+05:30,99.00586744320982,99.58259918490847,96.55474837406308,96.89118194580078,7476515,0.0,0.0,BEL.NS,693
2022-10-17 00:00:00+05:30,96.60280267823217,98.76555199192393,96.07412769035768,97.8523941040039,9943468,0.0,0.0,BEL.NS,694
2022-10-18 00:00:00+05:30,98.38106367888967,102.7546264209283,98.09270149822623,101.84146118164062,21766333,0.0,0.0,BEL.NS,695
2022-10-19 00:00:00+05:30,102.51431238794493,104.96542372011444,101.21666434932096,101.79339599609375,22878764,0.0,0.0,BEL.NS,696
2022-10-20 00:00:00+05:30,102.65851013217427,104.9173803126296,102.41820463779516,103.81197357177734,25579790,0.0,0.0,BEL.NS,697
2022-10-21 00:00:00+05:30,104.34064013777649,104.72512303079385,98.71748615813378,99.53453063964844,19880033,0.0,0.0,BEL.NS,698
2022-10-24 00:00:00+05:30,100.54381992509407,101.26473642646933,100.30351442463565,100.73606872558594,3728536,0.0,0.0,BEL.NS,699
2022-10-25 00:00:00+05:30,100.92829248127367,101.40890339785116,99.53452375661517,100.97635650634766,13217298,0.0,0.0,BEL.NS,700
2022-10-27 00:00:00+05:30,101.5531002919513,104.67707162353709,101.1205460151453,103.66778564453125,29990758,0.0,0.0,BEL.NS,701
2022-10-28 00:00:00+05:30,103.81197203013956,104.3406470433393,99.87096344755554,101.26473236083984,20059496,0.0,0.0,BEL.NS,702
2022-10-31 00:00:00+05:30,101.79340792036933,103.0429920791656,101.07249144406862,102.7065658569336,12793983,0.0,0.0,BEL.NS,703
2022-11-01 00:00:00+05:30,103.13911626557605,106.1189027888929,102.61044126941312,104.2925796508789,26521676,0.0,0.0,BEL.NS,704
2022-11-02 00:00:00+05:30,104.29257335776924,105.97471163773326,102.65849910493483,102.94686126708984,19881462,0.0,0.0,BEL.NS,705
2022-11-03 00:00:00+05:30,102.65851957923664,107.84911286865206,102.37015002602806,105.68636322021484,34173239,0.0,0.0,BEL.NS,706
2022-11-04 00:00:00+05:30,106.31114585280768,107.08012634368912,104.38870195914555,104.72512817382812,22356935,0.0,0.0,BEL.NS,707
2022-11-07 00:00:00+05:30,105.15768949231644,106.02279076910752,104.58095775230302,105.39799499511719,15333789,0.0,0.0,BEL.NS,708
2022-11-09 00:00:00+05:30,105.92666016509885,106.88788215328866,103.47554849533994,103.86003875732422,17033165,0.0,0.0,BEL.NS,709
2022-11-10 00:00:00+05:30,103.86004113973821,104.29258811092897,100.63994153860408,102.56238555908203,12937603,0.0,0.0,BEL.NS,710
2022-11-11 00:00:00+05:30,103.8119821450842,104.2445291372718,102.56239053769868,103.13912963867188,11075218,0.0,0.0,BEL.NS,711
2022-11-14 00:00:00+05:30,103.13913029098755,103.47555654632149,101.36086360764384,102.46627044677734,10547759,0.0,0.0,BEL.NS,712
2022-11-15 00:00:00+05:30,102.56239300428153,103.23525286041816,101.36086540426163,102.8988265991211,11675691,0.0,0.0,BEL.NS,713
2022-11-16 00:00:00+05:30,104.72513020761556,105.54217474512235,103.18717652952672,104.100341796875,27372424,0.0,0.0,BEL.NS,714
2022-11-17 00:00:00+05:30,104.00422284065107,107.03207376381343,103.90810210239272,106.3111572265625,26985734,0.0,0.0,BEL.NS,715
2022-11-18 00:00:00+05:30,106.55145654365496,107.08013157364995,102.2740216047567,103.18717956542969,23962357,0.0,0.0,BEL.NS,716
2022-11-21 00:00:00+05:30,102.94687268823527,103.04299341961745,100.44769700459018,101.6972885131836,16407321,0.0,0.0,BEL.NS,717
2022-11-22 00:00:00+05:30,101.1205453094227,103.61972822408266,100.97636788503506,103.28329467773438,11999335,0.0,0.0,BEL.NS,718
2022-11-23 00:00:00+05:30,103.81196604498402,104.86930867688211,102.22594843036632,102.75462341308594,21024176,0.0,0.0,BEL.NS,719
2022-11-24 00:00:00+05:30,102.85075378417969,103.23524405008125,101.93759581951258,102.85075378417969,12820212,0.0,0.0,BEL.NS,720
2022-11-25 00:00:00+05:30,103.13911120210636,103.8119635882434,102.51431551009856,102.99492645263672,8834584,0.0,0.0,BEL.NS,721
2022-11-28 00:00:00+05:30,102.9468752162071,104.53289299035535,102.80269044882236,103.23524475097656,11289089,0.0,0.0,BEL.NS,722
2022-11-29 00:00:00+05:30,103.71584499850188,103.71584499850188,101.16860548397852,102.03370666503906,8717535,0.0,0.0,BEL.NS,723
2022-11-30 00:00:00+05:30,102.37013383816551,102.41819786728067,100.1112638070363,101.02442169189453,27869373,0.0,0.0,BEL.NS,724
2022-12-01 00:00:00+05:30,101.5531077473592,102.22596022706551,99.8229051801973,100.11127471923828,19098551,0.0,0.0,BEL.NS,725
2022-12-02 00:00:00+05:30,100.49575308400985,102.32206883636515,100.25544760780087,102.03370666503906,13020973,0.0,0.0,BEL.NS,726
2022-12-05 00:00:00+05:30,102.22595200882361,103.42747943566343,100.9283038545449,103.28329467773438,17476086,0.0,0.0,BEL.NS,727
2022-12-06 00:00:00+05:30,103.09105511209147,104.19646183174994,101.40891668368904,101.60115814208984,13880227,0.0,0.0,BEL.NS,728
2022-12-07 00:00:00+05:30,102.12983315300437,102.99493438289107,101.36085265231807,101.60115814208984,11943855,0.0,0.0,BEL.NS,729
2022-12-08 00:00:00+05:30,100.92830528474305,101.40891626228945,100.20738881842345,101.2166748046875,15789329,0.0,0.0,BEL.NS,730
2022-12-09 00:00:00+05:30,101.88952997594794,102.75463122547093,100.44769700459018,101.6972885131836,12630851,0.0,0.0,BEL.NS,731
2022-12-12 00:00:00+05:30,101.8895192189952,102.41819418609505,99.96707546014625,100.4957504272461,19335542,0.0,0.0,BEL.NS,732
2022-12-13 00:00:00+05:30,101.02441522200988,101.31278471115039,100.35156285873633,101.07247924804688,7421330,0.0,0.0,BEL.NS,733
2022-12-14 00:00:00+05:30,101.07250051565683,101.55311154299372,100.78413096583778,101.3608627319336,6168426,0.0,0.0,BEL.NS,734
2022-12-15 00:00:00+05:30,101.16860623856145,101.55309647007182,98.76555145854812,99.24616241455078,10186774,0.0,0.0,BEL.NS,735
2022-12-16 00:00:00+05:30,98.28494554322903,98.42913030413278,94.05556744678762,95.59352111816406,38364152,0.0,0.0,BEL.NS,736
2022-12-19 00:00:00+05:30,95.59351896609842,96.93923114833531,93.95944460208737,96.55474090576172,22872344,0.0,0.0,BEL.NS,737
2022-12-20 00:00:00+05:30,96.84312059850602,97.66015786637556,95.1609820273161,97.37179565429688,10478941,0.0,0.0,BEL.NS,738
2022-12-21 00:00:00+05:30,97.90047347465197,98.23689975688278,94.63231673253225,95.35323333740234,11606766,0.0,0.0,BEL.NS,739
2022-12-22 00:00:00+05:30,95.6415910017096,96.02608127646508,93.04629448080867,94.4400634765625,14577136,0.0,0.0,BEL.NS,740
2022-12-23 00:00:00+05:30,95.1129191862319,95.30516799690734,92.27731706403523,92.80599212646484,23099245,0.0,0.0,BEL.NS,741
2022-12-26 00:00:00+05:30,92.85404350374877,95.97801499602605,90.97966354179914,95.40128326416016,12096095,0.0,0.0,BEL.NS,742
2022-12-27 00:00:00+05:30,95.929948501016,97.0353478185793,94.58423637504285,96.36249542236328,10240049,0.0,0.0,BEL.NS,743
2022-12-28 00:00:00+05:30,95.73771220222956,96.98730376787147,95.40128596026199,95.88189697265625,9470020,0.0,0.0,BEL.NS,744
2022-12-29 00:00:00+05:30,94.68035961678994,95.92995105276309,94.48811816519776,95.06484985351562,11367064,0.0,0.0,BEL.NS,745
2022-12-30 00:00:00+05:30,95.54546628049881,97.41984620811725,95.40128151678776,96.02607727050781,9236774,0.0,0.0,BEL.NS,746
2023-01-02 00:00:00+05:30,96.50668017399273,97.27565329344803,96.02606922425527,96.36249542236328,6973552,0.0,0.0,BEL.NS,747
2023-01-03 00:00:00+05:30,96.41056146820779,96.98729315325303,95.92995050841323,96.4586181640625,8833881,0.0,0.0,BEL.NS,748
2023-01-04 00:00:00+05:30,96.79504946410609,96.98729825826786,94.63230003119222,94.92066955566406,8927128,0.0,0.0,BEL.NS,749
2023-01-05 00:00:00+05:30,95.1609693140323,96.26637597984293,94.48811690886471,96.07412719726562,10448282,0.0,0.0,BEL.NS,750
2023-01-06 00:00:00+05:30,95.92994422524285,96.60279659146862,94.87259431611555,95.11289978027344,7215940,0.0,0.0,BEL.NS,751
2023-01-09 00:00:00+05:30,96.02607165713795,97.75626671990379,95.64158142089843,96.1221923828125,11920266,0.0,0.0,BEL.NS,752
2023-01-10 00:00:00+05:30,96.12220543131318,96.21832617003604,94.48813087239778,95.30516815185547,10397112,0.0,0.0,BEL.NS,753
2023-01-11 00:00:00+05:30,96.45863026834537,96.84312055113773,95.68965703630285,96.31444549560547,11130194,0.0,0.0,BEL.NS,754
2023-01-12 00:00:00+05:30,96.55473450220295,96.60279852941504,95.06484499465991,95.54545593261719,9299447,0.0,0.0,BEL.NS,755
2023-01-13 00:00:00+05:30,95.64158027016377,96.2183119508133,93.62301572111981,96.07412719726562,11684608,0.0,0.0,BEL.NS,756
2023-01-16 00:00:00+05:30,96.55473709514783,99.00585587797033,96.31443161971586,98.14075469970703,16485682,0.0,0.0,BEL.NS,757
2023-01-17 00:00:00+05:30,98.38107682326027,99.00587263182004,97.56403953524013,98.90975189208984,11762030,0.0,0.0,BEL.NS,758
2023-01-18 00:00:00+05:30,99.10198139590302,99.96708261601918,98.14075944767207,98.71749114990234,13005273,0.0,0.0,BEL.NS,759
2023-01-19 00:00:00+05:30,98.04464186167615,99.0058638407122,97.9004570981124,98.86167907714844,4842895,0.0,0.0,BEL.NS,760
2023-01-20 00:00:00+05:30,98.90973674621164,99.3903477048098,97.6601453204399,97.8523941040039,7912700,0.0,0.0,BEL.NS,761
2023-01-23 00:00:00+05:30,98.38106421730542,98.52524897519692,97.17953679077863,97.61209106445312,9725869,0.0,0.0,BEL.NS,762
2023-01-24 00:00:00+05:30,97.6120875720155,97.90044974393984,96.26637543574509,96.74698638916016,10169994,0.0,0.0,BEL.NS,763
2023-01-25 00:00:00+05:30,96.3144469087589,96.98730674690346,94.96874189955433,95.30516815185547,9232812,0.0,0.0,BEL.NS,764
2023-01-27 00:00:00+05:30,95.73770626842953,96.07413248954549,88.86496775045379,90.64323425292969,24624255,0.0,0.0,BEL.NS,765
2023-01-30 00:00:00+05:30,89.34557431628575,89.34557431628575,83.62630683942007,85.50068664550781,62828817,0.0,0.0,BEL.NS,766
2023-01-31 00:00:00+05:30,86.79835896959013,92.5176275579364,85.59683133896758,91.26803588867188,59004021,0.0,0.0,BEL.NS,767
2023-02-01 00:00:00+05:30,93.238537746588,93.47884325624415,85.59682547293914,87.42314147949219,44092961,0.0,0.0,BEL.NS,768
2023-02-02 00:00:00+05:30,86.07742051935948,89.87424393395517,84.87589319403922,89.48975372314453,24502896,0.0,0.0,BEL.NS,769
2023-02-03 00:00:00+05:30,89.77813115861326,90.73935310392274,88.14404945146228,90.21067810058594,15906920,0.0,0.0,BEL.NS,770
2023-02-06 00:00:00+05:30,89.87425772853629,91.31609074022404,89.58588819278197,90.83547973632812,7015869,0.0,0.0,BEL.NS,771
2023-02-07 00:00:00+05:30,90.83547095054423,91.41220263272834,90.1145545144288,90.78740692138672,10315670,0.0,0.0,BEL.NS,772
2023-02-08 00:00:00+05:30,91.26802916863062,92.56568478099106,90.69129741510494,92.3734359741211,11577350,0.0,0.0,BEL.NS,773
2023-02-09 00:00:00+05:30,92.6137277597174,92.950153954963,91.84475464680476,92.0850601196289,6577385,0.0,0.0,BEL.NS,774
2023-02-10 00:00:00+05:30,92.42361490147842,93.48762151704399,92.23015445698198,93.1007080078125,10685751,0.6,0.0,BEL.NS,775
2023-02-13 00:00:00+05:30,93.10070911452677,94.01962225258374,91.35960199216869,91.55306243896484,13582939,0.0,0.0,BEL.NS,776
2023-02-14 00:00:00+05:30,91.69816016275934,92.03670673558122,90.05377949799873,91.50469970703125,9624926,0.0,0.0,BEL.NS,777
2023-02-15 00:00:00+05:30,90.97269585809931,91.6981559291216,90.34396232059437,91.55306243896484,11575131,0.0,0.0,BEL.NS,778
2023-02-16 00:00:00+05:30,92.7621614352039,95.1803616426922,91.16614782230934,94.55162811279297,32927840,0.0,0.0,BEL.NS,779
2023-02-17 00:00:00+05:30,94.35818833931607,95.42219510453377,93.05235413952454,93.29417419433594,20383244,0.0,0.0,BEL.NS,780
2023-02-20 00:00:00+05:30,93.53598349462494,93.58435045193109,91.1177832245492,91.79488372802734,17505922,0.0,0.0,BEL.NS,781
2023-02-21 00:00:00+05:30,92.81053595241654,93.0523560120943,91.50470910610919,92.42362976074219,11933886,0.0,0.0,BEL.NS,782
2023-02-22 00:00:00+05:30,92.56870999333056,93.0039905008676,91.69816373778066,91.89161682128906,14589841,0.0,0.0,BEL.NS,783
2023-02-23 00:00:00+05:30,91.9883393139011,92.56870591864183,90.58578607079752,92.27852630615234,16196352,0.0,0.0,BEL.NS,784
2023-02-24 00:00:00+05:30,92.52034292636944,92.76216295106995,91.8916093861958,92.23015594482422,8061923,0.0,0.0,BEL.NS,785
2023-02-27 00:00:00+05:30,92.23015934752321,92.56870591864183,90.10214600355329,92.27852630615234,13928820,0.0,0.0,BEL.NS,786
2023-02-28 00:00:00+05:30,92.03670673558122,93.00398687493623,91.31124663106498,91.50469970703125,10965145,0.0,0.0,BEL.NS,787
2023-03-01 00:00:00+05:30,92.08506804116172,93.92290181634547,91.6981618819752,93.87454223632812,14285091,0.0,0.0,BEL.NS,788
2023-03-02 00:00:00+05:30,94.01962026171647,94.3581741915005,93.05234018750227,93.53598022460938,10048980,0.0,0.0,BEL.NS,789
2023-03-03 00:00:00+05:30,94.06799217415939,94.50326527858758,92.47197849165319,92.71379852294922,7938348,0.0,0.0,BEL.NS,790
2023-03-06 00:00:00+05:30,93.19744764836386,94.06800132163741,92.7621745016083,93.29417419433594,8289319,0.0,0.0,BEL.NS,791
2023-03-08 00:00:00+05:30,93.1007209500081,93.24581445860994,91.40798056909885,92.95562744140625,14292676,0.0,0.0,BEL.NS,792
2023-03-09 00:00:00+05:30,93.00398958320866,93.7294497088503,92.13343595648632,92.32688903808594,7884249,0.0,0.0,BEL.NS,793
2023-03-10 00:00:00+05:30,91.21451713916149,92.37525031689322,90.48905705813875,91.79488372802734,9620249,0.0,0.0,BEL.NS,794
2023-03-13 00:00:00+05:30,90.97269633227499,91.79488294110008,88.89304264188573,89.32831573486328,11482697,0.0,0.0,BEL.NS,795
2023-03-14 00:00:00+05:30,89.81195174940207,89.90867827907756,88.21593818059216,89.71522521972656,14285446,0.0,0.0,BEL.NS,796
2023-03-15 00:00:00+05:30,90.4406828983823,91.16614292163136,89.18321590617956,89.57012939453125,8318506,0.0,0.0,BEL.NS,797
2023-03-16 00:00:00+05:30,89.6668631776272,89.6668631776272,86.71666327220397,88.8930435180664,12278142,0.0,0.0,BEL.NS,798
2023-03-17 00:00:00+05:30,90.0537842434386,91.60143107200845,89.86033115727818,90.3439712524414,13158718,0.0,0.0,BEL.NS,799
2023-03-20 00:00:00+05:30,89.95705396184611,90.29560053843832,88.7479537741869,89.6185073852539,6579446,0.0,0.0,BEL.NS,800
2023-03-21 00:00:00+05:30,89.95704544275605,90.3923185171875,89.32831192876306,90.05377197265625,5886671,0.0,0.0,BEL.NS,801
2023-03-22 00:00:00+05:30,90.4406940369098,90.87596715256237,89.47341388678242,89.6185073852539,6096408,0.0,0.0,BEL.NS,802
2023-03-23 00:00:00+05:30,89.27996253682267,89.71523566090066,87.87740186413197,89.08650207519531,9969670,0.0,0.0,BEL.NS,803
2023-03-24 00:00:00+05:30,91.4718822399804,92.00737788677363,88.79441886232297,89.13519287109375,16650432,0.6,0.0,BEL.NS,804
2023-03-27 00:00:00+05:30,90.64429210145369,91.2771484832348,88.94045199643331,89.32990264892578,15959308,0.0,0.0,BEL.NS,805
2023-03-28 00:00:00+05:30,89.32990210549315,90.0601192889168,87.62606201083796,87.91815185546875,14999850,0.0,0.0,BEL.NS,806
2023-03-29 00:00:00+05:30,87.82079581590209,89.6220043943042,87.52871335886843,89.13519287109375,36103221,0.0,0.0,BEL.NS,807
2023-03-31 00:00:00+05:30,91.76396976898461,95.85318348769361,91.76396976898461,94.9769287109375,64455094,0.0,0.0,BEL.NS,808
2023-04-03 00:00:00+05:30,96.33999159891565,96.3886757195305,93.27308513218097,94.0519790649414,24154016,0.0,0.0,BEL.NS,809
2023-04-05 00:00:00+05:30,92.54285704350198,95.8531688689503,92.54285704350198,95.658447265625,24875169,0.0,0.0,BEL.NS,810
2023-04-06 00:00:00+05:30,95.0255958244959,96.38866940268987,94.97691913522496,96.145263671875,11440418,0.0,0.0,BEL.NS,811
2023-04-10 00:00:00+05:30,96.2913229158361,97.89780246375051,96.14527796999761,97.26494598388672,10870304,0.0,0.0,BEL.NS,812
2023-04-11 00:00:00+05:30,97.75174007205642,98.28722820702241,96.19394492682768,97.36228942871094,8458648,0.0,0.0,BEL.NS,813
2023-04-12 00:00:00+05:30,97.50834079582752,98.43327963529683,96.87548438706521,98.14119720458984,8938731,0.0,0.0,BEL.NS,814
2023-04-13 00:00:00+05:30,98.14118747822197,99.1148103403942,97.84909764830913,98.2385482788086,9153834,0.0,0.0,BEL.NS,815
2023-04-17 00:00:00+05:30,98.33592163423134,98.8227331274701,97.3622986477538,98.72537231445312,8323162,0.0,0.0,BEL.NS,816
2023-04-18 00:00:00+05:30,98.72537066459523,101.11074397034027,98.53064161366161,100.23448181152344,19758227,0.0,0.0,BEL.NS,817
2023-04-19 00:00:00+05:30,100.28316760718641,100.38052842020339,98.57932738085071,98.72537231445312,11271768,0.0,0.0,BEL.NS,818
2023-04-20 00:00:00+05:30,98.82272602684345,100.57525024784192,98.6766811037347,100.13711547851562,13241812,0.0,0.0,BEL.NS,819
2023-04-21 00:00:00+05:30,99.99107170611099,100.76997301955248,99.5042602422484,100.08843994140625,5625649,0.0,0.0,BEL.NS,820
2023-04-24 00:00:00+05:30,100.0884376638709,100.47788088357635,98.82272491536843,99.11481475830078,5994078,0.0,0.0,BEL.NS,821
2023-04-25 00:00:00+05:30,99.11480516553972,99.30952675654643,98.09249824237307,98.48194885253906,5696053,0.0,0.0,BEL.NS,822
2023-04-26 00:00:00+05:30,98.1412100097591,99.2121939183975,97.75175928984844,98.96878814697266,4576455,0.0,0.0,BEL.NS,823
2023-04-27 00:00:00+05:30,98.53064210779014,99.4069042710014,98.48196541592795,98.7740478515625,5362153,0.0,0.0,BEL.NS,824
2023-04-28 00:00:00+05:30,99.26085938811353,100.72129385146873,98.57932627647595,100.57525634765625,11812226,0.0,0.0,BEL.NS,825
2023-05-02 00:00:00+05:30,101.25678405302978,102.3277677833446,100.76997259123637,101.54887390136719,13598952,0.0,0.0,BEL.NS,826
2023-05-03 00:00:00+05:30,101.4028322744097,103.73952885262871,100.91602079678714,103.5447998046875,16034319,0.0,0.0,BEL.NS,827
2023-05-04 00:00:00+05:30,104.1289764142211,105.39468927983637,103.69084903743718,104.42106628417969,15414305,0.0,0.0,BEL.NS,828
2023-05-05 00:00:00+05:30,104.22633380892859,105.10258847130001,103.00930519102027,103.4961166381836,9315810,0.0,0.0,BEL.NS,829
2023-05-08 00:00:00+05:30,103.4961264639229,104.66447107677418,103.20403659663314,104.4697494506836,6721354,0.0,0.0,BEL.NS,830
2023-05-09 00:00:00+05:30,104.37236844879361,105.29731463002356,103.78819621378956,104.71314239501953,10063354,0.0,0.0,BEL.NS,831
2023-05-10 00:00:00+05:30,105.05390625977435,105.73543927870695,104.42104992610679,105.199951171875,10360986,0.0,0.0,BEL.NS,832
2023-05-11 00:00:00+05:30,105.39466898859729,106.12488609475385,104.66445188244073,105.73543548583984,9435021,0.0,0.0,BEL.NS,833
2023-05-12 00:00:00+05:30,105.78413899717975,105.78413899717975,103.78820890305877,104.4697494506836,6855025,0.0,0.0,BEL.NS,834
2023-05-15 00:00:00+05:30,104.27501315125444,105.73544752992231,104.08029153869342,104.81050872802734,7833289,0.0,0.0,BEL.NS,835
2023-05-16 00:00:00+05:30,104.85918406519755,106.22225762001152,104.56710165012167,105.58940124511719,9051577,0.0,0.0,BEL.NS,836
2023-05-17 00:00:00+05:30,105.93017942911362,106.85511825596762,105.10259398301379,105.39468383789062,9456088,0.0,0.0,BEL.NS,837
2023-05-18 00:00:00+05:30,105.6380913293703,106.36830855054106,104.42106262741903,104.95655822753906,7220608,0.0,0.0,BEL.NS,838
2023-05-19 00:00:00+05:30,104.95655943049232,105.00523612223606,102.911945245257,104.17765808105469,9255095,0.0,0.0,BEL.NS,839
2023-05-22 00:00:00+05:30,105.68678145121544,108.36424474757538,104.76183512830771,107.53665924072266,27946526,0.0,0.0,BEL.NS,840
2023-05-23 00:00:00+05:30,108.02345460241177,108.12082283206682,104.90786438542824,105.05390930175781,15214733,0.0,0.0,BEL.NS,841
2023-05-24 00:00:00+05:30,105.05391367494848,106.41698723717825,104.46974141346523,105.93017578125,10722681,0.0,0.0,BEL.NS,842
2023-05-25 00:00:00+05:30,105.15127314478843,107.82873611838258,105.15127314478843,106.70906829833984,11158044,0.0,0.0,BEL.NS,843
2023-05-26 00:00:00+05:30,106.66039934140639,108.07214967673283,106.22226454798682,107.78005981445312,7958341,0.0,0.0,BEL.NS,844
2023-05-29 00:00:00+05:30,108.07214943016739,108.85105077570037,107.29324808463441,108.5102767944336,10330215,0.0,0.0,BEL.NS,845
2023-05-30 00:00:00+05:30,108.51026573087078,109.62993351535694,108.07213841127546,108.31554412841797,7803617,0.0,0.0,BEL.NS,846
2023-05-31 00:00:00+05:30,107.63401544088235,109.48389302339164,107.29324148059068,109.19181060791016,15741522,0.0,0.0,BEL.NS,847
2023-06-01 00:00:00+05:30,109.24049467879715,110.45752339593238,109.04577305531703,109.92203521728516,9185292,0.0,0.0,BEL.NS,848
2023-06-02 00:00:00+05:30,110.40883846560797,110.50619927008313,109.04576491849612,110.31147766113281,9939324,0.0,0.0,BEL.NS,849
2023-06-05 00:00:00+05:30,110.36017414744886,115.52037942003686,110.36017414744886,112.5995101928711,35214281,0.0,0.0,BEL.NS,850
2023-06-06 00:00:00+05:30,113.18367104417034,115.37432274179945,112.84290448794769,114.93619537353516,18999553,0.0,0.0,BEL.NS,851
2023-06-07 00:00:00+05:30,115.61772848598046,115.86113423016147,114.4006997650754,114.93619537353516,11262532,0.0,0.0,BEL.NS,852
2023-06-08 00:00:00+05:30,115.37431778416686,115.56903939988297,113.32971110653385,114.44937896728516,11188999,0.0,0.0,BEL.NS,853
2023-06-09 00:00:00+05:30,114.88750937825981,118.24650562187118,113.62179655791581,117.17552185058594,19873573,0.0,0.0,BEL.NS,854
2023-06-12 00:00:00+05:30,117.75969713139257,120.6318893956667,115.61772953443717,115.95849609375,24331332,0.0,0.0,BEL.NS,855
2023-06-13 00:00:00+05:30,116.73739643539642,119.2201305700129,115.76377345833414,118.87936401367188,16552079,0.0,0.0,BEL.NS,856
2023-06-14 00:00:00+05:30,119.12276905165898,119.90167039995221,117.9057403375469,118.19783020019531,8660080,0.0,0.0,BEL.NS,857
2023-06-15 00:00:00+05:30,118.19782635426685,119.51221583710945,116.88343687142425,118.73331451416016,13948239,0.0,0.0,BEL.NS,858
2023-06-16 00:00:00+05:30,119.0740974711871,123.89352841468124,118.44124102705301,121.89759826660156,32649860,0.0,0.0,BEL.NS,859
2023-06-19 00:00:00+05:30,123.01726587542788,123.01726587542788,121.1673806700819,121.55683135986328,10053869,0.0,0.0,BEL.NS,860
2023-06-20 00:00:00+05:30,121.7028701702626,123.40671035264627,120.63188639839503,121.84891510009766,15471361,0.0,0.0,BEL.NS,861
2023-06-21 00:00:00+05:30,122.82254096867842,122.96858590197037,118.53859835165319,119.56090545654297,14141162,0.0,0.0,BEL.NS,862
2023-06-22 00:00:00+05:30,120.29110907466574,123.99087153961074,119.56089191904006,120.19374084472656,25032998,0.0,0.0,BEL.NS,863
2023-06-23 00:00:00+05:30,120.48584005383091,120.63188498195113,116.34794251662865,116.88343811035156,12413343,0.0,0.0,BEL.NS,864
2023-06-26 00:00:00+05:30,117.80837952604868,119.31749810280917,116.83475655475902,118.19783020019531,17369553,0.0,0.0,BEL.NS,865
2023-06-27 00:00:00+05:30,118.87934859821866,119.36616002362345,114.79013559607958,115.27694702148438,19093714,0.0,0.0,BEL.NS,866
2023-06-28 00:00:00+05:30,116.00718420833459,119.1714590203261,114.9848770670449,117.56497955322266,61890385,0.0,0.0,BEL.NS,867
2023-06-30 00:00:00+05:30,118.19783171616166,123.35802907328757,117.56497529107581,122.43309020996094,27973500,0.0,0.0,BEL.NS,868
2023-07-03 00:00:00+05:30,122.67648370916193,122.67648370916193,119.46352521218454,120.48583221435547,15492508,0.0,0.0,BEL.NS,869
2023-07-04 00:00:00+05:30,120.72925032902349,120.9239719550668,118.3438769833003,118.8306884765625,7595425,0.0,0.0,BEL.NS,870
2023-07-05 00:00:00+05:30,119.31749845754251,120.48584305530211,117.85706399626612,118.5385971069336,15615891,0.0,0.0,BEL.NS,871
2023-07-06 00:00:00+05:30,119.07409827364549,121.80023827175444,118.68464758015732,121.5081558227539,16906327,0.0,0.0,BEL.NS,872
2023-07-07 00:00:00+05:30,121.0700212924626,122.57913994772944,120.38848814836707,120.77793884277344,22837962,0.0,0.0,BEL.NS,873
2023-07-10 00:00:00+05:30,120.92395972881496,121.36209448534481,119.26880379033283,119.755615234375,9068813,0.0,0.0,BEL.NS,874
2023-07-11 00:00:00+05:30,120.1937509081868,125.25658730649303,120.14507421729469,124.03956604003906,46215137,0.0,0.0,BEL.NS,875
2023-07-12 00:00:00+05:30,124.91583066253862,125.1105522862752,123.2119904563053,124.28297424316406,18031857,0.0,0.0,BEL.NS,876
2023-07-13 00:00:00+05:30,124.3803259101047,125.4026329299422,121.70286292573846,122.1896743774414,12374030,0.0,0.0,BEL.NS,877
2023-07-14 00:00:00+05:30,122.67648997453168,124.13692437899039,120.82660490991995,123.79615783691406,9577719,0.0,0.0,BEL.NS,878
2023-07-17 00:00:00+05:30,124.42901423114354,124.86714158121974,123.06594063468471,123.79615783691406,9411535,0.0,0.0,BEL.NS,879
2023-07-18 00:00:00+05:30,124.33165461646547,124.91583436128028,121.94628122836974,123.74748229980469,8994063,0.0,0.0,BEL.NS,880
2023-07-19 00:00:00+05:30,124.38033530797773,124.38033530797773,123.35802821089722,123.5527572631836,8975718,0.0,0.0,BEL.NS,881
2023-07-20 00:00:00+05:30,123.65010603647384,123.89351175701808,122.23835582857849,122.67648315429688,10187180,0.0,0.0,BEL.NS,882
2023-07-21 00:00:00+05:30,123.01725602509472,123.30934587608083,121.45946081886028,121.65418243408203,9926528,0.0,0.0,BEL.NS,883
2023-07-24 00:00:00+05:30,122.04362679525124,124.38032319810655,121.70286027211992,122.67648315429688,13121674,0.0,0.0,BEL.NS,884
2023-07-25 00:00:00+05:30,123.21198765686616,123.84483663370827,122.04363565653087,123.69879913330078,7151050,0.0,0.0,BEL.NS,885
2023-07-26 00:00:00+05:30,123.69879015184392,123.99087255960515,122.33571663116557,122.67648315429688,12681896,0.0,0.0,BEL.NS,886
2023-07-27 00:00:00+05:30,122.8712170699498,125.40264275975613,122.67649544526645,123.89352416992188,11597763,0.0,0.0,BEL.NS,887
2023-07-28 00:00:00+05:30,125.84075585819114,128.22612891673705,124.62372727155487,126.71701049804688,37245053,0.0,0.0,BEL.NS,888
2023-07-31 00:00:00+05:30,126.8630592472409,127.54459226518306,125.45130909800953,127.25250244140625,16197160,0.0,0.0,BEL.NS,889
2023-08-01 00:00:00+05:30,127.54460508510124,129.73525669915833,126.61966626376078,127.00910949707031,17079508,0.0,0.0,BEL.NS,890
2023-08-02 00:00:00+05:30,127.00911589300246,127.25252164015514,120.43716071988034,122.04364013671875,20816954,0.0,0.0,BEL.NS,891
2023-08-03 00:00:00+05:30,122.23836849362105,123.16330735626028,120.24243840709995,121.36210632324219,12415922,0.0,0.0,BEL.NS,892
2023-08-04 00:00:00+05:30,122.96857055301872,124.6724105630589,122.18966929145346,124.2342758178711,10589274,0.0,0.0,BEL.NS,893
2023-08-07 00:00:00+05:30,125.061864855817,125.79208206773066,123.26066388539405,125.15923309326172,8339894,0.0,0.0,BEL.NS,894
2023-08-08 00:00:00+05:30,125.30526560588696,126.57097836075584,124.23428189000353,125.74339294433594,12505272,0.0,0.0,BEL.NS,895
2023-08-09 00:00:00+05:30,126.37627269197256,128.90768366473483,125.5973712940809,128.2261505126953,13111006,0.0,0.0,BEL.NS,896
2023-08-10 00:00:00+05:30,128.1287834776221,129.63788713345352,125.69472615362706,125.98680114746094,11116731,0.0,0.0,BEL.NS,897
2023-08-11 00:00:00+05:30,126.76571648727027,129.73526972234552,126.13286745553835,128.56692504882812,10967883,0.0,0.0,BEL.NS,898
2023-08-14 00:00:00+05:30,128.4695198016341,128.4695198016341,126.03546290938525,127.05776977539062,8529502,0.0,0.0,BEL.NS,899
2023-08-16 00:00:00+05:30,127.30120482837815,128.4208653145559,126.03549198119391,127.83670043945312,7062446,0.0,0.0,BEL.NS,900
2023-08-17 00:00:00+05:30,128.57026294011123,128.71698577757562,125.4403697594743,125.88050842285156,7162118,0.6,0.0,BEL.NS,901
2023-08-18 00:00:00+05:30,125.44037176722036,126.76080270299437,123.97323291614175,124.36447143554688,8997702,0.0,0.0,BEL.NS,902
2023-08-21 00:00:00+05:30,124.41337190743093,126.85860333220161,124.36447175628797,126.41846466064453,5063202,0.0,0.0,BEL.NS,903
2023-08-22 00:00:00+05:30,126.85862102950097,130.77099185492588,126.51629753698245,130.3797607421875,20596242,0.0,0.0,BEL.NS,904
2023-08-23 00:00:00+05:30,131.0154929452109,132.43372414544308,129.89069249232173,130.4775390625,19426832,0.0,0.0,BEL.NS,905
2023-08-24 00:00:00+05:30,132.09141186052202,132.53155055643492,130.67318054057637,131.4556427001953,17543374,0.0,0.0,BEL.NS,906
2023-08-25 00:00:00+05:30,134.24320131696854,134.92786311109705,130.13521562768963,130.4775390625,33919926,0.0,0.0,BEL.NS,907
2023-08-28 00:00:00+05:30,133.11839456468886,133.41181037363916,131.65125582190907,131.94467163085938,13346571,0.0,0.0,BEL.NS,908
2023-08-29 00:00:00+05:30,132.33592537159163,132.87387926050414,131.16221729319662,131.60235595703125,11118400,0.0,0.0,BEL.NS,909
2023-08-30 00:00:00+05:30,132.53154089723947,132.53154089723947,131.3089252063055,131.60235595703125,12555619,0.0,0.0,BEL.NS,910
2023-08-31 00:00:00+05:30,131.60236767913324,132.0914139990672,129.3038440056399,130.2819366455078,14954352,0.0,0.0,BEL.NS,911
2023-09-01 00:00:00+05:30,131.11329338405164,135.36798650496382,130.96657056467157,134.83004760742188,23415545,0.0,0.0,BEL.NS,912
2023-09-04 00:00:00+05:30,136.44391654186234,139.23148639800488,136.15048577945123,137.47091674804688,28262276,0.0,0.0,BEL.NS,913
2023-09-05 00:00:00+05:30,138.2044804183317,138.79132699412983,136.15048009176843,136.6395263671875,11695197,0.0,0.0,BEL.NS,914
2023-09-06 00:00:00+05:30,137.42200326160747,137.66652639908364,134.7322487493696,135.27020263671875,10151022,0.0,0.0,BEL.NS,915
2023-09-07 00:00:00+05:30,135.41691630009012,137.91105539316612,134.5855465520705,136.7862548828125,18438943,0.0,0.0,BEL.NS,916
2023-09-08 00:00:00+05:30,137.47092035116032,141.13876766616187,137.12858196528992,140.16067504882812,16579557,0.0,0.0,BEL.NS,917
2023-09-11 00:00:00+05:30,141.18766009596624,143.9263071903282,139.91613684529398,141.5299835205078,19902175,0.0,0.0,BEL.NS,918
2023-09-12 00:00:00+05:30,141.43220054888968,141.77452401536456,130.67318159750693,131.21112060546875,48752780,0.0,0.0,BEL.NS,919
2023-09-13 00:00:00+05:30,132.0425014259133,133.94977901716362,130.37974698545167,132.87388610839844,19282289,0.0,0.0,BEL.NS,920
2023-09-14 00:00:00+05:30,134.97677819822482,135.66144003027063,132.53154670912656,133.80307006835938,13197189,0.0,0.0,BEL.NS,921
2023-09-15 00:00:00+05:30,134.4877117269475,135.1723734562925,132.14029581933423,132.72714233398438,9651337,0.0,0.0,BEL.NS,922
2023-09-18 00:00:00+05:30,141.82342210044274,141.82342210044274,135.95486670318306,136.83514404296875,51859825,0.0,0.0,BEL.NS,923
2023-09-20 00:00:00+05:30,136.93297211575992,137.03078735136071,133.2651246483735,133.90087890625,19080613,0.0,0.0,BEL.NS,924
2023-09-21 00:00:00+05:30,133.99867979039107,134.9767723436056,131.65126363247936,132.28701782226562,9531884,0.0,0.0,BEL.NS,925
2023-09-22 00:00:00+05:30,131.21110380790105,133.90085820140598,131.1133035119325,133.06948852539062,12604969,0.0,0.0,BEL.NS,926
2023-09-25 00:00:00+05:30,133.31402163368793,133.85197553756856,130.6731746526929,133.60745239257812,14984591,0.0,0.0,BEL.NS,927
2023-09-26 00:00:00+05:30,133.60744472125378,135.2701990268169,132.92276801498588,134.63442993164062,12315581,0.0,0.0,BEL.NS,928
2023-09-27 00:00:00+05:30,134.38991451694085,134.53663735864012,132.72716011590754,133.60745239257812,8713378,0.0,0.0,BEL.NS,929
2023-09-28 00:00:00+05:30,133.9008469179615,134.9767545545027,131.6512462816579,132.0913848876953,22012674,0.0,0.0,BEL.NS,930
2023-09-29 00:00:00+05:30,133.0205867870364,135.61252607448063,132.77606364956023,135.27020263671875,8504659,0.0,0.0,BEL.NS,931
2023-10-03 00:00:00+05:30,134.87895885726215,137.51982072459222,134.1942970460873,136.15048217773438,19010910,0.0,0.0,BEL.NS,932
2023-10-04 00:00:00+05:30,134.97678180558995,136.10158235083296,133.5585504889113,135.80816650390625,14912053,0.0,0.0,BEL.NS,933
2023-10-05 00:00:00+05:30,136.44391398325564,138.2533912137688,135.07459035035959,135.9059600830078,15996620,0.0,0.0,BEL.NS,934
2023-10-06 00:00:00+05:30,135.95484924316406,137.42198790406152,135.61251091915216,135.95484924316406,4987359,0.0,0.0,BEL.NS,935
2023-10-09 00:00:00+05:30,133.216200668845,134.585539176525,132.0914002201326,132.77606201171875,10489249,0.0,0.0,BEL.NS,936
2023-10-10 00:00:00+05:30,134.38989451061772,137.91103324409931,133.5096172895004,136.884033203125,15593722,0.0,0.0,BEL.NS,937
2023-10-11 00:00:00+05:30,136.8840702400051,137.42202420935655,134.48774611235962,134.73226928710938,10778916,0.0,0.0,BEL.NS,938
2023-10-12 00:00:00+05:30,134.92787064979822,135.66144009688793,134.19430120270852,135.17239379882812,7567439,0.0,0.0,BEL.NS,939
2023-10-13 00:00:00+05:30,133.31402697245142,135.17239697899666,133.31402697245142,134.43882751464844,8303230,0.0,0.0,BEL.NS,940
2023-10-16 00:00:00+05:30,133.99867679417937,134.87895410258625,133.55853813997592,134.38990783691406,7785480,0.0,0.0,BEL.NS,941
2023-10-17 00:00:00+05:30,134.48772457704632,135.85704816657312,134.48772457704632,135.5147247314453,6076896,0.0,0.0,BEL.NS,942
2023-10-18 00:00:00+05:30,135.71034657769474,135.90596211038252,133.41182302621507,134.04759216308594,6806231,0.0,0.0,BEL.NS,943
2023-10-19 00:00:00+05:30,133.02056483804745,134.19427271936442,132.09138005385924,133.9986572265625,7775836,0.0,0.0,BEL.NS,944
2023-10-20 00:00:00+05:30,133.70524100166313,133.90085651564476,130.57534800443574,131.260009765625,8982112,0.0,0.0,BEL.NS,945
2023-10-23 00:00:00+05:30,131.35783123256584,132.9227703433583,128.52135390914768,129.79287719726562,19333777,0.0,0.0,BEL.NS,946
2023-10-25 00:00:00+05:30,129.5972525689021,131.7001454143684,126.41845203419318,128.3257293701172,10225867,0.0,0.0,BEL.NS,947
2023-10-26 00:00:00+05:30,127.15204515132905,127.34766069742919,124.21776718629837,126.0272445678711,18167694,0.0,0.0,BEL.NS,948
2023-10-27 00:00:00+05:30,126.41844803222213,129.939586790543,126.41844803222213,129.30381774902344,8761931,0.0,0.0,BEL.NS,949
2023-10-30 00:00:00+05:30,130.57535737310602,131.01549604227105,127.93451043360774,129.05931091308594,9052085,0.0,0.0,BEL.NS,950
2023-10-31 00:00:00+05:30,129.5972564296472,130.7220568364035,127.88559455227448,130.33082580566406,8098744,0.0,0.0,BEL.NS,951
2023-11-01 00:00:00+05:30,130.8198816268267,131.60235867005704,129.1571272377799,129.49945068359375,10431945,0.0,0.0,BEL.NS,952
2023-11-02 00:00:00+05:30,130.77098859066112,132.0425120620869,130.37975748768855,131.79798889160156,4885035,0.0,0.0,BEL.NS,953
2023-11-03 00:00:00+05:30,132.18920265965673,133.99867985376255,131.79797160798907,132.9716796875,9154983,0.0,0.0,BEL.NS,954
2023-11-06 00:00:00+05:30,133.9497681498802,134.97676828477458,133.02058323716915,134.63442993164062,7070089,0.0,0.0,BEL.NS,955
2023-11-07 00:00:00+05:30,134.5366190597395,135.90594251563508,133.70523451004885,135.02566528320312,8587321,0.0,0.0,BEL.NS,956
2023-11-08 00:00:00+05:30,134.7322489412856,138.0577576458953,134.68334132881913,137.32418823242188,9755483,0.0,0.0,BEL.NS,957
2023-11-09 00:00:00+05:30,136.884041431615,136.884041431615,134.5855330274138,134.9278564453125,5481774,0.0,0.0,BEL.NS,958
2023-11-10 00:00:00+05:30,134.48770843005204,136.05266227976776,134.0475698237276,135.7592315673828,5781314,0.0,0.0,BEL.NS,959
2023-11-13 00:00:00+05:30,136.10157520365937,141.04094566916459,136.00377490132263,140.2584686279297,20245049,0.0,0.0,BEL.NS,960
2023-11-15 00:00:00+05:30,141.33436886161758,142.21464615808074,139.37818382547061,139.9161376953125,11440473,0.0,0.0,BEL.NS,961
2023-11-16 00:00:00+05:30,140.11175208663397,141.1876598176606,139.08475196601896,139.4759979248047,11453235,0.0,0.0,BEL.NS,962
2023-11-17 00:00:00+05:30,139.72052183382533,143.29055354623225,138.6935217074662,142.89932250976562,13496261,0.0,0.0,BEL.NS,963
2023-11-20 00:00:00+05:30,143.19273226830737,143.5350706041165,140.01393172681927,140.6986083984375,7741502,0.0,0.0,BEL.NS,964
2023-11-21 00:00:00+05:30,140.99202833379073,141.38327428968432,139.1336585479444,139.72052001953125,9972235,0.0,0.0,BEL.NS,965
2023-11-22 00:00:00+05:30,140.11177062507355,140.307386168095,137.07967747245848,138.74244689941406,7445272,0.0,0.0,BEL.NS,966
2023-11-23 00:00:00+05:30,138.74245774228737,139.42711965862418,136.05270277313454,136.29722595214844,13138745,0.0,0.0,BEL.NS,967
2023-11-24 00:00:00+05:30,136.8840530869872,139.03585377023956,134.3410213429647,137.27529907226562,19614754,0.0,0.0,BEL.NS,968
2023-11-28 00:00:00+05:30,138.54679118020553,138.6935140041117,137.32417560351996,138.2044677734375,8595693,0.0,0.0,BEL.NS,969
2023-11-29 00:00:00+05:30,138.93805673284993,139.52490333779815,137.4220102188435,137.9110565185547,14680789,0.0,0.0,BEL.NS,970
2023-11-30 00:00:00+05:30,137.91102755555445,143.14382783331564,137.6665044570517,142.70367431640625,27591484,0.0,0.0,BEL.NS,971
2023-12-01 00:00:00+05:30,144.70878809055387,147.00731152590154,143.5350800292199,144.21974182128906,34466616,0.0,0.0,BEL.NS,972
2023-12-04 00:00:00+05:30,148.6700801436701,154.0495896225529,148.27884906046413,150.18612670898438,51416976,0.0,0.0,BEL.NS,973
2023-12-05 00:00:00+05:30,150.3327980308524,151.70213633768358,146.66495155193843,148.6700439453125,29109123,0.0,0.0,BEL.NS,974
2023-12-06 00:00:00+05:30,149.2569396361365,153.70724911318607,148.52337017185243,152.72915649414062,26688698,0.0,0.0,BEL.NS,975
2023-12-07 00:00:00+05:30,158.2553741260267,158.2553741260267,154.7831426642958,156.83714294433594,51346222,0.0,0.0,BEL.NS,976
2023-12-08 00:00:00+05:30,157.8152172715909,158.7933096874681,153.85394000238702,155.2721710205078,22869782,0.0,0.0,BEL.NS,977
2023-12-11 00:00:00+05:30,156.29919128356315,159.6736075704412,155.66342217620434,157.71742248535156,22941648,0.0,0.0,BEL.NS,978
2023-12-12 00:00:00+05:30,158.89112942883673,159.2334677861117,156.49480570143504,157.27728271484375,16306341,0.0,0.0,BEL.NS,979
2023-12-13 00:00:00+05:30,156.69040990470376,160.30934904022402,155.90793294781938,159.28236389160156,16804086,0.0,0.0,BEL.NS,980
2023-12-14 00:00:00+05:30,159.5269034467439,160.74951915395525,159.03785716385934,160.4071807861328,13887946,0.0,0.0,BEL.NS,981
2023-12-15 00:00:00+05:30,162.3633721914193,166.4713581414812,161.62980273874723,165.3465576171875,39766631,0.0,0.0,BEL.NS,982
2023-12-18 00:00:00+05:30,167.9873800888438,170.53042645591566,165.73776444481967,168.91656494140625,35901409,0.0,0.0,BEL.NS,983
2023-12-19 00:00:00+05:30,169.1121730566596,170.5793116832628,167.35161864434048,169.25889587402344,14732129,0.0,0.0,BEL.NS,984
2023-12-20 00:00:00+05:30,169.94358501804962,172.43772407084208,162.51007547335607,163.5859832763672,24511237,0.0,0.0,BEL.NS,985
2023-12-21 00:00:00+05:30,161.3852817104294,168.08522210275686,160.45609670972567,166.9114990234375,22646625,0.0,0.0,BEL.NS,986
2023-12-22 00:00:00+05:30,168.1830263220113,171.41073501620548,165.68888710720177,170.97059631347656,19640046,0.0,0.0,BEL.NS,987
2023-12-26 00:00:00+05:30,174.1004658144835,180.45806709422587,174.1004658144835,177.96392822265625,52736391,0.0,0.0,BEL.NS,988
2023-12-27 00:00:00+05:30,179.96901263354934,180.8492898777152,175.17636554952375,176.25225830078125,26206240,0.0,0.0,BEL.NS,989
2023-12-28 00:00:00+05:30,177.52378650656993,180.21354084757857,176.83912475012366,178.69749450683594,20453485,0.0,0.0,BEL.NS,990
2023-12-29 00:00:00+05:30,178.94202666271073,181.1427348710033,177.13256442393032,180.16464233398438,19305150,0.0,0.0,BEL.NS,991
2024-01-01 00:00:00+05:30,180.7515159563577,182.90331669730662,180.40917757562343,180.89822387695312,18008785,0.0,0.0,BEL.NS,992
2024-01-02 00:00:00+05:30,181.9252236378127,182.12083917295163,175.81214488654211,178.15956115722656,22790965,0.0,0.0,BEL.NS,993
2024-01-03 00:00:00+05:30,178.3551788330078,180.65368732403144,176.64351690533792,178.3551788330078,18738690,0.0,0.0,BEL.NS,994
2024-01-04 00:00:00+05:30,178.50187995798404,183.5390503267216,178.50187995798404,182.80548095703125,25403124,0.0,0.0,BEL.NS,995
2024-01-05 00:00:00+05:30,183.5879588683715,184.5171437564621,180.01792722088905,181.8762969970703,22023938,0.0,0.0,BEL.NS,996
2024-01-08 00:00:00+05:30,182.65877471761684,183.3923440939928,179.18654335120246,179.57778930664062,11472441,0.0,0.0,BEL.NS,997
2024-01-09 00:00:00+05:30,180.84932051970299,182.6098902308412,180.16465866662398,180.60479736328125,11550790,0.0,0.0,BEL.NS,998
2024-01-10 00:00:00+05:30,180.3602734962243,181.9252276609609,178.06176478962186,181.53399658203125,8701594,0.0,0.0,BEL.NS,999
2024-01-11 00:00:00+05:30,182.90329470642953,183.53904885191648,179.77340173913532,180.3113555908203,10942508,0.0,0.0,BEL.NS,1000
2024-01-12 00:00:00+05:30,181.2894576312898,181.43616554197888,179.0887494239073,179.47998046875,8853157,0.0,0.0,BEL.NS,1001
2024-01-15 00:00:00+05:30,180.84930387025182,185.73976654845774,180.066841781345,184.51715087890625,24570393,0.0,0.0,BEL.NS,1002
2024-01-16 00:00:00+05:30,184.76168816418055,186.08211915823438,181.04494818367573,182.70770263671875,16471601,0.0,0.0,BEL.NS,1003
2024-01-17 00:00:00+05:30,182.21865488872032,184.3704556300043,179.7734233816911,181.5828857421875,16350370,0.0,0.0,BEL.NS,1004
2024-01-18 00:00:00+05:30,181.58287217271098,184.85948811707593,176.05665534959613,184.07701110839844,24831623,0.0,0.0,BEL.NS,1005
2024-01-19 00:00:00+05:30,185.83760210901352,189.45654190202401,185.83760210901352,187.64707946777344,22303305,0.0,0.0,BEL.NS,1006
2024-01-23 00:00:00+05:30,190.97256184784175,191.21708497440747,180.36025218508578,183.00111389160156,26628471,0.0,0.0,BEL.NS,1007
2024-01-24 00:00:00+05:30,182.70771041090504,186.033219458491,179.96904799991742,185.10403442382812,14742783,0.0,0.0,BEL.NS,1008
2024-01-25 00:00:00+05:30,186.57117446989784,187.7937902921121,184.17485044325977,185.54417419433594,12592882,0.0,0.0,BEL.NS,1009
2024-01-29 00:00:00+05:30,185.83760283696787,189.45654264415433,183.44127883791938,186.71788024902344,28919512,0.0,0.0,BEL.NS,1010
2024-01-30 00:00:00+05:30,187.79378562042206,188.1361240119296,182.90332245322355,183.78359985351562,20894159,0.0,0.0,BEL.NS,1011
2024-01-31 00:00:00+05:30,184.07700834764313,184.95730056589318,180.80040737692764,181.827392578125,23757415,0.0,0.0,BEL.NS,1012
2024-02-01 00:00:00+05:30,183.5879570563722,184.2726188132337,177.57269422354403,179.3821563720703,27835431,0.0,0.0,BEL.NS,1013
2024-02-02 00:00:00+05:30,180.94713929124828,183.63689406449657,179.82233871951183,180.555908203125,27710061,0.0,0.0,BEL.NS,1014
2024-02-05 00:00:00+05:30,182.9032939064609,182.9032939064609,174.8829385489399,177.57269287109375,23880364,0.0,0.0,BEL.NS,1015
2024-02-06 00:00:00+05:30,178.4040836188693,179.52889905946796,176.7413291898415,179.08876037597656,12134363,0.0,0.0,BEL.NS,1016
2024-02-07 00:00:00+05:30,180.11574525768094,180.11574525768094,175.7143285836452,177.71942138671875,14192151,0.0,0.0,BEL.NS,1017
2024-02-08 00:00:00+05:30,178.20846395847641,183.0011265247212,177.76832528517545,180.7515106201172,29094709,0.0,0.0,BEL.NS,1018
2024-02-09 00:00:00+05:30,182.12603434997217,182.32239365490722,173.28973079660426,177.36424255371094,21081134,0.7,0.0,BEL.NS,1019
2024-02-12 00:00:00+05:30,177.9533195053374,179.7696766210656,170.49154673633637,171.47335815429688,19640568,0.0,0.0,BEL.NS,1020
2024-02-13 00:00:00+05:30,171.5715819492852,173.68247095644472,168.62614706603566,173.387939453125,13961795,0.0,0.0,BEL.NS,1021
2024-02-14 00:00:00+05:30,174.0260807230246,178.83695086898746,172.1115513784579,178.29696655273438,23449380,0.0,0.0,BEL.NS,1022
2024-02-15 00:00:00+05:30,179.67149972440632,182.9114805845399,179.27878112734646,182.56784057617188,17335763,0.0,0.0,BEL.NS,1023
2024-02-16 00:00:00+05:30,185.56238717470845,186.9369173835003,183.45149828665186,184.8751220703125,29843059,0.0,0.0,BEL.NS,1024
2024-02-19 00:00:00+05:30,186.49511123650046,188.99873382366258,184.875128081943,185.3169403076172,25343215,0.0,0.0,BEL.NS,1025
2024-02-20 00:00:00+05:30,185.66057707220997,187.96782531263312,182.86240805708908,187.182373046875,17809897,0.0,0.0,BEL.NS,1026
2024-02-21 00:00:00+05:30,187.82052262312104,189.04778686532484,183.59873063368937,185.26780700683594,17870782,0.0,0.0,BEL.NS,1027
2024-02-22 00:00:00+05:30,186.29873657226562,192.43505859375,185.26783147640526,191.20779418945312,31992371,0.0,0.0,BEL.NS,1028
2024-02-23 00:00:00+05:30,192.72959926415777,203.23497925347286,192.3859592487636,201.56590270996094,76179371,0.0,0.0,BEL.NS,1029
2024-02-26 00:00:00+05:30,201.9095338024199,203.13679820671678,199.111379949376,200.53500366210938,27013630,0.0,0.0,BEL.NS,1030
2024-02-27 00:00:00+05:30,199.8477568520398,205.1986271474321,199.40594462237553,201.61502075195312,28877205,0.0,0.0,BEL.NS,1031
2024-02-28 00:00:00+05:30,202.44952996533135,205.19860518414498,197.78592530205532,201.90953063964844,38996363,0.0,0.0,BEL.NS,1032
2024-02-29 00:00:00+05:30,201.71317766215194,202.15498985838707,196.11685488691163,201.3695526123047,24059731,0.0,0.0,BEL.NS,1033
2024-03-01 00:00:00+05:30,202.20408342385755,204.26589364788293,201.0750061467159,201.86045837402344,12949604,0.0,0.0,BEL.NS,1034
2024-03-04 00:00:00+05:30,204.16769130178156,209.07674863041905,202.59680194537,205.78768920898438,34272251,0.0,0.0,BEL.NS,1035
2024-03-05 00:00:00+05:30,207.1622314453125,209.86221313476562,206.03315418586135,206.91677856445312,24964592,0.0,0.0,BEL.NS,1036
2024-03-06 00:00:00+05:30,207.9476897471194,209.56767281570757,201.86046111987952,206.6222381591797,26236957,0.0,0.0,BEL.NS,1037
2024-03-07 00:00:00+05:30,207.60403458433197,212.8567319982388,207.30948814389015,211.28582763671875,41484038,0.0,0.0,BEL.NS,1038
2024-03-11 00:00:00+05:30,212.51309509281464,212.51309509281464,208.0458497943912,208.6840362548828,22800967,0.0,0.0,BEL.NS,1039
2024-03-12 00:00:00+05:30,207.1622314453125,207.5058714710176,197.83502197265625,200.53500366210938,34719550,0.0,0.0,BEL.NS,1040
2024-03-13 00:00:00+05:30,200.38773143950291,201.860448676987,184.77691973341894,186.83872985839844,41620003,0.0,0.0,BEL.NS,1041
2024-03-14 00:00:00+05:30,185.5623779296875,193.56413585320115,182.86239624023438,191.69869995117188,34622781,0.0,0.0,BEL.NS,1042
2024-03-15 00:00:00+05:30,193.17142053140498,193.17142053140498,175.84245283964125,185.4151153564453,88781999,0.0,0.0,BEL.NS,1043
2024-03-18 00:00:00+05:30,186.54420155551267,188.50782472978122,183.64786036971773,186.44601440429688,22999225,0.0,0.0,BEL.NS,1044
2024-03-19 00:00:00+05:30,186.5441862118812,188.94962140625717,181.19331649837028,182.02784729003906,27819341,0.0,0.0,BEL.NS,1045
2024-03-20 00:00:00+05:30,183.5005737682299,184.53147889796827,179.18060891564264,184.0405731201172,16235947,0.0,0.0,BEL.NS,1046
2024-03-21 00:00:00+05:30,186.54419250583803,193.9077790521211,186.54419250583803,193.2696075439453,43152810,0.0,0.0,BEL.NS,1047
2024-03-22 00:00:00+05:30,193.61446189397498,196.02848143990778,189.91952941508234,194.5997772216797,31321524,0.7,0.0,BEL.NS,1048
2024-03-26 00:00:00+05:30,194.10712718621951,197.5557309687158,193.07254304452678,196.4718780517578,25723863,0.0,0.0,BEL.NS,1049
2024-03-27 00:00:00+05:30,197.0630751452339,200.9550678724084,195.09244439378156,196.52114868164062,37817130,0.0,0.0,BEL.NS,1050
2024-03-28 00:00:00+05:30,197.55571559404322,199.477077402104,196.07774265942444,198.54103088378906,17425093,0.0,0.0,BEL.NS,1051
2024-04-01 00:00:00+05:30,201.98964664809014,209.62584060673746,200.75800246121153,208.0000762939453,45840349,0.0,0.0,BEL.NS,1052
2024-04-02 00:00:00+05:30,210.61116317818068,219.38046407557147,209.47805650128532,217.75469970703125,93873385,0.0,0.0,BEL.NS,1053
2024-04-03 00:00:00+05:30,218.44440502919568,222.1393375061263,215.63626536755964,218.24734497070312,47658754,0.0,0.0,BEL.NS,1054
2024-04-04 00:00:00+05:30,220.21797799783772,220.61209811906934,215.04507247439858,217.06497192382812,18279026,0.0,0.0,BEL.NS,1055
2024-04-05 00:00:00+05:30,217.11422524102164,222.68125048936872,215.5377147988912,221.20327758789062,25365958,0.0,0.0,BEL.NS,1056
2024-04-08 00:00:00+05:30,222.23787306840822,222.38566435227835,218.83853822692785,220.26724243164062,16422350,0.0,0.0,BEL.NS,1057
2024-04-09 00:00:00+05:30,221.49888533990728,225.5386691018393,217.95174419969126,224.7996826171875,29048035,0.0,0.0,BEL.NS,1058
2024-04-10 00:00:00+05:30,225.63719795935793,229.43066778173213,223.1739097720287,225.390869140625,37218693,0.0,0.0,BEL.NS,1059
2024-04-12 00:00:00+05:30,227.9034305753344,231.94321426107675,227.16444410461978,230.0711212158203,57174716,0.0,0.0,BEL.NS,1060
2024-04-15 00:00:00+05:30,226.62252150434935,234.50504399145717,222.68126026079545,231.00717163085938,51676313,0.0,0.0,BEL.NS,1061
2024-04-16 00:00:00+05:30,229.08580407087112,233.47045408807963,226.6225158550553,230.0218505859375,32508661,0.0,0.0,BEL.NS,1062
2024-04-18 00:00:00+05:30,232.14028014795818,233.91383557961245,225.83425349360445,227.755615234375,18623078,0.0,0.0,BEL.NS,1063
2024-04-19 00:00:00+05:30,225.19380645399096,231.0564292641987,222.38565193945155,229.87405395507812,27227241,0.0,0.0,BEL.NS,1064
2024-04-22 00:00:00+05:30,232.53440215927887,232.68219343489977,228.88873869169137,229.87405395507812,17549094,0.0,0.0,BEL.NS,1065
2024-04-23 00:00:00+05:30,230.81012333867375,232.63296277060434,228.34683493591308,230.90866088867188,19202860,0.0,0.0,BEL.NS,1066
2024-04-24 00:00:00+05:30,231.79544014154476,235.63816405986543,230.66233348311465,233.02708435058594,33392337,0.0,0.0,BEL.NS,1067
2024-04-25 00:00:00+05:30,232.9285257759623,236.5249355625839,231.99247926852198,234.1109161376953,16197834,0.0,0.0,BEL.NS,1068
2024-04-26 00:00:00+05:30,234.9976969413519,238.10143409461455,234.4065017527694,235.4410858154297,20473627,0.0,0.0,BEL.NS,1069
2024-04-29 00:00:00+05:30,236.62346985084312,236.6727386241547,231.4013106436272,231.94322204589844,19876408,0.0,0.0,BEL.NS,1070
2024-04-30 00:00:00+05:30,232.83001621273212,233.81533154580782,229.7755326663099,230.3174591064453,14514418,0.0,0.0,BEL.NS,1071
2024-05-02 00:00:00+05:30,231.253511376553,233.9138598346089,227.36151872173795,231.3027801513672,19171145,0.0,0.0,BEL.NS,1072
2024-05-03 00:00:00+05:30,233.61826896537912,234.5050467416913,227.7556307690619,230.66232299804688,15782582,0.0,0.0,BEL.NS,1073
2024-05-06 00:00:00+05:30,231.64763300077115,232.3866194756336,226.62251895781912,228.4453582763672,32422021,0.0,0.0,BEL.NS,1074
2024-05-07 00:00:00+05:30,229.08581364710165,232.33735723484295,222.13933758118125,224.06069946289062,26418769,0.0,0.0,BEL.NS,1075
2024-05-08 00:00:00+05:30,223.86363918684842,229.23360470964133,221.30182835863096,228.19903564453125,18952985,0.0,0.0,BEL.NS,1076
2024-05-09 00:00:00+05:30,231.05643090847875,234.70209440201012,221.99153342775494,222.87831115722656,35229412,0.0,0.0,BEL.NS,1077
2024-05-10 00:00:00+05:30,224.55336171028725,225.14455693275102,219.87311380905936,223.76512145996094,18478580,0.0,0.0,BEL.NS,1078
2024-05-13 00:00:00+05:30,225.04601033891782,225.34160793826888,217.7546830734236,221.44961547851562,32874369,0.0,0.0,BEL.NS,1079
2024-05-14 00:00:00+05:30,222.4349267310533,228.49460975103526,222.4349267310533,227.55856323242188,23191411,0.0,0.0,BEL.NS,1080
2024-05-15 00:00:00+05:30,228.39608003364947,231.05642822589533,226.1791207009916,229.4306640625,33045920,0.0,0.0,BEL.NS,1081
2024-05-16 00:00:00+05:30,231.30275708815347,236.47566219875114,224.15922145923287,234.406494140625,55556781,0.0,0.0,BEL.NS,1082
2024-05-17 00:00:00+05:30,237.460984991118,245.98395623936008,234.35724784018362,244.5552520751953,82231249,0.0,0.0,BEL.NS,1083
2024-05-21 00:00:00+05:30,278.84422220359517,278.84422220359517,267.06969266581035,270.1241760253906,127035921,0.0,0.0,BEL.NS,1084
2024-05-22 00:00:00+05:30,272.9323378175305,280.3222025598824,260.4188214927066,279.4354248046875,85801218,0.0,0.0,BEL.NS,1085
2024-05-23 00:00:00+05:30,282.09575260839256,288.9929595677121,279.04129929624276,284.2634582519531,70631009,0.0,0.0,BEL.NS,1086
2024-05-24 00:00:00+05:30,283.7708405169094,295.4960879827131,281.80020967998644,292.83575439453125,63609206,0.0,0.0,BEL.NS,1087
2024-05-27 00:00:00+05:30,297.318919482931,298.74763882885173,285.39659722797114,290.1261291503906,49890427,0.0,0.0,BEL.NS,1088
2024-05-28 00:00:00+05:30,291.3577314389695,291.40698517369316,280.8640999714186,284.8546447753906,33893805,0.0,0.0,BEL.NS,1089
2024-05-29 00:00:00+05:30,281.2090147170693,289.633479595628,280.81489456314944,287.8598937988281,31645904,0.0,0.0,BEL.NS,1090
2024-05-30 00:00:00+05:30,288.6973940308183,291.9489226184073,285.39658163466714,286.38189697265625,42769599,0.0,0.0,BEL.NS,1091
2024-05-31 00:00:00+05:30,289.8797935633783,292.8357396701316,282.0957780933771,291.6040954589844,51397345,0.0,0.0,BEL.NS,1092
2024-06-03 00:00:00+05:30,318.25683054090865,318.25683054090865,304.75799938492867,313.970703125,67256146,0.0,0.0,BEL.NS,1093
2024-06-04 00:00:00+05:30,307.41837951124705,307.41837951124705,226.6717921305411,251.79733276367188,268052657,0.0,0.0,BEL.NS,1094
2024-06-05 00:00:00+05:30,260.6159081267951,260.6159081267951,226.6225288059088,256.52685546875,193487058,0.0,0.0,BEL.NS,1095
2024-06-06 00:00:00+05:30,263.07918991078697,277.36626202204695,263.07918991078697,269.63153076171875,95502477,0.0,0.0,BEL.NS,1096
2024-06-07 00:00:00+05:30,269.97643702549317,280.3715031386616,264.7542770962074,279.0413513183594,60109827,0.0,0.0,BEL.NS,1097
2024-06-10 00:00:00+05:30,284.6575762853141,287.7120596447448,276.9721291855918,279.23834228515625,42363741,0.0,0.0,BEL.NS,1098
2024-06-11 00:00:00+05:30,282.78549363726654,286.2340972182088,281.1597293915668,281.99725341796875,32269277,0.0,0.0,BEL.NS,1099
2024-06-12 00:00:00+05:30,283.6722442525248,288.69735786057174,281.8494050917368,286.23406982421875,33990756,0.0,0.0,BEL.NS,1100
2024-06-13 00:00:00+05:30,289.58414698537024,298.5505218059713,282.8347314851106,296.4813537597656,49511492,0.0,0.0,BEL.NS,1101
2024-06-14 00:00:00+05:30,300.5211630430165,305.9403971306774,297.0725595326868,305.0536193847656,67366844,0.0,0.0,BEL.NS,1102
2024-06-18 00:00:00+05:30,308.40366370117954,316.2861854571202,307.6646772865601,313.5765686035156,64859245,0.0,0.0,BEL.NS,1103
2024-06-19 00:00:00+05:30,315.20234329705505,315.20234329705505,299.6343743335416,304.75799560546875,58698689,0.0,0.0,BEL.NS,1104
2024-06-20 00:00:00+05:30,305.2506864666679,308.74857403594643,297.81156752726105,307.3198547363281,39505506,0.0,0.0,BEL.NS,1105
2024-06-21 00:00:00+05:30,308.10808639118795,309.3889841704893,299.6343693458799,300.4718933105469,37620968,0.0,0.0,BEL.NS,1106
2024-06-24 00:00:00+05:30,300.32412325332274,307.3198686389161,293.08207908605283,305.2014465332031,39139609,0.0,0.0,BEL.NS,1107
2024-06-25 00:00:00+05:30,306.33452096367034,310.32506597303615,304.65950299419745,305.15216064453125,29124110,0.0,0.0,BEL.NS,1108
2024-06-26 00:00:00+05:30,305.4477620327124,306.92573507480614,301.3587092968073,302.3440246582031,24238007,0.0,0.0,BEL.NS,1109
2024-06-27 00:00:00+05:30,301.6050138833133,303.6248981839685,296.7769750146125,300.02850341796875,39996580,0.0,0.0,BEL.NS,1110
2024-06-28 00:00:00+05:30,301.5064965330773,305.25068282826186,298.3042216515986,301.407958984375,24256902,0.0,0.0,BEL.NS,1111
2024-07-01 00:00:00+05:30,306.3837910543165,307.9110176742064,301.35867723198635,303.1322326660156,39495237,0.0,0.0,BEL.NS,1112
2024-07-02 00:00:00+05:30,304.4624192632612,304.4624192632612,298.55052762708135,301.6050109863281,23974162,0.0,0.0,BEL.NS,1113
2024-07-03 00:00:00+05:30,302.4918180869001,310.81774497732806,301.26017387644856,309.8816833496094,44919849,0.0,0.0,BEL.NS,1114
2024-07-04 00:00:00+05:30,312.73907307361446,313.8229259274396,308.45294546542766,312.6898193359375,35591681,0.0,0.0,BEL.NS,1115
2024-07-05 00:00:00+05:30,312.9854004194312,322.00102944053475,309.8816632245512,319.2914123535156,63125211,0.0,0.0,BEL.NS,1116
2024-07-08 00:00:00+05:30,323.6268100680824,330.8688531935243,320.81865555544397,329.6864929199219,70983243,0.0,0.0,BEL.NS,1117
2024-07-09 00:00:00+05:30,333.036565857173,334.3667475039217,323.8731457474572,329.883544921875,52225572,0.0,0.0,BEL.NS,1118
2024-07-10 00:00:00+05:30,335.0071926781215,335.49985031441287,319.3899395937984,328.947509765625,46779965,0.0,0.0,BEL.NS,1119
2024-07-11 00:00:00+05:30,330.5732727050781,333.23363595879493,328.10998453290915,330.5732727050781,31919433,0.0,0.0,BEL.NS,1120
2024-07-12 00:00:00+05:30,331.9527126570159,332.5439078403972,323.2819501988778,328.2085266113281,24517961,0.0,0.0,BEL.NS,1121
2024-07-15 00:00:00+05:30,331.06593408516096,331.11518782138734,326.1393576850842,326.5334777832031,22021426,0.0,0.0,BEL.NS,1122
2024-07-16 00:00:00+05:30,328.35630952693964,329.489416059057,319.7348010247319,321.3605651855469,26585927,0.0,0.0,BEL.NS,1123
2024-07-18 00:00:00+05:30,321.70543177873253,321.90250685813226,307.71394308554335,308.9455871582031,48043715,0.0,0.0,BEL.NS,1124
2024-07-19 00:00:00+05:30,305.3492349422778,312.2464427083093,300.52119551994366,301.8020935058594,43313606,0.0,0.0,BEL.NS,1125
2024-07-22 00:00:00+05:30,301.50651422795414,310.07877028770133,292.9342581682069,307.7139892578125,39386992,0.0,0.0,BEL.NS,1126
2024-07-23 00:00:00+05:30,312.34492454581,312.34492454581,276.9721141836887,297.0232849121094,76513131,0.0,0.0,BEL.NS,1127
2024-07-24 00:00:00+05:30,298.05786584204463,301.9991268779725,294.9048449855282,295.693115234375,24099148,0.0,0.0,BEL.NS,1128
2024-07-25 00:00:00+05:30,293.5746816442534,298.94463154825434,289.09147935438017,297.0232849121094,27820556,0.0,0.0,BEL.NS,1129
2024-07-26 00:00:00+05:30,299.33881307793985,305.9404384309573,297.56525734669594,305.3492431640625,24512844,0.0,0.0,BEL.NS,1130
2024-07-29 00:00:00+05:30,308.2066092656599,320.8186629612729,306.28526250066494,316.6310729980469,51391698,0.0,0.0,BEL.NS,1131
2024-07-30 00:00:00+05:30,320.42454712399615,321.7546987215216,312.93614484094746,313.4288024902344,41111245,0.0,0.0,BEL.NS,1132
2024-07-31 00:00:00+05:30,315.2023751490846,315.8921079233872,310.81773987353836,311.4089050292969,25709971,0.0,0.0,BEL.NS,1133
2024-08-01 00:00:00+05:30,313.03470530183455,313.03470530183455,303.5263879189475,306.58087158203125,28141436,0.0,0.0,BEL.NS,1134
2024-08-02 00:00:00+05:30,300.81674863443914,304.1668447052244,297.26963761503276,298.50128173828125,26155604,0.0,0.0,BEL.NS,1135
2024-08-05 00:00:00+05:30,285.59364234970866,293.0820445552545,280.81485718719716,285.9877624511719,50390560,0.0,0.0,BEL.NS,1136
2024-08-06 00:00:00+05:30,287.7120466506201,298.1563940840158,282.14502162486315,283.03179931640625,39171936,0.0,0.0,BEL.NS,1137
2024-08-07 00:00:00+05:30,291.1606626909102,296.5798966834652,285.5443536163062,295.7916564941406,22199473,0.0,0.0,BEL.NS,1138
2024-08-08 00:00:00+05:30,296.57991747924086,298.25496558580244,292.7864474045723,293.87030029296875,21963656,0.0,0.0,BEL.NS,1139
2024-08-09 00:00:00+05:30,298.0578811490847,300.5211694230441,296.2350418124674,297.7622985839844,15551076,0.0,0.0,BEL.NS,1140
2024-08-12 00:00:00+05:30,294.6092485274053,299.19095825148656,293.8702621180556,296.9739990234375,15361379,0.0,0.0,BEL.NS,1141
2024-08-13 00:00:00+05:30,297.565217400265,298.2056663244909,291.06213047630575,291.8011169433594,14746085,0.0,0.0,BEL.NS,1142
2024-08-14 00:00:00+05:30,292.59150257095865,293.48068228361836,287.15758969806905,290.17095947265625,16641055,0.8,0.0,BEL.NS,1143
2024-08-16 00:00:00+05:30,292.9372984989537,300.24837512945913,292.44330642728596,299.65557861328125,21353408,0.0,0.0,BEL.NS,1144
2024-08-19 00:00:00+05:30,301.13756118461293,301.8785493077551,297.4820378676421,298.5194091796875,12232725,0.0,0.0,BEL.NS,1145
2024-08-20 00:00:00+05:30,298.51943153331297,300.841200523193,294.2216940670901,299.5074157714844,14183642,0.0,0.0,BEL.NS,1146
2024-08-21 00:00:00+05:30,299.35922108027233,303.0641619352262,298.91461611732353,301.7303771972656,11862616,0.0,0.0,BEL.NS,1147
2024-08-22 00:00:00+05:30,302.7183504584314,303.212342554529,299.8532023312423,300.8411865234375,13074829,0.0,0.0,BEL.NS,1148
2024-08-23 00:00:00+05:30,301.82915855856504,305.4847119828029,300.44598677538005,302.3231506347656,21891698,0.0,0.0,BEL.NS,1149
2024-08-26 00:00:00+05:30,304.99073893590156,305.1883176881792,302.12556059446405,303.0147705078125,15280637,0.0,0.0,BEL.NS,1150
2024-08-27 00:00:00+05:30,302.9159455268709,303.75573808207105,296.00005649726603,297.284423828125,16873099,0.0,0.0,BEL.NS,1151
2024-08-28 00:00:00+05:30,297.4326141493362,300.84117150257583,295.9012507882478,296.3458557128906,14005947,0.0,0.0,BEL.NS,1152
2024-08-29 00:00:00+05:30,295.75310519725997,297.4326604108329,288.59021904739745,292.6409606933594,19185385,0.0,0.0,BEL.NS,1153
2024-08-30 00:00:00+05:30,293.2336834257979,298.5194046542593,290.8131403507583,295.7036437988281,28684991,0.0,0.0,BEL.NS,1154
2024-09-02 00:00:00+05:30,298.3218581138171,298.3218581138171,291.5047426277529,293.33251953125,11713172,0.0,0.0,BEL.NS,1155
2024-09-03 00:00:00+05:30,296.39529009467077,297.7290749302744,293.18434111864514,293.57952880859375,13971488,0.0,0.0,BEL.NS,1156
2024-09-04 00:00:00+05:30,293.5794900424014,298.2724148492153,291.75171329799184,295.3578796386719,17937646,0.0,0.0,BEL.NS,1157
2024-09-05 00:00:00+05:30,295.4072766044543,295.9012687057995,286.51541878023994,287.10821533203125,26342723,0.0,0.0,BEL.NS,1158
2024-09-06 00:00:00+05:30,286.86121504706654,286.86121504706654,278.660928195247,280.19232177734375,30062372,0.0,0.0,BEL.NS,1159
2024-09-09 00:00:00+05:30,278.6115666557914,281.0815273530945,272.4366649125336,278.1669616699219,29170063,0.0,0.0,BEL.NS,1160
2024-09-10 00:00:00+05:30,279.10551883834347,284.88523207278314,278.90790995049406,282.31646728515625,19982334,0.0,0.0,BEL.NS,1161
2024-09-11 00:00:00+05:30,283.0080860710727,286.9600228699656,280.9333132214769,284.5888366699219,21650737,0.0,0.0,BEL.NS,1162
2024-09-12 00:00:00+05:30,287.4046018623776,288.98538263517446,285.52743788569376,288.19500732421875,16102095,0.0,0.0,BEL.NS,1163
2024-09-13 00:00:00+05:30,289.47937371764607,290.46735792828645,286.12023343164566,286.4660339355469,12330463,0.0,0.0,BEL.NS,1164
2024-09-16 00:00:00+05:30,287.40460612807243,288.6890037160455,284.9346455560696,286.9106140136719,9184637,0.0,0.0,BEL.NS,1165
2024-09-17 00:00:00+05:30,287.0094255631905,287.3552260819982,280.488723461698,280.8839111328125,15946216,0.0,0.0,BEL.NS,1166
2024-09-18 00:00:00+05:30,281.476710660429,282.5634993805315,277.0307814743716,279.45135498046875,10450571,0.0,0.0,BEL.NS,1167
2024-09-19 00:00:00+05:30,280.5875189713685,281.4273115900163,263.89059165430575,269.4233093261719,44560220,0.0,0.0,BEL.NS,1168
2024-09-20 00:00:00+05:30,270.7076724171605,276.0427810988545,269.5714966105502,274.0174255371094,38501362,0.0,0.0,BEL.NS,1169
2024-09-23 00:00:00+05:30,276.63554506017067,283.2550505201774,275.3017605091685,282.8598327636719,19445968,0.0,0.0,BEL.NS,1170
2024-09-24 00:00:00+05:30,282.8598493952745,289.8745428733553,281.13087713698826,288.29376220703125,25346532,0.0,0.0,BEL.NS,1171
2024-09-25 00:00:00+05:30,290.46734629738137,291.4553304684609,284.19364078084953,286.3672180175781,19263084,0.0,0.0,BEL.NS,1172
2024-09-26 00:00:00+05:30,287.1082038605608,288.3925712123872,285.57681031704664,287.0093994140625,18343882,0.0,0.0,BEL.NS,1173
2024-09-27 00:00:00+05:30,288.8371920433617,291.3071525873431,285.72504778812225,289.9239807128906,208588855,0.0,0.0,BEL.NS,1174
2024-09-30 00:00:00+05:30,289.92399094446034,291.0601668046109,280.19234002756144,281.67431640625,32695169,0.0,0.0,BEL.NS,1175
2024-10-01 00:00:00+05:30,281.6743228588343,283.1562992714719,279.15494486681797,280.53814697265625,13883476,0.0,0.0,BEL.NS,1176
2024-10-03 00:00:00+05:30,271.745060117492,282.8598831024067,271.745060117492,275.3512268066406,27321529,0.0,0.0,BEL.NS,1177
2024-10-04 00:00:00+05:30,275.3512084770708,278.51273982512436,270.263065728641,273.8692321777344,17451235,0.0,0.0,BEL.NS,1178
2024-10-07 00:00:00+05:30,274.06683373113816,275.5488101537841,261.81583466744286,264.1376037597656,21704629,0.0,0.0,BEL.NS,1179
2024-10-08 00:00:00+05:30,263.7917778838648,278.1175485929137,262.3591887526061,276.882568359375,29190708,0.0,0.0,BEL.NS,1180
2024-10-09 00:00:00+05:30,278.61155671747133,283.15629026857187,275.1536118645949,279.0067443847656,18984175,0.0,0.0,BEL.NS,1181
2024-10-10 00:00:00+05:30,280.5381016684313,286.12020589106567,279.9946923143539,283.45263671875,19155691,0.0,0.0,BEL.NS,1182
2024-10-11 00:00:00+05:30,283.74905812182976,285.1816170396185,280.73568839311207,282.46466064453125,9677338,0.0,0.0,BEL.NS,1183
2024-10-14 00:00:00+05:30,282.66227748215334,285.7250344438266,281.2296883731965,282.26708984375,11386559,0.0,0.0,BEL.NS,1184
2024-10-15 00:00:00+05:30,283.69965674451686,285.9720384930029,282.3164848959386,285.3792419433594,14701531,0.0,0.0,BEL.NS,1185
2024-10-16 00:00:00+05:30,284.68763297327314,287.55278104030265,281.3284928205184,282.26708984375,11835439,0.0,0.0,BEL.NS,1186
2024-10-17 00:00:00+05:30,282.61283550275624,284.4406120904985,278.3151288529684,281.130859375,11695551,0.0,0.0,BEL.NS,1187
2024-10-18 00:00:00+05:30,279.5007133089558,284.34182967100867,274.4619880542136,283.69964599609375,10095514,0.0,0.0,BEL.NS,1188
2024-10-21 00:00:00+05:30,282.8598652790838,283.99607123332436,277.7223655136418,278.9079284667969,8393942,0.0,0.0,BEL.NS,1189
2024-10-22 00:00:00+05:30,278.6115370041231,278.75972860001224,267.3979106016171,268.3858947753906,15240897,0.0,0.0,BEL.NS,1190
2024-10-23 00:00:00+05:30,267.7437356038306,271.39928944180224,263.10019750163815,265.4219665527344,13503954,0.0,0.0,BEL.NS,1191
2024-10-24 00:00:00+05:30,265.76773924864113,269.86786748568323,265.12555557431375,268.0895080566406,10700271,0.0,0.0,BEL.NS,1192
2024-10-25 00:00:00+05:30,267.7436995237196,272.6836201791388,254.3565266078868,269.0774841308594,40406841,0.0,0.0,BEL.NS,1193
2024-10-28 00:00:00+05:30,273.3752336391133,274.61021385947265,264.1869627091087,266.80511474609375,24479817,0.0,0.0,BEL.NS,1194
2024-10-29 00:00:00+05:30,267.9413145934362,281.0814917797273,267.5955141094004,280.24169921875,34271117,0.0,0.0,BEL.NS,1195
2024-10-30 00:00:00+05:30,280.0441294809579,291.2083387183738,278.66092750034954,285.08282470703125,40787587,0.0,0.0,BEL.NS,1196
2024-10-31 00:00:00+05:30,284.49005438541826,284.9840464714142,280.34050880269865,281.4766845703125,18720310,0.0,0.0,BEL.NS,1197
2024-11-01 00:00:00+05:30,283.20564186811754,286.7623907290419,282.56345822052015,285.1816101074219,5265231,0.0,0.0,BEL.NS,1198
2024-11-04 00:00:00+05:30,285.52744740188166,285.52744740188166,276.9319723920587,280.7357177734375,15157659,0.0,0.0,BEL.NS,1199
2024-11-05 00:00:00+05:30,279.1055261806924,283.7490638093619,273.81980487594325,282.9092712402344,18761867,0.0,0.0,BEL.NS,1200
2024-11-06 00:00:00+05:30,284.04544384245065,300.6435655440213,283.74906065705545,298.2230224609375,52804364,0.0,0.0,BEL.NS,1201
2024-11-07 00:00:00+05:30,297.3832420447783,298.3712262376181,292.54212553004027,296.7410583496094,24357284,0.0,0.0,BEL.NS,1202
2024-11-08 00:00:00+05:30,296.74106725474223,300.84119574789435,292.1963338011158,294.17230224609375,22935845,0.0,0.0,BEL.NS,1203
2024-11-11 00:00:00+05:30,293.92525972775167,300.14954728516346,290.862503092009,296.1482238769531,20155408,0.0,0.0,BEL.NS,1204
2024-11-12 00:00:00+05:30,296.3952865249875,297.2350792003192,283.84787400174133,286.66363525390625,14292965,0.0,0.0,BEL.NS,1205
2024-11-13 00:00:00+05:30,284.53947232931887,285.3792649965794,276.0922188048972,278.1669616699219,20001842,0.0,0.0,BEL.NS,1206
2024-11-14 00:00:00+05:30,278.6115596388075,281.032133121556,272.18966198755834,277.5741882324219,20541591,0.0,0.0,BEL.NS,1207
2024-11-18 00:00:00+05:30,279.5995180406584,283.2550715029569,273.9186091052033,274.708984375,12999925,0.0,0.0,BEL.NS,1208
2024-11-19 00:00:00+05:30,276.6355671762993,281.7730969127842,273.67161467083895,275.6475830078125,13160982,0.0,0.0,BEL.NS,1209
2024-11-21 00:00:00+05:30,275.1042113764146,275.1042113764146,267.0027289106316,272.1402587890625,14858108,0.0,0.0,BEL.NS,1210
2024-11-22 00:00:00+05:30,272.68364285013416,280.0935244493226,272.1896507435216,277.4753723144531,13268900,0.0,0.0,BEL.NS,1211
2024-11-25 00:00:00+05:30,286.5154198058921,295.4072776619371,284.49006424348045,288.8371887207031,49366681,0.0,0.0,BEL.NS,1212
2024-11-26 00:00:00+05:30,290.4673631449476,297.3832527436369,289.6275705206439,294.32049560546875,27347402,0.0,0.0,BEL.NS,1213
2024-11-27 00:00:00+05:30,295.2590861488714,304.2497484583863,293.87591428991954,303.6569519042969,39464505,0.0,0.0,BEL.NS,1214
2024-11-28 00:00:00+05:30,304.29913634505317,305.78111265842193,300.69300001269954,302.076171875,27772319,0.0,0.0,BEL.NS,1215
2024-11-29 00:00:00+05:30,302.02678170336964,306.86789824843237,301.3351807036957,304.29913330078125,23241947,0.0,0.0,BEL.NS,1216
2024-12-02 00:00:00+05:30,304.10152104773874,305.6823017789324,299.6555922011292,303.21234130859375,15549685,0.0,0.0,BEL.NS,1217
2024-12-03 00:00:00+05:30,305.28712689181356,308.9920677521511,304.1015337561512,308.3498840332031,21405136,0.0,0.0,BEL.NS,1218
2024-12-04 00:00:00+05:30,312.20302573221454,316.99475541682625,307.4607133510673,309.09088134765625,41441172,0.0,0.0,BEL.NS,1219
2024-12-05 00:00:00+05:30,310.2270467057706,311.61021859084207,306.86790637034386,310.7210388183594,17911694,0.0,0.0,BEL.NS,1220
2024-12-06 00:00:00+05:30,310.72102965092756,312.05481434574284,309.3378578066648,309.98004150390625,8359798,0.0,0.0,BEL.NS,1221
2024-12-09 00:00:00+05:30,309.8318400541328,313.289784630293,309.48603956633997,310.81982421875,11830104,0.0,0.0,BEL.NS,1222
2024-12-10 00:00:00+05:30,313.73434198425593,314.4753300665531,310.2270104550691,311.0668029785156,15811501,0.0,0.0,BEL.NS,1223
2024-12-11 00:00:00+05:30,311.1162114632836,312.6969921774539,309.2390475562182,310.3258361816406,9281006,0.0,0.0,BEL.NS,1224
2024-12-12 00:00:00+05:30,309.78243314599246,312.2030064908482,308.3498741497774,309.1896667480469,10978047,0.0,0.0,BEL.NS,1225
2024-12-13 00:00:00+05:30,309.23905613909943,312.54880925574923,304.44732671507376,311.8572082519531,15557064,0.0,0.0,BEL.NS,1226
2024-12-16 00:00:00+05:30,312.0053864623332,313.536780004764,310.2270270301572,312.4006042480469,10543307,0.0,0.0,BEL.NS,1227
2024-12-17 00:00:00+05:30,311.7584239619413,314.82118122542283,306.2751233304129,306.867919921875,18053073,0.0,0.0,BEL.NS,1228
2024-12-18 00:00:00+05:30,306.47268920344965,306.8678768252951,298.0254068009487,300.1495666503906,16598070,0.0,0.0,BEL.NS,1229
2024-12-19 00:00:00+05:30,291.45535467457734,296.8398809145131,291.45535467457734,294.9132995605469,13349532,0.0,0.0,BEL.NS,1230
2024-12-20 00:00:00+05:30,294.41927468579274,298.47001570325716,285.8732178769355,287.3551940917969,14964305,0.0,0.0,BEL.NS,1231
2024-12-23 00:00:00+05:30,290.46737086741354,291.75173833810527,284.53946533950716,290.81317138671875,10201072,0.0,0.0,BEL.NS,1232
2024-12-24 00:00:00+05:30,292.6903327109814,293.77712141114034,287.9974075451513,288.9360046386719,10685518,0.0,0.0,BEL.NS,1233
2024-12-26 00:00:00+05:30,289.4794070451356,292.443360018294,288.98541488294256,291.6529846191406,9172485,0.0,0.0,BEL.NS,1234
2024-12-27 00:00:00+05:30,292.29512950803365,292.5915127055583,287.849200639856,288.540771484375,9495184,0.0,0.0,BEL.NS,1235
2024-12-30 00:00:00+05:30,288.5407653698777,288.9853703076277,279.4513290780828,281.4766845703125,25876258,0.0,0.0,BEL.NS,1236
2024-12-31 00:00:00+05:30,281.0815061390667,290.4673560804415,280.8345100879779,289.6275634765625,15725947,0.0,0.0,BEL.NS,1237
2025-01-01 00:00:00+05:30,289.6275726143709,291.0601618162385,286.7624243615217,290.3685607910156,6954271,0.0,0.0,BEL.NS,1238
2025-01-02 00:00:00+05:30,290.91196482350097,294.22168783051046,287.8492077199133,293.23370361328125,13361957,0.0,0.0,BEL.NS,1239
2025-01-03 00:00:00+05:30,292.9373019284349,293.6782900446114,287.997381153925,288.4419860839844,8167968,0.0,0.0,BEL.NS,1240
2025-01-06 00:00:00+05:30,289.03476472435113,289.03476472435113,277.1789543623055,278.7597351074219,12638091,0.0,0.0,BEL.NS,1241
2025-01-07 00:00:00+05:30,278.7597234522281,284.7370456837066,277.6729348509699,283.55145263671875,13247733,0.0,0.0,BEL.NS,1242
2025-01-08 00:00:00+05:30,283.55147436896715,283.55147436896715,276.7343892035141,278.7103576660156,10996122,0.0,0.0,BEL.NS,1243
2025-01-09 00:00:00+05:30,277.87054443359375,280.6863053140309,276.2403766030934,277.87054443359375,12715512,0.0,0.0,BEL.NS,1244
2025-01-10 00:00:00+05:30,276.63557101879616,277.6235552010061,266.7557291966963,267.74371337890625,15317565,0.0,0.0,BEL.NS,1245
2025-01-13 00:00:00+05:30,261.815790565719,265.66892258537763,255.19628493257238,256.4806823730469,19429753,0.0,0.0,BEL.NS,1246
2025-01-14 00:00:00+05:30,259.83980690818936,267.7436793616704,258.06144766650834,266.6568908691406,18938129,0.0,0.0,BEL.NS,1247
2025-01-15 00:00:00+05:30,268.7317204724351,268.9293293860785,263.1001980933565,264.631591796875,11376064,0.0,0.0,BEL.NS,1248
2025-01-16 00:00:00+05:30,270.1148612081333,274.7089814861429,268.138892903537,272.8318176269531,17234302,0.0,0.0,BEL.NS,1249
2025-01-17 00:00:00+05:30,272.140259079144,280.48870745188685,270.7570570828641,278.7597351074219,12741720,0.0,0.0,BEL.NS,1250
2025-01-20 00:00:00+05:30,279.79711017810797,284.34181293360876,277.3271499193001,282.3658447265625,10483849,0.0,0.0,BEL.NS,1251
2025-01-21 00:00:00+05:30,282.365863293169,283.4526519086813,274.9065948814474,275.6475830078125,13020489,0.0,0.0,BEL.NS,1252
2025-01-22 00:00:00+05:30,275.64755770768346,275.9439408706726,263.10014785920345,267.10150146484375,21272549,0.0,0.0,BEL.NS,1253
2025-01-23 00:00:00+05:30,265.5701217758472,273.622216546721,263.89056684732356,270.65826416015625,11978782,0.0,0.0,BEL.NS,1254
2025-01-24 00:00:00+05:30,270.6582578389804,273.37521412987735,265.570115573504,266.9039001464844,10164897,0.0,0.0,BEL.NS,1255
2025-01-27 00:00:00+05:30,263.7917594070619,263.7917594070619,258.6542299350358,259.7904357910156,13710372,0.0,0.0,BEL.NS,1256
2025-01-28 00:00:00+05:30,260.333828507873,262.5074057398294,249.663596468553,255.14691162109375,29049716,0.0,0.0,BEL.NS,1257
2025-01-29 00:00:00+05:30,255.8879272831933,264.7797857602155,255.8879272831933,263.9894104003906,14361301,0.0,0.0,BEL.NS,1258
2025-01-30 00:00:00+05:30,265.61956639641005,277.1295766513978,264.6809693170937,275.4006042480469,46735932,0.0,0.0,BEL.NS,1259
2025-01-31 00:00:00+05:30,280.48871352980245,290.66496906826546,278.2163618881914,289.1335754394531,50252116,0.0,0.0,BEL.NS,1260
2025-02-01 00:00:00+05:30,292.3939412279477,296.00007759162673,266.06413771100216,278.4139404296875,61832253,0.0,0.0,BEL.NS,1261
2025-02-03 00:00:00+05:30,274.5114191204206,274.5114191204206,260.13623075649355,270.8558654785156,41786023,0.0,0.0,BEL.NS,1262
2025-02-04 00:00:00+05:30,272.68361691976054,282.5634581125055,272.58481247765656,281.08148193359375,29035155,0.0,0.0,BEL.NS,1263
2025-02-05 00:00:00+05:30,282.2176917827597,288.29378882119636,281.57550805771757,285.4780578613281,18818511,0.0,0.0,BEL.NS,1264
2025-02-06 00:00:00+05:30,285.47804703486213,286.46603123619286,275.6475921712676,276.3885803222656,16834939,0.0,0.0,BEL.NS,1265
2025-02-07 00:00:00+05:30,277.37656187110156,278.90792530816606,269.81848883337494,273.72100830078125,26682639,0.0,0.0,BEL.NS,1266
2025-02-10 00:00:00+05:30,275.5487716150427,278.8091373793956,268.7316870544986,270.1642761230469,21789085,0.0,0.0,BEL.NS,1267
2025-02-11 00:00:00+05:30,270.5100657298253,270.70767463297733,259.5928522256014,261.8652038574219,23839025,0.0,0.0,BEL.NS,1268
2025-02-12 00:00:00+05:30,261.7664288102479,262.556804118831,250.94798963756563,256.0361022949219,27997028,0.0,0.0,BEL.NS,1269
2025-02-13 00:00:00+05:30,256.0361010152942,262.30980675505543,255.49272176221976,258.4072570800781,18016813,0.0,0.0,BEL.NS,1270
2025-02-14 00:00:00+05:30,259.04947706107544,261.3218287287975,245.21768277125375,247.34185791015625,25683310,0.0,0.0,BEL.NS,1271
2025-02-17 00:00:00+05:30,245.95867375561863,246.99606022364657,239.68498287120389,245.5140838623047,24947159,0.0,0.0,BEL.NS,1272
2025-02-18 00:00:00+05:30,246.00805877390954,246.7490469027466,237.65959553743355,241.6609344482422,21180375,0.0,0.0,BEL.NS,1273
2025-02-19 00:00:00+05:30,237.80778308028857,250.94797535615183,237.3631932256515,250.3551788330078,21516255,0.0,0.0,BEL.NS,1274
2025-02-20 00:00:00+05:30,248.9719948892291,257.8144647045764,247.24302270249834,257.12286376953125,18922988,0.0,0.0,BEL.NS,1275
2025-02-21 00:00:00+05:30,256.3819064489087,259.3458591246186,251.34318087002464,253.02276611328125,16594628,0.0,0.0,BEL.NS,1276
2025-02-24 00:00:00+05:30,247.98403853917054,255.34453301831687,247.49004643052677,253.26976013183594,15409569,0.0,0.0,BEL.NS,1277
2025-02-25 00:00:00+05:30,253.26974840069292,255.44329548751816,252.2817642291676,253.56613159179688,14770656,0.0,0.0,BEL.NS,1278
2025-02-27 00:00:00+05:30,254.0107307981866,255.29509813183714,248.87320116181743,249.41659545898438,11087361,0.0,0.0,BEL.NS,1279
2025-02-28 00:00:00+05:30,246.996047896177,247.93462986309402,240.57415065087642,243.29110717773438,17754591,0.0,0.0,BEL.NS,1280
2025-03-03 00:00:00+05:30,244.526078691217,255.78909204318117,241.4238090433643,254.29725646972656,24644079,0.0,0.0,BEL.NS,1281
2025-03-04 00:00:00+05:30,250.8393153540527,263.2977970875547,249.4660178784524,261.529296875,24998454,0.0,0.0,BEL.NS,1282
2025-03-05 00:00:00+05:30,261.8158507573725,272.4860695958078,260.1659036390385,271.6166687011719,28499877,0.0,0.0,BEL.NS,1283
2025-03-06 00:00:00+05:30,272.8910959396048,277.62354850041805,268.56372050182694,269.6702880859375,22586087,0.0,0.0,BEL.NS,1284
2025-03-07 00:00:00+05:30,272.48603951423325,276.36884046620946,270.7076799544489,273.6617431640625,25542382,0.0,0.0,BEL.NS,1285
2025-03-10 00:00:00+05:30,275.25241984151967,280.06389834566653,268.28711274391674,269.0577392578125,20986855,0.0,0.0,BEL.NS,1286
2025-03-11 00:00:00+05:30,270.1704239317,276.67754987154603,267.28937671643797,275.3661804199219,20980143,1.5,0.0,BEL.NS,1287
2025-03-12 00:00:00+05:30,276.9557148281683,278.5651090015789,272.3262053547748,275.0184631347656,15308721,0.0,0.0,BEL.NS,1288
2025-03-13 00:00:00+05:30,281.14809344413095,283.92975856660445,277.5915337291201,278.2372741699219,38015489,0.0,0.0,BEL.NS,1289
2025-03-17 00:00:00+05:30,279.1611804142402,281.5256109212779,274.9091892704679,278.0981750488281,13883681,0.0,0.0,BEL.NS,1290
2025-03-18 00:00:00+05:30,278.0981750488281,278.0981750488281,278.0981750488281,278.0981750488281,0,0.0,0.0,BEL.NS,1291
2025-03-19 00:00:00+05:30,284.1284701643319,291.07271922641786,282.89659419121415,288.102294921875,21095205,0.0,0.0,BEL.NS,1292
2025-03-20 00:00:00+05:30,292.88080804052265,295.8313740477965,289.1950941767289,295.10614013671875,27889890,0.0,0.0,BEL.NS,1293
2025-03-21 00:00:00+05:30,299.03030717356074,299.03030717356074,290.83429377096314,293.8047180175781,41751586,0.0,0.0,BEL.NS,1294
2025-03-24 00:00:00+05:30,294.9571238213965,302.9047729931034,294.41073506799194,300.12310791015625,29935092,0.0,0.0,BEL.NS,1295
2025-03-25 00:00:00+05:30,302.01067255746216,302.50740063732644,296.69567603933956,298.066650390625,19364944,0.0,0.0,BEL.NS,1296
2025-03-26 00:00:00+05:30,299.0998512030386,303.5008546837003,296.5367173507763,297.5798645019531,23869923,0.0,0.0,BEL.NS,1297
2025-03-27 00:00:00+05:30,295.0564777709916,300.023758541547,294.68890384483063,298.6825866699219,14453677,0.0,0.0,BEL.NS,1298
2025-03-28 00:00:00+05:30,302.01066069359933,304.5737641451472,297.11292929482534,299.34820556640625,20850848,0.0,0.0,BEL.NS,1299
2025-04-01 00:00:00+05:30,300.02376462335457,303.7988859583522,288.1022905323603,290.0892028808594,33171384,0.0,0.0,BEL.NS,1300
2025-04-02 00:00:00+05:30,288.0029228459198,288.84736661067814,272.65404399748735,280.552001953125,52653587,0.0,0.0,BEL.NS,1301
2025-04-03 00:00:00+05:30,281.14806948454486,286.3637138831097,280.7506931177527,285.6186218261719,20968721,0.0,0.0,BEL.NS,1302
2025-04-04 00:00:00+05:30,285.22126940411647,286.11537388392856,276.478837011382,278.167724609375,19699594,0.0,0.0,BEL.NS,1303
2025-04-07 00:00:00+05:30,255.31823339452924,272.7037162132229,254.52348059282508,270.3194274902344,24954083,0.0,0.0,BEL.NS,1304
2025-04-08 00:00:00+05:30,280.6017020006929,286.1153715120562,274.7899774532791,279.6082458496094,26787606,0.0,0.0,BEL.NS,1305
2025-04-09 00:00:00+05:30,279.1611857574465,280.9493947490269,274.7899846419017,278.3167419433594,11389916,0.0,0.0,BEL.NS,1306
2025-04-11 00:00:00+05:30,281.14809741639255,285.12192211485745,280.80038169170155,283.135009765625,13883110,0.0,0.0,BEL.NS,1307
2025-04-15 00:00:00+05:30,288.00292470443924,292.2251132376026,285.6682967460563,291.778076171875,19512440,0.0,0.0,BEL.NS,1308
2025-04-16 00:00:00+05:30,291.57938977318145,293.4172897757019,289.3937740429609,291.6787414550781,12479078,0.0,0.0,BEL.NS,1309
2025-04-17 00:00:00+05:30,291.08264230637,294.6590903914567,289.2447424261849,293.21856689453125,13609937,0.0,0.0,BEL.NS,1310
2025-04-21 00:00:00+05:30,295.5532029364431,299.6263791917473,293.2185749337062,297.9871826171875,14064356,0.0,0.0,BEL.NS,1311
2025-04-22 00:00:00+05:30,299.0303011828869,302.7557617457966,297.78848099525027,301.36492919921875,11962358,0.0,0.0,BEL.NS,1312
2025-04-23 00:00:00+05:30,303.60020773801585,308.2694334866551,299.82505614950605,303.84857177734375,21918666,0.0,0.0,BEL.NS,1313
2025-04-24 00:00:00+05:30,303.0041230174806,306.580571188803,301.4642781260173,303.6995544433594,17241517,0.0,0.0,BEL.NS,1314
2025-04-25 00:00:00+05:30,304.79233579538305,305.7857919489767,291.77808443760676,295.6525573730469,20307004,0.0,0.0,BEL.NS,1315
2025-04-28 00:00:00+05:30,294.0630063712262,305.8354672506762,293.91399401941027,303.05377197265625,29913417,0.0,0.0,BEL.NS,1316
2025-04-29 00:00:00+05:30,304.54398240143547,317.3595914850266,303.79889026019765,315.02496337890625,57882724,0.0,0.0,BEL.NS,1317
2025-04-30 00:00:00+05:30,316.9125153061537,318.3530388665139,310.5544019403891,312.0445861816406,24863436,0.0,0.0,BEL.NS,1318
2025-05-02 00:00:00+05:30,308.76617586682266,315.6707086070949,308.5675028168837,309.1138916015625,15451259,0.0,0.0,BEL.NS,1319
2025-05-05 00:00:00+05:30,311.8955832501454,314.82626082247975,311.1504911069944,313.2367248535156,10955241,0.0,0.0,BEL.NS,1320
2025-05-06 00:00:00+05:30,313.58443284151105,317.2105417850753,307.17665875934654,308.4681396484375,17029890,0.0,0.0,BEL.NS,1321
2025-05-07 00:00:00+05:30,303.0041327464874,313.13739783761883,303.0041327464874,307.9217529296875,19274367,0.0,0.0,BEL.NS,1322
2025-05-08 00:00:00+05:30,308.4681292749077,311.64720102743524,302.805417190054,305.1400451660156,17110997,0.0,0.0,BEL.NS,1323
2025-05-09 00:00:00+05:30,303.0041069499785,319.69415710728686,303.0041069499785,313.7831115722656,44244945,0.0,0.0,BEL.NS,1324
2025-05-12 00:00:00+05:30,322.87323765233975,322.87323765233975,314.13083595998006,320.6876220703125,39927141,0.0,0.0,BEL.NS,1325
2025-05-13 00:00:00+05:30,321.58178245753874,335.53982987052365,320.68764762771235,333.55291748046875,57985762,0.0,0.0,BEL.NS,1326
2025-05-14 00:00:00+05:30,336.7816524264598,343.73584583939555,332.311099518144,342.0966491699219,43684324,0.0,0.0,BEL.NS,1327
2025-05-15 00:00:00+05:30,344.2325522667968,348.7031048936383,338.5698401456474,348.1070251464844,35959338,0.0,0.0,BEL.NS,1328
2025-05-16 00:00:00+05:30,349.29917858349756,368.72123364282226,347.31226633935694,361.5186767578125,68855818,0.0,0.0,BEL.NS,1329
2025-05-19 00:00:00+05:30,370.4598080371817,371.0558878161243,360.1775303835209,361.36968994140625,52003735,0.0,0.0,BEL.NS,1330
2025-05-20 00:00:00+05:30,366.98270264923553,368.57223858270925,356.1540364741274,361.4193420410156,67088831,0.0,0.0,BEL.NS,1331
2025-05-21 00:00:00+05:30,364.4990629670271,381.3878178689629,361.61804613556626,380.49371337890625,88688170,0.0,0.0,BEL.NS,1332
2025-05-22 00:00:00+05:30,380.49370636629004,384.2191669377616,376.51988175672045,380.8910827636719,43486783,0.0,0.0,BEL.NS,1333
2025-05-23 00:00:00+05:30,386.60344852955916,387.34854063014984,378.6061387770363,381.2884521484375,37666187,0.0,0.0,BEL.NS,1334
2025-05-26 00:00:00+05:30,382.3812545239339,383.27535896835775,376.023141419517,382.0335388183594,26722908,0.0,0.0,BEL.NS,1335
2025-05-27 00:00:00+05:30,381.9839167055395,386.2557663256805,380.94079980137514,382.8780212402344,16859142,0.0,0.0,BEL.NS,1336
2025-05-28 00:00:00+05:30,382.9277079676158,390.9250183246151,381.5865360216051,387.8949890136719,27549144,0.0,0.0,BEL.NS,1337
2025-05-29 00:00:00+05:30,388.98774609078083,389.5341651677785,383.02700914963003,384.2688293457031,18562683,0.0,0.0,BEL.NS,1338
2025-05-30 00:00:00+05:30,384.26883735303096,387.4479092483733,381.13945645729245,382.083251953125,23144580,0.0,0.0,BEL.NS,1339
2025-06-02 00:00:00+05:30,382.4806235036542,386.7028122046686,381.23880329747357,384.9642639160156,11943152,0.0,0.0,BEL.NS,1340
2025-06-03 00:00:00+05:30,384.96427486597565,389.23612436959564,382.9773624795706,383.4740905761719,18630318,0.0,0.0,BEL.NS,1341
2025-06-04 00:00:00+05:30,384.4675276488394,388.73937694000966,381.5865108954077,388.0439758300781,20648850,0.0,0.0,BEL.NS,1342
2025-06-05 00:00:00+05:30,391.12369114644304,392.1171472780643,386.95116326648366,390.92498779296875,20746844,0.0,0.0,BEL.NS,1343
2025-06-06 00:00:00+05:30,392.2661781416247,394.2530904986112,386.6531567967133,388.1433410644531,17366507,0.0,0.0,BEL.NS,1344
2025-06-09 00:00:00+05:30,391.42174195217007,392.71322288222177,389.2361261897533,389.88189697265625,13744521,0.0,0.0,BEL.NS,1345
2025-06-10 00:00:00+05:30,393.90536452034297,399.220361000523,392.1171555727477,394.7994689941406,26456073,0.0,0.0,BEL.NS,1346
2025-06-11 00:00:00+05:30,395.64391496648386,395.64391496648386,388.0439814205334,390.32891845703125,18042738,0.0,0.0,BEL.NS,1347
2025-06-12 00:00:00+05:30,390.2295866627963,393.1602946057068,383.076720150652,384.86492919921875,15555771,0.0,0.0,BEL.NS,1348
2025-06-13 00:00:00+05:30,377.1656173411616,395.14717953176347,377.0166049837944,391.62042236328125,35564550,0.0,0.0,BEL.NS,1349
2025-06-16 00:00:00+05:30,393.5576508484238,401.85301582961904,391.6204295314417,401.207275390625,32061745,0.0,0.0,BEL.NS,1350
2025-06-17 00:00:00+05:30,403.14451824169424,404.833405927315,397.879212451263,399.12103271484375,24371681,0.0,0.0,BEL.NS,1351
2025-06-18 00:00:00+05:30,399.02164939654926,402.34973350267734,395.8922686439924,397.8791809082031,18879759,0.0,0.0,BEL.NS,1352
2025-06-19 00:00:00+05:30,398.37590467335895,401.15756968607286,390.8753230840902,395.9419250488281,18220823,0.0,0.0,BEL.NS,1353
2025-06-20 00:00:00+05:30,396.389021416201,407.3170395504822,395.14720117366903,405.5784912109375,122552435,0.0,0.0,BEL.NS,1354
2025-06-23 00:00:00+05:30,408.3104810154777,419.63587515525154,406.3732293798597,418.14569091796875,43017721,0.0,0.0,BEL.NS,1355
2025-06-24 00:00:00+05:30,423.6096802813512,423.7090319561702,412.28428666309645,415.7613830566406,33807025,0.0,0.0,BEL.NS,1356
2025-06-25 00:00:00+05:30,417.5496027523511,417.6489544297447,402.34973596525816,403.3928527832031,29028317,0.0,0.0,BEL.NS,1357
2025-06-26 00:00:00+05:30,406.2739133027358,411.19150315900634,404.1876492798288,407.4163818359375,25730795,0.0,0.0,BEL.NS,1358
2025-06-27 00:00:00+05:30,407.81377282965167,414.07253480439306,406.8203166230021,411.78759765625,41398277,0.0,0.0,BEL.NS,1359
2025-06-30 00:00:00+05:30,413.9235221094707,420.23197508027965,411.53923327897365,418.7417907714844,20350621,0.0,0.0,BEL.NS,1360
2025-07-01 00:00:00+05:30,422.02015685374556,433.14687776758603,421.3247557453027,429.4214172363281,35405785,0.0,0.0,BEL.NS,1361
2025-07-02 00:00:00+05:30,428.2292432003636,429.9181307110113,419.8345572789957,424.1560974121094,22843521,0.0,0.0,BEL.NS,1362
2025-07-03 00:00:00+05:30,424.901186314684,427.8815546162099,421.27504729352825,423.4606628417969,13499244,0.0,0.0,BEL.NS,1363
2025-07-04 00:00:00+05:30,427.1861464538295,429.5704351611594,422.9639577970184,424.7521667480469,16618426,0.0,0.0,BEL.NS,1364
2025-07-07 00:00:00+05:30,424.6528211088437,424.6528211088437,413.42674901358504,414.37054443359375,22221724,0.0,0.0,BEL.NS,1365
2025-07-08 00:00:00+05:30,415.26467027709384,420.57966673775616,413.52612201636435,419.2384948730469,15970711,0.0,0.0,BEL.NS,1366
2025-07-09 00:00:00+05:30,421.17575370650184,421.2254143876518,413.77449314258723,414.9169616699219,14956297,0.0,0.0,BEL.NS,1367
2025-07-10 00:00:00+05:30,415.711717729129,416.754834508377,407.8137295963975,410.7940979003906,17914452,0.0,0.0,BEL.NS,1368
2025-07-11 00:00:00+05:30,408.31046958002054,410.4960851939736,402.449084474442,406.62158203125,15186245,0.0,0.0,BEL.NS,1369
2025-07-14 00:00:00+05:30,402.8464955284591,407.66476423892254,402.498779789335,404.63470458984375,17844425,0.0,0.0,BEL.NS,1370
2025-07-15 00:00:00+05:30,405.82682787937205,410.1980287745957,405.1313964633223,406.2738952636719,11971127,0.0,0.0,BEL.NS,1371
2025-07-16 00:00:00+05:30,406.7209505751646,407.61505506599786,402.8464775696361,403.4922180175781,9173824,0.0,0.0,BEL.NS,1372
2025-07-17 00:00:00+05:30,403.4922140003199,406.02554540331425,400.4124938355553,401.55499267578125,7922270,0.0,0.0,BEL.NS,1373
2025-07-18 00:00:00+05:30,401.6046423594962,404.28698604971527,391.5707293377742,392.16680908203125,21172393,0.0,0.0,BEL.NS,1374
2025-07-21 00:00:00+05:30,392.017797792003,398.32625032662605,388.54070131189786,397.3327941894531,12980473,0.0,0.0,BEL.NS,1375
2025-07-22 00:00:00+05:30,400.36283703999635,402.0517246583826,397.1341044832222,400.4621887207031,12447434,0.0,0.0,BEL.NS,1376
2025-07-23 00:00:00+05:30,400.859570036162,402.25040262946555,394.00472843369147,397.5811767578125,10413255,0.0,0.0,BEL.NS,1377
2025-07-24 00:00:00+05:30,398.0779006494454,399.2700298663231,393.4086445091808,395.6439208984375,6767566,0.0,0.0,BEL.NS,1378
2025-07-25 00:00:00+05:30,396.3890129308967,398.07790055173774,390.92500398072144,392.6138916015625,9202508,0.0,0.0,BEL.NS,1379
2025-07-28 00:00:00+05:30,392.6138962492605,393.7563647978826,380.791743399177,386.70281982421875,19856033,0.0,0.0,BEL.NS,1380
2025-07-29 00:00:00+05:30,387.4478988500081,388.19299096318116,375.5264250392386,385.7093505859375,25307639,0.0,0.0,BEL.NS,1381
2025-07-30 00:00:00+05:30,388.3916865883668,389.83217978776514,382.48061048105495,383.9707946777344,11335944,0.0,0.0,BEL.NS,1382
2025-07-31 00:00:00+05:30,376.5198719137994,385.70934108319955,376.32116856136514,380.5930480957031,9702316,0.0,0.0,BEL.NS,1383
2025-08-01 00:00:00+05:30,380.59304395407577,380.99042033674516,373.7382028199361,374.7316589355469,8702605,0.0,0.0,BEL.NS,1384
2025-08-04 00:00:00+05:30,376.5199036034637,387.69628596636335,373.98660239502414,387.0008544921875,13454379,0.0,0.0,BEL.NS,1385
2025-08-05 00:00:00+05:30,387.4478961576739,387.6962601936724,380.84141886368866,384.11981201171875,13482710,0.0,0.0,BEL.NS,1386
2025-08-06 00:00:00+05:30,389.43480883247753,390.92499304994874,384.5668797856467,387.1498718261719,16852693,0.0,0.0,BEL.NS,1387
2025-08-07 00:00:00+05:30,383.4740677322594,387.74591698140136,380.9904273972059,385.2126159667969,11520396,0.0,0.0,BEL.NS,1388
2025-08-08 00:00:00+05:30,382.77865308669107,384.8649171231422,381.0897957755651,382.083251953125,7139111,0.0,0.0,BEL.NS,1389
2025-08-11 00:00:00+05:30,381.4871690633313,385.8583701452734,379.0531893210632,381.3878173828125,8910936,0.0,0.0,BEL.NS,1390
2025-08-12 00:00:00+05:30,381.4871931683632,382.8283651454214,377.0663008078807,377.861083984375,9329093,0.0,0.0,BEL.NS,1391
2025-08-13 00:00:00+05:30,379.69897275582633,387.34856732501834,379.5996210719922,386.3054504394531,10930440,0.0,0.0,BEL.NS,1392
2025-08-14 00:00:00+05:30,386.20584769640396,386.35520574469433,380.9282970138731,383.2683410644531,8046552,0.9,0.0,BEL.NS,1393
2025-08-18 00:00:00+05:30,386.3552249285131,388.09780648424737,379.4844808721172,380.8785400390625,11778056,0.0,0.0,BEL.NS,1394
2025-08-19 00:00:00+05:30,380.8785300781035,382.0734552689266,375.899725763357,378.43890380859375,11111204,0.0,0.0,BEL.NS,1395
2025-08-20 00:00:00+05:30,382.27258784095204,382.6708861070648,369.5268609960849,370.273681640625,20289349,0.0,0.0,BEL.NS,1396
2025-08-21 00:00:00+05:30,371.4188137845498,375.8001556443125,369.9251724422527,372.6137390136719,12680853,0.0,0.0,BEL.NS,1397
2025-08-22 00:00:00+05:30,372.2153886988177,378.3393421566636,372.016254764352,373.2609558105469,15246732,0.0,0.0,BEL.NS,1398
2025-08-25 00:00:00+05:30,376.24823995016146,378.4388955680221,369.9251525304778,370.4728088378906,8577673,0.0,0.0,BEL.NS,1399
2025-08-26 00:00:00+05:30,370.42302576047246,370.4728016462858,362.7058793904626,364.2991027832031,15718869,0.0,0.0,BEL.NS,1400
2025-08-28 00:00:00+05:30,362.5067206044238,366.19104785711414,359.6688265291508,362.3075866699219,12218065,0.0,0.0,BEL.NS,1401
2025-08-29 00:00:00+05:30,360.7641374224891,369.4272688196348,360.06712307273597,367.83404541015625,12739664,0.0,0.0,BEL.NS,1402
2025-09-01 00:00:00+05:30,368.381734839541,373.65925513520085,365.991884513452,372.3149719238281,8821349,0.0,0.0,BEL.NS,1403
2025-09-02 00:00:00+05:30,375.7005543971432,377.3435841007971,372.16561555518047,375.0035400390625,12169182,0.0,0.0,BEL.NS,1404
2025-09-03 00:00:00+05:30,376.14865007467824,379.5840370618813,375.50141161876985,377.0946350097656,9919255,0.0,0.0,BEL.NS,1405
2025-09-04 00:00:00+05:30,379.88277690298605,379.88277690298605,370.42304851352765,370.9209289550781,9288078,0.0,0.0,BEL.NS,1406
2025-09-05 00:00:00+05:30,372.4145658397017,373.90820714654546,366.9378810479414,369.2281188964844,7325669,0.0,0.0,BEL.NS,1407
2025-09-08 00:00:00+05:30,370.0745155968549,372.9124401105854,369.2779190683244,370.3234558105469,6897641,0.0,0.0,BEL.NS,1408
2025-09-09 00:00:00+05:30,370.32345422259624,372.41455808628416,368.3319325216001,370.3732604980469,10598912,0.0,0.0,BEL.NS,1409
2025-09-10 00:00:00+05:30,372.11585440822313,387.3509837741323,371.46858552322493,386.4049987792969,23174318,0.0,0.0,BEL.NS,1410
2025-09-11 00:00:00+05:30,387.948451614481,390.83615213862737,382.42196040226935,383.5173034667969,19042696,0.0,0.0,BEL.NS,1411
2025-09-12 00:00:00+05:30,384.36369250325316,398.1549865113875,383.66664774498406,397.6072998046875,26356961,0.0,0.0,BEL.NS,1412
2025-09-15 00:00:00+05:30,398.3043424647357,401.39120719647934,394.02258293852367,396.76092529296875,18486916,0.0,0.0,BEL.NS,1413
2025-09-16 00:00:00+05:30,396.7609294952146,401.5903453881819,394.5204675451209,401.1920471191406,12467341,0.0,0.0,BEL.NS,1414
2025-09-17 00:00:00+05:30,403.781026832813,414.88375429200426,403.2831464051523,410.45263671875,31367478,0.0,0.0,BEL.NS,1415
2025-09-18 00:00:00+05:30,413.240770666018,413.240770666018,406.46960874773873,408.1623840332031,12000897,0.0,0.0,BEL.NS,1416
2025-09-19 00:00:00+05:30,407.2661776191736,411.69732544781976,406.51935700006754,407.1665954589844,16150731,0.0,0.0,BEL.NS,1417
2025-09-22 00:00:00+05:30,408.0627964907123,409.6560199764403,403.63167880739974,404.6772155761719,10884230,0.0,0.0,BEL.NS,1418
2025-09-23 00:00:00+05:30,404.67721965313103,405.9717270431687,400.59459392613803,402.7355041503906,11906108,0.0,0.0,BEL.NS,1419
2025-09-24 00:00:00+05:30,402.7354990196453,403.23337945834527,393.3255465729328,393.7736511230469,10835672,0.0,0.0,BEL.NS,1420
2025-09-25 00:00:00+05:30,393.77363872231393,404.7270080287682,390.78635618419,401.44097900390625,23804019,0.0,0.0,BEL.NS,1421
2025-09-26 00:00:00+05:30,401.9388567097285,404.4282588080028,392.7280689461135,394.2217102050781,11687034,0.0,0.0,BEL.NS,1422
2025-09-29 00:00:00+05:30,399.3001144094393,406.4197986510677,397.3583685307176,398.25457763671875,23390892,0.0,0.0,BEL.NS,1423
2025-09-30 00:00:00+05:30,403.2831466066071,404.6772057271114,400.14650598841985,402.23760986328125,14681751,0.0,0.0,BEL.NS,1424
2025-10-01 00:00:00+05:30,400.29587050997463,407.26619661338214,397.65711027704094,404.77679443359375,13156495,0.0,0.0,BEL.NS,1425
2025-10-03 00:00:00+05:30,405.0755190180912,412.0458452673873,403.38274373333155,410.9007263183594,16002501,0.0,0.0,BEL.NS,1426
2025-10-06 00:00:00+05:30,410.9505126361802,413.1411682609187,405.77254409005405,411.4981689453125,14684188,0.0,0.0,BEL.NS,1427
2025-10-07 00:00:00+05:30,411.4981756393407,413.78841346341665,407.3657741455289,408.5606689453125,11933246,0.0,0.0,BEL.NS,1428
2025-10-08 00:00:00+05:30,408.6602592336353,410.2534827198984,401.39121696208633,401.9388732910156,8668516,0.0,0.0,BEL.NS,1429
2025-10-09 00:00:00+05:30,401.9886727746965,408.2619540598443,401.2916280149201,407.6147155761719,9035150,0.0,0.0,BEL.NS,1430
2025-10-10 00:00:00+05:30,407.2661771209237,413.7386224785912,406.6189386627987,411.7471008300781,13813014,0.0,0.0,BEL.NS,1431
2025-10-13 00:00:00+05:30,411.1994590297628,411.2492349174471,404.6274312803166,407.66448974609375,7858503,0.0,0.0,BEL.NS,1432
2025-10-14 00:00:00+05:30,408.2619412350048,412.3943426113271,399.89755632149047,400.69415283203125,10789648,0.0,0.0,BEL.NS,1433
2025-10-15 00:00:00+05:30,401.291639013773,408.5109054724575,401.291639013773,406.3700256347656,10892830,0.0,0.0,BEL.NS,1434
2025-10-16 00:00:00+05:30,407.3657851259235,410.95053039831953,407.3159788486255,410.0543212890625,11479498,0.0,0.0,BEL.NS,1435
2025-10-17 00:00:00+05:30,408.61048342122285,418.2195698411208,407.91343864953683,411.0500793457031,19566580,0.0,0.0,BEL.NS,1436
2025-10-20 00:00:00+05:30,414.7344055175781,415.77994228376684,410.7513620072052,414.7344055175781,10580573,0.0,0.0,BEL.NS,1437
2025-10-21 00:00:00+05:30,416.37739544088697,417.37315629588767,414.83397827091983,415.9293212890625,2915071,0.0,0.0,BEL.NS,1438
2025-10-23 00:00:00+05:30,419.7131991643585,420.7089600164685,416.22803618197355,416.8752746582031,21980966,0.0,0.0,BEL.NS,1439
2025-10-24 00:00:00+05:30,420.2110883694509,421.90389400868776,418.11998445869074,420.2608642578125,18720794,0.0,0.0,BEL.NS,1440
2025-10-27 00:00:00+05:30,423.1983565422036,423.1983565422036,412.842449895048,413.3901062011719,12158324,0.0,0.0,BEL.NS,1441
2025-10-28 00:00:00+05:30,415.0331284227572,415.0331284227572,409.1083693369713,411.7969055175781,12247991,0.0,0.0,BEL.NS,1442
2025-10-29 00:00:00+05:30,411.7969037744863,413.14118705320493,405.1253240465145,405.4738464355469,14498733,0.0,0.0,BEL.NS,1443
2025-10-30 00:00:00+05:30,406.07128007990156,408.90920470308146,402.5861169538026,408.1623840332031,11172780,0.0,0.0,BEL.NS,1444
2025-10-31 00:00:00+05:30,412.0458245731689,425.43882006339146,406.41978188929374,424.293701171875,51342361,0.0,0.0,BEL.NS,1445
2025-11-03 00:00:00+05:30,426.1856451609873,429.1729277205269,414.6348131864588,420.5097961425781,27222212,0.0,0.0,BEL.NS,1446
2025-11-04 00:00:00+05:30,418.21955234758946,420.6093722833624,412.7428677335139,413.3901062011719,12831686,0.0,0.0,BEL.NS,1447
2025-11-06 00:00:00+05:30,409.25770259066473,413.24074592488046,405.72276378683193,407.0670166015625,12786294,0.0,0.0,BEL.NS,1448
2025-11-07 00:00:00+05:30,406.27042176655857,414.23650846786364,403.58185534958443,412.4939270019531,10141248,0.0,0.0,BEL.NS,1449
2025-11-10 00:00:00+05:30,414.18673757271057,418.6178551207863,412.24499176058345,415.0829162597656,9288444,0.0,0.0,BEL.NS,1450
2025-11-11 00:00:00+05:30,415.38164996845944,426.0860795561272,415.38164996845944,425.4886169433594,24889361,0.0,0.0,BEL.NS,1451
2025-11-12 00:00:00+05:30,426.3350132761426,427.57971437200206,420.01192563153444,422.9494323730469,15221773,0.0,0.0,BEL.NS,1452
2025-11-13 00:00:00+05:30,421.3561906120078,423.39751855357974,417.2237892306822,418.0203857421875,9091428,0.0,0.0,BEL.NS,1453
2025-11-14 00:00:00+05:30,417.02463422223997,426.8826910044827,416.92508244723524,425.04052734375,14719899,0.0,0.0,BEL.NS,1454
2025-11-17 00:00:00+05:30,426.1358860024919,427.679303230227,420.60939481746345,422.7502746582031,12996079,0.0,0.0,BEL.NS,1455
2025-11-18 00:00:00+05:30,422.7502743503268,427.629527029468,418.5182905612587,419.1157531738281,13340937,0.0,0.0,BEL.NS,1456
2025-11-19 00:00:00+05:30,418.21955896908855,422.4515426015139,413.29053058309756,421.406005859375,9661756,0.0,0.0,BEL.NS,1457
2025-11-20 00:00:00+05:30,423.1983698851673,425.38905595515104,420.4102516035609,421.20684814453125,10463382,0.0,0.0,BEL.NS,1458
2025-11-21 00:00:00+05:30,419.713214994374,421.555378717899,413.7386496563758,414.5850524902344,8395038,0.0,0.0,BEL.NS,1459
2025-11-24 00:00:00+05:30,412.2449993266181,413.58928257597734,399.3001080434151,402.0882263183594,23696864,0.0,0.0,BEL.NS,1460
2025-11-25 00:00:00+05:30,404.7767915324711,410.65177455702246,404.27891110008187,408.5108947753906,14107503,0.0,0.0,BEL.NS,1461
2025-11-26 00:00:00+05:30,408.51087920829184,414.7343843759989,406.7682977613338,413.5394592285156,8339381,0.0,0.0,BEL.NS,1462
2025-11-27 00:00:00+05:30,413.53947316635526,415.5309948871433,410.25347448233896,411.29901123046875,5251173,0.0,0.0,BEL.NS,1463
2025-11-28 00:00:00+05:30,412.24500912525616,413.4897102397648,406.9176822775171,410.0045471191406,6690232,0.0,0.0,BEL.NS,1464
2025-12-01 00:00:00+05:30,414.1369484092208,417.4229775818122,411.7471283489248,415.4812316894531,9650320,0.0,0.0,BEL.NS,1465
2025-12-02 00:00:00+05:30,416.27781553243886,416.87527812631726,409.2577136219449,411.29901123046875,11215451,0.0,0.0,BEL.NS,1466
2025-12-03 00:00:00+05:30,410.25347259733854,410.9505173516956,401.6899231596551,402.23760986328125,12294040,0.0,0.0,BEL.NS,1467
2025-12-04 00:00:00+05:30,404.07975846405645,407.76408592562854,400.04693900029616,405.4240417480469,10865110,0.0,0.0,BEL.NS,1468
2025-12-05 00:00:00+05:30,407.2661831854217,408.95898876714847,403.63166220040637,405.1750793457031,11774958,0.0,0.0,BEL.NS,1469
2025-12-08 00:00:00+05:30,404.7270170492327,404.7270170492327,383.3679342703167,384.7619934082031,25593778,0.0,0.0,BEL.NS,1470
2025-12-09 00:00:00+05:30,383.41770024807204,389.34248941621115,378.93677645683687,387.799072265625,19270896,0.0,0.0,BEL.NS,1471
2025-12-10 00:00:00+05:30,388.34673751062127,389.79060292075246,384.1147538326209,385.7079772949219,8372979,0.0,0.0,BEL.NS,1472
2025-12-11 00:00:00+05:30,384.3636890435988,388.346732453377,383.517286241379,385.8573303222656,7666925,0.0,0.0,BEL.NS,1473
2025-12-12 00:00:00+05:30,386.35520688872106,392.4293541055928,386.35520688872106,387.799072265625,12661065,0.0,0.0,BEL.NS,1474
2025-12-15 00:00:00+05:30,387.4007612300449,390.73656628170284,386.35522445317497,389.09356689453125,9087687,0.0,0.0,BEL.NS,1475
2025-12-16 00:00:00+05:30,389.09356705183836,389.54167160679845,383.1190017228274,386.355224609375,8700626,0.0,0.0,BEL.NS,1476
2025-12-17 00:00:00+05:30,386.3552130488603,386.75351131456773,383.3679304737403,383.96539306640625,6612962,0.0,0.0,BEL.NS,1477
2025-12-18 00:00:00+05:30,382.4219561468656,385.16029858360804,378.83724126751684,381.82452392578125,7510229,0.0,0.0,BEL.NS,1478
2025-12-19 00:00:00+05:30,381.87429170050063,391.8319003497966,381.87429170050063,391.1846618652344,11595429,0.0,0.0,BEL.NS,1479
2025-12-22 00:00:00+05:30,391.33403012393524,397.6073115813247,391.23444795720303,397.2588195800781,9321669,0.0,0.0,BEL.NS,1480
2025-12-23 00:00:00+05:30,397.30858039849966,400.79374338445143,394.0723576258302,397.7068786621094,7734965,0.0,0.0,BEL.NS,1481
2025-12-24 00:00:00+05:30,397.308590927124,401.9388729392341,395.91453177344283,398.3043518066406,8097208,0.0,0.0,BEL.NS,1482
2025-12-26 00:00:00+05:30,401.29162503322124,405.8223247734737,395.46641794703254,396.76092529296875,13284184,0.0,0.0,BEL.NS,1483
2025-12-29 00:00:00+05:30,399.30009321732956,401.7397194084796,390.7863502678546,391.58294677734375,15690096,0.0,0.0,BEL.NS,1484
2025-12-30 00:00:00+05:30,394.12212301377053,395.3170481609764,387.8986178475083,391.6327209472656,37726382,0.0,0.0,BEL.NS,1485
2025-12-31 00:00:00+05:30,394.2217091263055,399.5988115662219,394.022575191914,397.9060363769531,9409818,0.0,0.0,BEL.NS,1486
2026-01-01 00:00:00+05:30,398.20475474113465,399.0511575346954,392.9272344324536,396.01409912109375,6084786,0.0,0.0,BEL.NS,1487
2026-01-02 00:00:00+05:30,397.9558160427617,403.8806052319912,397.25880168345844,401.44097900390625,10950368,0.0,0.0,BEL.NS,1488
2026-01-05 00:00:00+05:30,401.1422740677106,416.8255078292685,401.09246779109696,412.04583740234375,26097635,0.0,0.0,BEL.NS,1489
2026-01-06 00:00:00+05:30,412.9420393660888,413.9378002226377,408.461115511619,411.34881591796875,9927677,0.0,0.0,BEL.NS,1490
2026-01-07 00:00:00+05:30,411.3488224192345,414.48546308929525,407.81385308969095,413.88800048828125,8279218,0.0,0.0,BEL.NS,1491
2026-01-08 00:00:00+05:30,413.9378067648217,421.1570730888995,412.29477701498064,413.88800048828125,22238704,0.0,0.0,BEL.NS,1492
2026-01-09 00:00:00+05:30,415.23227532986357,422.7502576080101,414.087156427579,416.8752746582031,22963210,0.0,0.0,BEL.NS,1493
2026-01-12 00:00:00+05:30,417.72167867277983,418.02039477399614,408.8594131409158,415.9293212890625,14594852,0.0,0.0,BEL.NS,1494
2026-01-13 00:00:00+05:30,417.97063024366406,420.55961461465586,407.6644990367261,411.9462890625,13393010,0.0,0.0,BEL.NS,1495
2026-01-14 00:00:00+05:30,409.2577146587487,419.016158960048,409.2577146587487,415.8297424316406,17676239,0.0,0.0,BEL.NS,1496
2026-01-15 00:00:00+05:30,415.8297424316406,415.8297424316406,415.8297424316406,415.8297424316406,0,0.0,0.0,BEL.NS,1497
2026-01-16 00:00:00+05:30,414.7841760682113,415.4812208288403,404.62743348039635,408.5108947753906,18888193,0.0,0.0,BEL.NS,1498
2026-01-19 00:00:00+05:30,408.26196103537984,413.14118327255085,405.9717231653436,411.0500793457031,8012134,0.0,0.0,BEL.NS,1499
2026-01-20 00:00:00+05:30,412.1454153500886,413.6390566454295,404.2789106056019,407.6147155761719,32732305,0.0,0.0,BEL.NS,1500
2026-01-21 00:00:00+05:30,404.77680072851103,407.76408339071406,395.3170722982014,400.943115234375,19150437,0.0,0.0,BEL.NS,1501
2026-01-22 00:00:00+05:30,404.2789199950914,416.52676674606244,404.2789199950914,415.531005859375,19763144,0.0,0.0,BEL.NS,1502
2026-01-23 00:00:00+05:30,417.22378709535235,417.22378709535235,406.7682983972588,408.958984375,12715222,0.0,0.0,BEL.NS,1503
2026-01-27 00:00:00+05:30,414.68461748476284,417.4727357050885,409.8551712922261,414.1867370605469,15482165,0.0,0.0,BEL.NS,1504
2026-01-28 00:00:00+05:30,416.228050383511,455.5606053838667,415.53100560796724,451.0796813964844,71986647,0.0,0.0,BEL.NS,1505
2026-01-29 00:00:00+05:30,452.3243603014436,454.0171658799798,436.39218690612586,442.6156921386719,42412510,0.0,0.0,BEL.NS,1506
2026-01-30 00:00:00+05:30,444.9557389168396,450.0341252954324,437.43772631682003,447.09661865234375,36684903,0.0,0.0,BEL.NS,1507
2026-02-02 00:00:00+05:30,430.16867845683504,439.4790482927439,418.46848870714103,437.23858642578125,43652893,0.0,0.0,BEL.NS,1508
2026-02-03 00:00:00+05:30,458.04998695033777,458.04998695033777,433.40490613072717,437.0892333984375,26696516,0.0,0.0,BEL.NS,1509
2026-02-04 00:00:00+05:30,434.9483453500733,441.5203733130986,431.96106267489915,437.33819580078125,12400181,0.0,0.0,BEL.NS,1510
2026-02-05 00:00:00+05:30,437.1390278378264,437.1390278378264,426.3350161746708,431.06488037109375,14345511,0.0,0.0,BEL.NS,1511
2026-02-06 00:00:00+05:30,431.164448729225,431.5627469922106,423.7460182297548,427.8286437988281,11078888,0.0,0.0,BEL.NS,1512
2026-02-09 00:00:00+05:30,430.1686772817316,437.7364656448853,427.679275214129,435.4461975097656,12162696,0.0,0.0,BEL.NS,1513
2026-02-10 00:00:00+05:30,436.1432422439779,439.4292408179298,431.7120944083617,435.4461975097656,10878065,0.0,0.0,BEL.NS,1514
2026-02-11 00:00:00+05:30,436.8403092321109,436.8403092321109,432.508743336178,435.6951599121094,8274702,0.0,0.0,BEL.NS,1515
2026-02-12 00:00:00+05:30,435.1475055024796,443.0638166709096,432.75768546294563,442.01824951171875,16140306,0.0,0.0,BEL.NS,1516
2026-02-13 00:00:00+05:30,442.01825331400175,444.3085215955896,430.9653013493417,433.7036437988281,14086068,0.0,0.0,BEL.NS,1517
2026-02-16 00:00:00+05:30,431.2142211804464,436.740712095541,427.28098408101744,436.14324951171875,8156650,0.0,0.0,BEL.NS,1518
2026-02-17 00:00:00+05:30,440.12630322896257,447.44515167930336,438.43349759972097,444.95574951171875,17963084,0.0,0.0,BEL.NS,1519
2026-02-18 00:00:00+05:30,448.092392391287,451.57755544321924,444.2587069565195,445.8021545410156,14341134,0.0,0.0,BEL.NS,1520
2026-02-19 00:00:00+05:30,445.80213848775077,447.3455556284585,431.1146661549299,433.5044860839844,9791516,0.0,0.0,BEL.NS,1521
2026-02-20 00:00:00+05:30,433.1559838769783,443.5118909770847,431.861506885044,439.2799072265625,9533724,0.0,0.0,BEL.NS,1522
2026-02-23 00:00:00+05:30,440.9228921771227,443.412294301854,433.85301445345345,437.8858337402344,12915631,0.0,0.0,BEL.NS,1523
2026-02-24 00:00:00+05:30,435.14749534186916,435.6453757713221,428.525691707787,433.20574951171875,12223376,0.0,0.0,BEL.NS,1524
2026-02-25 00:00:00+05:30,433.15598449515255,439.130549798534,431.7121190582178,437.437744140625,9469190,0.0,0.0,BEL.NS,1525
2026-02-26 00:00:00+05:30,438.73223196141475,447.9927956134826,438.1347693800728,447.1463928222656,13738213,0.0,0.0,BEL.NS,1526
2026-02-27 00:00:00+05:30,446.6983417682473,447.0966400469945,439.827597698174,442.81488037109375,22732811,0.0,0.0,BEL.NS,1527
2026-03-02 00:00:00+05:30,440.22589273443896,454.76400771321033,439.8275944586255,452.0256652832031,35034174,0.0,0.0,BEL.NS,1528
2026-03-04 00:00:00+05:30,458.0499988355719,458.8964016501927,442.6157053965472,444.95574951171875,35193505,0.0,0.0,BEL.NS,1529
2026-03-05 00:00:00+05:30,446.8974541957692,465.9164923752496,443.9599779417617,458.04998779296875,38023711,0.0,0.0,BEL.NS,1530
2026-03-06 00:00:00+05:30,462.0,473.45001220703125,460.3500061035156,468.45001220703125,28154230,1.95,0.0,BEL.NS,1531
2026-03-09 00:00:00+05:30,470.0,470.0,450.0,457.3500061035156,21898419,0.0,0.0,BEL.NS,1532
2026-03-10 00:00:00+05:30,465.0,465.79998779296875,453.54998779296875,463.3500061035156,19398151,0.0,0.0,BEL.NS,1533
2026-03-11 00:00:00+05:30,463.5,469.79998779296875,453.25,454.1000061035156,16015126,0.0,0.0,BEL.NS,1534
2026-03-12 00:00:00+05:30,452.0,455.0,448.5,453.54998779296875,14089623,0.0,0.0,BEL.NS,1535
2026-03-13 00:00:00+05:30,451.8999938964844,452.3999938964844,433.6499938964844,439.3999938964844,19502809,0.0,0.0,BEL.NS,1536
2026-03-16 00:00:00+05:30,431.8999938964844,437.79998779296875,422.25,429.5,22324389,0.0,0.0,BEL.NS,1537
2026-03-17 00:00:00+05:30,432.45001220703125,441.04998779296875,430.29998779296875,439.3500061035156,14421128,0.0,0.0,BEL.NS,1538
2026-03-18 00:00:00+05:30,445.45001220703125,447.75,440.5,442.6000061035156,13700203,0.0,0.0,BEL.NS,1539
2026-03-19 00:00:00+05:30,436.1000061035156,439.0,428.3999938964844,430.79998779296875,12237975,0.0,0.0,BEL.NS,1540
2026-03-20 00:00:00+05:30,432.20001220703125,438.95001220703125,424.70001220703125,426.1000061035156,17599734,0.0,0.0,BEL.NS,1541
2026-03-23 00:00:00+05:30,420.6000061035156,421.75,404.0,405.5,18894757,0.0,0.0,BEL.NS,1542
2026-03-24 00:00:00+05:30,412.5,417.45001220703125,408.75,414.45001220703125,14642804,0.0,0.0,BEL.NS,1543
2026-03-25 00:00:00+05:30,416.29998779296875,422.0,412.54998779296875,413.45001220703125,15134997,0.0,0.0,BEL.NS,1544
2026-03-27 00:00:00+05:30,411.8999938964844,413.45001220703125,403.25,404.75,21818224,0.0,0.0,BEL.NS,1545
2026-03-30 00:00:00+05:30,400.0,413.25,399.3500061035156,400.6499938964844,22694742,0.0,0.0,BEL.NS,1546
2026-04-01 00:00:00+05:30,415.0,430.20001220703125,412.6499938964844,418.70001220703125,25301241,0.0,0.0,BEL.NS,1547
2026-04-02 00:00:00+05:30,417.0,423.6000061035156,407.5,421.6000061035156,19686517,0.0,0.0,BEL.NS,1548
2026-04-06 00:00:00+05:30,422.0,428.04998779296875,420.0,427.1499938964844,12327836,0.0,0.0,BEL.NS,1549
2026-04-07 00:00:00+05:30,424.0,429.0,420.6499938964844,427.79998779296875,11417162,0.0,0.0,BEL.NS,1550
2026-04-08 00:00:00+05:30,440.0,440.0,428.79998779296875,433.1000061035156,20054221,0.0,0.0,BEL.NS,1551
2026-04-09 00:00:00+05:30,425.0,443.29998779296875,424.5,439.75,19917307,0.0,0.0,BEL.NS,1552
2026-04-10 00:00:00+05:30,444.1000061035156,447.45001220703125,440.45001220703125,442.45001220703125,10833065,0.0,0.0,BEL.NS,1553
2026-04-13 00:00:00+05:30,435.0,445.5,434.0,441.54998779296875,15149734,0.0,0.0,BEL.NS,1554
2026-04-15 00:00:00+05:30,447.5,449.20001220703125,444.79998779296875,447.6499938964844,9915383,0.0,0.0,BEL.NS,1555
2026-04-16 00:00:00+05:30,449.8500061035156,457.0,448.8999938964844,455.6499938964844,12197884,0.0,0.0,BEL.NS,1556
2026-04-17 00:00:00+05:30,458.0,463.75,454.45001220703125,462.75,14128030,0.0,0.0,BEL.NS,1557
2026-04-20 00:00:00+05:30,462.0,464.3999938964844,456.0,457.54998779296875,9914017,0.0,0.0,BEL.NS,1558
2026-04-21 00:00:00+05:30,457.5,461.79998779296875,449.45001220703125,451.5,13492130,0.0,0.0,BEL.NS,1559
2026-04-22 00:00:00+05:30,450.79998779296875,451.8500061035156,444.70001220703125,448.70001220703125,11538028,0.0,0.0,BEL.NS,1560
2026-04-23 00:00:00+05:30,451.70001220703125,455.70001220703125,444.5,449.95001220703125,15021500,0.0,0.0,BEL.NS,1561
2026-04-24 00:00:00+05:30,450.0,451.20001220703125,438.75,444.45001220703125,11651499,0.0,0.0,BEL.NS,1562
2026-04-27 00:00:00+05:30,445.0,448.29998779296875,432.95001220703125,435.6000061035156,18502535,0.0,0.0,BEL.NS,1563
2026-04-28 00:00:00+05:30,435.6000061035156,441.0,433.54998779296875,435.75,10883746,0.0,0.0,BEL.NS,1564
2026-04-29 00:00:00+05:30,437.04998779296875,442.79998779296875,435.25,437.54998779296875,9507163,0.0,0.0,BEL.NS,1565
2026-04-30 00:00:00+05:30,436.45001220703125,436.45001220703125,424.5,431.29998779296875,15795581,0.0,0.0,BEL.NS,1566
2026-05-01 00:00:00+05:30,431.29998779296875,431.29998779296875,431.29998779296875,431.29998779296875,0,0.0,0.0,BEL.NS,1567
2026-05-04 00:00:00+05:30,433.0,438.6000061035156,428.6000061035156,433.54998779296875,10764998,0.0,0.0,BEL.NS,1568
2026-05-05 00:00:00+05:30,433.5,436.5,429.29998779296875,433.3500061035156,11671943,0.0,0.0,BEL.NS,1569
2026-05-06 00:00:00+05:30,437.0,439.6499938964844,435.1499938964844,438.20001220703125,9748728,0.0,0.0,BEL.NS,1570
2026-05-07 00:00:00+05:30,439.8999938964844,441.0,433.5,439.45001220703125,15696400,0.0,0.0,BEL.NS,1571
2026-05-08 00:00:00+05:30,439.0,443.79998779296875,437.79998779296875,439.70001220703125,11164661,0.0,0.0,BEL.NS,1572
2026-05-11 00:00:00+05:30,438.0,439.1499938964844,431.0,431.95001220703125,7631226,0.0,0.0,BEL.NS,1573
2026-05-12 00:00:00+05:30,430.20001220703125,432.5,415.5,416.5,15199825,0.0,0.0,BEL.NS,1574
2026-05-13 00:00:00+05:30,416.6000061035156,432.0,415.75,428.25,13230827,0.0,0.0,BEL.NS,1575
2026-05-14 00:00:00+05:30,431.0,435.1499938964844,424.45001220703125,428.8500061035156,9807792,0.0,0.0,BEL.NS,1576
2026-05-15 00:00:00+05:30,428.8500061035156,429.5,422.20001220703125,423.6499938964844,7593616,0.0,0.0,BEL.NS,1577
2026-05-18 00:00:00+05:30,423.8500061035156,427.79998779296875,414.6000061035156,426.6000061035156,10452161,0.0,0.0,BEL.NS,1578
2026-05-19 00:00:00+05:30,428.3999938964844,430.8999938964844,419.29998779296875,422.95001220703125,13350029,0.0,0.0,BEL.NS,1579
2026-05-20 00:00:00+05:30,416.29998779296875,420.0,407.0,413.29998779296875,28012723,0.0,0.0,BEL.NS,1580
2026-05-21 00:00:00+05:30,420.0,426.1000061035156,418.04998779296875,420.3999938964844,19789651,0.0,0.0,BEL.NS,1581
2026-05-22 00:00:00+05:30,421.45001220703125,421.45001220703125,415.45001220703125,416.54998779296875,9175611,0.0,0.0,BEL.NS,1582
2026-05-25 00:00:00+05:30,419.29998779296875,422.54998779296875,417.29998779296875,421.8500061035156,8862027,0.0,0.0,BEL.NS,1583
2026-05-26 00:00:00+05:30,423.5,425.54998779296875,418.8500061035156,420.1000061035156,12315435,0.0,0.0,BEL.NS,1584
2026-05-27 00:00:00+05:30,422.0,422.0,416.1000061035156,419.1000061035156,10871894,0.0,0.0,BEL.NS,1585
2026-05-28 00:00:00+05:30,419.1000061035156,419.1000061035156,419.1000061035156,419.1000061035156,0,0.0,0.0,BEL.NS,1586
2026-05-29 00:00:00+05:30,413.29998779296875,419.1000061035156,409.8999938964844,410.75,26559872,0.0,0.0,BEL.NS,1587
