Date,Open,High,Low,Close,Volume,Dividends,Stock Splits,Symbol,time_idx
2020-01-01 00:00:00+05:30,2720.134026567129,2727.549287709975,2704.6781681136404,2715.622314453125,110561,0.0,0.0,BRITANNIA.NS,0
2020-01-02 00:00:00+05:30,2722.1890670667926,2738.2702627370263,2718.6601816399707,2727.90673828125,138428,0.0,0.0,BRITANNIA.NS,1
2020-01-03 00:00:00+05:30,2720.4023162347326,2733.803312866431,2703.11494333377,2714.86328125,168305,0.0,0.0,BRITANNIA.NS,2
2020-01-06 00:00:00+05:30,2707.0009210460516,2708.9216430343986,2675.776647114441,2699.8984375,181158,0.0,0.0,BRITANNIA.NS,3
2020-01-07 00:00:00+05:30,2710.4848634699606,2728.4422820418276,2705.213893262166,2712.897216796875,159307,0.0,0.0,BRITANNIA.NS,4
2020-01-08 00:00:00+05:30,2698.067121067294,2714.7736520018634,2675.732128343227,2701.283447265625,194024,0.0,0.0,BRITANNIA.NS,5
2020-01-09 00:00:00+05:30,2722.3672315281906,2723.9753944395065,2675.8212429973723,2681.181640625,434270,0.0,0.0,BRITANNIA.NS,6
2020-01-10 00:00:00+05:30,2693.555376821462,2693.6000904294096,2660.589015199584,2671.041748046875,526254,0.0,0.0,BRITANNIA.NS,7
2020-01-13 00:00:00+05:30,2675.7320438268125,2730.4527742723526,2668.852909908119,2720.491455078125,420792,0.0,0.0,BRITANNIA.NS,8
2020-01-14 00:00:00+05:30,2732.0159450333504,2786.5133199996794,2713.3884763438873,2774.1396484375,653300,0.0,0.0,BRITANNIA.NS,9
2020-01-15 00:00:00+05:30,2787.407103753809,2799.8699861235214,2763.195884292446,2782.225341796875,438959,0.0,0.0,BRITANNIA.NS,10
2020-01-16 00:00:00+05:30,2783.8336751547495,2823.1432649194508,2782.94027538737,2814.4326171875,768872,0.0,0.0,BRITANNIA.NS,11
2020-01-17 00:00:00+05:30,2818.6757255007465,2831.1833198452823,2782.359119167845,2791.38232421875,294064,0.0,0.0,BRITANNIA.NS,12
2020-01-20 00:00:00+05:30,2807.954956605376,2807.954956605376,2773.4696446297735,2778.874755859375,203111,0.0,0.0,BRITANNIA.NS,13
2020-01-21 00:00:00+05:30,2769.539340284753,2796.341333900412,2749.2144951262117,2779.590087890625,220943,0.0,0.0,BRITANNIA.NS,14
2020-01-22 00:00:00+05:30,2792.320429029183,2804.113260038434,2759.6219166663577,2775.2119140625,248578,0.0,0.0,BRITANNIA.NS,15
2020-01-23 00:00:00+05:30,2772.9788359138797,2789.997926258036,2741.039795604305,2781.108642578125,203032,0.0,0.0,BRITANNIA.NS,16
2020-01-24 00:00:00+05:30,2781.287353303681,2870.4486922600163,2780.304744444663,2852.1787109375,580192,0.0,0.0,BRITANNIA.NS,17
2020-01-27 00:00:00+05:30,2847.2644154842474,2867.8126054924487,2818.6756293858803,2835.828857421875,322446,0.0,0.0,BRITANNIA.NS,18
2020-01-28 00:00:00+05:30,2843.6017077487204,2867.723498714462,2802.1480505203217,2842.127685546875,292577,0.0,0.0,BRITANNIA.NS,19
2020-01-29 00:00:00+05:30,2858.8789538123633,2899.528638936883,2849.989670688384,2871.565185546875,434882,0.0,0.0,BRITANNIA.NS,20
2020-01-30 00:00:00+05:30,2866.8742950084775,2889.8793322386496,2852.1332031910856,2868.437744140625,337850,0.0,0.0,BRITANNIA.NS,21
2020-01-31 00:00:00+05:30,2897.0269348279585,2925.526513876829,2847.130696391686,2859.504150390625,468850,0.0,0.0,BRITANNIA.NS,22
2020-02-03 00:00:00+05:30,2767.3948458019036,2902.655465698585,2762.7044976348006,2885.7255859375,657504,0.0,0.0,BRITANNIA.NS,23
2020-02-04 00:00:00+05:30,2890.1478057176864,2948.2187817212875,2848.1580230689287,2887.914306640625,511585,0.0,0.0,BRITANNIA.NS,24
2020-02-05 00:00:00+05:30,2921.2381741609397,2964.299993004094,2897.9203564093336,2908.864501953125,423733,0.0,0.0,BRITANNIA.NS,25
2020-02-06 00:00:00+05:30,2912.7957425795807,2941.9651549720966,2891.3541501959394,2905.514404296875,410631,0.0,0.0,BRITANNIA.NS,26
2020-02-07 00:00:00+05:30,2908.9087972473394,2944.6447775575034,2892.0236337968327,2904.799072265625,450061,0.0,0.0,BRITANNIA.NS,27
2020-02-10 00:00:00+05:30,2921.4169958263374,2930.35099275547,2791.874040353916,2819.212158203125,969115,0.0,0.0,BRITANNIA.NS,28
2020-02-11 00:00:00+05:30,2840.96612844475,2857.8067988268567,2791.159098745296,2800.539794921875,507516,0.0,0.0,BRITANNIA.NS,29
2020-02-12 00:00:00+05:30,2791.1590929902577,2866.9194255784,2791.1590929902577,2802.416015625,669153,0.0,0.0,BRITANNIA.NS,30
2020-02-13 00:00:00+05:30,2798.1277369747604,2808.535755774599,2774.184582447859,2800.986572265625,319421,0.0,0.0,BRITANNIA.NS,31
2020-02-14 00:00:00+05:30,2783.8332686580557,2822.249453045827,2760.872941612114,2766.5458984375,270506,0.0,0.0,BRITANNIA.NS,32
2020-02-17 00:00:00+05:30,2765.0719534431655,2780.5278112162982,2744.5684748266094,2755.333984375,224912,0.0,0.0,BRITANNIA.NS,33
2020-02-18 00:00:00+05:30,2751.670793863686,2751.670793863686,2698.0668173598483,2739.565185546875,453173,0.0,0.0,BRITANNIA.NS,34
2020-02-19 00:00:00+05:30,2753.5469855096126,2779.366146620139,2715.934775225079,2753.680908203125,462922,0.0,0.0,BRITANNIA.NS,35
2020-02-20 00:00:00+05:30,2751.492083955308,2790.488888572527,2726.8788817794034,2733.2666015625,270720,0.0,0.0,BRITANNIA.NS,36
2020-02-24 00:00:00+05:30,2732.909595196311,2738.269993225463,2684.666012933937,2712.5400390625,427352,0.0,0.0,BRITANNIA.NS,37
2020-02-25 00:00:00+05:30,2715.9349916594374,2749.8841790551805,2696.280198956639,2710.172607421875,350415,0.0,0.0,BRITANNIA.NS,38
2020-02-26 00:00:00+05:30,2702.623611802214,2742.647745233822,2695.118923197411,2717.141357421875,366302,0.0,0.0,BRITANNIA.NS,39
2020-02-27 00:00:00+05:30,2713.2101373163878,2769.53903123601,2644.4630749866415,2703.47216796875,652385,0.0,0.0,BRITANNIA.NS,40
2020-02-28 00:00:00+05:30,2665.011243110787,2698.067031241896,2606.046864282321,2653.57568359375,619510,0.0,0.0,BRITANNIA.NS,41
2020-03-02 00:00:00+05:30,2675.7323038824243,2728.398176557843,2613.1943201522845,2634.725341796875,348147,0.0,0.0,BRITANNIA.NS,42
2020-03-03 00:00:00+05:30,2653.3969435352305,2720.848616678971,2648.9299453137905,2703.8740234375,399770,0.0,0.0,BRITANNIA.NS,43
2020-03-04 00:00:00+05:30,2723.082366663577,2751.671157914638,2705.214372131664,2736.528076171875,368498,0.0,0.0,BRITANNIA.NS,44
2020-03-05 00:00:00+05:30,2753.9938971140537,2827.6099423318615,2748.1867992862,2793.794677734375,720100,0.0,0.0,BRITANNIA.NS,45
2020-03-06 00:00:00+05:30,2756.0485296759416,2769.538951816334,2692.0365311485702,2752.921630859375,593374,0.0,0.0,BRITANNIA.NS,46
2020-03-09 00:00:00+05:30,2720.4021521201817,2735.4113110652575,2652.0570734215958,2677.072265625,607257,0.0,0.0,BRITANNIA.NS,47
2020-03-11 00:00:00+05:30,2664.296295693271,2739.0738000552114,2630.257901135506,2723.35009765625,534597,0.0,0.0,BRITANNIA.NS,48
2020-03-12 00:00:00+05:30,2631.0617683229475,2652.458644683396,2488.162548841303,2511.033447265625,774263,0.0,0.0,BRITANNIA.NS,49
2020-03-13 00:00:00+05:30,2412.179203240791,2724.7796727406344,2153.093288818632,2468.99951171875,1108162,0.0,0.0,BRITANNIA.NS,50
2020-03-16 00:00:00+05:30,2416.4672477775807,2452.069090468675,2324.6704401663415,2420.219482421875,791034,0.0,0.0,BRITANNIA.NS,51
2020-03-17 00:00:00+05:30,2430.046973892405,2497.721995316063,2384.5283067360883,2399.67138671875,567266,0.0,0.0,BRITANNIA.NS,52
2020-03-18 00:00:00+05:30,2437.1942454649875,2452.337325911104,2215.631132240898,2235.2412109375,649481,0.0,0.0,BRITANNIA.NS,53
2020-03-19 00:00:00+05:30,2134.331879712805,2147.7328751902814,2019.0833186065042,2071.034423828125,786857,0.0,0.0,BRITANNIA.NS,54
2020-03-20 00:00:00+05:30,2091.7164026373566,2234.3028394437993,2049.6819103355533,2204.7314453125,742455,0.0,0.0,BRITANNIA.NS,55
2020-03-23 00:00:00+05:30,2054.8189978021232,2164.171017221716,1876.1390849497648,1909.954345703125,613493,0.0,0.0,BRITANNIA.NS,56
2020-03-24 00:00:00+05:30,1891.327024654931,2188.829102694653,1886.770599276733,2112.6220703125,929170,0.0,0.0,BRITANNIA.NS,57
2020-03-25 00:00:00+05:30,2112.5331536719623,2243.862918014602,2070.0966651938984,2190.080078125,1249005,0.0,0.0,BRITANNIA.NS,58
2020-03-26 00:00:00+05:30,2208.081699474576,2384.3047605563743,2159.614773929899,2312.52001953125,944116,0.0,0.0,BRITANNIA.NS,59
2020-03-27 00:00:00+05:30,2403.2450997161336,2420.1749797509547,2237.966161631567,2259.631103515625,472582,0.0,0.0,BRITANNIA.NS,60
2020-03-30 00:00:00+05:30,2202.453709629824,2304.3907072374227,2182.352215474395,2210.047607421875,701815,0.0,0.0,BRITANNIA.NS,61
2020-03-31 00:00:00+05:30,2304.9263253672116,2421.112990547705,2224.565072495862,2402.306884765625,734769,0.0,0.0,BRITANNIA.NS,62
2020-04-01 00:00:00+05:30,2412.178902999212,2483.650870495485,2237.9659822270464,2291.43603515625,1167150,0.0,0.0,BRITANNIA.NS,63
2020-04-03 00:00:00+05:30,2312.967165155038,2331.7732729140253,2211.1643105219205,2290.0068359375,726903,0.0,0.0,BRITANNIA.NS,64
2020-04-07 00:00:00+05:30,2358.708999324337,2571.8295295111484,2358.708999324337,2532.34130859375,1062855,0.0,0.0,BRITANNIA.NS,65
2020-04-08 00:00:00+05:30,2527.4274577647852,2671.2647927595294,2464.88948602794,2479.67529296875,1037961,0.0,0.0,BRITANNIA.NS,66
2020-04-09 00:00:00+05:30,2546.189089997763,2546.189089997763,2441.571900141617,2503.037841796875,893108,0.0,0.0,BRITANNIA.NS,67
2020-04-13 00:00:00+05:30,2501.519235609718,2501.519235609718,2409.8118408788787,2417.673583984375,501533,0.0,0.0,BRITANNIA.NS,68
2020-04-15 00:00:00+05:30,2476.5034613440653,2598.452495425402,2461.0476060755686,2534.88720703125,1011691,0.0,0.0,BRITANNIA.NS,69
2020-04-16 00:00:00+05:30,2535.0215763834917,2585.4539443857816,2514.920083707323,2534.396240234375,675907,0.0,0.0,BRITANNIA.NS,70
2020-04-17 00:00:00+05:30,2576.564806336562,2586.392203309413,2503.4846652245096,2530.241943359375,705271,0.0,0.0,BRITANNIA.NS,71
2020-04-20 00:00:00+05:30,2555.2124385813963,2559.4113733336944,2502.4124317647206,2531.001220703125,667917,0.0,0.0,BRITANNIA.NS,72
2020-04-21 00:00:00+05:30,2483.561424373446,2596.5319766288844,2441.794993685935,2558.0263671875,1129799,0.0,0.0,BRITANNIA.NS,73
2020-04-22 00:00:00+05:30,2557.8032901126453,2653.1289925793867,2526.042887787726,2637.896484375,737395,0.0,0.0,BRITANNIA.NS,74
2020-04-23 00:00:00+05:30,2644.4632227656957,2899.082147930636,2606.94043379402,2633.206298828125,3426363,0.0,0.0,BRITANNIA.NS,75
2020-04-24 00:00:00+05:30,2662.3311768899603,2789.997910173281,2640.889583519034,2735.723876953125,2613797,0.0,0.0,BRITANNIA.NS,76
2020-04-27 00:00:00+05:30,2747.9635470862668,2939.2850050796583,2742.737071609286,2896.446533203125,1993378,0.0,0.0,BRITANNIA.NS,77
2020-04-28 00:00:00+05:30,2927.6707643288296,2939.151037513747,2823.1430013057984,2853.473876953125,1379063,0.0,0.0,BRITANNIA.NS,78
2020-04-29 00:00:00+05:30,2879.5339818568395,2925.556980014235,2845.389266551861,2851.53173828125,1177520,35.0,0.0,BRITANNIA.NS,79
2020-04-30 00:00:00+05:30,2886.037682680348,2895.070664472775,2845.3892646144277,2859.6162109375,1021592,0.0,0.0,BRITANNIA.NS,80
2020-05-04 00:00:00+05:30,2808.3541817908563,2854.4223912702173,2760.479375861324,2793.856201171875,591353,0.0,0.0,BRITANNIA.NS,81
2020-05-05 00:00:00+05:30,2806.5479641765896,2823.7106327698807,2683.2477398089986,2690.699951171875,905266,0.0,0.0,BRITANNIA.NS,82
2020-05-06 00:00:00+05:30,2664.7296381755305,2768.608929155255,2626.474871936806,2698.783935546875,995972,0.0,0.0,BRITANNIA.NS,83
2020-05-07 00:00:00+05:30,2689.7509287546636,2691.8285586613288,2589.7558649939697,2633.430419921875,994651,0.0,0.0,BRITANNIA.NS,84
2020-05-08 00:00:00+05:30,2660.213101799547,2743.3165331630644,2640.7469821944546,2705.061767578125,1102857,0.0,0.0,BRITANNIA.NS,85
2020-05-11 00:00:00+05:30,2736.090437996578,2785.229775279735,2702.532995746581,2758.627685546875,1095855,0.0,0.0,BRITANNIA.NS,86
2020-05-12 00:00:00+05:30,2754.110824602279,2821.1807116130913,2738.167700616458,2806.818359375,1329390,0.0,0.0,BRITANNIA.NS,87
2020-05-13 00:00:00+05:30,2872.4882111604898,2879.714596597372,2761.8341841582383,2781.751953125,850975,0.0,0.0,BRITANNIA.NS,88
2020-05-14 00:00:00+05:30,2768.6088990343424,2834.5496656345076,2738.5290257802394,2817.115966796875,777257,0.0,0.0,BRITANNIA.NS,89
2020-05-15 00:00:00+05:30,2842.5891304825814,2886.941162080199,2813.7740049686545,2823.39404296875,870248,0.0,0.0,BRITANNIA.NS,90
2020-05-18 00:00:00+05:30,2809.2572701426907,2858.9386688108093,2798.508110279936,2808.850830078125,730350,0.0,0.0,BRITANNIA.NS,91
2020-05-19 00:00:00+05:30,2827.503523099649,2843.491854541042,2787.6230022483455,2803.837158203125,537217,0.0,0.0,BRITANNIA.NS,92
2020-05-20 00:00:00+05:30,2809.79921099713,2853.5187516479114,2806.4118430583267,2825.381103515625,439150,0.0,0.0,BRITANNIA.NS,93
2020-05-21 00:00:00+05:30,2818.380789327437,2851.7124045444634,2799.3211091806434,2810.115478515625,574325,0.0,0.0,BRITANNIA.NS,94
2020-05-22 00:00:00+05:30,2803.8374911986502,2876.281959590404,2782.158335338867,2860.835693359375,630580,0.0,0.0,BRITANNIA.NS,95
2020-05-26 00:00:00+05:30,2890.5540418222517,2930.2991598973076,2837.259451676154,2857.89990234375,718134,0.0,0.0,BRITANNIA.NS,96
2020-05-27 00:00:00+05:30,2863.455411983413,2925.737781333286,2837.2597631040694,2908.891357421875,739328,0.0,0.0,BRITANNIA.NS,97
2020-05-28 00:00:00+05:30,2906.362193939891,3038.0179172551166,2880.9344357627424,3001.885986328125,1453514,0.0,0.0,BRITANNIA.NS,98
2020-05-29 00:00:00+05:30,2971.7608193746173,3086.5701149657834,2971.7608193746173,3052.109375,1658714,0.0,0.0,BRITANNIA.NS,99
2020-06-01 00:00:00+05:30,3085.6665887183203,3134.444690530612,3072.1171159926835,3102.69384765625,883460,0.0,0.0,BRITANNIA.NS,100
2020-06-02 00:00:00+05:30,3102.738550681026,3143.4773831407565,3071.213535252463,3117.28173828125,786444,0.0,0.0,BRITANNIA.NS,101
2020-06-03 00:00:00+05:30,3252.7767573510127,3349.4296629429477,3135.528609077991,3170.84765625,3415126,0.0,0.0,BRITANNIA.NS,102
2020-06-04 00:00:00+05:30,3170.5767183951693,3211.2251378617743,3091.086475882698,3116.695068359375,1309771,0.0,0.0,BRITANNIA.NS,103
2020-06-05 00:00:00+05:30,3138.961041727716,3159.6916899688867,3073.2008929198428,3131.463623046875,1200548,0.0,0.0,BRITANNIA.NS,104
2020-06-08 00:00:00+05:30,3148.8975734340124,3173.512449761057,3080.2469091824387,3095.42236328125,768759,0.0,0.0,BRITANNIA.NS,105
2020-06-09 00:00:00+05:30,3102.738788528828,3134.3542244035125,3079.3434541942734,3085.3955078125,567611,0.0,0.0,BRITANNIA.NS,106
2020-06-10 00:00:00+05:30,3090.092690618002,3114.210928721579,3032.733255540756,3050.43798828125,628261,0.0,0.0,BRITANNIA.NS,107
2020-06-11 00:00:00+05:30,3062.090210030952,3074.329943668325,3007.982740833472,3044.430908203125,673105,0.0,0.0,BRITANNIA.NS,108
2020-06-12 00:00:00+05:30,3010.6930678656604,3110.055875385979,2986.0781905481267,3040.547119140625,1373475,0.0,0.0,BRITANNIA.NS,109
2020-06-15 00:00:00+05:30,3026.95232952789,3077.0853806436157,3020.132383873356,3032.552734375,609721,0.0,0.0,BRITANNIA.NS,110
2020-06-16 00:00:00+05:30,3054.096580244805,3071.1688288898713,3007.983160657495,3021.848876953125,701355,0.0,0.0,BRITANNIA.NS,111
2020-06-17 00:00:00+05:30,3033.140252638812,3102.8296275305966,3030.610973319325,3072.52392578125,1100079,0.0,0.0,BRITANNIA.NS,112
2020-06-18 00:00:00+05:30,3084.7634344219314,3122.7019598233137,3054.5481529407602,3075.052978515625,898020,0.0,0.0,BRITANNIA.NS,113
2020-06-19 00:00:00+05:30,3087.382649610062,3116.3786083526616,3054.954334332957,3106.035888671875,782740,0.0,0.0,BRITANNIA.NS,114
2020-06-22 00:00:00+05:30,3116.3785557010924,3138.9610090032743,3085.6664192101252,3090.363525390625,735172,0.0,0.0,BRITANNIA.NS,115
2020-06-23 00:00:00+05:30,3098.267336754636,3165.9694866148216,3094.97038683555,3131.77978515625,765553,0.0,0.0,BRITANNIA.NS,116
2020-06-24 00:00:00+05:30,3149.8009497285934,3165.969899944364,3107.345932625856,3113.126953125,573266,0.0,0.0,BRITANNIA.NS,117
2020-06-25 00:00:00+05:30,3093.7056440259275,3138.4189009811125,3089.2795714491317,3116.73974609375,546489,0.0,0.0,BRITANNIA.NS,118
2020-06-26 00:00:00+05:30,3122.9727686307638,3161.4531378778734,3111.2298925659684,3122.15966796875,448352,0.0,0.0,BRITANNIA.NS,119
2020-06-29 00:00:00+05:30,3118.9082483135776,3202.0568965085827,3112.5851605501825,3178.932373046875,940186,0.0,0.0,BRITANNIA.NS,120
2020-06-30 00:00:00+05:30,3199.482278532894,3265.423048248563,3197.6756821023273,3255.30615234375,1236537,0.0,0.0,BRITANNIA.NS,121
2020-07-01 00:00:00+05:30,3256.3898489907647,3261.809637921124,3194.0622762916346,3203.050048828125,586225,0.0,0.0,BRITANNIA.NS,122
2020-07-02 00:00:00+05:30,3209.4184610667157,3222.6516913045025,3172.428444384814,3193.24951171875,422319,0.0,0.0,BRITANNIA.NS,123
2020-07-03 00:00:00+05:30,3206.257234451582,3233.7626228819304,3175.0934438927484,3196.185546875,323231,0.0,0.0,BRITANNIA.NS,124
2020-07-06 00:00:00+05:30,3215.741701646943,3293.4253494957175,3198.5790352617487,3273.959228515625,538078,0.0,0.0,BRITANNIA.NS,125
2020-07-07 00:00:00+05:30,3284.392339222898,3329.06039224926,3233.807638728816,3322.7373046875,664348,0.0,0.0,BRITANNIA.NS,126
2020-07-08 00:00:00+05:30,3320.117441345345,3353.4942626953125,3278.97216796875,3328.653564453125,531417,0.0,0.0,BRITANNIA.NS,127
2020-07-09 00:00:00+05:30,3333.1702027491606,3341.2998861704996,3297.038276432096,3318.356201171875,397351,0.0,0.0,BRITANNIA.NS,128
2020-07-10 00:00:00+05:30,3314.7431375568135,3390.6201857759393,3301.8711383053546,3366.276123046875,706136,0.0,0.0,BRITANNIA.NS,129
2020-07-13 00:00:00+05:30,3396.4011609539875,3464.1485245368463,3387.5940036882157,3429.642578125,1108644,0.0,0.0,BRITANNIA.NS,130
2020-07-14 00:00:00+05:30,3428.5138526125274,3428.8750837141074,3368.3993075890166,3374.044921875,399210,0.0,0.0,BRITANNIA.NS,131
2020-07-15 00:00:00+05:30,3380.14191965185,3412.931688954189,3352.7719396381026,3363.205078125,506574,0.0,0.0,BRITANNIA.NS,132
2020-07-16 00:00:00+05:30,3368.398783625823,3505.022628094422,3332.763715902186,3481.988525390625,987220,0.0,0.0,BRITANNIA.NS,133
2020-07-17 00:00:00+05:30,3522.862934228451,3557.188265382472,3402.5436596580826,3418.983642578125,4503046,0.0,0.0,BRITANNIA.NS,134
2020-07-20 00:00:00+05:30,3485.8277729806296,3606.8697324466584,3439.036881856807,3597.5205078125,3785159,0.0,0.0,BRITANNIA.NS,135
2020-07-21 00:00:00+05:30,3612.289708117179,3622.225988884693,3500.280724919747,3505.158447265625,1880670,0.0,0.0,BRITANNIA.NS,136
2020-07-22 00:00:00+05:30,3536.2317001632573,3544.903230227491,3424.448552253519,3437.0947265625,1019300,0.0,0.0,BRITANNIA.NS,137
2020-07-23 00:00:00+05:30,3455.1154479089923,3504.571021967298,3450.598957127412,3457.464111328125,791770,0.0,0.0,BRITANNIA.NS,138
2020-07-24 00:00:00+05:30,3455.070168364948,3477.607412798616,3403.6273835192274,3449.19873046875,665233,0.0,0.0,BRITANNIA.NS,139
2020-07-27 00:00:00+05:30,3473.1815203128535,3474.6268856211454,3398.5690020408833,3412.073486328125,523512,0.0,0.0,BRITANNIA.NS,140
2020-07-28 00:00:00+05:30,3414.7382025923807,3459.6320786713936,3399.4273423296827,3409.724853515625,599914,0.0,0.0,BRITANNIA.NS,141
2020-07-29 00:00:00+05:30,3430.4555000450605,3480.40793417474,3414.4671661511857,3427.74560546875,785425,0.0,0.0,BRITANNIA.NS,142
2020-07-30 00:00:00+05:30,3449.1537332445014,3499.738432071655,3423.951801862973,3437.90771484375,855542,0.0,0.0,BRITANNIA.NS,143
2020-07-31 00:00:00+05:30,3442.469185387881,3486.73079391163,3433.526622082526,3453.850830078125,681895,0.0,0.0,BRITANNIA.NS,144
2020-08-03 00:00:00+05:30,3456.9220138724786,3477.607453257804,3403.7178411452646,3411.034423828125,369180,0.0,0.0,BRITANNIA.NS,145
2020-08-04 00:00:00+05:30,3432.5332594908577,3482.214661930857,3418.9837860981306,3448.431396484375,642559,0.0,0.0,BRITANNIA.NS,146
2020-08-05 00:00:00+05:30,3468.574397587159,3498.9705119492864,3457.780029051177,3477.652587890625,569216,0.0,0.0,BRITANNIA.NS,147
2020-08-06 00:00:00+05:30,3491.2474841677076,3533.702498852283,3473.181520472144,3484.608154296875,786063,0.0,0.0,BRITANNIA.NS,148
2020-08-07 00:00:00+05:30,3491.2473523977037,3563.5112044525076,3477.697880137428,3554.297607421875,1061884,0.0,0.0,BRITANNIA.NS,149
2020-08-10 00:00:00+05:30,3577.0154005620298,3617.709025592969,3549.058367429407,3561.52392578125,826722,0.0,0.0,BRITANNIA.NS,150
2020-08-11 00:00:00+05:30,3568.027939974968,3586.0939042280056,3491.247591899557,3504.390625,422055,0.0,0.0,BRITANNIA.NS,151
2020-08-12 00:00:00+05:30,3505.2936402908717,3509.313272906379,3432.5329310281186,3441.340087890625,619436,0.0,0.0,BRITANNIA.NS,152
2020-08-13 00:00:00+05:30,3454.03168260296,3484.789030253124,3425.351964907927,3439.9853515625,513264,0.0,0.0,BRITANNIA.NS,153
2020-08-14 00:00:00+05:30,3457.82524840514,3468.6648259863473,3389.174590390827,3433.75244140625,537499,0.0,0.0,BRITANNIA.NS,154
2020-08-17 00:00:00+05:30,3459.6320469721363,3518.346428970358,3434.3396978036717,3494.54443359375,987819,0.0,0.0,BRITANNIA.NS,155
2020-08-18 00:00:00+05:30,3504.7971003256853,3558.9949936296907,3500.280609217018,3535.7802734375,768897,0.0,0.0,BRITANNIA.NS,156
2020-08-19 00:00:00+05:30,3562.2919494317093,3567.124683138169,3491.8346880276126,3500.641845703125,505661,0.0,0.0,BRITANNIA.NS,157
2020-08-20 00:00:00+05:30,3504.7972568089676,3532.076820216945,3466.1812561057245,3494.048095703125,523854,0.0,0.0,BRITANNIA.NS,158
2020-08-21 00:00:00+05:30,3519.249706735722,3533.702477605273,3491.2926721912904,3507.281005859375,401007,0.0,0.0,BRITANNIA.NS,159
2020-08-24 00:00:00+05:30,3533.7027120794182,3546.3488874293957,3517.623959313802,3530.40576171875,444407,0.0,0.0,BRITANNIA.NS,160
2020-08-25 00:00:00+05:30,3539.1222462954292,3549.9166153700917,3500.2804248072457,3520.017578125,358587,0.0,0.0,BRITANNIA.NS,161
2020-08-26 00:00:00+05:30,3548.767766143725,3560.166369127139,3506.404152643948,3534.231201171875,608530,83.0,0.0,BRITANNIA.NS,162
2020-08-27 00:00:00+05:30,3544.1527547794717,3556.4743134734754,3516.4640613827573,3522.5556640625,385945,0.0,0.0,BRITANNIA.NS,163
2020-08-28 00:00:00+05:30,3524.7706137412715,3532.7081291887853,3495.2360079178306,3501.558349609375,512488,0.0,0.0,BRITANNIA.NS,164
2020-08-31 00:00:00+05:30,3513.1413493251744,3517.387039137523,3400.1715697146774,3438.98193359375,600226,0.0,0.0,BRITANNIA.NS,165
2020-09-01 00:00:00+05:30,3447.24255982902,3495.928515660608,3431.8292312007056,3480.468994140625,387446,0.0,0.0,BRITANNIA.NS,166
2020-09-02 00:00:00+05:30,3496.066640816684,3519.786801805867,3462.93259445107,3506.49609375,305952,0.0,0.0,BRITANNIA.NS,167
2020-09-03 00:00:00+05:30,3505.388575351509,3515.310357127452,3451.857101583635,3458.179443359375,414160,0.0,0.0,BRITANNIA.NS,168
2020-09-04 00:00:00+05:30,3442.627442147333,3515.5409992330274,3413.600507842108,3420.338134765625,759852,0.0,0.0,BRITANNIA.NS,169
2020-09-07 00:00:00+05:30,3445.303770928481,3461.0864151138585,3373.4055592643076,3437.1357421875,437318,0.0,0.0,BRITANNIA.NS,170
2020-09-08 00:00:00+05:30,3439.766172631828,3472.577318248455,3425.3219948707965,3444.104248046875,379275,0.0,0.0,BRITANNIA.NS,171
2020-09-09 00:00:00+05:30,3405.7094860481698,3460.163919564929,3402.1100458295327,3450.288330078125,332884,0.0,0.0,BRITANNIA.NS,172
2020-09-10 00:00:00+05:30,3475.3925467807376,3475.3925467807376,3414.985091598186,3432.705810546875,357927,0.0,0.0,BRITANNIA.NS,173
2020-09-11 00:00:00+05:30,3437.0896677111637,3533.0771342637845,3433.3978420745243,3481.622314453125,829715,0.0,0.0,BRITANNIA.NS,174
2020-09-14 00:00:00+05:30,3496.989611078004,3503.5426920200966,3425.0913935949893,3432.9365234375,397741,0.0,0.0,BRITANNIA.NS,175
2020-09-15 00:00:00+05:30,3433.4442816876017,3476.3155649075634,3428.7833064201773,3446.411865234375,366110,0.0,0.0,BRITANNIA.NS,176
2020-09-16 00:00:00+05:30,3453.702876445856,3562.6117325176388,3449.226447737563,3548.305908203125,917526,0.0,0.0,BRITANNIA.NS,177
2020-09-17 00:00:00+05:30,3551.5364424193076,3591.1773771352755,3478.3921432868415,3521.6787109375,741010,0.0,0.0,BRITANNIA.NS,178
2020-09-18 00:00:00+05:30,3542.029804939169,3543.9219106647824,3484.0221291904627,3504.927001953125,947698,0.0,0.0,BRITANNIA.NS,179
2020-09-21 00:00:00+05:30,3498.0050980743276,3502.6198805256126,3335.103277543953,3349.68603515625,604282,0.0,0.0,BRITANNIA.NS,180
2020-09-22 00:00:00+05:30,3378.02073807222,3394.633954816837,3267.3121526652953,3311.56787109375,670648,0.0,0.0,BRITANNIA.NS,181
2020-09-23 00:00:00+05:30,3340.0872608787017,3371.4677825660597,3288.30953529327,3345.625,405856,0.0,0.0,BRITANNIA.NS,182
2020-09-24 00:00:00+05:30,3313.4138722017506,3373.40604537532,3285.909723126709,3334.4111328125,517316,0.0,0.0,BRITANNIA.NS,183
2020-09-25 00:00:00+05:30,3359.561627694279,3430.5830846200975,3336.487715416159,3402.38671875,507368,0.0,0.0,BRITANNIA.NS,184
2020-09-28 00:00:00+05:30,3424.9989985969237,3486.9294664958993,3404.786342483688,3449.411376953125,390640,0.0,0.0,BRITANNIA.NS,185
2020-09-29 00:00:00+05:30,3478.622911344455,3503.5427358619136,3416.461703387884,3448.949951171875,449330,0.0,0.0,BRITANNIA.NS,186
2020-09-30 00:00:00+05:30,3446.3192909376753,3530.3083256123746,3427.9063553252226,3505.52685546875,535771,0.0,0.0,BRITANNIA.NS,187
2020-10-01 00:00:00+05:30,3525.6937328181375,3533.031191724653,3472.1622572936735,3515.172119140625,336322,0.0,0.0,BRITANNIA.NS,188
2020-10-05 00:00:00+05:30,3521.078990419275,3560.5815730451286,3493.436488758627,3535.338623046875,460889,0.0,0.0,BRITANNIA.NS,189
2020-10-06 00:00:00+05:30,3571.8416495072065,3581.025021601849,3462.932782674687,3475.7158203125,666856,0.0,0.0,BRITANNIA.NS,190
2020-10-07 00:00:00+05:30,3488.7753000193266,3542.3067728767655,3477.699822876408,3494.266845703125,590795,0.0,0.0,BRITANNIA.NS,191
2020-10-08 00:00:00+05:30,3506.219145436573,3530.308398760581,3480.9302290001388,3502.3427734375,371495,0.0,0.0,BRITANNIA.NS,192
2020-10-09 00:00:00+05:30,3513.6951217508818,3524.447474005704,3447.24225892817,3456.564208984375,347685,0.0,0.0,BRITANNIA.NS,193
2020-10-12 00:00:00+05:30,3478.7154618386176,3483.5147906103994,3435.521052230224,3444.01220703125,286506,0.0,0.0,BRITANNIA.NS,194
2020-10-13 00:00:00+05:30,3444.4735117860027,3494.590092674846,3417.3846495284233,3457.07177734375,368886,0.0,0.0,BRITANNIA.NS,195
2020-10-14 00:00:00+05:30,3454.625906645362,3508.8957896252323,3451.857037364054,3497.8203125,545911,0.0,0.0,BRITANNIA.NS,196
2020-10-15 00:00:00+05:30,3498.0049680097914,3540.414772093967,3428.7832338143467,3443.550537109375,526411,0.0,0.0,BRITANNIA.NS,197
2020-10-16 00:00:00+05:30,3460.1176152297253,3487.8525022362073,3434.551766061521,3458.50244140625,263967,0.0,0.0,BRITANNIA.NS,198
2020-10-19 00:00:00+05:30,3475.8541046747805,3502.6198426024407,3451.857236187913,3481.80712890625,473267,0.0,0.0,BRITANNIA.NS,199
2020-10-20 00:00:00+05:30,3397.402406068229,3409.4008389068294,3270.1268124743065,3279.40234375,3187477,0.0,0.0,BRITANNIA.NS,200
2020-10-21 00:00:00+05:30,3304.1839562329824,3304.1839562329824,3121.4385865865775,3135.513671875,3538724,0.0,0.0,BRITANNIA.NS,201
2020-10-22 00:00:00+05:30,3147.281460137877,3224.2099695379347,3147.281460137877,3191.906494140625,2266246,0.0,0.0,BRITANNIA.NS,202
2020-10-23 00:00:00+05:30,3211.888526505872,3233.0241396081697,3176.862373416676,3202.42822265625,1022334,0.0,0.0,BRITANNIA.NS,203
2020-10-26 00:00:00+05:30,3213.734352661682,3235.470022083223,3198.967049490347,3216.872314453125,893740,0.0,0.0,BRITANNIA.NS,204
2020-10-27 00:00:00+05:30,3211.88827780548,3311.56756918565,3211.88827780548,3297.031005859375,1753963,0.0,0.0,BRITANNIA.NS,205
2020-10-28 00:00:00+05:30,3296.984887685664,3322.458575081425,3253.3751967186054,3268.834716796875,667035,0.0,0.0,BRITANNIA.NS,206
2020-10-29 00:00:00+05:30,3265.4200851238866,3282.0333020634657,3228.501825258156,3260.482177734375,654253,0.0,0.0,BRITANNIA.NS,207
2020-10-30 00:00:00+05:30,3267.265789482563,3276.357000526441,3194.029106018053,3205.658447265625,475859,0.0,0.0,BRITANNIA.NS,208
2020-11-02 00:00:00+05:30,3214.6569147943305,3217.3795909163446,3129.8832852924074,3156.78759765625,764391,0.0,0.0,BRITANNIA.NS,209
2020-11-03 00:00:00+05:30,3179.584993920962,3190.8912105176328,3128.8223887930512,3141.420654296875,623300,0.0,0.0,BRITANNIA.NS,210
2020-11-04 00:00:00+05:30,3159.279953688759,3235.8853396531663,3149.035046879125,3203.304931640625,714800,0.0,0.0,BRITANNIA.NS,211
2020-11-05 00:00:00+05:30,3241.422967868115,3258.036183534865,3198.4593011748157,3229.6552734375,999876,0.0,0.0,BRITANNIA.NS,212
2020-11-06 00:00:00+05:30,3239.577219221261,3281.110260493329,3220.7949648690915,3242.853759765625,582470,0.0,0.0,BRITANNIA.NS,213
2020-11-09 00:00:00+05:30,3274.6493375424534,3294.9543785305973,3242.853534334068,3274.92626953125,566460,0.0,0.0,BRITANNIA.NS,214
2020-11-10 00:00:00+05:30,3296.8005329361413,3296.8005329361413,3180.3696635977544,3238.054443359375,976298,0.0,0.0,BRITANNIA.NS,215
2020-11-11 00:00:00+05:30,3238.6542928208432,3268.7427642431267,3187.014922759313,3223.65625,1141508,0.0,0.0,BRITANNIA.NS,216
2020-11-12 00:00:00+05:30,3230.070782765143,3254.298390625981,3213.13466637351,3244.468994140625,615256,0.0,0.0,BRITANNIA.NS,217
2020-11-13 00:00:00+05:30,3246.037665922645,3268.6039048859307,3234.9621890983426,3243.68408203125,473523,0.0,0.0,BRITANNIA.NS,218
2020-11-14 00:00:00+05:30,3262.651347665072,3264.0357824660614,3244.192216985213,3255.5908203125,56492,0.0,0.0,BRITANNIA.NS,219
2020-11-17 00:00:00+05:30,3268.188527853198,3276.495135238309,3234.4082343546206,3239.392333984375,694643,0.0,0.0,BRITANNIA.NS,220
2020-11-18 00:00:00+05:30,3237.5468793463447,3250.6066237839923,3179.5851656579553,3230.6708984375,914389,0.0,0.0,BRITANNIA.NS,221
2020-11-19 00:00:00+05:30,3220.195075261655,3275.5724626264296,3211.8884671569385,3240.8232421875,739067,0.0,0.0,BRITANNIA.NS,222
2020-11-20 00:00:00+05:30,3253.375433991255,3302.107581723977,3249.8681542634167,3278.433837890625,1197247,0.0,0.0,BRITANNIA.NS,223
2020-11-23 00:00:00+05:30,3299.569319015504,3321.7202738844194,3278.3413205994602,3283.3251953125,952758,0.0,0.0,BRITANNIA.NS,224
2020-11-24 00:00:00+05:30,3299.569208050236,3316.182423643216,3259.6051499186688,3287.801513671875,752974,0.0,0.0,BRITANNIA.NS,225
2020-11-25 00:00:00+05:30,3295.5084335170272,3304.045780790961,3259.4207457185275,3281.8486328125,385590,0.0,0.0,BRITANNIA.NS,226
2020-11-26 00:00:00+05:30,3294.769584599294,3297.630614052007,3221.117623668105,3275.34130859375,741800,0.0,0.0,BRITANNIA.NS,227
2020-11-27 00:00:00+05:30,3289.2784945971753,3401.002194647195,3233.2088892346515,3357.66943359375,5383773,0.0,0.0,BRITANNIA.NS,228
2020-12-01 00:00:00+05:30,3417.246104788852,3417.246104788852,3318.5359618990615,3349.73193359375,1042234,0.0,0.0,BRITANNIA.NS,229
2020-12-02 00:00:00+05:30,3356.7922777987733,3366.944797748123,3285.724638153322,3319.8740234375,680870,0.0,0.0,BRITANNIA.NS,230
2020-12-03 00:00:00+05:30,3366.02195536637,3372.3902643268707,3330.0728490310316,3355.8232421875,450558,0.0,0.0,BRITANNIA.NS,231
2020-12-04 00:00:00+05:30,3356.792571612164,3389.096047005737,3333.7186606167543,3367.129638671875,482933,0.0,0.0,BRITANNIA.NS,232
2020-12-07 00:00:00+05:30,3368.7913170313677,3387.250447535649,3333.8113548582273,3349.363037109375,492080,0.0,0.0,BRITANNIA.NS,233
2020-12-08 00:00:00+05:30,3359.007671361678,3373.3134965809886,3338.933368231355,3364.54541015625,413743,0.0,0.0,BRITANNIA.NS,234
2020-12-09 00:00:00+05:30,3367.7755428420232,3383.558187531711,3340.271622182657,3347.6552734375,434686,0.0,0.0,BRITANNIA.NS,235
2020-12-10 00:00:00+05:30,3347.6557452316724,3458.318143877118,3344.7944898347146,3451.626708984375,1443681,0.0,0.0,BRITANNIA.NS,236
2020-12-11 00:00:00+05:30,3458.1793028115667,3486.006348343003,3416.3231396324136,3445.16552734375,695958,0.0,0.0,BRITANNIA.NS,237
2020-12-14 00:00:00+05:30,3456.472034603918,3499.850989377318,3449.134575618056,3485.96044921875,685712,0.0,0.0,BRITANNIA.NS,238
2020-12-15 00:00:00+05:30,3484.1601246212563,3505.111188118977,3438.6583327619624,3475.438232421875,648902,0.0,0.0,BRITANNIA.NS,239
2020-12-16 00:00:00+05:30,3476.0384001524158,3494.3129822096007,3456.471769248535,3463.486328125,466183,0.0,0.0,BRITANNIA.NS,240
2020-12-17 00:00:00+05:30,3451.949662471538,3476.7771019494853,3434.321103359181,3442.39697265625,488772,0.0,0.0,BRITANNIA.NS,241
2020-12-18 00:00:00+05:30,3450.0113577066672,3470.131854243744,3405.709446211237,3433.859619140625,1043126,0.0,0.0,BRITANNIA.NS,242
2020-12-21 00:00:00+05:30,3432.4750009582926,3439.90484536782,3262.5126626351325,3344.84033203125,670146,0.0,0.0,BRITANNIA.NS,243
2020-12-22 00:00:00+05:30,3341.102514452138,3380.2357797375607,3268.2813370734834,3350.701171875,662139,0.0,0.0,BRITANNIA.NS,244
2020-12-23 00:00:00+05:30,3361.038325636931,3385.727410874119,3327.4887682756125,3346.040283203125,451656,0.0,0.0,BRITANNIA.NS,245
2020-12-24 00:00:00+05:30,3373.4059555400577,3400.0793078467423,3313.4599768546295,3339.4873046875,579767,0.0,0.0,BRITANNIA.NS,246
2020-12-28 00:00:00+05:30,3354.9468585699824,3365.2377333544464,3320.7974682626677,3325.919921875,463358,0.0,0.0,BRITANNIA.NS,247
2020-12-29 00:00:00+05:30,3335.564626196065,3344.101973399251,3299.661710252431,3316.45947265625,414932,0.0,0.0,BRITANNIA.NS,248
2020-12-30 00:00:00+05:30,3324.719787826743,3328.0425210950734,3289.4167045081576,3307.783447265625,407808,0.0,0.0,BRITANNIA.NS,249
2020-12-31 00:00:00+05:30,3304.784206639328,3324.25867954082,3287.6635432850676,3300.815673828125,459383,0.0,0.0,BRITANNIA.NS,250
2021-01-01 00:00:00+05:30,3299.569313649259,3327.2580071903717,3288.5400291216156,3292.924072265625,453083,0.0,0.0,BRITANNIA.NS,251
2021-01-04 00:00:00+05:30,3312.490939537039,3317.0133363378995,3264.497200652691,3279.172119140625,698402,0.0,0.0,BRITANNIA.NS,252
2021-01-05 00:00:00+05:30,3275.5724435085795,3289.370597380203,3267.2658354523446,3277.5107421875,725278,0.0,0.0,BRITANNIA.NS,253
2021-01-06 00:00:00+05:30,3293.1084810813945,3324.488999118605,3239.5770091355644,3266.98876953125,1099588,0.0,0.0,BRITANNIA.NS,254
2021-01-07 00:00:00+05:30,3285.7245863170892,3293.0620441894066,3245.529792449145,3279.079345703125,621487,0.0,0.0,BRITANNIA.NS,255
2021-01-08 00:00:00+05:30,3298.6463532652874,3313.3674635808625,3260.666785469139,3299.800048828125,961239,0.0,0.0,BRITANNIA.NS,256
2021-01-11 00:00:00+05:30,3326.1503732067376,3345.7170041371155,3274.3262353094788,3334.503173828125,1043630,0.0,0.0,BRITANNIA.NS,257
2021-01-12 00:00:00+05:30,3344.7942095447484,3367.683574808749,3309.9987960845365,3351.854736328125,893653,0.0,0.0,BRITANNIA.NS,258
2021-01-13 00:00:00+05:30,3359.561392993501,3366.945044406674,3322.6431359276385,3342.16357421875,798273,0.0,0.0,BRITANNIA.NS,259
2021-01-14 00:00:00+05:30,3343.871565091657,3419.4616160524765,3340.7336029687326,3383.051025390625,1192074,0.0,0.0,BRITANNIA.NS,260
2021-01-15 00:00:00+05:30,3396.479810242656,3401.09459259353,3295.8775549936213,3330.99609375,597621,0.0,0.0,BRITANNIA.NS,261
2021-01-18 00:00:00+05:30,3330.996174599857,3382.6355452932835,3299.5694609613884,3329.888671875,826497,0.0,0.0,BRITANNIA.NS,262
2021-01-19 00:00:00+05:30,3349.178177065255,3368.652648055061,3310.644745748004,3323.796875,594091,0.0,0.0,BRITANNIA.NS,263
2021-01-20 00:00:00+05:30,3327.257878365463,3360.4843093283357,3308.7987500527556,3315.536376953125,607449,0.0,0.0,BRITANNIA.NS,264
2021-01-21 00:00:00+05:30,3326.98081671762,3384.065758932453,3325.042743519009,3351.070068359375,834432,0.0,0.0,BRITANNIA.NS,265
2021-01-22 00:00:00+05:30,3367.8680697354403,3405.7092840021305,3314.336595894756,3330.02685546875,791205,0.0,0.0,BRITANNIA.NS,266
2021-01-25 00:00:00+05:30,3353.885475564268,3359.4232144122093,3300.7230924915652,3335.1494140625,467367,0.0,0.0,BRITANNIA.NS,267
2021-01-27 00:00:00+05:30,3335.14926448562,3368.6985956360522,3316.9208749286654,3332.56494140625,646880,0.0,0.0,BRITANNIA.NS,268
2021-01-28 00:00:00+05:30,3312.2139517740784,3368.7912303806797,3285.0329278719,3326.1044921875,643832,0.0,0.0,BRITANNIA.NS,269
2021-01-29 00:00:00+05:30,3327.4424205204086,3341.840630719206,3212.0728687068254,3231.36279296875,733173,0.0,0.0,BRITANNIA.NS,270
2021-02-01 00:00:00+05:30,3266.342979179241,3283.786766499863,3214.6574163552687,3249.4990234375,544282,0.0,0.0,BRITANNIA.NS,271
2021-02-02 00:00:00+05:30,3274.5572956923456,3280.1874205083004,3215.3497259976907,3231.50146484375,869950,0.0,0.0,BRITANNIA.NS,272
2021-02-03 00:00:00+05:30,3254.390695341193,3270.95771885664,3231.270590777962,3245.576416015625,786972,0.0,0.0,BRITANNIA.NS,273
2021-02-04 00:00:00+05:30,3250.6066553698074,3330.073301503229,3240.546519481253,3304.184326171875,958717,0.0,0.0,BRITANNIA.NS,274
2021-02-05 00:00:00+05:30,3337.4102261605376,3337.4102261605376,3258.4512638243878,3268.788330078125,1159183,0.0,0.0,BRITANNIA.NS,275
2021-02-08 00:00:00+05:30,3323.5661299771054,3338.2410471944427,3197.21348387134,3206.07373046875,2388271,0.0,0.0,BRITANNIA.NS,276
2021-02-09 00:00:00+05:30,3234.9623215782835,3234.9623215782835,3188.8144995871526,3195.644287109375,951124,0.0,0.0,BRITANNIA.NS,277
2021-02-10 00:00:00+05:30,3200.7206445013617,3216.59567601221,3153.7884433131635,3160.987548828125,893690,0.0,0.0,BRITANNIA.NS,278
2021-02-11 00:00:00+05:30,3166.432922138547,3202.6589637311836,3156.5111400462965,3195.967529296875,873772,0.0,0.0,BRITANNIA.NS,279
2021-02-12 00:00:00+05:30,3211.8887353854584,3220.195344183869,3146.4050144242246,3157.6650390625,618874,0.0,0.0,BRITANNIA.NS,280
2021-02-15 00:00:00+05:30,3164.817419894439,3179.5847219411903,3140.8205540684676,3153.741943359375,513578,0.0,0.0,BRITANNIA.NS,281
2021-02-16 00:00:00+05:30,3167.5865393155045,3167.9096642057675,3124.253779014353,3128.314697265625,693631,0.0,0.0,BRITANNIA.NS,282
2021-02-17 00:00:00+05:30,3110.3629334729862,3142.5280527542664,3101.133369872176,3104.8251953125,866571,0.0,0.0,BRITANNIA.NS,283
2021-02-18 00:00:00+05:30,3108.5175439763084,3129.6993509392455,3082.7671473282167,3100.626220703125,616156,0.0,0.0,BRITANNIA.NS,284
2021-02-19 00:00:00+05:30,3100.2104785081565,3122.3614316144963,3064.215179710354,3074.55224609375,765676,0.0,0.0,BRITANNIA.NS,285
2021-02-22 00:00:00+05:30,3091.904044081515,3113.8242593194063,3061.723413851787,3083.781982421875,666371,0.0,0.0,BRITANNIA.NS,286
2021-02-23 00:00:00+05:30,3091.719805553079,3108.5175692040375,3069.10737074147,3078.936767578125,484686,0.0,0.0,BRITANNIA.NS,287
2021-02-24 00:00:00+05:30,3101.1338468132753,3151.896454424802,3083.5976732747476,3143.174560546875,512568,0.0,0.0,BRITANNIA.NS,288
2021-02-25 00:00:00+05:30,3156.51109495457,3161.7719017132613,3114.6089617797456,3142.666748046875,586357,0.0,0.0,BRITANNIA.NS,289
2021-02-26 00:00:00+05:30,3127.899622657121,3146.3125600258245,3085.443623057762,3104.594970703125,748717,0.0,0.0,BRITANNIA.NS,290
2021-03-01 00:00:00+05:30,3111.7474397185265,3156.510824213958,3107.6403288877523,3148.942626953125,377869,0.0,0.0,BRITANNIA.NS,291
2021-03-02 00:00:00+05:30,3148.942831962007,3184.199722958679,3133.4371186796275,3182.3076171875,383968,0.0,0.0,BRITANNIA.NS,292
2021-03-03 00:00:00+05:30,3193.429268542422,3218.4874456472194,3170.355357642549,3212.94970703125,409493,0.0,0.0,BRITANNIA.NS,293
2021-03-04 00:00:00+05:30,3184.199484487425,3244.0071024796785,3184.199484487425,3232.100830078125,537283,0.0,0.0,BRITANNIA.NS,294
2021-03-05 00:00:00+05:30,3217.4261547587616,3236.485115141434,3194.1215046131338,3222.733154296875,612423,0.0,0.0,BRITANNIA.NS,295
2021-03-08 00:00:00+05:30,3224.4408244802953,3238.608071143352,3185.1227885946737,3196.3828125,463984,0.0,0.0,BRITANNIA.NS,296
2021-03-09 00:00:00+05:30,3205.889427647598,3220.333606852304,3135.606379759236,3162.7412109375,589556,0.0,0.0,BRITANNIA.NS,297
2021-03-10 00:00:00+05:30,3185.953377844905,3220.1951533280385,3173.5858511660817,3212.211669921875,270942,0.0,0.0,BRITANNIA.NS,298
2021-03-12 00:00:00+05:30,3222.871433427312,3224.6713787115514,3161.125739051012,3169.6630859375,344205,0.0,0.0,BRITANNIA.NS,299
2021-03-15 00:00:00+05:30,3178.2926803963537,3190.2449204514846,3137.1287357146525,3184.568603515625,311078,0.0,0.0,BRITANNIA.NS,300
2021-03-16 00:00:00+05:30,3195.829008246171,3230.347488418522,3189.78359859447,3220.287353515625,383099,0.0,0.0,BRITANNIA.NS,301
2021-03-17 00:00:00+05:30,3219.271727488395,3229.424247271185,3180.784493014409,3200.72021484375,378136,0.0,0.0,BRITANNIA.NS,302
2021-03-18 00:00:00+05:30,3211.888354485114,3219.1796200999015,3163.3407564658933,3174.64697265625,430166,0.0,0.0,BRITANNIA.NS,303
2021-03-19 00:00:00+05:30,3160.756583085512,3225.5942702986026,3118.669681039642,3199.520751953125,1312375,0.0,0.0,BRITANNIA.NS,304
2021-03-22 00:00:00+05:30,3175.062817534841,3294.9547794617756,3175.062817534841,3289.7861328125,820046,0.0,0.0,BRITANNIA.NS,305
2021-03-23 00:00:00+05:30,3294.9543594400884,3302.3380106657246,3253.4213212958857,3293.4775390625,461046,0.0,0.0,BRITANNIA.NS,306
2021-03-24 00:00:00+05:30,3263.574035183026,3293.2931880616156,3250.6526447722335,3265.189208984375,480657,0.0,0.0,BRITANNIA.NS,307
2021-03-25 00:00:00+05:30,3262.6513230885275,3290.155472660574,3164.8179312222237,3178.52392578125,486516,0.0,0.0,BRITANNIA.NS,308
2021-03-26 00:00:00+05:30,3189.1374158898584,3244.191673792021,3189.1374158898584,3234.593017578125,273033,0.0,0.0,BRITANNIA.NS,309
2021-03-30 00:00:00+05:30,3243.2690832087424,3345.717252883236,3239.6234501649387,3337.41064453125,567450,0.0,0.0,BRITANNIA.NS,310
2021-03-31 00:00:00+05:30,3337.4106265370124,3373.405929201543,3315.721149290436,3345.763427734375,441583,0.0,0.0,BRITANNIA.NS,311
2021-04-01 00:00:00+05:30,3354.946554220067,3387.25002860733,3332.1033830462165,3339.7177734375,460658,0.0,0.0,BRITANNIA.NS,312
2021-04-05 00:00:00+05:30,3354.9466692274814,3433.397966857285,3350.3318870139638,3415.261962890625,807938,0.0,0.0,BRITANNIA.NS,313
2021-04-06 00:00:00+05:30,3422.3222480779145,3448.534119068814,3396.4794695055893,3443.18115234375,462351,0.0,0.0,BRITANNIA.NS,314
2021-04-07 00:00:00+05:30,3444.4733731239608,3525.693538406627,3425.5989593262093,3515.125732421875,633677,0.0,0.0,BRITANNIA.NS,315
2021-04-08 00:00:00+05:30,3546.5097898039894,3597.1742153726177,3528.7303751618297,3580.98974609375,613388,62.0,0.0,BRITANNIA.NS,316
2021-04-09 00:00:00+05:30,3580.9895391812697,3606.2747931874082,3555.8918853728987,3563.1162109375,526934,0.0,0.0,BRITANNIA.NS,317
2021-04-12 00:00:00+05:30,3544.586363090217,3612.1858876569568,3518.362877587945,3577.23681640625,1108910,0.0,0.0,BRITANNIA.NS,318
2021-04-13 00:00:00+05:30,3578.503174476202,3609.370850195938,3498.7066662755324,3514.609619140625,411660,0.0,0.0,BRITANNIA.NS,319
2021-04-15 00:00:00+05:30,3519.3006603704166,3565.180014838667,3446.1187218183254,3464.601806640625,494464,0.0,0.0,BRITANNIA.NS,320
2021-04-16 00:00:00+05:30,3467.2292503915232,3503.304151048877,3449.4498362400914,3468.16748046875,251741,0.0,0.0,BRITANNIA.NS,321
2021-04-19 00:00:00+05:30,3457.3779203939025,3523.0540274298787,3427.4015144944983,3511.607666015625,560398,0.0,0.0,BRITANNIA.NS,322
2021-04-20 00:00:00+05:30,3501.380610479107,3520.9427985255606,3462.162777877887,3499.504150390625,331477,0.0,0.0,BRITANNIA.NS,323
2021-04-22 00:00:00+05:30,3495.000717911099,3533.374233872143,3464.0858556917037,3520.239013671875,424370,0.0,0.0,BRITANNIA.NS,324
2021-04-23 00:00:00+05:30,3523.0539321166943,3528.589397935936,3415.6265885142016,3424.8212890625,491834,0.0,0.0,BRITANNIA.NS,325
2021-04-26 00:00:00+05:30,3434.953867977768,3435.798183334905,3312.89005607743,3320.58349609375,1031406,0.0,0.0,BRITANNIA.NS,326
2021-04-27 00:00:00+05:30,3352.014205321497,3353.796979720373,3299.7548412227575,3322.4599609375,813608,0.0,0.0,BRITANNIA.NS,327
2021-04-28 00:00:00+05:30,3272.546303449515,3309.137274158956,3254.7199331038896,3263.86767578125,1498181,0.0,0.0,BRITANNIA.NS,328
2021-04-29 00:00:00+05:30,3280.7560199573304,3289.340733533159,3234.0790736520817,3254.626220703125,611087,0.0,0.0,BRITANNIA.NS,329
2021-04-30 00:00:00+05:30,3246.2760973515874,3254.1104101932165,3224.696805374973,3235.95556640625,436187,0.0,0.0,BRITANNIA.NS,330
2021-05-03 00:00:00+05:30,3226.666974307614,3263.8207459042496,3219.630249112032,3226.8076171875,570022,0.0,0.0,BRITANNIA.NS,331
2021-05-04 00:00:00+05:30,3220.0053986139087,3248.152298951443,3208.746638478895,3223.61767578125,337838,0.0,0.0,BRITANNIA.NS,332
2021-05-05 00:00:00+05:30,3228.543847138528,3245.2441604898413,3223.9933393062292,3238.395263671875,234116,0.0,0.0,BRITANNIA.NS,333
2021-05-06 00:00:00+05:30,3238.769937219569,3275.8300219589005,3227.229662488727,3238.81689453125,384450,0.0,0.0,BRITANNIA.NS,334
2021-05-07 00:00:00+05:30,3269.450670714704,3269.450670714704,3239.0051471086135,3247.44921875,189156,0.0,0.0,BRITANNIA.NS,335
2021-05-10 00:00:00+05:30,3263.164008960929,3263.164008960929,3193.2658724837615,3202.9296875,694001,0.0,0.0,BRITANNIA.NS,336
2021-05-11 00:00:00+05:30,3202.929884548072,3222.5388015448107,3186.276300671581,3207.24560546875,455412,0.0,0.0,BRITANNIA.NS,337
2021-05-12 00:00:00+05:30,3193.7349883027855,3232.202419125469,3191.0609411215737,3227.089111328125,252497,0.0,0.0,BRITANNIA.NS,338
2021-05-14 00:00:00+05:30,3236.893637603674,3306.7917755751155,3225.822477321016,3285.16552734375,677498,0.0,0.0,BRITANNIA.NS,339
2021-05-17 00:00:00+05:30,3301.584667911566,3315.6111616838493,3280.099290874698,3290.607421875,338003,0.0,0.0,BRITANNIA.NS,340
2021-05-18 00:00:00+05:30,3307.4483038314124,3315.610858904996,3265.0403542378062,3307.682861328125,474368,0.0,0.0,BRITANNIA.NS,341
2021-05-19 00:00:00+05:30,3316.6433519409056,3335.407953649199,3298.863937634313,3316.080322265625,688416,0.0,0.0,BRITANNIA.NS,342
2021-05-20 00:00:00+05:30,3283.805028474334,3300.411653806321,3204.0554777828147,3211.13916015625,1046540,0.0,0.0,BRITANNIA.NS,343
2021-05-21 00:00:00+05:30,3235.9554740652056,3235.9554740652056,3206.8703422310446,3223.52392578125,521688,0.0,0.0,BRITANNIA.NS,344
2021-05-24 00:00:00+05:30,3245.337531358389,3245.337531358389,3163.1484927129745,3170.373046875,1643611,0.0,0.0,BRITANNIA.NS,345
2021-05-25 00:00:00+05:30,3187.700534603731,3246.0867777781564,3187.700534603731,3239.02392578125,1318946,12.5,0.0,BRITANNIA.NS,346
2021-05-26 00:00:00+05:30,3240.483771525882,3252.5377521171854,3214.115789568274,3216.893798828125,373186,0.0,0.0,BRITANNIA.NS,347
2021-05-27 00:00:00+05:30,3230.0779556949797,3237.1408083677825,3201.873676670369,3215.62255859375,444547,0.0,0.0,BRITANNIA.NS,348
2021-05-28 00:00:00+05:30,3217.8354170037746,3247.970252632724,3211.243421709942,3223.909423828125,249529,0.0,0.0,BRITANNIA.NS,349
2021-05-31 00:00:00+05:30,3228.9008715519476,3256.822590988817,3227.4883009920272,3246.8876953125,352802,0.0,0.0,BRITANNIA.NS,350
2021-06-01 00:00:00+05:30,3256.445841190977,3266.898954796966,3241.3784226082544,3245.8515625,236580,0.0,0.0,BRITANNIA.NS,351
2021-06-02 00:00:00+05:30,3245.8515901087376,3282.8138516338754,3245.1924365222494,3272.6904296875,420074,0.0,0.0,BRITANNIA.NS,352
2021-06-03 00:00:00+05:30,3277.163218962281,3295.526633551294,3265.297536032857,3292.466064453125,380896,0.0,0.0,BRITANNIA.NS,353
2021-06-04 00:00:00+05:30,3295.9974316011985,3307.297994223831,3277.1631605634775,3285.921142578125,312826,0.0,0.0,BRITANNIA.NS,354
2021-06-07 00:00:00+05:30,3302.1190342641776,3347.7921479564097,3275.7510511016517,3336.114990234375,357312,0.0,0.0,BRITANNIA.NS,355
2021-06-08 00:00:00+05:30,3337.903791952805,3410.886594569914,3336.114628110925,3391.81689453125,787313,0.0,0.0,BRITANNIA.NS,356
2021-06-09 00:00:00+05:30,3388.2857241009424,3398.0325523754623,3349.769727650567,3366.34375,546202,0.0,0.0,BRITANNIA.NS,357
2021-06-10 00:00:00+05:30,3362.8592138116296,3401.092877347046,3347.791796443669,3367.850341796875,355092,0.0,0.0,BRITANNIA.NS,358
2021-06-11 00:00:00+05:30,3366.6263448183295,3385.4606180760543,3344.0252169090595,3350.52294921875,301375,0.0,0.0,BRITANNIA.NS,359
2021-06-14 00:00:00+05:30,3350.522956528748,3388.2857664571006,3305.8386891094187,3381.92919921875,312420,0.0,0.0,BRITANNIA.NS,360
2021-06-15 00:00:00+05:30,3383.906624400432,3428.308328254703,3383.576932679343,3420.16259765625,451019,0.0,0.0,BRITANNIA.NS,361
2021-06-16 00:00:00+05:30,3419.409277653384,3432.35783989722,3394.9247235923126,3427.319580078125,232534,0.0,0.0,BRITANNIA.NS,362
2021-06-17 00:00:00+05:30,3414.5594223693406,3449.4970906544154,3399.1154105151822,3444.9296875,300185,0.0,0.0,BRITANNIA.NS,363
2021-06-18 00:00:00+05:30,3447.990023106077,3464.564274142025,3385.4603331178528,3408.249755859375,731807,0.0,0.0,BRITANNIA.NS,364
2021-06-21 00:00:00+05:30,3390.1693130260296,3440.974721054403,3372.3710160968712,3436.172119140625,231475,0.0,0.0,BRITANNIA.NS,365
2021-06-22 00:00:00+05:30,3437.254844595651,3451.380549436455,3405.2365802898285,3438.102294921875,235555,0.0,0.0,BRITANNIA.NS,366
2021-06-23 00:00:00+05:30,3439.1381399050592,3469.555535810207,3419.362153886985,3446.0126953125,378997,0.0,0.0,BRITANNIA.NS,367
2021-06-24 00:00:00+05:30,3446.012814905078,3488.907917762669,3438.196545606468,3474.075927734375,385390,0.0,0.0,BRITANNIA.NS,368
2021-06-25 00:00:00+05:30,3493.6631347192574,3493.6631347192574,3432.451751734696,3456.135986328125,176772,0.0,0.0,BRITANNIA.NS,369
2021-06-28 00:00:00+05:30,3456.1361116921375,3470.2146843071487,3430.662712328614,3453.499267578125,181793,0.0,0.0,BRITANNIA.NS,370
2021-06-29 00:00:00+05:30,3441.9632006972643,3453.358027197307,3399.633220449184,3443.98779296875,357263,0.0,0.0,BRITANNIA.NS,371
2021-06-30 00:00:00+05:30,3460.7975812507702,3474.9232856640388,3421.1984772301303,3436.925048828125,428387,0.0,0.0,BRITANNIA.NS,372
2021-07-01 00:00:00+05:30,3427.8378101839594,3447.6137975504053,3371.9470110674197,3386.214111328125,612678,0.0,0.0,BRITANNIA.NS,373
2021-07-02 00:00:00+05:30,3398.6443360828794,3398.6443360828794,3328.957530632579,3338.6572265625,292855,0.0,0.0,BRITANNIA.NS,374
2021-07-05 00:00:00+05:30,3356.267318512068,3375.572447588807,3307.6748040912757,3318.175048828125,519061,0.0,0.0,BRITANNIA.NS,375
2021-07-06 00:00:00+05:30,3320.482376501892,3327.8749207223673,3304.143552480858,3313.890380859375,282115,0.0,0.0,BRITANNIA.NS,376
2021-07-07 00:00:00+05:30,3315.7733356443846,3335.5493197535957,3301.6476327092337,3316.10302734375,524482,0.0,0.0,BRITANNIA.NS,377
2021-07-08 00:00:00+05:30,3295.0557967701607,3320.3877999568786,3270.806672229769,3287.898681640625,627227,0.0,0.0,BRITANNIA.NS,378
2021-07-09 00:00:00+05:30,3287.5224461950493,3312.94871547241,3265.8630316254457,3273.349609375,595359,0.0,0.0,BRITANNIA.NS,379
2021-07-12 00:00:00+05:30,3279.2350692551668,3295.9976174057974,3262.190190951483,3268.122802734375,146119,0.0,0.0,BRITANNIA.NS,380
2021-07-13 00:00:00+05:30,3285.403587025013,3286.062740616076,3263.1321505526525,3282.343017578125,182918,0.0,0.0,BRITANNIA.NS,381
2021-07-14 00:00:00+05:30,3271.5129903894426,3284.838145637088,3252.819883785263,3282.578125,458955,0.0,0.0,BRITANNIA.NS,382
2021-07-15 00:00:00+05:30,3298.822775363543,3298.822775363543,3254.091378894868,3259.129638671875,264604,0.0,0.0,BRITANNIA.NS,383
2021-07-16 00:00:00+05:30,3258.3290819801655,3270.2887988134166,3236.763932332435,3240.4365234375,399006,0.0,0.0,BRITANNIA.NS,384
2021-07-19 00:00:00+05:30,3239.8715146674526,3255.974909873566,3226.4051935456614,3249.05322265625,226731,0.0,0.0,BRITANNIA.NS,385
2021-07-20 00:00:00+05:30,3253.620609932393,3264.8740418920165,3226.7817713265836,3233.4208984375,152954,0.0,0.0,BRITANNIA.NS,386
2021-07-22 00:00:00+05:30,3248.4410342630085,3248.4410342630085,3215.95191535242,3225.651611328125,389457,0.0,0.0,BRITANNIA.NS,387
2021-07-23 00:00:00+05:30,3227.252659992203,3251.266357929116,3225.6517927785203,3239.306640625,247778,0.0,0.0,BRITANNIA.NS,388
2021-07-26 00:00:00+05:30,3239.448011883421,3294.1145384129545,3231.0197202100762,3279.047119140625,433827,0.0,0.0,BRITANNIA.NS,389
2021-07-27 00:00:00+05:30,3292.230951265123,3300.565209109982,3234.9275831611726,3249.618408203125,210607,0.0,0.0,BRITANNIA.NS,390
2021-07-28 00:00:00+05:30,3266.8045784868486,3266.8045784868486,3211.2434743845934,3224.521728515625,352127,0.0,0.0,BRITANNIA.NS,391
2021-07-29 00:00:00+05:30,3224.6155881218183,3229.0887276177573,3203.709592670276,3207.099853515625,321411,0.0,0.0,BRITANNIA.NS,392
2021-07-30 00:00:00+05:30,3224.4274248219576,3239.4948426949577,3181.1085984370834,3223.8623046875,988317,0.0,0.0,BRITANNIA.NS,393
2021-08-02 00:00:00+05:30,3245.8044479986106,3335.549806388639,3239.542144081276,3300.376708984375,1887580,0.0,0.0,BRITANNIA.NS,394
2021-08-03 00:00:00+05:30,3343.083441748799,3370.393137470127,3325.190882483101,3364.93115234375,1326045,0.0,0.0,BRITANNIA.NS,395
2021-08-04 00:00:00+05:30,3370.3930402695228,3389.227312637612,3333.6662091517496,3369.73388671875,478788,0.0,0.0,BRITANNIA.NS,396
2021-08-05 00:00:00+05:30,3369.73403368567,3406.8374599048066,3340.823470321864,3400.669189453125,497146,0.0,0.0,BRITANNIA.NS,397
2021-08-06 00:00:00+05:30,3400.669195869985,3409.0034537363,3380.846307229056,3393.93603515625,258380,0.0,0.0,BRITANNIA.NS,398
2021-08-09 00:00:00+05:30,3408.9088511991827,3436.312807979016,3396.0545529663814,3424.164794921875,444706,0.0,0.0,BRITANNIA.NS,399
2021-08-10 00:00:00+05:30,3424.1649365729245,3431.604382100086,3400.99868988871,3425.20068359375,249493,0.0,0.0,BRITANNIA.NS,400
2021-08-11 00:00:00+05:30,3425.2006201975564,3436.265754869175,3362.9534899060964,3414.1826171875,233115,0.0,0.0,BRITANNIA.NS,401
2021-08-12 00:00:00+05:30,3422.564003653834,3430.615701357697,3397.231998388219,3409.7568359375,232971,0.0,0.0,BRITANNIA.NS,402
2021-08-13 00:00:00+05:30,3409.7568207709737,3431.698794739326,3366.720553063334,3370.9111328125,323144,0.0,0.0,BRITANNIA.NS,403
2021-08-16 00:00:00+05:30,3361.9176316442795,3459.808716701223,3345.9556317282468,3442.245849609375,348972,0.0,0.0,BRITANNIA.NS,404
2021-08-17 00:00:00+05:30,3456.089022396608,3491.4975468518687,3454.2055951364464,3481.04443359375,579154,0.0,0.0,BRITANNIA.NS,405
2021-08-18 00:00:00+05:30,3492.627427894358,3512.591710130686,3472.0508938748167,3503.880859375,426843,0.0,0.0,BRITANNIA.NS,406
2021-08-20 00:00:00+05:30,3427.8375849920767,3736.248796279139,3423.4115769496098,3668.869140625,1567252,0.0,0.0,BRITANNIA.NS,407
2021-08-23 00:00:00+05:30,3682.100362714193,3733.564921599671,3626.162664001889,3640.900390625,645088,0.0,0.0,BRITANNIA.NS,408
2021-08-24 00:00:00+05:30,3648.998982418647,3665.149278462041,3574.2739173696496,3590.00048828125,437167,0.0,0.0,BRITANNIA.NS,409
2021-08-25 00:00:00+05:30,3590.000609985393,3670.7996844240406,3575.68660896821,3618.817138671875,360778,0.0,0.0,BRITANNIA.NS,410
2021-08-26 00:00:00+05:30,3602.2428986213376,3716.896532027557,3602.2428986213376,3701.781982421875,1114234,0.0,0.0,BRITANNIA.NS,411
2021-08-27 00:00:00+05:30,3714.7775851672495,3741.3809943187616,3683.748168085914,3711.811279296875,475524,0.0,0.0,BRITANNIA.NS,412
2021-08-30 00:00:00+05:30,3729.186240399214,3760.7807809180435,3703.0065536385396,3754.00048828125,466524,0.0,0.0,BRITANNIA.NS,413
2021-08-31 00:00:00+05:30,3762.145960060487,3792.563356357981,3729.1859829385553,3764.500244140625,688613,0.0,0.0,BRITANNIA.NS,414
2021-09-01 00:00:00+05:30,3752.352121109697,3791.2447090538953,3732.811563812912,3781.309814453125,352460,0.0,0.0,BRITANNIA.NS,415
2021-09-02 00:00:00+05:30,3780.980346085654,3864.7928618519363,3768.785200166942,3847.936279296875,525680,0.0,0.0,BRITANNIA.NS,416
2021-09-03 00:00:00+05:30,3865.7345875656288,3893.7036672920563,3835.740915427478,3883.815673828125,426377,0.0,0.0,BRITANNIA.NS,417
2021-09-06 00:00:00+05:30,3902.8377203160303,3907.452024954499,3824.2988986753426,3841.296875,312608,0.0,0.0,BRITANNIA.NS,418
2021-09-07 00:00:00+05:30,3858.106405552347,3888.900624597288,3842.1915374716477,3856.740966796875,259534,0.0,0.0,BRITANNIA.NS,419
2021-09-08 00:00:00+05:30,3842.003205359282,3849.6309476009424,3781.639271413575,3824.675537109375,236283,0.0,0.0,BRITANNIA.NS,420
2021-09-09 00:00:00+05:30,3822.2272686450383,3878.729855665545,3814.0344061721453,3833.52783203125,295134,0.0,0.0,BRITANNIA.NS,421
2021-09-13 00:00:00+05:30,3833.527830190631,3863.850962613629,3822.2272668098453,3855.234375,171201,0.0,0.0,BRITANNIA.NS,422
2021-09-14 00:00:00+05:30,3858.2007652021366,3910.936728797772,3844.4516541576236,3862.4384765625,419441,0.0,0.0,BRITANNIA.NS,423
2021-09-15 00:00:00+05:30,3865.922779698818,3893.9856605063187,3833.763122935977,3848.17138671875,218163,0.0,0.0,BRITANNIA.NS,424
2021-09-16 00:00:00+05:30,3848.171565717508,3879.860137252938,3804.334750466193,3835.646728515625,243636,0.0,0.0,BRITANNIA.NS,425
2021-09-17 00:00:00+05:30,3839.742971793427,3875.1514954045997,3805.464688439851,3815.682373046875,621517,0.0,0.0,BRITANNIA.NS,426
2021-09-20 00:00:00+05:30,3799.8143760185226,3875.15146401889,3766.854400018362,3846.42919921875,291097,0.0,0.0,BRITANNIA.NS,427
2021-09-21 00:00:00+05:30,3825.4292511561125,3871.9026831506358,3816.765531313384,3838.001220703125,424258,0.0,0.0,BRITANNIA.NS,428
2021-09-22 00:00:00+05:30,3844.075094853009,3865.7345086652626,3813.0928079292694,3821.94482421875,259937,0.0,0.0,BRITANNIA.NS,429
2021-09-23 00:00:00+05:30,3823.35723715211,3837.906666370493,3783.33440893069,3806.736083984375,322858,0.0,0.0,BRITANNIA.NS,430
2021-09-24 00:00:00+05:30,3804.5227847479046,3860.036983072594,3795.105649142093,3807.253662109375,373614,0.0,0.0,BRITANNIA.NS,431
2021-09-27 00:00:00+05:30,3813.8461410512373,3827.6895160770823,3766.8547203787393,3775.895263671875,248898,0.0,0.0,BRITANNIA.NS,432
2021-09-28 00:00:00+05:30,3771.7514501807523,3831.785695132411,3757.4845804035226,3770.291748046875,354948,0.0,0.0,BRITANNIA.NS,433
2021-09-29 00:00:00+05:30,3749.9037222818733,3785.5945773479075,3728.3854735988807,3741.19287109375,332446,0.0,0.0,BRITANNIA.NS,434
2021-09-30 00:00:00+05:30,3740.486329095471,3760.2623142190873,3710.6340546766914,3718.77978515625,217501,0.0,0.0,BRITANNIA.NS,435
2021-10-01 00:00:00+05:30,3728.056025244947,3728.056025244947,3658.5575122350497,3692.553466796875,181917,0.0,0.0,BRITANNIA.NS,436
2021-10-04 00:00:00+05:30,3682.1002208924274,3736.01332514974,3654.790526159466,3665.996826171875,372752,0.0,0.0,BRITANNIA.NS,437
2021-10-05 00:00:00+05:30,3667.0329212524784,3677.627199722969,3640.194082460569,3655.920654296875,131731,0.0,0.0,BRITANNIA.NS,438
2021-10-06 00:00:00+05:30,3666.091213169237,3760.4037425764245,3655.967791504308,3709.033447265625,409840,0.0,0.0,BRITANNIA.NS,439
2021-10-07 00:00:00+05:30,3728.997692140073,3732.6231516829334,3651.4474824524536,3673.248291015625,187556,0.0,0.0,BRITANNIA.NS,440
2021-10-08 00:00:00+05:30,3686.8090648451653,3699.993056392504,3622.6313693843094,3656.956787109375,316870,0.0,0.0,BRITANNIA.NS,441
2021-10-11 00:00:00+05:30,3653.8487853803977,3673.389342673347,3607.8931154996894,3616.745361328125,253051,0.0,0.0,BRITANNIA.NS,442
2021-10-12 00:00:00+05:30,3598.2875701968605,3648.904674854825,3592.637288746669,3642.5009765625,253262,0.0,0.0,BRITANNIA.NS,443
2021-10-13 00:00:00+05:30,3645.7498847230777,3667.1269670528145,3629.8350170845633,3657.3330078125,174222,0.0,0.0,BRITANNIA.NS,444
2021-10-14 00:00:00+05:30,3683.9837932024875,3696.226070633886,3654.7906700968438,3667.83349609375,299078,0.0,0.0,BRITANNIA.NS,445
2021-10-18 00:00:00+05:30,3729.1858967923345,3729.1858967923345,3602.0545594016867,3613.684814453125,256837,0.0,0.0,BRITANNIA.NS,446
2021-10-19 00:00:00+05:30,3635.34426144486,3642.877970397635,3559.6774801862052,3574.650634765625,282932,0.0,0.0,BRITANNIA.NS,447
2021-10-20 00:00:00+05:30,3578.5116792929293,3689.0218621953127,3522.0088633040937,3542.7265625,523002,0.0,0.0,BRITANNIA.NS,448
2021-10-21 00:00:00+05:30,3577.099111422404,3577.099111422404,3465.5060497655513,3497.85400390625,335589,0.0,0.0,BRITANNIA.NS,449
2021-10-22 00:00:00+05:30,3516.3584930502625,3540.8430460281165,3437.2545526602726,3474.923095703125,192033,0.0,0.0,BRITANNIA.NS,450
2021-10-25 00:00:00+05:30,3474.923397984546,3481.0916684264957,3406.837454529729,3419.409423828125,289025,0.0,0.0,BRITANNIA.NS,451
2021-10-26 00:00:00+05:30,3436.312956569507,3489.0960502950315,3395.678106336967,3477.56005859375,326825,0.0,0.0,BRITANNIA.NS,452
2021-10-27 00:00:00+05:30,3485.187960677217,3513.7219302981825,3466.8716761386777,3482.31591796875,441016,0.0,0.0,BRITANNIA.NS,453
2021-10-28 00:00:00+05:30,3507.883360601528,3511.367655138671,3441.021691177982,3467.29541015625,193658,0.0,0.0,BRITANNIA.NS,454
2021-10-29 00:00:00+05:30,3466.447902851459,3492.7687530618764,3428.826488980564,3461.50390625,283538,0.0,0.0,BRITANNIA.NS,455
2021-11-01 00:00:00+05:30,3478.68992390796,3484.3402053219957,3438.2905037618207,3463.763671875,139766,0.0,0.0,BRITANNIA.NS,456
2021-11-02 00:00:00+05:30,3465.694479709963,3491.4975713011972,3453.3110373519066,3468.237060546875,151547,0.0,0.0,BRITANNIA.NS,457
2021-11-03 00:00:00+05:30,3479.631847637045,3484.1521190233934,3407.1670301074723,3418.279296875,185296,0.0,0.0,BRITANNIA.NS,458
2021-11-04 00:00:00+05:30,3418.279296875,3418.279296875,3418.279296875,3418.279296875,0,0.0,0.0,BRITANNIA.NS,459
2021-11-08 00:00:00+05:30,3452.322239361311,3511.509034201655,3409.003411480618,3501.0087890625,336938,0.0,0.0,BRITANNIA.NS,460
2021-11-09 00:00:00+05:30,3380.752252550446,3426.8962247997415,3329.099163078585,3410.510498046875,1399094,0.0,0.0,BRITANNIA.NS,461
2021-11-10 00:00:00+05:30,3417.9023645971374,3503.1745766864947,3390.1689451804787,3482.927734375,706755,0.0,0.0,BRITANNIA.NS,462
2021-11-11 00:00:00+05:30,3483.4929391342225,3501.291234564642,3421.528137037439,3431.039306640625,298625,0.0,0.0,BRITANNIA.NS,463
2021-11-12 00:00:00+05:30,3454.770655301864,3486.1766663734998,3429.01469600207,3472.99267578125,275060,0.0,0.0,BRITANNIA.NS,464
2021-11-15 00:00:00+05:30,3484.340426975366,3529.166087675811,3459.855872623647,3524.45751953125,320669,0.0,0.0,BRITANNIA.NS,465
2021-11-16 00:00:00+05:30,3532.3678858384346,3540.8433086516966,3466.447930624174,3475.629638671875,199179,0.0,0.0,BRITANNIA.NS,466
2021-11-17 00:00:00+05:30,3475.629470438289,3484.2931895792663,3397.5143732725674,3404.341796875,250996,0.0,0.0,BRITANNIA.NS,467
2021-11-18 00:00:00+05:30,3432.357953667756,3432.357953667756,3347.792022010115,3363.424560546875,248828,0.0,0.0,BRITANNIA.NS,468
2021-11-22 00:00:00+05:30,3379.810386119267,3417.008076353792,3361.917826259622,3372.841796875,364653,0.0,0.0,BRITANNIA.NS,469
2021-11-23 00:00:00+05:30,3369.2631251907014,3456.089077280878,3365.6845673574544,3448.696533203125,365672,0.0,0.0,BRITANNIA.NS,470
2021-11-24 00:00:00+05:30,3446.6719160027174,3459.855906938247,3399.5862340901117,3412.158203125,149025,0.0,0.0,BRITANNIA.NS,471
2021-11-25 00:00:00+05:30,3400.0570523123943,3421.9990258166986,3358.150795885888,3365.119384765625,232784,0.0,0.0,BRITANNIA.NS,472
2021-11-26 00:00:00+05:30,3352.5004709009963,3423.223255383381,3327.968785237153,3348.074462890625,372530,0.0,0.0,BRITANNIA.NS,473
2021-11-29 00:00:00+05:30,3343.0832429147263,3343.0832429147263,3266.8987054840704,3322.9306640625,281082,0.0,0.0,BRITANNIA.NS,474
2021-11-30 00:00:00+05:30,3309.181965503147,3357.2093645471596,3297.033950650361,3338.845947265625,633377,0.0,0.0,BRITANNIA.NS,475
2021-12-01 00:00:00+05:30,3343.5542481124808,3396.478508212308,3322.365691407079,3329.193115234375,312855,0.0,0.0,BRITANNIA.NS,476
2021-12-02 00:00:00+05:30,3333.6661455240496,3397.0435168151334,3324.2490095197445,3369.922119140625,377041,0.0,0.0,BRITANNIA.NS,477
2021-12-03 00:00:00+05:30,3349.675315330417,3384.0007304795395,3343.083320051442,3346.61474609375,313990,0.0,0.0,BRITANNIA.NS,478
2021-12-06 00:00:00+05:30,3348.7337112315377,3372.3708156119333,3286.5806108543493,3292.419189453125,165986,0.0,0.0,BRITANNIA.NS,479
2021-12-07 00:00:00+05:30,3297.928232324051,3323.3073684272663,3264.9211239267024,3271.701416015625,254445,0.0,0.0,BRITANNIA.NS,480
2021-12-08 00:00:00+05:30,3286.533205643289,3373.6417102852893,3279.9883423577003,3367.332275390625,326189,0.0,0.0,BRITANNIA.NS,481
2021-12-09 00:00:00+05:30,3357.209183026584,3422.6111504417217,3356.267469370756,3412.676025390625,284117,0.0,0.0,BRITANNIA.NS,482
2021-12-10 00:00:00+05:30,3412.6760853222845,3429.7211947563314,3394.3126687111508,3420.727783203125,190379,0.0,0.0,BRITANNIA.NS,483
2021-12-13 00:00:00+05:30,3428.77924299569,3445.118066040924,3368.4624404868364,3379.57470703125,311904,0.0,0.0,BRITANNIA.NS,484
2021-12-14 00:00:00+05:30,3371.3348186901244,3387.767675665036,3336.538545803353,3371.005126953125,297867,0.0,0.0,BRITANNIA.NS,485
2021-12-15 00:00:00+05:30,3362.859384558285,3370.958213768993,3316.244559709325,3335.173095703125,152079,0.0,0.0,BRITANNIA.NS,486
2021-12-16 00:00:00+05:30,3343.0834172939544,3363.4714256070315,3330.511448253429,3353.065673828125,121782,0.0,0.0,BRITANNIA.NS,487
2021-12-17 00:00:00+05:30,3339.3167432910777,3348.7338801869914,3295.9979135698736,3330.040771484375,307396,0.0,0.0,BRITANNIA.NS,488
2021-12-20 00:00:00+05:30,3316.7153443572,3324.249053259772,3230.1719553031276,3269.535400390625,382144,0.0,0.0,BRITANNIA.NS,489
2021-12-21 00:00:00+05:30,3271.4189262196314,3334.937695247389,3259.318043876475,3301.41259765625,222991,0.0,0.0,BRITANNIA.NS,490
2021-12-22 00:00:00+05:30,3316.7152025955284,3332.3477398644254,3281.495206945584,3293.17236328125,257611,0.0,0.0,BRITANNIA.NS,491
2021-12-23 00:00:00+05:30,3298.9167917841673,3352.500200210967,3297.880814926631,3347.4150390625,163291,0.0,0.0,BRITANNIA.NS,492
2021-12-24 00:00:00+05:30,3352.5003790029277,3357.208946950965,3313.8901218290175,3334.890380859375,136780,0.0,0.0,BRITANNIA.NS,493
2021-12-27 00:00:00+05:30,3333.666439496077,3337.951282737995,3302.3073278542975,3308.428466796875,94111,0.0,0.0,BRITANNIA.NS,494
2021-12-28 00:00:00+05:30,3325.1907321654226,3354.3838538581804,3306.450723430097,3343.6953125,99497,0.0,0.0,BRITANNIA.NS,495
2021-12-29 00:00:00+05:30,3343.6955022838897,3361.729456751103,3319.728935709536,3352.1240234375,163737,0.0,0.0,BRITANNIA.NS,496
2021-12-30 00:00:00+05:30,3361.917740749277,3376.9851591952124,3320.529471687711,3365.59033203125,167005,0.0,0.0,BRITANNIA.NS,497
2021-12-31 00:00:00+05:30,3376.9848206277297,3412.0165190202324,3361.0228217939866,3395.819091796875,244207,0.0,0.0,BRITANNIA.NS,498
2022-01-03 00:00:00+05:30,3399.5860613322707,3414.6534787786186,3373.406377537132,3406.696044921875,149689,0.0,0.0,BRITANNIA.NS,499
2022-01-04 00:00:00+05:30,3411.828256903216,3431.4630767604567,3399.585980519075,3426.377685546875,317247,0.0,0.0,BRITANNIA.NS,500
2022-01-05 00:00:00+05:30,3425.9542640421223,3473.9816602670116,3421.292827449465,3446.389404296875,245395,0.0,0.0,BRITANNIA.NS,501
2022-01-06 00:00:00+05:30,3446.3893178877884,3472.051014246904,3414.465317867642,3460.891845703125,340345,0.0,0.0,BRITANNIA.NS,502
2022-01-07 00:00:00+05:30,3470.2148693516006,3523.892548470472,3468.1902769280086,3519.513671875,241905,0.0,0.0,BRITANNIA.NS,503
2022-01-10 00:00:00+05:30,3519.5134337344616,3557.793999814836,3510.614056238461,3548.659423828125,351447,0.0,0.0,BRITANNIA.NS,504
2022-01-11 00:00:00+05:30,3548.6595275093136,3579.406385647754,3520.2198217885025,3525.163818359375,206008,0.0,0.0,BRITANNIA.NS,505
2022-01-12 00:00:00+05:30,3531.426194437998,3540.607902543537,3475.8650889788405,3484.52880859375,311095,0.0,0.0,BRITANNIA.NS,506
2022-01-13 00:00:00+05:30,3484.5286918251036,3540.7960806375954,3476.1475325687193,3530.531494140625,129143,0.0,0.0,BRITANNIA.NS,507
2022-01-14 00:00:00+05:30,3530.53163779041,3536.0405247469366,3479.914528640173,3495.688232421875,97013,0.0,0.0,BRITANNIA.NS,508
2022-01-17 00:00:00+05:30,3481.5151542845692,3496.394275040196,3430.0505983770936,3451.521484375,170221,0.0,0.0,BRITANNIA.NS,509
2022-01-18 00:00:00+05:30,3454.2058177177655,3479.349527279017,3400.6224006775924,3410.792724609375,168104,0.0,0.0,BRITANNIA.NS,510
2022-01-19 00:00:00+05:30,3409.0033731029284,3416.113357059329,3357.2091229590997,3367.23828125,129227,0.0,0.0,BRITANNIA.NS,511
2022-01-20 00:00:00+05:30,3380.7519293079413,3412.7701927052867,3368.0387953119366,3395.018798828125,173547,0.0,0.0,BRITANNIA.NS,512
2022-01-21 00:00:00+05:30,3395.819220559659,3417.4786332254585,3367.285252674345,3407.40234375,162594,0.0,0.0,BRITANNIA.NS,513
2022-01-24 00:00:00+05:30,3399.586303294584,3415.1717103070355,3300.70636926524,3318.457763671875,240598,0.0,0.0,BRITANNIA.NS,514
2022-01-25 00:00:00+05:30,3297.8811158715685,3357.632799416029,3230.3131632548393,3333.007080078125,306411,0.0,0.0,BRITANNIA.NS,515
2022-01-27 00:00:00+05:30,3328.9573714099974,3328.9573714099974,3235.3980390357183,3290.48828125,353612,0.0,0.0,BRITANNIA.NS,516
2022-01-28 00:00:00+05:30,3290.4884005055546,3385.4603066350405,3290.4884005055546,3305.0849609375,249034,0.0,0.0,BRITANNIA.NS,517
2022-01-31 00:00:00+05:30,3305.4148336093235,3424.070750713248,3305.4148336093235,3329.240234375,462842,0.0,0.0,BRITANNIA.NS,518
2022-02-01 00:00:00+05:30,3352.500346855142,3493.7573839417355,3338.4217748076203,3443.469970703125,631482,0.0,0.0,BRITANNIA.NS,519
2022-02-02 00:00:00+05:30,3456.0890237281046,3456.0890237281046,3394.689341005291,3409.9921875,209928,0.0,0.0,BRITANNIA.NS,520
2022-02-03 00:00:00+05:30,3410.8867215978516,3439.1381301146757,3347.7919092436123,3354.760498046875,203975,0.0,0.0,BRITANNIA.NS,521
2022-02-04 00:00:00+05:30,3374.583499474381,3384.2360637185952,3333.66609019687,3354.3837890625,162672,0.0,0.0,BRITANNIA.NS,522
2022-02-07 00:00:00+05:30,3354.3371052842576,3371.1467869816684,3239.495164265731,3247.593994140625,279194,0.0,0.0,BRITANNIA.NS,523
2022-02-08 00:00:00+05:30,3240.4365562960825,3286.5805235319176,3219.1537365863546,3270.9951171875,363856,0.0,0.0,BRITANNIA.NS,524
2022-02-09 00:00:00+05:30,3304.4730252502486,3334.3253004138883,3270.995060759263,3312.33642578125,172750,0.0,0.0,BRITANNIA.NS,525
2022-02-10 00:00:00+05:30,3316.7153835840772,3337.2919182318055,3281.871979497589,3328.533935546875,172088,0.0,0.0,BRITANNIA.NS,526
2022-02-11 00:00:00+05:30,3295.0559668464534,3304.802794808634,3229.1360132370646,3277.681396484375,340217,0.0,0.0,BRITANNIA.NS,527
2022-02-14 00:00:00+05:30,3228.1942796084095,3253.620547271603,3190.572866585165,3199.94287109375,209831,0.0,0.0,BRITANNIA.NS,528
2022-02-15 00:00:00+05:30,3225.3689907772837,3286.5803730840057,3201.8261514285446,3275.185546875,209065,0.0,0.0,BRITANNIA.NS,529
2022-02-16 00:00:00+05:30,3277.1634921333407,3294.8677546821496,3234.7863780109265,3260.212646484375,190567,0.0,0.0,BRITANNIA.NS,530
2022-02-17 00:00:00+05:30,3279.6118872100137,3279.9884806871596,3230.0776597062754,3262.190185546875,173362,0.0,0.0,BRITANNIA.NS,531
2022-02-18 00:00:00+05:30,3248.9121396652845,3291.289254530484,3243.403022768584,3278.71728515625,121161,0.0,0.0,BRITANNIA.NS,532
2022-02-21 00:00:00+05:30,3231.1138631463796,3295.9978430058986,3230.0778861457807,3272.6904296875,138287,0.0,0.0,BRITANNIA.NS,533
2022-02-22 00:00:00+05:30,3206.534744679172,3294.1141077497045,3206.534744679172,3286.344970703125,246372,0.0,0.0,BRITANNIA.NS,534
2022-02-23 00:00:00+05:30,3293.8786885319996,3324.248951616885,3267.746136575238,3306.49755859375,326853,0.0,0.0,BRITANNIA.NS,535
2022-02-24 00:00:00+05:30,3239.024124898263,3299.7646558056445,3215.0104266325543,3245.145263671875,529995,0.0,0.0,BRITANNIA.NS,536
2022-02-25 00:00:00+05:30,3234.7864808256795,3243.2619039195456,3155.117411779109,3223.25048828125,722637,0.0,0.0,BRITANNIA.NS,537
2022-02-28 00:00:00+05:30,3206.5346024082482,3239.49457629497,3133.410638020919,3227.676025390625,426929,0.0,0.0,BRITANNIA.NS,538
2022-03-02 00:00:00+05:30,3221.555120268892,3221.555120268892,3175.2228567523102,3194.05712890625,416582,0.0,0.0,BRITANNIA.NS,539
2022-03-03 00:00:00+05:30,3206.5350541679777,3239.071307527918,3154.740802191696,3170.184814453125,429892,0.0,0.0,BRITANNIA.NS,540
2022-03-04 00:00:00+05:30,3154.7407569673514,3196.9767065285864,3084.1122325576343,3174.846435546875,331936,0.0,0.0,BRITANNIA.NS,541
2022-03-07 00:00:00+05:30,3107.6549036269876,3108.172892093035,2955.6152877331647,2969.646728515625,711477,0.0,0.0,BRITANNIA.NS,542
2022-03-08 00:00:00+05:30,2933.437884195604,2994.6492686170213,2872.2264997741872,2932.2607421875,541966,0.0,0.0,BRITANNIA.NS,543
2022-03-09 00:00:00+05:30,2960.747408773072,2985.2319611356993,2913.379171104805,2941.77197265625,483468,0.0,0.0,BRITANNIA.NS,544
2022-03-10 00:00:00+05:30,3037.026506220683,3058.685920063497,2961.501117846547,3035.095947265625,490457,0.0,0.0,BRITANNIA.NS,545
2022-03-11 00:00:00+05:30,3060.5691019692845,3066.7845034944226,3006.703131756733,3013.38916015625,362091,0.0,0.0,BRITANNIA.NS,546
2022-03-14 00:00:00+05:30,3013.3890945647813,3027.60906112401,2961.783375989447,3000.158203125,335292,0.0,0.0,BRITANNIA.NS,547
2022-03-15 00:00:00+05:30,3000.299712880907,3059.627673305106,2996.2031665064405,3035.001953125,258636,0.0,0.0,BRITANNIA.NS,548
2022-03-16 00:00:00+05:30,3054.9190149940578,3124.9355153321417,3043.8538798441873,3120.50927734375,239522,0.0,0.0,BRITANNIA.NS,549
2022-03-17 00:00:00+05:30,3128.372860527641,3166.04140791509,3108.1731479732352,3160.343994140625,436218,0.0,0.0,BRITANNIA.NS,550
2022-03-21 00:00:00+05:30,3154.7406210916897,3154.7406210916897,3041.7349869033305,3048.844970703125,354460,0.0,0.0,BRITANNIA.NS,551
2022-03-22 00:00:00+05:30,3041.735140033792,3060.5694133466945,2949.68262921698,2974.308349609375,583821,0.0,0.0,BRITANNIA.NS,552
2022-03-23 00:00:00+05:30,2982.783704291267,2988.857941224022,2911.7785874919414,2921.43115234375,1044283,0.0,0.0,BRITANNIA.NS,553
2022-03-24 00:00:00+05:30,2907.070021402665,2947.5637081277428,2900.996014376015,2922.93798828125,459226,0.0,0.0,BRITANNIA.NS,554
2022-03-25 00:00:00+05:30,2928.7293736871866,2940.736222405679,2894.921946514633,2914.1328125,339040,0.0,0.0,BRITANNIA.NS,555
2022-03-28 00:00:00+05:30,2914.1327231421847,2937.1575745848054,2881.6907357385294,2914.415283203125,310240,0.0,0.0,BRITANNIA.NS,556
2022-03-29 00:00:00+05:30,2930.612630293086,2951.330328836289,2910.0832284818043,2922.890625,359318,0.0,0.0,BRITANNIA.NS,557
2022-03-30 00:00:00+05:30,2941.583943061468,2975.8153284398713,2933.1085196576837,2964.891357421875,450273,0.0,0.0,BRITANNIA.NS,558
2022-03-31 00:00:00+05:30,2965.7387875994846,3030.905324959679,2963.855360335256,3019.510498046875,413897,0.0,0.0,BRITANNIA.NS,559
2022-04-01 00:00:00+05:30,3022.9008726989464,3049.174592058179,3005.620334935959,3042.34716796875,260712,0.0,0.0,BRITANNIA.NS,560
2022-04-04 00:00:00+05:30,3041.7350193221996,3085.4304397098513,3027.609314898103,3079.403564453125,275388,0.0,0.0,BRITANNIA.NS,561
2022-04-05 00:00:00+05:30,3088.820682644819,3121.7335277780853,3081.192710336262,3110.856689453125,236853,0.0,0.0,BRITANNIA.NS,562
2022-04-06 00:00:00+05:30,3090.7039479007994,3102.9462243550074,3064.947989704077,3091.1748046875,245111,0.0,0.0,BRITANNIA.NS,563
2022-04-07 00:00:00+05:30,3084.1122978656354,3128.3728407663025,3075.307183005212,3102.09912109375,302703,0.0,0.0,BRITANNIA.NS,564
2022-04-08 00:00:00+05:30,3095.4126719044225,3158.790044573228,3095.4126719044225,3152.762939453125,168952,0.0,0.0,BRITANNIA.NS,565
2022-04-11 00:00:00+05:30,3152.7630706378886,3173.575034490015,3104.8770689688495,3155.352783203125,186130,0.0,0.0,BRITANNIA.NS,566
2022-04-12 00:00:00+05:30,3145.3234525532303,3168.7720294418773,3109.8208954930474,3149.1845703125,238043,0.0,0.0,BRITANNIA.NS,567
2022-04-13 00:00:00+05:30,3145.323687774623,3190.525944365396,3145.323687774623,3154.4111328125,205852,0.0,0.0,BRITANNIA.NS,568
2022-04-18 00:00:00+05:30,3150.0320707001015,3171.597220714664,3113.3523710458085,3148.99609375,197878,0.0,0.0,BRITANNIA.NS,569
2022-04-19 00:00:00+05:30,3148.9960148447494,3190.525676565921,3056.14319183789,3077.42578125,296680,0.0,0.0,BRITANNIA.NS,570
2022-04-20 00:00:00+05:30,3075.636693002063,3140.6149329950645,3053.0355660479754,3111.610107421875,235572,0.0,0.0,BRITANNIA.NS,571
2022-04-21 00:00:00+05:30,3104.8297822651257,3173.5277443558825,3083.5469626457066,3164.0634765625,152205,0.0,0.0,BRITANNIA.NS,572
2022-04-22 00:00:00+05:30,3146.5476828669734,3180.637669044572,3131.19770527704,3168.018798828125,148494,0.0,0.0,BRITANNIA.NS,573
2022-04-25 00:00:00+05:30,3088.8205471908677,3151.9624888099115,2949.494068795876,3103.793701171875,630312,0.0,0.0,BRITANNIA.NS,574
2022-04-26 00:00:00+05:30,3115.471406882796,3203.709932528526,3108.879411136853,3176.11767578125,398545,0.0,0.0,BRITANNIA.NS,575
2022-04-27 00:00:00+05:30,3154.7406723032746,3187.4180894044243,3119.0967193101933,3143.675537109375,248769,0.0,0.0,BRITANNIA.NS,576
2022-04-28 00:00:00+05:30,3079.4034000976303,3193.868731487037,3072.905668373567,3162.179931640625,322548,0.0,0.0,BRITANNIA.NS,577
2022-04-29 00:00:00+05:30,3164.2521428943746,3174.422466435956,3076.1076528565627,3088.114501953125,259398,0.0,0.0,BRITANNIA.NS,578
2022-05-02 00:00:00+05:30,3053.0356735771306,3093.435097466225,3016.308840983205,3080.6279296875,215783,0.0,0.0,BRITANNIA.NS,579
2022-05-04 00:00:00+05:30,3145.323430353774,3386.4021124407695,3134.164032207012,3188.124267578125,2871830,0.0,0.0,BRITANNIA.NS,580
2022-05-05 00:00:00+05:30,3211.243519880512,3224.003785714348,3069.986473551457,3085.99560546875,623098,0.0,0.0,BRITANNIA.NS,581
2022-05-06 00:00:00+05:30,3055.860824493833,3130.1150384954503,3001.335695583422,3115.00048828125,560373,0.0,0.0,BRITANNIA.NS,582
2022-05-09 00:00:00+05:30,3091.1751353957393,3143.7228043953946,3037.026599132143,3062.5,403409,0.0,0.0,BRITANNIA.NS,583
2022-05-10 00:00:00+05:30,3070.928273169182,3127.0544997794927,3046.4437177866616,3057.320556640625,285192,0.0,0.0,BRITANNIA.NS,584
2022-05-11 00:00:00+05:30,3051.1521076520935,3092.3992099043153,3008.7749950458146,3069.84521484375,269579,0.0,0.0,BRITANNIA.NS,585
2022-05-12 00:00:00+05:30,3037.497538178254,3051.1052551558905,2972.8958864189462,3029.351806640625,310942,0.0,0.0,BRITANNIA.NS,586
2022-05-13 00:00:00+05:30,3037.0262826672592,3127.4307859652613,3037.0262826672592,3087.407958984375,326757,0.0,0.0,BRITANNIA.NS,587
2022-05-16 00:00:00+05:30,3142.498431432298,3143.393013412386,3063.771078794494,3093.43505859375,270772,0.0,0.0,BRITANNIA.NS,588
2022-05-17 00:00:00+05:30,3097.296259025235,3185.7230806281937,3093.9531295163542,3172.4921875,277190,0.0,0.0,BRITANNIA.NS,589
2022-05-18 00:00:00+05:30,3154.740525566022,3232.5730617922613,3154.740525566022,3196.505615234375,435712,0.0,0.0,BRITANNIA.NS,590
2022-05-19 00:00:00+05:30,3168.8663318649214,3191.090865265104,3115.2357871784707,3137.8369140625,394058,0.0,0.0,BRITANNIA.NS,591
2022-05-20 00:00:00+05:30,3164.1578055937975,3261.907726641574,3156.6240965328598,3249.1474609375,525530,0.0,0.0,BRITANNIA.NS,592
2022-05-23 00:00:00+05:30,3250.0893386432517,3331.7830003969066,3250.0893386432517,3283.802734375,524978,0.0,0.0,BRITANNIA.NS,593
2022-05-24 00:00:00+05:30,3310.1235560725695,3312.9486970877097,3239.495030694065,3268.170166015625,230532,0.0,0.0,BRITANNIA.NS,594
2022-05-25 00:00:00+05:30,3288.1813453091136,3319.540454306373,3269.770798367659,3311.535888671875,286553,0.0,0.0,BRITANNIA.NS,595
2022-05-26 00:00:00+05:30,3343.0833015269595,3369.3101174200597,3308.710754905626,3353.39501953125,545260,0.0,0.0,BRITANNIA.NS,596
2022-05-27 00:00:00+05:30,3374.159912585361,3374.4896043177664,3305.650246484165,3350.240478515625,165721,0.0,0.0,BRITANNIA.NS,597
2022-05-30 00:00:00+05:30,3353.8189270222533,3406.7903202434554,3335.1731805368386,3367.803466796875,213495,0.0,0.0,BRITANNIA.NS,598
2022-05-31 00:00:00+05:30,3368.132900058565,3484.3402644827734,3348.0272230546975,3435.182861328125,562987,0.0,0.0,BRITANNIA.NS,599
2022-06-01 00:00:00+05:30,3436.4072549990497,3455.8535492442147,3327.074211998041,3344.3076171875,241386,0.0,0.0,BRITANNIA.NS,600
2022-06-02 00:00:00+05:30,3361.917757497698,3374.913451954171,3301.412654999315,3368.556884765625,213099,0.0,0.0,BRITANNIA.NS,601
2022-06-03 00:00:00+05:30,3366.626135634295,3387.438098255163,3289.4056200756904,3324.2490234375,271462,0.0,0.0,BRITANNIA.NS,602
2022-06-06 00:00:00+05:30,3324.2492431846767,3328.9578115177997,3248.9592815201563,3288.4169921875,153889,0.0,0.0,BRITANNIA.NS,603
2022-06-07 00:00:00+05:30,3263.0377600612355,3276.127487682829,3158.507546102564,3186.240966796875,338018,0.0,0.0,BRITANNIA.NS,604
2022-06-08 00:00:00+05:30,3187.700582422282,3204.2748339878704,3117.0720613937233,3165.5703125,320103,0.0,0.0,BRITANNIA.NS,605
2022-06-09 00:00:00+05:30,3165.240851266486,3184.9228051726977,3113.305433652392,3152.151123046875,347351,0.0,0.0,BRITANNIA.NS,606
2022-06-10 00:00:00+05:30,3122.7223049297686,3175.693695054105,3108.6908642210524,3164.958251953125,503822,0.0,0.0,BRITANNIA.NS,607
2022-06-13 00:00:00+05:30,3144.381791964568,3178.2834824439706,3117.9666788172567,3163.216064453125,463899,0.0,0.0,BRITANNIA.NS,608
2022-06-14 00:00:00+05:30,3163.733809506964,3195.2340818382936,3135.9532597238135,3185.67578125,224645,0.0,0.0,BRITANNIA.NS,609
2022-06-15 00:00:00+05:30,3190.5256957762817,3204.5571365355177,3156.6711376370345,3188.0771484375,245702,0.0,0.0,BRITANNIA.NS,610
2022-06-16 00:00:00+05:30,3201.920450228209,3231.8667582831854,3175.5053382041297,3192.78564453125,481507,0.0,0.0,BRITANNIA.NS,611
2022-06-17 00:00:00+05:30,3192.7857531113723,3192.7857531113723,3107.9374942191853,3137.884033203125,527370,0.0,0.0,BRITANNIA.NS,612
2022-06-20 00:00:00+05:30,3161.258194926043,3256.958008549222,3133.429496465161,3236.5537109375,364703,56.5,0.0,BRITANNIA.NS,613
2022-06-21 00:00:00+05:30,3236.553455423013,3326.840898256283,3233.1526614641307,3285.121826171875,223641,0.0,0.0,BRITANNIA.NS,614
2022-06-22 00:00:00+05:30,3268.5493275758804,3309.645589873282,3243.8339898711347,3260.55029296875,170854,0.0,0.0,BRITANNIA.NS,615
2022-06-23 00:00:00+05:30,3271.37531054016,3302.8922371309013,3247.9533079482517,3268.0224609375,351311,0.0,0.0,BRITANNIA.NS,616
2022-06-24 00:00:00+05:30,3284.834621938294,3357.5914108399843,3284.834621938294,3323.48828125,301133,0.0,0.0,BRITANNIA.NS,617
2022-06-27 00:00:00+05:30,3354.7652044955585,3358.5490876340114,3302.317062020935,3313.6689453125,419730,0.0,0.0,BRITANNIA.NS,618
2022-06-28 00:00:00+05:30,3309.741496109295,3324.0149621223445,3245.6063205503815,3290.294921875,182574,0.0,0.0,BRITANNIA.NS,619
2022-06-29 00:00:00+05:30,3290.2949306183573,3310.316372666958,3218.735587982212,3261.029296875,374478,0.0,0.0,BRITANNIA.NS,620
2022-06-30 00:00:00+05:30,3237.894716676712,3336.707889405868,3237.894716676712,3320.662109375,479308,0.0,0.0,BRITANNIA.NS,621
2022-07-01 00:00:00+05:30,3268.5493352245117,3448.6452540469645,3268.5493352245117,3433.6533203125,292487,0.0,0.0,BRITANNIA.NS,622
2022-07-04 00:00:00+05:30,3424.6964068123316,3557.3255117918175,3424.6964068123316,3544.8720703125,614359,0.0,0.0,BRITANNIA.NS,623
2022-07-05 00:00:00+05:30,3553.0623291680004,3557.8521139201816,3483.131471786155,3502.865478515625,612519,0.0,0.0,BRITANNIA.NS,624
2022-07-06 00:00:00+05:30,3496.6866279350147,3679.416924531966,3489.1188612332567,3669.74169921875,1043070,0.0,0.0,BRITANNIA.NS,625
2022-07-07 00:00:00+05:30,3667.059400834919,3718.884968153738,3640.0930047998527,3650.0556640625,519620,0.0,0.0,BRITANNIA.NS,626
2022-07-08 00:00:00+05:30,3668.9752624162356,3689.04441453071,3633.0518753821343,3656.473876953125,379513,0.0,0.0,BRITANNIA.NS,627
2022-07-11 00:00:00+05:30,3668.208826733871,3678.9378981512796,3621.0773900199656,3635.829833984375,208602,0.0,0.0,BRITANNIA.NS,628
2022-07-12 00:00:00+05:30,3623.9514254195115,3628.5976105410527,3559.9119047505187,3568.868896484375,283587,0.0,0.0,BRITANNIA.NS,629
2022-07-13 00:00:00+05:30,3574.185385704808,3603.929996282134,3556.032147969601,3569.34765625,164377,0.0,0.0,BRITANNIA.NS,630
2022-07-14 00:00:00+05:30,3569.3478517707385,3629.699143950437,3556.94235515349,3615.473388671875,265732,0.0,0.0,BRITANNIA.NS,631
2022-07-15 00:00:00+05:30,3625.8672082767152,3700.3963088971186,3620.2153555844466,3687.08056640625,660790,0.0,0.0,BRITANNIA.NS,632
2022-07-18 00:00:00+05:30,3697.713786432004,3716.8729252218072,3600.9601355434984,3616.239501953125,455399,0.0,0.0,BRITANNIA.NS,633
2022-07-19 00:00:00+05:30,3616.239649097259,3637.4585364960826,3584.9624473007243,3628.214111328125,228968,0.0,0.0,BRITANNIA.NS,634
2022-07-20 00:00:00+05:30,3645.026478381059,3687.1765874608923,3634.34535110791,3667.346923828125,440495,0.0,0.0,BRITANNIA.NS,635
2022-07-21 00:00:00+05:30,3682.3868144939047,3703.222379846465,3660.3538028567145,3693.4033203125,282104,0.0,0.0,BRITANNIA.NS,636
2022-07-22 00:00:00+05:30,3697.714056205348,3763.813089852542,3682.051365551502,3708.6826171875,433423,0.0,0.0,BRITANNIA.NS,637
2022-07-25 00:00:00+05:30,3708.682714112318,3750.4017897363556,3688.134582499353,3722.525146484375,290157,0.0,0.0,BRITANNIA.NS,638
2022-07-26 00:00:00+05:30,3736.0323394394513,3736.0323394394513,3635.9258318826764,3647.0859375,267527,0.0,0.0,BRITANNIA.NS,639
2022-07-27 00:00:00+05:30,3640.236563461772,3701.4499215968654,3622.1789806425336,3692.4931640625,200264,0.0,0.0,BRITANNIA.NS,640
2022-07-28 00:00:00+05:30,3701.0670003794594,3718.7892055061634,3675.1062712109315,3706.671142578125,316008,0.0,0.0,BRITANNIA.NS,641
2022-07-29 00:00:00+05:30,3719.747168478192,3783.3077113278155,3713.903537011729,3736.41552734375,418970,0.0,0.0,BRITANNIA.NS,642
2022-08-01 00:00:00+05:30,3736.4154514637958,3751.3596744631172,3676.8305718469046,3693.546875,323129,0.0,0.0,BRITANNIA.NS,643
2022-08-02 00:00:00+05:30,3712.0834257632414,3744.6539642086477,3600.0983444823187,3628.884765625,355859,0.0,0.0,BRITANNIA.NS,644
2022-08-03 00:00:00+05:30,3621.077617291114,3633.866437347119,3569.395881671425,3611.498046875,428088,0.0,0.0,BRITANNIA.NS,645
2022-08-04 00:00:00+05:30,3604.5525318987325,3632.572772828382,3569.347613807635,3616.33544921875,506667,0.0,0.0,BRITANNIA.NS,646
2022-08-05 00:00:00+05:30,3587.548918813398,3674.6271154418528,3524.1801576297044,3533.041259765625,798850,0.0,0.0,BRITANNIA.NS,647
2022-08-08 00:00:00+05:30,3533.0414488651327,3546.2610689015205,3460.907237057704,3478.72509765625,310094,0.0,0.0,BRITANNIA.NS,648
2022-08-10 00:00:00+05:30,3486.9635284593246,3520.300479297862,3471.6841608722266,3494.3876953125,191222,0.0,0.0,BRITANNIA.NS,649
2022-08-11 00:00:00+05:30,3511.870425129818,3527.964149794365,3479.491431172525,3487.2509765625,167070,0.0,0.0,BRITANNIA.NS,650
2022-08-12 00:00:00+05:30,3496.542976088061,3513.115678612982,3455.9734044451557,3505.883056640625,228587,0.0,0.0,BRITANNIA.NS,651
2022-08-16 00:00:00+05:30,3523.4139068274826,3567.38404102713,3520.492091105877,3535.29248046875,239514,0.0,0.0,BRITANNIA.NS,652
2022-08-17 00:00:00+05:30,3537.7353342164092,3558.7624443829586,3526.3834497884563,3549.42236328125,353941,0.0,0.0,BRITANNIA.NS,653
2022-08-18 00:00:00+05:30,3555.936441794801,3570.2578524023234,3526.2877189381634,3537.783203125,232262,0.0,0.0,BRITANNIA.NS,654
2022-08-19 00:00:00+05:30,3537.783117959011,3553.4935190856645,3489.3104005875903,3508.5654296875,177955,0.0,0.0,BRITANNIA.NS,655
2022-08-22 00:00:00+05:30,3508.565351028142,3576.0533728620967,3482.2215343247644,3521.880859375,366371,0.0,0.0,BRITANNIA.NS,656
2022-08-23 00:00:00+05:30,3496.542815531371,3549.182502376253,3485.047332302227,3524.0361328125,189150,0.0,0.0,BRITANNIA.NS,657
2022-08-24 00:00:00+05:30,3522.4079760323643,3532.9455032927276,3483.562771947325,3505.308349609375,187721,0.0,0.0,BRITANNIA.NS,658
2022-08-25 00:00:00+05:30,3522.8389663010676,3523.557434059924,3486.9635229840724,3493.2861328125,208578,0.0,0.0,BRITANNIA.NS,659
2022-08-26 00:00:00+05:30,3510.7689230526244,3513.7863941536007,3474.606045086621,3496.686767578125,220796,0.0,0.0,BRITANNIA.NS,660
2022-08-29 00:00:00+05:30,3465.8885329595287,3573.179720270603,3434.515440241335,3551.769287109375,525684,0.0,0.0,BRITANNIA.NS,661
2022-08-30 00:00:00+05:30,3560.726171835914,3607.809664872925,3560.726171835914,3590.183349609375,467342,0.0,0.0,BRITANNIA.NS,662
2022-09-01 00:00:00+05:30,3573.179520434692,3587.931964314419,3517.7139050754813,3561.82763671875,314888,0.0,0.0,BRITANNIA.NS,663
2022-09-02 00:00:00+05:30,3579.6455631589506,3600.864215637497,3544.440645932459,3548.511962890625,202152,0.0,0.0,BRITANNIA.NS,664
2022-09-05 00:00:00+05:30,3526.23959589415,3558.8101327755417,3504.302474898051,3508.61328125,234232,0.0,0.0,BRITANNIA.NS,665
2022-09-06 00:00:00+05:30,3517.618278073922,3537.352286800973,3443.855585423679,3457.075439453125,390746,0.0,0.0,BRITANNIA.NS,666
2022-09-07 00:00:00+05:30,3448.6450025220124,3520.3002287941,3437.1495191802724,3513.690185546875,287734,0.0,0.0,BRITANNIA.NS,667
2022-09-08 00:00:00+05:30,3528.155671269906,3531.987499313642,3480.1619314716236,3518.24072265625,384831,0.0,0.0,BRITANNIA.NS,668
2022-09-09 00:00:00+05:30,3530.550415791654,3544.440791867893,3488.735687567806,3496.06396484375,134487,0.0,0.0,BRITANNIA.NS,669
2022-09-12 00:00:00+05:30,3496.06396484375,3496.06396484375,3496.06396484375,3496.06396484375,0,0.0,0.0,BRITANNIA.NS,670
2022-09-13 00:00:00+05:30,3510.9125179100024,3606.7082209907667,3510.9125179100024,3599.715087890625,398871,0.0,0.0,BRITANNIA.NS,671
2022-09-14 00:00:00+05:30,3552.104279517364,3603.5465196380464,3552.104279517364,3589.464599609375,389253,0.0,0.0,BRITANNIA.NS,672
2022-09-15 00:00:00+05:30,3606.708146288748,3629.6991145519437,3556.942326344285,3565.0849609375,311462,0.0,0.0,BRITANNIA.NS,673
2022-09-16 00:00:00+05:30,3547.8414707015786,3584.100000542482,3468.8579678007723,3486.5322265625,559137,0.0,0.0,BRITANNIA.NS,674
2022-09-19 00:00:00+05:30,3482.173666698699,3489.022965642543,3414.254609501198,3441.31689453125,211795,0.0,0.0,BRITANNIA.NS,675
2022-09-20 00:00:00+05:30,3458.5601506479343,3510.912407179952,3450.5611161424795,3497.117919921875,346604,0.0,0.0,BRITANNIA.NS,676
2022-09-21 00:00:00+05:30,3492.7113450105553,3629.6992008351604,3484.089731706909,3607.330810546875,773841,0.0,0.0,BRITANNIA.NS,677
2022-09-22 00:00:00+05:30,3605.75007087892,3674.196050289728,3593.2966301452784,3665.095458984375,687172,0.0,0.0,BRITANNIA.NS,678
2022-09-23 00:00:00+05:30,3665.0956828150393,3681.23735245607,3623.32889628336,3637.075439453125,326581,0.0,0.0,BRITANNIA.NS,679
2022-09-26 00:00:00+05:30,3637.075364824899,3666.9158662724885,3616.766722810953,3628.26220703125,626882,0.0,0.0,BRITANNIA.NS,680
2022-09-27 00:00:00+05:30,3646.4155449795335,3726.261358182921,3640.236768818233,3663.371337890625,584760,0.0,0.0,BRITANNIA.NS,681
2022-09-28 00:00:00+05:30,3657.3837796089174,3705.3775167973404,3636.0215265277297,3691.19970703125,364917,0.0,0.0,BRITANNIA.NS,682
2022-09-29 00:00:00+05:30,3708.6824122752146,3710.1672923329547,3649.8160040765706,3702.024658203125,450207,0.0,0.0,BRITANNIA.NS,683
2022-09-30 00:00:00+05:30,3707.2937017938925,3724.2015498032624,3659.443794976217,3681.476806640625,309896,0.0,0.0,BRITANNIA.NS,684
2022-10-03 00:00:00+05:30,3699.629887873253,3715.148744304521,3595.97898854081,3610.491943359375,251830,0.0,0.0,BRITANNIA.NS,685
2022-10-04 00:00:00+05:30,3646.9424078379748,3665.7661698992556,3616.814706064099,3657.62353515625,153835,0.0,0.0,BRITANNIA.NS,686
2022-10-06 00:00:00+05:30,3675.9206825186943,3685.8833422676203,3602.589023717438,3609.151123046875,308216,0.0,0.0,BRITANNIA.NS,687
2022-10-07 00:00:00+05:30,3617.245798309844,3635.4469821466782,3575.3351776329223,3626.489990234375,318472,0.0,0.0,BRITANNIA.NS,688
2022-10-10 00:00:00+05:30,3592.338667011571,3651.731999639496,3560.7260867418695,3638.177001953125,185199,0.0,0.0,BRITANNIA.NS,689
2022-10-11 00:00:00+05:30,3656.3781849004326,3660.066178939873,3561.6840440779965,3571.167724609375,202644,0.0,0.0,BRITANNIA.NS,690
2022-10-12 00:00:00+05:30,3589.0338902552176,3615.712852714957,3569.683205387138,3604.792236328125,271156,0.0,0.0,BRITANNIA.NS,691
2022-10-13 00:00:00+05:30,3612.9348006950454,3634.4888330470644,3591.2848790931967,3625.484130859375,156770,0.0,0.0,BRITANNIA.NS,692
2022-10-14 00:00:00+05:30,3640.332515136089,3654.5100917359264,3610.7794479254558,3636.644287109375,350141,0.0,0.0,BRITANNIA.NS,693
2022-10-17 00:00:00+05:30,3642.0567811987157,3642.0567811987157,3594.781741543688,3618.874267578125,93315,0.0,0.0,BRITANNIA.NS,694
2022-10-18 00:00:00+05:30,3636.979689892914,3644.97849062746,3590.9977532589687,3608.48046875,189866,0.0,0.0,BRITANNIA.NS,695
2022-10-19 00:00:00+05:30,3611.497726450552,3630.1778871046067,3584.674931665243,3610.060791015625,182278,0.0,0.0,BRITANNIA.NS,696
2022-10-20 00:00:00+05:30,3604.7920987752614,3643.014488546894,3590.087365650978,3630.800537109375,230082,0.0,0.0,BRITANNIA.NS,697
2022-10-21 00:00:00+05:30,3633.530842073708,3654.17486186416,3603.4510863120104,3633.243408203125,404955,0.0,0.0,BRITANNIA.NS,698
2022-10-24 00:00:00+05:30,3633.243408203125,3633.243408203125,3633.243408203125,3633.243408203125,0,0.0,0.0,BRITANNIA.NS,699
2022-10-25 00:00:00+05:30,3644.0684322254833,3644.9304999759947,3534.8613340988522,3556.990234375,228569,0.0,0.0,BRITANNIA.NS,700
2022-10-27 00:00:00+05:30,3557.8523442356113,3611.402047681021,3545.6863369527537,3597.416015625,317971,0.0,0.0,BRITANNIA.NS,701
2022-10-28 00:00:00+05:30,3608.6241740130636,3632.57310004182,3575.095677572804,3618.874267578125,215005,0.0,0.0,BRITANNIA.NS,702
2022-10-31 00:00:00+05:30,3628.7412468500834,3640.236731264603,3582.1367306700427,3608.193115234375,198318,0.0,0.0,BRITANNIA.NS,703
2022-11-01 00:00:00+05:30,3621.0775547369985,3648.4752192042824,3597.176573736929,3628.7412109375,338873,0.0,0.0,BRITANNIA.NS,704
2022-11-02 00:00:00+05:30,3628.7412277173617,3634.872059155622,3558.1398414190144,3567.384033203125,185469,0.0,0.0,BRITANNIA.NS,705
2022-11-03 00:00:00+05:30,3551.14658244426,3602.4452263303456,3549.661702325938,3596.218505859375,140994,0.0,0.0,BRITANNIA.NS,706
2022-11-04 00:00:00+05:30,3590.470817217915,3654.5580476205787,3588.6505585736313,3644.260009765625,258490,0.0,0.0,BRITANNIA.NS,707
2022-11-07 00:00:00+05:30,3764.8188372928253,4013.839704906724,3764.8188372928253,3965.223388671875,3142443,0.0,0.0,BRITANNIA.NS,708
2022-11-09 00:00:00+05:30,3965.9420342395033,4058.8638645103324,3965.9420342395033,3999.805908203125,1198458,0.0,0.0,BRITANNIA.NS,709
2022-11-10 00:00:00+05:30,3978.012410120994,4013.5045305692447,3935.574633533466,3960.81689453125,417581,0.0,0.0,BRITANNIA.NS,710
2022-11-11 00:00:00+05:30,3980.6469182003784,4001.3865947664026,3913.2545462343196,3926.33056640625,344558,0.0,0.0,BRITANNIA.NS,711
2022-11-14 00:00:00+05:30,3927.6235976913435,3978.8742958563407,3903.291584075644,3931.40771484375,336120,0.0,0.0,BRITANNIA.NS,712
2022-11-15 00:00:00+05:30,3951.093824436982,3978.970467942891,3911.578096407396,3965.319580078125,325881,0.0,0.0,BRITANNIA.NS,713
2022-11-16 00:00:00+05:30,3953.249020689699,3970.7317358111836,3921.636439922083,3957.79931640625,149924,0.0,0.0,BRITANNIA.NS,714
2022-11-17 00:00:00+05:30,3946.7830846277584,3975.5217964090284,3932.557328745536,3951.7646484375,238478,0.0,0.0,BRITANNIA.NS,715
2022-11-18 00:00:00+05:30,3964.026102989705,3964.026102989705,3890.359302552783,3933.419189453125,281217,0.0,0.0,BRITANNIA.NS,716
2022-11-21 00:00:00+05:30,3944.8669416494367,3974.563608767244,3922.9298198128995,3946.83056640625,288522,0.0,0.0,BRITANNIA.NS,717
2022-11-22 00:00:00+05:30,3960.1464131066214,3989.1723222690234,3934.904153333697,3982.802001953125,319387,0.0,0.0,BRITANNIA.NS,718
2022-11-23 00:00:00+05:30,3985.1012632925513,4017.7195132144316,3965.4631440864223,3980.455078125,247440,0.0,0.0,BRITANNIA.NS,719
2022-11-24 00:00:00+05:30,3996.596540743266,4032.5676384229514,3980.454871998262,4014.989501953125,231515,0.0,0.0,BRITANNIA.NS,720
2022-11-25 00:00:00+05:30,4034.915173726906,4034.915173726906,3973.8931213442434,4007.80517578125,244021,0.0,0.0,BRITANNIA.NS,721
2022-11-28 00:00:00+05:30,3993.578992893185,4051.487210860118,3986.058937156524,4035.92041015625,222792,0.0,0.0,BRITANNIA.NS,722
2022-11-29 00:00:00+05:30,4047.3683534370653,4121.131042955327,4047.3683534370653,4105.18115234375,598884,0.0,0.0,BRITANNIA.NS,723
2022-11-30 00:00:00+05:30,4117.251350925869,4203.419299822464,4109.683116652447,4178.8955078125,1101544,0.0,0.0,BRITANNIA.NS,724
2022-12-01 00:00:00+05:30,4181.050800799755,4225.069109561382,4153.078738633112,4216.2080078125,501703,0.0,0.0,BRITANNIA.NS,725
2022-12-02 00:00:00+05:30,4215.01113775625,4257.208959886659,4196.139196243032,4246.52783203125,530333,0.0,0.0,BRITANNIA.NS,726
2022-12-05 00:00:00+05:30,4236.900377075964,4241.498383755217,4186.2722540909845,4218.22021484375,212913,0.0,0.0,BRITANNIA.NS,727
2022-12-06 00:00:00+05:30,4213.956722648577,4264.488951627299,4197.8150545333265,4238.3369140625,349352,0.0,0.0,BRITANNIA.NS,728
2022-12-07 00:00:00+05:30,4238.337389190964,4248.539538274659,4199.0611499419765,4208.83203125,252294,0.0,0.0,BRITANNIA.NS,729
2022-12-08 00:00:00+05:30,4208.8321526693935,4255.867938970109,4199.875628150105,4210.12548828125,282421,0.0,0.0,BRITANNIA.NS,730
2022-12-09 00:00:00+05:30,4216.927073011574,4240.301132251056,4199.875624060861,4224.8779296875,233437,0.0,0.0,BRITANNIA.NS,731
2022-12-12 00:00:00+05:30,4233.259962491504,4252.419103707794,4199.683754610943,4246.1923828125,233360,0.0,0.0,BRITANNIA.NS,732
2022-12-13 00:00:00+05:30,4264.824528485455,4264.824528485455,4224.590334820497,4240.4443359375,158169,0.0,0.0,BRITANNIA.NS,733
2022-12-14 00:00:00+05:30,4253.328641380763,4259.076382788034,4205.526685560768,4224.302734375,195654,0.0,0.0,BRITANNIA.NS,734
2022-12-15 00:00:00+05:30,4242.1209942411815,4296.437345780462,4226.506481512463,4277.70947265625,370501,0.0,0.0,BRITANNIA.NS,735
2022-12-16 00:00:00+05:30,4272.009119061435,4288.916966076356,4231.008747737508,4257.83154296875,346508,0.0,0.0,BRITANNIA.NS,736
2022-12-19 00:00:00+05:30,4267.6979763916315,4346.250441950355,4237.522334134317,4336.19189453125,330662,0.0,0.0,BRITANNIA.NS,737
2022-12-20 00:00:00+05:30,4338.587504577925,4343.329579103875,4279.2418778857245,4319.47607421875,206833,0.0,0.0,BRITANNIA.NS,738
2022-12-21 00:00:00+05:30,4319.47579964128,4339.545185780246,4220.902118441925,4233.068359375,303234,0.0,0.0,BRITANNIA.NS,739
2022-12-22 00:00:00+05:30,4257.160764046793,4259.412056471155,4192.977647217104,4206.8203125,243325,0.0,0.0,BRITANNIA.NS,740
2022-12-23 00:00:00+05:30,4191.205566940118,4214.0052246917285,4142.302048118319,4149.77392578125,224215,0.0,0.0,BRITANNIA.NS,741
2022-12-26 00:00:00+05:30,4134.063156497409,4214.914628329475,4132.434442605565,4191.39697265625,166686,0.0,0.0,BRITANNIA.NS,742
2022-12-27 00:00:00+05:30,4196.522505920893,4215.010889311667,4167.113038296761,4185.5537109375,138087,0.0,0.0,BRITANNIA.NS,743
2022-12-28 00:00:00+05:30,4178.608500198054,4222.147833638785,4178.608500198054,4201.5517578125,159245,0.0,0.0,BRITANNIA.NS,744
2022-12-29 00:00:00+05:30,4191.062014854495,4205.191881076004,4115.910098595721,4165.484375,244626,0.0,0.0,BRITANNIA.NS,745
2022-12-30 00:00:00+05:30,4172.094497354219,4191.014148030997,4117.825859312295,4126.35205078125,117753,0.0,0.0,BRITANNIA.NS,746
2023-01-02 00:00:00+05:30,4195.803724974376,4195.803724974376,4095.3618453427666,4111.69482421875,255314,0.0,0.0,BRITANNIA.NS,747
2023-01-03 00:00:00+05:30,4076.2029400648694,4115.047909464599,4029.4543576320348,4063.510009765625,496975,0.0,0.0,BRITANNIA.NS,748
2023-01-04 00:00:00+05:30,4076.0596730740035,4096.224482548701,4039.0824361590594,4056.9482421875,216319,0.0,0.0,BRITANNIA.NS,749
2023-01-05 00:00:00+05:30,4056.947926480234,4202.557391610103,4056.947926480234,4131.8603515625,686633,0.0,0.0,BRITANNIA.NS,750
2023-01-06 00:00:00+05:30,4131.8602728107735,4185.314085705766,4128.794623344439,4175.7822265625,297438,0.0,0.0,BRITANNIA.NS,751
2023-01-09 00:00:00+05:30,4195.851145312318,4203.418911133524,4153.892820960149,4180.81103515625,170110,0.0,0.0,BRITANNIA.NS,752
2023-01-10 00:00:00+05:30,4176.692213827877,4179.566084617209,4135.787265825435,4144.93603515625,235445,0.0,0.0,BRITANNIA.NS,753
2023-01-11 00:00:00+05:30,4144.12185788404,4175.399059446803,4117.299062687379,4132.91357421875,224668,0.0,0.0,BRITANNIA.NS,754
2023-01-12 00:00:00+05:30,4137.703923104454,4158.3958900558355,4103.888224508635,4118.4970703125,248083,0.0,0.0,BRITANNIA.NS,755
2023-01-13 00:00:00+05:30,4123.046850607967,4186.942768409579,4107.192849656532,4153.79736328125,183772,0.0,0.0,BRITANNIA.NS,756
2023-01-16 00:00:00+05:30,4153.796990558101,4163.711937982805,4119.214653059842,4128.4111328125,84814,0.0,0.0,BRITANNIA.NS,757
2023-01-17 00:00:00+05:30,4127.836816970949,4189.098355764966,4111.3120583047275,4178.65625,169798,0.0,0.0,BRITANNIA.NS,758
2023-01-18 00:00:00+05:30,4176.692250023282,4236.0855801841635,4172.429154547867,4208.9755859375,192855,0.0,0.0,BRITANNIA.NS,759
2023-01-19 00:00:00+05:30,4195.660077643408,4214.963286297773,4173.914733378292,4188.5712890625,139431,0.0,0.0,BRITANNIA.NS,760
2023-01-20 00:00:00+05:30,4178.608514891111,4178.608514891111,4131.525020980138,4137.36865234375,154486,0.0,0.0,BRITANNIA.NS,761
2023-01-23 00:00:00+05:30,4147.953577234006,4174.249682509354,4137.559650816782,4155.4736328125,119143,0.0,0.0,BRITANNIA.NS,762
2023-01-24 00:00:00+05:30,4167.879009487763,4223.584581649077,4141.439771244673,4211.2265625,135586,0.0,0.0,BRITANNIA.NS,763
2023-01-25 00:00:00+05:30,4199.6832636191375,4257.1606805482315,4176.6922968475,4203.65869140625,288089,0.0,0.0,BRITANNIA.NS,764
2023-01-27 00:00:00+05:30,4248.539410453102,4252.371238557232,4170.753112838301,4196.23486328125,340484,0.0,0.0,BRITANNIA.NS,765
2023-01-30 00:00:00+05:30,4211.657991435812,4232.254067135998,4138.374280223521,4221.47705078125,218721,0.0,0.0,BRITANNIA.NS,766
2023-01-31 00:00:00+05:30,4232.253483962863,4232.253483962863,4084.7281248568697,4136.07470703125,605699,0.0,0.0,BRITANNIA.NS,767
2023-02-01 00:00:00+05:30,4147.858199047587,4257.640172163831,4144.936617102541,4187.1826171875,622541,0.0,0.0,BRITANNIA.NS,768
2023-02-02 00:00:00+05:30,4328.959573247462,4402.769966193325,4186.2717041481355,4380.78466796875,1669243,0.0,0.0,BRITANNIA.NS,769
2023-02-03 00:00:00+05:30,4397.022535610928,4463.840034926584,4377.959285270639,4434.2392578125,517467,0.0,0.0,BRITANNIA.NS,770
2023-02-06 00:00:00+05:30,4411.392109069133,4440.4180198845015,4406.602323934421,4431.173828125,315190,0.0,0.0,BRITANNIA.NS,771
2023-02-07 00:00:00+05:30,4443.962776537868,4467.911702904207,4403.44138022701,4413.16455078125,327040,0.0,0.0,BRITANNIA.NS,772
2023-02-08 00:00:00+05:30,4411.3442431521535,4445.159937912786,4385.527115083181,4401.62060546875,252710,0.0,0.0,BRITANNIA.NS,773
2023-02-09 00:00:00+05:30,4401.669148632823,4460.3440193301885,4382.797207201414,4442.38232421875,284415,0.0,0.0,BRITANNIA.NS,774
2023-02-10 00:00:00+05:30,4464.079754607707,4472.893146374438,4403.776172538365,4428.34814453125,207919,0.0,0.0,BRITANNIA.NS,775
2023-02-13 00:00:00+05:30,4406.60241816287,4441.088871870232,4386.485320166909,4395.10693359375,185536,0.0,0.0,BRITANNIA.NS,776
2023-02-14 00:00:00+05:30,4397.309726308018,4429.593063547736,4388.40091351907,4406.45849609375,245495,0.0,0.0,BRITANNIA.NS,777
2023-02-15 00:00:00+05:30,4406.458212946518,4406.458212946518,4339.736607307691,4395.53759765625,197822,0.0,0.0,BRITANNIA.NS,778
2023-02-16 00:00:00+05:30,4403.728712240438,4423.749921732322,4374.989999739412,4379.77978515625,160313,0.0,0.0,BRITANNIA.NS,779
2023-02-17 00:00:00+05:30,4377.863119898803,4395.106344441074,4324.983710868211,4342.658203125,203456,0.0,0.0,BRITANNIA.NS,780
2023-02-20 00:00:00+05:30,4344.574615228263,4353.914696259843,4257.161036342958,4266.548828125,308681,0.0,0.0,BRITANNIA.NS,781
2023-02-21 00:00:00+05:30,4267.651084121992,4337.486061760361,4263.483877270103,4314.01611328125,229380,0.0,0.0,BRITANNIA.NS,782
2023-02-22 00:00:00+05:30,4315.596125587092,4349.986687066257,4289.444087554093,4295.9580078125,262918,0.0,0.0,BRITANNIA.NS,783
2023-02-23 00:00:00+05:30,4301.226556138029,4306.974297638436,4238.767578065977,4264.34521484375,210031,0.0,0.0,BRITANNIA.NS,784
2023-02-24 00:00:00+05:30,4272.488020344806,4306.543203002416,4233.83436365062,4255.771484375,234456,0.0,0.0,BRITANNIA.NS,785
2023-02-27 00:00:00+05:30,4242.360363523824,4282.067869007435,4191.061952328306,4203.7548828125,162723,0.0,0.0,BRITANNIA.NS,786
2023-02-28 00:00:00+05:30,4205.431137542374,4287.096969996927,4195.851567752984,4274.16455078125,349283,0.0,0.0,BRITANNIA.NS,787
2023-03-01 00:00:00+05:30,4252.371401464688,4267.267446689172,4172.046608204166,4195.66015625,331092,0.0,0.0,BRITANNIA.NS,788
2023-03-02 00:00:00+05:30,4205.431471393067,4219.800827217872,4160.455200560438,4209.455078125,147032,0.0,0.0,BRITANNIA.NS,789
2023-03-03 00:00:00+05:30,4215.011210010454,4257.879789930446,4196.235157433546,4226.458984375,212204,0.0,0.0,BRITANNIA.NS,790
2023-03-06 00:00:00+05:30,4204.473595105625,4204.473595105625,4099.960384848357,4138.23095703125,681562,0.0,0.0,BRITANNIA.NS,791
2023-03-08 00:00:00+05:30,4138.230879590329,4186.272332371282,4124.723591557814,4157.1982421875,228626,0.0,0.0,BRITANNIA.NS,792
2023-03-09 00:00:00+05:30,4157.198410454667,4167.113359930517,4095.4583563825913,4111.2646484375,242653,0.0,0.0,BRITANNIA.NS,793
2023-03-10 00:00:00+05:30,4126.30370281075,4178.368756971401,4102.690157372446,4129.75244140625,367075,0.0,0.0,BRITANNIA.NS,794
2023-03-13 00:00:00+05:30,4127.836651698346,4163.328770920283,4109.635468968649,4126.49560546875,282671,0.0,0.0,BRITANNIA.NS,795
2023-03-14 00:00:00+05:30,4133.584189171883,4161.269051140998,4097.181825512895,4112.46142578125,197998,0.0,0.0,BRITANNIA.NS,796
2023-03-15 00:00:00+05:30,4133.584287346564,4141.870521509996,4059.43851210432,4064.707275390625,195193,0.0,0.0,BRITANNIA.NS,797
2023-03-16 00:00:00+05:30,4084.6813513796765,4138.37465957244,4071.3176627738117,4129.94482421875,260044,0.0,0.0,BRITANNIA.NS,798
2023-03-17 00:00:00+05:30,4144.074400812055,4186.272220880358,4124.579881702086,4179.13525390625,294948,0.0,0.0,BRITANNIA.NS,799
2023-03-20 00:00:00+05:30,4181.099165592386,4183.015079569402,4083.2916635152346,4149.72607421875,176552,0.0,0.0,BRITANNIA.NS,800
2023-03-21 00:00:00+05:30,4171.90274425339,4201.599411319258,4080.8968290515368,4085.3994140625,231876,0.0,0.0,BRITANNIA.NS,801
2023-03-22 00:00:00+05:30,4099.097713190271,4099.097713190271,4052.157823508962,4066.00048828125,146015,0.0,0.0,BRITANNIA.NS,802
2023-03-23 00:00:00+05:30,4071.3176066428437,4076.5863706043815,4020.3063919243186,4064.32470703125,197372,0.0,0.0,BRITANNIA.NS,803
2023-03-24 00:00:00+05:30,4063.6534857067923,4063.6534857067923,4013.6961230386055,4023.37158203125,198393,0.0,0.0,BRITANNIA.NS,804
2023-03-27 00:00:00+05:30,4046.458515315386,4066.815103761628,4022.270098455734,4037.597412109375,283791,0.0,0.0,BRITANNIA.NS,805
2023-03-28 00:00:00+05:30,4051.679165329706,4051.679165329706,3978.39545421782,4023.41943359375,224554,0.0,0.0,BRITANNIA.NS,806
2023-03-29 00:00:00+05:30,4028.2092883736723,4117.251580909691,4022.4138354759234,4096.416015625,316461,0.0,0.0,BRITANNIA.NS,807
2023-03-31 00:00:00+05:30,4097.613198158767,4151.593698817576,4078.0705019131856,4140.43359375,244995,0.0,0.0,BRITANNIA.NS,808
2023-04-03 00:00:00+05:30,4161.365336089238,4163.28125014821,4102.307378771888,4142.25390625,365323,0.0,0.0,BRITANNIA.NS,809
2023-04-05 00:00:00+05:30,4151.785943799841,4175.63898130625,4114.425618048066,4145.60693359375,390846,0.0,0.0,BRITANNIA.NS,810
2023-04-06 00:00:00+05:30,4145.84623425539,4145.84623425539,4108.00693168975,4119.0234375,208718,0.0,0.0,BRITANNIA.NS,811
2023-04-10 00:00:00+05:30,4119.023257644126,4119.023257644126,4064.6114879886177,4087.027587890625,253654,0.0,0.0,BRITANNIA.NS,812
2023-04-11 00:00:00+05:30,4087.02776159082,4124.292196346394,4079.2205053805283,4097.517578125,248398,0.0,0.0,BRITANNIA.NS,813
2023-04-12 00:00:00+05:30,4097.5176003769175,4118.065498041791,4083.770823430642,4091.7216796875,325329,0.0,0.0,BRITANNIA.NS,814
2023-04-13 00:00:00+05:30,4130.404373164022,4238.560750946802,4114.375602544028,4154.958984375,454438,72.0,0.0,BRITANNIA.NS,815
2023-04-17 00:00:00+05:30,4168.405490637337,4292.1519836973985,4150.574493363619,4227.453125,631457,0.0,0.0,BRITANNIA.NS,816
2023-04-18 00:00:00+05:30,4239.486773809031,4262.822932955365,4180.098011518255,4191.64453125,190132,0.0,0.0,BRITANNIA.NS,817
2023-04-19 00:00:00+05:30,4215.175890754912,4215.175890754912,4161.0491691980715,4183.849609375,347248,0.0,0.0,BRITANNIA.NS,818
2023-04-20 00:00:00+05:30,4184.970121968217,4207.868095860244,4137.517534700039,4147.35888671875,164008,0.0,0.0,BRITANNIA.NS,819
2023-04-21 00:00:00+05:30,4149.891924302977,4223.944938213995,4139.465849140777,4216.92919921875,273401,0.0,0.0,BRITANNIA.NS,820
2023-04-24 00:00:00+05:30,4216.929482987739,4228.281411896668,4186.918713007966,4200.56005859375,182843,0.0,0.0,BRITANNIA.NS,821
2023-04-25 00:00:00+05:30,4202.508943569856,4297.998365426995,4200.560179858485,4289.7646484375,353719,0.0,0.0,BRITANNIA.NS,822
2023-04-26 00:00:00+05:30,4287.279946438706,4309.544665860481,4258.827807394303,4292.15185546875,306037,0.0,0.0,BRITANNIA.NS,823
2023-04-27 00:00:00+05:30,4294.100746699815,4315.878275865805,4284.356928350145,4302.72412109375,179769,0.0,0.0,BRITANNIA.NS,824
2023-04-28 00:00:00+05:30,4302.821916340445,4447.907285243773,4295.708643048779,4436.896484375,482939,0.0,0.0,BRITANNIA.NS,825
2023-05-02 00:00:00+05:30,4448.29704171506,4487.759509310363,4384.718621700404,4395.4853515625,261449,0.0,0.0,BRITANNIA.NS,826
2023-05-03 00:00:00+05:30,4374.974362835101,4431.488508279296,4329.519546179718,4411.1240234375,525015,0.0,0.0,BRITANNIA.NS,827
2023-05-04 00:00:00+05:30,4411.075174790949,4478.258993825816,4394.46215451576,4469.5380859375,244670,0.0,0.0,BRITANNIA.NS,828
2023-05-05 00:00:00+05:30,4476.943269603654,4518.159905459218,4466.955856092554,4507.490234375,332347,0.0,0.0,BRITANNIA.NS,829
2023-05-08 00:00:00+05:30,4521.131545948972,4579.594453870726,4456.383685116684,4480.59716796875,831450,0.0,0.0,BRITANNIA.NS,830
2023-05-09 00:00:00+05:30,4505.541675596945,4514.55470771184,4465.1533575947615,4477.4306640625,367650,0.0,0.0,BRITANNIA.NS,831
2023-05-10 00:00:00+05:30,4511.095931739981,4548.219500351715,4469.002444666691,4486.97998046875,368807,0.0,0.0,BRITANNIA.NS,832
2023-05-11 00:00:00+05:30,4492.095220967489,4532.824190408991,4487.02824523504,4516.40576171875,282060,0.0,0.0,BRITANNIA.NS,833
2023-05-12 00:00:00+05:30,4515.285569382581,4555.235225909272,4483.959287528935,4498.23388671875,311033,0.0,0.0,BRITANNIA.NS,834
2023-05-15 00:00:00+05:30,4528.780800129531,4559.132699759732,4503.057214310797,4512.21630859375,276965,0.0,0.0,BRITANNIA.NS,835
2023-05-16 00:00:00+05:30,4513.336472730961,4540.8142296485,4448.052892490681,4488.87939453125,263119,0.0,0.0,BRITANNIA.NS,836
2023-05-17 00:00:00+05:30,4491.900390159065,4520.352530878575,4466.2253329046525,4513.2392578125,268353,0.0,0.0,BRITANNIA.NS,837
2023-05-18 00:00:00+05:30,4530.875135286002,4536.234234908383,4441.232014329806,4447.41943359375,155214,0.0,0.0,BRITANNIA.NS,838
2023-05-19 00:00:00+05:30,4470.463930601855,4475.433373194447,4369.2742802614575,4384.572265625,367664,0.0,0.0,BRITANNIA.NS,839
2023-05-22 00:00:00+05:30,4384.718223109775,4423.937091660923,4370.102495699409,4383.6953125,172174,0.0,0.0,BRITANNIA.NS,840
2023-05-23 00:00:00+05:30,4372.051241536622,4464.178852628895,4371.0768597132355,4405.8134765625,297514,0.0,0.0,BRITANNIA.NS,841
2023-05-24 00:00:00+05:30,4421.939748221994,4452.827366329556,4386.03368314352,4404.0107421875,302733,0.0,0.0,BRITANNIA.NS,842
2023-05-25 00:00:00+05:30,4462.668851500561,4584.905244303128,4417.116500232514,4446.396484375,861989,0.0,0.0,BRITANNIA.NS,843
2023-05-26 00:00:00+05:30,4464.6176888220125,4505.736793681011,4446.250495580608,4478.4541015625,231911,0.0,0.0,BRITANNIA.NS,844
2023-05-29 00:00:00+05:30,4493.313340370554,4506.613557373498,4449.027495295681,4458.04052734375,194968,0.0,0.0,BRITANNIA.NS,845
2023-05-30 00:00:00+05:30,4465.592019915404,4505.0544848524705,4446.104382909446,4456.091796875,199772,0.0,0.0,BRITANNIA.NS,846
2023-05-31 00:00:00+05:30,4453.899264262283,4563.322151480497,4448.296568841258,4537.74462890625,1536463,0.0,0.0,BRITANNIA.NS,847
2023-06-01 00:00:00+05:30,4535.747459283648,4535.747459283648,4470.025213952422,4516.50341796875,188427,0.0,0.0,BRITANNIA.NS,848
2023-06-02 00:00:00+05:30,4518.208879130572,4597.816070825125,4516.601244146913,4534.91943359375,359550,0.0,0.0,BRITANNIA.NS,849
2023-06-05 00:00:00+05:30,4540.521966312898,4591.774547665189,4537.744882837816,4562.640625,349558,0.0,0.0,BRITANNIA.NS,850
2023-06-06 00:00:00+05:30,4562.640728552426,4596.841628010556,4553.3350960491,4584.8564453125,185910,0.0,0.0,BRITANNIA.NS,851
2023-06-07 00:00:00+05:30,4594.2103577516045,4782.217523358154,4594.2103577516045,4767.79638671875,1390193,0.0,0.0,BRITANNIA.NS,852
2023-06-08 00:00:00+05:30,4776.321913705216,4788.842814631702,4732.085076404468,4750.15966796875,381452,0.0,0.0,BRITANNIA.NS,853
2023-06-09 00:00:00+05:30,4761.121528891432,4852.421292515372,4712.207848715434,4753.76513671875,820375,0.0,0.0,BRITANNIA.NS,854
2023-06-12 00:00:00+05:30,4773.496866390746,4784.215067152186,4740.3678822190195,4774.71484375,233763,0.0,0.0,BRITANNIA.NS,855
2023-06-13 00:00:00+05:30,4779.294517920259,4824.797865541654,4766.9682067129825,4813.5439453125,326814,0.0,0.0,BRITANNIA.NS,856
2023-06-14 00:00:00+05:30,4820.266748704782,4849.498202608389,4795.907203785109,4815.0537109375,234174,0.0,0.0,BRITANNIA.NS,857
2023-06-15 00:00:00+05:30,4823.190073291499,4891.2992682628965,4788.404451544869,4847.98828125,452909,0.0,0.0,BRITANNIA.NS,858
2023-06-16 00:00:00+05:30,4847.988411718415,4929.008168157299,4842.67784027676,4915.46435546875,407485,0.0,0.0,BRITANNIA.NS,859
2023-06-19 00:00:00+05:30,4920.628467457802,4934.6594712996375,4874.150261723547,4892.419921875,197576,0.0,0.0,BRITANNIA.NS,860
2023-06-20 00:00:00+05:30,4892.419589298434,4932.807905570025,4879.752625787835,4926.9130859375,251372,0.0,0.0,BRITANNIA.NS,861
2023-06-21 00:00:00+05:30,4940.700632484918,4954.975231227001,4916.3896153691985,4939.67724609375,272200,0.0,0.0,BRITANNIA.NS,862
2023-06-22 00:00:00+05:30,4935.243778368153,4941.966917581053,4847.549417054602,4859.29052734375,145196,0.0,0.0,BRITANNIA.NS,863
2023-06-23 00:00:00+05:30,4844.675008542779,4859.193678490616,4818.6102944772965,4843.45703125,191942,0.0,0.0,BRITANNIA.NS,864
2023-06-26 00:00:00+05:30,4851.398970843845,4893.345921498742,4825.431312486379,4880.8740234375,179192,0.0,0.0,BRITANNIA.NS,865
2023-06-27 00:00:00+05:30,4872.444741924505,4908.740464140201,4822.361612330341,4827.3310546875,175475,0.0,0.0,BRITANNIA.NS,866
2023-06-28 00:00:00+05:30,4861.1910462353835,4891.348354780655,4832.836439265823,4864.26025390625,253814,0.0,0.0,BRITANNIA.NS,867
2023-06-30 00:00:00+05:30,4862.360442578133,4903.4305419315215,4828.110540324369,4895.830078125,196106,0.0,0.0,BRITANNIA.NS,868
2023-07-03 00:00:00+05:30,4906.012277666428,4919.263965070406,4862.262630761868,4879.99609375,139105,0.0,0.0,BRITANNIA.NS,869
2023-07-04 00:00:00+05:30,4879.996126659726,4896.170959521939,4845.161977680706,4881.798828125,121493,0.0,0.0,BRITANNIA.NS,870
2023-07-05 00:00:00+05:30,4896.0736529993455,4984.35274238319,4833.42109133315,4965.54736328125,186513,0.0,0.0,BRITANNIA.NS,871
2023-07-06 00:00:00+05:30,5065.8113927419645,5135.333635015533,4989.80960612264,5041.01318359375,966410,0.0,0.0,BRITANNIA.NS,872
2023-07-07 00:00:00+05:30,5041.012655637044,5056.602764080016,4913.7097715368745,4925.0126953125,224712,0.0,0.0,BRITANNIA.NS,873
2023-07-10 00:00:00+05:30,4943.039076957921,4968.811666948628,4863.626956955542,4902.943359375,308544,0.0,0.0,BRITANNIA.NS,874
2023-07-11 00:00:00+05:30,4920.628219235683,5025.082141248013,4920.628219235683,4953.65966796875,385742,0.0,0.0,BRITANNIA.NS,875
2023-07-12 00:00:00+05:30,4953.659834207903,4983.817143030947,4913.174458304896,4943.916015625,180640,0.0,0.0,BRITANNIA.NS,876
2023-07-13 00:00:00+05:30,4959.506162070315,5016.117843610531,4941.529102115218,4959.94482421875,232034,0.0,0.0,BRITANNIA.NS,877
2023-07-14 00:00:00+05:30,4986.8864707136845,5018.066690929167,4954.829401959122,5001.697265625,220335,0.0,0.0,BRITANNIA.NS,878
2023-07-17 00:00:00+05:30,5018.018052405263,5065.811292350158,4989.90704057752,5011.6845703125,272290,0.0,0.0,BRITANNIA.NS,879
2023-07-18 00:00:00+05:30,5018.066300537276,5028.345838280887,4922.5768835561785,4934.41552734375,189358,0.0,0.0,BRITANNIA.NS,880
2023-07-19 00:00:00+05:30,4951.75971863208,5012.219918278262,4920.725563524817,4936.12060546875,353528,0.0,0.0,BRITANNIA.NS,881
2023-07-20 00:00:00+05:30,4940.11594644644,4963.501110689973,4887.54785568171,4923.11279296875,327126,0.0,0.0,BRITANNIA.NS,882
2023-07-21 00:00:00+05:30,4931.882143390989,4978.068222582919,4871.909132281553,4917.705078125,438176,0.0,0.0,BRITANNIA.NS,883
2023-07-24 00:00:00+05:30,4917.704779936375,4918.67916170375,4817.5385245592715,4841.60546875,224646,0.0,0.0,BRITANNIA.NS,884
2023-07-25 00:00:00+05:30,4878.729799857261,4878.729799857261,4750.111398902366,4760.43994140625,396810,0.0,0.0,BRITANNIA.NS,885
2023-07-26 00:00:00+05:30,4774.471266251914,4866.989017118147,4754.983628430478,4855.9296875,231869,0.0,0.0,BRITANNIA.NS,886
2023-07-27 00:00:00+05:30,4837.80571557792,4887.499188185065,4641.759903924706,4748.55224609375,558492,0.0,0.0,BRITANNIA.NS,887
2023-07-28 00:00:00+05:30,4778.368604612141,4832.349264085622,4726.726366430158,4777.7353515625,357681,0.0,0.0,BRITANNIA.NS,888
2023-07-31 00:00:00+05:30,4779.440633929649,4784.604667562201,4643.173233450567,4671.13818359375,800189,0.0,0.0,BRITANNIA.NS,889
2023-08-01 00:00:00+05:30,4701.489935861889,4719.418466656929,4628.411297480704,4693.9384765625,413904,0.0,0.0,BRITANNIA.NS,890
2023-08-02 00:00:00+05:30,4715.033514441071,4715.033514441071,4647.80117046578,4686.24072265625,395487,0.0,0.0,BRITANNIA.NS,891
2023-08-03 00:00:00+05:30,4686.72796550799,4695.156272988777,4647.801221987638,4676.009765625,239070,0.0,0.0,BRITANNIA.NS,892
2023-08-04 00:00:00+05:30,4667.288555953358,4708.2125892205895,4644.536647065798,4675.57080078125,401478,0.0,0.0,BRITANNIA.NS,893
2023-08-07 00:00:00+05:30,4629.287825489397,4691.648259257303,4499.890115729933,4540.37548828125,1079453,0.0,0.0,BRITANNIA.NS,894
2023-08-08 00:00:00+05:30,4514.0671057365025,4557.6221607859125,4478.307104779347,4487.369140625,533341,0.0,0.0,BRITANNIA.NS,895
2023-08-09 00:00:00+05:30,4501.546457633316,4514.652083370519,4457.796809239191,4483.033203125,912658,0.0,0.0,BRITANNIA.NS,896
2023-08-10 00:00:00+05:30,4483.130955768471,4500.328700511692,4415.21634954622,4424.13232421875,587011,0.0,0.0,BRITANNIA.NS,897
2023-08-11 00:00:00+05:30,4423.693235123514,4444.155252290385,4374.633017857046,4394.75390625,1112908,0.0,0.0,BRITANNIA.NS,898
2023-08-14 00:00:00+05:30,4403.91378337891,4409.077816811195,4340.871088153342,4384.32861328125,557851,0.0,0.0,BRITANNIA.NS,899
2023-08-16 00:00:00+05:30,4373.610550592751,4396.946710882497,4308.131898713268,4383.2568359375,518358,0.0,0.0,BRITANNIA.NS,900
2023-08-17 00:00:00+05:30,4383.256664920687,4409.07778343139,4357.727670650211,4386.27734375,394002,0.0,0.0,BRITANNIA.NS,901
2023-08-18 00:00:00+05:30,4383.7438426095705,4438.114158283641,4346.717333158767,4418.8701171875,423415,0.0,0.0,BRITANNIA.NS,902
2023-08-21 00:00:00+05:30,4439.235062975852,4443.181119055537,4383.256636857748,4394.94921875,244783,0.0,0.0,BRITANNIA.NS,903
2023-08-22 00:00:00+05:30,4408.882850525324,4409.029388422261,4374.974552100849,4396.06982421875,217446,0.0,0.0,BRITANNIA.NS,904
2023-08-23 00:00:00+05:30,4438.308874275577,4438.308874275577,4369.810027512817,4396.84912109375,346764,0.0,0.0,BRITANNIA.NS,905
2023-08-24 00:00:00+05:30,4422.036668682159,4442.693752852374,4399.772425492022,4426.42138671875,357303,0.0,0.0,BRITANNIA.NS,906
2023-08-25 00:00:00+05:30,4428.1760870965145,4443.23000201935,4390.759917213244,4409.857421875,333873,0.0,0.0,BRITANNIA.NS,907
2023-08-28 00:00:00+05:30,4409.077569057759,4409.856884175391,4370.687021953473,4395.3876953125,343698,0.0,0.0,BRITANNIA.NS,908
2023-08-29 00:00:00+05:30,4395.388093316791,4423.693696373393,4371.174608656832,4414.6806640625,340257,0.0,0.0,BRITANNIA.NS,909
2023-08-30 00:00:00+05:30,4436.311609988771,4441.767767209048,4396.118362520252,4434.21630859375,367571,0.0,0.0,BRITANNIA.NS,910
2023-08-31 00:00:00+05:30,4447.955533498002,4457.796885163988,4328.2041013985645,4353.29443359375,874564,0.0,0.0,BRITANNIA.NS,911
2023-09-01 00:00:00+05:30,4360.358673050123,4376.874635316212,4312.613963557506,4369.46923828125,383124,0.0,0.0,BRITANNIA.NS,912
2023-09-04 00:00:00+05:30,4369.469652999538,4395.436835982704,4335.755943452457,4391.734375,394391,0.0,0.0,BRITANNIA.NS,913
2023-09-05 00:00:00+05:30,4391.733697543692,4422.718847474828,4370.1022319728145,4399.28515625,453349,0.0,0.0,BRITANNIA.NS,914
2023-09-06 00:00:00+05:30,4404.205907507027,4472.41263616311,4387.689945044923,4452.0966796875,300673,0.0,0.0,BRITANNIA.NS,915
2023-09-07 00:00:00+05:30,4472.412486687501,4472.80214425518,4405.180142116382,4414.6318359375,479124,0.0,0.0,BRITANNIA.NS,916
2023-09-08 00:00:00+05:30,4424.375730735906,4432.073251977443,4398.164479098673,4424.1806640625,278293,0.0,0.0,BRITANNIA.NS,917
2023-09-11 00:00:00+05:30,4424.570157517766,4456.822289793392,4423.6933090647135,4451.51171875,302448,0.0,0.0,BRITANNIA.NS,918
2023-09-12 00:00:00+05:30,4451.511988647574,4457.212217596558,4393.390206734982,4450.14794921875,321129,0.0,0.0,BRITANNIA.NS,919
2023-09-13 00:00:00+05:30,4450.148121952745,4511.826780612358,4432.560719272909,4490.1953125,435792,0.0,0.0,BRITANNIA.NS,920
2023-09-14 00:00:00+05:30,4500.6701203818975,4513.288556644309,4436.019784377155,4457.1640625,473085,0.0,0.0,BRITANNIA.NS,921
2023-09-15 00:00:00+05:30,4465.591713788138,4471.681599935023,4402.841622085101,4416.7265625,408326,0.0,0.0,BRITANNIA.NS,922
2023-09-18 00:00:00+05:30,4423.693650644246,4485.079707910895,4404.206013416739,4478.4541015625,304844,0.0,0.0,BRITANNIA.NS,923
2023-09-20 00:00:00+05:30,4478.453768160382,4479.233083282509,4392.220979848331,4411.416015625,357295,0.0,0.0,BRITANNIA.NS,924
2023-09-21 00:00:00+05:30,4404.205837459873,4448.735277054644,4363.281800917103,4441.76806640625,367638,0.0,0.0,BRITANNIA.NS,925
2023-09-22 00:00:00+05:30,4441.768089759848,4454.8737156496145,4394.46204234028,4447.7119140625,210753,0.0,0.0,BRITANNIA.NS,926
2023-09-25 00:00:00+05:30,4456.870671547225,4467.540342062396,4394.997430168608,4452.97314453125,498354,0.0,0.0,BRITANNIA.NS,927
2023-09-26 00:00:00+05:30,4453.168326052341,4490.925619993489,4432.901375355455,4482.30224609375,330231,0.0,0.0,BRITANNIA.NS,928
2023-09-27 00:00:00+05:30,4483.326160970198,4515.334225570088,4451.950873674515,4508.80615234375,358156,0.0,0.0,BRITANNIA.NS,929
2023-09-28 00:00:00+05:30,4508.805898687459,4515.577567006336,4389.638714292226,4408.63916015625,390490,0.0,0.0,BRITANNIA.NS,930
2023-09-29 00:00:00+05:30,4438.309315037328,4443.619886414769,4386.228414983314,4420.91650390625,230125,0.0,0.0,BRITANNIA.NS,931
2023-10-03 00:00:00+05:30,4408.8828834411715,4436.604237878532,4371.66178156876,4380.28515625,543482,0.0,0.0,BRITANNIA.NS,932
2023-10-04 00:00:00+05:30,4374.974513496277,4423.693606074186,4352.320135447549,4416.3857421875,318564,0.0,0.0,BRITANNIA.NS,933
2023-10-05 00:00:00+05:30,4423.936931252596,4431.683456808158,4384.718064123492,4417.74951171875,302015,0.0,0.0,BRITANNIA.NS,934
2023-10-06 00:00:00+05:30,4417.701341987906,4432.901794333427,4399.334148560918,4422.18359375,238131,0.0,0.0,BRITANNIA.NS,935
2023-10-09 00:00:00+05:30,4395.436211088654,4418.8213738166805,4378.384529932801,4406.6416015625,255764,0.0,0.0,BRITANNIA.NS,936
2023-10-10 00:00:00+05:30,4406.349907652449,4425.593949693387,4387.6415853340695,4413.9013671875,222750,0.0,0.0,BRITANNIA.NS,937
2023-10-11 00:00:00+05:30,4406.154670324546,4451.902087916059,4404.8391596891015,4438.2607421875,368192,0.0,0.0,BRITANNIA.NS,938
2023-10-12 00:00:00+05:30,4464.617724092803,4473.971885190384,4414.924248770076,4443.912109375,518582,0.0,0.0,BRITANNIA.NS,939
2023-10-13 00:00:00+05:30,4433.436974929838,4464.617191017256,4399.333613584224,4457.50439453125,445822,0.0,0.0,BRITANNIA.NS,940
2023-10-16 00:00:00+05:30,4443.13297762891,4473.826007771912,4438.309596868901,4468.56396484375,292118,0.0,0.0,BRITANNIA.NS,941
2023-10-17 00:00:00+05:30,4468.710150817435,4491.802714785792,4445.324986835881,4482.49755859375,196669,0.0,0.0,BRITANNIA.NS,942
2023-10-18 00:00:00+05:30,4487.028158536417,4504.567030817341,4468.758499910455,4489.6591796875,217179,0.0,0.0,BRITANNIA.NS,943
2023-10-19 00:00:00+05:30,4482.20504824965,4497.746629098928,4444.837884841143,4484.5439453125,228881,0.0,0.0,BRITANNIA.NS,944
2023-10-20 00:00:00+05:30,4485.079728225641,4489.9516375545845,4441.963330664489,4462.6689453125,351045,0.0,0.0,BRITANNIA.NS,945
2023-10-23 00:00:00+05:30,4455.556240524785,4482.156675704241,4400.649726092927,4414.53466796875,203004,0.0,0.0,BRITANNIA.NS,946
2023-10-25 00:00:00+05:30,4355.486675454921,4468.125307451137,4355.486675454921,4417.603515625,330082,0.0,0.0,BRITANNIA.NS,947
2023-10-26 00:00:00+05:30,4401.867587068992,4408.882850999435,4362.063992922857,4392.318359375,488909,0.0,0.0,BRITANNIA.NS,948
2023-10-27 00:00:00+05:30,4396.410479459478,4427.590695625858,4375.948462600292,4398.6513671875,382794,0.0,0.0,BRITANNIA.NS,949
2023-10-30 00:00:00+05:30,4384.718414745095,4393.195727322562,4327.229884418437,4347.30224609375,450526,0.0,0.0,BRITANNIA.NS,950
2023-10-31 00:00:00+05:30,4345.840398130425,4364.986905508064,4289.131186581326,4313.10107421875,504625,0.0,0.0,BRITANNIA.NS,951
2023-11-01 00:00:00+05:30,4328.788707062305,4341.845328109957,4236.319968815154,4284.64892578125,395359,0.0,0.0,BRITANNIA.NS,952
2023-11-02 00:00:00+05:30,4396.5082303639165,4451.755393154387,4340.1401478816215,4411.27001953125,822845,0.0,0.0,BRITANNIA.NS,953
2023-11-03 00:00:00+05:30,4412.000962891462,4465.007239729322,4408.249497660323,4423.2548828125,335012,0.0,0.0,BRITANNIA.NS,954
2023-11-06 00:00:00+05:30,4438.211634462165,4509.585102418524,4429.588260244022,4505.15185546875,205763,0.0,0.0,BRITANNIA.NS,955
2023-11-07 00:00:00+05:30,4491.998151668903,4550.363533095234,4473.241299846188,4535.94287109375,282612,0.0,0.0,BRITANNIA.NS,956
2023-11-08 00:00:00+05:30,4551.289371010347,4566.440819395844,4531.363070649819,4550.9482421875,385727,0.0,0.0,BRITANNIA.NS,957
2023-11-09 00:00:00+05:30,4550.947939127414,4565.466133459341,4511.875131999462,4532.921875,208210,0.0,0.0,BRITANNIA.NS,958
2023-11-10 00:00:00+05:30,4538.134968729949,4565.807318305346,4502.6185597447975,4562.00732421875,142336,0.0,0.0,BRITANNIA.NS,959
2023-11-13 00:00:00+05:30,4542.860584748542,4582.664180892044,4525.029586119956,4576.03857421875,260394,0.0,0.0,BRITANNIA.NS,960
2023-11-15 00:00:00+05:30,4602.005324264246,4603.954087899336,4547.829600054279,4590.11767578125,269650,0.0,0.0,BRITANNIA.NS,961
2023-11-16 00:00:00+05:30,4589.338145843867,4607.851399510753,4559.717035131319,4581.640625,178375,0.0,0.0,BRITANNIA.NS,962
2023-11-17 00:00:00+05:30,4582.517928966319,4624.026691731678,4569.948498013278,4597.42578125,138652,0.0,0.0,BRITANNIA.NS,963
2023-11-20 00:00:00+05:30,4571.068686726542,4618.034080488775,4570.727557937034,4591.287109375,126069,0.0,0.0,BRITANNIA.NS,964
2023-11-21 00:00:00+05:30,4608.825633594207,4608.825633594207,4545.490820447563,4579.3505859375,129602,0.0,0.0,BRITANNIA.NS,965
2023-11-22 00:00:00+05:30,4589.241358498949,4592.115975502388,4543.299345638453,4573.94384765625,72533,0.0,0.0,BRITANNIA.NS,966
2023-11-23 00:00:00+05:30,4578.6199996513615,4590.264052270547,4559.08383520546,4585.24560546875,109775,0.0,0.0,BRITANNIA.NS,967
2023-11-24 00:00:00+05:30,4585.245837797435,4594.21034096681,4521.6188944340365,4525.17529296875,123628,0.0,0.0,BRITANNIA.NS,968
2023-11-28 00:00:00+05:30,4513.580680821568,4601.908307339375,4507.490793778526,4592.70068359375,182790,0.0,0.0,BRITANNIA.NS,969
2023-11-29 00:00:00+05:30,4595.136351283762,4708.310709865481,4580.958809669987,4680.58935546875,363702,0.0,0.0,BRITANNIA.NS,970
2023-11-30 00:00:00+05:30,4691.648602914785,4751.037366920034,4674.596920557358,4728.333984375,961054,0.0,0.0,BRITANNIA.NS,971
2023-12-01 00:00:00+05:30,4748.162384716215,4856.318761630539,4735.5439504339365,4843.408203125,485597,0.0,0.0,BRITANNIA.NS,972
2023-12-04 00:00:00+05:30,4862.165357133816,4866.988737526498,4789.086719501544,4811.25390625,310152,0.0,0.0,BRITANNIA.NS,973
2023-12-05 00:00:00+05:30,4811.253788240221,4847.549510707326,4806.625474637033,4821.630859375,280497,0.0,0.0,BRITANNIA.NS,974
2023-12-06 00:00:00+05:30,4826.113360421086,4894.027966482386,4825.431102809021,4874.978515625,295686,0.0,0.0,BRITANNIA.NS,975
2023-12-07 00:00:00+05:30,4874.978122371711,4896.268459484338,4836.002851052433,4887.4990234375,268095,0.0,0.0,BRITANNIA.NS,976
2023-12-08 00:00:00+05:30,4895.294579744401,4930.372327529193,4804.677064633686,4815.59033203125,282713,0.0,0.0,BRITANNIA.NS,977
2023-12-11 00:00:00+05:30,4832.8362596501065,4847.062329275869,4774.519412981478,4817.48974609375,147976,0.0,0.0,BRITANNIA.NS,978
2023-12-12 00:00:00+05:30,4840.729164305619,4844.090972089792,4750.11164975642,4777.44287109375,184238,0.0,0.0,BRITANNIA.NS,979
2023-12-13 00:00:00+05:30,4784.214806437416,4801.753679454906,4735.495714722168,4793.2763671875,153558,0.0,0.0,BRITANNIA.NS,980
2023-12-14 00:00:00+05:30,4805.8462492785875,4837.805782973976,4771.547818574736,4819.92578125,174503,0.0,0.0,BRITANNIA.NS,981
2023-12-15 00:00:00+05:30,4811.49734505325,4842.531500645136,4755.470391359332,4788.0146484375,216579,0.0,0.0,BRITANNIA.NS,982
2023-12-18 00:00:00+05:30,4787.966696161608,4799.31815038322,4713.133879188778,4754.49658203125,223278,0.0,0.0,BRITANNIA.NS,983
2023-12-19 00:00:00+05:30,4766.042514514122,4801.2177926628365,4734.229043885714,4785.4326171875,200718,0.0,0.0,BRITANNIA.NS,984
2023-12-20 00:00:00+05:30,4793.958834964009,4922.528713946445,4790.061307455908,4828.013671875,457942,0.0,0.0,BRITANNIA.NS,985
2023-12-21 00:00:00+05:30,4803.702441049131,4982.306440891154,4752.595923552953,4929.982421875,796081,0.0,0.0,BRITANNIA.NS,986
2023-12-22 00:00:00+05:30,4944.987470592292,5050.902959039829,4920.676455181623,5028.8818359375,582688,0.0,0.0,BRITANNIA.NS,987
2023-12-26 00:00:00+05:30,5022.938538738249,5110.145716083947,5014.16910191019,5101.81494140625,574310,0.0,0.0,BRITANNIA.NS,988
2023-12-27 00:00:00+05:30,5107.709887471048,5110.633033152546,5027.810572176766,5083.1552734375,241944,0.0,0.0,BRITANNIA.NS,989
2023-12-28 00:00:00+05:30,5091.096762989651,5201.883696602718,5053.875185092982,5146.68505859375,655367,0.0,0.0,BRITANNIA.NS,990
2023-12-29 00:00:00+05:30,5125.784238294669,5248.069160173514,5104.445370985826,5201.68896484375,535691,0.0,0.0,BRITANNIA.NS,991
2024-01-01 00:00:00+05:30,5202.224434164453,5212.845100638074,5154.479725928068,5183.51611328125,130032,0.0,0.0,BRITANNIA.NS,992
2024-01-02 00:00:00+05:30,5183.51620681372,5198.2784719792335,5090.268152263488,5153.359375,193517,0.0,0.0,BRITANNIA.NS,993
2024-01-03 00:00:00+05:30,5153.359399608785,5197.255110424969,5105.76075240186,5119.20703125,123303,0.0,0.0,BRITANNIA.NS,994
2024-01-04 00:00:00+05:30,5119.207078071883,5237.302346405837,5087.247544294861,5223.953125,413391,0.0,0.0,BRITANNIA.NS,995
2024-01-05 00:00:00+05:30,5223.953206396089,5225.950974646017,5121.350988208402,5137.2822265625,299017,0.0,0.0,BRITANNIA.NS,996
2024-01-08 00:00:00+05:30,5169.095564712318,5169.095564712318,5038.57692937166,5044.7158203125,236628,0.0,0.0,BRITANNIA.NS,997
2024-01-09 00:00:00+05:30,5065.8110824136675,5076.72434910712,4980.065482249712,4991.17333984375,194434,0.0,0.0,BRITANNIA.NS,998
2024-01-10 00:00:00+05:30,4980.065648734495,5011.879121068019,4922.0899285036785,4956.33935546875,191450,0.0,0.0,BRITANNIA.NS,999
2024-01-11 00:00:00+05:30,4972.173029995595,5053.533914188903,4946.497973182511,5005.107421875,277823,0.0,0.0,BRITANNIA.NS,1000
2024-01-12 00:00:00+05:30,5017.091886659906,5115.894105995104,4969.395707255601,5019.13818359375,462298,0.0,0.0,BRITANNIA.NS,1001
2024-01-15 00:00:00+05:30,5027.761671767447,5094.0681644328,4987.860545855298,5044.7158203125,400069,0.0,0.0,BRITANNIA.NS,1002
2024-01-16 00:00:00+05:30,5035.994525662401,5084.3239554644415,4976.41117699229,4999.1630859375,203028,0.0,0.0,BRITANNIA.NS,1003
2024-01-17 00:00:00+05:30,4984.011699759132,5003.694403470571,4925.50025987902,4932.02880859375,270672,0.0,0.0,BRITANNIA.NS,1004
2024-01-18 00:00:00+05:30,4931.346400121429,4947.86236230986,4846.770248298282,4886.6708984375,514119,0.0,0.0,BRITANNIA.NS,1005
2024-01-19 00:00:00+05:30,4900.165968972691,5037.2126711011815,4883.893602946541,5007.0068359375,329252,0.0,0.0,BRITANNIA.NS,1006
2024-01-23 00:00:00+05:30,5034.04603199984,5056.895475498969,4799.707209303066,4918.77685546875,491135,0.0,0.0,BRITANNIA.NS,1007
2024-01-24 00:00:00+05:30,4918.777179440525,5041.110632072895,4901.140772559738,5010.51513671875,611741,0.0,0.0,BRITANNIA.NS,1008
2024-01-25 00:00:00+05:30,5018.066416089247,5102.398973025446,4975.291148978418,5010.173828125,342129,0.0,0.0,BRITANNIA.NS,1009
2024-01-29 00:00:00+05:30,5010.271688897664,5085.786285531185,4980.260916931627,5005.30224609375,275710,0.0,0.0,BRITANNIA.NS,1010
2024-01-30 00:00:00+05:30,5031.025917267398,5059.867716910147,4950.834476516086,4961.30908203125,146422,0.0,0.0,BRITANNIA.NS,1011
2024-01-31 00:00:00+05:30,4961.308354090891,5086.272815506349,4902.845448165531,5065.22607421875,549238,0.0,0.0,BRITANNIA.NS,1012
2024-02-01 00:00:00+05:30,5062.936771407821,5068.686005111092,4995.753426322985,5016.70263671875,344394,0.0,0.0,BRITANNIA.NS,1013
2024-02-02 00:00:00+05:30,5034.387139758811,5075.55477060118,4999.991652701232,5016.94580078125,176167,0.0,0.0,BRITANNIA.NS,1014
2024-02-05 00:00:00+05:30,5037.456566833126,5105.517233340981,4948.398162034863,4993.2197265625,231620,0.0,0.0,BRITANNIA.NS,1015
2024-02-06 00:00:00+05:30,4993.220155556062,4993.707346516699,4864.650270735312,4878.77880859375,336609,0.0,0.0,BRITANNIA.NS,1016
2024-02-07 00:00:00+05:30,5008.322372064687,5051.097637247501,4798.830288408286,4948.154296875,1258830,0.0,0.0,BRITANNIA.NS,1017
2024-02-08 00:00:00+05:30,4970.321538756747,4991.173214025603,4709.33327968226,4750.64697265625,623680,0.0,0.0,BRITANNIA.NS,1018
2024-02-09 00:00:00+05:30,4750.647035337197,4850.521170691923,4735.544117307946,4844.13916015625,411953,0.0,0.0,BRITANNIA.NS,1019
2024-02-12 00:00:00+05:30,4844.139553019608,4869.912144249292,4814.17730998323,4842.873046875,158487,0.0,0.0,BRITANNIA.NS,1020
2024-02-13 00:00:00+05:30,4842.873098551278,4923.94138698139,4813.641641618506,4853.98095703125,262011,0.0,0.0,BRITANNIA.NS,1021
2024-02-14 00:00:00+05:30,4840.290181546468,4896.268606973955,4823.18997104897,4882.2861328125,277479,0.0,0.0,BRITANNIA.NS,1022
2024-02-15 00:00:00+05:30,4882.578626741687,4914.148501620925,4806.479313697314,4823.7255859375,189625,0.0,0.0,BRITANNIA.NS,1023
2024-02-16 00:00:00+05:30,4827.0877109580215,4843.213540353619,4769.355586033867,4787.8203125,352139,0.0,0.0,BRITANNIA.NS,1024
2024-02-19 00:00:00+05:30,4793.910185241002,4821.777125602991,4761.462984091182,4799.07421875,182521,0.0,0.0,BRITANNIA.NS,1025
2024-02-20 00:00:00+05:30,4784.360901311768,4807.600003373513,4754.10653545843,4795.0791015625,129279,0.0,0.0,BRITANNIA.NS,1026
2024-02-21 00:00:00+05:30,4808.330822647284,4860.508780279514,4762.778471270059,4796.8818359375,235932,0.0,0.0,BRITANNIA.NS,1027
2024-02-22 00:00:00+05:30,4798.782182493819,4840.72913170172,4735.495889708204,4829.96240234375,255308,0.0,0.0,BRITANNIA.NS,1028
2024-02-23 00:00:00+05:30,4829.962008483568,4843.067158107141,4786.2608900092855,4809.8896484375,115910,0.0,0.0,BRITANNIA.NS,1029
2024-02-26 00:00:00+05:30,4823.1415986894535,4830.010800380233,4766.286322941435,4776.322265625,78084,0.0,0.0,BRITANNIA.NS,1030
2024-02-27 00:00:00+05:30,4754.008798888981,4813.007426528945,4754.008798888981,4778.70947265625,434014,0.0,0.0,BRITANNIA.NS,1031
2024-02-28 00:00:00+05:30,4768.965982781857,4790.158788375224,4742.511610264616,4762.58349609375,96877,0.0,0.0,BRITANNIA.NS,1032
2024-02-29 00:00:00+05:30,4759.903890269445,4853.298486221957,4705.143915484056,4838.0009765625,447941,0.0,0.0,BRITANNIA.NS,1033
2024-03-01 00:00:00+05:30,4838.001235579792,4858.950446583039,4788.258753757469,4801.4619140625,316277,0.0,0.0,BRITANNIA.NS,1034
2024-03-04 00:00:00+05:30,4780.317149621693,4815.833556829072,4709.674468547993,4714.93603515625,307520,0.0,0.0,BRITANNIA.NS,1035
2024-03-05 00:00:00+05:30,4715.082011458933,4742.754834917916,4687.750792553343,4702.025390625,156956,0.0,0.0,BRITANNIA.NS,1036
2024-03-06 00:00:00+05:30,4715.033427919953,4762.583068419546,4666.070743532068,4755.7138671875,190965,0.0,0.0,BRITANNIA.NS,1037
2024-03-07 00:00:00+05:30,4745.239608512112,4776.419827705621,4711.233777108669,4763.89892578125,216747,0.0,0.0,BRITANNIA.NS,1038
2024-03-11 00:00:00+05:30,4768.673535523096,4830.644319363415,4746.311756437172,4810.9130859375,295000,0.0,0.0,BRITANNIA.NS,1039
2024-03-12 00:00:00+05:30,4809.256528248136,4813.446179755574,4728.479894937579,4744.4111328125,140625,0.0,0.0,BRITANNIA.NS,1040
2024-03-13 00:00:00+05:30,4767.260662600911,4847.549630676125,4698.469209873422,4732.2314453125,410729,0.0,0.0,BRITANNIA.NS,1041
2024-03-14 00:00:00+05:30,4728.918799896232,4826.064862424766,4660.4684736833415,4812.37451171875,240217,0.0,0.0,BRITANNIA.NS,1042
2024-03-15 00:00:00+05:30,4791.47433646468,4880.386682464479,4786.163764942582,4846.7705078125,491571,0.0,0.0,BRITANNIA.NS,1043
2024-03-18 00:00:00+05:30,4852.42138671875,4885.5503680738575,4832.93375062751,4852.42138671875,143928,0.0,0.0,BRITANNIA.NS,1044
2024-03-19 00:00:00+05:30,4870.934853058971,4871.8607061225575,4677.032865509715,4693.548828125,265081,0.0,0.0,BRITANNIA.NS,1045
2024-03-20 00:00:00+05:30,4698.566719891585,4709.0413245692,4638.057513064566,4679.8583984375,300159,0.0,0.0,BRITANNIA.NS,1046
2024-03-21 00:00:00+05:30,4689.212259102437,4700.417649435877,4645.657203758303,4683.56103515625,449591,0.0,0.0,BRITANNIA.NS,1047
2024-03-22 00:00:00+05:30,4677.0328558581705,4767.601838657129,4662.31959484464,4740.36767578125,264787,0.0,0.0,BRITANNIA.NS,1048
2024-03-26 00:00:00+05:30,4626.754823008504,4847.549852131423,4619.25236799729,4834.34716796875,554559,0.0,0.0,BRITANNIA.NS,1049
2024-03-27 00:00:00+05:30,4832.933524006681,4852.421159184128,4754.982983296895,4794.1533203125,327107,0.0,0.0,BRITANNIA.NS,1050
2024-03-28 00:00:00+05:30,4815.686981780804,4843.846996430096,4739.977801353569,4785.4326171875,648795,0.0,0.0,BRITANNIA.NS,1051
2024-04-01 00:00:00+05:30,4803.654204380265,4833.6164475942305,4758.637570608366,4769.79443359375,181877,0.0,0.0,BRITANNIA.NS,1052
2024-04-02 00:00:00+05:30,4784.214710210104,4788.989085947694,4745.239437621834,4774.42236328125,93480,0.0,0.0,BRITANNIA.NS,1053
2024-04-03 00:00:00+05:30,4745.239604329186,4771.4993854670265,4682.879165997139,4710.74658203125,246246,0.0,0.0,BRITANNIA.NS,1054
2024-04-04 00:00:00+05:30,4715.959234462097,4730.6234897805925,4658.129581301761,4690.2841796875,372526,0.0,0.0,BRITANNIA.NS,1055
2024-04-05 00:00:00+05:30,4690.284730655741,4723.413714702409,4668.84832921378,4689.74853515625,189143,0.0,0.0,BRITANNIA.NS,1056
2024-04-08 00:00:00+05:30,4701.440827902359,4716.982408298556,4658.519498879446,4703.14599609375,235219,0.0,0.0,BRITANNIA.NS,1057
2024-04-09 00:00:00+05:30,4725.751776100443,4725.751776100443,4660.8578524329205,4671.86865234375,180114,0.0,0.0,BRITANNIA.NS,1058
2024-04-10 00:00:00+05:30,4695.059005852632,4695.107534636814,4625.926422378739,4685.51025390625,509880,0.0,0.0,BRITANNIA.NS,1059
2024-04-12 00:00:00+05:30,4694.571841747448,4697.348925226747,4623.441965357336,4630.01904296875,620568,0.0,0.0,BRITANNIA.NS,1060
2024-04-15 00:00:00+05:30,4623.4417338101675,4654.719485372505,4572.627817074611,4639.90869140625,421873,0.0,0.0,BRITANNIA.NS,1061
2024-04-16 00:00:00+05:30,4626.365238933051,4650.237595368151,4571.117595159995,4619.25244140625,516581,0.0,0.0,BRITANNIA.NS,1062
2024-04-18 00:00:00+05:30,4623.441747370874,4636.790968646942,4547.050307647819,4574.72265625,670722,0.0,0.0,BRITANNIA.NS,1063
2024-04-19 00:00:00+05:30,4562.104293238135,4577.645873859574,4522.1061091064885,4548.70654296875,424834,0.0,0.0,BRITANNIA.NS,1064
2024-04-22 00:00:00+05:30,4554.162989012591,4641.857350803609,4542.860065005055,4631.52880859375,321925,0.0,0.0,BRITANNIA.NS,1065
2024-04-23 00:00:00+05:30,4634.160188172191,4688.725573062359,4602.054115146605,4674.88916015625,279440,0.0,0.0,BRITANNIA.NS,1066
2024-04-24 00:00:00+05:30,4674.1100069870745,4716.00842898008,4658.519896478049,4705.24169921875,412282,0.0,0.0,BRITANNIA.NS,1067
2024-04-25 00:00:00+05:30,4692.769065929904,4734.521423483283,4625.877846879375,4720.0517578125,509266,0.0,0.0,BRITANNIA.NS,1068
2024-04-26 00:00:00+05:30,4719.9543489788375,4736.470312130962,4670.212344382576,4677.4716796875,205462,0.0,0.0,BRITANNIA.NS,1069
2024-04-29 00:00:00+05:30,4691.648508310145,4701.9770508557085,4653.647616965577,4676.88671875,147362,0.0,0.0,BRITANNIA.NS,1070
2024-04-30 00:00:00+05:30,4676.058432110102,4701.3923598523115,4643.026983016082,4653.59912109375,489132,0.0,0.0,BRITANNIA.NS,1071
2024-05-02 00:00:00+05:30,4667.240854428521,4688.725785393018,4628.3626353157415,4637.716796875,356664,0.0,0.0,BRITANNIA.NS,1072
2024-05-03 00:00:00+05:30,4658.6166917768,4658.6166917768,4587.291757188775,4623.0517578125,262493,0.0,0.0,BRITANNIA.NS,1073
2024-05-06 00:00:00+05:30,4695.497497097764,5072.096073358956,4679.176601490067,4931.93115234375,2837757,0.0,0.0,BRITANNIA.NS,1074
2024-05-07 00:00:00+05:30,4928.374902033945,5086.175758251203,4919.458927427897,5041.3056640625,1156073,0.0,0.0,BRITANNIA.NS,1075
2024-05-08 00:00:00+05:30,5019.040947208115,5113.994649515796,4992.58657493555,5094.4580078125,323414,0.0,0.0,BRITANNIA.NS,1076
2024-05-09 00:00:00+05:30,5094.116702477872,5113.555810167318,4915.756299979824,4940.21337890625,379667,0.0,0.0,BRITANNIA.NS,1077
2024-05-10 00:00:00+05:30,4940.213792625555,4987.081657419366,4844.38323709627,4936.998046875,223289,0.0,0.0,BRITANNIA.NS,1078
2024-05-13 00:00:00+05:30,4944.939494379076,5037.554301430063,4925.50038563423,4999.11474609375,323879,0.0,0.0,BRITANNIA.NS,1079
2024-05-14 00:00:00+05:30,4999.114636765693,5029.271945492355,4906.012640812556,5009.10205078125,205585,0.0,0.0,BRITANNIA.NS,1080
2024-05-15 00:00:00+05:30,5017.627705553697,5032.438499510947,4923.989993368845,4934.26953125,166198,0.0,0.0,BRITANNIA.NS,1081
2024-05-16 00:00:00+05:30,4934.415771474769,5018.066548806932,4888.960953133744,5006.13037109375,312988,0.0,0.0,BRITANNIA.NS,1082
2024-05-17 00:00:00+05:30,5008.225122401764,5008.225122401764,4935.244017767341,4956.4853515625,116594,0.0,0.0,BRITANNIA.NS,1083
2024-05-21 00:00:00+05:30,4916.730839174034,5058.016208115817,4915.804986103046,5045.44677734375,376474,0.0,0.0,BRITANNIA.NS,1084
2024-05-22 00:00:00+05:30,5086.077828181673,5166.659391748052,5061.91335033119,5132.45849609375,748236,0.0,0.0,BRITANNIA.NS,1085
2024-05-23 00:00:00+05:30,5126.368808943653,5158.133751379349,5054.995340742748,5145.8564453125,423256,0.0,0.0,BRITANNIA.NS,1086
2024-05-24 00:00:00+05:30,5125.346272879644,5149.7543489063055,5085.299082060726,5106.443359375,268208,0.0,0.0,BRITANNIA.NS,1087
2024-05-27 00:00:00+05:30,5130.120321081047,5130.120321081047,4995.899224361406,5078.7216796875,329998,0.0,0.0,BRITANNIA.NS,1088
2024-05-28 00:00:00+05:30,5075.55515103236,5149.997830602179,5047.8337965754135,5116.04052734375,259151,0.0,0.0,BRITANNIA.NS,1089
2024-05-29 00:00:00+05:30,5068.734153453158,5133.043352631918,5066.785389841681,5095.82177734375,286144,0.0,0.0,BRITANNIA.NS,1090
2024-05-30 00:00:00+05:30,5068.831899612789,5107.807173478792,5040.477292720795,5065.37255859375,357619,0.0,0.0,BRITANNIA.NS,1091
2024-05-31 00:00:00+05:30,5074.580786427142,5087.2477507557805,4979.724616088583,5047.10302734375,651525,0.0,0.0,BRITANNIA.NS,1092
2024-06-03 00:00:00+05:30,5164.223622578743,5164.223622578743,5027.810168397417,5035.41015625,199328,0.0,0.0,BRITANNIA.NS,1093
2024-06-04 00:00:00+05:30,5072.193510701643,5275.693265729927,4995.704531529542,5188.68115234375,989039,0.0,0.0,BRITANNIA.NS,1094
2024-06-05 00:00:00+05:30,5188.68060771608,5578.335793584196,5188.583074381807,5346.091796875,1188965,0.0,0.0,BRITANNIA.NS,1095
2024-06-06 00:00:00+05:30,5324.996566607809,5372.838808408292,5175.380430694865,5301.07568359375,629293,0.0,0.0,BRITANNIA.NS,1096
2024-06-07 00:00:00+05:30,5292.5008118106325,5329.868449016252,5256.789813974896,5323.58349609375,226777,0.0,0.0,BRITANNIA.NS,1097
2024-06-10 00:00:00+05:30,5324.996922664394,5418.29398677146,5267.605925642308,5347.79736328125,306665,0.0,0.0,BRITANNIA.NS,1098
2024-06-11 00:00:00+05:30,5359.100229798151,5463.1154933492335,5359.100229798151,5376.3955078125,476899,0.0,0.0,BRITANNIA.NS,1099
2024-06-12 00:00:00+05:30,5408.354562136506,5425.357714391591,5291.867411433321,5299.95458984375,279376,0.0,0.0,BRITANNIA.NS,1100
2024-06-13 00:00:00+05:30,5300.247645429441,5310.332592805654,5204.855756766742,5241.638671875,434594,0.0,0.0,BRITANNIA.NS,1101
2024-06-14 00:00:00+05:30,5259.274603463922,5310.381122187324,5237.887207160015,5255.474609375,149569,0.0,0.0,BRITANNIA.NS,1102
2024-06-18 00:00:00+05:30,5280.954322857232,5295.765116620203,5237.594332481961,5257.6181640625,155277,0.0,0.0,BRITANNIA.NS,1103
2024-06-19 00:00:00+05:30,5277.251953275328,5283.926563917235,5212.942752958457,5223.31982421875,135179,0.0,0.0,BRITANNIA.NS,1104
2024-06-20 00:00:00+05:30,5223.31978073188,5261.661800301515,5182.736873296992,5240.6640625,296418,0.0,0.0,BRITANNIA.NS,1105
2024-06-21 00:00:00+05:30,5231.553369267109,5251.77179143057,5181.275173696513,5193.7470703125,244120,0.0,0.0,BRITANNIA.NS,1106
2024-06-24 00:00:00+05:30,5178.839336274834,5193.455063470341,5115.504518427634,5162.03125,463385,0.0,0.0,BRITANNIA.NS,1107
2024-06-25 00:00:00+05:30,5162.080211895288,5232.430775007896,5153.700908218045,5214.9404296875,160890,0.0,0.0,BRITANNIA.NS,1108
2024-06-26 00:00:00+05:30,5214.940077339267,5295.326578227895,5182.785476983817,5282.80615234375,221391,0.0,0.0,BRITANNIA.NS,1109
2024-06-27 00:00:00+05:30,5250.748700274788,5310.381059545983,5244.269156154773,5291.185546875,357573,0.0,0.0,BRITANNIA.NS,1110
2024-06-28 00:00:00+05:30,5295.765373340256,5349.356375278381,5277.495713588622,5335.2763671875,215576,0.0,0.0,BRITANNIA.NS,1111
2024-07-01 00:00:00+05:30,5334.789104460103,5348.527983562898,5291.916303486625,5336.2021484375,223560,0.0,0.0,BRITANNIA.NS,1112
2024-07-02 00:00:00+05:30,5359.100079646889,5359.100079646889,5246.363911298819,5263.26953125,163333,0.0,0.0,BRITANNIA.NS,1113
2024-07-03 00:00:00+05:30,5282.854954973483,5357.1515732824655,5251.723263615709,5309.50439453125,211361,0.0,0.0,BRITANNIA.NS,1114
2024-07-04 00:00:00+05:30,5315.204205863758,5346.774081122208,5259.274309761243,5287.2392578125,138170,0.0,0.0,BRITANNIA.NS,1115
2024-07-05 00:00:00+05:30,5306.434661396842,5412.203613631734,5294.742080000932,5404.70068359375,172330,0.0,0.0,BRITANNIA.NS,1116
2024-07-08 00:00:00+05:30,5412.690871673101,5472.079632392212,5392.277382757217,5425.8935546875,171210,0.0,0.0,BRITANNIA.NS,1117
2024-07-09 00:00:00+05:30,5553.9764104565065,5558.8483195884855,5440.022265550558,5523.62451171875,389812,0.0,0.0,BRITANNIA.NS,1118
2024-07-10 00:00:00+05:30,5524.793382720855,5651.414489038519,5524.793382720855,5608.10302734375,526095,0.0,0.0,BRITANNIA.NS,1119
2024-07-11 00:00:00+05:30,5651.414823213417,5656.286732543773,5573.464273927714,5613.7060546875,372798,0.0,0.0,BRITANNIA.NS,1120
2024-07-12 00:00:00+05:30,5631.927184873149,5656.286731520524,5566.83866654032,5638.79638671875,222315,0.0,0.0,BRITANNIA.NS,1121
2024-07-15 00:00:00+05:30,5658.235189732689,5697.941248623959,5639.721935280317,5660.8662109375,135373,0.0,0.0,BRITANNIA.NS,1122
2024-07-16 00:00:00+05:30,5663.10725962226,5729.365224807104,5622.2807556407815,5712.16748046875,162459,0.0,0.0,BRITANNIA.NS,1123
2024-07-18 00:00:00+05:30,5696.771990449995,5768.340527335434,5670.902342752065,5721.0830078125,523157,0.0,0.0,BRITANNIA.NS,1124
2024-07-19 00:00:00+05:30,5700.134000197042,5824.854880885114,5696.869725743303,5727.3681640625,451294,0.0,0.0,BRITANNIA.NS,1125
2024-07-22 00:00:00+05:30,5727.367875181559,5781.689662272576,5692.338658039924,5737.01416015625,347520,0.0,0.0,BRITANNIA.NS,1126
2024-07-23 00:00:00+05:30,5737.014310473634,5851.163049838487,5690.974767741766,5792.45654296875,336696,0.0,0.0,BRITANNIA.NS,1127
2024-07-24 00:00:00+05:30,5796.986973831263,5821.346518781113,5666.0301553353365,5680.15869140625,233649,0.0,0.0,BRITANNIA.NS,1128
2024-07-25 00:00:00+05:30,5675.677050685197,5714.749860143474,5653.071676002809,5680.2568359375,303638,0.0,0.0,BRITANNIA.NS,1129
2024-07-26 00:00:00+05:30,5680.646255986492,5731.9473658710685,5664.179297671645,5722.349609375,146736,0.0,0.0,BRITANNIA.NS,1130
2024-07-29 00:00:00+05:30,5746.903817719155,5804.977067762752,5690.438202480264,5746.51416015625,129350,0.0,0.0,BRITANNIA.NS,1131
2024-07-30 00:00:00+05:30,5747.293664537476,5835.962410660486,5681.912548890099,5692.53369140625,191681,0.0,0.0,BRITANNIA.NS,1132
2024-07-31 00:00:00+05:30,5745.929668577039,5745.929668577039,5622.329237919936,5636.26318359375,271796,0.0,0.0,BRITANNIA.NS,1133
2024-08-01 00:00:00+05:30,5636.263223268268,5690.292410819143,5553.976486592173,5583.35400390625,304411,0.0,0.0,BRITANNIA.NS,1134
2024-08-02 00:00:00+05:30,5561.819993853148,5659.2096477104205,5486.0618068508265,5573.80517578125,406998,0.0,0.0,BRITANNIA.NS,1135
2024-08-05 00:00:00+05:30,5636.089240847109,5767.368821822796,5576.963690610042,5624.19482421875,1114298,73.5,0.0,BRITANNIA.NS,1136
2024-08-06 00:00:00+05:30,5650.499820012115,5844.408831397723,5636.286187782918,5778.76904296875,727869,0.0,0.0,BRITANNIA.NS,1137
2024-08-07 00:00:00+05:30,5814.007481166951,5848.159527121483,5733.90681182657,5761.2978515625,314935,0.0,0.0,BRITANNIA.NS,1138
2024-08-08 00:00:00+05:30,5769.145094157327,5786.122795924837,5650.944123196149,5670.33984375,271628,0.0,0.0,BRITANNIA.NS,1139
2024-08-09 00:00:00+05:30,5695.756634926995,5710.710565027724,5646.008682786365,5666.0458984375,232215,0.0,0.0,BRITANNIA.NS,1140
2024-08-12 00:00:00+05:30,5670.685387047918,5699.8037889483385,5552.237650503836,5572.71923828125,622193,0.0,0.0,BRITANNIA.NS,1141
2024-08-13 00:00:00+05:30,5605.48982873321,5641.024148791337,5544.390153950104,5593.20068359375,236505,0.0,0.0,BRITANNIA.NS,1142
2024-08-14 00:00:00+05:30,5602.577933499046,5621.529764115093,5521.7866102108765,5585.94580078125,164575,0.0,0.0,BRITANNIA.NS,1143
2024-08-16 00:00:00+05:30,5597.1489259755335,5668.168405460075,5589.252410428791,5655.53369140625,144969,0.0,0.0,BRITANNIA.NS,1144
2024-08-19 00:00:00+05:30,5670.685474048054,5688.699400923838,5644.1335357584085,5658.34716796875,102452,0.0,0.0,BRITANNIA.NS,1145
2024-08-20 00:00:00+05:30,5666.194609058814,5699.112824603851,5654.152229357375,5691.21630859375,189035,0.0,0.0,BRITANNIA.NS,1146
2024-08-21 00:00:00+05:30,5699.112584718548,5774.228286495901,5682.036562351499,5761.8408203125,169215,0.0,0.0,BRITANNIA.NS,1147
2024-08-22 00:00:00+05:30,5782.223811642289,5782.223811642289,5733.512082421593,5761.2978515625,160154,0.0,0.0,BRITANNIA.NS,1148
2024-08-23 00:00:00+05:30,5761.495154445031,5774.326992205488,5709.526307908194,5717.71875,124435,0.0,0.0,BRITANNIA.NS,1149
2024-08-26 00:00:00+05:30,5724.97422119019,5784.198092443882,5701.531438818937,5721.9638671875,265107,0.0,0.0,BRITANNIA.NS,1150
2024-08-27 00:00:00+05:30,5753.401007862568,5769.786373939008,5660.814556292834,5689.7353515625,175740,0.0,0.0,BRITANNIA.NS,1151
2024-08-28 00:00:00+05:30,5672.2151145036405,5700.692020741746,5616.445972172701,5629.57421875,161445,0.0,0.0,BRITANNIA.NS,1152
2024-08-29 00:00:00+05:30,5636.138240685299,5769.391946901151,5622.467301099026,5755.9677734375,351330,0.0,0.0,BRITANNIA.NS,1153
2024-08-30 00:00:00+05:30,5767.368577066064,5832.465190127028,5718.311279786803,5779.50927734375,519387,0.0,0.0,BRITANNIA.NS,1154
2024-09-02 00:00:00+05:30,5805.96256238125,5857.191595617517,5789.13330540477,5845.5439453125,307023,0.0,0.0,BRITANNIA.NS,1155
2024-09-03 00:00:00+05:30,5856.253396192,5867.11110516859,5794.068335689708,5839.5224609375,258133,0.0,0.0,BRITANNIA.NS,1156
2024-09-04 00:00:00+05:30,5774.2779662191715,5858.57317523068,5752.611708402354,5849.88671875,219283,0.0,0.0,BRITANNIA.NS,1157
2024-09-05 00:00:00+05:30,5835.278379448784,5843.421661324786,5757.842979005503,5774.3271484375,170014,0.0,0.0,BRITANNIA.NS,1158
2024-09-06 00:00:00+05:30,5771.070087902759,5808.67685901805,5751.723527702076,5767.96044921875,213556,0.0,0.0,BRITANNIA.NS,1159
2024-09-09 00:00:00+05:30,5784.148493722378,5884.088768890222,5770.576357588473,5862.6201171875,321187,0.0,0.0,BRITANNIA.NS,1160
2024-09-10 00:00:00+05:30,5902.69487782577,5932.2576524238,5853.341652764007,5892.67626953125,337831,0.0,0.0,BRITANNIA.NS,1161
2024-09-11 00:00:00+05:30,5876.043924008485,5968.827983772587,5870.3191428941755,5930.9248046875,437060,0.0,0.0,BRITANNIA.NS,1162
2024-09-12 00:00:00+05:30,5940.795495148819,6049.422229602,5927.026234926918,6030.2236328125,548745,0.0,0.0,BRITANNIA.NS,1163
2024-09-13 00:00:00+05:30,6058.601656180295,6069.2617595635,5978.995003865108,6053.76513671875,274846,0.0,0.0,BRITANNIA.NS,1164
2024-09-16 00:00:00+05:30,5922.386716817169,6050.705095681542,5860.004050614003,5984.57177734375,352336,0.0,0.0,BRITANNIA.NS,1165
2024-09-17 00:00:00+05:30,5994.886762340567,6124.389328692662,5990.642096036652,6032.0,527917,0.0,0.0,BRITANNIA.NS,1166
2024-09-18 00:00:00+05:30,6055.640487923208,6086.782178982979,5981.659813544703,6044.04248046875,218424,0.0,0.0,BRITANNIA.NS,1167
2024-09-19 00:00:00+05:30,6049.619315248177,6144.47630691746,6034.566582126813,6055.14697265625,362388,0.0,0.0,BRITANNIA.NS,1168
2024-09-20 00:00:00+05:30,6085.597866929947,6177.690786780041,6046.608821387324,6130.212890625,663556,0.0,0.0,BRITANNIA.NS,1169
2024-09-23 00:00:00+05:30,6154.593687998888,6169.152888816495,6110.718479867597,6130.85498046875,312563,0.0,0.0,BRITANNIA.NS,1170
2024-09-24 00:00:00+05:30,6120.5403212329675,6165.106187909523,6105.043215485858,6122.9091796875,234706,0.0,0.0,BRITANNIA.NS,1171
2024-09-25 00:00:00+05:30,6122.76104896054,6122.76104896054,6022.623163377949,6100.3544921875,357145,0.0,0.0,BRITANNIA.NS,1172
2024-09-26 00:00:00+05:30,6119.799909387569,6189.289153901145,6074.740511286466,6173.2001953125,327297,0.0,0.0,BRITANNIA.NS,1173
2024-09-27 00:00:00+05:30,6157.012153628499,6251.030043118253,6100.8478004767385,6187.70947265625,400543,0.0,0.0,BRITANNIA.NS,1174
2024-09-30 00:00:00+05:30,6171.768585153988,6280.592443380589,6160.36818326866,6256.16259765625,442617,0.0,0.0,BRITANNIA.NS,1175
2024-10-01 00:00:00+05:30,6225.317062007801,6379.9902635178405,6225.317062007801,6362.6669921875,416639,0.0,0.0,BRITANNIA.NS,1176
2024-10-03 00:00:00+05:30,6360.841299917261,6386.20856861246,6208.635759885696,6249.845703125,495791,0.0,0.0,BRITANNIA.NS,1177
2024-10-04 00:00:00+05:30,6197.037576707993,6257.939647960617,6099.910528188323,6125.72216796875,395753,0.0,0.0,BRITANNIA.NS,1178
2024-10-07 00:00:00+05:30,6142.156514120604,6154.346856492394,6026.0284777684155,6041.13037109375,374593,0.0,0.0,BRITANNIA.NS,1179
2024-10-08 00:00:00+05:30,6058.3056684789535,6154.149241016583,5973.763212751454,6124.142578125,708471,0.0,0.0,BRITANNIA.NS,1180
2024-10-09 00:00:00+05:30,6078.984568985075,6104.993814450162,5991.5305595831205,6018.37890625,551094,0.0,0.0,BRITANNIA.NS,1181
2024-10-10 00:00:00+05:30,6047.743881973281,6080.169045531761,5902.694568335946,5924.5087890625,287475,0.0,0.0,BRITANNIA.NS,1182
2024-10-11 00:00:00+05:30,5952.541552855576,5961.3759728055475,5883.990213371434,5901.1650390625,94953,0.0,0.0,BRITANNIA.NS,1183
2024-10-14 00:00:00+05:30,5927.421086855685,5946.372435953579,5823.680512186264,5900.720703125,219597,0.0,0.0,BRITANNIA.NS,1184
2024-10-15 00:00:00+05:30,5938.525321649915,6004.263910650922,5909.505723107867,5990.1982421875,426219,0.0,0.0,BRITANNIA.NS,1185
2024-10-16 00:00:00+05:30,5986.545875033324,6034.912032968465,5943.263002610598,6011.3212890625,276677,0.0,0.0,BRITANNIA.NS,1186
2024-10-17 00:00:00+05:30,6011.32149219493,6017.04627339876,5889.073459828766,5911.03564453125,188121,0.0,0.0,BRITANNIA.NS,1187
2024-10-18 00:00:00+05:30,5907.531942748258,5920.412941841352,5794.068684329566,5811.04638671875,354901,0.0,0.0,BRITANNIA.NS,1188
2024-10-21 00:00:00+05:30,5811.04639862858,5819.238841307363,5688.058063811865,5703.5546875,296733,0.0,0.0,BRITANNIA.NS,1189
2024-10-22 00:00:00+05:30,5712.537057129359,5728.922424412323,5637.914883671287,5652.91845703125,320607,0.0,0.0,BRITANNIA.NS,1190
2024-10-23 00:00:00+05:30,5624.885848783208,5722.605234156217,5616.446158140123,5674.48583984375,123095,0.0,0.0,BRITANNIA.NS,1191
2024-10-24 00:00:00+05:30,5676.460055981315,5705.726422424536,5529.140677286244,5539.80078125,269803,0.0,0.0,BRITANNIA.NS,1192
2024-10-25 00:00:00+05:30,5539.800799090728,5632.634506098209,5537.43194064283,5596.0634765625,176680,0.0,0.0,BRITANNIA.NS,1193
2024-10-28 00:00:00+05:30,5603.564981009909,5704.245556677165,5596.0631946652165,5648.27880859375,131887,0.0,0.0,BRITANNIA.NS,1194
2024-10-29 00:00:00+05:30,5656.668977614,5685.3926506208645,5538.468005122305,5594.18798828125,204751,0.0,0.0,BRITANNIA.NS,1195
2024-10-30 00:00:00+05:30,5593.299521686193,5723.98675877513,5568.622910379178,5707.7001953125,218180,0.0,0.0,BRITANNIA.NS,1196
2024-10-31 00:00:00+05:30,5704.2454904814185,5706.219619393161,5634.1639141145415,5652.8193359375,208893,0.0,0.0,BRITANNIA.NS,1197
2024-11-01 00:00:00+05:30,5693.930594556951,5693.930594556951,5578.937583015844,5619.4072265625,31706,0.0,0.0,BRITANNIA.NS,1198
2024-11-04 00:00:00+05:30,5611.461812557019,5625.231555437195,5470.163622500164,5552.435546875,249780,0.0,0.0,BRITANNIA.NS,1199
2024-11-05 00:00:00+05:30,5561.2692452100255,5595.668538741006,5512.310750594827,5532.59521484375,185870,0.0,0.0,BRITANNIA.NS,1200
2024-11-06 00:00:00+05:30,5563.391323643272,5645.021748746372,5535.506752144393,5621.2333984375,233799,0.0,0.0,BRITANNIA.NS,1201
2024-11-07 00:00:00+05:30,5636.138192119093,5639.790523488459,5533.483485992931,5615.31103515625,284538,0.0,0.0,BRITANNIA.NS,1202
2024-11-08 00:00:00+05:30,5608.698067403403,5717.916657404109,5568.5735101015125,5672.8076171875,306281,0.0,0.0,BRITANNIA.NS,1203
2024-11-11 00:00:00+05:30,5726.602776525374,5825.802760793349,5331.283436233592,5364.35009765625,804824,0.0,0.0,BRITANNIA.NS,1204
2024-11-12 00:00:00+05:30,5349.889256675766,5356.699904908412,4940.257514697824,4962.515625,2441209,0.0,0.0,BRITANNIA.NS,1205
2024-11-13 00:00:00+05:30,4944.205786575473,5021.789148056293,4874.56858302632,4981.220703125,928244,0.0,0.0,BRITANNIA.NS,1206
2024-11-14 00:00:00+05:30,4981.220801688741,4985.169059532148,4837.6029226348,4852.01416015625,479979,0.0,0.0,BRITANNIA.NS,1207
2024-11-18 00:00:00+05:30,4905.710572558681,4905.710572558681,4729.667522319418,4847.8193359375,439087,0.0,0.0,BRITANNIA.NS,1208
2024-11-19 00:00:00+05:30,4861.243474475613,4887.301880734725,4815.492938767209,4829.41064453125,436205,0.0,0.0,BRITANNIA.NS,1209
2024-11-21 00:00:00+05:30,4811.939382822109,4821.810027709949,4685.496325415859,4741.21630859375,1036549,0.0,0.0,BRITANNIA.NS,1210
2024-11-22 00:00:00+05:30,4727.101063163329,4807.991191933547,4703.954689757525,4785.63427734375,410476,0.0,0.0,BRITANNIA.NS,1211
2024-11-25 00:00:00+05:30,4841.5513616553935,4915.581198989575,4810.952362223933,4840.51513671875,722912,0.0,0.0,BRITANNIA.NS,1212
2024-11-26 00:00:00+05:30,4840.515058001768,4965.230269697216,4829.657348702658,4948.74658203125,314200,0.0,0.0,BRITANNIA.NS,1213
2024-11-27 00:00:00+05:30,4948.74648731055,4959.998925793964,4877.085510915021,4919.67724609375,255840,0.0,0.0,BRITANNIA.NS,1214
2024-11-28 00:00:00+05:30,4922.095863127929,4947.70989736499,4827.880365136978,4859.9599609375,321308,0.0,0.0,BRITANNIA.NS,1215
2024-11-29 00:00:00+05:30,4816.874503865072,4891.842241439735,4816.874503865072,4877.2333984375,212644,0.0,0.0,BRITANNIA.NS,1216
2024-12-02 00:00:00+05:30,4866.721220883721,4894.852557420621,4803.253170184738,4843.77197265625,314800,0.0,0.0,BRITANNIA.NS,1217
2024-12-03 00:00:00+05:30,4836.171509816325,4856.159565245435,4812.778371159816,4846.091796875,289449,0.0,0.0,BRITANNIA.NS,1218
2024-12-04 00:00:00+05:30,4852.853350730084,4909.5599158715095,4778.379143000978,4788.79248046875,392107,0.0,0.0,BRITANNIA.NS,1219
2024-12-05 00:00:00+05:30,4797.133253877386,4829.706380909887,4743.437043889549,4808.97802734375,526114,0.0,0.0,BRITANNIA.NS,1220
2024-12-06 00:00:00+05:30,4808.978289511474,4843.229620771659,4777.3922252125485,4807.84326171875,236965,0.0,0.0,BRITANNIA.NS,1221
2024-12-09 00:00:00+05:30,4782.278191951479,4793.086258708175,4688.605388269677,4731.0,467154,0.0,0.0,BRITANNIA.NS,1222
2024-12-10 00:00:00+05:30,4737.761327030055,4767.472062931004,4721.178355334962,4725.32421875,264213,0.0,0.0,BRITANNIA.NS,1223
2024-12-11 00:00:00+05:30,4745.806195035279,4851.422098294176,4731.246993417814,4826.251953125,358246,0.0,0.0,BRITANNIA.NS,1224
2024-12-12 00:00:00+05:30,4836.616142795123,4845.450563025654,4747.780336090723,4765.89306640625,406271,0.0,0.0,BRITANNIA.NS,1225
2024-12-13 00:00:00+05:30,4761.598849894871,4800.193165821649,4711.258563546479,4787.361328125,284721,0.0,0.0,BRITANNIA.NS,1226
2024-12-16 00:00:00+05:30,4806.017056747621,4806.017056747621,4728.038961146252,4783.80810546875,208757,0.0,0.0,BRITANNIA.NS,1227
2024-12-17 00:00:00+05:30,4754.196263916284,4777.293477307473,4703.510404385695,4714.96044921875,312523,0.0,0.0,BRITANNIA.NS,1228
2024-12-18 00:00:00+05:30,4713.23274476315,4736.823488705182,4691.072955093369,4720.78369140625,228821,0.0,0.0,BRITANNIA.NS,1229
2024-12-19 00:00:00+05:30,4688.556195476153,4741.660070756781,4664.521079428435,4723.84375,247805,0.0,0.0,BRITANNIA.NS,1230
2024-12-20 00:00:00+05:30,4728.03876421538,4745.312392268359,4619.95520582674,4637.32763671875,363168,0.0,0.0,BRITANNIA.NS,1231
2024-12-23 00:00:00+05:30,4644.138565857378,4673.750501452643,4603.471314853842,4643.4970703125,332554,0.0,0.0,BRITANNIA.NS,1232
2024-12-24 00:00:00+05:30,4641.22655769464,4704.892219566803,4629.381783392842,4682.73291015625,227672,0.0,0.0,BRITANNIA.NS,1233
2024-12-26 00:00:00+05:30,4693.39297856838,4735.047293999137,4647.099749083739,4700.0556640625,398117,0.0,0.0,BRITANNIA.NS,1234
2024-12-27 00:00:00+05:30,4714.219970133686,4745.164538064326,4677.15589158837,4707.6064453125,131505,0.0,0.0,BRITANNIA.NS,1235
2024-12-30 00:00:00+05:30,4698.130887067212,4755.676552103441,4676.711395572043,4737.36669921875,271403,0.0,0.0,BRITANNIA.NS,1236
2024-12-31 00:00:00+05:30,4732.973941144001,4732.973941144001,4679.870067603944,4701.14111328125,255918,0.0,0.0,BRITANNIA.NS,1237
2025-01-01 00:00:00+05:30,4690.7281371278295,4757.354991267611,4690.7281371278295,4732.7275390625,87260,0.0,0.0,BRITANNIA.NS,1238
2025-01-02 00:00:00+05:30,4728.08808260958,4744.76985811582,4662.004403972483,4725.8671875,402766,0.0,0.0,BRITANNIA.NS,1239
2025-01-03 00:00:00+05:30,4737.909365200045,4796.590539602976,4723.843696772107,4771.568359375,341848,0.0,0.0,BRITANNIA.NS,1240
2025-01-06 00:00:00+05:30,4810.458510488684,4810.458510488684,4711.554461592892,4729.2724609375,619930,0.0,0.0,BRITANNIA.NS,1241
2025-01-07 00:00:00+05:30,4742.795520806745,4822.599296000254,4742.795520806745,4769.7421875,450200,0.0,0.0,BRITANNIA.NS,1242
2025-01-08 00:00:00+05:30,4787.262825810114,4808.879441970755,4698.574984077089,4797.03466796875,371105,0.0,0.0,BRITANNIA.NS,1243
2025-01-09 00:00:00+05:30,4797.676192317951,4984.675755783838,4777.441369942987,4862.57568359375,832814,0.0,0.0,BRITANNIA.NS,1244
2025-01-10 00:00:00+05:30,4864.747299288359,4894.260430905634,4818.503231916006,4875.30908203125,305669,0.0,0.0,BRITANNIA.NS,1245
2025-01-13 00:00:00+05:30,4858.529040749257,4933.249533698282,4842.538403174916,4863.31591796875,448698,0.0,0.0,BRITANNIA.NS,1246
2025-01-14 00:00:00+05:30,4884.9331650716795,4885.969390035041,4787.361740556445,4799.50244140625,283367,0.0,0.0,BRITANNIA.NS,1247
2025-01-15 00:00:00+05:30,4807.991187209253,4873.335050000062,4741.95666844639,4813.91357421875,242422,0.0,0.0,BRITANNIA.NS,1248
2025-01-16 00:00:00+05:30,4822.8459865242885,4836.6157281690785,4681.745414817247,4781.8828125,454269,0.0,0.0,BRITANNIA.NS,1249
2025-01-17 00:00:00+05:30,4783.413514220014,4859.812212432926,4753.406848907345,4791.60595703125,492847,0.0,0.0,BRITANNIA.NS,1250
2025-01-20 00:00:00+05:30,4797.133249091306,4844.512342909493,4774.085197684655,4822.20458984375,155962,0.0,0.0,BRITANNIA.NS,1251
2025-01-21 00:00:00+05:30,4822.204484052141,4880.194519484481,4787.361302357115,4840.416015625,377457,0.0,0.0,BRITANNIA.NS,1252
2025-01-22 00:00:00+05:30,4866.2277061056675,4910.843211734689,4820.033282939208,4892.58251953125,460132,0.0,0.0,BRITANNIA.NS,1253
2025-01-23 00:00:00+05:30,4880.194524062959,4977.716779303105,4820.033236000851,4947.75927734375,361082,0.0,0.0,BRITANNIA.NS,1254
2025-01-24 00:00:00+05:30,4972.5349124168415,5041.925352417607,4948.302190308694,5035.55859375,509954,0.0,0.0,BRITANNIA.NS,1255
2025-01-27 00:00:00+05:30,5037.631503306447,5147.541228813239,5037.0391682293875,5109.29248046875,937878,0.0,0.0,BRITANNIA.NS,1256
2025-01-28 00:00:00+05:30,5114.129089375868,5148.7751493909545,4953.287219802317,4995.28662109375,456912,0.0,0.0,BRITANNIA.NS,1257
2025-01-29 00:00:00+05:30,5034.028969710576,5034.028969710576,4926.438938789312,4971.89306640625,298533,0.0,0.0,BRITANNIA.NS,1258
2025-01-30 00:00:00+05:30,4971.9425379310205,5038.964119046976,4969.820445713663,5009.69775390625,354016,0.0,0.0,BRITANNIA.NS,1259
2025-01-31 00:00:00+05:30,5037.977301653616,5103.123559864654,4974.90397532413,5063.29541015625,316771,0.0,0.0,BRITANNIA.NS,1260
2025-02-01 00:00:00+05:30,5093.252658916588,5309.419777579908,4985.662631819319,5134.06787109375,634040,0.0,0.0,BRITANNIA.NS,1261
2025-02-03 00:00:00+05:30,5164.913666625163,5164.913666625163,4950.128340540883,5039.5068359375,517520,0.0,0.0,BRITANNIA.NS,1262
2025-02-04 00:00:00+05:30,5051.795896334271,5051.795896334271,4925.747572254401,4963.3056640625,434664,0.0,0.0,BRITANNIA.NS,1263
2025-02-05 00:00:00+05:30,4992.572385037636,4992.572385037636,4860.65130719968,4868.84375,384948,0.0,0.0,BRITANNIA.NS,1264
2025-02-06 00:00:00+05:30,4868.301011911162,4914.396635782265,4842.58769200498,4891.94091796875,466931,0.0,0.0,BRITANNIA.NS,1265
2025-02-07 00:00:00+05:30,4945.1930538044735,5009.746974521001,4781.340349826121,4807.49755859375,701024,0.0,0.0,BRITANNIA.NS,1266
2025-02-10 00:00:00+05:30,4851.422004735373,4944.206067491248,4813.913553834062,4846.14111328125,625074,0.0,0.0,BRITANNIA.NS,1267
2025-02-11 00:00:00+05:30,4847.42441160868,4875.654069644955,4791.21089772145,4840.61328125,279638,0.0,0.0,BRITANNIA.NS,1268
2025-02-12 00:00:00+05:30,4835.678207352436,4869.140079899475,4780.8961269066995,4854.67919921875,336331,0.0,0.0,BRITANNIA.NS,1269
2025-02-13 00:00:00+05:30,4852.359909904134,4886.70956163558,4804.289676083578,4825.46240234375,341650,0.0,0.0,BRITANNIA.NS,1270
2025-02-14 00:00:00+05:30,4828.423477366528,4890.904465747361,4810.705477282785,4875.7529296875,489241,0.0,0.0,BRITANNIA.NS,1271
2025-02-17 00:00:00+05:30,4870.669711690084,4904.723436495699,4848.361957888173,4899.4921875,275352,0.0,0.0,BRITANNIA.NS,1272
2025-02-18 00:00:00+05:30,4899.492353522327,4902.798634094146,4796.541234848174,4827.93017578125,314216,0.0,0.0,BRITANNIA.NS,1273
2025-02-19 00:00:00+05:30,4817.861620336725,4835.628780583818,4750.099741676242,4774.92431640625,215919,0.0,0.0,BRITANNIA.NS,1274
2025-02-20 00:00:00+05:30,4756.663569523546,4784.301374036238,4730.012829457736,4769.89013671875,319761,0.0,0.0,BRITANNIA.NS,1275
2025-02-21 00:00:00+05:30,4787.262936916939,4787.460542607594,4721.672306572523,4769.39697265625,334003,0.0,0.0,BRITANNIA.NS,1276
2025-02-24 00:00:00+05:30,4688.556398758193,4767.028026905829,4641.177302518109,4742.15380859375,259886,0.0,0.0,BRITANNIA.NS,1277
2025-02-25 00:00:00+05:30,4723.991638367387,4790.914897022752,4698.426765594664,4735.984375,479647,0.0,0.0,BRITANNIA.NS,1278
2025-02-27 00:00:00+05:30,4735.984373429951,4797.824346558076,4704.842682937537,4720.931640625,386556,0.0,0.0,BRITANNIA.NS,1279
2025-02-28 00:00:00+05:30,4720.932012365072,4724.535183449571,4494.894236380376,4536.005859375,676501,0.0,0.0,BRITANNIA.NS,1280
2025-03-03 00:00:00+05:30,4536.005597256066,4611.565189412139,4489.317158792092,4537.140625,412033,0.0,0.0,BRITANNIA.NS,1281
2025-03-04 00:00:00+05:30,4471.451231513411,4521.742359293106,4447.712523679271,4516.017578125,321501,0.0,0.0,BRITANNIA.NS,1282
2025-03-05 00:00:00+05:30,4520.6564849215865,4673.947886805747,4501.013998295723,4661.06640625,350741,0.0,0.0,BRITANNIA.NS,1283
2025-03-06 00:00:00+05:30,4663.87951620329,4737.810546956019,4594.439435902362,4641.7197265625,460852,0.0,0.0,BRITANNIA.NS,1284
2025-03-07 00:00:00+05:30,4629.332593340309,4703.362432253001,4599.720657775233,4686.8291015625,191644,0.0,0.0,BRITANNIA.NS,1285
2025-03-10 00:00:00+05:30,4687.569163056888,4761.54983779093,4649.122809205147,4676.41552734375,290019,0.0,0.0,BRITANNIA.NS,1286
2025-03-11 00:00:00+05:30,4658.944326881294,4732.974162583856,4650.603439272774,4700.4501953125,147357,0.0,0.0,BRITANNIA.NS,1287
2025-03-12 00:00:00+05:30,4708.198630512452,4739.389963570848,4651.442424554871,4730.06201171875,223033,0.0,0.0,BRITANNIA.NS,1288
2025-03-13 00:00:00+05:30,4728.038631042471,4775.417723796132,4651.837064077643,4667.08740234375,284758,0.0,0.0,BRITANNIA.NS,1289
2025-03-17 00:00:00+05:30,4540.496699722536,4681.6960836528715,4540.496699722536,4614.427734375,322411,0.0,0.0,BRITANNIA.NS,1290
2025-03-18 00:00:00+05:30,4614.427734375,4614.427734375,4614.427734375,4614.427734375,0,0.0,0.0,BRITANNIA.NS,1291
2025-03-19 00:00:00+05:30,4734.948428347677,4734.948428347677,4612.848356348256,4646.21142578125,469240,0.0,0.0,BRITANNIA.NS,1292
2025-03-20 00:00:00+05:30,4680.561075328332,4777.392199567965,4654.009136562593,4768.607421875,265168,0.0,0.0,BRITANNIA.NS,1293
2025-03-21 00:00:00+05:30,4777.392192693186,4790.371994509655,4724.633402241975,4751.728515625,304441,0.0,0.0,BRITANNIA.NS,1294
2025-03-24 00:00:00+05:30,4754.097210545367,4770.284971438663,4708.544281708913,4734.80029296875,173845,0.0,0.0,BRITANNIA.NS,1295
2025-03-25 00:00:00+05:30,4730.0128804178585,4802.068585816544,4677.303734779504,4782.52490234375,422209,0.0,0.0,BRITANNIA.NS,1296
2025-03-26 00:00:00+05:30,4784.20272715459,4813.518734968652,4732.036273043344,4786.966796875,453242,0.0,0.0,BRITANNIA.NS,1297
2025-03-27 00:00:00+05:30,4767.521345409852,4861.687198572138,4718.217282809493,4778.57666015625,6750074,0.0,0.0,BRITANNIA.NS,1298
2025-03-28 00:00:00+05:30,4799.058380025166,4963.601740989118,4799.058380025166,4873.03857421875,415586,0.0,0.0,BRITANNIA.NS,1299
2025-04-01 00:00:00+05:30,4826.84397298044,4900.775004040117,4819.391347189015,4837.4052734375,557968,0.0,0.0,BRITANNIA.NS,1300
2025-04-02 00:00:00+05:30,4842.340505399765,4989.610711673765,4837.405183231937,4972.23828125,459267,0.0,0.0,BRITANNIA.NS,1301
2025-04-03 00:00:00+05:30,4925.500705925926,5024.157989287446,4917.555029986258,5007.822265625,339959,0.0,0.0,BRITANNIA.NS,1302
2025-04-04 00:00:00+05:30,4968.339720438982,5083.381888647495,4913.458840937465,4958.41943359375,722283,0.0,0.0,BRITANNIA.NS,1303
2025-04-07 00:00:00+05:30,4562.21216159614,5006.391190743319,4545.481225378892,4990.4501953125,841464,0.0,0.0,BRITANNIA.NS,1304
2025-04-08 00:00:00+05:30,4996.964797107449,5120.98935331011,4973.472373174902,5112.3525390625,303185,0.0,0.0,BRITANNIA.NS,1305
2025-04-09 00:00:00+05:30,5082.888737867842,5282.868105703142,5082.888737867842,5270.3818359375,549745,0.0,0.0,BRITANNIA.NS,1306
2025-04-11 00:00:00+05:30,5330.888593423873,5330.888593423873,5237.857764385277,5280.99267578125,304650,0.0,0.0,BRITANNIA.NS,1307
2025-04-15 00:00:00+05:30,5358.674267776252,5361.734264062234,5240.325332825184,5321.560546875,446075,0.0,0.0,BRITANNIA.NS,1308
2025-04-16 00:00:00+05:30,5281.288344663336,5371.604741922787,5281.288344663336,5346.138671875,215423,0.0,0.0,BRITANNIA.NS,1309
2025-04-17 00:00:00+05:30,5349.889464893137,5398.551550819142,5326.98937624262,5384.0419921875,186873,0.0,0.0,BRITANNIA.NS,1310
2025-04-21 00:00:00+05:30,5409.607062622439,5409.607062622439,5300.536433953563,5323.4365234375,201975,0.0,0.0,BRITANNIA.NS,1311
2025-04-22 00:00:00+05:30,5369.630754990341,5414.048656456254,5314.355144277205,5365.18896484375,286928,0.0,0.0,BRITANNIA.NS,1312
2025-04-23 00:00:00+05:30,5365.189117597378,5477.2209389288655,5336.366641261742,5472.58154296875,266881,0.0,0.0,BRITANNIA.NS,1313
2025-04-24 00:00:00+05:30,5478.208038443869,5549.967821210964,5357.490241481854,5391.24755859375,339754,0.0,0.0,BRITANNIA.NS,1314
2025-04-25 00:00:00+05:30,5391.444789715814,5449.58278900701,5292.639542592934,5350.3828125,244513,0.0,0.0,BRITANNIA.NS,1315
2025-04-28 00:00:00+05:30,5342.980256934093,5410.890103253367,5333.405538285821,5358.57568359375,107666,0.0,0.0,BRITANNIA.NS,1316
2025-04-29 00:00:00+05:30,5358.575406526699,5463.4018461162605,5335.576997142086,5397.564453125,294207,0.0,0.0,BRITANNIA.NS,1317
2025-04-30 00:00:00+05:30,5413.061626465241,5475.049083230999,5316.428109942329,5368.544921875,284371,0.0,0.0,BRITANNIA.NS,1318
2025-05-02 00:00:00+05:30,5310.406803403839,5337.0575438670185,5208.245631628319,5232.4287109375,262909,0.0,0.0,BRITANNIA.NS,1319
2025-05-05 00:00:00+05:30,5250.19613052371,5310.40706565474,5241.312549930608,5289.6787109375,97149,0.0,0.0,BRITANNIA.NS,1320
2025-05-06 00:00:00+05:30,5280.795115793317,5345.447841042748,5242.299599995945,5323.732421875,175899,0.0,0.0,BRITANNIA.NS,1321
2025-05-07 00:00:00+05:30,5291.652871725203,5325.213065278394,5249.702629783715,5281.7822265625,168716,0.0,0.0,BRITANNIA.NS,1322
2025-05-08 00:00:00+05:30,5281.782068964768,5409.11338776433,5245.7542151959,5321.2646484375,265391,0.0,0.0,BRITANNIA.NS,1323
2025-05-09 00:00:00+05:30,5304.978150491946,5432.309470877742,5285.236860509652,5365.6826171875,476782,0.0,0.0,BRITANNIA.NS,1324
2025-05-12 00:00:00+05:30,5468.337254557814,5548.78301019797,5344.95419376003,5535.951171875,192712,0.0,0.0,BRITANNIA.NS,1325
2025-05-13 00:00:00+05:30,5556.679649576971,5567.0438269143115,5391.346344433683,5414.048828125,366566,0.0,0.0,BRITANNIA.NS,1326
2025-05-14 00:00:00+05:30,5385.4237184308895,5513.2485665864615,5367.163025837237,5413.0615234375,389963,0.0,0.0,BRITANNIA.NS,1327
2025-05-15 00:00:00+05:30,5437.738456191389,5457.9732789091095,5386.904633266383,5394.3076171875,462518,0.0,0.0,BRITANNIA.NS,1328
2025-05-16 00:00:00+05:30,5401.217045919295,5455.505594443703,5381.969287806095,5430.33544921875,154274,0.0,0.0,BRITANNIA.NS,1329
2025-05-19 00:00:00+05:30,5430.335377960385,5475.740345221346,5389.372200974953,5448.1025390625,147864,0.0,0.0,BRITANNIA.NS,1330
2025-05-20 00:00:00+05:30,5446.62193825707,5478.208002415139,5349.889616772983,5357.7861328125,275067,0.0,0.0,BRITANNIA.NS,1331
2025-05-21 00:00:00+05:30,5364.695690165792,5462.415078082336,5346.434996464216,5422.43896484375,166304,0.0,0.0,BRITANNIA.NS,1332
2025-05-22 00:00:00+05:30,5422.438696569684,5424.412825520833,5344.954135237069,5367.1630859375,211388,0.0,0.0,BRITANNIA.NS,1333
2025-05-23 00:00:00+05:30,5388.385023537889,5427.867602937324,5336.070605833637,5415.529296875,100229,0.0,0.0,BRITANNIA.NS,1334
2025-05-26 00:00:00+05:30,5428.854638009049,5475.740200791855,5417.996928733031,5453.53125,140009,0.0,0.0,BRITANNIA.NS,1335
2025-05-27 00:00:00+05:30,5453.531239961651,5468.337207128969,5404.178016070596,5425.39990234375,166840,0.0,0.0,BRITANNIA.NS,1336
2025-05-28 00:00:00+05:30,5423.919520936586,5434.283698365128,5340.0190369912525,5402.2041015625,321303,0.0,0.0,BRITANNIA.NS,1337
2025-05-29 00:00:00+05:30,5430.829005336753,5461.921537810055,5381.969311450135,5424.4130859375,201350,0.0,0.0,BRITANNIA.NS,1338
2025-05-30 00:00:00+05:30,5424.412782982487,5460.4406360584335,5367.163043848108,5439.21875,401901,0.0,0.0,BRITANNIA.NS,1339
2025-06-02 00:00:00+05:30,5443.660776075351,5647.983129773918,5440.206050288178,5532.49658203125,625172,0.0,0.0,BRITANNIA.NS,1340
2025-06-03 00:00:00+05:30,5532.496331431878,5566.056523272857,5473.765995710166,5503.3779296875,166545,0.0,0.0,BRITANNIA.NS,1341
2025-06-04 00:00:00+05:30,5507.81997487933,5522.625942553737,5449.089636437517,5470.3115234375,334358,0.0,0.0,BRITANNIA.NS,1342
2025-06-05 00:00:00+05:30,5470.31129586356,5538.41874433245,5449.0894097464425,5527.56103515625,218004,0.0,0.0,BRITANNIA.NS,1343
2025-06-06 00:00:00+05:30,5533.976802743953,5572.47231604227,5483.142983901304,5534.9638671875,152475,0.0,0.0,BRITANNIA.NS,1344
2025-06-09 00:00:00+05:30,5566.056414440303,5646.995699062418,5516.20965988644,5623.30615234375,174499,0.0,0.0,BRITANNIA.NS,1345
2025-06-10 00:00:00+05:30,5656.866461841859,5656.866461841859,5583.823691264944,5593.6943359375,456712,0.0,0.0,BRITANNIA.NS,1346
2025-06-11 00:00:00+05:30,5586.7851960038715,5626.267776894359,5561.121518425055,5576.91455078125,138866,0.0,0.0,BRITANNIA.NS,1347
2025-06-12 00:00:00+05:30,5624.293350818352,5624.293350818352,5488.078453939986,5497.45556640625,305696,0.0,0.0,BRITANNIA.NS,1348
2025-06-13 00:00:00+05:30,5437.738284756508,5521.1452343048695,5354.824867453995,5497.94921875,324985,0.0,0.0,BRITANNIA.NS,1349
2025-06-16 00:00:00+05:30,5480.18221720169,5499.923507609477,5443.16729768709,5488.572265625,239006,0.0,0.0,BRITANNIA.NS,1350
2025-06-17 00:00:00+05:30,5478.208056478405,5524.600088668402,5458.466766184789,5496.46875,277917,0.0,0.0,BRITANNIA.NS,1351
2025-06-18 00:00:00+05:30,5502.884653467082,5546.809024243636,5473.272718112102,5500.4169921875,220971,0.0,0.0,BRITANNIA.NS,1352
2025-06-19 00:00:00+05:30,5514.729362693696,5536.9383139485035,5451.063702429915,5486.1044921875,114523,0.0,0.0,BRITANNIA.NS,1353
2025-06-20 00:00:00+05:30,5492.027008149499,5527.561330991588,5439.712588409758,5514.7294921875,395396,0.0,0.0,BRITANNIA.NS,1354
2025-06-23 00:00:00+05:30,5479.194873708788,5516.703323573845,5379.994894460412,5497.45556640625,221233,0.0,0.0,BRITANNIA.NS,1355
2025-06-24 00:00:00+05:30,5527.561212057149,5565.069663138965,5483.636841711337,5544.34130859375,183157,0.0,0.0,BRITANNIA.NS,1356
2025-06-25 00:00:00+05:30,5557.173032914331,5660.32127126949,5537.925275517914,5634.1640625,282474,0.0,0.0,BRITANNIA.NS,1357
2025-06-26 00:00:00+05:30,5650.944174489668,5764.456590221775,5636.138207220262,5752.61181640625,456290,0.0,0.0,BRITANNIA.NS,1358
2025-06-27 00:00:00+05:30,5773.339934083506,5773.339934083506,5673.646425220036,5719.544921875,350140,0.0,0.0,BRITANNIA.NS,1359
2025-06-30 00:00:00+05:30,5724.974163070416,5784.198033722868,5686.478647146321,5775.314453125,257865,0.0,0.0,BRITANNIA.NS,1360
2025-07-01 00:00:00+05:30,5789.133417463763,5793.575207809644,5646.996126395599,5669.205078125,178343,0.0,0.0,BRITANNIA.NS,1361
2025-07-02 00:00:00+05:30,5673.153273929998,5757.053757320002,5604.058758197053,5715.103515625,300622,0.0,0.0,BRITANNIA.NS,1362
2025-07-03 00:00:00+05:30,5724.480244095964,5811.3419151849275,5706.219551878397,5719.544921875,224236,0.0,0.0,BRITANNIA.NS,1363
2025-07-04 00:00:00+05:30,5744.221869534702,5768.404949834315,5682.036805907124,5696.8427734375,145106,0.0,0.0,BRITANNIA.NS,1364
2025-07-07 00:00:00+05:30,5724.973793470641,5823.186705962076,5713.12902010484,5807.88720703125,259829,0.0,0.0,BRITANNIA.NS,1365
2025-07-08 00:00:00+05:30,5813.8100170325615,5845.396081641227,5736.325452289428,5763.4697265625,423998,0.0,0.0,BRITANNIA.NS,1366
2025-07-09 00:00:00+05:30,5782.22353917407,5823.6802460100735,5738.299171216875,5805.9130859375,232000,0.0,0.0,BRITANNIA.NS,1367
2025-07-10 00:00:00+05:30,5828.615583930547,5853.785727434395,5774.820571343888,5801.96484375,191446,0.0,0.0,BRITANNIA.NS,1368
2025-07-11 00:00:00+05:30,5801.964946180103,5828.122154596873,5643.04756674237,5684.0107421875,175941,0.0,0.0,BRITANNIA.NS,1369
2025-07-14 00:00:00+05:30,5692.401079356773,5733.364256882923,5669.698595426618,5703.2587890625,218865,0.0,0.0,BRITANNIA.NS,1370
2025-07-15 00:00:00+05:30,5724.974056234336,5744.71534608342,5687.465605521076,5710.66162109375,164143,0.0,0.0,BRITANNIA.NS,1371
2025-07-16 00:00:00+05:30,5710.661373050419,5753.598676607189,5661.801682796164,5711.6484375,261589,0.0,0.0,BRITANNIA.NS,1372
2025-07-17 00:00:00+05:30,5717.570985962387,5784.197838194145,5710.661534619834,5732.376953125,196555,0.0,0.0,BRITANNIA.NS,1373
2025-07-18 00:00:00+05:30,5732.376745272385,5744.7150507938495,5651.930993272437,5661.30810546875,196043,0.0,0.0,BRITANNIA.NS,1374
2025-07-21 00:00:00+05:30,5660.8147855498655,5666.73717242228,5595.668529953302,5608.0068359375,329167,0.0,0.0,BRITANNIA.NS,1375
2025-07-22 00:00:00+05:30,5621.825876305961,5664.269649930956,5561.12140937719,5634.65771484375,235846,0.0,0.0,BRITANNIA.NS,1376
2025-07-23 00:00:00+05:30,5662.788764639474,5682.530053691729,5596.6554463144175,5645.51513671875,246735,0.0,0.0,BRITANNIA.NS,1377
2025-07-24 00:00:00+05:30,5650.450519068876,5677.101259572826,5578.394813261902,5599.61669921875,229097,0.0,0.0,BRITANNIA.NS,1378
2025-07-25 00:00:00+05:30,5599.616765381994,5624.293377251296,5497.94912448047,5521.638671875,233003,0.0,0.0,BRITANNIA.NS,1379
2025-07-28 00:00:00+05:30,5524.106335320084,5595.668509770313,5498.936191203107,5551.744140625,173142,0.0,0.0,BRITANNIA.NS,1380
2025-07-29 00:00:00+05:30,5529.0415302904485,5581.849478495489,5499.923128943743,5553.224609375,363002,0.0,0.0,BRITANNIA.NS,1381
2025-07-30 00:00:00+05:30,5554.211928251289,5684.010909691674,5554.211928251289,5672.65966796875,176798,0.0,0.0,BRITANNIA.NS,1382
2025-07-31 00:00:00+05:30,5671.672509063366,5749.650603079379,5645.51530031116,5696.34912109375,344973,0.0,0.0,BRITANNIA.NS,1383
2025-08-01 00:00:00+05:30,5724.480596757502,5822.693515005174,5701.778113142463,5723.0,244870,0.0,0.0,BRITANNIA.NS,1384
2025-08-04 00:00:00+05:30,5752.5,5802.0,5714.0,5787.0,189672,75.0,0.0,BRITANNIA.NS,1385
2025-08-05 00:00:00+05:30,5795.0,5795.0,5610.5,5635.5,380387,0.0,0.0,BRITANNIA.NS,1386
2025-08-06 00:00:00+05:30,5599.5,5625.0,5371.0,5402.5,1123534,0.0,0.0,BRITANNIA.NS,1387
2025-08-07 00:00:00+05:30,5380.5,5560.0,5380.5,5476.5,795974,0.0,0.0,BRITANNIA.NS,1388
2025-08-08 00:00:00+05:30,5479.5,5503.0,5380.0,5387.0,551451,0.0,0.0,BRITANNIA.NS,1389
2025-08-11 00:00:00+05:30,5361.0,5400.0,5310.5,5381.5,598841,0.0,0.0,BRITANNIA.NS,1390
2025-08-12 00:00:00+05:30,5390.5,5390.5,5317.5,5338.0,323204,0.0,0.0,BRITANNIA.NS,1391
2025-08-13 00:00:00+05:30,5363.5,5393.0,5299.0,5375.5,388683,0.0,0.0,BRITANNIA.NS,1392
2025-08-14 00:00:00+05:30,5395.0,5398.5,5298.0,5302.5,215308,0.0,0.0,BRITANNIA.NS,1393
2025-08-18 00:00:00+05:30,5400.0,5667.0,5400.0,5439.0,509058,0.0,0.0,BRITANNIA.NS,1394
2025-08-19 00:00:00+05:30,5446.0,5513.0,5399.0,5499.0,153026,0.0,0.0,BRITANNIA.NS,1395
2025-08-20 00:00:00+05:30,5482.0,5734.5,5475.5,5701.0,453573,0.0,0.0,BRITANNIA.NS,1396
2025-08-21 00:00:00+05:30,5701.0,5711.5,5586.0,5597.5,273141,0.0,0.0,BRITANNIA.NS,1397
2025-08-22 00:00:00+05:30,5622.0,5667.5,5525.5,5545.5,269981,0.0,0.0,BRITANNIA.NS,1398
2025-08-25 00:00:00+05:30,5565.5,5608.5,5545.0,5550.5,145718,0.0,0.0,BRITANNIA.NS,1399
2025-08-26 00:00:00+05:30,5574.5,5794.5,5574.5,5765.5,1307463,0.0,0.0,BRITANNIA.NS,1400
2025-08-28 00:00:00+05:30,5765.5,5780.0,5702.5,5721.0,379247,0.0,0.0,BRITANNIA.NS,1401
2025-08-29 00:00:00+05:30,5671.0,5893.5,5671.0,5824.0,699161,0.0,0.0,BRITANNIA.NS,1402
2025-09-01 00:00:00+05:30,5838.5,5873.0,5779.0,5846.5,210421,0.0,0.0,BRITANNIA.NS,1403
2025-09-02 00:00:00+05:30,5840.0,5920.5,5823.0,5891.5,492611,0.0,0.0,BRITANNIA.NS,1404
2025-09-03 00:00:00+05:30,5891.0,5928.5,5865.0,5908.0,399664,0.0,0.0,BRITANNIA.NS,1405
2025-09-04 00:00:00+05:30,6201.0,6336.0,6053.5,6083.0,1385580,0.0,0.0,BRITANNIA.NS,1406
2025-09-05 00:00:00+05:30,6066.0,6104.5,5998.5,6076.0,352302,0.0,0.0,BRITANNIA.NS,1407
2025-09-08 00:00:00+05:30,6117.5,6178.0,6065.0,6115.5,250083,0.0,0.0,BRITANNIA.NS,1408
2025-09-09 00:00:00+05:30,6116.0,6165.0,6088.0,6142.5,216456,0.0,0.0,BRITANNIA.NS,1409
2025-09-10 00:00:00+05:30,6144.5,6238.5,6117.0,6199.0,346491,0.0,0.0,BRITANNIA.NS,1410
2025-09-11 00:00:00+05:30,6180.0,6319.5,6150.0,6300.5,406083,0.0,0.0,BRITANNIA.NS,1411
2025-09-12 00:00:00+05:30,6276.0,6285.5,6207.0,6247.0,212051,0.0,0.0,BRITANNIA.NS,1412
2025-09-15 00:00:00+05:30,6250.0,6270.0,6202.5,6212.0,166253,0.0,0.0,BRITANNIA.NS,1413
2025-09-16 00:00:00+05:30,6219.5,6225.0,6180.0,6202.5,261236,0.0,0.0,BRITANNIA.NS,1414
2025-09-17 00:00:00+05:30,6202.5,6205.0,6035.0,6097.5,713445,0.0,0.0,BRITANNIA.NS,1415
2025-09-18 00:00:00+05:30,6105.0,6129.0,6062.0,6100.5,267540,0.0,0.0,BRITANNIA.NS,1416
2025-09-19 00:00:00+05:30,6105.5,6110.0,6048.0,6069.5,345995,0.0,0.0,BRITANNIA.NS,1417
2025-09-22 00:00:00+05:30,6075.0,6108.0,6025.0,6056.5,394394,0.0,0.0,BRITANNIA.NS,1418
2025-09-23 00:00:00+05:30,6066.5,6069.5,5927.0,5934.0,333112,0.0,0.0,BRITANNIA.NS,1419
2025-09-24 00:00:00+05:30,5935.0,6050.0,5905.5,5970.5,360372,0.0,0.0,BRITANNIA.NS,1420
2025-09-25 00:00:00+05:30,5970.5,6036.0,5939.5,5953.5,374676,0.0,0.0,BRITANNIA.NS,1421
2025-09-26 00:00:00+05:30,5955.0,5980.5,5900.0,5920.5,189383,0.0,0.0,BRITANNIA.NS,1422
2025-09-29 00:00:00+05:30,5900.0,5990.0,5841.0,5929.0,259852,0.0,0.0,BRITANNIA.NS,1423
2025-09-30 00:00:00+05:30,5953.0,6031.0,5917.5,5991.0,298070,0.0,0.0,BRITANNIA.NS,1424
2025-10-01 00:00:00+05:30,5960.5,6018.0,5904.0,5966.5,324111,0.0,0.0,BRITANNIA.NS,1425
2025-10-03 00:00:00+05:30,5965.0,6014.0,5931.5,5992.5,268735,0.0,0.0,BRITANNIA.NS,1426
2025-10-06 00:00:00+05:30,6015.5,6034.0,5957.5,6011.0,197199,0.0,0.0,BRITANNIA.NS,1427
2025-10-07 00:00:00+05:30,6012.0,6036.0,5867.0,5887.0,240923,0.0,0.0,BRITANNIA.NS,1428
2025-10-08 00:00:00+05:30,5855.0,5902.0,5801.5,5836.0,239639,0.0,0.0,BRITANNIA.NS,1429
2025-10-09 00:00:00+05:30,5836.0,5893.0,5795.5,5876.0,231585,0.0,0.0,BRITANNIA.NS,1430
2025-10-10 00:00:00+05:30,5874.5,5920.0,5858.5,5871.5,228395,0.0,0.0,BRITANNIA.NS,1431
2025-10-13 00:00:00+05:30,5871.5,5953.0,5848.0,5862.0,238217,0.0,0.0,BRITANNIA.NS,1432
2025-10-14 00:00:00+05:30,5869.0,5885.0,5794.0,5800.5,176227,0.0,0.0,BRITANNIA.NS,1433
2025-10-15 00:00:00+05:30,5815.0,5880.5,5782.0,5857.5,221062,0.0,0.0,BRITANNIA.NS,1434
2025-10-16 00:00:00+05:30,5876.0,6040.5,5858.0,6025.5,364305,0.0,0.0,BRITANNIA.NS,1435
2025-10-17 00:00:00+05:30,6037.0,6149.0,5994.0,6083.0,392965,0.0,0.0,BRITANNIA.NS,1436
2025-10-20 00:00:00+05:30,6124.0,6148.0,6062.5,6070.0,181283,0.0,0.0,BRITANNIA.NS,1437
2025-10-21 00:00:00+05:30,6108.0,6108.0,6050.0,6075.0,9159,0.0,0.0,BRITANNIA.NS,1438
2025-10-23 00:00:00+05:30,6075.0,6145.0,6049.0,6068.0,255605,0.0,0.0,BRITANNIA.NS,1439
2025-10-24 00:00:00+05:30,6068.0,6069.5,5987.0,6053.0,82081,0.0,0.0,BRITANNIA.NS,1440
2025-10-27 00:00:00+05:30,6053.0,6053.0,5811.5,5912.0,433152,0.0,0.0,BRITANNIA.NS,1441
2025-10-28 00:00:00+05:30,5939.0,5939.0,5806.5,5861.0,392984,0.0,0.0,BRITANNIA.NS,1442
2025-10-29 00:00:00+05:30,5894.0,5906.0,5840.0,5852.5,119742,0.0,0.0,BRITANNIA.NS,1443
2025-10-30 00:00:00+05:30,5850.0,5869.5,5792.0,5859.5,258697,0.0,0.0,BRITANNIA.NS,1444
2025-10-31 00:00:00+05:30,5878.0,5905.0,5825.0,5836.5,264794,0.0,0.0,BRITANNIA.NS,1445
2025-11-03 00:00:00+05:30,5834.0,5899.5,5775.0,5820.5,279737,0.0,0.0,BRITANNIA.NS,1446
2025-11-04 00:00:00+05:30,5820.5,5920.0,5805.0,5892.5,363441,0.0,0.0,BRITANNIA.NS,1447
2025-11-06 00:00:00+05:30,6186.0,6191.5,5993.5,6013.5,1038063,0.0,0.0,BRITANNIA.NS,1448
2025-11-07 00:00:00+05:30,5970.0,6169.5,5913.5,6157.5,715809,0.0,0.0,BRITANNIA.NS,1449
2025-11-10 00:00:00+05:30,6190.0,6261.5,6121.5,6133.5,395489,0.0,0.0,BRITANNIA.NS,1450
2025-11-11 00:00:00+05:30,5950.0,5965.0,5723.0,5950.5,2154927,0.0,0.0,BRITANNIA.NS,1451
2025-11-12 00:00:00+05:30,5950.5,5970.0,5841.0,5880.0,609987,0.0,0.0,BRITANNIA.NS,1452
2025-11-13 00:00:00+05:30,5902.0,5918.0,5835.5,5851.5,361321,0.0,0.0,BRITANNIA.NS,1453
2025-11-14 00:00:00+05:30,5851.0,5851.0,5750.0,5803.5,415356,0.0,0.0,BRITANNIA.NS,1454
2025-11-17 00:00:00+05:30,5803.5,5850.0,5782.0,5830.5,332821,0.0,0.0,BRITANNIA.NS,1455
2025-11-18 00:00:00+05:30,5818.0,5862.0,5805.5,5840.0,262201,0.0,0.0,BRITANNIA.NS,1456
2025-11-19 00:00:00+05:30,5850.0,5882.5,5804.5,5874.5,280409,0.0,0.0,BRITANNIA.NS,1457
2025-11-20 00:00:00+05:30,5882.0,5900.0,5763.5,5819.0,641980,0.0,0.0,BRITANNIA.NS,1458
2025-11-21 00:00:00+05:30,5816.0,5855.0,5764.5,5813.0,320317,0.0,0.0,BRITANNIA.NS,1459
2025-11-24 00:00:00+05:30,5815.0,5849.0,5785.0,5815.5,696665,0.0,0.0,BRITANNIA.NS,1460
2025-11-25 00:00:00+05:30,5815.5,5878.0,5790.0,5867.0,309271,0.0,0.0,BRITANNIA.NS,1461
2025-11-26 00:00:00+05:30,5865.0,5904.5,5843.0,5880.5,157291,0.0,0.0,BRITANNIA.NS,1462
2025-11-27 00:00:00+05:30,5890.5,5900.0,5815.5,5826.5,156675,0.0,0.0,BRITANNIA.NS,1463
2025-11-28 00:00:00+05:30,5826.5,5852.0,5795.0,5846.0,220417,0.0,0.0,BRITANNIA.NS,1464
2025-12-01 00:00:00+05:30,5825.0,5856.0,5800.0,5813.5,199275,0.0,0.0,BRITANNIA.NS,1465
2025-12-02 00:00:00+05:30,5792.0,5894.0,5792.0,5875.5,290994,0.0,0.0,BRITANNIA.NS,1466
2025-12-03 00:00:00+05:30,5908.0,5908.0,5812.0,5824.5,308053,0.0,0.0,BRITANNIA.NS,1467
2025-12-04 00:00:00+05:30,5840.0,5882.5,5824.5,5876.5,239085,0.0,0.0,BRITANNIA.NS,1468
2025-12-05 00:00:00+05:30,5855.0,5974.0,5838.5,5961.0,244408,0.0,0.0,BRITANNIA.NS,1469
2025-12-08 00:00:00+05:30,5961.0,5985.0,5825.0,5847.5,185407,0.0,0.0,BRITANNIA.NS,1470
2025-12-09 00:00:00+05:30,5850.0,5893.0,5780.0,5884.0,174714,0.0,0.0,BRITANNIA.NS,1471
2025-12-10 00:00:00+05:30,5904.0,5966.0,5812.0,5828.5,329466,0.0,0.0,BRITANNIA.NS,1472
2025-12-11 00:00:00+05:30,5840.0,5895.0,5813.0,5847.0,115481,0.0,0.0,BRITANNIA.NS,1473
2025-12-12 00:00:00+05:30,5848.0,5925.5,5830.0,5915.5,202721,0.0,0.0,BRITANNIA.NS,1474
2025-12-15 00:00:00+05:30,5915.5,6055.0,5857.0,6038.0,244119,0.0,0.0,BRITANNIA.NS,1475
2025-12-16 00:00:00+05:30,6059.5,6145.0,6032.0,6066.0,284337,0.0,0.0,BRITANNIA.NS,1476
2025-12-17 00:00:00+05:30,6060.0,6116.0,6051.0,6096.0,298257,0.0,0.0,BRITANNIA.NS,1477
2025-12-18 00:00:00+05:30,6132.0,6134.5,6012.5,6040.5,199067,0.0,0.0,BRITANNIA.NS,1478
2025-12-19 00:00:00+05:30,6020.0,6116.0,5992.5,6103.0,179450,0.0,0.0,BRITANNIA.NS,1479
2025-12-22 00:00:00+05:30,6102.5,6102.5,6066.0,6083.0,206588,0.0,0.0,BRITANNIA.NS,1480
2025-12-23 00:00:00+05:30,6083.0,6119.0,6030.0,6061.0,216840,0.0,0.0,BRITANNIA.NS,1481
2025-12-24 00:00:00+05:30,6065.0,6078.0,6004.0,6030.0,97580,0.0,0.0,BRITANNIA.NS,1482
2025-12-26 00:00:00+05:30,6006.5,6069.5,6002.0,6032.5,65992,0.0,0.0,BRITANNIA.NS,1483
2025-12-29 00:00:00+05:30,6039.0,6065.5,6005.0,6041.5,103209,0.0,0.0,BRITANNIA.NS,1484
2025-12-30 00:00:00+05:30,6045.0,6045.5,5980.0,6013.0,205456,0.0,0.0,BRITANNIA.NS,1485
2025-12-31 00:00:00+05:30,6013.0,6070.0,5995.0,6031.0,179577,0.0,0.0,BRITANNIA.NS,1486
2026-01-01 00:00:00+05:30,6031.0,6063.0,5992.0,6009.5,138484,0.0,0.0,BRITANNIA.NS,1487
2026-01-02 00:00:00+05:30,6009.5,6033.0,5941.5,5984.5,265702,0.0,0.0,BRITANNIA.NS,1488
2026-01-05 00:00:00+05:30,5970.0,6092.0,5930.5,6026.5,468880,0.0,0.0,BRITANNIA.NS,1489
2026-01-06 00:00:00+05:30,6040.0,6142.5,5948.5,6129.5,300112,0.0,0.0,BRITANNIA.NS,1490
2026-01-07 00:00:00+05:30,6200.0,6271.0,6157.5,6185.0,437361,0.0,0.0,BRITANNIA.NS,1491
2026-01-08 00:00:00+05:30,6155.0,6158.5,5945.5,6033.5,641813,0.0,0.0,BRITANNIA.NS,1492
2026-01-09 00:00:00+05:30,6033.5,6106.5,5930.0,5977.5,139764,0.0,0.0,BRITANNIA.NS,1493
2026-01-12 00:00:00+05:30,5977.5,6000.5,5905.0,5943.5,228799,0.0,0.0,BRITANNIA.NS,1494
2026-01-13 00:00:00+05:30,5930.0,5970.0,5896.0,5918.0,327794,0.0,0.0,BRITANNIA.NS,1495
2026-01-14 00:00:00+05:30,5893.5,5945.5,5868.0,5906.5,307200,0.0,0.0,BRITANNIA.NS,1496
2026-01-15 00:00:00+05:30,5906.5,5906.5,5906.5,5906.5,0,0.0,0.0,BRITANNIA.NS,1497
2026-01-16 00:00:00+05:30,5875.0,5944.0,5862.0,5898.5,453904,0.0,0.0,BRITANNIA.NS,1498
2026-01-19 00:00:00+05:30,5898.5,5970.0,5879.0,5943.5,145915,0.0,0.0,BRITANNIA.NS,1499
2026-01-20 00:00:00+05:30,5943.5,5994.5,5862.0,5884.0,350070,0.0,0.0,BRITANNIA.NS,1500
2026-01-21 00:00:00+05:30,5870.0,5899.0,5787.0,5802.5,662863,0.0,0.0,BRITANNIA.NS,1501
2026-01-22 00:00:00+05:30,5850.0,5975.0,5819.0,5932.0,435081,0.0,0.0,BRITANNIA.NS,1502
2026-01-23 00:00:00+05:30,5950.0,5964.0,5813.5,5835.0,142248,0.0,0.0,BRITANNIA.NS,1503
2026-01-27 00:00:00+05:30,5839.0,5925.0,5805.0,5886.0,1044402,0.0,0.0,BRITANNIA.NS,1504
2026-01-28 00:00:00+05:30,5924.0,5924.0,5680.0,5748.5,442618,0.0,0.0,BRITANNIA.NS,1505
2026-01-29 00:00:00+05:30,5711.5,5733.0,5693.0,5723.0,343244,0.0,0.0,BRITANNIA.NS,1506
2026-01-30 00:00:00+05:30,5723.0,5887.5,5710.5,5860.5,806045,0.0,0.0,BRITANNIA.NS,1507
2026-02-02 00:00:00+05:30,5733.0,5899.0,5697.5,5888.5,279213,0.0,0.0,BRITANNIA.NS,1508
2026-02-03 00:00:00+05:30,5920.0,5975.5,5821.0,5882.0,349825,0.0,0.0,BRITANNIA.NS,1509
2026-02-04 00:00:00+05:30,5899.5,5965.0,5855.0,5879.0,160343,0.0,0.0,BRITANNIA.NS,1510
2026-02-05 00:00:00+05:30,5855.0,5946.5,5844.5,5870.5,275290,0.0,0.0,BRITANNIA.NS,1511
2026-02-06 00:00:00+05:30,5870.0,5917.0,5805.0,5911.0,186858,0.0,0.0,BRITANNIA.NS,1512
2026-02-09 00:00:00+05:30,5900.5,5915.5,5792.5,5843.0,331118,0.0,0.0,BRITANNIA.NS,1513
2026-02-10 00:00:00+05:30,5874.0,5893.5,5847.0,5873.5,276901,0.0,0.0,BRITANNIA.NS,1514
2026-02-11 00:00:00+05:30,6000.0,6156.0,5973.5,6019.0,771051,0.0,0.0,BRITANNIA.NS,1515
2026-02-12 00:00:00+05:30,6057.0,6148.0,6020.0,6102.0,455997,0.0,0.0,BRITANNIA.NS,1516
2026-02-13 00:00:00+05:30,6080.0,6098.5,5968.0,5980.5,159821,0.0,0.0,BRITANNIA.NS,1517
2026-02-16 00:00:00+05:30,5980.0,6134.0,5964.5,6106.0,255274,0.0,0.0,BRITANNIA.NS,1518
2026-02-17 00:00:00+05:30,6106.0,6154.5,6066.5,6145.5,164220,0.0,0.0,BRITANNIA.NS,1519
2026-02-18 00:00:00+05:30,6161.0,6190.0,6116.0,6176.0,193569,0.0,0.0,BRITANNIA.NS,1520
2026-02-19 00:00:00+05:30,6170.0,6198.0,6093.5,6108.5,127940,0.0,0.0,BRITANNIA.NS,1521
2026-02-20 00:00:00+05:30,6109.0,6137.5,6066.5,6098.5,388361,0.0,0.0,BRITANNIA.NS,1522
2026-02-23 00:00:00+05:30,6136.0,6150.0,6042.0,6122.5,225252,0.0,0.0,BRITANNIA.NS,1523
2026-02-24 00:00:00+05:30,6083.0,6173.5,6065.5,6162.5,193510,0.0,0.0,BRITANNIA.NS,1524
2026-02-25 00:00:00+05:30,6170.0,6208.5,6140.0,6158.0,253773,0.0,0.0,BRITANNIA.NS,1525
2026-02-26 00:00:00+05:30,6158.0,6187.0,6070.0,6137.0,245317,0.0,0.0,BRITANNIA.NS,1526
2026-02-27 00:00:00+05:30,6135.5,6142.5,5975.0,6002.5,350612,0.0,0.0,BRITANNIA.NS,1527
2026-03-02 00:00:00+05:30,5866.0,6001.0,5866.0,5959.0,185417,0.0,0.0,BRITANNIA.NS,1528
2026-03-04 00:00:00+05:30,5901.5,5924.0,5845.5,5889.5,293377,0.0,0.0,BRITANNIA.NS,1529
2026-03-05 00:00:00+05:30,5899.0,5997.5,5851.0,5963.0,211179,0.0,0.0,BRITANNIA.NS,1530
2026-03-06 00:00:00+05:30,5948.0,6013.0,5926.5,5983.0,348722,0.0,0.0,BRITANNIA.NS,1531
2026-03-09 00:00:00+05:30,5930.0,5932.5,5815.5,5890.0,245594,0.0,0.0,BRITANNIA.NS,1532
2026-03-10 00:00:00+05:30,5911.0,5995.0,5911.0,5968.0,283327,0.0,0.0,BRITANNIA.NS,1533
2026-03-11 00:00:00+05:30,5981.0,5995.0,5900.0,5921.5,298621,0.0,0.0,BRITANNIA.NS,1534
2026-03-12 00:00:00+05:30,5910.0,5910.0,5713.0,5787.0,996754,0.0,0.0,BRITANNIA.NS,1535
2026-03-13 00:00:00+05:30,5750.0,5881.0,5727.0,5808.5,738522,0.0,0.0,BRITANNIA.NS,1536
2026-03-16 00:00:00+05:30,5808.5,5872.5,5764.5,5842.0,350827,0.0,0.0,BRITANNIA.NS,1537
2026-03-17 00:00:00+05:30,5849.0,5868.5,5801.5,5857.5,260165,0.0,0.0,BRITANNIA.NS,1538
2026-03-18 00:00:00+05:30,5860.5,5914.0,5842.0,5885.0,301564,0.0,0.0,BRITANNIA.NS,1539
2026-03-19 00:00:00+05:30,5799.0,5852.0,5642.5,5673.5,234382,0.0,0.0,BRITANNIA.NS,1540
2026-03-20 00:00:00+05:30,5735.0,5749.5,5592.0,5618.5,462806,0.0,0.0,BRITANNIA.NS,1541
2026-03-23 00:00:00+05:30,5590.0,5590.5,5475.5,5490.0,316325,0.0,0.0,BRITANNIA.NS,1542
2026-03-24 00:00:00+05:30,5590.0,5600.0,5404.5,5513.5,542905,0.0,0.0,BRITANNIA.NS,1543
2026-03-25 00:00:00+05:30,5536.5,5737.5,5536.5,5647.0,342559,0.0,0.0,BRITANNIA.NS,1544
2026-03-27 00:00:00+05:30,5600.0,5627.0,5483.0,5500.0,378825,0.0,0.0,BRITANNIA.NS,1545
2026-03-30 00:00:00+05:30,5480.0,5533.0,5364.5,5423.0,783793,0.0,0.0,BRITANNIA.NS,1546
2026-04-01 00:00:00+05:30,5520.0,5538.0,5433.5,5474.0,252740,0.0,0.0,BRITANNIA.NS,1547
2026-04-02 00:00:00+05:30,5460.0,5471.0,5351.5,5442.0,444248,0.0,0.0,BRITANNIA.NS,1548
2026-04-06 00:00:00+05:30,5420.0,5548.0,5402.0,5535.0,228390,0.0,0.0,BRITANNIA.NS,1549
2026-04-07 00:00:00+05:30,5493.0,5552.5,5384.0,5542.0,204113,0.0,0.0,BRITANNIA.NS,1550
2026-04-08 00:00:00+05:30,5698.5,5698.5,5556.0,5594.5,482250,0.0,0.0,BRITANNIA.NS,1551
2026-04-09 00:00:00+05:30,5620.0,5659.5,5430.5,5475.0,624921,0.0,0.0,BRITANNIA.NS,1552
2026-04-10 00:00:00+05:30,5500.0,5570.0,5405.0,5557.5,339513,0.0,0.0,BRITANNIA.NS,1553
2026-04-13 00:00:00+05:30,5526.5,5613.0,5444.0,5589.0,350782,0.0,0.0,BRITANNIA.NS,1554
2026-04-15 00:00:00+05:30,5670.0,5724.0,5600.5,5654.5,542939,0.0,0.0,BRITANNIA.NS,1555
2026-04-16 00:00:00+05:30,5640.0,5705.5,5534.5,5586.0,455115,0.0,0.0,BRITANNIA.NS,1556
2026-04-17 00:00:00+05:30,5601.5,5750.0,5568.5,5735.5,345936,0.0,0.0,BRITANNIA.NS,1557
2026-04-20 00:00:00+05:30,5736.0,5762.5,5640.5,5700.0,610941,0.0,0.0,BRITANNIA.NS,1558
2026-04-21 00:00:00+05:30,5715.0,5864.5,5685.0,5837.5,270416,0.0,0.0,BRITANNIA.NS,1559
2026-04-22 00:00:00+05:30,5874.0,5924.0,5716.5,5729.5,550506,0.0,0.0,BRITANNIA.NS,1560
2026-04-23 00:00:00+05:30,5724.0,5728.0,5640.5,5671.5,408915,0.0,0.0,BRITANNIA.NS,1561
2026-04-24 00:00:00+05:30,5707.5,5753.5,5665.5,5730.5,470926,0.0,0.0,BRITANNIA.NS,1562
2026-04-27 00:00:00+05:30,5750.0,5804.0,5689.0,5717.5,658091,0.0,0.0,BRITANNIA.NS,1563
2026-04-28 00:00:00+05:30,5723.0,5735.0,5641.0,5662.0,249233,0.0,0.0,BRITANNIA.NS,1564
2026-04-29 00:00:00+05:30,5674.0,5734.5,5665.0,5709.0,363567,0.0,0.0,BRITANNIA.NS,1565
2026-04-30 00:00:00+05:30,5720.0,5752.0,5644.0,5726.0,269033,0.0,0.0,BRITANNIA.NS,1566
2026-05-01 00:00:00+05:30,5726.0,5726.0,5726.0,5726.0,0,0.0,0.0,BRITANNIA.NS,1567
2026-05-04 00:00:00+05:30,5730.0,5821.5,5715.0,5792.5,328011,0.0,0.0,BRITANNIA.NS,1568
2026-05-05 00:00:00+05:30,5775.0,5842.5,5734.5,5834.5,710839,0.0,0.0,BRITANNIA.NS,1569
2026-05-06 00:00:00+05:30,5878.0,5880.0,5764.0,5783.0,438886,0.0,0.0,BRITANNIA.NS,1570
2026-05-07 00:00:00+05:30,5798.0,5891.5,5733.5,5814.0,490345,0.0,0.0,BRITANNIA.NS,1571
2026-05-08 00:00:00+05:30,5634.0,5654.0,5503.0,5520.0,3173832,0.0,0.0,BRITANNIA.NS,1572
2026-05-11 00:00:00+05:30,5505.5,5508.0,5395.0,5410.5,668220,0.0,0.0,BRITANNIA.NS,1573
2026-05-12 00:00:00+05:30,5403.5,5425.0,5315.0,5334.0,655043,0.0,0.0,BRITANNIA.NS,1574
2026-05-13 00:00:00+05:30,5345.0,5383.5,5279.5,5336.0,405228,0.0,0.0,BRITANNIA.NS,1575
2026-05-14 00:00:00+05:30,5343.5,5397.0,5310.0,5372.5,340218,0.0,0.0,BRITANNIA.NS,1576
2026-05-15 00:00:00+05:30,5372.5,5420.0,5365.0,5406.0,151714,0.0,0.0,BRITANNIA.NS,1577
2026-05-18 00:00:00+05:30,5385.5,5399.0,5289.5,5380.5,374914,0.0,0.0,BRITANNIA.NS,1578
2026-05-19 00:00:00+05:30,5375.0,5470.5,5375.0,5416.5,271643,0.0,0.0,BRITANNIA.NS,1579
2026-05-20 00:00:00+05:30,5380.0,5390.5,5321.5,5344.5,462006,0.0,0.0,BRITANNIA.NS,1580
2026-05-21 00:00:00+05:30,5361.5,5373.0,5292.0,5333.0,485793,0.0,0.0,BRITANNIA.NS,1581
2026-05-22 00:00:00+05:30,5341.0,5358.5,5298.0,5331.5,498183,0.0,0.0,BRITANNIA.NS,1582
2026-05-25 00:00:00+05:30,5370.0,5370.0,5309.5,5327.0,284971,0.0,0.0,BRITANNIA.NS,1583
2026-05-26 00:00:00+05:30,5356.0,5356.0,5311.0,5338.0,193734,0.0,0.0,BRITANNIA.NS,1584
2026-05-27 00:00:00+05:30,5330.0,5352.5,5301.0,5335.5,195454,0.0,0.0,BRITANNIA.NS,1585
2026-05-29 00:00:00+05:30,5335.5,5350.0,5164.5,5204.5,1697949,0.0,0.0,BRITANNIA.NS,1586
