Date,Open,High,Low,Close,Volume,Dividends,Stock Splits,Symbol,time_idx
2020-01-01 00:00:00+05:30,458.4979542833977,458.4979542833977,452.2543867082264,453.63653564453125,1316812,0.0,0.0,CIPLA.NS,0
2020-01-02 00:00:00+05:30,456.44853908581604,457.4494065559,450.20494244652065,451.34881591796875,1406381,0.0,0.0,CIPLA.NS,1
2020-01-03 00:00:00+05:30,453.54117708650097,453.54117708650097,445.39117366660685,447.9648742675781,2252752,0.0,0.0,CIPLA.NS,2
2020-01-06 00:00:00+05:30,447.82188508431335,447.9648910818864,439.6242320859255,444.9145812988281,1501855,0.0,0.0,CIPLA.NS,3
2020-01-07 00:00:00+05:30,444.19966649484525,448.0125391686207,441.9595979810201,446.67803955078125,2365554,0.0,0.0,CIPLA.NS,4
2020-01-08 00:00:00+05:30,445.9154520000844,448.1078712632714,440.0055167508593,443.0081481933594,1507276,0.0,0.0,CIPLA.NS,5
2020-01-09 00:00:00+05:30,445.62950651174737,451.158160411116,445.62950651174737,448.1078796386719,1700600,0.0,0.0,CIPLA.NS,6
2020-01-10 00:00:00+05:30,448.1078798687469,454.6850796047964,447.774247682082,451.34881591796875,1213600,0.0,0.0,CIPLA.NS,7
2020-01-13 00:00:00+05:30,452.3019952228633,459.8800908673024,452.3019952228633,455.30462646484375,1229969,0.0,0.0,CIPLA.NS,8
2020-01-14 00:00:00+05:30,458.11664582286215,462.50145510322943,456.7821462392484,461.59588623046875,2160301,0.0,0.0,CIPLA.NS,9
2020-01-15 00:00:00+05:30,461.35760498046875,464.07428264595984,457.11577238962207,461.35760498046875,1413668,0.0,0.0,CIPLA.NS,10
2020-01-16 00:00:00+05:30,461.35758810922044,464.64620238769834,456.59149732296817,457.78302001953125,1694372,0.0,0.0,CIPLA.NS,11
2020-01-17 00:00:00+05:30,457.54470415485116,460.3567092850997,454.2560899577746,457.8306579589844,2039387,0.0,0.0,CIPLA.NS,12
2020-01-20 00:00:00+05:30,457.9736965374377,460.5473682274894,454.35144991786393,457.6877136230469,1206931,0.0,0.0,CIPLA.NS,13
2020-01-21 00:00:00+05:30,456.54385733821033,457.11576497226685,450.10963464588303,451.25347900390625,1448808,0.0,0.0,CIPLA.NS,14
2020-01-22 00:00:00+05:30,452.30201604968335,457.8306697310813,448.2508388774786,449.5376892089844,2380518,0.0,0.0,CIPLA.NS,15
2020-01-23 00:00:00+05:30,442.7698792844919,453.58891229274127,437.8608110910317,443.38946533203125,5783749,0.0,0.0,CIPLA.NS,16
2020-01-24 00:00:00+05:30,443.24644109575434,445.86779101621306,435.4777189676493,437.3841552734375,2713370,0.0,0.0,CIPLA.NS,17
2020-01-27 00:00:00+05:30,436.09729039132276,444.6762534809881,432.9516822277422,442.72216796875,5849003,0.0,0.0,CIPLA.NS,18
2020-01-28 00:00:00+05:30,443.24643354135895,446.1060879513032,437.4794754506016,442.9604797363281,3592413,0.0,0.0,CIPLA.NS,19
2020-01-29 00:00:00+05:30,442.9604851460704,445.5341566925064,438.8139803830295,439.95782470703125,1737293,0.0,0.0,CIPLA.NS,20
2020-01-30 00:00:00+05:30,439.4336106666176,439.4336106666176,425.46896920419664,429.90142822265625,2766881,0.0,0.0,CIPLA.NS,21
2020-01-31 00:00:00+05:30,432.71340013607454,432.71340013607454,421.41775899762484,425.9931945800781,2184609,0.0,0.0,CIPLA.NS,22
2020-02-03 00:00:00+05:30,423.2288544515712,429.5677492689564,418.84404518656856,423.75311279296875,1690394,0.0,0.0,CIPLA.NS,23
2020-02-04 00:00:00+05:30,425.8026017136862,431.2836066229025,423.4195561009835,427.4707336425781,2030860,0.0,0.0,CIPLA.NS,24
2020-02-05 00:00:00+05:30,428.519198711197,437.67009857729965,417.03293188050884,426.6127624511719,3637403,0.0,0.0,CIPLA.NS,25
2020-02-06 00:00:00+05:30,440.8634402740828,442.6268998531616,414.98357062516504,419.0823974609375,7118843,0.0,0.0,CIPLA.NS,26
2020-02-07 00:00:00+05:30,419.41599878480554,425.03998022325607,416.84229806538923,422.46630859375,6386193,0.0,0.0,CIPLA.NS,27
2020-02-10 00:00:00+05:30,423.4194977769001,429.90136931463866,421.41773391998106,423.9437561035156,3557480,0.0,0.0,CIPLA.NS,28
2020-02-11 00:00:00+05:30,426.1838475055756,430.85461069736596,422.6092793858519,429.5201110839844,1889638,0.0,0.0,CIPLA.NS,29
2020-02-12 00:00:00+05:30,433.6666399325359,433.6666399325359,424.1821070270892,425.89788818359375,1683136,0.0,0.0,CIPLA.NS,30
2020-02-13 00:00:00+05:30,425.89785727486225,427.89962120545096,419.89259457300545,422.65692138671875,2041017,0.0,0.0,CIPLA.NS,31
2020-02-14 00:00:00+05:30,423.2288861329861,427.89964955385886,420.845840602958,426.1838684082031,1814780,0.0,0.0,CIPLA.NS,32
2020-02-17 00:00:00+05:30,423.70547035544746,424.8969930504853,409.97913472659377,411.6949157714844,4581786,0.0,0.0,CIPLA.NS,33
2020-02-18 00:00:00+05:30,412.7434947162593,417.17595367987184,408.0727311944965,415.6031494140625,2453801,0.0,0.0,CIPLA.NS,34
2020-02-19 00:00:00+05:30,417.31886691294153,428.1855763782377,416.93758549606787,426.5650939941406,2359566,0.0,0.0,CIPLA.NS,35
2020-02-20 00:00:00+05:30,427.04176079317267,427.8043237300531,414.17331487641417,415.3648376464844,3048500,0.0,0.0,CIPLA.NS,36
2020-02-24 00:00:00+05:30,415.60312660627,416.27039096843686,406.5952031665691,410.02679443359375,2569563,0.0,0.0,CIPLA.NS,37
2020-02-25 00:00:00+05:30,410.07446270298254,411.0276808598096,400.35162586738227,405.8802795410156,2438218,0.0,0.0,CIPLA.NS,38
2020-02-26 00:00:00+05:30,387.0065841925889,405.1177297582519,386.8159289190914,402.44873046875,8068909,0.0,0.0,CIPLA.NS,39
2020-02-27 00:00:00+05:30,391.8680043633979,404.164513216386,389.8662403431648,401.4955139160156,5109022,0.0,0.0,CIPLA.NS,40
2020-02-28 00:00:00+05:30,393.6791042176415,396.96771854016936,379.4284809399009,383.2890319824219,4200936,0.0,0.0,CIPLA.NS,41
2020-03-02 00:00:00+05:30,387.9597663763492,392.01094329796956,376.1875170331885,383.1460266113281,3460583,0.0,0.0,CIPLA.NS,42
2020-03-03 00:00:00+05:30,383.19371422543975,409.1212607542696,383.19371422543975,405.4036865234375,5476676,0.0,0.0,CIPLA.NS,43
2020-03-04 00:00:00+05:30,405.68965077716166,428.7575125713649,400.3516233149801,426.7080993652344,9297945,0.0,0.0,CIPLA.NS,44
2020-03-05 00:00:00+05:30,426.8987775201115,449.9189912770013,416.98531403876996,419.9879455566406,9637431,0.0,0.0,CIPLA.NS,45
2020-03-06 00:00:00+05:30,405.1177273199559,417.65254059434426,403.25894022922967,414.0779724121094,2916146,0.0,0.0,CIPLA.NS,46
2020-03-09 00:00:00+05:30,405.11767224528813,412.409784527722,403.68784516677533,406.2138671875,2986596,0.0,0.0,CIPLA.NS,47
2020-03-11 00:00:00+05:30,405.11775973030393,406.2139549092387,391.01014114507257,397.58734130859375,5314547,0.0,0.0,CIPLA.NS,48
2020-03-12 00:00:00+05:30,393.20245782660106,393.20245782660106,372.46996459574393,376.2828369140625,5636464,0.0,0.0,CIPLA.NS,49
2020-03-13 00:00:00+05:30,369.84863825836595,414.6022415598715,338.67839344959674,405.6419677734375,6096891,0.0,0.0,CIPLA.NS,50
2020-03-16 00:00:00+05:30,396.5387966265912,404.0692150714694,374.37647205551366,377.855712890625,5394603,0.0,0.0,CIPLA.NS,51
2020-03-17 00:00:00+05:30,378.42762734508693,402.2580824675735,372.47001356446526,382.9554138183594,2989674,0.0,0.0,CIPLA.NS,52
2020-03-18 00:00:00+05:30,392.5352484844866,392.5352484844866,363.8434035446003,367.9422302246094,4200456,0.0,0.0,CIPLA.NS,53
2020-03-19 00:00:00+05:30,361.0071545870156,376.3701981036262,349.54508661452223,360.9108581542969,2926091,4.0,0.0,CIPLA.NS,54
2020-03-20 00:00:00+05:30,365.82313389914975,385.0871226119963,358.7436415627899,378.3447265625,4718358,0.0,0.0,CIPLA.NS,55
2020-03-23 00:00:00+05:30,356.38381541212107,391.92587112431863,356.38381541212107,361.44061279296875,5507004,0.0,0.0,CIPLA.NS,56
2020-03-24 00:00:00+05:30,366.01580882454004,394.6709938575139,358.8399608147789,363.5596618652344,6649616,0.0,0.0,CIPLA.NS,57
2020-03-25 00:00:00+05:30,364.0893828988399,380.36744731356254,360.2365851962067,362.596435546875,6418955,0.0,0.0,CIPLA.NS,58
2020-03-26 00:00:00+05:30,368.90541107530066,380.1748570617782,366.4974123084906,371.9394836425781,4291225,0.0,0.0,CIPLA.NS,59
2020-03-27 00:00:00+05:30,378.53741759074705,395.87500923612475,377.52606983590687,392.6482849121094,6471291,0.0,0.0,CIPLA.NS,60
2020-03-30 00:00:00+05:30,398.57194616801314,422.5556375240151,392.6482750501939,415.86138916015625,9020926,0.0,0.0,CIPLA.NS,61
2020-03-31 00:00:00+05:30,429.5869722095542,430.16489778201276,404.54378548881783,407.2889099121094,9434602,0.0,0.0,CIPLA.NS,62
2020-04-01 00:00:00+05:30,409.26344120232585,415.0426379132869,395.29704915083653,398.5237731933594,6329668,0.0,0.0,CIPLA.NS,63
2020-04-03 00:00:00+05:30,409.35978070009173,437.96681713270436,400.93178521508986,432.6692199707031,17906762,0.0,0.0,CIPLA.NS,64
2020-04-07 00:00:00+05:30,461.3725257978154,494.5066096212445,435.36614125388843,474.1349182128906,20843608,0.0,0.0,CIPLA.NS,65
2020-04-08 00:00:00+05:30,478.66201353118896,510.495745929958,471.9677651050555,493.88055419921875,19456188,0.0,0.0,CIPLA.NS,66
2020-04-09 00:00:00+05:30,543.244497621461,587.5516729593817,543.244497621461,558.2703857421875,27207708,0.0,0.0,CIPLA.NS,67
2020-04-13 00:00:00+05:30,582.7356728239579,582.7356728239579,561.5452847212686,571.0327758789062,15483858,0.0,0.0,CIPLA.NS,68
2020-04-15 00:00:00+05:30,582.2059578867443,591.4045014859256,557.3072151810588,570.5512084960938,16213806,0.0,0.0,CIPLA.NS,69
2020-04-16 00:00:00+05:30,568.28770291813,590.2486396798716,560.5821069463586,578.3531494140625,12716342,0.0,0.0,CIPLA.NS,70
2020-04-17 00:00:00+05:30,592.3676144398974,592.3676144398974,573.1036269784372,575.9932250976562,8304173,0.0,0.0,CIPLA.NS,71
2020-04-20 00:00:00+05:30,575.9932844648956,577.3417872417969,558.6556939626078,563.8569946289062,5856150,0.0,0.0,CIPLA.NS,72
2020-04-21 00:00:00+05:30,556.7292752082627,587.3590055812923,549.0236797036501,570.3103637695312,14471856,0.0,0.0,CIPLA.NS,73
2020-04-22 00:00:00+05:30,573.0074690353471,577.6789636081007,563.471769421824,565.5908203125,6182243,0.0,0.0,CIPLA.NS,74
2020-04-23 00:00:00+05:30,568.2876772966181,581.6761732095569,557.7406315279682,565.109130859375,6277840,0.0,0.0,CIPLA.NS,75
2020-04-24 00:00:00+05:30,564.8201846512792,583.6988704778555,562.1231791426003,577.2454223632812,11127889,0.0,0.0,CIPLA.NS,76
2020-04-27 00:00:00+05:30,577.9197129512748,609.3682008466534,577.9197129512748,586.299560546875,14089786,0.0,0.0,CIPLA.NS,77
2020-04-28 00:00:00+05:30,594.1014087320212,598.3876580403778,571.4180734526425,576.5711669921875,8193422,0.0,0.0,CIPLA.NS,78
2020-04-29 00:00:00+05:30,582.7356735005569,585.52897545113,568.3839780260057,574.3076782226562,6767183,0.0,0.0,CIPLA.NS,79
2020-04-30 00:00:00+05:30,585.5290027626237,588.9483492484871,564.5312065167494,567.9024047851562,9099721,0.0,0.0,CIPLA.NS,80
2020-05-04 00:00:00+05:30,567.3244733180043,594.2459095736677,559.233574461355,589.3335571289062,16815950,0.0,0.0,CIPLA.NS,81
2020-05-05 00:00:00+05:30,600.1214072711739,600.1214072711739,573.1036743796532,574.9337768554688,9257154,0.0,0.0,CIPLA.NS,82
2020-05-06 00:00:00+05:30,575.5117249901807,583.6989210779071,568.2877284421868,569.9733276367188,6978135,0.0,0.0,CIPLA.NS,83
2020-05-07 00:00:00+05:30,575.9932955019921,579.6534418092485,565.879700848529,567.854248046875,4620871,0.0,0.0,CIPLA.NS,84
2020-05-08 00:00:00+05:30,575.9932911858391,579.075541291128,567.8060955753381,570.1177978515625,5051303,0.0,0.0,CIPLA.NS,85
2020-05-11 00:00:00+05:30,578.8347902945943,578.8347902945943,561.9787979085493,564.4830932617188,5853892,0.0,0.0,CIPLA.NS,86
2020-05-12 00:00:00+05:30,565.3981007859902,571.9478455619909,545.363563146269,549.168212890625,8868938,0.0,0.0,CIPLA.NS,87
2020-05-13 00:00:00+05:30,577.9197673513729,582.7357654126344,547.9642829259423,549.2164306640625,10438589,0.0,0.0,CIPLA.NS,88
2020-05-14 00:00:00+05:30,549.9868972865361,556.6329971441395,545.2671963686403,548.7828979492188,8546002,0.0,0.0,CIPLA.NS,89
2020-05-15 00:00:00+05:30,550.9501340729329,563.4717280291359,544.7856335327269,549.3126831054688,14388403,0.0,0.0,CIPLA.NS,90
2020-05-18 00:00:00+05:30,549.601609170972,582.7356953652011,549.5053127369375,578.3531494140625,22898114,0.0,0.0,CIPLA.NS,91
2020-05-19 00:00:00+05:30,577.9197491582852,586.395893721466,568.4804050131739,573.0556030273438,10951060,0.0,0.0,CIPLA.NS,92
2020-05-20 00:00:00+05:30,575.0300045335061,601.3734829006299,573.4889091089917,597.8096923828125,13440063,0.0,0.0,CIPLA.NS,93
2020-05-21 00:00:00+05:30,597.8098186489161,603.7816087720049,589.7670672079886,593.9088134765625,7916771,0.0,0.0,CIPLA.NS,94
2020-05-22 00:00:00+05:30,594.0051602192549,618.2295930564321,587.6480080659165,615.8215942382812,10874832,0.0,0.0,CIPLA.NS,95
2020-05-26 00:00:00+05:30,616.447621734116,623.0937211715475,601.0845794034058,604.6002807617188,8859302,0.0,0.0,CIPLA.NS,96
2020-05-27 00:00:00+05:30,606.8156713177954,614.3286154905906,602.770221751204,609.75341796875,7710100,0.0,0.0,CIPLA.NS,97
2020-05-28 00:00:00+05:30,610.6684800589342,614.1841817326148,603.011032313007,605.2263793945312,5488625,0.0,0.0,CIPLA.NS,98
2020-05-29 00:00:00+05:30,609.705234719082,626.9946761186055,607.7788358732081,624.2977294921875,10580203,0.0,0.0,CIPLA.NS,99
2020-06-01 00:00:00+05:30,625.116448333384,628.5839428670791,611.1982044054434,618.8556518554688,7439123,0.0,0.0,CIPLA.NS,100
2020-06-02 00:00:00+05:30,621.1674515422787,634.4114461699212,612.5949515040437,614.1360473632812,6883363,0.0,0.0,CIPLA.NS,101
2020-06-03 00:00:00+05:30,623.0454958167425,625.5979976909065,611.9205547287737,617.6034545898438,5044700,0.0,0.0,CIPLA.NS,102
2020-06-04 00:00:00+05:30,619.337255211412,640.3349917640395,618.8556554795213,636.2413940429688,10452388,0.0,0.0,CIPLA.NS,103
2020-06-05 00:00:00+05:30,640.5276840230052,645.1028817660267,625.1164916254593,626.9465942382812,6481383,0.0,0.0,CIPLA.NS,104
2020-06-08 00:00:00+05:30,632.533110352604,633.5926062651237,609.7534191321539,611.7279663085938,6263334,0.0,0.0,CIPLA.NS,105
2020-06-09 00:00:00+05:30,615.3882054193593,630.2214429606481,613.606251009107,616.495849609375,8968365,0.0,0.0,CIPLA.NS,106
2020-06-10 00:00:00+05:30,622.9973566535047,626.8020060198822,616.2549608914775,619.2890625,5425984,0.0,0.0,CIPLA.NS,107
2020-06-11 00:00:00+05:30,621.889750525062,623.1418980565186,609.5126022770121,611.6316528320312,3172467,0.0,0.0,CIPLA.NS,108
2020-06-12 00:00:00+05:30,593.6198271154447,621.2636639189466,593.6198271154447,619.9151611328125,5579009,0.0,0.0,CIPLA.NS,109
2020-06-15 00:00:00+05:30,619.3372757184492,629.4508704230273,613.5580787444045,619.96337890625,4520180,0.0,0.0,CIPLA.NS,110
2020-06-16 00:00:00+05:30,620.7820615203382,626.0796586318384,609.1755196065848,614.32861328125,2927072,0.0,0.0,CIPLA.NS,111
2020-06-17 00:00:00+05:30,616.4476937221715,620.1078401458402,611.631696114967,616.7847900390625,2648039,0.0,0.0,CIPLA.NS,112
2020-06-18 00:00:00+05:30,618.0369966756393,621.0710398958748,612.9801991862134,618.4222412109375,2161524,0.0,0.0,CIPLA.NS,113
2020-06-19 00:00:00+05:30,624.9719128328389,624.9719128328389,608.2604266071447,612.7874755859375,4476020,0.0,0.0,CIPLA.NS,114
2020-06-22 00:00:00+05:30,665.5708610288278,667.0156602930003,627.6689838476473,631.8107299804688,29312493,0.0,0.0,CIPLA.NS,115
2020-06-23 00:00:00+05:30,649.1964258078254,649.1964258078254,631.2809396498085,635.5189819335938,8287482,0.0,0.0,CIPLA.NS,116
2020-06-24 00:00:00+05:30,635.7116924385159,637.8788913900108,605.1782554529804,607.9715576171875,6955942,0.0,0.0,CIPLA.NS,117
2020-06-25 00:00:00+05:30,608.7420982595801,618.3740934852063,605.9970031358899,611.535400390625,5816404,0.0,0.0,CIPLA.NS,118
2020-06-26 00:00:00+05:30,615.4844949175184,619.963396213048,608.3567949349416,611.535400390625,3847728,0.0,0.0,CIPLA.NS,119
2020-06-29 00:00:00+05:30,613.5581193979732,624.1533145524123,612.0170236183964,621.1674194335938,6772032,0.0,0.0,CIPLA.NS,120
2020-06-30 00:00:00+05:30,624.1051244304684,625.9833752031859,614.521277699141,616.6884765625,4319880,0.0,0.0,CIPLA.NS,121
2020-07-01 00:00:00+05:30,618.9519300279807,618.9519300279807,598.194994075135,604.0223388671875,4809651,0.0,0.0,CIPLA.NS,122
2020-07-02 00:00:00+05:30,606.8157113292185,630.3659518838499,602.962913162049,622.4195556640625,6169821,0.0,0.0,CIPLA.NS,123
2020-07-03 00:00:00+05:30,628.9211050849377,628.9211050849377,612.1132625919171,615.2918090820312,5379171,0.0,0.0,CIPLA.NS,124
2020-07-06 00:00:00+05:30,616.4476383548553,620.5412359533054,606.0450962154227,611.246337890625,5604802,0.0,0.0,CIPLA.NS,125
2020-07-07 00:00:00+05:30,614.4731977824778,618.9520406578356,611.8243988772848,613.1246948242188,3781547,0.0,0.0,CIPLA.NS,126
2020-07-08 00:00:00+05:30,619.7706535793926,624.1531990059659,609.2236085976442,611.0537109375,6952585,0.0,0.0,CIPLA.NS,127
2020-07-09 00:00:00+05:30,620.2523550665991,620.2523550665991,612.8357068564626,615.5326538085938,4354183,0.0,0.0,CIPLA.NS,128
2020-07-10 00:00:00+05:30,616.4476183870861,623.1900142131949,613.2690721125829,615.3881225585938,4119561,0.0,0.0,CIPLA.NS,129
2020-07-13 00:00:00+05:30,617.4108394272878,622.2268366147082,613.1727383867467,614.8583374023438,3450069,0.0,0.0,CIPLA.NS,130
2020-07-14 00:00:00+05:30,616.399505232604,620.3004512817721,608.0196581857432,609.031005859375,5432821,0.0,0.0,CIPLA.NS,131
2020-07-15 00:00:00+05:30,611.0537819068705,619.8188737780177,609.8015755346796,614.7139282226562,4253913,0.0,0.0,CIPLA.NS,132
2020-07-16 00:00:00+05:30,616.3995097719237,652.4713415166485,612.4985636940282,649.6780395507812,16098128,0.0,0.0,CIPLA.NS,133
2020-07-17 00:00:00+05:30,649.6780938341824,671.0129872955741,644.6212962172374,663.7407836914062,15244102,0.0,0.0,CIPLA.NS,134
2020-07-20 00:00:00+05:30,663.6444657443736,665.4263613312672,647.6071703062006,649.5335693359375,5469496,0.0,0.0,CIPLA.NS,135
2020-07-21 00:00:00+05:30,651.2192052867869,656.998402702575,635.711715736703,637.9270629882812,4314750,0.0,0.0,CIPLA.NS,136
2020-07-22 00:00:00+05:30,641.6353706278069,652.8566095326614,633.3036714347634,637.34912109375,5918154,0.0,0.0,CIPLA.NS,137
2020-07-23 00:00:00+05:30,639.516239037106,649.1963810320791,637.8306401249307,646.740234375,4620517,0.0,0.0,CIPLA.NS,138
2020-07-24 00:00:00+05:30,648.2333112761869,655.9389078441059,633.977969383344,641.5390625,4962702,0.0,0.0,CIPLA.NS,139
2020-07-27 00:00:00+05:30,649.148197833974,649.148197833974,626.46486545335,628.8728637695312,4465020,0.0,0.0,CIPLA.NS,140
2020-07-28 00:00:00+05:30,627.0428520976069,641.2500442150257,620.5412557048897,638.2159423828125,4583066,0.0,0.0,CIPLA.NS,141
2020-07-29 00:00:00+05:30,638.2159331751855,660.3213723493114,638.2159331751855,656.1796264648438,7288781,0.0,0.0,CIPLA.NS,142
2020-07-30 00:00:00+05:30,656.131467716975,673.228257710039,655.9388160719235,660.7066650390625,7170665,0.0,0.0,CIPLA.NS,143
2020-07-31 00:00:00+05:30,661.718045895317,697.3564268241769,661.718045895317,693.6481323242188,18897302,0.0,0.0,CIPLA.NS,144
2020-08-03 00:00:00+05:30,697.3563856741283,707.1810315947461,675.2027988364142,684.2568969726562,12500683,0.0,0.0,CIPLA.NS,145
2020-08-04 00:00:00+05:30,681.9453228950972,692.4442221445496,677.3219765315822,687.5800170898438,6970907,0.0,0.0,CIPLA.NS,146
2020-08-05 00:00:00+05:30,694.2741693619749,703.087468067995,689.6508236428458,695.5745239257812,5263136,0.0,0.0,CIPLA.NS,147
2020-08-06 00:00:00+05:30,698.2714877559036,712.478680349837,693.5999349176997,704.1951293945312,9663886,0.0,0.0,CIPLA.NS,148
2020-08-07 00:00:00+05:30,710.8412188033005,712.4305214666439,697.8380257764109,701.8353271484375,6159632,0.0,0.0,CIPLA.NS,149
2020-08-10 00:00:00+05:30,732.0316529741598,784.5260280887542,723.699953408248,766.321533203125,56895213,0.0,0.0,CIPLA.NS,150
2020-08-11 00:00:00+05:30,771.6190863172296,772.341485933226,740.4596063962019,749.3692016601562,14861526,0.0,0.0,CIPLA.NS,151
2020-08-12 00:00:00+05:30,749.3691546682646,749.3691546682646,727.7934639745441,734.0542602539062,7841540,0.0,0.0,CIPLA.NS,152
2020-08-13 00:00:00+05:30,737.7627101531746,754.0889543514822,726.3487601647131,732.2724609375,13741253,0.0,0.0,CIPLA.NS,153
2020-08-14 00:00:00+05:30,733.9579958230695,758.7603821648596,724.855749077694,743.3973388671875,16276204,0.0,0.0,CIPLA.NS,154
2020-08-17 00:00:00+05:30,750.3323609946409,752.2587598675411,737.3291686025643,743.2528686523438,6145819,0.0,0.0,CIPLA.NS,155
2020-08-18 00:00:00+05:30,743.5900250428887,750.9585248429294,734.9212294141503,736.703125,5520627,0.0,0.0,CIPLA.NS,156
2020-08-19 00:00:00+05:30,741.6636195365949,744.2642699603089,728.8049296485538,730.4423217773438,6296055,0.0,0.0,CIPLA.NS,157
2020-08-20 00:00:00+05:30,730.4423101263777,743.3492068150669,730.4423101263777,734.6322631835938,8167570,0.0,0.0,CIPLA.NS,158
2020-08-21 00:00:00+05:30,740.5559208472818,742.2415199922841,731.1165773930751,732.7540283203125,4700914,0.0,0.0,CIPLA.NS,159
2020-08-24 00:00:00+05:30,734.9212611166394,738.7740593400555,722.6404667795002,724.0852661132812,4942344,0.0,0.0,CIPLA.NS,160
2020-08-25 00:00:00+05:30,728.4196175766883,730.1052166917419,717.8244231392093,720.232421875,3424047,0.0,0.0,CIPLA.NS,161
2020-08-26 00:00:00+05:30,723.8444650415431,726.2524639272435,716.813120053105,720.4732666015625,3730702,0.0,0.0,CIPLA.NS,162
2020-08-27 00:00:00+05:30,723.1701592431341,735.8844041618518,722.3514631991422,728.3714599609375,6989194,0.0,0.0,CIPLA.NS,163
2020-08-28 00:00:00+05:30,734.9213064719934,742.6269033943735,719.221164500452,721.0512084960938,8205618,0.0,0.0,CIPLA.NS,164
2020-08-31 00:00:00+05:30,724.3260494595623,727.8898994926357,679.2483230329177,687.291015625,7649137,0.0,0.0,CIPLA.NS,165
2020-09-01 00:00:00+05:30,687.2910507038928,713.7308910155137,683.8717039419903,709.4446411132812,6260037,0.0,0.0,CIPLA.NS,166
2020-09-02 00:00:00+05:30,712.71948215867,720.9548261302066,702.3650875282094,711.08203125,5583378,0.0,0.0,CIPLA.NS,167
2020-09-03 00:00:00+05:30,715.3683430222037,718.4987416711997,707.9516944652366,711.419189453125,3560610,0.0,0.0,CIPLA.NS,168
2020-09-04 00:00:00+05:30,706.7476250113083,722.3996167066183,690.7103300048088,697.934326171875,7473315,0.0,0.0,CIPLA.NS,169
2020-09-07 00:00:00+05:30,701.209224172698,706.7957694206633,680.9820350138701,690.3732299804688,4688730,0.0,0.0,CIPLA.NS,170
2020-09-08 00:00:00+05:30,690.3732221528828,699.7162687971667,678.4777321790103,682.1378784179688,4818121,0.0,0.0,CIPLA.NS,171
2020-09-09 00:00:00+05:30,683.0529220081597,707.9034563705085,679.2482723753689,700.7757568359375,9082694,0.0,0.0,CIPLA.NS,172
2020-09-10 00:00:00+05:30,702.1724564828482,708.8185567470648,692.7812610772135,700.0534057617188,4571167,0.0,0.0,CIPLA.NS,173
2020-09-11 00:00:00+05:30,699.0902377594899,704.5804870789514,693.7444918914761,699.2347412109375,2465429,0.0,0.0,CIPLA.NS,174
2020-09-14 00:00:00+05:30,702.1724386167822,703.3764379971265,691.3364441936837,695.0447387695312,3104686,0.0,0.0,CIPLA.NS,175
2020-09-15 00:00:00+05:30,696.3932598346588,726.2524452494229,696.0561635149443,715.1275024414062,14548327,0.0,0.0,CIPLA.NS,176
2020-09-16 00:00:00+05:30,716.572229808382,728.6603709325371,705.0619848283109,724.9038696289062,6773101,0.0,0.0,CIPLA.NS,177
2020-09-17 00:00:00+05:30,723.3628216386238,733.9580160967129,719.2210755628136,723.8444213867188,7105767,0.0,0.0,CIPLA.NS,178
2020-09-18 00:00:00+05:30,751.2956031976744,789.1493314471356,747.5873086718626,776.57958984375,35527335,0.0,0.0,CIPLA.NS,179
2020-09-21 00:00:00+05:30,776.5795797227553,782.0698285092991,733.9580027891343,739.83349609375,12576400,0.0,0.0,CIPLA.NS,180
2020-09-22 00:00:00+05:30,748.454088538576,758.9529856057349,727.3600567680555,749.0320434570312,14483843,0.0,0.0,CIPLA.NS,181
2020-09-23 00:00:00+05:30,755.100241335566,755.1483895515834,733.7653494161686,739.1593017578125,6236391,0.0,0.0,CIPLA.NS,182
2020-09-24 00:00:00+05:30,736.3179270675246,738.4369778909103,703.1356899419106,706.458740234375,7123763,0.0,0.0,CIPLA.NS,183
2020-09-25 00:00:00+05:30,724.3260604194965,748.406049130251,713.1529691733203,741.7599487304688,13365087,0.0,0.0,CIPLA.NS,184
2020-09-28 00:00:00+05:30,743.686336804665,749.369237571787,727.7935444911245,746.2869873046875,9290917,0.0,0.0,CIPLA.NS,185
2020-09-29 00:00:00+05:30,748.9838971488497,757.0747963506524,731.116558432986,734.2951049804688,6582879,0.0,0.0,CIPLA.NS,186
2020-09-30 00:00:00+05:30,734.2951245795299,765.6473157315627,733.0429769715284,746.190673828125,14333215,0.0,0.0,CIPLA.NS,187
2020-10-01 00:00:00+05:30,751.10296757899,752.2588187510107,737.5700261953732,744.55322265625,5852563,0.0,0.0,CIPLA.NS,188
2020-10-05 00:00:00+05:30,747.4427981496547,755.196542223169,734.0061536158333,749.9953002929688,6798052,0.0,0.0,CIPLA.NS,189
2020-10-06 00:00:00+05:30,753.2219930867233,759.0011899646265,748.4059956884705,751.6326904296875,4789613,0.0,0.0,CIPLA.NS,190
2020-10-07 00:00:00+05:30,751.295665320306,761.5537642662555,742.6268691819947,745.1311645507812,6086371,0.0,0.0,CIPLA.NS,191
2020-10-08 00:00:00+05:30,746.4796228178587,785.5854995427684,746.3833263821406,781.5882568359375,12019967,0.0,0.0,CIPLA.NS,192
2020-10-09 00:00:00+05:30,783.0812421487962,794.6396368668595,770.8967442012233,773.59375,11673228,0.0,0.0,CIPLA.NS,193
2020-10-12 00:00:00+05:30,775.3755764264553,789.5827686653251,770.7040824940323,783.707275390625,6612623,0.0,0.0,CIPLA.NS,194
2020-10-13 00:00:00+05:30,780.1915797462693,798.540518104718,749.85079608947,758.1824951171875,13964602,0.0,0.0,CIPLA.NS,195
2020-10-14 00:00:00+05:30,759.7718237548285,765.3102213894604,738.5814328049324,752.740478515625,8675720,0.0,0.0,CIPLA.NS,196
2020-10-15 00:00:00+05:30,751.9216714855113,759.0011639022366,734.8248813087794,740.026123046875,6291141,0.0,0.0,CIPLA.NS,197
2020-10-16 00:00:00+05:30,738.7259052966073,758.5196442555646,730.4905609167824,753.5591430664062,9099048,0.0,0.0,CIPLA.NS,198
2020-10-19 00:00:00+05:30,754.1852520048931,755.244748000397,734.1025647870435,735.8844604492188,4351337,0.0,0.0,CIPLA.NS,199
2020-10-20 00:00:00+05:30,736.8475912275159,746.1906378021936,728.4677441184949,736.17333984375,6029701,0.0,0.0,CIPLA.NS,200
2020-10-21 00:00:00+05:30,743.3973496233214,743.3973496233214,728.6604092832638,738.8703002929688,6932513,0.0,0.0,CIPLA.NS,201
2020-10-22 00:00:00+05:30,736.8476538327661,741.5191481224971,716.620463335396,729.6236572265625,8429247,0.0,0.0,CIPLA.NS,202
2020-10-23 00:00:00+05:30,733.2356027567217,746.1424992798086,727.2156060181608,729.6717529296875,8515845,0.0,0.0,CIPLA.NS,203
2020-10-26 00:00:00+05:30,733.1875446239903,735.6436918372925,714.9830487342674,719.6546020507812,4665147,0.0,0.0,CIPLA.NS,204
2020-10-27 00:00:00+05:30,722.3996883938352,745.0830268515941,719.5100896402598,741.9044799804688,7003966,0.0,0.0,CIPLA.NS,205
2020-10-28 00:00:00+05:30,743.0121405633768,751.2956330013681,734.1025449156041,737.0884399414062,7050213,0.0,0.0,CIPLA.NS,206
2020-10-29 00:00:00+05:30,737.907155829826,746.1425590592054,729.1420633918525,734.2470092773438,6084020,0.0,0.0,CIPLA.NS,207
2020-10-30 00:00:00+05:30,737.5218547396288,739.2556020485163,718.5468131963428,726.7340087890625,4126276,0.0,0.0,CIPLA.NS,208
2020-11-02 00:00:00+05:30,729.6235731381942,734.2950668895403,717.0056840358379,723.6035766601562,3265890,0.0,0.0,CIPLA.NS,209
2020-11-03 00:00:00+05:30,728.2751107147091,742.1933550999828,723.1220169599444,731.3573608398438,5390467,0.0,0.0,CIPLA.NS,210
2020-11-04 00:00:00+05:30,729.9125172830201,754.955702496878,729.3346211398499,752.4032592773438,9035451,0.0,0.0,CIPLA.NS,211
2020-11-05 00:00:00+05:30,757.0747711816222,766.8030621557489,749.6581236247088,764.2987670898438,6656549,0.0,0.0,CIPLA.NS,212
2020-11-06 00:00:00+05:30,768.0552419769624,772.4859357988512,757.6044929835741,760.87939453125,7765316,0.0,0.0,CIPLA.NS,213
2020-11-09 00:00:00+05:30,765.8398576881598,774.4123562920792,724.614933066238,735.1138305664062,21178707,0.0,0.0,CIPLA.NS,214
2020-11-10 00:00:00+05:30,741.4709907563515,741.4709907563515,680.5004719099154,690.9030151367188,22558440,0.0,0.0,CIPLA.NS,215
2020-11-11 00:00:00+05:30,700.2460988392179,718.0652911755666,692.155198803315,715.0311889648438,18892977,0.0,0.0,CIPLA.NS,216
2020-11-12 00:00:00+05:30,715.0792879417369,730.9238717022838,706.5067894080861,712.4786376953125,10422659,0.0,0.0,CIPLA.NS,217
2020-11-13 00:00:00+05:30,715.1756185849156,723.3628142185476,712.9121233077003,717.2465209960938,6955531,0.0,0.0,CIPLA.NS,218
2020-11-14 00:00:00+05:30,721.9180284142694,722.303331731571,716.6204311410493,718.3060302734375,631992,0.0,0.0,CIPLA.NS,219
2020-11-17 00:00:00+05:30,719.8953690207987,724.2297670068481,706.988471502282,715.2238159179688,7313289,0.0,0.0,CIPLA.NS,220
2020-11-18 00:00:00+05:30,719.7989026798535,724.3259516353799,706.5067626656265,715.6090087890625,7190828,0.0,0.0,CIPLA.NS,221
2020-11-19 00:00:00+05:30,715.2237347103222,724.2296847766515,710.7930407877094,714.790283203125,5804230,0.0,0.0,CIPLA.NS,222
2020-11-20 00:00:00+05:30,714.6940210956103,720.9066695597058,705.3028260744752,712.6713256835938,5394676,0.0,0.0,CIPLA.NS,223
2020-11-23 00:00:00+05:30,714.3569727767763,730.1534101897747,712.1897737801638,718.8358154296875,8690680,0.0,0.0,CIPLA.NS,224
2020-11-24 00:00:00+05:30,720.7621738055384,724.3260237119274,714.3087254002986,720.9066772460938,5471533,0.0,0.0,CIPLA.NS,225
2020-11-25 00:00:00+05:30,722.4958351367666,726.7820841576072,701.4018038797361,704.724853515625,6060158,0.0,0.0,CIPLA.NS,226
2020-11-26 00:00:00+05:30,706.9883927444924,713.7307888605843,699.7643969058225,711.5154418945312,6088729,0.0,0.0,CIPLA.NS,227
2020-11-27 00:00:00+05:30,713.7308656497961,721.4364620400772,707.9516683570852,718.1615600585938,12777697,0.0,0.0,CIPLA.NS,228
2020-12-01 00:00:00+05:30,725.2892228841455,732.0316193784204,718.6913298303606,727.7935180664062,6241872,0.0,0.0,CIPLA.NS,229
2020-12-02 00:00:00+05:30,730.1052254658946,732.9948239835696,723.5073323661495,730.4423217773438,3983393,0.0,0.0,CIPLA.NS,230
2020-12-03 00:00:00+05:30,732.0316365749969,736.6549825218744,728.2269867060438,734.1025390625,3765555,0.0,0.0,CIPLA.NS,231
2020-12-04 00:00:00+05:30,734.9211804920836,742.2414727978874,729.1419837909664,738.725830078125,5423289,0.0,0.0,CIPLA.NS,232
2020-12-07 00:00:00+05:30,738.7259049520103,753.7036461626757,737.8108536237822,744.69775390625,6779545,0.0,0.0,CIPLA.NS,233
2020-12-08 00:00:00+05:30,748.4059851424813,750.765835592178,729.9125436359808,737.810791015625,4166424,0.0,0.0,CIPLA.NS,234
2020-12-09 00:00:00+05:30,741.5673190082179,745.4201170105174,731.9834722196914,734.3433227539062,4045201,0.0,0.0,CIPLA.NS,235
2020-12-10 00:00:00+05:30,734.9212808524613,739.4483306443533,727.3119806412575,734.6804809570312,3679209,0.0,0.0,CIPLA.NS,236
2020-12-11 00:00:00+05:30,735.8844010172608,737.9070964049682,725.2892067617767,728.0343017578125,3178041,0.0,0.0,CIPLA.NS,237
2020-12-14 00:00:00+05:30,749.6581623870267,764.1061549505273,747.7799115959651,760.2533569335938,19785595,0.0,0.0,CIPLA.NS,238
2020-12-15 00:00:00+05:30,760.2533283522658,768.6331754818666,750.5731854564468,752.8848876953125,8249684,0.0,0.0,CIPLA.NS,239
2020-12-16 00:00:00+05:30,761.2647446109083,761.2647446109083,753.5109999526737,757.8453979492188,3817724,0.0,0.0,CIPLA.NS,240
2020-12-17 00:00:00+05:30,761.6499515778936,765.5990457372358,752.3550535346483,754.3778076171875,3984988,0.0,0.0,CIPLA.NS,241
2020-12-18 00:00:00+05:30,755.3891637118328,766.7067571751596,752.7403652416925,764.2506103515625,6487014,0.0,0.0,CIPLA.NS,242
2020-12-21 00:00:00+05:30,763.8171610161518,786.8376513013548,732.03157928408,749.8507690429688,14465355,0.0,0.0,CIPLA.NS,243
2020-12-22 00:00:00+05:30,753.2219979915978,768.633189766362,733.0911052201998,765.7435913085938,6139589,0.0,0.0,CIPLA.NS,244
2020-12-23 00:00:00+05:30,767.0438384453919,796.5659243319512,763.094744319212,794.3024291992188,8520251,0.0,0.0,CIPLA.NS,245
2020-12-24 00:00:00+05:30,798.2997404462021,804.1752927182274,785.296547088632,802.537841796875,7294578,0.0,0.0,CIPLA.NS,246
2020-12-28 00:00:00+05:30,806.7758869827276,808.1243898138822,794.8322483184926,799.60009765625,4810932,0.0,0.0,CIPLA.NS,247
2020-12-29 00:00:00+05:30,799.6001298691602,804.9940238330137,787.4156320472493,797.4810791015625,3311293,0.0,0.0,CIPLA.NS,248
2020-12-30 00:00:00+05:30,799.4556135192798,799.4556135192798,786.018968257143,793.4837646484375,2715404,0.0,0.0,CIPLA.NS,249
2020-12-31 00:00:00+05:30,793.6763365895093,802.6822278155387,786.356044379295,789.775390625,4842886,0.0,0.0,CIPLA.NS,250
2021-01-01 00:00:00+05:30,792.5205785627819,798.4442793152355,790.4497348021858,796.1807250976562,2474916,0.0,0.0,CIPLA.NS,251
2021-01-04 00:00:00+05:30,800.4187423875649,806.4868871604951,796.1324930802708,801.6227416992188,3487801,0.0,0.0,CIPLA.NS,252
2021-01-05 00:00:00+05:30,801.6227600521895,812.6995539730068,794.9285119683244,796.8067626953125,4559213,0.0,0.0,CIPLA.NS,253
2021-01-06 00:00:00+05:30,798.4923488863711,803.6936494634863,785.2483563686538,794.4468994140625,3318460,0.0,0.0,CIPLA.NS,254
2021-01-07 00:00:00+05:30,799.45561853156,799.8890700825467,787.8972240467665,796.132568359375,2879675,0.0,0.0,CIPLA.NS,255
2021-01-08 00:00:00+05:30,800.1297926054295,815.0593840381226,796.9512461872425,807.8353881835938,5072916,0.0,0.0,CIPLA.NS,256
2021-01-11 00:00:00+05:30,808.12435679265,828.3515456992599,802.1043600942543,825.3174438476562,5332109,0.0,0.0,CIPLA.NS,257
2021-01-12 00:00:00+05:30,828.3516548587428,832.7823494970232,810.0508624839566,812.1217651367188,4338010,0.0,0.0,CIPLA.NS,258
2021-01-13 00:00:00+05:30,816.1671400058839,820.6460415652526,801.8636497688648,810.72509765625,3596529,0.0,0.0,CIPLA.NS,259
2021-01-14 00:00:00+05:30,810.725015601083,816.3597090540856,798.4923704242325,809.9544677734375,3652930,0.0,0.0,CIPLA.NS,260
2021-01-15 00:00:00+05:30,808.124329804429,813.8072300135398,790.7867398920574,793.3873901367188,3137877,0.0,0.0,CIPLA.NS,261
2021-01-18 00:00:00+05:30,791.7499675697205,796.228868639103,766.8994329001558,772.2451782226562,3742440,0.0,0.0,CIPLA.NS,262
2021-01-19 00:00:00+05:30,772.967569586719,795.0248608201326,772.967569586719,792.1834106445312,3791378,0.0,0.0,CIPLA.NS,263
2021-01-20 00:00:00+05:30,792.2315838249505,804.1752810663131,792.0389321683417,802.1525268554688,3056546,0.0,0.0,CIPLA.NS,264
2021-01-21 00:00:00+05:30,804.2715192200477,808.4132649863694,779.2283341904414,782.84033203125,3326213,0.0,0.0,CIPLA.NS,265
2021-01-22 00:00:00+05:30,785.7781959802546,792.2316448450059,768.874055316141,778.55419921875,3883231,0.0,0.0,CIPLA.NS,266
2021-01-25 00:00:00+05:30,783.0811742790787,825.4619512388321,778.505976766378,806.0053100585938,10704200,0.0,0.0,CIPLA.NS,267
2021-01-27 00:00:00+05:30,808.9911885083076,824.9321266024244,794.8321457642035,811.4954833984375,7410174,0.0,0.0,CIPLA.NS,268
2021-01-28 00:00:00+05:30,804.7532239741505,817.6119144502239,795.3138801425539,810.917724609375,4489853,0.0,0.0,CIPLA.NS,269
2021-01-29 00:00:00+05:30,816.7450690520733,819.5383124697937,790.546029570457,795.5065307617188,7185812,0.0,0.0,CIPLA.NS,270
2021-02-01 00:00:00+05:30,785.0075518136539,800.4187430149035,751.2474228462222,776.7240600585938,13856367,0.0,0.0,CIPLA.NS,271
2021-02-02 00:00:00+05:30,777.301995885327,795.9398826799758,772.0043986395162,791.3646850585938,8486828,0.0,0.0,CIPLA.NS,272
2021-02-03 00:00:00+05:30,795.602803542188,846.5560816672222,793.8690561639462,817.9971923828125,15674616,0.0,0.0,CIPLA.NS,273
2021-02-04 00:00:00+05:30,816.3597110155371,824.9803581562958,801.9598669700057,803.7418212890625,4639606,0.0,0.0,CIPLA.NS,274
2021-02-05 00:00:00+05:30,808.702260359853,823.4392594435961,799.9371686023986,816.5042114257812,7381183,0.0,0.0,CIPLA.NS,275
2021-02-08 00:00:00+05:30,820.6459985430805,827.6291951269271,810.0989519448434,816.07080078125,4244906,0.0,0.0,CIPLA.NS,276
2021-02-09 00:00:00+05:30,816.7931903400653,825.3174825491096,808.1243946878712,810.773193359375,4200281,0.0,0.0,CIPLA.NS,277
2021-02-10 00:00:00+05:30,816.4079257583331,835.0940207887122,810.050832160677,831.6265258789062,5665209,0.0,0.0,CIPLA.NS,278
2021-02-11 00:00:00+05:30,836.0571217515088,842.7032214653755,824.498728363239,828.1588745117188,5347864,0.0,0.0,CIPLA.NS,279
2021-02-12 00:00:00+05:30,827.3883837051703,832.5414775968012,814.3851902476385,817.3229370117188,2473012,0.0,0.0,CIPLA.NS,280
2021-02-15 00:00:00+05:30,818.8159157618144,825.076712850749,811.0140229050638,813.2293701171875,2531913,0.0,0.0,CIPLA.NS,281
2021-02-16 00:00:00+05:30,818.7195516687596,820.8867504820004,810.2915562839341,817.1302490234375,2808115,0.0,0.0,CIPLA.NS,282
2021-02-17 00:00:00+05:30,818.1897933612097,823.2465905281034,802.3451504804701,804.94580078125,2539649,0.0,0.0,CIPLA.NS,283
2021-02-18 00:00:00+05:30,804.271602781183,812.4106505192304,792.2316087275725,795.0730590820312,4114251,0.0,0.0,CIPLA.NS,284
2021-02-19 00:00:00+05:30,793.4838050612701,795.0731078895233,769.5964671503313,777.63916015625,3834443,0.0,0.0,CIPLA.NS,285
2021-02-22 00:00:00+05:30,781.5400558535764,787.4155489724998,757.1229145661496,763.2874145507812,4090429,0.0,0.0,CIPLA.NS,286
2021-02-23 00:00:00+05:30,765.7435362115299,773.5936349725796,759.38644357746,761.8425903320312,3264477,0.0,0.0,CIPLA.NS,287
2021-02-24 00:00:00+05:30,764.7803612294285,768.7294554481252,747.6835710382165,760.0125122070312,1587082,0.0,0.0,CIPLA.NS,288
2021-02-25 00:00:00+05:30,765.7436279117763,784.0444190191017,761.3610817991446,779.3729248046875,5478169,0.0,0.0,CIPLA.NS,289
2021-02-26 00:00:00+05:30,775.375625037466,789.8236180505864,751.2956366822651,758.086181640625,7549015,0.0,0.0,CIPLA.NS,290
2021-03-01 00:00:00+05:30,765.743573283108,771.0411703309786,753.2219802608685,760.7349243164062,2748271,0.0,0.0,CIPLA.NS,291
2021-03-02 00:00:00+05:30,763.4319115702868,785.0076042076817,761.698164202236,781.9253540039062,4275166,0.0,0.0,CIPLA.NS,292
2021-03-03 00:00:00+05:30,787.8489970680521,788.0416487146799,777.8798475480904,782.5995483398438,3265559,0.0,0.0,CIPLA.NS,293
2021-03-04 00:00:00+05:30,777.6873214697649,787.8972129384393,774.1234714627257,777.0612182617188,3640996,0.0,0.0,CIPLA.NS,294
2021-03-05 00:00:00+05:30,776.8203152041401,782.1179118980307,770.8003189610826,775.52001953125,3832170,0.0,0.0,CIPLA.NS,295
2021-03-08 00:00:00+05:30,778.2170296830226,788.8603721526732,776.5314305972263,779.4691772460938,2915298,0.0,0.0,CIPLA.NS,296
2021-03-09 00:00:00+05:30,782.6959334604975,786.6450869022697,762.9503426187423,767.6700439453125,2783825,0.0,0.0,CIPLA.NS,297
2021-03-10 00:00:00+05:30,776.3387955939891,784.7667912037253,771.5227981027112,782.5032958984375,2512573,0.0,0.0,CIPLA.NS,298
2021-03-12 00:00:00+05:30,786.4523923895193,788.5714430490489,772.4859996281623,776.2906494140625,2082799,0.0,0.0,CIPLA.NS,299
2021-03-15 00:00:00+05:30,778.1689412088534,779.1321407603984,760.9276457205831,775.8572387695312,2651062,0.0,0.0,CIPLA.NS,300
2021-03-16 00:00:00+05:30,775.4718240316164,778.7467255520222,758.0379381687588,763.1428833007812,3671229,0.0,0.0,CIPLA.NS,301
2021-03-17 00:00:00+05:30,765.5509298743584,765.5509298743584,741.6635946864201,743.7344970703125,3246092,0.0,0.0,CIPLA.NS,302
2021-03-18 00:00:00+05:30,747.442792969953,749.802643442677,723.2183026461006,727.360107421875,2894624,0.0,0.0,CIPLA.NS,303
2021-03-19 00:00:00+05:30,723.3628162590301,739.0148079557134,710.9375193349734,732.65771484375,5262000,0.0,0.0,CIPLA.NS,304
2021-03-22 00:00:00+05:30,733.9580006087326,755.7262852476576,730.779454096186,744.40869140625,3563266,0.0,0.0,CIPLA.NS,305
2021-03-23 00:00:00+05:30,746.4796275793665,750.7177289805917,740.122534266562,747.5391235351562,2118532,0.0,0.0,CIPLA.NS,306
2021-03-24 00:00:00+05:30,749.176607132433,769.3075014822026,744.2161646644238,763.7691040039062,6904173,0.0,0.0,CIPLA.NS,307
2021-03-25 00:00:00+05:30,767.5737073115599,772.7749493533597,754.474158799811,758.27880859375,5292130,0.0,0.0,CIPLA.NS,308
2021-03-26 00:00:00+05:30,761.8907819126973,769.5963776842543,752.4995870661122,758.471435546875,2934548,0.0,0.0,CIPLA.NS,309
2021-03-30 00:00:00+05:30,761.1683681474944,785.8744576460016,761.1683681474944,782.3106079101562,4453933,0.0,0.0,CIPLA.NS,310
2021-03-31 00:00:00+05:30,781.1547874372558,793.6282326072845,775.3755904895079,785.1038818359375,3075406,0.0,0.0,CIPLA.NS,311
2021-04-01 00:00:00+05:30,789.3419472863,793.6763448003798,781.7326481348596,788.1860961914062,1910949,0.0,0.0,CIPLA.NS,312
2021-04-05 00:00:00+05:30,794.6395608774588,796.5659598129193,776.435067421745,789.582763671875,2920638,0.0,0.0,CIPLA.NS,313
2021-04-06 00:00:00+05:30,793.6764353571908,813.9036260641095,791.6055327930112,805.3793334960938,4569120,0.0,0.0,CIPLA.NS,314
2021-04-07 00:00:00+05:30,805.379320220884,813.8073162098466,799.6964194098554,809.9063110351562,2404472,0.0,0.0,CIPLA.NS,315
2021-04-08 00:00:00+05:30,811.9772376561108,819.1530862117094,807.5465431489281,811.0140380859375,2459821,0.0,0.0,CIPLA.NS,316
2021-04-09 00:00:00+05:30,809.9544611388982,859.4628788252098,805.8608633747182,850.5532836914062,11189432,0.0,0.0,CIPLA.NS,317
2021-04-12 00:00:00+05:30,857.2474660333006,905.4074360351715,846.796776058505,869.191162109375,30141861,0.0,0.0,CIPLA.NS,318
2021-04-13 00:00:00+05:30,888.021788059411,898.2798274295324,845.9781064977383,852.6242065429688,11667200,0.0,0.0,CIPLA.NS,319
2021-04-15 00:00:00+05:30,865.7237108151797,891.3448531429401,851.3720733401153,880.5570068359375,13218002,0.0,0.0,CIPLA.NS,320
2021-04-16 00:00:00+05:30,885.902697593879,909.5010842109489,877.3784059437328,903.5292358398438,13746268,0.0,0.0,CIPLA.NS,321
2021-04-19 00:00:00+05:30,910.4642992866633,919.8554941219396,889.9963105431123,911.4756469726562,17805574,0.0,0.0,CIPLA.NS,322
2021-04-20 00:00:00+05:30,929.5838361154844,930.7878355192133,906.4670475638873,914.3652954101562,10205616,0.0,0.0,CIPLA.NS,323
2021-04-22 00:00:00+05:30,923.515594486414,927.7055472474841,904.2997542507486,909.5973510742188,8522208,0.0,0.0,CIPLA.NS,324
2021-04-23 00:00:00+05:30,909.5974292646638,917.7846250592657,888.7923434669352,901.16943359375,7972589,0.0,0.0,CIPLA.NS,325
2021-04-26 00:00:00+05:30,901.1693870724708,905.4074881923874,868.9504123164227,872.080810546875,10255697,0.0,0.0,CIPLA.NS,326
2021-04-27 00:00:00+05:30,879.401138368515,885.661935081982,867.8427444359606,878.8232421875,5669049,0.0,0.0,CIPLA.NS,327
2021-04-28 00:00:00+05:30,880.7014050939433,884.2171066479704,869.720966493955,876.7041625976562,7251009,0.0,0.0,CIPLA.NS,328
2021-04-29 00:00:00+05:30,878.3897686951434,883.6392175660679,870.7323211484763,873.1403198242188,4953091,0.0,0.0,CIPLA.NS,329
2021-04-30 00:00:00+05:30,867.6020016092336,887.106792652905,867.6020016092336,876.8486938476562,6459737,0.0,0.0,CIPLA.NS,330
2021-05-03 00:00:00+05:30,885.2766025411959,890.381606724091,873.0440163976601,876.7041625976562,6330144,0.0,0.0,CIPLA.NS,331
2021-05-04 00:00:00+05:30,879.3048544399991,879.3048544399991,843.7627690763087,846.1226196289062,8347795,0.0,0.0,CIPLA.NS,332
2021-05-05 00:00:00+05:30,852.4315639079587,865.9163570093275,837.0203717921086,855.947265625,10491085,0.0,0.0,CIPLA.NS,333
2021-05-06 00:00:00+05:30,873.6219650918657,882.9650121985048,848.482481122476,851.75732421875,17973153,0.0,0.0,CIPLA.NS,334
2021-05-07 00:00:00+05:30,860.137104355113,862.5451029675294,844.7259132356486,850.4088134765625,5479029,0.0,0.0,CIPLA.NS,335
2021-05-10 00:00:00+05:30,859.6555651045283,873.092210064809,845.2075724136959,867.120361328125,8379304,0.0,0.0,CIPLA.NS,336
2021-05-11 00:00:00+05:30,866.8313844609722,872.6105813454869,855.5137905621309,858.1144409179688,5864464,0.0,0.0,CIPLA.NS,337
2021-05-12 00:00:00+05:30,856.5733230983491,873.381166513909,851.7573254886777,865.5310668945312,5224240,0.0,0.0,CIPLA.NS,338
2021-05-14 00:00:00+05:30,875.5483669778905,887.1067612614271,867.650119126334,870.780517578125,15048471,0.0,0.0,CIPLA.NS,339
2021-05-17 00:00:00+05:30,862.0635648728135,871.6955600110572,837.9835770272042,848.7714233398438,14122085,0.0,0.0,CIPLA.NS,340
2021-05-18 00:00:00+05:30,854.3579940248488,855.6582898913473,846.122649695945,851.8536987304688,5129966,0.0,0.0,CIPLA.NS,341
2021-05-19 00:00:00+05:30,855.1765968531492,872.6105419409205,848.578704223549,870.6841430664062,7242643,0.0,0.0,CIPLA.NS,342
2021-05-20 00:00:00+05:30,872.6587226745999,893.7528146522139,871.6955232014491,890.18896484375,12378690,0.0,0.0,CIPLA.NS,343
2021-05-21 00:00:00+05:30,895.7755678956008,900.591565572459,888.3589197154326,892.7896728515625,6740711,0.0,0.0,CIPLA.NS,344
2021-05-24 00:00:00+05:30,896.7386923238256,910.7050844169463,892.067198484152,896.9794921875,6420035,0.0,0.0,CIPLA.NS,345
2021-05-25 00:00:00+05:30,905.0704386212274,905.407534932451,895.775539879978,901.16943359375,3695242,0.0,0.0,CIPLA.NS,346
2021-05-26 00:00:00+05:30,906.3706797358896,916.9177254396124,904.4924290562082,910.3679809570312,5445187,0.0,0.0,CIPLA.NS,347
2021-05-27 00:00:00+05:30,911.1867221798273,913.835520790815,899.67647645791,907.6710205078125,6249606,0.0,0.0,CIPLA.NS,348
2021-05-28 00:00:00+05:30,905.6002066052074,912.4870479465064,896.7387592032866,899.9654541015625,2156991,0.0,0.0,CIPLA.NS,349
2021-05-31 00:00:00+05:30,899.9653990982885,916.0026937505424,889.9963081235554,914.4133911132812,3183414,0.0,0.0,CIPLA.NS,350
2021-06-01 00:00:00+05:30,916.9658622949644,922.7450589060671,908.8268153098558,911.6201171875,2904962,0.0,0.0,CIPLA.NS,351
2021-06-02 00:00:00+05:30,911.6202538590227,925.153196194429,911.6202538590227,919.566650390625,2449102,0.0,0.0,CIPLA.NS,352
2021-06-03 00:00:00+05:30,919.8555396170783,924.382589109126,911.1867439557656,913.3539428710938,2258695,0.0,0.0,CIPLA.NS,353
2021-06-04 00:00:00+05:30,913.1130560154904,916.4842540071088,902.0362626144586,911.5719604492188,3057699,0.0,0.0,CIPLA.NS,354
2021-06-07 00:00:00+05:30,916.7251509041977,916.7251509041977,903.0477058468484,905.2149047851562,2028426,0.0,0.0,CIPLA.NS,355
2021-06-08 00:00:00+05:30,905.2149051127903,919.8555497035754,897.5574571035245,918.6515502929688,2278534,0.0,0.0,CIPLA.NS,356
2021-06-09 00:00:00+05:30,919.6628625055093,939.1195039869425,915.2321683612861,923.3712158203125,5498857,0.0,0.0,CIPLA.NS,357
2021-06-10 00:00:00+05:30,925.5865449760109,939.1194858085746,924.6714937192119,938.3489379882812,4754350,0.0,0.0,CIPLA.NS,358
2021-06-11 00:00:00+05:30,939.119504865092,946.1508494001218,929.9691096894835,932.2326049804688,3480545,0.0,0.0,CIPLA.NS,359
2021-06-14 00:00:00+05:30,936.9041229692788,942.9722677866064,921.7818797464579,940.2271728515625,2377279,0.0,0.0,CIPLA.NS,360
2021-06-15 00:00:00+05:30,939.1194717378025,942.8277661362323,931.5583795066023,934.0145263671875,1289684,0.0,0.0,CIPLA.NS,361
2021-06-16 00:00:00+05:30,933.340331776073,935.4112342527993,918.6996873629555,921.5411376953125,1684500,0.0,0.0,CIPLA.NS,362
2021-06-17 00:00:00+05:30,919.8555361186981,924.4307338114351,908.7787417047033,915.95458984375,2429291,0.0,0.0,CIPLA.NS,363
2021-06-18 00:00:00+05:30,915.9546050644817,932.0400489777346,910.5606524215705,925.5384521484375,4978288,0.0,0.0,CIPLA.NS,364
2021-06-21 00:00:00+05:30,922.7450766627987,927.2721258530839,915.5210807599063,924.8159790039062,1625660,0.0,0.0,CIPLA.NS,365
2021-06-22 00:00:00+05:30,921.0114715405011,925.5385214294306,914.2209261016261,920.67431640625,2344400,0.0,0.0,CIPLA.NS,366
2021-06-23 00:00:00+05:30,920.8187343484893,930.4507294776575,919.0849869830456,922.5043334960938,1807471,0.0,0.0,CIPLA.NS,367
2021-06-24 00:00:00+05:30,922.5525358966623,923.4194390248149,909.2603935955516,915.906494140625,1769651,0.0,0.0,CIPLA.NS,368
2021-06-25 00:00:00+05:30,916.0028019671546,925.6347977817409,914.0282545829718,921.8782958984375,2134441,0.0,0.0,CIPLA.NS,369
2021-06-28 00:00:00+05:30,926.5979661961373,935.6038584642384,921.8782648901272,927.6093139648438,1759671,0.0,0.0,CIPLA.NS,370
2021-06-29 00:00:00+05:30,928.5243428471169,952.6043309914924,924.7196929624989,943.5502319335938,4300755,0.0,0.0,CIPLA.NS,371
2021-06-30 00:00:00+05:30,955.6865438067575,960.309889591619,933.4848073648778,936.1336059570312,7195632,0.0,0.0,CIPLA.NS,372
2021-07-01 00:00:00+05:30,941.2386244170018,943.9355714347224,931.6066287901169,942.10546875,2291137,0.0,0.0,CIPLA.NS,373
2021-07-02 00:00:00+05:30,945.7174214718715,949.5220713186943,939.2158247374767,943.1649780273438,1421148,0.0,0.0,CIPLA.NS,374
2021-07-05 00:00:00+05:30,943.2612606000686,947.6438065765911,937.2894119295502,938.83056640625,1286458,0.0,0.0,CIPLA.NS,375
2021-07-06 00:00:00+05:30,939.1195462778253,939.1195462778253,929.2467510477251,933.4366455078125,1157576,0.0,0.0,CIPLA.NS,376
2021-07-07 00:00:00+05:30,932.3770614304423,933.2921126596931,925.6346653250567,929.6801147460938,1740439,0.0,0.0,CIPLA.NS,377
2021-07-08 00:00:00+05:30,929.9691388049783,932.3771376107914,910.0308969350401,915.6656494140625,1662518,0.0,0.0,CIPLA.NS,378
2021-07-09 00:00:00+05:30,916.9659373840846,930.0654272596727,914.9913901380704,924.4788818359375,1301555,0.0,0.0,CIPLA.NS,379
2021-07-12 00:00:00+05:30,924.6715420182725,932.328989983418,920.6742404824759,924.5270385742188,1122802,0.0,0.0,CIPLA.NS,380
2021-07-13 00:00:00+05:30,926.790536515394,934.1589771455258,920.8668362930068,930.1135864257812,1317621,0.0,0.0,CIPLA.NS,381
2021-07-14 00:00:00+05:30,925.7310304390514,942.3944290813647,925.7310304390514,941.1904296875,1729994,0.0,0.0,CIPLA.NS,382
2021-07-15 00:00:00+05:30,942.9723582076676,944.8987573051297,936.2781095861801,937.7710571289062,979315,0.0,0.0,CIPLA.NS,383
2021-07-16 00:00:00+05:30,937.771024377698,953.4712235049196,937.771024377698,941.1904296875,2087320,0.0,0.0,CIPLA.NS,384
2021-07-19 00:00:00+05:30,936.3262084733764,947.4030027001775,935.5075124157038,938.1563110351562,854347,0.0,0.0,CIPLA.NS,385
2021-07-20 00:00:00+05:30,936.2299497136527,938.2526452251982,917.5920621933002,920.0000610351562,1520300,0.0,0.0,CIPLA.NS,386
2021-07-22 00:00:00+05:30,922.8414878109398,923.6602427217978,911.8128997261174,914.9432983398438,1783069,0.0,0.0,CIPLA.NS,387
2021-07-23 00:00:00+05:30,916.9658960269976,922.4561447673183,912.1017504581899,913.1130981445312,1056183,0.0,0.0,CIPLA.NS,388
2021-07-26 00:00:00+05:30,913.1131279299588,924.6715219543886,912.149928427923,915.5692749023438,1306026,0.0,0.0,CIPLA.NS,389
2021-07-27 00:00:00+05:30,917.447583860676,923.2267812393259,875.548402865464,879.4974975585938,3366104,0.0,0.0,CIPLA.NS,390
2021-07-28 00:00:00+05:30,887.684684966249,887.684684966249,854.0209076035525,857.1513061523438,5094903,0.0,0.0,CIPLA.NS,391
2021-07-29 00:00:00+05:30,861.437434619909,866.8313870013491,839.9099496776147,850.6014404296875,4929314,0.0,0.0,CIPLA.NS,392
2021-07-30 00:00:00+05:30,852.5278762613484,895.6792620226711,845.4483832665554,886.1917114257812,6280365,0.0,0.0,CIPLA.NS,393
2021-08-02 00:00:00+05:30,894.1381652707211,899.243111326391,879.7865266911593,887.1549682617188,2981630,0.0,0.0,CIPLA.NS,394
2021-08-03 00:00:00+05:30,890.959489531335,895.3420352625752,884.698693118412,893.9935913085938,2014511,0.0,0.0,CIPLA.NS,395
2021-08-04 00:00:00+05:30,893.9936403095462,907.8155296323679,892.8859373678567,905.0704345703125,2517694,0.0,0.0,CIPLA.NS,396
2021-08-05 00:00:00+05:30,909.4529745323016,917.9291183267252,897.7019289407218,910.6088256835938,4022548,0.0,0.0,CIPLA.NS,397
2021-08-06 00:00:00+05:30,904.4443091530835,904.4443091530835,875.5483248350936,877.763671875,9727673,0.0,0.0,CIPLA.NS,398
2021-08-09 00:00:00+05:30,883.3810434908653,891.0323229528723,869.1439438822026,889.724853515625,3310964,5.0,0.0,CIPLA.NS,399
2021-08-10 00:00:00+05:30,891.0323181361631,894.7126571927479,876.5046172969865,883.8652954101562,2552532,0.0,0.0,CIPLA.NS,400
2021-08-11 00:00:00+05:30,884.155917494283,885.2212586021772,862.9938639732455,881.201904296875,2174054,0.0,0.0,CIPLA.NS,401
2021-08-12 00:00:00+05:30,883.2842175947509,887.3519856826632,875.2455682265949,876.795166015625,2127392,0.0,0.0,CIPLA.NS,402
2021-08-13 00:00:00+05:30,877.4731968731767,882.2673503343963,864.2529644669909,866.2384643554688,2919925,0.0,0.0,CIPLA.NS,403
2021-08-16 00:00:00+05:30,867.7880224458204,872.7274172318056,858.1513021149594,860.2820434570312,1954152,0.0,0.0,CIPLA.NS,404
2021-08-17 00:00:00+05:30,862.9454782979595,877.7637221632305,861.8801371552851,876.1657104492188,3767678,0.0,0.0,CIPLA.NS,405
2021-08-18 00:00:00+05:30,871.8557928195147,882.0251837331637,871.6620783127715,880.2333984375,2323095,0.0,0.0,CIPLA.NS,406
2021-08-20 00:00:00+05:30,880.2819479824445,880.4271895401116,859.0714785862069,862.8002319335938,2354874,0.0,0.0,CIPLA.NS,407
2021-08-23 00:00:00+05:30,869.7251308313596,879.4102659185685,860.6695531701686,870.0640869140625,2081206,0.0,0.0,CIPLA.NS,408
2021-08-24 00:00:00+05:30,874.5676026609772,890.5964876534081,869.3860796017433,888.75634765625,2588128,0.0,0.0,CIPLA.NS,409
2021-08-25 00:00:00+05:30,888.1267779683277,894.5189426922191,877.4247168394742,883.8652954101562,1697757,0.0,0.0,CIPLA.NS,410
2021-08-26 00:00:00+05:30,883.8653178223459,887.8846721351167,877.7636951378461,882.6062622070312,1522032,0.0,0.0,CIPLA.NS,411
2021-08-27 00:00:00+05:30,885.0274889571953,896.3106931497999,878.9258666641828,894.8095092773438,1878603,0.0,0.0,CIPLA.NS,412
2021-08-30 00:00:00+05:30,894.9063652020601,907.0127824802265,891.468154517734,905.2694702148438,2016968,0.0,0.0,CIPLA.NS,413
2021-08-31 00:00:00+05:30,905.5600709780018,919.7972304406507,901.0080459643154,917.95703125,2463088,0.0,0.0,CIPLA.NS,414
2021-09-01 00:00:00+05:30,919.1191898213582,924.8334423602195,891.0323020396728,893.7925415039062,4434153,0.0,0.0,CIPLA.NS,415
2021-09-02 00:00:00+05:30,897.8119207969731,929.7728629612667,894.3252962062151,925.1724243164062,3688123,0.0,0.0,CIPLA.NS,416
2021-09-03 00:00:00+05:30,925.9956578529515,932.6784241008907,901.3470385877084,911.4679565429688,3110583,0.0,0.0,CIPLA.NS,417
2021-09-06 00:00:00+05:30,916.0683643996254,927.8358257092382,912.9691688487006,920.2814331054688,1699875,0.0,0.0,CIPLA.NS,418
2021-09-07 00:00:00+05:30,920.2814182601771,927.1578395587443,914.325037374681,920.5719604492188,1113880,0.0,0.0,CIPLA.NS,419
2021-09-08 00:00:00+05:30,918.1507155407065,923.1385832630943,910.4026082365656,921.8310546875,1600457,0.0,0.0,CIPLA.NS,420
2021-09-09 00:00:00+05:30,921.2015753579677,922.1216158285375,896.8434388749265,919.4097900390625,3769007,0.0,0.0,CIPLA.NS,421
2021-09-13 00:00:00+05:30,916.2137239292166,923.8650038314787,912.8723407032068,920.5236206054688,865538,0.0,0.0,CIPLA.NS,422
2021-09-14 00:00:00+05:30,924.7366225510394,928.1748334472875,919.7003408302264,923.1386108398438,1373821,0.0,0.0,CIPLA.NS,423
2021-09-15 00:00:00+05:30,924.9303871298605,926.4799850755144,918.4413348948613,922.9449462890625,2509424,0.0,0.0,CIPLA.NS,424
2021-09-16 00:00:00+05:30,924.4461097637312,934.4217867106395,920.281513653473,923.9618530273438,3574908,0.0,0.0,CIPLA.NS,425
2021-09-17 00:00:00+05:30,929.772859395227,932.1941428832354,918.1991124998735,924.0101928710938,2006356,0.0,0.0,CIPLA.NS,426
2021-09-20 00:00:00+05:30,922.9931889292204,922.9931889292204,900.5236682050182,908.5623168945312,2308294,0.0,0.0,CIPLA.NS,427
2021-09-21 00:00:00+05:30,905.5600567822949,928.8043790954233,903.6230299228675,925.9956665039062,2438464,0.0,0.0,CIPLA.NS,428
2021-09-22 00:00:00+05:30,922.2668829671942,943.5741777167644,921.6857985739161,933.1626586914062,2267730,0.0,0.0,CIPLA.NS,429
2021-09-23 00:00:00+05:30,935.0512728124377,939.457996954862,929.2886062661753,937.6177978515625,1297533,0.0,0.0,CIPLA.NS,430
2021-09-24 00:00:00+05:30,939.0705606584794,952.4360927505262,930.2086985951665,937.1820068359375,1803409,0.0,0.0,CIPLA.NS,431
2021-09-27 00:00:00+05:30,934.6153862735378,939.5063668868042,922.315254859493,932.3878173828125,1217035,0.0,0.0,CIPLA.NS,432
2021-09-28 00:00:00+05:30,930.2571229473078,946.2375940859133,920.8625311219391,940.426513671875,1542732,0.0,0.0,CIPLA.NS,433
2021-09-29 00:00:00+05:30,939.9422291354749,973.3559405266897,934.7607062317485,956.5037841796875,4052980,0.0,0.0,CIPLA.NS,434
2021-09-30 00:00:00+05:30,956.8913177047008,968.2713510883347,945.6081120236641,952.5814208984375,2312926,0.0,0.0,CIPLA.NS,435
2021-10-01 00:00:00+05:30,949.1430935243384,960.6684261624796,942.4603276898927,955.1478881835938,1948517,0.0,0.0,CIPLA.NS,436
2021-10-04 00:00:00+05:30,954.9542567160983,965.5594907609235,924.8335122236462,927.3516235351562,4097873,0.0,0.0,CIPLA.NS,437
2021-10-05 00:00:00+05:30,931.5161344728285,931.6130212764983,899.2162376784205,905.1241455078125,4986700,0.0,0.0,CIPLA.NS,438
2021-10-06 00:00:00+05:30,906.0927216495749,908.9982619204495,882.4610295811489,884.6885986328125,2615582,0.0,0.0,CIPLA.NS,439
2021-10-07 00:00:00+05:30,891.0323659900018,893.2115212329122,869.7250702815453,887.2067260742188,7008049,0.0,0.0,CIPLA.NS,440
2021-10-08 00:00:00+05:30,893.9378856292584,900.1848090037291,882.9452819702805,888.2236328125,2075219,0.0,0.0,CIPLA.NS,441
2021-10-11 00:00:00+05:30,893.7440988508482,894.0831139880639,881.3471399142869,884.9790649414062,1449593,0.0,0.0,CIPLA.NS,442
2021-10-12 00:00:00+05:30,884.7369936212782,895.5843555573159,879.2648692491003,887.10986328125,1164581,0.0,0.0,CIPLA.NS,443
2021-10-13 00:00:00+05:30,892.6304074438972,895.3422331676197,883.332643245376,884.7369995117188,1821818,0.0,0.0,CIPLA.NS,444
2021-10-14 00:00:00+05:30,888.5626302915565,891.5165843376826,881.2503659472015,882.6546630859375,913675,0.0,0.0,CIPLA.NS,445
2021-10-18 00:00:00+05:30,882.6546231713038,887.0614062309265,871.1777635503113,875.2939453125,1913667,0.0,0.0,CIPLA.NS,446
2021-10-19 00:00:00+05:30,877.4730945894712,888.417283615431,874.8096828785209,877.6668090820312,1360282,0.0,0.0,CIPLA.NS,447
2021-10-20 00:00:00+05:30,876.5046570382177,883.9622222964653,871.6620898722607,877.3763427734375,1941581,0.0,0.0,CIPLA.NS,448
2021-10-21 00:00:00+05:30,885.657101211341,888.9984843046044,873.211668402138,882.848388671875,2723509,0.0,0.0,CIPLA.NS,449
2021-10-22 00:00:00+05:30,882.8483684696337,886.1897514864361,861.3473593977814,868.126953125,1360319,0.0,0.0,CIPLA.NS,450
2021-10-25 00:00:00+05:30,867.6911888798402,884.2527445686933,861.9769361074885,873.4537963867188,1901039,0.0,0.0,CIPLA.NS,451
2021-10-26 00:00:00+05:30,880.2817845852661,885.3664795406348,871.6619923489153,878.9258422851562,1405411,0.0,0.0,CIPLA.NS,452
2021-10-27 00:00:00+05:30,888.0783757232069,897.7150958950926,874.0349313952089,893.45361328125,5111161,0.0,0.0,CIPLA.NS,453
2021-10-28 00:00:00+05:30,893.3567729598088,899.3130948294778,858.3934041762514,863.6718139648438,2224983,0.0,0.0,CIPLA.NS,454
2021-10-29 00:00:00+05:30,864.8825251432409,888.1268483273817,857.3765457816954,876.5531005859375,2783659,0.0,0.0,CIPLA.NS,455
2021-11-01 00:00:00+05:30,888.1267672505456,889.6279511631379,873.7927810848784,880.6207885742188,986133,0.0,0.0,CIPLA.NS,456
2021-11-02 00:00:00+05:30,881.3471817959847,884.107421302417,872.1463046233893,874.9550170898438,1038025,0.0,0.0,CIPLA.NS,457
2021-11-03 00:00:00+05:30,880.9113303869567,885.8991979247547,875.2455507758284,883.9137573242188,1275433,0.0,0.0,CIPLA.NS,458
2021-11-04 00:00:00+05:30,883.9138205628145,885.4634184318128,880.2334221755469,882.0252075195312,96347,0.0,0.0,CIPLA.NS,459
2021-11-08 00:00:00+05:30,889.0469071392658,889.0469071392658,870.4030237743283,884.9307250976562,860650,0.0,0.0,CIPLA.NS,460
2021-11-09 00:00:00+05:30,884.2527630567425,895.8749242360207,881.0082667062082,885.3665771484375,843911,0.0,0.0,CIPLA.NS,461
2021-11-10 00:00:00+05:30,881.3472230425723,895.3906678053385,881.3472230425723,883.7200927734375,1597922,0.0,0.0,CIPLA.NS,462
2021-11-11 00:00:00+05:30,883.7201015751756,883.7201015751756,867.7880436388202,876.4078369140625,1180372,0.0,0.0,CIPLA.NS,463
2021-11-12 00:00:00+05:30,882.1219956105616,888.1267905317045,876.5046296959571,887.10986328125,936613,0.0,0.0,CIPLA.NS,464
2021-11-15 00:00:00+05:30,886.1897912580145,910.2573264244284,881.4440517906295,908.6109008789062,2615304,0.0,0.0,CIPLA.NS,465
2021-11-16 00:00:00+05:30,913.453506916915,914.1798920226285,890.0638828675922,892.727294921875,1925000,0.0,0.0,CIPLA.NS,466
2021-11-17 00:00:00+05:30,892.7272721481072,892.7272721481072,872.6306180693731,876.8436279296875,1996857,0.0,0.0,CIPLA.NS,467
2021-11-18 00:00:00+05:30,876.7952035011932,878.4416881682838,862.9454731620076,864.2045288085938,1009418,0.0,0.0,CIPLA.NS,468
2021-11-22 00:00:00+05:30,864.8824534087187,880.3786675795355,855.1973195519581,867.2069091796875,1443344,0.0,0.0,CIPLA.NS,469
2021-11-23 00:00:00+05:30,863.6233560211489,889.627915522298,861.9768715225343,881.92822265625,1820473,0.0,0.0,CIPLA.NS,470
2021-11-24 00:00:00+05:30,882.3156964767389,886.5771790293275,863.284384757004,865.3182983398438,1392190,0.0,0.0,CIPLA.NS,471
2021-11-25 00:00:00+05:30,865.8509808996146,874.0349309645718,856.1658468850775,871.6136474609375,1325422,0.0,0.0,CIPLA.NS,472
2021-11-26 00:00:00+05:30,863.9140527526337,945.3176016181416,862.6065831567095,936.2620239257812,14458893,0.0,0.0,CIPLA.NS,473
2021-11-29 00:00:00+05:30,943.3320995587759,966.5764223405116,925.8988574724741,934.615478515625,8303735,0.0,0.0,CIPLA.NS,474
2021-11-30 00:00:00+05:30,934.6154791391788,953.0172346869967,928.4169694145658,940.7171020507812,4771579,0.0,0.0,CIPLA.NS,475
2021-12-01 00:00:00+05:30,949.8695005231209,955.632166975529,892.8240386103142,898.9257202148438,3879683,0.0,0.0,CIPLA.NS,476
2021-12-02 00:00:00+05:30,908.4171046212862,908.4171046212862,888.6109948747032,892.242919921875,2749084,0.0,0.0,CIPLA.NS,477
2021-12-03 00:00:00+05:30,900.7174068547155,900.7174068547155,879.7006555387662,883.3325805664062,2388529,0.0,0.0,CIPLA.NS,478
2021-12-06 00:00:00+05:30,886.286628584391,886.9645998175782,864.3982484045916,866.7711181640625,1573419,0.0,0.0,CIPLA.NS,479
2021-12-07 00:00:00+05:30,870.0155838488787,870.0155838488787,856.1658539170123,861.2505493164062,2471419,0.0,0.0,CIPLA.NS,480
2021-12-08 00:00:00+05:30,866.8195093356701,873.599103263435,862.2674844472114,869.6766357421875,1663728,0.0,0.0,CIPLA.NS,481
2021-12-09 00:00:00+05:30,871.6620899965937,873.5991168632529,862.025369512291,866.3352661132812,1645541,0.0,0.0,CIPLA.NS,482
2021-12-10 00:00:00+05:30,866.8194914834145,872.6305718732474,862.9454378901925,865.754150390625,947538,0.0,0.0,CIPLA.NS,483
2021-12-13 00:00:00+05:30,867.0132490355071,874.5676420947145,858.6355840788423,863.2360229492188,1785608,0.0,0.0,CIPLA.NS,484
2021-12-14 00:00:00+05:30,865.3667192444071,879.2648628303501,862.9454357546354,867.4005737304688,2651452,0.0,0.0,CIPLA.NS,485
2021-12-15 00:00:00+05:30,867.9817542772138,873.4538197295988,863.6234438096335,867.4974975585938,1192775,0.0,0.0,CIPLA.NS,486
2021-12-16 00:00:00+05:30,875.0518040911429,875.0518040911429,850.5968422169854,853.26025390625,2280037,0.0,0.0,CIPLA.NS,487
2021-12-17 00:00:00+05:30,854.2288145677193,856.6500980557231,823.2363859212714,833.115234375,2824703,0.0,0.0,CIPLA.NS,488
2021-12-20 00:00:00+05:30,836.7955993501511,870.1608986700616,833.9868867717997,865.6572875976562,8501360,0.0,0.0,CIPLA.NS,489
2021-12-21 00:00:00+05:30,865.6572925316883,869.143976350208,854.2772597210329,858.8292846679688,2301316,0.0,0.0,CIPLA.NS,490
2021-12-22 00:00:00+05:30,861.0084301506945,865.7056965910963,853.2119089444444,861.6864013671875,1271710,0.0,0.0,CIPLA.NS,491
2021-12-23 00:00:00+05:30,863.9139889693254,883.7685145005711,863.1876038889139,881.1051025390625,1970110,0.0,0.0,CIPLA.NS,492
2021-12-24 00:00:00+05:30,881.540943807952,884.1559419153547,873.4054072767811,879.7007446289062,1114033,0.0,0.0,CIPLA.NS,493
2021-12-27 00:00:00+05:30,884.1559108002824,903.7683072455529,881.4924989373445,900.9595947265625,4596248,0.0,0.0,CIPLA.NS,494
2021-12-28 00:00:00+05:30,902.6544576297446,906.8190532832604,893.9862511763997,903.9135131835938,1907169,0.0,0.0,CIPLA.NS,495
2021-12-29 00:00:00+05:30,908.4655820886817,917.7632872152444,903.8651433734138,906.0927124023438,2687014,0.0,0.0,CIPLA.NS,496
2021-12-30 00:00:00+05:30,907.4970733234182,924.9303148600474,906.6253876012397,922.7511596679688,1729705,0.0,0.0,CIPLA.NS,497
2021-12-31 00:00:00+05:30,924.9302937898003,927.1094489322371,912.3396196334994,914.3734741210938,2039044,0.0,0.0,CIPLA.NS,498
2022-01-03 00:00:00+05:30,917.2306061830454,918.0538780433413,896.6496963761487,901.2017211914062,2013140,0.0,0.0,CIPLA.NS,499
2022-01-04 00:00:00+05:30,907.9329489816564,907.9329489816564,891.2745057555641,895.1485595703125,1238138,0.0,0.0,CIPLA.NS,500
2022-01-05 00:00:00+05:30,897.3276696940709,902.4607789176778,890.063819156882,899.3131103515625,1407995,0.0,0.0,CIPLA.NS,501
2022-01-06 00:00:00+05:30,899.3130498695714,906.4800722296036,890.3543014762126,892.9692993164062,1384402,0.0,0.0,CIPLA.NS,502
2022-01-07 00:00:00+05:30,897.2308365809165,897.472964930694,884.5916894318367,885.9476318359375,1546099,0.0,0.0,CIPLA.NS,503
2022-01-10 00:00:00+05:30,885.9476944306454,888.9500625346657,880.0397859240102,887.35205078125,1637506,0.0,0.0,CIPLA.NS,504
2022-01-11 00:00:00+05:30,888.611047233194,892.7272291958545,884.2527369197887,887.10986328125,1578147,0.0,0.0,CIPLA.NS,505
2022-01-12 00:00:00+05:30,889.4826837678293,889.4826837678293,872.8242423348487,877.6668090820312,2090537,0.0,0.0,CIPLA.NS,506
2022-01-13 00:00:00+05:30,883.2841985952766,899.8942266330668,880.0881162782956,894.9547729492188,2739659,0.0,0.0,CIPLA.NS,507
2022-01-14 00:00:00+05:30,896.8918316152292,903.6230116382087,887.4488258665984,892.485107421875,2321761,0.0,0.0,CIPLA.NS,508
2022-01-17 00:00:00+05:30,886.7708303579852,891.2260273904601,880.3786656717217,881.5408935546875,1058857,0.0,0.0,CIPLA.NS,509
2022-01-18 00:00:00+05:30,881.5409673687309,885.8023911452731,870.1609341588141,873.7444458007812,1830577,0.0,0.0,CIPLA.NS,510
2022-01-19 00:00:00+05:30,871.7105203992401,873.2117044267344,857.23123247333,867.4490966796875,1413292,0.0,0.0,CIPLA.NS,511
2022-01-20 00:00:00+05:30,866.8195287187937,871.5652682196967,852.3402409694763,854.5678100585938,1614683,0.0,0.0,CIPLA.NS,512
2022-01-21 00:00:00+05:30,852.2917942703297,852.2917942703297,832.9215262187312,840.136962890625,1669132,0.0,0.0,CIPLA.NS,513
2022-01-24 00:00:00+05:30,844.059450303178,866.8195158018867,840.1369827526698,864.0108032226562,4992078,0.0,0.0,CIPLA.NS,514
2022-01-25 00:00:00+05:30,863.3328998558236,880.3787126714413,853.3571641817227,877.1342163085938,2322693,0.0,0.0,CIPLA.NS,515
2022-01-27 00:00:00+05:30,872.6306318849612,902.1702925647518,859.0714433762049,898.39306640625,7859401,0.0,0.0,CIPLA.NS,516
2022-01-28 00:00:00+05:30,897.3760076461185,912.3395503098602,888.5625600517396,902.8965454101562,2428175,0.0,0.0,CIPLA.NS,517
2022-01-31 00:00:00+05:30,909.434037078373,920.0876839451058,901.3469742385169,915.2451171875,2008278,0.0,0.0,CIPLA.NS,518
2022-02-01 00:00:00+05:30,918.1506719606796,928.8043189981979,909.240337161173,916.60107421875,2033319,0.0,0.0,CIPLA.NS,519
2022-02-02 00:00:00+05:30,915.7294320081625,928.3201063773915,915.0030469483993,921.8310546875,1735750,0.0,0.0,CIPLA.NS,520
2022-02-03 00:00:00+05:30,922.9932880226442,926.8673416974507,914.8093378119419,922.7511596679688,1116446,0.0,0.0,CIPLA.NS,521
2022-02-04 00:00:00+05:30,921.2984147632183,927.5937521571326,910.4026385045206,916.310546875,1428601,0.0,0.0,CIPLA.NS,522
2022-02-07 00:00:00+05:30,916.4073592575058,917.1821581280774,897.8603046426218,903.9135131835938,949273,0.0,0.0,CIPLA.NS,523
2022-02-08 00:00:00+05:30,903.9135243465723,921.0562229689835,901.7827830911634,918.1990966796875,1812035,0.0,0.0,CIPLA.NS,524
2022-02-09 00:00:00+05:30,924.7365449989932,941.8792433065252,920.3298210303603,937.7630615234375,2513281,0.0,0.0,CIPLA.NS,525
2022-02-10 00:00:00+05:30,938.4895653073676,946.5766292474849,932.6784844076316,944.3490600585938,2044733,0.0,0.0,CIPLA.NS,526
2022-02-11 00:00:00+05:30,926.3831025204686,945.3175283917574,922.9933054908589,928.3201293945312,1292417,0.0,0.0,CIPLA.NS,527
2022-02-14 00:00:00+05:30,917.1821558365754,932.5815419716799,909.2887482735231,924.8334350585938,2346622,0.0,0.0,CIPLA.NS,528
2022-02-15 00:00:00+05:30,887.6909265535672,909.2403492570437,883.5747446888582,892.8240356445312,8304774,0.0,0.0,CIPLA.NS,529
2022-02-16 00:00:00+05:30,908.4655880365596,910.6447432317432,891.1291741717514,903.7198486328125,2480569,0.0,0.0,CIPLA.NS,530
2022-02-17 00:00:00+05:30,905.3663471541266,925.4145870799452,896.5528985415699,898.9741821289062,2843010,0.0,0.0,CIPLA.NS,531
2022-02-18 00:00:00+05:30,898.2961954438272,900.5721783314106,874.6160305444943,880.4755249023438,3643338,0.0,0.0,CIPLA.NS,532
2022-02-21 00:00:00+05:30,874.6644226243408,884.9307000705011,867.7880011711216,878.6837768554688,1860041,0.0,0.0,CIPLA.NS,533
2022-02-22 00:00:00+05:30,865.0762144871851,889.0953359225497,862.7033447418421,884.6401977539062,1884736,0.0,0.0,CIPLA.NS,534
2022-02-23 00:00:00+05:30,886.4319125965111,892.291406997502,881.5893454695157,886.0929565429688,1399309,0.0,0.0,CIPLA.NS,535
2022-02-24 00:00:00+05:30,871.4682916418391,880.1364978588298,860.1851466971412,867.59423828125,2003438,0.0,0.0,CIPLA.NS,536
2022-02-25 00:00:00+05:30,874.5676180833489,897.5213979553861,862.8970431973797,894.5674438476562,2825642,0.0,0.0,CIPLA.NS,537
2022-02-28 00:00:00+05:30,891.0807119709565,900.6690179548241,882.3156778175061,895.9232788085938,1534018,0.0,0.0,CIPLA.NS,538
2022-03-02 00:00:00+05:30,882.4125677734968,901.9765510006932,882.4125677734968,894.0347290039062,3276260,0.0,0.0,CIPLA.NS,539
2022-03-03 00:00:00+05:30,895.8748895537245,915.2451574359673,890.5964797331402,905.4631958007812,2622469,0.0,0.0,CIPLA.NS,540
2022-03-04 00:00:00+05:30,899.7488974902373,911.3710576300466,891.2744057216263,901.879638671875,2453781,0.0,0.0,CIPLA.NS,541
2022-03-07 00:00:00+05:30,892.8725353351857,916.2136848449805,888.1752098338693,911.5164184570312,2604231,0.0,0.0,CIPLA.NS,542
2022-03-08 00:00:00+05:30,908.4655697943992,946.2375924191131,905.9474585980984,939.0221557617188,5826939,0.0,0.0,CIPLA.NS,543
2022-03-09 00:00:00+05:30,939.0221869509023,956.4554287413457,929.8213093392794,950.6443481445312,3501351,0.0,0.0,CIPLA.NS,544
2022-03-10 00:00:00+05:30,951.12862414406,961.6370305710342,944.3006161270462,955.97119140625,4146797,0.0,0.0,CIPLA.NS,545
2022-03-11 00:00:00+05:30,953.2593254233669,1020.571007533526,950.4506128842148,1011.0795288085938,11106725,0.0,0.0,CIPLA.NS,546
2022-03-14 00:00:00+05:30,1012.0965550947258,1024.6872299427941,1004.1063191334516,1015.6316528320312,5590771,0.0,0.0,CIPLA.NS,547
2022-03-15 00:00:00+05:30,1012.0964953746892,1048.900004297405,1012.0964953746892,1034.4207763671875,7945333,0.0,0.0,CIPLA.NS,548
2022-03-16 00:00:00+05:30,1043.0890180774586,1044.0575315575677,1016.1159413017699,1022.5565795898438,3379138,0.0,0.0,CIPLA.NS,549
2022-03-17 00:00:00+05:30,1022.750240298641,1032.822804189355,1012.7745041110911,1015.4863891601562,3712730,0.0,0.0,CIPLA.NS,550
2022-03-21 00:00:00+05:30,1034.178659859321,1037.2778554607605,1016.0673882723785,1017.2296752929688,2039889,0.0,0.0,CIPLA.NS,551
2022-03-22 00:00:00+05:30,1012.0965038782683,1016.2126858318402,991.7577224606189,1000.0869140625,2269544,0.0,0.0,CIPLA.NS,552
2022-03-23 00:00:00+05:30,1011.9996674760788,1011.9996674760788,979.4091681728663,982.5084228515625,2781735,0.0,0.0,CIPLA.NS,553
2022-03-24 00:00:00+05:30,982.0726400214104,1007.3508174653709,970.2083502381142,996.600341796875,3344649,0.0,0.0,CIPLA.NS,554
2022-03-25 00:00:00+05:30,1000.7649302272504,1000.7649302272504,974.324467467509,981.5883178710938,1680031,0.0,0.0,CIPLA.NS,555
2022-03-28 00:00:00+05:30,989.8206904563962,1011.3701135118314,977.133188617419,985.074951171875,3847112,0.0,0.0,CIPLA.NS,556
2022-03-29 00:00:00+05:30,988.0773970115379,1008.2224642046734,988.0773970115379,1006.14013671875,3194089,0.0,0.0,CIPLA.NS,557
2022-03-30 00:00:00+05:30,1010.1595413207345,1021.5880474681757,992.9199543986776,996.5518798828125,3083750,0.0,0.0,CIPLA.NS,558
2022-03-31 00:00:00+05:30,997.568803117988,1002.411370123415,981.6851596948402,985.9950561523438,1976418,0.0,0.0,CIPLA.NS,559
2022-04-01 00:00:00+05:30,990.7892824704815,993.5979951863718,974.3245534362701,982.8958740234375,1285646,0.0,0.0,CIPLA.NS,560
2022-04-04 00:00:00+05:30,985.9466318310617,997.22983647919,971.8547738176426,995.4381103515625,1665075,0.0,0.0,CIPLA.NS,561
2022-04-05 00:00:00+05:30,1002.4113696582887,1003.3798830589246,984.9781284468401,989.2880249023438,1596381,0.0,0.0,CIPLA.NS,562
2022-04-06 00:00:00+05:30,982.0726400214104,1001.2976083922606,982.0726400214104,996.600341796875,1487844,0.0,0.0,CIPLA.NS,563
2022-04-07 00:00:00+05:30,1003.3798272057966,1029.1907315413298,999.7963751136095,1004.0577392578125,3496357,0.0,0.0,CIPLA.NS,564
2022-04-08 00:00:00+05:30,1005.7526684208651,1005.7526684208651,973.3559432713324,979.7481079101562,3001682,0.0,0.0,CIPLA.NS,565
2022-04-11 00:00:00+05:30,980.1355791096569,995.9223951152596,979.7481500970728,993.2105102539062,2094493,0.0,0.0,CIPLA.NS,566
2022-04-12 00:00:00+05:30,989.3364434278224,999.2152328703287,981.1040794834889,994.9053955078125,2746930,0.0,0.0,CIPLA.NS,567
2022-04-13 00:00:00+05:30,998.5373148397085,1001.2491996488802,980.3292747525986,984.5906982421875,1890795,0.0,0.0,CIPLA.NS,568
2022-04-18 00:00:00+05:30,984.5907350789361,1002.4114059410127,978.2953977469393,995.4865112304688,2092141,0.0,0.0,CIPLA.NS,569
2022-04-19 00:00:00+05:30,1002.1207178789374,1006.1885448927862,949.4820408506873,968.8038940429688,1813890,0.0,0.0,CIPLA.NS,570
2022-04-20 00:00:00+05:30,970.353584566249,983.0410862708017,958.876665480191,980.1839599609375,1796999,0.0,0.0,CIPLA.NS,571
2022-04-21 00:00:00+05:30,984.058054781227,987.883694637054,965.3173436312537,967.1090698242188,1526774,0.0,0.0,CIPLA.NS,572
2022-04-22 00:00:00+05:30,966.5763436823374,967.1090142133972,928.8043222358333,936.5524291992188,2455188,0.0,0.0,CIPLA.NS,573
2022-04-25 00:00:00+05:30,926.9641916448502,932.6784445977021,916.5042582944658,923.1386108398438,1309361,0.0,0.0,CIPLA.NS,574
2022-04-26 00:00:00+05:30,927.9812296398695,949.7243103297351,926.9158293264732,947.5936279296875,1806747,0.0,0.0,CIPLA.NS,575
2022-04-27 00:00:00+05:30,934.8091577512243,949.3852727895379,933.6469298333227,946.9639892578125,1033333,0.0,0.0,CIPLA.NS,576
2022-04-28 00:00:00+05:30,956.8912381770047,959.4093493689659,947.157690340084,950.3053588867188,1840948,0.0,0.0,CIPLA.NS,577
2022-04-29 00:00:00+05:30,950.4021865812686,963.5740042752069,945.753334088912,950.3053588867188,1972427,0.0,0.0,CIPLA.NS,578
2022-05-02 00:00:00+05:30,948.174553301517,958.586071634501,941.2012454790785,945.85009765625,1767117,0.0,0.0,CIPLA.NS,579
2022-05-04 00:00:00+05:30,946.7218791931592,952.0487030658574,917.2306333843661,927.4000244140625,2086372,0.0,0.0,CIPLA.NS,580
2022-05-05 00:00:00+05:30,929.724465099825,936.746187362713,914.2766642987979,918.5381469726562,2161283,0.0,0.0,CIPLA.NS,581
2022-05-06 00:00:00+05:30,908.2718250446378,916.5526025216188,896.2622947447375,905.31787109375,1828238,0.0,0.0,CIPLA.NS,582
2022-05-09 00:00:00+05:30,905.3178927981182,912.3396148872183,892.969347055218,908.756103515625,2047297,0.0,0.0,CIPLA.NS,583
2022-05-10 00:00:00+05:30,900.7175227272998,910.0152283488139,889.6280317269615,896.98876953125,1662201,0.0,0.0,CIPLA.NS,584
2022-05-11 00:00:00+05:30,883.2842653888862,912.9207532796129,875.7782861599785,908.0781860351562,5296875,0.0,0.0,CIPLA.NS,585
2022-05-12 00:00:00+05:30,905.5600442091409,907.4970710416737,886.6740325919449,891.7587280273438,2242769,0.0,0.0,CIPLA.NS,586
2022-05-13 00:00:00+05:30,895.003216638432,910.4994311655832,893.1630766313532,905.172607421875,1734146,0.0,0.0,CIPLA.NS,587
2022-05-16 00:00:00+05:30,896.8918280079765,915.2451688785317,896.8918280079765,904.0104370117188,1456551,0.0,0.0,CIPLA.NS,588
2022-05-17 00:00:00+05:30,905.5600359495769,911.4195302418713,887.3519957125155,908.465576171875,2301253,0.0,0.0,CIPLA.NS,589
2022-05-18 00:00:00+05:30,916.0200428341149,930.9351741573179,911.710146000632,926.9642333984375,2580102,0.0,0.0,CIPLA.NS,590
2022-05-19 00:00:00+05:30,910.4026029867404,923.9133768431,904.9789515504641,908.465576171875,1198917,0.0,0.0,CIPLA.NS,591
2022-05-20 00:00:00+05:30,920.0878210038037,951.661337321322,909.4341725500755,947.5936279296875,2594816,0.0,0.0,CIPLA.NS,592
2022-05-23 00:00:00+05:30,947.9809624986422,956.6007559350198,936.0198449171122,939.5064697265625,1220231,0.0,0.0,CIPLA.NS,593
2022-05-24 00:00:00+05:30,946.2375625462528,946.9155337279661,931.4677336528748,939.8453979492188,1622192,0.0,0.0,CIPLA.NS,594
2022-05-25 00:00:00+05:30,941.7824855380182,954.8574168785685,938.9253590890762,941.249755859375,1950710,0.0,0.0,CIPLA.NS,595
2022-05-26 00:00:00+05:30,941.4918295991924,946.5765248255415,930.0149697336366,934.1795654296875,1630614,0.0,0.0,CIPLA.NS,596
2022-05-27 00:00:00+05:30,939.554837894817,947.0124029943271,929.7728760731444,935.9229125976562,1249374,0.0,0.0,CIPLA.NS,597
2022-05-30 00:00:00+05:30,937.9083929520847,960.7652853699756,937.5209639497342,955.72900390625,2171285,0.0,0.0,CIPLA.NS,598
2022-05-31 00:00:00+05:30,957.7629572249974,973.2591721479162,947.8841083889629,961.6854248046875,4874664,0.0,0.0,CIPLA.NS,599
2022-06-01 00:00:00+05:30,963.1866553211792,967.2060099062793,949.482165941497,952.5814208984375,1285579,0.0,0.0,CIPLA.NS,600
2022-06-02 00:00:00+05:30,946.7218869132485,975.1477327112807,946.7218869132485,956.0195922851562,2639988,0.0,0.0,CIPLA.NS,601
2022-06-03 00:00:00+05:30,958.8766474719691,967.3027255901458,927.0125931558421,930.6929321289062,1057504,0.0,0.0,CIPLA.NS,602
2022-06-06 00:00:00+05:30,930.692975992682,948.8526024854107,930.257133134183,945.3175048828125,1412548,0.0,0.0,CIPLA.NS,603
2022-06-07 00:00:00+05:30,940.9591710365843,948.804164953639,931.7098799965064,942.1213989257812,1759986,0.0,0.0,CIPLA.NS,604
2022-06-08 00:00:00+05:30,941.3951010754724,945.3175688406127,926.7705711958831,932.6300659179688,1874689,0.0,0.0,CIPLA.NS,605
2022-06-09 00:00:00+05:30,932.5815841333242,943.6226015156133,924.9303045653944,941.3466186523438,1405851,0.0,0.0,CIPLA.NS,606
2022-06-10 00:00:00+05:30,929.7728245950723,941.0075559135838,929.7728245950723,936.3587036132812,776457,0.0,0.0,CIPLA.NS,607
2022-06-13 00:00:00+05:30,924.9302997374355,953.7435734727115,917.9569914141238,924.6881713867188,3016612,0.0,0.0,CIPLA.NS,608
2022-06-14 00:00:00+05:30,924.9302983206317,940.2327982398075,920.8625302121503,934.3248901367188,1570434,0.0,0.0,CIPLA.NS,609
2022-06-15 00:00:00+05:30,934.6154980410222,944.203805034149,933.6469845715496,938.2958374023438,1112618,0.0,0.0,CIPLA.NS,610
2022-06-16 00:00:00+05:30,945.2691389272226,946.9640374857498,898.5867782353967,911.32275390625,1898194,0.0,0.0,CIPLA.NS,611
2022-06-17 00:00:00+05:30,902.8482024730815,914.8093193067443,882.1219920867794,885.9476318359375,2715476,0.0,0.0,CIPLA.NS,612
2022-06-20 00:00:00+05:30,885.9477051776088,898.9258094454007,873.599158316702,896.6981811523438,942685,0.0,0.0,CIPLA.NS,613
2022-06-21 00:00:00+05:30,897.9087673361785,914.7125106280903,897.9087673361785,908.6593017578125,521963,0.0,0.0,CIPLA.NS,614
2022-06-22 00:00:00+05:30,901.6859836817998,915.2451714063382,884.0590278172265,888.0299682617188,1698830,0.0,0.0,CIPLA.NS,615
2022-06-23 00:00:00+05:30,888.1268043577801,907.7876149216528,885.6086931161803,903.9619750976562,615616,0.0,0.0,CIPLA.NS,616
2022-06-24 00:00:00+05:30,903.6229321701812,913.7923220820643,900.7173921953575,904.3009033203125,722838,0.0,0.0,CIPLA.NS,617
2022-06-27 00:00:00+05:30,906.5285668891257,916.6011301665744,901.2501568938604,902.9934692382812,846797,0.0,0.0,CIPLA.NS,618
2022-06-28 00:00:00+05:30,905.5600787832078,917.957039162058,892.8241032277003,915.342041015625,931109,0.0,0.0,CIPLA.NS,619
2022-06-29 00:00:00+05:30,907.5454898416639,931.6130838352263,893.8410603947384,917.811767578125,2455089,0.0,0.0,CIPLA.NS,620
2022-06-30 00:00:00+05:30,914.2766427071074,914.2766427071074,882.7031297504924,888.3204956054688,2433648,0.0,0.0,CIPLA.NS,621
2022-07-01 00:00:00+05:30,882.509451890528,925.9472557112069,882.509451890528,919.4097900390625,1793834,0.0,0.0,CIPLA.NS,622
2022-07-04 00:00:00+05:30,914.857760935611,920.087757094972,899.26471838177,901.3470458984375,1004832,0.0,0.0,CIPLA.NS,623
2022-07-05 00:00:00+05:30,905.560065585119,919.7488111136987,900.9596267492587,907.884521484375,1532205,0.0,0.0,CIPLA.NS,624
2022-07-06 00:00:00+05:30,910.4025816012821,920.0877154481043,903.7682885615553,915.8262329101562,1390651,0.0,0.0,CIPLA.NS,625
2022-07-07 00:00:00+05:30,920.4267142006131,920.4267142006131,903.9135720481476,905.8021850585938,1390277,0.0,0.0,CIPLA.NS,626
2022-07-08 00:00:00+05:30,912.5817902238443,912.5817902238443,898.6351730213479,905.9959106445312,1072803,0.0,0.0,CIPLA.NS,627
2022-07-11 00:00:00+05:30,908.4656131899579,920.0877745527292,897.8603791237553,917.7149047851562,1037956,0.0,0.0,CIPLA.NS,628
2022-07-12 00:00:00+05:30,912.2427577646602,917.5211082879089,904.5914785725021,906.286376953125,672406,0.0,0.0,CIPLA.NS,629
2022-07-13 00:00:00+05:30,910.8384873336413,928.7075723374279,902.7998375084435,923.332275390625,1511059,0.0,0.0,CIPLA.NS,630
2022-07-14 00:00:00+05:30,923.3806932218165,938.1505224761077,915.3904577235934,921.2015380859375,1713101,0.0,0.0,CIPLA.NS,631
2022-07-15 00:00:00+05:30,932.678431121315,937.5209982610935,921.5405266998248,935.6323852539062,1046876,0.0,0.0,CIPLA.NS,632
2022-07-18 00:00:00+05:30,941.0560733882274,944.6879986561077,929.8212824248978,936.8914184570312,846036,0.0,0.0,CIPLA.NS,633
2022-07-19 00:00:00+05:30,928.0295960542371,943.3320966828873,925.3177702273092,930.4024658203125,1162631,0.0,0.0,CIPLA.NS,634
2022-07-20 00:00:00+05:30,935.2934466412313,952.0003035850234,928.6590940679936,950.595947265625,1627220,0.0,0.0,CIPLA.NS,635
2022-07-21 00:00:00+05:30,953.9857204833102,958.3440308814572,935.9229215211977,938.0052490234375,1681422,0.0,0.0,CIPLA.NS,636
2022-07-22 00:00:00+05:30,942.8478247725262,945.7533650645832,937.0367441884121,941.4918823242188,977238,0.0,0.0,CIPLA.NS,637
2022-07-25 00:00:00+05:30,945.2690917214438,948.9494308706367,924.9787238828234,929.5791625976562,1024751,0.0,0.0,CIPLA.NS,638
2022-07-26 00:00:00+05:30,929.7245196600749,931.7099604558357,914.7609746887076,925.6083374023438,988405,0.0,0.0,CIPLA.NS,639
2022-07-27 00:00:00+05:30,926.7705233340778,945.5112345293375,921.8310693809354,943.3804931640625,904733,0.0,0.0,CIPLA.NS,640
2022-07-28 00:00:00+05:30,946.2376338434497,948.1262468800383,933.8406735952983,936.9883422851562,1043837,0.0,0.0,CIPLA.NS,641
2022-07-29 00:00:00+05:30,943.0415494801903,952.9688122520806,922.993309425504,946.6250610351562,2941566,0.0,0.0,CIPLA.NS,642
2022-08-01 00:00:00+05:30,958.8282471107565,998.5372957284748,957.1817625405195,972.9201049804688,4647912,0.0,0.0,CIPLA.NS,643
2022-08-02 00:00:00+05:30,972.0485672074736,974.421377916804,960.765361643629,972.5812377929688,1184696,0.0,0.0,CIPLA.NS,644
2022-08-03 00:00:00+05:30,978.1985082774615,996.3581340499392,972.8716847175348,979.990234375,4052763,0.0,0.0,CIPLA.NS,645
2022-08-04 00:00:00+05:30,985.7529835922973,1013.9367606270079,983.0411577384514,1011.6123046875,2865077,0.0,0.0,CIPLA.NS,646
2022-08-05 00:00:00+05:30,1007.2539607934972,1013.0165683746501,999.5058534027779,1001.6365356445312,1561405,0.0,0.0,CIPLA.NS,647
2022-08-08 00:00:00+05:30,1008.4490423855787,1011.6607112114501,996.6731213592095,1001.9772338867188,767289,5.0,0.0,CIPLA.NS,648
2022-08-10 00:00:00+05:30,1007.816623992701,1018.2787245161686,1001.4907027459533,1010.5415649414062,1293683,0.0,0.0,CIPLA.NS,649
2022-08-11 00:00:00+05:30,1012.6339452444597,1020.9063032786528,1007.2812429870407,1010.5902099609375,838963,0.0,0.0,CIPLA.NS,650
2022-08-12 00:00:00+05:30,1015.6509394858194,1015.6509394858194,994.9700435784043,999.6415405273438,1140717,0.0,0.0,CIPLA.NS,651
2022-08-16 00:00:00+05:30,999.641481549651,1008.2544421650698,997.792342499747,1006.8433227539062,776409,0.0,0.0,CIPLA.NS,652
2022-08-17 00:00:00+05:30,1011.9039904050295,1015.0182422539561,996.7703943865897,998.2789306640625,1102323,0.0,0.0,CIPLA.NS,653
2022-08-18 00:00:00+05:30,1000.9552911841862,1006.356701724626,980.3716948342294,1004.55615234375,1201720,0.0,0.0,CIPLA.NS,654
2022-08-19 00:00:00+05:30,1001.490642927557,1008.8383720407796,992.7802652197141,1002.512451171875,654004,0.0,0.0,CIPLA.NS,655
2022-08-22 00:00:00+05:30,988.7901028677123,1002.2691567893013,988.30349356512,995.1646728515625,993053,0.0,0.0,CIPLA.NS,656
2022-08-23 00:00:00+05:30,983.1453905162508,1018.7652250657875,983.1453905162508,1012.7799072265625,1868332,0.0,0.0,CIPLA.NS,657
2022-08-24 00:00:00+05:30,1013.1205700160662,1025.6264053573896,998.5709993600025,1009.5682983398438,1562062,0.0,0.0,CIPLA.NS,658
2022-08-25 00:00:00+05:30,1015.9914608068824,1015.9914608068824,993.2181823087369,998.2789306640625,1112617,0.0,0.0,CIPLA.NS,659
2022-08-26 00:00:00+05:30,1003.2910298399971,1007.9624076127733,991.2230960250795,993.4614868164062,1264070,0.0,0.0,CIPLA.NS,660
2022-08-29 00:00:00+05:30,973.2185674791268,996.5758130986259,964.7515540619489,990.0552368164062,1305557,0.0,0.0,CIPLA.NS,661
2022-08-30 00:00:00+05:30,991.223130659028,1014.2883636458243,988.887382290481,1010.6387939453125,1571042,0.0,0.0,CIPLA.NS,662
2022-09-01 00:00:00+05:30,998.5222558164177,1016.2834947722165,992.0990369953615,995.6026000976562,1528731,0.0,0.0,CIPLA.NS,663
2022-09-02 00:00:00+05:30,996.5758165916347,1003.5829427816067,984.9458427893866,988.4007568359375,1655229,0.0,0.0,CIPLA.NS,664
2022-09-05 00:00:00+05:30,985.3837927905143,1002.8530184360914,984.8971835101239,998.181640625,1275368,0.0,0.0,CIPLA.NS,665
2022-09-06 00:00:00+05:30,997.5490574074697,1014.0937734815449,997.45175930843,1012.9745483398438,1369910,0.0,0.0,CIPLA.NS,666
2022-09-07 00:00:00+05:30,1006.1620234593402,1033.4121441945993,1005.3348114115253,1023.33935546875,2471263,0.0,0.0,CIPLA.NS,667
2022-09-08 00:00:00+05:30,1030.1517938861855,1031.368317024927,1016.0401254767858,1027.7674560546875,1755391,0.0,0.0,CIPLA.NS,668
2022-09-09 00:00:00+05:30,1031.6116994636657,1037.402302520405,1026.7456065416673,1029.957275390625,1092235,0.0,0.0,CIPLA.NS,669
2022-09-12 00:00:00+05:30,1029.9572846648502,1039.8840667946738,1028.789351072396,1036.2344970703125,936787,0.0,0.0,CIPLA.NS,670
2022-09-13 00:00:00+05:30,1028.7408290102073,1034.5314324995225,1024.458643158737,1030.541259765625,1144685,0.0,0.0,CIPLA.NS,671
2022-09-14 00:00:00+05:30,1012.1473250943499,1039.3974453853516,1012.1473250943499,1031.56298828125,998799,0.0,0.0,CIPLA.NS,672
2022-09-15 00:00:00+05:30,1031.6117202615917,1034.482667623012,1000.9553342349501,1005.6268310546875,927244,0.0,0.0,CIPLA.NS,673
2022-09-16 00:00:00+05:30,1010.6875567068366,1031.6117574475174,1006.3080728308802,1015.5536499023438,2850439,0.0,0.0,CIPLA.NS,674
2022-09-19 00:00:00+05:30,1015.9914747450542,1015.9914747450542,987.8168447717558,1008.5464477539062,2073673,0.0,0.0,CIPLA.NS,675
2022-09-20 00:00:00+05:30,1013.6071991977758,1068.1561507172903,1011.6607619453557,1063.0467529296875,2491392,0.0,0.0,CIPLA.NS,676
2022-09-21 00:00:00+05:30,1070.54039946779,1072.3408300157673,1035.7478364850867,1041.733154296875,2283817,0.0,0.0,CIPLA.NS,677
2022-09-22 00:00:00+05:30,1032.730901507706,1043.0957029600615,1022.8527093366716,1033.4608154296875,1634304,0.0,0.0,CIPLA.NS,678
2022-09-23 00:00:00+05:30,1038.6676609094416,1063.728042514893,1034.7747860969441,1039.494873046875,3268298,0.0,0.0,CIPLA.NS,679
2022-09-26 00:00:00+05:30,1037.1589412084072,1052.243828442429,1022.7066697799011,1037.1103515625,1219450,0.0,0.0,CIPLA.NS,680
2022-09-27 00:00:00+05:30,1042.2683324007912,1075.3091726233429,1040.3706037964346,1069.275146484375,2343041,0.0,0.0,CIPLA.NS,681
2022-09-28 00:00:00+05:30,1071.5135911768919,1087.76629295042,1058.5211476871445,1067.7667236328125,3450534,0.0,0.0,CIPLA.NS,682
2022-09-29 00:00:00+05:30,1071.0757692023085,1091.610657738202,1058.9591264483506,1085.9659423828125,2093772,0.0,0.0,CIPLA.NS,683
2022-09-30 00:00:00+05:30,1089.7615849379274,1097.790638812219,1075.455318282359,1085.090087890625,1834565,0.0,0.0,CIPLA.NS,684
2022-10-03 00:00:00+05:30,1086.8905671561895,1114.2379857327937,1085.1387261764523,1100.4669189453125,2601710,0.0,0.0,CIPLA.NS,685
2022-10-04 00:00:00+05:30,1108.3500352886854,1116.7684003675813,1102.6567299489932,1113.9947509765625,1911413,0.0,0.0,CIPLA.NS,686
2022-10-06 00:00:00+05:30,1119.5906563522888,1119.5906563522888,1093.8976625812645,1104.0677490234375,1561938,0.0,0.0,CIPLA.NS,687
2022-10-07 00:00:00+05:30,1104.6031165344427,1116.476335993492,1098.8125133558692,1100.2236328125,1182984,0.0,0.0,CIPLA.NS,688
2022-10-10 00:00:00+05:30,1080.2725380577133,1101.1967358669392,1080.2725380577133,1088.885498046875,1583891,0.0,0.0,CIPLA.NS,689
2022-10-11 00:00:00+05:30,1091.7567245555526,1096.9634205512043,1074.238788928318,1080.3699951171875,1538943,0.0,0.0,CIPLA.NS,690
2022-10-12 00:00:00+05:30,1081.8297002327856,1088.107031067016,1069.761766633135,1078.7640380859375,1231143,0.0,0.0,CIPLA.NS,691
2022-10-13 00:00:00+05:30,1078.7155619673483,1097.6446169533385,1071.6110183905087,1074.0927734375,1438932,0.0,0.0,CIPLA.NS,692
2022-10-14 00:00:00+05:30,1085.2360563440586,1090.0048513288425,1075.7958832770973,1079.2021484375,1131139,0.0,0.0,CIPLA.NS,693
2022-10-17 00:00:00+05:30,1078.326161424945,1083.240962659458,1069.372598218749,1078.47216796875,1076392,0.0,0.0,CIPLA.NS,694
2022-10-18 00:00:00+05:30,1083.8734905497022,1099.931597201545,1080.564642401715,1095.6981201171875,960283,0.0,0.0,CIPLA.NS,695
2022-10-19 00:00:00+05:30,1101.1968708548316,1114.3353222525693,1089.1289361811337,1091.9512939453125,1300144,0.0,0.0,CIPLA.NS,696
2022-10-20 00:00:00+05:30,1091.9512972976804,1111.4156697985304,1087.085204172468,1106.35498046875,1633570,0.0,0.0,CIPLA.NS,697
2022-10-21 00:00:00+05:30,1106.3548867436962,1117.254886900336,1102.1699994900962,1104.3597412109375,1349759,0.0,0.0,CIPLA.NS,698
2022-10-24 00:00:00+05:30,1114.9192165279846,1119.2014021747864,1110.9777524357683,1116.1844482421875,129688,0.0,0.0,CIPLA.NS,699
2022-10-25 00:00:00+05:30,1116.281569284115,1133.6534949674224,1116.1842711987092,1124.9432373046875,2210622,0.0,0.0,CIPLA.NS,700
2022-10-27 00:00:00+05:30,1138.6170009767284,1148.4951930708469,1125.3326627409788,1134.675537109375,2359658,0.0,0.0,CIPLA.NS,701
2022-10-28 00:00:00+05:30,1137.6925492302025,1140.4176088446068,1120.1746143404305,1124.2620849609375,1087865,0.0,0.0,CIPLA.NS,702
2022-10-31 00:00:00+05:30,1129.906753403439,1146.3054624553201,1128.00902472307,1136.1353759765625,1554670,0.0,0.0,CIPLA.NS,703
2022-11-01 00:00:00+05:30,1136.232596476273,1153.5072248167046,1132.4370205736511,1141.974609375,1491658,0.0,0.0,CIPLA.NS,704
2022-11-02 00:00:00+05:30,1142.1206861800974,1146.840772425843,1125.2352491591237,1128.20361328125,1479828,0.0,0.0,CIPLA.NS,705
2022-11-03 00:00:00+05:30,1121.3424547268557,1144.5051055743975,1120.2719379971682,1131.9505615234375,1992697,0.0,0.0,CIPLA.NS,706
2022-11-04 00:00:00+05:30,1136.573265282285,1143.7751063468788,1110.4423708502777,1115.40576171875,1712836,0.0,0.0,CIPLA.NS,707
2022-11-07 00:00:00+05:30,1115.4056662122832,1121.14767895325,1086.5984232216178,1100.61279296875,2006468,0.0,0.0,CIPLA.NS,708
2022-11-09 00:00:00+05:30,1110.5396859147772,1124.0187393423582,1094.8708907057844,1099.153076171875,2068940,0.0,0.0,CIPLA.NS,709
2022-11-10 00:00:00+05:30,1099.7370218586664,1121.147831133791,1089.0316172211042,1092.2432861328125,2028565,0.0,0.0,CIPLA.NS,710
2022-11-11 00:00:00+05:30,1099.7370883760088,1113.2161430883607,1086.7446429947968,1091.367431640625,1513809,0.0,0.0,CIPLA.NS,711
2022-11-14 00:00:00+05:30,1094.3842733990255,1103.2405385564866,1088.2529489355786,1099.2503662109375,1501491,0.0,0.0,CIPLA.NS,712
2022-11-15 00:00:00+05:30,1104.5544241865255,1104.5544241865255,1081.0998792272972,1088.788330078125,1262746,0.0,0.0,CIPLA.NS,713
2022-11-16 00:00:00+05:30,1090.9293027806552,1106.0141905362793,1087.3284416110407,1091.172607421875,1649021,0.0,0.0,CIPLA.NS,714
2022-11-17 00:00:00+05:30,1094.870890608426,1102.1213214302393,1086.549824319364,1089.5181884765625,1270387,0.0,0.0,CIPLA.NS,715
2022-11-18 00:00:00+05:30,1093.8977189439634,1096.8660832284418,1070.0051545195427,1072.876220703125,1486381,0.0,0.0,CIPLA.NS,716
2022-11-21 00:00:00+05:30,1075.3577029859412,1078.5206630195587,1064.4577036212925,1074.87109375,1488424,0.0,0.0,CIPLA.NS,717
2022-11-22 00:00:00+05:30,1077.7908982199076,1079.9806400844757,1067.8154075035425,1074.5306396484375,1302811,0.0,0.0,CIPLA.NS,718
2022-11-23 00:00:00+05:30,1079.2020923452258,1094.4329866738956,1069.2266020368152,1078.326171875,2192276,0.0,0.0,CIPLA.NS,719
2022-11-24 00:00:00+05:30,1083.727665195122,1087.7178378629612,1063.1440671779578,1066.0150146484375,2933085,0.0,0.0,CIPLA.NS,720
2022-11-25 00:00:00+05:30,1063.7766744758328,1077.3530268877166,1049.616295843182,1075.7471923828125,1454838,0.0,0.0,CIPLA.NS,721
2022-11-28 00:00:00+05:30,1070.5403978223565,1080.2725832571052,1064.7983846556365,1072.2435302734375,673339,0.0,0.0,CIPLA.NS,722
2022-11-29 00:00:00+05:30,1076.379738342838,1095.6981031957341,1075.4065197729078,1091.1240234375,1899345,0.0,0.0,CIPLA.NS,723
2022-11-30 00:00:00+05:30,1091.1239969327066,1118.2281096866511,1090.0047718442552,1109.1285400390625,2680903,0.0,0.0,CIPLA.NS,724
2022-12-01 00:00:00+05:30,1114.3353527185195,1114.5299489278102,1087.0852305559706,1094.773681640625,1360439,0.0,0.0,CIPLA.NS,725
2022-12-02 00:00:00+05:30,1094.773607080179,1094.773607080179,1069.5672220363017,1084.506103515625,2586376,0.0,0.0,CIPLA.NS,726
2022-12-05 00:00:00+05:30,1084.506029530887,1092.4864926426408,1078.4721222521976,1085.479248046875,1236554,0.0,0.0,CIPLA.NS,727
2022-12-06 00:00:00+05:30,1085.138582151529,1087.863641358082,1073.849271783532,1079.8831787109375,1180968,0.0,0.0,CIPLA.NS,728
2022-12-07 00:00:00+05:30,1081.2459071161256,1092.5839280121725,1073.849469225507,1075.6986083984375,1031921,0.0,0.0,CIPLA.NS,729
2022-12-08 00:00:00+05:30,1079.4939014514198,1083.1921792333874,1073.6060008683135,1077.8394775390625,808315,0.0,0.0,CIPLA.NS,730
2022-12-09 00:00:00+05:30,1085.138709950741,1085.9659219783769,1071.6109480126606,1078.2288818359375,994866,0.0,0.0,CIPLA.NS,731
2022-12-12 00:00:00+05:30,1075.4066149908303,1080.2727082713318,1063.8252892230157,1067.42626953125,1544297,0.0,0.0,CIPLA.NS,732
2022-12-13 00:00:00+05:30,1067.5720414590194,1082.7056374398517,1059.0563791420766,1080.17529296875,1282727,0.0,0.0,CIPLA.NS,733
2022-12-14 00:00:00+05:30,1084.1655002315902,1089.0315931410678,1076.5257581239298,1082.9002685546875,1013627,0.0,0.0,CIPLA.NS,734
2022-12-15 00:00:00+05:30,1081.440518687244,1088.1557511469189,1069.9079014201425,1072.2923583984375,710477,0.0,0.0,CIPLA.NS,735
2022-12-16 00:00:00+05:30,1066.9395973259436,1078.3262074108354,1057.012696338073,1060.224365234375,1309491,0.0,0.0,CIPLA.NS,736
2022-12-19 00:00:00+05:30,1061.148948323507,1071.0271415400039,1055.4069344359928,1067.2802734375,779326,0.0,0.0,CIPLA.NS,737
2022-12-20 00:00:00+05:30,1066.64769925742,1068.010229202825,1059.2998505240253,1061.9276123046875,795748,0.0,0.0,CIPLA.NS,738
2022-12-21 00:00:00+05:30,1066.744831755282,1099.7369644489695,1056.5747454009474,1097.79052734375,3224730,0.0,0.0,CIPLA.NS,739
2022-12-22 00:00:00+05:30,1104.6032244312466,1116.6224516152763,1087.1339962877782,1092.3892822265625,2070809,0.0,0.0,CIPLA.NS,740
2022-12-23 00:00:00+05:30,1090.9780429418295,1116.2330179141115,1083.3868903946766,1089.1776123046875,2773210,0.0,0.0,CIPLA.NS,741
2022-12-26 00:00:00+05:30,1096.817446936987,1104.6031963384917,1064.7012306557797,1067.13427734375,1279529,0.0,0.0,CIPLA.NS,742
2022-12-27 00:00:00+05:30,1064.7498647018047,1075.309262829449,1060.905579922798,1066.5015869140625,1209316,0.0,0.0,CIPLA.NS,743
2022-12-28 00:00:00+05:30,1064.7010473672815,1073.6060204724813,1055.0661603813455,1056.720703125,872940,0.0,0.0,CIPLA.NS,744
2022-12-29 00:00:00+05:30,1056.9154138245704,1068.5940371817478,1041.3439160150003,1058.4239501953125,1625961,0.0,0.0,CIPLA.NS,745
2022-12-30 00:00:00+05:30,1065.6256751728283,1065.6743836240278,1044.7501833976198,1047.134521484375,1185711,0.0,0.0,CIPLA.NS,746
2023-01-02 00:00:00+05:30,1051.3194132953663,1053.0225458788116,1035.3586041817148,1042.2684326171875,895053,0.0,0.0,CIPLA.NS,747
2023-01-03 00:00:00+05:30,1041.3925109240192,1052.0004976093296,1037.840239613292,1047.0858154296875,952230,0.0,0.0,CIPLA.NS,748
2023-01-04 00:00:00+05:30,1050.0542401005018,1052.9738961205794,1035.4559600001132,1038.3270263671875,1369415,0.0,0.0,CIPLA.NS,749
2023-01-05 00:00:00+05:30,1046.2099486045108,1063.922478818587,1038.8135113327348,1059.202392578125,1605744,0.0,0.0,CIPLA.NS,750
2023-01-06 00:00:00+05:30,1059.2024267700297,1063.8252150642536,1044.7501544946224,1047.5238037109375,824772,0.0,0.0,CIPLA.NS,751
2023-01-09 00:00:00+05:30,1052.7792394865965,1067.5721149522399,1048.0591529519147,1058.3265380859375,893437,0.0,0.0,CIPLA.NS,752
2023-01-10 00:00:00+05:30,1057.4019431439983,1061.0515126670448,1046.0639233988488,1049.810791015625,594426,0.0,0.0,CIPLA.NS,753
2023-01-11 00:00:00+05:30,1049.8108363311012,1054.9202338839154,1015.0669804924039,1019.5437622070312,2168577,0.0,0.0,CIPLA.NS,754
2023-01-12 00:00:00+05:30,1024.604605356505,1035.6019044249592,1015.2130219618645,1032.73095703125,1188988,0.0,0.0,CIPLA.NS,755
2023-01-13 00:00:00+05:30,1035.5044833616248,1041.9277016974477,1025.0423844930747,1039.154052734375,1089004,0.0,0.0,CIPLA.NS,756
2023-01-16 00:00:00+05:30,1041.8305186847879,1045.9179893133216,1022.8527558502682,1031.222412109375,825308,0.0,0.0,CIPLA.NS,757
2023-01-17 00:00:00+05:30,1034.3366901151999,1042.4143325469445,1025.1397038246478,1040.4678955078125,762941,0.0,0.0,CIPLA.NS,758
2023-01-18 00:00:00+05:30,1040.2733564484188,1043.2903102645244,1030.9790715557547,1034.920654296875,1299797,0.0,0.0,CIPLA.NS,759
2023-01-19 00:00:00+05:30,1035.0179657790427,1040.9545753909458,1030.200581300792,1036.331787109375,376954,0.0,0.0,CIPLA.NS,760
2023-01-20 00:00:00+05:30,1038.4242197615674,1038.4242197615674,1022.31740482121,1025.237060546875,954230,0.0,0.0,CIPLA.NS,761
2023-01-23 00:00:00+05:30,1025.188531608541,1035.7479300147857,1022.5607700191739,1034.093505859375,750581,0.0,0.0,CIPLA.NS,762
2023-01-24 00:00:00+05:30,1036.4778730540033,1046.1127615496562,1026.794394906007,1033.7042236328125,712627,0.0,0.0,CIPLA.NS,763
2023-01-25 00:00:00+05:30,1036.3804908240513,1039.6407493106756,992.6829527703152,1007.5245361328125,2226483,0.0,0.0,CIPLA.NS,764
2023-01-27 00:00:00+05:30,995.8458798340894,1044.2147941780593,995.8458798340894,1019.203125,2947920,0.0,0.0,CIPLA.NS,765
2023-01-30 00:00:00+05:30,1028.6920428898234,1028.6920428898234,1000.9553132565595,1006.6973266601562,2118395,0.0,0.0,CIPLA.NS,766
2023-01-31 00:00:00+05:30,1015.0670423171282,1015.0670423171282,980.5177805699967,990.6879272460938,2705095,0.0,0.0,CIPLA.NS,767
2023-02-01 00:00:00+05:30,991.709728390167,1008.1571460756008,987.9141521856675,1004.4102783203125,1598213,0.0,0.0,CIPLA.NS,768
2023-02-02 00:00:00+05:30,998.6195680418183,1005.1402038532958,990.055256359061,997.841064453125,1291262,0.0,0.0,CIPLA.NS,769
2023-02-03 00:00:00+05:30,994.6293719946245,1000.2740871839163,983.4373585132761,994.9213256835938,1617105,0.0,0.0,CIPLA.NS,770
2023-02-06 00:00:00+05:30,992.6829910710157,1005.9187405250758,983.0968114370697,1002.2205810546875,979035,0.0,0.0,CIPLA.NS,771
2023-02-07 00:00:00+05:30,1002.2205919779187,1007.1352747752437,993.9481742282818,1003.680419921875,965322,0.0,0.0,CIPLA.NS,772
2023-02-08 00:00:00+05:30,1007.2812508406946,1013.3151586393009,991.8557597933539,1011.2714233398438,746863,0.0,0.0,CIPLA.NS,773
2023-02-09 00:00:00+05:30,997.8411005492661,1016.6241486711766,992.6829943327826,994.142822265625,1331902,0.0,0.0,CIPLA.NS,774
2023-02-10 00:00:00+05:30,993.6561994401211,1009.0816906271352,987.8655368384943,1005.5294189453125,1106858,0.0,0.0,CIPLA.NS,775
2023-02-13 00:00:00+05:30,1008.2544588153501,1012.7312405672451,991.7097427923183,994.5807495117188,1042379,0.0,0.0,CIPLA.NS,776
2023-02-14 00:00:00+05:30,999.2034917174481,1004.7994986821094,990.3472261944646,1000.809326171875,759416,0.0,0.0,CIPLA.NS,777
2023-02-15 00:00:00+05:30,999.3494410453301,1005.7726596941457,988.8873416669791,1003.1937255859375,662924,0.0,0.0,CIPLA.NS,778
2023-02-16 00:00:00+05:30,1004.1182526533642,1010.2008686737989,1000.8092857780289,1007.767822265625,667265,0.0,0.0,CIPLA.NS,779
2023-02-17 00:00:00+05:30,1007.7678115550931,1008.0111161933246,993.8021490808205,998.2789306640625,1509783,0.0,0.0,CIPLA.NS,780
2023-02-20 00:00:00+05:30,971.2721719702249,971.2721719702249,929.6670764274122,938.1827392578125,5829572,0.0,0.0,CIPLA.NS,781
2023-02-21 00:00:00+05:30,943.8273731683465,952.8782941413515,937.6961079544108,940.0805053710938,2042234,0.0,0.0,CIPLA.NS,782
2023-02-22 00:00:00+05:30,940.7130688342131,946.7470359947755,933.3652803324813,936.7715454101562,1602953,0.0,0.0,CIPLA.NS,783
2023-02-23 00:00:00+05:30,939.1559262989198,941.5403236913945,930.3969591106397,934.581787109375,1216409,0.0,0.0,CIPLA.NS,784
2023-02-24 00:00:00+05:30,935.3603610849123,940.1291559259154,929.4237514588501,936.0416259765625,1585383,0.0,0.0,CIPLA.NS,785
2023-02-27 00:00:00+05:30,939.7397880097265,942.659443597247,923.2437814606714,924.7522583007812,1377270,0.0,0.0,CIPLA.NS,786
2023-02-28 00:00:00+05:30,920.5675010595731,920.5675010595731,878.9136972980801,882.1253662109375,5380673,0.0,0.0,CIPLA.NS,787
2023-03-01 00:00:00+05:30,883.4878508485903,885.8722483463312,872.0038830192944,875.5074462890625,3496231,0.0,0.0,CIPLA.NS,788
2023-03-02 00:00:00+05:30,877.7945443399408,878.8164120086781,860.8118675766066,862.7096557617188,1887367,0.0,0.0,CIPLA.NS,789
2023-03-03 00:00:00+05:30,867.1377559930319,868.1109745743933,853.5126958539719,855.1185302734375,1892639,0.0,0.0,CIPLA.NS,790
2023-03-06 00:00:00+05:30,861.2984610743434,861.8337194242797,845.7756125228937,857.3082885742188,4090356,0.0,0.0,CIPLA.NS,791
2023-03-08 00:00:00+05:30,860.0332530351081,860.1305511308535,847.7706635432999,853.7559814453125,2933956,0.0,0.0,CIPLA.NS,792
2023-03-09 00:00:00+05:30,853.7559536359855,872.8310130234055,853.5126490040004,858.1354370117188,6176157,0.0,0.0,CIPLA.NS,793
2023-03-10 00:00:00+05:30,855.6051335289538,860.9091272395225,847.9653320788265,857.6002197265625,1718841,0.0,0.0,CIPLA.NS,794
2023-03-13 00:00:00+05:30,858.9626748979498,865.2885955202906,848.7925884947775,851.37158203125,1697362,0.0,0.0,CIPLA.NS,795
2023-03-14 00:00:00+05:30,849.619820996668,860.0332716908262,830.9826614150442,848.6952514648438,2444217,0.0,0.0,CIPLA.NS,796
2023-03-15 00:00:00+05:30,851.566249196261,859.7413089487641,849.2305008668179,854.437255859375,1286900,0.0,0.0,CIPLA.NS,797
2023-03-16 00:00:00+05:30,857.4055805939364,866.1645479325805,853.26940157291,859.7899780273438,2023997,0.0,0.0,CIPLA.NS,798
2023-03-17 00:00:00+05:30,863.5855194093832,864.6074464816669,846.7002000986702,850.6417236328125,2205087,0.0,0.0,CIPLA.NS,799
2023-03-20 00:00:00+05:30,850.641719493657,853.4154281897795,838.7197914468305,843.4885864257812,997827,0.0,0.0,CIPLA.NS,800
2023-03-21 00:00:00+05:30,843.5859007227244,849.0359607176651,837.5519333071531,839.2550659179688,888443,0.0,0.0,CIPLA.NS,801
2023-03-22 00:00:00+05:30,840.8608849489458,842.8073221826239,829.1822615468772,840.2769775390625,1622488,0.0,0.0,CIPLA.NS,802
2023-03-23 00:00:00+05:30,844.753702104326,847.5760596618976,838.1844768863488,845.82421875,1865868,0.0,0.0,CIPLA.NS,803
2023-03-24 00:00:00+05:30,845.8242264240173,855.4591139246847,842.953279193513,853.7559814453125,3166046,0.0,0.0,CIPLA.NS,804
2023-03-27 00:00:00+05:30,857.4542230353082,867.4783625877266,852.5881301068965,865.4832763671875,3986238,0.0,0.0,CIPLA.NS,805
2023-03-28 00:00:00+05:30,867.9163083099771,870.3007056851143,862.6609636755506,865.6779174804688,3623017,0.0,0.0,CIPLA.NS,806
2023-03-29 00:00:00+05:30,870.0087021359428,872.587695556725,861.6389872784341,863.9260864257812,3049688,0.0,0.0,CIPLA.NS,807
2023-03-31 00:00:00+05:30,864.9966319115343,878.5243934628237,862.9528967249003,876.38330078125,2320879,0.0,0.0,CIPLA.NS,808
2023-04-03 00:00:00+05:30,885.6288757186753,885.6288757186753,863.2934982366501,867.57568359375,2623264,0.0,0.0,CIPLA.NS,809
2023-04-05 00:00:00+05:30,865.1913335461076,873.317685078475,862.5636314516281,871.7605590820312,1612376,0.0,0.0,CIPLA.NS,810
2023-04-06 00:00:00+05:30,874.9235749091697,875.6534889038103,865.1913883139621,869.4248657226562,1512783,0.0,0.0,CIPLA.NS,811
2023-04-10 00:00:00+05:30,872.9284082022311,880.2761965252902,870.2520571348518,877.6971435546875,919722,0.0,0.0,CIPLA.NS,812
2023-04-11 00:00:00+05:30,880.7628418732313,883.8285042543359,877.8431860438172,882.8552856445312,1778775,0.0,0.0,CIPLA.NS,813
2023-04-12 00:00:00+05:30,884.6557094616227,896.2370345888318,883.8771464599181,893.3660278320312,3449942,0.0,0.0,CIPLA.NS,814
2023-04-13 00:00:00+05:30,897.2102325774349,898.3293983040003,887.867298569989,891.2249145507812,1068355,0.0,0.0,CIPLA.NS,815
2023-04-17 00:00:00+05:30,890.4949567636507,892.879354047116,876.967195408881,882.1739501953125,2604979,0.0,0.0,CIPLA.NS,816
2023-04-18 00:00:00+05:30,880.7628559156918,900.7138377347766,872.9771069131222,899.497314453125,1949777,0.0,0.0,CIPLA.NS,817
2023-04-19 00:00:00+05:30,901.151736211912,901.151736211912,884.6556697636033,887.47802734375,1538261,0.0,0.0,CIPLA.NS,818
2023-04-20 00:00:00+05:30,887.5753605935425,889.2298440887938,874.8748697809488,879.7896118164062,4446158,0.0,0.0,CIPLA.NS,819
2023-04-21 00:00:00+05:30,878.8164284858125,893.9499663985642,878.8164284858125,890.543701171875,3481218,0.0,0.0,CIPLA.NS,820
2023-04-24 00:00:00+05:30,891.468248200443,892.63612241444,877.0159755788108,878.81640625,1784945,0.0,0.0,CIPLA.NS,821
2023-04-25 00:00:00+05:30,880.3735285897794,887.5753700455443,872.295826027589,885.288330078125,2440358,0.0,0.0,CIPLA.NS,822
2023-04-26 00:00:00+05:30,887.4293768572458,889.7164762596544,875.9454089958566,886.699462890625,1400796,0.0,0.0,CIPLA.NS,823
2023-04-27 00:00:00+05:30,886.7967325502609,892.7333417971632,878.8163287589412,889.4730834960938,2457652,0.0,0.0,CIPLA.NS,824
2023-04-28 00:00:00+05:30,894.2418274027232,894.3878339432367,880.9087809895117,883.7310791015625,2695819,0.0,0.0,CIPLA.NS,825
2023-05-02 00:00:00+05:30,886.0181970858272,896.3342900185472,881.8333097748581,893.1226806640625,1857324,0.0,0.0,CIPLA.NS,826
2023-05-03 00:00:00+05:30,896.2856670740811,899.7405811681704,892.4414417860597,895.9937133789062,2566561,0.0,0.0,CIPLA.NS,827
2023-05-04 00:00:00+05:30,895.9936771762518,910.3486507143896,895.9936771762518,908.49951171875,3393228,0.0,0.0,CIPLA.NS,828
2023-05-05 00:00:00+05:30,909.9593731435937,910.1540287398838,896.1883064636078,900.0325317382812,2262141,0.0,0.0,CIPLA.NS,829
2023-05-08 00:00:00+05:30,902.3682611468275,909.862055942547,895.0204728953971,908.3048706054688,3877794,0.0,0.0,CIPLA.NS,830
2023-05-09 00:00:00+05:30,909.9594059678111,917.7451548958779,904.2173923731417,914.0469360351562,2657968,0.0,0.0,CIPLA.NS,831
2023-05-10 00:00:00+05:30,918.2317455188214,921.3460569067852,908.2076058580262,919.107666015625,1618668,0.0,0.0,CIPLA.NS,832
2023-05-11 00:00:00+05:30,921.10274915752,921.638007503521,909.9593843883761,918.3290405273438,1537103,0.0,0.0,CIPLA.NS,833
2023-05-12 00:00:00+05:30,923.4384059320936,927.4772867120975,888.548544352723,912.34375,3850078,0.0,0.0,CIPLA.NS,834
2023-05-15 00:00:00+05:30,914.8254925622497,914.8254925622497,872.831085818986,898.0861206054688,5487301,0.0,0.0,CIPLA.NS,835
2023-05-16 00:00:00+05:30,902.562952285475,917.4045359171444,893.8039848962931,897.4048461914062,2964696,0.0,0.0,CIPLA.NS,836
2023-05-17 00:00:00+05:30,900.1785408492989,907.0397199840903,892.4414412289816,899.205322265625,1866976,0.0,0.0,CIPLA.NS,837
2023-05-18 00:00:00+05:30,904.1200307571803,904.7526465733645,887.1373552207602,890.0083618164062,1881606,0.0,0.0,CIPLA.NS,838
2023-05-19 00:00:00+05:30,892.441400721031,897.3074934185283,888.548526563033,891.7114868164062,1168086,0.0,0.0,CIPLA.NS,839
2023-05-22 00:00:00+05:30,891.7114539353339,906.1150759086964,890.9328910125523,900.178466796875,1402783,0.0,0.0,CIPLA.NS,840
2023-05-23 00:00:00+05:30,901.5897305986105,907.3316846715221,894.8744985296852,905.4826049804688,1577827,0.0,0.0,CIPLA.NS,841
2023-05-24 00:00:00+05:30,898.7673589059792,914.7281673830995,898.7673589059792,912.8790283203125,1034319,0.0,0.0,CIPLA.NS,842
2023-05-25 00:00:00+05:30,916.2366422889222,921.6379935176011,909.95937057968,920.1295166015625,2178211,0.0,0.0,CIPLA.NS,843
2023-05-26 00:00:00+05:30,920.5674662911925,927.2339897149648,915.3120622691413,925.8714599609375,1130476,0.0,0.0,CIPLA.NS,844
2023-05-29 00:00:00+05:30,926.5040798611111,933.511265454456,919.7888479590416,930.6402587890625,1744868,0.0,0.0,CIPLA.NS,845
2023-05-30 00:00:00+05:30,931.9541179888708,935.7496943314022,925.5308989174869,934.1438598632812,1337311,0.0,0.0,CIPLA.NS,846
2023-05-31 00:00:00+05:30,934.4844764297336,939.155913653809,917.0638403851592,927.5259399414062,3561991,0.0,0.0,CIPLA.NS,847
2023-06-01 00:00:00+05:30,924.5576240201477,940.6157301215503,921.3946637274472,938.91259765625,1132919,0.0,0.0,CIPLA.NS,848
2023-06-02 00:00:00+05:30,940.0318627469645,943.6814324707458,929.0831535756208,939.983154296875,1098485,0.0,0.0,CIPLA.NS,849
2023-06-05 00:00:00+05:30,944.0220440353506,950.7372761500486,933.4626459628038,948.6934814453125,1469770,0.0,0.0,CIPLA.NS,850
2023-06-06 00:00:00+05:30,946.8443612604942,948.8394474293884,938.2313413598337,946.01708984375,2079735,0.0,0.0,CIPLA.NS,851
2023-06-07 00:00:00+05:30,946.8930771025398,951.7105211968965,932.8300560313467,934.7278442382812,1614117,0.0,0.0,CIPLA.NS,852
2023-06-08 00:00:00+05:30,939.0586177679501,943.8760021475415,937.2094787329725,939.5452270507812,1481632,0.0,0.0,CIPLA.NS,853
2023-06-09 00:00:00+05:30,940.1291538540593,944.9952467829105,933.4626303017525,943.2921142578125,717024,0.0,0.0,CIPLA.NS,854
2023-06-12 00:00:00+05:30,947.185006492635,947.185006492635,929.5697735176719,934.2412109375,1239721,0.0,0.0,CIPLA.NS,855
2023-06-13 00:00:00+05:30,937.209506298654,957.5010902293243,931.3701947329304,955.2140502929688,2158120,0.0,0.0,CIPLA.NS,856
2023-06-14 00:00:00+05:30,955.2140749612988,955.6033861692872,946.5524054882354,952.4890747070312,1831109,0.0,0.0,CIPLA.NS,857
2023-06-15 00:00:00+05:30,955.6519949754137,973.2185784360753,954.3381142541962,971.466796875,1804458,0.0,0.0,CIPLA.NS,858
2023-06-16 00:00:00+05:30,973.2186066924332,980.177143490504,967.1359904006055,979.1065673828125,1572197,0.0,0.0,CIPLA.NS,859
2023-06-19 00:00:00+05:30,979.3012044220537,990.2985625891183,972.4400252550325,984.1672973632812,1015057,0.0,0.0,CIPLA.NS,860
2023-06-20 00:00:00+05:30,986.6975888154323,991.5150324480189,975.7488802870739,984.0699462890625,1413571,0.0,0.0,CIPLA.NS,861
2023-06-21 00:00:00+05:30,983.1454212972006,986.3083816818825,975.4083217068694,981.8802490234375,1140198,0.0,0.0,CIPLA.NS,862
2023-06-22 00:00:00+05:30,976.235462843076,980.0310387892699,963.583622223155,971.5640258789062,2852669,0.0,0.0,CIPLA.NS,863
2023-06-23 00:00:00+05:30,973.1699714213408,973.1699714213408,959.2529570286978,962.9025268554688,1776614,0.0,0.0,CIPLA.NS,864
2023-06-26 00:00:00+05:30,962.8537917522302,997.549058371922,962.8537917522302,994.5321044921875,2313439,0.0,0.0,CIPLA.NS,865
2023-06-27 00:00:00+05:30,996.57579886054,998.6195340628284,978.0846463426197,982.2208251953125,1651238,0.0,0.0,CIPLA.NS,866
2023-06-28 00:00:00+05:30,980.0310969852779,991.2231105059639,977.1600903324709,982.8534545898438,1653212,0.0,0.0,CIPLA.NS,867
2023-06-30 00:00:00+05:30,982.8534466330283,994.0941091109553,978.0846519330365,987.7681884765625,1963457,0.0,0.0,CIPLA.NS,868
2023-07-03 00:00:00+05:30,993.1695357800482,1002.3178139609748,972.2453368390674,974.9703369140625,1454455,0.0,0.0,CIPLA.NS,869
2023-07-04 00:00:00+05:30,980.9556429879227,988.7900403844819,969.8122787826145,984.7511596679688,1112255,0.0,0.0,CIPLA.NS,870
2023-07-05 00:00:00+05:30,989.7632760372942,991.5150575661004,978.4739644956127,983.7293090820312,748219,0.0,0.0,CIPLA.NS,871
2023-07-06 00:00:00+05:30,984.8972032301866,996.1378659521606,984.3132958422457,993.8994750976562,1236819,0.0,0.0,CIPLA.NS,872
2023-07-07 00:00:00+05:30,982.4154919537594,1001.1985983711601,971.3207765566694,993.3155517578125,1914093,0.0,0.0,CIPLA.NS,873
2023-07-10 00:00:00+05:30,996.5758584978532,998.5222957214819,985.8704537678958,989.4713745117188,1142988,0.0,0.0,CIPLA.NS,874
2023-07-11 00:00:00+05:30,991.6610887716946,1005.8214072991344,990.7365192361092,1000.2741088867188,814514,0.0,0.0,CIPLA.NS,875
2023-07-12 00:00:00+05:30,997.5490357645591,1005.2374862394513,992.6342938587065,994.8240356445312,1163653,0.0,0.0,CIPLA.NS,876
2023-07-13 00:00:00+05:30,1000.3226738459557,1008.2544288758056,990.785143831294,993.3641967773438,1419223,0.0,0.0,CIPLA.NS,877
2023-07-14 00:00:00+05:30,998.6682883186346,1007.0866529534147,992.0503543303325,1003.2910766601562,787233,0.0,0.0,CIPLA.NS,878
2023-07-17 00:00:00+05:30,1008.448995132241,1011.1740545417213,997.9383062694394,1004.994140625,1047614,0.0,0.0,CIPLA.NS,879
2023-07-18 00:00:00+05:30,1004.9941561373423,1007.4757921510865,992.1963084863969,1003.1937255859375,780402,0.0,0.0,CIPLA.NS,880
2023-07-19 00:00:00+05:30,1002.415099382766,1014.0937218998467,995.3106158983177,1008.059814453125,1069988,0.0,0.0,CIPLA.NS,881
2023-07-20 00:00:00+05:30,1011.1254081389994,1029.5679717289572,999.4954934907776,1028.254150390625,1280545,0.0,0.0,CIPLA.NS,882
2023-07-21 00:00:00+05:30,1029.0881012339833,1041.9406407402864,1025.310845086294,1029.1370849609375,879139,8.5,0.0,CIPLA.NS,883
2023-07-24 00:00:00+05:30,1029.1370849609375,1033.110635310284,1018.3939595936132,1029.1370849609375,936947,0.0,0.0,CIPLA.NS,884
2023-07-25 00:00:00+05:30,1038.0162499629653,1041.6954190909057,1029.5787127158121,1034.82763671875,599999,0.0,0.0,CIPLA.NS,885
2023-07-26 00:00:00+05:30,1039.9784214874824,1061.6119827837044,1022.4656012672433,1048.31787109375,1854416,0.0,0.0,CIPLA.NS,886
2023-07-27 00:00:00+05:30,1093.9395351522292,1196.3676196162658,1087.6114126529328,1149.3232421875,14590950,0.0,0.0,CIPLA.NS,887
2023-07-28 00:00:00+05:30,1149.3231899619054,1167.9153275149738,1133.87068153524,1155.5533447265625,4454009,0.0,0.0,CIPLA.NS,888
2023-07-31 00:00:00+05:30,1159.4778820356664,1162.3721137123919,1143.3876258270918,1152.8062744140625,2221571,0.0,0.0,CIPLA.NS,889
2023-08-01 00:00:00+05:30,1152.8063171375077,1164.8740396823268,1146.0366220456488,1156.093017578125,1362536,0.0,0.0,CIPLA.NS,890
2023-08-02 00:00:00+05:30,1162.6174285429488,1162.6174285429488,1131.761511784091,1146.23291015625,1861901,0.0,0.0,CIPLA.NS,891
2023-08-03 00:00:00+05:30,1144.0253957698599,1156.6816414421899,1128.2785043897045,1143.8291015625,2574025,0.0,0.0,CIPLA.NS,892
2023-08-04 00:00:00+05:30,1148.8818232234191,1215.3030387097385,1148.8818232234191,1186.89990234375,8359856,0.0,0.0,CIPLA.NS,893
2023-08-07 00:00:00+05:30,1172.4284794078615,1205.2957212992117,1152.0213081784323,1200.537353515625,2468250,0.0,0.0,CIPLA.NS,894
2023-08-08 00:00:00+05:30,1201.8617783663003,1245.0306912219062,1200.929770199124,1242.52880859375,5064238,0.0,0.0,CIPLA.NS,895
2023-08-09 00:00:00+05:30,1246.0118177903603,1247.6306759947418,1228.5970856913218,1242.136474609375,2105178,0.0,0.0,CIPLA.NS,896
2023-08-10 00:00:00+05:30,1242.0874176477444,1253.7626708818739,1224.5254941877963,1235.1705322265625,2102129,0.0,0.0,CIPLA.NS,897
2023-08-11 00:00:00+05:30,1234.5327932538016,1235.0233490613784,1221.483960866416,1226.585693359375,1286301,0.0,0.0,CIPLA.NS,898
2023-08-14 00:00:00+05:30,1226.5858035953602,1228.3518525671961,1208.386253357385,1212.2615966796875,830936,0.0,0.0,CIPLA.NS,899
2023-08-16 00:00:00+05:30,1208.2881828348866,1222.4651992380213,1202.892068392022,1220.0615234375,1665083,0.0,0.0,CIPLA.NS,900
2023-08-17 00:00:00+05:30,1211.6729003512792,1222.3179379115654,1202.891998898301,1217.5595703125,1855386,0.0,0.0,CIPLA.NS,901
2023-08-18 00:00:00+05:30,1215.597375211888,1233.257385505523,1207.74848174805,1213.0465087890625,1292509,0.0,0.0,CIPLA.NS,902
2023-08-21 00:00:00+05:30,1214.076567190786,1221.778389479103,1207.0617146829904,1210.49560546875,1101408,0.0,0.0,CIPLA.NS,903
2023-08-22 00:00:00+05:30,1210.495655514074,1216.8237780321826,1195.0431463393054,1197.9373779296875,1379445,0.0,0.0,CIPLA.NS,904
2023-08-23 00:00:00+05:30,1228.400965940242,1236.102668920405,1201.910949737272,1207.4051513671875,2562635,0.0,0.0,CIPLA.NS,905
2023-08-24 00:00:00+05:30,1211.8690707955093,1216.235089527833,1194.012886544321,1197.44677734375,848018,0.0,0.0,CIPLA.NS,906
2023-08-25 00:00:00+05:30,1194.9449517635944,1196.8581914448137,1182.2396031049504,1186.5565185546875,887533,0.0,0.0,CIPLA.NS,907
2023-08-28 00:00:00+05:30,1189.1074201842052,1213.6352135048364,1188.1263084513798,1205.688232421875,1666004,0.0,0.0,CIPLA.NS,908
2023-08-29 00:00:00+05:30,1208.7295960179915,1222.1217944722491,1204.1184190039617,1206.5220947265625,1209087,0.0,0.0,CIPLA.NS,909
2023-08-30 00:00:00+05:30,1211.3785856868099,1233.061250383572,1207.895710959967,1212.80126953125,1282450,0.0,0.0,CIPLA.NS,910
2023-08-31 00:00:00+05:30,1216.7257178080276,1242.1855189168498,1200.0958023732048,1233.8460693359375,3103295,0.0,0.0,CIPLA.NS,911
2023-09-01 00:00:00+05:30,1241.0081418931888,1244.9325884674327,1216.2350728932745,1221.87646484375,1167597,0.0,0.0,CIPLA.NS,912
2023-09-04 00:00:00+05:30,1226.683996041258,1231.6876417160179,1209.269263513542,1215.4501953125,1126182,0.0,0.0,CIPLA.NS,913
2023-09-05 00:00:00+05:30,1231.2952311439071,1242.087460261503,1211.7710836055146,1215.54833984375,2179947,0.0,0.0,CIPLA.NS,914
2023-09-06 00:00:00+05:30,1222.6123252650937,1243.0684795269606,1219.129330948579,1233.0120849609375,2721714,0.0,0.0,CIPLA.NS,915
2023-09-07 00:00:00+05:30,1235.2196163359442,1237.1818397137615,1221.4840526912237,1225.702880859375,849621,0.0,0.0,CIPLA.NS,916
2023-09-08 00:00:00+05:30,1225.8990238396086,1238.1629196363235,1215.5973513703682,1221.091552734375,787710,0.0,0.0,CIPLA.NS,917
2023-09-11 00:00:00+05:30,1221.0916156372984,1229.0877000615858,1213.1446347045705,1223.7896728515625,1162138,0.0,0.0,CIPLA.NS,918
2023-09-12 00:00:00+05:30,1224.3782887006168,1236.10264528429,1211.6238366986263,1216.38232421875,1132283,0.0,0.0,CIPLA.NS,919
2023-09-13 00:00:00+05:30,1218.5406614869505,1226.389554636625,1200.1939216554285,1205.295654296875,1627384,0.0,0.0,CIPLA.NS,920
2023-09-14 00:00:00+05:30,1206.7673644091944,1220.7482058261303,1201.8618060172873,1210.446533203125,1713142,0.0,0.0,CIPLA.NS,921
2023-09-15 00:00:00+05:30,1211.4767218944228,1218.491574429853,1205.0994961243175,1212.1634521484375,1938487,0.0,0.0,CIPLA.NS,922
2023-09-18 00:00:00+05:30,1217.5105129297538,1233.846046643676,1213.6842731217494,1217.1181640625,1864030,0.0,0.0,CIPLA.NS,923
2023-09-20 00:00:00+05:30,1219.7671742804134,1228.9405451230032,1212.654114144855,1216.2841796875,1701959,0.0,0.0,CIPLA.NS,924
2023-09-21 00:00:00+05:30,1208.7295943297206,1216.8237657203215,1181.2584671858633,1183.6131591796875,1895731,0.0,0.0,CIPLA.NS,925
2023-09-22 00:00:00+05:30,1184.5942673480884,1186.2621092996008,1146.4781025020188,1163.5003662109375,2796199,0.0,0.0,CIPLA.NS,926
2023-09-25 00:00:00+05:30,1163.5985136475824,1174.5379334075633,1154.76850806341,1157.0740966796875,1267600,0.0,0.0,CIPLA.NS,927
2023-09-26 00:00:00+05:30,1158.6929183484795,1162.6173651506758,1139.561240187772,1141.670654296875,1056359,0.0,0.0,CIPLA.NS,928
2023-09-27 00:00:00+05:30,1164.5794960548694,1166.5417193001178,1147.9986856796008,1158.2022705078125,2165043,0.0,0.0,CIPLA.NS,929
2023-09-28 00:00:00+05:30,1158.202349741996,1162.617352345841,1137.0103611964623,1142.0631103515625,1303811,0.0,0.0,CIPLA.NS,930
2023-09-29 00:00:00+05:30,1147.8025411854535,1176.549040619034,1142.9950701563382,1163.74560546875,1878381,0.0,0.0,CIPLA.NS,931
2023-10-03 00:00:00+05:30,1161.6362705271213,1163.3041125367286,1148.8327147408882,1160.458984375,1581125,0.0,0.0,CIPLA.NS,932
2023-10-04 00:00:00+05:30,1155.8476822695932,1162.6173770254486,1139.365077390785,1145.0064697265625,999123,0.0,0.0,CIPLA.NS,933
2023-10-05 00:00:00+05:30,1147.9987059312612,1150.7948501521457,1133.429222031195,1139.168701171875,1446743,0.0,0.0,CIPLA.NS,934
2023-10-06 00:00:00+05:30,1142.9951824736002,1159.3797007027824,1138.5310761297662,1141.032958984375,928951,0.0,0.0,CIPLA.NS,935
2023-10-09 00:00:00+05:30,1137.1084431808229,1144.8101459569511,1129.897296247309,1137.5989990234375,822110,0.0,0.0,CIPLA.NS,936
2023-10-10 00:00:00+05:30,1138.1876966862114,1141.621587749255,1128.7690480090719,1133.233154296875,822199,0.0,0.0,CIPLA.NS,937
2023-10-11 00:00:00+05:30,1129.2595999589191,1152.8062814524153,1124.8445971788888,1149.8138427734375,1465239,0.0,0.0,CIPLA.NS,938
2023-10-12 00:00:00+05:30,1156.7797096311851,1163.9417526365894,1130.682044588432,1136.0291748046875,2533930,0.0,0.0,CIPLA.NS,939
2023-10-13 00:00:00+05:30,1134.1650534882788,1147.1156792035836,1128.278383660485,1145.693115234375,940547,0.0,0.0,CIPLA.NS,940
2023-10-16 00:00:00+05:30,1144.2705080649905,1147.9986602897468,1136.912171058051,1142.4063720703125,802207,0.0,0.0,CIPLA.NS,941
2023-10-17 00:00:00+05:30,1145.9384803073071,1155.7987009247008,1138.7273331726797,1151.3345947265625,877856,0.0,0.0,CIPLA.NS,942
2023-10-18 00:00:00+05:30,1162.6173298303409,1196.4165789815904,1153.9345154971877,1187.7337646484375,7367540,0.0,0.0,CIPLA.NS,943
2023-10-19 00:00:00+05:30,1187.6358130712722,1201.8619339217748,1167.1796563529565,1200.194091796875,2157683,0.0,0.0,CIPLA.NS,944
2023-10-20 00:00:00+05:30,1198.771366759765,1198.771366759765,1175.6171534324826,1177.5302734375,692067,0.0,0.0,CIPLA.NS,945
2023-10-23 00:00:00+05:30,1177.3340249069624,1187.3413162128275,1156.191020137164,1161.4400634765625,957929,0.0,0.0,CIPLA.NS,946
2023-10-25 00:00:00+05:30,1162.1267648755568,1166.2964894434936,1132.2519626417113,1135.587646484375,1433911,0.0,0.0,CIPLA.NS,947
2023-10-26 00:00:00+05:30,1132.9878900058234,1133.1840644487986,1110.618494334234,1129.1124267578125,2016469,0.0,0.0,CIPLA.NS,948
2023-10-27 00:00:00+05:30,1130.2406988503299,1175.2737506480705,1127.542641626512,1152.0704345703125,1775011,0.0,0.0,CIPLA.NS,949
2023-10-30 00:00:00+05:30,1163.5984805572245,1189.4998534871374,1155.2590310759965,1170.90771484375,2853500,0.0,0.0,CIPLA.NS,950
2023-10-31 00:00:00+05:30,1177.2848808864753,1183.3187415093182,1168.6020667046307,1177.333984375,1720955,0.0,0.0,CIPLA.NS,951
2023-11-01 00:00:00+05:30,1177.3340351847035,1185.869659033948,1164.1381307795195,1178.5604248046875,1051902,0.0,0.0,CIPLA.NS,952
2023-11-02 00:00:00+05:30,1182.7301268824183,1188.9601620798103,1172.0850891375596,1185.6734619140625,1556467,0.0,0.0,CIPLA.NS,953
2023-11-03 00:00:00+05:30,1192.050727154961,1196.7110077755256,1181.2584983494426,1183.5640869140625,772013,0.0,0.0,CIPLA.NS,954
2023-11-06 00:00:00+05:30,1189.0582702316387,1194.0129321946592,1174.6359762284762,1181.3565673828125,1262938,0.0,0.0,CIPLA.NS,955
2023-11-07 00:00:00+05:30,1182.2395856643718,1194.503481781222,1178.0698609846427,1193.4732666015625,1210644,0.0,0.0,CIPLA.NS,956
2023-11-08 00:00:00+05:30,1198.918448768634,1218.9331505897062,1196.9562254482273,1217.5595703125,1107006,0.0,0.0,CIPLA.NS,957
2023-11-09 00:00:00+05:30,1218.5408061284097,1221.484141408913,1208.7296885267317,1214.7635498046875,751433,0.0,0.0,CIPLA.NS,958
2023-11-10 00:00:00+05:30,1214.46913434366,1218.5407719872007,1206.7674311950539,1216.6766357421875,576673,0.0,0.0,CIPLA.NS,959
2023-11-13 00:00:00+05:30,1219.5218398151808,1219.5218398151808,1207.40513430574,1217.1181640625,689808,0.0,0.0,CIPLA.NS,960
2023-11-15 00:00:00+05:30,1236.2006980445944,1236.2006980445944,1214.3218600066923,1218.29541015625,1323010,0.0,0.0,CIPLA.NS,961
2023-11-16 00:00:00+05:30,1217.6087549254423,1222.7595914846888,1209.367392477725,1211.476806640625,1251094,0.0,0.0,CIPLA.NS,962
2023-11-17 00:00:00+05:30,1212.6541041916114,1232.3744261078236,1212.16354832422,1225.801025390625,992848,0.0,0.0,CIPLA.NS,963
2023-11-20 00:00:00+05:30,1218.0502317730695,1232.2763520797225,1217.5596759004263,1223.54443359375,848916,0.0,0.0,CIPLA.NS,964
2023-11-21 00:00:00+05:30,1223.3971954089973,1231.295192557943,1218.687931073121,1229.5782470703125,594738,0.0,0.0,CIPLA.NS,965
2023-11-22 00:00:00+05:30,1233.20829743611,1259.3059643413953,1230.3140658409727,1247.4835205078125,1735497,0.0,0.0,CIPLA.NS,966
2023-11-23 00:00:00+05:30,1246.0118769985083,1246.0118769985083,1142.5536946449106,1148.5384521484375,7643376,0.0,0.0,CIPLA.NS,967
2023-11-24 00:00:00+05:30,1167.5719851162933,1182.2395566056825,1155.7495416443935,1176.009521484375,5331201,0.0,0.0,CIPLA.NS,968
2023-11-28 00:00:00+05:30,1177.3340532850252,1180.0321104904701,1165.560712752175,1169.779541015625,1691543,0.0,0.0,CIPLA.NS,969
2023-11-29 00:00:00+05:30,1176.1076976222323,1184.0056950303597,1169.2399154463362,1178.8548583984375,2173427,0.0,0.0,CIPLA.NS,970
2023-11-30 00:00:00+05:30,1177.334011870917,1194.6506569151068,1175.469875732533,1189.4017333984375,3219799,0.0,0.0,CIPLA.NS,971
2023-12-01 00:00:00+05:30,1190.5300076803403,1194.8469233425055,1180.7679936527888,1182.9263916015625,1078680,0.0,0.0,CIPLA.NS,972
2023-12-04 00:00:00+05:30,1189.4017177855728,1196.073205239835,1183.4659443144635,1193.5223388671875,2097408,0.0,0.0,CIPLA.NS,973
2023-12-05 00:00:00+05:30,1199.507110907338,1205.7862495855222,1193.0317977998332,1201.3221435546875,2132150,0.0,0.0,CIPLA.NS,974
2023-12-06 00:00:00+05:30,1201.8618508785273,1206.6202187433687,1178.3151697184583,1182.435791015625,1416770,0.0,0.0,CIPLA.NS,975
2023-12-07 00:00:00+05:30,1183.22076596822,1201.8618891468236,1174.3907602520392,1199.7034912109375,1269290,0.0,0.0,CIPLA.NS,976
2023-12-08 00:00:00+05:30,1201.8618251349496,1207.944669731829,1181.2584795612077,1196.0732421875,1453955,0.0,0.0,CIPLA.NS,977
2023-12-11 00:00:00+05:30,1194.6016360733,1195.926112975366,1172.477638095021,1179.5906982421875,1565455,0.0,0.0,CIPLA.NS,978
2023-12-12 00:00:00+05:30,1187.7337579780656,1191.3148395090873,1172.6246143805567,1176.009521484375,899911,0.0,0.0,CIPLA.NS,979
2023-12-13 00:00:00+05:30,1176.009519623414,1194.944902873681,1172.6246125249522,1193.5223388671875,1809563,0.0,0.0,CIPLA.NS,980
2023-12-14 00:00:00+05:30,1196.0242727494963,1199.4581637194754,1178.4132457732658,1181.896240234375,1809248,0.0,0.0,CIPLA.NS,981
2023-12-15 00:00:00+05:30,1192.050733256187,1194.601599761261,1180.1302019707025,1184.2999267578125,1976112,0.0,0.0,CIPLA.NS,982
2023-12-18 00:00:00+05:30,1182.8282494885793,1195.9260668183742,1169.5832414498764,1193.8167724609375,1995091,0.0,0.0,CIPLA.NS,983
2023-12-19 00:00:00+05:30,1196.4166306774207,1216.7257149980967,1189.3035707571871,1213.7332763671875,1738507,0.0,0.0,CIPLA.NS,984
2023-12-20 00:00:00+05:30,1215.5973803563759,1224.4273855405627,1207.748486859321,1212.8502197265625,2484819,0.0,0.0,CIPLA.NS,985
2023-12-21 00:00:00+05:30,1212.8501683959423,1212.8501683959423,1183.0734539046318,1198.771240234375,1580136,0.0,0.0,CIPLA.NS,986
2023-12-22 00:00:00+05:30,1206.816498584982,1219.031291385576,1198.5751363241006,1212.2615966796875,1969524,0.0,0.0,CIPLA.NS,987
2023-12-26 00:00:00+05:30,1216.57848161959,1226.389598406845,1208.5823974850557,1221.4349365234375,820163,0.0,0.0,CIPLA.NS,988
2023-12-27 00:00:00+05:30,1223.4463119060672,1226.7330122072626,1213.3408133084554,1216.333251953125,2528609,0.0,0.0,CIPLA.NS,989
2023-12-28 00:00:00+05:30,1216.333267939678,1239.929052965064,1216.333267939678,1236.9857177734375,2592699,0.0,0.0,CIPLA.NS,990
2023-12-29 00:00:00+05:30,1240.1251501269871,1243.6571281839208,1218.589796889407,1222.759521484375,1794218,0.0,0.0,CIPLA.NS,991
2024-01-01 00:00:00+05:30,1228.7932915876,1233.0612232624342,1223.1518993547065,1227.3707275390625,343584,0.0,0.0,CIPLA.NS,992
2024-01-02 00:00:00+05:30,1231.3932736151585,1260.7285374671214,1228.4499385082315,1257.34375,2589484,0.0,0.0,CIPLA.NS,993
2024-01-03 00:00:00+05:30,1266.6152111727642,1282.3129984529844,1249.985415678626,1275.5924072265625,2357093,0.0,0.0,CIPLA.NS,994
2024-01-04 00:00:00+05:30,1279.369716715729,1283.2941636995197,1262.347451876461,1272.1585693359375,1248143,0.0,0.0,CIPLA.NS,995
2024-01-05 00:00:00+05:30,1275.445190487641,1276.9659615052203,1252.0457007535397,1262.5926513671875,1013196,0.0,0.0,CIPLA.NS,996
2024-01-08 00:00:00+05:30,1272.1585886335358,1272.5019537969026,1242.2836636574816,1247.7288818359375,740848,0.0,0.0,CIPLA.NS,997
2024-01-09 00:00:00+05:30,1259.7474142840304,1270.5396429110742,1249.3476542872559,1264.996337890625,1133466,0.0,0.0,CIPLA.NS,998
2024-01-10 00:00:00+05:30,1271.5207672907388,1306.3502327527922,1269.8529253012177,1304.0936279296875,3625567,0.0,0.0,CIPLA.NS,999
2024-01-11 00:00:00+05:30,1314.5425790503748,1314.6897697685715,1298.0599731986156,1300.61083984375,1097204,0.0,0.0,CIPLA.NS,1000
2024-01-12 00:00:00+05:30,1299.1880285684076,1300.6107123520237,1275.8376426261705,1283.2940673828125,2051301,0.0,0.0,CIPLA.NS,1001
2024-01-15 00:00:00+05:30,1291.142946039094,1302.6710080573005,1281.9204724716078,1288.3468017578125,762036,0.0,0.0,CIPLA.NS,1002
2024-01-16 00:00:00+05:30,1288.3467861394022,1289.5731757009398,1273.7281986129528,1277.750732421875,1030845,0.0,0.0,CIPLA.NS,1003
2024-01-17 00:00:00+05:30,1274.8073950401251,1288.1015057676518,1257.8832191232204,1269.5584716796875,2073596,0.0,0.0,CIPLA.NS,1004
2024-01-18 00:00:00+05:30,1260.7776324664937,1302.1313946286045,1243.9515429322983,1297.961669921875,1723297,0.0,0.0,CIPLA.NS,1005
2024-01-19 00:00:00+05:30,1305.8106448407884,1305.8106448407884,1291.7317150832691,1302.8673095703125,1135846,0.0,0.0,CIPLA.NS,1006
2024-01-23 00:00:00+05:30,1358.8396722970913,1398.0841393670435,1342.8475040602423,1382.3863525390625,7556815,0.0,0.0,CIPLA.NS,1007
2024-01-24 00:00:00+05:30,1382.3863547203923,1396.171021706308,1368.5036005195689,1390.57861328125,1808713,0.0,0.0,CIPLA.NS,1008
2024-01-25 00:00:00+05:30,1386.6541964454618,1386.7522836624833,1327.934685187118,1343.7796630859375,1801468,0.0,0.0,CIPLA.NS,1009
2024-01-29 00:00:00+05:30,1339.2174387468353,1339.2174387468353,1300.267353086196,1311.59912109375,2480508,0.0,0.0,CIPLA.NS,1010
2024-01-30 00:00:00+05:30,1319.5952077554086,1326.4629895058085,1289.3279364226394,1292.22216796875,1908926,0.0,0.0,CIPLA.NS,1011
2024-01-31 00:00:00+05:30,1292.222222335995,1327.3460698144952,1287.2185765173945,1325.48193359375,1723379,0.0,0.0,CIPLA.NS,1012
2024-02-01 00:00:00+05:30,1334.017433320895,1368.5035310144347,1326.512025174804,1361.4395751953125,2784507,0.0,0.0,CIPLA.NS,1013
2024-02-02 00:00:00+05:30,1360.8019098593172,1378.1675388132496,1358.8396864853312,1366.34521484375,1161705,0.0,0.0,CIPLA.NS,1014
2024-02-05 00:00:00+05:30,1374.1941964257833,1419.6687020799116,1367.9641607669535,1406.816162109375,2369316,0.0,0.0,CIPLA.NS,1015
2024-02-06 00:00:00+05:30,1417.5591021017126,1418.5893172099325,1385.8692685920519,1398.5255126953125,979752,0.0,0.0,CIPLA.NS,1016
2024-02-07 00:00:00+05:30,1408.8764057069939,1417.2158551836717,1394.012539451522,1411.574462890625,890299,0.0,0.0,CIPLA.NS,1017
2024-02-08 00:00:00+05:30,1420.6497083875768,1430.1664437492466,1390.8729929416293,1393.374755859375,1447767,0.0,0.0,CIPLA.NS,1018
2024-02-09 00:00:00+05:30,1401.125566961503,1420.2082610058897,1390.2843547508025,1412.5555419921875,1215784,0.0,0.0,CIPLA.NS,1019
2024-02-12 00:00:00+05:30,1412.8008608860428,1425.310035175138,1398.0841852518133,1407.6500244140625,453460,0.0,0.0,CIPLA.NS,1020
2024-02-13 00:00:00+05:30,1411.8197318547955,1435.906071919803,1402.9897265825973,1430.215576171875,981536,0.0,0.0,CIPLA.NS,1021
2024-02-14 00:00:00+05:30,1427.321300678621,1427.321300678621,1383.8089024470332,1398.427490234375,1113254,0.0,0.0,CIPLA.NS,1022
2024-02-15 00:00:00+05:30,1398.4275881359642,1410.7895720494037,1385.3297704209558,1395.4842529296875,1402161,0.0,0.0,CIPLA.NS,1023
2024-02-16 00:00:00+05:30,1402.989701762737,1421.63082367427,1398.967167829486,1413.487548828125,857301,0.0,0.0,CIPLA.NS,1024
2024-02-19 00:00:00+05:30,1417.657374332079,1445.7662499041703,1411.770703835918,1442.57763671875,888909,0.0,0.0,CIPLA.NS,1025
2024-02-20 00:00:00+05:30,1447.1397693912597,1451.0642162235072,1408.8764127768468,1424.2308349609375,1550412,0.0,0.0,CIPLA.NS,1026
2024-02-21 00:00:00+05:30,1424.5741897839473,1434.8758626439553,1406.374519825422,1419.9630126953125,1074054,0.0,0.0,CIPLA.NS,1027
2024-02-22 00:00:00+05:30,1428.0572328476135,1428.498685222227,1393.718322145156,1425.8497314453125,1582836,0.0,0.0,CIPLA.NS,1028
2024-02-23 00:00:00+05:30,1428.6458752355895,1454.3509547572787,1422.3667361858638,1438.7022705078125,1308103,0.0,0.0,CIPLA.NS,1029
2024-02-26 00:00:00+05:30,1445.6681178598708,1453.2226301898725,1433.943880724369,1442.0870361328125,898290,0.0,0.0,CIPLA.NS,1030
2024-02-27 00:00:00+05:30,1445.618928934075,1462.8374864897469,1441.9397602054792,1459.3544921875,1231196,0.0,0.0,CIPLA.NS,1031
2024-02-28 00:00:00+05:30,1463.278944359511,1465.7317235211747,1442.234147058279,1449.1019287109375,1083605,0.0,0.0,CIPLA.NS,1032
2024-02-29 00:00:00+05:30,1448.071756469622,1461.8564236725126,1423.985536247073,1452.388671875,4923680,0.0,0.0,CIPLA.NS,1033
2024-03-01 00:00:00+05:30,1465.7808432519782,1465.7808432519782,1432.423046283727,1443.1171875,1982189,0.0,0.0,CIPLA.NS,1034
2024-03-04 00:00:00+05:30,1454.988594659202,1467.0563160069248,1441.9888651384774,1443.705810546875,1147249,0.0,0.0,CIPLA.NS,1035
2024-03-05 00:00:00+05:30,1437.475741739969,1451.7508442277249,1425.3590369520305,1445.618896484375,1306046,0.0,0.0,CIPLA.NS,1036
2024-03-06 00:00:00+05:30,1448.1208836764645,1461.7583603957169,1420.796946511237,1457.1961669921875,1158132,0.0,0.0,CIPLA.NS,1037
2024-03-07 00:00:00+05:30,1457.1961749066768,1462.2979079195418,1447.6303356840947,1455.1358642578125,1569074,0.0,0.0,CIPLA.NS,1038
2024-03-11 00:00:00+05:30,1464.7998688805264,1490.3087748355792,1460.4339694209905,1475.690185546875,2183994,0.0,0.0,CIPLA.NS,1039
2024-03-12 00:00:00+05:30,1483.440868582637,1485.403091953778,1432.4230609329695,1438.064453125,1855916,0.0,0.0,CIPLA.NS,1040
2024-03-13 00:00:00+05:30,1442.2341816787914,1451.0641868727432,1421.6308362262373,1443.4605712890625,1720173,0.0,0.0,CIPLA.NS,1041
2024-03-14 00:00:00+05:30,1439.3889605442744,1473.090123707076,1426.8797862873462,1468.380859375,1748907,0.0,0.0,CIPLA.NS,1042
2024-03-15 00:00:00+05:30,1466.5657409359112,1467.9392014329248,1438.3587810251443,1459.9432373046875,1537072,0.0,0.0,CIPLA.NS,1043
2024-03-18 00:00:00+05:30,1460.8753527118236,1467.5959440484075,1443.215341732097,1460.335693359375,996530,0.0,0.0,CIPLA.NS,1044
2024-03-19 00:00:00+05:30,1454.5472105808456,1458.7169353397871,1404.068941346186,1408.58203125,1647925,0.0,0.0,CIPLA.NS,1045
2024-03-20 00:00:00+05:30,1408.6801639751234,1417.6082560942389,1388.8616366597503,1390.627685546875,1728210,0.0,0.0,CIPLA.NS,1046
2024-03-21 00:00:00+05:30,1400.0463504876661,1427.6155644105004,1393.3747432382238,1421.33642578125,1699939,0.0,0.0,CIPLA.NS,1047
2024-03-22 00:00:00+05:30,1425.5553225540611,1461.4639873867397,1423.6422026147723,1453.271728515625,1746930,0.0,0.0,CIPLA.NS,1048
2024-03-26 00:00:00+05:30,1445.1774841401873,1453.2716553853716,1432.423032481109,1444.441650390625,1635695,0.0,0.0,CIPLA.NS,1049
2024-03-27 00:00:00+05:30,1455.9698202241736,1467.74316108852,1430.4609150180897,1435.7098388671875,1642266,0.0,0.0,CIPLA.NS,1050
2024-03-28 00:00:00+05:30,1444.196480897763,1485.5993484089581,1433.5514424745036,1468.6751708984375,2110407,0.0,0.0,CIPLA.NS,1051
2024-04-01 00:00:00+05:30,1481.4786109992708,1481.4786109992708,1465.5846499659162,1470.343017578125,563831,0.0,0.0,CIPLA.NS,1052
2024-04-02 00:00:00+05:30,1474.512707331926,1474.512707331926,1455.2829431457635,1461.2677001953125,614238,0.0,0.0,CIPLA.NS,1053
2024-04-03 00:00:00+05:30,1465.1430764073746,1473.188263894059,1439.2908080681384,1443.705810546875,1465540,0.0,0.0,CIPLA.NS,1054
2024-04-04 00:00:00+05:30,1451.0642649093381,1453.2226628336473,1417.8045529371948,1431.981689453125,1474799,0.0,0.0,CIPLA.NS,1055
2024-04-05 00:00:00+05:30,1411.8197298434284,1446.1586391863889,1410.3480623001587,1422.0233154296875,1211684,0.0,0.0,CIPLA.NS,1056
2024-04-08 00:00:00+05:30,1429.6269619866596,1445.0303680334816,1422.0233461819987,1434.8267822265625,1039235,0.0,0.0,CIPLA.NS,1057
2024-04-09 00:00:00+05:30,1440.0267236381412,1442.2342250029417,1419.766742714939,1422.9063720703125,1225255,0.0,0.0,CIPLA.NS,1058
2024-04-10 00:00:00+05:30,1425.7025218198344,1427.8119359736406,1379.4430802056756,1396.0728759765625,2493253,0.0,0.0,CIPLA.NS,1059
2024-04-12 00:00:00+05:30,1396.121948744803,1397.9369814364188,1361.7830392535393,1370.4168701171875,2190583,0.0,0.0,CIPLA.NS,1060
2024-04-15 00:00:00+05:30,1363.6961725140416,1372.575281389562,1349.5682597110003,1355.3077392578125,1125072,0.0,0.0,CIPLA.NS,1061
2024-04-16 00:00:00+05:30,1358.8396737938854,1365.6583520489569,1345.643769632922,1349.2247314453125,1433760,0.0,0.0,CIPLA.NS,1062
2024-04-18 00:00:00+05:30,1350.0096637861348,1357.5151920471699,1317.0443354838137,1321.851806640625,2974196,0.0,0.0,CIPLA.NS,1063
2024-04-19 00:00:00+05:30,1321.5574442980217,1332.055291458242,1309.7841040370147,1320.3310546875,1173025,0.0,0.0,CIPLA.NS,1064
2024-04-22 00:00:00+05:30,1324.746065431887,1336.2250243511144,1322.5385641193734,1329.2591552734375,974434,0.0,0.0,CIPLA.NS,1065
2024-04-23 00:00:00+05:30,1343.8777338239834,1343.8777338239834,1319.104663716989,1321.2630615234375,1031497,0.0,0.0,CIPLA.NS,1066
2024-04-24 00:00:00+05:30,1327.885536158978,1375.4204682253162,1326.6591465767392,1371.790283203125,4415480,0.0,0.0,CIPLA.NS,1067
2024-04-25 00:00:00+05:30,1380.4240973854103,1383.8088846863764,1357.9566165525134,1379.63916015625,2027213,0.0,0.0,CIPLA.NS,1068
2024-04-26 00:00:00+05:30,1386.4089126263907,1390.431446624056,1374.78276299042,1382.5335693359375,695034,0.0,0.0,CIPLA.NS,1069
2024-04-29 00:00:00+05:30,1392.1975021362305,1393.2767010531811,1366.0999548722227,1381.4052734375,1082487,0.0,0.0,CIPLA.NS,1070
2024-04-30 00:00:00+05:30,1388.3221756524274,1392.1484155166575,1368.6999414169363,1373.556396484375,1327606,0.0,0.0,CIPLA.NS,1071
2024-05-02 00:00:00+05:30,1373.5563244377013,1399.06522760583,1371.7412918190441,1393.2276611328125,1540210,0.0,0.0,CIPLA.NS,1072
2024-05-03 00:00:00+05:30,1401.0274801500263,1406.9141502346904,1388.4692027302326,1397.8388671875,804513,0.0,0.0,CIPLA.NS,1073
2024-05-06 00:00:00+05:30,1403.9708291922134,1404.8047501762678,1378.5110287280102,1396.514404296875,929301,0.0,0.0,CIPLA.NS,1074
2024-05-07 00:00:00+05:30,1396.5143608265168,1401.8613714677874,1351.7265895936464,1360.998046875,1085239,0.0,0.0,CIPLA.NS,1075
2024-05-08 00:00:00+05:30,1349.077625231292,1371.7412804436503,1349.077625231292,1358.5943603515625,1497782,0.0,0.0,CIPLA.NS,1076
2024-05-09 00:00:00+05:30,1361.635866959092,1365.9036789577976,1327.4441477133378,1333.1346435546875,1152636,0.0,0.0,CIPLA.NS,1077
2024-05-10 00:00:00+05:30,1345.4474478006355,1370.514898560092,1292.369331073302,1314.2481689453125,5080539,0.0,0.0,CIPLA.NS,1078
2024-05-13 00:00:00+05:30,1345.1041379302608,1399.0161778284044,1343.6815738740347,1387.9296875,7910590,0.0,0.0,CIPLA.NS,1079
2024-05-14 00:00:00+05:30,1383.3674679351273,1383.3674679351273,1324.598854386947,1331.7119140625,3721994,0.0,0.0,CIPLA.NS,1080
2024-05-15 00:00:00+05:30,1368.6508019222322,1401.4689399119427,1360.5075270228724,1380.1297607421875,7893092,0.0,0.0,CIPLA.NS,1081
2024-05-16 00:00:00+05:30,1382.3863848864735,1398.9671965644359,1361.096308908687,1394.2578125,3226214,0.0,0.0,CIPLA.NS,1082
2024-05-17 00:00:00+05:30,1390.333384205061,1393.0805449066459,1370.02441965669,1372.6243896484375,3443452,0.0,0.0,CIPLA.NS,1083
2024-05-21 00:00:00+05:30,1383.367538354012,1418.6384571175463,1370.0244427880593,1415.0574951171875,2939271,0.0,0.0,CIPLA.NS,1084
2024-05-22 00:00:00+05:30,1423.5439331418415,1466.5657757876306,1410.1027511360041,1454.3018798828125,4216347,0.0,0.0,CIPLA.NS,1085
2024-05-23 00:00:00+05:30,1454.0074885747879,1476.1316045422784,1435.0719855208386,1461.0224609375,4389470,0.0,0.0,CIPLA.NS,1086
2024-05-24 00:00:00+05:30,1461.0224864884335,1465.6827669820332,1451.1132824444387,1458.3734130859375,758326,0.0,0.0,CIPLA.NS,1087
2024-05-27 00:00:00+05:30,1462.8375306207718,1464.3583016469795,1447.3359180041239,1450.7208251953125,1393334,0.0,0.0,CIPLA.NS,1088
2024-05-28 00:00:00+05:30,1454.9395060863746,1466.5166717218165,1447.3358906283756,1451.505615234375,784496,0.0,0.0,CIPLA.NS,1089
2024-05-29 00:00:00+05:30,1447.3850849093783,1469.3129082011421,1444.7851148625662,1465.3394775390625,1607691,0.0,0.0,CIPLA.NS,1090
2024-05-30 00:00:00+05:30,1466.8110136047162,1468.2826810730608,1426.5363326485156,1438.8983154296875,1732140,0.0,0.0,CIPLA.NS,1091
2024-05-31 00:00:00+05:30,1439.2417013739407,1444.8830934175405,1412.800790049346,1419.86474609375,3270743,0.0,0.0,CIPLA.NS,1092
2024-06-03 00:00:00+05:30,1454.0074648348652,1454.9885764845515,1418.7365489344907,1424.91748046875,1335614,0.0,0.0,CIPLA.NS,1093
2024-06-04 00:00:00+05:30,1432.4230440831936,1449.0528390521515,1391.7560131005107,1434.9249267578125,2049577,0.0,0.0,CIPLA.NS,1094
2024-06-05 00:00:00+05:30,1461.8564922130888,1485.4031739668567,1439.1437314851769,1468.6751708984375,1834280,0.0,0.0,CIPLA.NS,1095
2024-06-06 00:00:00+05:30,1471.667496998244,1472.6486086629093,1436.347477070286,1449.1019287109375,1605122,0.0,0.0,CIPLA.NS,1096
2024-06-07 00:00:00+05:30,1455.9697524889382,1475.0033432870662,1451.3585754374387,1468.969482421875,1591055,0.0,0.0,CIPLA.NS,1097
2024-06-10 00:00:00+05:30,1478.4372487666164,1511.745943167776,1473.629777470415,1505.2706298828125,2751606,0.0,0.0,CIPLA.NS,1098
2024-06-11 00:00:00+05:30,1515.817589101556,1517.2401531725377,1498.1575783547419,1501.34619140625,1699446,0.0,0.0,CIPLA.NS,1099
2024-06-12 00:00:00+05:30,1513.3156616594085,1519.741991063941,1503.063092517726,1511.843994140625,1578793,0.0,0.0,CIPLA.NS,1100
2024-06-13 00:00:00+05:30,1520.7231094019626,1521.7042210854477,1491.6822275237244,1515.3760986328125,1525789,0.0,0.0,CIPLA.NS,1101
2024-06-14 00:00:00+05:30,1515.8175028739863,1537.40195922559,1506.7913235782491,1535.1944580078125,1845043,0.0,0.0,CIPLA.NS,1102
2024-06-18 00:00:00+05:30,1540.34542533224,1547.1641039907624,1534.0662862696822,1545.0548095703125,2068897,0.0,0.0,CIPLA.NS,1103
2024-06-19 00:00:00+05:30,1547.6056773781154,1552.1187674138796,1524.058995698006,1530.338134765625,1881544,0.0,0.0,CIPLA.NS,1104
2024-06-20 00:00:00+05:30,1528.5720531715642,1529.700355597624,1510.9120422876822,1515.67041015625,1705002,0.0,0.0,CIPLA.NS,1105
2024-06-21 00:00:00+05:30,1520.6249977302348,1533.379449410411,1504.534742426937,1512.4327392578125,2613883,0.0,0.0,CIPLA.NS,1106
2024-06-24 00:00:00+05:30,1499.1387097336954,1499.1387097336954,1466.8111264316058,1475.9844970703125,1283529,0.0,0.0,CIPLA.NS,1107
2024-06-25 00:00:00+05:30,1483.0484221311006,1489.1313865313607,1467.2525477101458,1471.3731689453125,1199626,0.0,0.0,CIPLA.NS,1108
2024-06-26 00:00:00+05:30,1475.2975543132934,1478.7314451211455,1447.1396975947503,1451.1622314453125,1930909,0.0,0.0,CIPLA.NS,1109
2024-06-27 00:00:00+05:30,1453.0264319439266,1458.1281648929828,1437.6230261147819,1452.9283447265625,2792582,0.0,0.0,CIPLA.NS,1110
2024-06-28 00:00:00+05:30,1458.2263143481973,1464.0147773550607,1448.1699197905482,1452.8302001953125,2087765,0.0,0.0,CIPLA.NS,1111
2024-07-01 00:00:00+05:30,1456.9017106998008,1465.4864377194308,1444.392537042626,1451.1622314453125,1313651,0.0,0.0,CIPLA.NS,1112
2024-07-02 00:00:00+05:30,1452.0452207503374,1464.5543941047745,1451.309387023606,1460.5318603515625,1191962,0.0,0.0,CIPLA.NS,1113
2024-07-03 00:00:00+05:30,1465.7808822464722,1471.6675524562975,1446.7472912817816,1455.7244873046875,1061247,0.0,0.0,CIPLA.NS,1114
2024-07-04 00:00:00+05:30,1449.8377928739462,1460.82619584287,1439.2908422575395,1452.7811279296875,1498413,0.0,0.0,CIPLA.NS,1115
2024-07-05 00:00:00+05:30,1458.9130125948523,1487.3652502312011,1457.9319009522196,1481.3804931640625,2188675,0.0,0.0,CIPLA.NS,1116
2024-07-08 00:00:00+05:30,1487.3654176182822,1495.852058235057,1455.1849042125143,1458.9622802734375,1524489,0.0,0.0,CIPLA.NS,1117
2024-07-09 00:00:00+05:30,1468.6261240630888,1486.3842218363966,1459.2074757192258,1483.489990234375,1791406,0.0,0.0,CIPLA.NS,1118
2024-07-10 00:00:00+05:30,1483.5389651544883,1488.5917143199645,1464.0639220260123,1484.6181640625,671042,0.0,0.0,CIPLA.NS,1119
2024-07-11 00:00:00+05:30,1488.3464277655005,1490.3086511376368,1466.7619706719995,1477.55419921875,1314312,0.0,0.0,CIPLA.NS,1120
2024-07-12 00:00:00+05:30,1477.6033200488844,1486.3842218363966,1474.0222383997884,1483.489990234375,1192685,0.0,0.0,CIPLA.NS,1121
2024-07-15 00:00:00+05:30,1487.9539594802081,1503.0139999118956,1484.6672592840462,1488.5426025390625,1825510,0.0,0.0,CIPLA.NS,1122
2024-07-16 00:00:00+05:30,1488.5425812626731,1495.655640886633,1474.7089306365833,1481.87109375,963199,0.0,0.0,CIPLA.NS,1123
2024-07-18 00:00:00+05:30,1468.724264424394,1484.422052153713,1457.5395667143312,1478.1920166015625,2169744,0.0,0.0,CIPLA.NS,1124
2024-07-19 00:00:00+05:30,1473.2372804058798,1477.5541957674184,1452.2414664201406,1457.44140625,868261,0.0,0.0,CIPLA.NS,1125
2024-07-22 00:00:00+05:30,1447.18875233429,1478.5843243770753,1442.8718372254864,1461.8563232421875,1328847,0.0,0.0,CIPLA.NS,1126
2024-07-23 00:00:00+05:30,1461.8563716765912,1475.5919349003982,1447.286887495689,1469.607177734375,1241630,0.0,0.0,CIPLA.NS,1127
2024-07-24 00:00:00+05:30,1467.1053561245856,1482.7541595928328,1456.9508739860898,1475.1014404296875,2266300,0.0,0.0,CIPLA.NS,1128
2024-07-25 00:00:00+05:30,1469.7053478847142,1480.2031953209023,1461.6602797340477,1471.7166748046875,2200932,0.0,0.0,CIPLA.NS,1129
2024-07-26 00:00:00+05:30,1476.3278774491566,1569.7787698412699,1472.6487084573412,1545.2509765625,4687416,0.0,0.0,CIPLA.NS,1130
2024-07-29 00:00:00+05:30,1558.0052879985935,1558.9863996409101,1499.9235266792991,1524.598388671875,3983153,0.0,0.0,CIPLA.NS,1131
2024-07-30 00:00:00+05:30,1524.6476086666487,1534.5078293312458,1497.1764805825649,1500.021728515625,2988651,0.0,0.0,CIPLA.NS,1132
2024-07-31 00:00:00+05:30,1501.1990012552326,1519.3005841362149,1494.7727914231868,1515.130859375,1645138,0.0,0.0,CIPLA.NS,1133
2024-08-01 00:00:00+05:30,1516.7495951201915,1523.1759247051468,1506.546129181844,1516.994873046875,1529481,0.0,0.0,CIPLA.NS,1134
2024-08-02 00:00:00+05:30,1512.8393172909782,1525.1082803184222,1507.5952870419596,1512.6414794921875,1353707,13.0,0.0,CIPLA.NS,1135
2024-08-05 00:00:00+05:30,1456.4417113773025,1511.8003001247496,1456.4417113773025,1499.0367431640625,1719770,0.0,0.0,CIPLA.NS,1136
2024-08-06 00:00:00+05:30,1497.0083574216144,1526.0481186524596,1489.7854664068827,1515.7086181640625,1775016,0.0,0.0,CIPLA.NS,1137
2024-08-07 00:00:00+05:30,1515.906524997955,1540.4444510066314,1515.906524997955,1537.1298828125,1359682,0.0,0.0,CIPLA.NS,1138
2024-08-08 00:00:00+05:30,1528.670201375784,1572.848299636288,1528.670201375784,1553.3564453125,3541556,0.0,0.0,CIPLA.NS,1139
2024-08-09 00:00:00+05:30,1558.1552327287104,1564.487491438816,1544.9957584878305,1558.105712890625,956684,0.0,0.0,CIPLA.NS,1140
2024-08-12 00:00:00+05:30,1558.0562814521074,1576.162909325133,1554.444956469761,1569.4842529296875,1731555,0.0,0.0,CIPLA.NS,1141
2024-08-13 00:00:00+05:30,1583.0888689170868,1589.7180052436388,1563.300258055623,1566.7137451171875,2281463,0.0,0.0,CIPLA.NS,1142
2024-08-14 00:00:00+05:30,1580.1205290910298,1580.1205290910298,1538.5644475494998,1547.271484375,896638,0.0,0.0,CIPLA.NS,1143
2024-08-16 00:00:00+05:30,1550.4376127442615,1563.7454048224038,1543.5115991582948,1559.44140625,909870,0.0,0.0,CIPLA.NS,1144
2024-08-19 00:00:00+05:30,1561.766550031154,1568.1978483866487,1553.1090330141417,1558.8477783203125,742635,0.0,0.0,CIPLA.NS,1145
2024-08-20 00:00:00+05:30,1559.8372944122593,1562.3108708385396,1541.7306666598492,1546.33154296875,1413845,0.0,0.0,CIPLA.NS,1146
2024-08-21 00:00:00+05:30,1549.1020048283988,1579.2796373838917,1544.5011284958857,1577.7459716796875,1074905,0.0,0.0,CIPLA.NS,1147
2024-08-22 00:00:00+05:30,1582.099497847489,1582.099497847489,1559.3921143423934,1569.0390625,906819,0.0,0.0,CIPLA.NS,1148
2024-08-23 00:00:00+05:30,1563.3498271427045,1569.0390529445945,1551.8723358574207,1557.907958984375,770573,0.0,0.0,CIPLA.NS,1149
2024-08-26 00:00:00+05:30,1553.4059697473615,1579.1311641508212,1549.992482648172,1577.102783203125,658120,0.0,0.0,CIPLA.NS,1150
2024-08-27 00:00:00+05:30,1569.7315746821573,1602.6796604583726,1569.7315746821573,1581.1595458984375,1570234,0.0,0.0,CIPLA.NS,1151
2024-08-28 00:00:00+05:30,1587.0465703310442,1612.771764114465,1578.3395333538488,1601.096435546875,1433847,0.0,0.0,CIPLA.NS,1152
2024-08-29 00:00:00+05:30,1604.8563581921692,1624.941846745454,1591.9937609933418,1601.44287109375,2749546,0.0,0.0,CIPLA.NS,1153
2024-08-30 00:00:00+05:30,1597.9303870983874,1646.1156080443607,1597.9303870983874,1637.40869140625,3296701,0.0,0.0,CIPLA.NS,1154
2024-09-02 00:00:00+05:30,1651.3595983856012,1663.8263992383647,1624.644973366781,1629.245849609375,1306971,0.0,0.0,CIPLA.NS,1155
2024-09-03 00:00:00+05:30,1625.9312965260633,1642.3062999163028,1625.9312965260633,1635.7265625,1264708,0.0,0.0,CIPLA.NS,1156
2024-09-04 00:00:00+05:30,1617.7684274349772,1640.4758096607652,1613.5633477057502,1634.4403076171875,1019049,0.0,0.0,CIPLA.NS,1157
2024-09-05 00:00:00+05:30,1633.648710759833,1642.4051467237375,1606.2415336117713,1610.5455322265625,1081756,0.0,0.0,CIPLA.NS,1158
2024-09-06 00:00:00+05:30,1610.5455361728334,1614.7010960634846,1591.0538031532137,1594.0220947265625,913336,0.0,0.0,CIPLA.NS,1159
2024-09-09 00:00:00+05:30,1594.0220853427813,1619.499921197374,1592.9831349861881,1603.02587890625,1003511,0.0,0.0,CIPLA.NS,1160
2024-09-10 00:00:00+05:30,1615.7400408726112,1626.970053130496,1607.1320436515243,1614.7506103515625,1248269,0.0,0.0,CIPLA.NS,1161
2024-09-11 00:00:00+05:30,1609.902372008499,1634.8360935352146,1607.0825191876452,1611.13916015625,1243738,0.0,0.0,CIPLA.NS,1162
2024-09-12 00:00:00+05:30,1617.7189351034517,1642.4546986371436,1613.3160175064927,1639.7337646484375,1728200,0.0,0.0,CIPLA.NS,1163
2024-09-13 00:00:00+05:30,1641.36636494145,1651.557427147025,1626.1291103025228,1642.1578369140625,747149,0.0,0.0,CIPLA.NS,1164
2024-09-16 00:00:00+05:30,1643.6419865119124,1654.179446058538,1636.666573580555,1641.861083984375,683436,0.0,0.0,CIPLA.NS,1165
2024-09-17 00:00:00+05:30,1642.4546763413605,1665.2115784834396,1639.1895072871987,1654.1300048828125,958137,0.0,0.0,CIPLA.NS,1166
2024-09-18 00:00:00+05:30,1655.3172700300158,1655.3172700300158,1620.7367214576843,1634.1434326171875,1084127,0.0,0.0,CIPLA.NS,1167
2024-09-19 00:00:00+05:30,1642.4547306738398,1650.370175159015,1615.492747896212,1620.390380859375,2048750,0.0,0.0,CIPLA.NS,1168
2024-09-20 00:00:00+05:30,1628.5038160421007,1635.1329526171357,1592.7853962543286,1621.3304443359375,2504382,0.0,0.0,CIPLA.NS,1169
2024-09-23 00:00:00+05:30,1629.4436542082396,1647.253403857908,1620.6872181198382,1640.624267578125,1129445,0.0,0.0,CIPLA.NS,1170
2024-09-24 00:00:00+05:30,1607.8246635621376,1642.0589368579642,1607.7751437219888,1620.2420654296875,1476260,0.0,0.0,CIPLA.NS,1171
2024-09-25 00:00:00+05:30,1620.6872847036059,1631.5710210477691,1601.1460308129488,1625.832275390625,759761,0.0,0.0,CIPLA.NS,1172
2024-09-26 00:00:00+05:30,1625.8322872080412,1634.9845201094292,1585.3646729492277,1604.6585693359375,2613098,0.0,0.0,CIPLA.NS,1173
2024-09-27 00:00:00+05:30,1612.9202712635556,1661.303450395227,1612.7718325217209,1654.8226318359375,3866952,0.0,0.0,CIPLA.NS,1174
2024-09-30 00:00:00+05:30,1657.2961882933675,1661.1549916340703,1628.89957952838,1636.6170654296875,1313437,0.0,0.0,CIPLA.NS,1175
2024-10-01 00:00:00+05:30,1642.454703983612,1649.430237634858,1634.0940641940472,1647.25341796875,945740,0.0,0.0,CIPLA.NS,1176
2024-10-03 00:00:00+05:30,1643.6915351346286,1660.2644971894097,1623.0124120565238,1639.041259765625,1533472,0.0,0.0,CIPLA.NS,1177
2024-10-04 00:00:00+05:30,1627.7122142553471,1638.8928280613072,1560.6288937598842,1606.1427001953125,2371220,0.0,0.0,CIPLA.NS,1178
2024-10-07 00:00:00+05:30,1605.8458089644155,1627.4648426801596,1595.0115925764178,1607.4783935546875,1553239,0.0,0.0,CIPLA.NS,1179
2024-10-08 00:00:00+05:30,1607.4783548409118,1635.7265243579307,1606.686762094966,1623.358642578125,1239808,0.0,0.0,CIPLA.NS,1180
2024-10-09 00:00:00+05:30,1613.266509673809,1684.0603137461426,1613.266509673809,1662.738037109375,1671718,0.0,0.0,CIPLA.NS,1181
2024-10-10 00:00:00+05:30,1676.0458768740684,1676.0953967149371,1597.0398694907215,1601.7891845703125,2288313,0.0,0.0,CIPLA.NS,1182
2024-10-11 00:00:00+05:30,1585.1666488548105,1596.7430586764829,1557.1163171155315,1578.8837890625,1894245,0.0,0.0,CIPLA.NS,1183
2024-10-14 00:00:00+05:30,1583.0888414084018,1588.975904725352,1554.444875996206,1581.55517578125,2301224,0.0,0.0,CIPLA.NS,1184
2024-10-15 00:00:00+05:30,1584.9688061074912,1587.9864967862923,1551.4270866470495,1555.137451171875,2206500,0.0,0.0,CIPLA.NS,1185
2024-10-16 00:00:00+05:30,1544.8968825214772,1556.3742527275942,1534.0131464884173,1545.6883544921875,2519123,0.0,0.0,CIPLA.NS,1186
2024-10-17 00:00:00+05:30,1545.6883487035159,1562.013952691966,1535.7446441967902,1542.225341796875,1498368,0.0,0.0,CIPLA.NS,1187
2024-10-18 00:00:00+05:30,1532.6774221064982,1545.5400190913135,1520.1115818148141,1535.29931640625,1879293,0.0,0.0,CIPLA.NS,1188
2024-10-21 00:00:00+05:30,1535.5961879614438,1544.7484203961367,1501.114558025674,1507.644775390625,1297970,0.0,0.0,CIPLA.NS,1189
2024-10-22 00:00:00+05:30,1506.9026726961354,1510.5635172855928,1485.6299166469123,1494.3863525390625,1757792,0.0,0.0,CIPLA.NS,1190
2024-10-23 00:00:00+05:30,1488.8455677407665,1498.0967189018281,1466.6329009866595,1469.89794921875,1925211,0.0,0.0,CIPLA.NS,1191
2024-10-24 00:00:00+05:30,1480.1880663124066,1492.0612326197254,1466.385558792186,1476.5272216796875,1178365,0.0,0.0,CIPLA.NS,1192
2024-10-25 00:00:00+05:30,1476.5272961205092,1490.8245196243458,1463.1699833513512,1473.1632080078125,1175088,0.0,0.0,CIPLA.NS,1193
2024-10-28 00:00:00+05:30,1480.979713330285,1497.2062779209978,1456.1449096030813,1487.2625732421875,928896,0.0,0.0,CIPLA.NS,1194
2024-10-29 00:00:00+05:30,1494.04007736228,1501.114529699186,1434.6742464737126,1461.93310546875,3475282,0.0,0.0,CIPLA.NS,1195
2024-10-30 00:00:00+05:30,1424.7800023135906,1424.7800023135906,1388.1710716985888,1403.2598876953125,5064434,0.0,0.0,CIPLA.NS,1196
2024-10-31 00:00:00+05:30,1543.561198942439,1549.3987426431702,1502.0051152743022,1535.348876953125,17447689,0.0,0.0,CIPLA.NS,1197
2024-11-01 00:00:00+05:30,1548.557673134037,1556.8193937690046,1535.3487999296171,1543.06640625,538362,0.0,0.0,CIPLA.NS,1198
2024-11-04 00:00:00+05:30,1567.2579283498253,1586.007588208388,1546.4798876330663,1567.8515625,4190449,0.0,0.0,CIPLA.NS,1199
2024-11-05 00:00:00+05:30,1566.8621698009974,1592.9336402211134,1560.975106434553,1584.276123046875,2238168,0.0,0.0,CIPLA.NS,1200
2024-11-06 00:00:00+05:30,1593.180988637348,1595.3082884295868,1564.289665517935,1577.2017822265625,2074821,0.0,0.0,CIPLA.NS,1201
2024-11-07 00:00:00+05:30,1583.088860974761,1585.0677220509795,1542.0770134821717,1559.490966796875,1512145,0.0,0.0,CIPLA.NS,1202
2024-11-08 00:00:00+05:30,1558.452054998217,1580.8626813971694,1552.1196752415453,1575.76708984375,1718495,0.0,0.0,CIPLA.NS,1203
2024-11-11 00:00:00+05:30,1573.2935046947257,1582.8415337267968,1528.1754954468122,1536.3878173828125,1725382,0.0,0.0,CIPLA.NS,1204
2024-11-12 00:00:00+05:30,1534.6563047286036,1540.493848356522,1505.8637790650228,1509.030029296875,2782808,0.0,0.0,CIPLA.NS,1205
2024-11-13 00:00:00+05:30,1500.471462901967,1509.7721344376628,1485.3331268336465,1489.6866455078125,1552443,0.0,0.0,CIPLA.NS,1206
2024-11-14 00:00:00+05:30,1481.177503542257,1500.966114144024,1474.4988474641607,1483.8984375,1469143,0.0,0.0,CIPLA.NS,1207
2024-11-18 00:00:00+05:30,1481.6721956194149,1489.2413632121536,1445.4095431031617,1449.7630615234375,1760344,0.0,0.0,CIPLA.NS,1208
2024-11-19 00:00:00+05:30,1449.5157635816959,1470.1453665046376,1441.4518803996075,1455.99658203125,1116002,0.0,0.0,CIPLA.NS,1209
2024-11-21 00:00:00+05:30,1454.462935604849,1462.4772990531826,1438.4836077685447,1450.010498046875,1363706,0.0,0.0,CIPLA.NS,1210
2024-11-22 00:00:00+05:30,1450.5051267067672,1480.336480719681,1444.6180634881725,1470.7884521484375,704859,0.0,0.0,CIPLA.NS,1211
2024-11-25 00:00:00+05:30,1480.0892004343798,1491.5665707865687,1471.7779595655197,1487.4110107421875,2453548,0.0,0.0,CIPLA.NS,1212
2024-11-26 00:00:00+05:30,1498.9873238068274,1498.9873238068274,1474.3010792284513,1476.9229736328125,873585,0.0,0.0,CIPLA.NS,1213
2024-11-27 00:00:00+05:30,1471.382162215215,1486.1247017211983,1452.9787779477895,1475.389404296875,1676606,0.0,0.0,CIPLA.NS,1214
2024-11-28 00:00:00+05:30,1469.4032444580378,1489.0929360071073,1458.32167092072,1476.972412109375,4358321,0.0,0.0,CIPLA.NS,1215
2024-11-29 00:00:00+05:30,1474.2514759811802,1531.341568718884,1474.2514759811802,1517.6875,3256635,0.0,0.0,CIPLA.NS,1216
2024-12-02 00:00:00+05:30,1515.8076151733476,1532.1332193837657,1488.4004370230487,1491.764404296875,5328936,0.0,0.0,CIPLA.NS,1217
2024-12-03 00:00:00+05:30,1501.015619880661,1533.0236730722875,1492.5559406158459,1517.6875,1951182,0.0,0.0,CIPLA.NS,1218
2024-12-04 00:00:00+05:30,1513.8287410868988,1520.5073972975763,1476.4777378345914,1484.98681640625,2971135,0.0,0.0,CIPLA.NS,1219
2024-12-05 00:00:00+05:30,1491.071823866125,1491.071823866125,1454.561812781997,1482.414306640625,4084059,0.0,0.0,CIPLA.NS,1220
2024-12-06 00:00:00+05:30,1497.255727798576,1497.255727798576,1460.3994410908297,1461.78466796875,3768932,0.0,0.0,CIPLA.NS,1221
2024-12-09 00:00:00+05:30,1464.3572470377383,1469.0570422562714,1451.7915270812784,1453.4735107421875,2144057,0.0,0.0,CIPLA.NS,1222
2024-12-10 00:00:00+05:30,1461.3394511157762,1463.3678321227803,1436.9500838711435,1439.8193359375,3397465,0.0,0.0,CIPLA.NS,1223
2024-12-11 00:00:00+05:30,1440.7098181566023,1452.385147108219,1432.6954547549456,1438.73095703125,2448702,0.0,0.0,CIPLA.NS,1224
2024-12-12 00:00:00+05:30,1444.5685865138066,1445.9042935850434,1423.3947488294345,1430.1229248046875,2651833,0.0,0.0,CIPLA.NS,1225
2024-12-13 00:00:00+05:30,1429.8261099389686,1434.179628655931,1408.751311009739,1432.0029296875,1318852,0.0,0.0,CIPLA.NS,1226
2024-12-16 00:00:00+05:30,1432.695429566662,1442.1445395861324,1420.9211819218008,1433.140625,2076469,0.0,0.0,CIPLA.NS,1227
2024-12-17 00:00:00+05:30,1454.462877574711,1467.3254744512221,1432.6954059375385,1435.5152587890625,3500888,0.0,0.0,CIPLA.NS,1228
2024-12-18 00:00:00+05:30,1439.6214091791999,1467.275943950708,1437.8403859279717,1456.8375244140625,2499842,0.0,0.0,CIPLA.NS,1229
2024-12-19 00:00:00+05:30,1434.674243120333,1494.0895937078012,1434.5753242251014,1490.6265869140625,3426222,0.0,0.0,CIPLA.NS,1230
2024-12-20 00:00:00+05:30,1490.6266880039093,1490.676087064829,1453.5230412690214,1456.4913330078125,2196991,0.0,0.0,CIPLA.NS,1231
2024-12-23 00:00:00+05:30,1458.3710738829836,1475.240912644782,1443.3812980546315,1460.448974609375,760728,0.0,0.0,CIPLA.NS,1232
2024-12-24 00:00:00+05:30,1460.3994572410215,1471.876827193401,1445.854876812244,1460.152099609375,909994,0.0,0.0,CIPLA.NS,1233
2024-12-26 00:00:00+05:30,1460.1521556991613,1479.1491742273213,1450.7525653355212,1474.7957763671875,1254464,0.0,0.0,CIPLA.NS,1234
2024-12-27 00:00:00+05:30,1472.8662756947272,1496.761047359409,1468.3149193729057,1490.676025390625,1446303,0.0,0.0,CIPLA.NS,1235
2024-12-30 00:00:00+05:30,1493.0507388527396,1510.5636117320141,1479.2976296933712,1505.3197021484375,1501086,0.0,0.0,CIPLA.NS,1236
2024-12-31 00:00:00+05:30,1501.8567001965796,1519.715849681568,1498.591530973456,1512.83935546875,1664122,0.0,0.0,CIPLA.NS,1237
2025-01-01 00:00:00+05:30,1515.7580853381512,1531.4900552659242,1502.6481305283564,1512.938232421875,1578715,0.0,0.0,CIPLA.NS,1238
2025-01-02 00:00:00+05:30,1518.6769720283692,1527.136530744303,1511.10780418141,1521.645263671875,1448048,0.0,0.0,CIPLA.NS,1239
2025-01-03 00:00:00+05:30,1522.7335520704094,1522.7335520704094,1489.1918336874992,1495.27685546875,1581838,0.0,0.0,CIPLA.NS,1240
2025-01-06 00:00:00+05:30,1484.1457971643904,1493.2980295802374,1463.8624712698104,1475.63671875,981443,0.0,0.0,CIPLA.NS,1241
2025-01-07 00:00:00+05:30,1474.2514716180094,1494.0400819752983,1472.2230907443504,1481.6226806640625,1045516,0.0,0.0,CIPLA.NS,1242
2025-01-08 00:00:00+05:30,1488.9940367987763,1497.008399979063,1471.8274411665357,1479.0997314453125,1277871,0.0,0.0,CIPLA.NS,1243
2025-01-09 00:00:00+05:30,1474.3504011378827,1483.5521533323663,1465.3466075164538,1472.470458984375,995821,0.0,0.0,CIPLA.NS,1244
2025-01-10 00:00:00+05:30,1467.4244191101263,1481.8700809305656,1449.6641891154911,1453.275634765625,930723,0.0,0.0,CIPLA.NS,1245
2025-01-13 00:00:00+05:30,1444.5686071312068,1448.476809502845,1421.1685504007676,1423.9884033203125,873093,0.0,0.0,CIPLA.NS,1246
2025-01-14 00:00:00+05:30,1420.8223108190512,1436.6036802351198,1419.2886451102358,1432.4481201171875,1028726,0.0,0.0,CIPLA.NS,1247
2025-01-15 00:00:00+05:30,1439.5718951685287,1439.621415006855,1414.737213127522,1431.90380859375,1126634,0.0,0.0,CIPLA.NS,1248
2025-01-16 00:00:00+05:30,1436.4058442758283,1438.9289405664483,1415.7267210012515,1428.2430419921875,1080833,0.0,0.0,CIPLA.NS,1249
2025-01-17 00:00:00+05:30,1428.2430545269947,1434.328076802406,1418.8434639360653,1427.0557861328125,658778,0.0,0.0,CIPLA.NS,1250
2025-01-20 00:00:00+05:30,1427.0557536224971,1434.2291252258397,1413.7973598823687,1430.17236328125,738447,0.0,0.0,CIPLA.NS,1251
2025-01-21 00:00:00+05:30,1435.16904827727,1449.3179538043148,1409.9385686281348,1412.9068603515625,820225,0.0,0.0,CIPLA.NS,1252
2025-01-22 00:00:00+05:30,1415.9740792390764,1425.719946298514,1405.1892617583364,1424.1864013671875,808605,0.0,0.0,CIPLA.NS,1253
2025-01-23 00:00:00+05:30,1417.408750138049,1442.7875465381878,1417.408750138049,1435.8121337890625,1070838,0.0,0.0,CIPLA.NS,1254
2025-01-24 00:00:00+05:30,1429.9744997033001,1435.663725355121,1393.118211784983,1396.4822998046875,1615412,0.0,0.0,CIPLA.NS,1255
2025-01-27 00:00:00+05:30,1393.2171609764962,1399.945337162196,1369.5697462056996,1381.343994140625,1448841,0.0,0.0,CIPLA.NS,1256
2025-01-28 00:00:00+05:30,1380.3050838285176,1457.431143912961,1351.6609980432322,1405.5849609375,5627159,0.0,0.0,CIPLA.NS,1257
2025-01-29 00:00:00+05:30,1424.7799442400246,1439.6214019925249,1395.6906628891056,1408.8995361328125,3775947,0.0,0.0,CIPLA.NS,1258
2025-01-30 00:00:00+05:30,1415.8751420293934,1454.2650963587216,1410.9279891921137,1442.0455322265625,1773294,0.0,0.0,CIPLA.NS,1259
2025-01-31 00:00:00+05:30,1444.5685733723512,1475.2409197932711,1436.7520480316464,1463.7635498046875,2083385,0.0,0.0,CIPLA.NS,1260
2025-02-01 00:00:00+05:30,1463.7635814655507,1470.7885142224,1412.1647540692366,1424.2852783203125,1306859,0.0,0.0,CIPLA.NS,1261
2025-02-03 00:00:00+05:30,1419.8328679557685,1424.0874677188253,1391.2878201671724,1405.53564453125,1757831,0.0,0.0,CIPLA.NS,1262
2025-02-04 00:00:00+05:30,1410.8290337998303,1447.78424038243,1408.4543763433378,1433.734375,1750660,0.0,0.0,CIPLA.NS,1263
2025-02-05 00:00:00+05:30,1442.4413326365964,1442.589771378149,1414.1931623249259,1421.6138916015625,2516488,0.0,0.0,CIPLA.NS,1264
2025-02-06 00:00:00+05:30,1428.6881621346927,1459.706905801605,1422.949537542192,1455.947021484375,2918537,0.0,0.0,CIPLA.NS,1265
2025-02-07 00:00:00+05:30,1457.9258750673262,1466.1875957751097,1439.6214103990226,1456.6890869140625,1445335,0.0,0.0,CIPLA.NS,1266
2025-02-10 00:00:00+05:30,1460.5973826427355,1461.9826096190623,1416.4194036048932,1443.4307861328125,1282801,0.0,0.0,CIPLA.NS,1267
2025-02-11 00:00:00+05:30,1449.5157433864756,1452.4840350111579,1428.1440678447827,1437.791015625,1938792,0.0,0.0,CIPLA.NS,1268
2025-02-12 00:00:00+05:30,1437.7910135312181,1446.844327129334,1419.9812638090602,1433.8826904296875,1791670,0.0,0.0,CIPLA.NS,1269
2025-02-13 00:00:00+05:30,1433.882706345087,1477.2198127953966,1431.804926343792,1456.5902099609375,1879916,0.0,0.0,CIPLA.NS,1270
2025-02-14 00:00:00+05:30,1462.3783996639627,1464.5056995705088,1423.3454115303036,1444.0244140625,1703559,0.0,0.0,CIPLA.NS,1271
2025-02-17 00:00:00+05:30,1442.0454435216739,1465.049702799957,1435.9605425302009,1459.063720703125,1113888,0.0,0.0,CIPLA.NS,1272
2025-02-18 00:00:00+05:30,1459.0637275268837,1468.1664399180727,1450.6040483439142,1466.4349365234375,967394,0.0,0.0,CIPLA.NS,1273
2025-02-19 00:00:00+05:30,1439.5719709033935,1458.4206717231168,1411.2742805334426,1448.6748046875,1210464,0.0,0.0,CIPLA.NS,1274
2025-02-20 00:00:00+05:30,1446.5474307155876,1467.3254717860577,1446.052715452005,1464.060302734375,1652209,0.0,0.0,CIPLA.NS,1275
2025-02-21 00:00:00+05:30,1473.2620540866403,1486.1246509322589,1453.1271670266326,1460.152099609375,1413123,0.0,0.0,CIPLA.NS,1276
2025-02-24 00:00:00+05:30,1444.5686394320298,1473.2621261056797,1442.1939818961216,1461.1416015625,1403090,0.0,0.0,CIPLA.NS,1277
2025-02-25 00:00:00+05:30,1455.4523466137928,1466.7318790984302,1439.2256613534455,1447.8831787109375,992994,0.0,0.0,CIPLA.NS,1278
2025-02-27 00:00:00+05:30,1436.6531438811828,1448.8231878335368,1420.8222552433738,1425.9178466796875,1260808,0.0,0.0,CIPLA.NS,1279
2025-02-28 00:00:00+05:30,1424.7800288632327,1433.3880265589082,1385.2028058392539,1392.62353515625,3340343,0.0,0.0,CIPLA.NS,1280
2025-03-03 00:00:00+05:30,1385.2027249114317,1403.1113931274824,1381.2450028402561,1392.6729736328125,854264,0.0,0.0,CIPLA.NS,1281
2025-03-04 00:00:00+05:30,1387.626797868576,1390.14989403099,1374.6158830289448,1386.9837646484375,1456530,0.0,0.0,CIPLA.NS,1282
2025-03-05 00:00:00+05:30,1380.3545314246426,1416.7656238520622,1378.3756703314154,1404.7440185546875,2187830,0.0,0.0,CIPLA.NS,1283
2025-03-06 00:00:00+05:30,1409.888957727051,1448.9714628946317,1404.7439673841152,1446.300048828125,1525159,0.0,0.0,CIPLA.NS,1284
2025-03-07 00:00:00+05:30,1450.4556411046512,1455.5512325040932,1436.2079380577964,1443.034912109375,678497,0.0,0.0,CIPLA.NS,1285
2025-03-10 00:00:00+05:30,1442.9360321638137,1466.5339268497924,1441.6003250646258,1447.28955078125,905854,0.0,0.0,CIPLA.NS,1286
2025-03-11 00:00:00+05:30,1432.6954570508387,1443.5791932577165,1422.8011514082223,1430.46923828125,1231247,0.0,0.0,CIPLA.NS,1287
2025-03-12 00:00:00+05:30,1426.7587894734986,1441.6002470616418,1422.5537098235247,1438.9288330078125,1254797,0.0,0.0,CIPLA.NS,1288
2025-03-13 00:00:00+05:30,1441.0066185246183,1450.2082497970384,1430.3702405450367,1446.448486328125,804032,0.0,0.0,CIPLA.NS,1289
2025-03-17 00:00:00+05:30,1444.4201249781497,1481.1279732288015,1440.3139641513042,1476.823974609375,1329884,0.0,0.0,CIPLA.NS,1290
2025-03-18 00:00:00+05:30,1476.823974609375,1476.823974609375,1476.823974609375,1476.823974609375,0,0.0,0.0,CIPLA.NS,1291
2025-03-19 00:00:00+05:30,1498.9872593820864,1498.9872593820864,1480.6827944985428,1483.3048095703125,1015731,0.0,0.0,CIPLA.NS,1292
2025-03-20 00:00:00+05:30,1483.7995187152699,1501.559748419662,1479.643838020528,1496.0684814453125,984355,0.0,0.0,CIPLA.NS,1293
2025-03-21 00:00:00+05:30,1497.898988394789,1512.7404471857142,1494.0401849531283,1507.7437744140625,2846648,0.0,0.0,CIPLA.NS,1294
2025-03-24 00:00:00+05:30,1508.9310809224833,1518.7758664024352,1499.185093559604,1507.941650390625,826040,0.0,0.0,CIPLA.NS,1295
2025-03-25 00:00:00+05:30,1513.828759869949,1517.786482117975,1489.142515659926,1495.2274169921875,1092805,0.0,0.0,CIPLA.NS,1296
2025-03-26 00:00:00+05:30,1491.0717984657279,1496.365227608841,1456.7386076226485,1460.5972900390625,1375794,0.0,0.0,CIPLA.NS,1297
2025-03-27 00:00:00+05:30,1449.218854319582,1473.262064599223,1446.9432365602524,1467.2265625,1848444,0.0,0.0,CIPLA.NS,1298
2025-03-28 00:00:00+05:30,1459.4100348029904,1463.021480401064,1419.2885784155214,1426.9566650390625,1495932,0.0,0.0,CIPLA.NS,1299
2025-04-01 00:00:00+05:30,1423.3454014584745,1450.5052224202657,1413.8962911586354,1428.985107421875,1080262,0.0,0.0,CIPLA.NS,1300
2025-04-02 00:00:00+05:30,1425.7693774174415,1448.5262793470745,1413.3025770380957,1436.9993896484375,1054143,0.0,0.0,CIPLA.NS,1301
2025-04-03 00:00:00+05:30,1466.3360850367435,1507.1996153406972,1464.3572239233335,1479.8912353515625,3488899,0.0,0.0,CIPLA.NS,1302
2025-04-04 00:00:00+05:30,1479.8912676908885,1479.8912676908885,1375.358023714775,1400.2916259765625,2768438,0.0,0.0,CIPLA.NS,1303
2025-04-07 00:00:00+05:30,1321.8792329890116,1386.5384961652014,1320.889802425397,1370.064453125,1604721,0.0,0.0,CIPLA.NS,1304
2025-04-08 00:00:00+05:30,1380.0578094034336,1422.4053653944447,1368.0362038040096,1417.4088134765625,1324180,0.0,0.0,CIPLA.NS,1305
2025-04-09 00:00:00+05:30,1401.528329005195,1407.9596273733798,1381.2945232204045,1400.6378173828125,1701314,0.0,0.0,CIPLA.NS,1306
2025-04-11 00:00:00+05:30,1444.5686142681714,1472.7673851631323,1433.2396826943402,1447.58642578125,2311803,0.0,0.0,CIPLA.NS,1307
2025-04-15 00:00:00+05:30,1466.5338591751783,1470.1948245441258,1446.6463300047271,1466.13818359375,1720323,0.0,0.0,CIPLA.NS,1308
2025-04-16 00:00:00+05:30,1451.5934995996029,1483.1563575146047,1448.9220854931682,1480.5838623046875,1023697,0.0,0.0,CIPLA.NS,1309
2025-04-17 00:00:00+05:30,1482.166902154744,1505.913234365501,1470.2937360493656,1499.18505859375,1211601,0.0,0.0,CIPLA.NS,1310
2025-04-21 00:00:00+05:30,1508.8815261996372,1508.8815261996372,1489.0929160199698,1495.12841796875,570266,0.0,0.0,CIPLA.NS,1311
2025-04-22 00:00:00+05:30,1498.8883755469517,1518.479028115226,1486.8172502787286,1512.0477294921875,954974,0.0,0.0,CIPLA.NS,1312
2025-04-23 00:00:00+05:30,1516.7970709332246,1522.7336543811043,1499.9767511642326,1517.4896240234375,819016,0.0,0.0,CIPLA.NS,1313
2025-04-24 00:00:00+05:30,1517.4895667349674,1539.55391602865,1508.7826504748418,1535.29931640625,1590469,0.0,0.0,CIPLA.NS,1314
2025-04-25 00:00:00+05:30,1539.5539300136086,1550.1407885467795,1497.503131796656,1509.7720947265625,1353813,0.0,0.0,CIPLA.NS,1315
2025-04-28 00:00:00+05:30,1509.772127874733,1548.458838927706,1509.772127874733,1538.6634521484375,1207247,0.0,0.0,CIPLA.NS,1316
2025-04-29 00:00:00+05:30,1538.5644653993422,1544.10525217981,1514.8181328144005,1525.2071533203125,1385331,0.0,0.0,CIPLA.NS,1317
2025-04-30 00:00:00+05:30,1525.7019451004096,1554.1975939435076,1521.7442228044295,1533.71630859375,2315010,0.0,0.0,CIPLA.NS,1318
2025-05-02 00:00:00+05:30,1521.249456144316,1536.0909142530409,1497.5031231703558,1498.4925537109375,1578868,0.0,0.0,CIPLA.NS,1319
2025-05-05 00:00:00+05:30,1515.8075901640238,1532.6279093760268,1512.1467454710967,1526.5924072265625,786898,0.0,0.0,CIPLA.NS,1320
2025-05-06 00:00:00+05:30,1513.8286762494904,1515.7086183694785,1479.198608492149,1495.42529296875,1788719,0.0,0.0,CIPLA.NS,1321
2025-05-07 00:00:00+05:30,1484.1458678698941,1501.757780480657,1483.5522336787662,1492.8529052734375,1424662,0.0,0.0,CIPLA.NS,1322
2025-05-08 00:00:00+05:30,1484.1457615379347,1492.7537586428182,1462.2793714739607,1471.0853271484375,2773328,0.0,0.0,CIPLA.NS,1323
2025-05-09 00:00:00+05:30,1454.3639535828822,1470.6895572535693,1448.2294118567497,1464.357177734375,1042380,0.0,0.0,CIPLA.NS,1324
2025-05-12 00:00:00+05:30,1462.3783272054563,1500.8671990802113,1446.7452764780962,1495.6231689453125,1706217,0.0,0.0,CIPLA.NS,1325
2025-05-13 00:00:00+05:30,1498.9872536459884,1523.6240980104462,1481.2764229947463,1504.0333251953125,4042184,0.0,0.0,CIPLA.NS,1326
2025-05-14 00:00:00+05:30,1479.1986922928295,1489.983509589981,1459.014284643316,1479.0008544921875,3417567,0.0,0.0,CIPLA.NS,1327
2025-05-15 00:00:00+05:30,1479.198658185399,1496.909489018019,1459.410047373554,1486.322509765625,3918531,0.0,0.0,CIPLA.NS,1328
2025-05-16 00:00:00+05:30,1493.7432217187368,1494.237936983369,1476.230349662791,1484.046875,1660861,0.0,0.0,CIPLA.NS,1329
2025-05-19 00:00:00+05:30,1484.046916662043,1495.7221247670702,1473.2620994342751,1475.8345947265625,1857648,0.0,0.0,CIPLA.NS,1330
2025-05-20 00:00:00+05:30,1479.5944850310332,1481.9691425333815,1435.8615817680864,1439.02783203125,3573210,0.0,0.0,CIPLA.NS,1331
2025-05-21 00:00:00+05:30,1443.5791134437834,1475.24088974961,1439.225595045714,1466.7318115234375,2001251,0.0,0.0,CIPLA.NS,1332
2025-05-22 00:00:00+05:30,1467.3255027118978,1473.9546390715852,1444.6675190062476,1452.978759765625,1804507,0.0,0.0,CIPLA.NS,1333
2025-05-23 00:00:00+05:30,1452.9788056009236,1473.262132475162,1445.5580762566901,1468.5128173828125,915286,0.0,0.0,CIPLA.NS,1334
2025-05-26 00:00:00+05:30,1470.3927596393717,1478.1103664694144,1462.873111393235,1468.5128173828125,885022,0.0,0.0,CIPLA.NS,1335
2025-05-27 00:00:00+05:30,1469.9969192569179,1476.1314611326136,1460.2016534397667,1464.8519287109375,881728,0.0,0.0,CIPLA.NS,1336
2025-05-28 00:00:00+05:30,1469.3043638079353,1470.293794355954,1449.515752847559,1452.978759765625,1090511,0.0,0.0,CIPLA.NS,1337
2025-05-29 00:00:00+05:30,1459.4100968156667,1463.862534399172,1447.5369299263189,1461.2900390625,1384536,0.0,0.0,CIPLA.NS,1338
2025-05-30 00:00:00+05:30,1460.3994345305168,1473.262031176111,1441.6991737128274,1450.208251953125,7040777,0.0,0.0,CIPLA.NS,1339
2025-06-02 00:00:00+05:30,1452.4840676732197,1459.2122438191675,1442.5897620351186,1454.6607666015625,962897,0.0,0.0,CIPLA.NS,1340
2025-06-03 00:00:00+05:30,1456.837556353598,1463.7635701578515,1444.9643898320203,1457.6290283203125,870331,0.0,0.0,CIPLA.NS,1341
2025-06-04 00:00:00+05:30,1457.6290827943265,1472.2727036969002,1450.4063120251637,1456.3428955078125,1297075,0.0,0.0,CIPLA.NS,1342
2025-06-05 00:00:00+05:30,1460.3995207646526,1482.9585860641137,1459.410090195029,1474.0537109375,1570159,0.0,0.0,CIPLA.NS,1343
2025-06-06 00:00:00+05:30,1474.0536882424224,1489.9834960120838,1468.314942714921,1488.3013916015625,861882,0.0,0.0,CIPLA.NS,1344
2025-06-09 00:00:00+05:30,1495.722096981777,1495.722096981777,1481.1775163754985,1490.676025390625,689631,0.0,0.0,CIPLA.NS,1345
2025-06-10 00:00:00+05:30,1492.9517229112535,1497.206201642514,1489.092919760507,1494.8316650390625,929786,0.0,0.0,CIPLA.NS,1346
2025-06-11 00:00:00+05:30,1496.5137421158074,1511.7509971006427,1493.4465314945983,1505.616455078125,1046396,0.0,0.0,CIPLA.NS,1347
2025-06-12 00:00:00+05:30,1510.8604304562334,1521.645247468816,1478.7039379940018,1486.916259765625,1199034,0.0,0.0,CIPLA.NS,1348
2025-06-13 00:00:00+05:30,1464.357170674123,1494.5348015562586,1464.357170674123,1489.290771484375,874315,0.0,0.0,CIPLA.NS,1349
2025-06-16 00:00:00+05:30,1486.0257905929031,1524.7125015508607,1483.9480105612156,1510.8604736328125,2679763,0.0,0.0,CIPLA.NS,1350
2025-06-17 00:00:00+05:30,1510.8605055001872,1517.1928854094497,1479.693442027197,1487.60888671875,1334810,0.0,0.0,CIPLA.NS,1351
2025-06-18 00:00:00+05:30,1487.6088182174117,1496.90948945773,1480.089170262721,1482.265869140625,1075494,0.0,0.0,CIPLA.NS,1352
2025-06-19 00:00:00+05:30,1486.5204877468213,1493.8422979988018,1464.5550569908798,1468.31494140625,1124204,0.0,0.0,CIPLA.NS,1353
2025-06-20 00:00:00+05:30,1468.3149871613316,1492.2591589903318,1465.4456143107238,1483.8489990234375,1917041,0.0,0.0,CIPLA.NS,1354
2025-06-23 00:00:00+05:30,1483.8488831716736,1488.993994276599,1466.4349304028979,1483.2552490234375,657381,0.0,0.0,CIPLA.NS,1355
2025-06-24 00:00:00+05:30,1490.7749867819562,1502.2524779816574,1484.34368809734,1486.5205078125,1351552,0.0,0.0,CIPLA.NS,1356
2025-06-25 00:00:00+05:30,1493.9412422318037,1501.9556056951055,1484.1458554299463,1494.0401611328125,1032762,0.0,0.0,CIPLA.NS,1357
2025-06-26 00:00:00+05:30,1495.029594913334,1506.3091275948416,1487.1141503340443,1497.800048828125,1440423,0.0,0.0,CIPLA.NS,1358
2025-06-27 00:00:00+05:30,1502.0,1508.699951171875,1492.0,1502.4000244140625,1851991,16.0,0.0,CIPLA.NS,1359
2025-06-30 00:00:00+05:30,1509.4000244140625,1514.699951171875,1500.199951171875,1505.9000244140625,1053681,0.0,0.0,CIPLA.NS,1360
2025-07-01 00:00:00+05:30,1505.9000244140625,1517.699951171875,1496.199951171875,1515.699951171875,1112637,0.0,0.0,CIPLA.NS,1361
2025-07-02 00:00:00+05:30,1515.699951171875,1525.0,1493.300048828125,1497.5999755859375,1273704,0.0,0.0,CIPLA.NS,1362
2025-07-03 00:00:00+05:30,1504.0,1513.199951171875,1498.800048828125,1508.699951171875,869963,0.0,0.0,CIPLA.NS,1363
2025-07-04 00:00:00+05:30,1508.4000244140625,1521.0,1503.9000244140625,1513.300048828125,1118483,0.0,0.0,CIPLA.NS,1364
2025-07-07 00:00:00+05:30,1516.0,1519.199951171875,1506.5,1510.5,1061434,0.0,0.0,CIPLA.NS,1365
2025-07-08 00:00:00+05:30,1505.5,1510.5,1477.0999755859375,1488.300048828125,2197699,0.0,0.0,CIPLA.NS,1366
2025-07-09 00:00:00+05:30,1486.0,1501.699951171875,1486.0,1491.699951171875,1364142,0.0,0.0,CIPLA.NS,1367
2025-07-10 00:00:00+05:30,1489.0,1490.9000244140625,1463.199951171875,1477.800048828125,2178068,0.0,0.0,CIPLA.NS,1368
2025-07-11 00:00:00+05:30,1480.0,1490.5,1470.0,1485.0,920651,0.0,0.0,CIPLA.NS,1369
2025-07-14 00:00:00+05:30,1488.9000244140625,1492.5,1476.0,1484.0,1554680,0.0,0.0,CIPLA.NS,1370
2025-07-15 00:00:00+05:30,1483.800048828125,1492.4000244140625,1469.4000244140625,1490.9000244140625,1203850,0.0,0.0,CIPLA.NS,1371
2025-07-16 00:00:00+05:30,1485.0,1485.0,1468.199951171875,1475.800048828125,1569604,0.0,0.0,CIPLA.NS,1372
2025-07-17 00:00:00+05:30,1475.0,1489.0,1472.0,1482.4000244140625,1349535,0.0,0.0,CIPLA.NS,1373
2025-07-18 00:00:00+05:30,1481.0999755859375,1484.800048828125,1470.0,1482.300048828125,1001794,0.0,0.0,CIPLA.NS,1374
2025-07-21 00:00:00+05:30,1481.0999755859375,1482.5,1468.5,1473.9000244140625,1198993,0.0,0.0,CIPLA.NS,1375
2025-07-22 00:00:00+05:30,1475.0,1479.4000244140625,1454.5,1464.4000244140625,1908949,0.0,0.0,CIPLA.NS,1376
2025-07-23 00:00:00+05:30,1465.300048828125,1476.5,1462.4000244140625,1473.5,1268156,0.0,0.0,CIPLA.NS,1377
2025-07-24 00:00:00+05:30,1470.5,1490.0,1470.300048828125,1487.9000244140625,1389152,0.0,0.0,CIPLA.NS,1378
2025-07-25 00:00:00+05:30,1485.0,1553.699951171875,1469.0,1532.5,5226395,0.0,0.0,CIPLA.NS,1379
2025-07-28 00:00:00+05:30,1541.199951171875,1577.0,1520.5,1572.0,3843168,0.0,0.0,CIPLA.NS,1380
2025-07-29 00:00:00+05:30,1563.4000244140625,1579.4000244140625,1559.5999755859375,1574.0,1303888,0.0,0.0,CIPLA.NS,1381
2025-07-30 00:00:00+05:30,1574.300048828125,1579.9000244140625,1551.199951171875,1559.4000244140625,1390012,0.0,0.0,CIPLA.NS,1382
2025-07-31 00:00:00+05:30,1540.0,1564.699951171875,1536.5999755859375,1554.5999755859375,2457841,0.0,0.0,CIPLA.NS,1383
2025-08-01 00:00:00+05:30,1544.0,1549.699951171875,1494.0,1502.800048828125,2109707,0.0,0.0,CIPLA.NS,1384
2025-08-04 00:00:00+05:30,1510.0,1519.300048828125,1505.0,1515.0999755859375,549494,0.0,0.0,CIPLA.NS,1385
2025-08-05 00:00:00+05:30,1513.5,1517.300048828125,1491.0999755859375,1499.800048828125,1156528,0.0,0.0,CIPLA.NS,1386
2025-08-06 00:00:00+05:30,1498.800048828125,1498.800048828125,1475.0,1486.699951171875,1157300,0.0,0.0,CIPLA.NS,1387
2025-08-07 00:00:00+05:30,1476.0999755859375,1499.800048828125,1464.0999755859375,1491.0,1882304,0.0,0.0,CIPLA.NS,1388
2025-08-08 00:00:00+05:30,1483.0,1493.800048828125,1478.300048828125,1485.800048828125,920270,0.0,0.0,CIPLA.NS,1389
2025-08-11 00:00:00+05:30,1488.0,1514.0,1480.199951171875,1504.800048828125,898160,0.0,0.0,CIPLA.NS,1390
2025-08-12 00:00:00+05:30,1504.0,1524.9000244140625,1501.0999755859375,1521.5999755859375,910349,0.0,0.0,CIPLA.NS,1391
2025-08-13 00:00:00+05:30,1521.5999755859375,1567.800048828125,1520.4000244140625,1561.0,1859765,0.0,0.0,CIPLA.NS,1392
2025-08-14 00:00:00+05:30,1562.5,1574.800048828125,1552.0,1564.0,2535958,0.0,0.0,CIPLA.NS,1393
2025-08-18 00:00:00+05:30,1566.199951171875,1572.800048828125,1557.5,1565.199951171875,1783835,0.0,0.0,CIPLA.NS,1394
2025-08-19 00:00:00+05:30,1565.199951171875,1568.699951171875,1546.0999755859375,1548.9000244140625,898746,0.0,0.0,CIPLA.NS,1395
2025-08-20 00:00:00+05:30,1539.199951171875,1556.9000244140625,1533.4000244140625,1546.0999755859375,936556,0.0,0.0,CIPLA.NS,1396
2025-08-21 00:00:00+05:30,1540.0999755859375,1596.0,1538.699951171875,1592.800048828125,1698280,0.0,0.0,CIPLA.NS,1397
2025-08-22 00:00:00+05:30,1590.0,1602.0,1585.0,1592.800048828125,1574526,0.0,0.0,CIPLA.NS,1398
2025-08-25 00:00:00+05:30,1594.0,1607.800048828125,1592.0,1601.199951171875,1298471,0.0,0.0,CIPLA.NS,1399
2025-08-26 00:00:00+05:30,1604.0,1604.0999755859375,1573.0,1579.800048828125,2332380,0.0,0.0,CIPLA.NS,1400
2025-08-28 00:00:00+05:30,1594.0,1594.0,1568.699951171875,1580.300048828125,1903230,0.0,0.0,CIPLA.NS,1401
2025-08-29 00:00:00+05:30,1578.5,1596.4000244140625,1567.800048828125,1589.4000244140625,1342344,0.0,0.0,CIPLA.NS,1402
2025-09-01 00:00:00+05:30,1589.4000244140625,1598.0,1583.0,1587.199951171875,783524,0.0,0.0,CIPLA.NS,1403
2025-09-02 00:00:00+05:30,1587.0,1593.0,1563.300048828125,1569.199951171875,1161872,0.0,0.0,CIPLA.NS,1404
2025-09-03 00:00:00+05:30,1570.0,1596.4000244140625,1569.0,1578.4000244140625,1160380,0.0,0.0,CIPLA.NS,1405
2025-09-04 00:00:00+05:30,1599.0,1599.0,1573.699951171875,1577.800048828125,614470,0.0,0.0,CIPLA.NS,1406
2025-09-05 00:00:00+05:30,1577.800048828125,1585.5999755859375,1550.0,1553.4000244140625,701865,0.0,0.0,CIPLA.NS,1407
2025-09-08 00:00:00+05:30,1554.5,1564.9000244140625,1538.9000244140625,1541.199951171875,588546,0.0,0.0,CIPLA.NS,1408
2025-09-09 00:00:00+05:30,1541.199951171875,1555.199951171875,1533.0999755859375,1551.5999755859375,788242,0.0,0.0,CIPLA.NS,1409
2025-09-10 00:00:00+05:30,1555.0,1571.0,1553.9000244140625,1563.800048828125,718311,0.0,0.0,CIPLA.NS,1410
2025-09-11 00:00:00+05:30,1563.5,1570.5,1554.0999755859375,1560.800048828125,732911,0.0,0.0,CIPLA.NS,1411
2025-09-12 00:00:00+05:30,1562.0999755859375,1578.300048828125,1562.0999755859375,1574.5999755859375,785508,0.0,0.0,CIPLA.NS,1412
2025-09-15 00:00:00+05:30,1568.0,1579.800048828125,1546.0999755859375,1548.300048828125,758979,0.0,0.0,CIPLA.NS,1413
2025-09-16 00:00:00+05:30,1556.0,1560.199951171875,1550.0,1559.0,471395,0.0,0.0,CIPLA.NS,1414
2025-09-17 00:00:00+05:30,1556.0,1562.5,1549.0999755859375,1559.5999755859375,785651,0.0,0.0,CIPLA.NS,1415
2025-09-18 00:00:00+05:30,1560.0,1580.0,1556.4000244140625,1578.199951171875,874860,0.0,0.0,CIPLA.NS,1416
2025-09-19 00:00:00+05:30,1581.0,1584.9000244140625,1557.5,1575.800048828125,1464121,0.0,0.0,CIPLA.NS,1417
2025-09-22 00:00:00+05:30,1575.0,1583.199951171875,1540.0,1542.199951171875,1257495,0.0,0.0,CIPLA.NS,1418
2025-09-23 00:00:00+05:30,1542.199951171875,1550.699951171875,1517.5,1527.0999755859375,1487350,0.0,0.0,CIPLA.NS,1419
2025-09-24 00:00:00+05:30,1527.0,1542.5,1520.300048828125,1538.0,943785,0.0,0.0,CIPLA.NS,1420
2025-09-25 00:00:00+05:30,1538.0,1544.800048828125,1505.4000244140625,1509.699951171875,2502680,0.0,0.0,CIPLA.NS,1421
2025-09-26 00:00:00+05:30,1495.5999755859375,1504.9000244140625,1475.199951171875,1499.4000244140625,2653841,0.0,0.0,CIPLA.NS,1422
2025-09-29 00:00:00+05:30,1506.9000244140625,1527.300048828125,1485.300048828125,1488.0,1778220,0.0,0.0,CIPLA.NS,1423
2025-09-30 00:00:00+05:30,1488.0999755859375,1506.5999755859375,1488.0999755859375,1503.300048828125,1040806,0.0,0.0,CIPLA.NS,1424
2025-10-01 00:00:00+05:30,1505.0,1517.4000244140625,1498.4000244140625,1513.0,1000285,0.0,0.0,CIPLA.NS,1425
2025-10-03 00:00:00+05:30,1522.0,1537.800048828125,1509.5,1517.699951171875,1070489,0.0,0.0,CIPLA.NS,1426
2025-10-06 00:00:00+05:30,1511.0,1520.0,1497.800048828125,1513.0999755859375,772031,0.0,0.0,CIPLA.NS,1427
2025-10-07 00:00:00+05:30,1514.9000244140625,1522.0,1506.199951171875,1513.300048828125,834623,0.0,0.0,CIPLA.NS,1428
2025-10-08 00:00:00+05:30,1512.0,1519.300048828125,1490.800048828125,1494.5999755859375,1068066,0.0,0.0,CIPLA.NS,1429
2025-10-09 00:00:00+05:30,1510.0,1516.699951171875,1499.300048828125,1513.0999755859375,878167,0.0,0.0,CIPLA.NS,1430
2025-10-10 00:00:00+05:30,1513.0,1569.0,1506.9000244140625,1561.800048828125,1495524,0.0,0.0,CIPLA.NS,1431
2025-10-13 00:00:00+05:30,1559.0,1566.9000244140625,1550.0999755859375,1563.5999755859375,671620,0.0,0.0,CIPLA.NS,1432
2025-10-14 00:00:00+05:30,1563.0,1566.0999755859375,1537.0999755859375,1552.300048828125,1056222,0.0,0.0,CIPLA.NS,1433
2025-10-15 00:00:00+05:30,1550.0,1564.800048828125,1546.0,1558.699951171875,1638237,0.0,0.0,CIPLA.NS,1434
2025-10-16 00:00:00+05:30,1559.0,1572.0,1555.0999755859375,1569.4000244140625,989785,0.0,0.0,CIPLA.NS,1435
2025-10-17 00:00:00+05:30,1565.300048828125,1582.0999755859375,1558.4000244140625,1577.5999755859375,1222051,0.0,0.0,CIPLA.NS,1436
2025-10-20 00:00:00+05:30,1590.0,1647.0,1577.9000244140625,1639.0999755859375,3372906,0.0,0.0,CIPLA.NS,1437
2025-10-21 00:00:00+05:30,1646.699951171875,1669.0,1642.0999755859375,1663.5999755859375,709223,0.0,0.0,CIPLA.NS,1438
2025-10-23 00:00:00+05:30,1665.0,1673.0,1638.0999755859375,1645.0999755859375,2150725,0.0,0.0,CIPLA.NS,1439
2025-10-24 00:00:00+05:30,1625.0999755859375,1625.0999755859375,1581.0999755859375,1584.4000244140625,2941997,0.0,0.0,CIPLA.NS,1440
2025-10-27 00:00:00+05:30,1585.0,1593.800048828125,1575.199951171875,1584.0,1213749,0.0,0.0,CIPLA.NS,1441
2025-10-28 00:00:00+05:30,1585.800048828125,1589.9000244140625,1562.0999755859375,1568.0999755859375,1489133,0.0,0.0,CIPLA.NS,1442
2025-10-29 00:00:00+05:30,1575.0,1588.0,1571.699951171875,1581.0999755859375,898965,0.0,0.0,CIPLA.NS,1443
2025-10-30 00:00:00+05:30,1587.0,1593.300048828125,1504.0,1540.0999755859375,4053965,0.0,0.0,CIPLA.NS,1444
2025-10-31 00:00:00+05:30,1510.0999755859375,1529.4000244140625,1500.0,1501.300048828125,3365093,0.0,0.0,CIPLA.NS,1445
2025-11-03 00:00:00+05:30,1502.9000244140625,1514.9000244140625,1490.300048828125,1511.5,1505905,0.0,0.0,CIPLA.NS,1446
2025-11-04 00:00:00+05:30,1511.5,1524.0,1498.0999755859375,1503.300048828125,1590643,0.0,0.0,CIPLA.NS,1447
2025-11-06 00:00:00+05:30,1510.800048828125,1512.9000244140625,1498.0,1501.5,1596245,0.0,0.0,CIPLA.NS,1448
2025-11-07 00:00:00+05:30,1500.0,1510.0,1491.5999755859375,1505.699951171875,1037508,0.0,0.0,CIPLA.NS,1449
2025-11-10 00:00:00+05:30,1510.0,1516.699951171875,1503.9000244140625,1511.5,1143959,0.0,0.0,CIPLA.NS,1450
2025-11-11 00:00:00+05:30,1511.300048828125,1517.5,1506.0999755859375,1514.9000244140625,850772,0.0,0.0,CIPLA.NS,1451
2025-11-12 00:00:00+05:30,1514.9000244140625,1528.0999755859375,1514.0999755859375,1519.300048828125,1179131,0.0,0.0,CIPLA.NS,1452
2025-11-13 00:00:00+05:30,1520.0,1534.9000244140625,1515.4000244140625,1525.800048828125,1217362,0.0,0.0,CIPLA.NS,1453
2025-11-14 00:00:00+05:30,1526.9000244140625,1534.4000244140625,1522.0,1532.0999755859375,810970,0.0,0.0,CIPLA.NS,1454
2025-11-17 00:00:00+05:30,1537.5,1538.4000244140625,1526.5,1535.5999755859375,912322,0.0,0.0,CIPLA.NS,1455
2025-11-18 00:00:00+05:30,1530.0,1535.0,1512.0999755859375,1514.5,747913,0.0,0.0,CIPLA.NS,1456
2025-11-19 00:00:00+05:30,1511.4000244140625,1529.5999755859375,1505.4000244140625,1526.800048828125,1171078,0.0,0.0,CIPLA.NS,1457
2025-11-20 00:00:00+05:30,1526.9000244140625,1534.800048828125,1519.4000244140625,1529.199951171875,896750,0.0,0.0,CIPLA.NS,1458
2025-11-21 00:00:00+05:30,1521.0999755859375,1527.0,1507.699951171875,1511.800048828125,1126820,0.0,0.0,CIPLA.NS,1459
2025-11-24 00:00:00+05:30,1515.0,1524.800048828125,1500.0,1504.0,2801854,0.0,0.0,CIPLA.NS,1460
2025-11-25 00:00:00+05:30,1500.199951171875,1522.699951171875,1500.199951171875,1507.5,908386,0.0,0.0,CIPLA.NS,1461
2025-11-26 00:00:00+05:30,1505.0,1525.5,1505.0,1523.800048828125,1087736,0.0,0.0,CIPLA.NS,1462
2025-11-27 00:00:00+05:30,1523.800048828125,1531.5,1520.0999755859375,1525.199951171875,810411,0.0,0.0,CIPLA.NS,1463
2025-11-28 00:00:00+05:30,1525.199951171875,1535.800048828125,1520.5999755859375,1531.300048828125,991042,0.0,0.0,CIPLA.NS,1464
2025-12-01 00:00:00+05:30,1532.0,1536.300048828125,1517.5,1523.0999755859375,1010599,0.0,0.0,CIPLA.NS,1465
2025-12-02 00:00:00+05:30,1520.0,1531.5,1513.199951171875,1516.5999755859375,1760512,0.0,0.0,CIPLA.NS,1466
2025-12-03 00:00:00+05:30,1516.699951171875,1522.800048828125,1495.0999755859375,1508.0,1034323,0.0,0.0,CIPLA.NS,1467
2025-12-04 00:00:00+05:30,1503.0999755859375,1525.699951171875,1503.0999755859375,1521.0,726473,0.0,0.0,CIPLA.NS,1468
2025-12-05 00:00:00+05:30,1525.0,1528.0,1513.5999755859375,1520.800048828125,813485,0.0,0.0,CIPLA.NS,1469
2025-12-08 00:00:00+05:30,1515.0999755859375,1520.5,1494.300048828125,1497.5999755859375,1263559,0.0,0.0,CIPLA.NS,1470
2025-12-09 00:00:00+05:30,1497.5999755859375,1502.4000244140625,1486.5,1490.5999755859375,1646840,0.0,0.0,CIPLA.NS,1471
2025-12-10 00:00:00+05:30,1492.0,1505.699951171875,1484.800048828125,1490.9000244140625,1316274,0.0,0.0,CIPLA.NS,1472
2025-12-11 00:00:00+05:30,1492.0,1513.4000244140625,1492.0,1512.300048828125,606130,0.0,0.0,CIPLA.NS,1473
2025-12-12 00:00:00+05:30,1520.0,1524.699951171875,1510.199951171875,1517.4000244140625,1054050,0.0,0.0,CIPLA.NS,1474
2025-12-15 00:00:00+05:30,1505.0,1515.5,1498.0,1508.0,855508,0.0,0.0,CIPLA.NS,1475
2025-12-16 00:00:00+05:30,1500.0,1508.9000244140625,1496.0999755859375,1499.5999755859375,789492,0.0,0.0,CIPLA.NS,1476
2025-12-17 00:00:00+05:30,1497.5999755859375,1505.300048828125,1491.0,1496.9000244140625,1000116,0.0,0.0,CIPLA.NS,1477
2025-12-18 00:00:00+05:30,1494.800048828125,1511.0,1493.699951171875,1498.9000244140625,974170,0.0,0.0,CIPLA.NS,1478
2025-12-19 00:00:00+05:30,1495.5,1520.0999755859375,1495.5,1517.0999755859375,769045,0.0,0.0,CIPLA.NS,1479
2025-12-22 00:00:00+05:30,1513.0,1522.5,1508.199951171875,1512.9000244140625,757496,0.0,0.0,CIPLA.NS,1480
2025-12-23 00:00:00+05:30,1520.4000244140625,1522.0,1498.300048828125,1500.699951171875,826988,0.0,0.0,CIPLA.NS,1481
2025-12-24 00:00:00+05:30,1502.5,1508.0,1490.199951171875,1496.300048828125,1022767,0.0,0.0,CIPLA.NS,1482
2025-12-26 00:00:00+05:30,1496.300048828125,1510.9000244140625,1494.0,1506.0,951555,0.0,0.0,CIPLA.NS,1483
2025-12-29 00:00:00+05:30,1506.0,1514.5,1492.0,1494.0,1077645,0.0,0.0,CIPLA.NS,1484
2025-12-30 00:00:00+05:30,1494.0,1498.699951171875,1475.9000244140625,1492.5,1993298,0.0,0.0,CIPLA.NS,1485
2025-12-31 00:00:00+05:30,1492.5,1513.5999755859375,1490.0999755859375,1511.300048828125,883966,0.0,0.0,CIPLA.NS,1486
2026-01-01 00:00:00+05:30,1512.0,1512.0,1499.0,1500.9000244140625,228078,0.0,0.0,CIPLA.NS,1487
2026-01-02 00:00:00+05:30,1500.9000244140625,1517.800048828125,1498.5999755859375,1511.5999755859375,964611,0.0,0.0,CIPLA.NS,1488
2026-01-05 00:00:00+05:30,1511.0,1525.0,1507.199951171875,1519.800048828125,1532549,0.0,0.0,CIPLA.NS,1489
2026-01-06 00:00:00+05:30,1519.800048828125,1539.699951171875,1519.800048828125,1530.800048828125,1614326,0.0,0.0,CIPLA.NS,1490
2026-01-07 00:00:00+05:30,1516.0,1516.0,1455.0,1467.9000244140625,5076416,0.0,0.0,CIPLA.NS,1491
2026-01-08 00:00:00+05:30,1467.9000244140625,1469.300048828125,1458.0,1460.5999755859375,2651011,0.0,0.0,CIPLA.NS,1492
2026-01-09 00:00:00+05:30,1464.699951171875,1468.300048828125,1456.0999755859375,1465.699951171875,1804271,0.0,0.0,CIPLA.NS,1493
2026-01-12 00:00:00+05:30,1464.0,1467.5,1444.199951171875,1465.199951171875,2380033,0.0,0.0,CIPLA.NS,1494
2026-01-13 00:00:00+05:30,1460.0,1469.4000244140625,1436.5999755859375,1448.300048828125,1909873,0.0,0.0,CIPLA.NS,1495
2026-01-14 00:00:00+05:30,1443.800048828125,1449.800048828125,1425.699951171875,1434.5,1775529,0.0,0.0,CIPLA.NS,1496
2026-01-15 00:00:00+05:30,1434.5,1434.5,1434.5,1434.5,0,0.0,0.0,CIPLA.NS,1497
2026-01-16 00:00:00+05:30,1379.0,1409.5,1367.199951171875,1397.5,4333315,0.0,0.0,CIPLA.NS,1498
2026-01-19 00:00:00+05:30,1396.5,1398.0999755859375,1371.9000244140625,1392.300048828125,1653550,0.0,0.0,CIPLA.NS,1499
2026-01-20 00:00:00+05:30,1392.300048828125,1395.9000244140625,1375.4000244140625,1378.4000244140625,2040403,0.0,0.0,CIPLA.NS,1500
2026-01-21 00:00:00+05:30,1378.4000244140625,1398.4000244140625,1363.800048828125,1369.5999755859375,2306655,0.0,0.0,CIPLA.NS,1501
2026-01-22 00:00:00+05:30,1381.199951171875,1384.5,1366.699951171875,1370.4000244140625,1536604,0.0,0.0,CIPLA.NS,1502
2026-01-23 00:00:00+05:30,1372.199951171875,1385.9000244140625,1303.0,1315.0,6590032,0.0,0.0,CIPLA.NS,1503
2026-01-27 00:00:00+05:30,1300.0,1323.5,1281.699951171875,1313.0,4109525,0.0,0.0,CIPLA.NS,1504
2026-01-28 00:00:00+05:30,1313.0,1334.699951171875,1310.0999755859375,1328.4000244140625,1535898,0.0,0.0,CIPLA.NS,1505
2026-01-29 00:00:00+05:30,1325.0,1327.5999755859375,1307.0,1320.9000244140625,2099306,0.0,0.0,CIPLA.NS,1506
2026-01-30 00:00:00+05:30,1319.0,1329.9000244140625,1314.4000244140625,1324.0,2157826,0.0,0.0,CIPLA.NS,1507
2026-02-02 00:00:00+05:30,1330.0,1333.0,1293.0999755859375,1311.5999755859375,1832963,0.0,0.0,CIPLA.NS,1508
2026-02-03 00:00:00+05:30,1365.0,1381.300048828125,1319.5999755859375,1322.800048828125,2711571,0.0,0.0,CIPLA.NS,1509
2026-02-04 00:00:00+05:30,1322.800048828125,1335.0999755859375,1315.800048828125,1326.699951171875,1590247,0.0,0.0,CIPLA.NS,1510
2026-02-05 00:00:00+05:30,1335.9000244140625,1335.9000244140625,1321.0,1333.300048828125,999810,0.0,0.0,CIPLA.NS,1511
2026-02-06 00:00:00+05:30,1328.0,1335.699951171875,1316.5,1330.0,1457970,0.0,0.0,CIPLA.NS,1512
2026-02-09 00:00:00+05:30,1338.0,1352.0,1328.0,1342.5,1936551,0.0,0.0,CIPLA.NS,1513
2026-02-10 00:00:00+05:30,1349.699951171875,1358.0,1337.0,1342.0999755859375,1053439,0.0,0.0,CIPLA.NS,1514
2026-02-11 00:00:00+05:30,1342.0999755859375,1352.4000244140625,1335.0,1349.9000244140625,830695,0.0,0.0,CIPLA.NS,1515
2026-02-12 00:00:00+05:30,1349.9000244140625,1350.0,1321.5999755859375,1330.0,1613374,0.0,0.0,CIPLA.NS,1516
2026-02-13 00:00:00+05:30,1328.0,1336.0999755859375,1315.800048828125,1331.5,1236946,0.0,0.0,CIPLA.NS,1517
2026-02-16 00:00:00+05:30,1331.0,1358.0,1327.5,1356.4000244140625,1616868,0.0,0.0,CIPLA.NS,1518
2026-02-17 00:00:00+05:30,1350.0,1356.0,1340.0999755859375,1343.9000244140625,1413727,0.0,0.0,CIPLA.NS,1519
2026-02-18 00:00:00+05:30,1350.800048828125,1352.9000244140625,1338.0999755859375,1349.800048828125,1119159,0.0,0.0,CIPLA.NS,1520
2026-02-19 00:00:00+05:30,1349.800048828125,1357.0,1323.699951171875,1328.9000244140625,587384,0.0,0.0,CIPLA.NS,1521
2026-02-20 00:00:00+05:30,1328.9000244140625,1342.9000244140625,1324.300048828125,1341.0999755859375,1551722,0.0,0.0,CIPLA.NS,1522
2026-02-23 00:00:00+05:30,1335.9000244140625,1335.9000244140625,1308.800048828125,1326.5,2435610,0.0,0.0,CIPLA.NS,1523
2026-02-24 00:00:00+05:30,1326.0,1338.5,1316.5,1326.699951171875,2109672,0.0,0.0,CIPLA.NS,1524
2026-02-25 00:00:00+05:30,1326.699951171875,1349.0,1326.699951171875,1346.0999755859375,1018377,0.0,0.0,CIPLA.NS,1525
2026-02-26 00:00:00+05:30,1352.800048828125,1364.9000244140625,1343.300048828125,1358.0999755859375,2013877,0.0,0.0,CIPLA.NS,1526
2026-02-27 00:00:00+05:30,1353.0,1356.9000244140625,1338.5,1348.199951171875,2609711,0.0,0.0,CIPLA.NS,1527
2026-03-02 00:00:00+05:30,1313.0,1354.5,1313.0,1351.5999755859375,1899674,0.0,0.0,CIPLA.NS,1528
2026-03-04 00:00:00+05:30,1348.199951171875,1348.9000244140625,1311.0,1313.199951171875,1938762,0.0,0.0,CIPLA.NS,1529
2026-03-05 00:00:00+05:30,1314.9000244140625,1332.0999755859375,1314.9000244140625,1326.4000244140625,1184085,0.0,0.0,CIPLA.NS,1530
2026-03-06 00:00:00+05:30,1326.0999755859375,1332.699951171875,1315.0,1321.199951171875,695774,0.0,0.0,CIPLA.NS,1531
2026-03-09 00:00:00+05:30,1309.0,1329.800048828125,1292.699951171875,1325.0,1674811,0.0,0.0,CIPLA.NS,1532
2026-03-10 00:00:00+05:30,1323.0,1340.300048828125,1317.5,1333.5,1050270,0.0,0.0,CIPLA.NS,1533
2026-03-11 00:00:00+05:30,1325.0,1338.0999755859375,1324.9000244140625,1329.5,1268130,0.0,0.0,CIPLA.NS,1534
2026-03-12 00:00:00+05:30,1325.0999755859375,1341.699951171875,1319.0,1324.300048828125,1405268,0.0,0.0,CIPLA.NS,1535
2026-03-13 00:00:00+05:30,1324.300048828125,1327.5,1301.0,1314.699951171875,1346347,0.0,0.0,CIPLA.NS,1536
2026-03-16 00:00:00+05:30,1314.699951171875,1327.9000244140625,1291.5999755859375,1300.0,1496780,0.0,0.0,CIPLA.NS,1537
2026-03-17 00:00:00+05:30,1300.0,1302.5999755859375,1275.5999755859375,1281.9000244140625,2034284,0.0,0.0,CIPLA.NS,1538
2026-03-18 00:00:00+05:30,1282.0,1289.5,1264.5999755859375,1268.5,2226496,0.0,0.0,CIPLA.NS,1539
2026-03-19 00:00:00+05:30,1253.9000244140625,1263.5,1235.4000244140625,1239.199951171875,1080395,0.0,0.0,CIPLA.NS,1540
2026-03-20 00:00:00+05:30,1250.0,1264.0,1248.0,1256.4000244140625,1151621,0.0,0.0,CIPLA.NS,1541
2026-03-23 00:00:00+05:30,1252.0,1252.699951171875,1217.800048828125,1221.800048828125,1295463,0.0,0.0,CIPLA.NS,1542
2026-03-24 00:00:00+05:30,1235.0,1240.0,1216.5999755859375,1219.4000244140625,853054,0.0,0.0,CIPLA.NS,1543
2026-03-25 00:00:00+05:30,1222.699951171875,1252.9000244140625,1219.0,1244.4000244140625,1466775,0.0,0.0,CIPLA.NS,1544
2026-03-27 00:00:00+05:30,1226.5,1249.199951171875,1226.5,1242.300048828125,2220695,0.0,0.0,CIPLA.NS,1545
2026-03-30 00:00:00+05:30,1231.199951171875,1235.0,1215.0,1224.199951171875,2089130,0.0,0.0,CIPLA.NS,1546
2026-04-01 00:00:00+05:30,1255.0,1257.0,1194.0,1195.9000244140625,2180444,0.0,0.0,CIPLA.NS,1547
2026-04-02 00:00:00+05:30,1190.0,1196.5999755859375,1165.699951171875,1192.4000244140625,3128666,0.0,0.0,CIPLA.NS,1548
2026-04-06 00:00:00+05:30,1190.300048828125,1206.0,1170.0,1200.9000244140625,2188849,0.0,0.0,CIPLA.NS,1549
2026-04-07 00:00:00+05:30,1195.0,1210.4000244140625,1185.4000244140625,1202.4000244140625,2046737,0.0,0.0,CIPLA.NS,1550
2026-04-08 00:00:00+05:30,1220.0,1223.0,1204.5,1215.9000244140625,2476674,0.0,0.0,CIPLA.NS,1551
2026-04-09 00:00:00+05:30,1215.199951171875,1231.199951171875,1213.0999755859375,1224.4000244140625,2545266,0.0,0.0,CIPLA.NS,1552
2026-04-10 00:00:00+05:30,1225.4000244140625,1239.0,1220.800048828125,1229.5,2086385,0.0,0.0,CIPLA.NS,1553
2026-04-13 00:00:00+05:30,1222.300048828125,1222.300048828125,1203.199951171875,1211.0999755859375,1611654,0.0,0.0,CIPLA.NS,1554
2026-04-15 00:00:00+05:30,1220.0,1228.699951171875,1216.0999755859375,1227.0,1297882,0.0,0.0,CIPLA.NS,1555
2026-04-16 00:00:00+05:30,1231.0,1235.5,1222.800048828125,1230.5,1778133,0.0,0.0,CIPLA.NS,1556
2026-04-17 00:00:00+05:30,1230.5,1244.5,1224.4000244140625,1240.800048828125,2291092,0.0,0.0,CIPLA.NS,1557
2026-04-20 00:00:00+05:30,1245.0,1246.0,1226.0,1229.5,1158618,0.0,0.0,CIPLA.NS,1558
2026-04-21 00:00:00+05:30,1228.5999755859375,1236.4000244140625,1223.300048828125,1232.5,1428292,0.0,0.0,CIPLA.NS,1559
2026-04-22 00:00:00+05:30,1226.0,1240.800048828125,1222.0,1236.300048828125,1172238,0.0,0.0,CIPLA.NS,1560
2026-04-23 00:00:00+05:30,1234.0999755859375,1308.4000244140625,1227.5999755859375,1305.9000244140625,5274028,0.0,0.0,CIPLA.NS,1561
2026-04-24 00:00:00+05:30,1295.0,1303.9000244140625,1254.0999755859375,1295.0,4427307,0.0,0.0,CIPLA.NS,1562
2026-04-27 00:00:00+05:30,1303.199951171875,1320.699951171875,1299.0,1317.199951171875,1721187,0.0,0.0,CIPLA.NS,1563
2026-04-28 00:00:00+05:30,1316.0,1326.0,1296.300048828125,1306.5,1501522,0.0,0.0,CIPLA.NS,1564
2026-04-29 00:00:00+05:30,1312.0,1322.0,1307.800048828125,1317.5999755859375,986556,0.0,0.0,CIPLA.NS,1565
2026-04-30 00:00:00+05:30,1317.9000244140625,1329.800048828125,1305.0,1309.5999755859375,1370336,0.0,0.0,CIPLA.NS,1566
2026-05-01 00:00:00+05:30,1309.5999755859375,1309.5999755859375,1309.5999755859375,1309.5999755859375,0,0.0,0.0,CIPLA.NS,1567
2026-05-04 00:00:00+05:30,1320.0,1337.4000244140625,1313.5999755859375,1335.0,1088765,0.0,0.0,CIPLA.NS,1568
2026-05-05 00:00:00+05:30,1339.0,1339.4000244140625,1316.4000244140625,1333.699951171875,1051020,0.0,0.0,CIPLA.NS,1569
2026-05-06 00:00:00+05:30,1340.0,1372.0,1333.0999755859375,1364.4000244140625,1854812,0.0,0.0,CIPLA.NS,1570
2026-05-07 00:00:00+05:30,1370.0,1379.5,1360.0999755859375,1362.300048828125,1248019,0.0,0.0,CIPLA.NS,1571
2026-05-08 00:00:00+05:30,1355.0,1366.699951171875,1341.300048828125,1347.0,1044824,0.0,0.0,CIPLA.NS,1572
2026-05-11 00:00:00+05:30,1347.0,1350.0,1300.0999755859375,1304.9000244140625,1428197,0.0,0.0,CIPLA.NS,1573
2026-05-12 00:00:00+05:30,1304.5999755859375,1309.0,1289.0,1292.300048828125,1398439,0.0,0.0,CIPLA.NS,1574
2026-05-13 00:00:00+05:30,1279.0999755859375,1356.5999755859375,1274.699951171875,1327.5999755859375,6015153,0.0,0.0,CIPLA.NS,1575
2026-05-14 00:00:00+05:30,1362.199951171875,1442.0,1362.199951171875,1436.699951171875,9166941,0.0,0.0,CIPLA.NS,1576
2026-05-15 00:00:00+05:30,1436.699951171875,1444.5,1425.199951171875,1432.0999755859375,1138894,0.0,0.0,CIPLA.NS,1577
2026-05-18 00:00:00+05:30,1422.0,1442.0999755859375,1411.800048828125,1426.199951171875,2013605,0.0,0.0,CIPLA.NS,1578
2026-05-19 00:00:00+05:30,1420.0,1426.5999755859375,1408.699951171875,1409.800048828125,1379218,0.0,0.0,CIPLA.NS,1579
2026-05-20 00:00:00+05:30,1392.300048828125,1422.0999755859375,1392.300048828125,1399.5,1316586,0.0,0.0,CIPLA.NS,1580
2026-05-21 00:00:00+05:30,1406.5,1415.9000244140625,1397.699951171875,1401.9000244140625,1145360,0.0,0.0,CIPLA.NS,1581
2026-05-22 00:00:00+05:30,1409.0,1409.5999755859375,1392.0,1399.199951171875,917323,0.0,0.0,CIPLA.NS,1582
2026-05-25 00:00:00+05:30,1406.0,1420.0,1398.5,1413.9000244140625,668915,0.0,0.0,CIPLA.NS,1583
2026-05-26 00:00:00+05:30,1413.9000244140625,1422.5999755859375,1409.5999755859375,1417.5,1132793,0.0,0.0,CIPLA.NS,1584
2026-05-27 00:00:00+05:30,1417.5999755859375,1432.0,1416.0,1418.199951171875,937447,0.0,0.0,CIPLA.NS,1585
2026-05-28 00:00:00+05:30,1418.199951171875,1418.199951171875,1418.199951171875,1418.199951171875,0,0.0,0.0,CIPLA.NS,1586
2026-05-29 00:00:00+05:30,1411.0,1429.199951171875,1382.699951171875,1401.0,9540984,0.0,0.0,CIPLA.NS,1587
