Date,Open,High,Low,Close,Volume,Dividends,Stock Splits,Symbol,time_idx
2020-01-01 00:00:00+05:30,613.6082867953985,616.5630618521982,607.0585113734716,612.0816650390625,1749377,0.0,0.0,HDFCLIFE.NS,0
2020-01-02 00:00:00+05:30,613.3129081813531,629.1701791861547,609.0777420230888,624.6887817382812,1973981,0.0,0.0,HDFCLIFE.NS,1
2020-01-03 00:00:00+05:30,621.4877873077264,627.8405667287338,616.9571555350262,621.1923217773438,2401828,0.0,0.0,HDFCLIFE.NS,2
2020-01-06 00:00:00+05:30,617.9420869781933,617.9420869781933,602.2817524434505,610.2103881835938,4175516,0.0,0.0,HDFCLIFE.NS,3
2020-01-07 00:00:00+05:30,614.1992420594062,633.9962717921965,614.1992420594062,620.4535522460938,2827658,0.0,0.0,HDFCLIFE.NS,4
2020-01-08 00:00:00+05:30,612.6234043845926,622.2756582184446,609.17616657857,619.3701171875,2248332,0.0,0.0,HDFCLIFE.NS,5
2020-01-09 00:00:00+05:30,625.4274012187315,626.9047887806655,618.3359288984375,621.9801635742188,1338705,0.0,0.0,HDFCLIFE.NS,6
2020-01-10 00:00:00+05:30,622.8666383529925,624.4424944190689,609.4223871006292,613.706787109375,2181852,0.0,0.0,HDFCLIFE.NS,7
2020-01-13 00:00:00+05:30,618.4344806643157,623.5068087481476,614.1992547358979,615.97216796875,1161466,0.0,0.0,HDFCLIFE.NS,8
2020-01-14 00:00:00+05:30,617.055566684473,617.5480292277167,603.5128467452686,604.990234375,2109229,0.0,0.0,HDFCLIFE.NS,9
2020-01-15 00:00:00+05:30,604.7440072345297,611.1460203404328,603.5128508680099,607.2555541992188,1621297,0.0,0.0,HDFCLIFE.NS,10
2020-01-16 00:00:00+05:30,614.5932436342592,615.5781687041859,596.6675953385823,598.3419799804688,3196222,0.0,0.0,HDFCLIFE.NS,11
2020-01-17 00:00:00+05:30,598.3419832864224,602.330917818654,592.6294298722958,598.48974609375,2313300,0.0,0.0,HDFCLIFE.NS,12
2020-01-20 00:00:00+05:30,601.7892404278102,603.2173938560924,588.0987573933312,589.2314453125,1870028,0.0,0.0,HDFCLIFE.NS,13
2020-01-21 00:00:00+05:30,586.7199104775449,600.5088622626104,585.1932885529245,592.9249267578125,1597879,0.0,0.0,HDFCLIFE.NS,14
2020-01-22 00:00:00+05:30,595.7811798760717,607.2062862774442,593.5650985392928,603.5128173828125,2066862,0.0,0.0,HDFCLIFE.NS,15
2020-01-23 00:00:00+05:30,605.0394824790684,612.5249493770399,602.2817041966822,606.7138671875,1685313,0.0,0.0,HDFCLIFE.NS,16
2020-01-24 00:00:00+05:30,598.7359284176754,602.0354031044154,593.7127748748902,598.095703125,2188192,0.0,0.0,HDFCLIFE.NS,17
2020-01-27 00:00:00+05:30,595.682639449156,596.5690960122487,589.0836297990563,590.6595458984375,1531808,0.0,0.0,HDFCLIFE.NS,18
2020-01-28 00:00:00+05:30,591.9400154066382,602.6757235923169,589.9701651057842,594.6485595703125,1651481,0.0,0.0,HDFCLIFE.NS,19
2020-01-29 00:00:00+05:30,596.8153506407788,601.7892101583565,593.1711159048612,595.9288940429688,1324538,0.0,0.0,HDFCLIFE.NS,20
2020-01-30 00:00:00+05:30,596.7661694937793,599.3761850593968,588.1480744736971,591.3983154296875,1060111,0.0,0.0,HDFCLIFE.NS,21
2020-01-31 00:00:00+05:30,594.0083473960826,595.3380324477873,588.2957934194859,590.1671752929688,1260667,0.0,0.0,HDFCLIFE.NS,22
2020-02-03 00:00:00+05:30,544.6635707132735,564.3620723665564,519.5479811053377,556.7781372070312,9688974,0.0,0.0,HDFCLIFE.NS,23
2020-02-04 00:00:00+05:30,559.4374771424342,569.7299568347039,547.1751471785361,564.4605712890625,3116053,0.0,0.0,HDFCLIFE.NS,24
2020-02-05 00:00:00+05:30,565.7410412916335,577.5108489727127,556.4827206541939,574.6546020507812,2739852,0.0,0.0,HDFCLIFE.NS,25
2020-02-06 00:00:00+05:30,578.1510297478133,589.6746653620502,578.1510297478133,584.7008056640625,2299958,0.0,0.0,HDFCLIFE.NS,26
2020-02-07 00:00:00+05:30,584.5530015576926,590.9550142116522,580.1208389511052,586.7198486328125,1185529,0.0,0.0,HDFCLIFE.NS,27
2020-02-10 00:00:00+05:30,587.0154089251761,589.8717160012061,575.6887693234319,579.1852416992188,1366499,0.0,0.0,HDFCLIFE.NS,28
2020-02-11 00:00:00+05:30,580.8595782674677,585.5379724968368,567.1198610866246,574.7037963867188,1545054,0.0,0.0,HDFCLIFE.NS,29
2020-02-12 00:00:00+05:30,576.7721156808527,585.73497017802,555.1037634370151,569.6314086914062,3303107,0.0,0.0,HDFCLIFE.NS,30
2020-02-13 00:00:00+05:30,567.8092587432701,573.4725774558005,559.9298587954016,568.4987182617188,2107487,0.0,0.0,HDFCLIFE.NS,31
2020-02-14 00:00:00+05:30,570.1731203835184,572.7339013996453,563.377113672566,565.2977294921875,2332181,0.0,0.0,HDFCLIFE.NS,32
2020-02-17 00:00:00+05:30,566.2335285704357,566.3319970456354,555.5470539484492,557.3692016601562,918309,0.0,0.0,HDFCLIFE.NS,33
2020-02-18 00:00:00+05:30,556.2856826853292,556.8273794655926,547.6183538559444,554.1188354492188,1231246,0.0,0.0,HDFCLIFE.NS,34
2020-02-19 00:00:00+05:30,557.369153598866,573.0786612876419,554.5128466836018,570.3701171875,1752251,0.0,0.0,HDFCLIFE.NS,35
2020-02-20 00:00:00+05:30,573.3249471126012,574.90086353528,563.4756949023516,564.8546142578125,3708209,0.0,0.0,HDFCLIFE.NS,36
2020-02-24 00:00:00+05:30,563.6232886511285,569.680600989335,547.618258610795,552.3458862304688,1576359,0.0,0.0,HDFCLIFE.NS,37
2020-02-25 00:00:00+05:30,561.4073185171341,573.7188825197028,557.467618036312,560.9148559570312,3582636,0.0,0.0,HDFCLIFE.NS,38
2020-02-26 00:00:00+05:30,556.7781591070574,562.8354726497197,546.6334423796009,548.6525268554688,2313470,0.0,0.0,HDFCLIFE.NS,39
2020-02-27 00:00:00+05:30,550.5731686787876,560.7178858818783,536.0455224569413,558.1571044921875,2985262,0.0,0.0,HDFCLIFE.NS,40
2020-02-28 00:00:00+05:30,545.6485494362353,556.4827264106009,533.090753397766,535.8977661132812,4380818,0.0,0.0,HDFCLIFE.NS,41
2020-03-02 00:00:00+05:30,546.6333926917197,555.7439492365817,542.6444583356287,546.1409301757812,2299648,0.0,0.0,HDFCLIFE.NS,42
2020-03-03 00:00:00+05:30,551.5580721079192,564.3620987818531,551.2133723588754,555.0053100585938,2844292,0.0,0.0,HDFCLIFE.NS,43
2020-03-04 00:00:00+05:30,558.8464584269984,561.4072393323187,551.7057523126838,560.0283203125,1735962,0.0,0.0,HDFCLIFE.NS,44
2020-03-05 00:00:00+05:30,563.3771819163084,564.1651100078645,548.0123737282512,556.4334716796875,3821330,0.0,0.0,HDFCLIFE.NS,45
2020-03-06 00:00:00+05:30,532.844540463139,548.1108812712326,526.9349891825866,539.8867797851562,3494853,0.0,0.0,HDFCLIFE.NS,46
2020-03-09 00:00:00+05:30,529.8897615402011,532.1550774940331,498.5691519703173,509.8465576171875,4577587,0.0,0.0,HDFCLIFE.NS,47
2020-03-11 00:00:00+05:30,507.23641143222795,518.070587210392,500.3911701675586,505.8082580566406,2971154,0.0,0.0,HDFCLIFE.NS,48
2020-03-12 00:00:00+05:30,487.537939016082,490.4927144040583,446.4665491002002,465.7710876464844,4797510,0.0,0.0,HDFCLIFE.NS,49
2020-03-13 00:00:00+05:30,428.4424466390678,517.0857114609439,422.63139417891756,499.5047912597656,7973623,0.0,0.0,HDFCLIFE.NS,50
2020-03-16 00:00:00+05:30,486.5530194317552,492.85653431977,463.89974119910266,467.051513671875,4058756,0.0,0.0,HDFCLIFE.NS,51
2020-03-17 00:00:00+05:30,467.8394339608028,478.6736103262109,453.0655570988827,457.9409484863281,3291793,0.0,0.0,HDFCLIFE.NS,52
2020-03-18 00:00:00+05:30,457.9901896302371,462.9148153251859,404.6564993654477,413.1268615722656,4743183,0.0,0.0,HDFCLIFE.NS,53
2020-03-19 00:00:00+05:30,379.5409102218118,426.0293589804077,379.5409102218118,410.66455078125,8358736,0.0,0.0,HDFCLIFE.NS,54
2020-03-20 00:00:00+05:30,418.6916557059174,435.336883474312,405.0996716262751,411.79718017578125,4857316,0.0,0.0,HDFCLIFE.NS,55
2020-03-23 00:00:00+05:30,371.8092725297388,388.45450282486166,334.874576583076,337.139892578125,4439246,0.0,0.0,HDFCLIFE.NS,56
2020-03-24 00:00:00+05:30,356.54289033995786,402.83437057746625,340.6363558017667,385.40118408203125,5260142,0.0,0.0,HDFCLIFE.NS,57
2020-03-25 00:00:00+05:30,384.12076276099276,433.3670143970175,379.78709862852793,427.7529296875,6171029,0.0,0.0,HDFCLIFE.NS,58
2020-03-26 00:00:00+05:30,441.24641750040047,479.65849402387283,427.45746695351295,470.2524719238281,6462048,0.0,0.0,HDFCLIFE.NS,59
2020-03-27 00:00:00+05:30,443.41331311981793,476.5067740068296,433.36706459927717,434.35198974609375,14440511,0.0,0.0,HDFCLIFE.NS,60
2020-03-30 00:00:00+05:30,425.48768821022725,437.208292128586,400.86455810546875,406.2816467285156,7106515,0.0,0.0,HDFCLIFE.NS,61
2020-03-31 00:00:00+05:30,422.5328551612322,441.4434285341166,408.15294312326046,434.6966857910156,5414961,0.0,0.0,HDFCLIFE.NS,62
2020-04-01 00:00:00+05:30,431.4956474922132,440.6554379475654,417.65743324038687,423.41925048828125,7414297,0.0,0.0,HDFCLIFE.NS,63
2020-04-03 00:00:00+05:30,422.0403852427018,435.33687345921635,409.92581911288835,415.933837890625,6997591,0.0,0.0,HDFCLIFE.NS,64
2020-04-07 00:00:00+05:30,430.3137395467439,468.8243142268863,426.7187691991565,463.4072265625,6387600,0.0,0.0,HDFCLIFE.NS,65
2020-04-08 00:00:00+05:30,457.9409421937865,493.0042520849169,450.50473957428284,469.4153137207031,7175190,0.0,0.0,HDFCLIFE.NS,66
2020-04-09 00:00:00+05:30,481.52991879214727,486.9470073305398,457.153020369381,465.13092041015625,3633315,0.0,0.0,HDFCLIFE.NS,67
2020-04-13 00:00:00+05:30,465.86960026314864,475.47262056455605,446.4665626054979,470.59722900390625,4143591,0.0,0.0,HDFCLIFE.NS,68
2020-04-15 00:00:00+05:30,474.43842316549177,481.3328987270391,461.43740008356264,464.58917236328125,3951803,0.0,0.0,HDFCLIFE.NS,69
2020-04-16 00:00:00+05:30,462.9148037982138,486.94697057963657,455.03540288249957,482.3178405761719,5065255,0.0,0.0,HDFCLIFE.NS,70
2020-04-17 00:00:00+05:30,497.38715301729235,511.1268695642463,484.0906647683152,488.0303649902344,6523417,0.0,0.0,HDFCLIFE.NS,71
2020-04-20 00:00:00+05:30,496.1067589595755,507.53186547631765,488.5228240630059,500.63739013671875,4164522,0.0,0.0,HDFCLIFE.NS,72
2020-04-21 00:00:00+05:30,488.5228544286025,495.2695974417937,481.5298801379776,488.8675842285156,2902453,0.0,0.0,HDFCLIFE.NS,73
2020-04-22 00:00:00+05:30,491.97009243981455,501.3268809847159,482.95803369491534,496.0575256347656,2103572,0.0,0.0,HDFCLIFE.NS,74
2020-04-23 00:00:00+05:30,497.3872214622849,504.18319926877814,478.96910836730257,481.1359558105469,2996470,0.0,0.0,HDFCLIFE.NS,75
2020-04-24 00:00:00+05:30,471.04043752385076,471.53290008268385,444.3489608235914,446.51580810546875,4401783,0.0,0.0,HDFCLIFE.NS,76
2020-04-27 00:00:00+05:30,452.0806224364605,483.99218977341076,452.0806224364605,477.44244384765625,5612310,0.0,0.0,HDFCLIFE.NS,77
2020-04-28 00:00:00+05:30,487.53791251225744,489.11379864501475,464.04744344334307,478.8213195800781,5790711,0.0,0.0,HDFCLIFE.NS,78
2020-04-29 00:00:00+05:30,480.6434563000485,497.58418030740614,477.44244967509945,485.42034912109375,4230028,0.0,0.0,HDFCLIFE.NS,79
2020-04-30 00:00:00+05:30,492.46254478053476,503.00125526184956,485.7158019055357,493.4967041015625,3751397,0.0,0.0,HDFCLIFE.NS,80
2020-05-04 00:00:00+05:30,481.62837415320814,481.62837415320814,464.98314596596293,471.7298889160156,2476309,0.0,0.0,HDFCLIFE.NS,81
2020-05-05 00:00:00+05:30,475.7188057686308,482.5147826966772,467.9871380070554,470.3509521484375,2499854,0.0,0.0,HDFCLIFE.NS,82
2020-05-06 00:00:00+05:30,470.7942094666895,491.4776370792428,462.3731116760188,483.5982360839844,5449822,0.0,0.0,HDFCLIFE.NS,83
2020-05-07 00:00:00+05:30,482.31783335728903,494.43240006086853,481.5298752429935,487.0946960449219,2443348,0.0,0.0,HDFCLIFE.NS,84
2020-05-08 00:00:00+05:30,492.1671238083668,519.4002689297739,491.47766416027986,512.2103271484375,9179719,0.0,0.0,HDFCLIFE.NS,85
2020-05-11 00:00:00+05:30,521.7641123748776,530.8746702596678,514.6234048435556,517.28271484375,5445590,0.0,0.0,HDFCLIFE.NS,86
2020-05-12 00:00:00+05:30,513.5892557872135,528.5108364465822,509.50179217532104,518.8585815429688,3693348,0.0,0.0,HDFCLIFE.NS,87
2020-05-13 00:00:00+05:30,524.9650541101612,529.8896793832396,507.2364031270788,508.96002197265625,3651773,0.0,0.0,HDFCLIFE.NS,88
2020-05-14 00:00:00+05:30,507.23643570716933,515.1158366501934,483.99219691374276,487.5379333496094,4151383,0.0,0.0,HDFCLIFE.NS,89
2020-05-15 00:00:00+05:30,491.5761447280242,493.447496487629,477.68869420459094,479.9540100097656,3513975,0.0,0.0,HDFCLIFE.NS,90
2020-05-18 00:00:00+05:30,479.9540161899634,483.49975276081017,457.0052720927984,462.2746276855469,4108131,0.0,0.0,HDFCLIFE.NS,91
2020-05-19 00:00:00+05:30,467.83943439073266,478.6243765328571,458.23641442165973,464.638427734375,5129782,0.0,0.0,HDFCLIFE.NS,92
2020-05-20 00:00:00+05:30,467.00223602278544,475.4725980007468,465.3771155988666,472.0253601074219,3112785,0.0,0.0,HDFCLIFE.NS,93
2020-05-21 00:00:00+05:30,472.76403360567605,489.06453149136064,472.76403360567605,486.3559875488281,4216268,0.0,0.0,HDFCLIFE.NS,94
2020-05-22 00:00:00+05:30,485.5680985183292,497.09173478609677,482.9087885926812,487.2917175292969,4602359,0.0,0.0,HDFCLIFE.NS,95
2020-05-26 00:00:00+05:30,494.4324085425883,507.1379665929929,489.50778295949476,499.8002624511719,4215615,0.0,0.0,HDFCLIFE.NS,96
2020-05-27 00:00:00+05:30,499.1600369797432,502.3118093753058,487.7841639080788,495.7127990722656,1859456,0.0,0.0,HDFCLIFE.NS,97
2020-05-28 00:00:00+05:30,498.3721580947583,515.4113522674753,493.8907603957728,509.00933837890625,3346486,0.0,0.0,HDFCLIFE.NS,98
2020-05-29 00:00:00+05:30,508.615387009795,532.6475253333138,504.03546087666405,515.3128662109375,27246641,0.0,0.0,HDFCLIFE.NS,99
2020-06-01 00:00:00+05:30,513.1459504868976,520.6806511571511,505.61124981664415,508.3197937011719,3151262,0.0,0.0,HDFCLIFE.NS,100
2020-06-02 00:00:00+05:30,508.22135082266766,514.3771326882522,489.50777395129035,492.1670837402344,5909622,0.0,0.0,HDFCLIFE.NS,101
2020-06-03 00:00:00+05:30,494.5308996369142,511.91482167258727,486.99622861947284,493.7922058105469,13732855,0.0,0.0,HDFCLIFE.NS,102
2020-06-04 00:00:00+05:30,513.2936814570635,517.0363843878324,504.57705924567927,509.7971496582031,11739480,0.0,0.0,HDFCLIFE.NS,103
2020-06-05 00:00:00+05:30,509.7972151905082,513.3922159042543,503.98619308431995,508.46759033203125,3558200,0.0,0.0,HDFCLIFE.NS,104
2020-06-08 00:00:00+05:30,512.1610911947447,521.8133458904025,508.46762178709025,514.18017578125,8429754,0.0,0.0,HDFCLIFE.NS,105
2020-06-09 00:00:00+05:30,517.0857055930709,522.9952565141346,493.9399644855716,499.2093200683594,9173485,0.0,0.0,HDFCLIFE.NS,106
2020-06-10 00:00:00+05:30,499.80025167145766,500.2927142191456,491.4776225925208,494.1369323730469,3358845,0.0,0.0,HDFCLIFE.NS,107
2020-06-11 00:00:00+05:30,492.4625565767556,501.819345151714,489.5077812372951,494.0876770019531,2482917,0.0,0.0,HDFCLIFE.NS,108
2020-06-12 00:00:00+05:30,480.643487240031,496.55002286566923,478.91986817718254,494.7279052734375,8115108,0.0,0.0,HDFCLIFE.NS,109
2020-06-15 00:00:00+05:30,500.2434448728051,500.2434448728051,487.8333827850201,492.3640441894531,3620015,0.0,0.0,HDFCLIFE.NS,110
2020-06-16 00:00:00+05:30,497.3871700532105,503.00125508474326,489.5077693394963,498.0766296386719,3578749,0.0,0.0,HDFCLIFE.NS,111
2020-06-17 00:00:00+05:30,498.3720928332053,501.0314025847732,491.034388929547,492.85650634765625,1857859,0.0,0.0,HDFCLIFE.NS,112
2020-06-18 00:00:00+05:30,492.46249256949187,510.0926738494998,491.1328378280492,508.17205810546875,4083990,0.0,0.0,HDFCLIFE.NS,113
2020-06-19 00:00:00+05:30,510.1419678033842,516.100752638122,506.59620137271384,513.2444458007812,4569531,0.0,0.0,HDFCLIFE.NS,114
2020-06-22 00:00:00+05:30,517.0364509595926,517.8736132610235,506.79320572118814,512.5550537109375,2765644,0.0,0.0,HDFCLIFE.NS,115
2020-06-23 00:00:00+05:30,516.3469510321994,536.3901515040707,512.5550136829438,528.9539794921875,5813424,0.0,0.0,HDFCLIFE.NS,116
2020-06-24 00:00:00+05:30,534.5188625964468,537.3751093110184,515.8052857383386,519.3017578125,3765172,0.0,0.0,HDFCLIFE.NS,117
2020-06-25 00:00:00+05:30,512.1610457416757,531.6133162289798,511.176120653711,530.28369140625,2654149,0.0,0.0,HDFCLIFE.NS,118
2020-06-26 00:00:00+05:30,533.2384334827609,539.1972178710771,526.9348892660802,533.7308959960938,2586654,0.0,0.0,HDFCLIFE.NS,119
2020-06-29 00:00:00+05:30,535.3067613590207,536.3901548612878,524.6203486787398,529.1017456054688,1691365,0.0,0.0,HDFCLIFE.NS,120
2020-06-30 00:00:00+05:30,532.3520136487506,546.0917307418823,528.9047758175376,540.723876953125,3355423,0.0,0.0,HDFCLIFE.NS,121
2020-07-01 00:00:00+05:30,547.1750964000291,551.558024870673,537.9168370515896,541.3640747070312,3419769,0.0,0.0,HDFCLIFE.NS,122
2020-07-02 00:00:00+05:30,541.216319081698,544.1710942541185,537.4736158863096,539.689697265625,1638017,0.0,0.0,HDFCLIFE.NS,123
2020-07-03 00:00:00+05:30,556.4334298230658,580.7117967078716,549.5881885696621,563.52490234375,15663461,0.0,0.0,HDFCLIFE.NS,124
2020-07-06 00:00:00+05:30,572.2414464924619,582.9278590978058,567.7108153683193,575.8856811523438,4862801,0.0,0.0,HDFCLIFE.NS,125
2020-07-07 00:00:00+05:30,580.8103876228615,582.0907783271338,563.4756684767387,573.8173828125,3849675,0.0,0.0,HDFCLIFE.NS,126
2020-07-08 00:00:00+05:30,572.7338957440473,587.9017650083972,569.2866581944271,573.1771240234375,4280620,0.0,0.0,HDFCLIFE.NS,127
2020-07-09 00:00:00+05:30,575.2947810821377,581.007395292564,574.1621531794285,576.3782348632812,2440595,0.0,0.0,HDFCLIFE.NS,128
2020-07-10 00:00:00+05:30,577.1661625214267,590.9551152096519,576.4274686274147,583.5681762695312,3206846,0.0,0.0,HDFCLIFE.NS,129
2020-07-13 00:00:00+05:30,584.996238336047,594.6484916853196,575.1962221850546,591.25048828125,2854213,0.0,0.0,HDFCLIFE.NS,130
2020-07-14 00:00:00+05:30,583.5680897154056,599.8193529733029,583.5680897154056,589.4284057617188,3645874,0.0,0.0,HDFCLIFE.NS,131
2020-07-15 00:00:00+05:30,590.9550575806373,595.5842175546971,584.0605819088632,585.8334350585938,2310685,0.0,0.0,HDFCLIFE.NS,132
2020-07-16 00:00:00+05:30,585.0455845181016,594.6486054761007,580.3671896924096,590.807373046875,1767540,0.0,0.0,HDFCLIFE.NS,133
2020-07-17 00:00:00+05:30,591.7429648319015,606.7138377873271,591.0042710358942,605.2364501953125,2790602,0.0,0.0,HDFCLIFE.NS,134
2020-07-20 00:00:00+05:30,610.3581111440243,618.7299746949823,603.0696411830493,607.1571044921875,3020859,0.0,0.0,HDFCLIFE.NS,135
2020-07-21 00:00:00+05:30,612.6234181029229,622.9651317525703,592.2846905459264,617.9912719726562,8306371,0.0,0.0,HDFCLIFE.NS,136
2020-07-22 00:00:00+05:30,617.5480206949868,617.5480206949868,596.7661257032671,600.4595947265625,5164659,0.0,0.0,HDFCLIFE.NS,137
2020-07-23 00:00:00+05:30,601.7400562747251,614.2978524351464,601.4445907410219,613.3129272460938,2957797,0.0,0.0,HDFCLIFE.NS,138
2020-07-24 00:00:00+05:30,607.6987755312579,615.479707724277,606.2213879084104,613.0173950195312,2789551,0.0,0.0,HDFCLIFE.NS,139
2020-07-27 00:00:00+05:30,615.1842548319761,627.8898139364808,604.2516091765192,623.90087890625,3343985,0.0,0.0,HDFCLIFE.NS,140
2020-07-28 00:00:00+05:30,626.4123803882466,637.8374878084236,624.0978303872381,630.8445434570312,4307089,0.0,0.0,HDFCLIFE.NS,141
2020-07-29 00:00:00+05:30,630.8445303695243,633.0113776256551,619.5178916509457,628.135986328125,2458334,0.0,0.0,HDFCLIFE.NS,142
2020-07-30 00:00:00+05:30,630.3028629972778,635.1782545223176,614.5440605664812,625.5259399414062,27847314,0.0,0.0,HDFCLIFE.NS,143
2020-07-31 00:00:00+05:30,619.2224617393267,628.2837852581082,609.7179098743704,617.6465454101562,3774399,0.0,0.0,HDFCLIFE.NS,144
2020-08-03 00:00:00+05:30,614.5932787235696,614.5932787235696,591.4475382588198,593.9098510742188,3634400,0.0,0.0,HDFCLIFE.NS,145
2020-08-04 00:00:00+05:30,596.0766928475681,606.6154036227655,591.8907611002047,604.8917846679688,2248809,0.0,0.0,HDFCLIFE.NS,146
2020-08-05 00:00:00+05:30,607.1571043939199,608.8314891268521,594.2053149740989,595.8796997070312,2051992,0.0,0.0,HDFCLIFE.NS,147
2020-08-06 00:00:00+05:30,599.2284251744027,602.5279000497815,593.1711120637203,597.7510375976562,2596325,0.0,0.0,HDFCLIFE.NS,148
2020-08-07 00:00:00+05:30,598.7360449541482,604.5963017221134,596.3229662240705,597.8003540039062,1723752,0.0,0.0,HDFCLIFE.NS,149
2020-08-10 00:00:00+05:30,606.7138077097275,608.6344235071437,597.8494825970854,599.6715698242188,2028319,0.0,0.0,HDFCLIFE.NS,150
2020-08-11 00:00:00+05:30,600.6565747642542,604.645569687788,596.9631054758414,599.5731811523438,1539043,0.0,0.0,HDFCLIFE.NS,151
2020-08-12 00:00:00+05:30,599.8194124382379,608.3882732103676,594.0083300451112,599.5731811523438,3419606,0.0,0.0,HDFCLIFE.NS,152
2020-08-13 00:00:00+05:30,600.8042830753049,604.7439832921921,588.9851824246431,590.7088012695312,2164005,0.0,0.0,HDFCLIFE.NS,153
2020-08-14 00:00:00+05:30,590.9550415714058,593.3188857837137,576.8213908731785,578.8897094726562,3151495,0.0,0.0,HDFCLIFE.NS,154
2020-08-17 00:00:00+05:30,582.4847362047947,585.2425144997482,577.1168823128867,580.2193603515625,1335395,0.0,0.0,HDFCLIFE.NS,155
2020-08-18 00:00:00+05:30,581.5983030162766,591.5953173681692,580.1209152863454,588.5912475585938,2224729,0.0,0.0,HDFCLIFE.NS,156
2020-08-19 00:00:00+05:30,590.9550239331238,598.7851900232484,589.9208646642516,594.35302734375,2344923,0.0,0.0,HDFCLIFE.NS,157
2020-08-20 00:00:00+05:30,589.9701169284068,590.9550419984042,581.2042597594083,586.0796508789062,1490688,0.0,0.0,HDFCLIFE.NS,158
2020-08-21 00:00:00+05:30,590.1670717325601,599.7208562508685,587.1630625070487,589.0836181640625,2008763,0.0,0.0,HDFCLIFE.NS,159
2020-08-24 00:00:00+05:30,590.7580973805303,596.3229485658178,588.0495531977032,589.7239379882812,1893376,0.0,0.0,HDFCLIFE.NS,160
2020-08-25 00:00:00+05:30,589.9701895458111,594.5008213794366,584.0606383984407,590.7581176757812,1802567,0.0,0.0,HDFCLIFE.NS,161
2020-08-26 00:00:00+05:30,593.9098195109826,593.9098195109826,579.776168747747,583.1248779296875,2950978,0.0,0.0,HDFCLIFE.NS,162
2020-08-27 00:00:00+05:30,585.2424878641785,590.955041239819,582.2384784275539,587.0645751953125,2947058,0.0,0.0,HDFCLIFE.NS,163
2020-08-28 00:00:00+05:30,590.9550523979615,594.4022902036162,579.2837141591243,580.465576171875,3638604,0.0,0.0,HDFCLIFE.NS,164
2020-08-31 00:00:00+05:30,585.7842169591728,585.7842169591728,558.5017790265031,566.1349487304688,3754563,0.0,0.0,HDFCLIFE.NS,165
2020-09-01 00:00:00+05:30,572.7339248008508,577.1660875895074,562.1459803612821,570.5670776367188,3407301,0.0,0.0,HDFCLIFE.NS,166
2020-09-02 00:00:00+05:30,572.6355069251814,581.1058391790554,568.1048151608508,572.09375,2500786,0.0,0.0,HDFCLIFE.NS,167
2020-09-03 00:00:00+05:30,574.9007885176625,580.1208794849229,570.5178598330077,573.4234008789062,1896035,0.0,0.0,HDFCLIFE.NS,168
2020-09-04 00:00:00+05:30,561.4073178031891,572.2414941116717,560.4716269171721,565.9872436523438,2618737,0.0,0.0,HDFCLIFE.NS,169
2020-09-07 00:00:00+05:30,567.9078091620113,585.5379931359294,562.5400152648398,582.9279174804688,3374335,0.0,0.0,HDFCLIFE.NS,170
2020-09-08 00:00:00+05:30,584.5530763566253,586.1782268996814,570.7641242605971,573.0786743164062,1896544,0.0,0.0,HDFCLIFE.NS,171
2020-09-09 00:00:00+05:30,580.0224389748248,584.0606080026811,573.8666568500073,576.8706665039062,3391865,0.0,0.0,HDFCLIFE.NS,172
2020-09-10 00:00:00+05:30,580.7118430515411,593.9098640770553,578.5450558185984,592.5309448242188,3792160,0.0,0.0,HDFCLIFE.NS,173
2020-09-11 00:00:00+05:30,598.8344505115176,603.4636104249962,592.5309059337949,595.6826782226562,4564379,0.0,0.0,HDFCLIFE.NS,174
2020-09-14 00:00:00+05:30,600.804339386211,600.804339386211,586.2274592405084,590.4133911132812,2269701,0.0,0.0,HDFCLIFE.NS,175
2020-09-15 00:00:00+05:30,592.8756620212188,592.8756620212188,582.1399546377423,585.2424926757812,2371832,0.0,0.0,HDFCLIFE.NS,176
2020-09-16 00:00:00+05:30,585.5379421811678,595.8304209759082,583.8635575732823,589.5761108398438,2164876,0.0,0.0,HDFCLIFE.NS,177
2020-09-17 00:00:00+05:30,584.1590739000144,589.0836995781972,579.4314452719709,582.9279174804688,1532457,0.0,0.0,HDFCLIFE.NS,178
2020-09-18 00:00:00+05:30,585.0454587275688,585.8333867163126,574.7037460732935,576.2796020507812,2587272,0.0,0.0,HDFCLIFE.NS,179
2020-09-21 00:00:00+05:30,578.1510340737058,580.9088123324768,568.5480143424985,570.6163330078125,1565889,0.0,0.0,HDFCLIFE.NS,180
2020-09-22 00:00:00+05:30,567.3168798964277,578.6435189915821,557.7630940279378,570.6656494140625,2359295,0.0,0.0,HDFCLIFE.NS,181
2020-09-23 00:00:00+05:30,572.4877327487983,577.2645955910872,566.9228817091733,571.5028076171875,2210606,0.0,0.0,HDFCLIFE.NS,182
2020-09-24 00:00:00+05:30,566.1349439553904,572.0444946441003,564.0666252603653,568.9420166015625,3043353,0.0,0.0,HDFCLIFE.NS,183
2020-09-25 00:00:00+05:30,568.5972534434555,571.7490258154932,562.6384685565899,568.7942504882812,2059527,0.0,0.0,HDFCLIFE.NS,184
2020-09-28 00:00:00+05:30,570.4686263748212,574.50679521354,568.3510133770435,572.4384765625,1591462,0.0,0.0,HDFCLIFE.NS,185
2020-09-29 00:00:00+05:30,577.953990778747,577.953990778747,555.2514810488937,562.1951904296875,4157096,0.0,0.0,HDFCLIFE.NS,186
2020-09-30 00:00:00+05:30,563.1801991014464,563.3279619226872,547.5691592329507,550.9671630859375,4906751,0.0,0.0,HDFCLIFE.NS,187
2020-10-01 00:00:00+05:30,559.4374017038588,563.3771017158577,553.7740829366102,560.6193237304688,1477355,0.0,0.0,HDFCLIFE.NS,188
2020-10-05 00:00:00+05:30,563.3771493720095,568.2525405722786,556.8273735019942,566.085693359375,2490303,0.0,0.0,HDFCLIFE.NS,189
2020-10-06 00:00:00+05:30,568.7942376435658,577.3630979219867,567.0706187416156,573.275634765625,5665979,0.0,0.0,HDFCLIFE.NS,190
2020-10-07 00:00:00+05:30,576.1811970818248,578.2988101427644,566.3319458496569,570.222412109375,2588117,0.0,0.0,HDFCLIFE.NS,191
2020-10-08 00:00:00+05:30,577.6585447121881,577.6585447121881,568.4002251498924,574.3590698242188,9288093,0.0,0.0,HDFCLIFE.NS,192
2020-10-09 00:00:00+05:30,578.150985641208,580.1208356774642,560.0283412616295,565.1499633789062,4555998,0.0,0.0,HDFCLIFE.NS,193
2020-10-12 00:00:00+05:30,567.7600592445464,568.3017560010859,551.7550271214656,554.9067993164062,2349521,0.0,0.0,HDFCLIFE.NS,194
2020-10-13 00:00:00+05:30,555.8917886297594,563.3279616219972,551.2626283191079,558.1571044921875,2122487,0.0,0.0,HDFCLIFE.NS,195
2020-10-14 00:00:00+05:30,556.3842188138166,566.1349413360389,549.5882115072202,563.7218627929688,3958474,0.0,0.0,HDFCLIFE.NS,196
2020-10-15 00:00:00+05:30,564.3621004398444,565.3470255715021,551.6073079618658,553.0354614257812,1772762,0.0,0.0,HDFCLIFE.NS,197
2020-10-16 00:00:00+05:30,554.4636492221848,557.7138903348988,551.0656452845491,552.6907958984375,2117294,0.0,0.0,HDFCLIFE.NS,198
2020-10-19 00:00:00+05:30,557.3691487729967,565.6424837018527,555.7932325138871,561.8997802734375,3362350,0.0,0.0,HDFCLIFE.NS,199
2020-10-20 00:00:00+05:30,565.9379181007736,572.2414625605435,558.4525116554702,562.3922119140625,6496843,0.0,0.0,HDFCLIFE.NS,200
2020-10-21 00:00:00+05:30,565.839512252425,568.7450535376561,547.6183965402059,554.2174072265625,3457773,0.0,0.0,HDFCLIFE.NS,201
2020-10-22 00:00:00+05:30,554.5128000877183,558.2555032340385,549.7359376676202,552.6414184570312,2967121,0.0,0.0,HDFCLIFE.NS,202
2020-10-23 00:00:00+05:30,554.5128466840124,571.8967992273234,551.213371553497,555.990234375,21418349,0.0,0.0,HDFCLIFE.NS,203
2020-10-26 00:00:00+05:30,558.2062482424639,573.8665799145193,555.0052419667021,569.9268798828125,8486218,0.0,0.0,HDFCLIFE.NS,204
2020-10-27 00:00:00+05:30,574.1128379995755,582.5831694176136,571.2565312970682,578.4464721679688,5959783,0.0,0.0,HDFCLIFE.NS,205
2020-10-28 00:00:00+05:30,581.8444124485264,585.8333464609236,574.8514693707463,577.3137817382812,4062087,0.0,0.0,HDFCLIFE.NS,206
2020-10-29 00:00:00+05:30,573.2264184660462,579.1359691718817,571.6012679759181,577.2645874023438,1671983,0.0,0.0,HDFCLIFE.NS,207
2020-10-30 00:00:00+05:30,581.1058504331814,589.1822488520447,575.196299411827,580.859619140625,3789450,0.0,0.0,HDFCLIFE.NS,208
2020-11-02 00:00:00+05:30,581.8937344447412,585.5379693213929,576.7721119247218,578.6434936523438,2206055,0.0,0.0,HDFCLIFE.NS,209
2020-11-03 00:00:00+05:30,581.4998425554545,592.5309563321479,581.1058484426891,590.0194091796875,3646651,0.0,0.0,HDFCLIFE.NS,210
2020-11-04 00:00:00+05:30,582.1891491851562,594.7962374013038,582.1891491851562,585.2916870117188,1919838,0.0,0.0,HDFCLIFE.NS,211
2020-11-05 00:00:00+05:30,591.1028070966297,593.4173569740748,581.1057935513761,583.1248779296875,2350192,0.0,0.0,HDFCLIFE.NS,212
2020-11-06 00:00:00+05:30,584.060560498285,589.5761167874914,579.973097453835,581.6967163085938,1990463,0.0,0.0,HDFCLIFE.NS,213
2020-11-09 00:00:00+05:30,587.0153800158012,589.9701554185652,578.8897476581999,583.912841796875,2978907,0.0,0.0,HDFCLIFE.NS,214
2020-11-10 00:00:00+05:30,586.0304183628663,605.8273882817072,581.4997870736462,600.4595947265625,4801645,0.0,0.0,HDFCLIFE.NS,215
2020-11-11 00:00:00+05:30,607.6495010634579,617.3509884317306,604.9901914954127,614.051513671875,6526986,0.0,0.0,HDFCLIFE.NS,216
2020-11-12 00:00:00+05:30,614.4455426369142,623.5561004501982,609.0777485578935,620.8968505859375,3555249,0.0,0.0,HDFCLIFE.NS,217
2020-11-13 00:00:00+05:30,615.5781536938184,620.8474786434159,608.634444143163,618.0404663085938,5036293,0.0,0.0,HDFCLIFE.NS,218
2020-11-14 00:00:00+05:30,628.3821848725304,629.5641069611323,624.147019160507,626.5108032226562,1080124,0.0,0.0,HDFCLIFE.NS,219
2020-11-17 00:00:00+05:30,629.0717167143254,663.8395631156177,625.427481570352,659.9490966796875,9740753,0.0,0.0,HDFCLIFE.NS,220
2020-11-18 00:00:00+05:30,662.3621335790408,665.9078399135152,651.2324919077131,654.7781982421875,3642631,0.0,0.0,HDFCLIFE.NS,221
2020-11-19 00:00:00+05:30,651.0354943932776,660.6385141668547,633.3068425035968,636.3108520507812,4212122,0.0,0.0,HDFCLIFE.NS,222
2020-11-20 00:00:00+05:30,637.5912265016759,658.4716502210047,637.5912265016759,653.8917846679688,3045488,0.0,0.0,HDFCLIFE.NS,223
2020-11-23 00:00:00+05:30,657.1420145391769,664.1349584455901,646.0616075722901,651.3309326171875,3011294,0.0,0.0,HDFCLIFE.NS,224
2020-11-24 00:00:00+05:30,655.467686428094,656.3541431079051,641.5802658781209,654.1380615234375,2108847,0.0,0.0,HDFCLIFE.NS,225
2020-11-25 00:00:00+05:30,662.3129050922772,678.1209411527835,651.8726628123206,655.0736694335938,6798974,0.0,0.0,HDFCLIFE.NS,226
2020-11-26 00:00:00+05:30,657.9299120947796,665.2183812747846,648.2284247124569,650.8384399414062,3804983,0.0,0.0,HDFCLIFE.NS,227
2020-11-27 00:00:00+05:30,653.6948192503369,654.0887532323651,632.4696947722957,637.049560546875,9917761,0.0,0.0,HDFCLIFE.NS,228
2020-12-01 00:00:00+05:30,643.4023877305933,646.11093203409,629.8596662131105,632.2235107421875,4569057,0.0,0.0,HDFCLIFE.NS,229
2020-12-02 00:00:00+05:30,634.2917229232129,637.1480295724599,620.6997694550118,626.90478515625,6126982,0.0,0.0,HDFCLIFE.NS,230
2020-12-03 00:00:00+05:30,616.6616007843152,640.8907950881795,615.578207185692,638.1822509765625,26754679,0.0,0.0,HDFCLIFE.NS,231
2020-12-04 00:00:00+05:30,642.171133753765,645.0766746794963,630.4505015916853,633.5530395507812,4452423,0.0,0.0,HDFCLIFE.NS,232
2020-12-07 00:00:00+05:30,635.3751887454339,641.5802652680917,632.1741820153576,639.7581176757812,4644396,0.0,0.0,HDFCLIFE.NS,233
2020-12-08 00:00:00+05:30,642.7128702828451,647.7852586593796,634.2917725920952,641.6787109375,4409047,0.0,0.0,HDFCLIFE.NS,234
2020-12-09 00:00:00+05:30,645.6184530533385,646.6033782296213,635.2767387023697,642.7621459960938,4512763,0.0,0.0,HDFCLIFE.NS,235
2020-12-10 00:00:00+05:30,646.2093757658489,651.0355331133186,635.9169558986935,649.5089111328125,5582666,0.0,0.0,HDFCLIFE.NS,236
2020-12-11 00:00:00+05:30,653.891796038519,658.2746646287546,645.3721699022188,654.4827270507812,6275768,0.0,0.0,HDFCLIFE.NS,237
2020-12-14 00:00:00+05:30,657.3882595326465,657.929956305995,643.4023113127114,645.8646240234375,2696137,0.0,0.0,HDFCLIFE.NS,238
2020-12-15 00:00:00+05:30,649.9520226908702,653.9409568635134,635.0303850981468,641.62939453125,4819043,0.0,0.0,HDFCLIFE.NS,239
2020-12-16 00:00:00+05:30,645.5199083624334,645.8646080874074,637.4927450775058,638.9208984375,2540833,0.0,0.0,HDFCLIFE.NS,240
2020-12-17 00:00:00+05:30,641.1862063248481,651.232453838663,640.4475125387595,644.6826782226562,4660373,0.0,0.0,HDFCLIFE.NS,241
2020-12-18 00:00:00+05:30,646.4063492569778,646.4063492569778,630.3520816992128,644.239501953125,2540821,0.0,0.0,HDFCLIFE.NS,242
2020-12-21 00:00:00+05:30,636.261634971941,643.3038737084437,608.092800256049,619.7149047851562,3004002,0.0,0.0,HDFCLIFE.NS,243
2020-12-22 00:00:00+05:30,620.5028440241229,633.5531022516143,611.2445235751991,631.583251953125,3085304,0.0,0.0,HDFCLIFE.NS,244
2020-12-23 00:00:00+05:30,631.5832123483366,640.1028384010854,624.1962741922157,638.8223876953125,2940595,0.0,0.0,HDFCLIFE.NS,245
2020-12-24 00:00:00+05:30,641.8757185728525,653.5962915385618,639.2164087016213,647.342041015625,3776278,0.0,0.0,HDFCLIFE.NS,246
2020-12-28 00:00:00+05:30,651.8726051536755,669.7490184419336,647.7852023601572,668.4686279296875,5624012,0.0,0.0,HDFCLIFE.NS,247
2020-12-29 00:00:00+05:30,672.7038903746236,676.0033656444921,660.0476259999837,663.0516357421875,4102480,0.0,0.0,HDFCLIFE.NS,248
2020-12-30 00:00:00+05:30,668.7641568906089,668.7641568906089,656.9450554433522,665.513916015625,2886107,0.0,0.0,HDFCLIFE.NS,249
2020-12-31 00:00:00+05:30,666.4987548341244,668.7640702951775,659.4565170876467,666.3017578125,2959814,0.0,0.0,HDFCLIFE.NS,250
2021-01-01 00:00:00+05:30,666.3018360209254,670.5370019652308,664.8244483579078,668.1732177734375,1264311,0.0,0.0,HDFCLIFE.NS,251
2021-01-04 00:00:00+05:30,670.0937683577773,687.0837263484667,670.0937683577773,685.360107421875,5031655,0.0,0.0,HDFCLIFE.NS,252
2021-01-05 00:00:00+05:30,680.6817176814151,704.2214517944122,679.8445553861441,702.9902954101562,6955494,0.0,0.0,HDFCLIFE.NS,253
2021-01-06 00:00:00+05:30,702.251603292274,709.6385416158253,694.7661965037653,708.2103881835938,3582162,0.0,0.0,HDFCLIFE.NS,254
2021-01-07 00:00:00+05:30,709.1460754255194,712.888778800587,691.9098860922602,693.6827392578125,3284785,0.0,0.0,HDFCLIFE.NS,255
2021-01-08 00:00:00+05:30,704.6154280936494,711.0666753612614,697.4254268990775,706.1912841796875,2841346,0.0,0.0,HDFCLIFE.NS,256
2021-01-11 00:00:00+05:30,710.0325519891162,719.9802717802754,704.9109292776536,714.169189453125,3216546,0.0,0.0,HDFCLIFE.NS,257
2021-01-12 00:00:00+05:30,716.0405219389265,716.0405219389265,703.4334931355025,707.5701904296875,1607350,0.0,0.0,HDFCLIFE.NS,258
2021-01-13 00:00:00+05:30,707.6194865764221,713.7752687685842,697.8687035380133,702.4978637695312,2639680,0.0,0.0,HDFCLIFE.NS,259
2021-01-14 00:00:00+05:30,702.2516104940057,707.7179328864803,691.9591309679612,696.2435913085938,1995368,0.0,0.0,HDFCLIFE.NS,260
2021-01-15 00:00:00+05:30,697.7208970916789,706.1912280826327,691.6143500420127,694.224365234375,2417123,0.0,0.0,HDFCLIFE.NS,261
2021-01-18 00:00:00+05:30,692.4023294593153,698.6073454243464,678.6133783747771,683.48876953125,2381523,0.0,0.0,HDFCLIFE.NS,262
2021-01-19 00:00:00+05:30,684.522937135317,690.9741844478975,683.242546542104,688.0194091796875,2016585,0.0,0.0,HDFCLIFE.NS,263
2021-01-20 00:00:00+05:30,689.4476689641424,701.1190090284375,689.4476689641424,692.3532104492188,2495461,0.0,0.0,HDFCLIFE.NS,264
2021-01-21 00:00:00+05:30,699.2967904830813,701.1681721374382,688.4626148558787,689.9400024414062,2254977,0.0,0.0,HDFCLIFE.NS,265
2021-01-22 00:00:00+05:30,692.1068786021535,698.114897655793,673.7872357046404,677.0375366210938,2644349,0.0,0.0,HDFCLIFE.NS,266
2021-01-25 00:00:00+05:30,684.5230112577746,688.9551746400191,655.6154807996046,670.1431274414062,3532317,0.0,0.0,HDFCLIFE.NS,267
2021-01-27 00:00:00+05:30,674.6737043536834,684.5229555121313,662.9038371963264,672.5560913085938,3629780,0.0,0.0,HDFCLIFE.NS,268
2021-01-28 00:00:00+05:30,669.2566037305581,672.7530758035637,659.9982837683216,661.6726684570312,1964058,0.0,0.0,HDFCLIFE.NS,269
2021-01-29 00:00:00+05:30,663.4948752294516,674.6245178021086,658.0777867094355,667.7300415039062,4598451,0.0,0.0,HDFCLIFE.NS,270
2021-02-01 00:00:00+05:30,668.0747053559645,702.5470849936826,658.4224510804153,688.5119018554688,8383807,0.0,0.0,HDFCLIFE.NS,271
2021-02-02 00:00:00+05:30,699.789321970694,701.2667097018074,664.3320164239734,670.7832641601562,6702065,0.0,0.0,HDFCLIFE.NS,272
2021-02-03 00:00:00+05:30,674.6737271553216,684.5229786466401,668.7641762605305,678.8104248046875,2902411,0.0,0.0,HDFCLIFE.NS,273
2021-02-04 00:00:00+05:30,674.9199905962446,680.2386107009634,667.9270457502839,670.1431274414062,3379697,0.0,0.0,HDFCLIFE.NS,274
2021-02-05 00:00:00+05:30,672.3098551418882,674.624465216331,662.2636671253545,671.2756958007812,2759333,0.0,0.0,HDFCLIFE.NS,275
2021-02-08 00:00:00+05:30,675.510829161324,680.977211342893,667.040497681235,673.7379760742188,3887493,0.0,0.0,HDFCLIFE.NS,276
2021-02-09 00:00:00+05:30,678.3179436733368,699.4938338003616,677.5792498316964,694.2737426757812,7331068,0.0,0.0,HDFCLIFE.NS,277
2021-02-10 00:00:00+05:30,699.3460621953323,712.9873110351917,699.2968279628535,708.2103881835938,8514545,0.0,0.0,HDFCLIFE.NS,278
2021-02-11 00:00:00+05:30,710.1309498914366,715.4988033526002,699.5922399990245,703.4334716796875,3044979,0.0,0.0,HDFCLIFE.NS,279
2021-02-12 00:00:00+05:30,703.1873193806692,709.1461044856268,697.5732340304794,700.2325439453125,1760221,0.0,0.0,HDFCLIFE.NS,280
2021-02-15 00:00:00+05:30,702.744047832249,706.5359853617753,683.7350057232877,684.7691650390625,3871100,0.0,0.0,HDFCLIFE.NS,281
2021-02-16 00:00:00+05:30,685.9018952759279,693.387302334653,676.5943406292475,684.86767578125,3066134,0.0,0.0,HDFCLIFE.NS,282
2021-02-17 00:00:00+05:30,685.5078494981158,700.7741881004445,682.5530742847618,692.5007934570312,3533494,0.0,0.0,HDFCLIFE.NS,283
2021-02-18 00:00:00+05:30,692.8948074563068,705.157136967351,691.4174198071462,702.69482421875,2949918,0.0,0.0,HDFCLIFE.NS,284
2021-02-19 00:00:00+05:30,704.5169385725671,712.5441024862745,692.5008398764586,699.9370727539062,3787638,0.0,0.0,HDFCLIFE.NS,285
2021-02-22 00:00:00+05:30,700.2817666965096,702.8918423342994,677.6777229636738,680.1892700195312,3110151,0.0,0.0,HDFCLIFE.NS,286
2021-02-23 00:00:00+05:30,683.0455474305082,702.1038238066634,679.7460724370324,695.0616455078125,4693570,0.0,0.0,HDFCLIFE.NS,287
2021-02-24 00:00:00+05:30,701.3158672649361,710.6234209764114,686.4927573396517,707.964111328125,2362499,0.0,0.0,HDFCLIFE.NS,288
2021-02-25 00:00:00+05:30,713.0857774023305,732.7842795405163,710.1310020816026,722.4425659179688,5635556,0.0,0.0,HDFCLIFE.NS,289
2021-02-26 00:00:00+05:30,715.0062973546243,719.8816880020456,683.4886981665098,690.0877075195312,13122512,0.0,0.0,HDFCLIFE.NS,290
2021-03-01 00:00:00+05:30,700.5771928757947,702.7440400608716,689.5953143734495,694.618408203125,2210665,0.0,0.0,HDFCLIFE.NS,291
2021-03-02 00:00:00+05:30,704.1721724973779,716.8284352715474,695.6033125883233,709.9339599609375,2446910,0.0,0.0,HDFCLIFE.NS,292
2021-03-03 00:00:00+05:30,713.0858428640464,720.4727818439916,710.2295357457756,716.5330810546875,1714037,0.0,0.0,HDFCLIFE.NS,293
2021-03-04 00:00:00+05:30,710.131073442786,717.5180124869204,702.2516717957093,709.6386108398438,2122634,0.0,0.0,HDFCLIFE.NS,294
2021-03-05 00:00:00+05:30,712.1008806251906,713.8244996308532,700.5772443928912,706.4375610351562,2140241,0.0,0.0,HDFCLIFE.NS,295
2021-03-08 00:00:00+05:30,711.0174763772678,725.8405875812753,704.2214689248366,712.0516357421875,3203722,0.0,0.0,HDFCLIFE.NS,296
2021-03-09 00:00:00+05:30,720.965167165989,734.7541184505844,720.965167165989,729.0415649414062,5412952,0.0,0.0,HDFCLIFE.NS,297
2021-03-10 00:00:00+05:30,731.947053477761,734.7540657418799,714.169108754833,720.3248901367188,2422642,0.0,0.0,HDFCLIFE.NS,298
2021-03-12 00:00:00+05:30,728.6475433806913,728.6475433806913,699.2967887761944,700.084716796875,3271450,0.0,0.0,HDFCLIFE.NS,299
2021-03-15 00:00:00+05:30,701.2666721794634,704.2214474835903,685.0154080067651,693.5350341796875,2394116,0.0,0.0,HDFCLIFE.NS,300
2021-03-16 00:00:00+05:30,697.0314635728332,699.8877101228408,689.4475287337511,692.4515380859375,1619213,0.0,0.0,HDFCLIFE.NS,301
2021-03-17 00:00:00+05:30,695.8496294755392,696.440560528857,677.1360513297002,679.4013671875,2100094,0.0,0.0,HDFCLIFE.NS,302
2021-03-18 00:00:00+05:30,684.6213632974286,688.7088262119224,664.9228627264762,670.586181640625,2124421,0.0,0.0,HDFCLIFE.NS,303
2021-03-19 00:00:00+05:30,669.6997924400747,679.5982770612164,663.6917136318057,678.0716552734375,3146999,0.0,0.0,HDFCLIFE.NS,304
2021-03-22 00:00:00+05:30,679.0565736773636,684.2766643112072,668.0254013228878,669.6012573242188,2585880,0.0,0.0,HDFCLIFE.NS,305
2021-03-23 00:00:00+05:30,673.5410099424921,679.0566266071773,670.3892976941664,673.2455444335938,2207365,0.0,0.0,HDFCLIFE.NS,306
2021-03-24 00:00:00+05:30,668.9610673168017,676.4957074447641,664.8736045495369,666.3017578125,1735370,0.0,0.0,HDFCLIFE.NS,307
2021-03-25 00:00:00+05:30,666.3017952846086,667.335954562483,652.0203820819082,656.9450073242188,2743208,0.0,0.0,HDFCLIFE.NS,308
2021-03-26 00:00:00+05:30,662.2636783607874,666.5973128434846,656.5018303081986,661.57421875,1761492,0.0,0.0,HDFCLIFE.NS,309
2021-03-30 00:00:00+05:30,665.3169302515704,682.8485856726413,664.8244676829164,677.3822631835938,3467882,0.0,0.0,HDFCLIFE.NS,310
2021-03-31 00:00:00+05:30,677.6284365260249,687.2806900232974,670.7339611543938,685.704833984375,2368424,0.0,0.0,HDFCLIFE.NS,311
2021-04-01 00:00:00+05:30,689.2505809101242,693.7319781438227,672.014391461239,680.583251953125,3443437,0.0,0.0,HDFCLIFE.NS,312
2021-04-05 00:00:00+05:30,687.3792075197614,687.4776759774617,665.9077936163882,671.8666381835938,2074674,0.0,0.0,HDFCLIFE.NS,313
2021-04-06 00:00:00+05:30,676.1019133711528,690.4817971985092,670.2908306639665,686.640625,1427470,0.0,0.0,HDFCLIFE.NS,314
2021-04-07 00:00:00+05:30,693.830434763759,694.3721314958162,684.7198784285301,689.2997436523438,2890361,0.0,0.0,HDFCLIFE.NS,315
2021-04-08 00:00:00+05:30,689.4475180762645,695.3570682312038,686.7882084835312,690.8756713867188,1817393,0.0,0.0,HDFCLIFE.NS,316
2021-04-09 00:00:00+05:30,689.4475714269904,692.5993437765252,680.090782957624,684.3751831054688,1586783,0.0,0.0,HDFCLIFE.NS,317
2021-04-12 00:00:00+05:30,674.6736492852191,679.5982744624835,669.3550300477522,676.93896484375,3457470,0.0,0.0,HDFCLIFE.NS,318
2021-04-13 00:00:00+05:30,678.7611941672008,699.9863192204585,674.6737307306188,695.4556274414062,4171978,0.0,0.0,HDFCLIFE.NS,319
2021-04-15 00:00:00+05:30,702.3993113115014,702.9410080566264,677.6284226861814,683.981201171875,2566125,0.0,0.0,HDFCLIFE.NS,320
2021-04-16 00:00:00+05:30,684.0305242492451,690.7280033203939,678.711904334328,680.2385864257812,2784995,0.0,0.0,HDFCLIFE.NS,321
2021-04-19 00:00:00+05:30,671.7681588882539,674.1320031969955,651.5771941442015,655.910888671875,4936620,0.0,0.0,HDFCLIFE.NS,322
2021-04-20 00:00:00+05:30,659.9982619546315,678.6133697275785,659.9982619546315,674.8706665039062,5373233,0.0,0.0,HDFCLIFE.NS,323
2021-04-22 00:00:00+05:30,661.8696447952484,672.5068234921611,661.8696447952484,668.8133544921875,2526780,0.0,0.0,HDFCLIFE.NS,324
2021-04-23 00:00:00+05:30,668.7641206997714,680.9772155803697,666.1540452253923,676.0032958984375,3140377,0.0,0.0,HDFCLIFE.NS,325
2021-04-26 00:00:00+05:30,682.5531008449442,697.4747402990495,676.8405472331785,693.8305053710938,3274660,0.0,0.0,HDFCLIFE.NS,326
2021-04-27 00:00:00+05:30,700.3309506598922,708.1611168961499,666.7942644488087,668.5178833007812,10860187,0.0,0.0,HDFCLIFE.NS,327
2021-04-28 00:00:00+05:30,672.2114153623116,672.2114153623116,661.0325389477318,662.4606323242188,4011121,0.0,0.0,HDFCLIFE.NS,328
2021-04-29 00:00:00+05:30,667.7792726733859,671.0787479834905,662.0174844109457,664.4797973632812,3939217,0.0,0.0,HDFCLIFE.NS,329
2021-04-30 00:00:00+05:30,659.8998265393827,667.7792274532858,650.7400349999821,655.0736694335938,2742166,0.0,0.0,HDFCLIFE.NS,330
2021-05-03 00:00:00+05:30,650.0506067633746,664.3320216089336,647.2435940983754,661.771240234375,4908079,0.0,0.0,HDFCLIFE.NS,331
2021-05-04 00:00:00+05:30,666.7942537114147,670.5861910786708,655.4676157237024,657.7821655273438,4118750,0.0,0.0,HDFCLIFE.NS,332
2021-05-05 00:00:00+05:30,659.9490601955854,665.6123795975061,656.9450506227956,664.2335205078125,2249063,0.0,0.0,HDFCLIFE.NS,333
2021-05-06 00:00:00+05:30,661.8696654995366,669.6505978155689,658.9148902071279,661.6726684570312,2269126,0.0,0.0,HDFCLIFE.NS,334
2021-05-07 00:00:00+05:30,667.779274416194,670.2415873749557,660.9340323678236,662.5099487304688,1913550,0.0,0.0,HDFCLIFE.NS,335
2021-05-10 00:00:00+05:30,660.1460251891524,675.6093607413984,660.1460251891524,669.7982788085938,4342679,0.0,0.0,HDFCLIFE.NS,336
2021-05-11 00:00:00+05:30,667.7791643025489,671.226401876382,659.8012956776987,661.1309204101562,2430724,0.0,0.0,HDFCLIFE.NS,337
2021-05-12 00:00:00+05:30,661.1309740282081,663.7902838238471,655.0736606112005,658.7178955078125,2428984,0.0,0.0,HDFCLIFE.NS,338
2021-05-14 00:00:00+05:30,669.6505738266286,669.6505738266286,656.3540854871108,660.49072265625,1580599,0.0,0.0,HDFCLIFE.NS,339
2021-05-17 00:00:00+05:30,661.4756449842189,665.1198797222565,652.85755072571,656.2555541992188,2453864,0.0,0.0,HDFCLIFE.NS,340
2021-05-18 00:00:00+05:30,659.5057826795271,662.6575548302585,655.9600765818628,656.6495361328125,1809231,0.0,0.0,HDFCLIFE.NS,341
2021-05-19 00:00:00+05:30,657.9299364259522,661.4756425762379,654.9751612623626,656.1078491210938,2252486,0.0,0.0,HDFCLIFE.NS,342
2021-05-20 00:00:00+05:30,658.9148876404494,668.764138576779,655.664646854472,657.4375,4316905,0.0,0.0,HDFCLIFE.NS,343
2021-05-21 00:00:00+05:30,658.914909695362,664.7259919883253,656.9450594421621,660.5892944335938,1629616,0.0,0.0,HDFCLIFE.NS,344
2021-05-24 00:00:00+05:30,660.5892854528623,663.1500667011846,657.2897502545744,660.1460571289062,1785392,0.0,0.0,HDFCLIFE.NS,345
2021-05-25 00:00:00+05:30,663.5440265407013,663.8394920364009,647.1942344363505,649.21337890625,3425396,0.0,0.0,HDFCLIFE.NS,346
2021-05-26 00:00:00+05:30,653.497806673622,656.3541135219864,647.2435563076217,648.5731811523438,1938680,0.0,0.0,HDFCLIFE.NS,347
2021-05-27 00:00:00+05:30,651.084775254689,656.9450920720473,647.4405400822515,654.03955078125,3565457,0.0,0.0,HDFCLIFE.NS,348
2021-05-28 00:00:00+05:30,654.9751954297401,664.2335154713114,652.759113941444,658.8656616210938,3030073,0.0,0.0,HDFCLIFE.NS,349
2021-05-31 00:00:00+05:30,660.5892001757192,660.5892001757192,652.4635690406963,655.861572265625,3123672,0.0,0.0,HDFCLIFE.NS,350
2021-06-01 00:00:00+05:30,658.5209106501669,660.8355207493188,653.6455794021807,655.221435546875,1731330,0.0,0.0,HDFCLIFE.NS,351
2021-06-02 00:00:00+05:30,653.9902441279738,667.7299608280712,652.9068506008924,665.7108764648438,4979822,0.0,0.0,HDFCLIFE.NS,352
2021-06-03 00:00:00+05:30,669.5028638033057,672.9993360267104,666.4003255667993,668.2224731445312,2861563,0.0,0.0,HDFCLIFE.NS,353
2021-06-04 00:00:00+05:30,668.5178851198106,678.3671357293105,667.385197253696,670.635498046875,2532605,0.0,0.0,HDFCLIFE.NS,354
2021-06-07 00:00:00+05:30,672.0143814153097,674.1812286509319,664.8244402328401,669.8475341796875,1746210,0.0,0.0,HDFCLIFE.NS,355
2021-06-08 00:00:00+05:30,673.7380055601043,681.5681721621462,670.73399601506,679.3028564453125,3425861,0.0,0.0,HDFCLIFE.NS,356
2021-06-09 00:00:00+05:30,684.5229143381549,686.3942959917199,671.2264260740325,674.5751953125,3041695,0.0,0.0,HDFCLIFE.NS,357
2021-06-10 00:00:00+05:30,678.6133878678138,681.2726976371866,673.9349936844,678.859619140625,2217208,0.0,0.0,HDFCLIFE.NS,358
2021-06-11 00:00:00+05:30,678.8596517052737,679.7461083759399,671.2757161158771,672.3098754882812,1716481,0.0,0.0,HDFCLIFE.NS,359
2021-06-14 00:00:00+05:30,672.3098584472015,674.6737027656885,664.1349920279428,671.4234619140625,1151855,0.0,0.0,HDFCLIFE.NS,360
2021-06-15 00:00:00+05:30,671.0787502300027,683.5380778565542,670.0445908095722,682.1099243164062,2613877,0.0,0.0,HDFCLIFE.NS,361
2021-06-16 00:00:00+05:30,685.7048770754895,687.5761987249259,679.5983293395716,681.7159423828125,3092360,0.0,0.0,HDFCLIFE.NS,362
2021-06-17 00:00:00+05:30,675.6093309358474,693.239452762493,672.0143305591436,689.7429809570312,3796926,0.0,0.0,HDFCLIFE.NS,363
2021-06-18 00:00:00+05:30,693.3872884564294,700.2817643359676,682.1591179780147,698.5089111328125,6580504,0.0,0.0,HDFCLIFE.NS,364
2021-06-21 00:00:00+05:30,696.5882182617187,709.1460122282608,693.978142920691,707.9148559570312,6100487,0.0,0.0,HDFCLIFE.NS,365
2021-06-22 00:00:00+05:30,709.1460136357691,713.0857137115233,702.4977697579337,705.9450073242188,2451368,0.0,0.0,HDFCLIFE.NS,366
2021-06-23 00:00:00+05:30,710.1309992605201,712.741074829484,705.551073485563,706.9299926757812,1893116,0.0,0.0,HDFCLIFE.NS,367
2021-06-24 00:00:00+05:30,704.2214437987143,711.5591477885795,701.315902741848,708.7520751953125,1652982,0.0,0.0,HDFCLIFE.NS,368
2021-06-25 00:00:00+05:30,711.1159424128118,720.47273112877,707.4717074162164,715.0064086914062,2833717,0.0,0.0,HDFCLIFE.NS,369
2021-06-28 00:00:00+05:30,717.0254386496309,717.0254386496309,683.7349838781947,685.704833984375,7428147,0.0,0.0,HDFCLIFE.NS,370
2021-06-29 00:00:00+05:30,669.9952803109566,691.90986316567,669.7982832735211,676.1510620117188,30820343,0.0,0.0,HDFCLIFE.NS,371
2021-06-30 00:00:00+05:30,681.6039030840319,687.185176552358,676.6647443660316,677.9489135742188,3432606,2.02,0.0,HDFCLIFE.NS,372
2021-07-01 00:00:00+05:30,681.1100088043713,684.1722631896233,674.4915238539429,677.4056396484375,2556547,0.0,0.0,HDFCLIFE.NS,373
2021-07-02 00:00:00+05:30,680.9617418276181,681.6532360594056,670.5895092281862,679.13427734375,7942326,0.0,0.0,HDFCLIFE.NS,374
2021-07-05 00:00:00+05:30,681.6038623124716,682.5916939969824,668.515092492703,669.651123046875,6776797,0.0,0.0,HDFCLIFE.NS,375
2021-07-06 00:00:00+05:30,670.3425952960265,678.6404060370461,666.7864251455693,671.7749633789062,6442552,0.0,0.0,HDFCLIFE.NS,376
2021-07-07 00:00:00+05:30,671.7255676995403,677.4549796008379,669.7499042651299,676.8623046875,3025732,0.0,0.0,HDFCLIFE.NS,377
2021-07-08 00:00:00+05:30,676.9610312691236,680.9123579484034,670.1450289228421,673.0097045898438,3568036,0.0,0.0,HDFCLIFE.NS,378
2021-07-09 00:00:00+05:30,671.7255820069521,675.6275294315147,668.7620867922155,674.93603515625,2570371,0.0,0.0,HDFCLIFE.NS,379
2021-07-12 00:00:00+05:30,676.1707754614993,678.2946376606487,671.8242920135721,674.6396484375,1383135,0.0,0.0,HDFCLIFE.NS,380
2021-07-13 00:00:00+05:30,678.1465219996785,686.0985558291638,675.2324061685717,684.9625854492188,3119430,0.0,0.0,HDFCLIFE.NS,381
2021-07-14 00:00:00+05:30,687.5309308619281,688.5681421905107,679.6282764842048,680.1221923828125,2303846,0.0,0.0,HDFCLIFE.NS,382
2021-07-15 00:00:00+05:30,681.6038628877578,690.9882638985313,679.7269585686187,685.20947265625,2774718,0.0,0.0,HDFCLIFE.NS,383
2021-07-16 00:00:00+05:30,687.4814878229885,693.4578575855681,683.727739398824,689.5065307617188,2000951,0.0,0.0,HDFCLIFE.NS,384
2021-07-19 00:00:00+05:30,688.0247363244426,688.0247363244426,668.7620193706356,670.4413452148438,2866929,0.0,0.0,HDFCLIFE.NS,385
2021-07-20 00:00:00+05:30,670.4414489812435,673.2073659390808,653.8952664728362,655.3770141601562,3629414,0.0,0.0,HDFCLIFE.NS,386
2021-07-22 00:00:00+05:30,655.920239280683,661.2545545002514,653.0555032752738,654.0433349609375,4062964,0.0,0.0,HDFCLIFE.NS,387
2021-07-23 00:00:00+05:30,654.0433312196451,659.822182723198,653.7469937741334,657.2537841796875,2796725,0.0,0.0,HDFCLIFE.NS,388
2021-07-26 00:00:00+05:30,656.9080933485392,657.303250153253,652.3146517367107,655.0311889648438,2503714,0.0,0.0,HDFCLIFE.NS,389
2021-07-27 00:00:00+05:30,657.8959504599883,666.5888578670325,654.8336961288876,660.6124877929688,3512513,0.0,0.0,HDFCLIFE.NS,390
2021-07-28 00:00:00+05:30,666.2431701948653,666.2431701948653,653.1050193010071,656.7599487304688,2686658,0.0,0.0,HDFCLIFE.NS,391
2021-07-29 00:00:00+05:30,657.9453227197642,661.7978906482286,652.9567844582659,654.5867309570312,1981009,0.0,0.0,HDFCLIFE.NS,392
2021-07-30 00:00:00+05:30,656.4142629525647,663.8230018120745,653.3025685145822,655.9697265625,2640763,0.0,0.0,HDFCLIFE.NS,393
2021-08-02 00:00:00+05:30,660.8594444111608,663.2796442705617,657.3032742084456,662.1929931640625,2613866,0.0,0.0,HDFCLIFE.NS,394
2021-08-03 00:00:00+05:30,663.822928113212,666.7864233280031,658.4886126096021,665.6010131835938,2936646,0.0,0.0,HDFCLIFE.NS,395
2021-08-04 00:00:00+05:30,667.7741968517139,671.3798064990359,664.4649849340034,667.0827026367188,3077649,0.0,0.0,HDFCLIFE.NS,396
2021-08-05 00:00:00+05:30,669.7499638985483,669.7499638985483,660.069224266473,661.3533935546875,1985164,0.0,0.0,HDFCLIFE.NS,397
2021-08-06 00:00:00+05:30,661.8966600391601,667.2803552003056,660.859448747601,665.2059326171875,1749643,0.0,0.0,HDFCLIFE.NS,398
2021-08-09 00:00:00+05:30,665.9467486291788,669.7004969402577,657.8958963511408,658.8837280273438,1468932,0.0,0.0,HDFCLIFE.NS,399
2021-08-10 00:00:00+05:30,663.6747428899736,666.3419006966528,655.2287934125443,662.1436157226562,2024406,0.0,0.0,HDFCLIFE.NS,400
2021-08-11 00:00:00+05:30,661.452080174437,663.7241413114386,653.3024686744307,658.5380249023438,1361893,0.0,0.0,HDFCLIFE.NS,401
2021-08-12 00:00:00+05:30,658.3898700903866,667.6755127802907,657.3032792679891,666.737060546875,1822952,0.0,0.0,HDFCLIFE.NS,402
2021-08-13 00:00:00+05:30,666.7864293860109,669.9475030356673,660.4642820866983,662.3411865234375,1358720,0.0,0.0,HDFCLIFE.NS,403
2021-08-16 00:00:00+05:30,661.8473349914453,667.2804101294348,657.896007618362,665.3541259765625,1058059,0.0,0.0,HDFCLIFE.NS,404
2021-08-17 00:00:00+05:30,664.8107477125494,668.3175382608614,659.9703481664534,661.2545776367188,2151413,0.0,0.0,HDFCLIFE.NS,405
2021-08-18 00:00:00+05:30,660.8100379642128,666.9346066571557,660.3655016338649,662.8844604492188,1968944,0.0,0.0,HDFCLIFE.NS,406
2021-08-20 00:00:00+05:30,655.9202606750067,666.5888311696617,648.0176069319343,659.723388671875,4035337,0.0,0.0,HDFCLIFE.NS,407
2021-08-23 00:00:00+05:30,661.8472753980586,664.6131922516769,654.2409588312595,660.661865234375,2173978,0.0,0.0,HDFCLIFE.NS,408
2021-08-24 00:00:00+05:30,662.8350788363975,667.2309420138499,659.9703427542477,662.933837890625,3051984,0.0,0.0,HDFCLIFE.NS,409
2021-08-25 00:00:00+05:30,666.8851983264457,683.5795792191601,664.8107757434896,679.1837158203125,7608915,0.0,0.0,HDFCLIFE.NS,410
2021-08-26 00:00:00+05:30,684.9624960666627,693.4578242121063,681.6038443110447,690.3461303710938,7671524,0.0,0.0,HDFCLIFE.NS,411
2021-08-27 00:00:00+05:30,691.8279793701911,698.3970849795605,690.3462316651426,695.5323486328125,3396769,0.0,0.0,HDFCLIFE.NS,412
2021-08-30 00:00:00+05:30,700.3726119517696,704.5215167749964,697.5078761638981,703.6818237304688,3023655,0.0,0.0,HDFCLIFE.NS,413
2021-08-31 00:00:00+05:30,703.681919808734,710.2510250334705,695.5323079081413,709.0162353515625,3854510,0.0,0.0,HDFCLIFE.NS,414
2021-09-01 00:00:00+05:30,711.2388867044608,715.7828888080857,698.6934109499304,709.8065185546875,4991772,0.0,0.0,HDFCLIFE.NS,415
2021-09-02 00:00:00+05:30,713.6591026901522,766.2117670036175,711.2389026988636,749.7643432617188,16281725,0.0,0.0,HDFCLIFE.NS,416
2021-09-03 00:00:00+05:30,729.9583066270794,738.6512142413698,718.3512832003511,725.4636840820312,15600504,0.0,0.0,HDFCLIFE.NS,417
2021-09-06 00:00:00+05:30,730.9955144694494,734.6998836306121,719.833027455639,727.0935668945312,8084343,0.0,0.0,HDFCLIFE.NS,418
2021-09-07 00:00:00+05:30,728.0320281410932,734.3541757046244,721.7098805775621,725.3154907226562,2891731,0.0,0.0,HDFCLIFE.NS,419
2021-09-08 00:00:00+05:30,730.0076326567663,737.9102863255811,724.9202752404817,734.60107421875,3070612,0.0,0.0,HDFCLIFE.NS,420
2021-09-09 00:00:00+05:30,733.5144224853459,737.0706528085008,726.0563051507928,728.377685546875,2867987,0.0,0.0,HDFCLIFE.NS,421
2021-09-13 00:00:00+05:30,727.9825623994136,733.6625945107648,714.6468348336324,725.95751953125,2883674,0.0,0.0,HDFCLIFE.NS,422
2021-09-14 00:00:00+05:30,728.8222726264139,734.9468416990661,727.1429465479092,730.2052612304688,1974670,0.0,0.0,HDFCLIFE.NS,423
2021-09-15 00:00:00+05:30,731.8845558469664,742.8494639775213,730.9954831693693,737.2188110351562,3172198,0.0,0.0,HDFCLIFE.NS,424
2021-09-16 00:00:00+05:30,737.910268260475,746.9983318156156,734.4528573650109,745.9611206054688,3209102,0.0,0.0,HDFCLIFE.NS,425
2021-09-17 00:00:00+05:30,749.7642911645091,750.3569660919221,730.9954880918798,738.6511840820312,11661592,0.0,0.0,HDFCLIFE.NS,426
2021-09-20 00:00:00+05:30,730.0569855343747,737.8115003393132,718.1536259387243,721.2653198242188,1447672,0.0,0.0,HDFCLIFE.NS,427
2021-09-21 00:00:00+05:30,720.8208083242491,728.7234619766077,715.4371134650874,726.8465576171875,1850978,0.0,0.0,HDFCLIFE.NS,428
2021-09-22 00:00:00+05:30,724.4758432124605,731.0448882982091,722.1050228508202,724.1300659179688,1150957,0.0,0.0,HDFCLIFE.NS,429
2021-09-23 00:00:00+05:30,724.8215198675681,726.8959423491817,713.4120756337671,715.832275390625,2336977,0.0,0.0,HDFCLIFE.NS,430
2021-09-24 00:00:00+05:30,720.030576274925,722.4013362651468,711.9797235119148,716.96826171875,2219394,0.0,0.0,HDFCLIFE.NS,431
2021-09-27 00:00:00+05:30,720.5244953036515,721.3641281657015,709.559526813706,712.2266845703125,1906863,0.0,0.0,HDFCLIFE.NS,432
2021-09-28 00:00:00+05:30,713.2145131815505,724.4263792648565,712.7205973136962,716.96826171875,2407512,0.0,0.0,HDFCLIFE.NS,433
2021-09-29 00:00:00+05:30,715.881629856053,729.0197791287428,712.2266405851267,725.809326171875,5200234,0.0,0.0,HDFCLIFE.NS,434
2021-09-30 00:00:00+05:30,730.995494855355,730.995494855355,711.9303541426204,713.6096801757812,3235673,0.0,0.0,HDFCLIFE.NS,435
2021-10-01 00:00:00+05:30,711.2388910704259,721.6111248985362,705.608237790958,720.5739135742188,1852758,0.0,0.0,HDFCLIFE.NS,436
2021-10-04 00:00:00+05:30,716.5731327495637,724.4263464588381,716.1779759561894,717.8079223632812,1615207,0.0,0.0,HDFCLIFE.NS,437
2021-10-05 00:00:00+05:30,715.3877152002854,726.9947374481673,713.2638529698587,724.2288208007812,2236948,0.0,0.0,HDFCLIFE.NS,438
2021-10-06 00:00:00+05:30,727.0441638314247,732.674816832634,715.1901828993906,716.8201293945312,1939154,0.0,0.0,HDFCLIFE.NS,439
2021-10-07 00:00:00+05:30,721.1171230482591,723.438503368485,710.5473120628952,716.523681640625,2453970,0.0,0.0,HDFCLIFE.NS,440
2021-10-08 00:00:00+05:30,720.1293567531629,722.5495566361352,711.5352083383561,713.3132934570312,1573419,0.0,0.0,HDFCLIFE.NS,441
2021-10-11 00:00:00+05:30,716.0792739333833,716.0792739333833,706.2009562369232,708.5717163085938,3007329,0.0,0.0,HDFCLIFE.NS,442
2021-10-12 00:00:00+05:30,708.1765478482399,709.2137590425276,690.494336850534,694.8408203125,3241303,0.0,0.0,HDFCLIFE.NS,443
2021-10-13 00:00:00+05:30,695.7298685289147,701.1629429904094,691.4822041902388,692.3712768554688,3092746,0.0,0.0,HDFCLIFE.NS,444
2021-10-14 00:00:00+05:30,693.9518144235631,694.1493928349171,684.567412662675,685.357666015625,4077281,0.0,0.0,HDFCLIFE.NS,445
2021-10-18 00:00:00+05:30,691.4822209510902,697.4585909451031,680.6654512934336,695.0383911132812,4597120,0.0,0.0,HDFCLIFE.NS,446
2021-10-19 00:00:00+05:30,699.3849063043464,700.4221176238467,690.0498838439094,694.2481689453125,2137420,0.0,0.0,HDFCLIFE.NS,447
2021-10-20 00:00:00+05:30,694.8408203125,700.8665693783317,686.8393476155799,694.8408203125,2606119,0.0,0.0,HDFCLIFE.NS,448
2021-10-21 00:00:00+05:30,698.347710341908,702.3484171150824,682.5917809093136,686.0985717773438,3427729,0.0,0.0,HDFCLIFE.NS,449
2021-10-22 00:00:00+05:30,691.4822313693223,693.4578948875204,669.7499326691436,682.3447875976562,3533890,0.0,0.0,HDFCLIFE.NS,450
2021-10-25 00:00:00+05:30,682.3447731930913,685.110690001686,668.2681709230927,674.93603515625,2786630,0.0,0.0,HDFCLIFE.NS,451
2021-10-26 00:00:00+05:30,676.6647212014316,686.5430382992628,675.7756485456417,681.6532592773438,2616174,0.0,0.0,HDFCLIFE.NS,452
2021-10-27 00:00:00+05:30,681.5051562338916,691.4328533764057,679.9739687699129,685.4070434570312,2103049,0.0,0.0,HDFCLIFE.NS,453
2021-10-28 00:00:00+05:30,685.4069710741855,687.2344958150625,671.9231051319708,674.7877807617188,1471621,0.0,0.0,HDFCLIFE.NS,454
2021-10-29 00:00:00+05:30,674.1951479451079,680.6160541160137,667.2803259149017,672.1701049804688,2021722,0.0,0.0,HDFCLIFE.NS,455
2021-11-01 00:00:00+05:30,672.1701687422374,685.0119823022177,672.0713493855253,681.4063720703125,1575508,0.0,0.0,HDFCLIFE.NS,456
2021-11-02 00:00:00+05:30,685.5551672670756,689.1607769179567,682.8386302209884,684.2216186523438,1898373,0.0,0.0,HDFCLIFE.NS,457
2021-11-03 00:00:00+05:30,686.5924528678913,690.0004844990714,677.4550090860496,683.8759155273438,1256308,0.0,0.0,HDFCLIFE.NS,458
2021-11-04 00:00:00+05:30,691.3834363677325,691.3834363677325,686.5430368827969,687.926025390625,409164,0.0,0.0,HDFCLIFE.NS,459
2021-11-08 00:00:00+05:30,693.9517531952653,696.3719528627659,683.5795205852293,694.692626953125,2429656,0.0,0.0,HDFCLIFE.NS,460
2021-11-09 00:00:00+05:30,701.064212989559,701.3111709298616,690.2968226753786,697.853759765625,2647708,0.0,0.0,HDFCLIFE.NS,461
2021-11-10 00:00:00+05:30,696.915244500011,699.384823679671,692.0748451908936,697.903076171875,2077910,0.0,0.0,HDFCLIFE.NS,462
2021-11-11 00:00:00+05:30,697.4091890489757,698.2982617072414,691.6303976476372,694.050537109375,1102633,0.0,0.0,HDFCLIFE.NS,463
2021-11-12 00:00:00+05:30,700.2244597352947,713.2144703976094,696.2237535041604,711.8314819335938,5345270,0.0,0.0,HDFCLIFE.NS,464
2021-11-15 00:00:00+05:30,715.1407421751318,715.1407421751318,702.5458885126037,705.9044799804688,1917369,0.0,0.0,HDFCLIFE.NS,465
2021-11-16 00:00:00+05:30,709.2631706704168,710.6461591870379,702.5953066007437,704.9166870117188,1900114,0.0,0.0,HDFCLIFE.NS,466
2021-11-17 00:00:00+05:30,705.5094602974094,713.6096928481445,699.7800481052926,702.3977661132812,2453920,0.0,0.0,HDFCLIFE.NS,467
2021-11-18 00:00:00+05:30,702.3977147436432,706.2996619977877,693.7541874115024,695.9274291992188,1708655,0.0,0.0,HDFCLIFE.NS,468
2021-11-22 00:00:00+05:30,698.2983073176408,701.1136037652627,675.9732729807025,680.4678955078125,2109072,0.0,0.0,HDFCLIFE.NS,469
2021-11-23 00:00:00+05:30,680.4184461517367,690.8894980894495,677.6525295183172,686.9381713867188,2081366,0.0,0.0,HDFCLIFE.NS,470
2021-11-24 00:00:00+05:30,689.9017407129625,695.8781109359777,674.5409082678383,678.8380126953125,2093430,0.0,0.0,HDFCLIFE.NS,471
2021-11-25 00:00:00+05:30,681.6038671195154,686.0491097311644,677.1586245078664,680.41845703125,1943112,0.0,0.0,HDFCLIFE.NS,472
2021-11-26 00:00:00+05:30,676.6647412205939,680.6160681766265,658.9825289753619,662.4893798828125,2236662,0.0,0.0,HDFCLIFE.NS,473
2021-11-29 00:00:00+05:30,661.4520929140949,677.6525571734185,650.7835224398282,675.3311767578125,4901166,0.0,0.0,HDFCLIFE.NS,474
2021-11-30 00:00:00+05:30,673.7012793445929,681.3569757007814,664.4650762447588,672.515869140625,11535239,0.0,0.0,HDFCLIFE.NS,475
2021-12-01 00:00:00+05:30,671.7255976800922,686.5430740995059,669.7993136870753,685.4070434570312,3209799,0.0,0.0,HDFCLIFE.NS,476
2021-12-02 00:00:00+05:30,687.5308893020591,698.1500804802159,685.5552258270532,696.7177124023438,2331496,0.0,0.0,HDFCLIFE.NS,477
2021-12-03 00:00:00+05:30,698.6440038337445,698.6440038337445,679.7764415622901,682.5423583984375,1878712,0.0,0.0,HDFCLIFE.NS,478
2021-12-06 00:00:00+05:30,682.591755722358,685.3082931004137,674.1951856447314,675.87451171875,1393577,0.0,0.0,HDFCLIFE.NS,479
2021-12-07 00:00:00+05:30,679.6282312198681,687.7284634760396,675.5287054174719,685.9503784179688,2459318,0.0,0.0,HDFCLIFE.NS,480
2021-12-08 00:00:00+05:30,689.6053125998386,690.3461864037888,676.3684034780741,678.0477294921875,3678237,0.0,0.0,HDFCLIFE.NS,481
2021-12-09 00:00:00+05:30,681.5051445478371,681.9002410701004,672.9109963134514,674.8372802734375,1650779,0.0,0.0,HDFCLIFE.NS,482
2021-12-10 00:00:00+05:30,676.5659234743564,677.6525141760222,671.9724821694448,676.417724609375,1011025,0.0,0.0,HDFCLIFE.NS,483
2021-12-13 00:00:00+05:30,676.6647795304166,680.0234317501826,664.8107979911977,666.1937866210938,2026297,0.0,0.0,HDFCLIFE.NS,484
2021-12-14 00:00:00+05:30,669.7499638985483,669.7499638985483,657.5502652218086,661.3533935546875,2093071,0.0,0.0,HDFCLIFE.NS,485
2021-12-15 00:00:00+05:30,661.847240387178,667.0827363496587,657.006840930048,664.6625366210938,1981529,0.0,0.0,HDFCLIFE.NS,486
2021-12-16 00:00:00+05:30,665.9962150974337,669.206668464204,659.822266315183,661.3533935546875,1404782,0.0,0.0,HDFCLIFE.NS,487
2021-12-17 00:00:00+05:30,658.8837646478338,661.7978803130899,646.4371089528813,648.6102905273438,2377387,0.0,0.0,HDFCLIFE.NS,488
2021-12-20 00:00:00+05:30,646.0419903781001,646.0419903781001,619.3705320597381,625.8901977539062,2473370,0.0,0.0,HDFCLIFE.NS,489
2021-12-21 00:00:00+05:30,632.2123287671233,636.1142762922261,625.2975064212329,630.9775390625,1640601,0.0,0.0,HDFCLIFE.NS,490
2021-12-22 00:00:00+05:30,632.2617250187743,635.4721783357045,628.261018328478,632.1135864257812,1212183,0.0,0.0,HDFCLIFE.NS,491
2021-12-23 00:00:00+05:30,633.2495331986227,636.75632386326,629.0512482483961,632.7062377929688,2150523,0.0,0.0,HDFCLIFE.NS,492
2021-12-24 00:00:00+05:30,633.3977932842001,635.1758785529147,626.4335908111266,629.5946044921875,1183083,0.0,0.0,HDFCLIFE.NS,493
2021-12-27 00:00:00+05:30,627.2730708597414,634.5336090590093,622.4326718652584,631.9652709960938,1185438,0.0,0.0,HDFCLIFE.NS,494
2021-12-28 00:00:00+05:30,633.9410185668321,635.8179229881061,631.2244812843097,634.4843139648438,1217603,0.0,0.0,HDFCLIFE.NS,495
2021-12-29 00:00:00+05:30,637.1514379021362,638.8801433538086,631.3232068337988,636.9044799804688,1505964,0.0,0.0,HDFCLIFE.NS,496
2021-12-30 00:00:00+05:30,636.9045688369685,637.4972438146717,632.3111267361234,633.1014404296875,1280995,0.0,0.0,HDFCLIFE.NS,497
2021-12-31 00:00:00+05:30,637.4972126455818,647.0298134027774,634.3361991957555,641.6461181640625,1592842,0.0,0.0,HDFCLIFE.NS,498
2022-01-03 00:00:00+05:30,646.0420060740536,646.684120869861,638.4356890510793,642.5845947265625,1892087,0.0,0.0,HDFCLIFE.NS,499
2022-01-04 00:00:00+05:30,644.4614577305681,647.0297961632376,641.1521851930327,645.2023315429688,2293391,0.0,0.0,HDFCLIFE.NS,500
2022-01-05 00:00:00+05:30,647.0297801697702,650.2402332774828,642.7327362810481,645.597412109375,3326875,0.0,0.0,HDFCLIFE.NS,501
2022-01-06 00:00:00+05:30,643.078467393981,644.0169196122655,637.0527178533583,639.0283813476562,2548339,0.0,0.0,HDFCLIFE.NS,502
2022-01-07 00:00:00+05:30,639.1271092508981,654.8830369083887,638.1392775519014,652.2652587890625,2168995,0.0,0.0,HDFCLIFE.NS,503
2022-01-10 00:00:00+05:30,657.8959313548534,661.550920809762,651.9689409822871,654.883056640625,1480419,0.0,0.0,HDFCLIFE.NS,504
2022-01-11 00:00:00+05:30,654.8830597542917,657.7971754264848,648.2645750816321,650.1414794921875,1484964,0.0,0.0,HDFCLIFE.NS,505
2022-01-12 00:00:00+05:30,650.2896422354806,666.0455710279689,650.2896422354806,665.0577392578125,2091488,0.0,0.0,HDFCLIFE.NS,506
2022-01-13 00:00:00+05:30,665.6998441299627,668.1694235186441,660.2667694748634,662.1929931640625,1807858,0.0,0.0,HDFCLIFE.NS,507
2022-01-14 00:00:00+05:30,659.8716313743877,666.6382549743387,658.0935462225908,663.2796630859375,1292789,0.0,0.0,HDFCLIFE.NS,508
2022-01-17 00:00:00+05:30,662.8350833125552,667.3297055745874,659.8715881561652,665.94677734375,1255654,0.0,0.0,HDFCLIFE.NS,509
2022-01-18 00:00:00+05:30,669.749917491704,670.5401708225819,658.636810453678,660.9581909179688,979679,0.0,0.0,HDFCLIFE.NS,510
2022-01-19 00:00:00+05:30,656.9081229463258,659.278943296502,644.3132679575052,648.0670166015625,1945857,0.0,0.0,HDFCLIFE.NS,511
2022-01-20 00:00:00+05:30,646.6345992671157,652.561589398959,639.6703979206922,641.5473022460938,1429228,0.0,0.0,HDFCLIFE.NS,512
2022-01-21 00:00:00+05:30,637.1514437818598,639.0777276471346,625.6431804089701,633.6446533203125,2963518,0.0,0.0,HDFCLIFE.NS,513
2022-01-24 00:00:00+05:30,632.0641350040838,632.0641350040838,611.5666257413469,619.9631958007812,2628472,0.0,0.0,HDFCLIFE.NS,514
2022-01-25 00:00:00+05:30,619.5680366413015,625.7913641154494,609.4921415299641,623.1242065429688,1827902,0.0,0.0,HDFCLIFE.NS,515
2022-01-27 00:00:00+05:30,618.1851034752144,618.2839228267139,609.6403949249562,613.9374389648438,1914985,0.0,0.0,HDFCLIFE.NS,516
2022-01-28 00:00:00+05:30,613.7892198989969,625.1987245880812,611.5172189837441,612.9002075195312,1317526,0.0,0.0,HDFCLIFE.NS,517
2022-01-31 00:00:00+05:30,617.8887291224617,619.8643925249315,607.9610325835429,614.8758544921875,4374943,0.0,0.0,HDFCLIFE.NS,518
2022-02-01 00:00:00+05:30,618.6296079388941,630.7799259045905,610.0848395366053,616.3082275390625,4159628,0.0,0.0,HDFCLIFE.NS,519
2022-02-02 00:00:00+05:30,616.5057543292432,637.9417147810755,616.5057543292432,636.3118286132812,2989002,0.0,0.0,HDFCLIFE.NS,520
2022-02-03 00:00:00+05:30,638.1887467266139,639.4235365238144,623.3712691602078,626.6805419921875,2076930,0.0,0.0,HDFCLIFE.NS,521
2022-02-04 00:00:00+05:30,629.2489049646362,629.2489049646362,614.5301858963549,616.7528076171875,1909456,0.0,0.0,HDFCLIFE.NS,522
2022-02-07 00:00:00+05:30,612.5544252219632,616.1106555880882,592.6990317745027,595.9094848632812,3030728,0.0,0.0,HDFCLIFE.NS,523
2022-02-08 00:00:00+05:30,599.0212269847501,600.453534859216,586.7720885611002,593.1436157226562,1954492,0.0,0.0,HDFCLIFE.NS,524
2022-02-09 00:00:00+05:30,599.3669538108685,599.3669538108685,588.8465208630844,592.8966674804688,2644690,0.0,0.0,HDFCLIFE.NS,525
2022-02-10 00:00:00+05:30,592.8966159365533,604.0591024182506,583.2652565766548,598.8729858398438,6231536,0.0,0.0,HDFCLIFE.NS,526
2022-02-11 00:00:00+05:30,593.3905267017022,594.1807800197945,585.7842103935797,588.1055908203125,2557745,0.0,0.0,HDFCLIFE.NS,527
2022-02-14 00:00:00+05:30,580.8450621484222,582.6231472189551,548.2466147829496,550.5186157226562,7168038,0.0,0.0,HDFCLIFE.NS,528
2022-02-15 00:00:00+05:30,557.137079050533,567.5093119051971,544.88794184804,566.6202392578125,4282324,0.0,0.0,HDFCLIFE.NS,529
2022-02-16 00:00:00+05:30,569.9788856969229,585.6854337005299,569.2873914547429,579.215087890625,6991082,0.0,0.0,HDFCLIFE.NS,530
2022-02-17 00:00:00+05:30,578.9681320712243,588.1550150647064,574.1771724695385,585.3890380859375,3542326,0.0,0.0,HDFCLIFE.NS,531
2022-02-18 00:00:00+05:30,582.8207030997844,590.2294408510529,580.3017443228456,583.7591552734375,2613689,0.0,0.0,HDFCLIFE.NS,532
2022-02-21 00:00:00+05:30,576.4492180071311,582.2280700439492,569.5343956089486,574.9180908203125,2415405,0.0,0.0,HDFCLIFE.NS,533
2022-02-22 00:00:00+05:30,569.9789246218218,569.9789246218218,558.1249435205015,565.7806396484375,2952243,0.0,0.0,HDFCLIFE.NS,534
2022-02-23 00:00:00+05:30,565.7805996579543,570.966716023217,558.6188199154485,562.1256103515625,1929381,0.0,0.0,HDFCLIFE.NS,535
2022-02-24 00:00:00+05:30,552.1979079354634,553.1857396133444,522.6123371244362,526.4649047851562,5515851,0.0,0.0,HDFCLIFE.NS,536
2022-02-25 00:00:00+05:30,533.4291812138124,538.9116357400161,527.3539914218896,532.3425903320312,5087685,0.0,0.0,HDFCLIFE.NS,537
2022-02-28 00:00:00+05:30,525.5265260859376,526.0204419939131,513.9195022485131,516.8336181640625,10669560,0.0,0.0,HDFCLIFE.NS,538
2022-03-02 00:00:00+05:30,511.6967715035469,556.149193738411,502.8556665783438,553.9759521484375,41081069,0.0,0.0,HDFCLIFE.NS,539
2022-03-03 00:00:00+05:30,553.9266621993638,556.6431995529942,523.7977933681902,525.279541015625,5811568,0.0,0.0,HDFCLIFE.NS,540
2022-03-04 00:00:00+05:30,522.464214597701,522.464214597701,507.99245595520546,515.1542358398438,4687979,0.0,0.0,HDFCLIFE.NS,541
2022-03-07 00:00:00+05:30,498.8550386551949,513.6725150508937,491.9402163372021,497.373291015625,9156126,0.0,0.0,HDFCLIFE.NS,542
2022-03-08 00:00:00+05:30,493.91584583569625,508.6839416846759,491.0017302867733,506.8070373535156,7443036,0.0,0.0,HDFCLIFE.NS,543
2022-03-09 00:00:00+05:30,510.7090433299794,516.6360341616619,501.8185570824556,508.4370422363281,4515965,0.0,0.0,HDFCLIFE.NS,544
2022-03-10 00:00:00+05:30,517.6238227491251,523.3038551552463,509.5729700912898,514.9566650390625,5059007,0.0,0.0,HDFCLIFE.NS,545
2022-03-11 00:00:00+05:30,512.240163634055,517.8214373753076,508.48641488330793,512.4871215820312,2924919,0.0,0.0,HDFCLIFE.NS,546
2022-03-14 00:00:00+05:30,513.6725035466374,514.8085341618513,503.84356569912705,506.2143859863281,4517379,0.0,0.0,HDFCLIFE.NS,547
2022-03-15 00:00:00+05:30,506.2143502104221,513.4748888515933,496.6323709745006,498.55865478515625,4513513,0.0,0.0,HDFCLIFE.NS,548
2022-03-16 00:00:00+05:30,500.8800653693184,515.0060470140456,500.8800653693184,511.0053405761719,6339842,0.0,0.0,HDFCLIFE.NS,549
2022-03-17 00:00:00+05:30,516.6360143900894,526.415573005091,514.1664349713988,523.6990356445312,11303983,0.0,0.0,HDFCLIFE.NS,550
2022-03-21 00:00:00+05:30,526.3167504501798,527.7984980923777,513.9194739022844,515.993896484375,4064003,0.0,0.0,HDFCLIFE.NS,551
2022-03-22 00:00:00+05:30,517.1299020842936,524.04472407969,510.2150800888971,522.8593139648438,3457606,0.0,0.0,HDFCLIFE.NS,552
2022-03-23 00:00:00+05:30,525.4277241784794,527.5021467058424,517.7720282290968,519.4512939453125,2654149,0.0,0.0,HDFCLIFE.NS,553
2022-03-24 00:00:00+05:30,517.623843007779,519.5995065307095,512.6846842004529,515.993896484375,3192575,0.0,0.0,HDFCLIFE.NS,554
2022-03-25 00:00:00+05:30,517.7225886482728,521.5751565351202,511.5486402991355,513.2279663085938,2874297,0.0,0.0,HDFCLIFE.NS,555
2022-03-28 00:00:00+05:30,509.8199293493615,514.3639914615675,498.9538105164617,506.3625183105469,4968964,0.0,0.0,HDFCLIFE.NS,556
2022-03-29 00:00:00+05:30,510.7090563801461,519.303205364186,508.1407177377756,516.6360473632812,3428962,0.0,0.0,HDFCLIFE.NS,557
2022-03-30 00:00:00+05:30,519.5995256297577,536.7383832041703,519.5995256297577,535.701171875,6695548,0.0,0.0,HDFCLIFE.NS,558
2022-03-31 00:00:00+05:30,536.3432628427812,543.5544225878157,527.4033975284079,531.6510620117188,5976662,0.0,0.0,HDFCLIFE.NS,559
2022-04-01 00:00:00+05:30,531.4534998259941,544.6904698494277,529.8729930884798,543.6531982421875,3675121,0.0,0.0,HDFCLIFE.NS,560
2022-04-04 00:00:00+05:30,553.1857608969585,590.2788297700388,547.0611921999639,564.8421630859375,23976331,0.0,0.0,HDFCLIFE.NS,561
2022-04-05 00:00:00+05:30,565.0397642981263,568.6453743236583,560.1006055192966,562.7183837890625,4898169,0.0,0.0,HDFCLIFE.NS,562
2022-04-06 00:00:00+05:30,560.1005905756926,561.0884223051031,547.011820161005,549.0862426757812,5626902,0.0,0.0,HDFCLIFE.NS,563
2022-04-07 00:00:00+05:30,553.1857687416145,553.7290641345644,546.1227477558743,552.1979370117188,3159512,0.0,0.0,HDFCLIFE.NS,564
2022-04-08 00:00:00+05:30,552.1485160595474,559.9523499647737,547.0611589152707,557.9273071289062,3232920,0.0,0.0,HDFCLIFE.NS,565
2022-04-11 00:00:00+05:30,558.0755278292058,564.7433917666381,553.7784237829392,560.4957275390625,3034500,0.0,0.0,HDFCLIFE.NS,566
2022-04-12 00:00:00+05:30,559.6067304422373,565.8300588988114,553.6303599426103,555.4578247070312,4518691,0.0,0.0,HDFCLIFE.NS,567
2022-04-13 00:00:00+05:30,558.1249444864781,561.8293135870521,555.1614492060189,557.9767456054688,2313264,0.0,0.0,HDFCLIFE.NS,568
2022-04-18 00:00:00+05:30,553.6797013517752,569.8307265070486,548.4935846129762,567.311767578125,5765896,0.0,0.0,HDFCLIFE.NS,569
2022-04-19 00:00:00+05:30,569.880201501872,572.8436969640919,535.4048468410596,540.0476684570312,2958108,0.0,0.0,HDFCLIFE.NS,570
2022-04-20 00:00:00+05:30,541.3317764439213,553.926630731622,534.4169544820463,552.4942626953125,3278202,0.0,0.0,HDFCLIFE.NS,571
2022-04-21 00:00:00+05:30,553.6797093788033,568.6947644035015,550.2716776996912,564.0025634765625,3111307,0.0,0.0,HDFCLIFE.NS,572
2022-04-22 00:00:00+05:30,561.9775040992059,561.9775040992059,545.2831234842422,547.3081665039062,2703271,0.0,0.0,HDFCLIFE.NS,573
2022-04-25 00:00:00+05:30,545.2831190321181,545.2831190321181,529.4778112340856,533.4291381835938,3225681,0.0,0.0,HDFCLIFE.NS,574
2022-04-26 00:00:00+05:30,534.5157132745397,549.2344298460318,531.4040795686955,543.1592407226562,4153518,0.0,0.0,HDFCLIFE.NS,575
2022-04-27 00:00:00+05:30,545.2830664756576,551.6545926261203,530.7125497537085,540.9860229492188,4744055,0.0,0.0,HDFCLIFE.NS,576
2022-04-28 00:00:00+05:30,544.1965317718025,568.3489696735363,539.8500479821333,564.4470825195312,14954957,0.0,0.0,HDFCLIFE.NS,577
2022-04-29 00:00:00+05:30,568.3489703854486,586.7720565472255,566.2251683091152,575.313232421875,8916828,0.0,0.0,HDFCLIFE.NS,578
2022-05-02 00:00:00+05:30,570.4234903215144,578.6224822799624,567.7069528460215,572.7942504882812,3025011,0.0,0.0,HDFCLIFE.NS,579
2022-05-04 00:00:00+05:30,563.3603948984836,573.4856696158412,557.5322241634813,560.6932373046875,3587834,0.0,0.0,HDFCLIFE.NS,580
2022-05-05 00:00:00+05:30,563.5580124832027,570.3740756644027,556.6431902441449,562.817138671875,3860357,0.0,0.0,HDFCLIFE.NS,581
2022-05-06 00:00:00+05:30,548.2466453312339,566.7684914572891,548.2466453312339,559.0634155273438,3969111,0.0,0.0,HDFCLIFE.NS,582
2022-05-09 00:00:00+05:30,551.3582990275245,562.0762490801698,550.716184292082,556.9888916015625,2774773,0.0,0.0,HDFCLIFE.NS,583
2022-05-10 00:00:00+05:30,554.1736540749642,565.9288769147545,551.2101585986276,552.3955688476562,3953646,0.0,0.0,HDFCLIFE.NS,584
2022-05-11 00:00:00+05:30,552.6918594229976,568.6947456953468,552.6918594229976,556.6925659179688,4283207,0.0,0.0,HDFCLIFE.NS,585
2022-05-12 00:00:00+05:30,553.2844941887669,557.7791765207377,537.6767658629868,540.5908813476562,3079554,0.0,0.0,HDFCLIFE.NS,586
2022-05-13 00:00:00+05:30,548.2466863146491,558.9646379571448,541.3812427788811,544.0484008789062,3154166,0.0,0.0,HDFCLIFE.NS,587
2022-05-16 00:00:00+05:30,545.3818683503306,550.9631416838353,537.5780339398789,543.0111083984375,1260662,0.0,0.0,HDFCLIFE.NS,588
2022-05-17 00:00:00+05:30,543.1592907106897,550.0741133055678,535.898751103055,548.0984497070312,2057634,0.0,0.0,HDFCLIFE.NS,589
2022-05-18 00:00:00+05:30,548.2465925736861,551.7533830442686,540.887234362628,543.3074340820312,2377852,0.0,0.0,HDFCLIFE.NS,590
2022-05-19 00:00:00+05:30,535.8987288017704,540.7391285337404,519.0068298542216,522.2666625976562,3998270,0.0,0.0,HDFCLIFE.NS,591
2022-05-20 00:00:00+05:30,527.5021487803334,540.6896783828558,525.5264853017553,538.0719604492188,2607708,0.0,0.0,HDFCLIFE.NS,592
2022-05-23 00:00:00+05:30,537.3805207107564,549.4320812116608,536.0469718443632,544.4435424804688,3094798,0.0,0.0,HDFCLIFE.NS,593
2022-05-24 00:00:00+05:30,544.4434746718874,549.2344343799793,539.0104002310783,546.1721801757812,3835802,0.0,0.0,HDFCLIFE.NS,594
2022-05-25 00:00:00+05:30,550.9138623849702,564.5953100754427,549.8272111200843,562.1751098632812,5339885,0.0,0.0,HDFCLIFE.NS,595
2022-05-26 00:00:00+05:30,561.1872356003043,573.9302902583116,556.2975163010984,571.0161743164062,3444955,0.0,0.0,HDFCLIFE.NS,596
2022-05-27 00:00:00+05:30,574.918017158421,596.946650774556,570.3740157102349,590.8220825195312,8795852,0.0,0.0,HDFCLIFE.NS,597
2022-05-30 00:00:00+05:30,598.2803304665468,605.9360266181345,592.0075626055728,601.4907836914062,5399271,0.0,0.0,HDFCLIFE.NS,598
2022-05-31 00:00:00+05:30,601.2925949616623,601.7878936395549,590.4950595990971,593.3182983398438,5609885,1.7,0.0,HDFCLIFE.NS,599
2022-06-01 00:00:00+05:30,593.3183727512551,603.2738653332189,591.0400106394596,601.4412841796875,4893225,0.0,0.0,HDFCLIFE.NS,600
2022-06-02 00:00:00+05:30,598.320789282231,603.8185923895088,585.6411555088998,602.1841430664062,5252011,0.0,0.0,HDFCLIFE.NS,601
2022-06-03 00:00:00+05:30,607.2361603773385,611.6443305669468,594.6555622544298,597.0330200195312,3679222,0.0,0.0,HDFCLIFE.NS,602
2022-06-06 00:00:00+05:30,596.2901190644001,608.7221043847231,595.3985572168399,600.4010620117188,3348790,0.0,0.0,HDFCLIFE.NS,603
2022-06-07 00:00:00+05:30,601.2926091798772,601.4412229712649,587.4737636476582,599.6085815429688,1652408,0.0,0.0,HDFCLIFE.NS,604
2022-06-08 00:00:00+05:30,596.6367785400232,603.1747574004995,590.445545032715,594.3088989257812,2129427,0.0,0.0,HDFCLIFE.NS,605
2022-06-09 00:00:00+05:30,589.9007624298711,601.1935971797865,586.4336714668073,599.21240234375,2320898,0.0,0.0,HDFCLIFE.NS,606
2022-06-10 00:00:00+05:30,596.14146328941,598.1226579566804,585.9878406196493,587.5232543945312,1988641,0.0,0.0,HDFCLIFE.NS,607
2022-06-13 00:00:00+05:30,576.0819290207756,584.4524894793009,574.1007341411848,576.5277099609375,2280937,0.0,0.0,HDFCLIFE.NS,608
2022-06-14 00:00:00+05:30,574.546521817295,579.1528241508556,564.7891611054232,567.0180053710938,4065780,0.0,0.0,HDFCLIFE.NS,609
2022-06-15 00:00:00+05:30,571.5746853438982,576.725803785871,565.7797148849697,574.298828125,2601467,0.0,0.0,HDFCLIFE.NS,610
2022-06-16 00:00:00+05:30,576.5276544195905,580.3414300108847,562.3126067124789,565.185302734375,2366283,0.0,0.0,HDFCLIFE.NS,611
2022-06-17 00:00:00+05:30,558.6969304124959,566.6217095672831,542.2530378508193,545.6210327148438,5050203,0.0,0.0,HDFCLIFE.NS,612
2022-06-20 00:00:00+05:30,545.8191660202519,553.19912872385,540.7175652386412,547.948974609375,1278783,0.0,0.0,HDFCLIFE.NS,613
2022-06-21 00:00:00+05:30,550.1778661038361,560.4800436476723,549.7816029262273,559.1427612304688,982122,0.0,0.0,HDFCLIFE.NS,614
2022-06-22 00:00:00+05:30,555.7251414742524,558.5483198801227,545.1752549783358,546.6116333007812,1215189,0.0,0.0,HDFCLIFE.NS,615
2022-06-23 00:00:00+05:30,547.89942970338,554.7345763464426,544.4819168431193,552.8524169921875,1592871,0.0,0.0,HDFCLIFE.NS,616
2022-06-24 00:00:00+05:30,552.9019392501389,559.9846740792107,552.9019392501389,556.1708984375,1021604,0.0,0.0,HDFCLIFE.NS,617
2022-06-27 00:00:00+05:30,558.9445907702155,567.1170194345563,551.3664963696833,552.7533569335938,2738127,0.0,0.0,HDFCLIFE.NS,618
2022-06-28 00:00:00+05:30,554.6850771635269,563.6499723645932,544.1847074824317,560.628662109375,2194297,0.0,0.0,HDFCLIFE.NS,619
2022-06-29 00:00:00+05:30,553.2486323050483,556.2699421976304,533.684334206526,536.1608276367188,4268386,0.0,0.0,HDFCLIFE.NS,620
2022-06-30 00:00:00+05:30,535.4178772527522,550.7721364524148,532.5451207018576,544.8285522460938,6228299,0.0,0.0,HDFCLIFE.NS,621
2022-07-01 00:00:00+05:30,544.7790413866448,561.9658817502933,535.4674018273457,560.13330078125,2052291,0.0,0.0,HDFCLIFE.NS,622
2022-07-04 00:00:00+05:30,560.1333825731106,570.0888756065655,557.8054421127221,568.900146484375,1488372,0.0,0.0,HDFCLIFE.NS,623
2022-07-05 00:00:00+05:30,575.5371132882136,575.7352448686908,557.9540087084102,559.5389404296875,2528269,0.0,0.0,HDFCLIFE.NS,624
2022-07-06 00:00:00+05:30,557.9540102105918,566.5227022838199,549.7815812993847,552.2085571289062,3309296,0.0,0.0,HDFCLIFE.NS,625
2022-07-07 00:00:00+05:30,558.4987614158032,560.3314027493007,546.0172592679182,549.38525390625,4548159,0.0,0.0,HDFCLIFE.NS,626
2022-07-08 00:00:00+05:30,552.7533718469831,553.5953554869734,538.3401911787108,540.2222900390625,3509988,0.0,0.0,HDFCLIFE.NS,627
2022-07-11 00:00:00+05:30,537.894366253796,543.936985962749,535.1207057392153,541.5100708007812,1848324,0.0,0.0,HDFCLIFE.NS,628
2022-07-12 00:00:00+05:30,541.411038539051,541.5101345634367,532.3966256899034,534.6749877929688,2088278,0.0,0.0,HDFCLIFE.NS,629
2022-07-13 00:00:00+05:30,537.3495816049046,540.6185409927722,533.486227489345,534.4273071289062,1169625,0.0,0.0,HDFCLIFE.NS,630
2022-07-14 00:00:00+05:30,535.7150705617182,538.3401778990233,527.5921596570338,532.0994262695312,1770641,0.0,0.0,HDFCLIFE.NS,631
2022-07-15 00:00:00+05:30,532.0498870607234,536.606671786059,528.9790590298903,534.8236083984375,1079168,0.0,0.0,HDFCLIFE.NS,632
2022-07-18 00:00:00+05:30,539.2812383787141,540.8166522269477,535.368366631672,537.646728515625,1543573,0.0,0.0,HDFCLIFE.NS,633
2022-07-19 00:00:00+05:30,535.913167329257,539.6774251738825,529.9695832183965,530.8611450195312,4654412,0.0,0.0,HDFCLIFE.NS,634
2022-07-20 00:00:00+05:30,534.9226095852387,536.0122425684049,517.0918559323974,520.2617797851562,9053768,0.0,0.0,HDFCLIFE.NS,635
2022-07-21 00:00:00+05:30,520.3608030010919,527.3445025905596,514.1695692407009,524.1250610351562,5528757,0.0,0.0,HDFCLIFE.NS,636
2022-07-22 00:00:00+05:30,525.0166779990508,531.9013427556326,523.5802995235912,529.9696655273438,2944287,0.0,0.0,HDFCLIFE.NS,637
2022-07-25 00:00:00+05:30,528.979011322007,530.9602061209658,521.0542321261717,521.7971801757812,3800562,0.0,0.0,HDFCLIFE.NS,638
2022-07-26 00:00:00+05:30,520.0636334297694,526.0072178118239,515.2096819999181,517.6366577148438,7812371,0.0,0.0,HDFCLIFE.NS,639
2022-07-27 00:00:00+05:30,520.0636785493481,527.5426774533747,515.1602089164854,516.3489379882812,8672870,0.0,0.0,HDFCLIFE.NS,640
2022-07-28 00:00:00+05:30,519.0731064806342,530.9602768580534,514.7640314033298,526.6016235351562,11504269,0.0,0.0,HDFCLIFE.NS,641
2022-07-29 00:00:00+05:30,534.9226551073076,554.7346052964672,529.1772016447061,550.2769165039062,14236016,0.0,0.0,HDFCLIFE.NS,642
2022-08-01 00:00:00+05:30,554.7345565849731,554.9326881617214,539.2812609788991,540.9157104492188,4482787,0.0,0.0,HDFCLIFE.NS,643
2022-08-02 00:00:00+05:30,539.8755897231531,539.8755897231531,529.622930689982,533.4367065429688,5856552,0.0,0.0,HDFCLIFE.NS,644
2022-08-03 00:00:00+05:30,534.9226477550212,535.46746428548,521.5495815611456,530.3163452148438,4152018,0.0,0.0,HDFCLIFE.NS,645
2022-08-04 00:00:00+05:30,531.257405635805,534.3282940381631,524.4223194394673,529.87060546875,4868831,0.0,0.0,HDFCLIFE.NS,646
2022-08-05 00:00:00+05:30,532.5451774844761,540.4204394898042,531.5050622297207,534.1796875,5466554,0.0,0.0,HDFCLIFE.NS,647
2022-08-08 00:00:00+05:30,535.9131637168141,538.2906215296382,530.7620454298711,531.703125,2560379,0.0,0.0,HDFCLIFE.NS,648
2022-08-10 00:00:00+05:30,533.337654494954,538.8354578711685,531.9507939760593,535.8141479492188,3597072,0.0,0.0,HDFCLIFE.NS,649
2022-08-11 00:00:00+05:30,538.5383598930915,540.3709411000303,534.1797066694618,536.4580688476562,2333537,0.0,0.0,HDFCLIFE.NS,650
2022-08-12 00:00:00+05:30,536.9038361706457,543.1941060076933,535.0712550102917,539.8261108398438,2904816,0.0,0.0,HDFCLIFE.NS,651
2022-08-16 00:00:00+05:30,542.5502186555121,567.5132857147078,540.8661909504092,565.23486328125,9780995,0.0,0.0,HDFCLIFE.NS,652
2022-08-17 00:00:00+05:30,566.6216926214101,586.1364727987012,564.6404978919646,583.8085327148438,8775717,0.0,0.0,HDFCLIFE.NS,653
2022-08-18 00:00:00+05:30,584.650605394541,593.3183327605102,577.5182919268614,581.2330322265625,7123366,0.0,0.0,HDFCLIFE.NS,654
2022-08-19 00:00:00+05:30,580.9853877618933,588.811131576953,568.4047884154605,571.22802734375,3992396,0.0,0.0,HDFCLIFE.NS,655
2022-08-22 00:00:00+05:30,571.2279951418332,571.2279951418332,560.2818458813299,561.322021484375,2575136,0.0,0.0,HDFCLIFE.NS,656
2022-08-23 00:00:00+05:30,554.7345701370937,565.9283091922489,554.7345701370937,560.529541015625,2725513,0.0,0.0,HDFCLIFE.NS,657
2022-08-24 00:00:00+05:30,562.5602681915573,568.8505372795372,557.8549307042646,561.322021484375,3475352,0.0,0.0,HDFCLIFE.NS,658
2022-08-25 00:00:00+05:30,564.1452501009236,574.2988740052862,563.0060388442187,565.6806640625,2146845,0.0,0.0,HDFCLIFE.NS,659
2022-08-26 00:00:00+05:30,569.4944815164238,576.0324003105052,559.0436303558771,561.5697021484375,4009744,0.0,0.0,HDFCLIFE.NS,660
2022-08-29 00:00:00+05:30,549.7815921802754,559.6875668141543,548.8900302787179,555.6756591796875,2582228,0.0,0.0,HDFCLIFE.NS,661
2022-08-30 00:00:00+05:30,558.2016245198337,571.0793904803622,556.8643422392082,569.7916259765625,3057037,0.0,0.0,HDFCLIFE.NS,662
2022-09-01 00:00:00+05:30,571.4261130194752,575.5371166083285,563.6994650264539,570.1878662109375,3491926,0.0,0.0,HDFCLIFE.NS,663
2022-09-02 00:00:00+05:30,569.593560097945,580.5891681170658,565.8788194886106,569.4449462890625,3282784,0.0,0.0,HDFCLIFE.NS,664
2022-09-05 00:00:00+05:30,568.6029715655876,573.4073453115539,564.6900993031514,568.2562866210938,1218242,0.0,0.0,HDFCLIFE.NS,665
2022-09-06 00:00:00+05:30,570.9804229489491,575.339015670387,566.2750848258903,568.107666015625,3339197,0.0,0.0,HDFCLIFE.NS,666
2022-09-07 00:00:00+05:30,564.6405431901344,573.0606214657768,563.5509101860298,571.5252075195312,3210212,0.0,0.0,HDFCLIFE.NS,667
2022-09-08 00:00:00+05:30,574.3978417679347,580.4900395759762,572.5652608786933,578.8555297851562,2397242,0.0,0.0,HDFCLIFE.NS,668
2022-09-09 00:00:00+05:30,580.49009910066,583.362855857509,569.5935272745385,570.5346069335938,1230807,0.0,0.0,HDFCLIFE.NS,669
2022-09-12 00:00:00+05:30,572.5652909500755,578.5088752851973,567.4141724340499,573.110107421875,2014300,0.0,0.0,HDFCLIFE.NS,670
2022-09-13 00:00:00+05:30,599.3114484613433,600.2030103377768,579.4994997518774,581.5302124023438,10170913,0.0,0.0,HDFCLIFE.NS,671
2022-09-14 00:00:00+05:30,574.5464908198927,580.6882067795312,569.6430216077109,570.9307861328125,3032306,0.0,0.0,HDFCLIFE.NS,672
2022-09-15 00:00:00+05:30,572.9615655421659,577.9145525870972,560.7771690426206,561.4210815429688,2651988,0.0,0.0,HDFCLIFE.NS,673
2022-09-16 00:00:00+05:30,562.659389110368,563.5013728144919,539.776610674368,541.6091918945312,7125860,0.0,0.0,HDFCLIFE.NS,674
2022-09-19 00:00:00+05:30,544.8285703786273,551.7627521834462,537.8943885738084,542.9464111328125,4657454,0.0,0.0,HDFCLIFE.NS,675
2022-09-20 00:00:00+05:30,545.6210789535529,559.2417942801321,542.0549522161937,554.4869384765625,8499419,0.0,0.0,HDFCLIFE.NS,676
2022-09-21 00:00:00+05:30,552.7533730390215,556.5176312291122,544.3332947758823,546.2154541015625,2075187,0.0,0.0,HDFCLIFE.NS,677
2022-09-22 00:00:00+05:30,539.9746604942018,546.2649907495189,535.0216731095136,540.6680908203125,3493307,0.0,0.0,HDFCLIFE.NS,678
2022-09-23 00:00:00+05:30,537.646705708272,539.8755497208812,532.0498065587703,534.3777465820312,2118150,0.0,0.0,HDFCLIFE.NS,679
2022-09-26 00:00:00+05:30,529.9695956769713,531.4059739631152,515.1106350505141,517.8347778320312,3974804,0.0,0.0,HDFCLIFE.NS,680
2022-09-27 00:00:00+05:30,520.4599033024322,521.9457994171578,510.40531540828107,515.95263671875,2994372,0.0,0.0,HDFCLIFE.NS,681
2022-09-28 00:00:00+05:30,513.476147659025,515.3583069385504,505.20468339963617,509.61285400390625,3564554,0.0,0.0,HDFCLIFE.NS,682
2022-09-29 00:00:00+05:30,513.1294268983784,524.7689457517682,512.1388295491537,523.035400390625,5428542,0.0,0.0,HDFCLIFE.NS,683
2022-09-30 00:00:00+05:30,521.0542318263497,527.3940793638768,516.5965435312573,525.46240234375,3216079,0.0,0.0,HDFCLIFE.NS,684
2022-10-03 00:00:00+05:30,525.5614308108127,525.5614308108127,513.1789634914492,513.8228759765625,2951085,0.0,0.0,HDFCLIFE.NS,685
2022-10-04 00:00:00+05:30,517.2899784956679,528.0874539649764,517.2899784956679,526.9483032226562,2257640,0.0,0.0,HDFCLIFE.NS,686
2022-10-06 00:00:00+05:30,529.9695936267615,534.1301146783275,523.8278778326655,524.669921875,3033739,0.0,0.0,HDFCLIFE.NS,687
2022-10-07 00:00:00+05:30,524.9671285937004,528.4837374347045,520.9552210297021,521.896240234375,2762228,0.0,0.0,HDFCLIFE.NS,688
2022-10-10 00:00:00+05:30,520.8561389910453,529.4743490947577,515.1106857423274,528.1865844726562,2979552,0.0,0.0,HDFCLIFE.NS,689
2022-10-11 00:00:00+05:30,528.9790100028512,529.9696073998603,516.3984109685824,517.6366577148438,2358152,0.0,0.0,HDFCLIFE.NS,690
2022-10-12 00:00:00+05:30,515.209736839546,523.629815610368,515.209736839546,521.6486206054688,1768526,0.0,0.0,HDFCLIFE.NS,691
2022-10-13 00:00:00+05:30,520.0636522854332,521.0542497183579,513.1294702549608,515.7545776367188,1463375,0.0,0.0,HDFCLIFE.NS,692
2022-10-14 00:00:00+05:30,529.3752934394073,529.3752934394073,516.8937294818603,518.0824584960938,2214367,0.0,0.0,HDFCLIFE.NS,693
2022-10-17 00:00:00+05:30,517.0918330008204,520.9551869721146,513.7237777201401,518.8253784179688,1486039,0.0,0.0,HDFCLIFE.NS,694
2022-10-18 00:00:00+05:30,521.153281881669,527.3940940374487,518.8254021139705,526.2548828125,2757284,0.0,0.0,HDFCLIFE.NS,695
2022-10-19 00:00:00+05:30,528.1865729669439,530.3658994514042,524.323218723525,526.5520629882812,2135162,0.0,0.0,HDFCLIFE.NS,696
2022-10-20 00:00:00+05:30,526.007270250418,532.9414527207624,522.044880267364,532.1489868164062,2285817,0.0,0.0,HDFCLIFE.NS,697
2022-10-21 00:00:00+05:30,534.8235355636006,543.1445170597341,531.6536119388174,536.854248046875,4221644,0.0,0.0,HDFCLIFE.NS,698
2022-10-24 00:00:00+05:30,541.6587057693339,541.8568373633668,534.6254876407174,536.4580688476562,389166,0.0,0.0,HDFCLIFE.NS,699
2022-10-25 00:00:00+05:30,539.2316796682761,539.6774605981044,526.5025270464854,528.4342041015625,2362781,0.0,0.0,HDFCLIFE.NS,700
2022-10-27 00:00:00+05:30,527.9884033203125,532.8918724415254,524.6699262831996,527.9884033203125,4849578,0.0,0.0,HDFCLIFE.NS,701
2022-10-28 00:00:00+05:30,527.691251157795,531.4555092146855,523.3325983795422,525.1156616210938,1207153,0.0,0.0,HDFCLIFE.NS,702
2022-10-31 00:00:00+05:30,527.7902532946314,536.2103307266668,527.0968230609168,535.3683471679688,1625350,0.0,0.0,HDFCLIFE.NS,703
2022-11-01 00:00:00+05:30,537.9439134496738,545.7201394244441,534.8235678730931,539.4298095703125,2726938,0.0,0.0,HDFCLIFE.NS,704
2022-11-02 00:00:00+05:30,540.7175545989643,542.995976937386,535.0711979133542,537.1514282226562,1479779,0.0,0.0,HDFCLIFE.NS,705
2022-11-03 00:00:00+05:30,535.3189240208317,543.144608152481,533.0900796007138,540.2719116210938,1782757,0.0,0.0,HDFCLIFE.NS,706
2022-11-04 00:00:00+05:30,540.2718676692226,541.7577638284215,531.4555262734681,534.2291870117188,1514523,0.0,0.0,HDFCLIFE.NS,707
2022-11-07 00:00:00+05:30,534.9226561589028,538.3897474488216,529.672501440709,530.9602661132812,2976001,0.0,0.0,HDFCLIFE.NS,708
2022-11-09 00:00:00+05:30,531.7031702526758,533.1395486176195,525.9081994749511,526.7501831054688,2253327,0.0,0.0,HDFCLIFE.NS,709
2022-11-10 00:00:00+05:30,526.7502334240878,529.4743766152797,522.0448951847566,523.2831420898438,1377280,0.0,0.0,HDFCLIFE.NS,710
2022-11-11 00:00:00+05:30,529.9696348283582,547.8003888973496,527.443623427505,537.5477294921875,6425663,0.0,0.0,HDFCLIFE.NS,711
2022-11-14 00:00:00+05:30,539.8755844412392,540.0737160140216,531.3068927238576,533.7833862304688,2050388,0.0,0.0,HDFCLIFE.NS,712
2022-11-15 00:00:00+05:30,534.7244904122604,535.8637016621262,525.1652613144975,527.889404296875,2529334,0.0,0.0,HDFCLIFE.NS,713
2022-11-16 00:00:00+05:30,522.1438630535858,527.1464282705454,520.6579669601366,523.1344604492188,2993826,0.0,0.0,HDFCLIFE.NS,714
2022-11-17 00:00:00+05:30,523.5802758449954,530.5144580710114,520.1131847319874,526.2053833007812,2836626,0.0,0.0,HDFCLIFE.NS,715
2022-11-18 00:00:00+05:30,527.9884413844893,529.7219869237442,523.0849719097715,526.5520629882812,1947066,0.0,0.0,HDFCLIFE.NS,716
2022-11-21 00:00:00+05:30,526.502498847171,529.8705540685168,523.5802245317775,527.344482421875,2063314,0.0,0.0,HDFCLIFE.NS,717
2022-11-22 00:00:00+05:30,528.7809093775046,535.5169599791327,527.2950131950305,534.8731079101562,2913409,0.0,0.0,HDFCLIFE.NS,718
2022-11-23 00:00:00+05:30,537.5476845593453,543.9369891976451,535.9131747218061,542.5006713867188,5516902,0.0,0.0,HDFCLIFE.NS,719
2022-11-24 00:00:00+05:30,546.7107636218975,568.1571624036953,544.9276398207603,567.1665649414062,10593189,0.0,0.0,HDFCLIFE.NS,720
2022-11-25 00:00:00+05:30,569.593505946506,584.4524669711974,568.6029085448598,581.0844116210938,9556330,0.0,0.0,HDFCLIFE.NS,721
2022-11-28 00:00:00+05:30,579.2023476972896,587.4242945335831,576.6763362633033,580.4901123046875,5799007,0.0,0.0,HDFCLIFE.NS,722
2022-11-29 00:00:00+05:30,578.0136087479866,581.9759985251794,577.0725290836494,579.3508911132812,3215187,0.0,0.0,HDFCLIFE.NS,723
2022-11-30 00:00:00+05:30,580.6882215794695,587.4242719650614,579.5490103582677,585.0468139648438,3502958,0.0,0.0,HDFCLIFE.NS,724
2022-12-01 00:00:00+05:30,585.0468265826194,595.2500286307775,583.560930415754,590.8418579101562,3187533,0.0,0.0,HDFCLIFE.NS,725
2022-12-02 00:00:00+05:30,589.3559774214696,589.3559774214696,581.4311976540374,584.3038940429688,2788220,0.0,0.0,HDFCLIFE.NS,726
2022-12-05 00:00:00+05:30,586.3345849645943,588.216683618538,579.301307631005,583.36279296875,2199625,0.0,0.0,HDFCLIFE.NS,727
2022-12-06 00:00:00+05:30,582.4712606890836,589.8017055013097,579.5985040964167,581.2825317382812,2751347,0.0,0.0,HDFCLIFE.NS,728
2022-12-07 00:00:00+05:30,585.3440630019453,585.3440630019453,574.645562070349,576.32958984375,2831232,0.0,0.0,HDFCLIFE.NS,729
2022-12-08 00:00:00+05:30,574.5465008624188,575.3389667023893,568.1076176630986,572.0700073242188,3171602,0.0,0.0,HDFCLIFE.NS,730
2022-12-09 00:00:00+05:30,575.537068012501,576.4286298238766,566.175910838117,574.1502075195312,3243513,0.0,0.0,HDFCLIFE.NS,731
2022-12-12 00:00:00+05:30,569.7917030953446,572.5653640469156,566.1759979787048,571.0794677734375,1747003,0.0,0.0,HDFCLIFE.NS,732
2022-12-13 00:00:00+05:30,572.7634465873322,578.3107680153677,571.8718847150944,576.8743896484375,3212182,0.0,0.0,HDFCLIFE.NS,733
2022-12-14 00:00:00+05:30,577.5182958239058,580.0443071524942,573.6549417016399,574.8931884765625,2800824,0.0,0.0,HDFCLIFE.NS,734
2022-12-15 00:00:00+05:30,577.4192540033256,581.7283285488097,570.7327214912704,574.74462890625,1991517,0.0,0.0,HDFCLIFE.NS,735
2022-12-16 00:00:00+05:30,573.754015502879,580.1928984831433,568.2066338892763,569.7916259765625,2787126,0.0,0.0,HDFCLIFE.NS,736
2022-12-19 00:00:00+05:30,569.5440358112185,581.2330740361808,568.801087697836,578.9547119140625,1960076,0.0,0.0,HDFCLIFE.NS,737
2022-12-20 00:00:00+05:30,577.5182512279931,579.4994459148816,573.1100809574135,574.3483276367188,2166279,0.0,0.0,HDFCLIFE.NS,738
2022-12-21 00:00:00+05:30,579.4994565813483,584.3534078380741,565.9282606341134,569.98974609375,2694392,0.0,0.0,HDFCLIFE.NS,739
2022-12-22 00:00:00+05:30,570.9803691416836,577.3201562648641,568.6029111821988,572.4166870117188,3424491,0.0,0.0,HDFCLIFE.NS,740
2022-12-23 00:00:00+05:30,569.5439758940724,573.5063654152609,558.8455362791169,560.13330078125,3234932,0.0,0.0,HDFCLIFE.NS,741
2022-12-26 00:00:00+05:30,557.2110926601176,565.3835220191327,557.2110926601176,563.9471435546875,1962030,0.0,0.0,HDFCLIFE.NS,742
2022-12-27 00:00:00+05:30,566.6217091707949,568.8010355290897,562.1145031219169,564.4423828125,1511387,0.0,0.0,HDFCLIFE.NS,743
2022-12-28 00:00:00+05:30,564.343379084438,566.3740917637023,561.0248413517801,562.8574829101562,1452719,0.0,0.0,HDFCLIFE.NS,744
2022-12-29 00:00:00+05:30,560.6781166196913,567.810429842089,553.8925487567685,565.631103515625,3393061,0.0,0.0,HDFCLIFE.NS,745
2022-12-30 00:00:00+05:30,566.6712341135964,567.6123137417219,559.8856660657634,560.92578125,1690896,0.0,0.0,HDFCLIFE.NS,746
2023-01-02 00:00:00+05:30,559.6875894644521,566.0274376712136,555.9728488264137,564.937744140625,841928,0.0,0.0,HDFCLIFE.NS,747
2023-01-03 00:00:00+05:30,564.6405463650981,594.358469857998,564.1452476402164,589.9998168945312,10096217,0.0,0.0,HDFCLIFE.NS,748
2023-01-04 00:00:00+05:30,593.3678818230445,604.1654183812946,589.405491961121,592.9716186523438,7722662,0.0,0.0,HDFCLIFE.NS,749
2023-01-05 00:00:00+05:30,594.3584468618596,606.6418789481785,592.3772520389867,603.7196044921875,5704967,0.0,0.0,HDFCLIFE.NS,750
2023-01-06 00:00:00+05:30,602.2831604045554,614.7646622415926,599.955280926312,605.8988647460938,5415866,0.0,0.0,HDFCLIFE.NS,751
2023-01-09 00:00:00+05:30,609.2669226027889,612.2387148214461,596.0919891923287,602.72900390625,3969535,0.0,0.0,HDFCLIFE.NS,752
2023-01-10 00:00:00+05:30,602.7785260284631,607.2857321669894,593.9126670866538,594.5565795898438,4073524,0.0,0.0,HDFCLIFE.NS,753
2023-01-11 00:00:00+05:30,594.3585137152824,599.8563178748939,588.7616135266203,594.2098999023438,3576811,0.0,0.0,HDFCLIFE.NS,754
2023-01-12 00:00:00+05:30,596.7854672947567,600.1039446870233,589.0092407559971,592.7735595703125,2358813,0.0,0.0,HDFCLIFE.NS,755
2023-01-13 00:00:00+05:30,593.8135965239161,601.8869286900937,590.7427084467769,598.8161010742188,3272285,0.0,0.0,HDFCLIFE.NS,756
2023-01-16 00:00:00+05:30,599.3115089047989,606.8400259891754,594.2099074130825,598.51904296875,2170216,0.0,0.0,HDFCLIFE.NS,757
2023-01-17 00:00:00+05:30,601.2926287419147,604.8587552385787,595.5471758478369,603.7196044921875,1807515,0.0,0.0,HDFCLIFE.NS,758
2023-01-18 00:00:00+05:30,604.264418457974,604.3139362360859,592.8230304958183,595.3985595703125,3291651,0.0,0.0,HDFCLIFE.NS,759
2023-01-19 00:00:00+05:30,595.497656837272,605.255017135223,595.1013936890103,599.55908203125,3615736,0.0,0.0,HDFCLIFE.NS,760
2023-01-20 00:00:00+05:30,602.2832521202108,602.679515286377,582.7189524008454,584.997314453125,4255202,0.0,0.0,HDFCLIFE.NS,761
2023-01-23 00:00:00+05:30,589.4054873421976,590.8418657481428,579.6976443488156,583.6600341796875,3884783,0.0,0.0,HDFCLIFE.NS,762
2023-01-24 00:00:00+05:30,585.4430310749756,589.1577711198676,582.6198528253632,584.0066528320312,2219052,0.0,0.0,HDFCLIFE.NS,763
2023-01-25 00:00:00+05:30,584.452542126569,586.1860878023682,574.645602404681,579.549072265625,1443501,0.0,0.0,HDFCLIFE.NS,764
2023-01-27 00:00:00+05:30,580.9358255832757,588.3157879023305,572.6147836933825,582.174072265625,3632289,0.0,0.0,HDFCLIFE.NS,765
2023-01-30 00:00:00+05:30,581.2826026519162,586.7804067011581,577.815511391513,582.4218139648438,2843943,0.0,0.0,HDFCLIFE.NS,766
2023-01-31 00:00:00+05:30,582.4218223158786,583.9572363752465,567.5628595582386,573.4073486328125,3073978,0.0,0.0,HDFCLIFE.NS,767
2023-02-01 00:00:00+05:30,577.4192638630627,579.1528093587524,497.6266230516548,510.8511047363281,22671272,0.0,0.0,HDFCLIFE.NS,768
2023-02-02 00:00:00+05:30,494.30813474609835,500.49936889872987,478.5080930963286,488.0673828125,17269387,0.0,0.0,HDFCLIFE.NS,769
2023-02-03 00:00:00+05:30,491.3363487206056,494.3081411523835,476.47738656171634,484.3031005859375,10593983,0.0,0.0,HDFCLIFE.NS,770
2023-02-06 00:00:00+05:30,482.4209251894205,485.1450679907981,469.2459920968291,477.5174560546875,7441590,0.0,0.0,HDFCLIFE.NS,771
2023-02-07 00:00:00+05:30,479.35007649256164,486.8786227893477,477.46794747602354,478.4090270996094,7117626,0.0,0.0,HDFCLIFE.NS,772
2023-02-08 00:00:00+05:30,480.24165069483007,505.5018866706359,478.9538860510631,503.7683410644531,10571918,0.0,0.0,HDFCLIFE.NS,773
2023-02-09 00:00:00+05:30,503.76836608492084,517.7853454384549,497.4780959002932,513.7734375,9516815,0.0,0.0,HDFCLIFE.NS,774
2023-02-10 00:00:00+05:30,514.9125148730687,523.4316887641071,513.4266187775552,517.6366577148438,7239045,0.0,0.0,HDFCLIFE.NS,775
2023-02-13 00:00:00+05:30,517.6366503559292,521.0542234192784,507.3344738502544,509.662353515625,3063664,0.0,0.0,HDFCLIFE.NS,776
2023-02-14 00:00:00+05:30,510.5539503346492,512.5846630165662,502.8767898601965,507.23541259765625,2233957,0.0,0.0,HDFCLIFE.NS,777
2023-02-15 00:00:00+05:30,505.9476516219879,515.110678107555,504.8579883721718,514.2191162109375,2497424,0.0,0.0,HDFCLIFE.NS,778
2023-02-16 00:00:00+05:30,514.1200664531267,517.0918587447633,507.8793147329436,509.76141357421875,1983991,0.0,0.0,HDFCLIFE.NS,779
2023-02-17 00:00:00+05:30,509.71193121386216,509.71193121386216,496.78464593920427,499.5087890625,4312084,0.0,0.0,HDFCLIFE.NS,780
2023-02-20 00:00:00+05:30,501.53947075572006,517.8348107027027,495.5463683482105,503.1739807128906,6129396,0.0,0.0,HDFCLIFE.NS,781
2023-02-21 00:00:00+05:30,506.09622752855745,509.95955150971815,495.3482392270276,496.3388366699219,2669387,0.0,0.0,HDFCLIFE.NS,782
2023-02-22 00:00:00+05:30,495.8930713687404,497.0322523484246,487.86922627124886,489.8009033203125,2728046,0.0,0.0,HDFCLIFE.NS,783
2023-02-23 00:00:00+05:30,489.8008849758386,490.2961836641626,481.5789086112808,482.2723388671875,4158416,0.0,0.0,HDFCLIFE.NS,784
2023-02-24 00:00:00+05:30,483.9068363798347,485.3927324997319,477.4679531936138,478.3099670410156,2436219,0.0,0.0,HDFCLIFE.NS,785
2023-02-27 00:00:00+05:30,478.30997940522485,486.28427669588643,473.5055757805712,484.10498046875,2587409,0.0,0.0,HDFCLIFE.NS,786
2023-02-28 00:00:00+05:30,486.2842706516663,487.0767667312941,479.99397094689004,484.2040100097656,3271808,0.0,0.0,HDFCLIFE.NS,787
2023-03-01 00:00:00+05:30,484.30306672348223,486.2347437613294,479.8453783874969,485.14508056640625,1591916,0.0,0.0,HDFCLIFE.NS,788
2023-03-02 00:00:00+05:30,485.39271977492336,486.63096650904305,477.1212255448771,478.2604064941406,2618651,0.0,0.0,HDFCLIFE.NS,789
2023-03-03 00:00:00+05:30,480.73692888857636,487.91876037860527,477.0717364734254,485.3432312011719,2983486,0.0,0.0,HDFCLIFE.NS,790
2023-03-06 00:00:00+05:30,487.3739320793202,492.079269838216,484.4021398105438,485.54132080078125,3007451,0.0,0.0,HDFCLIFE.NS,791
2023-03-08 00:00:00+05:30,485.3927350910357,491.6830347449749,483.41154025392945,490.5438537597656,5589817,0.0,0.0,HDFCLIFE.NS,792
2023-03-09 00:00:00+05:30,490.34575251222566,491.93071452606915,485.39276511311226,486.6310119628906,2336282,0.0,0.0,HDFCLIFE.NS,793
2023-03-10 00:00:00+05:30,482.9657557567791,486.5319124833623,479.6472786136393,485.640380859375,2383642,0.0,0.0,HDFCLIFE.NS,794
2023-03-13 00:00:00+05:30,485.3927136552188,490.84099921665495,472.8121149029223,474.4466247558594,2849642,0.0,0.0,HDFCLIFE.NS,795
2023-03-14 00:00:00+05:30,475.9325802896882,480.78650198665053,464.34257746393376,466.1256408691406,8530038,0.0,0.0,HDFCLIFE.NS,796
2023-03-15 00:00:00+05:30,468.60209805403326,473.95134831356427,460.72686669307336,462.31182861328125,6095528,0.0,0.0,HDFCLIFE.NS,797
2023-03-16 00:00:00+05:30,462.3118299947754,464.59019197832157,453.49548873434674,457.0616455078125,6790599,0.0,0.0,HDFCLIFE.NS,798
2023-03-17 00:00:00+05:30,459.6867172976151,472.8121330166448,459.63719951923076,466.81903076171875,7640040,0.0,0.0,HDFCLIFE.NS,799
2023-03-20 00:00:00+05:30,465.5807955914579,466.96762595773106,453.7926921321841,460.8754577636719,3937830,0.0,0.0,HDFCLIFE.NS,800
2023-03-21 00:00:00+05:30,462.60899753659453,479.44915376383676,462.1136988240286,478.2109069824219,4363583,0.0,0.0,HDFCLIFE.NS,801
2023-03-22 00:00:00+05:30,478.45856008076345,493.8128202903946,478.45856008076345,492.772705078125,5604187,0.0,0.0,HDFCLIFE.NS,802
2023-03-23 00:00:00+05:30,492.7727022197389,500.25170070234196,489.50371257181826,493.8623352050781,4489138,0.0,0.0,HDFCLIFE.NS,803
2023-03-24 00:00:00+05:30,489.8504262355574,497.1808411280415,477.07172551032187,487.62158203125,6424544,0.0,0.0,HDFCLIFE.NS,804
2023-03-27 00:00:00+05:30,482.07422065722085,494.7538855680306,482.07422065722085,488.31500244140625,2412510,0.0,0.0,HDFCLIFE.NS,805
2023-03-28 00:00:00+05:30,490.79151636515104,493.812826481056,482.2723722894612,485.0955810546875,2494157,0.0,0.0,HDFCLIFE.NS,806
2023-03-29 00:00:00+05:30,486.68050199616636,493.3175168248182,482.12377803329593,491.28680419921875,3137010,0.0,0.0,HDFCLIFE.NS,807
2023-03-31 00:00:00+05:30,492.3268992515246,496.4874203515372,490.3457044859249,494.5062255859375,3459342,0.0,0.0,HDFCLIFE.NS,808
2023-04-03 00:00:00+05:30,497.32941830931225,503.7187837052011,496.53695247243274,498.96392822265625,2394944,0.0,0.0,HDFCLIFE.NS,809
2023-04-05 00:00:00+05:30,498.9639529727183,507.1363820222792,498.9639529727183,502.9758605957031,4270479,0.0,0.0,HDFCLIFE.NS,810
2023-04-06 00:00:00+05:30,501.34134824549847,512.0398182624662,500.4993344126311,509.81097412109375,2416882,0.0,0.0,HDFCLIFE.NS,811
2023-04-10 00:00:00+05:30,509.81095262580664,515.4077914014008,506.8391303319783,508.869873046875,2375216,0.0,0.0,HDFCLIFE.NS,812
2023-04-11 00:00:00+05:30,511.9407245107642,517.8843089140499,507.9288171307997,508.7212829589844,3671457,0.0,0.0,HDFCLIFE.NS,813
2023-04-12 00:00:00+05:30,509.1671053021438,513.5752761854382,504.75893441884944,512.1884155273438,1950603,0.0,0.0,HDFCLIFE.NS,814
2023-04-13 00:00:00+05:30,514.7639426968018,528.4836919586451,513.6247315474367,526.8491821289062,4153200,0.0,0.0,HDFCLIFE.NS,815
2023-04-17 00:00:00+05:30,537.3991172101511,537.3991172101511,524.3232187636593,528.3847045898438,3417617,0.0,0.0,HDFCLIFE.NS,816
2023-04-18 00:00:00+05:30,531.9508027734247,534.9225949676896,524.5213222877624,527.2949829101562,2514020,0.0,0.0,HDFCLIFE.NS,817
2023-04-19 00:00:00+05:30,527.4931521530419,527.9389331062706,518.4291611287206,519.8655395507812,1622301,0.0,0.0,HDFCLIFE.NS,818
2023-04-20 00:00:00+05:30,520.063585338026,526.6015033691995,517.884259173881,525.2642211914062,1561641,0.0,0.0,HDFCLIFE.NS,819
2023-04-21 00:00:00+05:30,530.9602377291449,536.1608743860069,506.59153420515037,508.4736633300781,4452849,0.0,0.0,HDFCLIFE.NS,820
2023-04-24 00:00:00+05:30,545.8191845578098,550.3263907772401,526.9978333661611,542.401611328125,23496385,0.0,0.0,HDFCLIFE.NS,821
2023-04-25 00:00:00+05:30,541.0148037655025,541.7081735887551,523.035436452926,524.7689819335938,6700461,0.0,0.0,HDFCLIFE.NS,822
2023-04-26 00:00:00+05:30,524.0260941378922,531.8518388208698,523.6298309408015,526.6016235351562,4165761,0.0,0.0,HDFCLIFE.NS,823
2023-04-27 00:00:00+05:30,525.1157154847727,525.1157154847727,511.19783257164465,512.9808959960938,7978904,0.0,0.0,HDFCLIFE.NS,824
2023-04-28 00:00:00+05:30,512.2379004174019,526.0072287054994,511.5940483727718,524.7689819335938,4031679,0.0,0.0,HDFCLIFE.NS,825
2023-05-02 00:00:00+05:30,525.0166470726441,540.7175924279501,524.570866129102,539.3803100585938,4239067,0.0,0.0,HDFCLIFE.NS,826
2023-05-03 00:00:00+05:30,538.8849807405591,542.6987565116613,530.0686397755544,533.6348266601562,2875460,0.0,0.0,HDFCLIFE.NS,827
2023-05-04 00:00:00+05:30,534.7244358774265,544.5808915734182,531.5049944993208,541.3614501953125,2312821,0.0,0.0,HDFCLIFE.NS,828
2023-05-05 00:00:00+05:30,537.894447972252,543.5903836551994,532.4461616668241,534.62548828125,2159574,0.0,0.0,HDFCLIFE.NS,829
2023-05-08 00:00:00+05:30,536.9038139004671,545.8191908840541,534.9226190152255,544.3828125,1970280,0.0,0.0,HDFCLIFE.NS,830
2023-05-09 00:00:00+05:30,547.3050949126829,552.2085644163718,544.4323381032935,546.8593139648438,1927306,0.0,0.0,HDFCLIFE.NS,831
2023-05-10 00:00:00+05:30,548.1966537509713,558.2016638249044,545.967809485477,557.3596801757812,3191516,0.0,0.0,HDFCLIFE.NS,832
2023-05-11 00:00:00+05:30,556.7652699473832,564.0461972889808,555.7746725235959,562.0650024414062,1620276,0.0,0.0,HDFCLIFE.NS,833
2023-05-12 00:00:00+05:30,562.0650117249103,563.6499434446405,553.3972841236088,555.3784790039062,1433810,0.0,0.0,HDFCLIFE.NS,834
2023-05-15 00:00:00+05:30,554.6355324377861,557.7558781060105,551.0693453667542,554.0411376953125,1984609,0.0,0.0,HDFCLIFE.NS,835
2023-05-16 00:00:00+05:30,556.9138829451357,558.2016475019549,548.7909719894996,554.2392578125,3027008,0.0,0.0,HDFCLIFE.NS,836
2023-05-17 00:00:00+05:30,556.715777539541,557.4587256412397,547.2060660223065,554.8336181640625,1395385,0.0,0.0,HDFCLIFE.NS,837
2023-05-18 00:00:00+05:30,558.6969955224944,563.4518514772395,554.0411751342187,556.27001953125,1745334,0.0,0.0,HDFCLIFE.NS,838
2023-05-19 00:00:00+05:30,559.5885264894173,559.5885264894173,549.7320697203464,552.3571166992188,1484899,0.0,0.0,HDFCLIFE.NS,839
2023-05-22 00:00:00+05:30,551.762787564932,563.8480887205473,549.2862939044071,561.6687622070312,1975841,0.0,0.0,HDFCLIFE.NS,840
2023-05-23 00:00:00+05:30,562.3621667818242,568.3552690737029,555.8737657805132,557.4091796875,3425506,0.0,0.0,HDFCLIFE.NS,841
2023-05-24 00:00:00+05:30,557.3100454085128,566.5721669157987,553.6448835793475,560.6781005859375,1529396,0.0,0.0,HDFCLIFE.NS,842
2023-05-25 00:00:00+05:30,560.6781621103601,568.305774641218,557.7558875124071,566.6712646484375,1307797,0.0,0.0,HDFCLIFE.NS,843
2023-05-26 00:00:00+05:30,566.6217086142366,573.4072765696033,563.996601339122,571.7728271484375,1467444,0.0,0.0,HDFCLIFE.NS,844
2023-05-29 00:00:00+05:30,571.8719231296323,582.9171094096274,569.593560977975,573.60546875,2794717,0.0,0.0,HDFCLIFE.NS,845
2023-05-30 00:00:00+05:30,570.5840812308376,583.4618469530614,565.6310944145977,579.6480712890625,2653926,0.0,0.0,HDFCLIFE.NS,846
2023-05-31 00:00:00+05:30,597.330282897729,598.0237132288366,578.7565800713071,586.7803955078125,10027475,0.0,0.0,HDFCLIFE.NS,847
2023-06-01 00:00:00+05:30,587.8700510543206,588.8606484744269,575.5371010817438,576.725830078125,1659264,0.0,0.0,HDFCLIFE.NS,848
2023-06-02 00:00:00+05:30,579.796626971643,580.490057220986,567.5627736703485,570.9803466796875,3192761,0.0,0.0,HDFCLIFE.NS,849
2023-06-05 00:00:00+05:30,572.6148194926067,575.4875761597641,567.6123146754171,568.7515258789062,2230529,0.0,0.0,HDFCLIFE.NS,850
2023-06-06 00:00:00+05:30,568.7515855505304,577.2706999669923,562.56035110215,574.2493896484375,3334157,0.0,0.0,HDFCLIFE.NS,851
2023-06-07 00:00:00+05:30,577.5183638861625,589.9008330946995,577.2211967174128,588.8607177734375,3440284,0.0,0.0,HDFCLIFE.NS,852
2023-06-08 00:00:00+05:30,588.8606123538233,591.7828866561388,584.2543104483716,588.3157958984375,1675907,0.0,0.0,HDFCLIFE.NS,853
2023-06-09 00:00:00+05:30,582.4218253347535,588.1177610880393,571.3271209926203,576.2305908203125,3023579,0.0,0.0,HDFCLIFE.NS,854
2023-06-12 00:00:00+05:30,580.4405652624993,585.4430700974744,575.9828769115032,578.9051513671875,3327440,0.0,0.0,HDFCLIFE.NS,855
2023-06-13 00:00:00+05:30,576.7753193621826,581.4806568752274,575.5370726482234,579.3013305664062,3288950,0.0,0.0,HDFCLIFE.NS,856
2023-06-14 00:00:00+05:30,579.301422883368,583.9077255778585,576.3296302962838,579.549072265625,5344073,0.0,0.0,HDFCLIFE.NS,857
2023-06-15 00:00:00+05:30,579.5489524479226,579.5489524479226,568.6028641074447,572.7138671875,2074065,0.0,0.0,HDFCLIFE.NS,858
2023-06-16 00:00:00+05:30,574.2543418509626,611.2260777078537,573.0616934696533,605.8095092773438,11422524,1.9,0.0,HDFCLIFE.NS,859
2023-06-19 00:00:00+05:30,606.2071488131779,625.1402393186039,598.4052827210152,622.7052612304688,7087287,0.0,0.0,HDFCLIFE.NS,860
2023-06-20 00:00:00+05:30,623.1524660449874,640.8929067231688,620.3696601469262,639.75,10400684,0.0,0.0,HDFCLIFE.NS,861
2023-06-21 00:00:00+05:30,641.0420320859679,655.9003052718676,636.1223950564397,638.557373046875,7689046,0.0,0.0,HDFCLIFE.NS,862
2023-06-22 00:00:00+05:30,638.5573801151091,651.7757542172742,633.339596075258,635.078857421875,4577233,0.0,0.0,HDFCLIFE.NS,863
2023-06-23 00:00:00+05:30,638.5077296228002,639.0543425114861,619.9721478346946,623.0531616210938,4159293,0.0,0.0,HDFCLIFE.NS,864
2023-06-26 00:00:00+05:30,616.1457848483398,628.4696577699447,612.9654090212528,626.382568359375,3749962,0.0,0.0,HDFCLIFE.NS,865
2023-06-27 00:00:00+05:30,637.0665953736047,669.8640956034471,633.1905029003743,663.1058349609375,30050877,0.0,0.0,HDFCLIFE.NS,866
2023-06-28 00:00:00+05:30,663.1058221227914,667.8266743372034,637.6131959007181,647.9494018554688,21909643,0.0,0.0,HDFCLIFE.NS,867
2023-06-30 00:00:00+05:30,647.9990582290563,653.4653079533813,634.5818998148044,647.2039794921875,8681796,0.0,0.0,HDFCLIFE.NS,868
2023-07-03 00:00:00+05:30,647.0052392494599,652.9684211780263,640.0978747167458,646.7070922851562,2795761,0.0,0.0,HDFCLIFE.NS,869
2023-07-04 00:00:00+05:30,650.3844004717456,653.2168876258814,640.6444881186235,643.02978515625,3340982,0.0,0.0,HDFCLIFE.NS,870
2023-07-05 00:00:00+05:30,643.0298030256984,671.8021687862531,641.0917567113476,669.466552734375,5871642,0.0,0.0,HDFCLIFE.NS,871
2023-07-06 00:00:00+05:30,670.4106926528877,673.5413873197348,655.4530573059305,657.0929565429688,4788193,0.0,0.0,HDFCLIFE.NS,872
2023-07-07 00:00:00+05:30,656.5463046392973,674.8334201112749,652.670272790555,654.0616455078125,5425784,0.0,0.0,HDFCLIFE.NS,873
2023-07-10 00:00:00+05:30,655.9499782986112,670.6094664499816,655.0057957431785,664.1493530273438,3676990,0.0,0.0,HDFCLIFE.NS,874
2023-07-11 00:00:00+05:30,666.882497135191,680.5978031259662,666.6340312271674,668.4229736328125,5004622,0.0,0.0,HDFCLIFE.NS,875
2023-07-12 00:00:00+05:30,671.7524866652042,673.342644291532,665.6402007590458,667.5782470703125,2912240,0.0,0.0,HDFCLIFE.NS,876
2023-07-13 00:00:00+05:30,671.8518354041585,686.6106865182398,671.8518354041585,676.423583984375,3997060,0.0,0.0,HDFCLIFE.NS,877
2023-07-14 00:00:00+05:30,679.653599013334,680.5977815660381,656.4965892512303,665.9382934570312,6273380,0.0,0.0,HDFCLIFE.NS,878
2023-07-17 00:00:00+05:30,668.8205493293068,670.7088538507944,658.0370924283052,663.05615234375,2439405,0.0,0.0,HDFCLIFE.NS,879
2023-07-18 00:00:00+05:30,662.9070666636298,662.9070666636298,649.3408033289775,652.5211791992188,5855926,0.0,0.0,HDFCLIFE.NS,880
2023-07-19 00:00:00+05:30,653.962253684174,656.3972316544839,645.0671622656162,655.0057983398438,4866371,0.0,0.0,HDFCLIFE.NS,881
2023-07-20 00:00:00+05:30,655.9500465484829,658.7825338488734,647.5518860931231,656.9935913085938,2754328,0.0,0.0,HDFCLIFE.NS,882
2023-07-21 00:00:00+05:30,658.4346818208863,658.4346818208863,629.761739186219,643.3279418945312,5964750,0.0,0.0,HDFCLIFE.NS,883
2023-07-24 00:00:00+05:30,649.5892188961051,656.1487549939125,642.085560915223,649.1420288085938,7781836,0.0,0.0,HDFCLIFE.NS,884
2023-07-25 00:00:00+05:30,649.1420452471204,655.9499867544906,646.0113505915438,647.80029296875,4754351,0.0,0.0,HDFCLIFE.NS,885
2023-07-26 00:00:00+05:30,647.9990573191127,655.9499659978748,644.0236029797315,654.5585327148438,1841832,0.0,0.0,HDFCLIFE.NS,886
2023-07-27 00:00:00+05:30,654.558537504444,664.1493454326272,653.167164871851,658.3849487304688,3364659,0.0,0.0,HDFCLIFE.NS,887
2023-07-28 00:00:00+05:30,658.9315799866524,660.3726943676163,650.4837392175928,655.2542724609375,1664766,0.0,0.0,HDFCLIFE.NS,888
2023-07-31 00:00:00+05:30,647.999098319587,650.9806892627753,640.4954399113544,642.8806762695312,3738008,0.0,0.0,HDFCLIFE.NS,889
2023-08-01 00:00:00+05:30,637.2156896267429,642.8309827309517,634.0849949329662,638.8058471679688,3370855,0.0,0.0,HDFCLIFE.NS,890
2023-08-02 00:00:00+05:30,638.8058503032627,640.9426813791055,633.0911344117904,638.9052124023438,2536221,0.0,0.0,HDFCLIFE.NS,891
2023-08-03 00:00:00+05:30,633.190468277974,637.0168794919372,625.2395595660955,628.8175048828125,2670399,0.0,0.0,HDFCLIFE.NS,892
2023-08-04 00:00:00+05:30,632.0475688060977,640.2966245572884,631.2524900579023,638.2592163085938,2032172,0.0,0.0,HDFCLIFE.NS,893
2023-08-07 00:00:00+05:30,641.0420558387024,645.7629081879021,635.3273398370395,644.8187255859375,1676683,0.0,0.0,HDFCLIFE.NS,894
2023-08-08 00:00:00+05:30,646.0113249550617,650.8315390385559,638.1597784336681,641.4892578125,3542734,0.0,0.0,HDFCLIFE.NS,895
2023-08-09 00:00:00+05:30,642.035882018984,647.9990635857238,639.2033950390305,641.8370971679688,2176168,0.0,0.0,HDFCLIFE.NS,896
2023-08-10 00:00:00+05:30,641.0420107841492,647.5021240711212,634.1843277998851,636.0726928710938,1472754,0.0,0.0,HDFCLIFE.NS,897
2023-08-11 00:00:00+05:30,636.072726628187,637.9610917996133,628.1218175453347,629.7119750976562,1288176,0.0,0.0,HDFCLIFE.NS,898
2023-08-14 00:00:00+05:30,628.2212128737542,634.0850328967676,621.7610989022354,628.8672485351562,1927044,0.0,0.0,HDFCLIFE.NS,899
2023-08-16 00:00:00+05:30,623.2518894560699,625.9353335241618,615.8476535686611,621.3139038085938,1800138,0.0,0.0,HDFCLIFE.NS,900
2023-08-17 00:00:00+05:30,621.3138884324765,627.0782855016246,618.3819785169457,624.5439453125,1800092,0.0,0.0,HDFCLIFE.NS,901
2023-08-18 00:00:00+05:30,619.1770379301385,623.5997431903352,612.9653902783513,622.1089477539062,2392364,0.0,0.0,HDFCLIFE.NS,902
2023-08-21 00:00:00+05:30,621.1647999923456,625.4880827360423,619.17707263237,621.3139038085938,1207075,0.0,0.0,HDFCLIFE.NS,903
2023-08-22 00:00:00+05:30,621.1647847532763,650.0365118164839,620.3697059609168,631.9481811523438,8186967,0.0,0.0,HDFCLIFE.NS,904
2023-08-23 00:00:00+05:30,634.0849863446854,634.5819181521655,626.2334395222504,629.314453125,1544136,0.0,0.0,HDFCLIFE.NS,905
2023-08-24 00:00:00+05:30,631.1033675143116,633.5880264415332,624.6432543035352,626.6309814453125,1518585,0.0,0.0,HDFCLIFE.NS,906
2023-08-25 00:00:00+05:30,626.1340993797689,631.9481774669033,621.91017886808,624.4445190429688,1938963,0.0,0.0,HDFCLIFE.NS,907
2023-08-28 00:00:00+05:30,625.1402655756647,628.3703225917551,620.8169827568402,623.5003662109375,2531965,0.0,0.0,HDFCLIFE.NS,908
2023-08-29 00:00:00+05:30,624.5439752853902,632.0973151646161,622.208359186755,631.0040893554688,3656025,0.0,0.0,HDFCLIFE.NS,909
2023-08-30 00:00:00+05:30,632.5941952456291,636.0230368728004,630.2586399987587,633.1408081054688,1858995,0.0,0.0,HDFCLIFE.NS,910
2023-08-31 00:00:00+05:30,631.1034086537296,643.9242738181882,627.4261010696071,640.7935791015625,4473826,0.0,0.0,HDFCLIFE.NS,911
2023-09-01 00:00:00+05:30,640.7935280320156,644.023584590533,634.6315618497975,637.4143676757812,1271599,0.0,0.0,HDFCLIFE.NS,912
2023-09-04 00:00:00+05:30,641.0420123664734,641.8867721495303,630.1095129307661,636.1223754882812,1384829,0.0,0.0,HDFCLIFE.NS,913
2023-09-05 00:00:00+05:30,640.0481786822139,644.122995307091,632.0972696302609,637.0169067382812,3759460,0.0,0.0,HDFCLIFE.NS,914
2023-09-06 00:00:00+05:30,639.5512195767947,647.2039813448802,635.3769803705098,643.5763549804688,2898323,0.0,0.0,HDFCLIFE.NS,915
2023-09-07 00:00:00+05:30,644.0236635182717,653.7138343813939,639.1040261787156,652.719970703125,2349089,0.0,0.0,HDFCLIFE.NS,916
2023-09-08 00:00:00+05:30,655.1549107498955,656.7450682784086,648.9432631219205,653.4156494140625,1693851,0.0,0.0,HDFCLIFE.NS,917
2023-09-11 00:00:00+05:30,653.9622641819445,673.392285886837,652.3721066487902,664.5469360351562,4083029,0.0,0.0,HDFCLIFE.NS,918
2023-09-12 00:00:00+05:30,664.5469269667589,666.1867655265804,652.4714598432636,656.8941650390625,4061914,0.0,0.0,HDFCLIFE.NS,919
2023-09-13 00:00:00+05:30,651.9745409620331,654.9064508012275,638.756166821604,646.2101440429688,4423644,0.0,0.0,HDFCLIFE.NS,920
2023-09-14 00:00:00+05:30,646.3094718959942,651.3782125343205,639.0542799170842,641.4892578125,3735579,0.0,0.0,HDFCLIFE.NS,921
2023-09-15 00:00:00+05:30,637.2653803750295,642.8806735647014,636.3708788315873,640.9426879882812,6827895,0.0,0.0,HDFCLIFE.NS,922
2023-09-18 00:00:00+05:30,640.7438492646744,661.4658802264452,640.6444265123038,655.9002685546875,4012209,0.0,0.0,HDFCLIFE.NS,923
2023-09-20 00:00:00+05:30,655.3039551016882,655.3039551016882,641.7874341026067,644.222412109375,1596867,0.0,0.0,HDFCLIFE.NS,924
2023-09-21 00:00:00+05:30,642.0855732255774,649.8874389618738,637.4641438346063,640.296630859375,2420603,0.0,0.0,HDFCLIFE.NS,925
2023-09-22 00:00:00+05:30,639.4518590827903,651.9745160723716,638.3088916882327,645.4647216796875,1925717,0.0,0.0,HDFCLIFE.NS,926
2023-09-25 00:00:00+05:30,648.1978487442078,648.9929274880263,636.122381801584,638.1597900390625,2079256,0.0,0.0,HDFCLIFE.NS,927
2023-09-26 00:00:00+05:30,636.1223915644889,644.8683792019611,634.2340871015166,640.296630859375,1968753,0.0,0.0,HDFCLIFE.NS,928
2023-09-27 00:00:00+05:30,643.9242651548082,645.5641037352364,635.8739334177754,644.222412109375,1452570,0.0,0.0,HDFCLIFE.NS,929
2023-09-28 00:00:00+05:30,641.2408666242962,646.6574358813165,629.4635454701213,630.8052978515625,2418577,0.0,0.0,HDFCLIFE.NS,930
2023-09-29 00:00:00+05:30,631.650024365442,635.4764357763945,626.7801289250788,633.4887084960938,1830734,0.0,0.0,HDFCLIFE.NS,931
2023-10-03 00:00:00+05:30,630.5567940143117,633.5880659624784,624.6929743160572,629.6622924804688,3454441,0.0,0.0,HDFCLIFE.NS,932
2023-10-04 00:00:00+05:30,627.1279319317983,628.1217955323241,620.4193526282489,621.6616821289062,2357914,0.0,0.0,HDFCLIFE.NS,933
2023-10-05 00:00:00+05:30,622.1586370590506,623.8978984246311,616.096093134705,620.5187377929688,4050085,0.0,0.0,HDFCLIFE.NS,934
2023-10-06 00:00:00+05:30,620.7174942475928,632.2960293585681,618.9285519141279,627.028564453125,3713370,0.0,0.0,HDFCLIFE.NS,935
2023-10-09 00:00:00+05:30,621.1647767580833,625.6868442007576,609.5862410550635,611.375244140625,3308557,0.0,0.0,HDFCLIFE.NS,936
2023-10-10 00:00:00+05:30,612.3193830094707,620.916328021842,611.3752610511823,617.4378051757812,4054232,0.0,0.0,HDFCLIFE.NS,937
2023-10-11 00:00:00+05:30,623.1028485040894,623.1525295561394,615.2016200881185,617.686279296875,3102088,0.0,0.0,HDFCLIFE.NS,938
2023-10-12 00:00:00+05:30,618.2328128892312,622.4567330023102,615.201541175498,620.81689453125,2810053,0.0,0.0,HDFCLIFE.NS,939
2023-10-13 00:00:00+05:30,619.4254808330573,629.1156508099886,610.7291744435039,621.4132080078125,5462771,0.0,0.0,HDFCLIFE.NS,940
2023-10-16 00:00:00+05:30,629.1156867377931,631.1034140260642,615.8476313528329,626.1837768554688,3399593,0.0,0.0,HDFCLIFE.NS,941
2023-10-17 00:00:00+05:30,628.6187742926917,641.9365717988736,626.6807279947632,637.8616943359375,4443295,0.0,0.0,HDFCLIFE.NS,942
2023-10-18 00:00:00+05:30,637.712573546587,644.4708335801613,633.8364814226018,641.0419921875,2187089,0.0,0.0,HDFCLIFE.NS,943
2023-10-19 00:00:00+05:30,635.078857421875,640.2966414617262,625.2893249637365,635.078857421875,3371397,0.0,0.0,HDFCLIFE.NS,944
2023-10-20 00:00:00+05:30,633.0414802624654,638.0107986401272,626.1341155853905,636.0230712890625,1853937,0.0,0.0,HDFCLIFE.NS,945
2023-10-23 00:00:00+05:30,634.0849687468763,640.7438669144296,617.9843664992361,621.4132080078125,2502483,0.0,0.0,HDFCLIFE.NS,946
2023-10-25 00:00:00+05:30,621.4132239898605,624.0966678769189,603.9709297149122,612.667236328125,2821496,0.0,0.0,HDFCLIFE.NS,947
2023-10-26 00:00:00+05:30,608.0954450350208,611.1764587212983,599.0016291079681,602.1322631835938,2011512,0.0,0.0,HDFCLIFE.NS,948
2023-10-27 00:00:00+05:30,602.3310183596811,611.8224035399847,602.3310183596811,604.9151000976562,1348147,0.0,0.0,HDFCLIFE.NS,949
2023-10-30 00:00:00+05:30,606.058033127515,614.2077270752004,597.0635793534411,603.8715209960938,1882245,0.0,0.0,HDFCLIFE.NS,950
2023-10-31 00:00:00+05:30,603.3745763248714,617.1893048358481,600.7408741418318,614.5555419921875,2661284,0.0,0.0,HDFCLIFE.NS,951
2023-11-01 00:00:00+05:30,617.9843784991835,620.1212095177857,613.1144832228421,616.2451171875,1947740,0.0,0.0,HDFCLIFE.NS,952
2023-11-02 00:00:00+05:30,618.1831998881203,622.9537333499874,614.2077452264604,615.499755859375,1651263,0.0,0.0,HDFCLIFE.NS,953
2023-11-03 00:00:00+05:30,618.1831696408511,621.1647604912089,615.7978726963164,618.2825317382812,1450553,0.0,0.0,HDFCLIFE.NS,954
2023-11-06 00:00:00+05:30,618.2825219481906,622.4567612047194,615.5991387538551,617.984375,1789823,0.0,0.0,HDFCLIFE.NS,955
2023-11-07 00:00:00+05:30,619.5746147148775,620.1709086320055,610.9279889527876,618.6304321289062,2747838,0.0,0.0,HDFCLIFE.NS,956
2023-11-08 00:00:00+05:30,620.1709090909092,621.0156689175693,613.7107954545455,614.953125,1332249,0.0,0.0,HDFCLIFE.NS,957
2023-11-09 00:00:00+05:30,614.9531491185141,621.1647970894082,609.4372178524852,617.5371704101562,2235630,0.0,0.0,HDFCLIFE.NS,958
2023-11-10 00:00:00+05:30,617.040232840077,627.624905148397,616.2451540393139,622.904052734375,2449660,0.0,0.0,HDFCLIFE.NS,959
2023-11-13 00:00:00+05:30,621.3138910726714,624.3451631023729,613.2138779825583,617.239013671875,2047300,0.0,0.0,HDFCLIFE.NS,960
2023-11-15 00:00:00+05:30,629.0659623165388,635.4763945113681,623.1524619095162,632.246337890625,2033627,0.0,0.0,HDFCLIFE.NS,961
2023-11-16 00:00:00+05:30,632.9917571080058,635.774563082276,628.1218011575676,631.0537109375,1753550,0.0,0.0,HDFCLIFE.NS,962
2023-11-17 00:00:00+05:30,628.9665653078415,655.9499867544906,628.1218054982395,647.80029296875,4306473,0.0,0.0,HDFCLIFE.NS,963
2023-11-20 00:00:00+05:30,650.9310076478557,651.1794735595726,643.5267113465699,648.3966674804688,2178344,0.0,0.0,HDFCLIFE.NS,964
2023-11-21 00:00:00+05:30,650.9806491420809,667.9260111593807,650.2352514522236,663.801513671875,5077816,0.0,0.0,HDFCLIFE.NS,965
2023-11-22 00:00:00+05:30,665.6401566681616,671.205768652277,661.2174514458196,664.3978271484375,2664154,0.0,0.0,HDFCLIFE.NS,966
2023-11-23 00:00:00+05:30,663.9505834516839,672.8456750396499,655.4530615785069,660.9193115234375,2184014,0.0,0.0,HDFCLIFE.NS,967
2023-11-24 00:00:00+05:30,661.9628936283145,668.124860592231,658.9813025806735,663.9009399414062,1511079,0.0,0.0,HDFCLIFE.NS,968
2023-11-28 00:00:00+05:30,663.9505511762374,672.5474953905145,663.9505511762374,669.1683349609375,1900825,0.0,0.0,HDFCLIFE.NS,969
2023-11-29 00:00:00+05:30,672.8456588842668,676.2745004449738,667.180624217962,671.5039672851562,1829510,0.0,0.0,HDFCLIFE.NS,970
2023-11-30 00:00:00+05:30,672.7463047115798,688.7474846358408,670.4106888218533,686.5112915039062,4637116,0.0,0.0,HDFCLIFE.NS,971
2023-12-01 00:00:00+05:30,689.7910523356361,690.7352349327767,675.876961272242,677.964111328125,2106753,0.0,0.0,HDFCLIFE.NS,972
2023-12-04 00:00:00+05:30,685.5671396417199,685.5671396417199,668.1248445635939,670.8082885742188,4817286,0.0,0.0,HDFCLIFE.NS,973
2023-12-05 00:00:00+05:30,674.8334128990442,677.1192871434555,663.6027658768843,668.6217651367188,4028068,0.0,0.0,HDFCLIFE.NS,974
2023-12-06 00:00:00+05:30,672.8456534514984,677.6161865727971,670.9076073101714,673.1934814453125,1627777,0.0,0.0,HDFCLIFE.NS,975
2023-12-07 00:00:00+05:30,676.7217771745319,681.4923105174688,671.4045703007461,674.1376953125,3853936,0.0,0.0,HDFCLIFE.NS,976
2023-12-08 00:00:00+05:30,676.2745392449186,679.8027431040503,662.9070608924,667.1309814453125,2713075,0.0,0.0,HDFCLIFE.NS,977
2023-12-11 00:00:00+05:30,666.9321157167891,670.3609570584775,663.1554464006956,668.3732299804688,1897948,0.0,0.0,HDFCLIFE.NS,978
2023-12-12 00:00:00+05:30,672.7463594625924,706.2395174582225,671.2058222067207,703.0094604492188,10749420,0.0,0.0,HDFCLIFE.NS,979
2023-12-13 00:00:00+05:30,702.164644254299,702.6615760619807,684.9708158406349,693.9155883789062,4757264,0.0,0.0,HDFCLIFE.NS,980
2023-12-14 00:00:00+05:30,697.6922358696991,699.679963037419,674.9327355350581,680.3493041992188,6251731,0.0,0.0,HDFCLIFE.NS,981
2023-12-15 00:00:00+05:30,683.7781348867028,683.7781348867028,659.1800115750082,668.9695434570312,8720610,0.0,0.0,HDFCLIFE.NS,982
2023-12-18 00:00:00+05:30,669.6652933696015,670.6591569871464,662.7082480467875,668.1248168945312,2050286,0.0,0.0,HDFCLIFE.NS,983
2023-12-19 00:00:00+05:30,668.8702553194881,669.913800049303,660.2236291884337,661.962890625,3794818,0.0,0.0,HDFCLIFE.NS,984
2023-12-20 00:00:00+05:30,667.7769786448971,669.8640679454643,636.370852416067,640.1475219726562,3772684,0.0,0.0,HDFCLIFE.NS,985
2023-12-21 00:00:00+05:30,637.0666332972447,644.7193959385569,633.2402823069018,640.2470092773438,2755102,0.0,0.0,HDFCLIFE.NS,986
2023-12-22 00:00:00+05:30,642.0359308546106,645.0175218647713,633.1905199268839,635.9236450195312,2854029,0.0,0.0,HDFCLIFE.NS,987
2023-12-26 00:00:00+05:30,637.0666129850669,641.936569236254,630.1095672894421,634.0850219726562,2202221,0.0,0.0,HDFCLIFE.NS,988
2023-12-27 00:00:00+05:30,639.0543474561432,642.0359385018172,634.482598783693,639.8494262695312,2353373,0.0,0.0,HDFCLIFE.NS,989
2023-12-28 00:00:00+05:30,643.0297601255171,646.9555335443428,640.2966351790794,644.1229858398438,3566880,0.0,0.0,HDFCLIFE.NS,990
2023-12-29 00:00:00+05:30,644.1230011182399,645.862262489046,639.0543208161401,642.7316284179688,1653662,0.0,0.0,HDFCLIFE.NS,991
2024-01-01 00:00:00+05:30,643.0297191432572,648.3468648904731,640.3959564621175,644.7192993164062,1343888,0.0,0.0,HDFCLIFE.NS,992
2024-01-02 00:00:00+05:30,645.5144561602107,650.2849896625262,638.6567725464529,641.5390014648438,3005450,0.0,0.0,HDFCLIFE.NS,993
2024-01-03 00:00:00+05:30,640.0481775421856,644.4708828265813,632.196630603118,633.2899169921875,1893956,0.0,0.0,HDFCLIFE.NS,994
2024-01-04 00:00:00+05:30,634.084982940394,645.0174826462628,634.084982940394,643.9739379882812,4412550,0.0,0.0,HDFCLIFE.NS,995
2024-01-05 00:00:00+05:30,644.5205112098956,650.5333735462685,638.5076488735227,642.78125,1394951,0.0,0.0,HDFCLIFE.NS,996
2024-01-08 00:00:00+05:30,643.0297471858241,650.1358961678135,637.7622822544475,641.8867797851562,2064691,0.0,0.0,HDFCLIFE.NS,997
2024-01-09 00:00:00+05:30,643.0297679940376,646.8064376522955,634.6812892457858,636.9672241210938,3648496,0.0,0.0,HDFCLIFE.NS,998
2024-01-10 00:00:00+05:30,638.0604607177098,646.3591978973748,637.5138478445466,640.9923706054688,3288472,0.0,0.0,HDFCLIFE.NS,999
2024-01-11 00:00:00+05:30,642.0359451578271,649.0923531081597,635.9734008996892,640.0482177734375,2800658,0.0,0.0,HDFCLIFE.NS,1000
2024-01-12 00:00:00+05:30,642.8806777271855,644.6199391146556,617.4874736022472,633.6874389648438,7076942,0.0,0.0,HDFCLIFE.NS,1001
2024-01-15 00:00:00+05:30,633.0911165614018,633.0911165614018,608.0954226244389,610.6795043945312,12433539,0.0,0.0,HDFCLIFE.NS,1002
2024-01-16 00:00:00+05:30,611.9715318551092,613.0647575868663,605.3126333836763,607.4991455078125,8761562,0.0,0.0,HDFCLIFE.NS,1003
2024-01-17 00:00:00+05:30,607.2507100141731,614.704687633005,601.3868900231085,602.877685546875,10183042,0.0,0.0,HDFCLIFE.NS,1004
2024-01-18 00:00:00+05:30,604.2690363062784,608.5426374243475,596.9144217975145,604.0702514648438,3658639,0.0,0.0,HDFCLIFE.NS,1005
2024-01-19 00:00:00+05:30,610.7292330837291,614.605325710919,606.0580616424201,612.1206665039062,2563065,0.0,0.0,HDFCLIFE.NS,1006
2024-01-23 00:00:00+05:30,596.5666138333992,609.9837721620138,579.2236822320663,582.5531616210938,5994679,0.0,0.0,HDFCLIFE.NS,1007
2024-01-24 00:00:00+05:30,586.3794857663692,587.3733493015665,573.1611128803692,578.0807495117188,6144401,0.0,0.0,HDFCLIFE.NS,1008
2024-01-25 00:00:00+05:30,580.5654432626895,582.9506794942321,573.7574412408117,575.447021484375,3725167,0.0,0.0,HDFCLIFE.NS,1009
2024-01-29 00:00:00+05:30,571.5212333669884,580.4163244439292,571.5212333669884,574.999755859375,4399011,0.0,0.0,HDFCLIFE.NS,1010
2024-01-30 00:00:00+05:30,579.422528129246,580.0188220757635,568.0427768083047,571.4716186523438,5895638,0.0,0.0,HDFCLIFE.NS,1011
2024-01-31 00:00:00+05:30,569.9808144668781,574.4532009796958,567.7943022618201,573.061767578125,4068280,0.0,0.0,HDFCLIFE.NS,1012
2024-02-01 00:00:00+05:30,573.6581008864562,587.770976601934,563.7194645601511,583.497314453125,8911872,0.0,0.0,HDFCLIFE.NS,1013
2024-02-02 00:00:00+05:30,586.3298332004099,586.3298332004099,572.962355870611,575.2482299804688,3006965,0.0,0.0,HDFCLIFE.NS,1014
2024-02-05 00:00:00+05:30,575.2482720252998,578.3789668063009,558.1041239573738,559.89306640625,3750294,0.0,0.0,HDFCLIFE.NS,1015
2024-02-06 00:00:00+05:30,560.5390913314529,591.3985451316718,558.7998299665061,589.1126708984375,15915028,0.0,0.0,HDFCLIFE.NS,1016
2024-02-07 00:00:00+05:30,593.3365718324707,610.2322531074321,592.3427082280612,601.4365844726562,7560296,0.0,0.0,HDFCLIFE.NS,1017
2024-02-08 00:00:00+05:30,601.4366314884317,612.2697092269711,586.4789345442925,588.0691528320312,7782663,0.0,0.0,HDFCLIFE.NS,1018
2024-02-09 00:00:00+05:30,588.0690823681206,590.504060229631,578.6770595655049,580.4163208007812,2453771,0.0,0.0,HDFCLIFE.NS,1019
2024-02-12 00:00:00+05:30,580.4163413908127,582.9010003864925,568.8875479151062,573.6580810546875,2799522,0.0,0.0,HDFCLIFE.NS,1020
2024-02-13 00:00:00+05:30,573.7078010550991,590.3550174564381,571.1734608395574,585.9323120117188,5011128,0.0,0.0,HDFCLIFE.NS,1021
2024-02-14 00:00:00+05:30,578.8262074349991,583.3482748588962,574.850752880255,581.758056640625,1572158,0.0,0.0,HDFCLIFE.NS,1022
2024-02-15 00:00:00+05:30,583.248843862672,585.7335029243014,578.4286295473593,581.5095825195312,1737411,0.0,0.0,HDFCLIFE.NS,1023
2024-02-16 00:00:00+05:30,584.8887407266383,590.3549906399713,580.1182074798537,588.8145141601562,2973324,0.0,0.0,HDFCLIFE.NS,1024
2024-02-19 00:00:00+05:30,590.6531435637374,590.6531435637374,580.8139300166662,581.6090087890625,2785107,0.0,0.0,HDFCLIFE.NS,1025
2024-02-20 00:00:00+05:30,576.6397195620119,585.8826396585977,572.7139458918862,584.3421630859375,3523966,0.0,0.0,HDFCLIFE.NS,1026
2024-02-21 00:00:00+05:30,584.3421231071319,587.6218608962893,570.9746453867539,573.9065551757812,3321288,0.0,0.0,HDFCLIFE.NS,1027
2024-02-22 00:00:00+05:30,574.4531983100278,575.8446317051321,563.5703790472891,571.123779296875,4195869,0.0,0.0,HDFCLIFE.NS,1028
2024-02-23 00:00:00+05:30,573.658074127739,579.7702987869341,572.2169597955223,577.1365966796875,2561028,0.0,0.0,HDFCLIFE.NS,1029
2024-02-26 00:00:00+05:30,565.2599539411441,577.3851026676986,563.7691584582224,572.8132934570312,4199991,0.0,0.0,HDFCLIFE.NS,1030
2024-02-27 00:00:00+05:30,572.5151358424549,588.3672729814269,569.334760072593,578.0310668945312,6321068,0.0,0.0,HDFCLIFE.NS,1031
2024-02-28 00:00:00+05:30,578.4286648690414,587.2740759328353,574.6023139447249,577.0372314453125,3434747,0.0,0.0,HDFCLIFE.NS,1032
2024-02-29 00:00:00+05:30,577.4347862427177,582.3047424391348,572.0182171656312,578.4286499023438,2750947,0.0,0.0,HDFCLIFE.NS,1033
2024-03-01 00:00:00+05:30,581.3108955259569,593.1378370198437,579.4225302540178,586.3298950195312,3460443,0.0,0.0,HDFCLIFE.NS,1034
2024-03-04 00:00:00+05:30,591.3488904812457,616.6924143590134,583.9942749740356,606.5549926757812,7272987,0.0,0.0,HDFCLIFE.NS,1035
2024-03-05 00:00:00+05:30,608.0457639328345,611.8224336396228,600.0451737483148,603.970947265625,4342310,0.0,0.0,HDFCLIFE.NS,1036
2024-03-06 00:00:00+05:30,607.4991731250069,614.3071150544687,600.9893781667944,610.1826171875,4896598,0.0,0.0,HDFCLIFE.NS,1037
2024-03-07 00:00:00+05:30,607.7972780865789,620.3199959591276,607.7972780865789,618.1334838867188,3682063,0.0,0.0,HDFCLIFE.NS,1038
2024-03-11 00:00:00+05:30,621.1647805752376,625.1402351709191,615.1022365810725,617.0402221679688,3777242,0.0,0.0,HDFCLIFE.NS,1039
2024-03-12 00:00:00+05:30,614.4561631712161,625.9352754784413,611.2757875580604,617.7359008789062,4975736,0.0,0.0,HDFCLIFE.NS,1040
2024-03-13 00:00:00+05:30,619.425531104919,622.8543728917762,600.3433365464573,606.3065185546875,2840155,0.0,0.0,HDFCLIFE.NS,1041
2024-03-14 00:00:00+05:30,599.2997658447167,620.667833781137,594.5292325770821,618.431640625,3750622,0.0,0.0,HDFCLIFE.NS,1042
2024-03-15 00:00:00+05:30,616.1954735048437,630.9046436434796,607.5488474703122,628.4696655273438,4896049,0.0,0.0,HDFCLIFE.NS,1043
2024-03-18 00:00:00+05:30,631.0537438482879,632.6439014420521,624.3948451857303,630.2089233398438,2911589,0.0,0.0,HDFCLIFE.NS,1044
2024-03-19 00:00:00+05:30,630.109569926507,632.5942291139143,619.5248975239017,628.6187744140625,3861068,0.0,0.0,HDFCLIFE.NS,1045
2024-03-20 00:00:00+05:30,626.1340368615693,628.6186957380041,615.5991074897325,622.55615234375,1712459,0.0,0.0,HDFCLIFE.NS,1046
2024-03-21 00:00:00+05:30,625.140220093411,635.0788563429088,616.195447468863,618.431640625,7197320,0.0,0.0,HDFCLIFE.NS,1047
2024-03-22 00:00:00+05:30,620.0715922998882,624.7924449175662,612.2200447346572,620.0218505859375,3636733,0.0,0.0,HDFCLIFE.NS,1048
2024-03-26 00:00:00+05:30,634.9297839993005,638.8555576445209,621.661728212962,623.0531616210938,13822598,0.0,0.0,HDFCLIFE.NS,1049
2024-03-27 00:00:00+05:30,623.6494371824608,634.4825751762538,620.2205954753888,622.5064697265625,13848953,0.0,0.0,HDFCLIFE.NS,1050
2024-03-28 00:00:00+05:30,622.5064556198313,634.830388801718,622.5064556198313,629.4635009765625,6878964,0.0,0.0,HDFCLIFE.NS,1051
2024-04-01 00:00:00+05:30,634.0849761301816,634.0849761301816,624.1463401406804,630.8549194335938,3874744,0.0,0.0,HDFCLIFE.NS,1052
2024-04-02 00:00:00+05:30,627.2273214937642,637.7126314669575,627.2273214937642,628.0224609375,5179918,0.0,0.0,HDFCLIFE.NS,1053
2024-04-03 00:00:00+05:30,625.9849795116967,626.1340833195928,616.5930167904,620.270263671875,3822465,0.0,0.0,HDFCLIFE.NS,1054
2024-04-04 00:00:00+05:30,621.164770693555,622.6555661432196,614.3070873608494,618.5807495117188,3858229,0.0,0.0,HDFCLIFE.NS,1055
2024-04-05 00:00:00+05:30,617.1893021686195,626.581325420701,612.5181310667812,625.5377807617188,3860995,0.0,0.0,HDFCLIFE.NS,1056
2024-04-08 00:00:00+05:30,626.1340622927945,631.9978817435939,622.7052207719244,630.705810546875,3403360,0.0,0.0,HDFCLIFE.NS,1057
2024-04-09 00:00:00+05:30,635.078813286726,635.2279170846084,628.7678039604085,630.059814453125,2873703,0.0,0.0,HDFCLIFE.NS,1058
2024-04-10 00:00:00+05:30,632.097302707663,633.1905284952658,616.1954837716211,617.686279296875,6753666,0.0,0.0,HDFCLIFE.NS,1059
2024-04-12 00:00:00+05:30,617.1893099366221,620.1709008058812,612.468457726962,614.7046508789062,5081775,0.0,0.0,HDFCLIFE.NS,1060
2024-04-15 00:00:00+05:30,606.30649192814,612.7169244375918,600.3929912308839,609.188720703125,2594888,0.0,0.0,HDFCLIFE.NS,1061
2024-04-16 00:00:00+05:30,605.312659098954,607.3500675004859,596.9144989134629,600.8899536132812,4970256,0.0,0.0,HDFCLIFE.NS,1062
2024-04-18 00:00:00+05:30,614.2077243002851,620.1709060896083,600.4427372675129,601.9335327148438,11984298,0.0,0.0,HDFCLIFE.NS,1063
2024-04-19 00:00:00+05:30,596.3181661144534,600.6911902635411,577.5341196175999,597.858642578125,10243493,0.0,0.0,HDFCLIFE.NS,1064
2024-04-22 00:00:00+05:30,598.1568121012002,605.1138576350677,594.4298234223427,602.231689453125,3076888,0.0,0.0,HDFCLIFE.NS,1065
2024-04-23 00:00:00+05:30,602.3310773263327,605.4120911623933,594.3304867521784,597.461181640625,4527775,0.0,0.0,HDFCLIFE.NS,1066
2024-04-24 00:00:00+05:30,596.367849854263,597.4113945175487,589.3611235029208,590.5537719726562,4095087,0.0,0.0,HDFCLIFE.NS,1067
2024-04-25 00:00:00+05:30,591.7961179465774,592.740300538898,582.0065246734343,591.0507202148438,6150372,0.0,0.0,HDFCLIFE.NS,1068
2024-04-26 00:00:00+05:30,593.3365517175503,599.697302834381,583.3979160103886,584.24267578125,3094364,0.0,0.0,HDFCLIFE.NS,1069
2024-04-29 00:00:00+05:30,586.3795145163067,588.3175606370861,567.4961064217138,571.5709228515625,8879207,0.0,0.0,HDFCLIFE.NS,1070
2024-04-30 00:00:00+05:30,573.0120741825526,584.8887569095266,572.5151423585004,580.0685424804688,9926485,0.0,0.0,HDFCLIFE.NS,1071
2024-05-02 00:00:00+05:30,580.7145216486409,582.9507148730236,569.8814442024507,572.8132934570312,8292342,0.0,0.0,HDFCLIFE.NS,1072
2024-05-03 00:00:00+05:30,578.2298866157428,578.2298866157428,561.7814545672609,562.427490234375,8574215,0.0,0.0,HDFCLIFE.NS,1073
2024-05-06 00:00:00+05:30,566.4028928671714,566.4028928671714,546.8237677126266,551.6439819335938,8759027,0.0,0.0,HDFCLIFE.NS,1074
2024-05-07 00:00:00+05:30,556.0667207605289,558.501698872749,546.2274462093637,548.9605712890625,7783593,0.0,0.0,HDFCLIFE.NS,1075
2024-05-08 00:00:00+05:30,548.7121042731587,550.5507884467369,544.6372875176594,547.072265625,6715043,0.0,0.0,HDFCLIFE.NS,1076
2024-05-09 00:00:00+05:30,547.6685680479138,548.5133885712337,534.6986591722364,536.2391357421875,13570152,0.0,0.0,HDFCLIFE.NS,1077
2024-05-10 00:00:00+05:30,539.4691224815815,550.4016215249691,536.2390659460351,545.183837890625,7524779,0.0,0.0,HDFCLIFE.NS,1078
2024-05-13 00:00:00+05:30,550.401681518409,564.9618083683939,543.7925245908827,556.2158203125,7867089,0.0,0.0,HDFCLIFE.NS,1079
2024-05-14 00:00:00+05:30,562.5267698755548,564.5144969775886,556.5635885694535,558.1040649414062,5348599,0.0,0.0,HDFCLIFE.NS,1080
2024-05-15 00:00:00+05:30,558.1041254080361,558.5513761865736,551.5943305757088,552.5385131835938,2415161,0.0,0.0,HDFCLIFE.NS,1081
2024-05-16 00:00:00+05:30,553.5820559327669,564.7133410028575,547.3207270372858,563.5703735351562,4543902,0.0,0.0,HDFCLIFE.NS,1082
2024-05-17 00:00:00+05:30,563.5703551288841,568.4899921934517,558.004743105924,566.7010498046875,3992575,0.0,0.0,HDFCLIFE.NS,1083
2024-05-21 00:00:00+05:30,565.9059415236219,566.5022354019029,559.5948714521596,562.1292114257812,5583840,0.0,0.0,HDFCLIFE.NS,1084
2024-05-22 00:00:00+05:30,562.1292237944225,563.3218722378449,556.2157839460634,556.961181640625,3820060,0.0,0.0,HDFCLIFE.NS,1085
2024-05-23 00:00:00+05:30,560.5390559162503,565.7071586348358,554.6255555169249,562.178955078125,7106820,0.0,0.0,HDFCLIFE.NS,1086
2024-05-24 00:00:00+05:30,561.5329621180226,568.2912228043095,559.9924855930093,561.63232421875,3433290,0.0,0.0,HDFCLIFE.NS,1087
2024-05-27 00:00:00+05:30,561.7317191737584,565.8065356718434,558.6507056156222,560.7875366210938,2624929,0.0,0.0,HDFCLIFE.NS,1088
2024-05-28 00:00:00+05:30,563.5207005141218,576.3912471641619,560.1912814860924,574.9004516601562,5797999,0.0,0.0,HDFCLIFE.NS,1089
2024-05-29 00:00:00+05:30,574.9004561510922,574.9004561510922,557.4581607500978,558.4022827148438,6259646,0.0,0.0,HDFCLIFE.NS,1090
2024-05-30 00:00:00+05:30,549.358149725472,560.3900123213807,544.8857631605428,547.3704223632812,6312875,0.0,0.0,HDFCLIFE.NS,1091
2024-05-31 00:00:00+05:30,548.5133600773955,552.8863236403953,543.196153275876,546.4758911132812,9707990,0.0,0.0,HDFCLIFE.NS,1092
2024-06-03 00:00:00+05:30,565.4587312836281,565.7568782441224,543.6930932582087,546.724365234375,9263670,0.0,0.0,HDFCLIFE.NS,1093
2024-06-04 00:00:00+05:30,551.5942948889325,551.5942948889325,508.26183610727145,531.17041015625,9783762,0.0,0.0,HDFCLIFE.NS,1094
2024-06-05 00:00:00+05:30,536.6863666627631,550.8986046107822,532.8102741948386,548.5630493164062,3234914,0.0,0.0,HDFCLIFE.NS,1095
2024-06-06 00:00:00+05:30,551.5943075332058,555.3212960976193,547.0225591584402,551.8427734375,3970217,0.0,0.0,HDFCLIFE.NS,1096
2024-06-07 00:00:00+05:30,551.6439974671838,560.1415193987907,550.1035209678715,559.4955444335938,3382962,0.0,0.0,HDFCLIFE.NS,1097
2024-06-10 00:00:00+05:30,559.7937133736796,571.0243607375558,557.8556670807403,565.7072143554688,3863289,0.0,0.0,HDFCLIFE.NS,1098
2024-06-11 00:00:00+05:30,567.9930486435345,573.3599363595325,562.7255836841263,568.1918334960938,6417670,0.0,0.0,HDFCLIFE.NS,1099
2024-06-12 00:00:00+05:30,568.1918663208767,574.2047293292836,566.1047162393593,569.1857299804688,4304369,0.0,0.0,HDFCLIFE.NS,1100
2024-06-13 00:00:00+05:30,561.5329203167781,594.7279880121413,561.5329203167781,589.8580322265625,24352341,0.0,0.0,HDFCLIFE.NS,1101
2024-06-14 00:00:00+05:30,595.4734231305159,598.1071253755438,590.4046821789927,594.6782836914062,7308942,0.0,0.0,HDFCLIFE.NS,1102
2024-06-18 00:00:00+05:30,593.1875207976534,601.2875341584179,588.1685212810182,597.5108642578125,5120280,0.0,0.0,HDFCLIFE.NS,1103
2024-06-19 00:00:00+05:30,598.4052628830192,601.4365954603442,588.7150925629962,592.54150390625,4453729,0.0,0.0,HDFCLIFE.NS,1104
2024-06-20 00:00:00+05:30,592.5414861482747,593.8334966867662,579.1243276457284,586.4788818359375,6133067,0.0,0.0,HDFCLIFE.NS,1105
2024-06-21 00:00:00+05:30,586.3791874271468,590.966483254131,578.4012392988863,579.3486328125,7263396,2.0,0.0,HDFCLIFE.NS,1106
2024-06-24 00:00:00+05:30,578.4012707108768,580.8445296312286,574.0632855273121,577.9026489257812,3226301,0.0,0.0,HDFCLIFE.NS,1107
2024-06-25 00:00:00+05:30,577.4039731980325,590.6174492686265,575.3596362435115,589.321044921875,6593288,0.0,0.0,HDFCLIFE.NS,1108
2024-06-26 00:00:00+05:30,590.0191391427006,597.3488544963499,585.5813934092033,587.42626953125,3672989,0.0,0.0,HDFCLIFE.NS,1109
2024-06-27 00:00:00+05:30,587.4263109391719,593.3599223359145,584.9830520267583,591.61474609375,4772196,0.0,0.0,HDFCLIFE.NS,1110
2024-06-28 00:00:00+05:30,592.3626355084607,598.1466356009857,588.3736615319727,593.4097290039062,3646272,0.0,0.0,HDFCLIFE.NS,1111
2024-07-01 00:00:00+05:30,588.5232980246475,601.3877031387349,587.9747653854697,599.0940551757812,3342913,0.0,0.0,HDFCLIFE.NS,1112
2024-07-02 00:00:00+05:30,602.0359031019623,602.0857531027499,584.8833030140999,588.1741943359375,6477279,0.0,0.0,HDFCLIFE.NS,1113
2024-07-03 00:00:00+05:30,590.7671115381177,597.1992838310532,588.8723244201431,594.5067749023438,2134587,0.0,0.0,HDFCLIFE.NS,1114
2024-07-04 00:00:00+05:30,594.3571193751422,605.6259586261543,592.6617932706563,602.2852172851562,5028421,0.0,0.0,HDFCLIFE.NS,1115
2024-07-05 00:00:00+05:30,604.5290487293581,607.1218575977775,598.9943592318641,605.6758422851562,3493050,0.0,0.0,HDFCLIFE.NS,1116
2024-07-08 00:00:00+05:30,607.3213151389791,620.3353311471457,606.9223933766866,619.1885375976562,6800857,0.0,0.0,HDFCLIFE.NS,1117
2024-07-09 00:00:00+05:30,620.2854930209608,627.6152088248438,619.1885494540246,621.9309692382812,5000797,0.0,0.0,HDFCLIFE.NS,1118
2024-07-10 00:00:00+05:30,622.2799782694586,638.983807814352,613.9031080613726,631.005859375,6186968,0.0,0.0,HDFCLIFE.NS,1119
2024-07-11 00:00:00+05:30,634.1970351589774,634.8452069334126,627.5653413368531,632.501708984375,3573349,0.0,0.0,HDFCLIFE.NS,1120
2024-07-12 00:00:00+05:30,632.2523804479677,634.645789200214,625.3713759354438,633.798095703125,2643647,0.0,0.0,HDFCLIFE.NS,1121
2024-07-15 00:00:00+05:30,633.7980899972039,646.2137836622453,628.7620225293914,636.2911987304688,6951688,0.0,0.0,HDFCLIFE.NS,1122
2024-07-16 00:00:00+05:30,640.2303175658943,653.194482874861,631.6041370712402,644.9672241210938,9167071,0.0,0.0,HDFCLIFE.NS,1123
2024-07-18 00:00:00+05:30,644.9672302644067,649.6044368620097,639.3327801719997,647.111328125,3975243,0.0,0.0,HDFCLIFE.NS,1124
2024-07-19 00:00:00+05:30,642.8730362458842,644.2192906023907,632.4019796648856,634.1471557617188,2496778,0.0,0.0,HDFCLIFE.NS,1125
2024-07-22 00:00:00+05:30,630.1582268528657,639.2331188580623,627.2163461917581,635.64306640625,3854108,0.0,0.0,HDFCLIFE.NS,1126
2024-07-23 00:00:00+05:30,640.2303507225313,647.9091381304369,621.5320344047003,642.1749877929688,9082995,0.0,0.0,HDFCLIFE.NS,1127
2024-07-24 00:00:00+05:30,637.8369372127877,673.1393825089096,637.5377763272777,670.9454345703125,12377638,0.0,0.0,HDFCLIFE.NS,1128
2024-07-25 00:00:00+05:30,664.1642162367893,683.7101658213155,663.7154444578406,681.2669677734375,9386864,0.0,0.0,HDFCLIFE.NS,1129
2024-07-26 00:00:00+05:30,681.2669237702656,707.8434266186845,680.1699193962558,701.4111938476562,8933046,0.0,0.0,HDFCLIFE.NS,1130
2024-07-29 00:00:00+05:30,701.6106820911426,708.0429151130883,691.8377075488802,694.9291381835938,4676765,0.0,0.0,HDFCLIFE.NS,1131
2024-07-30 00:00:00+05:30,694.1811938438465,706.3974270328065,682.0148715246996,695.2781982421875,6134510,0.0,0.0,HDFCLIFE.NS,1132
2024-07-31 00:00:00+05:30,695.2782259238747,717.0181234747608,691.1894907858574,713.5277709960938,6683204,0.0,0.0,HDFCLIFE.NS,1133
2024-08-01 00:00:00+05:30,713.029099811814,720.5084260336163,708.092732332042,711.6329345703125,4074648,0.0,0.0,HDFCLIFE.NS,1134
2024-08-02 00:00:00+05:30,705.5497732449977,710.7853015976991,697.1230535325053,705.4500732421875,2710858,0.0,0.0,HDFCLIFE.NS,1135
2024-08-05 00:00:00+05:30,691.0897466607529,711.9321601925249,688.1478661574291,708.9404296875,9327217,0.0,0.0,HDFCLIFE.NS,1136
2024-08-06 00:00:00+05:30,709.6883886799606,717.0181043428186,675.4330366046295,677.7266845703125,6106310,0.0,0.0,HDFCLIFE.NS,1137
2024-08-07 00:00:00+05:30,680.2197901940218,695.7768258445567,680.2197901940218,694.330810546875,5154327,0.0,0.0,HDFCLIFE.NS,1138
2024-08-08 00:00:00+05:30,689.1949690689814,711.2340872770012,687.798864667726,708.3919067382812,5953315,0.0,0.0,HDFCLIFE.NS,1139
2024-08-09 00:00:00+05:30,712.2313284559178,713.0291110921487,699.5164736777011,700.4638671875,2848313,0.0,0.0,HDFCLIFE.NS,1140
2024-08-12 00:00:00+05:30,696.674308782581,711.6828726687793,690.2919866825928,700.5137329101562,3723417,0.0,0.0,HDFCLIFE.NS,1141
2024-08-13 00:00:00+05:30,696.1756822710489,705.3503348983552,675.6324899492472,683.11181640625,5741391,0.0,0.0,HDFCLIFE.NS,1142
2024-08-14 00:00:00+05:30,684.1090579607685,688.6963538277339,674.5355444701823,684.4580688476562,2962358,0.0,0.0,HDFCLIFE.NS,1143
2024-08-16 00:00:00+05:30,662.8179181425869,688.6963383334341,662.8179181425869,687.4996948242188,4584181,0.0,0.0,HDFCLIFE.NS,1144
2024-08-19 00:00:00+05:30,687.499688586653,687.499688586653,676.6297101635683,683.8098754882812,2352893,0.0,0.0,HDFCLIFE.NS,1145
2024-08-20 00:00:00+05:30,685.1063121485389,711.0346441949174,682.1644315314321,708.6412353515625,6828474,0.0,0.0,HDFCLIFE.NS,1146
2024-08-21 00:00:00+05:30,712.3808991192491,725.594376036621,706.6966596294591,722.5527954101562,6186935,0.0,0.0,HDFCLIFE.NS,1147
2024-08-22 00:00:00+05:30,723.998779296875,727.8880532844911,718.0651683124506,723.998779296875,3889249,0.0,0.0,HDFCLIFE.NS,1148
2024-08-23 00:00:00+05:30,723.0015653968675,728.4864048584989,721.455850085609,726.9905395507812,3898989,0.0,0.0,HDFCLIFE.NS,1149
2024-08-26 00:00:00+05:30,731.9767392684865,731.9767392684865,717.2673974371376,723.6497802734375,2131814,0.0,0.0,HDFCLIFE.NS,1150
2024-08-27 00:00:00+05:30,722.0042894209497,740.4034440526423,717.3172328272931,737.5114135742188,5627130,0.0,0.0,HDFCLIFE.NS,1151
2024-08-28 00:00:00+05:30,737.9103453039509,744.4921281045087,732.0265842648815,740.0543823242188,2995930,0.0,0.0,HDFCLIFE.NS,1152
2024-08-29 00:00:00+05:30,737.9602049800511,746.4367749021193,729.8326459433025,734.8687744140625,3962913,0.0,0.0,HDFCLIFE.NS,1153
2024-08-30 00:00:00+05:30,734.8687921529898,740.6527925366377,731.4781397555504,736.663818359375,6227807,0.0,0.0,HDFCLIFE.NS,1154
2024-09-02 00:00:00+05:30,741.1015683568982,751.9216365251153,737.8106159491309,743.24560546875,3073926,0.0,0.0,HDFCLIFE.NS,1155
2024-09-03 00:00:00+05:30,751.9216016590301,759.101767057804,739.6056687372422,756.6585083007812,6268050,0.0,0.0,HDFCLIFE.NS,1156
2024-09-04 00:00:00+05:30,749.6279693480665,757.3566066609623,746.337077891442,756.7083740234375,3031650,0.0,0.0,HDFCLIFE.NS,1157
2024-09-05 00:00:00+05:30,755.910598937679,756.558831581687,748.3315724243838,749.7775268554688,1759438,0.0,0.0,HDFCLIFE.NS,1158
2024-09-06 00:00:00+05:30,747.9326242653092,752.0212982645278,734.0210652805919,736.3646240234375,2765612,0.0,0.0,HDFCLIFE.NS,1159
2024-09-09 00:00:00+05:30,733.0737068946488,746.9354165417221,729.2343435862941,733.7717895507812,2635184,0.0,0.0,HDFCLIFE.NS,1160
2024-09-10 00:00:00+05:30,727.9878006105079,730.1318986166069,699.2671981844629,700.9625244140625,7366304,0.0,0.0,HDFCLIFE.NS,1161
2024-09-11 00:00:00+05:30,699.0677254404007,702.3586169673789,694.0815077125804,698.2200927734375,4604184,0.0,0.0,HDFCLIFE.NS,1162
2024-09-12 00:00:00+05:30,701.2117830211587,713.9764874957634,696.37511558361,712.580322265625,3487862,0.0,0.0,HDFCLIFE.NS,1163
2024-09-13 00:00:00+05:30,710.037410552004,711.7825867717595,701.2118294445776,703.4556274414062,1886832,0.0,0.0,HDFCLIFE.NS,1164
2024-09-16 00:00:00+05:30,706.8960747638527,707.245146530795,696.0760064600582,699.416748046875,2754818,0.0,0.0,HDFCLIFE.NS,1165
2024-09-17 00:00:00+05:30,699.4167086385394,700.9624847664853,689.6437344523926,696.9735107421875,2985585,0.0,0.0,HDFCLIFE.NS,1166
2024-09-18 00:00:00+05:30,696.9735401718427,703.2561623520123,691.4887006568364,696.873779296875,1527865,0.0,0.0,HDFCLIFE.NS,1167
2024-09-19 00:00:00+05:30,698.4194907939549,706.1481282499991,695.826681929661,699.5663452148438,2202499,0.0,0.0,HDFCLIFE.NS,1168
2024-09-20 00:00:00+05:30,700.0649400008343,719.0125665820535,700.0649400008343,709.1398315429688,7891171,0.0,0.0,HDFCLIFE.NS,1169
2024-09-23 00:00:00+05:30,716.8685088001473,727.9877988415485,712.0817518852574,725.4946899414062,2943802,0.0,0.0,HDFCLIFE.NS,1170
2024-09-24 00:00:00+05:30,725.4946839201288,726.9406992435933,713.1787504024092,718.7134399414062,3212859,0.0,0.0,HDFCLIFE.NS,1171
2024-09-25 00:00:00+05:30,720.0098184362716,721.1067619569299,708.1425962510136,714.5748291015625,1096265,0.0,0.0,HDFCLIFE.NS,1172
2024-09-26 00:00:00+05:30,714.5748356402986,729.9822602743909,712.3310377091273,727.5390014648438,2797065,0.0,0.0,HDFCLIFE.NS,1173
2024-09-27 00:00:00+05:30,727.4393231933047,738.6084631800037,724.347831653398,728.187255859375,4567661,0.0,0.0,HDFCLIFE.NS,1174
2024-09-30 00:00:00+05:30,732.9740144947444,734.3202689501112,714.026386909166,716.0208740234375,2488795,0.0,0.0,HDFCLIFE.NS,1175
2024-10-01 00:00:00+05:30,714.0263709340657,721.3560865682568,704.652257359953,708.2423706054688,1987048,0.0,0.0,HDFCLIFE.NS,1176
2024-10-03 00:00:00+05:30,694.6299697164063,709.987544448791,694.5801197132125,700.3142700195312,2542774,0.0,0.0,HDFCLIFE.NS,1177
2024-10-04 00:00:00+05:30,700.3142585550185,711.5332481011117,699.6161759209899,706.84619140625,2616851,0.0,0.0,HDFCLIFE.NS,1178
2024-10-07 00:00:00+05:30,709.688357841798,717.317234061392,700.9624772571265,703.904296875,3474485,0.0,0.0,HDFCLIFE.NS,1179
2024-10-08 00:00:00+05:30,698.5690649647532,710.5858368496511,697.8709823481512,708.142578125,3767320,0.0,0.0,HDFCLIFE.NS,1180
2024-10-09 00:00:00+05:30,707.893277621208,723.4503128181191,701.8101165879568,715.32275390625,1743202,0.0,0.0,HDFCLIFE.NS,1181
2024-10-10 00:00:00+05:30,719.0125538511988,724.1982321549922,711.3337668308619,721.6552734375,2249443,0.0,0.0,HDFCLIFE.NS,1182
2024-10-11 00:00:00+05:30,719.5111774401711,723.5001513968733,715.023581738881,721.8546752929688,1984588,0.0,0.0,HDFCLIFE.NS,1183
2024-10-14 00:00:00+05:30,725.9932886049849,739.5557762431473,724.2979624334858,738.5585327148438,3985624,0.0,0.0,HDFCLIFE.NS,1184
2024-10-15 00:00:00+05:30,740.75247947952,744.3924426988398,709.3393083876158,712.2811889648438,6665822,0.0,0.0,HDFCLIFE.NS,1185
2024-10-16 00:00:00+05:30,721.4558284174178,730.431019994163,712.8794977239355,724.7965698242188,5375005,0.0,0.0,HDFCLIFE.NS,1186
2024-10-17 00:00:00+05:30,727.9877848986863,729.4836502101219,713.976525321622,724.0985107421875,4310887,0.0,0.0,HDFCLIFE.NS,1187
2024-10-18 00:00:00+05:30,723.998774775468,741.9491576211408,718.1150138292882,740.4034423828125,3703858,0.0,0.0,HDFCLIFE.NS,1188
2024-10-21 00:00:00+05:30,746.7857979924374,753.3676418537613,740.40347587872,743.7940673828125,4508689,0.0,0.0,HDFCLIFE.NS,1189
2024-10-22 00:00:00+05:30,743.7442107636821,747.6833348713657,722.3533249217553,726.1927490234375,3346783,0.0,0.0,HDFCLIFE.NS,1190
2024-10-23 00:00:00+05:30,723.0015592953907,729.9822640058289,716.2203154643479,721.7550048828125,1668266,0.0,0.0,HDFCLIFE.NS,1191
2024-10-24 00:00:00+05:30,723.0015628279194,732.97399817727,709.0900033421923,712.8795166015625,1806714,0.0,0.0,HDFCLIFE.NS,1192
2024-10-25 00:00:00+05:30,716.0208659447062,717.7161921460922,698.0704821187944,707.4944458007812,2852838,0.0,0.0,HDFCLIFE.NS,1193
2024-10-28 00:00:00+05:30,708.2921936268845,719.8103438419433,703.7547478896689,716.2701416015625,1448334,0.0,0.0,HDFCLIFE.NS,1194
2024-10-29 00:00:00+05:30,716.0208706684484,743.0461465934299,706.1980460234541,740.3536376953125,4585180,0.0,0.0,HDFCLIFE.NS,1195
2024-10-30 00:00:00+05:30,742.19849937714,742.9464320268315,722.5527896051952,725.0458984375,1645358,0.0,0.0,HDFCLIFE.NS,1196
2024-10-31 00:00:00+05:30,721.1067978519769,724.7467612127464,711.1842730689822,718.1649780273438,2028752,0.0,0.0,HDFCLIFE.NS,1197
2024-11-01 00:00:00+05:30,719.9599630205586,723.9987870559592,718.1649368789265,721.7051391601562,198743,0.0,0.0,HDFCLIFE.NS,1198
2024-11-04 00:00:00+05:30,718.2148278194717,725.594393681689,704.153657030216,708.8905639648438,2047984,0.0,0.0,HDFCLIFE.NS,1199
2024-11-05 00:00:00+05:30,708.8406555448448,724.5970904029031,683.5107075967267,715.2728881835938,5036300,0.0,0.0,HDFCLIFE.NS,1200
2024-11-06 00:00:00+05:30,715.0236303455389,716.0208739025062,702.4084750031363,706.7465209960938,2878220,0.0,0.0,HDFCLIFE.NS,1201
2024-11-07 00:00:00+05:30,706.7464896765209,711.7327072403923,701.3613503607743,709.7382202148438,1935062,0.0,0.0,HDFCLIFE.NS,1202
2024-11-08 00:00:00+05:30,707.5443016596049,717.8657480981477,705.0511927742646,706.5470581054688,1272302,0.0,0.0,HDFCLIFE.NS,1203
2024-11-11 00:00:00+05:30,702.1591462690649,709.6384727562382,693.8820371299761,703.4057006835938,1888427,0.0,0.0,HDFCLIFE.NS,1204
2024-11-12 00:00:00+05:30,705.599672348973,717.8657560269429,694.1812213546144,698.0704956054688,2502158,0.0,0.0,HDFCLIFE.NS,1205
2024-11-13 00:00:00+05:30,693.0842676302331,696.923630953073,681.2669559030163,683.1616821289062,2080391,0.0,0.0,HDFCLIFE.NS,1206
2024-11-14 00:00:00+05:30,679.6214315980587,694.7795446669517,679.6214315980587,692.0869750976562,1715862,0.0,0.0,HDFCLIFE.NS,1207
2024-11-18 00:00:00+05:30,685.1063272198587,692.0371821504153,680.6187311900344,688.5966796875,1666040,0.0,0.0,HDFCLIFE.NS,1208
2024-11-19 00:00:00+05:30,686.1534127742785,691.0897805228248,666.4578526511533,678.5245361328125,6438490,0.0,0.0,HDFCLIFE.NS,1209
2024-11-21 00:00:00+05:30,678.5245379796704,679.0730097605759,667.0063262460728,672.5410766601562,2194259,0.0,0.0,HDFCLIFE.NS,1210
2024-11-22 00:00:00+05:30,678.1255697656568,689.3944089722037,672.2917197254669,686.302978515625,1788502,0.0,0.0,HDFCLIFE.NS,1211
2024-11-25 00:00:00+05:30,688.0980320172539,693.8820322869145,679.5217620519205,682.912353515625,4622983,0.0,0.0,HDFCLIFE.NS,1212
2024-11-26 00:00:00+05:30,682.1145471708543,691.4886603237683,673.1393557607114,680.5189819335938,1767673,0.0,0.0,HDFCLIFE.NS,1213
2024-11-27 00:00:00+05:30,679.9704766814283,687.3999531543787,677.4275178529459,678.674072265625,2422336,0.0,0.0,HDFCLIFE.NS,1214
2024-11-28 00:00:00+05:30,680.1200906813322,688.2476498360935,636.8896077978404,655.8870849609375,13625371,0.0,0.0,HDFCLIFE.NS,1215
2024-11-29 00:00:00+05:30,668.1531842767128,672.2418585202962,649.5047175570988,655.9369506835938,5934406,0.0,0.0,HDFCLIFE.NS,1216
2024-12-02 00:00:00+05:30,648.20827688948,662.1696859301765,637.3382983610296,638.435302734375,4977558,0.0,0.0,HDFCLIFE.NS,1217
2024-12-03 00:00:00+05:30,645.0170850253926,645.0170850253926,630.5570542440347,632.2523803710938,8256858,0.0,0.0,HDFCLIFE.NS,1218
2024-12-04 00:00:00+05:30,633.2496173159061,649.2055131852833,633.2496173159061,648.4575805664062,7392523,0.0,0.0,HDFCLIFE.NS,1219
2024-12-05 00:00:00+05:30,648.4077519414653,651.6986433996339,637.5876231781859,641.377197265625,6163444,0.0,0.0,HDFCLIFE.NS,1220
2024-12-06 00:00:00+05:30,643.2220530903255,645.6653118219581,633.4490790307077,634.7454833984375,6455327,0.0,0.0,HDFCLIFE.NS,1221
2024-12-09 00:00:00+05:30,636.1416705518825,644.5683296658964,632.9504790904351,640.0308837890625,4027169,0.0,0.0,HDFCLIFE.NS,1222
2024-12-10 00:00:00+05:30,640.0308913734314,642.6736110994418,628.6124406746338,631.5543212890625,6158405,0.0,0.0,HDFCLIFE.NS,1223
2024-12-11 00:00:00+05:30,633.050184775946,638.8341851140723,631.0556977030118,632.900634765625,2396993,0.0,0.0,HDFCLIFE.NS,1224
2024-12-12 00:00:00+05:30,634.2469007768332,635.0446834471944,618.1913038932428,624.8229370117188,3807072,0.0,0.0,HDFCLIFE.NS,1225
2024-12-13 00:00:00+05:30,623.277219842066,632.1527117993834,619.4378565146053,630.806396484375,2573194,0.0,0.0,HDFCLIFE.NS,1226
2024-12-16 00:00:00+05:30,630.8063593363934,634.6457833046677,626.8173853643135,633.1997680664062,2175242,0.0,0.0,HDFCLIFE.NS,1227
2024-12-17 00:00:00+05:30,633.1998092503568,634.5959137112413,623.8755454640133,625.0223999023438,3179067,0.0,0.0,HDFCLIFE.NS,1228
2024-12-18 00:00:00+05:30,621.4323257635964,628.0639586720315,618.5901452026262,622.8284301757812,4331195,0.0,0.0,HDFCLIFE.NS,1229
2024-12-19 00:00:00+05:30,616.3463374680657,623.2771920166738,613.6039178231923,621.8311767578125,3779968,0.0,0.0,HDFCLIFE.NS,1230
2024-12-20 00:00:00+05:30,617.9918312216553,624.7730750907577,616.4959659181659,622.0805053710938,3996244,0.0,0.0,HDFCLIFE.NS,1231
2024-12-23 00:00:00+05:30,623.3270320681114,624.7231973027062,611.9085819192628,620.8339233398438,2924609,0.0,0.0,HDFCLIFE.NS,1232
2024-12-24 00:00:00+05:30,620.8339686571654,626.3188082597162,617.2937661779932,620.7841186523438,1445089,0.0,0.0,HDFCLIFE.NS,1233
2024-12-26 00:00:00+05:30,618.1912572276415,627.7149202825417,617.4931746186782,624.67333984375,3523864,0.0,0.0,HDFCLIFE.NS,1234
2024-12-27 00:00:00+05:30,624.6733870117818,627.6651176758862,618.8893257009801,620.185791015625,726298,0.0,0.0,HDFCLIFE.NS,1235
2024-12-30 00:00:00+05:30,618.6400008789227,622.1802641119101,612.6565396854769,615.6981811523438,1564417,0.0,0.0,HDFCLIFE.NS,1236
2024-12-31 00:00:00+05:30,615.4987319731962,617.4433690714168,609.365659786558,615.34912109375,2645522,0.0,0.0,HDFCLIFE.NS,1237
2025-01-01 00:00:00+05:30,613.4044703307055,617.7923662049968,610.9612723782288,615.4987182617188,1386549,0.0,0.0,HDFCLIFE.NS,1238
2025-01-02 00:00:00+05:30,615.2992712590612,619.3879454733357,612.3075406046412,618.4406127929688,2449967,0.0,0.0,HDFCLIFE.NS,1239
2025-01-03 00:00:00+05:30,617.2937407516554,622.3298083695421,613.9529992962918,621.28271484375,2956679,0.0,0.0,HDFCLIFE.NS,1240
2025-01-06 00:00:00+05:30,625.2716880785787,625.2716880785787,601.6868544446385,604.2797241210938,5743310,0.0,0.0,HDFCLIFE.NS,1241
2025-01-07 00:00:00+05:30,604.3295593317672,618.9890509146827,603.8309375831436,618.141357421875,2813892,0.0,0.0,HDFCLIFE.NS,1242
2025-01-08 00:00:00+05:30,618.3408458762257,621.5320373831444,613.4044781712797,616.2965087890625,1861556,0.0,0.0,HDFCLIFE.NS,1243
2025-01-09 00:00:00+05:30,614.4017255237509,619.3879432633265,608.2188642202096,610.5125122070312,2141675,0.0,0.0,HDFCLIFE.NS,1244
2025-01-10 00:00:00+05:30,608.3683944405757,613.2050620107652,601.3378398298778,606.9722900390625,1966939,0.0,0.0,HDFCLIFE.NS,1245
2025-01-13 00:00:00+05:30,605.3268172855226,606.7728325644474,595.6535429578241,598.0968017578125,2105862,0.0,0.0,HDFCLIFE.NS,1246
2025-01-14 00:00:00+05:30,603.3323065088003,606.3738869550078,593.2102608214334,598.7948608398438,3122102,0.0,0.0,HDFCLIFE.NS,1247
2025-01-15 00:00:00+05:30,602.8337302535814,602.8337302535814,582.6893982272248,592.5621337890625,5633587,0.0,0.0,HDFCLIFE.NS,1248
2025-01-16 00:00:00+05:30,628.3631185563798,661.7707765269487,627.2163250267924,639.6320190429688,24198675,0.0,0.0,HDFCLIFE.NS,1249
2025-01-17 00:00:00+05:30,638.2358616226019,648.1584469571487,631.6540786463847,640.4298095703125,3671715,0.0,0.0,HDFCLIFE.NS,1250
2025-01-20 00:00:00+05:30,640.2303443064417,642.2746813633207,628.8118937494003,632.30224609375,1956252,0.0,0.0,HDFCLIFE.NS,1251
2025-01-21 00:00:00+05:30,634.2468907282903,635.2939842707323,621.1830247157158,622.2799682617188,1820019,0.0,0.0,HDFCLIFE.NS,1252
2025-01-22 00:00:00+05:30,627.2661897920826,627.2661897920826,611.2105930646794,616.4959716796875,2296057,0.0,0.0,HDFCLIFE.NS,1253
2025-01-23 00:00:00+05:30,616.2964775343448,623.4766428440497,610.911338335338,619.2882080078125,1673008,0.0,0.0,HDFCLIFE.NS,1254
2025-01-24 00:00:00+05:30,618.8394676785288,623.2772136128352,611.60945200062,619.387939453125,1793560,0.0,0.0,HDFCLIFE.NS,1255
2025-01-27 00:00:00+05:30,616.2964926191173,618.041668771356,604.7284921853299,608.5180053710938,1730503,0.0,0.0,HDFCLIFE.NS,1256
2025-01-28 00:00:00+05:30,609.2659360518473,612.3075165911732,598.4458074225555,609.8642578125,2662789,0.0,0.0,HDFCLIFE.NS,1257
2025-01-29 00:00:00+05:30,610.313013276689,627.9642351477796,603.4819197460922,626.617919921875,2005819,0.0,0.0,HDFCLIFE.NS,1258
2025-01-30 00:00:00+05:30,622.9780144744601,634.3465536326104,622.2799318646911,632.4019775390625,2899445,0.0,0.0,HDFCLIFE.NS,1259
2025-01-31 00:00:00+05:30,636.2413487291859,639.2330792091037,628.4130116534993,636.2911987304688,1012392,0.0,0.0,HDFCLIFE.NS,1260
2025-02-01 00:00:00+05:30,637.2884553094669,665.7098954522745,593.6092015791663,623.7758178710938,10039413,0.0,0.0,HDFCLIFE.NS,1261
2025-02-03 00:00:00+05:30,613.8033728061379,628.6124143995371,608.3185335690399,619.6871337890625,3293387,0.0,0.0,HDFCLIFE.NS,1262
2025-02-04 00:00:00+05:30,626.2190806954115,626.2689306980398,613.7036866900357,624.1747436523438,3244955,0.0,0.0,HDFCLIFE.NS,1263
2025-02-05 00:00:00+05:30,624.274447553315,637.2386133970739,622.978043142322,626.1193237304688,4467504,0.0,0.0,HDFCLIFE.NS,1264
2025-02-06 00:00:00+05:30,624.7232293639811,636.6403018700765,621.4323378471591,630.2080688476562,4837012,0.0,0.0,HDFCLIFE.NS,1265
2025-02-07 00:00:00+05:30,630.2080298183702,635.7427189630188,622.8284037142308,633.9476928710938,2538330,0.0,0.0,HDFCLIFE.NS,1266
2025-02-10 00:00:00+05:30,634.2468537419294,639.0336102760333,625.022351545211,633.9476928710938,3394573,0.0,0.0,HDFCLIFE.NS,1267
2025-02-11 00:00:00+05:30,630.5072352464326,633.1000441327873,611.2604468816488,616.8948364257812,2327875,0.0,0.0,HDFCLIFE.NS,1268
2025-02-12 00:00:00+05:30,616.3961821314304,635.144408598444,606.4736580139946,627.415771484375,3378279,0.0,0.0,HDFCLIFE.NS,1269
2025-02-13 00:00:00+05:30,627.4157910582911,638.2358590087836,625.9199257637393,627.864501953125,2808139,0.0,0.0,HDFCLIFE.NS,1270
2025-02-14 00:00:00+05:30,628.2633899892014,632.1526638930419,620.7840639179013,624.473876953125,1693078,0.0,0.0,HDFCLIFE.NS,1271
2025-02-17 00:00:00+05:30,624.4739241072668,625.2717067750639,612.2576906016934,621.5320434570312,1860572,0.0,0.0,HDFCLIFE.NS,1272
2025-02-18 00:00:00+05:30,622.2799641490573,624.2744512136376,609.6648091188209,617.243896484375,1887686,0.0,0.0,HDFCLIFE.NS,1273
2025-02-19 00:00:00+05:30,615.2992672841162,622.2799720993331,612.108075766634,621.1331176757812,2007325,0.0,0.0,HDFCLIFE.NS,1274
2025-02-20 00:00:00+05:30,621.2826850152785,628.2633893412929,614.6011415584253,618.2909545898438,2881981,0.0,0.0,HDFCLIFE.NS,1275
2025-02-21 00:00:00+05:30,616.0970499467579,622.1802720915963,611.7590648726393,621.1331176757812,1627631,0.0,0.0,HDFCLIFE.NS,1276
2025-02-24 00:00:00+05:30,614.3020118453708,619.7868512368473,612.8061465567862,615.2992553710938,983443,0.0,0.0,HDFCLIFE.NS,1277
2025-02-25 00:00:00+05:30,615.3490802996582,621.5818520814531,611.4099563601815,620.43505859375,1606709,0.0,0.0,HDFCLIFE.NS,1278
2025-02-27 00:00:00+05:30,623.277217641844,626.1193374075245,613.3047821595745,616.6954345703125,1831493,0.0,0.0,HDFCLIFE.NS,1279
2025-02-28 00:00:00+05:30,612.3075323300765,615.2494129405503,598.6951336896532,606.8226928710938,5013148,0.0,0.0,HDFCLIFE.NS,1280
2025-03-03 00:00:00+05:30,606.8226951426287,618.4406067505479,605.326829830034,616.2965087890625,3624490,0.0,0.0,HDFCLIFE.NS,1281
2025-03-04 00:00:00+05:30,611.4100067044359,619.0887943452703,607.6204933224537,614.8006591796875,3262295,0.0,0.0,HDFCLIFE.NS,1282
2025-03-05 00:00:00+05:30,611.3102620709252,623.2771840037981,610.3130185765191,619.4876708984375,2661830,0.0,0.0,HDFCLIFE.NS,1283
2025-03-06 00:00:00+05:30,619.4877181084194,626.2689622137839,610.9113868827936,616.5458374023438,2491123,0.0,0.0,HDFCLIFE.NS,1284
2025-03-07 00:00:00+05:30,616.5956796740596,631.2551721485223,616.446129660525,623.4766845703125,3169440,0.0,0.0,HDFCLIFE.NS,1285
2025-03-10 00:00:00+05:30,623.3270501400084,631.2551482991388,621.2827130969407,624.1747436523438,2316148,0.0,0.0,HDFCLIFE.NS,1286
2025-03-11 00:00:00+05:30,621.2827155665949,635.7925966700884,612.9557564864248,635.1942749023438,2677293,0.0,0.0,HDFCLIFE.NS,1287
2025-03-12 00:00:00+05:30,635.1943024021184,637.9865722173377,625.3714167434911,630.2579345703125,2704337,0.0,0.0,HDFCLIFE.NS,1288
2025-03-13 00:00:00+05:30,629.2606570771653,630.5570614714535,617.7425066685493,620.6843872070312,2211232,0.0,0.0,HDFCLIFE.NS,1289
2025-03-17 00:00:00+05:30,620.6843992204775,629.609680146354,620.6843992204775,628.06396484375,1075106,0.0,0.0,HDFCLIFE.NS,1290
2025-03-18 00:00:00+05:30,628.06396484375,628.06396484375,628.06396484375,628.06396484375,0,0.0,0.0,HDFCLIFE.NS,1291
2025-03-19 00:00:00+05:30,640.2303704073122,664.0645160200211,638.884115937802,662.7182006835938,2470532,0.0,0.0,HDFCLIFE.NS,1292
2025-03-20 00:00:00+05:30,663.1669472464712,676.4801240211195,657.2831860745111,672.4911499023438,4425855,0.0,0.0,HDFCLIFE.NS,1293
2025-03-21 00:00:00+05:30,675.9316583739917,679.222549878399,667.2057774101535,677.7266845703125,3725271,0.0,0.0,HDFCLIFE.NS,1294
2025-03-24 00:00:00+05:30,677.7266571632009,685.5550551457577,673.7376831696167,678.02587890625,1401023,0.0,0.0,HDFCLIFE.NS,1295
2025-03-25 00:00:00+05:30,681.1173027556046,684.1090332215882,669.4993917659366,671.2445678710938,2019661,0.0,0.0,HDFCLIFE.NS,1296
2025-03-26 00:00:00+05:30,671.2446132072396,678.5245398596854,663.0173538701121,666.5576171875,2231203,0.0,0.0,HDFCLIFE.NS,1297
2025-03-27 00:00:00+05:30,666.5575981210727,682.7128945728789,665.2112828388125,680.0203857421875,5951034,0.0,0.0,HDFCLIFE.NS,1298
2025-03-28 00:00:00+05:30,682.0148493738311,686.3528342226616,676.0812384156686,683.8098754882812,3116601,0.0,0.0,HDFCLIFE.NS,1299
2025-04-01 00:00:00+05:30,681.1173161902859,696.1258188172894,678.125585665292,690.9900512695312,4620146,0.0,0.0,HDFCLIFE.NS,1300
2025-04-02 00:00:00+05:30,691.388898638226,699.8156182922922,688.2974681695921,694.2310791015625,3047499,0.0,0.0,HDFCLIFE.NS,1301
2025-04-03 00:00:00+05:30,686.6021554861081,695.8765079402066,673.1393681236354,690.9900512695312,1353987,0.0,0.0,HDFCLIFE.NS,1302
2025-04-04 00:00:00+05:30,685.1062977245459,693.0842458785435,682.2641780414499,687.150634765625,3867188,0.0,0.0,HDFCLIFE.NS,1303
2025-04-07 00:00:00+05:30,661.9203709813787,678.1255778038984,649.9035990186775,664.1143188476562,3861746,0.0,0.0,HDFCLIFE.NS,1304
2025-04-08 00:00:00+05:30,672.6407516540683,687.8487152756021,666.4578296804553,683.8597412109375,3279965,0.0,0.0,HDFCLIFE.NS,1305
2025-04-09 00:00:00+05:30,683.6104361562717,689.6935973099484,677.2779641214295,682.912353515625,3054715,0.0,0.0,HDFCLIFE.NS,1306
2025-04-11 00:00:00+05:30,681.5162412870197,688.4969458796181,680.2696868954843,683.6602783203125,3264303,0.0,0.0,HDFCLIFE.NS,1307
2025-04-15 00:00:00+05:30,689.2448700591257,705.5497769536208,688.3971765631326,702.7575073242188,2306442,0.0,0.0,HDFCLIFE.NS,1308
2025-04-16 00:00:00+05:30,698.2699469649401,719.3616115599597,698.2699469649401,714.0762329101562,3452538,0.0,0.0,HDFCLIFE.NS,1309
2025-04-17 00:00:00+05:30,714.0762114605185,721.7549987501377,707.5941285701891,718.065185546875,3105731,0.0,0.0,HDFCLIFE.NS,1310
2025-04-21 00:00:00+05:30,723.0015828690208,723.0015828690208,701.6605462830859,710.2368774414062,6168127,0.0,0.0,HDFCLIFE.NS,1311
2025-04-22 00:00:00+05:30,716.0208659634368,719.8602292684244,706.5969022812035,710.5858764648438,2669384,0.0,0.0,HDFCLIFE.NS,1312
2025-04-23 00:00:00+05:30,713.4280688787618,713.9266906599556,703.1564114926376,707.1453857421875,2091384,0.0,0.0,HDFCLIFE.NS,1313
2025-04-24 00:00:00+05:30,711.034622458283,714.0263529875606,703.0566743802098,706.4473266601562,3814638,0.0,0.0,HDFCLIFE.NS,1314
2025-04-25 00:00:00+05:30,709.4889147940872,731.47812224652,690.7407487831011,702.60791015625,3714671,0.0,0.0,HDFCLIFE.NS,1315
2025-04-28 00:00:00+05:30,700.7630654287377,712.530527324535,696.1757085087377,708.8905639648438,1944250,0.0,0.0,HDFCLIFE.NS,1316
2025-04-29 00:00:00+05:30,713.9266730194211,717.0181036396689,705.0511811867119,713.0789794921875,2545118,0.0,0.0,HDFCLIFE.NS,1317
2025-04-30 00:00:00+05:30,710.1370923892674,747.7331855919278,710.1370923892674,741.6500244140625,8732964,0.0,0.0,HDFCLIFE.NS,1318
2025-05-02 00:00:00+05:30,741.6500177566576,747.2844071226804,725.3450496898014,727.14013671875,2512684,0.0,0.0,HDFCLIFE.NS,1319
2025-05-05 00:00:00+05:30,728.0874893425705,739.3064792467002,725.2952195842591,736.86328125,2761798,0.0,0.0,HDFCLIFE.NS,1320
2025-05-06 00:00:00+05:30,736.863272616606,740.6029358741671,716.8186410359294,720.608154296875,1498360,0.0,0.0,HDFCLIFE.NS,1321
2025-05-07 00:00:00+05:30,717.0180844994991,726.8409087373235,716.0208409883732,721.9046020507812,1657343,0.0,0.0,HDFCLIFE.NS,1322
2025-05-08 00:00:00+05:30,716.5194685217909,724.1982557927628,713.5277379642887,720.9572143554688,3057761,0.0,0.0,HDFCLIFE.NS,1323
2025-05-09 00:00:00+05:30,707.0456388343722,715.0235868042946,706.447317083393,711.6329345703125,3210705,0.0,0.0,HDFCLIFE.NS,1324
2025-05-12 00:00:00+05:30,718.0153420419907,734.9684820624267,718.0153420419907,732.5750732421875,1488045,0.0,0.0,HDFCLIFE.NS,1325
2025-05-13 00:00:00+05:30,733.3729365113586,740.3536414136596,730.131894949576,733.0238647460938,1445358,0.0,0.0,HDFCLIFE.NS,1326
2025-05-14 00:00:00+05:30,737.960191451408,747.9326264710216,732.1263413116993,739.655517578125,2058831,0.0,0.0,HDFCLIFE.NS,1327
2025-05-15 00:00:00+05:30,741.0017745795999,751.5226813891175,731.9767330283147,749.1293334960938,3338741,0.0,0.0,HDFCLIFE.NS,1328
2025-05-16 00:00:00+05:30,747.9326683533096,751.9216425845273,744.9907876844032,748.4811401367188,1426234,0.0,0.0,HDFCLIFE.NS,1329
2025-05-19 00:00:00+05:30,744.9409416701583,753.9161337384734,744.2927090073466,748.8800659179688,1187450,0.0,0.0,HDFCLIFE.NS,1330
2025-05-20 00:00:00+05:30,746.4866490200953,755.5616018676254,743.6943792465922,744.9907836914062,2191829,0.0,0.0,HDFCLIFE.NS,1331
2025-05-21 00:00:00+05:30,745.9381349208741,758.9023003673599,743.943647929107,757.6058959960938,1928533,0.0,0.0,HDFCLIFE.NS,1332
2025-05-22 00:00:00+05:30,757.6059035095637,759.9494014013663,750.1265772162619,753.7664794921875,2391952,0.0,0.0,HDFCLIFE.NS,1333
2025-05-23 00:00:00+05:30,753.7166140717027,779.1961729496063,749.9769510015531,778.2488403320312,4511523,0.0,0.0,HDFCLIFE.NS,1334
2025-05-26 00:00:00+05:30,782.1381107138614,783.9830478171317,775.5563275749007,777.8499755859375,2343463,0.0,0.0,HDFCLIFE.NS,1335
2025-05-27 00:00:00+05:30,777.8499339179166,779.0466382973268,767.5783379895627,773.6614990234375,3472288,0.0,0.0,HDFCLIFE.NS,1336
2025-05-28 00:00:00+05:30,777.6505012618119,788.5703302114393,773.9108379822761,787.27392578125,4163057,0.0,0.0,HDFCLIFE.NS,1337
2025-05-29 00:00:00+05:30,785.8279022805997,788.919332879354,776.5036996142646,778.7474975585938,2916417,0.0,0.0,HDFCLIFE.NS,1338
2025-05-30 00:00:00+05:30,778.7475031865756,784.5813535372264,773.2127528570325,774.7086181640625,3184086,0.0,0.0,HDFCLIFE.NS,1339
2025-06-02 00:00:00+05:30,769.6226764230039,780.3430441218019,760.3981739845034,764.5866088867188,3456222,0.0,0.0,HDFCLIFE.NS,1340
2025-06-03 00:00:00+05:30,746.3370993334344,766.3816703998588,744.9409340126149,755.8109130859375,3357675,0.0,0.0,HDFCLIFE.NS,1341
2025-06-04 00:00:00+05:30,751.9216172804462,764.2874613278452,751.9216172804462,756.7083740234375,2322495,0.0,0.0,HDFCLIFE.NS,1342
2025-06-05 00:00:00+05:30,756.9078624759918,766.0326654020145,753.4175100139813,759.5006713867188,1638871,0.0,0.0,HDFCLIFE.NS,1343
2025-06-06 00:00:00+05:30,762.2929680810955,762.2929680810955,748.4811088624641,753.0185546875,1215092,0.0,0.0,HDFCLIFE.NS,1344
2025-06-09 00:00:00+05:30,753.0185766302136,763.7389447410632,742.9962911743838,758.3040161132812,3151657,0.0,0.0,HDFCLIFE.NS,1345
2025-06-10 00:00:00+05:30,762.0436537799194,763.4896081782921,748.1320946189132,760.3483276367188,2167862,0.0,0.0,HDFCLIFE.NS,1346
2025-06-11 00:00:00+05:30,760.0990188306234,770.1213039767175,758.1543818042078,762.093505859375,1530367,0.0,0.0,HDFCLIFE.NS,1347
2025-06-12 00:00:00+05:30,762.9909838925358,766.8802579218698,750.5753509070973,752.4202270507812,1600355,0.0,0.0,HDFCLIFE.NS,1348
2025-06-13 00:00:00+05:30,741.8494992182142,751.8717846956687,738.2095359236313,750.7747802734375,1490695,0.0,0.0,HDFCLIFE.NS,1349
2025-06-16 00:00:00+05:30,748.7802552933465,771.1683839719173,748.0323226706788,768.4259643554688,2304692,0.0,0.0,HDFCLIFE.NS,1350
2025-06-17 00:00:00+05:30,771.76680038698,775.705863678664,764.287473832772,771.816650390625,1899985,0.0,0.0,HDFCLIFE.NS,1351
2025-06-18 00:00:00+05:30,771.8665001357001,772.3152719021853,762.891308273657,764.0880126953125,1059077,0.0,0.0,HDFCLIFE.NS,1352
2025-06-19 00:00:00+05:30,763.8885238520608,765.8331608577039,751.6224409296466,759.7499389648438,3059158,0.0,0.0,HDFCLIFE.NS,1353
2025-06-20 00:00:00+05:30,760.7999877929688,781.2000122070312,758.0,778.9500122070312,5256299,2.1,0.0,HDFCLIFE.NS,1354
2025-06-23 00:00:00+05:30,769.9500122070312,784.0,769.0,774.1500244140625,1848140,0.0,0.0,HDFCLIFE.NS,1355
2025-06-24 00:00:00+05:30,779.5,787.0499877929688,777.2999877929688,779.7000122070312,1965197,0.0,0.0,HDFCLIFE.NS,1356
2025-06-25 00:00:00+05:30,780.0499877929688,787.6500244140625,778.5499877929688,785.0999755859375,2733266,0.0,0.0,HDFCLIFE.NS,1357
2025-06-26 00:00:00+05:30,789.0,802.1500244140625,785.5999755859375,799.4500122070312,4290163,0.0,0.0,HDFCLIFE.NS,1358
2025-06-27 00:00:00+05:30,801.0,811.2000122070312,794.0,806.9500122070312,17236651,0.0,0.0,HDFCLIFE.NS,1359
2025-06-30 00:00:00+05:30,809.0,820.75,801.5499877929688,814.2999877929688,2971593,0.0,0.0,HDFCLIFE.NS,1360
2025-07-01 00:00:00+05:30,814.2999877929688,818.9000244140625,806.0499877929688,809.9000244140625,2596888,0.0,0.0,HDFCLIFE.NS,1361
2025-07-02 00:00:00+05:30,808.5,812.5999755859375,788.0,789.7000122070312,3248677,0.0,0.0,HDFCLIFE.NS,1362
2025-07-03 00:00:00+05:30,788.9500122070312,789.0499877929688,777.2000122070312,785.8499755859375,3442861,0.0,0.0,HDFCLIFE.NS,1363
2025-07-04 00:00:00+05:30,783.9000244140625,788.7999877929688,780.2000122070312,785.0999755859375,1536851,0.0,0.0,HDFCLIFE.NS,1364
2025-07-07 00:00:00+05:30,781.0499877929688,792.75,781.0499877929688,789.4500122070312,2169992,0.0,0.0,HDFCLIFE.NS,1365
2025-07-08 00:00:00+05:30,785.0,796.5,783.0999755859375,794.1500244140625,5033587,0.0,0.0,HDFCLIFE.NS,1366
2025-07-09 00:00:00+05:30,792.0,797.9500122070312,784.0,786.2999877929688,2165913,0.0,0.0,HDFCLIFE.NS,1367
2025-07-10 00:00:00+05:30,783.0,788.0,763.4000244140625,771.25,2602721,0.0,0.0,HDFCLIFE.NS,1368
2025-07-11 00:00:00+05:30,765.0,777.4000244140625,756.8499755859375,759.0,3508424,0.0,0.0,HDFCLIFE.NS,1369
2025-07-14 00:00:00+05:30,755.2000122070312,767.4500122070312,753.0,764.75,1794592,0.0,0.0,HDFCLIFE.NS,1370
2025-07-15 00:00:00+05:30,769.0,770.2999877929688,752.1500244140625,756.8499755859375,2842400,0.0,0.0,HDFCLIFE.NS,1371
2025-07-16 00:00:00+05:30,765.0,776.9000244140625,754.7999877929688,755.9500122070312,6273181,0.0,0.0,HDFCLIFE.NS,1372
2025-07-17 00:00:00+05:30,759.6500244140625,760.7000122070312,746.2999877929688,751.7999877929688,4378210,0.0,0.0,HDFCLIFE.NS,1373
2025-07-18 00:00:00+05:30,755.0,757.0,736.4000244140625,739.5,3450063,0.0,0.0,HDFCLIFE.NS,1374
2025-07-21 00:00:00+05:30,738.0,753.5,732.8499755859375,752.2999877929688,2073697,0.0,0.0,HDFCLIFE.NS,1375
2025-07-22 00:00:00+05:30,752.0,768.5499877929688,751.5499877929688,763.2999877929688,4334529,0.0,0.0,HDFCLIFE.NS,1376
2025-07-23 00:00:00+05:30,765.0,768.2999877929688,758.0999755859375,762.5,1312711,0.0,0.0,HDFCLIFE.NS,1377
2025-07-24 00:00:00+05:30,762.0,766.3499755859375,756.0,757.2999877929688,1258684,0.0,0.0,HDFCLIFE.NS,1378
2025-07-25 00:00:00+05:30,752.8499755859375,766.5,751.0999755859375,762.3499755859375,1708286,0.0,0.0,HDFCLIFE.NS,1379
2025-07-28 00:00:00+05:30,762.0,769.7999877929688,756.5499877929688,761.2000122070312,1509806,0.0,0.0,HDFCLIFE.NS,1380
2025-07-29 00:00:00+05:30,762.0,765.0,755.0999755859375,756.3499755859375,1129341,0.0,0.0,HDFCLIFE.NS,1381
2025-07-30 00:00:00+05:30,752.2999877929688,762.0,750.0,757.4500122070312,2011152,0.0,0.0,HDFCLIFE.NS,1382
2025-07-31 00:00:00+05:30,746.0,761.25,746.0,755.5,1783473,0.0,0.0,HDFCLIFE.NS,1383
2025-08-01 00:00:00+05:30,752.5499877929688,756.3499755859375,740.0999755859375,741.7000122070312,1697685,0.0,0.0,HDFCLIFE.NS,1384
2025-08-04 00:00:00+05:30,741.5,747.5499877929688,732.1500244140625,739.7999877929688,2555375,0.0,0.0,HDFCLIFE.NS,1385
2025-08-05 00:00:00+05:30,735.7999877929688,742.25,731.6500244140625,738.5,1988095,0.0,0.0,HDFCLIFE.NS,1386
2025-08-06 00:00:00+05:30,734.0999755859375,755.0,734.0999755859375,752.5499877929688,1797969,0.0,0.0,HDFCLIFE.NS,1387
2025-08-07 00:00:00+05:30,747.0499877929688,757.6500244140625,747.0499877929688,755.7000122070312,1423219,0.0,0.0,HDFCLIFE.NS,1388
2025-08-08 00:00:00+05:30,756.0,764.5,756.0,761.5499877929688,2210684,0.0,0.0,HDFCLIFE.NS,1389
2025-08-11 00:00:00+05:30,763.5,765.8499755859375,753.7000122070312,764.75,1719052,0.0,0.0,HDFCLIFE.NS,1390
2025-08-12 00:00:00+05:30,764.75,772.9500122070312,758.3499755859375,766.2000122070312,1996036,0.0,0.0,HDFCLIFE.NS,1391
2025-08-13 00:00:00+05:30,765.8499755859375,783.7000122070312,763.5999755859375,776.5999755859375,1720968,0.0,0.0,HDFCLIFE.NS,1392
2025-08-14 00:00:00+05:30,778.75,790.75,777.9500122070312,788.75,2861621,0.0,0.0,HDFCLIFE.NS,1393
2025-08-18 00:00:00+05:30,809.0,815.0,789.0999755859375,791.0,3954373,0.0,0.0,HDFCLIFE.NS,1394
2025-08-19 00:00:00+05:30,791.7999877929688,796.0999755859375,785.2000122070312,793.75,1531303,0.0,0.0,HDFCLIFE.NS,1395
2025-08-20 00:00:00+05:30,793.0499877929688,801.8499755859375,792.5999755859375,796.5499877929688,1097339,0.0,0.0,HDFCLIFE.NS,1396
2025-08-21 00:00:00+05:30,792.5,807.0,791.4000244140625,795.4500122070312,2142925,0.0,0.0,HDFCLIFE.NS,1397
2025-08-22 00:00:00+05:30,793.7999877929688,795.0,786.5999755859375,788.75,1331814,0.0,0.0,HDFCLIFE.NS,1398
2025-08-25 00:00:00+05:30,788.75,791.9500122070312,785.3499755859375,787.0,2326398,0.0,0.0,HDFCLIFE.NS,1399
2025-08-26 00:00:00+05:30,786.0499877929688,792.0,770.5,776.5999755859375,5054056,0.0,0.0,HDFCLIFE.NS,1400
2025-08-28 00:00:00+05:30,775.5,788.9000244140625,771.0,775.3499755859375,2892634,0.0,0.0,HDFCLIFE.NS,1401
2025-08-29 00:00:00+05:30,776.0,778.4500122070312,766.6500244140625,772.0499877929688,1865283,0.0,0.0,HDFCLIFE.NS,1402
2025-09-01 00:00:00+05:30,772.0499877929688,785.0,771.5,781.7999877929688,2218344,0.0,0.0,HDFCLIFE.NS,1403
2025-09-02 00:00:00+05:30,780.0,795.75,777.25,782.75,2957512,0.0,0.0,HDFCLIFE.NS,1404
2025-09-03 00:00:00+05:30,783.0,787.5,770.7000122070312,776.4500122070312,1879623,0.0,0.0,HDFCLIFE.NS,1405
2025-09-04 00:00:00+05:30,803.0,803.0,750.0499877929688,754.25,10041489,0.0,0.0,HDFCLIFE.NS,1406
2025-09-05 00:00:00+05:30,764.0,773.0,753.4000244140625,759.5499877929688,3234619,0.0,0.0,HDFCLIFE.NS,1407
2025-09-08 00:00:00+05:30,762.2999877929688,763.2000122070312,748.5,753.75,3455695,0.0,0.0,HDFCLIFE.NS,1408
2025-09-09 00:00:00+05:30,755.0,762.9000244140625,752.3499755859375,761.0999755859375,2393107,0.0,0.0,HDFCLIFE.NS,1409
2025-09-10 00:00:00+05:30,763.0,778.6500244140625,760.0,777.5999755859375,2301647,0.0,0.0,HDFCLIFE.NS,1410
2025-09-11 00:00:00+05:30,777.9500122070312,779.2999877929688,771.2000122070312,774.25,1238513,0.0,0.0,HDFCLIFE.NS,1411
2025-09-12 00:00:00+05:30,775.7000122070312,781.4500122070312,770.1500244140625,779.6500244140625,2259316,0.0,0.0,HDFCLIFE.NS,1412
2025-09-15 00:00:00+05:30,775.0,780.0,771.5999755859375,777.2000122070312,1362719,0.0,0.0,HDFCLIFE.NS,1413
2025-09-16 00:00:00+05:30,776.8499755859375,781.5999755859375,770.0999755859375,774.3499755859375,1758601,0.0,0.0,HDFCLIFE.NS,1414
2025-09-17 00:00:00+05:30,775.0499877929688,776.9500122070312,762.7999877929688,768.0499877929688,2329049,0.0,0.0,HDFCLIFE.NS,1415
2025-09-18 00:00:00+05:30,766.2000122070312,789.6500244140625,766.2000122070312,784.5999755859375,4824420,0.0,0.0,HDFCLIFE.NS,1416
2025-09-19 00:00:00+05:30,786.7999877929688,793.6500244140625,780.5,782.2000122070312,3634175,0.0,0.0,HDFCLIFE.NS,1417
2025-09-22 00:00:00+05:30,786.7999877929688,796.9000244140625,783.5,787.7999877929688,1976223,0.0,0.0,HDFCLIFE.NS,1418
2025-09-23 00:00:00+05:30,787.4500122070312,791.5,774.0,775.0499877929688,2220802,0.0,0.0,HDFCLIFE.NS,1419
2025-09-24 00:00:00+05:30,771.25,775.5999755859375,768.0499877929688,770.25,1102305,0.0,0.0,HDFCLIFE.NS,1420
2025-09-25 00:00:00+05:30,768.0,769.9500122070312,758.75,765.0499877929688,2080916,0.0,0.0,HDFCLIFE.NS,1421
2025-09-26 00:00:00+05:30,766.5999755859375,775.4500122070312,762.2000122070312,764.4000244140625,2956314,0.0,0.0,HDFCLIFE.NS,1422
2025-09-29 00:00:00+05:30,762.0,768.9500122070312,754.4000244140625,756.5999755859375,3463773,0.0,0.0,HDFCLIFE.NS,1423
2025-09-30 00:00:00+05:30,757.0,761.6500244140625,750.5999755859375,756.4500122070312,3435577,0.0,0.0,HDFCLIFE.NS,1424
2025-10-01 00:00:00+05:30,753.2000122070312,766.75,748.9500122070312,764.0,1540724,0.0,0.0,HDFCLIFE.NS,1425
2025-10-03 00:00:00+05:30,756.6500244140625,767.1500244140625,754.9500122070312,759.2000122070312,5421803,0.0,0.0,HDFCLIFE.NS,1426
2025-10-06 00:00:00+05:30,755.2000122070312,764.7000122070312,752.6500244140625,763.0499877929688,1323764,0.0,0.0,HDFCLIFE.NS,1427
2025-10-07 00:00:00+05:30,767.0,770.0,753.0999755859375,755.5999755859375,3289846,0.0,0.0,HDFCLIFE.NS,1428
2025-10-08 00:00:00+05:30,755.5999755859375,757.0499877929688,742.7000122070312,747.2999877929688,2259319,0.0,0.0,HDFCLIFE.NS,1429
2025-10-09 00:00:00+05:30,746.0999755859375,757.4500122070312,742.0,754.3499755859375,4476278,0.0,0.0,HDFCLIFE.NS,1430
2025-10-10 00:00:00+05:30,754.9000244140625,759.7000122070312,743.5999755859375,747.2999877929688,2771300,0.0,0.0,HDFCLIFE.NS,1431
2025-10-13 00:00:00+05:30,742.2000122070312,750.0,742.1500244140625,746.5499877929688,1676403,0.0,0.0,HDFCLIFE.NS,1432
2025-10-14 00:00:00+05:30,746.9500122070312,748.1500244140625,739.6500244140625,743.5499877929688,3412592,0.0,0.0,HDFCLIFE.NS,1433
2025-10-15 00:00:00+05:30,744.7000122070312,763.7000122070312,743.5499877929688,761.1500244140625,2764842,0.0,0.0,HDFCLIFE.NS,1434
2025-10-16 00:00:00+05:30,759.9500122070312,759.9500122070312,726.0,742.8499755859375,10209104,0.0,0.0,HDFCLIFE.NS,1435
2025-10-17 00:00:00+05:30,740.75,749.5,736.0499877929688,745.9500122070312,4205888,0.0,0.0,HDFCLIFE.NS,1436
2025-10-20 00:00:00+05:30,751.9000244140625,753.9000244140625,737.5499877929688,742.25,2361964,0.0,0.0,HDFCLIFE.NS,1437
2025-10-21 00:00:00+05:30,740.5999755859375,746.4000244140625,740.5999755859375,743.7000122070312,119115,0.0,0.0,HDFCLIFE.NS,1438
2025-10-23 00:00:00+05:30,745.0,752.5499877929688,742.7000122070312,743.6500244140625,3312072,0.0,0.0,HDFCLIFE.NS,1439
2025-10-24 00:00:00+05:30,743.5999755859375,745.5,733.7999877929688,734.9500122070312,2349228,0.0,0.0,HDFCLIFE.NS,1440
2025-10-27 00:00:00+05:30,734.9500122070312,743.5499877929688,732.2999877929688,737.25,3739804,0.0,0.0,HDFCLIFE.NS,1441
2025-10-28 00:00:00+05:30,736.0,748.9000244140625,735.5499877929688,747.0,3859058,0.0,0.0,HDFCLIFE.NS,1442
2025-10-29 00:00:00+05:30,750.2000122070312,763.4000244140625,749.0,761.2999877929688,2270288,0.0,0.0,HDFCLIFE.NS,1443
2025-10-30 00:00:00+05:30,758.0,761.2000122070312,744.0499877929688,746.5999755859375,1517376,0.0,0.0,HDFCLIFE.NS,1444
2025-10-31 00:00:00+05:30,745.0,748.5999755859375,730.0499877929688,731.8499755859375,2584942,0.0,0.0,HDFCLIFE.NS,1445
2025-11-03 00:00:00+05:30,730.0,737.9500122070312,728.4500122070312,736.0,2222765,0.0,0.0,HDFCLIFE.NS,1446
2025-11-04 00:00:00+05:30,736.0,748.6500244140625,734.2000122070312,742.4500122070312,2311438,0.0,0.0,HDFCLIFE.NS,1447
2025-11-06 00:00:00+05:30,738.8499755859375,746.7999877929688,734.5999755859375,736.0499877929688,1640119,0.0,0.0,HDFCLIFE.NS,1448
2025-11-07 00:00:00+05:30,731.0499877929688,750.5,731.0499877929688,749.25,1709430,0.0,0.0,HDFCLIFE.NS,1449
2025-11-10 00:00:00+05:30,750.0,759.7999877929688,749.2000122070312,750.7000122070312,2046515,0.0,0.0,HDFCLIFE.NS,1450
2025-11-11 00:00:00+05:30,754.4000244140625,765.0,747.3499755859375,763.9000244140625,2303525,0.0,0.0,HDFCLIFE.NS,1451
2025-11-12 00:00:00+05:30,765.0,786.0,764.4500122070312,783.0999755859375,3996339,0.0,0.0,HDFCLIFE.NS,1452
2025-11-13 00:00:00+05:30,782.9000244140625,786.5,778.2999877929688,782.2000122070312,2068084,0.0,0.0,HDFCLIFE.NS,1453
2025-11-14 00:00:00+05:30,779.0,780.2999877929688,769.5,773.7000122070312,1373199,0.0,0.0,HDFCLIFE.NS,1454
2025-11-17 00:00:00+05:30,770.7000122070312,778.0,765.0999755859375,770.25,2639170,0.0,0.0,HDFCLIFE.NS,1455
2025-11-18 00:00:00+05:30,766.4500122070312,769.0999755859375,760.5499877929688,761.7999877929688,1363326,0.0,0.0,HDFCLIFE.NS,1456
2025-11-19 00:00:00+05:30,760.5999755859375,762.0,755.6500244140625,761.0999755859375,950947,0.0,0.0,HDFCLIFE.NS,1457
2025-11-20 00:00:00+05:30,760.7000122070312,765.1500244140625,750.0999755859375,762.2000122070312,2612081,0.0,0.0,HDFCLIFE.NS,1458
2025-11-21 00:00:00+05:30,760.0,766.2000122070312,758.5999755859375,764.0,2712721,0.0,0.0,HDFCLIFE.NS,1459
2025-11-24 00:00:00+05:30,765.5,766.0,759.6500244140625,761.6500244140625,5837946,0.0,0.0,HDFCLIFE.NS,1460
2025-11-25 00:00:00+05:30,763.8499755859375,770.4500122070312,757.6500244140625,766.5499877929688,1858955,0.0,0.0,HDFCLIFE.NS,1461
2025-11-26 00:00:00+05:30,763.5999755859375,788.5,762.75,787.5499877929688,3006211,0.0,0.0,HDFCLIFE.NS,1462
2025-11-27 00:00:00+05:30,787.5499877929688,787.7999877929688,775.8499755859375,777.7999877929688,1165637,0.0,0.0,HDFCLIFE.NS,1463
2025-11-28 00:00:00+05:30,780.4000244140625,780.4000244140625,761.4500122070312,764.2999877929688,2441514,0.0,0.0,HDFCLIFE.NS,1464
2025-12-01 00:00:00+05:30,765.0,768.25,758.0999755859375,766.75,908996,0.0,0.0,HDFCLIFE.NS,1465
2025-12-02 00:00:00+05:30,762.0,766.4000244140625,753.9500122070312,759.0,2054726,0.0,0.0,HDFCLIFE.NS,1466
2025-12-03 00:00:00+05:30,755.2999877929688,758.9000244140625,746.0,751.9500122070312,2877041,0.0,0.0,HDFCLIFE.NS,1467
2025-12-04 00:00:00+05:30,755.0,766.0,745.2000122070312,760.7999877929688,2649259,0.0,0.0,HDFCLIFE.NS,1468
2025-12-05 00:00:00+05:30,757.2000122070312,772.0,755.2000122070312,768.2999877929688,1693258,0.0,0.0,HDFCLIFE.NS,1469
2025-12-08 00:00:00+05:30,768.0,779.9000244140625,762.0,764.0499877929688,3775906,0.0,0.0,HDFCLIFE.NS,1470
2025-12-09 00:00:00+05:30,763.9000244140625,765.2999877929688,753.5,762.9000244140625,1965538,0.0,0.0,HDFCLIFE.NS,1471
2025-12-10 00:00:00+05:30,759.0,775.9000244140625,759.0,771.0499877929688,1667376,0.0,0.0,HDFCLIFE.NS,1472
2025-12-11 00:00:00+05:30,771.0499877929688,777.1500244140625,763.0499877929688,775.2000122070312,2133427,0.0,0.0,HDFCLIFE.NS,1473
2025-12-12 00:00:00+05:30,779.0999755859375,779.8499755859375,770.0499877929688,777.5,1290971,0.0,0.0,HDFCLIFE.NS,1474
2025-12-15 00:00:00+05:30,772.5,775.5,766.5,772.7000122070312,1510988,0.0,0.0,HDFCLIFE.NS,1475
2025-12-16 00:00:00+05:30,772.9000244140625,782.2000122070312,762.1500244140625,764.3499755859375,2125078,0.0,0.0,HDFCLIFE.NS,1476
2025-12-17 00:00:00+05:30,764.3499755859375,764.3499755859375,749.0,753.5,1809434,0.0,0.0,HDFCLIFE.NS,1477
2025-12-18 00:00:00+05:30,755.0499877929688,758.2999877929688,749.0999755859375,757.0,731537,0.0,0.0,HDFCLIFE.NS,1478
2025-12-19 00:00:00+05:30,753.0999755859375,773.8499755859375,753.0999755859375,766.4500122070312,3098157,0.0,0.0,HDFCLIFE.NS,1479
2025-12-22 00:00:00+05:30,766.0,769.0499877929688,759.9500122070312,761.7999877929688,767829,0.0,0.0,HDFCLIFE.NS,1480
2025-12-23 00:00:00+05:30,759.9500122070312,765.0,757.7999877929688,763.9500122070312,1246811,0.0,0.0,HDFCLIFE.NS,1481
2025-12-24 00:00:00+05:30,763.9000244140625,767.9500122070312,754.6500244140625,755.3499755859375,1132272,0.0,0.0,HDFCLIFE.NS,1482
2025-12-26 00:00:00+05:30,753.0,755.0,745.6500244140625,748.4500122070312,1655497,0.0,0.0,HDFCLIFE.NS,1483
2025-12-29 00:00:00+05:30,748.0,751.4500122070312,742.2000122070312,746.4500122070312,2912215,0.0,0.0,HDFCLIFE.NS,1484
2025-12-30 00:00:00+05:30,746.4500122070312,751.0,735.75,743.0,13786783,0.0,0.0,HDFCLIFE.NS,1485
2025-12-31 00:00:00+05:30,747.8499755859375,752.0,744.2000122070312,749.8499755859375,2503615,0.0,0.0,HDFCLIFE.NS,1486
2026-01-01 00:00:00+05:30,750.0,753.4000244140625,746.9000244140625,750.0999755859375,820228,0.0,0.0,HDFCLIFE.NS,1487
2026-01-02 00:00:00+05:30,749.9500122070312,758.3499755859375,749.0499877929688,754.8499755859375,1457089,0.0,0.0,HDFCLIFE.NS,1488
2026-01-05 00:00:00+05:30,751.5,765.4000244140625,751.5,759.2999877929688,1348153,0.0,0.0,HDFCLIFE.NS,1489
2026-01-06 00:00:00+05:30,754.2000122070312,779.9000244140625,754.2000122070312,777.8499755859375,2900960,0.0,0.0,HDFCLIFE.NS,1490
2026-01-07 00:00:00+05:30,778.0,779.9000244140625,769.5,772.3499755859375,1349921,0.0,0.0,HDFCLIFE.NS,1491
2026-01-08 00:00:00+05:30,773.0,774.3499755859375,752.6500244140625,758.1500244140625,1993731,0.0,0.0,HDFCLIFE.NS,1492
2026-01-09 00:00:00+05:30,758.2000122070312,760.75,747.7000122070312,749.9000244140625,3267663,0.0,0.0,HDFCLIFE.NS,1493
2026-01-12 00:00:00+05:30,750.3499755859375,766.5,750.3499755859375,754.6500244140625,1771176,0.0,0.0,HDFCLIFE.NS,1494
2026-01-13 00:00:00+05:30,750.0999755859375,757.7000122070312,742.5999755859375,748.5,1820910,0.0,0.0,HDFCLIFE.NS,1495
2026-01-14 00:00:00+05:30,742.0,753.75,741.8499755859375,743.2000122070312,2909648,0.0,0.0,HDFCLIFE.NS,1496
2026-01-15 00:00:00+05:30,743.2000122070312,743.2000122070312,743.2000122070312,743.2000122070312,0,0.0,0.0,HDFCLIFE.NS,1497
2026-01-16 00:00:00+05:30,740.0999755859375,742.0,718.0,732.5499877929688,9855757,0.0,0.0,HDFCLIFE.NS,1498
2026-01-19 00:00:00+05:30,726.9000244140625,742.9500122070312,726.9000244140625,736.7999877929688,2566777,0.0,0.0,HDFCLIFE.NS,1499
2026-01-20 00:00:00+05:30,736.7999877929688,742.5499877929688,730.4500122070312,732.0999755859375,2322135,0.0,0.0,HDFCLIFE.NS,1500
2026-01-21 00:00:00+05:30,727.5499877929688,740.5999755859375,722.0999755859375,724.3499755859375,3455702,0.0,0.0,HDFCLIFE.NS,1501
2026-01-22 00:00:00+05:30,725.0999755859375,729.6500244140625,717.8499755859375,725.0999755859375,2374582,0.0,0.0,HDFCLIFE.NS,1502
2026-01-23 00:00:00+05:30,721.0999755859375,723.0,710.2999877929688,712.0999755859375,3232798,0.0,0.0,HDFCLIFE.NS,1503
2026-01-27 00:00:00+05:30,712.0999755859375,725.0,708.0999755859375,720.0499877929688,3344844,0.0,0.0,HDFCLIFE.NS,1504
2026-01-28 00:00:00+05:30,722.2000122070312,731.5999755859375,719.0,728.5999755859375,1778744,0.0,0.0,HDFCLIFE.NS,1505
2026-01-29 00:00:00+05:30,728.5999755859375,732.25,722.8499755859375,727.0999755859375,2511005,0.0,0.0,HDFCLIFE.NS,1506
2026-01-30 00:00:00+05:30,721.25,735.7000122070312,720.6500244140625,731.0,3672455,0.0,0.0,HDFCLIFE.NS,1507
2026-02-02 00:00:00+05:30,717.2999877929688,721.6500244140625,708.7999877929688,717.5,1824473,0.0,0.0,HDFCLIFE.NS,1508
2026-02-03 00:00:00+05:30,721.5,735.0,718.1500244140625,720.1500244140625,3911536,0.0,0.0,HDFCLIFE.NS,1509
2026-02-04 00:00:00+05:30,724.0,727.0,714.9000244140625,722.5,4826046,0.0,0.0,HDFCLIFE.NS,1510
2026-02-05 00:00:00+05:30,722.4000244140625,723.2999877929688,712.0999755859375,720.7000122070312,1268905,0.0,0.0,HDFCLIFE.NS,1511
2026-02-06 00:00:00+05:30,718.0,721.9000244140625,698.5499877929688,703.5,4114496,0.0,0.0,HDFCLIFE.NS,1512
2026-02-09 00:00:00+05:30,704.5,711.9500122070312,702.5,707.9000244140625,4093084,0.0,0.0,HDFCLIFE.NS,1513
2026-02-10 00:00:00+05:30,711.25,713.9500122070312,702.8499755859375,703.9500122070312,2320888,0.0,0.0,HDFCLIFE.NS,1514
2026-02-11 00:00:00+05:30,704.0,705.5999755859375,699.0,701.0999755859375,1873706,0.0,0.0,HDFCLIFE.NS,1515
2026-02-12 00:00:00+05:30,697.0,704.5499877929688,688.9000244140625,702.7000122070312,5334547,0.0,0.0,HDFCLIFE.NS,1516
2026-02-13 00:00:00+05:30,702.0,707.5499877929688,695.0499877929688,696.7999877929688,2076033,0.0,0.0,HDFCLIFE.NS,1517
2026-02-16 00:00:00+05:30,693.0,708.4000244140625,693.0,703.9000244140625,1975111,0.0,0.0,HDFCLIFE.NS,1518
2026-02-17 00:00:00+05:30,702.5,710.9000244140625,701.5,705.7999877929688,1320272,0.0,0.0,HDFCLIFE.NS,1519
2026-02-18 00:00:00+05:30,705.8499755859375,730.7000122070312,704.8499755859375,729.5999755859375,4974855,0.0,0.0,HDFCLIFE.NS,1520
2026-02-19 00:00:00+05:30,726.9000244140625,735.7999877929688,723.5,733.1500244140625,2875538,0.0,0.0,HDFCLIFE.NS,1521
2026-02-20 00:00:00+05:30,733.1500244140625,735.6500244140625,726.9000244140625,728.6500244140625,1600534,0.0,0.0,HDFCLIFE.NS,1522
2026-02-23 00:00:00+05:30,730.0,745.75,729.7000122070312,742.4500122070312,2722974,0.0,0.0,HDFCLIFE.NS,1523
2026-02-24 00:00:00+05:30,740.0999755859375,742.7999877929688,730.1500244140625,734.75,1919196,0.0,0.0,HDFCLIFE.NS,1524
2026-02-25 00:00:00+05:30,740.0,741.9000244140625,732.8499755859375,735.25,2075312,0.0,0.0,HDFCLIFE.NS,1525
2026-02-26 00:00:00+05:30,735.4500122070312,744.9000244140625,731.6500244140625,734.0,2329954,0.0,0.0,HDFCLIFE.NS,1526
2026-02-27 00:00:00+05:30,733.0,736.7999877929688,714.25,715.2999877929688,3416009,0.0,0.0,HDFCLIFE.NS,1527
2026-03-02 00:00:00+05:30,704.5999755859375,720.0,703.0,707.2999877929688,2741633,0.0,0.0,HDFCLIFE.NS,1528
2026-03-04 00:00:00+05:30,691.4000244140625,707.0999755859375,681.9000244140625,684.5999755859375,5964323,0.0,0.0,HDFCLIFE.NS,1529
2026-03-05 00:00:00+05:30,684.5999755859375,693.0,670.9500122070312,684.2999877929688,5413365,0.0,0.0,HDFCLIFE.NS,1530
2026-03-06 00:00:00+05:30,677.5999755859375,679.2000122070312,667.9500122070312,668.5499877929688,2997163,0.0,0.0,HDFCLIFE.NS,1531
2026-03-09 00:00:00+05:30,655.0,659.9000244140625,642.0999755859375,653.75,4330230,0.0,0.0,HDFCLIFE.NS,1532
2026-03-10 00:00:00+05:30,653.9500122070312,661.5999755859375,653.4000244140625,656.0999755859375,3547812,0.0,0.0,HDFCLIFE.NS,1533
2026-03-11 00:00:00+05:30,654.0,657.5,645.9000244140625,647.9000244140625,1336810,0.0,0.0,HDFCLIFE.NS,1534
2026-03-12 00:00:00+05:30,644.5999755859375,649.3499755859375,636.0999755859375,645.7000122070312,3339906,0.0,0.0,HDFCLIFE.NS,1535
2026-03-13 00:00:00+05:30,638.25,640.5999755859375,624.0,625.75,3167065,0.0,0.0,HDFCLIFE.NS,1536
2026-03-16 00:00:00+05:30,625.0,630.5499877929688,617.2000122070312,626.0,2750363,0.0,0.0,HDFCLIFE.NS,1537
2026-03-17 00:00:00+05:30,625.0,645.3499755859375,623.2999877929688,642.2999877929688,3465318,0.0,0.0,HDFCLIFE.NS,1538
2026-03-18 00:00:00+05:30,642.4500122070312,646.5999755859375,639.5999755859375,643.3499755859375,2424345,0.0,0.0,HDFCLIFE.NS,1539
2026-03-19 00:00:00+05:30,630.0,638.5499877929688,624.0,633.5,1942109,0.0,0.0,HDFCLIFE.NS,1540
2026-03-20 00:00:00+05:30,635.0,635.5,622.0499877929688,623.6500244140625,3012022,0.0,0.0,HDFCLIFE.NS,1541
2026-03-23 00:00:00+05:30,615.0999755859375,617.0,590.0999755859375,592.0999755859375,4223148,0.0,0.0,HDFCLIFE.NS,1542
2026-03-24 00:00:00+05:30,597.0,607.6500244140625,590.0499877929688,603.0,3644510,0.0,0.0,HDFCLIFE.NS,1543
2026-03-25 00:00:00+05:30,603.9500122070312,617.2000122070312,603.9500122070312,612.9000244140625,2915736,0.0,0.0,HDFCLIFE.NS,1544
2026-03-27 00:00:00+05:30,605.0,612.4500122070312,600.0,610.2000122070312,4422345,0.0,0.0,HDFCLIFE.NS,1545
2026-03-30 00:00:00+05:30,608.9500122070312,610.0,587.8499755859375,590.5999755859375,6294260,0.0,0.0,HDFCLIFE.NS,1546
2026-04-01 00:00:00+05:30,600.0,606.1500244140625,569.0,572.9500122070312,9823726,0.0,0.0,HDFCLIFE.NS,1547
2026-04-02 00:00:00+05:30,568.5999755859375,568.9000244140625,555.0999755859375,566.0999755859375,5837873,0.0,0.0,HDFCLIFE.NS,1548
2026-04-06 00:00:00+05:30,563.0,582.4000244140625,560.75,580.4000244140625,4333557,0.0,0.0,HDFCLIFE.NS,1549
2026-04-07 00:00:00+05:30,579.5,582.9000244140625,573.5999755859375,581.7000122070312,3550393,0.0,0.0,HDFCLIFE.NS,1550
2026-04-08 00:00:00+05:30,595.0,608.5499877929688,592.0499877929688,598.2999877929688,5911479,0.0,0.0,HDFCLIFE.NS,1551
2026-04-09 00:00:00+05:30,592.9000244140625,599.5,584.4000244140625,591.2000122070312,3912249,0.0,0.0,HDFCLIFE.NS,1552
2026-04-10 00:00:00+05:30,595.0,605.4500122070312,590.5,604.1500244140625,4385843,0.0,0.0,HDFCLIFE.NS,1553
2026-04-13 00:00:00+05:30,592.4500122070312,622.9500122070312,592.0,619.0999755859375,5549755,0.0,0.0,HDFCLIFE.NS,1554
2026-04-15 00:00:00+05:30,628.0,642.1500244140625,626.0,640.4500122070312,5737074,0.0,0.0,HDFCLIFE.NS,1555
2026-04-16 00:00:00+05:30,647.0,650.75,627.7000122070312,631.5,3022526,0.0,0.0,HDFCLIFE.NS,1556
2026-04-17 00:00:00+05:30,618.9500122070312,625.0,606.2000122070312,616.4500122070312,8161002,0.0,0.0,HDFCLIFE.NS,1557
2026-04-20 00:00:00+05:30,617.0,617.0,605.3499755859375,609.75,4980912,0.0,0.0,HDFCLIFE.NS,1558
2026-04-21 00:00:00+05:30,609.75,615.9000244140625,602.7999877929688,614.2000122070312,4800986,0.0,0.0,HDFCLIFE.NS,1559
2026-04-22 00:00:00+05:30,614.2000122070312,617.25,603.25,604.0499877929688,3995083,0.0,0.0,HDFCLIFE.NS,1560
2026-04-23 00:00:00+05:30,604.2000122070312,607.75,595.5,598.6500244140625,4485591,0.0,0.0,HDFCLIFE.NS,1561
2026-04-24 00:00:00+05:30,598.0,603.1500244140625,585.5999755859375,588.2000122070312,2806940,0.0,0.0,HDFCLIFE.NS,1562
2026-04-27 00:00:00+05:30,595.0,603.4500122070312,590.0999755859375,597.2999877929688,5548234,0.0,0.0,HDFCLIFE.NS,1563
2026-04-28 00:00:00+05:30,594.2000122070312,598.5999755859375,588.5,590.1500244140625,5604921,0.0,0.0,HDFCLIFE.NS,1564
2026-04-29 00:00:00+05:30,592.0,602.9500122070312,589.5999755859375,594.4000244140625,6869287,0.0,0.0,HDFCLIFE.NS,1565
2026-04-30 00:00:00+05:30,594.3499755859375,594.3499755859375,578.4000244140625,586.9000244140625,6234625,0.0,0.0,HDFCLIFE.NS,1566
2026-05-01 00:00:00+05:30,586.9000244140625,586.9000244140625,586.9000244140625,586.9000244140625,0,0.0,0.0,HDFCLIFE.NS,1567
2026-05-04 00:00:00+05:30,591.9500122070312,596.2000122070312,583.0,588.3499755859375,2591864,0.0,0.0,HDFCLIFE.NS,1568
2026-05-05 00:00:00+05:30,587.0499877929688,601.9500122070312,586.0,594.0999755859375,4081766,0.0,0.0,HDFCLIFE.NS,1569
2026-05-06 00:00:00+05:30,597.9000244140625,612.5999755859375,594.5499877929688,606.3499755859375,34338299,0.0,0.0,HDFCLIFE.NS,1570
2026-05-07 00:00:00+05:30,611.0,629.2999877929688,608.8499755859375,625.4000244140625,22416339,0.0,0.0,HDFCLIFE.NS,1571
2026-05-08 00:00:00+05:30,625.5,628.0,618.2999877929688,621.7000122070312,2352588,0.0,0.0,HDFCLIFE.NS,1572
2026-05-11 00:00:00+05:30,619.0,626.0,611.2000122070312,622.7000122070312,3739911,0.0,0.0,HDFCLIFE.NS,1573
2026-05-12 00:00:00+05:30,622.0,622.0,600.3499755859375,601.7999877929688,2789480,0.0,0.0,HDFCLIFE.NS,1574
2026-05-13 00:00:00+05:30,602.9500122070312,608.5,598.8499755859375,602.7999877929688,2288693,0.0,0.0,HDFCLIFE.NS,1575
2026-05-14 00:00:00+05:30,603.8499755859375,614.5,602.5,612.5499877929688,3120476,0.0,0.0,HDFCLIFE.NS,1576
2026-05-15 00:00:00+05:30,616.5,618.9500122070312,605.4500122070312,608.7000122070312,2900528,0.0,0.0,HDFCLIFE.NS,1577
2026-05-18 00:00:00+05:30,600.7000122070312,608.0,594.0499877929688,604.9500122070312,3980665,0.0,0.0,HDFCLIFE.NS,1578
2026-05-19 00:00:00+05:30,603.0999755859375,617.5,603.0999755859375,610.4000244140625,1778845,0.0,0.0,HDFCLIFE.NS,1579
2026-05-20 00:00:00+05:30,602.5999755859375,611.25,602.5999755859375,605.0999755859375,3698222,0.0,0.0,HDFCLIFE.NS,1580
2026-05-21 00:00:00+05:30,612.0,616.5,605.6500244140625,614.3499755859375,3625135,0.0,0.0,HDFCLIFE.NS,1581
2026-05-22 00:00:00+05:30,619.0,620.7000122070312,614.3499755859375,616.5999755859375,3481863,0.0,0.0,HDFCLIFE.NS,1582
2026-05-25 00:00:00+05:30,622.5,622.9000244140625,616.5,620.0,1723876,0.0,0.0,HDFCLIFE.NS,1583
2026-05-26 00:00:00+05:30,621.0499877929688,624.0499877929688,617.0,618.8499755859375,2241793,0.0,0.0,HDFCLIFE.NS,1584
2026-05-27 00:00:00+05:30,619.9000244140625,619.9000244140625,608.6500244140625,609.5999755859375,1266431,0.0,0.0,HDFCLIFE.NS,1585
2026-05-29 00:00:00+05:30,614.0,614.0,588.7999877929688,594.7999877929688,11094751,0.0,0.0,HDFCLIFE.NS,1586
