Date,Open,High,Low,Close,Volume,Dividends,Stock Splits,Symbol,time_idx
2020-01-01 00:00:00+05:30,1952.4766287326906,1958.561085456512,1930.56520589743,1934.700927734375,314519,0.0,0.0,HEROMOTOCO.NS,0
2020-01-02 00:00:00+05:30,1946.8296467738478,1950.1700296863833,1922.3729875516387,1932.235107421875,546945,0.0,0.0,HEROMOTOCO.NS,1
2020-01-03 00:00:00+05:30,1924.7192395471764,1947.784056880593,1920.7425469034838,1934.541748046875,544720,0.0,0.0,HEROMOTOCO.NS,2
2020-01-06 00:00:00+05:30,1931.8372053130713,1931.8372053130713,1877.0384661600162,1883.4805908203125,624665,0.0,0.0,HEROMOTOCO.NS,3
2020-01-07 00:00:00+05:30,1891.3152257218087,1908.7330637136317,1858.7063425197084,1867.494873046875,620687,0.0,0.0,HEROMOTOCO.NS,4
2020-01-08 00:00:00+05:30,1846.7760339672072,1865.1086255940613,1837.669446794807,1843.23681640625,595883,0.0,0.0,HEROMOTOCO.NS,5
2020-01-09 00:00:00+05:30,1861.887552483416,1880.9756777544974,1850.0370857140665,1872.6644287109375,732115,0.0,0.0,HEROMOTOCO.NS,6
2020-01-10 00:00:00+05:30,1874.6125379892821,1899.029387112089,1869.8405077695384,1879.742431640625,578287,0.0,0.0,HEROMOTOCO.NS,7
2020-01-13 00:00:00+05:30,1895.2119480934468,1895.2119480934468,1870.9145133591032,1882.3673095703125,434063,0.0,0.0,HEROMOTOCO.NS,8
2020-01-14 00:00:00+05:30,1882.5661992282346,1923.764771700647,1877.8339740642168,1917.879150390625,787340,0.0,0.0,HEROMOTOCO.NS,9
2020-01-15 00:00:00+05:30,1924.6794226666009,1972.8770148994854,1919.9471972828348,1969.496826171875,1051367,0.0,0.0,HEROMOTOCO.NS,10
2020-01-16 00:00:00+05:30,1968.4229905481309,1968.4229905481309,1930.286548137371,1936.2515869140625,590255,0.0,0.0,HEROMOTOCO.NS,11
2020-01-17 00:00:00+05:30,1944.602573833139,1968.3831165959268,1925.9917311643865,1951.7606201171875,457663,0.0,0.0,HEROMOTOCO.NS,12
2020-01-20 00:00:00+05:30,1951.7610188211434,1956.2546044587461,1916.8457302618172,1921.2200927734375,320280,0.0,0.0,HEROMOTOCO.NS,13
2020-01-21 00:00:00+05:30,1916.765683722516,1918.8732529663816,1888.928837693351,1907.7783203125,568473,0.0,0.0,HEROMOTOCO.NS,14
2020-01-22 00:00:00+05:30,1915.7317011299383,1916.7656799581623,1892.110187809323,1908.0567626953125,346888,0.0,0.0,HEROMOTOCO.NS,15
2020-01-23 00:00:00+05:30,1906.4262981177333,1936.5299366484796,1892.9055442303734,1932.4736328125,315469,0.0,0.0,HEROMOTOCO.NS,16
2020-01-24 00:00:00+05:30,1940.6261033131289,1968.30392427724,1930.366313469493,1963.4124755859375,519690,0.0,0.0,HEROMOTOCO.NS,17
2020-01-27 00:00:00+05:30,1953.351788770615,1987.1536825095202,1928.7360955768263,1953.1529541015625,897656,0.0,0.0,HEROMOTOCO.NS,18
2020-01-28 00:00:00+05:30,1953.9473737961575,1995.4639943332788,1940.625457235219,1963.571044921875,904634,0.0,0.0,HEROMOTOCO.NS,19
2020-01-29 00:00:00+05:30,1975.6207451033915,1996.2995451729118,1964.4860066044191,1977.4898681640625,787135,0.0,0.0,HEROMOTOCO.NS,20
2020-01-30 00:00:00+05:30,1977.9669228870757,2005.8435744437106,1959.7139442622135,1974.2686767578125,797868,0.0,0.0,HEROMOTOCO.NS,21
2020-01-31 00:00:00+05:30,1994.7094927211094,2005.7646231648791,1982.023879080369,1989.8182373046875,574957,0.0,0.0,HEROMOTOCO.NS,22
2020-02-03 00:00:00+05:30,1901.6542374631526,1963.6906366777598,1875.408068564665,1889.8433837890625,1507692,0.0,0.0,HEROMOTOCO.NS,23
2020-02-04 00:00:00+05:30,1918.356596526749,1976.098253345718,1909.448843536971,1958.163330078125,1187298,0.0,0.0,HEROMOTOCO.NS,24
2020-02-05 00:00:00+05:30,1966.0766596933267,1971.5644173600783,1865.5061509480256,1887.5369873046875,2176980,0.0,0.0,HEROMOTOCO.NS,25
2020-02-06 00:00:00+05:30,1904.835626781658,1930.2864577031667,1873.0220881297723,1917.7996826171875,1632634,0.0,0.0,HEROMOTOCO.NS,26
2020-02-07 00:00:00+05:30,1972.439163176505,1985.1645771324825,1925.792645313888,1943.3695068359375,2709754,0.0,0.0,HEROMOTOCO.NS,27
2020-02-10 00:00:00+05:30,1948.181723821963,1954.5046262830056,1889.0482266109875,1897.4390869140625,949025,0.0,0.0,HEROMOTOCO.NS,28
2020-02-11 00:00:00+05:30,1920.742582488196,1943.2905078654458,1900.8591189013616,1905.989013671875,680119,0.0,0.0,HEROMOTOCO.NS,29
2020-02-12 00:00:00+05:30,1916.7658131190985,1932.6725833524522,1908.812428002422,1927.14501953125,467714,0.0,0.0,HEROMOTOCO.NS,30
2020-02-13 00:00:00+05:30,1923.9236097605174,1941.659695101254,1909.6075184105011,1915.930419921875,514501,0.0,0.0,HEROMOTOCO.NS,31
2020-02-14 00:00:00+05:30,1927.9003085713716,1938.876017479805,1869.9202160699945,1874.2149658203125,798770,0.0,0.0,HEROMOTOCO.NS,32
2020-02-17 00:00:00+05:30,1909.7939594778009,1909.7939594778009,1856.262515625054,1867.549560546875,818134,65.0,0.0,HEROMOTOCO.NS,33
2020-02-18 00:00:00+05:30,1867.426917334119,1867.426917334119,1819.8252364782188,1842.4400634765625,839607,0.0,0.0,HEROMOTOCO.NS,34
2020-02-19 00:00:00+05:30,1859.9021548694645,1863.1737505684434,1821.5018402891715,1841.581298828125,729471,0.0,0.0,HEROMOTOCO.NS,35
2020-02-20 00:00:00+05:30,1854.1767687649083,1861.5378587158937,1828.3720190558179,1832.2979736328125,886179,0.0,0.0,HEROMOTOCO.NS,36
2020-02-24 00:00:00+05:30,1815.735407980991,1815.735407980991,1778.9299605219169,1786.45458984375,808263,0.0,0.0,HEROMOTOCO.NS,37
2020-02-25 00:00:00+05:30,1791.3616570508243,1810.8276856587736,1769.973686345614,1786.413330078125,861921,0.0,0.0,HEROMOTOCO.NS,38
2020-02-26 00:00:00+05:30,1783.0195552927141,1795.2880384713337,1747.03200463543,1752.3892822265625,972076,0.0,0.0,HEROMOTOCO.NS,39
2020-02-27 00:00:00+05:30,1756.7648815423756,1765.5572942874821,1718.405504880846,1725.9710693359375,1093297,0.0,0.0,HEROMOTOCO.NS,40
2020-02-28 00:00:00+05:30,1701.229542996832,1725.7665075592863,1663.5652624569989,1678.1239013671875,1879071,0.0,0.0,HEROMOTOCO.NS,41
2020-03-02 00:00:00+05:30,1717.5874748175324,1725.766462792854,1603.8995419605624,1615.7181396484375,1207967,0.0,0.0,HEROMOTOCO.NS,42
2020-03-03 00:00:00+05:30,1616.1681411618329,1688.020635610207,1616.1681411618329,1680.6595458984375,1689926,0.0,0.0,HEROMOTOCO.NS,43
2020-03-04 00:00:00+05:30,1693.050356010329,1695.790396604331,1636.2063947819631,1673.70703125,976550,0.0,0.0,HEROMOTOCO.NS,44
2020-03-05 00:00:00+05:30,1686.2619418457862,1711.9440843684592,1678.5737728809845,1688.061279296875,899516,0.0,0.0,HEROMOTOCO.NS,45
2020-03-06 00:00:00+05:30,1612.078657644615,1679.5143789069289,1612.078657644615,1667.123291015625,606826,0.0,0.0,HEROMOTOCO.NS,46
2020-03-09 00:00:00+05:30,1631.708069764519,1645.203399664827,1566.521576788586,1599.8509521484375,844134,0.0,0.0,HEROMOTOCO.NS,47
2020-03-11 00:00:00+05:30,1609.6249034583059,1676.5290679389236,1594.00305571513,1665.282958984375,1848085,0.0,0.0,HEROMOTOCO.NS,48
2020-03-12 00:00:00+05:30,1599.8102344233937,1618.580974077935,1467.1061390577518,1559.896728515625,2248848,0.0,0.0,HEROMOTOCO.NS,49
2020-03-13 00:00:00+05:30,1440.3198698426354,1589.1774600251224,1255.4747303852614,1540.8804931640625,1184611,0.0,0.0,HEROMOTOCO.NS,50
2020-03-16 00:00:00+05:30,1486.9400432512878,1509.0233112203664,1452.0158038440625,1458.7225341796875,883109,0.0,0.0,HEROMOTOCO.NS,51
2020-03-17 00:00:00+05:30,1458.3136728627055,1556.9522557813152,1436.516648193523,1505.87451171875,1236906,0.0,0.0,HEROMOTOCO.NS,52
2020-03-18 00:00:00+05:30,1505.7518600991389,1521.291939046387,1362.6195540060648,1375.0107421875,1118487,0.0,0.0,HEROMOTOCO.NS,53
2020-03-19 00:00:00+05:30,1347.8971816437952,1463.2209089567655,1277.516952095409,1400.6107177734375,1276786,0.0,0.0,HEROMOTOCO.NS,54
2020-03-20 00:00:00+05:30,1410.8755713074988,1509.5959264184592,1369.9806272116293,1485.0589599609375,1244977,0.0,0.0,HEROMOTOCO.NS,55
2020-03-23 00:00:00+05:30,1336.569370790606,1368.4674246302611,1243.2062009301515,1321.7244873046875,750837,0.0,0.0,HEROMOTOCO.NS,56
2020-03-24 00:00:00+05:30,1349.5331910749014,1434.6764469799375,1206.4008829305938,1330.762451171875,1488860,0.0,0.0,HEROMOTOCO.NS,57
2020-03-25 00:00:00+05:30,1275.9222799380063,1376.9327937664318,1247.5412281348292,1363.9691162109375,1027510,0.0,0.0,HEROMOTOCO.NS,58
2020-03-26 00:00:00+05:30,1382.1674150146291,1495.0783018441405,1345.9344526563846,1473.7720947265625,1448305,0.0,0.0,HEROMOTOCO.NS,59
2020-03-27 00:00:00+05:30,1484.4862266736723,1497.0409524792376,1341.8446651451718,1358.693359375,1514916,0.0,0.0,HEROMOTOCO.NS,60
2020-03-30 00:00:00+05:30,1337.2645897400275,1341.354083898254,1261.4454079829768,1270.6058349609375,1250949,0.0,0.0,HEROMOTOCO.NS,61
2020-03-31 00:00:00+05:30,1302.9130297646802,1336.2424120389494,1280.0118591222376,1305.7347412109375,1456425,0.0,0.0,HEROMOTOCO.NS,62
2020-04-01 00:00:00+05:30,1300.541061469074,1347.3657749539404,1280.0118184072633,1341.0679931640625,1641556,0.0,0.0,HEROMOTOCO.NS,63
2020-04-03 00:00:00+05:30,1316.8582010972102,1327.449952215074,1262.1407431726047,1293.95703125,1592821,0.0,0.0,HEROMOTOCO.NS,64
2020-04-07 00:00:00+05:30,1333.175130884742,1463.2210485600021,1327.9814931344984,1447.026611328125,1374508,0.0,0.0,HEROMOTOCO.NS,65
2020-04-08 00:00:00+05:30,1392.0638006261092,1540.7578469984312,1390.4280029755498,1489.9254150390625,1376705,0.0,0.0,HEROMOTOCO.NS,66
2020-04-09 00:00:00+05:30,1536.9546609025435,1646.7575827264698,1515.566585770841,1628.3548583984375,2416795,0.0,0.0,HEROMOTOCO.NS,67
2020-04-13 00:00:00+05:30,1596.538595030882,1655.0183642648512,1544.23400220494,1569.5888671875,1560999,0.0,0.0,HEROMOTOCO.NS,68
2020-04-15 00:00:00+05:30,1586.7238210839075,1614.5323828967184,1481.7873552479207,1491.9293212890625,1537624,0.0,0.0,HEROMOTOCO.NS,69
2020-04-16 00:00:00+05:30,1472.2178682339106,1478.311174474302,1433.408609366099,1458.02734375,1453445,0.0,0.0,HEROMOTOCO.NS,70
2020-04-17 00:00:00+05:30,1504.8931192889193,1533.5605171594925,1482.0328837829336,1501.5806884765625,1327762,0.0,0.0,HEROMOTOCO.NS,71
2020-04-20 00:00:00+05:30,1533.5194786866473,1537.6089731228271,1461.626246371542,1477.002685546875,2291195,0.0,0.0,HEROMOTOCO.NS,72
2020-04-21 00:00:00+05:30,1460.031232188394,1504.034230707589,1437.8661930935812,1494.7510986328125,1650618,0.0,0.0,HEROMOTOCO.NS,73
2020-04-22 00:00:00+05:30,1472.2180026434933,1558.0973861310304,1469.6825360516198,1543.9068603515625,2737381,0.0,0.0,HEROMOTOCO.NS,74
2020-04-23 00:00:00+05:30,1554.0076829025636,1573.1873693682394,1517.2022377811873,1525.3812255859375,1882834,0.0,0.0,HEROMOTOCO.NS,75
2020-04-24 00:00:00+05:30,1506.9786115075683,1586.2330290090897,1504.9338644091863,1549.7547607421875,1711725,0.0,0.0,HEROMOTOCO.NS,76
2020-04-27 00:00:00+05:30,1561.3687002930267,1594.0846500110576,1551.9219298754833,1582.797607421875,1322269,0.0,0.0,HEROMOTOCO.NS,77
2020-04-28 00:00:00+05:30,1595.1482091236242,1613.550933733536,1566.7670583760798,1589.25927734375,1056981,0.0,0.0,HEROMOTOCO.NS,78
2020-04-29 00:00:00+05:30,1608.1937363819034,1650.9289545514923,1587.5417888454035,1611.46533203125,1836009,0.0,0.0,HEROMOTOCO.NS,79
2020-04-30 00:00:00+05:30,1649.7835986146256,1797.8233766886424,1615.3500801651596,1772.1412353515625,2785165,0.0,0.0,HEROMOTOCO.NS,80
2020-05-04 00:00:00+05:30,1677.510592606323,1697.0992307258862,1623.5292668569239,1636.3702392578125,1328847,0.0,0.0,HEROMOTOCO.NS,81
2020-05-05 00:00:00+05:30,1663.6061704281333,1677.510450121977,1590.935881525894,1607.4573974609375,1318956,0.0,0.0,HEROMOTOCO.NS,82
2020-05-06 00:00:00+05:30,1620.2575215308723,1683.971758128036,1581.2028538614634,1657.6763916015625,1881161,0.0,0.0,HEROMOTOCO.NS,83
2020-05-07 00:00:00+05:30,1635.7973150756557,1677.8372262001842,1622.2202173287567,1636.042724609375,1112730,0.0,0.0,HEROMOTOCO.NS,84
2020-05-08 00:00:00+05:30,1668.5135155895907,1668.5135155895907,1598.992119106691,1605.2081298828125,1139464,0.0,0.0,HEROMOTOCO.NS,85
2020-05-11 00:00:00+05:30,1648.0662697498922,1746.0505970888614,1627.618797420489,1708.304443359375,4445410,0.0,0.0,HEROMOTOCO.NS,86
2020-05-12 00:00:00+05:30,1711.8624048272477,1745.396259866864,1652.1557848786624,1729.28369140625,2919966,0.0,0.0,HEROMOTOCO.NS,87
2020-05-13 00:00:00+05:30,1799.25485656842,1852.5408865219335,1756.8467215227874,1789.235595703125,3253820,0.0,0.0,HEROMOTOCO.NS,88
2020-05-14 00:00:00+05:30,1746.9909749052047,1844.361871049401,1732.8822200158022,1833.1976318359375,2570474,0.0,0.0,HEROMOTOCO.NS,89
2020-05-15 00:00:00+05:30,1839.4542514725736,1839.4542514725736,1774.8402515320074,1794.101806640625,2080650,0.0,0.0,HEROMOTOCO.NS,90
2020-05-18 00:00:00+05:30,1796.9237569792995,1814.508582093116,1684.994220509817,1693.50048828125,1803530,0.0,0.0,HEROMOTOCO.NS,91
2020-05-19 00:00:00+05:30,1733.1273549238342,1740.4475083930222,1687.1614876650517,1695.9129638671875,1389745,0.0,0.0,HEROMOTOCO.NS,92
2020-05-20 00:00:00+05:30,1684.0537369978315,1691.2512868350182,1628.7228596678187,1655.10009765625,2782627,0.0,0.0,HEROMOTOCO.NS,93
2020-05-21 00:00:00+05:30,1670.9672410969017,1742.1244363859032,1652.1555687791197,1733.5364990234375,2636698,0.0,0.0,HEROMOTOCO.NS,94
2020-05-22 00:00:00+05:30,1733.127463968655,1766.5794432162197,1704.3784025681034,1758.97314453125,2241339,0.0,0.0,HEROMOTOCO.NS,95
2020-05-26 00:00:00+05:30,1765.0257250641353,1774.7586415435003,1718.4054904354716,1728.7518310546875,1513568,0.0,0.0,HEROMOTOCO.NS,96
2020-05-27 00:00:00+05:30,1738.0348126379263,1788.7445342301858,1730.0602999681757,1779.4613037109375,1403554,0.0,0.0,HEROMOTOCO.NS,97
2020-05-28 00:00:00+05:30,1797.4143364694792,1909.7935425705123,1771.6912615571048,1879.6131591796875,3727629,0.0,0.0,HEROMOTOCO.NS,98
2020-05-29 00:00:00+05:30,1860.7199469764453,1956.3322459173746,1840.2724750316493,1930.9366455078125,3368722,0.0,0.0,HEROMOTOCO.NS,99
2020-06-01 00:00:00+05:30,1930.854303892785,1962.138928323114,1891.2680877545154,1902.677734375,2028590,0.0,0.0,HEROMOTOCO.NS,100
2020-06-02 00:00:00+05:30,1930.159401103001,1956.0460193118631,1866.3632913033812,1896.093994140625,2408304,0.0,0.0,HEROMOTOCO.NS,101
2020-06-03 00:00:00+05:30,1921.0810220479316,1939.238338124265,1873.642884717182,1881.3310546875,1562885,0.0,0.0,HEROMOTOCO.NS,102
2020-06-04 00:00:00+05:30,1864.8091840687723,1915.2325630545477,1850.945839939461,1905.0906982421875,1532156,0.0,0.0,HEROMOTOCO.NS,103
2020-06-05 00:00:00+05:30,1917.0732105689365,1933.472123952807,1887.7107190323202,1914.4150390625,1138282,0.0,0.0,HEROMOTOCO.NS,104
2020-06-08 00:00:00+05:30,1929.42345147645,1995.5097206962155,1926.151855967376,1950.1163330078125,2354805,0.0,0.0,HEROMOTOCO.NS,105
2020-06-09 00:00:00+05:30,1950.6886170624769,1987.0851132718185,1938.4201351941592,1952.56982421875,1980625,0.0,0.0,HEROMOTOCO.NS,106
2020-06-10 00:00:00+05:30,1952.3244011432032,1957.3543988014985,1866.608568479547,1874.8284912109375,3106338,0.0,0.0,HEROMOTOCO.NS,107
2020-06-11 00:00:00+05:30,1894.2537479304408,1917.972814722316,1881.1673662521648,1889.305419921875,2056461,0.0,0.0,HEROMOTOCO.NS,108
2020-06-12 00:00:00+05:30,1833.7293601388415,1975.2258718712321,1824.4870624996197,1964.4705810546875,3296719,0.0,0.0,HEROMOTOCO.NS,109
2020-06-15 00:00:00+05:30,1958.8267777345682,1958.8267777345682,1894.2537045558847,1920.549072265625,1416097,0.0,0.0,HEROMOTOCO.NS,110
2020-06-16 00:00:00+05:30,1946.5994494901115,1992.1563798631357,1930.2414709229677,1959.6448974609375,2145404,0.0,0.0,HEROMOTOCO.NS,111
2020-06-17 00:00:00+05:30,1944.3499561392953,1954.7781660207868,1914.7011241232894,1932.9403076171875,1731506,0.0,0.0,HEROMOTOCO.NS,112
2020-06-18 00:00:00+05:30,1930.4459540190371,1946.5994579240794,1915.682838361755,1934.2900390625,1087739,0.0,0.0,HEROMOTOCO.NS,113
2020-06-19 00:00:00+05:30,1942.5098517424935,1948.8895029815274,1907.5446744111287,1926.84716796875,3602756,0.0,0.0,HEROMOTOCO.NS,114
2020-06-22 00:00:00+05:30,1939.360510839391,2001.480079675595,1931.0589185297322,1973.2625732421875,3042752,0.0,0.0,HEROMOTOCO.NS,115
2020-06-23 00:00:00+05:30,1999.722290045223,1999.722290045223,1967.5380814697085,1978.375244140625,996657,0.0,0.0,HEROMOTOCO.NS,116
2020-06-24 00:00:00+05:30,2003.8521386779028,2081.552527728679,1995.4686756487401,2039.6761474609375,3354520,0.0,0.0,HEROMOTOCO.NS,117
2020-06-25 00:00:00+05:30,2022.6229570960172,2114.2685648027555,2007.2464185064384,2093.57568359375,3281309,0.0,0.0,HEROMOTOCO.NS,118
2020-06-26 00:00:00+05:30,2110.17924147795,2118.8897852180853,2069.938654018795,2077.831298828125,1351753,0.0,0.0,HEROMOTOCO.NS,119
2020-06-29 00:00:00+05:30,2069.284004653009,2069.284004653009,2018.5742780567691,2048.0595703125,1131627,0.0,0.0,HEROMOTOCO.NS,120
2020-06-30 00:00:00+05:30,2084.8241935364827,2100.6506163458366,2054.561935725243,2083.1474609375,1441648,0.0,0.0,HEROMOTOCO.NS,121
2020-07-01 00:00:00+05:30,2090.5492266651845,2106.130237950619,2069.283858944803,2083.55615234375,1336764,0.0,0.0,HEROMOTOCO.NS,122
2020-07-02 00:00:00+05:30,2085.641978188007,2196.0583182097253,2085.641978188007,2184.934814453125,3353340,0.0,0.0,HEROMOTOCO.NS,123
2020-07-03 00:00:00+05:30,2191.96944116338,2249.222374328095,2190.006563327829,2239.612060546875,2637811,0.0,0.0,HEROMOTOCO.NS,124
2020-07-06 00:00:00+05:30,2249.4669164157262,2272.981504896539,2220.5950513184757,2266.3564453125,1716058,0.0,0.0,HEROMOTOCO.NS,125
2020-07-07 00:00:00+05:30,2259.0369350934757,2280.7112576061395,2230.9012906480957,2248.649658203125,1223502,0.0,0.0,HEROMOTOCO.NS,126
2020-07-08 00:00:00+05:30,2257.4005828597155,2272.08182569946,2216.5056447644306,2224.0302734375,974918,0.0,0.0,HEROMOTOCO.NS,127
2020-07-09 00:00:00+05:30,2228.774285595326,2230.9825724739458,2180.968139479298,2201.333740234375,1383528,0.0,0.0,HEROMOTOCO.NS,128
2020-07-10 00:00:00+05:30,2200.147580674534,2236.5440741094844,2185.0983239361512,2192.990966796875,1205528,0.0,0.0,HEROMOTOCO.NS,129
2020-07-13 00:00:00+05:30,2209.921603964953,2220.063668808258,2184.076121913733,2199.90234375,713590,0.0,0.0,HEROMOTOCO.NS,130
2020-07-14 00:00:00+05:30,2185.4260350726454,2193.31868021409,2129.808905437563,2136.2294921875,921721,0.0,0.0,HEROMOTOCO.NS,131
2020-07-15 00:00:00+05:30,2131.567075494464,2191.9689873509333,2131.567075494464,2165.837158203125,1188285,0.0,0.0,HEROMOTOCO.NS,132
2020-07-16 00:00:00+05:30,2167.4319982309066,2228.7744132751777,2137.2106750222306,2220.431884765625,1607439,0.0,0.0,HEROMOTOCO.NS,133
2020-07-17 00:00:00+05:30,2220.840569734992,2269.6690863591193,2210.780374929261,2260.713134765625,969122,0.0,0.0,HEROMOTOCO.NS,134
2020-07-20 00:00:00+05:30,2260.7135114905414,2350.191571950814,2242.842340518144,2339.3134765625,1674943,0.0,0.0,HEROMOTOCO.NS,135
2020-07-21 00:00:00+05:30,2339.3541619134603,2360.2105817956967,2328.557937440298,2346.67431640625,1289304,0.0,0.0,HEROMOTOCO.NS,136
2020-07-22 00:00:00+05:30,2339.191040744671,2339.191040744671,2251.7167863428076,2263.9443359375,1349352,0.0,0.0,HEROMOTOCO.NS,137
2020-07-23 00:00:00+05:30,2269.6690904237444,2284.350333432544,2245.418471726918,2266.56103515625,1117663,0.0,0.0,HEROMOTOCO.NS,138
2020-07-24 00:00:00+05:30,2251.6754297002462,2286.0271798082777,2231.309829151987,2241.615234375,701462,0.0,0.0,HEROMOTOCO.NS,139
2020-07-27 00:00:00+05:30,2256.5828667675287,2256.5828667675287,2198.8391296297223,2243.9873046875,662841,0.0,0.0,HEROMOTOCO.NS,140
2020-07-28 00:00:00+05:30,2251.3485677778276,2331.0118399073363,2245.173391212832,2323.855224609375,1836163,0.0,0.0,HEROMOTOCO.NS,141
2020-07-29 00:00:00+05:30,2338.57752362807,2355.9169410671047,2264.2713257096225,2273.759033203125,1092469,0.0,0.0,HEROMOTOCO.NS,142
2020-07-30 00:00:00+05:30,2288.614664383043,2302.6038121697466,2218.4623937474285,2231.626220703125,1497969,25.0,0.0,HEROMOTOCO.NS,143
2020-07-31 00:00:00+05:30,2232.492588213531,2236.3715553692336,2184.170018879583,2208.970947265625,1260570,0.0,0.0,HEROMOTOCO.NS,144
2020-08-03 00:00:00+05:30,2228.365998457014,2285.973426419693,2162.9593297986,2171.66650390625,2281990,0.0,0.0,HEROMOTOCO.NS,145
2020-08-04 00:00:00+05:30,2198.448459589184,2255.4369057574613,2178.888395339105,2233.40087890625,2033677,0.0,0.0,HEROMOTOCO.NS,146
2020-08-05 00:00:00+05:30,2244.212375874158,2261.37908955358,2205.257272732542,2224.858642578125,997234,0.0,0.0,HEROMOTOCO.NS,147
2020-08-06 00:00:00+05:30,2242.396389522585,2255.6015210030273,2207.7329193864243,2232.03857421875,859485,0.0,0.0,HEROMOTOCO.NS,148
2020-08-07 00:00:00+05:30,2236.6191692163766,2244.8723764828574,2203.688952820844,2233.48291015625,854109,0.0,0.0,HEROMOTOCO.NS,149
2020-08-10 00:00:00+05:30,2243.2217953260956,2243.2217953260956,2207.0313998920715,2230.140380859375,684596,0.0,0.0,HEROMOTOCO.NS,150
2020-08-11 00:00:00+05:30,2248.999492343028,2290.265538074093,2231.667753135981,2238.971923828125,1617202,0.0,0.0,HEROMOTOCO.NS,151
2020-08-12 00:00:00+05:30,2245.69769872378,2307.5967532641266,2232.740203605531,2289.439697265625,1798834,0.0,0.0,HEROMOTOCO.NS,152
2020-08-13 00:00:00+05:30,2302.645317833367,2327.404944906844,2266.578834695207,2318.86279296875,1299029,0.0,0.0,HEROMOTOCO.NS,153
2020-08-14 00:00:00+05:30,2311.311068831407,2346.79986581757,2274.625596896906,2314.03466796875,2158769,0.0,0.0,HEROMOTOCO.NS,154
2020-08-17 00:00:00+05:30,2321.462525804271,2421.573985148862,2319.1515871267698,2415.879150390625,2723654,0.0,0.0,HEROMOTOCO.NS,155
2020-08-18 00:00:00+05:30,2415.7138169830673,2446.250684502156,2397.804397142358,2413.361572265625,1530968,0.0,0.0,HEROMOTOCO.NS,156
2020-08-19 00:00:00+05:30,2431.3535881740563,2474.9718697815756,2411.133230090047,2420.70703125,2016727,0.0,0.0,HEROMOTOCO.NS,157
2020-08-20 00:00:00+05:30,2403.3337931402434,2446.9931760236755,2387.363757564066,2439.689208984375,1185217,0.0,0.0,HEROMOTOCO.NS,158
2020-08-21 00:00:00+05:30,2458.3827824849554,2517.021859799561,2440.5146695374206,2503.569091796875,2012976,0.0,0.0,HEROMOTOCO.NS,159
2020-08-24 00:00:00+05:30,2506.4992963765353,2538.274147515981,2476.82905359844,2488.383544921875,1706107,0.0,0.0,HEROMOTOCO.NS,160
2020-08-25 00:00:00+05:30,2512.2764045926633,2519.6629851285893,2441.1751014007564,2450.996337890625,1323587,0.0,0.0,HEROMOTOCO.NS,161
2020-08-26 00:00:00+05:30,2566.74729995106,2625.634010726116,2533.734472942043,2608.63232421875,4651022,0.0,0.0,HEROMOTOCO.NS,162
2020-08-27 00:00:00+05:30,2607.1886896391593,2616.2672194226448,2564.6846638346587,2592.951904296875,1431518,0.0,0.0,HEROMOTOCO.NS,163
2020-08-28 00:00:00+05:30,2574.217221181352,2611.3153557372166,2517.7651501164587,2524.904296875,1838010,0.0,0.0,HEROMOTOCO.NS,164
2020-08-31 00:00:00+05:30,2533.734789890277,2549.3332720055505,2447.984041605404,2480.95556640625,1808588,0.0,0.0,HEROMOTOCO.NS,165
2020-09-01 00:00:00+05:30,2500.7630688348554,2537.2835104159244,2455.74178360385,2472.330810546875,1357833,0.0,0.0,HEROMOTOCO.NS,166
2020-09-02 00:00:00+05:30,2504.8072863333414,2508.810172754619,2373.7463048429577,2429.373046875,2809547,0.0,0.0,HEROMOTOCO.NS,167
2020-09-03 00:00:00+05:30,2455.328999713977,2481.0376580544366,2418.9735838059055,2427.59814453125,1512714,0.0,0.0,HEROMOTOCO.NS,168
2020-09-04 00:00:00+05:30,2408.9876393999725,2456.5673017712,2366.6899494232302,2405.97509765625,1508195,0.0,0.0,HEROMOTOCO.NS,169
2020-09-07 00:00:00+05:30,2418.1899995680815,2422.233990983275,2353.8149756887947,2360.541259765625,1476038,0.0,0.0,HEROMOTOCO.NS,170
2020-09-08 00:00:00+05:30,2369.4958918086604,2396.071179867942,2353.8147974358412,2363.058349609375,1263479,0.0,0.0,HEROMOTOCO.NS,171
2020-09-09 00:00:00+05:30,2349.68840216014,2409.936822728349,2335.8229719222863,2396.731689453125,1995585,0.0,0.0,HEROMOTOCO.NS,172
2020-09-10 00:00:00+05:30,2409.936337563586,2440.8032497826043,2383.7324064959,2433.664306640625,1629594,0.0,0.0,HEROMOTOCO.NS,173
2020-09-11 00:00:00+05:30,2433.9947550559923,2482.3173281617783,2433.6647073339523,2469.566162109375,1525239,0.0,0.0,HEROMOTOCO.NS,174
2020-09-14 00:00:00+05:30,2488.3009933265143,2508.1499995646823,2439.6483707513003,2499.484130859375,1537220,0.0,0.0,HEROMOTOCO.NS,175
2020-09-15 00:00:00+05:30,2499.4836154919476,2518.6310144796694,2480.1298863395,2506.62255859375,915275,0.0,0.0,HEROMOTOCO.NS,176
2020-09-16 00:00:00+05:30,2503.197813902084,2562.620907407178,2496.3063050992505,2522.34521484375,1603512,0.0,0.0,HEROMOTOCO.NS,177
2020-09-17 00:00:00+05:30,2511.2863296931646,2556.844000441543,2500.7634888262733,2526.30712890625,914287,0.0,0.0,HEROMOTOCO.NS,178
2020-09-18 00:00:00+05:30,2541.9879282294855,2576.5276824624116,2537.9439371232143,2568.9345703125,1362732,0.0,0.0,HEROMOTOCO.NS,179
2020-09-21 00:00:00+05:30,2576.651345448246,2578.67334095859,2503.2391060617733,2521.643798828125,826132,0.0,0.0,HEROMOTOCO.NS,180
2020-09-22 00:00:00+05:30,2508.9752969700244,2518.8791468264853,2442.949631260287,2476.086181640625,1099375,0.0,0.0,HEROMOTOCO.NS,181
2020-09-23 00:00:00+05:30,2476.3751198512277,2511.451254693313,2414.022091615429,2440.267333984375,1256820,0.0,0.0,HEROMOTOCO.NS,182
2020-09-24 00:00:00+05:30,2402.7977522392644,2433.8709992515073,2393.4302807152835,2408.53369140625,1020064,0.0,0.0,HEROMOTOCO.NS,183
2020-09-25 00:00:00+05:30,2421.9449508939483,2488.4656798019164,2414.145710415478,2477.61279296875,1263899,0.0,0.0,HEROMOTOCO.NS,184
2020-09-28 00:00:00+05:30,2514.752392205141,2554.986779838879,2469.7724101325516,2549.333251953125,1422073,0.0,0.0,HEROMOTOCO.NS,185
2020-09-29 00:00:00+05:30,2562.620905149295,2659.2247383459776,2562.208244778096,2620.35205078125,3394236,0.0,0.0,HEROMOTOCO.NS,186
2020-09-30 00:00:00+05:30,2639.3754551989587,2639.3754551989587,2587.3802539239323,2597.53173828125,1175373,0.0,0.0,HEROMOTOCO.NS,187
2020-10-01 00:00:00+05:30,2612.1404128757385,2640.201320944546,2568.150772574887,2600.957275390625,1459005,0.0,0.0,HEROMOTOCO.NS,188
2020-10-05 00:00:00+05:30,2661.659521191948,2665.786125100773,2553.707522638227,2582.59375,1374983,0.0,0.0,HEROMOTOCO.NS,189
2020-10-06 00:00:00+05:30,2593.653127850327,2622.7867897847623,2572.5248355776557,2588.494873046875,849216,0.0,0.0,HEROMOTOCO.NS,190
2020-10-07 00:00:00+05:30,2591.507369934232,2682.2513536239844,2589.898034637122,2668.798583984375,2071160,0.0,0.0,HEROMOTOCO.NS,191
2020-10-08 00:00:00+05:30,2682.2925655244526,2717.616335609303,2670.449131598942,2706.3505859375,1414044,0.0,0.0,HEROMOTOCO.NS,192
2020-10-09 00:00:00+05:30,2723.5586538440375,2756.5714860118437,2696.3643736446743,2746.17236328125,1358012,0.0,0.0,HEROMOTOCO.NS,193
2020-10-12 00:00:00+05:30,2765.4851860879216,2769.4054601844055,2701.894173339772,2710.931396484375,1438726,0.0,0.0,HEROMOTOCO.NS,194
2020-10-13 00:00:00+05:30,2709.940795054713,2726.0345503474086,2687.4094973460724,2713.696044921875,847392,0.0,0.0,HEROMOTOCO.NS,195
2020-10-14 00:00:00+05:30,2726.0343818101815,2750.7526974711163,2698.798797614076,2732.471923828125,1188612,0.0,0.0,HEROMOTOCO.NS,196
2020-10-15 00:00:00+05:30,2733.462805626041,2789.2132724104313,2715.388358614119,2735.361083984375,1817305,0.0,0.0,HEROMOTOCO.NS,197
2020-10-16 00:00:00+05:30,2735.938476298964,2801.8815282068963,2724.3839849963438,2761.894775390625,1461910,0.0,0.0,HEROMOTOCO.NS,198
2020-10-19 00:00:00+05:30,2766.516714509368,2771.839993537078,2666.2402341714924,2681.2197265625,1056638,0.0,0.0,HEROMOTOCO.NS,199
2020-10-20 00:00:00+05:30,2681.4674148889885,2717.3688715056924,2666.1576729754097,2672.058837890625,1198126,0.0,0.0,HEROMOTOCO.NS,200
2020-10-21 00:00:00+05:30,2682.292102744075,2707.05172215402,2585.0279838976203,2623.157958984375,2045833,0.0,0.0,HEROMOTOCO.NS,201
2020-10-22 00:00:00+05:30,2621.961850538359,2621.961850538359,2527.462608788514,2543.226318359375,1640304,0.0,0.0,HEROMOTOCO.NS,202
2020-10-23 00:00:00+05:30,2558.494422877249,2602.195117962689,2550.1586023856257,2567.6142578125,1707899,0.0,0.0,HEROMOTOCO.NS,203
2020-10-26 00:00:00+05:30,2575.0007982306324,2575.0007982306324,2372.797209908035,2391.73828125,4182675,0.0,0.0,HEROMOTOCO.NS,204
2020-10-27 00:00:00+05:30,2414.062710257361,2457.7220885904558,2356.7442359485685,2403.292236328125,3089586,0.0,0.0,HEROMOTOCO.NS,205
2020-10-28 00:00:00+05:30,2471.836001420328,2504.8488361638383,2418.4790878638705,2431.560302734375,5321192,0.0,0.0,HEROMOTOCO.NS,206
2020-10-29 00:00:00+05:30,2422.3169177305144,2444.8895256536207,2381.0508714318685,2388.478759765625,2345545,0.0,0.0,HEROMOTOCO.NS,207
2020-10-30 00:00:00+05:30,2404.9018800699823,2416.951642752111,2300.1687650162658,2310.73291015625,3110768,0.0,0.0,HEROMOTOCO.NS,208
2020-11-02 00:00:00+05:30,2383.5264244256177,2383.5264244256177,2320.8020448354696,2340.32080078125,2671709,0.0,0.0,HEROMOTOCO.NS,209
2020-11-03 00:00:00+05:30,2360.4178483475584,2434.242764878996,2349.688676309615,2424.297607421875,2352020,0.0,0.0,HEROMOTOCO.NS,210
2020-11-04 00:00:00+05:30,2426.4432626400353,2457.8054544700767,2401.7662501925565,2449.55224609375,1868196,0.0,0.0,HEROMOTOCO.NS,211
2020-11-05 00:00:00+05:30,2467.709014334757,2472.578326106451,2415.548783828953,2430.033203125,1195194,0.0,0.0,HEROMOTOCO.NS,212
2020-11-06 00:00:00+05:30,2428.91916640495,2461.9319991117786,2414.2284155515426,2430.941162109375,1182126,0.0,0.0,HEROMOTOCO.NS,213
2020-11-09 00:00:00+05:30,2451.2026594035606,2466.8837538576577,2418.189828973883,2438.203857421875,1175877,0.0,0.0,HEROMOTOCO.NS,214
2020-11-10 00:00:00+05:30,2465.232999043705,2465.232999043705,2412.3711664486414,2435.727783203125,1352612,0.0,0.0,HEROMOTOCO.NS,215
2020-11-11 00:00:00+05:30,2459.455846777829,2537.8613184032965,2437.3372102730423,2525.605224609375,2829916,0.0,0.0,HEROMOTOCO.NS,216
2020-11-12 00:00:00+05:30,2525.4813438288434,2558.49417185275,2506.498967715097,2546.774658203125,2093558,0.0,0.0,HEROMOTOCO.NS,217
2020-11-13 00:00:00+05:30,2549.4159718176707,2587.298116246297,2534.642809975931,2582.34619140625,1274593,0.0,0.0,HEROMOTOCO.NS,218
2020-11-14 00:00:00+05:30,2605.496386344111,2605.496386344111,2556.843766844563,2571.451904296875,199281,0.0,0.0,HEROMOTOCO.NS,219
2020-11-17 00:00:00+05:30,2596.789222800528,2598.1098166468737,2476.7876619305175,2501.794921875,1933560,0.0,0.0,HEROMOTOCO.NS,220
2020-11-18 00:00:00+05:30,2510.5015953131024,2516.3612507876437,2429.496255990466,2461.931396484375,1956934,0.0,0.0,HEROMOTOCO.NS,221
2020-11-19 00:00:00+05:30,2499.896683543427,2588.8249990441877,2455.4530782151505,2466.47119140625,4282399,0.0,0.0,HEROMOTOCO.NS,222
2020-11-20 00:00:00+05:30,2475.136599071685,2491.6017055389075,2447.6120751331723,2474.84765625,1531471,0.0,0.0,HEROMOTOCO.NS,223
2020-11-23 00:00:00+05:30,2496.265202930155,2537.0359670865164,2461.1064586376033,2525.275146484375,1653325,0.0,0.0,HEROMOTOCO.NS,224
2020-11-24 00:00:00+05:30,2522.1804198601017,2566.45880114898,2510.3369855238207,2537.159912109375,1517541,0.0,0.0,HEROMOTOCO.NS,225
2020-11-25 00:00:00+05:30,2541.5755315713286,2554.2442870869495,2476.787845509192,2483.18408203125,1110258,0.0,0.0,HEROMOTOCO.NS,226
2020-11-26 00:00:00+05:30,2482.5650212530804,2516.9395527348624,2456.237367749097,2496.22412109375,859782,0.0,0.0,HEROMOTOCO.NS,227
2020-11-27 00:00:00+05:30,2516.4032942118843,2573.804400142908,2502.3728396360884,2565.798828125,3266924,0.0,0.0,HEROMOTOCO.NS,228
2020-12-01 00:00:00+05:30,2575.0012245297808,2583.1718208944862,2537.9030901355077,2566.954345703125,1503427,0.0,0.0,HEROMOTOCO.NS,229
2020-12-02 00:00:00+05:30,2569.2234822331893,2622.126622648184,2551.0664258216475,2580.11767578125,1748207,0.0,0.0,HEROMOTOCO.NS,230
2020-12-03 00:00:00+05:30,2604.712394989249,2613.790923615637,2579.5401110706266,2591.383544921875,974736,0.0,0.0,HEROMOTOCO.NS,231
2020-12-04 00:00:00+05:30,2600.585701463017,2642.6770600078007,2599.760380707237,2624.891357421875,1089915,0.0,0.0,HEROMOTOCO.NS,232
2020-12-07 00:00:00+05:30,2624.437869687116,2655.8413704747895,2587.876314728758,2619.60986328125,991744,0.0,0.0,HEROMOTOCO.NS,233
2020-12-08 00:00:00+05:30,2620.3937477125905,2644.9883498010154,2603.5983875035267,2614.5751953125,644753,0.0,0.0,HEROMOTOCO.NS,234
2020-12-09 00:00:00+05:30,2620.3522714313826,2644.327881315839,2604.836199868864,2633.35107421875,669455,0.0,0.0,HEROMOTOCO.NS,235
2020-12-10 00:00:00+05:30,2624.520137913503,2647.4227900603896,2612.965646740299,2636.322265625,559968,0.0,0.0,HEROMOTOCO.NS,236
2020-12-11 00:00:00+05:30,2641.026462120877,2673.6266325126817,2615.441518269081,2628.894287109375,1276394,0.0,0.0,HEROMOTOCO.NS,237
2020-12-14 00:00:00+05:30,2652.5812840543504,2652.5812840543504,2562.621308957299,2569.76025390625,1421591,0.0,0.0,HEROMOTOCO.NS,238
2020-12-15 00:00:00+05:30,2544.092655879625,2587.3806912607015,2542.895981026234,2568.687255859375,1058918,0.0,0.0,HEROMOTOCO.NS,239
2020-12-16 00:00:00+05:30,2583.3366222978116,2595.6338211708103,2562.6209903769045,2572.9375,1025407,0.0,0.0,HEROMOTOCO.NS,240
2020-12-17 00:00:00+05:30,2587.3805698050123,2605.950286813182,2559.3609704404385,2568.9345703125,969196,0.0,0.0,HEROMOTOCO.NS,241
2020-12-18 00:00:00+05:30,2559.319873426563,2594.808668833639,2559.319873426563,2587.62841796875,1109264,0.0,0.0,HEROMOTOCO.NS,242
2020-12-21 00:00:00+05:30,2598.1098044869163,2602.1126908507736,2430.528380515538,2471.093017578125,1397172,0.0,0.0,HEROMOTOCO.NS,243
2020-12-22 00:00:00+05:30,2492.468681125018,2525.4815113385944,2393.9254635352227,2516.485595703125,1073505,0.0,0.0,HEROMOTOCO.NS,244
2020-12-23 00:00:00+05:30,2514.422248570941,2536.6232958923615,2485.8660703522996,2509.016357421875,711716,0.0,0.0,HEROMOTOCO.NS,245
2020-12-24 00:00:00+05:30,2513.10161980797,2545.0414917214443,2500.7218088729555,2536.293212890625,640601,0.0,0.0,HEROMOTOCO.NS,246
2020-12-28 00:00:00+05:30,2555.19325156241,2578.302234457677,2527.7100280345276,2544.134033203125,742559,0.0,0.0,HEROMOTOCO.NS,247
2020-12-29 00:00:00+05:30,2555.1934362546763,2563.446645028109,2526.3072055476628,2537.036376953125,478502,0.0,0.0,HEROMOTOCO.NS,248
2020-12-30 00:00:00+05:30,2541.9883599061477,2565.056038652528,2530.103819600434,2559.650146484375,505754,0.0,0.0,HEROMOTOCO.NS,249
2020-12-31 00:00:00+05:30,2564.271596318579,2573.1851008080594,2546.114539633993,2566.74755859375,605742,0.0,0.0,HEROMOTOCO.NS,250
2021-01-01 00:00:00+05:30,2570.874188551967,2575.6610892982167,2552.7171316825793,2560.681396484375,408952,0.0,0.0,HEROMOTOCO.NS,251
2021-01-04 00:00:00+05:30,2568.3978655091073,2578.2604069881504,2506.7051468565346,2512.15234375,1599835,0.0,0.0,HEROMOTOCO.NS,252
2021-01-05 00:00:00+05:30,2518.8789927065854,2537.3249925333444,2501.547256518237,2531.423828125,1150326,0.0,0.0,HEROMOTOCO.NS,253
2021-01-06 00:00:00+05:30,2543.0609969677957,2577.9721067720975,2513.927132708129,2544.91796875,1370394,0.0,0.0,HEROMOTOCO.NS,254
2021-01-07 00:00:00+05:30,2553.542706330292,2570.6681139438515,2504.023455399517,2521.5615234375,880259,0.0,0.0,HEROMOTOCO.NS,255
2021-01-08 00:00:00+05:30,2533.734589159326,2612.924071280605,2528.039956836791,2608.92138671875,1576465,0.0,0.0,HEROMOTOCO.NS,256
2021-01-11 00:00:00+05:30,2608.838942006885,2661.5768583703184,2597.325757617046,2639.128173828125,1596027,0.0,0.0,HEROMOTOCO.NS,257
2021-01-12 00:00:00+05:30,2632.773450277313,2719.432137512146,2624.891596044228,2680.848388671875,1586336,0.0,0.0,HEROMOTOCO.NS,258
2021-01-13 00:00:00+05:30,2690.5460157619427,2738.414625858321,2654.809582063535,2687.905029296875,1424073,0.0,0.0,HEROMOTOCO.NS,259
2021-01-14 00:00:00+05:30,2694.672570107281,2719.4321955600276,2672.4302135410994,2695.9931640625,803208,0.0,0.0,HEROMOTOCO.NS,260
2021-01-15 00:00:00+05:30,2682.2925178177684,2699.50053656827,2619.5681389395686,2643.50244140625,1199320,0.0,0.0,HEROMOTOCO.NS,261
2021-01-18 00:00:00+05:30,2641.0261848672094,2655.5106031487016,2543.8446744709236,2610.613037109375,1280163,0.0,0.0,HEROMOTOCO.NS,262
2021-01-19 00:00:00+05:30,2616.6792683529125,2674.658047284246,2616.6792683529125,2668.17919921875,770832,0.0,0.0,HEROMOTOCO.NS,263
2021-01-20 00:00:00+05:30,2673.214076499878,2717.3687393874184,2666.0338258245097,2703.4208984375,841752,0.0,0.0,HEROMOTOCO.NS,264
2021-01-21 00:00:00+05:30,2703.4208273554245,2761.523329665172,2657.2852748604146,2680.064208984375,1300181,0.0,0.0,HEROMOTOCO.NS,265
2021-01-22 00:00:00+05:30,2694.672327521288,2875.3762707173028,2689.637790201388,2785.375,3813020,0.0,0.0,HEROMOTOCO.NS,266
2021-01-25 00:00:00+05:30,2820.9052005203466,2905.252946354022,2770.643244176087,2867.948486328125,2266967,0.0,0.0,HEROMOTOCO.NS,267
2021-01-27 00:00:00+05:30,2847.3568981801563,2875.4178067419316,2748.277091033018,2771.88134765625,1333633,0.0,0.0,HEROMOTOCO.NS,268
2021-01-28 00:00:00+05:30,2755.704623492164,2858.993634211439,2744.315157068226,2803.944580078125,1986409,0.0,0.0,HEROMOTOCO.NS,269
2021-01-29 00:00:00+05:30,2822.5140708980557,2876.2425269635905,2662.8145216964904,2687.285400390625,1718833,0.0,0.0,HEROMOTOCO.NS,270
2021-02-01 00:00:00+05:30,2723.5584583311834,2773.7379999229374,2655.2631666866664,2757.107666015625,1285163,0.0,0.0,HEROMOTOCO.NS,271
2021-02-02 00:00:00+05:30,2806.090377649517,2806.090377649517,2691.3708004456103,2718.482666015625,1751516,0.0,0.0,HEROMOTOCO.NS,272
2021-02-03 00:00:00+05:30,2720.711350809299,2824.247805908206,2697.1484014342536,2790.24462890625,1077971,0.0,0.0,HEROMOTOCO.NS,273
2021-02-04 00:00:00+05:30,2839.9290330372146,2901.0027756831764,2809.4747743966295,2839.681396484375,2425660,0.0,0.0,HEROMOTOCO.NS,274
2021-02-05 00:00:00+05:30,2888.622692163742,2938.1419383151206,2778.0297090923304,2830.18994140625,2719249,0.0,0.0,HEROMOTOCO.NS,275
2021-02-08 00:00:00+05:30,2870.465640647353,2894.317330324121,2818.8004798010525,2884.49609375,1004959,0.0,0.0,HEROMOTOCO.NS,276
2021-02-09 00:00:00+05:30,2856.4346752457677,2919.9843631954714,2852.5970149478208,2888.168212890625,1543021,0.0,0.0,HEROMOTOCO.NS,277
2021-02-10 00:00:00+05:30,2880.369629580521,2945.363643428506,2876.4493557293727,2920.76904296875,1477082,0.0,0.0,HEROMOTOCO.NS,278
2021-02-11 00:00:00+05:30,2908.4306644761227,2933.190289883127,2866.79326804888,2922.873779296875,757116,0.0,0.0,HEROMOTOCO.NS,279
2021-02-12 00:00:00+05:30,2918.2932673175537,2954.64869165763,2891.0163724769836,2901.621826171875,566161,0.0,0.0,HEROMOTOCO.NS,280
2021-02-15 00:00:00+05:30,2937.9996486940945,2952.4835052147505,2906.88457250168,2918.16845703125,809861,70.0,0.0,HEROMOTOCO.NS,281
2021-02-16 00:00:00+05:30,2922.0423529723753,2934.926327231259,2890.043041902361,2914.9267578125,759332,0.0,0.0,HEROMOTOCO.NS,282
2021-02-17 00:00:00+05:30,2916.525930465432,3027.302506991795,2911.305032627923,3018.03955078125,1946207,0.0,0.0,HEROMOTOCO.NS,283
2021-02-18 00:00:00+05:30,3014.3770138045015,3055.976240014745,2952.35738094918,2966.546630859375,1701157,0.0,0.0,HEROMOTOCO.NS,284
2021-02-19 00:00:00+05:30,2966.546374631511,2966.546374631511,2837.8332899147094,2854.42236328125,995322,0.0,0.0,HEROMOTOCO.NS,285
2021-02-22 00:00:00+05:30,2863.096511116206,2890.8432435402187,2821.118381504908,2875.011962890625,921345,0.0,0.0,HEROMOTOCO.NS,286
2021-02-23 00:00:00+05:30,2875.011418950385,2930.0840353620224,2843.770112754197,2867.685302734375,1069537,0.0,0.0,HEROMOTOCO.NS,287
2021-02-24 00:00:00+05:30,2896.7795315729236,2947.3047559608235,2821.9180730065846,2898.126953125,823330,0.0,0.0,HEROMOTOCO.NS,288
2021-02-25 00:00:00+05:30,2905.2008515918687,2913.6217236254683,2864.991187631431,2892.064208984375,897962,0.0,0.0,HEROMOTOCO.NS,289
2021-02-26 00:00:00+05:30,2867.306171350976,2883.011011317298,2694.5099639042696,2714.888427734375,1880371,0.0,0.0,HEROMOTOCO.NS,290
2021-03-01 00:00:00+05:30,2740.99326838803,2831.980812623633,2736.782833259938,2821.159912109375,1176879,0.0,0.0,HEROMOTOCO.NS,291
2021-03-02 00:00:00+05:30,2822.6758476204013,2938.8838628267304,2822.254804087045,2927.431396484375,1402320,0.0,0.0,HEROMOTOCO.NS,292
2021-03-03 00:00:00+05:30,2955.7257528765226,2956.4835490396267,2858.0436482230534,2883.60107421875,965062,0.0,0.0,HEROMOTOCO.NS,293
2021-03-04 00:00:00+05:30,2861.4118388835404,2913.621236767819,2836.359748769713,2879.8115234375,934953,0.0,0.0,HEROMOTOCO.NS,294
2021-03-05 00:00:00+05:30,2875.727068944955,2940.14672363728,2858.04324216667,2915.052490234375,1017875,0.0,0.0,HEROMOTOCO.NS,295
2021-03-08 00:00:00+05:30,2915.0109123358907,2938.463121793185,2882.211658828454,2916.94775390625,749107,0.0,0.0,HEROMOTOCO.NS,296
2021-03-09 00:00:00+05:30,2917.873702352558,2938.8837326186476,2876.9903359574814,2904.23193359375,564852,0.0,0.0,HEROMOTOCO.NS,297
2021-03-10 00:00:00+05:30,2904.3584254306365,2926.25269016279,2869.7066232915477,2879.390625,787897,0.0,0.0,HEROMOTOCO.NS,298
2021-03-12 00:00:00+05:30,2825.201835810978,2879.0954028726483,2787.3079214707413,2821.45458984375,1098158,0.0,0.0,HEROMOTOCO.NS,299
2021-03-15 00:00:00+05:30,2829.4128672655515,2837.3284043615176,2730.8886692089836,2748.69873046875,781236,0.0,0.0,HEROMOTOCO.NS,300
2021-03-16 00:00:00+05:30,2778.003433265154,2778.887665912755,2735.0991329953417,2741.035888671875,523881,0.0,0.0,HEROMOTOCO.NS,301
2021-03-17 00:00:00+05:30,2742.6773428275164,2761.118965783715,2673.6262092346838,2686.720703125,991815,0.0,0.0,HEROMOTOCO.NS,302
2021-03-18 00:00:00+05:30,2709.5835822179165,2709.5835822179165,2587.1442018452285,2616.532958984375,1472097,0.0,0.0,HEROMOTOCO.NS,303
2021-03-19 00:00:00+05:30,2597.8387544714565,2637.4589944213685,2556.5764857618615,2626.595947265625,1554560,0.0,0.0,HEROMOTOCO.NS,304
2021-03-22 00:00:00+05:30,2637.079460674654,2647.4791107042893,2594.5960114164973,2606.974853515625,619756,0.0,0.0,HEROMOTOCO.NS,305
2021-03-23 00:00:00+05:30,2617.122440998464,2637.416822538507,2577.2497397829966,2583.06005859375,944310,0.0,0.0,HEROMOTOCO.NS,306
2021-03-24 00:00:00+05:30,2583.5230595534595,2598.638480925819,2545.629142447884,2554.765869140625,975533,0.0,0.0,HEROMOTOCO.NS,307
2021-03-25 00:00:00+05:30,2554.1345196878774,2568.028957134045,2464.873285185224,2477.12548828125,1075251,0.0,0.0,HEROMOTOCO.NS,308
2021-03-26 00:00:00+05:30,2502.682882873749,2511.777464750044,2468.1573114747503,2473.883544921875,611318,0.0,0.0,HEROMOTOCO.NS,309
2021-03-30 00:00:00+05:30,2471.483384742419,2506.3459125075624,2456.03121048704,2495.81982421875,899455,0.0,0.0,HEROMOTOCO.NS,310
2021-03-31 00:00:00+05:30,2488.872290844564,2494.261565131062,2443.7363477415065,2453.504638671875,1212659,0.0,0.0,HEROMOTOCO.NS,311
2021-04-01 00:00:00+05:30,2483.3150442188453,2530.429779881248,2469.8416496079594,2489.2939453125,1067722,0.0,0.0,HEROMOTOCO.NS,312
2021-04-05 00:00:00+05:30,2493.4194776511827,2503.4823756616297,2413.9265512100224,2431.020751953125,1152927,0.0,0.0,HEROMOTOCO.NS,313
2021-04-06 00:00:00+05:30,2442.052218425447,2465.63065363783,2415.1054353255795,2431.905029296875,788062,0.0,0.0,HEROMOTOCO.NS,314
2021-04-07 00:00:00+05:30,2425.210609460167,2483.230322708372,2421.042319842687,2477.083251953125,649751,0.0,0.0,HEROMOTOCO.NS,315
2021-04-08 00:00:00+05:30,2500.156428102587,2518.1350686872593,2453.336306324748,2465.630859375,953450,0.0,0.0,HEROMOTOCO.NS,316
2021-04-09 00:00:00+05:30,2465.631125286412,2482.472867945472,2443.021003531552,2452.91552734375,557093,0.0,0.0,HEROMOTOCO.NS,317
2021-04-12 00:00:00+05:30,2420.158288749623,2433.5895366736886,2308.2449970894827,2346.138916015625,859305,0.0,0.0,HEROMOTOCO.NS,318
2021-04-13 00:00:00+05:30,2357.001469777039,2424.3684285416557,2335.3177299246777,2412.8740234375,714921,0.0,0.0,HEROMOTOCO.NS,319
2021-04-15 00:00:00+05:30,2401.632054570552,2433.6313596454756,2374.685271349564,2410.51611328125,683426,0.0,0.0,HEROMOTOCO.NS,320
2021-04-16 00:00:00+05:30,2390.053849605467,2463.0627642743457,2390.053849605467,2437.716064453125,709663,0.0,0.0,HEROMOTOCO.NS,321
2021-04-19 00:00:00+05:30,2325.297556404447,2376.833251582258,2309.9294651072223,2345.676025390625,740714,0.0,0.0,HEROMOTOCO.NS,322
2021-04-20 00:00:00+05:30,2392.579693386795,2398.979636834257,2358.559460755923,2377.801025390625,740095,0.0,0.0,HEROMOTOCO.NS,323
2021-04-22 00:00:00+05:30,2318.5184062063176,2427.358161658947,2315.7394777155255,2400.91650390625,1436707,0.0,0.0,HEROMOTOCO.NS,324
2021-04-23 00:00:00+05:30,2373.0011496742563,2419.9896450685146,2367.990773176256,2411.779296875,682515,0.0,0.0,HEROMOTOCO.NS,325
2021-04-26 00:00:00+05:30,2408.411291580644,2423.863466770372,2383.1065326867006,2412.20068359375,831133,0.0,0.0,HEROMOTOCO.NS,326
2021-04-27 00:00:00+05:30,2421.0004253449815,2474.894000030922,2417.000511598759,2446.68408203125,811184,0.0,0.0,HEROMOTOCO.NS,327
2021-04-28 00:00:00+05:30,2465.6308788979068,2533.8399298510253,2454.725892733428,2464.1572265625,1389833,0.0,0.0,HEROMOTOCO.NS,328
2021-04-29 00:00:00+05:30,2495.7775062924297,2495.7775062924297,2399.990109483048,2408.453125,1009327,0.0,0.0,HEROMOTOCO.NS,329
2021-04-30 00:00:00+05:30,2387.1485128126697,2408.369066265024,2362.054276529158,2373.9697265625,670258,0.0,0.0,HEROMOTOCO.NS,330
2021-05-03 00:00:00+05:30,2340.9596260339968,2398.2636853351833,2329.7598282398685,2352.159423828125,668727,0.0,0.0,HEROMOTOCO.NS,331
2021-05-04 00:00:00+05:30,2352.791383495487,2374.475126560988,2329.844509765977,2338.265380859375,642256,0.0,0.0,HEROMOTOCO.NS,332
2021-05-05 00:00:00+05:30,2346.8124722077573,2357.8438955254633,2330.8971081480295,2347.9072265625,365152,0.0,0.0,HEROMOTOCO.NS,333
2021-05-06 00:00:00+05:30,2373.0010256537466,2460.578068474183,2359.653865258078,2453.251953125,2249529,0.0,0.0,HEROMOTOCO.NS,334
2021-05-07 00:00:00+05:30,2483.2726173987107,2522.0507679873,2374.6855311266063,2409.042724609375,2287493,0.0,0.0,HEROMOTOCO.NS,335
2021-05-10 00:00:00+05:30,2409.04324700935,2424.3691938487545,2383.1069185800543,2388.412109375,781259,0.0,0.0,HEROMOTOCO.NS,336
2021-05-11 00:00:00+05:30,2383.5274736574825,2394.600836495229,2358.7701958058046,2390.137939453125,684120,0.0,0.0,HEROMOTOCO.NS,337
2021-05-12 00:00:00+05:30,2391.3587132139182,2406.68465555725,2370.4749144134566,2391.6533203125,486996,0.0,0.0,HEROMOTOCO.NS,338
2021-05-14 00:00:00+05:30,2391.6535084077,2401.548031475162,2360.159534240801,2368.24365234375,518143,0.0,0.0,HEROMOTOCO.NS,339
2021-05-17 00:00:00+05:30,2387.3170213158987,2428.9160434381483,2368.7911043956346,2403.9482421875,926624,0.0,0.0,HEROMOTOCO.NS,340
2021-05-18 00:00:00+05:30,2422.0108512355932,2458.641639712528,2405.4639221241832,2447.905029296875,1288013,0.0,0.0,HEROMOTOCO.NS,341
2021-05-19 00:00:00+05:30,2454.68359375,2479.0619711707427,2436.9997668310466,2454.68359375,717841,0.0,0.0,HEROMOTOCO.NS,342
2021-05-20 00:00:00+05:30,2451.610346506996,2456.1996800576685,2409.8427443557766,2412.663818359375,637388,0.0,0.0,HEROMOTOCO.NS,343
2021-05-21 00:00:00+05:30,2420.158391779865,2433.7160766967922,2387.3169939790946,2428.916015625,1658538,0.0,0.0,HEROMOTOCO.NS,344
2021-05-24 00:00:00+05:30,2458.89423978954,2495.6934035620084,2435.31580187375,2442.431396484375,1587246,0.0,0.0,HEROMOTOCO.NS,345
2021-05-25 00:00:00+05:30,2463.020440861043,2479.8202427327183,2448.2839168246032,2467.0625,501532,0.0,0.0,HEROMOTOCO.NS,346
2021-05-26 00:00:00+05:30,2477.4203080172447,2515.1037066521094,2459.315434930103,2496.53564453125,817054,0.0,0.0,HEROMOTOCO.NS,347
2021-05-27 00:00:00+05:30,2500.998320732365,2550.2182634016403,2471.6515073600954,2518.934814453125,2097924,0.0,0.0,HEROMOTOCO.NS,348
2021-05-28 00:00:00+05:30,2547.313524854226,2554.386974390652,2489.672702905225,2519.145751953125,1077246,0.0,0.0,HEROMOTOCO.NS,349
2021-05-31 00:00:00+05:30,2516.9982932479998,2538.8925574247974,2492.5777678200334,2532.576904296875,662303,0.0,0.0,HEROMOTOCO.NS,350
2021-06-01 00:00:00+05:30,2540.155577306154,2572.575928616045,2497.630181432141,2506.6826171875,971553,0.0,0.0,HEROMOTOCO.NS,351
2021-06-02 00:00:00+05:30,2502.6826538280534,2520.366481462774,2477.504333859394,2503.18798828125,793261,0.0,0.0,HEROMOTOCO.NS,352
2021-06-03 00:00:00+05:30,2512.7880643410977,2538.050678928977,2494.2621469766523,2533.29296875,851280,0.0,0.0,HEROMOTOCO.NS,353
2021-06-04 00:00:00+05:30,2530.4715708788694,2572.575923139749,2530.3453400571498,2567.01806640625,1023321,0.0,0.0,HEROMOTOCO.NS,354
2021-06-07 00:00:00+05:30,2581.2076309732765,2590.7654023402465,2560.5764958427503,2570.260498046875,612460,0.0,0.0,HEROMOTOCO.NS,355
2021-06-08 00:00:00+05:30,2575.1022961977587,2591.944037834108,2560.2395414387474,2573.3759765625,555729,0.0,0.0,HEROMOTOCO.NS,356
2021-06-09 00:00:00+05:30,2573.3757309070475,2602.0488344233195,2535.1872087447173,2546.050048828125,845692,0.0,0.0,HEROMOTOCO.NS,357
2021-06-10 00:00:00+05:30,2559.0605554578115,2563.228845491842,2525.419216877363,2533.840087890625,567660,0.0,0.0,HEROMOTOCO.NS,358
2021-06-11 00:00:00+05:30,2542.260564149413,2558.260216590234,2522.0504768557444,2529.924072265625,467264,0.0,0.0,HEROMOTOCO.NS,359
2021-06-14 00:00:00+05:30,2534.6819029043713,2540.5343665128166,2478.2620731719485,2514.177001953125,489598,0.0,0.0,HEROMOTOCO.NS,360
2021-06-15 00:00:00+05:30,2513.629936793231,2547.313420033341,2502.935471982029,2532.197998046875,454939,0.0,0.0,HEROMOTOCO.NS,361
2021-06-16 00:00:00+05:30,2532.99777357265,2538.7661519343646,2500.998466592677,2505.545654296875,444814,0.0,0.0,HEROMOTOCO.NS,362
2021-06-17 00:00:00+05:30,2481.6306078993284,2491.693507319426,2443.7366895567866,2453.926025390625,782315,0.0,0.0,HEROMOTOCO.NS,363
2021-06-18 00:00:00+05:30,2453.926035707886,2479.9464441774317,2401.6323459402497,2434.7685546875,904203,0.0,0.0,HEROMOTOCO.NS,364
2021-06-21 00:00:00+05:30,2416.7901165745407,2452.999863965727,2412.5796808313794,2437.716064453125,577938,0.0,0.0,HEROMOTOCO.NS,365
2021-06-22 00:00:00+05:30,2442.8945899217765,2477.4623052607117,2439.1473435780363,2447.9892578125,522538,0.0,0.0,HEROMOTOCO.NS,366
2021-06-23 00:00:00+05:30,2491.6935225276043,2522.0508028581717,2459.7363589812085,2465.92578125,1911546,0.0,0.0,HEROMOTOCO.NS,367
2021-06-24 00:00:00+05:30,2475.736048785965,2475.736048785965,2436.5789990347585,2447.905029296875,844653,0.0,0.0,HEROMOTOCO.NS,368
2021-06-25 00:00:00+05:30,2448.7891805963686,2483.567417435576,2443.6945127447893,2475.062255859375,631005,0.0,0.0,HEROMOTOCO.NS,369
2021-06-28 00:00:00+05:30,2490.0517604018846,2491.2306002041996,2466.8100722868326,2478.809814453125,407079,0.0,0.0,HEROMOTOCO.NS,370
2021-06-29 00:00:00+05:30,2478.809585233309,2490.5147191604724,2454.6838722913108,2465.2099609375,470337,0.0,0.0,HEROMOTOCO.NS,371
2021-06-30 00:00:00+05:30,2463.1048569902555,2467.3152926432304,2439.8631699507637,2444.2421875,758083,0.0,0.0,HEROMOTOCO.NS,372
2021-07-01 00:00:00+05:30,2446.263230375187,2481.630891537238,2446.263230375187,2460.999755859375,634751,0.0,0.0,HEROMOTOCO.NS,373
2021-07-02 00:00:00+05:30,2492.577533260433,2500.1141708329983,2448.0731528386127,2458.767822265625,928741,0.0,0.0,HEROMOTOCO.NS,374
2021-07-05 00:00:00+05:30,2473.125470643039,2485.7567768819886,2463.1890075385318,2474.093994140625,480881,0.0,0.0,HEROMOTOCO.NS,375
2021-07-06 00:00:00+05:30,2473.2094952785123,2487.524974141207,2452.494073042143,2458.262451171875,452807,0.0,0.0,HEROMOTOCO.NS,376
2021-07-07 00:00:00+05:30,2458.052143276984,2460.578404472541,2434.64208174729,2453.29443359375,668763,0.0,0.0,HEROMOTOCO.NS,377
2021-07-08 00:00:00+05:30,2451.315364984523,2471.399223054309,2433.757768026023,2442.38916015625,524837,0.0,0.0,HEROMOTOCO.NS,378
2021-07-09 00:00:00+05:30,2442.388811423117,2458.5989845726554,2421.8841183501736,2439.357421875,328728,0.0,0.0,HEROMOTOCO.NS,379
2021-07-12 00:00:00+05:30,2453.841637459,2463.946681950938,2437.92627461926,2440.53662109375,392467,0.0,0.0,HEROMOTOCO.NS,380
2021-07-13 00:00:00+05:30,2458.0518965894967,2458.0518965894967,2438.936563245709,2445.5048828125,317264,0.0,0.0,HEROMOTOCO.NS,381
2021-07-14 00:00:00+05:30,2458.894412523513,2458.894412523513,2438.6843214616756,2442.64208984375,429264,0.0,0.0,HEROMOTOCO.NS,382
2021-07-15 00:00:00+05:30,2450.4734550116514,2453.3364689095865,2426.9371617417028,2429.12646484375,349469,0.0,0.0,HEROMOTOCO.NS,383
2021-07-16 00:00:00+05:30,2431.1048686837426,2449.3359677465824,2425.210260411908,2446.009765625,459445,0.0,0.0,HEROMOTOCO.NS,384
2021-07-19 00:00:00+05:30,2430.2635632877323,2437.3370132534947,2416.874459571222,2431.18994140625,338468,0.0,0.0,HEROMOTOCO.NS,385
2021-07-20 00:00:00+05:30,2431.9478194346602,2441.210778580706,2381.4225877289537,2390.685546875,481836,0.0,0.0,HEROMOTOCO.NS,386
2021-07-22 00:00:00+05:30,2417.158202413398,2427.346707729372,2392.5606648076487,2419.886474609375,613062,35.0,0.0,HEROMOTOCO.NS,387
2021-07-23 00:00:00+05:30,2429.9471208348054,2441.8408220348324,2405.1791057822143,2417.115478515625,430659,0.0,0.0,HEROMOTOCO.NS,388
2021-07-26 00:00:00+05:30,2412.852483375589,2416.135069132169,2394.0953262610087,2396.013671875,313614,0.0,0.0,HEROMOTOCO.NS,389
2021-07-27 00:00:00+05:30,2405.8615714976568,2409.6555917450873,2379.1752069932477,2382.031494140625,427442,0.0,0.0,HEROMOTOCO.NS,390
2021-07-28 00:00:00+05:30,2384.1203725675823,2392.3478618817794,2354.023614675298,2368.261962890625,415048,0.0,0.0,HEROMOTOCO.NS,391
2021-07-29 00:00:00+05:30,2374.3149363253865,2374.3149363253865,2336.1185045472826,2340.978271484375,611448,0.0,0.0,HEROMOTOCO.NS,392
2021-07-30 00:00:00+05:30,2356.5809078376888,2388.979632330392,2340.9783225696506,2355.984130859375,745920,0.0,0.0,HEROMOTOCO.NS,393
2021-08-02 00:00:00+05:30,2361.7823196483237,2384.5466495967476,2357.6471351823216,2372.0986328125,464874,0.0,0.0,HEROMOTOCO.NS,394
2021-08-03 00:00:00+05:30,2373.8891125385026,2406.032021729563,2373.8891125385026,2403.5595703125,530085,0.0,0.0,HEROMOTOCO.NS,395
2021-08-04 00:00:00+05:30,2414.387484317985,2416.5189796943246,2388.127419650714,2391.964111328125,308031,0.0,0.0,HEROMOTOCO.NS,396
2021-08-05 00:00:00+05:30,2392.39016993618,2414.3018985717586,2374.4856105745766,2403.303466796875,316844,0.0,0.0,HEROMOTOCO.NS,397
2021-08-06 00:00:00+05:30,2412.852858710228,2430.8000920992495,2397.250270325253,2416.0927734375,445529,0.0,0.0,HEROMOTOCO.NS,398
2021-08-09 00:00:00+05:30,2429.9051644998895,2443.461394261336,2408.5902069165572,2418.224609375,422204,0.0,0.0,HEROMOTOCO.NS,399
2021-08-10 00:00:00+05:30,2424.661153596952,2424.661153596952,2378.7486633387207,2384.759521484375,574570,0.0,0.0,HEROMOTOCO.NS,400
2021-08-11 00:00:00+05:30,2395.800863023387,2399.936047418615,2345.7107204245885,2371.587158203125,551805,0.0,0.0,HEROMOTOCO.NS,401
2021-08-12 00:00:00+05:30,2387.274877548072,2388.340625261263,2365.9599232842497,2372.738037109375,410605,0.0,0.0,HEROMOTOCO.NS,402
2021-08-13 00:00:00+05:30,2384.589178699457,2399.5521094554424,2346.3500690581036,2363.572509765625,1083905,0.0,0.0,HEROMOTOCO.NS,403
2021-08-16 00:00:00+05:30,2365.9599990971415,2368.43245060943,2337.6537805585344,2342.3857421875,396756,0.0,0.0,HEROMOTOCO.NS,404
2021-08-17 00:00:00+05:30,2348.0550652641405,2378.7485955290313,2313.0985446846817,2372.439453125,877329,0.0,0.0,HEROMOTOCO.NS,405
2021-08-18 00:00:00+05:30,2379.175040411827,2383.0117319301403,2346.776312034959,2356.240234375,613650,0.0,0.0,HEROMOTOCO.NS,406
2021-08-20 00:00:00+05:30,2285.986153232819,2336.971565016074,2285.986153232819,2299.883544921875,809463,0.0,0.0,HEROMOTOCO.NS,407
2021-08-23 00:00:00+05:30,2302.8675278043975,2311.3081659516974,2264.926911370745,2285.474609375,758426,0.0,0.0,HEROMOTOCO.NS,408
2021-08-24 00:00:00+05:30,2285.8156018248437,2297.7519757247123,2261.0902558894013,2281.4248046875,567946,0.0,0.0,HEROMOTOCO.NS,409
2021-08-25 00:00:00+05:30,2287.520742069915,2308.835694940488,2276.4369665772165,2279.8046875,407780,0.0,0.0,HEROMOTOCO.NS,410
2021-08-26 00:00:00+05:30,2280.7001654776464,2284.963156441156,2252.990724214834,2257.29638671875,445529,0.0,0.0,HEROMOTOCO.NS,411
2021-08-27 00:00:00+05:30,2257.6799131627954,2284.8777110303704,2247.4487353085833,2279.89013671875,517155,0.0,0.0,HEROMOTOCO.NS,412
2021-08-30 00:00:00+05:30,2284.963086743466,2326.740396911537,2284.963086743466,2324.395751953125,518747,0.0,0.0,HEROMOTOCO.NS,413
2021-08-31 00:00:00+05:30,2325.0353662639045,2341.2347325855085,2302.9531554344217,2337.696533203125,708031,0.0,0.0,HEROMOTOCO.NS,414
2021-09-01 00:00:00+05:30,2352.318077584491,2356.5810679389397,2328.1043756327563,2336.843505859375,442282,0.0,0.0,HEROMOTOCO.NS,415
2021-09-02 00:00:00+05:30,2323.3298742237903,2335.138441433215,2304.2317596201465,2327.891357421875,422436,0.0,0.0,HEROMOTOCO.NS,416
2021-09-03 00:00:00+05:30,2329.2979649409713,2399.1683362775966,2329.2979649409713,2386.8056640625,981491,0.0,0.0,HEROMOTOCO.NS,417
2021-09-06 00:00:00+05:30,2408.419282290323,2412.8527510147755,2388.1274048029636,2401.939453125,580935,0.0,0.0,HEROMOTOCO.NS,418
2021-09-07 00:00:00+05:30,2402.834461246586,2408.5894981004544,2379.601164318007,2385.356201171875,311022,0.0,0.0,HEROMOTOCO.NS,419
2021-09-08 00:00:00+05:30,2386.422269609551,2395.6303714446026,2370.222904435353,2385.8681640625,341207,0.0,0.0,HEROMOTOCO.NS,420
2021-09-09 00:00:00+05:30,2372.7803857835725,2392.6459620851083,2355.7284246927816,2384.4609375,403669,0.0,0.0,HEROMOTOCO.NS,421
2021-09-13 00:00:00+05:30,2361.696884078536,2398.2732615848568,2361.696884078536,2378.578369140625,279930,0.0,0.0,HEROMOTOCO.NS,422
2021-09-14 00:00:00+05:30,2387.2752024024867,2439.283697883398,2387.2752024024867,2431.3544921875,880592,0.0,0.0,HEROMOTOCO.NS,423
2021-09-15 00:00:00+05:30,2438.4309441528153,2459.745899958347,2438.4309441528153,2451.17724609375,681873,0.0,0.0,HEROMOTOCO.NS,424
2021-09-16 00:00:00+05:30,2463.1557507558546,2494.7018784048564,2457.1022213778965,2489.92724609375,1118060,0.0,0.0,HEROMOTOCO.NS,425
2021-09-17 00:00:00+05:30,2507.490871434041,2518.9582736049724,2469.6780645587414,2499.90283203125,1024040,0.0,0.0,HEROMOTOCO.NS,426
2021-09-20 00:00:00+05:30,2489.5865181313807,2489.5865181313807,2449.9833769651614,2463.582275390625,442234,0.0,0.0,HEROMOTOCO.NS,427
2021-09-21 00:00:00+05:30,2464.0083806670123,2468.2713709449827,2399.551884402568,2430.2880859375,580932,0.0,0.0,HEROMOTOCO.NS,428
2021-09-22 00:00:00+05:30,2429.9046503593554,2438.4306315886865,2408.6750403598567,2427.517333984375,561230,0.0,0.0,HEROMOTOCO.NS,429
2021-09-23 00:00:00+05:30,2429.9049049156124,2457.188047707647,2427.5602598319215,2432.50537109375,448036,0.0,0.0,HEROMOTOCO.NS,430
2021-09-24 00:00:00+05:30,2429.904484917082,2440.39148274591,2402.0672413601756,2415.7939453125,603710,0.0,0.0,HEROMOTOCO.NS,431
2021-09-27 00:00:00+05:30,2422.231289710725,2496.4073270936296,2422.231289710725,2483.57568359375,1187306,0.0,0.0,HEROMOTOCO.NS,432
2021-09-28 00:00:00+05:30,2496.3643178343796,2505.7855675363485,2464.860862792645,2490.05517578125,788979,0.0,0.0,HEROMOTOCO.NS,433
2021-09-29 00:00:00+05:30,2485.323367595272,2490.055328502248,2443.1197632398807,2460.725830078125,613787,0.0,0.0,HEROMOTOCO.NS,434
2021-09-30 00:00:00+05:30,2436.1286054805432,2454.5021362622438,2410.4653192750143,2414.984130859375,920513,0.0,0.0,HEROMOTOCO.NS,435
2021-10-01 00:00:00+05:30,2410.4655699149516,2430.7574485416153,2389.1932866277593,2428.156982421875,329726,0.0,0.0,HEROMOTOCO.NS,436
2021-10-04 00:00:00+05:30,2439.7518184055843,2446.956229785865,2429.9042699964166,2434.63623046875,386779,0.0,0.0,HEROMOTOCO.NS,437
2021-10-05 00:00:00+05:30,2432.4627140870484,2438.132408970852,2421.378937261555,2425.25830078125,316991,0.0,0.0,HEROMOTOCO.NS,438
2021-10-06 00:00:00+05:30,2421.3785790031816,2429.9045599151646,2371.0752916224815,2385.697265625,468624,0.0,0.0,HEROMOTOCO.NS,439
2021-10-07 00:00:00+05:30,2404.3269763608046,2437.876799522987,2395.8009941751284,2422.78564453125,552458,0.0,0.0,HEROMOTOCO.NS,440
2021-10-08 00:00:00+05:30,2445.0382478733795,2448.6617898674385,2421.378650147467,2423.169189453125,300133,0.0,0.0,HEROMOTOCO.NS,441
2021-10-11 00:00:00+05:30,2425.641634151461,2454.2463425048227,2424.106915915607,2436.554931640625,658779,0.0,0.0,HEROMOTOCO.NS,442
2021-10-12 00:00:00+05:30,2450.2816549621834,2495.9809974772734,2434.3807832782186,2486.730224609375,956819,0.0,0.0,HEROMOTOCO.NS,443
2021-10-13 00:00:00+05:30,2494.7023838765026,2512.479139969156,2478.545689289073,2494.020263671875,754779,0.0,0.0,HEROMOTOCO.NS,444
2021-10-14 00:00:00+05:30,2501.523127775069,2510.1769162745745,2472.5347888710635,2496.237060546875,572466,0.0,0.0,HEROMOTOCO.NS,445
2021-10-18 00:00:00+05:30,2505.785617367821,2515.1641957247607,2469.2943799482373,2476.030029296875,440831,0.0,0.0,HEROMOTOCO.NS,446
2021-10-19 00:00:00+05:30,2476.030656877621,2498.112868253536,2443.1202812220163,2452.115234375,447221,0.0,0.0,HEROMOTOCO.NS,447
2021-10-20 00:00:00+05:30,2440.9883706352925,2452.072145982222,2388.9798863150854,2400.916259765625,424722,0.0,0.0,HEROMOTOCO.NS,448
2021-10-21 00:00:00+05:30,2417.1158329482614,2417.1158329482614,2323.330033433514,2350.52783203125,737326,0.0,0.0,HEROMOTOCO.NS,449
2021-10-22 00:00:00+05:30,2365.1071188549363,2387.2746693561,2325.4186358461247,2339.656982421875,387942,0.0,0.0,HEROMOTOCO.NS,450
2021-10-25 00:00:00+05:30,2339.4866430099346,2348.780087701284,2284.153106550566,2290.7607421875,326076,0.0,0.0,HEROMOTOCO.NS,451
2021-10-26 00:00:00+05:30,2299.371481881939,2308.8354030214314,2289.2256488598755,2302.44091796875,282346,0.0,0.0,HEROMOTOCO.NS,452
2021-10-27 00:00:00+05:30,2313.908329362265,2327.0384636185017,2286.6678645528837,2293.616455078125,444512,0.0,0.0,HEROMOTOCO.NS,453
2021-10-28 00:00:00+05:30,2313.78073836432,2313.78073836432,2267.9109194897387,2274.5185546875,366561,0.0,0.0,HEROMOTOCO.NS,454
2021-10-29 00:00:00+05:30,2285.815734063786,2304.4450876682195,2250.0066102925516,2265.438720703125,614962,0.0,0.0,HEROMOTOCO.NS,455
2021-11-01 00:00:00+05:30,2280.70004663872,2295.8763353088043,2252.5643077456066,2285.559814453125,502481,0.0,0.0,HEROMOTOCO.NS,456
2021-11-02 00:00:00+05:30,2297.752153658976,2303.336713511071,2282.021758467852,2288.62939453125,813089,0.0,0.0,HEROMOTOCO.NS,457
2021-11-03 00:00:00+05:30,2299.457081039494,2299.457081039494,2250.858989226646,2252.09521484375,504184,0.0,0.0,HEROMOTOCO.NS,458
2021-11-04 00:00:00+05:30,2259.3853355144142,2289.2262739080006,2259.3853355144142,2282.831787109375,93301,0.0,0.0,HEROMOTOCO.NS,459
2021-11-08 00:00:00+05:30,2308.579776722924,2310.28497288081,2276.863169817014,2287.435302734375,644351,0.0,0.0,HEROMOTOCO.NS,460
2021-11-09 00:00:00+05:30,2297.7087428937302,2344.644300429449,2288.0318813096865,2314.249267578125,723569,0.0,0.0,HEROMOTOCO.NS,461
2021-11-10 00:00:00+05:30,2313.9516761769382,2329.2557733034873,2303.592690586037,2318.044189453125,390217,0.0,0.0,HEROMOTOCO.NS,462
2021-11-11 00:00:00+05:30,2323.329678620931,2323.329678620931,2289.737398822766,2302.781982421875,264937,0.0,0.0,HEROMOTOCO.NS,463
2021-11-12 00:00:00+05:30,2319.066936141447,2319.066936141447,2284.9630106099553,2287.5634765625,352693,0.0,0.0,HEROMOTOCO.NS,464
2021-11-15 00:00:00+05:30,2331.8557352582848,2374.3151610264767,2290.0784295808967,2296.259765625,2023708,0.0,0.0,HEROMOTOCO.NS,465
2021-11-16 00:00:00+05:30,2312.416362713482,2360.8439730216123,2302.867306295188,2345.411865234375,1246961,0.0,0.0,HEROMOTOCO.NS,466
2021-11-17 00:00:00+05:30,2345.4119366512014,2364.8085426539697,2329.1701100158994,2344.090576171875,570038,0.0,0.0,HEROMOTOCO.NS,467
2021-11-18 00:00:00+05:30,2353.1708099537827,2355.728604312428,2274.0069912921717,2289.09814453125,559569,0.0,0.0,HEROMOTOCO.NS,468
2021-11-22 00:00:00+05:30,2289.225989642418,2300.4802433797245,2232.698691731094,2246.255126953125,636253,0.0,0.0,HEROMOTOCO.NS,469
2021-11-23 00:00:00+05:30,2238.02716036755,2256.7416455216257,2216.754881119875,2244.20849609375,626376,0.0,0.0,HEROMOTOCO.NS,470
2021-11-24 00:00:00+05:30,2256.4009735724917,2266.1205090899934,2227.8389359323332,2234.702392578125,564230,0.0,0.0,HEROMOTOCO.NS,471
2021-11-25 00:00:00+05:30,2250.859065076975,2250.859065076975,2200.6411184396347,2212.236328125,625134,0.0,0.0,HEROMOTOCO.NS,472
2021-11-26 00:00:00+05:30,2199.703319034688,2207.973479804939,2135.88626157557,2156.561767578125,685448,0.0,0.0,HEROMOTOCO.NS,473
2021-11-29 00:00:00+05:30,2152.810180275716,2156.177901105183,2085.5827375231975,2123.6513671875,594113,0.0,0.0,HEROMOTOCO.NS,474
2021-11-30 00:00:00+05:30,2111.0326353800256,2142.280268631701,2066.7402111755723,2088.268310546875,1527406,0.0,0.0,HEROMOTOCO.NS,475
2021-12-01 00:00:00+05:30,2114.4434741444984,2114.4434741444984,2077.8244241565158,2087.330810546875,769987,0.0,0.0,HEROMOTOCO.NS,476
2021-12-02 00:00:00+05:30,2070.108145600507,2117.171518153081,2053.823438953074,2108.21923828125,921229,0.0,0.0,HEROMOTOCO.NS,477
2021-12-03 00:00:00+05:30,2118.7061077046396,2129.3209115631817,2089.7604461738047,2099.47998046875,499760,0.0,0.0,HEROMOTOCO.NS,478
2021-12-06 00:00:00+05:30,2109.967098393716,2110.521203884162,2056.168076286385,2063.287353515625,347297,0.0,0.0,HEROMOTOCO.NS,479
2021-12-07 00:00:00+05:30,2076.0763548847412,2110.1802785789464,2071.8987074937336,2098.926025390625,347226,0.0,0.0,HEROMOTOCO.NS,480
2021-12-08 00:00:00+05:30,2097.519194678557,2131.495313233027,2097.519194678557,2123.5234375,308181,0.0,0.0,HEROMOTOCO.NS,481
2021-12-09 00:00:00+05:30,2140.021513080183,2156.135536032669,2115.6371209444983,2149.357421875,402958,0.0,0.0,HEROMOTOCO.NS,482
2021-12-10 00:00:00+05:30,2149.1440918543462,2169.691790308882,2142.4937847254287,2154.3876953125,327197,0.0,0.0,HEROMOTOCO.NS,483
2021-12-13 00:00:00+05:30,2174.125320954409,2175.830517284569,2122.9694310495993,2127.232421875,332491,0.0,0.0,HEROMOTOCO.NS,484
2021-12-14 00:00:00+05:30,2114.4429474391923,2121.263731140609,2097.3909881856503,2117.682861328125,365318,0.0,0.0,HEROMOTOCO.NS,485
2021-12-15 00:00:00+05:30,2117.938846414096,2151.9574244986457,2111.16052556269,2137.591064453125,470021,0.0,0.0,HEROMOTOCO.NS,486
2021-12-16 00:00:00+05:30,2142.5790013383225,2152.810178423901,2096.7945255111226,2106.855224609375,496003,0.0,0.0,HEROMOTOCO.NS,487
2021-12-17 00:00:00+05:30,2105.0650495751343,2105.0650495751343,2064.1403341520454,2084.30419921875,492339,0.0,0.0,HEROMOTOCO.NS,488
2021-12-20 00:00:00+05:30,2076.0764142628313,2076.0764142628313,1969.5016496702835,2009.2752685546875,687713,0.0,0.0,HEROMOTOCO.NS,489
2021-12-21 00:00:00+05:30,2037.7094337464052,2037.7094337464052,1989.1540141839253,2001.388671875,401977,0.0,0.0,HEROMOTOCO.NS,490
2021-12-22 00:00:00+05:30,2007.8685862804987,2017.247165664399,1992.777641084445,2002.58251953125,367785,0.0,0.0,HEROMOTOCO.NS,491
2021-12-23 00:00:00+05:30,2016.3945483796285,2048.7932768525357,2005.7370719082774,2040.011474609375,472868,0.0,0.0,HEROMOTOCO.NS,492
2021-12-24 00:00:00+05:30,2057.3192729202333,2057.3192729202333,2026.28478447257,2039.79833984375,343453,0.0,0.0,HEROMOTOCO.NS,493
2021-12-27 00:00:00+05:30,2037.7093749796718,2054.9318142587767,2021.5100117476159,2047.9405517578125,223494,0.0,0.0,HEROMOTOCO.NS,494
2021-12-28 00:00:00+05:30,2049.645726292091,2067.5502854651913,2042.73959877808,2061.41162109375,265463,0.0,0.0,HEROMOTOCO.NS,495
2021-12-29 00:00:00+05:30,2064.140145197074,2082.726826714377,2054.7615654378146,2074.58447265625,270407,0.0,0.0,HEROMOTOCO.NS,496
2021-12-30 00:00:00+05:30,2067.550262210997,2078.506230367128,2056.764980187177,2073.43310546875,366389,0.0,0.0,HEROMOTOCO.NS,497
2021-12-31 00:00:00+05:30,2073.5185984557693,2117.5127440858546,2073.5185984557693,2099.181884765625,253608,0.0,0.0,HEROMOTOCO.NS,498
2022-01-03 00:00:00+05:30,2099.9495023439117,2128.5115438902053,2099.9495023439117,2111.544921875,234912,0.0,0.0,HEROMOTOCO.NS,499
2022-01-04 00:00:00+05:30,2124.674623973905,2128.5966587885264,2104.553224048728,2118.62109375,181575,0.0,0.0,HEROMOTOCO.NS,500
2022-01-05 00:00:00+05:30,2118.663608197536,2142.536355011433,2112.695421494062,2136.61083984375,294097,0.0,0.0,HEROMOTOCO.NS,501
2022-01-06 00:00:00+05:30,2122.9693720890928,2139.1687367757163,2100.80182041266,2128.0849609375,406402,0.0,0.0,HEROMOTOCO.NS,502
2022-01-07 00:00:00+05:30,2139.1684202926954,2144.7103073918993,2116.1482738806176,2130.727783203125,308537,0.0,0.0,HEROMOTOCO.NS,503
2022-01-10 00:00:00+05:30,2122.37249879844,2203.1134974977977,2122.37249879844,2198.083251953125,783876,0.0,0.0,HEROMOTOCO.NS,504
2022-01-11 00:00:00+05:30,2203.6675840973053,2210.062069813047,2183.3332444135463,2189.68505859375,372092,0.0,0.0,HEROMOTOCO.NS,505
2022-01-12 00:00:00+05:30,2195.4402461932723,2212.4922092705015,2184.356470193073,2208.655517578125,410716,0.0,0.0,HEROMOTOCO.NS,506
2022-01-13 00:00:00+05:30,2215.902285956662,2216.7548839889655,2191.176943019862,2211.29833984375,243121,0.0,0.0,HEROMOTOCO.NS,507
2022-01-14 00:00:00+05:30,2208.229170496654,2212.321683176992,2178.388235760213,2190.92138671875,267065,0.0,0.0,HEROMOTOCO.NS,508
2022-01-17 00:00:00+05:30,2215.9023984252094,2322.860785375607,2209.465241323836,2303.293701171875,2357848,0.0,0.0,HEROMOTOCO.NS,509
2022-01-18 00:00:00+05:30,2304.572733024029,2325.035088034231,2263.8185009979416,2295.9189453125,1082632,0.0,0.0,HEROMOTOCO.NS,510
2022-01-19 00:00:00+05:30,2297.7522134569244,2336.1191335331996,2280.7429205205485,2301.8447265625,763040,0.0,0.0,HEROMOTOCO.NS,511
2022-01-20 00:00:00+05:30,2302.015010578121,2352.5314510880294,2298.6472895082293,2310.072021484375,1022978,0.0,0.0,HEROMOTOCO.NS,512
2022-01-21 00:00:00+05:30,2305.1697861009948,2367.6652778086027,2265.566640063705,2344.73046875,1170753,0.0,0.0,HEROMOTOCO.NS,513
2022-01-24 00:00:00+05:30,2336.1191311004145,2361.185435595932,2274.348431472711,2307.30126953125,593277,0.0,0.0,HEROMOTOCO.NS,514
2022-01-25 00:00:00+05:30,2305.510482271575,2377.895973831966,2261.814831981547,2371.970458984375,971148,0.0,0.0,HEROMOTOCO.NS,515
2022-01-27 00:00:00+05:30,2330.1507216311293,2361.696852878971,2292.6364033904524,2314.803955078125,559824,0.0,0.0,HEROMOTOCO.NS,516
2022-01-28 00:00:00+05:30,2319.2374014831803,2348.9078581644467,2270.511501407476,2278.27001953125,466238,0.0,0.0,HEROMOTOCO.NS,517
2022-01-31 00:00:00+05:30,2285.090581341702,2331.0457411470084,2285.090581341702,2322.73291015625,442531,0.0,0.0,HEROMOTOCO.NS,518
2022-02-01 00:00:00+05:30,2342.9394862530944,2361.5261657296805,2283.257621610548,2324.82177734375,414159,0.0,0.0,HEROMOTOCO.NS,519
2022-02-02 00:00:00+05:30,2304.572677280665,2339.017557453145,2300.3096867566533,2304.06103515625,283071,0.0,0.0,HEROMOTOCO.NS,520
2022-02-03 00:00:00+05:30,2305.6811746907883,2402.578869328254,2288.373390945196,2371.501708984375,1436881,0.0,0.0,HEROMOTOCO.NS,521
2022-02-04 00:00:00+05:30,2357.4342011078293,2370.223175074056,2312.8859417921385,2320.559326171875,585251,0.0,0.0,HEROMOTOCO.NS,522
2022-02-07 00:00:00+05:30,2320.5588496630176,2331.0031762574413,2238.069984519306,2257.722412109375,688838,0.0,0.0,HEROMOTOCO.NS,523
2022-02-08 00:00:00+05:30,2268.3798305246623,2294.895505536372,2259.384879280159,2278.099365234375,625615,0.0,0.0,HEROMOTOCO.NS,524
2022-02-09 00:00:00+05:30,2285.304001867611,2333.220184501812,2279.037530346809,2326.612548828125,359950,0.0,0.0,HEROMOTOCO.NS,525
2022-02-10 00:00:00+05:30,2340.7225702123847,2345.4972024866074,2302.9099721202037,2331.08837890625,448648,0.0,0.0,HEROMOTOCO.NS,526
2022-02-11 00:00:00+05:30,2276.43693986001,2342.0869939308795,2263.647968287763,2317.873291015625,1235994,0.0,0.0,HEROMOTOCO.NS,527
2022-02-14 00:00:00+05:30,2285.815393921382,2304.700357648051,2242.9723414989467,2258.10595703125,576694,0.0,0.0,HEROMOTOCO.NS,528
2022-02-15 00:00:00+05:30,2259.38487525645,2376.9156019346224,2242.33291393376,2369.071533203125,1131545,0.0,0.0,HEROMOTOCO.NS,529
2022-02-16 00:00:00+05:30,2358.456903091461,2425.3007213053693,2358.456903091461,2376.0205078125,1127829,0.0,0.0,HEROMOTOCO.NS,530
2022-02-17 00:00:00+05:30,2387.274744884426,2448.9176308206024,2370.6917530194787,2381.690185546875,1166885,0.0,0.0,HEROMOTOCO.NS,531
2022-02-18 00:00:00+05:30,2370.223064289762,2402.621796823219,2343.7498477862564,2365.150146484375,662754,0.0,0.0,HEROMOTOCO.NS,532
2022-02-21 00:00:00+05:30,2370.2914597520466,2394.7355827603715,2339.8344394874807,2364.5400390625,522214,60.0,0.0,HEROMOTOCO.NS,533
2022-02-22 00:00:00+05:30,2331.076030027229,2398.2210328176493,2305.8913084984656,2379.920654296875,644900,0.0,0.0,HEROMOTOCO.NS,534
2022-02-23 00:00:00+05:30,2392.1209994677747,2407.327700610919,2322.4052690643425,2327.328857421875,631227,0.0,0.0,HEROMOTOCO.NS,535
2022-02-24 00:00:00+05:30,2281.970624001698,2287.1993046835114,2126.3301439374914,2170.2509765625,1934361,0.0,0.0,HEROMOTOCO.NS,536
2022-02-25 00:00:00+05:30,2252.427876090826,2258.789478515834,2182.7121514452756,2229.5087890625,715496,0.0,0.0,HEROMOTOCO.NS,537
2022-02-28 00:00:00+05:30,2202.1458393254325,2219.531158663735,2169.0744791846537,2209.509521484375,1008620,0.0,0.0,HEROMOTOCO.NS,538
2022-03-02 00:00:00+05:30,2176.874048776807,2177.3097721652725,2109.772646953022,2114.391357421875,855090,0.0,0.0,HEROMOTOCO.NS,539
2022-03-03 00:00:00+05:30,2127.201481972233,2150.7305438375547,2095.8293994851374,2106.63525390625,831912,0.0,0.0,HEROMOTOCO.NS,540
2022-03-04 00:00:00+05:30,2091.4720845962615,2094.609377825373,2005.2860908790742,2014.1748046875,1266961,0.0,0.0,HEROMOTOCO.NS,541
2022-03-07 00:00:00+05:30,1995.4384294041292,1995.4384294041292,1891.1263159126486,1916.049560546875,1284637,0.0,0.0,HEROMOTOCO.NS,542
2022-03-08 00:00:00+05:30,1900.6252470248055,1968.8159510961907,1870.865427410884,1962.19287109375,1081826,0.0,0.0,HEROMOTOCO.NS,543
2022-03-09 00:00:00+05:30,1974.6981407153871,2013.564747033799,1947.8139260275295,1996.048583984375,670764,0.0,0.0,HEROMOTOCO.NS,544
2022-03-10 00:00:00+05:30,2047.8996042623276,2100.57851110597,2014.8282468211967,2022.4097900390625,716132,0.0,0.0,HEROMOTOCO.NS,545
2022-03-11 00:00:00+05:30,2020.0136685030625,2043.5427319411913,1993.086047670541,2031.5167236328125,467988,0.0,0.0,HEROMOTOCO.NS,546
2022-03-14 00:00:00+05:30,2030.470933201229,2048.7713150026134,1988.9029656606237,2040.841064453125,382149,0.0,0.0,HEROMOTOCO.NS,547
2022-03-15 00:00:00+05:30,2043.5425057333664,2074.0431401472974,2004.3274043440267,2020.3619384765625,612285,0.0,0.0,HEROMOTOCO.NS,548
2022-03-16 00:00:00+05:30,2048.07410164301,2070.9931936334474,2034.8281536436355,2064.89306640625,493507,0.0,0.0,HEROMOTOCO.NS,549
2022-03-17 00:00:00+05:30,2076.657423543999,2116.9618322048927,2069.6858501540064,2108.813720703125,781757,0.0,0.0,HEROMOTOCO.NS,550
2022-03-21 00:00:00+05:30,2121.7548533354484,2133.2579072271074,2074.04314649897,2084.1083984375,516893,0.0,0.0,HEROMOTOCO.NS,551
2022-03-22 00:00:00+05:30,2095.8293906582576,2121.9727926207306,2043.5862016210253,2112.081787109375,470208,0.0,0.0,HEROMOTOCO.NS,552
2022-03-23 00:00:00+05:30,2111.515167172589,2126.1555129876224,2028.0305381521762,2086.8095703125,1137046,0.0,0.0,HEROMOTOCO.NS,553
2022-03-24 00:00:00+05:30,2057.4856452816684,2115.218988780148,2033.0851378408015,2102.06005859375,692836,0.0,0.0,HEROMOTOCO.NS,554
2022-03-25 00:00:00+05:30,2108.900699923198,2124.5867381870894,2062.4961700591857,2072.6484375,467568,0.0,0.0,HEROMOTOCO.NS,555
2022-03-28 00:00:00+05:30,2065.328633236493,2089.5985083959386,2047.0282529419924,2072.256591796875,493636,0.0,0.0,HEROMOTOCO.NS,556
2022-03-29 00:00:00+05:30,2078.4004450888156,2092.3435927288247,1877.139865923673,1926.463623046875,2475877,0.0,0.0,HEROMOTOCO.NS,557
2022-03-30 00:00:00+05:30,1960.7548482601976,1987.769692836227,1940.1886234162394,1979.62158203125,3115035,0.0,0.0,HEROMOTOCO.NS,558
2022-03-31 00:00:00+05:30,1986.8983630451007,2019.054659344803,1986.8983630451007,1999.229248046875,1338490,0.0,0.0,HEROMOTOCO.NS,559
2022-04-01 00:00:00+05:30,1904.1109445713623,1957.2691906211808,1873.6103115919584,1952.171142578125,3541517,0.0,0.0,HEROMOTOCO.NS,560
2022-04-04 00:00:00+05:30,1960.7551799950322,2020.8850055148798,1960.7551799950322,2014.5670166015625,1417392,0.0,0.0,HEROMOTOCO.NS,561
2022-04-05 00:00:00+05:30,2030.3837776499706,2050.2091919929094,2017.3993056660513,2032.4317626953125,715666,0.0,0.0,HEROMOTOCO.NS,562
2022-04-06 00:00:00+05:30,2028.727984119676,2047.158997326791,2010.0354943428788,2045.1982421875,812337,0.0,0.0,HEROMOTOCO.NS,563
2022-04-07 00:00:00+05:30,2047.8998984011105,2063.7601869780415,2036.4404585399402,2048.4228515625,853476,0.0,0.0,HEROMOTOCO.NS,564
2022-04-08 00:00:00+05:30,2052.2567886741153,2074.0429541589783,2030.9499613810233,2058.7490234375,694946,0.0,0.0,HEROMOTOCO.NS,565
2022-04-11 00:00:00+05:30,2054.827432574339,2058.1389721484816,2031.4726215449555,2035.17626953125,408871,0.0,0.0,HEROMOTOCO.NS,566
2022-04-12 00:00:00+05:30,2026.069990564429,2026.941437276451,1991.6914603262703,2002.497314453125,502227,0.0,0.0,HEROMOTOCO.NS,567
2022-04-13 00:00:00+05:30,1996.9636262740405,2014.0438530711897,1977.225231870564,1982.0181884765625,426929,0.0,0.0,HEROMOTOCO.NS,568
2022-04-18 00:00:00+05:30,1978.096338922249,1999.9261164492555,1960.0138239222458,1991.603759765625,422209,0.0,0.0,HEROMOTOCO.NS,569
2022-04-19 00:00:00+05:30,2011.298873431114,2028.292083150311,1954.1318879402186,1972.3016357421875,484466,0.0,0.0,HEROMOTOCO.NS,570
2022-04-20 00:00:00+05:30,1978.1837992415794,2017.398896583373,1970.90713496595,1982.410400390625,424461,0.0,0.0,HEROMOTOCO.NS,571
2022-04-21 00:00:00+05:30,1988.6412638492782,2023.2812683356974,1984.2840305805462,2019.708251953125,341987,0.0,0.0,HEROMOTOCO.NS,572
2022-04-22 00:00:00+05:30,1999.9698691042313,2008.6843347648162,1981.3643998166788,1999.3162841796875,598737,0.0,0.0,HEROMOTOCO.NS,573
2022-04-25 00:00:00+05:30,1976.7025342927197,2033.0414766961683,1974.6981643902895,1994.3929443359375,596296,0.0,0.0,HEROMOTOCO.NS,574
2022-04-26 00:00:00+05:30,2013.9132953675098,2102.800857517006,2005.460305047538,2097.7900390625,1311255,0.0,0.0,HEROMOTOCO.NS,575
2022-04-27 00:00:00+05:30,2082.7573310546877,2203.539912426424,2065.3283994140625,2178.616455078125,2082863,0.0,0.0,HEROMOTOCO.NS,576
2022-04-28 00:00:00+05:30,2213.300422296312,2215.173947642338,2176.917521731558,2193.69287109375,1182758,0.0,0.0,HEROMOTOCO.NS,577
2022-04-29 00:00:00+05:30,2186.1116008964477,2223.93230818259,2171.166160121892,2184.412109375,839920,0.0,0.0,HEROMOTOCO.NS,578
2022-05-02 00:00:00+05:30,2143.9330268568556,2183.496832809143,2133.388649941507,2167.54931640625,667551,0.0,0.0,HEROMOTOCO.NS,579
2022-05-04 00:00:00+05:30,2126.3301028481014,2196.0458439250883,2090.426538744565,2099.7509765625,1263034,0.0,0.0,HEROMOTOCO.NS,580
2022-05-05 00:00:00+05:30,2117.7026052846936,2211.8622463249567,2117.7026052846936,2180.054443359375,1675043,0.0,0.0,HEROMOTOCO.NS,581
2022-05-06 00:00:00+05:30,2100.1865606322294,2264.8899880013128,2097.7900821916737,2233.822998046875,2491483,0.0,0.0,HEROMOTOCO.NS,582
2022-05-09 00:00:00+05:30,2226.5461366282534,2230.90336977234,2166.4163192398582,2172.298583984375,996952,0.0,0.0,HEROMOTOCO.NS,583
2022-05-10 00:00:00+05:30,2165.5449325510554,2195.4792101816897,2142.538826015703,2152.25537109375,644415,0.0,0.0,HEROMOTOCO.NS,584
2022-05-11 00:00:00+05:30,2148.551632830613,2195.522520354472,2098.3562226215117,2152.734619140625,575504,0.0,0.0,HEROMOTOCO.NS,585
2022-05-12 00:00:00+05:30,2142.887485250854,2142.887485250854,2066.200173863267,2092.517822265625,966472,0.0,0.0,HEROMOTOCO.NS,586
2022-05-13 00:00:00+05:30,2104.500034070865,2178.616613824272,2104.500034070865,2134.303466796875,691344,0.0,0.0,HEROMOTOCO.NS,587
2022-05-16 00:00:00+05:30,2135.0879982227434,2189.03046305056,2126.3299164665173,2175.043701171875,473407,0.0,0.0,HEROMOTOCO.NS,588
2022-05-17 00:00:00+05:30,2191.6884063243015,2212.4724948025937,2180.4032143378745,2199.095703125,517525,0.0,0.0,HEROMOTOCO.NS,589
2022-05-18 00:00:00+05:30,2200.7076229367867,2225.84872816864,2188.8994796718607,2212.602783203125,332168,0.0,0.0,HEROMOTOCO.NS,590
2022-05-19 00:00:00+05:30,2187.41854029914,2221.317733276343,2179.0961814071948,2192.124267578125,556405,0.0,0.0,HEROMOTOCO.NS,591
2022-05-20 00:00:00+05:30,2217.8317584817933,2277.4386251596015,2217.8317584817933,2257.177490234375,751633,0.0,0.0,HEROMOTOCO.NS,592
2022-05-23 00:00:00+05:30,2278.8765139362727,2352.862246474492,2274.9550041673456,2287.285888671875,744827,0.0,0.0,HEROMOTOCO.NS,593
2022-05-24 00:00:00+05:30,2291.8608977124914,2312.8192305783678,2277.4384142171266,2298.004638671875,616849,0.0,0.0,HEROMOTOCO.NS,594
2022-05-25 00:00:00+05:30,2300.793649085358,2326.1092195290676,2251.5132932011506,2261.142822265625,525893,0.0,0.0,HEROMOTOCO.NS,595
2022-05-26 00:00:00+05:30,2272.7327769247586,2307.02428640273,2243.9750385664315,2297.525390625,362813,0.0,0.0,HEROMOTOCO.NS,596
2022-05-27 00:00:00+05:30,2305.107024364579,2376.3477881015733,2298.876265910589,2370.16064453125,654718,0.0,0.0,HEROMOTOCO.NS,597
2022-05-30 00:00:00+05:30,2373.820591913782,2429.1138373791714,2373.820591913782,2414.386474609375,924244,0.0,0.0,HEROMOTOCO.NS,598
2022-05-31 00:00:00+05:30,2418.177354900304,2448.721604187543,2398.351942539478,2417.305908203125,1859231,0.0,0.0,HEROMOTOCO.NS,599
2022-06-01 00:00:00+05:30,2439.963340701654,2439.963340701654,2380.3564761538823,2403.101318359375,430807,0.0,0.0,HEROMOTOCO.NS,600
2022-06-02 00:00:00+05:30,2379.5724071965788,2381.6637941419085,2300.967745871914,2320.749755859375,1093645,0.0,0.0,HEROMOTOCO.NS,601
2022-06-03 00:00:00+05:30,2331.120103486333,2343.0588816521417,2244.1060586334142,2251.6005859375,753558,0.0,0.0,HEROMOTOCO.NS,602
2022-06-06 00:00:00+05:30,2235.2607560244574,2260.924818449927,2200.4901182551816,2214.128173828125,965347,0.0,0.0,HEROMOTOCO.NS,603
2022-06-07 00:00:00+05:30,2200.4027296912254,2246.6330157314865,2178.6165640507184,2240.358642578125,550257,0.0,0.0,HEROMOTOCO.NS,604
2022-06-08 00:00:00+05:30,2251.818055634362,2280.6194088428642,2225.108301957471,2253.517333984375,539786,0.0,0.0,HEROMOTOCO.NS,605
2022-06-09 00:00:00+05:30,2248.2885855009836,2268.8548101105557,2230.9032685956477,2264.10546875,327503,0.0,0.0,HEROMOTOCO.NS,606
2022-06-10 00:00:00+05:30,2248.3322388079027,2278.3099168898007,2244.3671142077387,2267.46044921875,324452,0.0,0.0,HEROMOTOCO.NS,607
2022-06-13 00:00:00+05:30,2230.903644400938,2276.4803512497706,2210.4682609906413,2264.7158203125,625967,0.0,0.0,HEROMOTOCO.NS,608
2022-06-14 00:00:00+05:30,2262.232110513105,2278.7459836000335,2204.760240856898,2228.812255859375,509259,0.0,0.0,HEROMOTOCO.NS,609
2022-06-15 00:00:00+05:30,2237.0036758377064,2290.161924464937,2228.812161971137,2270.380126953125,673444,0.0,0.0,HEROMOTOCO.NS,610
2022-06-16 00:00:00+05:30,2283.625995429941,2286.8939204377116,2188.24620008759,2195.2177734375,493824,0.0,0.0,HEROMOTOCO.NS,611
2022-06-17 00:00:00+05:30,2194.303306297847,2194.303306297847,2139.9685066810466,2150.2080078125,725864,0.0,0.0,HEROMOTOCO.NS,612
2022-06-20 00:00:00+05:30,2139.488588757272,2179.8800101831916,2121.0137510128475,2137.266357421875,377385,0.0,0.0,HEROMOTOCO.NS,613
2022-06-21 00:00:00+05:30,2148.11600059902,2200.2721679064457,2148.11600059902,2177.91943359375,381831,0.0,0.0,HEROMOTOCO.NS,614
2022-06-22 00:00:00+05:30,2174.259279872907,2225.2389062747366,2161.187580795515,2199.92333984375,873408,0.0,0.0,HEROMOTOCO.NS,615
2022-06-23 00:00:00+05:30,2241.84000401777,2341.271933896225,2241.84000401777,2330.33544921875,1846048,0.0,0.0,HEROMOTOCO.NS,616
2022-06-24 00:00:00+05:30,2365.977444889341,2411.9026367197002,2344.365527335198,2405.14892578125,1354569,0.0,0.0,HEROMOTOCO.NS,617
2022-06-27 00:00:00+05:30,2429.2011478733093,2447.8936359348063,2379.5723037862927,2401.271240234375,1005184,0.0,0.0,HEROMOTOCO.NS,618
2022-06-28 00:00:00+05:30,2394.735726217996,2433.689354322614,2379.049684343206,2411.03173828125,714029,0.0,0.0,HEROMOTOCO.NS,619
2022-06-29 00:00:00+05:30,2387.8075850721507,2426.76121020984,2379.049503141346,2398.56982421875,653929,0.0,0.0,HEROMOTOCO.NS,620
2022-06-30 00:00:00+05:30,2392.1211298207495,2416.5216367915987,2365.1062828173094,2370.073486328125,643735,0.0,0.0,HEROMOTOCO.NS,621
2022-07-01 00:00:00+05:30,2365.977993511785,2413.907566124363,2338.3967881924077,2408.504638671875,393346,0.0,0.0,HEROMOTOCO.NS,622
2022-07-04 00:00:00+05:30,2396.4783856232393,2439.179273221617,2386.805242309963,2405.5849609375,499627,0.0,0.0,HEROMOTOCO.NS,623
2022-07-05 00:00:00+05:30,2408.068660270548,2414.648125274441,2379.049443192586,2385.367431640625,401190,0.0,0.0,HEROMOTOCO.NS,624
2022-07-06 00:00:00+05:30,2385.585468701626,2476.6516537169023,2382.622634865551,2467.762939453125,739745,0.0,0.0,HEROMOTOCO.NS,625
2022-07-07 00:00:00+05:30,2489.7231307952175,2499.9626291455306,2461.9674693136453,2474.42919921875,382303,0.0,0.0,HEROMOTOCO.NS,626
2022-07-08 00:00:00+05:30,2482.22875389187,2509.7229404783197,2456.6519202952063,2483.01318359375,532145,0.0,0.0,HEROMOTOCO.NS,627
2022-07-11 00:00:00+05:30,2453.1225772995617,2505.7578753834487,2447.066064997304,2499.396484375,428940,0.0,0.0,HEROMOTOCO.NS,628
2022-07-12 00:00:00+05:30,2487.5448324713907,2513.7318507505693,2469.68017348885,2505.84521484375,422887,0.0,0.0,HEROMOTOCO.NS,629
2022-07-13 00:00:00+05:30,2514.123300477866,2520.0491795777534,2470.550972913258,2477.82763671875,539917,0.0,0.0,HEROMOTOCO.NS,630
2022-07-14 00:00:00+05:30,2473.165467074978,2497.565972035549,2415.693605977881,2433.776123046875,620757,0.0,0.0,HEROMOTOCO.NS,631
2022-07-15 00:00:00+05:30,2440.007252645814,2454.386123829496,2425.0184112963593,2440.094482421875,816619,0.0,0.0,HEROMOTOCO.NS,632
2022-07-18 00:00:00+05:30,2466.1504753342438,2471.292138370001,2444.6257850131205,2455.693115234375,369313,0.0,0.0,HEROMOTOCO.NS,633
2022-07-19 00:00:00+05:30,2453.121951782836,2480.877608524212,2425.6277715483443,2441.095947265625,661056,0.0,0.0,HEROMOTOCO.NS,634
2022-07-20 00:00:00+05:30,2457.4795515222872,2473.819176199962,2448.765085027527,2463.36181640625,201509,0.0,0.0,HEROMOTOCO.NS,635
2022-07-21 00:00:00+05:30,2457.479309386726,2487.1084925495447,2453.1656914479468,2481.70556640625,314132,0.0,0.0,HEROMOTOCO.NS,636
2022-07-22 00:00:00+05:30,2484.537775433075,2512.7289441999415,2475.169724845228,2502.446044921875,576270,0.0,0.0,HEROMOTOCO.NS,637
2022-07-25 00:00:00+05:30,2505.4094537892815,2506.1066537536212,2467.457904555553,2473.90673828125,421977,0.0,0.0,HEROMOTOCO.NS,638
2022-07-26 00:00:00+05:30,2474.9086286876286,2481.618725728384,2427.545415427252,2440.704345703125,347002,0.0,0.0,HEROMOTOCO.NS,639
2022-07-27 00:00:00+05:30,2440.042312560184,2460.295061902161,2409.464653303465,2455.52978515625,498259,35.0,0.0,HEROMOTOCO.NS,640
2022-07-28 00:00:00+05:30,2469.1640713353863,2481.518716438565,2430.68809040632,2453.897216796875,294368,0.0,0.0,HEROMOTOCO.NS,641
2022-07-29 00:00:00+05:30,2470.9289559067165,2512.2288115450247,2461.75130596394,2486.857666015625,400652,0.0,0.0,HEROMOTOCO.NS,642
2022-08-01 00:00:00+05:30,2501.771275402122,2566.236086764799,2488.578323478932,2506.933837890625,961562,0.0,0.0,HEROMOTOCO.NS,643
2022-08-02 00:00:00+05:30,2493.961495909494,2496.476419192942,2419.7894643949353,2445.734130859375,1137765,0.0,0.0,HEROMOTOCO.NS,644
2022-08-03 00:00:00+05:30,2458.574451696507,2477.812442757011,2426.2757923184545,2472.605712890625,600314,0.0,0.0,HEROMOTOCO.NS,645
2022-08-04 00:00:00+05:30,2488.4902825905924,2495.594246907382,2452.5294391112607,2477.1064453125,396416,0.0,0.0,HEROMOTOCO.NS,646
2022-08-05 00:00:00+05:30,2477.9888578400496,2479.6654735233815,2436.512548609821,2445.072509765625,512072,0.0,0.0,HEROMOTOCO.NS,647
2022-08-08 00:00:00+05:30,2444.4547876858005,2465.016490180827,2409.1558015820347,2416.259765625,675310,0.0,0.0,HEROMOTOCO.NS,648
2022-08-10 00:00:00+05:30,2457.692080913471,2457.692080913471,2411.7150620895627,2449.264404296875,895054,0.0,0.0,HEROMOTOCO.NS,649
2022-08-11 00:00:00+05:30,2462.413327365261,2486.8136662649517,2442.160360954127,2457.956787109375,422152,0.0,0.0,HEROMOTOCO.NS,650
2022-08-12 00:00:00+05:30,2462.0598509352303,2466.516390544397,2428.4376995314274,2437.306396484375,435760,0.0,0.0,HEROMOTOCO.NS,651
2022-08-16 00:00:00+05:30,2475.341456274128,2511.213965530805,2454.6033014711184,2485.93115234375,1213957,0.0,0.0,HEROMOTOCO.NS,652
2022-08-17 00:00:00+05:30,2484.1663064060635,2584.76842325519,2478.0331502666886,2571.0458984375,2510869,0.0,0.0,HEROMOTOCO.NS,653
2022-08-18 00:00:00+05:30,2583.8414710675456,2593.2399548593394,2561.9560578209966,2566.41259765625,805655,0.0,0.0,HEROMOTOCO.NS,654
2022-08-19 00:00:00+05:30,2569.766223936989,2591.739756911679,2499.9184403961644,2505.03662109375,510610,0.0,0.0,HEROMOTOCO.NS,655
2022-08-22 00:00:00+05:30,2501.8155934257684,2502.3891157600883,2440.5277730361895,2453.764892578125,570304,0.0,0.0,HEROMOTOCO.NS,656
2022-08-23 00:00:00+05:30,2448.8667651740534,2479.7533730230957,2432.232034481918,2473.928955078125,396875,0.0,0.0,HEROMOTOCO.NS,657
2022-08-24 00:00:00+05:30,2454.4708495323616,2492.108305574429,2453.2794226263854,2476.53271484375,324008,0.0,0.0,HEROMOTOCO.NS,658
2022-08-25 00:00:00+05:30,2478.077268579454,2489.5052727503244,2463.781006211898,2470.752685546875,363945,0.0,0.0,HEROMOTOCO.NS,659
2022-08-26 00:00:00+05:30,2501.815571935527,2507.022086064801,2485.9751954426592,2494.53515625,475372,0.0,0.0,HEROMOTOCO.NS,660
2022-08-29 00:00:00+05:30,2461.1337518809923,2499.124333078253,2436.601126111739,2494.80029296875,339203,0.0,0.0,HEROMOTOCO.NS,661
2022-08-30 00:00:00+05:30,2507.9929262280957,2527.407368303049,2498.771109332075,2504.1982421875,918526,0.0,0.0,HEROMOTOCO.NS,662
2022-09-01 00:00:00+05:30,2488.57821572844,2543.4680893120217,2464.663069391044,2538.5703125,838699,0.0,0.0,HEROMOTOCO.NS,663
2022-09-02 00:00:00+05:30,2548.8516971085655,2549.4693863036514,2488.666966177413,2493.123291015625,776170,0.0,0.0,HEROMOTOCO.NS,664
2022-09-05 00:00:00+05:30,2495.638540449618,2513.2880350779747,2478.033212647419,2508.037353515625,930716,0.0,0.0,HEROMOTOCO.NS,665
2022-09-06 00:00:00+05:30,2508.0370862281748,2532.4815905937535,2495.4618226456464,2529.65771484375,481401,0.0,0.0,HEROMOTOCO.NS,666
2022-09-07 00:00:00+05:30,2506.227884310141,2537.114495560442,2498.285612845778,2519.244384765625,551689,0.0,0.0,HEROMOTOCO.NS,667
2022-09-08 00:00:00+05:30,2531.8637050912307,2535.790673833411,2511.522623187711,2521.49462890625,519141,0.0,0.0,HEROMOTOCO.NS,668
2022-09-09 00:00:00+05:30,2534.1142711071006,2539.982641304093,2499.7858782244466,2504.860107421875,522672,0.0,0.0,HEROMOTOCO.NS,669
2022-09-12 00:00:00+05:30,2512.405282591993,2532.6138655281634,2507.419387089862,2522.024169921875,313906,0.0,0.0,HEROMOTOCO.NS,670
2022-09-13 00:00:00+05:30,2502.698252735736,2561.8240577192673,2499.168353930749,2532.702392578125,766550,0.0,0.0,HEROMOTOCO.NS,671
2022-09-14 00:00:00+05:30,2497.4030175661387,2532.437214687647,2497.4030175661387,2516.376220703125,519643,0.0,0.0,HEROMOTOCO.NS,672
2022-09-15 00:00:00+05:30,2519.465209283451,2519.465209283451,2441.410366992607,2462.369140625,1010823,0.0,0.0,HEROMOTOCO.NS,673
2022-09-16 00:00:00+05:30,2474.7234099717903,2474.7234099717903,2356.2070354724915,2369.62060546875,1906557,0.0,0.0,HEROMOTOCO.NS,674
2022-09-19 00:00:00+05:30,2381.4902236837197,2404.699351000378,2351.662751674182,2386.564453125,534862,0.0,0.0,HEROMOTOCO.NS,675
2022-09-20 00:00:00+05:30,2398.522024657401,2491.446651986488,2395.6098151101683,2445.82275390625,1009201,0.0,0.0,HEROMOTOCO.NS,676
2022-09-21 00:00:00+05:30,2457.6917470943426,2477.944495960172,2442.3367753203815,2450.322998046875,447919,0.0,0.0,HEROMOTOCO.NS,677
2022-09-22 00:00:00+05:30,2450.323105145345,2470.3554516858935,2411.803173568826,2450.587890625,328914,0.0,0.0,HEROMOTOCO.NS,678
2022-09-23 00:00:00+05:30,2462.898227292254,2481.7391458167544,2420.0982100206343,2437.43896484375,408930,0.0,0.0,HEROMOTOCO.NS,679
2022-09-26 00:00:00+05:30,2417.9802810709944,2431.0851143939108,2356.3835140329656,2401.522216796875,610918,0.0,0.0,HEROMOTOCO.NS,680
2022-09-27 00:00:00+05:30,2413.5681421863155,2413.5681421863155,2320.9083049177366,2328.188720703125,740040,0.0,0.0,HEROMOTOCO.NS,681
2022-09-28 00:00:00+05:30,2294.4338558737986,2316.495719872585,2272.460325510164,2286.800537109375,923391,0.0,0.0,HEROMOTOCO.NS,682
2022-09-29 00:00:00+05:30,2294.478467221226,2298.2731516537733,2228.248695576004,2238.220703125,1057406,0.0,0.0,HEROMOTOCO.NS,683
2022-09-30 00:00:00+05:30,2249.4277962132537,2287.506489714987,2215.011286188806,2249.604248046875,706844,0.0,0.0,HEROMOTOCO.NS,684
2022-10-03 00:00:00+05:30,2240.162381087118,2271.4460710719945,2224.233667137324,2228.734375,658511,0.0,0.0,HEROMOTOCO.NS,685
2022-10-04 00:00:00+05:30,2276.784394816114,2319.0548406182324,2260.105711591386,2313.671875,391128,0.0,0.0,HEROMOTOCO.NS,686
2022-10-06 00:00:00+05:30,2342.0879192236953,2350.603714137405,2321.1291445132347,2335.116455078125,463669,0.0,0.0,HEROMOTOCO.NS,687
2022-10-07 00:00:00+05:30,2369.3557196653614,2413.4794450526106,2303.1701315844875,2316.451416015625,1065099,0.0,0.0,HEROMOTOCO.NS,688
2022-10-10 00:00:00+05:30,2294.2574268594553,2294.2574268594553,2233.8960370899663,2268.40087890625,1076512,0.0,0.0,HEROMOTOCO.NS,689
2022-10-11 00:00:00+05:30,2272.372265340337,2272.8135026734126,2236.014352184475,2248.677734375,407068,0.0,0.0,HEROMOTOCO.NS,690
2022-10-12 00:00:00+05:30,2250.310081230215,2263.061795267609,2220.3942804471326,2250.354248046875,401910,0.0,0.0,HEROMOTOCO.NS,691
2022-10-13 00:00:00+05:30,2252.9579869493173,2271.7547417984106,2234.426017608959,2247.177734375,239037,0.0,0.0,HEROMOTOCO.NS,692
2022-10-14 00:00:00+05:30,2272.8137627387036,2281.1972730264215,2231.8228528951863,2237.86767578125,250851,0.0,0.0,HEROMOTOCO.NS,693
2022-10-17 00:00:00+05:30,2227.36598580013,2267.9598191388013,2225.203966027109,2253.575439453125,257635,0.0,0.0,HEROMOTOCO.NS,694
2022-10-18 00:00:00+05:30,2264.871038003604,2291.5658943837366,2236.8083029177205,2260.89990234375,454003,0.0,0.0,HEROMOTOCO.NS,695
2022-10-19 00:00:00+05:30,2271.4896438623064,2271.4896438623064,2234.602162111714,2242.54443359375,375698,0.0,0.0,HEROMOTOCO.NS,696
2022-10-20 00:00:00+05:30,2238.3526182387386,2267.9596836577803,2208.6132678110935,2264.03271484375,364460,0.0,0.0,HEROMOTOCO.NS,697
2022-10-21 00:00:00+05:30,2268.842152169093,2274.1369996654034,2248.5010699478535,2267.827392578125,360297,0.0,0.0,HEROMOTOCO.NS,698
2022-10-24 00:00:00+05:30,2282.0794138355373,2285.609312387487,2272.3721928176756,2278.461181640625,35097,0.0,0.0,HEROMOTOCO.NS,699
2022-10-25 00:00:00+05:30,2282.167555641279,2296.1988150266584,2264.473897547364,2281.726318359375,410336,0.0,0.0,HEROMOTOCO.NS,700
2022-10-27 00:00:00+05:30,2292.668859747558,2312.083299668438,2274.1810611852065,2303.92041015625,473043,0.0,0.0,HEROMOTOCO.NS,701
2022-10-28 00:00:00+05:30,2315.48095446788,2360.045919633031,2311.2008666837546,2338.42529296875,717856,0.0,0.0,HEROMOTOCO.NS,702
2022-10-31 00:00:00+05:30,2354.4422109489474,2377.5188353456183,2344.293753143133,2362.252197265625,511816,0.0,0.0,HEROMOTOCO.NS,703
2022-11-01 00:00:00+05:30,2374.0777091742225,2374.6072802062945,2329.115663505358,2358.9873046875,368266,0.0,0.0,HEROMOTOCO.NS,704
2022-11-02 00:00:00+05:30,2338.513842463544,2344.9117841870707,2321.2174672107667,2333.218994140625,565598,0.0,0.0,HEROMOTOCO.NS,705
2022-11-03 00:00:00+05:30,2328.8508825632293,2354.7955542269337,2319.1436602410636,2335.337158203125,311401,0.0,0.0,HEROMOTOCO.NS,706
2022-11-04 00:00:00+05:30,2312.965948845988,2327.2619944139065,2271.0042381228222,2284.638427734375,855256,0.0,0.0,HEROMOTOCO.NS,707
2022-11-07 00:00:00+05:30,2293.551886623296,2316.4962302370727,2285.6096138339117,2313.010498046875,314060,0.0,0.0,HEROMOTOCO.NS,708
2022-11-09 00:00:00+05:30,2320.9083863570736,2344.338131978133,2313.892755807289,2339.881591796875,459177,0.0,0.0,HEROMOTOCO.NS,709
2022-11-10 00:00:00+05:30,2339.837522448109,2402.096156213998,2317.6875365364936,2393.712646484375,706321,0.0,0.0,HEROMOTOCO.NS,710
2022-11-11 00:00:00+05:30,2405.71416967608,2410.8765169813637,2347.4266774045277,2354.883544921875,474615,0.0,0.0,HEROMOTOCO.NS,711
2022-11-14 00:00:00+05:30,2356.648371239427,2389.741168064545,2343.7641561630226,2372.444580078125,352558,0.0,0.0,HEROMOTOCO.NS,712
2022-11-15 00:00:00+05:30,2377.827921203038,2430.379329186901,2375.6217345995833,2409.817626953125,1012827,0.0,0.0,HEROMOTOCO.NS,713
2022-11-16 00:00:00+05:30,2409.6409356980907,2431.2173954465047,2390.667732793517,2417.494873046875,647740,0.0,0.0,HEROMOTOCO.NS,714
2022-11-17 00:00:00+05:30,2418.8630740329754,2440.1307997904696,2406.6848804794536,2421.510498046875,517393,0.0,0.0,HEROMOTOCO.NS,715
2022-11-18 00:00:00+05:30,2413.568250986057,2417.186483355003,2384.976157519174,2403.11083984375,469583,0.0,0.0,HEROMOTOCO.NS,716
2022-11-21 00:00:00+05:30,2395.9187048952595,2402.5372648535335,2351.794971840098,2362.78173828125,467604,0.0,0.0,HEROMOTOCO.NS,717
2022-11-22 00:00:00+05:30,2356.0304249315373,2374.606555944467,2353.5594532820865,2369.841064453125,361527,0.0,0.0,HEROMOTOCO.NS,718
2022-11-23 00:00:00+05:30,2374.739395077429,2380.475480572785,2337.454839357614,2346.367919921875,264132,0.0,0.0,HEROMOTOCO.NS,719
2022-11-24 00:00:00+05:30,2351.795227663339,2365.605871432731,2334.8517554166656,2358.943359375,498023,0.0,0.0,HEROMOTOCO.NS,720
2022-11-25 00:00:00+05:30,2358.85463871261,2397.462903001303,2350.4711298956368,2389.87353515625,423634,0.0,0.0,HEROMOTOCO.NS,721
2022-11-28 00:00:00+05:30,2400.286857518213,2474.458894209179,2393.315394031096,2456.3681640625,1223958,0.0,0.0,HEROMOTOCO.NS,722
2022-11-29 00:00:00+05:30,2456.0591944966213,2504.4188475896285,2447.1904967722035,2495.85888671875,731879,0.0,0.0,HEROMOTOCO.NS,723
2022-11-30 00:00:00+05:30,2499.1241651419414,2524.7600980774364,2488.666969292828,2516.7294921875,1379225,0.0,0.0,HEROMOTOCO.NS,724
2022-12-01 00:00:00+05:30,2519.4651541079224,2545.056919245971,2494.402959944999,2534.290771484375,782249,0.0,0.0,HEROMOTOCO.NS,725
2022-12-02 00:00:00+05:30,2528.289874723038,2528.289874723038,2482.401192878152,2488.9755859375,526214,0.0,0.0,HEROMOTOCO.NS,726
2022-12-05 00:00:00+05:30,2479.7537543858803,2499.962337592992,2458.2654105841902,2495.329345703125,397713,0.0,0.0,HEROMOTOCO.NS,727
2022-12-06 00:00:00+05:30,2490.343732338557,2492.991156575629,2451.5590103550476,2469.870361328125,339117,0.0,0.0,HEROMOTOCO.NS,728
2022-12-07 00:00:00+05:30,2464.7960573881196,2472.6941630348515,2427.687952358628,2435.233154296875,340800,0.0,0.0,HEROMOTOCO.NS,729
2022-12-08 00:00:00+05:30,2426.8050115480414,2452.2203216676494,2422.6132574371854,2434.041259765625,190468,0.0,0.0,HEROMOTOCO.NS,730
2022-12-09 00:00:00+05:30,2437.394889719244,2455.2650006956433,2410.1704616328275,2428.12890625,254995,0.0,0.0,HEROMOTOCO.NS,731
2022-12-12 00:00:00+05:30,2427.687568793798,2448.77862506981,2414.49461691665,2445.734130859375,166357,0.0,0.0,HEROMOTOCO.NS,732
2022-12-13 00:00:00+05:30,2456.720992479252,2484.210205982417,2424.9519063656335,2435.14453125,440848,0.0,0.0,HEROMOTOCO.NS,733
2022-12-14 00:00:00+05:30,2437.792034716926,2455.8385980785533,2407.037922673954,2424.466796875,438317,0.0,0.0,HEROMOTOCO.NS,734
2022-12-15 00:00:00+05:30,2416.6566944672504,2456.6328369759894,2413.215129703039,2445.204833984375,299314,0.0,0.0,HEROMOTOCO.NS,735
2022-12-16 00:00:00+05:30,2422.4814412135747,2442.3810738007796,2397.8161004193958,2404.611328125,271086,0.0,0.0,HEROMOTOCO.NS,736
2022-12-19 00:00:00+05:30,2404.6113598589955,2457.6921288138083,2390.6682160027094,2453.809326171875,276490,0.0,0.0,HEROMOTOCO.NS,737
2022-12-20 00:00:00+05:30,2444.45472472926,2462.6337882836656,2420.9808133956567,2446.705078125,234062,0.0,0.0,HEROMOTOCO.NS,738
2022-12-21 00:00:00+05:30,2446.704846359129,2469.2079472890937,2415.3328331495422,2433.37939453125,328455,0.0,0.0,HEROMOTOCO.NS,739
2022-12-22 00:00:00+05:30,2433.1592246192026,2467.8846905982937,2397.948569908492,2407.126220703125,483991,0.0,0.0,HEROMOTOCO.NS,740
2022-12-23 00:00:00+05:30,2395.9186769214643,2400.331050175463,2319.716904645736,2326.953369140625,328855,0.0,0.0,HEROMOTOCO.NS,741
2022-12-26 00:00:00+05:30,2334.145308792943,2380.9164624284917,2304.670743435738,2370.591552734375,175951,0.0,0.0,HEROMOTOCO.NS,742
2022-12-27 00:00:00+05:30,2378.2251731212395,2398.786876923533,2369.8858302136105,2384.755615234375,181947,0.0,0.0,HEROMOTOCO.NS,743
2022-12-28 00:00:00+05:30,2371.73888074415,2406.2876760232475,2369.4443605473252,2379.68115234375,225857,0.0,0.0,HEROMOTOCO.NS,744
2022-12-29 00:00:00+05:30,2375.2688657836384,2422.39292614589,2357.4868722300666,2402.2724609375,243791,0.0,0.0,HEROMOTOCO.NS,745
2022-12-30 00:00:00+05:30,2414.318640193008,2439.910408040807,2402.8904197784855,2416.966064453125,211762,0.0,0.0,HEROMOTOCO.NS,746
2023-01-02 00:00:00+05:30,2416.9658568334976,2426.452459617343,2391.5063762065224,2396.712890625,131296,0.0,0.0,HEROMOTOCO.NS,747
2023-01-03 00:00:00+05:30,2384.6228431114837,2417.8920927499694,2384.44639127943,2400.683837890625,136701,0.0,0.0,HEROMOTOCO.NS,748
2023-01-04 00:00:00+05:30,2388.8586931065083,2407.3906593256575,2380.6958032242637,2390.888427734375,178937,0.0,0.0,HEROMOTOCO.NS,749
2023-01-05 00:00:00+05:30,2389.6530730605386,2445.425644570965,2384.4465586859505,2441.939697265625,258988,0.0,0.0,HEROMOTOCO.NS,750
2023-01-06 00:00:00+05:30,2441.807419692108,2449.1761693893195,2412.465136820853,2420.23095703125,162618,0.0,0.0,HEROMOTOCO.NS,751
2023-01-09 00:00:00+05:30,2432.982815821635,2446.5728404018582,2418.2013641839812,2428.87939453125,110658,0.0,0.0,HEROMOTOCO.NS,752
2023-01-10 00:00:00+05:30,2426.8052997342497,2433.9092637921453,2371.8270856725057,2393.3154296875,206381,0.0,0.0,HEROMOTOCO.NS,753
2023-01-11 00:00:00+05:30,2393.3597569393946,2400.33122099768,2368.6062981332702,2377.166259765625,150551,0.0,0.0,HEROMOTOCO.NS,754
2023-01-12 00:00:00+05:30,2373.8571482163984,2382.94668150176,2350.0303292566055,2377.607666015625,163626,0.0,0.0,HEROMOTOCO.NS,755
2023-01-13 00:00:00+05:30,2367.944198751524,2422.3045062542096,2367.944198751524,2407.787841796875,196440,0.0,0.0,HEROMOTOCO.NS,756
2023-01-16 00:00:00+05:30,2410.9206205805604,2440.0422825421847,2391.50617927281,2434.39453125,362194,0.0,0.0,HEROMOTOCO.NS,757
2023-01-17 00:00:00+05:30,2440.0426285390176,2443.5725274591464,2408.8912274792947,2441.67529296875,254062,0.0,0.0,HEROMOTOCO.NS,758
2023-01-18 00:00:00+05:30,2441.719053725194,2458.883358242672,2424.5549646556315,2444.41064453125,159791,0.0,0.0,HEROMOTOCO.NS,759
2023-01-19 00:00:00+05:30,2437.394890743425,2453.0588151861098,2428.217240911098,2444.0576171875,140565,0.0,0.0,HEROMOTOCO.NS,760
2023-01-20 00:00:00+05:30,2442.2487430284427,2442.2487430284427,2408.582419254032,2423.672607421875,300399,0.0,0.0,HEROMOTOCO.NS,761
2023-01-23 00:00:00+05:30,2428.0849855938136,2481.5188721066047,2426.849607185164,2448.514404296875,434312,0.0,0.0,HEROMOTOCO.NS,762
2023-01-24 00:00:00+05:30,2450.6320544611795,2459.4568007862104,2437.6155536317583,2446.13134765625,129633,0.0,0.0,HEROMOTOCO.NS,763
2023-01-25 00:00:00+05:30,2452.3968030289216,2464.7514468728964,2440.9246337452314,2457.691650390625,356744,0.0,0.0,HEROMOTOCO.NS,764
2023-01-27 00:00:00+05:30,2460.339654884731,2479.8424334501888,2395.566093047932,2414.583251953125,464092,0.0,0.0,HEROMOTOCO.NS,765
2023-01-30 00:00:00+05:30,2403.02277581302,2439.9983795775206,2366.003005223918,2384.71142578125,459196,0.0,0.0,HEROMOTOCO.NS,766
2023-01-31 00:00:00+05:30,2404.2577470704396,2446.2194550546233,2369.0912654863855,2438.497802734375,579601,0.0,0.0,HEROMOTOCO.NS,767
2023-02-01 00:00:00+05:30,2449.3523243866653,2491.093414441837,2360.663630516853,2406.728759765625,408279,0.0,0.0,HEROMOTOCO.NS,768
2023-02-02 00:00:00+05:30,2372.974405030217,2394.3302491112286,2324.9678688093686,2348.220947265625,453723,0.0,0.0,HEROMOTOCO.NS,769
2023-02-03 00:00:00+05:30,2360.001763520991,2368.6940086852856,2313.0099931089308,2342.30810546875,328028,0.0,0.0,HEROMOTOCO.NS,770
2023-02-06 00:00:00+05:30,2340.3670423023555,2386.9175821520844,2334.233886302734,2378.269287109375,252416,0.0,0.0,HEROMOTOCO.NS,771
2023-02-07 00:00:00+05:30,2370.3268614502463,2378.0926813010947,2307.715329402116,2340.852294921875,421543,0.0,0.0,HEROMOTOCO.NS,772
2023-02-08 00:00:00+05:30,2346.5443092185146,2371.1652662784736,2287.4185064578905,2307.3623046875,793670,0.0,0.0,HEROMOTOCO.NS,773
2023-02-09 00:00:00+05:30,2306.78860628727,2306.78860628727,2249.5160908795733,2258.428955078125,1266011,0.0,0.0,HEROMOTOCO.NS,774
2023-02-10 00:00:00+05:30,2258.42929423397,2285.3006067717283,2250.575355287252,2279.697021484375,283858,0.0,0.0,HEROMOTOCO.NS,775
2023-02-13 00:00:00+05:30,2289.0950214965756,2296.1989853517534,2254.7668445972668,2260.5029296875,327921,0.0,0.0,HEROMOTOCO.NS,776
2023-02-14 00:00:00+05:30,2271.8425036991594,2274.2253574561228,2237.9997323612197,2243.691650390625,409279,0.0,0.0,HEROMOTOCO.NS,777
2023-02-15 00:00:00+05:30,2245.8977958240184,2272.3720331028867,2238.83799921632,2269.724609375,643367,0.0,0.0,HEROMOTOCO.NS,778
2023-02-16 00:00:00+05:30,2285.6093494010784,2285.6093494010784,2247.2217020269677,2256.222900390625,433077,0.0,0.0,HEROMOTOCO.NS,779
2023-02-17 00:00:00+05:30,2257.3545217421693,2299.1432635484766,2257.3545217421693,2295.9287109375,705628,65.0,0.0,HEROMOTOCO.NS,780
2023-02-20 00:00:00+05:30,2299.958494788907,2304.033224405659,2276.1892386911873,2288.594482421875,182493,0.0,0.0,HEROMOTOCO.NS,781
2023-02-21 00:00:00+05:30,2299.95852258578,2304.485999992445,2278.679378774455,2282.3466796875,203273,0.0,0.0,HEROMOTOCO.NS,782
2023-02-22 00:00:00+05:30,2270.076768257704,2295.1136254396506,2259.210824412832,2263.240234375,310260,0.0,0.0,HEROMOTOCO.NS,783
2023-02-23 00:00:00+05:30,2264.236614439464,2275.14787845324,2248.164070750472,2259.663818359375,294710,0.0,0.0,HEROMOTOCO.NS,784
2023-02-24 00:00:00+05:30,2260.1163498841297,2271.480360520464,2246.896029602561,2250.744384765625,255112,0.0,0.0,HEROMOTOCO.NS,785
2023-02-27 00:00:00+05:30,2250.7443782728747,2252.8723807253555,2200.3536515926908,2207.190185546875,293892,0.0,0.0,HEROMOTOCO.NS,786
2023-02-28 00:00:00+05:30,2216.607294890822,2238.384502243195,2182.560802416716,2190.48388671875,542868,0.0,0.0,HEROMOTOCO.NS,787
2023-03-01 00:00:00+05:30,2186.771774870438,2212.9858270884647,2186.1379721928215,2201.350341796875,293122,0.0,0.0,HEROMOTOCO.NS,788
2023-03-02 00:00:00+05:30,2212.578073460126,2248.616835629044,2210.223696925207,2230.55224609375,525446,0.0,0.0,HEROMOTOCO.NS,789
2023-03-03 00:00:00+05:30,2241.73503543766,2244.542159752545,2224.8023147809736,2228.92236328125,197868,0.0,0.0,HEROMOTOCO.NS,790
2023-03-06 00:00:00+05:30,2238.3846631204888,2256.2681975446917,2228.605268436902,2245.35693359375,203422,0.0,0.0,HEROMOTOCO.NS,791
2023-03-08 00:00:00+05:30,2224.8020716657475,2246.5339600336665,2209.9520363749493,2243.86279296875,286894,0.0,0.0,HEROMOTOCO.NS,792
2023-03-09 00:00:00+05:30,2251.061717785711,2255.634514080941,2209.40892654752,2212.849853515625,244591,0.0,0.0,HEROMOTOCO.NS,793
2023-03-10 00:00:00+05:30,2188.5828169743713,2212.850142733291,2177.988562901469,2209.680908203125,224485,0.0,0.0,HEROMOTOCO.NS,794
2023-03-13 00:00:00+05:30,2211.1291818652876,2211.1291818652876,2155.0791036882465,2161.462890625,249618,0.0,0.0,HEROMOTOCO.NS,795
2023-03-14 00:00:00+05:30,2168.6160997417423,2183.602092381222,2144.5751533706384,2149.14794921875,302570,0.0,0.0,HEROMOTOCO.NS,796
2023-03-15 00:00:00+05:30,2173.188783721126,2180.2970104618253,2146.0692429045785,2154.580810546875,217071,0.0,0.0,HEROMOTOCO.NS,797
2023-03-16 00:00:00+05:30,2145.4807152581934,2167.7559905558523,2141.496623920046,2146.88427734375,577586,0.0,0.0,HEROMOTOCO.NS,798
2023-03-17 00:00:00+05:30,2150.551564608559,2151.0496312897953,2108.7177215443426,2132.577392578125,628419,0.0,0.0,HEROMOTOCO.NS,799
2023-03-20 00:00:00+05:30,2132.5771566258863,2133.7543447235944,2086.2611606914566,2118.2705078125,352432,0.0,0.0,HEROMOTOCO.NS,800
2023-03-21 00:00:00+05:30,2123.341579327452,2133.664360429283,2110.709961608691,2127.05419921875,291142,0.0,0.0,HEROMOTOCO.NS,801
2023-03-22 00:00:00+05:30,2127.0542937411005,2145.345259016588,2124.2924881936965,2130.81201171875,166790,0.0,0.0,HEROMOTOCO.NS,802
2023-03-23 00:00:00+05:30,2141.496648685516,2158.565325623467,2134.252685391865,2139.23291015625,371585,0.0,0.0,HEROMOTOCO.NS,803
2023-03-24 00:00:00+05:30,2139.685788860134,2153.902023480641,2086.3521942726725,2094.72802734375,272040,0.0,0.0,HEROMOTOCO.NS,804
2023-03-27 00:00:00+05:30,2100.7039979072233,2110.6191282711466,2079.5154940865596,2090.4267578125,238881,0.0,0.0,HEROMOTOCO.NS,805
2023-03-28 00:00:00+05:30,2083.54512721577,2090.426981382673,2033.7428751528118,2036.912109375,456838,0.0,0.0,HEROMOTOCO.NS,806
2023-03-29 00:00:00+05:30,2037.3644890471273,2096.67443306161,2037.3644890471273,2086.39697265625,712847,0.0,0.0,HEROMOTOCO.NS,807
2023-03-31 00:00:00+05:30,2095.9954109032105,2134.16195237962,2095.9954109032105,2125.5146484375,302919,0.0,0.0,HEROMOTOCO.NS,808
2023-04-03 00:00:00+05:30,2159.6069081018613,2204.428938270013,2147.880784827076,2201.350341796875,787785,0.0,0.0,HEROMOTOCO.NS,809
2023-04-05 00:00:00+05:30,2210.1337864221478,2210.812908147261,2190.4845753891923,2202.346435546875,289012,0.0,0.0,HEROMOTOCO.NS,810
2023-04-06 00:00:00+05:30,2202.3457584480457,2207.7787305786146,2182.515498598749,2197.13916015625,211340,0.0,0.0,HEROMOTOCO.NS,811
2023-04-10 00:00:00+05:30,2200.353590925606,2234.626676643637,2188.717887830267,2228.10693359375,261131,0.0,0.0,HEROMOTOCO.NS,812
2023-04-11 00:00:00+05:30,2240.19570590874,2244.587447195227,2216.6981435870844,2236.43798828125,575155,0.0,0.0,HEROMOTOCO.NS,813
2023-04-12 00:00:00+05:30,2241.101398134487,2250.156353278465,2217.7395696493763,2243.18408203125,464883,0.0,0.0,HEROMOTOCO.NS,814
2023-04-13 00:00:00+05:30,2243.183962459836,2243.183962459836,2207.597946427244,2215.792724609375,458472,0.0,0.0,HEROMOTOCO.NS,815
2023-04-17 00:00:00+05:30,2200.353976439457,2235.6682995181145,2190.8462740721257,2232.906494140625,656224,0.0,0.0,HEROMOTOCO.NS,816
2023-04-18 00:00:00+05:30,2237.4339398678294,2241.0559216709116,2195.826468118568,2209.13720703125,397381,0.0,0.0,HEROMOTOCO.NS,817
2023-04-19 00:00:00+05:30,2204.8812564935397,2220.365315962318,2192.294959103468,2214.79638671875,247426,0.0,0.0,HEROMOTOCO.NS,818
2023-04-20 00:00:00+05:30,2218.464047351046,2229.556367587801,2202.0293919173555,2217.151123046875,315314,0.0,0.0,HEROMOTOCO.NS,819
2023-04-21 00:00:00+05:30,2219.3243684779477,2242.369186992218,2217.151267492795,2226.9306640625,699932,0.0,0.0,HEROMOTOCO.NS,820
2023-04-24 00:00:00+05:30,2227.4735014777593,2285.4705296144657,2212.4875074760316,2264.689453125,686216,0.0,0.0,HEROMOTOCO.NS,821
2023-04-25 00:00:00+05:30,2268.175375662269,2294.5253806550895,2258.1698281852564,2261.701171875,538138,0.0,0.0,HEROMOTOCO.NS,822
2023-04-26 00:00:00+05:30,2272.793596862089,2285.470533258929,2256.539997624071,2268.40185546875,560280,0.0,0.0,HEROMOTOCO.NS,823
2023-04-27 00:00:00+05:30,2263.738111203132,2288.050746944724,2261.0669444455475,2271.570556640625,685268,0.0,0.0,HEROMOTOCO.NS,824
2023-04-28 00:00:00+05:30,2281.8483274755235,2324.406609773678,2277.456586513219,2316.800537109375,721370,0.0,0.0,HEROMOTOCO.NS,825
2023-05-02 00:00:00+05:30,2299.9127470134977,2299.9127470134977,2232.9514136759058,2260.025634765625,997629,0.0,0.0,HEROMOTOCO.NS,826
2023-05-03 00:00:00+05:30,2254.6837541535565,2280.037627694239,2244.63266585835,2266.13818359375,863935,0.0,0.0,HEROMOTOCO.NS,827
2023-05-04 00:00:00+05:30,2270.937125028969,2293.393454972876,2267.6321552741783,2276.8681640625,684323,0.0,0.0,HEROMOTOCO.NS,828
2023-05-05 00:00:00+05:30,2297.2421085238984,2319.879496270488,2275.1027875213817,2306.5234375,1527593,0.0,0.0,HEROMOTOCO.NS,829
2023-05-08 00:00:00+05:30,2323.5013246809117,2347.0442063807186,2323.5013246809117,2332.873291015625,855245,0.0,0.0,HEROMOTOCO.NS,830
2023-05-09 00:00:00+05:30,2342.9240990709136,2357.9100926058427,2331.877099071888,2346.63671875,556418,0.0,0.0,HEROMOTOCO.NS,831
2023-05-10 00:00:00+05:30,2354.2881111386673,2358.045828734928,2329.0248771425827,2341.656494140625,549062,0.0,0.0,HEROMOTOCO.NS,832
2023-05-11 00:00:00+05:30,2354.287793875035,2357.909775096381,2331.695730220526,2341.11279296875,506829,0.0,0.0,HEROMOTOCO.NS,833
2023-05-12 00:00:00+05:30,2349.7605596750013,2366.9649722506565,2341.7921559526344,2359.63037109375,718178,0.0,0.0,HEROMOTOCO.NS,834
2023-05-15 00:00:00+05:30,2378.7366060942018,2462.9476850309206,2359.721201173007,2437.503173828125,1383562,0.0,0.0,HEROMOTOCO.NS,835
2023-05-16 00:00:00+05:30,2444.7925065568775,2460.7293156247615,2427.225982459885,2432.160888671875,602177,0.0,0.0,HEROMOTOCO.NS,836
2023-05-17 00:00:00+05:30,2434.8318087796188,2504.9623832142693,2428.900769702886,2465.61865234375,1169727,0.0,0.0,HEROMOTOCO.NS,837
2023-05-18 00:00:00+05:30,2485.630063983038,2498.3974158246397,2466.7957164192935,2476.66552734375,610410,0.0,0.0,HEROMOTOCO.NS,838
2023-05-19 00:00:00+05:30,2481.64599136989,2484.724808509505,2415.1373954576143,2456.609130859375,458137,0.0,0.0,HEROMOTOCO.NS,839
2023-05-22 00:00:00+05:30,2454.390741141907,2464.7586198515905,2427.7239442994796,2437.7294921875,241924,0.0,0.0,HEROMOTOCO.NS,840
2023-05-23 00:00:00+05:30,2437.729680705354,2461.272564273301,2421.340344400921,2454.30029296875,224454,0.0,0.0,HEROMOTOCO.NS,841
2023-05-24 00:00:00+05:30,2454.797949404134,2485.3584181582432,2450.2704725516737,2479.880126953125,402069,0.0,0.0,HEROMOTOCO.NS,842
2023-05-25 00:00:00+05:30,2480.1065500086197,2498.2617767608826,2453.0323263209525,2474.537841796875,208718,0.0,0.0,HEROMOTOCO.NS,843
2023-05-26 00:00:00+05:30,2476.031946191308,2490.0218064380697,2457.1524990264506,2485.720703125,167210,0.0,0.0,HEROMOTOCO.NS,844
2023-05-29 00:00:00+05:30,2499.16743023806,2530.6787159634023,2477.48085852627,2514.47021484375,462628,0.0,0.0,HEROMOTOCO.NS,845
2023-05-30 00:00:00+05:30,2514.4253496366487,2530.8600050705422,2499.3487164288235,2516.5078125,399817,0.0,0.0,HEROMOTOCO.NS,846
2023-05-31 00:00:00+05:30,2516.4170296664024,2523.615673865833,2480.197213751572,2499.07666015625,773286,0.0,0.0,HEROMOTOCO.NS,847
2023-06-01 00:00:00+05:30,2498.126350519466,2546.8418316022626,2487.260404511127,2535.74951171875,552629,0.0,0.0,HEROMOTOCO.NS,848
2023-06-02 00:00:00+05:30,2567.9850226538942,2637.391158481339,2567.9850226538942,2619.28125,2090599,0.0,0.0,HEROMOTOCO.NS,849
2023-06-05 00:00:00+05:30,2635.0371823848527,2643.865763370461,2594.2445665402674,2599.3154296875,620625,0.0,0.0,HEROMOTOCO.NS,850
2023-06-06 00:00:00+05:30,2598.7719175418583,2636.8027260912513,2590.5771395812612,2630.283203125,729992,0.0,0.0,HEROMOTOCO.NS,851
2023-06-07 00:00:00+05:30,2642.190429077469,2697.470971035909,2632.3659359930816,2678.45556640625,996180,0.0,0.0,HEROMOTOCO.NS,852
2023-06-08 00:00:00+05:30,2696.157859262135,2740.0290669633555,2669.581480975176,2684.61279296875,1150017,0.0,0.0,HEROMOTOCO.NS,853
2023-06-09 00:00:00+05:30,2705.529490413517,2739.123456606116,2614.436790084331,2625.302734375,826404,0.0,0.0,HEROMOTOCO.NS,854
2023-06-12 00:00:00+05:30,2631.641074486444,2660.5716055462512,2606.106150853097,2653.46337890625,617327,0.0,0.0,HEROMOTOCO.NS,855
2023-06-13 00:00:00+05:30,2641.3301629382045,2676.5538466529447,2629.604041361636,2673.429931640625,973087,0.0,0.0,HEROMOTOCO.NS,856
2023-06-14 00:00:00+05:30,2673.429984511769,2687.1030541694786,2647.3516714612965,2654.550537109375,304861,0.0,0.0,HEROMOTOCO.NS,857
2023-06-15 00:00:00+05:30,2662.066251081232,2681.534405201928,2544.442468797909,2574.369140625,951322,0.0,0.0,HEROMOTOCO.NS,858
2023-06-16 00:00:00+05:30,2574.3235782831443,2576.043931220165,2539.9147509969116,2564.408447265625,1029235,0.0,0.0,HEROMOTOCO.NS,859
2023-06-19 00:00:00+05:30,2553.4970313743415,2560.4693017499126,2514.606048106591,2519.631591796875,671364,0.0,0.0,HEROMOTOCO.NS,860
2023-06-20 00:00:00+05:30,2512.749565952359,2544.0797931118727,2485.6300247604945,2536.020751953125,872568,0.0,0.0,HEROMOTOCO.NS,861
2023-06-21 00:00:00+05:30,2536.29246153632,2562.5518265433006,2535.3869661912513,2556.71142578125,407191,0.0,0.0,HEROMOTOCO.NS,862
2023-06-22 00:00:00+05:30,2562.5519822355195,2591.5278350381823,2550.599487168063,2558.06982421875,578572,0.0,0.0,HEROMOTOCO.NS,863
2023-06-23 00:00:00+05:30,2558.251121029703,2571.3808055726395,2503.6950180150884,2514.017578125,381689,0.0,0.0,HEROMOTOCO.NS,864
2023-06-26 00:00:00+05:30,2514.017283579238,2588.811290364012,2512.7496784750383,2581.793701171875,583691,0.0,0.0,HEROMOTOCO.NS,865
2023-06-27 00:00:00+05:30,2587.905877830631,2595.964698540047,2560.2429488837042,2575.319580078125,415101,0.0,0.0,HEROMOTOCO.NS,866
2023-06-28 00:00:00+05:30,2580.6616976911178,2590.939158142535,2530.8594544023417,2561.419921875,781032,0.0,0.0,HEROMOTOCO.NS,867
2023-06-30 00:00:00+05:30,2571.561878130492,2644.0468364741937,2567.07971965902,2635.08251953125,962194,0.0,0.0,HEROMOTOCO.NS,868
2023-07-03 00:00:00+05:30,2603.2991725959464,2636.6667652006754,2591.889842577462,2624.8046875,818522,0.0,0.0,HEROMOTOCO.NS,869
2023-07-04 00:00:00+05:30,2672.207765682061,2752.615586435225,2640.153093454251,2743.47021484375,2177103,0.0,0.0,HEROMOTOCO.NS,870
2023-07-05 00:00:00+05:30,2761.7610353195314,2872.231476732313,2743.832181761846,2859.735595703125,3069147,0.0,0.0,HEROMOTOCO.NS,871
2023-07-06 00:00:00+05:30,2842.3502771739877,2903.788233172562,2823.968674939752,2872.322265625,1676341,0.0,0.0,HEROMOTOCO.NS,872
2023-07-07 00:00:00+05:30,2852.310844327817,2872.231745462805,2830.5789521805577,2850.680908203125,931135,0.0,0.0,HEROMOTOCO.NS,873
2023-07-10 00:00:00+05:30,2858.1510697458734,2885.2255163494533,2794.268321516691,2828.49609375,570281,0.0,0.0,HEROMOTOCO.NS,874
2023-07-11 00:00:00+05:30,2806.130020970629,2832.3893854779376,2792.7286459049847,2809.389892578125,663715,0.0,0.0,HEROMOTOCO.NS,875
2023-07-12 00:00:00+05:30,2806.945513877679,2819.0792866589168,2768.507272721527,2787.885009765625,739038,0.0,0.0,HEROMOTOCO.NS,876
2023-07-13 00:00:00+05:30,2787.884577021371,2835.060754319464,2766.7411711837963,2782.677978515625,665215,0.0,0.0,HEROMOTOCO.NS,877
2023-07-14 00:00:00+05:30,2787.92970472303,2845.5193007161215,2782.6780082461282,2839.9052734375,811153,0.0,0.0,HEROMOTOCO.NS,878
2023-07-17 00:00:00+05:30,2847.4660419660413,2859.0111084003074,2777.15441207013,2799.4296875,909246,0.0,0.0,HEROMOTOCO.NS,879
2023-07-18 00:00:00+05:30,2806.130696399325,2825.146102860889,2794.2686163221933,2821.88623046875,578275,0.0,0.0,HEROMOTOCO.NS,880
2023-07-19 00:00:00+05:30,2829.673326249275,2846.560728233039,2791.1897690122846,2804.00244140625,486164,0.0,0.0,HEROMOTOCO.NS,881
2023-07-20 00:00:00+05:30,2803.368550533862,2807.2169061364,2762.666574904195,2795.400146484375,735511,0.0,0.0,HEROMOTOCO.NS,882
2023-07-21 00:00:00+05:30,2788.065695346726,2829.3110556186057,2761.308261681472,2808.89208984375,749722,0.0,0.0,HEROMOTOCO.NS,883
2023-07-24 00:00:00+05:30,2834.1097375306567,2856.8377586815186,2798.0258813654063,2837.86767578125,784541,0.0,0.0,HEROMOTOCO.NS,884
2023-07-25 00:00:00+05:30,2878.569972686073,2878.569972686073,2832.5254416318307,2843.52734375,748386,0.0,0.0,HEROMOTOCO.NS,885
2023-07-26 00:00:00+05:30,2865.8477795959375,2888.4398468545273,2830.6694140125715,2848.4169921875,509747,0.0,0.0,HEROMOTOCO.NS,886
2023-07-27 00:00:00+05:30,2845.532604966829,2892.5986524039113,2836.604689901104,2872.45361328125,524436,35.0,0.0,HEROMOTOCO.NS,887
2023-07-28 00:00:00+05:30,2881.610343770684,2907.295312423045,2867.4172485446816,2905.006103515625,445865,0.0,0.0,HEROMOTOCO.NS,888
2023-07-31 00:00:00+05:30,2920.801698227948,2957.657962309357,2905.4639982686035,2933.575439453125,933273,0.0,0.0,HEROMOTOCO.NS,889
2023-08-01 00:00:00+05:30,2953.033580679073,2970.477396786231,2776.581407646439,2840.5419921875,3043469,0.0,0.0,HEROMOTOCO.NS,890
2023-08-02 00:00:00+05:30,2802.9074492966456,2813.8956522994417,2721.274347243929,2741.052978515625,2692656,0.0,0.0,HEROMOTOCO.NS,891
2023-08-03 00:00:00+05:30,2721.4118446741636,2766.784014857556,2685.7460107345196,2703.46435546875,1250490,0.0,0.0,HEROMOTOCO.NS,892
2023-08-04 00:00:00+05:30,2725.989953729601,2733.315422197803,2675.1236873424136,2696.413330078125,642027,0.0,0.0,HEROMOTOCO.NS,893
2023-08-07 00:00:00+05:30,2701.266290676639,2714.9557141165874,2682.6320422661965,2704.974853515625,444210,0.0,0.0,HEROMOTOCO.NS,894
2023-08-08 00:00:00+05:30,2751.6290916382727,2828.317589616544,2728.737002689535,2808.309814453125,2020469,0.0,0.0,HEROMOTOCO.NS,895
2023-08-09 00:00:00+05:30,2820.167953774598,2821.541479042559,2750.8049277425857,2801.716796875,548711,0.0,0.0,HEROMOTOCO.NS,896
2023-08-10 00:00:00+05:30,2794.11667892749,2804.647039691736,2758.954520232575,2779.923583984375,476401,0.0,0.0,HEROMOTOCO.NS,897
2023-08-11 00:00:00+05:30,2788.1649682820726,2814.216346145114,2728.7371906988137,2745.402587890625,816082,0.0,0.0,HEROMOTOCO.NS,898
2023-08-14 00:00:00+05:30,2756.1162157564354,2769.9431287303487,2703.2813121939193,2756.802978515625,526850,0.0,0.0,HEROMOTOCO.NS,899
2023-08-16 00:00:00+05:30,2751.6292435067235,2762.4801836895344,2706.7607466908066,2730.339599609375,753515,0.0,0.0,HEROMOTOCO.NS,900
2023-08-17 00:00:00+05:30,2744.6696808013025,2744.6696808013025,2711.109969369884,2738.855224609375,565973,0.0,0.0,HEROMOTOCO.NS,901
2023-08-18 00:00:00+05:30,2737.6191967359996,2737.6191967359996,2673.7960949344647,2680.251708984375,560922,0.0,0.0,HEROMOTOCO.NS,902
2023-08-21 00:00:00+05:30,2682.0372070645626,2696.09303944631,2666.8367702072846,2684.326416015625,328451,0.0,0.0,HEROMOTOCO.NS,903
2023-08-22 00:00:00+05:30,2692.1095665637945,2715.551154252692,2673.7958960429523,2707.447265625,255764,0.0,0.0,HEROMOTOCO.NS,904
2023-08-23 00:00:00+05:30,2718.6649287267355,2724.159030974078,2687.3485906280007,2702.869384765625,325912,0.0,0.0,HEROMOTOCO.NS,905
2023-08-24 00:00:00+05:30,2705.84495546388,2720.9079055133034,2673.7960304414655,2680.892578125,273751,0.0,0.0,HEROMOTOCO.NS,906
2023-08-25 00:00:00+05:30,2684.601054939537,2696.6880329908986,2646.3254381472652,2665.463134765625,429528,0.0,0.0,HEROMOTOCO.NS,907
2023-08-28 00:00:00+05:30,2678.374555562884,2702.3654214007433,2666.3334055301875,2684.555419921875,303029,0.0,0.0,HEROMOTOCO.NS,908
2023-08-29 00:00:00+05:30,2699.4351019677174,2740.640861665325,2690.324095367913,2736.19970703125,590653,0.0,0.0,HEROMOTOCO.NS,909
2023-08-30 00:00:00+05:30,2754.3762374927405,2754.3762374927405,2694.0783836958817,2702.960693359375,415898,0.0,0.0,HEROMOTOCO.NS,910
2023-08-31 00:00:00+05:30,2715.0017251728127,2715.0017251728127,2646.3712878260135,2670.08740234375,920121,0.0,0.0,HEROMOTOCO.NS,911
2023-09-01 00:00:00+05:30,2685.65411006224,2698.6567721813776,2662.8078494624556,2680.572021484375,331811,0.0,0.0,HEROMOTOCO.NS,912
2023-09-04 00:00:00+05:30,2701.2662857889977,2714.9557092041764,2676.313910776201,2694.71923828125,643279,0.0,0.0,HEROMOTOCO.NS,913
2023-09-05 00:00:00+05:30,2715.0017345640435,2723.1512287632786,2681.3045351035375,2687.851806640625,306742,0.0,0.0,HEROMOTOCO.NS,914
2023-09-06 00:00:00+05:30,2705.8449409541995,2705.8449409541995,2670.911702289315,2690.2783203125,275916,0.0,0.0,HEROMOTOCO.NS,915
2023-09-07 00:00:00+05:30,2692.109617816717,2718.1607699174724,2683.5022819302726,2711.247314453125,242002,0.0,0.0,HEROMOTOCO.NS,916
2023-09-08 00:00:00+05:30,2719.397157331854,2771.7742137191003,2710.5606765971324,2755.06298828125,569352,0.0,0.0,HEROMOTOCO.NS,917
2023-09-11 00:00:00+05:30,2773.5140323581663,2801.0761987936967,2764.4946828177212,2796.818359375,486566,0.0,0.0,HEROMOTOCO.NS,918
2023-09-12 00:00:00+05:30,2810.5075711912395,2810.5075711912395,2756.20749184022,2765.41015625,429664,0.0,0.0,HEROMOTOCO.NS,919
2023-09-13 00:00:00+05:30,2765.4102697715325,2779.008036945175,2733.407173022781,2741.9228515625,290774,0.0,0.0,HEROMOTOCO.NS,920
2023-09-14 00:00:00+05:30,2753.277325122554,2773.559626202233,2725.074227253045,2745.58544921875,311245,0.0,0.0,HEROMOTOCO.NS,921
2023-09-15 00:00:00+05:30,2760.4200023621256,2841.366347061797,2751.5835210650193,2806.43310546875,949607,0.0,0.0,HEROMOTOCO.NS,922
2023-09-18 00:00:00+05:30,2808.172538601678,2864.258156271639,2781.8466364300634,2852.03369140625,897322,0.0,0.0,HEROMOTOCO.NS,923
2023-09-20 00:00:00+05:30,2851.988098692047,2868.699323622752,2791.2324052066856,2803.685791015625,575906,0.0,0.0,HEROMOTOCO.NS,924
2023-09-21 00:00:00+05:30,2799.244764780293,2804.6930374883627,2737.8939635894917,2747.920654296875,585566,0.0,0.0,HEROMOTOCO.NS,925
2023-09-22 00:00:00+05:30,2756.207776460973,2783.6782858609163,2738.031366652446,2767.8369140625,323540,0.0,0.0,HEROMOTOCO.NS,926
2023-09-25 00:00:00+05:30,2760.9689725323733,2767.836599100868,2718.114938033854,2723.8837890625,408884,0.0,0.0,HEROMOTOCO.NS,927
2023-09-26 00:00:00+05:30,2724.1587272456054,2782.7624780166034,2719.6261381080244,2778.504638671875,372568,0.0,0.0,HEROMOTOCO.NS,928
2023-09-27 00:00:00+05:30,2778.184287003178,2778.184287003178,2747.0510418620743,2752.86572265625,222370,0.0,0.0,HEROMOTOCO.NS,929
2023-09-28 00:00:00+05:30,2753.00252689657,2763.7159794629224,2710.469071732627,2719.580078125,331995,0.0,0.0,HEROMOTOCO.NS,930
2023-09-29 00:00:00+05:30,2733.3610844870445,2811.1483533314763,2721.5486331687102,2799.473388671875,375842,0.0,0.0,HEROMOTOCO.NS,931
2023-10-03 00:00:00+05:30,2800.1600953958655,2806.4782220162374,2739.267143681076,2761.335205078125,387906,0.0,0.0,HEROMOTOCO.NS,932
2023-10-04 00:00:00+05:30,2761.6557235475298,2765.364286589994,2725.1200397793723,2737.02392578125,307263,0.0,0.0,HEROMOTOCO.NS,933
2023-10-05 00:00:00+05:30,2765.364260106547,2791.781819364553,2741.006988790674,2762.296630859375,537209,0.0,0.0,HEROMOTOCO.NS,934
2023-10-06 00:00:00+05:30,2783.678291124918,2788.2567093668995,2767.6538272779817,2781.846923828125,180660,0.0,0.0,HEROMOTOCO.NS,935
2023-10-09 00:00:00+05:30,2766.3716371883065,2792.788973232411,2677.4128469808716,2705.9365234375,976306,0.0,0.0,HEROMOTOCO.NS,936
2023-10-10 00:00:00+05:30,2724.1586096352385,2749.8894072694784,2715.917457538863,2725.806884765625,467743,0.0,0.0,HEROMOTOCO.NS,937
2023-10-11 00:00:00+05:30,2747.0509205436197,2848.691804603734,2735.650703934479,2839.397705078125,1048795,0.0,0.0,HEROMOTOCO.NS,938
2023-10-12 00:00:00+05:30,2854.1399377561393,2868.012678358745,2806.5243907989225,2827.85986328125,927642,0.0,0.0,HEROMOTOCO.NS,939
2023-10-13 00:00:00+05:30,2823.968124182557,2856.0170490678975,2820.351218799466,2837.19970703125,374642,0.0,0.0,HEROMOTOCO.NS,940
2023-10-16 00:00:00+05:30,2842.2816256722554,2906.654221377166,2838.4816285137586,2894.4755859375,966651,0.0,0.0,HEROMOTOCO.NS,941
2023-10-17 00:00:00+05:30,2913.7968519033525,2918.7872827761375,2899.512098424464,2905.418212890625,416816,0.0,0.0,HEROMOTOCO.NS,942
2023-10-18 00:00:00+05:30,2902.7167099925346,2915.5362790587474,2883.4873563932147,2887.287353515625,344063,0.0,0.0,HEROMOTOCO.NS,943
2023-10-19 00:00:00+05:30,2883.9457115396203,2998.864011840691,2873.461178255141,2990.485595703125,1129769,0.0,0.0,HEROMOTOCO.NS,944
2023-10-20 00:00:00+05:30,2985.1283421321527,2989.7067598348094,2933.438050980269,2940.48876953125,458086,0.0,0.0,HEROMOTOCO.NS,945
2023-10-23 00:00:00+05:30,2935.269645733794,2960.1761952569977,2874.7428695877284,2884.26611328125,313646,0.0,0.0,HEROMOTOCO.NS,946
2023-10-25 00:00:00+05:30,2884.4033177970296,2903.6326732490097,2829.4623022199435,2876.02490234375,391029,0.0,0.0,HEROMOTOCO.NS,947
2023-10-26 00:00:00+05:30,2865.174218947296,2866.1357315171203,2824.884137249092,2849.561767578125,461475,0.0,0.0,HEROMOTOCO.NS,948
2023-10-27 00:00:00+05:30,2861.694414445065,2887.058806095984,2842.327795237077,2849.79052734375,314423,0.0,0.0,HEROMOTOCO.NS,949
2023-10-30 00:00:00+05:30,2849.83614487966,2864.761831541623,2797.4132613406255,2848.096435546875,265215,0.0,0.0,HEROMOTOCO.NS,950
2023-10-31 00:00:00+05:30,2852.400122391678,2874.880198533122,2820.44263196838,2827.951416015625,207132,0.0,0.0,HEROMOTOCO.NS,951
2023-11-01 00:00:00+05:30,2834.9104588503997,2879.504203290743,2816.2306037410062,2831.70556640625,473455,0.0,0.0,HEROMOTOCO.NS,952
2023-11-02 00:00:00+05:30,2874.330873529225,2884.357564423445,2785.051720878986,2794.758056640625,1268028,0.0,0.0,HEROMOTOCO.NS,953
2023-11-03 00:00:00+05:30,2824.884167147272,2847.959351289351,2813.0261081421636,2828.9130859375,411691,0.0,0.0,HEROMOTOCO.NS,954
2023-11-06 00:00:00+05:30,2847.775868738697,2907.5242209686653,2834.6815491327425,2899.878173828125,850503,0.0,0.0,HEROMOTOCO.NS,955
2023-11-07 00:00:00+05:30,2907.249368306271,2912.972390347991,2858.123036522367,2866.318359375,355269,0.0,0.0,HEROMOTOCO.NS,956
2023-11-08 00:00:00+05:30,2893.8346818036157,2899.4202171593433,2863.2051126771958,2868.012451171875,459324,0.0,0.0,HEROMOTOCO.NS,957
2023-11-09 00:00:00+05:30,2879.824677426526,2926.5245370604694,2870.667842204184,2906.287841796875,604807,0.0,0.0,HEROMOTOCO.NS,958
2023-11-10 00:00:00+05:30,2906.242427296753,2911.0039372139145,2834.1779505205404,2843.380615234375,820659,0.0,0.0,HEROMOTOCO.NS,959
2023-11-13 00:00:00+05:30,2840.5421133517316,2872.4535518736748,2840.5421133517316,2855.833984375,386501,0.0,0.0,HEROMOTOCO.NS,960
2023-11-15 00:00:00+05:30,2879.778906673881,2913.3388425745725,2866.181140227531,2909.905029296875,570652,0.0,0.0,HEROMOTOCO.NS,961
2023-11-16 00:00:00+05:30,2917.36771267171,3020.8399510684153,2910.1339022414163,3003.48779296875,963718,0.0,0.0,HEROMOTOCO.NS,962
2023-11-17 00:00:00+05:30,3012.324577109765,3084.7552460942798,3003.488318962139,3053.576171875,947293,0.0,0.0,HEROMOTOCO.NS,963
2023-11-20 00:00:00+05:30,3073.949694345445,3084.022213451135,3036.040484588072,3064.19775390625,677714,0.0,0.0,HEROMOTOCO.NS,964
2023-11-21 00:00:00+05:30,3072.0726378437466,3108.7458106003814,3049.2722057095816,3091.8056640625,742294,0.0,0.0,HEROMOTOCO.NS,965
2023-11-22 00:00:00+05:30,3101.420557246526,3138.688837507342,3084.7551593412013,3125.77783203125,775145,0.0,0.0,HEROMOTOCO.NS,966
2023-11-23 00:00:00+05:30,3131.5919400488483,3274.4844040122266,3131.5919400488483,3267.158935546875,1726414,0.0,0.0,HEROMOTOCO.NS,967
2023-11-24 00:00:00+05:30,3267.1589470594768,3277.9640577950563,3234.8811015202823,3249.394775390625,514405,0.0,0.0,HEROMOTOCO.NS,968
2023-11-28 00:00:00+05:30,3259.8333345915585,3322.099814016341,3255.300745873952,3316.605712890625,659645,0.0,0.0,HEROMOTOCO.NS,969
2023-11-29 00:00:00+05:30,3328.5097093938725,3468.7465558708727,3319.9938076546014,3430.974609375,1561256,0.0,0.0,HEROMOTOCO.NS,970
2023-11-30 00:00:00+05:30,3479.5976865821394,3556.9729509285053,3463.2984737601937,3497.04150390625,2909100,0.0,0.0,HEROMOTOCO.NS,971
2023-12-01 00:00:00+05:30,3534.538571621509,3539.1169894603972,3424.9771221591436,3442.97021484375,1060628,0.0,0.0,HEROMOTOCO.NS,972
2023-12-04 00:00:00+05:30,3552.8522164516735,3552.8522164516735,3464.946594601323,3476.942138671875,1018705,0.0,0.0,HEROMOTOCO.NS,973
2023-12-05 00:00:00+05:30,3477.766332906802,3502.4897902497414,3460.4600021889714,3485.778564453125,713163,0.0,0.0,HEROMOTOCO.NS,974
2023-12-06 00:00:00+05:30,3466.045554516319,3502.489806891295,3415.087851061814,3443.931884765625,672675,0.0,0.0,HEROMOTOCO.NS,975
2023-12-07 00:00:00+05:30,3461.283830333635,3490.5398751408197,3444.1605926036773,3454.553466796875,500651,0.0,0.0,HEROMOTOCO.NS,976
2023-12-08 00:00:00+05:30,3468.6093087701,3481.520536326868,3381.069871428548,3402.451171875,779332,0.0,0.0,HEROMOTOCO.NS,977
2023-12-11 00:00:00+05:30,3402.451041735451,3414.263269729201,3372.4624064352192,3392.286865234375,451738,0.0,0.0,HEROMOTOCO.NS,978
2023-12-12 00:00:00+05:30,3413.668119376667,3474.0574020456256,3401.9931546443568,3431.203369140625,598126,0.0,0.0,HEROMOTOCO.NS,979
2023-12-13 00:00:00+05:30,3424.6567126790396,3543.695582371092,3419.8952026024717,3537.560546875,1355603,0.0,0.0,HEROMOTOCO.NS,980
2023-12-14 00:00:00+05:30,3551.0208132929074,3576.568294961679,3514.851313002792,3556.1943359375,1067427,0.0,0.0,HEROMOTOCO.NS,981
2023-12-15 00:00:00+05:30,3606.8775585173407,3607.793242081321,3558.483592738773,3568.0068359375,924599,0.0,0.0,HEROMOTOCO.NS,982
2023-12-18 00:00:00+05:30,3571.166275096006,3615.668590407896,3556.8359152348403,3561.780517578125,725829,0.0,0.0,HEROMOTOCO.NS,983
2023-12-19 00:00:00+05:30,3582.8865978098183,3584.717964888687,3479.551620962432,3499.605224609375,560186,0.0,0.0,HEROMOTOCO.NS,984
2023-12-20 00:00:00+05:30,3529.456602949206,3576.568479399899,3469.2962352146315,3493.790771484375,595832,0.0,0.0,HEROMOTOCO.NS,985
2023-12-21 00:00:00+05:30,3456.751579683945,3541.772671765411,3435.6908559042927,3525.519287109375,410786,0.0,0.0,HEROMOTOCO.NS,986
2023-12-22 00:00:00+05:30,3543.6955882671314,3611.4561757430406,3525.519179096298,3603.85595703125,573168,0.0,0.0,HEROMOTOCO.NS,987
2023-12-26 00:00:00+05:30,3616.9042514664725,3735.073260195285,3603.3064846647985,3724.4970703125,1149831,0.0,0.0,HEROMOTOCO.NS,988
2023-12-27 00:00:00+05:30,3721.3382873081537,3751.510241882634,3682.8795746932565,3721.613037109375,683058,0.0,0.0,HEROMOTOCO.NS,989
2023-12-28 00:00:00+05:30,3721.6127844378125,3835.798481095182,3712.318462053554,3821.37646484375,1714818,0.0,0.0,HEROMOTOCO.NS,990
2023-12-29 00:00:00+05:30,3823.89491422183,3839.827720275523,3764.8789242610846,3790.51806640625,383687,0.0,0.0,HEROMOTOCO.NS,991
2024-01-01 00:00:00+05:30,3790.5179301363246,3828.839378851434,3740.5675677758427,3771.28857421875,392408,0.0,0.0,HEROMOTOCO.NS,992
2024-01-02 00:00:00+05:30,3767.1678449499764,3771.655052170745,3685.809493183984,3743.49755859375,507848,0.0,0.0,HEROMOTOCO.NS,993
2024-01-03 00:00:00+05:30,3662.7342843712436,3719.460836889331,3636.820394598205,3653.440185546875,896596,0.0,0.0,HEROMOTOCO.NS,994
2024-01-04 00:00:00+05:30,3660.4450757968216,3668.365649265315,3598.499171628637,3614.1572265625,630734,0.0,0.0,HEROMOTOCO.NS,995
2024-01-05 00:00:00+05:30,3626.107037274044,3696.6146741099283,3620.384014803599,3653.852294921875,593042,0.0,0.0,HEROMOTOCO.NS,996
2024-01-08 00:00:00+05:30,3676.377951567095,3708.5185349589647,3656.8282410778716,3671.433349609375,508360,0.0,0.0,HEROMOTOCO.NS,997
2024-01-09 00:00:00+05:30,3706.6413586091994,3798.9423095703123,3691.212224187851,3765.748779296875,1043602,0.0,0.0,HEROMOTOCO.NS,998
2024-01-10 00:00:00+05:30,3748.991695965813,3824.810341655884,3741.5747930468615,3789.144287109375,511944,0.0,0.0,HEROMOTOCO.NS,999
2024-01-11 00:00:00+05:30,3822.978595330663,4024.4289644259316,3811.074709884125,3976.0810546875,2133475,0.0,0.0,HEROMOTOCO.NS,1000
2024-01-12 00:00:00+05:30,3884.9248269556483,4024.429308917952,3884.9248269556483,4013.578369140625,905401,0.0,0.0,HEROMOTOCO.NS,1001
2024-01-15 00:00:00+05:30,4013.578706673104,4041.415400249697,3971.457258714356,4003.735107421875,490217,0.0,0.0,HEROMOTOCO.NS,1002
2024-01-16 00:00:00+05:30,3974.15862146812,4074.792163223016,3974.15862146812,4014.9521484375,972808,0.0,0.0,HEROMOTOCO.NS,1003
2024-01-17 00:00:00+05:30,3979.5608473930797,4056.478268281487,3974.9824294830555,4002.315673828125,443836,0.0,0.0,HEROMOTOCO.NS,1004
2024-01-18 00:00:00+05:30,3968.5728975902866,4039.6756428468484,3934.6009451083887,4023.513916015625,570816,0.0,0.0,HEROMOTOCO.NS,1005
2024-01-19 00:00:00+05:30,4024.4295554901023,4066.4137393649416,4005.2001992522655,4028.779052734375,383901,0.0,0.0,HEROMOTOCO.NS,1006
2024-01-23 00:00:00+05:30,4030.5185960391627,4175.517182352965,4030.5185960391627,4069.481201171875,1399043,0.0,0.0,HEROMOTOCO.NS,1007
2024-01-24 00:00:00+05:30,4055.562717267347,4078.0886235432163,3947.420393275403,4059.820556640625,596736,0.0,0.0,HEROMOTOCO.NS,1008
2024-01-25 00:00:00+05:30,4073.738774138928,4102.307832094361,4009.3203481870833,4067.603515625,664356,0.0,0.0,HEROMOTOCO.NS,1009
2024-01-29 00:00:00+05:30,4072.960426417764,4235.036414609299,4053.1359670018687,4206.1923828125,418127,0.0,0.0,HEROMOTOCO.NS,1010
2024-01-30 00:00:00+05:30,4236.868133470243,4268.917060349746,4193.876608425995,4201.47705078125,709726,0.0,0.0,HEROMOTOCO.NS,1011
2024-01-31 00:00:00+05:30,4182.3849207506355,4245.933274349774,4137.195844828343,4231.87744140625,645505,0.0,0.0,HEROMOTOCO.NS,1012
2024-02-01 00:00:00+05:30,4232.015235827103,4320.058127933074,4189.2526312169975,4199.96630859375,660378,0.0,0.0,HEROMOTOCO.NS,1013
2024-02-02 00:00:00+05:30,4210.313321250426,4367.16974787143,4203.033457563874,4319.55419921875,994506,0.0,0.0,HEROMOTOCO.NS,1014
2024-02-05 00:00:00+05:30,4322.026322224176,4371.793812199974,4303.712651367294,4346.42919921875,425966,0.0,0.0,HEROMOTOCO.NS,1015
2024-02-06 00:00:00+05:30,4346.337870149747,4387.955869163965,4333.930536050302,4380.126953125,261001,0.0,0.0,HEROMOTOCO.NS,1016
2024-02-07 00:00:00+05:30,4386.123777234106,4411.076151540918,4331.3200326829865,4389.19140625,265821,0.0,0.0,HEROMOTOCO.NS,1017
2024-02-08 00:00:00+05:30,4391.572985851843,4417.898889625123,4362.682899705265,4402.51513671875,444060,0.0,0.0,HEROMOTOCO.NS,1018
2024-02-09 00:00:00+05:30,4431.908706820878,4508.826130658265,4388.047550983453,4494.95361328125,718094,0.0,0.0,HEROMOTOCO.NS,1019
2024-02-12 00:00:00+05:30,4531.762937514954,4531.762937514954,4237.370712358704,4292.26611328125,1321957,0.0,0.0,HEROMOTOCO.NS,1020
2024-02-13 00:00:00+05:30,4329.352045979614,4422.6145097425815,4309.4815330831825,4344.7353515625,938269,0.0,0.0,HEROMOTOCO.NS,1021
2024-02-14 00:00:00+05:30,4310.122733202599,4418.173398704597,4268.092945111761,4408.146484375,735284,0.0,0.0,HEROMOTOCO.NS,1022
2024-02-15 00:00:00+05:30,4422.935053656845,4445.460512273766,4383.422949073787,4410.80224609375,530347,0.0,0.0,HEROMOTOCO.NS,1023
2024-02-16 00:00:00+05:30,4422.75209043205,4505.163620067429,4422.75209043205,4481.63037109375,848705,0.0,0.0,HEROMOTOCO.NS,1024
2024-02-19 00:00:00+05:30,4513.35882075125,4527.139679969813,4435.434057630515,4443.4462890625,524294,0.0,0.0,HEROMOTOCO.NS,1025
2024-02-20 00:00:00+05:30,4443.446446272589,4470.367455414305,4260.675905375412,4270.1533203125,1153742,0.0,0.0,HEROMOTOCO.NS,1026
2024-02-21 00:00:00+05:30,4299.441526366307,4323.116263839468,4218.358920224266,4243.48388671875,1112050,100.0,0.0,HEROMOTOCO.NS,1027
2024-02-22 00:00:00+05:30,4266.971317271946,4284.609830654743,4155.336122492168,4206.33447265625,1441798,0.0,0.0,HEROMOTOCO.NS,1028
2024-02-23 00:00:00+05:30,4243.624286148317,4309.08015112052,4196.930474138974,4228.88623046875,819122,0.0,0.0,HEROMOTOCO.NS,1029
2024-02-26 00:00:00+05:30,4233.28434909784,4238.945451097865,4182.9407492860055,4207.2236328125,605090,0.0,0.0,HEROMOTOCO.NS,1030
2024-02-27 00:00:00+05:30,4212.557516661777,4228.652593119037,4124.784383816932,4145.41748046875,830187,0.0,0.0,HEROMOTOCO.NS,1031
2024-02-28 00:00:00+05:30,4154.728539920639,4172.69511637039,4069.621924565639,4093.951416015625,569688,0.0,0.0,HEROMOTOCO.NS,1032
2024-02-29 00:00:00+05:30,4097.647596065599,4167.828817738337,4070.510857018807,4142.095703125,1548190,0.0,0.0,HEROMOTOCO.NS,1033
2024-03-01 00:00:00+05:30,4173.349526208332,4234.266916207836,4164.085696602182,4217.51708984375,510674,0.0,0.0,HEROMOTOCO.NS,1034
2024-03-04 00:00:00+05:30,4295.043931182024,4332.520518780674,4269.825297450587,4315.396484375,570306,0.0,0.0,HEROMOTOCO.NS,1035
2024-03-05 00:00:00+05:30,4315.349708507991,4346.323112777011,4278.107055836202,4295.0908203125,442519,0.0,0.0,HEROMOTOCO.NS,1036
2024-03-06 00:00:00+05:30,4285.733209847074,4350.299932877521,4244.653893387761,4337.47998046875,353334,0.0,0.0,HEROMOTOCO.NS,1037
2024-03-07 00:00:00+05:30,4351.235636294108,4401.766114651072,4323.911565233786,4353.94921875,684934,0.0,0.0,HEROMOTOCO.NS,1038
2024-03-11 00:00:00+05:30,4398.023034306677,4421.416773850861,4304.962555636321,4371.54150390625,644170,0.0,0.0,HEROMOTOCO.NS,1039
2024-03-12 00:00:00+05:30,4366.48793183395,4395.215625713009,4335.327654657946,4359.5634765625,312738,0.0,0.0,HEROMOTOCO.NS,1040
2024-03-13 00:00:00+05:30,4347.4925790363395,4385.624374687594,4188.929628834585,4222.19580078125,700123,0.0,0.0,HEROMOTOCO.NS,1041
2024-03-14 00:00:00+05:30,4168.764225827764,4381.3196437381785,4168.764225827764,4374.90966796875,708629,0.0,0.0,HEROMOTOCO.NS,1042
2024-03-15 00:00:00+05:30,4355.914311551414,4380.103529668678,4211.4812719444935,4290.6923828125,1278695,0.0,0.0,HEROMOTOCO.NS,1043
2024-03-18 00:00:00+05:30,4267.485859765014,4288.072350043454,4236.652729061672,4261.5908203125,232124,0.0,0.0,HEROMOTOCO.NS,1044
2024-03-19 00:00:00+05:30,4261.403361434882,4302.202132342048,4219.856173666977,4249.9404296875,388757,0.0,0.0,HEROMOTOCO.NS,1045
2024-03-20 00:00:00+05:30,4250.174080114733,4294.107700364296,4192.157613147073,4220.6513671875,418716,0.0,0.0,HEROMOTOCO.NS,1046
2024-03-21 00:00:00+05:30,4236.887448679581,4252.982526814202,4159.594886436775,4229.4951171875,633619,0.0,0.0,HEROMOTOCO.NS,1047
2024-03-22 00:00:00+05:30,4247.180240410704,4432.037854072734,4227.342622388285,4383.05126953125,902115,0.0,0.0,HEROMOTOCO.NS,1048
2024-03-26 00:00:00+05:30,4383.051329768468,4420.995795045454,4335.8425774944435,4371.02685546875,551123,0.0,0.0,HEROMOTOCO.NS,1049
2024-03-27 00:00:00+05:30,4390.537193010858,4396.15169070013,4267.018243846869,4278.76171875,693528,0.0,0.0,HEROMOTOCO.NS,1050
2024-03-28 00:00:00+05:30,4308.191618267301,4444.811074450408,4288.728207273321,4418.890625,1086607,0.0,0.0,HEROMOTOCO.NS,1051
2024-04-01 00:00:00+05:30,4435.452927215189,4472.648972332659,4362.558127662371,4380.009765625,664163,0.0,0.0,HEROMOTOCO.NS,1052
2024-04-02 00:00:00+05:30,4351.236146646257,4384.408656592369,4231.460183899865,4267.76708984375,1342779,0.0,0.0,HEROMOTOCO.NS,1053
2024-04-03 00:00:00+05:30,4290.318428354203,4307.489525611193,4235.670740819869,4264.3984375,681469,0.0,0.0,HEROMOTOCO.NS,1054
2024-04-04 00:00:00+05:30,4290.412204920176,4295.090953235247,4176.016808616688,4232.34912109375,1378250,0.0,0.0,HEROMOTOCO.NS,1055
2024-04-05 00:00:00+05:30,4192.625664846048,4272.258039249462,4181.256399721223,4234.1728515625,605460,0.0,0.0,HEROMOTOCO.NS,1056
2024-04-08 00:00:00+05:30,4248.302902048877,4312.729349114823,4234.360325316014,4299.86279296875,711580,0.0,0.0,HEROMOTOCO.NS,1057
2024-04-09 00:00:00+05:30,4318.484455169634,4372.991870015491,4215.5519979499895,4231.17919921875,945922,0.0,0.0,HEROMOTOCO.NS,1058
2024-04-10 00:00:00+05:30,4259.251434839098,4259.251434839098,4188.321344381722,4206.1005859375,515061,0.0,0.0,HEROMOTOCO.NS,1059
2024-04-12 00:00:00+05:30,4219.294866779303,4232.20802825203,4146.30639935664,4155.4765625,438331,0.0,0.0,HEROMOTOCO.NS,1060
2024-04-15 00:00:00+05:30,4145.37094305414,4155.242919082686,4088.2436097740742,4099.70654296875,645166,0.0,0.0,HEROMOTOCO.NS,1061
2024-04-16 00:00:00+05:30,4064.8960180832023,4160.7637416047555,4012.5406483463794,4045.151611328125,719918,0.0,0.0,HEROMOTOCO.NS,1062
2024-04-18 00:00:00+05:30,4077.9967648910683,4116.034894824742,3959.718106598191,3978.152099609375,1103254,0.0,0.0,HEROMOTOCO.NS,1063
2024-04-19 00:00:00+05:30,3978.105230024759,3978.105230024759,3900.344351906112,3942.968017578125,674079,0.0,0.0,HEROMOTOCO.NS,1064
2024-04-22 00:00:00+05:30,3967.437826037124,4056.4743044520123,3936.6046955614997,4034.8583984375,619635,0.0,0.0,HEROMOTOCO.NS,1065
2024-04-23 00:00:00+05:30,4059.2818101193193,4088.196381700335,4011.464913643677,4065.878662109375,547228,0.0,0.0,HEROMOTOCO.NS,1066
2024-04-24 00:00:00+05:30,4079.867857816451,4122.304189416582,4056.567786432269,4111.0751953125,658601,0.0,0.0,HEROMOTOCO.NS,1067
2024-04-25 00:00:00+05:30,4118.233973599835,4224.909427585379,4086.3248209820113,4209.2822265625,1103462,0.0,0.0,HEROMOTOCO.NS,1068
2024-04-26 00:00:00+05:30,4220.464332727421,4249.051298207247,4179.478685930897,4203.0126953125,497777,0.0,0.0,HEROMOTOCO.NS,1069
2024-04-29 00:00:00+05:30,4238.946022562345,4238.946022562345,4159.9688414708025,4171.29150390625,590104,0.0,0.0,HEROMOTOCO.NS,1070
2024-04-30 00:00:00+05:30,4178.121669905718,4293.406195274535,4178.121669905718,4251.15673828125,828084,0.0,0.0,HEROMOTOCO.NS,1071
2024-05-02 00:00:00+05:30,4327.841480559951,4327.841480559951,4258.876558960209,4268.42138671875,808478,0.0,0.0,HEROMOTOCO.NS,1072
2024-05-03 00:00:00+05:30,4283.393197813993,4285.6859667784665,4226.640083854997,4260.2333984375,347594,0.0,0.0,HEROMOTOCO.NS,1073
2024-05-06 00:00:00+05:30,4278.20038747954,4288.259695258649,4178.589663963756,4219.99658203125,241049,0.0,0.0,HEROMOTOCO.NS,1074
2024-05-07 00:00:00+05:30,4237.963501315704,4243.110124319278,4147.4297239346515,4189.1171875,456294,0.0,0.0,HEROMOTOCO.NS,1075
2024-05-08 00:00:00+05:30,4203.995436758109,4362.464726205747,4131.00696643549,4317.455078125,1313834,0.0,0.0,HEROMOTOCO.NS,1076
2024-05-09 00:00:00+05:30,4355.91414574861,4605.759275053632,4336.123134191072,4458.7529296875,3589872,0.0,0.0,HEROMOTOCO.NS,1077
2024-05-10 00:00:00+05:30,4480.931001936154,4636.031511150618,4468.017382227183,4564.025390625,1520297,0.0,0.0,HEROMOTOCO.NS,1078
2024-05-13 00:00:00+05:30,4592.659128892343,4594.4840234125295,4426.657237905458,4571.6513671875,624906,0.0,0.0,HEROMOTOCO.NS,1079
2024-05-14 00:00:00+05:30,4599.114895384585,4726.470487325668,4589.897671890319,4719.40576171875,1335266,0.0,0.0,HEROMOTOCO.NS,1080
2024-05-15 00:00:00+05:30,4733.021418413011,4775.130149893554,4698.1647462430055,4732.3662109375,882851,0.0,0.0,HEROMOTOCO.NS,1081
2024-05-16 00:00:00+05:30,4739.5254189836105,4823.742888309033,4717.769239407876,4811.0166015625,1296732,0.0,0.0,HEROMOTOCO.NS,1082
2024-05-17 00:00:00+05:30,4805.07443621517,4836.515715728779,4746.917687049596,4762.21728515625,609690,0.0,0.0,HEROMOTOCO.NS,1083
2024-05-21 00:00:00+05:30,4748.92919615257,4793.6578440443645,4706.118652167549,4729.13818359375,480490,0.0,0.0,HEROMOTOCO.NS,1084
2024-05-22 00:00:00+05:30,4725.535580283484,4742.3324687235345,4645.9968625955435,4674.95849609375,422368,0.0,0.0,HEROMOTOCO.NS,1085
2024-05-23 00:00:00+05:30,4678.74811266948,4824.2105742559725,4644.1719813532545,4814.619140625,644911,0.0,0.0,HEROMOTOCO.NS,1086
2024-05-24 00:00:00+05:30,4777.095157330244,4864.166470891217,4753.654356769711,4789.44677734375,458258,0.0,0.0,HEROMOTOCO.NS,1087
2024-05-27 00:00:00+05:30,4796.651981635884,4799.271897496689,4725.535018974096,4757.2568359375,380940,0.0,0.0,HEROMOTOCO.NS,1088
2024-05-28 00:00:00+05:30,4758.240182740049,4889.29173342451,4720.856802895054,4850.87939453125,727224,0.0,0.0,HEROMOTOCO.NS,1089
2024-05-29 00:00:00+05:30,4838.807007674429,4867.908906933261,4777.983293461944,4813.26123046875,409279,0.0,0.0,HEROMOTOCO.NS,1090
2024-05-30 00:00:00+05:30,4799.459518670294,4853.686388723204,4767.363491355816,4806.009765625,457454,0.0,0.0,HEROMOTOCO.NS,1091
2024-05-31 00:00:00+05:30,4842.504008844685,4856.4936476338235,4682.022958116789,4790.66357421875,1905070,0.0,0.0,HEROMOTOCO.NS,1092
2024-06-03 00:00:00+05:30,4940.757703562402,4972.573188774735,4823.414799484588,4829.029296875,962485,0.0,0.0,HEROMOTOCO.NS,1093
2024-06-04 00:00:00+05:30,4833.146458441711,5005.324376806333,4604.121754530073,4969.4853515625,1945233,0.0,0.0,HEROMOTOCO.NS,1094
2024-06-05 00:00:00+05:30,4973.508986152608,5404.141122900662,4973.508986152608,5294.93896484375,2058534,0.0,0.0,HEROMOTOCO.NS,1095
2024-06-06 00:00:00+05:30,5291.757796868866,5366.945370635748,5120.749552862966,5178.67236328125,1498100,0.0,0.0,HEROMOTOCO.NS,1096
2024-06-07 00:00:00+05:30,5225.13197105655,5275.194573420571,5182.181156858747,5223.2138671875,637134,0.0,0.0,HEROMOTOCO.NS,1097
2024-06-10 00:00:00+05:30,5226.1613626034705,5413.311277110309,5222.464969028372,5354.54638671875,1018162,0.0,0.0,HEROMOTOCO.NS,1098
2024-06-11 00:00:00+05:30,5361.845076309027,5470.766235692045,5338.451336883595,5414.80859375,1015127,0.0,0.0,HEROMOTOCO.NS,1099
2024-06-12 00:00:00+05:30,5427.347408952188,5482.556632594978,5405.450960787518,5418.17724609375,668529,0.0,0.0,HEROMOTOCO.NS,1100
2024-06-13 00:00:00+05:30,5446.250155411118,5464.777815240285,5362.781106017479,5442.31982421875,547596,0.0,0.0,HEROMOTOCO.NS,1101
2024-06-14 00:00:00+05:30,5448.869741167706,5487.937285679771,5391.414809003613,5431.27783203125,573273,0.0,0.0,HEROMOTOCO.NS,1102
2024-06-18 00:00:00+05:30,5449.805131592043,5515.822076581527,5368.114382352187,5385.09814453125,527069,0.0,0.0,HEROMOTOCO.NS,1103
2024-06-19 00:00:00+05:30,5403.766412149822,5408.445159980841,5263.591309896088,5284.8330078125,447054,0.0,0.0,HEROMOTOCO.NS,1104
2024-06-20 00:00:00+05:30,5304.764386161042,5304.764386161042,5142.879708297952,5150.92724609375,840321,0.0,0.0,HEROMOTOCO.NS,1105
2024-06-21 00:00:00+05:30,5128.843770777926,5254.234222389719,5082.992038472121,5101.70703125,669719,0.0,0.0,HEROMOTOCO.NS,1106
2024-06-24 00:00:00+05:30,5043.690239254224,5178.438178855821,5043.690239254224,5169.501953125,464982,0.0,0.0,HEROMOTOCO.NS,1107
2024-06-25 00:00:00+05:30,5208.288288525834,5221.342177410567,5121.778517445376,5155.97998046875,1118588,0.0,0.0,HEROMOTOCO.NS,1108
2024-06-26 00:00:00+05:30,5173.7590527684015,5187.795295450898,5079.248352039588,5102.64208984375,384494,0.0,0.0,HEROMOTOCO.NS,1109
2024-06-27 00:00:00+05:30,5109.098700555678,5155.979842776505,5072.6981356971755,5132.7734375,874237,0.0,0.0,HEROMOTOCO.NS,1110
2024-06-28 00:00:00+05:30,5146.6226411940615,5245.110283555093,5101.80032811891,5221.1083984375,539635,0.0,0.0,HEROMOTOCO.NS,1111
2024-07-01 00:00:00+05:30,5235.518482156528,5360.253708449515,5226.1609871035225,5243.09814453125,1018344,0.0,0.0,HEROMOTOCO.NS,1112
2024-07-02 00:00:00+05:30,5305.700659593221,5309.443658294874,5146.623214772965,5209.412109375,689851,0.0,0.0,HEROMOTOCO.NS,1113
2024-07-03 00:00:00+05:30,5240.104287192089,5266.352338586904,5196.2643254311415,5221.2490234375,329072,0.0,0.0,HEROMOTOCO.NS,1114
2024-07-04 00:00:00+05:30,5234.583013081828,5243.893903921953,5175.2565826492855,5201.2236328125,676316,0.0,0.0,HEROMOTOCO.NS,1115
2024-07-05 00:00:00+05:30,5201.223381810946,5237.390009001232,5036.765405380364,5200.9423828125,613329,0.0,0.0,HEROMOTOCO.NS,1116
2024-07-08 00:00:00+05:30,5208.054424818267,5268.2700001269095,5134.972293114998,5148.400390625,478557,0.0,0.0,HEROMOTOCO.NS,1117
2024-07-09 00:00:00+05:30,5170.06279688737,5239.682927970686,5151.3478061464675,5230.04443359375,570084,0.0,0.0,HEROMOTOCO.NS,1118
2024-07-10 00:00:00+05:30,5235.518948902314,5286.985176282051,5119.111791447032,5154.810546875,354244,0.0,0.0,HEROMOTOCO.NS,1119
2024-07-11 00:00:00+05:30,5174.695584638656,5203.2359490747285,5149.430343990331,5171.1865234375,491353,0.0,0.0,HEROMOTOCO.NS,1120
2024-07-12 00:00:00+05:30,5178.344532748853,5240.197671647777,5151.441732202447,5190.50927734375,265681,0.0,0.0,HEROMOTOCO.NS,1121
2024-07-15 00:00:00+05:30,5190.60330366175,5276.692271380676,5173.385601499766,5246.14013671875,249438,0.0,0.0,HEROMOTOCO.NS,1122
2024-07-16 00:00:00+05:30,5256.105155493954,5295.4066360940515,5204.638930898589,5219.70458984375,336316,0.0,0.0,HEROMOTOCO.NS,1123
2024-07-18 00:00:00+05:30,5189.199415610197,5219.61127766183,5069.049258148004,5148.681640625,841644,0.0,0.0,HEROMOTOCO.NS,1124
2024-07-19 00:00:00+05:30,5165.2911618944445,5172.589825974975,5025.911076895951,5078.96826171875,370397,0.0,0.0,HEROMOTOCO.NS,1125
2024-07-22 00:00:00+05:30,5073.634618163904,5137.265594562861,5043.690629270277,5112.140625,415035,0.0,0.0,HEROMOTOCO.NS,1126
2024-07-23 00:00:00+05:30,5132.586290876082,5296.202191366294,4987.264568266274,5159.3017578125,908996,0.0,0.0,HEROMOTOCO.NS,1127
2024-07-24 00:00:00+05:30,5158.78687612838,5158.78687612838,5057.725932427697,5069.65673828125,723617,0.0,0.0,HEROMOTOCO.NS,1128
2024-07-25 00:00:00+05:30,5053.983648561137,5100.115921615735,5009.0676672371355,5056.04248046875,438831,0.0,0.0,HEROMOTOCO.NS,1129
2024-07-26 00:00:00+05:30,5062.4048794438395,5189.854146233341,5050.567739453176,5126.8779296875,517306,0.0,0.0,HEROMOTOCO.NS,1130
2024-07-29 00:00:00+05:30,5151.535548275918,5177.174996247057,5050.521194959416,5075.83349609375,418301,0.0,0.0,HEROMOTOCO.NS,1131
2024-07-30 00:00:00+05:30,5104.514168524527,5191.538883038327,5062.9669768481235,5094.50146484375,412385,0.0,0.0,HEROMOTOCO.NS,1132
2024-07-31 00:00:00+05:30,5102.548769845431,5180.449922020818,5057.913789230864,5135.81494140625,870466,0.0,0.0,HEROMOTOCO.NS,1133
2024-08-01 00:00:00+05:30,5172.576752536752,5172.576752536752,5019.825010230653,5063.60986328125,868140,40.0,0.0,HEROMOTOCO.NS,1134
2024-08-02 00:00:00+05:30,5019.4483584874115,5065.731063573277,4935.979593833317,4971.5634765625,402666,0.0,0.0,HEROMOTOCO.NS,1135
2024-08-05 00:00:00+05:30,4882.81613523974,4945.924697175477,4829.039874905655,4886.4453125,439371,0.0,0.0,HEROMOTOCO.NS,1136
2024-08-06 00:00:00+05:30,4901.856784913508,4953.55955369375,4862.031113231839,4876.92431640625,552856,0.0,0.0,HEROMOTOCO.NS,1137
2024-08-07 00:00:00+05:30,4929.899553516321,5009.786549149306,4923.489925582688,4940.40966796875,515480,0.0,0.0,HEROMOTOCO.NS,1138
2024-08-08 00:00:00+05:30,4934.612826817128,4950.637357486829,4851.567961117343,4862.87939453125,243559,0.0,0.0,HEROMOTOCO.NS,1139
2024-08-09 00:00:00+05:30,4906.287309354299,4945.594264413247,4892.90192900718,4908.408203125,333635,0.0,0.0,HEROMOTOCO.NS,1140
2024-08-12 00:00:00+05:30,4915.5717287821435,5019.448576383747,4887.481853248775,5007.05322265625,569618,0.0,0.0,HEROMOTOCO.NS,1141
2024-08-13 00:00:00+05:30,5043.01398501543,5097.025894618741,4916.702980530931,4944.51025390625,1042924,0.0,0.0,HEROMOTOCO.NS,1142
2024-08-14 00:00:00+05:30,4977.0306163291325,4993.620810436242,4704.613599639905,4781.39013671875,2185163,0.0,0.0,HEROMOTOCO.NS,1143
2024-08-16 00:00:00+05:30,4826.211370427702,4844.074192320087,4731.996376464097,4833.8466796875,679493,0.0,0.0,HEROMOTOCO.NS,1144
2024-08-19 00:00:00+05:30,4853.5472928192285,4924.243747851554,4814.475534566012,4891.15771484375,714915,0.0,0.0,HEROMOTOCO.NS,1145
2024-08-20 00:00:00+05:30,4900.678315345861,5043.013846335903,4892.194740651091,4943.47314453125,962948,0.0,0.0,HEROMOTOCO.NS,1146
2024-08-21 00:00:00+05:30,4943.473584001771,5000.785125414977,4915.76066292121,4981.46142578125,612911,0.0,0.0,HEROMOTOCO.NS,1147
2024-08-22 00:00:00+05:30,4981.743817504597,5074.120524054351,4961.430552363559,5024.11474609375,761731,0.0,0.0,HEROMOTOCO.NS,1148
2024-08-23 00:00:00+05:30,5024.161419623649,5131.431323614576,5010.022128574052,5075.9111328125,757678,0.0,0.0,HEROMOTOCO.NS,1149
2024-08-26 00:00:00+05:30,5099.571095577485,5113.710386970029,5021.333683205409,5037.12255859375,553070,0.0,0.0,HEROMOTOCO.NS,1150
2024-08-27 00:00:00+05:30,5046.784492809347,5087.270181951346,5020.391148431562,5049.18798828125,672259,0.0,0.0,HEROMOTOCO.NS,1151
2024-08-28 00:00:00+05:30,5057.153401343127,5074.309259615209,4963.834074831856,5006.62890625,688591,0.0,0.0,HEROMOTOCO.NS,1152
2024-08-29 00:00:00+05:30,4995.8827656206395,5078.173254239569,4987.304837121333,5066.10791015625,516725,0.0,0.0,HEROMOTOCO.NS,1153
2024-08-30 00:00:00+05:30,5090.145183881474,5201.374282344069,5076.80721031343,5142.3662109375,1569946,0.0,0.0,HEROMOTOCO.NS,1154
2024-09-02 00:00:00+05:30,5217.398287435551,5306.051456344351,5200.431138533321,5258.11962890625,1054947,0.0,0.0,HEROMOTOCO.NS,1155
2024-09-03 00:00:00+05:30,5280.554409050407,5371.988500031823,5231.443841326261,5322.5009765625,805935,0.0,0.0,HEROMOTOCO.NS,1156
2024-09-04 00:00:00+05:30,5283.381518291593,5362.844146316844,5283.381518291593,5357.61279296875,532554,0.0,0.0,HEROMOTOCO.NS,1157
2024-09-05 00:00:00+05:30,5363.504494602271,5466.250011282701,5325.79971783881,5405.16845703125,817503,0.0,0.0,HEROMOTOCO.NS,1158
2024-09-06 00:00:00+05:30,5391.783684711643,5439.197262728819,5325.517716188483,5414.1708984375,683920,0.0,0.0,HEROMOTOCO.NS,1159
2024-09-09 00:00:00+05:30,5414.217418479769,5439.244241061543,5359.875499182988,5415.63134765625,469914,0.0,0.0,HEROMOTOCO.NS,1160
2024-09-10 00:00:00+05:30,5464.364899643854,5527.6617030562575,5333.576452201111,5344.36962890625,775935,0.0,0.0,HEROMOTOCO.NS,1161
2024-09-11 00:00:00+05:30,5371.0455210454575,5381.131733068538,5280.884064469144,5329.99462890625,592210,0.0,0.0,HEROMOTOCO.NS,1162
2024-09-12 00:00:00+05:30,5372.93100266886,5484.160100618847,5330.513126332,5470.162109375,855863,0.0,0.0,HEROMOTOCO.NS,1163
2024-09-13 00:00:00+05:30,5492.549445075074,5511.59054298538,5438.914487845539,5463.23388671875,332581,0.0,0.0,HEROMOTOCO.NS,1164
2024-09-16 00:00:00+05:30,5448.340033899067,5488.401357677737,5398.3812065986085,5447.82177734375,333195,0.0,0.0,HEROMOTOCO.NS,1165
2024-09-17 00:00:00+05:30,5467.192156833194,5641.529787387894,5432.880905005048,5619.142578125,1250736,0.0,0.0,HEROMOTOCO.NS,1166
2024-09-18 00:00:00+05:30,5641.859903037466,5793.292083020272,5587.942347677522,5622.4892578125,1446956,0.0,0.0,HEROMOTOCO.NS,1167
2024-09-19 00:00:00+05:30,5655.716769956074,5712.273937655636,5636.958734721735,5661.41943359375,532623,0.0,0.0,HEROMOTOCO.NS,1168
2024-09-20 00:00:00+05:30,5701.669043078372,5742.437331751757,5642.284021426966,5668.2060546875,993542,0.0,0.0,HEROMOTOCO.NS,1169
2024-09-23 00:00:00+05:30,5702.847542948764,5853.666651522616,5659.769650957001,5835.33251953125,887240,0.0,0.0,HEROMOTOCO.NS,1170
2024-09-24 00:00:00+05:30,5835.756702220878,5887.836424042506,5759.687132576966,5774.76904296875,631130,0.0,0.0,HEROMOTOCO.NS,1171
2024-09-25 00:00:00+05:30,5791.453793529116,5814.453615630427,5687.624355087454,5738.94970703125,341785,0.0,0.0,HEROMOTOCO.NS,1172
2024-09-26 00:00:00+05:30,5660.995648483259,5716.987153615199,5565.319771139163,5704.21484375,1255943,0.0,0.0,HEROMOTOCO.NS,1173
2024-09-27 00:00:00+05:30,5719.9087685145,5739.892023270765,5599.630443222998,5615.513671875,718197,0.0,0.0,HEROMOTOCO.NS,1174
2024-09-30 00:00:00+05:30,5552.028443468862,5552.028443468862,5363.97586715782,5384.619140625,1346723,0.0,0.0,HEROMOTOCO.NS,1175
2024-10-01 00:00:00+05:30,5384.619312246072,5461.537152248963,5339.939241886499,5420.15625,742940,0.0,0.0,HEROMOTOCO.NS,1176
2024-10-03 00:00:00+05:30,5404.366891087657,5404.366891087657,5299.40613152427,5337.81787109375,1219791,0.0,0.0,HEROMOTOCO.NS,1177
2024-10-04 00:00:00+05:30,5323.018842204794,5325.75280674922,5169.324928995647,5204.060546875,943922,0.0,0.0,HEROMOTOCO.NS,1178
2024-10-07 00:00:00+05:30,5250.343212192965,5286.634059791485,5124.1735110218,5185.86767578125,682783,0.0,0.0,HEROMOTOCO.NS,1179
2024-10-08 00:00:00+05:30,5148.5871274094525,5226.824537071661,5100.513538339903,5212.5439453125,473756,0.0,0.0,HEROMOTOCO.NS,1180
2024-10-09 00:00:00+05:30,5223.101253891951,5267.357420620455,5212.685493205282,5235.8740234375,439340,0.0,0.0,HEROMOTOCO.NS,1181
2024-10-10 00:00:00+05:30,5267.35728761162,5273.908676646986,5132.562711353843,5143.02587890625,579335,0.0,0.0,HEROMOTOCO.NS,1182
2024-10-11 00:00:00+05:30,5147.173203921515,5173.425246112312,5127.84950633331,5162.06640625,303034,0.0,0.0,HEROMOTOCO.NS,1183
2024-10-14 00:00:00+05:30,5188.177453867362,5255.1034348311305,5184.265675201737,5236.5810546875,407147,0.0,0.0,HEROMOTOCO.NS,1184
2024-10-15 00:00:00+05:30,5245.676975472018,5267.027212888244,5150.472415809363,5189.732421875,302887,0.0,0.0,HEROMOTOCO.NS,1185
2024-10-16 00:00:00+05:30,5189.732420818277,5202.316481893108,5077.890720775172,5088.4482421875,504211,0.0,0.0,HEROMOTOCO.NS,1186
2024-10-17 00:00:00+05:30,5055.314842087548,5055.314842087548,4807.358990422203,4918.06982421875,1947589,0.0,0.0,HEROMOTOCO.NS,1187
2024-10-18 00:00:00+05:30,4918.0698758372255,4985.184102367538,4850.766481054213,4916.8916015625,427617,0.0,0.0,HEROMOTOCO.NS,1188
2024-10-21 00:00:00+05:30,4916.891724947645,4952.381254940268,4793.266816730509,4941.44677734375,740720,0.0,0.0,HEROMOTOCO.NS,1189
2024-10-22 00:00:00+05:30,4961.006170543917,4971.751940232487,4859.203269837335,4878.8095703125,531833,0.0,0.0,HEROMOTOCO.NS,1190
2024-10-23 00:00:00+05:30,4878.809488506996,4977.030617758266,4826.729764713219,4850.43701171875,411524,0.0,0.0,HEROMOTOCO.NS,1191
2024-10-24 00:00:00+05:30,4863.963599126059,4931.031345206576,4801.326809093726,4820.17919921875,349453,0.0,0.0,HEROMOTOCO.NS,1192
2024-10-25 00:00:00+05:30,4826.211658781787,4849.494543662916,4595.2698899533625,4687.92919921875,709797,0.0,0.0,HEROMOTOCO.NS,1193
2024-10-28 00:00:00+05:30,4687.92922493736,4728.037959534427,4615.111870897075,4645.0400390625,419927,0.0,0.0,HEROMOTOCO.NS,1194
2024-10-29 00:00:00+05:30,4645.08733055304,4675.345506832282,4472.729272742516,4512.74365234375,953917,0.0,0.0,HEROMOTOCO.NS,1195
2024-10-30 00:00:00+05:30,4472.729368268889,4748.445562203272,4468.110624936003,4627.6015625,1039340,0.0,0.0,HEROMOTOCO.NS,1196
2024-10-31 00:00:00+05:30,4653.712115204063,4739.019173422812,4637.640638064892,4703.24658203125,897452,0.0,0.0,HEROMOTOCO.NS,1197
2024-11-01 00:00:00+05:30,4750.519375790544,4753.6298358371305,4722.66469518099,4732.4208984375,49631,0.0,0.0,HEROMOTOCO.NS,1198
2024-11-04 00:00:00+05:30,4833.281075538542,4833.281075538542,4455.29068815854,4530.27587890625,1676556,0.0,0.0,HEROMOTOCO.NS,1199
2024-11-05 00:00:00+05:30,4541.54019277623,4598.379957534395,4487.716533889284,4544.08544921875,673746,0.0,0.0,HEROMOTOCO.NS,1200
2024-11-06 00:00:00+05:30,4579.245366527305,4637.68777342823,4563.220835602858,4612.04833984375,602657,0.0,0.0,HEROMOTOCO.NS,1201
2024-11-07 00:00:00+05:30,4634.812891067262,4634.812891067262,4513.308875691653,4539.6552734375,373373,0.0,0.0,HEROMOTOCO.NS,1202
2024-11-08 00:00:00+05:30,4552.851953068726,4554.737191972688,4464.198777715265,4495.2578125,333494,0.0,0.0,HEROMOTOCO.NS,1203
2024-11-11 00:00:00+05:30,4489.696125361272,4511.517672045132,4446.853890259142,4484.51171875,424955,0.0,0.0,HEROMOTOCO.NS,1204
2024-11-12 00:00:00+05:30,4484.51209085698,4520.991648144932,4432.950622175709,4453.123046875,310558,0.0,0.0,HEROMOTOCO.NS,1205
2024-11-13 00:00:00+05:30,4422.440684438295,4427.248135940237,4234.246793345088,4260.26318359375,1304908,0.0,0.0,HEROMOTOCO.NS,1206
2024-11-14 00:00:00+05:30,4260.262836956906,4364.3279292208545,4210.6809632461245,4339.81982421875,889483,0.0,0.0,HEROMOTOCO.NS,1207
2024-11-18 00:00:00+05:30,4556.763836456257,4562.231305561432,4443.60255275084,4461.41796875,1783519,0.0,0.0,HEROMOTOCO.NS,1208
2024-11-19 00:00:00+05:30,4486.8215688987675,4575.42779589077,4462.831720145043,4501.76171875,704072,0.0,0.0,HEROMOTOCO.NS,1209
2024-11-21 00:00:00+05:30,4524.526733225831,4543.426070430026,4469.147836620486,4494.2685546875,572418,0.0,0.0,HEROMOTOCO.NS,1210
2024-11-22 00:00:00+05:30,4504.212896874032,4532.49148168648,4469.90163935428,4519.01220703125,394712,0.0,0.0,HEROMOTOCO.NS,1211
2024-11-25 00:00:00+05:30,4571.703787353271,4626.98831945076,4538.71211053732,4579.52734375,1174601,0.0,0.0,HEROMOTOCO.NS,1212
2024-11-26 00:00:00+05:30,4581.130834182169,4601.1614988378005,4525.563229773289,4561.05322265625,384827,0.0,0.0,HEROMOTOCO.NS,1213
2024-11-27 00:00:00+05:30,4564.16324516455,4612.613791443441,4534.565087341522,4591.73486328125,296689,0.0,0.0,HEROMOTOCO.NS,1214
2024-11-28 00:00:00+05:30,4613.17946599476,4628.214429929013,4486.962817038714,4509.02001953125,778790,0.0,0.0,HEROMOTOCO.NS,1215
2024-11-29 00:00:00+05:30,4523.44200457421,4528.768172644487,4460.569563806159,4488.47119140625,462448,0.0,0.0,HEROMOTOCO.NS,1216
2024-12-02 00:00:00+05:30,4461.889100637893,4504.778284979083,4425.221296627445,4475.9814453125,510429,0.0,0.0,HEROMOTOCO.NS,1217
2024-12-03 00:00:00+05:30,4477.442227502262,4509.491287657015,4420.885062523286,4427.4833984375,664696,0.0,0.0,HEROMOTOCO.NS,1218
2024-12-04 00:00:00+05:30,4435.071272188954,4453.876713529209,4350.659888104564,4369.84228515625,586762,0.0,0.0,HEROMOTOCO.NS,1219
2024-12-05 00:00:00+05:30,4388.8359161191,4409.620489735061,4325.114752775692,4377.8544921875,796988,0.0,0.0,HEROMOTOCO.NS,1220
2024-12-06 00:00:00+05:30,4389.7319063229515,4449.163879549278,4350.188835618627,4363.951171875,733835,0.0,0.0,HEROMOTOCO.NS,1221
2024-12-09 00:00:00+05:30,4372.765061747952,4392.2300630295995,4326.623651554644,4332.232421875,329145,0.0,0.0,HEROMOTOCO.NS,1222
2024-12-10 00:00:00+05:30,4336.049339150041,4350.141683607635,4299.947199409866,4325.0205078125,384707,0.0,0.0,HEROMOTOCO.NS,1223
2024-12-11 00:00:00+05:30,4323.088625255955,4387.281104417919,4323.088625255955,4383.60498046875,571443,0.0,0.0,HEROMOTOCO.NS,1224
2024-12-12 00:00:00+05:30,4383.6048780347,4392.748010693244,4281.377612881988,4295.28125,821540,0.0,0.0,HEROMOTOCO.NS,1225
2024-12-13 00:00:00+05:30,4295.281035891063,4320.024795630382,4241.787383883203,4312.908203125,552194,0.0,0.0,HEROMOTOCO.NS,1226
2024-12-16 00:00:00+05:30,4326.62290423104,4326.62290423104,4256.586469211251,4278.54931640625,835965,0.0,0.0,HEROMOTOCO.NS,1227
2024-12-17 00:00:00+05:30,4254.324232323297,4296.9777629646005,4143.378197840868,4161.75927734375,778939,0.0,0.0,HEROMOTOCO.NS,1228
2024-12-18 00:00:00+05:30,4146.064629585321,4175.709734598002,4121.320869466677,4137.5810546875,738092,0.0,0.0,HEROMOTOCO.NS,1229
2024-12-19 00:00:00+05:30,4081.1180316502387,4202.292043331703,4076.8292970731377,4154.0771484375,691740,0.0,0.0,HEROMOTOCO.NS,1230
2024-12-20 00:00:00+05:30,4154.076640733098,4205.5432904218305,4076.82879880984,4090.921142578125,800108,0.0,0.0,HEROMOTOCO.NS,1231
2024-12-23 00:00:00+05:30,4114.533483195119,4124.430986419299,4014.003221070755,4027.435546875,931177,0.0,0.0,HEROMOTOCO.NS,1232
2024-12-24 00:00:00+05:30,4027.435811342612,4067.4027825530284,4006.1325204751724,4014.71044921875,561434,0.0,0.0,HEROMOTOCO.NS,1233
2024-12-26 00:00:00+05:30,4024.9849009731356,4060.6631378740176,4011.4112734534447,4029.697998046875,375676,0.0,0.0,HEROMOTOCO.NS,1234
2024-12-27 00:00:00+05:30,4034.8821956945485,4099.121613427318,3985.912935531189,3994.77392578125,744900,0.0,0.0,HEROMOTOCO.NS,1235
2024-12-30 00:00:00+05:30,4008.725044410669,4028.755708614708,3929.0736973404905,3947.3134765625,1819173,0.0,0.0,HEROMOTOCO.NS,1236
2024-12-31 00:00:00+05:30,3923.55907972113,3975.4505562458207,3911.870690673965,3921.862548828125,492605,0.0,0.0,HEROMOTOCO.NS,1237
2025-01-01 00:00:00+05:30,3935.2472204430123,3956.173554874358,3893.0180561427446,3944.24951171875,329310,0.0,0.0,HEROMOTOCO.NS,1238
2025-01-02 00:00:00+05:30,3944.86216233112,4074.1423201144576,3908.1000059796474,4064.103515625,1062633,0.0,0.0,HEROMOTOCO.NS,1239
2025-01-03 00:00:00+05:30,4020.6962987734873,4053.074908522618,3923.606495866217,3999.628662109375,1269643,0.0,0.0,HEROMOTOCO.NS,1240
2025-01-06 00:00:00+05:30,4014.616019315621,4053.2634146647497,3947.454387154025,3961.640625,813031,0.0,0.0,HEROMOTOCO.NS,1241
2025-01-07 00:00:00+05:30,3959.095949278697,3982.425780108045,3916.866322770973,3923.22900390625,396158,0.0,0.0,HEROMOTOCO.NS,1242
2025-01-08 00:00:00+05:30,3956.17375695722,3956.17375695722,3864.7396720335005,3900.653564453125,438731,0.0,0.0,HEROMOTOCO.NS,1243
2025-01-09 00:00:00+05:30,3911.2581123426603,3925.444350979503,3876.3811926442186,3903.622802734375,340998,0.0,0.0,HEROMOTOCO.NS,1244
2025-01-10 00:00:00+05:30,3907.1573091276678,3925.067077251534,3851.919721703491,3885.665771484375,355269,0.0,0.0,HEROMOTOCO.NS,1245
2025-01-13 00:00:00+05:30,3864.7397449342775,3885.430425966787,3768.1212513109203,3811.623046875,801718,0.0,0.0,HEROMOTOCO.NS,1246
2025-01-14 00:00:00+05:30,3833.633257885082,3897.0244151491024,3824.9140280755328,3867.237548828125,242769,0.0,0.0,HEROMOTOCO.NS,1247
2025-01-15 00:00:00+05:30,3886.608662949929,3918.657723941565,3848.8564781826235,3875.956787109375,281045,0.0,0.0,HEROMOTOCO.NS,1248
2025-01-16 00:00:00+05:30,3930.723039393405,3935.4361365629416,3825.1024857977536,3840.325927734375,349664,0.0,0.0,HEROMOTOCO.NS,1249
2025-01-17 00:00:00+05:30,3842.116864362189,3888.3052172458365,3817.6087587504576,3862.8544921875,211342,0.0,0.0,HEROMOTOCO.NS,1250
2025-01-20 00:00:00+05:30,3881.2356552992915,3881.2356552992915,3813.4142306762615,3857.293212890625,254936,0.0,0.0,HEROMOTOCO.NS,1251
2025-01-21 00:00:00+05:30,3858.0469815748747,3882.649440805271,3779.903922706758,3793.854736328125,287082,0.0,0.0,HEROMOTOCO.NS,1252
2025-01-22 00:00:00+05:30,3795.9283146242324,3838.346187521697,3795.9283146242324,3822.9814453125,272889,0.0,0.0,HEROMOTOCO.NS,1253
2025-01-23 00:00:00+05:30,3822.9817269310697,3878.8791073599496,3794.043355315625,3865.06982421875,282745,0.0,0.0,HEROMOTOCO.NS,1254
2025-01-24 00:00:00+05:30,3869.4997899284485,3888.3052320652528,3809.2195522463517,3819.399658203125,216273,0.0,0.0,HEROMOTOCO.NS,1255
2025-01-27 00:00:00+05:30,3812.8953457134517,3840.985448922053,3770.477474129495,3785.51220703125,328160,0.0,0.0,HEROMOTOCO.NS,1256
2025-01-28 00:00:00+05:30,3789.3301924031935,3829.2030412003433,3770.477803386262,3795.31591796875,444089,0.0,0.0,HEROMOTOCO.NS,1257
2025-01-29 00:00:00+05:30,3804.412075112907,3878.6903031777397,3801.631393780084,3838.7705078125,479893,0.0,0.0,HEROMOTOCO.NS,1258
2025-01-30 00:00:00+05:30,3845.133059369159,3946.747478008175,3827.0819896822,3938.0751953125,807120,0.0,0.0,HEROMOTOCO.NS,1259
2025-01-31 00:00:00+05:30,3947.690157933666,4121.886043834551,3936.3787248163776,4090.1669921875,1056018,0.0,0.0,HEROMOTOCO.NS,1260
2025-02-01 00:00:00+05:30,4081.5418624799695,4263.420453598134,3992.9825887718544,4149.5517578125,1141242,0.0,0.0,HEROMOTOCO.NS,1261
2025-02-03 00:00:00+05:30,4166.37783502765,4175.804029224545,3985.583614436556,4040.679443359375,846135,0.0,0.0,HEROMOTOCO.NS,1262
2025-02-04 00:00:00+05:30,4075.8864372455873,4100.394542557425,3977.854015998237,3993.972900390625,554233,0.0,0.0,HEROMOTOCO.NS,1263
2025-02-05 00:00:00+05:30,3994.8212820150156,4043.8374940642793,3970.878839720557,4025.362060546875,408928,0.0,0.0,HEROMOTOCO.NS,1264
2025-02-06 00:00:00+05:30,4042.8945005749647,4085.924983003813,3974.9315515646194,3987.326904296875,576470,0.0,0.0,HEROMOTOCO.NS,1265
2025-02-07 00:00:00+05:30,4072.0691015617103,4072.0691015617103,3973.706669311441,4029.3681640625,1344288,0.0,0.0,HEROMOTOCO.NS,1266
2025-02-10 00:00:00+05:30,4059.201894445267,4073.01163739782,3930.8174033788673,3955.655517578125,779450,0.0,0.0,HEROMOTOCO.NS,1267
2025-02-11 00:00:00+05:30,3959.0016452922487,3995.7638034271054,3837.4037376154156,3851.118896484375,593081,0.0,0.0,HEROMOTOCO.NS,1268
2025-02-12 00:00:00+05:30,3871.8454271121914,3929.4352363374946,3821.6477278649922,3880.30029296875,619474,100.0,0.0,HEROMOTOCO.NS,1269
2025-02-13 00:00:00+05:30,3869.9129212961425,3889.335050544391,3812.0334191577017,3823.09716796875,557075,0.0,0.0,HEROMOTOCO.NS,1270
2025-02-14 00:00:00+05:30,3826.479251470701,3846.819291139417,3720.141143802397,3732.122802734375,475952,0.0,0.0,HEROMOTOCO.NS,1271
2025-02-17 00:00:00+05:30,3715.357935197997,3755.0715058812425,3630.905763274472,3745.69873046875,913565,0.0,0.0,HEROMOTOCO.NS,1272
2025-02-18 00:00:00+05:30,3749.129106114113,3760.627629371038,3681.490178941951,3710.96142578125,482022,0.0,0.0,HEROMOTOCO.NS,1273
2025-02-19 00:00:00+05:30,3711.34801721146,3767.3917024079715,3686.321707322262,3748.307861328125,453662,0.0,0.0,HEROMOTOCO.NS,1274
2025-02-20 00:00:00+05:30,3734.151806175919,3805.1726776350806,3725.455372936022,3777.24755859375,438563,0.0,0.0,HEROMOTOCO.NS,1275
2025-02-21 00:00:00+05:30,3768.4544414695583,3784.7361915597867,3699.510956235717,3722.6533203125,426337,0.0,0.0,HEROMOTOCO.NS,1276
2025-02-24 00:00:00+05:30,3710.3335056424908,3759.8548638539073,3671.9242570785145,3753.815673828125,272543,0.0,0.0,HEROMOTOCO.NS,1277
2025-02-25 00:00:00+05:30,3746.230191845776,3752.3177423049005,3688.3506915494727,3699.12451171875,661184,0.0,0.0,HEROMOTOCO.NS,1278
2025-02-27 00:00:00+05:30,3679.7025434350053,3681.7801663464465,3599.5988213317687,3632.741943359375,877741,0.0,0.0,HEROMOTOCO.NS,1279
2025-02-28 00:00:00+05:30,3619.2624277579744,3620.566751226765,3538.626975865343,3556.93798828125,995134,0.0,0.0,HEROMOTOCO.NS,1280
2025-03-03 00:00:00+05:30,3521.137575866811,3589.6944111818325,3494.9999152744786,3508.2861328125,691809,0.0,0.0,HEROMOTOCO.NS,1281
2025-03-04 00:00:00+05:30,3502.7299940973103,3517.127327848641,3377.1148494814065,3396.29541015625,946922,0.0,0.0,HEROMOTOCO.NS,1282
2025-03-05 00:00:00+05:30,3396.4404392116207,3487.8497129621346,3394.991033618785,3467.702880859375,611959,0.0,0.0,HEROMOTOCO.NS,1283
2025-03-06 00:00:00+05:30,3507.0784936113605,3534.6172006145084,3461.856990719756,3525.67919921875,654829,0.0,0.0,HEROMOTOCO.NS,1284
2025-03-07 00:00:00+05:30,3540.4145993754278,3607.763596292639,3502.7300553318573,3529.302490234375,621576,0.0,0.0,HEROMOTOCO.NS,1285
2025-03-10 00:00:00+05:30,3529.785726463566,3542.1056739074234,3455.0929783090487,3462.001953125,675889,0.0,0.0,HEROMOTOCO.NS,1286
2025-03-11 00:00:00+05:30,3458.281713738631,3539.9315614086263,3432.9171160896676,3527.514892578125,618870,0.0,0.0,HEROMOTOCO.NS,1287
2025-03-12 00:00:00+05:30,3527.5150138020445,3545.680944876083,3475.674700140334,3488.477783203125,385877,0.0,0.0,HEROMOTOCO.NS,1288
2025-03-13 00:00:00+05:30,3502.730147935048,3503.26164382832,3405.4751279830007,3410.113037109375,359751,0.0,0.0,HEROMOTOCO.NS,1289
2025-03-17 00:00:00+05:30,3368.418438889502,3429.293470917625,3344.8415367203133,3375.279052734375,673556,0.0,0.0,HEROMOTOCO.NS,1290
2025-03-18 00:00:00+05:30,3375.279052734375,3375.279052734375,3375.279052734375,3375.279052734375,0,0.0,0.0,HEROMOTOCO.NS,1291
2025-03-19 00:00:00+05:30,3464.0792191807145,3467.799454406051,3395.6188702356826,3417.6982421875,674188,0.0,0.0,HEROMOTOCO.NS,1292
2025-03-20 00:00:00+05:30,3458.2816232414903,3511.426493115277,3441.1303243276775,3475.8193359375,771668,0.0,0.0,HEROMOTOCO.NS,1293
2025-03-21 00:00:00+05:30,3506.59521484375,3586.6989351164443,3489.9270507610677,3506.59521484375,1195882,0.0,0.0,HEROMOTOCO.NS,1294
2025-03-24 00:00:00+05:30,3534.617030968396,3562.977160830716,3462.0019066655445,3504.03466796875,663262,0.0,0.0,HEROMOTOCO.NS,1295
2025-03-25 00:00:00+05:30,3529.302551338374,3551.7199768994487,3493.06741220759,3505.58056640625,544164,0.0,0.0,HEROMOTOCO.NS,1296
2025-03-26 00:00:00+05:30,3526.887075241544,3545.536141752077,3483.7913196310406,3522.9736328125,755658,0.0,0.0,HEROMOTOCO.NS,1297
2025-03-27 00:00:00+05:30,3511.4266364890764,3661.1985486123035,3488.5744358726183,3644.8203125,1525094,0.0,0.0,HEROMOTOCO.NS,1298
2025-03-28 00:00:00+05:30,3651.53596984708,3680.2825152566993,3582.302787617857,3597.37646484375,509889,0.0,0.0,HEROMOTOCO.NS,1299
2025-04-01 00:00:00+05:30,3582.3025289642515,3687.8675662497135,3582.3025289642515,3635.157470703125,506307,0.0,0.0,HEROMOTOCO.NS,1300
2025-04-02 00:00:00+05:30,3642.839422703017,3661.971623881409,3606.990696355983,3656.31884765625,321687,0.0,0.0,HEROMOTOCO.NS,1301
2025-04-03 00:00:00+05:30,3652.5019874822765,3678.6880087919108,3609.647802340878,3626.7509765625,339509,0.0,0.0,HEROMOTOCO.NS,1302
2025-04-04 00:00:00+05:30,3618.6340485200626,3618.6340485200626,3510.025357089047,3535.7763671875,330498,0.0,0.0,HEROMOTOCO.NS,1303
2025-04-07 00:00:00+05:30,3361.6063465427897,3425.428553371403,3231.2082038008384,3407.93896484375,605866,0.0,0.0,HEROMOTOCO.NS,1304
2025-04-08 00:00:00+05:30,3478.573398749894,3500.7008962851546,3391.850631378282,3453.59521484375,450859,0.0,0.0,HEROMOTOCO.NS,1305
2025-04-09 00:00:00+05:30,3468.910755777828,3554.6672542667648,3418.6646946913525,3489.105712890625,584571,0.0,0.0,HEROMOTOCO.NS,1306
2025-04-11 00:00:00+05:30,3498.3335055390867,3579.1621633402588,3498.3335055390867,3542.34716796875,436704,0.0,0.0,HEROMOTOCO.NS,1307
2025-04-15 00:00:00+05:30,3622.547795700008,3687.28791368131,3562.155894598048,3675.595947265625,604277,0.0,0.0,HEROMOTOCO.NS,1308
2025-04-16 00:00:00+05:30,3680.5239125351777,3687.8676618555846,3615.7837964575046,3654.337890625,491227,0.0,0.0,HEROMOTOCO.NS,1309
2025-04-17 00:00:00+05:30,3654.3378024333256,3669.50843590263,3540.7045489470443,3644.57861328125,970749,0.0,0.0,HEROMOTOCO.NS,1310
2025-04-21 00:00:00+05:30,3666.0298459888386,3799.858294504773,3629.3115713057664,3784.881103515625,1031160,0.0,0.0,HEROMOTOCO.NS,1311
2025-04-22 00:00:00+05:30,3769.420966543641,3771.2567860076033,3692.312538657473,3704.29443359375,927543,0.0,0.0,HEROMOTOCO.NS,1312
2025-04-23 00:00:00+05:30,3731.8328765407005,3820.8262357451317,3693.665197066827,3807.58837890625,800615,0.0,0.0,HEROMOTOCO.NS,1313
2025-04-24 00:00:00+05:30,3807.685147041647,3853.486268610128,3792.5145133778515,3821.1162109375,1227984,0.0,0.0,HEROMOTOCO.NS,1314
2025-04-25 00:00:00+05:30,3826.430639620235,3859.3805533793047,3710.381474596685,3764.106201171875,652719,0.0,0.0,HEROMOTOCO.NS,1315
2025-04-28 00:00:00+05:30,3763.62334069785,3802.2741580606007,3716.7592246455147,3779.760009765625,521342,0.0,0.0,HEROMOTOCO.NS,1316
2025-04-29 00:00:00+05:30,3802.7569885706293,3820.536268770531,3716.662205431351,3722.749755859375,428581,0.0,0.0,HEROMOTOCO.NS,1317
2025-04-30 00:00:00+05:30,3722.7499108784864,3737.0507599334824,3678.1082657238007,3698.30322265625,892342,0.0,0.0,HEROMOTOCO.NS,1318
2025-05-02 00:00:00+05:30,3675.306155835822,3781.982312705647,3599.3572086940558,3611.3388671875,881303,0.0,0.0,HEROMOTOCO.NS,1319
2025-05-05 00:00:00+05:30,3641.872947799034,3666.512841714894,3616.073576644774,3640.520263671875,640182,0.0,0.0,HEROMOTOCO.NS,1320
2025-05-06 00:00:00+05:30,3657.3333803004252,3776.1846367804656,3653.4682987888796,3741.978759765625,1210118,0.0,0.0,HEROMOTOCO.NS,1321
2025-05-07 00:00:00+05:30,3691.152955995104,3763.4300296444526,3684.968919750546,3737.533935546875,448141,0.0,0.0,HEROMOTOCO.NS,1322
2025-05-08 00:00:00+05:30,3738.5000673225563,3744.2976895515394,3648.3469944807,3672.310546875,739365,0.0,0.0,HEROMOTOCO.NS,1323
2025-05-09 00:00:00+05:30,3609.019966901425,3764.686223691566,3609.019966901425,3723.909423828125,859973,0.0,0.0,HEROMOTOCO.NS,1324
2025-05-12 00:00:00+05:30,3797.3458520356517,3864.5983644924227,3778.1171659370852,3850.49072265625,547435,0.0,0.0,HEROMOTOCO.NS,1325
2025-05-13 00:00:00+05:30,3864.115216576569,3960.1623971648933,3824.0149961494803,3926.536376953125,1197629,0.0,0.0,HEROMOTOCO.NS,1326
2025-05-14 00:00:00+05:30,3932.720496857872,3969.2453289639548,3800.3414531061453,3930.014892578125,1199813,0.0,0.0,HEROMOTOCO.NS,1327
2025-05-15 00:00:00+05:30,3945.282183774386,4200.377578463693,3930.0150637292313,4179.11962890625,2629014,0.0,0.0,HEROMOTOCO.NS,1328
2025-05-16 00:00:00+05:30,4183.950627327885,4215.837548968028,4149.454587010688,4198.734375,765257,0.0,0.0,HEROMOTOCO.NS,1329
2025-05-19 00:00:00+05:30,4177.28343107129,4304.347981689417,4177.28343107129,4239.70458984375,753807,0.0,0.0,HEROMOTOCO.NS,1330
2025-05-20 00:00:00+05:30,4260.286289066039,4287.535303681332,4088.6765678182023,4098.53271484375,842529,0.0,0.0,HEROMOTOCO.NS,1331
2025-05-21 00:00:00+05:30,4097.953108484377,4144.237370145699,4069.9312645452005,4119.98388671875,396931,0.0,0.0,HEROMOTOCO.NS,1332
2025-05-22 00:00:00+05:30,4106.648803098291,4139.501993523077,4061.137377294561,4132.0615234375,394809,0.0,0.0,HEROMOTOCO.NS,1333
2025-05-23 00:00:00+05:30,4144.237133209046,4188.782294183121,4132.158752891332,4163.4658203125,461297,0.0,0.0,HEROMOTOCO.NS,1334
2025-05-26 00:00:00+05:30,4164.528504197414,4269.272116205031,4154.962522055486,4212.35888671875,765160,0.0,0.0,HEROMOTOCO.NS,1335
2025-05-27 00:00:00+05:30,4223.084857462896,4227.336352935315,4154.96279306497,4191.87451171875,411809,0.0,0.0,HEROMOTOCO.NS,1336
2025-05-28 00:00:00+05:30,4220.669121019912,4235.549590866292,4165.1085728379885,4215.06494140625,424160,0.0,0.0,HEROMOTOCO.NS,1337
2025-05-29 00:00:00+05:30,4236.129523754872,4236.129523754872,4185.980183289919,4209.65380859375,369150,0.0,0.0,HEROMOTOCO.NS,1338
2025-05-30 00:00:00+05:30,4195.160038551009,4232.264730870259,4144.6238090199995,4163.94921875,914311,0.0,0.0,HEROMOTOCO.NS,1339
2025-06-02 00:00:00+05:30,4164.722264942947,4173.032284983815,4054.4707147760378,4089.546142578125,771163,0.0,0.0,HEROMOTOCO.NS,1340
2025-06-03 00:00:00+05:30,4106.649006121556,4136.120251930193,4059.301758756861,4066.6455078125,417447,0.0,0.0,HEROMOTOCO.NS,1341
2025-06-04 00:00:00+05:30,4070.897430775388,4097.6633111289675,4049.9291731573057,4058.915771484375,353642,0.0,0.0,HEROMOTOCO.NS,1342
2025-06-05 00:00:00+05:30,4085.198040649598,4085.198040649598,4032.053165628172,4037.947509765625,394746,0.0,0.0,HEROMOTOCO.NS,1343
2025-06-06 00:00:00+05:30,4047.7066319759692,4151.967111877224,4017.8489715213964,4124.0419921875,551467,0.0,0.0,HEROMOTOCO.NS,1344
2025-06-09 00:00:00+05:30,4159.697257227671,4212.938849434936,4130.805867278521,4202.6962890625,495256,0.0,0.0,HEROMOTOCO.NS,1345
2025-06-10 00:00:00+05:30,4222.698139832373,4243.859366079584,4183.660912157004,4231.2978515625,469185,0.0,0.0,HEROMOTOCO.NS,1346
2025-06-11 00:00:00+05:30,4227.4328371064985,4335.3654253522745,4218.639682442977,4261.5419921875,1241569,0.0,0.0,HEROMOTOCO.NS,1347
2025-06-12 00:00:00+05:30,4261.541884035367,4275.7462467322375,4193.613267981449,4215.64404296875,813687,0.0,0.0,HEROMOTOCO.NS,1348
2025-06-13 00:00:00+05:30,4122.206334229253,4200.37751686586,4108.001970326754,4187.62255859375,521000,0.0,0.0,HEROMOTOCO.NS,1349
2025-06-16 00:00:00+05:30,4170.422995546454,4265.214214992928,4167.041049187694,4217.287109375,360242,0.0,0.0,HEROMOTOCO.NS,1350
2025-06-17 00:00:00+05:30,4221.635330315396,4241.927008488117,4187.622423891671,4223.56787109375,331648,0.0,0.0,HEROMOTOCO.NS,1351
2025-06-18 00:00:00+05:30,4205.208766989816,4282.510398735953,4203.2762261961625,4210.90966796875,370443,0.0,0.0,HEROMOTOCO.NS,1352
2025-06-19 00:00:00+05:30,4227.3365855366055,4255.455150580585,4203.566237608342,4236.41943359375,425692,0.0,0.0,HEROMOTOCO.NS,1353
2025-06-20 00:00:00+05:30,4232.747418642676,4234.583238010598,4063.070244788574,4192.1640625,1159015,0.0,0.0,HEROMOTOCO.NS,1354
2025-06-23 00:00:00+05:30,4174.287923480449,4178.829582862617,4101.817647031135,4109.64453125,580717,0.0,0.0,HEROMOTOCO.NS,1355
2025-06-24 00:00:00+05:30,4138.63297263386,4183.95096143346,4118.244572200786,4147.7158203125,469217,0.0,0.0,HEROMOTOCO.NS,1356
2025-06-25 00:00:00+05:30,4156.411929535272,4210.90948316219,4145.299820459449,4155.7353515625,412213,0.0,0.0,HEROMOTOCO.NS,1357
2025-06-26 00:00:00+05:30,4160.663438458652,4179.02257525319,4104.813200513633,4133.70458984375,795726,0.0,0.0,HEROMOTOCO.NS,1358
2025-06-27 00:00:00+05:30,4153.996266828994,4203.179333662652,4140.4684818242,4174.57763671875,543489,0.0,0.0,HEROMOTOCO.NS,1359
2025-06-30 00:00:00+05:30,4197.478535550403,4197.478535550403,4068.9645748625107,4094.184326171875,871009,0.0,0.0,HEROMOTOCO.NS,1360
2025-07-01 00:00:00+05:30,4114.669085657715,4120.177015702644,4048.769726983275,4083.458740234375,480538,0.0,0.0,HEROMOTOCO.NS,1361
2025-07-02 00:00:00+05:30,4139.888935125067,4178.733195128211,4087.4206395109572,4100.56201171875,808159,0.0,0.0,HEROMOTOCO.NS,1362
2025-07-03 00:00:00+05:30,4100.851378250994,4203.2760356719655,4095.0537561328256,4165.205078125,650625,0.0,0.0,HEROMOTOCO.NS,1363
2025-07-04 00:00:00+05:30,4179.119416512334,4227.143243387462,4161.823270977436,4198.44482421875,437195,0.0,0.0,HEROMOTOCO.NS,1364
2025-07-07 00:00:00+05:30,4193.613485314604,4212.552479288045,4148.198777063501,4161.7265625,353771,0.0,0.0,HEROMOTOCO.NS,1365
2025-07-08 00:00:00+05:30,4159.890780684553,4182.984548811605,4096.986483474522,4155.34912109375,467771,0.0,0.0,HEROMOTOCO.NS,1366
2025-07-09 00:00:00+05:30,4154.962645037197,4197.478541870136,4145.493384012727,4186.9462890625,276485,0.0,0.0,HEROMOTOCO.NS,1367
2025-07-10 00:00:00+05:30,4184.047407623257,4202.213101785646,4164.625278897612,4175.5439453125,368728,0.0,0.0,HEROMOTOCO.NS,1368
2025-07-11 00:00:00+05:30,4155.059094792665,4193.613186174189,4048.672638264942,4076.40478515625,556464,0.0,0.0,HEROMOTOCO.NS,1369
2025-07-14 00:00:00+05:30,4076.694761815184,4115.345577286293,4055.6302561081147,4108.2919921875,293675,0.0,0.0,HEROMOTOCO.NS,1370
2025-07-15 00:00:00+05:30,4131.578504211976,4314.397040077212,4116.408343059523,4303.76806640625,1756329,0.0,0.0,HEROMOTOCO.NS,1371
2025-07-16 00:00:00+05:30,4303.768159052223,4319.228484724616,4223.567719626688,4275.26318359375,791606,0.0,0.0,HEROMOTOCO.NS,1372
2025-07-17 00:00:00+05:30,4287.3417592871065,4313.334338651341,4263.184999318169,4293.71923828125,414759,0.0,0.0,HEROMOTOCO.NS,1373
2025-07-18 00:00:00+05:30,4299.902897925269,4332.7560886060455,4239.221310921916,4248.40087890625,370997,0.0,0.0,HEROMOTOCO.NS,1374
2025-07-21 00:00:00+05:30,4261.252281514587,4272.847525818028,4199.604421359305,4259.51318359375,269975,0.0,0.0,HEROMOTOCO.NS,1375
2025-07-22 00:00:00+05:30,4268.982755993741,4282.2208495978175,4173.128540697165,4195.9326171875,463290,0.0,0.0,HEROMOTOCO.NS,1376
2025-07-23 00:00:00+05:30,4212.938771098299,4229.365367224141,4179.988857448241,4216.51416015625,376802,0.0,0.0,HEROMOTOCO.NS,1377
2025-07-24 00:00:00+05:30,4227.598065716558,4237.406877933998,4173.747782431995,4219.65283203125,584473,65.0,0.0,HEROMOTOCO.NS,1378
2025-07-25 00:00:00+05:30,4196.209944192804,4208.765032484859,4114.796801283032,4149.814453125,630896,0.0,0.0,HEROMOTOCO.NS,1379
2025-07-28 00:00:00+05:30,4134.90485303373,4224.655486185809,4134.90485303373,4209.0595703125,462891,0.0,0.0,HEROMOTOCO.NS,1380
2025-07-29 00:00:00+05:30,4207.98060060894,4251.531632714169,4184.047193681376,4242.5078125,422393,0.0,0.0,HEROMOTOCO.NS,1381
2025-07-30 00:00:00+05:30,4228.578818265829,4243.09566832754,4135.101032256451,4170.02001953125,547169,0.0,0.0,HEROMOTOCO.NS,1382
2025-07-31 00:00:00+05:30,4129.509854211261,4220.731805860108,4120.681923406533,4179.24072265625,446590,0.0,0.0,HEROMOTOCO.NS,1383
2025-08-01 00:00:00+05:30,4173.747692632588,4239.368549166226,4158.936290713744,4229.16748046875,473918,0.0,0.0,HEROMOTOCO.NS,1384
2025-08-04 00:00:00+05:30,4233.385322611738,4463.00972073593,4227.696402897742,4449.17919921875,1454995,0.0,0.0,HEROMOTOCO.NS,1385
2025-08-05 00:00:00+05:30,4449.277279714463,4493.907375884438,4429.5614711117305,4459.87060546875,803505,0.0,0.0,HEROMOTOCO.NS,1386
2025-08-06 00:00:00+05:30,4462.617232542087,4462.911305325653,4376.790126979866,4389.34521484375,574216,0.0,0.0,HEROMOTOCO.NS,1387
2025-08-07 00:00:00+05:30,4345.30377426608,4585.521487577974,4337.750797346443,4571.59326171875,2121194,0.0,0.0,HEROMOTOCO.NS,1388
2025-08-08 00:00:00+05:30,4570.906665222989,4621.91249067183,4500.381398516567,4511.857421875,972461,0.0,0.0,HEROMOTOCO.NS,1389
2025-08-11 00:00:00+05:30,4514.996325315041,4536.281639695783,4452.219926266559,4474.9765625,455558,0.0,0.0,HEROMOTOCO.NS,1390
2025-08-12 00:00:00+05:30,4501.263932129204,4580.32305448836,4483.608070116058,4556.3896484375,723767,0.0,0.0,HEROMOTOCO.NS,1391
2025-08-13 00:00:00+05:30,4579.04746572229,4701.853982235643,4561.293899347667,4677.5283203125,1342794,0.0,0.0,HEROMOTOCO.NS,1392
2025-08-14 00:00:00+05:30,4678.803365086496,4682.236449316643,4600.823309001721,4618.0869140625,373862,0.0,0.0,HEROMOTOCO.NS,1393
2025-08-18 00:00:00+05:30,4806.317893038974,5021.1308764217365,4806.317893038974,4888.7119140625,3698091,0.0,0.0,HEROMOTOCO.NS,1394
2025-08-19 00:00:00+05:30,4888.711746930999,5040.748328145747,4888.711746930999,5020.34619140625,1509894,0.0,0.0,HEROMOTOCO.NS,1395
2025-08-20 00:00:00+05:30,5022.112052180685,5066.251708889305,5013.382304754166,5037.80615234375,916240,0.0,0.0,HEROMOTOCO.NS,1396
2025-08-21 00:00:00+05:30,5037.806087081723,5060.26817185994,4943.641487323186,4999.64990234375,819430,0.0,0.0,HEROMOTOCO.NS,1397
2025-08-22 00:00:00+05:30,4999.649800758037,5025.348601552422,4886.750275677314,4902.34619140625,1357460,0.0,0.0,HEROMOTOCO.NS,1398
2025-08-25 00:00:00+05:30,4914.215107965143,4982.778612185291,4880.865145156597,4966.986328125,693190,0.0,0.0,HEROMOTOCO.NS,1399
2025-08-26 00:00:00+05:30,4966.986276253286,5044.672262739089,4944.622375358303,4976.40283203125,1662083,0.0,0.0,HEROMOTOCO.NS,1400
2025-08-28 00:00:00+05:30,5130.008706532786,5145.702805826195,4981.307019938564,4994.35302734375,1584393,0.0,0.0,HEROMOTOCO.NS,1401
2025-08-29 00:00:00+05:30,5002.003894579548,5049.8707076203555,4964.632223462689,4990.4296875,783364,0.0,0.0,HEROMOTOCO.NS,1402
2025-09-01 00:00:00+05:30,5015.736209406733,5158.944870123147,5011.812684455598,5143.7412109375,659443,0.0,0.0,HEROMOTOCO.NS,1403
2025-09-02 00:00:00+05:30,5188.861531636801,5245.752641057394,5108.429273490446,5210.44091796875,962257,0.0,0.0,HEROMOTOCO.NS,1404
2025-09-03 00:00:00+05:30,5223.192250267281,5260.956175457008,5156.001889864782,5246.7333984375,659989,0.0,0.0,HEROMOTOCO.NS,1405
2025-09-04 00:00:00+05:30,5399.75101762521,5413.483354454775,5238.886500478882,5248.6953125,1187848,0.0,0.0,HEROMOTOCO.NS,1406
2025-09-05 00:00:00+05:30,5257.523176743427,5315.885607530038,5246.243043061982,5260.4658203125,517415,0.0,0.0,HEROMOTOCO.NS,1407
2025-09-08 00:00:00+05:30,5267.332193801098,5418.878343511017,5233.00135082474,5338.9365234375,726543,0.0,0.0,HEROMOTOCO.NS,1408
2025-09-09 00:00:00+05:30,5361.006091609071,5383.075918168618,5287.930443667459,5319.80908203125,608443,0.0,0.0,HEROMOTOCO.NS,1409
2025-09-10 00:00:00+05:30,5345.80276157018,5353.649811495421,5215.8359971833825,5248.205078125,536616,0.0,0.0,HEROMOTOCO.NS,1410
2025-09-11 00:00:00+05:30,5248.205064264886,5260.466079740693,5184.938224409716,5200.63232421875,765635,0.0,0.0,HEROMOTOCO.NS,1411
2025-09-12 00:00:00+05:30,5204.555566894393,5286.459145830632,5184.937943197091,5200.1416015625,537933,0.0,0.0,HEROMOTOCO.NS,1412
2025-09-15 00:00:00+05:30,5222.211418718091,5253.599616576652,5167.282072465609,5187.39013671875,588879,0.0,0.0,HEROMOTOCO.NS,1413
2025-09-16 00:00:00+05:30,5205.536814808038,5246.733827474693,5182.976545966774,5214.36474609375,925160,0.0,0.0,HEROMOTOCO.NS,1414
2025-09-17 00:00:00+05:30,5241.8290683411215,5284.987840610397,5208.969548545196,5247.71435546875,616629,0.0,0.0,HEROMOTOCO.NS,1415
2025-09-18 00:00:00+05:30,5257.523219273743,5284.007011609637,5237.905595321229,5267.33203125,420977,0.0,0.0,HEROMOTOCO.NS,1416
2025-09-19 00:00:00+05:30,5286.949607352533,5331.0892608462,5269.293745955067,5304.60546875,579031,0.0,0.0,HEROMOTOCO.NS,1417
2025-09-22 00:00:00+05:30,5305.586271864065,5393.865577552318,5296.758341295239,5325.6943359375,672445,0.0,0.0,HEROMOTOCO.NS,1418
2025-09-23 00:00:00+05:30,5345.802813292815,5408.579213302125,5248.695569528413,5267.82275390625,507377,0.0,0.0,HEROMOTOCO.NS,1419
2025-09-24 00:00:00+05:30,5267.332307729889,5273.217595224559,5164.339776573159,5176.1103515625,410267,0.0,0.0,HEROMOTOCO.NS,1420
2025-09-25 00:00:00+05:30,5169.243956054779,5271.255601487359,5130.989589017561,5252.12841796875,640474,0.0,0.0,HEROMOTOCO.NS,1421
2025-09-26 00:00:00+05:30,5252.128606801993,5349.726290316195,5207.008069699949,5226.13525390625,689941,0.0,0.0,HEROMOTOCO.NS,1422
2025-09-29 00:00:00+05:30,5226.134876721536,5325.203874947676,5168.2628876587405,5199.16064453125,8318930,0.0,0.0,HEROMOTOCO.NS,1423
2025-09-30 00:00:00+05:30,5221.2308139597135,5378.662252178863,5221.2308139597135,5367.87255859375,1141788,0.0,0.0,HEROMOTOCO.NS,1424
2025-10-01 00:00:00+05:30,5367.872455679432,5413.483432232944,5306.567379666648,5328.63720703125,701001,0.0,0.0,HEROMOTOCO.NS,1425
2025-10-03 00:00:00+05:30,5360.516001250591,5477.240869347356,5267.822723644336,5444.38134765625,1634394,0.0,0.0,HEROMOTOCO.NS,1426
2025-10-06 00:00:00+05:30,5421.330547291415,5488.030470797081,5421.330547291415,5474.78857421875,844413,0.0,0.0,HEROMOTOCO.NS,1427
2025-10-07 00:00:00+05:30,5474.788428951817,5540.997910086682,5465.960498133835,5507.64794921875,858678,0.0,0.0,HEROMOTOCO.NS,1428
2025-10-08 00:00:00+05:30,5504.705594883787,5550.807013800311,5387.490285085388,5407.10791015625,789561,0.0,0.0,HEROMOTOCO.NS,1429
2025-10-09 00:00:00+05:30,5409.55983110713,5431.139217559416,5361.4966521906745,5406.6171875,872880,0.0,0.0,HEROMOTOCO.NS,1430
2025-10-10 00:00:00+05:30,5406.617254261364,5461.056161665483,5371.795971147018,5394.8466796875,835407,0.0,0.0,HEROMOTOCO.NS,1431
2025-10-13 00:00:00+05:30,5394.846757510344,5474.298137030041,5379.643098466451,5452.71875,417645,0.0,0.0,HEROMOTOCO.NS,1432
2025-10-14 00:00:00+05:30,5475.769185163191,5484.106675189862,5434.081735029839,5464.9794921875,375269,0.0,0.0,HEROMOTOCO.NS,1433
2025-10-15 00:00:00+05:30,5473.317335637697,5501.762891683126,5342.860130325903,5431.6298828125,484777,0.0,0.0,HEROMOTOCO.NS,1434
2025-10-16 00:00:00+05:30,5470.374457154118,5504.705299183955,5445.361986532381,5472.82666015625,294066,0.0,0.0,HEROMOTOCO.NS,1435
2025-10-17 00:00:00+05:30,5475.278872373715,5517.456764081359,5444.3811144948595,5485.578125,435204,0.0,0.0,HEROMOTOCO.NS,1436
2025-10-20 00:00:00+05:30,5512.552373595661,5585.137582785355,5499.310477324569,5533.15087890625,368799,0.0,0.0,HEROMOTOCO.NS,1437
2025-10-21 00:00:00+05:30,5558.653963773189,5559.634845009076,5523.342239281247,5538.5458984375,40575,0.0,0.0,HEROMOTOCO.NS,1438
2025-10-23 00:00:00+05:30,5605.736261459778,5607.6980239309805,5455.170991795023,5481.65478515625,489097,0.0,0.0,HEROMOTOCO.NS,1439
2025-10-24 00:00:00+05:30,5507.647914716068,5517.456726674601,5379.642918657218,5434.572265625,546761,0.0,0.0,HEROMOTOCO.NS,1440
2025-10-27 00:00:00+05:30,5463.508483892123,5553.749557593753,5443.8908591743775,5538.5458984375,424721,0.0,0.0,HEROMOTOCO.NS,1441
2025-10-28 00:00:00+05:30,5532.169805408236,5556.691834687528,5468.412529282077,5502.2529296875,539756,0.0,0.0,HEROMOTOCO.NS,1442
2025-10-29 00:00:00+05:30,5529.717597044085,5530.698478214292,5421.330227736169,5445.36181640625,432099,0.0,0.0,HEROMOTOCO.NS,1443
2025-10-30 00:00:00+05:30,5463.998967614956,5480.673948756587,5387.980671233992,5409.56005859375,402078,0.0,0.0,HEROMOTOCO.NS,1444
2025-10-31 00:00:00+05:30,5409.069375702829,5517.456748268821,5395.827479506984,5438.00537109375,424188,0.0,0.0,HEROMOTOCO.NS,1445
2025-11-03 00:00:00+05:30,5472.826763604173,5472.826763604173,5377.190844713339,5433.10107421875,223771,0.0,0.0,HEROMOTOCO.NS,1446
2025-11-04 00:00:00+05:30,5370.324821996698,5370.324821996698,5152.078744755736,5207.49853515625,2003141,0.0,0.0,HEROMOTOCO.NS,1447
2025-11-06 00:00:00+05:30,5250.166691985293,5305.0960399070445,5203.574834373093,5224.17333984375,815323,0.0,0.0,HEROMOTOCO.NS,1448
2025-11-07 00:00:00+05:30,5203.575001512049,5222.211745155541,5157.473583025514,5194.7470703125,436406,0.0,0.0,HEROMOTOCO.NS,1449
2025-11-10 00:00:00+05:30,5208.479096150819,5306.567214722398,5199.160724886518,5257.03271484375,347961,0.0,0.0,HEROMOTOCO.NS,1450
2025-11-11 00:00:00+05:30,5272.726818289974,5326.184842956853,5229.077605488578,5313.923828125,348232,0.0,0.0,HEROMOTOCO.NS,1451
2025-11-12 00:00:00+05:30,5335.993940865558,5450.757045843733,5317.847637941659,5428.19677734375,534031,0.0,0.0,HEROMOTOCO.NS,1452
2025-11-13 00:00:00+05:30,5447.8141765637765,5487.539865103718,5380.623814465358,5403.18408203125,585663,0.0,0.0,HEROMOTOCO.NS,1453
2025-11-14 00:00:00+05:30,5415.935858481044,5521.871034197055,5358.063864339891,5432.61083984375,938647,0.0,0.0,HEROMOTOCO.NS,1454
2025-11-17 00:00:00+05:30,5482.145036667619,5698.9197822578035,5464.489175035839,5687.6396484375,1770568,0.0,0.0,HEROMOTOCO.NS,1455
2025-11-18 00:00:00+05:30,5708.728670372984,5769.543305693109,5678.811793320343,5688.62060546875,1182455,0.0,0.0,HEROMOTOCO.NS,1456
2025-11-19 00:00:00+05:30,5739.1359666149065,5803.383685947205,5723.441867236024,5764.1484375,935374,0.0,0.0,HEROMOTOCO.NS,1457
2025-11-20 00:00:00+05:30,5836.2432546462205,5926.4843268189015,5808.288139897075,5884.796875,1276202,0.0,0.0,HEROMOTOCO.NS,1458
2025-11-21 00:00:00+05:30,5855.860619598605,5922.560539553831,5843.599604900953,5887.7392578125,703572,0.0,0.0,HEROMOTOCO.NS,1459
2025-11-24 00:00:00+05:30,5888.229852888744,5933.350388159923,5857.822535640777,5867.63134765625,1349305,0.0,0.0,HEROMOTOCO.NS,1460
2025-11-25 00:00:00+05:30,5885.287186292444,5971.114291092543,5855.370309762125,5965.22900390625,707293,0.0,0.0,HEROMOTOCO.NS,1461
2025-11-26 00:00:00+05:30,5967.191028610822,6028.496106162918,5936.293269524566,6019.177734375,452071,0.0,0.0,HEROMOTOCO.NS,1462
2025-11-27 00:00:00+05:30,6019.668053530421,6081.463570456023,5980.4328046887695,6033.400390625,352120,0.0,0.0,HEROMOTOCO.NS,1463
2025-11-28 00:00:00+05:30,6034.381344137177,6119.718011390092,6010.8401945501655,6056.451171875,504441,0.0,0.0,HEROMOTOCO.NS,1464
2025-12-01 00:00:00+05:30,6110.8899756646615,6212.411181520407,6091.762791952709,6175.1376953125,912454,0.0,0.0,HEROMOTOCO.NS,1465
2025-12-02 00:00:00+05:30,6208.978155556027,6218.78696780809,6111.8709142606,6150.61572265625,809216,0.0,0.0,HEROMOTOCO.NS,1466
2025-12-03 00:00:00+05:30,6173.666352386954,6173.666352386954,6072.63558748453,6092.74365234375,543787,0.0,0.0,HEROMOTOCO.NS,1467
2025-12-04 00:00:00+05:30,6128.546034601735,6229.576803097891,6120.208543997684,6218.787109375,883433,0.0,0.0,HEROMOTOCO.NS,1468
2025-12-05 00:00:00+05:30,6213.882279200457,6266.359422363396,6184.455843781985,6229.0859375,651633,0.0,0.0,HEROMOTOCO.NS,1469
2025-12-08 00:00:00+05:30,6189.360247049568,6229.576375437688,6027.024411726794,6049.09423828125,707514,0.0,0.0,HEROMOTOCO.NS,1470
2025-12-09 00:00:00+05:30,6046.15170160442,6046.15170160442,5851.937224492533,5886.26806640625,1186776,0.0,0.0,HEROMOTOCO.NS,1471
2025-12-10 00:00:00+05:30,5912.751799549029,5928.936339146335,5802.402665931035,5831.8291015625,820197,0.0,0.0,HEROMOTOCO.NS,1472
2025-12-11 00:00:00+05:30,5831.8292380558705,5904.414447645667,5792.593989628954,5865.17919921875,695094,0.0,0.0,HEROMOTOCO.NS,1473
2025-12-12 00:00:00+05:30,5888.72058044024,5922.070542917956,5836.733874224977,5846.05224609375,679186,0.0,0.0,HEROMOTOCO.NS,1474
2025-12-15 00:00:00+05:30,5825.9438993971025,5862.236503871838,5764.14838366985,5845.5615234375,652031,0.0,0.0,HEROMOTOCO.NS,1475
2025-12-16 00:00:00+05:30,5846.542395400327,5871.554866012308,5819.077721787173,5832.81005859375,388048,0.0,0.0,HEROMOTOCO.NS,1476
2025-12-17 00:00:00+05:30,5855.860961473375,5856.8418427064535,5671.455289654783,5705.7861328125,538205,0.0,0.0,HEROMOTOCO.NS,1477
2025-12-18 00:00:00+05:30,5674.3978677182085,5674.3978677182085,5407.598175407171,5638.595703125,1016539,0.0,0.0,HEROMOTOCO.NS,1478
2025-12-19 00:00:00+05:30,5615.5447748247225,5686.658660619446,5615.5447748247225,5670.47412109375,769295,0.0,0.0,HEROMOTOCO.NS,1479
2025-12-22 00:00:00+05:30,5682.735552846261,5682.735552846261,5572.386411619852,5590.53271484375,1213460,0.0,0.0,HEROMOTOCO.NS,1480
2025-12-23 00:00:00+05:30,5600.831679660298,5642.519130866176,5586.1184615876355,5634.181640625,351302,0.0,0.0,HEROMOTOCO.NS,1481
2025-12-24 00:00:00+05:30,5634.1818543256995,5640.0671417779895,5581.214267255089,5589.5517578125,313655,0.0,0.0,HEROMOTOCO.NS,1482
2025-12-26 00:00:00+05:30,5589.551735204481,5610.640681823222,5503.724626872395,5529.2275390625,249826,0.0,0.0,HEROMOTOCO.NS,1483
2025-12-29 00:00:00+05:30,5529.227528710867,5542.959866018292,5444.381301775708,5459.5849609375,572147,0.0,0.0,HEROMOTOCO.NS,1484
2025-12-30 00:00:00+05:30,5463.508251619681,5632.71025761688,5460.075167440028,5601.8125,2980473,0.0,0.0,HEROMOTOCO.NS,1485
2025-12-31 00:00:00+05:30,5600.3413322420965,5674.888305050644,5575.81930171297,5660.66552734375,473265,0.0,0.0,HEROMOTOCO.NS,1486
2026-01-01 00:00:00+05:30,5660.665259986466,5744.040159847642,5620.4491318181335,5729.8173828125,384697,0.0,0.0,HEROMOTOCO.NS,1487
2026-01-02 00:00:00+05:30,5787.199278663829,5914.223398424332,5762.677247822034,5819.568359375,1069537,0.0,0.0,HEROMOTOCO.NS,1488
2026-01-05 00:00:00+05:30,5846.051982394954,5929.426884828439,5811.72114021646,5871.064453125,653817,0.0,0.0,HEROMOTOCO.NS,1489
2026-01-06 00:00:00+05:30,5895.095921223959,5921.579713216146,5846.0518619791665,5885.287109375,453152,0.0,0.0,HEROMOTOCO.NS,1490
2026-01-07 00:00:00+05:30,5918.146653040619,5933.350311468087,5830.3577866368505,5866.650390625,609748,0.0,0.0,HEROMOTOCO.NS,1491
2026-01-08 00:00:00+05:30,5866.650716312767,5870.574241286058,5718.537648571047,5738.1552734375,562060,0.0,0.0,HEROMOTOCO.NS,1492
2026-01-09 00:00:00+05:30,5738.155297458265,5778.371428602844,5641.048053962818,5662.62744140625,500234,0.0,0.0,HEROMOTOCO.NS,1493
2026-01-12 00:00:00+05:30,5662.627088443666,5681.263830983149,5519.418435245541,5617.01611328125,314329,0.0,0.0,HEROMOTOCO.NS,1494
2026-01-13 00:00:00+05:30,5669.493376166188,5669.493376166188,5571.8956960747455,5624.86328125,336437,0.0,0.0,HEROMOTOCO.NS,1495
2026-01-14 00:00:00+05:30,5610.6405004459175,5631.239005779722,5532.170003936184,5567.97216796875,368182,0.0,0.0,HEROMOTOCO.NS,1496
2026-01-15 00:00:00+05:30,5567.97216796875,5567.97216796875,5567.97216796875,5567.97216796875,0,0.0,0.0,HEROMOTOCO.NS,1497
2026-01-16 00:00:00+05:30,5514.514199424379,5622.411133244493,5510.100233949919,5543.4501953125,588398,0.0,0.0,HEROMOTOCO.NS,1498
2026-01-19 00:00:00+05:30,5517.456954989154,5676.850155911063,5483.1261117136655,5652.328125,581040,0.0,0.0,HEROMOTOCO.NS,1499
2026-01-20 00:00:00+05:30,5668.512538254021,5733.2506984071215,5448.795146219257,5473.8076171875,394664,0.0,0.0,HEROMOTOCO.NS,1500
2026-01-21 00:00:00+05:30,5473.807852622199,5534.132049904927,5398.770436490025,5432.61083984375,406596,0.0,0.0,HEROMOTOCO.NS,1501
2026-01-22 00:00:00+05:30,5486.068490508564,5556.691936122119,5361.006138901225,5383.56640625,401574,0.0,0.0,HEROMOTOCO.NS,1502
2026-01-23 00:00:00+05:30,5408.579010871332,5418.8782636123815,5265.370353710066,5281.064453125,460330,0.0,0.0,HEROMOTOCO.NS,1503
2026-01-27 00:00:00+05:30,5314.414600698478,5320.790328809319,5197.199291583774,5277.14111328125,400942,0.0,0.0,HEROMOTOCO.NS,1504
2026-01-28 00:00:00+05:30,5303.624937907454,5418.388044571995,5226.625759504323,5407.10791015625,547414,0.0,0.0,HEROMOTOCO.NS,1505
2026-01-29 00:00:00+05:30,5416.426270231295,5488.030601583501,5367.3822076612905,5473.3173828125,337842,0.0,0.0,HEROMOTOCO.NS,1506
2026-01-30 00:00:00+05:30,5434.572505398093,5488.030532930662,5360.515971843801,5428.19677734375,466102,0.0,0.0,HEROMOTOCO.NS,1507
2026-02-02 00:00:00+05:30,5443.890787905144,5542.469350821264,5314.414466463076,5515.4951171875,449861,0.0,0.0,HEROMOTOCO.NS,1508
2026-02-03 00:00:00+05:30,5624.372804556004,5680.283032993341,5567.972135518339,5652.818359375,592655,0.0,0.0,HEROMOTOCO.NS,1509
2026-02-04 00:00:00+05:30,5637.124377246352,5765.6198172009845,5607.207500005006,5739.62646484375,490202,0.0,0.0,HEROMOTOCO.NS,1510
2026-02-05 00:00:00+05:30,5768.072132461236,5777.390504242272,5635.16272442646,5655.76123046875,331312,0.0,0.0,HEROMOTOCO.NS,1511
2026-02-06 00:00:00+05:30,5661.646302250804,5729.327105240289,5606.226514295647,5643.5,770475,0.0,0.0,HEROMOTOCO.NS,1512
2026-02-09 00:00:00+05:30,5689.111205132242,5704.805305008468,5558.6539999111055,5646.44287109375,543956,0.0,0.0,HEROMOTOCO.NS,1513
2026-02-10 00:00:00+05:30,5674.397757886504,5733.250630051273,5608.678717302511,5643.5,816528,0.0,0.0,HEROMOTOCO.NS,1514
2026-02-11 00:00:00+05:30,5695.0,5750.0,5546.0,5682.5,684908,110.0,0.0,HEROMOTOCO.NS,1515
2026-02-12 00:00:00+05:30,5704.0,5805.0,5683.5,5733.0,560676,0.0,0.0,HEROMOTOCO.NS,1516
2026-02-13 00:00:00+05:30,5702.0,5724.5,5560.0,5584.0,394003,0.0,0.0,HEROMOTOCO.NS,1517
2026-02-16 00:00:00+05:30,5578.0,5623.5,5459.0,5492.0,285719,0.0,0.0,HEROMOTOCO.NS,1518
2026-02-17 00:00:00+05:30,5490.0,5588.0,5446.5,5577.0,288723,0.0,0.0,HEROMOTOCO.NS,1519
2026-02-18 00:00:00+05:30,5595.0,5628.0,5546.5,5592.0,197770,0.0,0.0,HEROMOTOCO.NS,1520
2026-02-19 00:00:00+05:30,5600.0,5644.5,5387.5,5414.5,307768,0.0,0.0,HEROMOTOCO.NS,1521
2026-02-20 00:00:00+05:30,5400.0,5472.0,5375.0,5465.0,560735,0.0,0.0,HEROMOTOCO.NS,1522
2026-02-23 00:00:00+05:30,5504.5,5549.0,5437.0,5488.5,310190,0.0,0.0,HEROMOTOCO.NS,1523
2026-02-24 00:00:00+05:30,5480.0,5523.0,5436.5,5511.0,396015,0.0,0.0,HEROMOTOCO.NS,1524
2026-02-25 00:00:00+05:30,5511.0,5840.0,5500.5,5737.5,898486,0.0,0.0,HEROMOTOCO.NS,1525
2026-02-26 00:00:00+05:30,5760.0,5829.0,5718.5,5787.0,489797,0.0,0.0,HEROMOTOCO.NS,1526
2026-02-27 00:00:00+05:30,5775.0,5800.0,5689.0,5710.0,584546,0.0,0.0,HEROMOTOCO.NS,1527
2026-03-02 00:00:00+05:30,5565.0,5725.0,5503.0,5591.5,432301,0.0,0.0,HEROMOTOCO.NS,1528
2026-03-04 00:00:00+05:30,5520.0,5529.0,5427.5,5500.0,455955,0.0,0.0,HEROMOTOCO.NS,1529
2026-03-05 00:00:00+05:30,5513.5,5622.5,5480.0,5588.5,545405,0.0,0.0,HEROMOTOCO.NS,1530
2026-03-06 00:00:00+05:30,5571.0,5571.5,5490.0,5512.5,431008,0.0,0.0,HEROMOTOCO.NS,1531
2026-03-09 00:00:00+05:30,5447.0,5510.0,5337.5,5480.0,306358,0.0,0.0,HEROMOTOCO.NS,1532
2026-03-10 00:00:00+05:30,5546.5,5733.5,5527.5,5711.5,493375,0.0,0.0,HEROMOTOCO.NS,1533
2026-03-11 00:00:00+05:30,5729.5,5766.0,5554.0,5575.0,511965,0.0,0.0,HEROMOTOCO.NS,1534
2026-03-12 00:00:00+05:30,5589.0,5589.0,5376.0,5394.5,476478,0.0,0.0,HEROMOTOCO.NS,1535
2026-03-13 00:00:00+05:30,5338.0,5377.5,5168.0,5206.0,496250,0.0,0.0,HEROMOTOCO.NS,1536
2026-03-16 00:00:00+05:30,5198.5,5329.0,5124.5,5278.5,466610,0.0,0.0,HEROMOTOCO.NS,1537
2026-03-17 00:00:00+05:30,5276.5,5384.0,5232.0,5355.0,403766,0.0,0.0,HEROMOTOCO.NS,1538
2026-03-18 00:00:00+05:30,5370.0,5488.0,5365.0,5426.0,390261,0.0,0.0,HEROMOTOCO.NS,1539
2026-03-19 00:00:00+05:30,5349.0,5366.5,5151.0,5172.5,397483,0.0,0.0,HEROMOTOCO.NS,1540
2026-03-20 00:00:00+05:30,5218.0,5367.5,5216.0,5275.5,1043098,0.0,0.0,HEROMOTOCO.NS,1541
2026-03-23 00:00:00+05:30,5191.0,5200.0,5051.0,5065.0,340775,0.0,0.0,HEROMOTOCO.NS,1542
2026-03-24 00:00:00+05:30,5185.0,5317.0,5124.5,5253.0,435050,0.0,0.0,HEROMOTOCO.NS,1543
2026-03-25 00:00:00+05:30,5305.0,5364.0,5278.0,5289.5,531702,0.0,0.0,HEROMOTOCO.NS,1544
2026-03-27 00:00:00+05:30,5212.0,5244.0,5125.5,5143.0,535331,0.0,0.0,HEROMOTOCO.NS,1545
2026-03-30 00:00:00+05:30,5068.0,5140.0,5037.5,5063.0,704213,0.0,0.0,HEROMOTOCO.NS,1546
2026-04-01 00:00:00+05:30,5152.0,5244.0,5077.5,5122.0,546972,0.0,0.0,HEROMOTOCO.NS,1547
2026-04-02 00:00:00+05:30,5076.0,5077.0,4904.0,5011.5,753867,0.0,0.0,HEROMOTOCO.NS,1548
2026-04-06 00:00:00+05:30,5019.5,5122.5,4985.5,5103.5,348536,0.0,0.0,HEROMOTOCO.NS,1549
2026-04-07 00:00:00+05:30,5075.0,5084.0,4932.0,5051.0,429282,0.0,0.0,HEROMOTOCO.NS,1550
2026-04-08 00:00:00+05:30,5250.0,5349.5,5243.0,5287.5,790692,0.0,0.0,HEROMOTOCO.NS,1551
2026-04-09 00:00:00+05:30,5287.5,5380.0,5204.0,5284.0,760419,0.0,0.0,HEROMOTOCO.NS,1552
2026-04-10 00:00:00+05:30,5297.0,5484.5,5295.5,5466.5,855903,0.0,0.0,HEROMOTOCO.NS,1553
2026-04-13 00:00:00+05:30,5325.0,5375.0,5202.5,5247.0,743470,0.0,0.0,HEROMOTOCO.NS,1554
2026-04-15 00:00:00+05:30,5361.5,5361.5,5275.0,5287.5,651858,0.0,0.0,HEROMOTOCO.NS,1555
2026-04-16 00:00:00+05:30,5315.0,5349.0,5129.5,5159.5,920301,0.0,0.0,HEROMOTOCO.NS,1556
2026-04-17 00:00:00+05:30,5136.5,5250.0,5130.5,5230.5,545014,0.0,0.0,HEROMOTOCO.NS,1557
2026-04-20 00:00:00+05:30,5230.5,5318.0,5210.0,5282.5,654258,0.0,0.0,HEROMOTOCO.NS,1558
2026-04-21 00:00:00+05:30,5260.0,5310.0,5252.0,5259.0,321063,0.0,0.0,HEROMOTOCO.NS,1559
2026-04-22 00:00:00+05:30,5255.5,5291.0,5178.0,5189.0,293830,0.0,0.0,HEROMOTOCO.NS,1560
2026-04-23 00:00:00+05:30,5150.0,5160.0,4995.0,5032.0,628266,0.0,0.0,HEROMOTOCO.NS,1561
2026-04-24 00:00:00+05:30,5035.5,5060.5,4941.5,4961.5,520325,0.0,0.0,HEROMOTOCO.NS,1562
2026-04-27 00:00:00+05:30,5012.5,5098.0,5005.5,5043.0,448144,0.0,0.0,HEROMOTOCO.NS,1563
2026-04-28 00:00:00+05:30,5042.5,5105.5,5019.0,5068.0,667998,0.0,0.0,HEROMOTOCO.NS,1564
2026-04-29 00:00:00+05:30,5094.0,5208.5,5081.5,5114.5,474261,0.0,0.0,HEROMOTOCO.NS,1565
2026-04-30 00:00:00+05:30,5080.0,5114.5,5020.0,5099.0,478138,0.0,0.0,HEROMOTOCO.NS,1566
2026-05-01 00:00:00+05:30,5099.0,5099.0,5099.0,5099.0,0,0.0,0.0,HEROMOTOCO.NS,1567
2026-05-04 00:00:00+05:30,5186.0,5237.0,5006.0,5066.5,617748,0.0,0.0,HEROMOTOCO.NS,1568
2026-05-05 00:00:00+05:30,5060.0,5135.0,5018.0,5109.0,573411,0.0,0.0,HEROMOTOCO.NS,1569
2026-05-06 00:00:00+05:30,5240.0,5281.0,4950.0,5170.0,2717300,0.0,0.0,HEROMOTOCO.NS,1570
2026-05-07 00:00:00+05:30,5235.0,5458.5,5189.5,5343.0,1775531,0.0,0.0,HEROMOTOCO.NS,1571
2026-05-08 00:00:00+05:30,5341.0,5398.5,5265.0,5322.0,558660,0.0,0.0,HEROMOTOCO.NS,1572
2026-05-11 00:00:00+05:30,5262.5,5283.5,5146.0,5228.5,447686,0.0,0.0,HEROMOTOCO.NS,1573
2026-05-12 00:00:00+05:30,5230.0,5270.0,5070.0,5082.5,391060,0.0,0.0,HEROMOTOCO.NS,1574
2026-05-13 00:00:00+05:30,5117.5,5128.0,4977.0,4995.0,494571,0.0,0.0,HEROMOTOCO.NS,1575
2026-05-14 00:00:00+05:30,5020.0,5091.0,4880.0,5077.0,594448,0.0,0.0,HEROMOTOCO.NS,1576
2026-05-15 00:00:00+05:30,5082.0,5139.5,5044.0,5064.5,425856,0.0,0.0,HEROMOTOCO.NS,1577
2026-05-18 00:00:00+05:30,5034.5,5034.5,4924.0,4957.0,434446,0.0,0.0,HEROMOTOCO.NS,1578
2026-05-19 00:00:00+05:30,4944.5,5040.0,4932.5,5007.5,560327,0.0,0.0,HEROMOTOCO.NS,1579
2026-05-20 00:00:00+05:30,4967.0,5015.0,4902.0,4968.0,416572,0.0,0.0,HEROMOTOCO.NS,1580
2026-05-21 00:00:00+05:30,5020.0,5039.5,4955.5,4969.5,335986,0.0,0.0,HEROMOTOCO.NS,1581
2026-05-22 00:00:00+05:30,4970.0,5014.5,4950.0,4966.0,284550,0.0,0.0,HEROMOTOCO.NS,1582
2026-05-25 00:00:00+05:30,5026.0,5065.5,4948.0,4979.0,445788,0.0,0.0,HEROMOTOCO.NS,1583
2026-05-26 00:00:00+05:30,4979.0,5029.0,4953.0,4983.0,413024,0.0,0.0,HEROMOTOCO.NS,1584
2026-05-27 00:00:00+05:30,4993.0,5102.0,4980.0,5075.0,460843,0.0,0.0,HEROMOTOCO.NS,1585
2026-05-29 00:00:00+05:30,5115.0,5140.0,4875.5,4903.0,1648645,0.0,0.0,HEROMOTOCO.NS,1586
