Date,Open,High,Low,Close,Volume,Dividends,Stock Splits,Symbol,time_idx
2020-01-01 00:00:00+05:30,1744.0124316244267,1752.958424189976,1733.1688310132904,1749.9312744140625,543035,0.0,0.0,HINDUNILVR.NS,0
2020-01-02 00:00:00+05:30,1753.0490285457015,1764.4347888346845,1744.0126933470121,1751.2869873046875,663275,0.0,0.0,HINDUNILVR.NS,1
2020-01-03 00:00:00+05:30,1751.1514104374362,1753.0490187572,1733.846806567205,1741.7083740234375,1598825,0.0,0.0,HINDUNILVR.NS,2
2020-01-06 00:00:00+05:30,1741.6180068215253,1743.470499622082,1727.0695295106875,1730.86474609375,683129,0.0,0.0,HINDUNILVR.NS,3
2020-01-07 00:00:00+05:30,1734.2986622156052,1744.9163562528765,1733.1691202967465,1735.60888671875,808935,0.0,0.0,HINDUNILVR.NS,4
2020-01-08 00:00:00+05:30,1725.9400065864254,1749.4797036785671,1722.732063498574,1743.42529296875,1889685,0.0,0.0,HINDUNILVR.NS,5
2020-01-09 00:00:00+05:30,1754.4494225990352,1759.6453145030493,1744.916046374164,1748.5758056640625,1544334,0.0,0.0,HINDUNILVR.NS,6
2020-01-10 00:00:00+05:30,1753.8623737653024,1768.8626685869729,1745.503763453972,1765.699951171875,1003336,0.0,0.0,HINDUNILVR.NS,7
2020-01-13 00:00:00+05:30,1772.0251890687025,1805.3240595199252,1768.4106552817188,1802.6131591796875,2040089,0.0,0.0,HINDUNILVR.NS,8
2020-01-14 00:00:00+05:30,1803.2006246319752,1820.776251844296,1791.3630480049512,1815.218994140625,1610737,0.0,0.0,HINDUNILVR.NS,9
2020-01-15 00:00:00+05:30,1817.342415284334,1831.6649832498629,1804.8722296870894,1826.83056640625,1559491,0.0,0.0,HINDUNILVR.NS,10
2020-01-16 00:00:00+05:30,1827.1467417100007,1856.6955098790252,1821.8152825684756,1851.770751953125,2468958,0.0,0.0,HINDUNILVR.NS,11
2020-01-17 00:00:00+05:30,1856.9669237037754,1865.009173959998,1843.4576464107543,1861.7562255859375,994719,0.0,0.0,HINDUNILVR.NS,12
2020-01-20 00:00:00+05:30,1861.9366759359266,1875.8525424633033,1852.4485249544525,1864.060302734375,829399,0.0,0.0,HINDUNILVR.NS,13
2020-01-21 00:00:00+05:30,1861.2588964668619,1875.0393058229097,1854.3911943783985,1857.3280029296875,750000,0.0,0.0,HINDUNILVR.NS,14
2020-01-22 00:00:00+05:30,1864.1959662594008,1864.647783022915,1831.8458418690566,1853.98486328125,983169,0.0,0.0,HINDUNILVR.NS,15
2020-01-23 00:00:00+05:30,1854.029969631084,1862.2531224427116,1838.894109028515,1858.68359375,708017,0.0,0.0,HINDUNILVR.NS,16
2020-01-24 00:00:00+05:30,1858.7741107562804,1878.6540477697165,1852.4939020497652,1873.86474609375,914993,0.0,0.0,HINDUNILVR.NS,17
2020-01-27 00:00:00+05:30,1866.9068858229434,1869.3918780475383,1858.5482756129422,1862.705078125,429312,0.0,0.0,HINDUNILVR.NS,18
2020-01-28 00:00:00+05:30,1863.2922202957318,1866.0031207132329,1845.8520501537466,1862.0272216796875,777052,0.0,0.0,HINDUNILVR.NS,19
2020-01-29 00:00:00+05:30,1863.3374697355785,1884.79876497978,1863.3374697355785,1874.3165283203125,873433,0.0,0.0,HINDUNILVR.NS,20
2020-01-30 00:00:00+05:30,1874.9489316689526,1877.7502835713215,1851.951504801838,1859.76806640625,952768,0.0,0.0,HINDUNILVR.NS,21
2020-01-31 00:00:00+05:30,1865.0996509002089,1868.940093495328,1825.3850004216501,1838.216552734375,1930834,0.0,0.0,HINDUNILVR.NS,22
2020-02-03 00:00:00+05:30,1874.9490583015527,1983.972572293384,1874.9490583015527,1968.97216796875,4012542,0.0,0.0,HINDUNILVR.NS,23
2020-02-04 00:00:00+05:30,1967.2102282186954,1991.7890165293807,1933.775787040886,1947.87255859375,1932121,0.0,0.0,HINDUNILVR.NS,24
2020-02-05 00:00:00+05:30,1958.5352948308648,1973.5357002116382,1946.3362417388973,1952.11962890625,1514368,0.0,0.0,HINDUNILVR.NS,25
2020-02-06 00:00:00+05:30,1957.2701847946712,1984.6050985019838,1928.3991382414133,1948.59521484375,1302116,0.0,0.0,HINDUNILVR.NS,26
2020-02-07 00:00:00+05:30,1956.366860872224,1962.6922964501018,1935.2219216145063,1951.803466796875,908152,0.0,0.0,HINDUNILVR.NS,27
2020-02-10 00:00:00+05:30,1951.9386491047342,1978.5506093416705,1944.347995968436,1951.2156982421875,1389847,0.0,0.0,HINDUNILVR.NS,28
2020-02-11 00:00:00+05:30,1959.9807927728973,1969.6043999829744,1940.7333577391262,1945.206298828125,777506,0.0,0.0,HINDUNILVR.NS,29
2020-02-12 00:00:00+05:30,1949.2278005193104,2053.0551955339124,1947.3300820315055,2042.5279541015625,4753325,0.0,0.0,HINDUNILVR.NS,30
2020-02-13 00:00:00+05:30,2038.5974604840515,2068.3721443413465,2017.8591128877672,2063.35693359375,2950407,0.0,0.0,HINDUNILVR.NS,31
2020-02-14 00:00:00+05:30,2053.9588237013604,2076.188294728624,2029.7866290097584,2037.7386474609375,1728651,0.0,0.0,HINDUNILVR.NS,32
2020-02-17 00:00:00+05:30,2031.3681000146314,2068.4170733689907,2027.0306151089528,2035.52490234375,1420851,0.0,0.0,HINDUNILVR.NS,33
2020-02-18 00:00:00+05:30,2035.5252887404001,2044.8777648357946,2007.964461866967,2019.0789794921875,1194605,0.0,0.0,HINDUNILVR.NS,34
2020-02-19 00:00:00+05:30,2033.3558070617812,2085.7665436046223,2025.2683323559115,2071.26318359375,1299800,0.0,0.0,HINDUNILVR.NS,35
2020-02-20 00:00:00+05:30,2062.2724309207915,2069.275590889939,2026.3982233306026,2031.5941162109375,1555224,0.0,0.0,HINDUNILVR.NS,36
2020-02-24 00:00:00+05:30,2021.2471442259491,2044.018660780355,1997.1201776312378,2001.683349609375,1409245,0.0,0.0,HINDUNILVR.NS,37
2020-02-25 00:00:00+05:30,2024.0489166541718,2060.013579909462,2011.2625888010114,2018.356201171875,2237493,0.0,0.0,HINDUNILVR.NS,38
2020-02-26 00:00:00+05:30,2023.0546133420328,2038.3259304118396,1990.117218190129,2020.705078125,2896154,0.0,0.0,HINDUNILVR.NS,39
2020-02-27 00:00:00+05:30,2025.9007158373272,2041.9402075696544,1987.9933414715347,2037.64794921875,2446802,0.0,0.0,HINDUNILVR.NS,40
2020-02-28 00:00:00+05:30,1979.951252307052,2014.5602354088492,1947.3299979703127,1965.1767578125,3837330,0.0,0.0,HINDUNILVR.NS,41
2020-03-02 00:00:00+05:30,1978.9572421226787,2025.9009554101224,1935.4473800447502,1951.3511962890625,1707337,0.0,0.0,HINDUNILVR.NS,42
2020-03-03 00:00:00+05:30,1962.6014977193367,1978.595987056875,1935.3118103184522,1957.857421875,1753148,0.0,0.0,HINDUNILVR.NS,43
2020-03-04 00:00:00+05:30,1969.0172555132344,1974.4842819195107,1944.6191527602023,1966.1708984375,1515878,0.0,0.0,HINDUNILVR.NS,44
2020-03-05 00:00:00+05:30,1974.4391287415817,2040.9916454534794,1971.5927715611629,2004.259033203125,2272645,0.0,0.0,HINDUNILVR.NS,45
2020-03-06 00:00:00+05:30,1974.4391744724971,2033.1753512874684,1951.170612118874,1977.9632568359375,2479414,0.0,0.0,HINDUNILVR.NS,46
2020-03-09 00:00:00+05:30,1933.7755683073592,1960.5232064695872,1908.4738318995992,1917.058349609375,2485118,0.0,0.0,HINDUNILVR.NS,47
2020-03-11 00:00:00+05:30,1866.9067013486078,1960.3875373103504,1866.9067013486078,1947.330078125,2861629,0.0,0.0,HINDUNILVR.NS,48
2020-03-12 00:00:00+05:30,1899.7988011964096,1918.4137377687734,1835.8668474678293,1857.8250732421875,3655780,0.0,0.0,HINDUNILVR.NS,49
2020-03-13 00:00:00+05:30,1780.1581036329667,1915.7031369045126,1706.1504934053366,1837.2677001953125,3667035,0.0,0.0,HINDUNILVR.NS,50
2020-03-16 00:00:00+05:30,1807.267077758455,1842.6894683597893,1747.5369228999036,1754.7659912109375,2948679,0.0,0.0,HINDUNILVR.NS,51
2020-03-17 00:00:00+05:30,1767.1005331105446,1886.786745931609,1763.8473642686517,1810.9267578125,3732382,0.0,0.0,HINDUNILVR.NS,52
2020-03-18 00:00:00+05:30,1838.0358778214475,1864.9189760995314,1725.3527072582876,1738.4102783203125,3910994,0.0,0.0,HINDUNILVR.NS,53
2020-03-19 00:00:00+05:30,1711.7527614371584,1715.9997942142804,1587.954987973569,1661.1492919921875,5095006,0.0,0.0,HINDUNILVR.NS,54
2020-03-20 00:00:00+05:30,1671.722025002371,1878.5636510936893,1671.722025002371,1853.98486328125,4252245,0.0,0.0,HINDUNILVR.NS,55
2020-03-23 00:00:00+05:30,1762.0851212104633,1793.7575158452014,1671.7217816612088,1689.5233154296875,3574673,0.0,0.0,HINDUNILVR.NS,56
2020-03-24 00:00:00+05:30,1784.6760987607443,1871.379685866418,1744.012592713031,1832.43310546875,5788124,0.0,0.0,HINDUNILVR.NS,57
2020-03-25 00:00:00+05:30,1816.348830875948,1932.827118099986,1808.7582862859228,1886.9224853515625,3959038,0.0,0.0,HINDUNILVR.NS,58
2020-03-26 00:00:00+05:30,1887.690197612763,2033.175176940506,1861.48482866553,1983.3848876953125,3201540,0.0,0.0,HINDUNILVR.NS,59
2020-03-27 00:00:00+05:30,2023.2353777669907,2049.1243889288685,1916.1548095376972,1934.272705078125,2918646,0.0,0.0,HINDUNILVR.NS,60
2020-03-30 00:00:00+05:30,1918.4139251073366,1999.7409403026545,1900.205798284066,1973.8519287109375,2809606,0.0,0.0,HINDUNILVR.NS,61
2020-03-31 00:00:00+05:30,2019.440533504399,2090.1046411042526,1974.4395334253318,2077.001953125,2809269,0.0,0.0,HINDUNILVR.NS,62
2020-04-01 00:00:00+05:30,2072.2122394000835,2100.8573764162325,1950.0862635786866,1969.6046142578125,2774626,0.0,0.0,HINDUNILVR.NS,63
2020-04-03 00:00:00+05:30,2018.717067991478,2036.880188048312,1922.8866993116812,1946.516845703125,4121436,0.0,0.0,HINDUNILVR.NS,64
2020-04-07 00:00:00+05:30,2006.066592705838,2222.938656782145,2006.066592705838,2209.293701171875,8510114,0.0,0.0,HINDUNILVR.NS,65
2020-04-08 00:00:00+05:30,2197.63662876122,2362.369056692818,2184.4434916753376,2223.70654296875,9791862,0.0,0.0,HINDUNILVR.NS,66
2020-04-09 00:00:00+05:30,2259.038482971143,2259.083708768047,2119.020518824428,2143.64453125,4770068,0.0,0.0,HINDUNILVR.NS,67
2020-04-13 00:00:00+05:30,2151.5511447801955,2189.5037479220555,2091.911339842987,2120.33056640625,3249551,0.0,0.0,HINDUNILVR.NS,68
2020-04-15 00:00:00+05:30,2192.169585757716,2274.084092679648,2152.0031218946306,2247.83349609375,29485531,0.0,0.0,HINDUNILVR.NS,69
2020-04-16 00:00:00+05:30,2228.3608462632687,2282.714328537953,2187.7877787921184,2201.34228515625,5388243,0.0,0.0,HINDUNILVR.NS,70
2020-04-17 00:00:00+05:30,2258.0000692635963,2258.0000692635963,2127.199083334695,2155.16650390625,4540936,0.0,0.0,HINDUNILVR.NS,71
2020-04-20 00:00:00+05:30,2186.7926794698174,2186.7926794698174,2097.3329789460518,2111.384521484375,2985268,0.0,0.0,HINDUNILVR.NS,72
2020-04-21 00:00:00+05:30,2062.99541606836,2148.8406042096194,2062.0917825089787,2094.080322265625,3227335,0.0,0.0,HINDUNILVR.NS,73
2020-04-22 00:00:00+05:30,2094.577314965513,2168.675265070233,2056.3535721912003,2156.205078125,2837815,0.0,0.0,HINDUNILVR.NS,74
2020-04-23 00:00:00+05:30,2158.780198430758,2180.4674000893338,2085.6311186259104,2094.17041015625,4095570,0.0,0.0,HINDUNILVR.NS,75
2020-04-24 00:00:00+05:30,2088.2967321664855,2112.6948333211785,2060.2840975073937,2063.08544921875,2169013,0.0,0.0,HINDUNILVR.NS,76
2020-04-27 00:00:00+05:30,2082.8748465342383,2104.923411761869,2063.2208214096745,2096.8359375,2013715,0.0,0.0,HINDUNILVR.NS,77
2020-04-28 00:00:00+05:30,2113.2822958558454,2113.2822958558454,2048.5370469106742,2069.275390625,2164023,0.0,0.0,HINDUNILVR.NS,78
2020-04-29 00:00:00+05:30,2069.320984399504,2070.85711742676,2006.9702647822266,2016.684326171875,3642151,0.0,0.0,HINDUNILVR.NS,79
2020-04-30 00:00:00+05:30,2053.0551146070616,2053.0551146070616,1951.8481723376992,1983.475341796875,8448047,0.0,0.0,HINDUNILVR.NS,80
2020-05-04 00:00:00+05:30,1924.739655805838,1951.84866504254,1866.9071027675407,1881.9525146484375,8474573,0.0,0.0,HINDUNILVR.NS,81
2020-05-05 00:00:00+05:30,1898.7146990291342,1916.606686762376,1837.1772786725278,1844.767822265625,4304136,0.0,0.0,HINDUNILVR.NS,82
2020-05-06 00:00:00+05:30,1852.4033157561337,1873.2321105533679,1807.2668698054683,1816.48388671875,5127656,0.0,0.0,HINDUNILVR.NS,83
2020-05-07 00:00:00+05:30,1762.1756389615714,1813.592406375587,1718.7108903469689,1800.0831298828125,185669922,0.0,0.0,HINDUNILVR.NS,84
2020-05-08 00:00:00+05:30,1874.9943596387486,1895.8231567467094,1839.79787756735,1888.0970458984375,16100226,0.0,0.0,HINDUNILVR.NS,85
2020-05-11 00:00:00+05:30,1882.2685290575027,1912.5854762766685,1839.7525299217377,1850.641357421875,11158755,0.0,0.0,HINDUNILVR.NS,86
2020-05-12 00:00:00+05:30,1825.3393931457115,1832.432892983456,1793.7122254426918,1817.7037353515625,14881008,0.0,0.0,HINDUNILVR.NS,87
2020-05-13 00:00:00+05:30,1875.0394668015235,1875.0394668015235,1785.0375944564146,1803.426513671875,8432979,0.0,0.0,HINDUNILVR.NS,88
2020-05-14 00:00:00+05:30,1796.423259181424,1831.2583720372709,1789.7815755310248,1812.73388671875,8510002,0.0,0.0,HINDUNILVR.NS,89
2020-05-15 00:00:00+05:30,1820.821449233713,1841.288769471327,1812.688747971627,1836.2735595703125,5491136,0.0,0.0,HINDUNILVR.NS,90
2020-05-18 00:00:00+05:30,1844.7679476384258,1850.5059987916093,1796.9657093487601,1812.01123046875,7675561,0.0,0.0,HINDUNILVR.NS,91
2020-05-19 00:00:00+05:30,1823.5322913058358,1829.6770428521897,1778.4409603563845,1785.173095703125,5963193,0.0,0.0,HINDUNILVR.NS,92
2020-05-20 00:00:00+05:30,1785.1732525629807,1816.3033833438296,1784.6762100020217,1798.998779296875,3926496,0.0,0.0,HINDUNILVR.NS,93
2020-05-21 00:00:00+05:30,1806.363393139672,1810.3394026596739,1766.7842011332414,1780.9713134765625,4261625,0.0,0.0,HINDUNILVR.NS,94
2020-05-22 00:00:00+05:30,1784.6764777529484,1802.7943767511017,1769.3147055393788,1796.3333740234375,5339946,0.0,0.0,HINDUNILVR.NS,95
2020-05-26 00:00:00+05:30,1811.7398589875904,1825.3395866644266,1784.676081020912,1787.206298828125,4628932,0.0,0.0,HINDUNILVR.NS,96
2020-05-27 00:00:00+05:30,1798.23100436908,1811.8758507328232,1772.0256279235005,1805.5504150390625,4261645,0.0,0.0,HINDUNILVR.NS,97
2020-05-28 00:00:00+05:30,1807.2670691645749,1820.8215721833092,1798.230733818752,1816.2581787109375,5500796,0.0,0.0,HINDUNILVR.NS,98
2020-05-29 00:00:00+05:30,1815.3998056938096,1868.7141852537573,1807.267103727038,1859.090576171875,8778345,0.0,0.0,HINDUNILVR.NS,99
2020-06-01 00:00:00+05:30,1875.0394975071847,1936.486575015854,1871.6056461119124,1905.3564453125,6592547,0.0,0.0,HINDUNILVR.NS,100
2020-06-02 00:00:00+05:30,1917.5103988572635,1920.2212995154027,1888.5941251704432,1904.3172607421875,3268728,0.0,0.0,HINDUNILVR.NS,101
2020-06-03 00:00:00+05:30,1911.1849227937655,1941.9084629237836,1884.0759167966908,1916.1549072265625,4895117,0.0,0.0,HINDUNILVR.NS,102
2020-06-04 00:00:00+05:30,1911.184560046088,1926.9076922946388,1902.3741347692799,1916.2449951171875,3264730,0.0,0.0,HINDUNILVR.NS,103
2020-06-05 00:00:00+05:30,1919.317462556179,1922.9319963839682,1884.0757577352322,1886.42529296875,2981853,0.0,0.0,HINDUNILVR.NS,104
2020-06-08 00:00:00+05:30,1903.9556037945677,1919.769188543692,1877.8406863686073,1908.20263671875,4298456,0.0,0.0,HINDUNILVR.NS,105
2020-06-09 00:00:00+05:30,1897.6302886897697,1938.1131123045463,1893.1573471320148,1903.50390625,3127904,0.0,0.0,HINDUNILVR.NS,106
2020-06-10 00:00:00+05:30,1911.9978106144988,1924.7391297186484,1894.0155943146888,1915.3414306640625,2421659,0.0,0.0,HINDUNILVR.NS,107
2020-06-11 00:00:00+05:30,1911.1847535916565,1932.1490055839772,1893.6993580261083,1903.865234375,2566927,0.0,0.0,HINDUNILVR.NS,108
2020-06-12 00:00:00+05:30,1866.2291543037106,1914.7994567096296,1866.0032459204272,1904.1817626953125,2338438,0.0,0.0,HINDUNILVR.NS,109
2020-06-15 00:00:00+05:30,1911.0494070869236,1926.2754992842963,1858.5934379771986,1883.443359375,2830788,0.0,0.0,HINDUNILVR.NS,110
2020-06-16 00:00:00+05:30,1906.4860181865743,1915.7030358400561,1858.7741248693374,1876.259521484375,2806772,0.0,0.0,HINDUNILVR.NS,111
2020-06-17 00:00:00+05:30,1875.94314298764,1896.726713454266,1863.5634081802486,1877.976318359375,2293301,0.0,0.0,HINDUNILVR.NS,112
2020-06-18 00:00:00+05:30,1870.74729608375,1883.9404337304052,1856.1084771722783,1866.319580078125,2326907,0.0,0.0,HINDUNILVR.NS,113
2020-06-19 00:00:00+05:30,1891.475471085537,1910.5812839247849,1871.4598576348965,1903.9852294921875,4673528,14.0,0.0,HINDUNILVR.NS,114
2020-06-22 00:00:00+05:30,1919.679202852057,1927.7763390779864,1898.7537897403995,1911.30908203125,2487234,0.0,0.0,HINDUNILVR.NS,115
2020-06-23 00:00:00+05:30,1924.2280883515155,1976.0867176829747,1912.0368503037562,1961.484375,4308814,0.0,0.0,HINDUNILVR.NS,116
2020-06-24 00:00:00+05:30,1976.0868326000787,1980.5447665330946,1933.3262059277934,1938.148193359375,3023015,0.0,0.0,HINDUNILVR.NS,117
2020-06-25 00:00:00+05:30,1923.5914253713265,1992.3722164717133,1921.4988395975292,1977.133056640625,8208033,0.0,0.0,HINDUNILVR.NS,118
2020-06-26 00:00:00+05:30,1983.3200691368888,1983.3200691368888,1945.2450416238219,1959.8927001953125,3176048,0.0,0.0,HINDUNILVR.NS,119
2020-06-29 00:00:00+05:30,1957.2995080693659,1997.8309450002614,1946.9731829476111,1986.049072265625,3295039,0.0,0.0,HINDUNILVR.NS,120
2020-06-30 00:00:00+05:30,1995.9204037697352,2001.515588059953,1974.2671072023722,1983.3651123046875,2373109,0.0,0.0,HINDUNILVR.NS,121
2020-07-01 00:00:00+05:30,1986.0943114129448,1994.1005995108353,1965.2599706997821,1974.6307373046875,1532931,0.0,0.0,HINDUNILVR.NS,122
2020-07-02 00:00:00+05:30,1972.2201388529595,1981.2270754346785,1951.5221763762418,1957.663330078125,2588838,0.0,0.0,HINDUNILVR.NS,123
2020-07-03 00:00:00+05:30,1970.1732243309496,1990.6437380910263,1961.848637582901,1977.633544921875,1946252,0.0,0.0,HINDUNILVR.NS,124
2020-07-06 00:00:00+05:30,1983.3651185227234,1983.3651185227234,1958.8005046694602,1966.6248779296875,2375516,0.0,0.0,HINDUNILVR.NS,125
2020-07-07 00:00:00+05:30,1979.2712559832391,1979.2712559832391,1957.5724222698818,1959.846923828125,2014667,0.0,0.0,HINDUNILVR.NS,126
2020-07-08 00:00:00+05:30,1959.3466441146481,1996.1024991900322,1933.3262583312755,1988.86962890625,3349938,0.0,0.0,HINDUNILVR.NS,127
2020-07-09 00:00:00+05:30,1986.094462170295,2019.711545725001,1975.222390779701,1979.5894775390625,3039571,0.0,0.0,HINDUNILVR.NS,128
2020-07-10 00:00:00+05:30,1974.2670451332986,2030.67467499425,1971.947009481295,2023.21435546875,3179516,0.0,0.0,HINDUNILVR.NS,129
2020-07-13 00:00:00+05:30,2037.0439984462946,2069.796827362805,2033.404795233349,2060.92626953125,4556662,0.0,0.0,HINDUNILVR.NS,130
2020-07-14 00:00:00+05:30,2060.516679612712,2065.202064392337,2025.762337130793,2033.1771240234375,2403256,0.0,0.0,HINDUNILVR.NS,131
2020-07-15 00:00:00+05:30,2035.4512654450352,2084.3530446461396,2033.449748673682,2069.9326171875,2474512,0.0,0.0,HINDUNILVR.NS,132
2020-07-16 00:00:00+05:30,2070.0242143503056,2084.6265612201983,2036.134135464667,2081.48779296875,2495150,0.0,0.0,HINDUNILVR.NS,133
2020-07-17 00:00:00+05:30,2078.8941932169787,2128.9332219377375,2075.2549911281963,2123.974853515625,3088712,0.0,0.0,HINDUNILVR.NS,134
2020-07-20 00:00:00+05:30,2123.975322622894,2131.936078950341,2093.0876324962633,2120.699951171875,2816219,0.0,0.0,HINDUNILVR.NS,135
2020-07-21 00:00:00+05:30,2136.2117417527234,2138.0313428956133,2099.8197188949257,2108.917724609375,3037810,0.0,0.0,HINDUNILVR.NS,136
2020-07-22 00:00:00+05:30,2119.835647267449,2119.835647267449,2039.09083452282,2045.6868896484375,6950011,0.0,0.0,HINDUNILVR.NS,137
2020-07-23 00:00:00+05:30,2056.1492819913246,2062.6542671994703,2006.6106855282655,2011.8875732421875,3936886,0.0,0.0,HINDUNILVR.NS,138
2020-07-24 00:00:00+05:30,2001.5615142531026,2019.75752801904,1972.4934266858795,2010.022705078125,4203314,0.0,0.0,HINDUNILVR.NS,139
2020-07-27 00:00:00+05:30,2017.7105617278498,2034.2688905306559,1987.6871377454265,2021.122314453125,2209409,0.0,0.0,HINDUNILVR.NS,140
2020-07-28 00:00:00+05:30,2029.7194185168623,2042.41109130228,2011.6144770803762,2040.273193359375,1567837,0.0,0.0,HINDUNILVR.NS,141
2020-07-29 00:00:00+05:30,2033.4041813991173,2058.150711352917,2015.208170827313,2030.0379638671875,2404978,0.0,0.0,HINDUNILVR.NS,142
2020-07-30 00:00:00+05:30,2038.718078205488,2044.8854903538966,2001.074066446783,2006.099365234375,2044966,9.5,0.0,HINDUNILVR.NS,143
2020-07-31 00:00:00+05:30,2007.8353633275335,2030.1750568859052,1990.0183942331594,2019.1650390625,1715659,0.0,0.0,HINDUNILVR.NS,144
2020-08-03 00:00:00+05:30,2019.0740513507405,2031.1804549118158,1999.65812111128,2014.2314453125,1683773,0.0,0.0,HINDUNILVR.NS,145
2020-08-04 00:00:00+05:30,2019.1653891021456,2027.3886070328067,1987.369124892173,2008.10986328125,1981720,0.0,0.0,HINDUNILVR.NS,146
2020-08-05 00:00:00+05:30,2011.9470883849006,2019.1651562863688,1992.8053112450007,2005.14013671875,1715477,0.0,0.0,HINDUNILVR.NS,147
2020-08-06 00:00:00+05:30,2010.1191505671875,2036.616175733755,2002.855355523251,2028.8040771484375,1824483,0.0,0.0,HINDUNILVR.NS,148
2020-08-07 00:00:00+05:30,2031.1344378702406,2041.9160328065227,2014.6880051749351,2019.759033203125,1777905,0.0,0.0,HINDUNILVR.NS,149
2020-08-10 00:00:00+05:30,2026.5660078585236,2034.5608016226183,2009.0231907271145,2016.2869873046875,1476289,0.0,0.0,HINDUNILVR.NS,150
2020-08-11 00:00:00+05:30,2018.3884484747514,2040.2712957250844,2015.601647276998,2019.8502197265625,1665204,0.0,0.0,HINDUNILVR.NS,151
2020-08-12 00:00:00+05:30,2010.1656695880927,2018.3888875262162,2000.9830316100424,2005.6429443359375,1170430,0.0,0.0,HINDUNILVR.NS,152
2020-08-13 00:00:00+05:30,2010.1198023023273,2025.652546229209,2001.8508557745015,2008.88623046875,1453227,0.0,0.0,HINDUNILVR.NS,153
2020-08-14 00:00:00+05:30,2013.7745211467636,2024.7388107355846,1978.1863091368577,1986.2723388671875,1341664,0.0,0.0,HINDUNILVR.NS,154
2020-08-17 00:00:00+05:30,1992.7592872212306,2013.4542910039734,1981.2466959216495,2006.5103759765625,1559579,0.0,0.0,HINDUNILVR.NS,155
2020-08-18 00:00:00+05:30,2013.7742911835069,2025.469576689846,2000.0689307625664,2023.2310791015625,1339001,0.0,0.0,HINDUNILVR.NS,156
2020-08-19 00:00:00+05:30,2015.6015251442795,2029.7637298767077,2000.9824750979021,2004.2718505859375,1585107,0.0,0.0,HINDUNILVR.NS,157
2020-08-20 00:00:00+05:30,1997.3281069344225,2008.109703086121,1988.328163245092,1997.053955078125,1768939,0.0,0.0,HINDUNILVR.NS,158
2020-08-21 00:00:00+05:30,2009.2058744974968,2018.0686297848413,1998.6527021663455,2011.99267578125,1374411,0.0,0.0,HINDUNILVR.NS,159
2020-08-24 00:00:00+05:30,2015.601831811311,2020.764095416759,2002.0791638471835,2005.0029296875,1665474,0.0,0.0,HINDUNILVR.NS,160
2020-08-25 00:00:00+05:30,2005.0027263609152,2008.2006437208129,1987.2772165079434,1991.0234375,1774886,0.0,0.0,HINDUNILVR.NS,161
2020-08-26 00:00:00+05:30,1993.7646359059706,1997.3279405338412,1973.5719814972997,1994.4041748046875,2148146,0.0,0.0,HINDUNILVR.NS,162
2020-08-27 00:00:00+05:30,1993.7647082501742,1999.1553945379965,1978.140506935449,1983.85107421875,2172203,0.0,0.0,HINDUNILVR.NS,163
2020-08-28 00:00:00+05:30,1990.9320530741388,1994.0385122542646,1959.8665689968004,1966.2166748046875,1939520,0.0,0.0,HINDUNILVR.NS,164
2020-08-31 00:00:00+05:30,1966.2626920026667,1980.4249000538011,1919.3445780379,1934.6033935546875,3534275,0.0,0.0,HINDUNILVR.NS,165
2020-09-01 00:00:00+05:30,1964.3892094880744,1987.1857470691334,1929.486270541007,1975.079345703125,1738003,0.0,0.0,HINDUNILVR.NS,166
2020-09-02 00:00:00+05:30,1983.6223287481655,1996.413997381272,1952.1457316183566,1956.805419921875,1667810,0.0,0.0,HINDUNILVR.NS,167
2020-09-03 00:00:00+05:30,1967.1764362486101,1968.5012433916772,1944.3798937354352,1954.521728515625,1590711,0.0,0.0,HINDUNILVR.NS,168
2020-09-04 00:00:00+05:30,1932.4556797385965,1956.1201777947927,1931.5419891098786,1941.272705078125,1590491,0.0,0.0,HINDUNILVR.NS,169
2020-09-07 00:00:00+05:30,1942.5067024083287,1986.3638621992975,1922.1770814635568,1975.9478759765625,2362992,0.0,0.0,HINDUNILVR.NS,170
2020-09-08 00:00:00+05:30,1968.0897474499286,1983.9423701586197,1947.211825943199,1957.3538818359375,1804209,0.0,0.0,HINDUNILVR.NS,171
2020-09-09 00:00:00+05:30,1938.8518326032874,1959.135723278732,1927.8875432577456,1948.2171630859375,2009898,0.0,0.0,HINDUNILVR.NS,172
2020-09-10 00:00:00+05:30,1957.125593704858,1958.5875881378524,1935.3797091609977,1949.724609375,2137794,0.0,0.0,HINDUNILVR.NS,173
2020-09-11 00:00:00+05:30,1941.5929312229543,1981.795326034159,1941.1360858273724,1972.8868408203125,1934110,0.0,0.0,HINDUNILVR.NS,174
2020-09-14 00:00:00+05:30,1979.9680864456711,1982.4350071449207,1932.4561618978285,1940.2225341796875,2096908,0.0,0.0,HINDUNILVR.NS,175
2020-09-15 00:00:00+05:30,1952.4654920516493,1952.556950345718,1926.9736117356663,1941.090087890625,1224058,0.0,0.0,HINDUNILVR.NS,176
2020-09-16 00:00:00+05:30,1941.5929361409676,1972.612693965741,1930.3544947673788,1958.4962158203125,2087841,0.0,0.0,HINDUNILVR.NS,177
2020-09-17 00:00:00+05:30,1950.7298657111814,1959.9125029012887,1939.080307965131,1944.5167236328125,1741644,0.0,0.0,HINDUNILVR.NS,178
2020-09-18 00:00:00+05:30,1937.0245251576991,1943.9229354153483,1909.6138007450902,1917.5628662109375,4475166,0.0,0.0,HINDUNILVR.NS,179
2020-09-21 00:00:00+05:30,1917.5627452013437,1917.8368970419785,1847.574055591422,1861.9190673828125,3483963,0.0,0.0,HINDUNILVR.NS,180
2020-09-22 00:00:00+05:30,1864.431655686524,1877.4060193828475,1827.4271812808759,1851.868408203125,2345687,0.0,0.0,HINDUNILVR.NS,181
2020-09-23 00:00:00+05:30,1859.3607998220582,1882.2030700901423,1851.0005065970347,1875.3961181640625,2410295,0.0,0.0,HINDUNILVR.NS,182
2020-09-24 00:00:00+05:30,1867.5838622908918,1901.390419485003,1859.4063748266624,1883.025146484375,3798089,0.0,0.0,HINDUNILVR.NS,183
2020-09-25 00:00:00+05:30,1902.3042299427568,1928.8012629246684,1892.1166668342246,1899.60888671875,2528873,0.0,0.0,HINDUNILVR.NS,184
2020-09-28 00:00:00+05:30,1903.217679292727,1911.7607763462502,1882.2027937316457,1885.218017578125,1523704,0.0,0.0,HINDUNILVR.NS,185
2020-09-29 00:00:00+05:30,1886.7716000877524,1890.6547861896279,1849.9955434758724,1857.7161865234375,2298844,0.0,0.0,HINDUNILVR.NS,186
2020-09-30 00:00:00+05:30,1862.969902513351,1916.0097006428102,1858.4471774475328,1889.7410888671875,2417367,0.0,0.0,HINDUNILVR.NS,187
2020-10-01 00:00:00+05:30,1909.6134315800268,1926.8820953939864,1891.3396188376341,1914.181884765625,2131531,0.0,0.0,HINDUNILVR.NS,188
2020-10-05 00:00:00+05:30,1918.750474883313,1940.0395128612984,1902.4867357681173,1928.8468017578125,1646110,0.0,0.0,HINDUNILVR.NS,189
2020-10-06 00:00:00+05:30,1936.1106065889242,1955.2981114206218,1926.1057379690574,1933.278076171875,1679499,0.0,0.0,HINDUNILVR.NS,190
2020-10-07 00:00:00+05:30,1939.7654130916019,1964.4350627164126,1930.6285058231535,1954.704345703125,2428544,0.0,0.0,HINDUNILVR.NS,191
2020-10-08 00:00:00+05:30,1961.6940017989666,1978.1404349766012,1961.0087337498985,1974.302978515625,1617365,0.0,0.0,HINDUNILVR.NS,192
2020-10-09 00:00:00+05:30,1964.4354277028108,1979.9224437864684,1938.0298500185252,1954.9786376953125,2001026,0.0,0.0,HINDUNILVR.NS,193
2020-10-12 00:00:00+05:30,1960.049078345444,1962.2420696803651,1940.0393429446608,1953.8359375,1741166,0.0,0.0,HINDUNILVR.NS,194
2020-10-13 00:00:00+05:30,1953.4252638161208,1967.4047781177055,1944.334084678731,1953.6536865234375,1679160,0.0,0.0,HINDUNILVR.NS,195
2020-10-14 00:00:00+05:30,1948.5367304705635,1978.1402177112511,1947.074736232183,1971.88134765625,2123033,0.0,0.0,HINDUNILVR.NS,196
2020-10-15 00:00:00+05:30,1973.5720884284572,1991.5717522137425,1956.257692729432,1966.76513671875,2344437,0.0,0.0,HINDUNILVR.NS,197
2020-10-16 00:00:00+05:30,1984.4447850965353,1984.4447850965353,1958.998632391641,1964.9376220703125,1640399,0.0,0.0,HINDUNILVR.NS,198
2020-10-19 00:00:00+05:30,1967.6789348356185,1996.4144668731403,1966.3541277437234,1989.8359375,1605969,0.0,0.0,HINDUNILVR.NS,199
2020-10-20 00:00:00+05:30,1993.7645982702825,2017.885943916752,1948.4911787318347,1985.5413818359375,5855290,0.0,0.0,HINDUNILVR.NS,200
2020-10-21 00:00:00+05:30,2000.982882898948,2007.1502958941844,1951.6435789370562,1976.4501953125,3954242,0.0,0.0,HINDUNILVR.NS,201
2020-10-22 00:00:00+05:30,1973.572069511656,1998.4701430737823,1967.3589276419789,1991.2520751953125,2632958,0.0,0.0,HINDUNILVR.NS,202
2020-10-23 00:00:00+05:30,1999.9775060012953,1999.9775060012953,1955.2981195074483,1958.81591796875,2805684,0.0,0.0,HINDUNILVR.NS,203
2020-10-26 00:00:00+05:30,1964.4351813542028,1984.5363785587574,1957.3998069464164,1979.739501953125,1646050,0.0,0.0,HINDUNILVR.NS,204
2020-10-27 00:00:00+05:30,1970.8307826823122,2000.0688842334637,1966.6734455042053,1988.8304443359375,2334808,0.0,0.0,HINDUNILVR.NS,205
2020-10-28 00:00:00+05:30,2008.3721534587794,2008.3721534587794,1971.7260132497295,1990.3480224609375,1555483,14.0,0.0,HINDUNILVR.NS,206
2020-10-29 00:00:00+05:30,1969.794809023619,1986.3477065784396,1945.885068111101,1951.4947509765625,1934367,0.0,0.0,HINDUNILVR.NS,207
2020-10-30 00:00:00+05:30,1947.9080894484014,1949.563424050674,1901.7439438381102,1904.7786865234375,2414313,0.0,0.0,HINDUNILVR.NS,208
2020-11-02 00:00:00+05:30,1905.42236328125,1919.814097793291,1890.708677078306,1905.42236328125,1486077,0.0,0.0,HINDUNILVR.NS,209
2020-11-03 00:00:00+05:30,1923.6304591459655,1923.6304591459655,1878.753674490481,1890.4326171875,2227402,0.0,0.0,HINDUNILVR.NS,210
2020-11-04 00:00:00+05:30,1885.1912694589278,1917.377461864324,1885.1452442814507,1894.433349609375,1479878,0.0,0.0,HINDUNILVR.NS,211
2020-11-05 00:00:00+05:30,1919.2168502487336,1942.2069898060975,1895.5830316863799,1933.3328857421875,2083827,0.0,0.0,HINDUNILVR.NS,212
2020-11-06 00:00:00+05:30,1935.769557423617,1953.19603656527,1918.297053104829,1925.791748046875,2127821,0.0,0.0,HINDUNILVR.NS,213
2020-11-09 00:00:00+05:30,1949.5635211521565,1965.7944672659644,1938.574281112422,1961.1046142578125,2194404,0.0,0.0,HINDUNILVR.NS,214
2020-11-10 00:00:00+05:30,1967.9553035051993,1971.817600787047,1924.27405260964,1964.8287353515625,2471703,0.0,0.0,HINDUNILVR.NS,215
2020-11-11 00:00:00+05:30,1964.8290457908245,1966.66825664544,1935.4016721169785,1959.8170166015625,2759942,0.0,0.0,HINDUNILVR.NS,216
2020-11-12 00:00:00+05:30,1957.8396383965774,2026.8100343006372,1952.5519080439326,2015.8668212890625,3010512,0.0,0.0,HINDUNILVR.NS,217
2020-11-13 00:00:00+05:30,2027.7299466976137,2040.0525694936434,2003.1305017660213,2009.6597900390625,2799165,0.0,0.0,HINDUNILVR.NS,218
2020-11-14 00:00:00+05:30,2020.372808612695,2020.372808612695,2006.5787293549843,2011.8204345703125,258276,0.0,0.0,HINDUNILVR.NS,219
2020-11-17 00:00:00+05:30,2041.8460927818624,2041.8460927818624,1997.3830785530497,2002.532958984375,2733542,0.0,0.0,HINDUNILVR.NS,220
2020-11-18 00:00:00+05:30,1995.543751335439,1995.543751335439,1954.9890627127606,1960.6907958984375,3315051,0.0,0.0,HINDUNILVR.NS,221
2020-11-19 00:00:00+05:30,1954.897582253296,1974.7609280265722,1944.5059943212025,1959.4495849609375,2704650,0.0,0.0,HINDUNILVR.NS,222
2020-11-20 00:00:00+05:30,1963.357637430359,1969.7948755858686,1931.631249378206,1949.79345703125,2827038,0.0,0.0,HINDUNILVR.NS,223
2020-11-23 00:00:00+05:30,1967.9556712881486,1967.9556712881486,1926.5734258638652,1958.207763671875,3244576,0.0,0.0,HINDUNILVR.NS,224
2020-11-24 00:00:00+05:30,1960.5989215646998,1987.2674810043698,1951.770618979447,1983.9110107421875,1989749,0.0,0.0,HINDUNILVR.NS,225
2020-11-25 00:00:00+05:30,1988.186997181898,1996.463446291351,1956.9204116572985,1964.139404296875,1786536,0.0,0.0,HINDUNILVR.NS,226
2020-11-26 00:00:00+05:30,1967.955927980894,1988.1872506049967,1951.9088556203012,1981.0142822265625,1630887,0.0,0.0,HINDUNILVR.NS,227
2020-11-27 00:00:00+05:30,1992.7850980701562,1993.2449008154424,1955.0812729566924,1966.3004150390625,5687861,0.0,0.0,HINDUNILVR.NS,228
2020-12-01 00:00:00+05:30,1985.4280461322244,1985.4280461322244,1958.3917373472175,1961.5643310546875,2226742,0.0,0.0,HINDUNILVR.NS,229
2020-12-02 00:00:00+05:30,1972.5534731636474,1977.0594495675293,1951.494600481469,1967.311767578125,1634682,0.0,0.0,HINDUNILVR.NS,230
2020-12-03 00:00:00+05:30,1979.9105900291718,1983.0371588426672,1949.65565967092,1956.6905517578125,3469163,0.0,0.0,HINDUNILVR.NS,231
2020-12-04 00:00:00+05:30,1968.8751427795705,2018.9015862612357,1962.0701526891428,2008.60205078125,3712143,0.0,0.0,HINDUNILVR.NS,232
2020-12-07 00:00:00+05:30,2013.2465421120007,2077.940885308843,2011.1774295301796,2074.76806640625,4147649,0.0,0.0,HINDUNILVR.NS,233
2020-12-08 00:00:00+05:30,2077.848302790549,2095.044878052663,2060.0538493389577,2078.30810546875,2768211,0.0,0.0,HINDUNILVR.NS,234
2020-12-09 00:00:00+05:30,2078.3081848886513,2111.413978984223,2062.9047945802954,2107.91943359375,2123890,0.0,0.0,HINDUNILVR.NS,235
2020-12-10 00:00:00+05:30,2105.8964680445265,2168.3375879249943,2092.14841155095,2161.486572265625,3041370,0.0,0.0,HINDUNILVR.NS,236
2020-12-11 00:00:00+05:30,2176.016361611255,2193.258963525766,2145.439480882856,2183.8330078125,2611218,0.0,0.0,HINDUNILVR.NS,237
2020-12-14 00:00:00+05:30,2189.5344713606637,2199.1443030598116,2166.728212130443,2180.154541015625,1575632,0.0,0.0,HINDUNILVR.NS,238
2020-12-15 00:00:00+05:30,2171.188313177259,2173.9011041593926,2121.805548923737,2133.530517578125,2207176,0.0,0.0,HINDUNILVR.NS,239
2020-12-16 00:00:00+05:30,2130.8175215680576,2165.578422152994,2117.850997086811,2155.5087890625,1748634,0.0,0.0,HINDUNILVR.NS,240
2020-12-17 00:00:00+05:30,2153.7160188956173,2153.7160188956173,2124.2886437441825,2129.16259765625,1912868,0.0,0.0,HINDUNILVR.NS,241
2020-12-18 00:00:00+05:30,2135.3240770297716,2155.463348674565,2126.1280215731404,2145.853515625,2229891,0.0,0.0,HINDUNILVR.NS,242
2020-12-21 00:00:00+05:30,2154.6356368772995,2161.0728752290456,2082.998459882376,2120.564208984375,2003069,0.0,0.0,HINDUNILVR.NS,243
2020-12-22 00:00:00+05:30,2124.288646478459,2145.715498940788,2097.620087713145,2125.208251953125,1764488,0.0,0.0,HINDUNILVR.NS,244
2020-12-23 00:00:00+05:30,2133.4844021302397,2186.1778333440784,2118.0810125889975,2179.78662109375,1559556,0.0,0.0,HINDUNILVR.NS,245
2020-12-24 00:00:00+05:30,2190.9601058110397,2216.2492570848294,2170.315007219231,2209.122314453125,2489444,0.0,0.0,HINDUNILVR.NS,246
2020-12-28 00:00:00+05:30,2211.651442922354,2223.0544624278223,2185.0289060068408,2196.845703125,1532477,0.0,0.0,HINDUNILVR.NS,247
2020-12-29 00:00:00+05:30,2202.4552126423537,2209.812056776441,2164.9352626558957,2192.615478515625,1749013,0.0,0.0,HINDUNILVR.NS,248
2020-12-30 00:00:00+05:30,2197.8567759114594,2220.5249578745415,2184.982301073484,2213.122314453125,1924886,0.0,0.0,HINDUNILVR.NS,249
2020-12-31 00:00:00+05:30,2203.3746069686385,2222.6863209696157,2195.098158111077,2202.82275390625,1709836,0.0,0.0,HINDUNILVR.NS,250
2021-01-01 00:00:00+05:30,2202.822771871949,2210.7314684277826,2190.5001488331854,2195.60400390625,830096,0.0,0.0,HINDUNILVR.NS,251
2021-01-04 00:00:00+05:30,2211.650848420114,2234.6409819795745,2207.696500545282,2231.42236328125,1614486,0.0,0.0,HINDUNILVR.NS,252
2021-01-05 00:00:00+05:30,2211.6509915413803,2259.42444726687,2211.6509915413803,2253.5390625,2356303,0.0,0.0,HINDUNILVR.NS,253
2021-01-06 00:00:00+05:30,2249.171405904008,2253.0337044948114,2208.5248835663515,2222.962646484375,1641627,0.0,0.0,HINDUNILVR.NS,254
2021-01-07 00:00:00+05:30,2236.48021470069,2237.1238935440924,2174.866656154248,2178.4072265625,2403881,0.0,0.0,HINDUNILVR.NS,255
2021-01-08 00:00:00+05:30,2197.8569676104244,2207.053021868209,2171.0045340803035,2198.96044921875,2797948,0.0,0.0,HINDUNILVR.NS,256
2021-01-11 00:00:00+05:30,2230.043492226919,2245.6307616307968,2208.9846146210175,2233.81396484375,2787672,0.0,0.0,HINDUNILVR.NS,257
2021-01-12 00:00:00+05:30,2234.45724664545,2237.4919893691754,2181.304009603269,2184.890380859375,2036708,0.0,0.0,HINDUNILVR.NS,258
2021-01-13 00:00:00+05:30,2190.407783463345,2205.213518660726,2174.4987913169457,2181.625732421875,1702740,0.0,0.0,HINDUNILVR.NS,259
2021-01-14 00:00:00+05:30,2175.786283033746,2212.57049745528,2162.1300536245403,2205.719482421875,2120413,0.0,0.0,HINDUNILVR.NS,260
2021-01-15 00:00:00+05:30,2200.15589970624,2213.4901778862777,2154.451556640028,2162.130126953125,2042957,0.0,0.0,HINDUNILVR.NS,261
2021-01-18 00:00:00+05:30,2183.6034046866707,2183.6034046866707,2134.0825554195,2145.072021484375,1733797,0.0,0.0,HINDUNILVR.NS,262
2021-01-19 00:00:00+05:30,2153.715961899535,2190.5922302155027,2136.473359728051,2173.16552734375,1495269,0.0,0.0,HINDUNILVR.NS,263
2021-01-20 00:00:00+05:30,2167.509819977697,2183.0970858297046,2157.67008758978,2166.544189453125,1380562,0.0,0.0,HINDUNILVR.NS,264
2021-01-21 00:00:00+05:30,2184.982506098747,2206.960986114977,2161.0727648703937,2177.3037109375,1521133,0.0,0.0,HINDUNILVR.NS,265
2021-01-22 00:00:00+05:30,2169.3493843868764,2227.2845311509177,2167.5101733784945,2215.651611328125,2548089,0.0,0.0,HINDUNILVR.NS,266
2021-01-25 00:00:00+05:30,2225.445163897549,2236.802380882162,2193.2589735106008,2206.685302734375,2124424,0.0,0.0,HINDUNILVR.NS,267
2021-01-27 00:00:00+05:30,2230.0431480489833,2230.0431480489833,2147.278660080155,2199.052490234375,2460297,0.0,0.0,HINDUNILVR.NS,268
2021-01-28 00:00:00+05:30,2177.533319233941,2217.674225640115,2105.8961555385135,2115.4599609375,3867335,0.0,0.0,HINDUNILVR.NS,269
2021-01-29 00:00:00+05:30,2128.9785063452205,2135.5996201826633,2070.031711645958,2081.89453125,4472694,0.0,0.0,HINDUNILVR.NS,270
2021-02-01 00:00:00+05:30,2093.619705013951,2101.2985004993343,2047.225653920854,2067.824951171875,2717591,0.0,0.0,HINDUNILVR.NS,271
2021-02-02 00:00:00+05:30,2088.470106137804,2092.1025029435996,2027.7301182376427,2051.134033203125,4215607,0.0,0.0,HINDUNILVR.NS,272
2021-02-03 00:00:00+05:30,2052.099751316294,2075.54969245838,2039.3173241852473,2053.34130859375,2353429,0.0,0.0,HINDUNILVR.NS,273
2021-02-04 00:00:00+05:30,2058.996432694229,2077.3885401769826,2047.2254390026608,2065.06591796875,2908003,0.0,0.0,HINDUNILVR.NS,274
2021-02-05 00:00:00+05:30,2065.0658291703194,2101.298189548129,2060.8355548259765,2087.09033203125,4036942,0.0,0.0,HINDUNILVR.NS,275
2021-02-08 00:00:00+05:30,2104.057279094558,2104.700958009853,2050.9960892927293,2056.83544921875,2780672,0.0,0.0,HINDUNILVR.NS,276
2021-02-09 00:00:00+05:30,2066.353305110512,2073.434221689592,2032.7877084765405,2038.075439453125,3131481,0.0,0.0,HINDUNILVR.NS,277
2021-02-10 00:00:00+05:30,2041.5239486062962,2060.835661633653,2034.8568095849469,2055.77783203125,2055520,0.0,0.0,HINDUNILVR.NS,278
2021-02-11 00:00:00+05:30,2061.7551822974206,2085.6649212535904,2054.444364711504,2081.06689453125,1824480,0.0,0.0,HINDUNILVR.NS,279
2021-02-12 00:00:00+05:30,2085.6650709386126,2089.5733939330967,2052.5592761618095,2061.341552734375,1222094,0.0,0.0,HINDUNILVR.NS,280
2021-02-15 00:00:00+05:30,2070.0312857533163,2079.917041560446,2035.0862884816033,2037.109375,2449407,0.0,0.0,HINDUNILVR.NS,281
2021-02-16 00:00:00+05:30,2047.9612496117384,2049.8464856062656,2013.981874589266,2019.5455322265625,2396356,0.0,0.0,HINDUNILVR.NS,282
2021-02-17 00:00:00+05:30,2019.4535058703643,2024.5573608629459,1986.3477106921616,1989.93408203125,2447956,0.0,0.0,HINDUNILVR.NS,283
2021-02-18 00:00:00+05:30,1990.0262712290378,1994.2105210919506,1970.8984322221913,1974.255126953125,3205806,0.0,0.0,HINDUNILVR.NS,284
2021-02-19 00:00:00+05:30,1979.8186534577071,2017.6145305025216,1977.1518872289978,2005.751708984375,3364030,0.0,0.0,HINDUNILVR.NS,285
2021-02-22 00:00:00+05:30,2027.7300689644298,2027.7300689644298,1987.8192812217806,1993.3369140625,2678023,0.0,0.0,HINDUNILVR.NS,286
2021-02-23 00:00:00+05:30,2009.338024612467,2016.0972148666172,1995.7278182616787,2004.05029296875,2062144,0.0,0.0,HINDUNILVR.NS,287
2021-02-24 00:00:00+05:30,2012.5561077732596,2012.5561077732596,1982.2551594151203,2003.6820068359375,924143,0.0,0.0,HINDUNILVR.NS,288
2021-02-25 00:00:00+05:30,2001.981241303767,2009.3380855529313,1986.3479472742936,1989.3826904296875,2099460,0.0,0.0,HINDUNILVR.NS,289
2021-02-26 00:00:00+05:30,1984.50861462952,2006.9468984095438,1949.5636065869244,1960.6448974609375,3413194,0.0,0.0,HINDUNILVR.NS,290
2021-03-01 00:00:00+05:30,1963.5414338328724,1980.8300605077861,1956.9203197588527,1971.0821533203125,1229276,0.0,0.0,HINDUNILVR.NS,291
2021-03-02 00:00:00+05:30,1988.1870736338544,2008.32634410272,1968.4615807337623,2002.854736328125,2095135,0.0,0.0,HINDUNILVR.NS,292
2021-03-03 00:00:00+05:30,2027.72975819894,2027.72975819894,1998.7621902246694,2017.154296875,2031893,0.0,0.0,HINDUNILVR.NS,293
2021-03-04 00:00:00+05:30,2009.3380342639252,2026.3507361558625,1999.2223736795302,2020.28125,2290915,0.0,0.0,HINDUNILVR.NS,294
2021-03-05 00:00:00+05:30,2008.969944290261,2032.2818052847235,2000.371544433126,2024.1434326171875,2129837,0.0,0.0,HINDUNILVR.NS,295
2021-03-08 00:00:00+05:30,2032.3278707868467,2037.937553357579,1994.6240505595795,1999.7279052734375,1440724,0.0,0.0,HINDUNILVR.NS,296
2021-03-09 00:00:00+05:30,2001.061441039345,2027.7299988473142,1988.2329900308796,2021.7525634765625,1711842,0.0,0.0,HINDUNILVR.NS,297
2021-03-10 00:00:00+05:30,2032.7879191353597,2057.065414068962,2016.8786993849574,2048.7431640625,2696085,0.0,0.0,HINDUNILVR.NS,298
2021-03-12 00:00:00+05:30,2056.2379162709776,2059.82428794762,2023.1321179768115,2027.500244140625,2038930,0.0,0.0,HINDUNILVR.NS,299
2021-03-15 00:00:00+05:30,2028.7418590635534,2039.1792471702176,2007.7748079784953,2033.1099853515625,1632022,0.0,0.0,HINDUNILVR.NS,300
2021-03-16 00:00:00+05:30,2042.7656264908264,2066.813218853807,2036.2823632598884,2063.640625,2633605,0.0,0.0,HINDUNILVR.NS,301
2021-03-17 00:00:00+05:30,2072.79052903714,2080.147372086074,2040.834242043333,2047.3175048828125,3703365,0.0,0.0,HINDUNILVR.NS,302
2021-03-18 00:00:00+05:30,2058.0764182656253,2069.019630237625,2027.7294469507165,2037.109375,2597091,0.0,0.0,HINDUNILVR.NS,303
2021-03-19 00:00:00+05:30,2026.902464581055,2138.312575176948,2015.315346091939,2126.173828125,5382214,0.0,0.0,HINDUNILVR.NS,304
2021-03-22 00:00:00+05:30,2124.3805228550004,2167.050123579854,2116.931629315011,2164.015380859375,2471516,0.0,0.0,HINDUNILVR.NS,305
2021-03-23 00:00:00+05:30,2173.027613282846,2182.1776423337556,2145.807202972689,2149.393798828125,1970612,0.0,0.0,HINDUNILVR.NS,306
2021-03-24 00:00:00+05:30,2149.39433469098,2161.900836846648,2129.392911765854,2132.19775390625,1762743,0.0,0.0,HINDUNILVR.NS,307
2021-03-25 00:00:00+05:30,2132.1972367524313,2135.32380540474,2051.6857365685196,2057.203369140625,2495833,0.0,0.0,HINDUNILVR.NS,308
2021-03-26 00:00:00+05:30,2073.710371516343,2138.0827555545443,2068.0088624041427,2131.553466796875,1929236,0.0,0.0,HINDUNILVR.NS,309
2021-03-30 00:00:00+05:30,2138.0826627841648,2212.570703939226,2138.0826627841648,2205.903564453125,3327203,0.0,0.0,HINDUNILVR.NS,310
2021-03-31 00:00:00+05:30,2194.1782229574724,2242.549551039107,2190.177850138913,2236.020263671875,2709756,0.0,0.0,HINDUNILVR.NS,311
2021-04-01 00:00:00+05:30,2250.09072221346,2250.09072221346,2199.7423224330246,2206.2255859375,1532653,0.0,0.0,HINDUNILVR.NS,312
2021-04-05 00:00:00+05:30,2207.052940103555,2222.870107938357,2157.85405164708,2182.407470703125,2545447,0.0,0.0,HINDUNILVR.NS,313
2021-04-06 00:00:00+05:30,2190.776049953906,2217.1686807617334,2186.224048000533,2214.685791015625,3683538,0.0,0.0,HINDUNILVR.NS,314
2021-04-07 00:00:00+05:30,2222.686468016741,2239.2393668269606,2195.4202550595746,2211.881103515625,1713970,0.0,0.0,HINDUNILVR.NS,315
2021-04-08 00:00:00+05:30,2212.5703673911835,2242.9173425050276,2203.006562008996,2216.15673828125,1814515,0.0,0.0,HINDUNILVR.NS,316
2021-04-09 00:00:00+05:30,2229.1233923793416,2283.3801086129974,2229.1233923793416,2276.94287109375,2604858,0.0,0.0,HINDUNILVR.NS,317
2021-04-12 00:00:00+05:30,2245.216449802625,2288.2079996810903,2241.630078762358,2264.068359375,2261945,0.0,0.0,HINDUNILVR.NS,318
2021-04-13 00:00:00+05:30,2271.425279378094,2304.4390225808465,2251.9296903038517,2257.079345703125,1811781,0.0,0.0,HINDUNILVR.NS,319
2021-04-15 00:00:00+05:30,2296.2548976457765,2296.2548976457765,2226.456931090842,2262.8271484375,3352379,0.0,0.0,HINDUNILVR.NS,320
2021-04-16 00:00:00+05:30,2271.3331882541825,2279.6556616625726,2243.8370778027124,2261.217529296875,1225517,0.0,0.0,HINDUNILVR.NS,321
2021-04-19 00:00:00+05:30,2243.8371154683555,2261.953296457031,2219.9734008847304,2240.75634765625,1746316,0.0,0.0,HINDUNILVR.NS,322
2021-04-20 00:00:00+05:30,2258.5507008942504,2258.5507008942504,2192.155240664703,2204.707763671875,1589508,0.0,0.0,HINDUNILVR.NS,323
2021-04-22 00:00:00+05:30,2197.8573162486846,2197.8573162486846,2144.520193092859,2160.521240234375,1721265,0.0,0.0,HINDUNILVR.NS,324
2021-04-23 00:00:00+05:30,2151.876758256825,2161.07281277929,2115.0925401669647,2122.219482421875,1949756,0.0,0.0,HINDUNILVR.NS,325
2021-04-26 00:00:00+05:30,2137.163006082599,2179.280979418333,2125.2081355666464,2170.866455078125,1946867,0.0,0.0,HINDUNILVR.NS,326
2021-04-27 00:00:00+05:30,2173.027508790129,2194.59221000734,2163.785429836172,2188.52294921875,1668456,0.0,0.0,HINDUNILVR.NS,327
2021-04-28 00:00:00+05:30,2188.660847789982,2248.435198675003,2176.062298736824,2213.076416015625,1951215,0.0,0.0,HINDUNILVR.NS,328
2021-04-29 00:00:00+05:30,2237.4001256397332,2252.0677880959197,2192.477308281079,2214.042236328125,3151150,0.0,0.0,HINDUNILVR.NS,329
2021-04-30 00:00:00+05:30,2216.249294676049,2246.504226362458,2142.9107547381172,2164.521484375,4010778,0.0,0.0,HINDUNILVR.NS,330
2021-05-03 00:00:00+05:30,2154.6355581695457,2220.847150225972,2151.876741833861,2214.409912109375,1692239,0.0,0.0,HINDUNILVR.NS,331
2021-05-04 00:00:00+05:30,2215.513323922793,2223.7897726690276,2181.487923521606,2214.087890625,1453111,0.0,0.0,HINDUNILVR.NS,332
2021-05-05 00:00:00+05:30,2238.3201164787306,2238.3201164787306,2178.2237984023814,2202.133544921875,1256857,0.0,0.0,HINDUNILVR.NS,333
2021-05-06 00:00:00+05:30,2207.052987709205,2222.272502172891,2185.948088416844,2197.85693359375,1377740,0.0,0.0,HINDUNILVR.NS,334
2021-05-07 00:00:00+05:30,2215.1455758644333,2229.1235333159516,2204.432038036505,2217.3525390625,1169518,0.0,0.0,HINDUNILVR.NS,335
2021-05-10 00:00:00+05:30,2228.204100928455,2250.228607498083,2221.7668625023307,2237.30810546875,988495,0.0,0.0,HINDUNILVR.NS,336
2021-05-11 00:00:00+05:30,2230.0430038534396,2230.9626092158533,2201.7651389592156,2208.984130859375,1019077,0.0,0.0,HINDUNILVR.NS,337
2021-05-12 00:00:00+05:30,2196.9376910174133,2196.9376910174133,2138.1289601391313,2141.71533203125,2053932,0.0,0.0,HINDUNILVR.NS,338
2021-05-14 00:00:00+05:30,2141.6689021128827,2190.8677904582896,2139.0021362881585,2185.76416015625,1388970,0.0,0.0,HINDUNILVR.NS,339
2021-05-17 00:00:00+05:30,2193.258704814078,2202.454758083739,2176.246006265206,2185.212158203125,811243,0.0,0.0,HINDUNILVR.NS,340
2021-05-18 00:00:00+05:30,2208.983899196901,2214.731432109227,2176.6596393901773,2183.372802734375,1153722,0.0,0.0,HINDUNILVR.NS,341
2021-05-19 00:00:00+05:30,2170.2689638732913,2188.6610737366245,2155.555275982625,2170.0390625,1323590,0.0,0.0,HINDUNILVR.NS,342
2021-05-20 00:00:00+05:30,2170.268460443937,2172.107671003635,2151.876354846954,2155.692626953125,856235,0.0,0.0,HINDUNILVR.NS,343
2021-05-21 00:00:00+05:30,2151.8766701502805,2175.924261936701,2151.8766701502805,2172.337890625,771492,0.0,0.0,HINDUNILVR.NS,344
2021-05-24 00:00:00+05:30,2165.670530689643,2170.2225321254314,2138.3122723932447,2148.703857421875,1194864,0.0,0.0,HINDUNILVR.NS,345
2021-05-25 00:00:00+05:30,2165.6707084061845,2179.2809131747836,2150.0374166682204,2155.60107421875,1098457,0.0,0.0,HINDUNILVR.NS,346
2021-05-26 00:00:00+05:30,2166.360774556357,2179.6490298521244,2156.7049162807157,2164.75146484375,811095,0.0,0.0,HINDUNILVR.NS,347
2021-05-27 00:00:00+05:30,2163.831466038069,2163.831466038069,2136.1512542066143,2139.369873046875,3755182,0.0,0.0,HINDUNILVR.NS,348
2021-05-28 00:00:00+05:30,2145.76163474316,2161.072976880512,2132.8871574340847,2135.048095703125,1215325,0.0,0.0,HINDUNILVR.NS,349
2021-05-31 00:00:00+05:30,2138.0827441653987,2156.474853792628,2133.622567775573,2151.9228515625,1178704,0.0,0.0,HINDUNILVR.NS,350
2021-06-01 00:00:00+05:30,2158.3139799724563,2173.0276670962567,2143.2325404757803,2168.70556640625,1141451,0.0,0.0,HINDUNILVR.NS,351
2021-06-02 00:00:00+05:30,2166.590587006664,2182.821534493742,2161.072953932793,2169.16552734375,1113091,0.0,0.0,HINDUNILVR.NS,352
2021-06-03 00:00:00+05:30,2178.545299669252,2180.4305357345133,2156.4747689845485,2173.257568359375,868532,0.0,0.0,HINDUNILVR.NS,353
2021-06-04 00:00:00+05:30,2179.465137057222,2179.465137057222,2146.3133123272182,2153.76220703125,1283795,0.0,0.0,HINDUNILVR.NS,354
2021-06-07 00:00:00+05:30,2164.7510643385103,2164.7510643385103,2143.600140600284,2151.23291015625,1128300,0.0,0.0,HINDUNILVR.NS,355
2021-06-08 00:00:00+05:30,2151.2331818643643,2172.108181722592,2147.4166843478283,2169.349365234375,1106664,0.0,0.0,HINDUNILVR.NS,356
2021-06-09 00:00:00+05:30,2172.1079644557776,2181.2579933238453,2157.0265256339503,2166.59033203125,1072858,0.0,0.0,HINDUNILVR.NS,357
2021-06-10 00:00:00+05:30,2173.947410829609,2207.007183786271,2165.900862671928,2187.5576171875,1944339,0.0,0.0,HINDUNILVR.NS,358
2021-06-11 00:00:00+05:30,2189.5806171635654,2196.523683342776,2170.268902354479,2176.246337890625,1128097,0.0,0.0,HINDUNILVR.NS,359
2021-06-14 00:00:00+05:30,2184.4896778788257,2199.958387931969,2164.2974075720417,2190.232666015625,1761632,17.0,0.0,HINDUNILVR.NS,360
2021-06-15 00:00:00+05:30,2185.97173727347,2218.3908096482883,2185.97173727347,2215.565673828125,1215463,0.0,0.0,HINDUNILVR.NS,361
2021-06-16 00:00:00+05:30,2209.1283528400472,2240.482319497836,2207.8778123739994,2230.339599609375,2153668,0.0,0.0,HINDUNILVR.NS,362
2021-06-17 00:00:00+05:30,2221.169487641952,2247.0120280064757,2210.424790824717,2239.416748046875,1555777,0.0,0.0,HINDUNILVR.NS,363
2021-06-18 00:00:00+05:30,2241.5474636178437,2312.5915053570707,2227.653574380543,2299.80908203125,3937751,0.0,0.0,HINDUNILVR.NS,364
2021-06-21 00:00:00+05:30,2291.518933538718,2342.509548414385,2285.0814772393387,2328.93994140625,2506277,0.0,0.0,HINDUNILVR.NS,365
2021-06-22 00:00:00+05:30,2332.4138459471405,2347.0949215050528,2298.6515104810155,2306.617431640625,1945883,0.0,0.0,HINDUNILVR.NS,366
2021-06-23 00:00:00+05:30,2311.0166958526506,2328.615620590607,2276.93031218532,2297.5859375,1035668,0.0,0.0,HINDUNILVR.NS,367
2021-06-24 00:00:00+05:30,2306.386053879867,2320.094739106344,2291.658618930599,2306.52490234375,759681,0.0,0.0,HINDUNILVR.NS,368
2021-06-25 00:00:00+05:30,2304.533110261853,2306.339270647295,2264.703960848163,2268.084716796875,1112942,0.0,0.0,HINDUNILVR.NS,369
2021-06-28 00:00:00+05:30,2269.4281193910674,2283.2292932236933,2257.571954507064,2278.783203125,694906,0.0,0.0,HINDUNILVR.NS,370
2021-06-29 00:00:00+05:30,2273.9664782307827,2313.3324966930263,2264.703885651431,2308.74755859375,1354397,0.0,0.0,HINDUNILVR.NS,371
2021-06-30 00:00:00+05:30,2308.747707768522,2320.2795910474197,2281.376699700517,2289.064697265625,1447245,0.0,0.0,HINDUNILVR.NS,372
2021-07-01 00:00:00+05:30,2300.828063521489,2300.828063521489,2281.3766185400273,2295.2705078125,735043,0.0,0.0,HINDUNILVR.NS,373
2021-07-02 00:00:00+05:30,2295.270509043941,2308.8864753107655,2271.1877676254007,2303.884765625,860231,0.0,0.0,HINDUNILVR.NS,374
2021-07-05 00:00:00+05:30,2314.721952355138,2328.0599955991747,2301.800680561692,2314.768310546875,761700,0.0,0.0,HINDUNILVR.NS,375
2021-07-06 00:00:00+05:30,2306.385808344919,2313.749525035621,2286.9343617685163,2290.17626953125,461782,0.0,0.0,HINDUNILVR.NS,376
2021-07-07 00:00:00+05:30,2276.7454245704653,2307.126775707618,2265.491464208337,2298.6513671875,623145,0.0,0.0,HINDUNILVR.NS,377
2021-07-08 00:00:00+05:30,2280.635771399949,2287.6290748581196,2258.6371114028316,2267.066162109375,1114426,0.0,0.0,HINDUNILVR.NS,378
2021-07-09 00:00:00+05:30,2260.0728423339224,2282.766196693423,2258.6370950959154,2270.678466796875,538094,0.0,0.0,HINDUNILVR.NS,379
2021-07-12 00:00:00+05:30,2272.113988899275,2278.5050874061126,2250.810025693126,2263.91650390625,543898,0.0,0.0,HINDUNILVR.NS,380
2021-07-13 00:00:00+05:30,2273.966458642325,2274.475946457303,2250.8099773934214,2257.015869140625,994396,0.0,0.0,HINDUNILVR.NS,381
2021-07-14 00:00:00+05:30,2259.8877145417077,2261.323461829811,2231.3588799811064,2236.777587890625,1377829,0.0,0.0,HINDUNILVR.NS,382
2021-07-15 00:00:00+05:30,2246.1790048078196,2246.1790048078196,2223.9487796055982,2234.4619140625,693792,0.0,0.0,HINDUNILVR.NS,383
2021-07-16 00:00:00+05:30,2241.547769214688,2250.810363302352,2228.5801374919583,2239.139404296875,545405,0.0,0.0,HINDUNILVR.NS,384
2021-07-19 00:00:00+05:30,2223.068972616286,2238.7690246030998,2221.6332252836305,2231.03466796875,463873,0.0,0.0,HINDUNILVR.NS,385
2021-07-20 00:00:00+05:30,2225.801052204124,2278.597831220202,2225.801052204124,2255.3486328125,1061476,0.0,0.0,HINDUNILVR.NS,386
2021-07-22 00:00:00+05:30,2269.3355194416285,2323.058564391675,2200.3291944626894,2202.78369140625,3546044,0.0,0.0,HINDUNILVR.NS,387
2021-07-23 00:00:00+05:30,2206.349665143976,2215.380693370321,2181.062740882705,2184.212158203125,1517589,0.0,0.0,HINDUNILVR.NS,388
2021-07-26 00:00:00+05:30,2183.425179087916,2185.9723926810825,2165.5946839357503,2175.505615234375,1311535,0.0,0.0,HINDUNILVR.NS,389
2021-07-27 00:00:00+05:30,2175.5051565084955,2185.462443909467,2160.0366715410023,2169.669677734375,1656945,0.0,0.0,HINDUNILVR.NS,390
2021-07-28 00:00:00+05:30,2176.70928944054,2193.798727783325,2170.3181909180407,2187.2685546875,912373,0.0,0.0,HINDUNILVR.NS,391
2021-07-29 00:00:00+05:30,2187.26870522038,2196.531298578877,2158.1842525297143,2162.583984375,1012663,0.0,0.0,HINDUNILVR.NS,392
2021-07-30 00:00:00+05:30,2167.446859157554,2182.7764964872226,2147.0691536441072,2161.240966796875,1708251,0.0,0.0,HINDUNILVR.NS,393
2021-08-02 00:00:00+05:30,2169.2991276221856,2179.858392442542,2153.182307393745,2160.777587890625,1229936,0.0,0.0,HINDUNILVR.NS,394
2021-08-03 00:00:00+05:30,2158.184349101901,2216.5386898716088,2154.57202798546,2210.84228515625,1733476,0.0,0.0,HINDUNILVR.NS,395
2021-08-04 00:00:00+05:30,2210.8423083201424,2218.1596670224376,2192.9654569234995,2201.811279296875,1588974,0.0,0.0,HINDUNILVR.NS,396
2021-08-05 00:00:00+05:30,2214.686033306552,2214.686033306552,2180.41443847914,2183.841552734375,921757,0.0,0.0,HINDUNILVR.NS,397
2021-08-06 00:00:00+05:30,2183.8413566060394,2205.1916772342547,2183.6561499862464,2196.623779296875,1432661,0.0,0.0,HINDUNILVR.NS,398
2021-08-09 00:00:00+05:30,2203.9876285479936,2218.391005775418,2199.7269714845506,2208.665283203125,921476,0.0,0.0,HINDUNILVR.NS,399
2021-08-10 00:00:00+05:30,2217.464624159466,2217.464624159466,2185.1382670859966,2206.164306640625,1061370,0.0,0.0,HINDUNILVR.NS,400
2021-08-11 00:00:00+05:30,2213.759254022175,2218.3905495326812,2188.0092057562624,2214.176025390625,1300594,0.0,0.0,HINDUNILVR.NS,401
2021-08-12 00:00:00+05:30,2218.3909915652443,2235.5267883685665,2202.1350958567505,2215.89013671875,1226064,0.0,0.0,HINDUNILVR.NS,402
2021-08-13 00:00:00+05:30,2223.948766005959,2231.9608191685807,2211.907394095056,2227.190673828125,1033159,0.0,0.0,HINDUNILVR.NS,403
2021-08-16 00:00:00+05:30,2226.7277089357444,2257.155422202141,2216.2145737650712,2247.475830078125,1146309,0.0,0.0,HINDUNILVR.NS,404
2021-08-17 00:00:00+05:30,2253.588806076878,2304.023578149369,2251.782645726145,2300.642822265625,1921902,0.0,0.0,HINDUNILVR.NS,405
2021-08-18 00:00:00+05:30,2301.754189220495,2315.6480776866147,2273.040153057181,2302.726806640625,1545643,0.0,0.0,HINDUNILVR.NS,406
2021-08-20 00:00:00+05:30,2306.385318679303,2436.061601657256,2293.417690381508,2426.2431640625,5779927,0.0,0.0,HINDUNILVR.NS,407
2021-08-23 00:00:00+05:30,2431.4305798667924,2475.752176320514,2403.1796721769115,2439.90576171875,2163220,0.0,0.0,HINDUNILVR.NS,408
2021-08-24 00:00:00+05:30,2439.76707964418,2461.997303604491,2417.5368556838685,2438.8408203125,1482854,0.0,0.0,HINDUNILVR.NS,409
2021-08-25 00:00:00+05:30,2437.914682774102,2469.8242731170976,2427.4015483793105,2449.9560546875,1746570,0.0,0.0,HINDUNILVR.NS,410
2021-08-26 00:00:00+05:30,2436.9878598084856,2498.8620171740326,2436.9878598084856,2469.77734375,2117291,0.0,0.0,HINDUNILVR.NS,411
2021-08-27 00:00:00+05:30,2472.186098620981,2491.637544132798,2455.6061474254425,2480.47607421875,1176229,0.0,0.0,HINDUNILVR.NS,412
2021-08-30 00:00:00+05:30,2493.119871532353,2506.2263514823885,2474.594683680686,2489.50732421875,1168190,0.0,0.0,HINDUNILVR.NS,413
2021-08-31 00:00:00+05:30,2489.692616595776,2535.5888163061054,2478.345938645937,2523.223388671875,2535891,0.0,0.0,HINDUNILVR.NS,414
2021-09-01 00:00:00+05:30,2542.581851745379,2570.369631545875,2514.794071944883,2531.3740234375,1775792,0.0,0.0,HINDUNILVR.NS,415
2021-09-02 00:00:00+05:30,2545.3604363807135,2602.788510272855,2528.8266182003094,2594.49853515625,1946183,0.0,0.0,HINDUNILVR.NS,416
2021-09-03 00:00:00+05:30,2595.563846808455,2601.6308906416407,2552.7707110310143,2562.681640625,1561823,0.0,0.0,HINDUNILVR.NS,417
2021-09-06 00:00:00+05:30,2584.2638773210524,2616.682958219345,2570.6479085712817,2575.55712890625,1444978,0.0,0.0,HINDUNILVR.NS,418
2021-09-07 00:00:00+05:30,2582.9664780816215,2601.5841521930315,2565.7379666233032,2572.8701171875,1219915,0.0,0.0,HINDUNILVR.NS,419
2021-09-08 00:00:00+05:30,2583.244750480066,2602.788914277167,2561.1999576677576,2594.35986328125,946711,0.0,0.0,HINDUNILVR.NS,420
2021-09-09 00:00:00+05:30,2576.85338636822,2615.431995964337,2576.85338636822,2603.390625,879454,0.0,0.0,HINDUNILVR.NS,421
2021-09-13 00:00:00+05:30,2591.2102686085645,2614.320391817803,2570.369435348978,2580.882568359375,1341412,0.0,0.0,HINDUNILVR.NS,422
2021-09-14 00:00:00+05:30,2595.3787778696387,2597.2312966261484,2548.185907775071,2558.837890625,1755061,0.0,0.0,HINDUNILVR.NS,423
2021-09-15 00:00:00+05:30,2569.443102157475,2579.6319536800893,2546.3329796132284,2570.7861328125,1362350,0.0,0.0,HINDUNILVR.NS,424
2021-09-16 00:00:00+05:30,2549.065474577802,2591.0250641361094,2549.065474577802,2564.1171875,1259196,0.0,0.0,HINDUNILVR.NS,425
2021-09-17 00:00:00+05:30,2565.830873509436,2577.7795275406947,2499.9737494905985,2521.50927734375,3095032,0.0,0.0,HINDUNILVR.NS,426
2021-09-20 00:00:00+05:30,2519.4250788606405,2601.862149455713,2510.2088448474565,2593.85009765625,2671330,0.0,0.0,HINDUNILVR.NS,427
2021-09-21 00:00:00+05:30,2602.7888152523547,2648.4534471673865,2590.423162276478,2605.05810546875,2277437,0.0,0.0,HINDUNILVR.NS,428
2021-09-22 00:00:00+05:30,2619.3685073001443,2630.48361857461,2569.4432229473423,2579.1689453125,1580594,0.0,0.0,HINDUNILVR.NS,429
2021-09-23 00:00:00+05:30,2592.599587445084,2609.920589836455,2568.377999010595,2577.131103515625,1054473,0.0,0.0,HINDUNILVR.NS,430
2021-09-24 00:00:00+05:30,2565.8308234733354,2575.000699538269,2529.9844098035674,2544.10986328125,1635284,0.0,0.0,HINDUNILVR.NS,431
2021-09-27 00:00:00+05:30,2561.107100919508,2561.107100919508,2505.0684102845603,2509.69970703125,1465932,0.0,0.0,HINDUNILVR.NS,432
2021-09-28 00:00:00+05:30,2524.0565628055847,2551.3348536421627,2510.069957085121,2522.991455078125,1078052,0.0,0.0,HINDUNILVR.NS,433
2021-09-29 00:00:00+05:30,2514.747924713182,2542.072577142601,2479.5964255442022,2487.284423828125,1503894,0.0,0.0,HINDUNILVR.NS,434
2021-09-30 00:00:00+05:30,2487.2841046016215,2505.8092903117777,2484.181045540162,2502.5673828125,1620199,0.0,0.0,HINDUNILVR.NS,435
2021-10-01 00:00:00+05:30,2506.4577718120127,2512.0153278470725,2482.467745382351,2504.651611328125,956111,0.0,0.0,HINDUNILVR.NS,436
2021-10-04 00:00:00+05:30,2500.8998538991655,2523.1300748227136,2482.096746807164,2488.117431640625,1025005,0.0,0.0,HINDUNILVR.NS,437
2021-10-05 00:00:00+05:30,2488.118117991991,2514.748077485908,2487.932911327372,2508.91259765625,562784,0.0,0.0,HINDUNILVR.NS,438
2021-10-06 00:00:00+05:30,2495.389323668161,2532.3933435744448,2478.6702953201225,2487.979248046875,862471,0.0,0.0,HINDUNILVR.NS,439
2021-10-07 00:00:00+05:30,2499.0477487277594,2504.836869717214,2469.407449261752,2472.556640625,1082816,0.0,0.0,HINDUNILVR.NS,440
2021-10-08 00:00:00+05:30,2473.575399368113,2481.0318317758874,2431.8010155180477,2445.370849609375,1579941,0.0,0.0,HINDUNILVR.NS,441
2021-10-11 00:00:00+05:30,2447.3620524379758,2468.943937373146,2441.1561609255027,2450.04833984375,1086252,0.0,0.0,HINDUNILVR.NS,442
2021-10-12 00:00:00+05:30,2431.4307631886486,2489.8314596996006,2431.4307631886486,2478.808837890625,1174337,0.0,0.0,HINDUNILVR.NS,443
2021-10-13 00:00:00+05:30,2489.8778184007692,2494.972244762773,2447.733018496922,2451.576904296875,1660007,0.0,0.0,HINDUNILVR.NS,444
2021-10-14 00:00:00+05:30,2451.576594967435,2479.364371617675,2426.7991607876374,2454.170166015625,2158809,0.0,0.0,HINDUNILVR.NS,445
2021-10-18 00:00:00+05:30,2475.705956779055,2481.3560029509467,2448.1497419973066,2458.292236328125,1758177,0.0,0.0,HINDUNILVR.NS,446
2021-10-19 00:00:00+05:30,2473.0191907776875,2530.5399739045233,2334.6361655294113,2358.996826171875,5431133,0.0,0.0,HINDUNILVR.NS,447
2021-10-20 00:00:00+05:30,2379.5601780833385,2393.4540677957752,2287.8605059812558,2295.87255859375,4864654,0.0,0.0,HINDUNILVR.NS,448
2021-10-21 00:00:00+05:30,2318.797439799162,2320.279545133299,2248.9575790753092,2265.398681640625,3254632,0.0,0.0,HINDUNILVR.NS,449
2021-10-22 00:00:00+05:30,2277.6713921635846,2314.027066072662,2250.809875135222,2273.1328125,1845622,0.0,0.0,HINDUNILVR.NS,450
2021-10-25 00:00:00+05:30,2273.133196503015,2281.8863022686014,2232.2850680802235,2274.754150390625,1560381,0.0,0.0,HINDUNILVR.NS,451
2021-10-26 00:00:00+05:30,2300.894986853421,2300.894986853421,2252.57343768493,2271.026123046875,1595060,15.0,0.0,HINDUNILVR.NS,452
2021-10-27 00:00:00+05:30,2287.941015276972,2288.1273600782697,2228.4358188382043,2233.51513671875,3083879,0.0,0.0,HINDUNILVR.NS,453
2021-10-28 00:00:00+05:30,2236.683630966307,2251.5948551727492,2206.861182553423,2227.037841796875,2015791,0.0,0.0,HINDUNILVR.NS,454
2021-10-29 00:00:00+05:30,2236.683763941311,2238.547667077929,2211.5210715969715,2230.2998046875,2453400,0.0,0.0,HINDUNILVR.NS,455
2021-11-01 00:00:00+05:30,2230.1596872939167,2246.8415262464987,2207.0938902774,2243.30029296875,1941114,0.0,0.0,HINDUNILVR.NS,456
2021-11-02 00:00:00+05:30,2250.6628434889876,2262.778212832821,2238.5474741451544,2254.29736328125,1350154,0.0,0.0,HINDUNILVR.NS,457
2021-11-03 00:00:00+05:30,2268.3698398989964,2268.3698398989964,2223.8225148754063,2247.26123046875,1591607,0.0,0.0,HINDUNILVR.NS,458
2021-11-04 00:00:00+05:30,2263.710170421304,2264.642121911803,2255.322607006816,2257.978759765625,245719,0.0,0.0,HINDUNILVR.NS,459
2021-11-08 00:00:00+05:30,2282.349058162674,2282.349058162674,2236.7767241249016,2266.41259765625,2555533,0.0,0.0,HINDUNILVR.NS,460
2021-11-09 00:00:00+05:30,2273.775384424244,2279.7397831949247,2252.0142252258966,2265.7138671875,1696949,0.0,0.0,HINDUNILVR.NS,461
2021-11-10 00:00:00+05:30,2246.981895032872,2255.3228161408374,2232.9559782948127,2236.823486328125,1794509,0.0,0.0,HINDUNILVR.NS,462
2021-11-11 00:00:00+05:30,2239.1998893033965,2243.160683294713,2205.183658554438,2214.503173828125,1282647,0.0,0.0,HINDUNILVR.NS,463
2021-11-12 00:00:00+05:30,2225.5000990287467,2249.3581475501583,2214.503026233296,2241.296630859375,1651974,0.0,0.0,HINDUNILVR.NS,464
2021-11-15 00:00:00+05:30,2240.5048033000144,2264.642257336452,2240.5048033000144,2259.74951171875,1007999,0.0,0.0,HINDUNILVR.NS,465
2021-11-16 00:00:00+05:30,2268.975993858515,2268.975993858515,2236.7772463700267,2242.88134765625,1245209,0.0,0.0,HINDUNILVR.NS,466
2021-11-17 00:00:00+05:30,2240.411704537913,2246.0500573696754,2224.7548717461746,2228.43603515625,956809,0.0,0.0,HINDUNILVR.NS,467
2021-11-18 00:00:00+05:30,2227.3642579494262,2242.6017571684697,2208.7252265021507,2236.12451171875,1236943,0.0,0.0,HINDUNILVR.NS,468
2021-11-22 00:00:00+05:30,2245.44423919359,2245.9102150237145,2215.3887981505522,2226.01318359375,1629290,0.0,0.0,HINDUNILVR.NS,469
2021-11-23 00:00:00+05:30,2225.314164985481,2236.683929454758,2177.5050004879345,2231.278564453125,1932539,0.0,0.0,HINDUNILVR.NS,470
2021-11-24 00:00:00+05:30,2242.2755876029714,2242.2755876029714,2205.929474586963,2213.152099609375,999070,0.0,0.0,HINDUNILVR.NS,471
2021-11-25 00:00:00+05:30,2224.5684450652166,2224.5684450652166,2181.698671930319,2189.200927734375,1363272,0.0,0.0,HINDUNILVR.NS,472
2021-11-26 00:00:00+05:30,2184.494718319799,2204.0657034242,2166.9739813875494,2176.200439453125,2450902,0.0,0.0,HINDUNILVR.NS,473
2021-11-29 00:00:00+05:30,2175.5476973960804,2182.8636083774177,2129.229748948553,2170.887939453125,1724612,0.0,0.0,HINDUNILVR.NS,474
2021-11-30 00:00:00+05:30,2163.9913769391906,2200.337485337394,2145.352346991394,2159.84423828125,3931035,0.0,0.0,HINDUNILVR.NS,475
2021-12-01 00:00:00+05:30,2180.766565193462,2196.3767532135435,2165.156377173381,2185.28662109375,1263139,0.0,0.0,HINDUNILVR.NS,476
2021-12-02 00:00:00+05:30,2196.6097465508337,2225.5002438537936,2185.4263282400107,2221.1201171875,1673117,0.0,0.0,HINDUNILVR.NS,477
2021-12-03 00:00:00+05:30,2221.120229273713,2227.270973138719,2178.8094913462674,2184.168212890625,1890178,0.0,0.0,HINDUNILVR.NS,478
2021-12-06 00:00:00+05:30,2184.494572065359,2203.086961164305,2144.420652867914,2149.54638671875,1079171,0.0,0.0,HINDUNILVR.NS,479
2021-12-07 00:00:00+05:30,2169.4902542667655,2182.3045900404536,2154.672313364827,2163.619140625,895313,0.0,0.0,HINDUNILVR.NS,480
2021-12-08 00:00:00+05:30,2160.4967192105473,2184.913804749343,2160.4967192105473,2181.325927734375,839769,0.0,0.0,HINDUNILVR.NS,481
2021-12-09 00:00:00+05:30,2181.698875142744,2188.7817988965307,2163.572460536481,2180.533935546875,716666,0.0,0.0,HINDUNILVR.NS,482
2021-12-10 00:00:00+05:30,2187.29006162018,2187.29006162018,2162.1273723727386,2174.056396484375,724539,0.0,0.0,HINDUNILVR.NS,483
2021-12-13 00:00:00+05:30,2191.9501265969234,2191.9501265969234,2144.4205957906124,2147.542724609375,1804894,0.0,0.0,HINDUNILVR.NS,484
2021-12-14 00:00:00+05:30,2148.148455146862,2166.74084420982,2147.216503539423,2160.54345703125,1219031,0.0,0.0,HINDUNILVR.NS,485
2021-12-15 00:00:00+05:30,2158.399824711456,2166.601043989555,2143.9545754528085,2163.012939453125,755122,0.0,0.0,HINDUNILVR.NS,486
2021-12-16 00:00:00+05:30,2163.0128404418224,2167.066920575215,2147.169664560781,2152.342041015625,926493,0.0,0.0,HINDUNILVR.NS,487
2021-12-17 00:00:00+05:30,2146.284588002501,2151.8296546545043,2074.524313023694,2078.485107421875,2439222,0.0,0.0,HINDUNILVR.NS,488
2021-12-20 00:00:00+05:30,2074.5239629215275,2119.5839073049447,2051.364877984946,2114.691162109375,2175705,0.0,0.0,HINDUNILVR.NS,489
2021-12-21 00:00:00+05:30,2134.1694041652086,2146.005145311675,2099.454203158591,2118.1865234375,1591415,0.0,0.0,HINDUNILVR.NS,490
2021-12-22 00:00:00+05:30,2143.488632638794,2159.7044991096,2114.5981336771406,2122.659423828125,1661605,0.0,0.0,HINDUNILVR.NS,491
2021-12-23 00:00:00+05:30,2142.509722194582,2148.148073924424,2119.816841096998,2144.093994140625,1423081,0.0,0.0,HINDUNILVR.NS,492
2021-12-24 00:00:00+05:30,2152.808008922328,2155.60386347937,2127.9249488700993,2140.64599609375,895503,0.0,0.0,HINDUNILVR.NS,493
2021-12-27 00:00:00+05:30,2140.6458303169975,2151.0372254656045,2123.2183837665043,2144.79296875,584302,0.0,0.0,HINDUNILVR.NS,494
2021-12-28 00:00:00+05:30,2152.808147832212,2160.6364500861596,2141.391740987647,2151.969482421875,783710,0.0,0.0,HINDUNILVR.NS,495
2021-12-29 00:00:00+05:30,2157.3745866697304,2163.851832067857,2142.603290881767,2149.87255859375,1410236,0.0,0.0,HINDUNILVR.NS,496
2021-12-30 00:00:00+05:30,2150.944483205255,2171.4474202202096,2140.366740597997,2167.346923828125,963711,0.0,0.0,HINDUNILVR.NS,497
2021-12-31 00:00:00+05:30,2180.7664349477936,2209.0512530102455,2171.4469202685295,2199.545166015625,1123597,0.0,0.0,HINDUNILVR.NS,498
2022-01-03 00:00:00+05:30,2216.180732504574,2216.180732504574,2192.881944315922,2200.6171875,879278,0.0,0.0,HINDUNILVR.NS,499
2022-01-04 00:00:00+05:30,2207.746552600195,2244.23259186494,2195.0721481873306,2237.8486328125,1484275,0.0,0.0,HINDUNILVR.NS,500
2022-01-05 00:00:00+05:30,2240.224543568468,2255.3221088745086,2229.2274729040596,2251.407958984375,1202512,0.0,0.0,HINDUNILVR.NS,501
2022-01-06 00:00:00+05:30,2234.8196720139936,2247.8669928681206,2206.5814963742614,2228.668701171875,1198901,0.0,0.0,HINDUNILVR.NS,502
2022-01-07 00:00:00+05:30,2225.500274338027,2257.0933404879634,2225.500274338027,2251.734619140625,1026186,0.0,0.0,HINDUNILVR.NS,503
2022-01-10 00:00:00+05:30,2259.9823901894633,2259.9823901894633,2238.547505663955,2243.25390625,919447,0.0,0.0,HINDUNILVR.NS,504
2022-01-11 00:00:00+05:30,2252.666550738767,2253.738431515085,2229.228060759648,2240.085205078125,1321335,0.0,0.0,HINDUNILVR.NS,505
2022-01-12 00:00:00+05:30,2243.3936546615473,2251.5948735474635,2235.285721938573,2248.938720703125,1487554,0.0,0.0,HINDUNILVR.NS,506
2022-01-13 00:00:00+05:30,2253.4589420121,2257.093462197997,2239.7126560755087,2249.91748046875,1586299,0.0,0.0,HINDUNILVR.NS,507
2022-01-14 00:00:00+05:30,2255.3229257419785,2256.254877364186,2200.1514352127488,2202.85400390625,1596037,0.0,0.0,HINDUNILVR.NS,508
2022-01-17 00:00:00+05:30,2203.1334171196463,2231.278307822751,2185.4263380480415,2226.94482421875,912205,0.0,0.0,HINDUNILVR.NS,509
2022-01-18 00:00:00+05:30,2244.79173391548,2244.79173391548,2196.982572171275,2208.25927734375,1667579,0.0,0.0,HINDUNILVR.NS,510
2022-01-19 00:00:00+05:30,2203.1335147732616,2207.4205830125657,2148.195015145087,2152.71484375,2145255,0.0,0.0,HINDUNILVR.NS,511
2022-01-20 00:00:00+05:30,2166.7874794656022,2167.3000983532907,2090.3674479317615,2107.88818359375,2829711,0.0,0.0,HINDUNILVR.NS,512
2022-01-21 00:00:00+05:30,2110.6837881160795,2175.501059998497,2096.8908605059737,2167.159912109375,4596050,0.0,0.0,HINDUNILVR.NS,513
2022-01-24 00:00:00+05:30,2179.741258721451,2185.37961076667,2112.4544063472613,2129.136474609375,2231103,0.0,0.0,HINDUNILVR.NS,514
2022-01-25 00:00:00+05:30,2128.1116359693074,2174.8955642434294,2088.4104038625874,2168.884521484375,1843543,0.0,0.0,HINDUNILVR.NS,515
2022-01-27 00:00:00+05:30,2152.808273860388,2167.3468103571004,2120.1899666806853,2139.1552734375,2620474,0.0,0.0,HINDUNILVR.NS,516
2022-01-28 00:00:00+05:30,2138.4560688825172,2160.9159642090744,2123.0322255762453,2128.157958984375,1967721,0.0,0.0,HINDUNILVR.NS,517
2022-01-31 00:00:00+05:30,2134.1688696141423,2154.5321002761502,2116.4617916566453,2119.024658203125,1639875,0.0,0.0,HINDUNILVR.NS,518
2022-02-01 00:00:00+05:30,2146.5642006114426,2162.1277470784976,2123.3584688786036,2148.754150390625,1270508,0.0,0.0,HINDUNILVR.NS,519
2022-02-02 00:00:00+05:30,2165.948268770932,2174.2425449482425,2140.272963036894,2169.489501953125,1246111,0.0,0.0,HINDUNILVR.NS,520
2022-02-03 00:00:00+05:30,2170.5152011712885,2173.2644127905533,2134.1690900310223,2141.764404296875,1448039,0.0,0.0,HINDUNILVR.NS,521
2022-02-04 00:00:00+05:30,2149.0803864674167,2155.371059758247,2127.6454996986613,2149.6396484375,1014561,0.0,0.0,HINDUNILVR.NS,522
2022-02-07 00:00:00+05:30,2139.0620094559067,2159.052326700844,2084.7758262293273,2103.97412109375,1207402,0.0,0.0,HINDUNILVR.NS,523
2022-02-08 00:00:00+05:30,2113.6664252233313,2113.6664252233313,2093.6761070510775,2110.264892578125,1190660,0.0,0.0,HINDUNILVR.NS,524
2022-02-09 00:00:00+05:30,2113.246849392447,2125.1758751143198,2102.1100735239675,2122.659423828125,1049611,0.0,0.0,HINDUNILVR.NS,525
2022-02-10 00:00:00+05:30,2124.8495997875057,2129.5093576817767,2102.343060169074,2127.78515625,1195100,0.0,0.0,HINDUNILVR.NS,526
2022-02-11 00:00:00+05:30,2123.917416568347,2123.917416568347,2095.9588722519584,2104.346435546875,2100036,0.0,0.0,HINDUNILVR.NS,527
2022-02-14 00:00:00+05:30,2068.9324036515213,2084.076616065637,2056.8170337202287,2076.900634765625,1661501,0.0,0.0,HINDUNILVR.NS,528
2022-02-15 00:00:00+05:30,2094.9805546971043,2147.356189136219,2071.3090750569004,2134.262451171875,1533070,0.0,0.0,HINDUNILVR.NS,529
2022-02-16 00:00:00+05:30,2134.262098640158,2146.983144873997,2120.189540787127,2130.906982421875,995668,0.0,0.0,HINDUNILVR.NS,530
2022-02-17 00:00:00+05:30,2126.7132526602286,2155.6037482046927,2121.1215438451713,2150.524658203125,869374,0.0,0.0,HINDUNILVR.NS,531
2022-02-18 00:00:00+05:30,2137.896823812407,2169.3968312380184,2137.896823812407,2155.1845703125,890713,0.0,0.0,HINDUNILVR.NS,532
2022-02-21 00:00:00+05:30,2141.6245332597973,2147.2628853040674,2129.2761759640216,2138.642333984375,737919,0.0,0.0,HINDUNILVR.NS,533
2022-02-22 00:00:00+05:30,2124.8498023439092,2124.8498023439092,2096.984538490743,2115.483642578125,902667,0.0,0.0,HINDUNILVR.NS,534
2022-02-23 00:00:00+05:30,2115.5300780960574,2119.2112413168115,2098.987937617553,2106.583251953125,1324411,0.0,0.0,HINDUNILVR.NS,535
2022-02-24 00:00:00+05:30,2050.2933083158705,2089.435271474628,2013.2948791212511,2023.639404296875,2997629,0.0,0.0,HINDUNILVR.NS,536
2022-02-25 00:00:00+05:30,2045.6338976449376,2046.565849306735,2015.0191945439938,2022.9874267578125,2193728,0.0,0.0,HINDUNILVR.NS,537
2022-02-28 00:00:00+05:30,2016.7432154626063,2031.561154546837,1975.7373460169708,2024.2921142578125,2334036,0.0,0.0,HINDUNILVR.NS,538
2022-03-02 00:00:00+05:30,1984.078217385975,2008.169256092091,1978.5797942227177,2002.857177734375,2034688,0.0,0.0,HINDUNILVR.NS,539
2022-03-03 00:00:00+05:30,2011.0582870932244,2020.4244462739819,1944.6103193588601,1948.7108154296875,2372998,0.0,0.0,HINDUNILVR.NS,540
2022-03-04 00:00:00+05:30,1933.7993579325212,1936.5485693455835,1840.8371960270904,1882.0760498046875,6320118,0.0,0.0,HINDUNILVR.NS,541
2022-03-07 00:00:00+05:30,1844.7981606469089,1845.4039519292721,1795.8707024837552,1811.667236328125,2976453,0.0,0.0,HINDUNILVR.NS,542
2022-03-08 00:00:00+05:30,1793.5876067911372,1824.7613442089691,1772.1527186824517,1816.373779296875,3211938,0.0,0.0,HINDUNILVR.NS,543
2022-03-09 00:00:00+05:30,1830.3529842766425,1870.47354708001,1818.237613199455,1861.9461669921875,2879079,0.0,0.0,HINDUNILVR.NS,544
2022-03-10 00:00:00+05:30,1912.271187303623,1970.1454663272466,1909.5686189709218,1958.9154052734375,4879791,0.0,0.0,HINDUNILVR.NS,545
2022-03-11 00:00:00+05:30,1957.0982922511694,1966.604152736656,1929.1397452190097,1951.8792724609375,2481643,0.0,0.0,HINDUNILVR.NS,546
2022-03-14 00:00:00+05:30,1952.4385952495188,1952.4385952495188,1906.8661394143592,1919.16796875,1730325,0.0,0.0,HINDUNILVR.NS,547
2022-03-15 00:00:00+05:30,1905.840855872102,1939.2047657492935,1887.2018254968248,1899.5035400390625,2391023,0.0,0.0,HINDUNILVR.NS,548
2022-03-16 00:00:00+05:30,1919.820068886976,1938.459098681995,1893.7720702538804,1931.1431884765625,2808685,0.0,0.0,HINDUNILVR.NS,549
2022-03-17 00:00:00+05:30,1955.3273822863605,1972.6615423325109,1940.6491472939442,1959.008544921875,2995889,0.0,0.0,HINDUNILVR.NS,550
2022-03-21 00:00:00+05:30,1963.1559859802433,1967.2564818852334,1906.772915886816,1911.6190185546875,1674982,0.0,0.0,HINDUNILVR.NS,551
2022-03-22 00:00:00+05:30,1913.9956669631626,1913.9956669631626,1835.0127660379633,1857.8455810546875,5356303,0.0,0.0,HINDUNILVR.NS,552
2022-03-23 00:00:00+05:30,1875.086576603245,1879.3270017923637,1840.8373560812922,1843.912841796875,3212162,0.0,0.0,HINDUNILVR.NS,553
2022-03-24 00:00:00+05:30,1835.944513675644,1855.841656083822,1818.5635948924385,1832.12353515625,3054664,0.0,0.0,HINDUNILVR.NS,554
2022-03-25 00:00:00+05:30,1840.5110793978479,1842.4681548369097,1812.6457062001969,1820.101318359375,2233647,0.0,0.0,HINDUNILVR.NS,555
2022-03-28 00:00:00+05:30,1826.578299696128,1846.0095795115542,1799.8779801914297,1840.6973876953125,1794533,0.0,0.0,HINDUNILVR.NS,556
2022-03-29 00:00:00+05:30,1845.2640467322778,1859.1035043300467,1839.7189805821397,1851.8343505859375,1249125,0.0,0.0,HINDUNILVR.NS,557
2022-03-30 00:00:00+05:30,1863.9031387008545,1881.6102185185125,1859.2900239380176,1878.72119140625,1476829,0.0,0.0,HINDUNILVR.NS,558
2022-03-31 00:00:00+05:30,1881.9829628559494,1914.2284633911195,1880.6782079470688,1909.242431640625,2540524,0.0,0.0,HINDUNILVR.NS,559
2022-04-01 00:00:00+05:30,1915.0669915264236,1943.9110716476312,1899.6899059801547,1936.73486328125,1714996,0.0,0.0,HINDUNILVR.NS,560
2022-04-04 00:00:00+05:30,1936.5953927510382,1987.340111025808,1929.326124885889,1983.6123046875,1693019,0.0,0.0,HINDUNILVR.NS,561
2022-04-05 00:00:00+05:30,1998.5700681181766,2011.1514138489274,1982.260916244981,1994.18994140625,1277652,0.0,0.0,HINDUNILVR.NS,562
2022-04-06 00:00:00+05:30,1989.7165612946765,2017.115845881939,1976.948870552003,1996.286865234375,1736115,0.0,0.0,HINDUNILVR.NS,563
2022-04-07 00:00:00+05:30,1994.3296824042986,2026.9946298762572,1989.809853883904,2017.48876953125,1824732,0.0,0.0,HINDUNILVR.NS,564
2022-04-08 00:00:00+05:30,2029.5106727212442,2044.2355514672536,2016.2770073395957,2034.4967041015625,1693462,0.0,0.0,HINDUNILVR.NS,565
2022-04-11 00:00:00+05:30,2039.1104270014414,2044.7954236817825,1993.351505110377,2015.8582763671875,1380107,0.0,0.0,HINDUNILVR.NS,566
2022-04-12 00:00:00+05:30,1995.2149763958494,2017.6750996943333,1980.3970378062163,1987.1536865234375,1370233,0.0,0.0,HINDUNILVR.NS,567
2022-04-13 00:00:00+05:30,1992.2326870761876,2017.6750086725144,1985.709026540064,2005.6993408203125,1071601,0.0,0.0,HINDUNILVR.NS,568
2022-04-18 00:00:00+05:30,2001.8319605222355,2034.3569791120044,1989.7632332675512,2029.4642333984375,1828131,0.0,0.0,HINDUNILVR.NS,569
2022-04-19 00:00:00+05:30,2036.9661899757282,2056.6770991874923,1958.0765926334595,1969.260009765625,1775996,0.0,0.0,HINDUNILVR.NS,570
2022-04-20 00:00:00+05:30,1970.5183418745341,2021.0767154008463,1950.2950379694578,2017.6285400390625,1511804,0.0,0.0,HINDUNILVR.NS,571
2022-04-21 00:00:00+05:30,2036.3143284374878,2053.7884216449033,2020.4711505960977,2048.383056640625,2244813,0.0,0.0,HINDUNILVR.NS,572
2022-04-22 00:00:00+05:30,2033.5183351398482,2040.0419961600035,1975.7373375327581,1982.21435546875,3520828,0.0,0.0,HINDUNILVR.NS,573
2022-04-25 00:00:00+05:30,1957.0981555136557,2014.8791486764399,1907.7047258745017,1957.797119140625,2437310,0.0,0.0,HINDUNILVR.NS,574
2022-04-26 00:00:00+05:30,1996.4265645770997,2011.1048014871922,1976.6692372257871,2002.158203125,1447088,0.0,0.0,HINDUNILVR.NS,575
2022-04-27 00:00:00+05:30,2001.645496029156,2005.932336453137,1960.3599986854579,1999.1292724609375,2214481,0.0,0.0,HINDUNILVR.NS,576
2022-04-28 00:00:00+05:30,2078.251694669211,2096.890723320953,2017.67485155105,2089.29541015625,5865359,0.0,0.0,HINDUNILVR.NS,577
2022-04-29 00:00:00+05:30,2091.6716825827143,2134.168758478584,2071.3086805083126,2082.771728515625,2678692,0.0,0.0,HINDUNILVR.NS,578
2022-05-02 00:00:00+05:30,2068.9325259015636,2098.75497672537,2055.791917496427,2078.718017578125,1543544,0.0,0.0,HINDUNILVR.NS,579
2022-05-04 00:00:00+05:30,2089.3887165693423,2097.683221819358,2002.4375920917612,2023.7794189453125,1608395,0.0,0.0,HINDUNILVR.NS,580
2022-05-05 00:00:00+05:30,2029.7906615370018,2052.110857695376,2007.0511326482238,2019.16650390625,1101451,0.0,0.0,HINDUNILVR.NS,581
2022-05-06 00:00:00+05:30,1980.3970136507237,2022.3348327633273,1962.8762792715677,2002.9501953125,1585602,0.0,0.0,HINDUNILVR.NS,582
2022-05-09 00:00:00+05:30,1977.1351682299864,1993.817009583609,1966.5574273678528,1972.6151123046875,1341414,0.0,0.0,HINDUNILVR.NS,583
2022-05-10 00:00:00+05:30,1988.78487698577,2048.336498083295,1974.805601842946,2032.02734375,2162232,0.0,0.0,HINDUNILVR.NS,584
2022-05-11 00:00:00+05:30,2036.314303717934,2040.6944308566365,1972.0096414952623,2016.27734375,1858636,0.0,0.0,HINDUNILVR.NS,585
2022-05-12 00:00:00+05:30,2017.5351933477875,2017.5351933477875,1965.6719584897523,1993.2578125,1531515,0.0,0.0,HINDUNILVR.NS,586
2022-05-13 00:00:00+05:30,2022.335161411429,2067.068842401175,2007.563636157033,2044.7952880859375,2057239,0.0,0.0,HINDUNILVR.NS,587
2022-05-16 00:00:00+05:30,2050.293464243432,2070.7497558016858,2024.478451130906,2066.36962890625,1396818,0.0,0.0,HINDUNILVR.NS,588
2022-05-17 00:00:00+05:30,2085.614010877864,2122.053402743945,2070.143753680726,2092.23095703125,2055096,0.0,0.0,HINDUNILVR.NS,589
2022-05-18 00:00:00+05:30,2083.9366572667113,2145.352164715765,2083.9366572667113,2135.473388671875,2137455,0.0,0.0,HINDUNILVR.NS,590
2022-05-19 00:00:00+05:30,2092.7904913700295,2128.3909950691245,2092.650562121211,2110.450927734375,1734602,0.0,0.0,HINDUNILVR.NS,591
2022-05-20 00:00:00+05:30,2134.1692359189183,2188.222430540445,2127.365943504206,2167.6728515625,2599505,0.0,0.0,HINDUNILVR.NS,592
2022-05-23 00:00:00+05:30,2151.87594470099,2225.5001108471047,2149.4063643158356,2217.858154296875,2363306,0.0,0.0,HINDUNILVR.NS,593
2022-05-24 00:00:00+05:30,2218.0448200199444,2218.0448200199444,2145.3992379117153,2152.48193359375,3078655,0.0,0.0,HINDUNILVR.NS,594
2022-05-25 00:00:00+05:30,2171.400834598842,2171.400834598842,2130.9075784280667,2142.27734375,1884260,0.0,0.0,HINDUNILVR.NS,595
2022-05-26 00:00:00+05:30,2134.308515926021,2139.760522903361,2104.346367907574,2125.03564453125,2299127,0.0,0.0,HINDUNILVR.NS,596
2022-05-27 00:00:00+05:30,2140.6929255579585,2176.01380184294,2125.3157234370588,2172.006591796875,1011303,0.0,0.0,HINDUNILVR.NS,597
2022-05-30 00:00:00+05:30,2182.8169927136105,2204.0655347058646,2172.3791802957167,2189.107666015625,939562,0.0,0.0,HINDUNILVR.NS,598
2022-05-31 00:00:00+05:30,2199.4056632117813,2206.767989463334,2147.1230901219974,2193.114990234375,3123979,0.0,0.0,HINDUNILVR.NS,599
2022-06-01 00:00:00+05:30,2208.7251892064764,2249.544712892195,2145.3524833558267,2151.363525390625,2197599,0.0,0.0,HINDUNILVR.NS,600
2022-06-02 00:00:00+05:30,2138.828613349025,2149.965387856446,2103.5541593685275,2129.32275390625,1460335,0.0,0.0,HINDUNILVR.NS,601
2022-06-03 00:00:00+05:30,2128.5773587434023,2166.740729542921,2111.009980861968,2135.986328125,1845303,0.0,0.0,HINDUNILVR.NS,602
2022-06-06 00:00:00+05:30,2117.5801866085376,2145.3057441762653,2094.654315858785,2125.3154296875,2131405,0.0,0.0,HINDUNILVR.NS,603
2022-06-07 00:00:00+05:30,2096.890601690262,2106.0704137796497,2056.86333548788,2061.103759765625,2034730,0.0,0.0,HINDUNILVR.NS,604
2022-06-08 00:00:00+05:30,2064.272551129183,2067.9537140106286,2037.2459579089814,2047.5440673828125,1506843,0.0,0.0,HINDUNILVR.NS,605
2022-06-09 00:00:00+05:30,2047.497825818652,2058.0755683193356,2023.0340943995625,2048.150146484375,1497867,0.0,0.0,HINDUNILVR.NS,606
2022-06-10 00:00:00+05:30,2015.811512975,2058.541589131494,2015.6251681417598,2050.200439453125,1641981,0.0,0.0,HINDUNILVR.NS,607
2022-06-13 00:00:00+05:30,2020.470987726624,2066.1366142942456,2009.2875689753694,2047.404296875,1519441,0.0,0.0,HINDUNILVR.NS,608
2022-06-14 00:00:00+05:30,2041.7660520753516,2063.293995391315,2013.015257046004,2023.2667236328125,1592475,0.0,0.0,HINDUNILVR.NS,609
2022-06-15 00:00:00+05:30,2029.5659140401,2029.7539040767374,2003.522981724058,2018.142822265625,1432377,19.0,0.0,HINDUNILVR.NS,610
2022-06-16 00:00:00+05:30,2016.6856757902954,2034.549092032727,2007.3309326652916,2018.283935546875,1353485,0.0,0.0,HINDUNILVR.NS,611
2022-06-17 00:00:00+05:30,2030.7882221594712,2031.1642022380368,1974.377438210597,1984.2022705078125,3252189,0.0,0.0,HINDUNILVR.NS,612
2022-06-20 00:00:00+05:30,1984.7195967137795,2071.1220302134116,1982.0399924168078,2064.540771484375,2022000,0.0,0.0,HINDUNILVR.NS,613
2022-06-21 00:00:00+05:30,2063.6946376532383,2098.481289859694,2042.2114376518462,2073.096435546875,1606187,0.0,0.0,HINDUNILVR.NS,614
2022-06-22 00:00:00+05:30,2058.2416031283337,2091.8059765846137,2055.2801285283426,2071.0751953125,1741378,0.0,0.0,HINDUNILVR.NS,615
2022-06-23 00:00:00+05:30,2075.917249272488,2122.315219824069,2060.968480460378,2117.849365234375,1585753,0.0,0.0,HINDUNILVR.NS,616
2022-06-24 00:00:00+05:30,2129.507416941425,2180.0891401252234,2124.8535724672506,2166.080322265625,1930048,0.0,0.0,HINDUNILVR.NS,617
2022-06-27 00:00:00+05:30,2177.3156892991096,2192.358567533777,2160.5804413558208,2181.828369140625,1450391,0.0,0.0,HINDUNILVR.NS,618
2022-06-28 00:00:00+05:30,2181.8278632337433,2184.9775569482404,2141.588356915346,2179.00732421875,1404108,0.0,0.0,HINDUNILVR.NS,619
2022-06-29 00:00:00+05:30,2158.8405125801264,2162.319131452292,2091.8997659761017,2099.84423828125,1682914,0.0,0.0,HINDUNILVR.NS,620
2022-06-30 00:00:00+05:30,2091.8055873498342,2114.4640084679777,2080.993521499509,2097.164794921875,2387212,0.0,0.0,HINDUNILVR.NS,621
2022-07-01 00:00:00+05:30,2092.8398773023196,2155.831913142057,2071.7799451941987,2145.819091796875,1235612,0.0,0.0,HINDUNILVR.NS,622
2022-07-04 00:00:00+05:30,2139.84920101813,2236.029639396416,2139.84920101813,2233.114990234375,2410245,0.0,0.0,HINDUNILVR.NS,623
2022-07-05 00:00:00+05:30,2241.858497811833,2267.713439598298,2229.7302714791517,2257.841552734375,2463079,0.0,0.0,HINDUNILVR.NS,624
2022-07-06 00:00:00+05:30,2256.431000857385,2359.0046852524392,2256.431000857385,2348.944580078125,4770394,0.0,0.0,HINDUNILVR.NS,625
2022-07-07 00:00:00+05:30,2355.1503864617976,2379.5950611316607,2318.013284559506,2325.017578125,3333262,0.0,0.0,HINDUNILVR.NS,626
2022-07-08 00:00:00+05:30,2328.308231372418,2354.0222408446275,2306.0730708063625,2347.488037109375,1346970,0.0,0.0,HINDUNILVR.NS,627
2022-07-11 00:00:00+05:30,2338.227077435098,2373.953908533825,2331.6458190748067,2341.61181640625,1587197,0.0,0.0,HINDUNILVR.NS,628
2022-07-12 00:00:00+05:30,2326.9448625220853,2341.6117583184705,2298.222325483538,2303.017333984375,1116476,0.0,0.0,HINDUNILVR.NS,629
2022-07-13 00:00:00+05:30,2316.6031584676207,2368.6422051607865,2314.158599034669,2348.334228515625,2528792,0.0,0.0,HINDUNILVR.NS,630
2022-07-14 00:00:00+05:30,2353.034947525601,2371.979478303374,2320.5516901761675,2348.381103515625,1663307,0.0,0.0,HINDUNILVR.NS,631
2022-07-15 00:00:00+05:30,2378.6548844854124,2419.928685725884,2352.3769050877404,2414.851806640625,2996964,0.0,0.0,HINDUNILVR.NS,632
2022-07-18 00:00:00+05:30,2426.6042136750107,2449.168530268657,2381.522635387842,2400.749267578125,1566888,0.0,0.0,HINDUNILVR.NS,633
2022-07-19 00:00:00+05:30,2397.411237650061,2420.9627856075535,2371.838395103478,2414.33447265625,1473121,0.0,0.0,HINDUNILVR.NS,634
2022-07-20 00:00:00+05:30,2420.963179994211,2461.3909146504247,2383.9201847050513,2448.698486328125,4012897,0.0,0.0,HINDUNILVR.NS,635
2022-07-21 00:00:00+05:30,2460.4501973059278,2472.5784232390215,2436.6636057388623,2451.471435546875,1990695,0.0,0.0,HINDUNILVR.NS,636
2022-07-22 00:00:00+05:30,2460.450580525075,2485.083245817612,2454.856556522425,2482.638916015625,1905780,0.0,0.0,HINDUNILVR.NS,637
2022-07-25 00:00:00+05:30,2487.2456070787753,2495.237135205847,2455.749584460314,2466.65576171875,1253821,0.0,0.0,HINDUNILVR.NS,638
2022-07-26 00:00:00+05:30,2467.9718443212746,2467.9718443212746,2386.270315841791,2394.73193359375,1685576,0.0,0.0,HINDUNILVR.NS,639
2022-07-27 00:00:00+05:30,2383.685310959491,2435.5361430158496,2373.954356732299,2427.49755859375,1404133,0.0,0.0,HINDUNILVR.NS,640
2022-07-28 00:00:00+05:30,2467.972023671418,2467.972023671418,2430.364830929758,2463.365234375,1442054,0.0,0.0,HINDUNILVR.NS,641
2022-07-29 00:00:00+05:30,2482.0741974989796,2486.7750956003033,2440.70629420733,2479.629638671875,1463059,0.0,0.0,HINDUNILVR.NS,642
2022-08-01 00:00:00+05:30,2479.7239833939184,2480.19407324859,2425.6636501066573,2437.885986328125,1559918,0.0,0.0,HINDUNILVR.NS,643
2022-08-02 00:00:00+05:30,2444.467306973959,2481.2284263663405,2443.527127240507,2477.608642578125,1359934,0.0,0.0,HINDUNILVR.NS,644
2022-08-03 00:00:00+05:30,2458.805123759822,2504.638887179492,2442.492913066802,2469.2412109375,1767904,0.0,0.0,HINDUNILVR.NS,645
2022-08-04 00:00:00+05:30,2476.4332500966407,2485.317902068479,2458.56983637157,2470.7451171875,1189384,0.0,0.0,HINDUNILVR.NS,646
2022-08-05 00:00:00+05:30,2480.1943724540997,2498.668814156996,2470.369539213423,2487.151611328125,1176666,0.0,0.0,HINDUNILVR.NS,647
2022-08-08 00:00:00+05:30,2487.1515903501963,2498.997947831553,2468.959248654791,2491.8056640625,1024511,0.0,0.0,HINDUNILVR.NS,648
2022-08-10 00:00:00+05:30,2491.805678942235,2516.5792794894205,2473.8010976589776,2484.707275390625,1098949,0.0,0.0,HINDUNILVR.NS,649
2022-08-11 00:00:00+05:30,2497.164358687816,2508.164415361328,2450.672518046582,2457.34765625,810674,0.0,0.0,HINDUNILVR.NS,650
2022-08-12 00:00:00+05:30,2467.877821020509,2469.0062203891734,2430.458849279328,2439.719482421875,1473527,0.0,0.0,HINDUNILVR.NS,651
2022-08-16 00:00:00+05:30,2451.9418031702107,2489.92520387724,2435.5827668671755,2486.305419921875,1584117,0.0,0.0,HINDUNILVR.NS,652
2022-08-17 00:00:00+05:30,2492.416751194899,2532.8444842395543,2486.3055822462884,2524.0537109375,1711381,0.0,0.0,HINDUNILVR.NS,653
2022-08-18 00:00:00+05:30,2524.382615199773,2552.588007548374,2505.2498655755444,2521.609130859375,1465489,0.0,0.0,HINDUNILVR.NS,654
2022-08-19 00:00:00+05:30,2528.143675858579,2537.498419677946,2469.3824338574036,2476.950927734375,1324508,0.0,0.0,HINDUNILVR.NS,655
2022-08-22 00:00:00+05:30,2489.596188777673,2507.2716154813493,2463.3652633463025,2469.5703125,1410895,0.0,0.0,HINDUNILVR.NS,656
2022-08-23 00:00:00+05:30,2446.394840902538,2472.3907199885966,2430.599774701353,2437.651123046875,1305045,0.0,0.0,HINDUNILVR.NS,657
2022-08-24 00:00:00+05:30,2421.9032074036513,2453.8693211659665,2408.08261000775,2433.42041015625,1242489,0.0,0.0,HINDUNILVR.NS,658
2022-08-25 00:00:00+05:30,2445.595546890646,2471.1683904667857,2411.9841204557224,2420.210693359375,1106593,0.0,0.0,HINDUNILVR.NS,659
2022-08-26 00:00:00+05:30,2444.372949157781,2458.2876537081643,2408.7402326900165,2417.718994140625,1048791,0.0,0.0,HINDUNILVR.NS,660
2022-08-29 00:00:00+05:30,2397.458404013392,2451.89472066656,2397.458404013392,2421.715087890625,1450034,0.0,0.0,HINDUNILVR.NS,661
2022-08-30 00:00:00+05:30,2433.843137339098,2507.4592535704824,2430.9287179980906,2500.737060546875,2227943,0.0,0.0,HINDUNILVR.NS,662
2022-09-01 00:00:00+05:30,2491.4763069299215,2496.177205622242,2438.8262415759305,2450.1083984375,1702269,0.0,0.0,HINDUNILVR.NS,663
2022-09-02 00:00:00+05:30,2458.5700079498542,2466.091445832684,2430.3646158892443,2447.85205078125,937600,0.0,0.0,HINDUNILVR.NS,664
2022-09-05 00:00:00+05:30,2441.6469991057124,2465.527474783493,2431.399130854591,2445.03173828125,1274074,0.0,0.0,HINDUNILVR.NS,665
2022-09-06 00:00:00+05:30,2436.193874629951,2463.2710990303262,2409.6808499292847,2419.1767578125,1250776,0.0,0.0,HINDUNILVR.NS,666
2022-09-07 00:00:00+05:30,2417.9543068301887,2441.5526806371126,2407.612329666275,2411.18505859375,1344964,0.0,0.0,HINDUNILVR.NS,667
2022-09-08 00:00:00+05:30,2425.6637349391426,2440.706610814734,2409.6806793213264,2422.984130859375,1004533,0.0,0.0,HINDUNILVR.NS,668
2022-09-09 00:00:00+05:30,2442.5867342430174,2488.655537159841,2428.907074408465,2433.843017578125,1785443,0.0,0.0,HINDUNILVR.NS,669
2022-09-12 00:00:00+05:30,2436.005792332107,2449.1683091567497,2420.022736187898,2426.039794921875,1595709,0.0,0.0,HINDUNILVR.NS,670
2022-09-13 00:00:00+05:30,2442.5873436508055,2452.9293223960553,2424.723925818101,2431.869384765625,1342130,0.0,0.0,HINDUNILVR.NS,671
2022-09-14 00:00:00+05:30,2397.4586122094624,2450.1086836932777,2394.3559728040896,2417.578369140625,1610054,0.0,0.0,HINDUNILVR.NS,672
2022-09-15 00:00:00+05:30,2425.663944478888,2443.3393710668047,2398.3987295990864,2407.236328125,1199906,0.0,0.0,HINDUNILVR.NS,673
2022-09-16 00:00:00+05:30,2402.1592006684114,2410.4798830604955,2367.9835758033796,2376.915283203125,2516820,0.0,0.0,HINDUNILVR.NS,674
2022-09-19 00:00:00+05:30,2379.5953046246486,2433.185558422991,2358.018222028853,2424.958984375,1166725,0.0,0.0,HINDUNILVR.NS,675
2022-09-20 00:00:00+05:30,2443.1514617017247,2464.6814885551908,2425.2880444663447,2429.001708984375,1253333,0.0,0.0,HINDUNILVR.NS,676
2022-09-21 00:00:00+05:30,2427.5441910706472,2488.4208318033448,2425.663831511336,2466.65576171875,1960049,0.0,0.0,HINDUNILVR.NS,677
2022-09-22 00:00:00+05:30,2466.1857573439092,2539.6607178573036,2463.31816300931,2531.669189453125,2620240,0.0,0.0,HINDUNILVR.NS,678
2022-09-23 00:00:00+05:30,2536.5108420952433,2560.8145803167163,2514.0406380052864,2521.609130859375,1789791,0.0,0.0,HINDUNILVR.NS,679
2022-09-26 00:00:00+05:30,2508.8698915991968,2565.750771659812,2484.9423606875284,2501.3955078125,2678551,0.0,0.0,HINDUNILVR.NS,680
2022-09-27 00:00:00+05:30,2515.9207345076748,2551.4125161697316,2494.672582678356,2518.976318359375,1898501,0.0,0.0,HINDUNILVR.NS,681
2022-09-28 00:00:00+05:30,2510.2328010347546,2546.711820129236,2493.403675837528,2540.459716796875,1526197,0.0,0.0,HINDUNILVR.NS,682
2022-09-29 00:00:00+05:30,2548.921628659551,2563.870396140543,2530.118032061527,2539.002685546875,2019666,0.0,0.0,HINDUNILVR.NS,683
2022-09-30 00:00:00+05:30,2545.066647598627,2552.493975996988,2508.305526629742,2535.147705078125,1340054,0.0,0.0,HINDUNILVR.NS,684
2022-10-03 00:00:00+05:30,2560.109400601019,2570.4513776140966,2460.967494141953,2465.621337890625,1683197,0.0,0.0,HINDUNILVR.NS,685
2022-10-04 00:00:00+05:30,2491.4766008142624,2516.3913668224054,2476.5746583874065,2508.352783203125,1327939,0.0,0.0,HINDUNILVR.NS,686
2022-10-06 00:00:00+05:30,2520.903775888426,2531.2457521797,2449.2150765966394,2457.629638671875,1752351,0.0,0.0,HINDUNILVR.NS,687
2022-10-07 00:00:00+05:30,2455.655204737511,2456.6894941958726,2420.9626664961243,2444.18505859375,1025923,0.0,0.0,HINDUNILVR.NS,688
2022-10-10 00:00:00+05:30,2416.262172128129,2454.5274454448854,2389.937136789768,2449.732666015625,1043728,0.0,0.0,HINDUNILVR.NS,689
2022-10-11 00:00:00+05:30,2453.8693445355434,2454.3864893467826,2392.757655878528,2398.069580078125,1129783,0.0,0.0,HINDUNILVR.NS,690
2022-10-12 00:00:00+05:30,2410.1038073945497,2448.7923430031724,2401.4071444430424,2436.3349609375,882873,0.0,0.0,HINDUNILVR.NS,691
2022-10-13 00:00:00+05:30,2428.484518511937,2451.189769756758,2409.5868119773722,2412.87744140625,753331,0.0,0.0,HINDUNILVR.NS,692
2022-10-14 00:00:00+05:30,2435.0655946645825,2467.877776693316,2416.449989385028,2421.715087890625,1001536,0.0,0.0,HINDUNILVR.NS,693
2022-10-17 00:00:00+05:30,2419.6467623821204,2453.8221595047135,2414.3816638241474,2435.582763671875,778918,0.0,0.0,HINDUNILVR.NS,694
2022-10-18 00:00:00+05:30,2463.271200103276,2483.9551567453645,2441.6470636138197,2446.5830078125,1123374,0.0,0.0,HINDUNILVR.NS,695
2022-10-19 00:00:00+05:30,2458.851980648413,2460.920330052038,2424.1592124859308,2428.484130859375,1241979,0.0,0.0,HINDUNILVR.NS,696
2022-10-20 00:00:00+05:30,2414.522106904368,2453.8687143103075,2414.522106904368,2445.31298828125,1428125,0.0,0.0,HINDUNILVR.NS,697
2022-10-21 00:00:00+05:30,2450.1083063011447,2507.224223264995,2450.1083063011447,2495.142822265625,2458302,0.0,0.0,HINDUNILVR.NS,698
2022-10-24 00:00:00+05:30,2453.9634107377374,2482.07469520613,2397.458512415012,2419.1767578125,719908,0.0,0.0,HINDUNILVR.NS,699
2022-10-25 00:00:00+05:30,2431.3052024932863,2431.3052024932863,2350.449731722048,2355.526611328125,2923789,0.0,0.0,HINDUNILVR.NS,700
2022-10-27 00:00:00+05:30,2344.8084925658745,2378.6549663960154,2339.1674135941844,2368.31298828125,1846329,0.0,0.0,HINDUNILVR.NS,701
2022-10-28 00:00:00+05:30,2374.988203682049,2398.3044782988304,2361.731577139249,2373.248779296875,1164951,0.0,0.0,HINDUNILVR.NS,702
2022-10-31 00:00:00+05:30,2392.7574763820476,2418.1423297660617,2389.98399201212,2398.116455078125,1324443,0.0,0.0,HINDUNILVR.NS,703
2022-11-01 00:00:00+05:30,2431.5275937357715,2438.0111287575533,2411.2728436181856,2415.248046875,1280132,17.0,0.0,HINDUNILVR.NS,704
2022-11-02 00:00:00+05:30,2426.79522677603,2426.79522677603,2367.5449856731047,2383.540771484375,1338284,0.0,0.0,HINDUNILVR.NS,705
2022-11-03 00:00:00+05:30,2381.0796063109324,2412.5977001586793,2374.0756881563893,2410.089599609375,730444,0.0,0.0,HINDUNILVR.NS,706
2022-11-04 00:00:00+05:30,2408.764421563361,2409.7582801093517,2380.6537761370964,2385.48095703125,889055,0.0,0.0,HINDUNILVR.NS,707
2022-11-07 00:00:00+05:30,2395.655665189773,2415.4371702744916,2382.3100930959617,2397.2646484375,1283685,0.0,0.0,HINDUNILVR.NS,708
2022-11-09 00:00:00+05:30,2375.6845673603025,2408.716901782784,2359.262910290921,2374.548828125,1436444,0.0,0.0,HINDUNILVR.NS,709
2022-11-10 00:00:00+05:30,2370.0056648859245,2402.1862529874106,2367.2135718394065,2379.092041015625,1459152,0.0,0.0,HINDUNILVR.NS,710
2022-11-11 00:00:00+05:30,2408.811812405041,2410.5155369158833,2361.487415304746,2369.106689453125,1162847,0.0,0.0,HINDUNILVR.NS,711
2022-11-14 00:00:00+05:30,2372.6557356462654,2379.2337798417407,2323.7695006390454,2326.27783203125,2137131,0.0,0.0,HINDUNILVR.NS,712
2022-11-15 00:00:00+05:30,2326.278133225659,2336.8787520663786,2313.358434043023,2325.994140625,1558333,0.0,0.0,HINDUNILVR.NS,713
2022-11-16 00:00:00+05:30,2331.7203038169064,2350.129447190016,2298.167354098633,2345.255126953125,1330395,0.0,0.0,HINDUNILVR.NS,714
2022-11-17 00:00:00+05:30,2347.2427399056714,2364.3268935785063,2322.9180458627097,2328.3603515625,960476,0.0,0.0,HINDUNILVR.NS,715
2022-11-18 00:00:00+05:30,2337.8251539456232,2355.38255101336,2317.8070269404766,2350.7919921875,1075675,0.0,0.0,HINDUNILVR.NS,716
2022-11-21 00:00:00+05:30,2350.7921309777334,2377.577786813517,2337.872662584153,2367.544921875,1354881,0.0,0.0,HINDUNILVR.NS,717
2022-11-22 00:00:00+05:30,2371.804205296685,2388.935730660975,2363.380554461353,2381.079833984375,921265,0.0,0.0,HINDUNILVR.NS,718
2022-11-23 00:00:00+05:30,2386.095980995717,2389.8819325720688,2368.112711008046,2373.176513671875,734152,0.0,0.0,HINDUNILVR.NS,719
2022-11-24 00:00:00+05:30,2382.310249912894,2423.00923312555,2376.7732027895427,2412.73974609375,999929,0.0,0.0,HINDUNILVR.NS,720
2022-11-25 00:00:00+05:30,2418.276681007505,2418.6551837521515,2383.4458786822634,2401.665771484375,783480,0.0,0.0,HINDUNILVR.NS,721
2022-11-28 00:00:00+05:30,2391.775257876682,2406.445822378894,2386.8535663234343,2390.071533203125,830905,0.0,0.0,HINDUNILVR.NS,722
2022-11-29 00:00:00+05:30,2391.9645484072375,2498.681075806606,2391.9645484072375,2493.23876953125,2542932,0.0,0.0,HINDUNILVR.NS,723
2022-11-30 00:00:00+05:30,2493.049076779488,2553.624301120372,2482.637710095899,2540.704833984375,3698270,0.0,0.0,HINDUNILVR.NS,724
2022-12-01 00:00:00+05:30,2536.5873985539974,2539.4268620598414,2505.2114192448735,2520.355224609375,1675569,0.0,0.0,HINDUNILVR.NS,725
2022-12-02 00:00:00+05:30,2517.658107912561,2517.658107912561,2467.6361241275126,2475.160888671875,2101890,0.0,0.0,HINDUNILVR.NS,726
2022-12-05 00:00:00+05:30,2460.8686163125462,2484.530814546321,2446.8131781312222,2479.656494140625,1640511,0.0,0.0,HINDUNILVR.NS,727
2022-12-06 00:00:00+05:30,2467.304474554796,2517.610209332512,2464.512381724601,2512.499267578125,1484562,0.0,0.0,HINDUNILVR.NS,728
2022-12-07 00:00:00+05:30,2517.705436863666,2574.2580945547784,2514.108736268077,2562.474365234375,2368561,0.0,0.0,HINDUNILVR.NS,729
2022-12-08 00:00:00+05:30,2550.832398988402,2565.9762062069585,2542.030014827384,2560.67578125,1314703,0.0,0.0,HINDUNILVR.NS,730
2022-12-09 00:00:00+05:30,2578.895753633309,2594.891539145615,2566.165536513877,2576.576904296875,1883397,0.0,0.0,HINDUNILVR.NS,731
2022-12-12 00:00:00+05:30,2557.5995492152956,2578.233031586393,2544.7745919949284,2571.84423828125,1163204,0.0,0.0,HINDUNILVR.NS,732
2022-12-13 00:00:00+05:30,2571.607780521879,2574.447244394373,2553.435257953151,2565.266357421875,1265839,0.0,0.0,HINDUNILVR.NS,733
2022-12-14 00:00:00+05:30,2574.4472108229606,2574.4472108229606,2528.400664721609,2540.98876953125,886858,0.0,0.0,HINDUNILVR.NS,734
2022-12-15 00:00:00+05:30,2525.5610674143977,2539.6636446214534,2506.7258196555204,2520.73388671875,990722,0.0,0.0,HINDUNILVR.NS,735
2022-12-16 00:00:00+05:30,2525.230058917101,2543.8758268550387,2511.3167311195625,2528.353515625,1793864,0.0,0.0,HINDUNILVR.NS,736
2022-12-19 00:00:00+05:30,2528.3532446001177,2574.4471604113696,2528.3532446001177,2572.64892578125,1546941,0.0,0.0,HINDUNILVR.NS,737
2022-12-20 00:00:00+05:30,2561.1961967536704,2561.2435673627783,2511.268961210893,2531.42919921875,827567,0.0,0.0,HINDUNILVR.NS,738
2022-12-21 00:00:00+05:30,2544.112235934674,2550.9269029512657,2508.2878057158546,2523.526123046875,779092,0.0,0.0,HINDUNILVR.NS,739
2022-12-22 00:00:00+05:30,2533.274752398491,2544.6326066965603,2500.6209212915423,2503.791748046875,852567,0.0,0.0,HINDUNILVR.NS,740
2022-12-23 00:00:00+05:30,2491.156470746252,2507.7673817265318,2468.4881288633214,2480.83984375,1189702,0.0,0.0,HINDUNILVR.NS,741
2022-12-26 00:00:00+05:30,2480.6977178196216,2496.6935039260525,2467.2576342157854,2477.385009765625,605144,0.0,0.0,HINDUNILVR.NS,742
2022-12-27 00:00:00+05:30,2484.5307270264448,2493.900864766486,2437.4429541999434,2454.479736328125,870960,0.0,0.0,HINDUNILVR.NS,743
2022-12-28 00:00:00+05:30,2454.2430850922087,2463.8027051583895,2440.140508040262,2445.34619140625,822651,0.0,0.0,HINDUNILVR.NS,744
2022-12-29 00:00:00+05:30,2442.1755247043534,2445.0623591572944,2403.511399647527,2430.62841796875,1345863,0.0,0.0,HINDUNILVR.NS,745
2022-12-30 00:00:00+05:30,2441.8914589151973,2448.043630384934,2418.4658829342757,2424.0029296875,696432,0.0,0.0,HINDUNILVR.NS,746
2023-01-02 00:00:00+05:30,2436.1654374484147,2441.986477453442,2402.2339803653995,2421.494873046875,681703,0.0,0.0,HINDUNILVR.NS,747
2023-01-03 00:00:00+05:30,2413.591679103535,2424.902164059462,2399.3469890283905,2406.019775390625,821843,0.0,0.0,HINDUNILVR.NS,748
2023-01-04 00:00:00+05:30,2414.0175176499197,2421.494680028095,2391.822421426849,2400.38818359375,1672649,0.0,0.0,HINDUNILVR.NS,749
2023-01-05 00:00:00+05:30,2401.760590653467,2453.2494437087807,2401.7132200398096,2445.44091796875,2008493,0.0,0.0,HINDUNILVR.NS,750
2023-01-06 00:00:00+05:30,2441.938691416838,2472.1315618763815,2437.1115108754425,2438.57861328125,991782,0.0,0.0,HINDUNILVR.NS,751
2023-01-09 00:00:00+05:30,2450.7885082578377,2488.7425339679457,2432.4738751719024,2483.631591796875,1267078,0.0,0.0,HINDUNILVR.NS,752
2023-01-10 00:00:00+05:30,2483.6315641006513,2511.3637051593632,2475.1605438022557,2502.3720703125,1413088,0.0,0.0,HINDUNILVR.NS,753
2023-01-11 00:00:00+05:30,2502.513997050636,2506.1580678807336,2449.6054160941317,2454.479736328125,1471687,0.0,0.0,HINDUNILVR.NS,754
2023-01-12 00:00:00+05:30,2447.712590671319,2463.3296419148805,2435.076884052882,2451.451171875,1703829,0.0,0.0,HINDUNILVR.NS,755
2023-01-13 00:00:00+05:30,2451.5928915519858,2498.018168868088,2429.3030554809857,2483.584228515625,1348015,0.0,0.0,HINDUNILVR.NS,756
2023-01-16 00:00:00+05:30,2487.323038952813,2487.323038952813,2445.7249384783695,2458.1240234375,930068,0.0,0.0,HINDUNILVR.NS,757
2023-01-17 00:00:00+05:30,2466.026723011459,2531.854999206043,2462.5721347887907,2524.8037109375,1892865,0.0,0.0,HINDUNILVR.NS,758
2023-01-18 00:00:00+05:30,2525.2295340905735,2549.3649737904643,2517.657631439627,2542.45556640625,2038075,0.0,0.0,HINDUNILVR.NS,759
2023-01-19 00:00:00+05:30,2527.2176659301786,2535.9253091933156,2472.131880238682,2507.95654296875,1649842,0.0,0.0,HINDUNILVR.NS,760
2023-01-20 00:00:00+05:30,2413.543949622977,2465.6007799089625,2400.34049070203,2412.36083984375,4569549,0.0,0.0,HINDUNILVR.NS,761
2023-01-23 00:00:00+05:30,2423.009113242175,2464.654582376025,2415.437209763293,2457.461181640625,1388360,0.0,0.0,HINDUNILVR.NS,762
2023-01-24 00:00:00+05:30,2464.654749011608,2470.3336770047226,2442.6962736534674,2461.342041015625,1462462,0.0,0.0,HINDUNILVR.NS,763
2023-01-25 00:00:00+05:30,2461.342093571766,2500.6213463628555,2455.1899214478603,2482.02294921875,1591810,0.0,0.0,HINDUNILVR.NS,764
2023-01-27 00:00:00+05:30,2494.469240607341,2504.927979711483,2440.2354294568736,2472.36865234375,1581382,0.0,0.0,HINDUNILVR.NS,765
2023-01-30 00:00:00+05:30,2470.333761061501,2470.333761061501,2394.803969967833,2430.72314453125,2744039,0.0,0.0,HINDUNILVR.NS,766
2023-01-31 00:00:00+05:30,2430.581023515572,2451.593009512975,2405.215100575178,2438.86279296875,2366794,0.0,0.0,HINDUNILVR.NS,767
2023-02-01 00:00:00+05:30,2461.0578978840813,2463.708110334017,2410.5629048792493,2436.49658203125,2014615,0.0,0.0,HINDUNILVR.NS,768
2023-02-02 00:00:00+05:30,2432.0006824744128,2498.4914580898353,2425.848511065157,2493.853759765625,1980667,0.0,0.0,HINDUNILVR.NS,769
2023-02-03 00:00:00+05:30,2498.728240030675,2515.244408886857,2490.351729068288,2507.010009765625,1638238,0.0,0.0,HINDUNILVR.NS,770
2023-02-06 00:00:00+05:30,2490.209874014334,2503.4607057270673,2460.632124655555,2496.456787109375,1697446,0.0,0.0,HINDUNILVR.NS,771
2023-02-07 00:00:00+05:30,2503.460612707383,2503.9812272919867,2456.420208090268,2462.00439453125,1495745,0.0,0.0,HINDUNILVR.NS,772
2023-02-08 00:00:00+05:30,2453.9592495561014,2467.9673173617275,2440.3772861867856,2444.589111328125,1061956,0.0,0.0,HINDUNILVR.NS,773
2023-02-09 00:00:00+05:30,2448.5640218617564,2460.7736224664864,2428.6877773858782,2448.280029296875,1102484,0.0,0.0,HINDUNILVR.NS,774
2023-02-10 00:00:00+05:30,2446.671168862906,2448.232781433851,2418.607895662112,2439.572509765625,1523011,0.0,0.0,HINDUNILVR.NS,775
2023-02-13 00:00:00+05:30,2423.009250290585,2452.113755933724,2413.5443704066374,2442.885498046875,1146525,0.0,0.0,HINDUNILVR.NS,776
2023-02-14 00:00:00+05:30,2446.671000361346,2462.7612932070497,2432.6629344922144,2441.56005859375,1944364,0.0,0.0,HINDUNILVR.NS,777
2023-02-15 00:00:00+05:30,2413.54425096214,2434.177734303244,2401.2399077219407,2412.0771484375,2009134,0.0,0.0,HINDUNILVR.NS,778
2023-02-16 00:00:00+05:30,2423.0092352411875,2424.8074699775007,2387.8472991211815,2391.869873046875,1982857,0.0,0.0,HINDUNILVR.NS,779
2023-02-17 00:00:00+05:30,2389.881771105086,2409.9946374955744,2372.7502489490885,2380.89013671875,1395341,0.0,0.0,HINDUNILVR.NS,780
2023-02-20 00:00:00+05:30,2383.2566712281323,2406.918870108475,2373.9810430518055,2377.05712890625,632091,0.0,0.0,HINDUNILVR.NS,781
2023-02-21 00:00:00+05:30,2392.721344828088,2407.8177801990973,2377.8615314255153,2381.50537109375,862797,0.0,0.0,HINDUNILVR.NS,782
2023-02-22 00:00:00+05:30,2381.5058707999824,2388.5100211810477,2349.8932616141406,2360.588623046875,885515,0.0,0.0,HINDUNILVR.NS,783
2023-02-23 00:00:00+05:30,2358.647968348811,2381.268937894084,2347.3848541888447,2357.3701171875,757215,0.0,0.0,HINDUNILVR.NS,784
2023-02-24 00:00:00+05:30,2358.837284658021,2376.8679267937805,2339.670903167698,2351.265380859375,732783,0.0,0.0,HINDUNILVR.NS,785
2023-02-27 00:00:00+05:30,2353.915363623792,2353.915363623792,2324.574239268208,2336.073974609375,853991,0.0,0.0,HINDUNILVR.NS,786
2023-02-28 00:00:00+05:30,2337.5882290112872,2341.942165293726,2305.312902808479,2328.97509765625,1780454,0.0,0.0,HINDUNILVR.NS,787
2023-03-01 00:00:00+05:30,2326.467353411683,2337.825208676508,2317.0024740243284,2334.27587890625,967339,0.0,0.0,HINDUNILVR.NS,788
2023-03-02 00:00:00+05:30,2334.275854509554,2337.825184242716,2313.216498092793,2323.959228515625,827174,0.0,0.0,HINDUNILVR.NS,789
2023-03-03 00:00:00+05:30,2334.039045110785,2356.660012363278,2324.242803403406,2338.771484375,1176008,0.0,0.0,HINDUNILVR.NS,790
2023-03-06 00:00:00+05:30,2349.1356616034195,2365.131446197715,2343.125601919311,2351.880615234375,1214503,0.0,0.0,HINDUNILVR.NS,791
2023-03-08 00:00:00+05:30,2353.9154220908404,2367.5447555060214,2335.1749153378546,2352.1171875,1448340,0.0,0.0,HINDUNILVR.NS,792
2023-03-09 00:00:00+05:30,2351.8806295944114,2358.600555264015,2325.4261070415814,2329.685302734375,1038910,0.0,0.0,HINDUNILVR.NS,793
2023-03-10 00:00:00+05:30,2318.895605409248,2338.298609454509,2314.2579066288986,2333.518798828125,772024,0.0,0.0,HINDUNILVR.NS,794
2023-03-13 00:00:00+05:30,2334.0390372401203,2355.3350138572746,2314.162792397443,2323.722412109375,1314549,0.0,0.0,HINDUNILVR.NS,795
2023-03-14 00:00:00+05:30,2330.2533978724096,2339.71827763631,2309.19404039773,2311.74951171875,1250763,0.0,0.0,HINDUNILVR.NS,796
2023-03-15 00:00:00+05:30,2320.693689385896,2327.8870901657224,2264.945642108792,2277.3447265625,1738040,0.0,0.0,HINDUNILVR.NS,797
2023-03-16 00:00:00+05:30,2295.186035397131,2337.1628707375603,2278.9064879697203,2327.745361328125,1628035,0.0,0.0,HINDUNILVR.NS,798
2023-03-17 00:00:00+05:30,2339.386657074509,2350.318638214497,2309.24115698828,2316.434326171875,2127178,0.0,0.0,HINDUNILVR.NS,799
2023-03-20 00:00:00+05:30,2316.4343396815416,2381.9786252187464,2295.233103649422,2376.8203125,1561128,0.0,0.0,HINDUNILVR.NS,800
2023-03-21 00:00:00+05:30,2380.4169152586396,2388.2254399309595,2327.1769743110062,2330.821044921875,1595161,0.0,0.0,HINDUNILVR.NS,801
2023-03-22 00:00:00+05:30,2340.2861195246614,2348.615028345868,2323.0598545484304,2343.83544921875,1063244,0.0,0.0,HINDUNILVR.NS,802
2023-03-23 00:00:00+05:30,2342.557567219473,2366.2671354786817,2334.0391760659477,2352.1171875,1578627,0.0,0.0,HINDUNILVR.NS,803
2023-03-24 00:00:00+05:30,2339.9072311494,2364.231922830893,2337.8250040816397,2348.047119140625,1449326,0.0,0.0,HINDUNILVR.NS,804
2023-03-27 00:00:00+05:30,2352.022605917367,2370.952365321128,2332.146358543417,2365.2734375,1387736,0.0,0.0,HINDUNILVR.NS,805
2023-03-28 00:00:00+05:30,2375.495111846945,2378.99707046989,2339.623085804889,2349.93994140625,1412387,0.0,0.0,HINDUNILVR.NS,806
2023-03-29 00:00:00+05:30,2352.0221438340664,2403.8897206255906,2347.337075517307,2395.418701171875,2613254,0.0,0.0,HINDUNILVR.NS,807
2023-03-31 00:00:00+05:30,2421.8732296044172,2431.0067452010458,2381.8841167397177,2423.34033203125,2146167,0.0,0.0,HINDUNILVR.NS,808
2023-04-03 00:00:00+05:30,2432.4740326839024,2432.4740326839024,2380.464566021321,2400.38818359375,918048,0.0,0.0,HINDUNILVR.NS,809
2023-04-05 00:00:00+05:30,2378.051207190434,2450.031669050181,2368.113082742474,2444.5419921875,1489612,0.0,0.0,HINDUNILVR.NS,810
2023-04-06 00:00:00+05:30,2437.2065292163593,2446.6714089414713,2416.3837938211127,2427.978271484375,797414,0.0,0.0,HINDUNILVR.NS,811
2023-04-10 00:00:00+05:30,2427.978258211828,2431.480217475743,2389.8821175265043,2396.6494140625,853322,0.0,0.0,HINDUNILVR.NS,812
2023-04-11 00:00:00+05:30,2404.079512943406,2418.276832901733,2397.4540969628533,2411.414794921875,913184,0.0,0.0,HINDUNILVR.NS,813
2023-04-12 00:00:00+05:30,2419.222903450367,2419.222903450367,2383.871490423721,2393.620361328125,1109809,0.0,0.0,HINDUNILVR.NS,814
2023-04-13 00:00:00+05:30,2389.8820473081432,2425.233464279976,2389.8820473081432,2400.482666015625,1261711,0.0,0.0,HINDUNILVR.NS,815
2023-04-17 00:00:00+05:30,2435.3135382206806,2440.992466020651,2405.404426043704,2415.29541015625,1566977,0.0,0.0,HINDUNILVR.NS,816
2023-04-18 00:00:00+05:30,2423.009142554852,2423.009142554852,2394.6145041655373,2405.0732421875,1474786,0.0,0.0,HINDUNILVR.NS,817
2023-04-19 00:00:00+05:30,2411.6512156786957,2411.6512156786957,2375.9212967650888,2396.12890625,1320243,0.0,0.0,HINDUNILVR.NS,818
2023-04-20 00:00:00+05:30,2383.0672690594097,2396.8858536854373,2347.289980400972,2359.2158203125,1401364,0.0,0.0,HINDUNILVR.NS,819
2023-04-21 00:00:00+05:30,2358.647740339417,2375.2112778418004,2352.63745001524,2364.279296875,1206288,0.0,0.0,HINDUNILVR.NS,820
2023-04-24 00:00:00+05:30,2368.112752095522,2370.8574746055406,2342.6523197332685,2365.983154296875,1735797,0.0,0.0,HINDUNILVR.NS,821
2023-04-25 00:00:00+05:30,2357.55939785529,2365.9830474479513,2345.444306932658,2357.1806640625,1701098,0.0,0.0,HINDUNILVR.NS,822
2023-04-26 00:00:00+05:30,2356.754899755811,2383.2565612791695,2349.372247830502,2376.44189453125,1245903,0.0,0.0,HINDUNILVR.NS,823
2023-04-27 00:00:00+05:30,2379.423503726675,2387.0427784774947,2325.521057382714,2336.83154296875,2743893,0.0,0.0,HINDUNILVR.NS,824
2023-04-28 00:00:00+05:30,2305.692062306279,2335.7430553117138,2289.554396225135,2325.804931640625,3761927,0.0,0.0,HINDUNILVR.NS,825
2023-05-02 00:00:00+05:30,2339.5288942134157,2345.397073120602,2318.895411277431,2320.50439453125,1760370,0.0,0.0,HINDUNILVR.NS,826
2023-05-03 00:00:00+05:30,2325.4734735570173,2356.7549458608837,2321.4035292425083,2352.968994140625,1258140,0.0,0.0,HINDUNILVR.NS,827
2023-05-04 00:00:00+05:30,2353.8678929466923,2375.0693592576763,2347.4317294044986,2372.6083984375,1150227,0.0,0.0,HINDUNILVR.NS,828
2023-05-05 00:00:00+05:30,2366.219821553534,2385.1495801259625,2361.2033893166094,2366.9296875,1354871,0.0,0.0,HINDUNILVR.NS,829
2023-05-08 00:00:00+05:30,2371.6617246294063,2391.632708964344,2363.5218373942857,2381.647216796875,972810,0.0,0.0,HINDUNILVR.NS,830
2023-05-09 00:00:00+05:30,2389.8822039460183,2389.8822039460183,2366.2673745222614,2381.174560546875,1651327,0.0,0.0,HINDUNILVR.NS,831
2023-05-10 00:00:00+05:30,2386.095850867402,2399.3466806619854,2371.756652484432,2387.704833984375,2025658,0.0,0.0,HINDUNILVR.NS,832
2023-05-11 00:00:00+05:30,2401.192104009809,2459.9217164054708,2388.5566309148044,2453.6748046875,1749356,0.0,0.0,HINDUNILVR.NS,833
2023-05-12 00:00:00+05:30,2455.1894631455966,2498.7279038952875,2447.9960631130207,2483.01611328125,2170011,0.0,0.0,HINDUNILVR.NS,834
2023-05-15 00:00:00+05:30,2496.787651862166,2527.832500479615,2482.685074908687,2519.787353515625,1561055,0.0,0.0,HINDUNILVR.NS,835
2023-05-16 00:00:00+05:30,2527.1228447351696,2535.073251142074,2508.761070803139,2532.70703125,1477905,0.0,0.0,HINDUNILVR.NS,836
2023-05-17 00:00:00+05:30,2529.0154650370996,2530.9084406845823,2505.4006400499766,2519.31396484375,839404,0.0,0.0,HINDUNILVR.NS,837
2023-05-18 00:00:00+05:30,2522.863505643931,2526.3654646700757,2481.5494011052074,2486.9443359375,1434067,0.0,0.0,HINDUNILVR.NS,838
2023-05-19 00:00:00+05:30,2487.985493784788,2507.246616279918,2461.483830796552,2500.1005859375,1174757,0.0,0.0,HINDUNILVR.NS,839
2023-05-22 00:00:00+05:30,2493.9954827369143,2513.3511130385637,2482.6849991537706,2496.9296875,768232,0.0,0.0,HINDUNILVR.NS,840
2023-05-23 00:00:00+05:30,2491.156011550583,2508.003541430552,2484.5305966262467,2487.654052734375,703864,0.0,0.0,HINDUNILVR.NS,841
2023-05-24 00:00:00+05:30,2479.798120314616,2496.834901293877,2468.4402663284422,2475.018310546875,628872,0.0,0.0,HINDUNILVR.NS,842
2023-05-25 00:00:00+05:30,2470.3335907044107,2485.6192789214074,2442.4595663272125,2458.265869140625,1072231,0.0,0.0,HINDUNILVR.NS,843
2023-05-26 00:00:00+05:30,2464.418072314996,2514.5345645266775,2463.8029475598632,2510.41748046875,947073,0.0,0.0,HINDUNILVR.NS,844
2023-05-29 00:00:00+05:30,2527.122817111749,2536.161823215901,2503.50798906221,2508.47705078125,698267,0.0,0.0,HINDUNILVR.NS,845
2023-05-30 00:00:00+05:30,2513.398719574783,2522.390354986555,2508.997643093168,2514.392578125,948051,0.0,0.0,HINDUNILVR.NS,846
2023-05-31 00:00:00+05:30,2514.392344585625,2536.5874384568956,2496.8349487497353,2524.8037109375,3388305,0.0,0.0,HINDUNILVR.NS,847
2023-06-01 00:00:00+05:30,2524.2831581603095,2585.0950040215016,2512.452059743735,2553.529541015625,1541080,0.0,0.0,HINDUNILVR.NS,848
2023-06-02 00:00:00+05:30,2564.9823075104314,2591.6732211002904,2547.6141614479334,2571.32373046875,1509260,0.0,0.0,HINDUNILVR.NS,849
2023-06-05 00:00:00+05:30,2571.0868738591034,2576.3399276417117,2540.5152700895683,2551.5419921875,1000190,0.0,0.0,HINDUNILVR.NS,850
2023-06-06 00:00:00+05:30,2555.5173796488234,2562.9945417736317,2527.2646228544672,2547.140869140625,655372,0.0,0.0,HINDUNILVR.NS,851
2023-06-07 00:00:00+05:30,2546.0526472611928,2581.072702260696,2535.9726427796395,2570.8505859375,1428490,0.0,0.0,HINDUNILVR.NS,852
2023-06-08 00:00:00+05:30,2562.1428353437727,2575.914280987985,2531.7604802555584,2536.492919921875,923536,0.0,0.0,HINDUNILVR.NS,853
2023-06-09 00:00:00+05:30,2545.058335193154,2545.058335193154,2479.8927885118546,2495.131103515625,1413808,0.0,0.0,HINDUNILVR.NS,854
2023-06-12 00:00:00+05:30,2503.4605106722456,2514.8183655410803,2492.1026558034114,2501.993408203125,775484,0.0,0.0,HINDUNILVR.NS,855
2023-06-13 00:00:00+05:30,2488.884823709716,2552.67801956957,2486.8971065699093,2532.70703125,1787924,0.0,0.0,HINDUNILVR.NS,856
2023-06-14 00:00:00+05:30,2528.069189204348,2557.5050554214995,2510.0859190452757,2554.334228515625,1536248,0.0,0.0,HINDUNILVR.NS,857
2023-06-15 00:00:00+05:30,2568.720887130483,2572.0809655177795,2534.8365728138583,2545.7685546875,1830192,0.0,0.0,HINDUNILVR.NS,858
2023-06-16 00:00:00+05:30,2545.7687604214993,2578.2333454580303,2539.6165883416616,2570.330078125,1748145,0.0,0.0,HINDUNILVR.NS,859
2023-06-19 00:00:00+05:30,2578.2978431007173,2587.267401923163,2552.533949035684,2560.40625,1068263,22.0,0.0,HINDUNILVR.NS,860
2023-06-20 00:00:00+05:30,2547.762671710834,2557.6864481081543,2526.8653856788046,2553.58349609375,1129279,0.0,0.0,HINDUNILVR.NS,861
2023-06-21 00:00:00+05:30,2562.982102341851,2582.925400746352,2546.2832853101286,2554.060302734375,1201840,0.0,0.0,HINDUNILVR.NS,862
2023-06-22 00:00:00+05:30,2546.474480526261,2555.396514492259,2527.437872726074,2532.829345703125,830052,0.0,0.0,HINDUNILVR.NS,863
2023-06-23 00:00:00+05:30,2529.918711566066,2538.7452297462055,2507.1605147486616,2520.662841796875,991214,0.0,0.0,HINDUNILVR.NS,864
2023-06-26 00:00:00+05:30,2521.1877148671288,2551.77045708576,2521.1877148671288,2530.682373046875,758700,0.0,0.0,HINDUNILVR.NS,865
2023-06-27 00:00:00+05:30,2530.6819721845836,2539.747044335141,2515.3189672493286,2529.96630859375,687747,0.0,0.0,HINDUNILVR.NS,866
2023-06-28 00:00:00+05:30,2531.493028592996,2564.556827714489,2521.044386302254,2539.4130859375,1397573,0.0,0.0,HINDUNILVR.NS,867
2023-06-30 00:00:00+05:30,2543.8978915235925,2562.9344974808137,2529.966445976903,2555.539306640625,1160181,0.0,0.0,HINDUNILVR.NS,868
2023-07-03 00:00:00+05:30,2563.98430099116,2581.9714072296324,2537.6955430131725,2577.39111328125,980665,0.0,0.0,HINDUNILVR.NS,869
2023-07-04 00:00:00+05:30,2577.391135866774,2582.7823755535815,2552.533704969618,2576.38916015625,721907,0.0,0.0,HINDUNILVR.NS,870
2023-07-05 00:00:00+05:30,2576.3414348058154,2633.069661354906,2572.667834439286,2629.682373046875,1717547,0.0,0.0,HINDUNILVR.NS,871
2023-07-06 00:00:00+05:30,2633.5468688839683,2638.41347517002,2610.407076199385,2630.875244140625,1265020,0.0,0.0,HINDUNILVR.NS,872
2023-07-07 00:00:00+05:30,2627.0581719224147,2642.850296475034,2567.801129592601,2574.576171875,1178930,0.0,0.0,HINDUNILVR.NS,873
2023-07-10 00:00:00+05:30,2585.835869213727,2587.2196720077654,2529.632509066761,2534.928466796875,1518183,0.0,0.0,HINDUNILVR.NS,874
2023-07-11 00:00:00+05:30,2535.453390243356,2592.372415333359,2524.861474545714,2561.598876953125,2476367,0.0,0.0,HINDUNILVR.NS,875
2023-07-12 00:00:00+05:30,2581.112437160341,2581.112437160341,2521.521558001949,2551.245361328125,2395826,0.0,0.0,HINDUNILVR.NS,876
2023-07-13 00:00:00+05:30,2562.028187364794,2564.413732937298,2529.8233221359947,2533.1630859375,1495067,0.0,0.0,HINDUNILVR.NS,877
2023-07-14 00:00:00+05:30,2533.449393693257,2563.5072678557194,2529.680278287794,2554.3466796875,1419016,0.0,0.0,HINDUNILVR.NS,878
2023-07-17 00:00:00+05:30,2547.7624520870486,2579.4424479697554,2547.7624520870486,2558.9267578125,912701,0.0,0.0,HINDUNILVR.NS,879
2023-07-18 00:00:00+05:30,2562.6009068680487,2577.4390474739866,2554.728606185778,2559.976806640625,1215904,0.0,0.0,HINDUNILVR.NS,880
2023-07-19 00:00:00+05:30,2559.928745844099,2573.43083950197,2539.0789860492114,2549.289306640625,1166542,0.0,0.0,HINDUNILVR.NS,881
2023-07-20 00:00:00+05:30,2546.8562610316517,2591.943073242828,2536.502899857043,2579.490478515625,1430764,0.0,0.0,HINDUNILVR.NS,882
2023-07-21 00:00:00+05:30,2528.678216655866,2553.8219592785504,2473.333561347926,2484.7841796875,5198952,0.0,0.0,HINDUNILVR.NS,883
2023-07-24 00:00:00+05:30,2484.784018551376,2486.644697318208,2457.1116926919326,2462.121337890625,1777469,0.0,0.0,HINDUNILVR.NS,884
2023-07-25 00:00:00+05:30,2462.0738156481693,2468.180952061506,2444.9934026192527,2450.575439453125,1653775,0.0,0.0,HINDUNILVR.NS,885
2023-07-26 00:00:00+05:30,2461.4059065812685,2479.8223648804947,2454.5355819673705,2465.031982421875,1300033,0.0,0.0,HINDUNILVR.NS,886
2023-07-27 00:00:00+05:30,2443.752829583894,2464.745630150409,2436.1190839233427,2452.19775390625,2276136,0.0,0.0,HINDUNILVR.NS,887
2023-07-28 00:00:00+05:30,2452.34102474826,2475.003709315486,2447.760730327246,2466.272705078125,966450,0.0,0.0,HINDUNILVR.NS,888
2023-07-31 00:00:00+05:30,2457.159621060771,2464.6500941483187,2437.0732813698723,2443.56201171875,2003252,0.0,0.0,HINDUNILVR.NS,889
2023-08-01 00:00:00+05:30,2452.341029155429,2455.967105285392,2428.4855716733723,2434.306396484375,1758897,0.0,0.0,HINDUNILVR.NS,890
2023-08-02 00:00:00+05:30,2421.805859660217,2455.632849208174,2419.897423206584,2451.3388671875,2082908,0.0,0.0,HINDUNILVR.NS,891
2023-08-03 00:00:00+05:30,2440.842283719155,2443.800453185906,2421.042256996987,2434.496826171875,1475310,0.0,0.0,HINDUNILVR.NS,892
2023-08-04 00:00:00+05:30,2434.4968560026655,2441.7965317946764,2418.9908107892793,2429.439453125,1359318,0.0,0.0,HINDUNILVR.NS,893
2023-08-07 00:00:00+05:30,2423.714025913382,2456.1574420082857,2422.5212532628343,2451.5771484375,803823,0.0,0.0,HINDUNILVR.NS,894
2023-08-08 00:00:00+05:30,2451.577350563966,2466.844841749746,2438.5523653314685,2448.380859375,1002061,0.0,0.0,HINDUNILVR.NS,895
2023-08-09 00:00:00+05:30,2448.380931470091,2451.338868196379,2424.668515338569,2435.355712890625,1212549,0.0,0.0,HINDUNILVR.NS,896
2023-08-10 00:00:00+05:30,2432.350118462447,2434.592391610331,2411.8821832416734,2420.5654296875,1313334,0.0,0.0,HINDUNILVR.NS,897
2023-08-11 00:00:00+05:30,2418.942934447687,2420.517301160485,2384.59108212417,2387.262939453125,1472199,0.0,0.0,HINDUNILVR.NS,898
2023-08-14 00:00:00+05:30,2387.2630517958637,2423.7141391062746,2374.190309528014,2417.130126953125,1060479,0.0,0.0,HINDUNILVR.NS,899
2023-08-16 00:00:00+05:30,2417.988754190398,2438.075092525665,2408.828166908653,2435.7373046875,1155882,0.0,0.0,HINDUNILVR.NS,900
2023-08-17 00:00:00+05:30,2435.7374630154354,2443.418733131073,2417.034693167576,2426.8154296875,1532873,0.0,0.0,HINDUNILVR.NS,901
2023-08-18 00:00:00+05:30,2416.175870450372,2450.193654307578,2416.175870450372,2437.788818359375,1970819,0.0,0.0,HINDUNILVR.NS,902
2023-08-21 00:00:00+05:30,2437.7891054645584,2457.016510263372,2422.8079253400365,2445.4228515625,977004,0.0,0.0,HINDUNILVR.NS,903
2023-08-22 00:00:00+05:30,2455.7762009551248,2457.112013330394,2436.119211663105,2448.333251953125,960025,0.0,0.0,HINDUNILVR.NS,904
2023-08-23 00:00:00+05:30,2457.1117829326636,2465.222637361762,2445.1840558310487,2456.205322265625,1136112,0.0,0.0,HINDUNILVR.NS,905
2023-08-24 00:00:00+05:30,2466.6542462734565,2473.095219643803,2449.430559779322,2463.075927734375,1143934,0.0,0.0,HINDUNILVR.NS,906
2023-08-25 00:00:00+05:30,2449.478041248532,2462.5507835787557,2434.6876596204243,2446.18603515625,802955,0.0,0.0,HINDUNILVR.NS,907
2023-08-28 00:00:00+05:30,2447.5695880082694,2450.432242497168,2422.7599157711484,2438.6953125,619841,0.0,0.0,HINDUNILVR.NS,908
2023-08-29 00:00:00+05:30,2441.748938080361,2441.748938080361,2406.6338935508866,2410.498291015625,958564,0.0,0.0,HINDUNILVR.NS,909
2023-08-30 00:00:00+05:30,2410.4982027140945,2419.897345130354,2404.629853993885,2416.03271484375,1227377,0.0,0.0,HINDUNILVR.NS,910
2023-08-31 00:00:00+05:30,2416.1283950070488,2423.5235865317863,2377.053203801286,2390.364501953125,3235414,0.0,0.0,HINDUNILVR.NS,911
2023-09-01 00:00:00+05:30,2390.3642869657338,2399.3816021309085,2385.5454385871035,2390.125732421875,813413,0.0,0.0,HINDUNILVR.NS,912
2023-09-04 00:00:00+05:30,2398.9045903397455,2398.9045903397455,2377.911789628737,2386.88134765625,1143301,0.0,0.0,HINDUNILVR.NS,913
2023-09-05 00:00:00+05:30,2395.087846509409,2407.9220355882544,2387.549615397008,2392.27294921875,844088,0.0,0.0,HINDUNILVR.NS,914
2023-09-06 00:00:00+05:30,2398.3793003294572,2410.450298385382,2392.6539920553587,2407.96923828125,1094146,0.0,0.0,HINDUNILVR.NS,915
2023-09-07 00:00:00+05:30,2395.087599794168,2406.3951782614326,2385.5454181216815,2392.654296875,1894798,0.0,0.0,HINDUNILVR.NS,916
2023-09-08 00:00:00+05:30,2389.36223861934,2405.6317046083727,2387.02445075331,2398.713623046875,1018234,0.0,0.0,HINDUNILVR.NS,917
2023-09-11 00:00:00+05:30,2398.7138336529692,2422.6645714527635,2394.1812970595506,2420.135986328125,1121083,0.0,0.0,HINDUNILVR.NS,918
2023-09-12 00:00:00+05:30,2432.302440771097,2432.302440771097,2374.095124612981,2384.448486328125,3946716,0.0,0.0,HINDUNILVR.NS,919
2023-09-13 00:00:00+05:30,2379.81992648363,2394.1331978939165,2377.9114902955916,2391.79541015625,1231305,0.0,0.0,HINDUNILVR.NS,920
2023-09-14 00:00:00+05:30,2396.0418165983406,2398.904471098458,2378.961404599674,2386.308837890625,2081195,0.0,0.0,HINDUNILVR.NS,921
2023-09-15 00:00:00+05:30,2361.499174212782,2376.003243807194,2353.102007722305,2356.632568359375,3750697,0.0,0.0,HINDUNILVR.NS,922
2023-09-18 00:00:00+05:30,2358.207056557156,2378.818028280448,2349.2850239024633,2374.71484375,1499641,0.0,0.0,HINDUNILVR.NS,923
2023-09-20 00:00:00+05:30,2337.500347739406,2366.4609611550345,2333.0633266226046,2353.9130859375,1795159,0.0,0.0,HINDUNILVR.NS,924
2023-09-21 00:00:00+05:30,2353.1021255686346,2369.323835274501,2331.0595915476433,2360.11572265625,2223720,0.0,0.0,HINDUNILVR.NS,925
2023-09-22 00:00:00+05:30,2355.010422285743,2376.003221836102,2345.4682406719435,2368.798828125,1176741,0.0,0.0,HINDUNILVR.NS,926
2023-09-25 00:00:00+05:30,2368.7989210371984,2385.259184966629,2347.3767690666537,2362.501220703125,1122778,0.0,0.0,HINDUNILVR.NS,927
2023-09-26 00:00:00+05:30,2360.735651228966,2375.048923164469,2348.5693700837887,2365.458984375,1263548,0.0,0.0,HINDUNILVR.NS,928
2023-09-27 00:00:00+05:30,2362.6442138940242,2390.125744073198,2355.9646866334188,2387.21533203125,1086791,0.0,0.0,HINDUNILVR.NS,929
2023-09-28 00:00:00+05:30,2385.5455974908296,2386.499815729826,2340.888137313114,2347.7109375,1612346,0.0,0.0,HINDUNILVR.NS,930
2023-09-29 00:00:00+05:30,2352.67270148226,2359.5907833495717,2338.3116711512257,2352.720458984375,1249567,0.0,0.0,HINDUNILVR.NS,931
2023-10-03 00:00:00+05:30,2376.0034833723507,2384.591447770082,2349.0945748521476,2355.869384765625,1585626,0.0,0.0,HINDUNILVR.NS,932
2023-10-04 00:00:00+05:30,2354.103984851398,2396.0895843663584,2352.290830548836,2393.0361328125,1587335,0.0,0.0,HINDUNILVR.NS,933
2023-10-05 00:00:00+05:30,2402.7213546953185,2409.2100848511195,2381.108406306482,2404.200439453125,1909928,0.0,0.0,HINDUNILVR.NS,934
2023-10-06 00:00:00+05:30,2404.5821311947166,2404.6298886978925,2379.820215243073,2384.972900390625,1083342,0.0,0.0,HINDUNILVR.NS,935
2023-10-09 00:00:00+05:30,2371.232140661084,2401.290012866647,2367.41526800006,2396.328125,1468771,0.0,0.0,HINDUNILVR.NS,936
2023-10-10 00:00:00+05:30,2397.1867895098962,2405.440916284318,2388.742098661599,2401.003662109375,1092373,0.0,0.0,HINDUNILVR.NS,937
2023-10-11 00:00:00+05:30,2403.0554655876986,2446.5676751580454,2401.0515142086524,2439.36328125,1697398,0.0,0.0,HINDUNILVR.NS,938
2023-10-12 00:00:00+05:30,2438.0273547301217,2450.002839014336,2422.950661481965,2439.935791015625,1625010,0.0,0.0,HINDUNILVR.NS,939
2023-10-13 00:00:00+05:30,2436.167075189008,2458.7342447780748,2426.2908226076215,2451.816162109375,1531977,0.0,0.0,HINDUNILVR.NS,940
2023-10-16 00:00:00+05:30,2442.7986380497687,2463.7914388455088,2435.737516422029,2441.176513671875,954899,0.0,0.0,HINDUNILVR.NS,941
2023-10-17 00:00:00+05:30,2441.1764647650048,2452.3407710991128,2429.8688859230097,2439.124755859375,1253538,0.0,0.0,HINDUNILVR.NS,942
2023-10-18 00:00:00+05:30,2452.388674487406,2453.53368980148,2423.285017690539,2431.586669921875,1084689,0.0,0.0,HINDUNILVR.NS,943
2023-10-19 00:00:00+05:30,2409.4010688685216,2437.4549920889817,2409.4010688685216,2431.443603515625,1272343,0.0,0.0,HINDUNILVR.NS,944
2023-10-20 00:00:00+05:30,2404.6301428141746,2427.10203062245,2371.2802594499785,2380.917724609375,3608160,0.0,0.0,HINDUNILVR.NS,945
2023-10-23 00:00:00+05:30,2379.820317022033,2395.0400515265787,2366.7953310865787,2369.801025390625,922707,0.0,0.0,HINDUNILVR.NS,946
2023-10-25 00:00:00+05:30,2361.7377747002747,2376.003290029655,2352.1478353104817,2363.884765625,1435836,0.0,0.0,HINDUNILVR.NS,947
2023-10-26 00:00:00+05:30,2348.331011677226,2376.0033397303096,2343.225851075164,2363.02587890625,2650560,0.0,0.0,HINDUNILVR.NS,948
2023-10-27 00:00:00+05:30,2354.3425184342077,2380.7743149372195,2351.050512366958,2368.417236328125,1784812,0.0,0.0,HINDUNILVR.NS,949
2023-10-30 00:00:00+05:30,2357.872903078266,2377.9114829911123,2349.666534309549,2365.4111328125,875135,0.0,0.0,HINDUNILVR.NS,950
2023-10-31 00:00:00+05:30,2357.1098180449,2377.9118219888537,2354.8197874851803,2370.278076171875,920414,0.0,0.0,HINDUNILVR.NS,951
2023-11-01 00:00:00+05:30,2371.232199879601,2379.772406079239,2353.8654754309146,2359.06591796875,1267131,0.0,0.0,HINDUNILVR.NS,952
2023-11-02 00:00:00+05:30,2379.011355660792,2399.196906557308,2367.7651670957143,2390.353759765625,1595123,18.0,0.0,HINDUNILVR.NS,953
2023-11-03 00:00:00+05:30,2400.158200400705,2415.057059874558,2389.392619844332,2411.93310546875,1125583,0.0,0.0,HINDUNILVR.NS,954
2023-11-06 00:00:00+05:30,2417.459988171291,2420.1033340828108,2394.4870030272687,2400.54248046875,1338677,0.0,0.0,HINDUNILVR.NS,955
2023-11-07 00:00:00+05:30,2399.1968939487215,2408.0400406939307,2388.863814377428,2399.62939453125,1473411,0.0,0.0,HINDUNILVR.NS,956
2023-11-08 00:00:00+05:30,2401.1190451871635,2427.071893153558,2400.8306332753555,2421.64111328125,745022,0.0,0.0,HINDUNILVR.NS,957
2023-11-09 00:00:00+05:30,2422.3138514915827,2424.188176858875,2377.1366729379083,2380.64501953125,1823094,0.0,0.0,HINDUNILVR.NS,958
2023-11-10 00:00:00+05:30,2380.9338586137587,2392.084066636767,2369.735777491523,2390.113525390625,771062,0.0,0.0,HINDUNILVR.NS,959
2023-11-13 00:00:00+05:30,2381.1257095257197,2390.7378755052937,2375.1662135527877,2382.038818359375,760809,0.0,0.0,HINDUNILVR.NS,960
2023-11-15 00:00:00+05:30,2404.8678522745317,2405.973392229623,2379.972434809914,2389.968994140625,1457029,0.0,0.0,HINDUNILVR.NS,961
2023-11-16 00:00:00+05:30,2384.0096240608077,2408.6168655699284,2379.3478638462443,2394.5830078125,1420578,0.0,0.0,HINDUNILVR.NS,962
2023-11-17 00:00:00+05:30,2369.3989427459933,2435.242280505872,2369.3989427459933,2430.724609375,1756043,0.0,0.0,HINDUNILVR.NS,963
2023-11-20 00:00:00+05:30,2436.155274741052,2436.203382503675,2403.0414110314414,2409.2412109375,944231,0.0,0.0,HINDUNILVR.NS,964
2023-11-21 00:00:00+05:30,2407.8475864746533,2419.382185691298,2401.1190702649437,2408.087890625,1088806,0.0,0.0,HINDUNILVR.NS,965
2023-11-22 00:00:00+05:30,2410.4911628137966,2426.3512382545014,2406.8866002136365,2424.09228515625,816610,0.0,0.0,HINDUNILVR.NS,966
2023-11-23 00:00:00+05:30,2409.0010569157093,2429.715322104033,2409.0010569157093,2422.169677734375,1023670,0.0,0.0,HINDUNILVR.NS,967
2023-11-24 00:00:00+05:30,2417.5561187464655,2422.0737901202465,2410.2026704841705,2417.652099609375,735137,0.0,0.0,HINDUNILVR.NS,968
2023-11-28 00:00:00+05:30,2433.5601179563237,2433.5601179563237,2403.041491020365,2413.182373046875,1880641,0.0,0.0,HINDUNILVR.NS,969
2023-11-29 00:00:00+05:30,2414.576193135095,2430.580356278902,2410.827542118069,2427.1201171875,1265214,0.0,0.0,HINDUNILVR.NS,970
2023-11-30 00:00:00+05:30,2418.565042466016,2455.4277927656576,2418.565042466016,2446.824951171875,3095684,0.0,0.0,HINDUNILVR.NS,971
2023-12-01 00:00:00+05:30,2448.6993458061406,2481.81321151669,2443.412654382418,2464.222900390625,1345599,0.0,0.0,HINDUNILVR.NS,972
2023-12-04 00:00:00+05:30,2477.055196344955,2507.237303937237,2475.1327631308727,2501.3740234375,2188039,0.0,0.0,HINDUNILVR.NS,973
2023-12-05 00:00:00+05:30,2534.728603442285,2534.728603442285,2457.1584576206137,2463.8388671875,3108717,0.0,0.0,HINDUNILVR.NS,974
2023-12-06 00:00:00+05:30,2470.3268241208075,2483.495445470624,2463.5983074792334,2468.06787109375,1573754,0.0,0.0,HINDUNILVR.NS,975
2023-12-07 00:00:00+05:30,2452.159799899551,2460.522337513956,2401.6959276222537,2420.583740234375,3925967,0.0,0.0,HINDUNILVR.NS,976
2023-12-08 00:00:00+05:30,2421.3045009355515,2435.674641491815,2411.019530736166,2424.4765625,1605805,0.0,0.0,HINDUNILVR.NS,977
2023-12-11 00:00:00+05:30,2424.4768807268692,2431.8300944655984,2402.0804851315706,2406.550048828125,2012243,0.0,0.0,HINDUNILVR.NS,978
2023-12-12 00:00:00+05:30,2403.041468837404,2420.3433674130333,2400.157819074799,2405.684814453125,1677929,0.0,0.0,HINDUNILVR.NS,979
2023-12-13 00:00:00+05:30,2410.5872408203054,2419.093867268127,2401.1672708282504,2414.47998046875,1513205,0.0,0.0,HINDUNILVR.NS,980
2023-12-14 00:00:00+05:30,2423.5636515244564,2426.879801973957,2404.19499556596,2418.757568359375,2166569,0.0,0.0,HINDUNILVR.NS,981
2023-12-15 00:00:00+05:30,2422.265788435191,2433.8003874277397,2409.76997285993,2425.05322265625,2543337,0.0,0.0,HINDUNILVR.NS,982
2023-12-18 00:00:00+05:30,2422.410025603624,2445.81574469679,2417.459853767902,2437.164794921875,1969036,0.0,0.0,HINDUNILVR.NS,983
2023-12-19 00:00:00+05:30,2436.7323377432995,2467.395055289173,2436.684229975954,2461.387451171875,1656220,0.0,0.0,HINDUNILVR.NS,984
2023-12-20 00:00:00+05:30,2473.162519005037,2473.162519005037,2448.21899199276,2458.311767578125,1468642,0.0,0.0,HINDUNILVR.NS,985
2023-12-21 00:00:00+05:30,2443.652947621355,2479.9388749584405,2437.6453437575988,2454.17822265625,1945695,0.0,0.0,HINDUNILVR.NS,986
2023-12-22 00:00:00+05:30,2459.945622811475,2479.6986720564782,2448.02663012791,2475.709716796875,1174984,0.0,0.0,HINDUNILVR.NS,987
2023-12-26 00:00:00+05:30,2475.7098438144135,2491.137184220364,2467.4913940371575,2484.5048828125,893776,0.0,0.0,HINDUNILVR.NS,988
2023-12-27 00:00:00+05:30,2485.706421910149,2510.6980564691835,2480.8041228009033,2507.1416015625,1073278,0.0,0.0,HINDUNILVR.NS,989
2023-12-28 00:00:00+05:30,2512.4761193952136,2537.6118397726373,2505.747603153392,2531.65234375,1635216,0.0,0.0,HINDUNILVR.NS,990
2023-12-29 00:00:00+05:30,2531.652709789761,2563.661274331084,2519.5893927061984,2560.63330078125,1305681,0.0,0.0,HINDUNILVR.NS,991
2024-01-01 00:00:00+05:30,2560.5372049175576,2565.8717698748246,2535.689659307609,2551.7900390625,526353,0.0,0.0,HINDUNILVR.NS,992
2024-01-02 00:00:00+05:30,2545.3017864073136,2551.020978758828,2505.8919022522155,2512.42822265625,1310629,0.0,0.0,HINDUNILVR.NS,993
2024-01-03 00:00:00+05:30,2498.2022395315885,2526.6543481330496,2494.8860888029035,2505.45947265625,1008270,0.0,0.0,HINDUNILVR.NS,994
2024-01-04 00:00:00+05:30,2505.4592299572364,2521.2711964354744,2487.676722471893,2492.002197265625,1376844,0.0,0.0,HINDUNILVR.NS,995
2024-01-05 00:00:00+05:30,2494.357266422686,2527.903634441405,2494.357266422686,2518.435791015625,1150738,0.0,0.0,HINDUNILVR.NS,996
2024-01-08 00:00:00+05:30,2523.1458552671106,2524.155179786738,2466.962783291189,2478.257080078125,1189828,0.0,0.0,HINDUNILVR.NS,997
2024-01-09 00:00:00+05:30,2482.390184107417,2488.589984759606,2471.816800626399,2479.69873046875,1017205,0.0,0.0,HINDUNILVR.NS,998
2024-01-10 00:00:00+05:30,2479.93895442184,2493.684399436957,2465.5207046868295,2477.439697265625,881278,0.0,0.0,HINDUNILVR.NS,999
2024-01-11 00:00:00+05:30,2479.9389831324256,2488.5899330735856,2433.6564948160362,2437.837646484375,2399600,0.0,0.0,HINDUNILVR.NS,1000
2024-01-12 00:00:00+05:30,2435.2424300571656,2455.908588433416,2414.432183049432,2445.335205078125,2979841,0.0,0.0,HINDUNILVR.NS,1001
2024-01-15 00:00:00+05:30,2447.2575424625093,2478.7373871269424,2432.839292997883,2473.402587890625,1391204,0.0,0.0,HINDUNILVR.NS,1002
2024-01-16 00:00:00+05:30,2473.402761723246,2484.3607728897164,2457.206401156241,2469.4619140625,1599406,0.0,0.0,HINDUNILVR.NS,1003
2024-01-17 00:00:00+05:30,2450.1413789463877,2471.6246661535556,2441.250124432753,2463.502197265625,3047652,0.0,0.0,HINDUNILVR.NS,1004
2024-01-18 00:00:00+05:30,2470.3269433900364,2470.3269433900364,2439.1355081014863,2449.18017578125,1273095,0.0,0.0,HINDUNILVR.NS,1005
2024-01-19 00:00:00+05:30,2465.5206365167164,2474.123478353003,2433.8004879767354,2465.905029296875,1323064,0.0,0.0,HINDUNILVR.NS,1006
2024-01-23 00:00:00+05:30,2355.9419607074965,2384.2978512994473,2273.709831056434,2283.418212890625,4369332,0.0,0.0,HINDUNILVR.NS,1007
2024-01-24 00:00:00+05:30,2295.3854093361483,2351.039760693699,2275.343947885817,2346.95458984375,1551469,0.0,0.0,HINDUNILVR.NS,1008
2024-01-25 00:00:00+05:30,2359.594554328448,2372.2825665017513,2326.3363661318594,2334.122314453125,2364765,0.0,0.0,HINDUNILVR.NS,1009
2024-01-29 00:00:00+05:30,2316.5319005835045,2354.0193462775947,2316.5319005835045,2349.59765625,1587091,0.0,0.0,HINDUNILVR.NS,1010
2024-01-30 00:00:00+05:30,2358.8258462479507,2397.803231432302,2352.385741116403,2363.29541015625,1793711,0.0,0.0,HINDUNILVR.NS,1011
2024-01-31 00:00:00+05:30,2354.9809389194415,2389.488524931115,2347.050901063896,2385.307373046875,1445004,0.0,0.0,HINDUNILVR.NS,1012
2024-02-01 00:00:00+05:30,2379.1073522751103,2414.143651172756,2372.61914008399,2377.66552734375,1727534,0.0,0.0,HINDUNILVR.NS,1013
2024-02-02 00:00:00+05:30,2380.933818741072,2390.4497704134455,2347.291233494428,2357.480224609375,1956115,0.0,0.0,HINDUNILVR.NS,1014
2024-02-05 00:00:00+05:30,2368.4377131122133,2369.158625565474,2319.1753621394046,2325.66357421875,1315445,0.0,0.0,HINDUNILVR.NS,1015
2024-02-06 00:00:00+05:30,2330.902202799705,2346.666296218703,2324.2699019704123,2332.248046875,1557511,0.0,0.0,HINDUNILVR.NS,1016
2024-02-07 00:00:00+05:30,2345.272345774969,2345.272345774969,2318.021995302354,2331.3828125,1149076,0.0,0.0,HINDUNILVR.NS,1017
2024-02-08 00:00:00+05:30,2347.0989508697385,2347.0989508697385,2305.958829773469,2323.308837890625,1758661,0.0,0.0,HINDUNILVR.NS,1018
2024-02-09 00:00:00+05:30,2323.3085597899685,2334.2663348301853,2312.7832852722836,2330.133056640625,886474,0.0,0.0,HINDUNILVR.NS,1019
2024-02-12 00:00:00+05:30,2330.085433702878,2335.6124295793047,2289.6181178518773,2293.12646484375,1292460,0.0,0.0,HINDUNILVR.NS,1020
2024-02-13 00:00:00+05:30,2297.30796514398,2307.8332413134717,2287.7920134668066,2301.15283203125,957865,0.0,0.0,HINDUNILVR.NS,1021
2024-02-14 00:00:00+05:30,2292.501859975465,2301.1528103904666,2278.083609283795,2295.33740234375,1397975,0.0,0.0,HINDUNILVR.NS,1022
2024-02-15 00:00:00+05:30,2276.4978069685776,2292.2135601882605,2255.7354310878236,2259.676513671875,2553695,0.0,0.0,HINDUNILVR.NS,1023
2024-02-16 00:00:00+05:30,2278.0353875552187,2289.618095299179,2266.1645025494804,2283.1298828125,2363302,0.0,0.0,HINDUNILVR.NS,1024
2024-02-19 00:00:00+05:30,2296.8270681155595,2302.0656516566646,2281.7360144140926,2294.568115234375,576683,0.0,0.0,HINDUNILVR.NS,1025
2024-02-20 00:00:00+05:30,2278.179717292503,2315.042235684377,2276.3532648212054,2310.861083984375,1032995,0.0,0.0,HINDUNILVR.NS,1026
2024-02-21 00:00:00+05:30,2310.8609790349888,2328.835682964777,2301.2488127974525,2313.74462890625,1127778,0.0,0.0,HINDUNILVR.NS,1027
2024-02-22 00:00:00+05:30,2326.4328201820526,2326.4328201820526,2273.9984023925185,2295.481689453125,2258516,0.0,0.0,HINDUNILVR.NS,1028
2024-02-23 00:00:00+05:30,2295.9139801782985,2312.2065547793372,2291.4922899045896,2301.248779296875,1210775,0.0,0.0,HINDUNILVR.NS,1029
2024-02-26 00:00:00+05:30,2298.365464700586,2313.216216553072,2287.6958649071958,2311.00537109375,831596,0.0,0.0,HINDUNILVR.NS,1030
2024-02-27 00:00:00+05:30,2310.8128835108178,2315.52275112335,2296.4906149378007,2312.014404296875,1120424,0.0,0.0,HINDUNILVR.NS,1031
2024-02-28 00:00:00+05:30,2317.5896100629743,2330.9504279253597,2307.8812278139335,2327.63427734375,629152,0.0,0.0,HINDUNILVR.NS,1032
2024-02-29 00:00:00+05:30,2330.950324169719,2334.6029942925143,2304.276562728189,2318.742919921875,2848084,0.0,0.0,HINDUNILVR.NS,1033
2024-03-01 00:00:00+05:30,2323.2122279938653,2344.2149028871736,2310.7645209572192,2316.243408203125,2326244,0.0,0.0,HINDUNILVR.NS,1034
2024-03-04 00:00:00+05:30,2322.491790623974,2333.737979307242,2311.1493863999403,2328.06689453125,1501261,0.0,0.0,HINDUNILVR.NS,1035
2024-03-05 00:00:00+05:30,2311.726050801106,2326.1443005982023,2298.365233191277,2306.77587890625,1587199,0.0,0.0,HINDUNILVR.NS,1036
2024-03-06 00:00:00+05:30,2310.7650556348353,2315.427050718229,2283.178181979929,2307.689208984375,1354111,0.0,0.0,HINDUNILVR.NS,1037
2024-03-07 00:00:00+05:30,2311.678056369801,2331.911714844805,2309.803730738692,2325.7119140625,1820704,0.0,0.0,HINDUNILVR.NS,1038
2024-03-11 00:00:00+05:30,2315.571024247443,2319.415891037393,2291.1081062307944,2297.163818359375,2040761,0.0,0.0,HINDUNILVR.NS,1039
2024-03-12 00:00:00+05:30,2287.6958252942077,2292.501908960792,2269.240510948934,2285.91748046875,1012157,0.0,0.0,HINDUNILVR.NS,1040
2024-03-13 00:00:00+05:30,2282.889491692188,2282.889491692188,2214.499022473042,2222.90966796875,2322669,0.0,0.0,HINDUNILVR.NS,1041
2024-03-14 00:00:00+05:30,2215.460202274312,2250.880893627091,2212.576552438003,2244.056396484375,2292515,0.0,0.0,HINDUNILVR.NS,1042
2024-03-15 00:00:00+05:30,2239.683269773232,2246.315571877703,2226.081911140685,2237.42431640625,2751403,0.0,0.0,HINDUNILVR.NS,1043
2024-03-18 00:00:00+05:30,2230.7914593239598,2234.828521977646,2207.9144580570546,2210.75,2487402,0.0,0.0,HINDUNILVR.NS,1044
2024-03-19 00:00:00+05:30,2194.6979075652634,2214.546937441648,2159.709715510338,2179.030029296875,4220638,0.0,0.0,HINDUNILVR.NS,1045
2024-03-20 00:00:00+05:30,2162.7375973086,2177.588348542376,2153.1254302094503,2154.999755859375,2995013,0.0,0.0,HINDUNILVR.NS,1046
2024-03-21 00:00:00+05:30,2147.3582675733664,2171.532775508243,2147.3582675733664,2155.384521484375,3504486,0.0,0.0,HINDUNILVR.NS,1047
2024-03-22 00:00:00+05:30,2152.212156132791,2178.116897542949,2145.4836396796577,2169.033447265625,3507809,0.0,0.0,HINDUNILVR.NS,1048
2024-03-26 00:00:00+05:30,2145.531726657333,2171.5324486759623,2145.435511125837,2153.125244140625,3027027,0.0,0.0,HINDUNILVR.NS,1049
2024-03-27 00:00:00+05:30,2162.7374926298353,2175.233309253919,2149.2804593423607,2152.8369140625,2168861,0.0,0.0,HINDUNILVR.NS,1050
2024-03-28 00:00:00+05:30,2157.9313698937053,2199.1674701311017,2153.2215021979396,2176.531005859375,3186360,0.0,0.0,HINDUNILVR.NS,1051
2024-04-01 00:00:00+05:30,2181.9616233862357,2205.9920377407097,2174.271890792804,2197.244873046875,1427873,0.0,0.0,HINDUNILVR.NS,1052
2024-04-02 00:00:00+05:30,2208.8759556978766,2208.8759556978766,2188.738512957842,2198.01416015625,1221495,0.0,0.0,HINDUNILVR.NS,1053
2024-04-03 00:00:00+05:30,2193.3525442908262,2193.3525442908262,2173.359188870415,2177.34814453125,1175309,0.0,0.0,HINDUNILVR.NS,1054
2024-04-04 00:00:00+05:30,2181.961857169728,2193.496457295735,2162.0166111185067,2177.107666015625,1890255,0.0,0.0,HINDUNILVR.NS,1055
2024-04-05 00:00:00+05:30,2177.1075960043618,2192.0545617880575,2170.523402780724,2179.030029296875,1153449,0.0,0.0,HINDUNILVR.NS,1056
2024-04-08 00:00:00+05:30,2188.6902332665027,2200.176724886131,2179.2702635011747,2180.952392578125,1127294,0.0,0.0,HINDUNILVR.NS,1057
2024-04-09 00:00:00+05:30,2182.9228062063685,2186.38327968871,2168.264253676801,2176.33837890625,1189343,0.0,0.0,HINDUNILVR.NS,1058
2024-04-10 00:00:00+05:30,2188.5943116618496,2188.5943116618496,2170.1389971020412,2173.21484375,2308993,0.0,0.0,HINDUNILVR.NS,1059
2024-04-12 00:00:00+05:30,2173.2147783557252,2177.011772119853,2142.1676661805636,2145.72412109375,3388551,0.0,0.0,HINDUNILVR.NS,1060
2024-04-15 00:00:00+05:30,2141.302119302431,2141.3502270656313,2105.064301323637,2108.957275390625,4909564,0.0,0.0,HINDUNILVR.NS,1061
2024-04-16 00:00:00+05:30,2098.335886615327,2144.714588644273,2087.8106115348733,2134.669921875,2821129,0.0,0.0,HINDUNILVR.NS,1062
2024-04-18 00:00:00+05:30,2129.142892042349,2150.9143543197647,2123.375592400965,2128.902587890625,3392171,0.0,0.0,HINDUNILVR.NS,1063
2024-04-19 00:00:00+05:30,2133.901062005108,2156.7299585017845,2110.831861334783,2145.05126953125,2337694,0.0,0.0,HINDUNILVR.NS,1064
2024-04-22 00:00:00+05:30,2162.7374802639833,2166.149846333918,2142.600038215488,2154.567138671875,1804108,0.0,0.0,HINDUNILVR.NS,1065
2024-04-23 00:00:00+05:30,2165.6210578207865,2185.3259986487164,2161.4877793956443,2174.992919921875,1991778,0.0,0.0,HINDUNILVR.NS,1066
2024-04-24 00:00:00+05:30,2178.165191792081,2180.3760371789404,2158.556229932344,2172.590087890625,1404398,0.0,0.0,HINDUNILVR.NS,1067
2024-04-25 00:00:00+05:30,2151.2512803487534,2152.981517502396,2129.191401987995,2144.33056640625,4951866,0.0,0.0,HINDUNILVR.NS,1068
2024-04-26 00:00:00+05:30,2157.931283085826,2167.543449157478,2132.5552585254745,2136.447998046875,2307512,0.0,0.0,HINDUNILVR.NS,1069
2024-04-29 00:00:00+05:30,2147.357921699967,2147.357921699967,2133.900889066216,2139.764404296875,1395292,0.0,0.0,HINDUNILVR.NS,1070
2024-04-30 00:00:00+05:30,2145.4835970967697,2153.3655264224535,2138.706973011922,2143.945556640625,2119102,0.0,0.0,HINDUNILVR.NS,1071
2024-05-02 00:00:00+05:30,2119.530690414858,2156.201009483979,2119.530690414858,2139.95654296875,2140383,0.0,0.0,HINDUNILVR.NS,1072
2024-05-03 00:00:00+05:30,2145.4355717304093,2148.9439186486993,2118.521505418379,2131.0654296875,2595307,0.0,0.0,HINDUNILVR.NS,1073
2024-05-06 00:00:00+05:30,2138.706867307371,2173.7912720969075,2126.2110519028784,2168.69677734375,1619256,0.0,0.0,HINDUNILVR.NS,1074
2024-05-07 00:00:00+05:30,2178.1170177945423,2296.9234944521527,2171.3885009699343,2287.118896484375,8277810,0.0,0.0,HINDUNILVR.NS,1075
2024-05-08 00:00:00+05:30,2274.623049604483,2280.246261031328,2234.8287730626357,2250.25634765625,1813439,0.0,0.0,HINDUNILVR.NS,1076
2024-05-09 00:00:00+05:30,2249.823499834582,2270.4896551914408,2229.4936294593995,2235.453125,1558987,0.0,0.0,HINDUNILVR.NS,1077
2024-05-10 00:00:00+05:30,2230.9840057951815,2279.0448417666416,2230.9840057951815,2270.922607421875,2610266,0.0,0.0,HINDUNILVR.NS,1078
2024-05-13 00:00:00+05:30,2281.928283164871,2289.2814965269827,2256.840435214087,2269.095947265625,1170617,0.0,0.0,HINDUNILVR.NS,1079
2024-05-14 00:00:00+05:30,2269.0482372218366,2280.294425684034,2255.735292050197,2258.474853515625,689430,0.0,0.0,HINDUNILVR.NS,1080
2024-05-15 00:00:00+05:30,2258.4267627990944,2264.4343672229857,2227.763809016323,2233.19482421875,812282,0.0,0.0,HINDUNILVR.NS,1081
2024-05-16 00:00:00+05:30,2246.363269783034,2257.032868270841,2212.095990708857,2252.274658203125,1880021,0.0,0.0,HINDUNILVR.NS,1082
2024-05-17 00:00:00+05:30,2260.685575660522,2260.685575660522,2225.312987073205,2230.359375,1264582,0.0,0.0,HINDUNILVR.NS,1083
2024-05-21 00:00:00+05:30,2217.5267973053774,2234.636500499877,2212.4804099252933,2221.083251953125,1663959,0.0,0.0,HINDUNILVR.NS,1084
2024-05-22 00:00:00+05:30,2221.3716006338227,2281.92824747066,2221.0831887144805,2275.103515625,1914851,0.0,0.0,HINDUNILVR.NS,1085
2024-05-23 00:00:00+05:30,2275.103801980224,2294.232155858532,2263.6654166734984,2290.098876953125,1614718,0.0,0.0,HINDUNILVR.NS,1086
2024-05-24 00:00:00+05:30,2286.253860797852,2290.819640002725,2272.9890237524455,2277.17041015625,974100,0.0,0.0,HINDUNILVR.NS,1087
2024-05-27 00:00:00+05:30,2277.1702464713717,2306.871745716128,2270.874230770176,2292.02099609375,1116934,0.0,0.0,HINDUNILVR.NS,1088
2024-05-28 00:00:00+05:30,2297.30790719324,2315.571024447078,2286.3020229404683,2303.027099609375,1631747,0.0,0.0,HINDUNILVR.NS,1089
2024-05-29 00:00:00+05:30,2288.8493444421374,2302.1141829106496,2277.506939529292,2281.351806640625,1592495,0.0,0.0,HINDUNILVR.NS,1090
2024-05-30 00:00:00+05:30,2276.160879064105,2280.4382459438207,2243.527622854832,2260.20458984375,1837380,0.0,0.0,HINDUNILVR.NS,1091
2024-05-31 00:00:00+05:30,2261.74277145962,2285.2444715554675,2227.7157960085565,2238.7216796875,5529186,0.0,0.0,HINDUNILVR.NS,1092
2024-06-03 00:00:00+05:30,2288.6566591355686,2294.8564590938263,2253.3800578590203,2264.530029296875,1207445,0.0,0.0,HINDUNILVR.NS,1093
2024-06-04 00:00:00+05:30,2281.9284994540258,2412.7020814982593,2251.2657798718847,2399.4853515625,7826048,0.0,0.0,HINDUNILVR.NS,1094
2024-06-05 00:00:00+05:30,2435.2902576011925,2618.3057963865517,2427.071809095398,2501.806396484375,11061076,0.0,0.0,HINDUNILVR.NS,1095
2024-06-06 00:00:00+05:30,2499.1632419376433,2499.1632419376433,2420.343478153456,2450.718017578125,4102547,0.0,0.0,HINDUNILVR.NS,1096
2024-06-07 00:00:00+05:30,2456.197087082178,2495.799168294792,2427.0721740590598,2477.824462890625,3974253,0.0,0.0,HINDUNILVR.NS,1097
2024-06-10 00:00:00+05:30,2478.977690876211,2493.0594206488636,2447.2575420592607,2465.857177734375,1449122,0.0,0.0,HINDUNILVR.NS,1098
2024-06-11 00:00:00+05:30,2466.4819457138465,2476.766917025401,2452.352107768287,2457.206298828125,1402423,0.0,0.0,HINDUNILVR.NS,1099
2024-06-12 00:00:00+05:30,2468.4045259716218,2468.4045259716218,2419.3824734698487,2430.628662109375,1754677,0.0,0.0,HINDUNILVR.NS,1100
2024-06-13 00:00:00+05:30,2391.4588918675045,2408.6167027553947,2351.568401318949,2390.93017578125,3123098,0.0,0.0,HINDUNILVR.NS,1101
2024-06-14 00:00:00+05:30,2400.2478917119292,2436.5475426423045,2397.724285194477,2406.79931640625,1729552,24.0,0.0,HINDUNILVR.NS,1102
2024-06-18 00:00:00+05:30,2406.944623727065,2424.512241154475,2400.3931995365956,2413.10791015625,1820933,0.0,0.0,HINDUNILVR.NS,1103
2024-06-19 00:00:00+05:30,2421.600847069597,2421.600847069597,2379.380551739927,2384.71875,986976,0.0,0.0,HINDUNILVR.NS,1104
2024-06-20 00:00:00+05:30,2384.7186407596823,2416.7478288529137,2374.6730278925506,2409.17724609375,2163310,0.0,0.0,HINDUNILVR.NS,1105
2024-06-21 00:00:00+05:30,2402.189015222162,2405.1007594830376,2355.1643928006965,2369.48046875,3646215,0.0,0.0,HINDUNILVR.NS,1106
2024-06-24 00:00:00+05:30,2363.3658647573675,2395.2495606319985,2355.6497895105103,2370.35400390625,1945519,0.0,0.0,HINDUNILVR.NS,1107
2024-06-25 00:00:00+05:30,2367.5879930137835,2374.7216246112826,2356.474645665412,2360.648193359375,833789,0.0,0.0,HINDUNILVR.NS,1108
2024-06-26 00:00:00+05:30,2365.3069576082207,2394.4244006645386,2360.8421882229086,2373.654052734375,1738656,0.0,0.0,HINDUNILVR.NS,1109
2024-06-27 00:00:00+05:30,2377.875751693822,2410.1475818616186,2364.336189135392,2389.716796875,3402726,0.0,0.0,HINDUNILVR.NS,1110
2024-06-28 00:00:00+05:30,2390.5419962243377,2417.232984813931,2390.396503797189,2400.29638671875,2129791,0.0,0.0,HINDUNILVR.NS,1111
2024-07-01 00:00:00+05:30,2388.649646159423,2448.777122647256,2378.021826134139,2431.40380859375,3312865,0.0,0.0,HINDUNILVR.NS,1112
2024-07-02 00:00:00+05:30,2441.0122329179167,2441.0122329179167,2406.411100622321,2412.040283203125,1305210,0.0,0.0,HINDUNILVR.NS,1113
2024-07-03 00:00:00+05:30,2413.496297365214,2445.71979146585,2401.5097584861905,2436.499267578125,1406405,0.0,0.0,HINDUNILVR.NS,1114
2024-07-04 00:00:00+05:30,2441.060905421345,2462.2196282687923,2419.5623842855302,2422.522705078125,1977010,0.0,0.0,HINDUNILVR.NS,1115
2024-07-05 00:00:00+05:30,2422.522573421036,2478.86487051249,2422.522573421036,2472.07080078125,1754286,0.0,0.0,HINDUNILVR.NS,1116
2024-07-08 00:00:00+05:30,2484.688360800629,2518.6587094834504,2461.637052765858,2511.03955078125,2818809,0.0,0.0,HINDUNILVR.NS,1117
2024-07-09 00:00:00+05:30,2511.039427844741,2537.099631698892,2492.4528899015895,2513.951171875,1479529,0.0,0.0,HINDUNILVR.NS,1118
2024-07-10 00:00:00+05:30,2505.0707205854474,2548.746885802939,2497.3060689912268,2533.654296875,1764036,0.0,0.0,HINDUNILVR.NS,1119
2024-07-11 00:00:00+05:30,2540.0114617929316,2540.0600382534158,2513.8543410931525,2532.101318359375,1432671,0.0,0.0,HINDUNILVR.NS,1120
2024-07-12 00:00:00+05:30,2524.482079998987,2561.8494618059694,2524.482079998987,2545.10693359375,1912642,0.0,0.0,HINDUNILVR.NS,1121
2024-07-15 00:00:00+05:30,2550.688029320354,2551.9012561227323,2536.760090845706,2543.214599609375,920101,0.0,0.0,HINDUNILVR.NS,1122
2024-07-16 00:00:00+05:30,2548.698279276291,2644.834418084959,2547.3395600466733,2609.359619140625,3298003,0.0,0.0,HINDUNILVR.NS,1123
2024-07-18 00:00:00+05:30,2620.5698558354193,2670.2635775618123,2576.8936915714958,2657.840087890625,5569762,0.0,0.0,HINDUNILVR.NS,1124
2024-07-19 00:00:00+05:30,2658.4226122563427,2662.3049380865823,2636.0506622679163,2646.775634765625,1668862,0.0,0.0,HINDUNILVR.NS,1125
2024-07-22 00:00:00+05:30,2626.101995167326,2669.050221276368,2626.0534187066073,2654.831298828125,1911629,0.0,0.0,HINDUNILVR.NS,1126
2024-07-23 00:00:00+05:30,2665.2168331572675,2728.595853311204,2651.6286919831223,2684.96826171875,3906259,0.0,0.0,HINDUNILVR.NS,1127
2024-07-24 00:00:00+05:30,2667.1576101328446,2676.3295567061523,2596.402322900649,2637.1181640625,3611927,0.0,0.0,HINDUNILVR.NS,1128
2024-07-25 00:00:00+05:30,2637.118427721687,2644.6890105715133,2591.452522213848,2627.55810546875,2166670,0.0,0.0,HINDUNILVR.NS,1129
2024-07-26 00:00:00+05:30,2643.863904425438,2646.7756488135715,2608.1950356707994,2631.294921875,2135309,0.0,0.0,HINDUNILVR.NS,1130
2024-07-29 00:00:00+05:30,2631.4402385470876,2639.9814022401224,2613.581635609391,2631.82861328125,957011,0.0,0.0,HINDUNILVR.NS,1131
2024-07-30 00:00:00+05:30,2635.7109154365803,2673.3209442701027,2606.399167914487,2612.22265625,1560399,0.0,0.0,HINDUNILVR.NS,1132
2024-07-31 00:00:00+05:30,2625.4229277529967,2629.9360368935118,2596.3540595490326,2626.0537109375,1751085,0.0,0.0,HINDUNILVR.NS,1133
2024-08-01 00:00:00+05:30,2634.1581489635837,2644.785968827308,2615.9111696630976,2635.66259765625,1886392,0.0,0.0,HINDUNILVR.NS,1134
2024-08-02 00:00:00+05:30,2632.2168729998184,2678.319491535029,2602.2743407046587,2613.339111328125,1738872,0.0,0.0,HINDUNILVR.NS,1135
2024-08-05 00:00:00+05:30,2597.227273238811,2661.334222675603,2587.764104503914,2636.001953125,3118731,0.0,0.0,HINDUNILVR.NS,1136
2024-08-06 00:00:00+05:30,2640.0785950237046,2690.20903019787,2628.96524828348,2669.1474609375,2296031,0.0,0.0,HINDUNILVR.NS,1137
2024-08-07 00:00:00+05:30,2699.8662700374903,2700.0119994244997,2655.025456133828,2663.323974609375,1713875,0.0,0.0,HINDUNILVR.NS,1138
2024-08-08 00:00:00+05:30,2672.9813547553963,2678.076907446923,2640.3697227462762,2652.793212890625,1464161,0.0,0.0,HINDUNILVR.NS,1139
2024-08-09 00:00:00+05:30,2674.9225119219846,2676.8636748479075,2638.622859990569,2666.38134765625,1284031,0.0,0.0,HINDUNILVR.NS,1140
2024-08-12 00:00:00+05:30,2657.451984181087,2682.1046579872973,2642.3108189254185,2667.837158203125,1297178,0.0,0.0,HINDUNILVR.NS,1141
2024-08-13 00:00:00+05:30,2661.334396791671,2676.5239020483646,2649.7845720557543,2660.751953125,1051237,0.0,0.0,HINDUNILVR.NS,1142
2024-08-14 00:00:00+05:30,2660.363661851899,2661.8681104387065,2626.9757559173618,2641.97119140625,946995,0.0,0.0,HINDUNILVR.NS,1143
2024-08-16 00:00:00+05:30,2657.3547781329457,2672.593096011396,2630.9550108698363,2667.400390625,1727926,0.0,0.0,HINDUNILVR.NS,1144
2024-08-19 00:00:00+05:30,2669.1475248307747,2678.562117366071,2656.5299661657655,2661.8681640625,1130327,0.0,0.0,HINDUNILVR.NS,1145
2024-08-20 00:00:00+05:30,2661.8682216798816,2675.165140246076,2654.588860754042,2670.1181640625,1097889,0.0,0.0,HINDUNILVR.NS,1146
2024-08-21 00:00:00+05:30,2668.613474223842,2712.872079436205,2662.2561188648465,2709.086669921875,1417729,0.0,0.0,HINDUNILVR.NS,1147
2024-08-22 00:00:00+05:30,2720.4911994091617,2727.333845951709,2700.254718563504,2710.639892578125,1552947,0.0,0.0,HINDUNILVR.NS,1148
2024-08-23 00:00:00+05:30,2716.851608794936,2738.010332274373,2689.821056977102,2732.769287109375,2111401,0.0,0.0,HINDUNILVR.NS,1149
2024-08-26 00:00:00+05:30,2732.7692242402322,2751.549833114722,2721.1222468451892,2738.15576171875,1152244,0.0,0.0,HINDUNILVR.NS,1150
2024-08-27 00:00:00+05:30,2726.363034801577,2741.018908091678,2678.367834036984,2685.50146484375,1357212,0.0,0.0,HINDUNILVR.NS,1151
2024-08-28 00:00:00+05:30,2678.804731489039,2699.9148774708824,2664.9739461905906,2683.02685546875,1723549,0.0,0.0,HINDUNILVR.NS,1152
2024-08-29 00:00:00+05:30,2688.462067987683,2727.333902856005,2664.246107950083,2703.31201171875,2129934,0.0,0.0,HINDUNILVR.NS,1153
2024-08-30 00:00:00+05:30,2713.4543899828323,2733.4484617343433,2678.901834096344,2696.275146484375,4029712,0.0,0.0,HINDUNILVR.NS,1154
2024-09-02 00:00:00+05:30,2711.804574932889,2726.2661437739175,2697.245853163385,2707.000244140625,957950,0.0,0.0,HINDUNILVR.NS,1155
2024-09-03 00:00:00+05:30,2698.216341458918,2744.7556730503247,2693.363434369963,2712.095703125,2022116,0.0,0.0,HINDUNILVR.NS,1156
2024-09-04 00:00:00+05:30,2698.216436840079,2760.188157340057,2690.111986931693,2757.66455078125,1640986,0.0,0.0,HINDUNILVR.NS,1157
2024-09-05 00:00:00+05:30,2756.4998023952226,2771.0099471964018,2740.582124971867,2754.94677734375,1945173,0.0,0.0,HINDUNILVR.NS,1158
2024-09-06 00:00:00+05:30,2744.9012192603564,2782.1228719736864,2744.9012192603564,2755.431884765625,1672730,0.0,0.0,HINDUNILVR.NS,1159
2024-09-09 00:00:00+05:30,2769.1658330755886,2851.7621664284884,2759.5569352281223,2835.8447265625,3342754,0.0,0.0,HINDUNILVR.NS,1160
2024-09-10 00:00:00+05:30,2847.6858799868537,2851.180067874474,2802.553844056592,2813.327392578125,1536584,0.0,0.0,HINDUNILVR.NS,1161
2024-09-11 00:00:00+05:30,2825.9451329233075,2863.2153669847785,2812.8422829388005,2818.714111328125,1913665,0.0,0.0,HINDUNILVR.NS,1162
2024-09-12 00:00:00+05:30,2825.3626974022027,2876.221072335061,2809.0568810938826,2869.427001953125,2454564,0.0,0.0,HINDUNILVR.NS,1163
2024-09-13 00:00:00+05:30,2869.426835111309,2869.426835111309,2832.641893822737,2846.666748046875,1902001,0.0,0.0,HINDUNILVR.NS,1164
2024-09-16 00:00:00+05:30,2824.3919995176966,2824.3919995176966,2724.810248668883,2782.754150390625,1489057,0.0,0.0,HINDUNILVR.NS,1165
2024-09-17 00:00:00+05:30,2782.753950166105,2828.176968869778,2775.9598805530186,2788.965576171875,1098661,0.0,0.0,HINDUNILVR.NS,1166
2024-09-18 00:00:00+05:30,2789.451155662023,2808.42607086622,2777.512956142777,2791.246826171875,464796,0.0,0.0,HINDUNILVR.NS,1167
2024-09-19 00:00:00+05:30,2791.6349342197495,2847.9772355641235,2788.8203427591193,2826.090576171875,1713010,0.0,0.0,HINDUNILVR.NS,1168
2024-09-20 00:00:00+05:30,2838.7566700584757,2901.4077499970376,2810.2214332765097,2890.00341796875,3641632,0.0,0.0,HINDUNILVR.NS,1169
2024-09-23 00:00:00+05:30,2892.332571352012,2945.7145483400527,2882.5781808925276,2939.454345703125,1300470,0.0,0.0,HINDUNILVR.NS,1170
2024-09-24 00:00:00+05:30,2931.15585489431,2931.15585489431,2859.429983559541,2863.7490234375,1929308,0.0,0.0,HINDUNILVR.NS,1171
2024-09-25 00:00:00+05:30,2863.749069984707,2873.260815338254,2819.636191624619,2862.196044921875,1055354,0.0,0.0,HINDUNILVR.NS,1172
2024-09-26 00:00:00+05:30,2864.2830665701063,2904.8048428813454,2854.674167856613,2898.25341796875,1902889,0.0,0.0,HINDUNILVR.NS,1173
2024-09-27 00:00:00+05:30,2898.253441779502,2940.8618738147916,2865.884454754662,2878.9873046875,2977081,0.0,0.0,HINDUNILVR.NS,1174
2024-09-30 00:00:00+05:30,2876.9975761841415,2909.706124674832,2856.0331583870834,2871.271240234375,1627702,0.0,0.0,HINDUNILVR.NS,1175
2024-10-01 00:00:00+05:30,2875.541649372102,2875.541649372102,2806.339143756762,2837.737548828125,1184642,0.0,0.0,HINDUNILVR.NS,1176
2024-10-03 00:00:00+05:30,2823.1787931428157,2837.106731735907,2776.9306818262016,2808.23193359375,1233447,0.0,0.0,HINDUNILVR.NS,1177
2024-10-04 00:00:00+05:30,2805.9509130580846,2828.2742859395566,2734.176463728675,2764.94384765625,2456486,0.0,0.0,HINDUNILVR.NS,1178
2024-10-07 00:00:00+05:30,2761.3042498599384,2782.1231747563133,2741.9411971515387,2750.04541015625,1280975,0.0,0.0,HINDUNILVR.NS,1179
2024-10-08 00:00:00+05:30,2760.333851126015,2801.0982750877915,2716.366460746994,2735.875244140625,1761488,0.0,0.0,HINDUNILVR.NS,1180
2024-10-09 00:00:00+05:30,2740.339816511498,2742.7179308436193,2679.484401539292,2687.49169921875,1476282,0.0,0.0,HINDUNILVR.NS,1181
2024-10-10 00:00:00+05:30,2688.5105879502285,2705.398610217547,2652.793143577846,2673.66064453125,2065078,0.0,0.0,HINDUNILVR.NS,1182
2024-10-11 00:00:00+05:30,2683.4634190604256,2707.92202219178,2656.529786044002,2701.322021484375,679307,0.0,0.0,HINDUNILVR.NS,1183
2024-10-14 00:00:00+05:30,2709.4750374005316,2722.189511126188,2683.6574782692883,2707.048583984375,874010,0.0,0.0,HINDUNILVR.NS,1184
2024-10-15 00:00:00+05:30,2710.930950421438,2716.9485075927832,2683.9001641735904,2699.62353515625,1082666,0.0,0.0,HINDUNILVR.NS,1185
2024-10-16 00:00:00+05:30,2707.0974310900656,2715.2504582721194,2674.534609706107,2699.429931640625,1170797,0.0,0.0,HINDUNILVR.NS,1186
2024-10-17 00:00:00+05:30,2697.6822860049597,2700.157315839255,2643.3297304021567,2658.08251953125,1368242,0.0,0.0,HINDUNILVR.NS,1187
2024-10-18 00:00:00+05:30,2658.0828331824578,2659.3932129429836,2614.212598375217,2637.1669921875,1137277,0.0,0.0,HINDUNILVR.NS,1188
2024-10-21 00:00:00+05:30,2635.128493894694,2657.451866034502,2601.5948592234436,2614.3095703125,792345,0.0,0.0,HINDUNILVR.NS,1189
2024-10-22 00:00:00+05:30,2606.1082244195836,2630.275606612126,2595.0920306934213,2602.80810546875,1272253,0.0,0.0,HINDUNILVR.NS,1190
2024-10-23 00:00:00+05:30,2543.8940646553547,2613.8245078342925,2543.8940646553547,2581.0673828125,1431962,0.0,0.0,HINDUNILVR.NS,1191
2024-10-24 00:00:00+05:30,2569.1292285561976,2569.1292285561976,2380.4482798823033,2431.40380859375,9216267,0.0,0.0,HINDUNILVR.NS,1192
2024-10-25 00:00:00+05:30,2428.6859946148834,2465.276867660535,2426.5507628298415,2453.678466796875,2761166,0.0,0.0,HINDUNILVR.NS,1193
2024-10-28 00:00:00+05:30,2469.159144937238,2513.4177526958706,2445.9623436655493,2500.023681640625,852829,0.0,0.0,HINDUNILVR.NS,1194
2024-10-29 00:00:00+05:30,2509.632330583052,2509.632330583052,2461.394481395327,2472.70166015625,1695654,0.0,0.0,HINDUNILVR.NS,1195
2024-10-30 00:00:00+05:30,2481.776848804237,2487.891559530861,2458.871031051871,2479.787109375,1200637,0.0,0.0,HINDUNILVR.NS,1196
2024-10-31 00:00:00+05:30,2479.7870359976687,2488.0855548126483,2449.8447403470686,2453.87255859375,1901355,0.0,0.0,HINDUNILVR.NS,1197
2024-11-01 00:00:00+05:30,2469.1107892962864,2471.0519523196854,2437.4699741899085,2462.8505859375,118532,0.0,0.0,HINDUNILVR.NS,1198
2024-11-04 00:00:00+05:30,2472.0707851149646,2472.0707851149646,2429.850494909821,2450.52392578125,1097260,0.0,0.0,HINDUNILVR.NS,1199
2024-11-05 00:00:00+05:30,2445.865157420273,2455.813616889939,2433.247599068502,2447.175537109375,702046,0.0,0.0,HINDUNILVR.NS,1200
2024-11-06 00:00:00+05:30,2469.6112066402106,2476.386285924596,2449.77738556988,2455.3740234375,1219166,29.0,0.0,HINDUNILVR.NS,1201
2024-11-07 00:00:00+05:30,2455.374054274254,2464.407253718044,2421.401332931118,2430.630859375,1322446,0.0,0.0,HINDUNILVR.NS,1202
2024-11-08 00:00:00+05:30,2438.927788649835,2469.6605169147483,2422.579669604473,2462.247314453125,1700877,0.0,0.0,HINDUNILVR.NS,1203
2024-11-11 00:00:00+05:30,2463.5237739285594,2469.316739128912,2430.189173754933,2445.899169921875,1175577,0.0,0.0,HINDUNILVR.NS,1204
2024-11-12 00:00:00+05:30,2449.7775706822567,2451.692178555918,2411.484454346943,2416.884765625,1624222,0.0,0.0,HINDUNILVR.NS,1205
2024-11-13 00:00:00+05:30,2417.4740174733843,2427.980029788182,2405.985890652603,2420.272216796875,1262017,0.0,0.0,HINDUNILVR.NS,1206
2024-11-14 00:00:00+05:30,2415.804451248359,2420.026560463074,2340.4947086024417,2345.89501953125,2443393,0.0,0.0,HINDUNILVR.NS,1207
2024-11-18 00:00:00+05:30,2357.62859793872,2381.0464079817834,2332.6890737165863,2378.984375,1374215,0.0,0.0,HINDUNILVR.NS,1208
2024-11-19 00:00:00+05:30,2387.8210740176746,2395.970682267616,2361.507022871615,2366.661865234375,1133370,0.0,0.0,HINDUNILVR.NS,1209
2024-11-21 00:00:00+05:30,2380.800928160588,2380.800928160588,2333.0328148891485,2339.611328125,1291829,0.0,0.0,HINDUNILVR.NS,1210
2024-11-22 00:00:00+05:30,2347.613353088314,2407.6551370493976,2334.7509378705845,2400.92919921875,1696471,0.0,0.0,HINDUNILVR.NS,1211
2024-11-25 00:00:00+05:30,2425.2306264341637,2460.2835069783887,2413.0554754508216,2426.654296875,4368045,0.0,0.0,HINDUNILVR.NS,1212
2024-11-26 00:00:00+05:30,2441.186181184411,2449.7284438602323,2415.80462213737,2434.263916015625,982442,0.0,0.0,HINDUNILVR.NS,1213
2024-11-27 00:00:00+05:30,2430.2871904428803,2447.7646089278323,2413.4481343744396,2441.82421875,948232,0.0,0.0,HINDUNILVR.NS,1214
2024-11-28 00:00:00+05:30,2440.9404425567004,2493.1269856575846,2408.7349052669156,2417.57177734375,2540530,0.0,0.0,HINDUNILVR.NS,1215
2024-11-29 00:00:00+05:30,2410.600728530422,2462.050868133835,2410.600728530422,2450.906494140625,1795164,0.0,0.0,HINDUNILVR.NS,1216
2024-12-02 00:00:00+05:30,2439.9589072851527,2445.359218749969,2415.9521160801214,2434.21484375,1006993,0.0,0.0,HINDUNILVR.NS,1217
2024-12-03 00:00:00+05:30,2435.0494613734018,2446.291879693493,2421.3032144140357,2437.847900390625,1641588,0.0,0.0,HINDUNILVR.NS,1218
2024-12-04 00:00:00+05:30,2436.12953900783,2447.8137526509245,2412.024465943355,2419.830322265625,1321495,0.0,0.0,HINDUNILVR.NS,1219
2024-12-05 00:00:00+05:30,2420.910398823739,2469.414913971408,2405.642199026858,2449.384765625,2071795,0.0,0.0,HINDUNILVR.NS,1220
2024-12-06 00:00:00+05:30,2449.777711921342,2450.5632597319986,2430.1402152325936,2438.78076171875,1308086,0.0,0.0,HINDUNILVR.NS,1221
2024-12-09 00:00:00+05:30,2420.3212934353196,2432.054648922866,2340.1021731538126,2357.23583984375,3385021,0.0,0.0,HINDUNILVR.NS,1222
2024-12-10 00:00:00+05:30,2365.0418405006158,2369.2639501866993,2345.0116899782884,2353.897705078125,2063838,0.0,0.0,HINDUNILVR.NS,1223
2024-12-11 00:00:00+05:30,2361.4086980082207,2365.6799489199275,2341.77120363809,2357.824951171875,1718225,0.0,0.0,HINDUNILVR.NS,1224
2024-12-12 00:00:00+05:30,2341.8202926979993,2356.450129788821,2295.623040287186,2302.447021484375,3231056,0.0,0.0,HINDUNILVR.NS,1225
2024-12-13 00:00:00+05:30,2302.447261734775,2351.1483476463695,2291.155701547438,2346.779052734375,2260902,0.0,0.0,HINDUNILVR.NS,1226
2024-12-16 00:00:00+05:30,2346.975359470951,2349.626373461965,2320.170129749529,2323.262939453125,1247552,0.0,0.0,HINDUNILVR.NS,1227
2024-12-17 00:00:00+05:30,2310.6950631027157,2336.861929579234,2310.6950631027157,2320.41552734375,2131569,0.0,0.0,HINDUNILVR.NS,1228
2024-12-18 00:00:00+05:30,2307.454906369584,2339.8076328717684,2307.454906369584,2316.43896484375,988403,0.0,0.0,HINDUNILVR.NS,1229
2024-12-19 00:00:00+05:30,2304.459962428923,2343.685809457716,2293.659340534284,2317.0771484375,1655915,0.0,0.0,HINDUNILVR.NS,1230
2024-12-20 00:00:00+05:30,2309.467724557705,2330.479748587135,2282.515070557055,2291.597412109375,2069691,0.0,0.0,HINDUNILVR.NS,1231
2024-12-23 00:00:00+05:30,2294.641369734494,2309.124022795506,2273.285593186901,2296.5068359375,1066199,0.0,0.0,HINDUNILVR.NS,1232
2024-12-24 00:00:00+05:30,2288.848234775878,2314.229552226785,2288.848234775878,2293.217529296875,683646,0.0,0.0,HINDUNILVR.NS,1233
2024-12-26 00:00:00+05:30,2289.9773243568984,2299.403417590653,2282.564122249837,2290.46826171875,1033769,0.0,0.0,HINDUNILVR.NS,1234
2024-12-27 00:00:00+05:30,2300.5324897599107,2303.134361905232,2286.049837508968,2298.814208984375,556816,0.0,0.0,HINDUNILVR.NS,1235
2024-12-30 00:00:00+05:30,2299.05968803339,2316.389681190017,2282.8587549338595,2301.0234375,924180,0.0,0.0,HINDUNILVR.NS,1236
2024-12-31 00:00:00+05:30,2297.5870951983143,2310.00771587375,2281.1406918459334,2284.675537109375,1878762,0.0,0.0,HINDUNILVR.NS,1237
2025-01-01 00:00:00+05:30,2282.8588155253287,2294.7884979654154,2278.1949104183414,2280.011474609375,559893,0.0,0.0,HINDUNILVR.NS,1238
2025-01-02 00:00:00+05:30,2287.767981935654,2336.517963432763,2273.5307992154535,2327.04296875,1650744,0.0,0.0,HINDUNILVR.NS,1239
2025-01-03 00:00:00+05:30,2338.678339641274,2370.834735922727,2321.9373281379058,2362.635986328125,1274239,0.0,0.0,HINDUNILVR.NS,1240
2025-01-06 00:00:00+05:30,2374.1730256557257,2375.10575867804,2318.8442903999216,2333.130615234375,900419,0.0,0.0,HINDUNILVR.NS,1241
2025-01-07 00:00:00+05:30,2334.063573808319,2358.708727057057,2332.1981075834215,2347.46630859375,922768,0.0,0.0,HINDUNILVR.NS,1242
2025-01-08 00:00:00+05:30,2347.662453978323,2365.3361989267164,2325.0793354331527,2357.481201171875,953351,0.0,0.0,HINDUNILVR.NS,1243
2025-01-09 00:00:00+05:30,2361.458055894267,2428.814523921439,2343.1459468882217,2391.2578125,2425267,0.0,0.0,HINDUNILVR.NS,1244
2025-01-10 00:00:00+05:30,2391.257498926049,2411.4842132129756,2370.049149674973,2397.787109375,1651911,0.0,0.0,HINDUNILVR.NS,1245
2025-01-13 00:00:00+05:30,2373.2405929574184,2415.903006147045,2365.3855943599074,2406.5751953125,2595013,0.0,0.0,HINDUNILVR.NS,1246
2025-01-14 00:00:00+05:30,2420.3212661598373,2423.2668904188554,2321.2501994677364,2325.0302734375,2052741,0.0,0.0,HINDUNILVR.NS,1247
2025-01-15 00:00:00+05:30,2330.8726051486196,2341.6732284736895,2307.5041755449906,2329.989013671875,1215150,0.0,0.0,HINDUNILVR.NS,1248
2025-01-16 00:00:00+05:30,2333.867188879549,2336.861954874067,2283.8898589241226,2302.496337890625,2762596,0.0,0.0,HINDUNILVR.NS,1249
2025-01-17 00:00:00+05:30,2307.405509073651,2336.1744852788183,2300.532386280666,2311.3330078125,1333005,0.0,0.0,HINDUNILVR.NS,1250
2025-01-20 00:00:00+05:30,2313.7387179443335,2325.079419305078,2293.315675101929,2302.692626953125,1382273,0.0,0.0,HINDUNILVR.NS,1251
2025-01-21 00:00:00+05:30,2310.8422527675875,2334.2109200503423,2290.173741080801,2298.077880859375,1842885,0.0,0.0,HINDUNILVR.NS,1252
2025-01-22 00:00:00+05:30,2300.0907444235577,2319.1881603751613,2289.928244871017,2300.4833984375,2658047,0.0,0.0,HINDUNILVR.NS,1253
2025-01-23 00:00:00+05:30,2273.0398957567777,2298.8632479151706,2212.9983546557087,2279.618408203125,3408925,0.0,0.0,HINDUNILVR.NS,1254
2025-01-24 00:00:00+05:30,2290.5664082907183,2337.6472505376432,2280.894846953598,2325.177490234375,1688664,0.0,0.0,HINDUNILVR.NS,1255
2025-01-27 00:00:00+05:30,2322.1336972511494,2366.023448998165,2318.353383718259,2349.47900390625,2477358,0.0,0.0,HINDUNILVR.NS,1256
2025-01-28 00:00:00+05:30,2357.48119559763,2363.3724438998315,2336.321747502455,2345.551513671875,1892156,0.0,0.0,HINDUNILVR.NS,1257
2025-01-29 00:00:00+05:30,2341.9184361178313,2352.5718729143537,2321.151881289454,2340.740234375,699576,0.0,0.0,HINDUNILVR.NS,1258
2025-01-30 00:00:00+05:30,2340.7894200830306,2381.0462851096263,2340.7894200830306,2365.0908203125,1419960,0.0,0.0,HINDUNILVR.NS,1259
2025-01-31 00:00:00+05:30,2357.9722699945264,2434.0675649870627,2357.9722699945264,2424.052490234375,2116148,0.0,0.0,HINDUNILVR.NS,1260
2025-02-01 00:00:00+05:30,2430.139939176491,2554.838028984739,2391.0121355827387,2460.627197265625,2970999,0.0,0.0,HINDUNILVR.NS,1261
2025-02-03 00:00:00+05:30,2459.5962149229367,2474.3243359703793,2372.7003007430244,2397.68896484375,2528480,0.0,0.0,HINDUNILVR.NS,1262
2025-02-04 00:00:00+05:30,2405.5932189981568,2405.5932189981568,2359.2979188534423,2393.85986328125,1992474,0.0,0.0,HINDUNILVR.NS,1263
2025-02-05 00:00:00+05:30,2408.538762766955,2408.538762766955,2343.735029239593,2347.711669921875,1357416,0.0,0.0,HINDUNILVR.NS,1264
2025-02-06 00:00:00+05:30,2356.499319499281,2365.2870502684787,2317.518941198998,2329.694091796875,1132113,0.0,0.0,HINDUNILVR.NS,1265
2025-02-07 00:00:00+05:30,2336.8620652260356,2338.776673176707,2293.7578566318184,2321.0048828125,855602,0.0,0.0,HINDUNILVR.NS,1266
2025-02-10 00:00:00+05:30,2327.9268622556306,2354.535765162653,2309.418666146116,2318.648193359375,1326354,0.0,0.0,HINDUNILVR.NS,1267
2025-02-11 00:00:00+05:30,2328.024914944897,2334.848896170445,2254.924391433907,2273.285400390625,1389260,0.0,0.0,HINDUNILVR.NS,1268
2025-02-12 00:00:00+05:30,2283.5461040133705,2297.4886778004043,2263.319627586285,2290.222900390625,1341909,0.0,0.0,HINDUNILVR.NS,1269
2025-02-13 00:00:00+05:30,2287.8665825033304,2303.0856420040236,2271.4201794945166,2279.42236328125,1334967,0.0,0.0,HINDUNILVR.NS,1270
2025-02-14 00:00:00+05:30,2279.9130925334366,2323.1155800749834,2271.4688740822953,2276.329345703125,1135380,0.0,0.0,HINDUNILVR.NS,1271
2025-02-17 00:00:00+05:30,2276.3294308235972,2293.659424337889,2258.311933209394,2287.178955078125,1409168,0.0,0.0,HINDUNILVR.NS,1272
2025-02-18 00:00:00+05:30,2287.17904363718,2296.1633418095184,2246.5295231516766,2254.384521484375,1035705,0.0,0.0,HINDUNILVR.NS,1273
2025-02-19 00:00:00+05:30,2257.084829242589,2263.9088115608124,2207.2546802120023,2209.611083984375,1521343,0.0,0.0,HINDUNILVR.NS,1274
2025-02-20 00:00:00+05:30,2209.6109729078917,2213.587613824965,2186.1442608736543,2207.3037109375,2206196,0.0,0.0,HINDUNILVR.NS,1275
2025-02-21 00:00:00+05:30,2207.303428909442,2212.7037396655705,2186.045698194655,2201.019287109375,1781509,0.0,0.0,HINDUNILVR.NS,1276
2025-02-24 00:00:00+05:30,2189.5805806766357,2210.1999493735907,2178.5836319813607,2200.822998046875,1627949,0.0,0.0,HINDUNILVR.NS,1277
2025-02-25 00:00:00+05:30,2202.345003448744,2228.4629669638985,2197.3864881550335,2218.349609375,1988040,0.0,0.0,HINDUNILVR.NS,1278
2025-02-27 00:00:00+05:30,2228.512025036238,2228.512025036238,2192.6246931729806,2204.259765625,1699658,0.0,0.0,HINDUNILVR.NS,1279
2025-02-28 00:00:00+05:30,2204.3578059858905,2208.8253837386137,2146.230872669716,2150.551025390625,3683249,0.0,0.0,HINDUNILVR.NS,1280
2025-03-03 00:00:00+05:30,2159.1427183773503,2159.1427183773503,2119.3767883663077,2137.394287109375,1306470,0.0,0.0,HINDUNILVR.NS,1281
2025-03-04 00:00:00+05:30,2140.437783808497,2140.4869254884225,2097.284437084069,2118.24755859375,1800330,0.0,0.0,HINDUNILVR.NS,1282
2025-03-05 00:00:00+05:30,2112.9943232761875,2152.1710273429244,2111.0305739051128,2131.10986328125,1145673,0.0,0.0,HINDUNILVR.NS,1283
2025-03-06 00:00:00+05:30,2135.5776091481193,2189.3843940941274,2124.5315180663188,2178.73095703125,1856868,0.0,0.0,HINDUNILVR.NS,1284
2025-03-07 00:00:00+05:30,2186.340470972133,2186.340470972133,2149.5201676266793,2164.592041015625,1738356,0.0,0.0,HINDUNILVR.NS,1285
2025-03-10 00:00:00+05:30,2167.9792709376043,2226.0570617705903,2154.87114820946,2207.0087890625,1242387,0.0,0.0,HINDUNILVR.NS,1286
2025-03-11 00:00:00+05:30,2199.399349846657,2221.44238913751,2171.170451941259,2176.76708984375,1325891,0.0,0.0,HINDUNILVR.NS,1287
2025-03-12 00:00:00+05:30,2177.160105947309,2189.5315841563634,2145.39636141498,2153.153076171875,1526212,0.0,0.0,HINDUNILVR.NS,1288
2025-03-13 00:00:00+05:30,2145.3964226012604,2169.894150742321,2125.2188476629813,2135.38134765625,1845629,0.0,0.0,HINDUNILVR.NS,1289
2025-03-17 00:00:00+05:30,2121.8312918285837,2155.656828338742,2117.412855542962,2131.8955078125,1111886,0.0,0.0,HINDUNILVR.NS,1290
2025-03-18 00:00:00+05:30,2131.8955078125,2131.8955078125,2131.8955078125,2131.8955078125,0,0.0,0.0,HINDUNILVR.NS,1291
2025-03-19 00:00:00+05:30,2166.9975655294597,2172.7416286827006,2153.6931147712576,2160.173583984375,1341405,0.0,0.0,HINDUNILVR.NS,1292
2025-03-20 00:00:00+05:30,2163.9536812276774,2208.1380452959766,2148.783764173998,2201.755859375,1426689,0.0,0.0,HINDUNILVR.NS,1293
2025-03-21 00:00:00+05:30,2204.308858765917,2214.32393347734,2185.45691112403,2205.487060546875,2152415,0.0,0.0,HINDUNILVR.NS,1294
2025-03-24 00:00:00+05:30,2209.4635575040347,2224.9280841258274,2200.3812164721885,2215.3056640625,1454404,0.0,0.0,HINDUNILVR.NS,1295
2025-03-25 00:00:00+05:30,2209.9547487462705,2250.4570850278583,2202.6889709722714,2230.13232421875,2229340,0.0,0.0,HINDUNILVR.NS,1296
2025-03-26 00:00:00+05:30,2230.8193391946506,2238.576053510754,2197.239272084734,2205.241455078125,1416907,0.0,0.0,HINDUNILVR.NS,1297
2025-03-27 00:00:00+05:30,2203.5232921909783,2219.920552767721,2160.124475668381,2203.965087890625,3752627,0.0,0.0,HINDUNILVR.NS,1298
2025-03-28 00:00:00+05:30,2206.2724040098356,2254.3842632873084,2199.6938916027498,2217.90771484375,2280152,0.0,0.0,HINDUNILVR.NS,1299
2025-04-01 00:00:00+05:30,2218.0551389367038,2243.240131281449,2179.7620223282347,2193.361083984375,2495962,0.0,0.0,HINDUNILVR.NS,1300
2025-04-02 00:00:00+05:30,2203.0323238244255,2203.0323238244255,2150.3548394880845,2197.33740234375,1351493,0.0,0.0,HINDUNILVR.NS,1301
2025-04-03 00:00:00+05:30,2185.1130403837997,2212.0654534146915,2180.3510918370066,2203.866943359375,1310088,0.0,0.0,HINDUNILVR.NS,1302
2025-04-04 00:00:00+05:30,2189.580618287982,2225.959124485599,2181.7256205542135,2203.866943359375,1120226,0.0,0.0,HINDUNILVR.NS,1303
2025-04-07 00:00:00+05:30,2111.0306546602815,2220.6079696442002,2111.0306546602815,2208.62890625,3435185,0.0,0.0,HINDUNILVR.NS,1304
2025-04-08 00:00:00+05:30,2227.18636537145,2264.399319536186,2211.5255123036677,2247.756591796875,2774874,0.0,0.0,HINDUNILVR.NS,1305
2025-04-09 00:00:00+05:30,2252.3716316716723,2311.480446220256,2248.002336789395,2307.40576171875,2989089,0.0,0.0,HINDUNILVR.NS,1306
2025-04-11 00:00:00+05:30,2351.1974690128386,2351.442937710442,2301.858260794508,2323.262939453125,3836083,0.0,0.0,HINDUNILVR.NS,1307
2025-04-15 00:00:00+05:30,2356.4994442091893,2356.4994442091893,2302.692658956642,2318.697265625,3042779,0.0,0.0,HINDUNILVR.NS,1308
2025-04-16 00:00:00+05:30,2308.3874922964587,2332.934360568433,2308.3874922964587,2323.704833984375,1131979,0.0,0.0,HINDUNILVR.NS,1309
2025-04-17 00:00:00+05:30,2314.3769314844735,2336.763482680823,2300.630685801908,2331.952392578125,1962402,0.0,0.0,HINDUNILVR.NS,1310
2025-04-21 00:00:00+05:30,2325.177604656988,2329.3994741521456,2306.2273747455256,2308.387451171875,1478430,0.0,0.0,HINDUNILVR.NS,1311
2025-04-22 00:00:00+05:30,2327.043143182113,2362.3906339646264,2312.413305383334,2355.222900390625,2352346,0.0,0.0,HINDUNILVR.NS,1312
2025-04-23 00:00:00+05:30,2366.3180012661305,2393.810492567148,2350.0187855371846,2379.867919921875,2226066,0.0,0.0,HINDUNILVR.NS,1313
2025-04-24 00:00:00+05:30,2379.8682341199365,2442.31532877599,2275.102238880822,2283.153564453125,7065430,0.0,0.0,HINDUNILVR.NS,1314
2025-04-25 00:00:00+05:30,2289.633612290894,2299.4523596993467,2252.8133095091957,2289.92822265625,2859858,0.0,0.0,HINDUNILVR.NS,1315
2025-04-28 00:00:00+05:30,2302.4961024476606,2306.423601129874,2273.0398623310593,2276.57470703125,1555660,0.0,0.0,HINDUNILVR.NS,1316
2025-04-29 00:00:00+05:30,2285.8042666616752,2290.22270274414,2270.6834923989963,2279.618408203125,1896387,0.0,0.0,HINDUNILVR.NS,1317
2025-04-30 00:00:00+05:30,2277.949398128391,2309.8603271969996,2274.0218991661004,2299.64892578125,2083807,0.0,0.0,HINDUNILVR.NS,1318
2025-05-02 00:00:00+05:30,2291.7937644248273,2302.4961024476606,2268.1304889782928,2276.57470703125,1424284,0.0,0.0,HINDUNILVR.NS,1319
2025-05-05 00:00:00+05:30,2281.9753174121656,2312.21686946445,2277.0659434146482,2306.03125,2074103,0.0,0.0,HINDUNILVR.NS,1320
2025-05-06 00:00:00+05:30,2297.7830679976596,2346.778758141565,2297.7830679976596,2338.629150390625,1888125,0.0,0.0,HINDUNILVR.NS,1321
2025-05-07 00:00:00+05:30,2326.06119085797,2343.6366523024376,2312.609555257485,2327.82861328125,1610400,0.0,0.0,HINDUNILVR.NS,1322
2025-05-08 00:00:00+05:30,2318.8935932451186,2328.9086679425363,2298.5688334765755,2312.216796875,2323073,0.0,0.0,HINDUNILVR.NS,1323
2025-05-09 00:00:00+05:30,2287.768137663965,2300.2378988832365,2260.57025538677,2290.615478515625,1805685,0.0,0.0,HINDUNILVR.NS,1324
2025-05-12 00:00:00+05:30,2317.2244679630116,2343.7350868761478,2303.5765044828277,2339.316650390625,1274873,0.0,0.0,HINDUNILVR.NS,1325
2025-05-13 00:00:00+05:30,2332.5419526791165,2354.5358530852754,2310.155158509844,2317.224609375,1929665,0.0,0.0,HINDUNILVR.NS,1326
2025-05-14 00:00:00+05:30,2327.0432872078413,2327.0432872078413,2296.1142308588765,2307.896728515625,1568111,0.0,0.0,HINDUNILVR.NS,1327
2025-05-15 00:00:00+05:30,2308.976625401022,2326.9447405218516,2297.586783068839,2312.51123046875,3236681,0.0,0.0,HINDUNILVR.NS,1328
2025-05-16 00:00:00+05:30,2317.2245472572163,2343.735167077532,2306.423924367458,2338.236572265625,1473000,0.0,0.0,HINDUNILVR.NS,1329
2025-05-19 00:00:00+05:30,2331.95255175475,2361.408794513757,2331.95255175475,2339.512939453125,936655,0.0,0.0,HINDUNILVR.NS,1330
2025-05-20 00:00:00+05:30,2351.1972894631904,2351.1972894631904,2296.1140220411703,2298.6669921875,1617408,0.0,0.0,HINDUNILVR.NS,1331
2025-05-21 00:00:00+05:30,2303.478005860862,2332.6396359970754,2302.496131178057,2321.053466796875,1570754,0.0,0.0,HINDUNILVR.NS,1332
2025-05-22 00:00:00+05:30,2312.3151721769136,2320.268454005645,2271.174713619723,2288.45556640625,2423653,0.0,0.0,HINDUNILVR.NS,1333
2025-05-23 00:00:00+05:30,2294.5431090059574,2321.642949192319,2287.3756147859463,2316.43896484375,844118,0.0,0.0,HINDUNILVR.NS,1334
2025-05-26 00:00:00+05:30,2325.07927344993,2353.8482499032,2321.250058032729,2350.706298828125,892618,0.0,0.0,HINDUNILVR.NS,1335
2025-05-27 00:00:00+05:30,2350.706553150472,2365.8273291751543,2317.5191369873537,2337.058349609375,1865258,0.0,0.0,HINDUNILVR.NS,1336
2025-05-28 00:00:00+05:30,2344.716729896539,2344.716729896539,2309.3692415061387,2319.18798828125,897517,0.0,0.0,HINDUNILVR.NS,1337
2025-05-29 00:00:00+05:30,2326.0613384377953,2332.9344618523432,2312.8060289954524,2323.802978515625,1111275,0.0,0.0,HINDUNILVR.NS,1338
2025-05-30 00:00:00+05:30,2317.224213784136,2331.8540504341177,2301.0232817809842,2305.736328125,3288892,0.0,0.0,HINDUNILVR.NS,1339
2025-06-02 00:00:00+05:30,2305.343634416857,2340.789408851528,2301.121764755519,2328.6142578125,1178205,0.0,0.0,HINDUNILVR.NS,1340
2025-06-03 00:00:00+05:30,2322.2321074614806,2336.3710082209473,2300.139925202615,2309.6640625,1643913,0.0,0.0,HINDUNILVR.NS,1341
2025-06-04 00:00:00+05:30,2316.733448566607,2324.686729845221,2299.6489239802295,2321.642822265625,3287896,0.0,0.0,HINDUNILVR.NS,1342
2025-06-05 00:00:00+05:30,2321.642934355921,2336.861993557662,2306.3255917892498,2333.3271484375,1787978,0.0,0.0,HINDUNILVR.NS,1343
2025-06-06 00:00:00+05:30,2330.283198828193,2353.0626431956043,2327.141247831911,2346.484130859375,997488,0.0,0.0,HINDUNILVR.NS,1344
2025-06-09 00:00:00+05:30,2350.608301699548,2355.517675763248,2335.1929150826363,2349.82275390625,1293622,0.0,0.0,HINDUNILVR.NS,1345
2025-06-10 00:00:00+05:30,2350.0189544422137,2356.695750752591,2335.2908330438154,2351.786376953125,1778782,0.0,0.0,HINDUNILVR.NS,1346
2025-06-11 00:00:00+05:30,2351.7864423801357,2359.346830298541,2328.319730852048,2333.3271484375,1977707,0.0,0.0,HINDUNILVR.NS,1347
2025-06-12 00:00:00+05:30,2343.6367531475557,2344.7169112625684,2281.9752104026784,2290.419189453125,3339584,0.0,0.0,HINDUNILVR.NS,1348
2025-06-13 00:00:00+05:30,2263.221282893185,2282.760494395082,2260.2756586638234,2276.967529296875,1740682,0.0,0.0,HINDUNILVR.NS,1349
2025-06-16 00:00:00+05:30,2277.94931097458,2294.248526930686,2271.1744714100378,2285.215087890625,1105297,0.0,0.0,HINDUNILVR.NS,1350
2025-06-17 00:00:00+05:30,2277.949336261707,2290.8119909000766,2271.1744966219585,2286.3935546875,1119284,0.0,0.0,HINDUNILVR.NS,1351
2025-06-18 00:00:00+05:30,2285.5097848886408,2289.1426734843863,2244.0747187940665,2255.660888671875,2056563,0.0,0.0,HINDUNILVR.NS,1352
2025-06-19 00:00:00+05:30,2258.410148058999,2265.9705354890243,2248.7877278228257,2252.616943359375,1214549,0.0,0.0,HINDUNILVR.NS,1353
2025-06-20 00:00:00+05:30,2253.402465225416,2271.0762100507136,2250.849495086671,2264.3994140625,2685864,0.0,0.0,HINDUNILVR.NS,1354
2025-06-23 00:00:00+05:30,2265.590049100476,2268.169866753373,2241.082750343553,2257.35498046875,842856,24.0,0.0,HINDUNILVR.NS,1355
2025-06-24 00:00:00+05:30,2277.099825042089,2283.053027199062,2242.6705210148793,2245.44873046875,2440747,0.0,0.0,HINDUNILVR.NS,1356
2025-06-25 00:00:00+05:30,2261.2244663474958,2272.6347697099336,2253.683647230803,2260.9267578125,1047270,0.0,0.0,HINDUNILVR.NS,1357
2025-06-26 00:00:00+05:30,2271.0471751540676,2273.130892683563,2253.8823037125367,2263.010498046875,1874722,0.0,0.0,HINDUNILVR.NS,1358
2025-06-27 00:00:00+05:30,2263.0104562105053,2292.4787561982344,2261.5221557844948,2288.90673828125,1050745,0.0,0.0,HINDUNILVR.NS,1359
2025-06-30 00:00:00+05:30,2291.8833514974594,2298.928070446473,2270.1542620550413,2276.702880859375,1403754,0.0,0.0,HINDUNILVR.NS,1360
2025-07-01 00:00:00+05:30,2282.060604307341,2284.6404218850275,2268.7652176811503,2277.595703125,759914,0.0,0.0,HINDUNILVR.NS,1361
2025-07-02 00:00:00+05:30,2277.099747912196,2290.9905524746237,2269.7575623951902,2289.10546875,1128034,0.0,0.0,HINDUNILVR.NS,1362
2025-07-03 00:00:00+05:30,2291.9828168641297,2308.750905945756,2286.029614742405,2295.356201171875,1060039,0.0,0.0,HINDUNILVR.NS,1363
2025-07-04 00:00:00+05:30,2299.920284481797,2323.1376744970185,2292.2803906553454,2321.05419921875,1242346,0.0,0.0,HINDUNILVR.NS,1364
2025-07-07 00:00:00+05:30,2322.7410024796927,2396.858319639088,2322.7410024796927,2391.599609375,2701583,0.0,0.0,HINDUNILVR.NS,1365
2025-07-08 00:00:00+05:30,2386.6384929568344,2399.6364137173014,2367.3899041263103,2374.03759765625,1471046,0.0,0.0,HINDUNILVR.NS,1366
2025-07-09 00:00:00+05:30,2380.2884570863953,2420.670959786851,2378.4033734605428,2404.498046875,1741690,0.0,0.0,HINDUNILVR.NS,1367
2025-07-10 00:00:00+05:30,2404.4982396768783,2415.0156603181044,2378.8996643467794,2389.615234375,1053695,0.0,0.0,HINDUNILVR.NS,1368
2025-07-11 00:00:00+05:30,2480.50077507572,2510.2667843766285,2441.8049629845386,2499.947998046875,7242235,0.0,0.0,HINDUNILVR.NS,1369
2025-07-14 00:00:00+05:30,2480.5008132523167,2512.7473238245966,2470.5788099993074,2496.971435546875,2427712,0.0,0.0,HINDUNILVR.NS,1370
2025-07-15 00:00:00+05:30,2501.0393243676117,2510.167518959921,2490.422829279717,2507.19091796875,1700294,0.0,0.0,HINDUNILVR.NS,1371
2025-07-16 00:00:00+05:30,2506.5957173853917,2513.144094156912,2487.9423029182253,2497.963623046875,1284379,0.0,0.0,HINDUNILVR.NS,1372
2025-07-17 00:00:00+05:30,2493.3993577519996,2505.702544596446,2486.652347254296,2490.224365234375,807474,0.0,0.0,HINDUNILVR.NS,1373
2025-07-18 00:00:00+05:30,2495.2843577635995,2495.2843577635995,2462.144965698126,2470.181884765625,771112,0.0,0.0,HINDUNILVR.NS,1374
2025-07-21 00:00:00+05:30,2471.471769802211,2474.150904552474,2436.2486571651175,2445.674560546875,1169960,0.0,0.0,HINDUNILVR.NS,1375
2025-07-22 00:00:00+05:30,2450.734836023488,2465.6178411005535,2433.470647028656,2460.359130859375,861632,0.0,0.0,HINDUNILVR.NS,1376
2025-07-23 00:00:00+05:30,2461.6490247227266,2467.6022267172193,2422.953211758524,2431.28759765625,1320795,0.0,0.0,HINDUNILVR.NS,1377
2025-07-24 00:00:00+05:30,2436.744568380519,2446.7658880933027,2402.1168755368553,2418.785888671875,693984,0.0,0.0,HINDUNILVR.NS,1378
2025-07-25 00:00:00+05:30,2407.1772840475533,2409.657784838074,2386.638543712917,2396.560546875,769388,0.0,0.0,HINDUNILVR.NS,1379
2025-07-28 00:00:00+05:30,2396.5605543297306,2429.204090176368,2393.4848786817606,2422.556396484375,987995,0.0,0.0,HINDUNILVR.NS,1380
2025-07-29 00:00:00+05:30,2425.7314790440246,2438.3323751192297,2410.7491567723273,2434.462890625,732282,0.0,0.0,HINDUNILVR.NS,1381
2025-07-30 00:00:00+05:30,2422.9531342933756,2433.768020676373,2379.7924212132107,2418.388916015625,1224146,0.0,0.0,HINDUNILVR.NS,1382
2025-07-31 00:00:00+05:30,2401.224093298107,2529.1186177565537,2401.224093298107,2501.535400390625,5505507,0.0,0.0,HINDUNILVR.NS,1383
2025-08-01 00:00:00+05:30,2530.110889578397,2706.2264515000306,2517.112968113841,2533.781982421875,4259653,0.0,0.0,HINDUNILVR.NS,1384
2025-08-04 00:00:00+05:30,2527.1341727297113,2563.0517752650835,2515.327086013953,2523.85986328125,1293028,0.0,0.0,HINDUNILVR.NS,1385
2025-08-05 00:00:00+05:30,2517.7083852053106,2533.0874906124764,2497.6659866058358,2514.93017578125,756361,0.0,0.0,HINDUNILVR.NS,1386
2025-08-06 00:00:00+05:30,2518.898917854651,2543.1087511382634,2506.893439258159,2515.8232421875,885487,0.0,0.0,HINDUNILVR.NS,1387
2025-08-07 00:00:00+05:30,2515.922254843745,2524.1575657894737,2475.539751039598,2497.8642578125,847151,0.0,0.0,HINDUNILVR.NS,1388
2025-08-08 00:00:00+05:30,2496.3760050794067,2510.16749263262,2467.2054125664436,2479.11181640625,839794,0.0,0.0,HINDUNILVR.NS,1389
2025-08-11 00:00:00+05:30,2470.678006035155,2504.8095986608714,2459.168385930271,2498.757080078125,992436,0.0,0.0,HINDUNILVR.NS,1390
2025-08-12 00:00:00+05:30,2498.3604491802103,2516.815472347512,2460.7561532932295,2464.42724609375,1406211,0.0,0.0,HINDUNILVR.NS,1391
2025-08-13 00:00:00+05:30,2465.6178398482184,2481.9891454246754,2454.108219033236,2475.63916015625,969803,0.0,0.0,HINDUNILVR.NS,1392
2025-08-14 00:00:00+05:30,2479.4092692334916,2489.430589305409,2453.909769595819,2461.252197265625,1104362,0.0,0.0,HINDUNILVR.NS,1393
2025-08-18 00:00:00+05:30,2519.1966970429903,2576.744317534717,2501.6347992367637,2548.06982421875,3089136,0.0,0.0,HINDUNILVR.NS,1394
2025-08-19 00:00:00+05:30,2552.13757165593,2594.603793083701,2538.445159023351,2584.4833984375,1400717,0.0,0.0,HINDUNILVR.NS,1395
2025-08-20 00:00:00+05:30,2578.7287287523454,2659.096957697686,2568.3106250001715,2648.9765625,3156954,0.0,0.0,HINDUNILVR.NS,1396
2025-08-21 00:00:00+05:30,2646.2975584682295,2646.2975584682295,2606.807937462502,2627.346435546875,2235686,0.0,0.0,HINDUNILVR.NS,1397
2025-08-22 00:00:00+05:30,2626.3541730605166,2637.76447641911,2598.5725648830726,2609.387451171875,1223445,0.0,0.0,HINDUNILVR.NS,1398
2025-08-25 00:00:00+05:30,2622.385449660888,2622.385449660888,2594.8022322765755,2611.074462890625,667598,0.0,0.0,HINDUNILVR.NS,1399
2025-08-26 00:00:00+05:30,2604.1290122069813,2683.901819675416,2604.1290122069813,2671.5986328125,4348648,0.0,0.0,HINDUNILVR.NS,1400
2025-08-28 00:00:00+05:30,2726.5665836002318,2726.5665836002318,2626.1559558246827,2633.696533203125,3198743,0.0,0.0,HINDUNILVR.NS,1401
2025-08-29 00:00:00+05:30,2644.0154449288766,2701.7614547505946,2620.797812241766,2639.054443359375,1972773,0.0,0.0,HINDUNILVR.NS,1402
2025-09-01 00:00:00+05:30,2639.054428419475,2652.4491325813005,2618.714322099665,2628.834716796875,1096729,0.0,0.0,HINDUNILVR.NS,1403
2025-09-02 00:00:00+05:30,2628.338751273143,2671.400149963799,2624.469266767194,2656.120361328125,1525106,0.0,0.0,HINDUNILVR.NS,1404
2025-09-03 00:00:00+05:30,2660.0889285014373,2665.9428132100716,2637.5660307805015,2643.916015625,1010692,0.0,0.0,HINDUNILVR.NS,1405
2025-09-04 00:00:00+05:30,2728.5509248247226,2728.5509248247226,2634.787993044382,2645.801513671875,2494678,0.0,0.0,HINDUNILVR.NS,1406
2025-09-05 00:00:00+05:30,2646.793550617698,2652.0520182863465,2603.335130123233,2612.860107421875,944879,0.0,0.0,HINDUNILVR.NS,1407
2025-09-08 00:00:00+05:30,2609.486845026385,2623.9730666119685,2598.3742498750744,2603.434326171875,903410,0.0,0.0,HINDUNILVR.NS,1408
2025-09-09 00:00:00+05:30,2616.4323088236597,2625.560503547093,2590.9328084136164,2621.393310546875,1610956,0.0,0.0,HINDUNILVR.NS,1409
2025-09-10 00:00:00+05:30,2621.393291290843,2632.2081780734443,2598.5726835316877,2622.881591796875,1031486,0.0,0.0,HINDUNILVR.NS,1410
2025-09-11 00:00:00+05:30,2623.1793324727764,2636.9708204363524,2593.6117136101975,2601.54931640625,1212707,0.0,0.0,HINDUNILVR.NS,1411
2025-09-12 00:00:00+05:30,2604.5257148528326,2608.395199020342,2548.9624996026387,2560.372802734375,1368380,0.0,0.0,HINDUNILVR.NS,1412
2025-09-15 00:00:00+05:30,2560.37279634945,2573.1720829359647,2548.3670761897,2560.868896484375,752745,0.0,0.0,HINDUNILVR.NS,1413
2025-09-16 00:00:00+05:30,2568.01288636171,2569.7988954313,2552.534706310226,2560.769775390625,1040928,0.0,0.0,HINDUNILVR.NS,1414
2025-09-17 00:00:00+05:30,2566.8220955202946,2570.8902135171456,2546.4819900088273,2549.656982421875,970247,0.0,0.0,HINDUNILVR.NS,1415
2025-09-18 00:00:00+05:30,2550.847649216938,2589.5434608386845,2550.847649216938,2566.623779296875,1550153,0.0,0.0,HINDUNILVR.NS,1416
2025-09-19 00:00:00+05:30,2579.7207815780857,2584.384074543658,2534.8733764379313,2539.635986328125,2214708,0.0,0.0,HINDUNILVR.NS,1417
2025-09-22 00:00:00+05:30,2548.962702635441,2567.0207005828506,2540.231291096219,2552.1376953125,1174161,0.0,0.0,HINDUNILVR.NS,1418
2025-09-23 00:00:00+05:30,2548.8632941880032,2555.2135215505277,2498.558786627699,2502.527587890625,1430474,0.0,0.0,HINDUNILVR.NS,1419
2025-09-24 00:00:00+05:30,2502.5276285865116,2555.9080548882134,2490.4228329850216,2529.61474609375,1882881,0.0,0.0,HINDUNILVR.NS,1420
2025-09-25 00:00:00+05:30,2526.142091514596,2547.474399043097,2512.0528949895665,2518.502197265625,1624258,0.0,0.0,HINDUNILVR.NS,1421
2025-09-26 00:00:00+05:30,2515.2277385461766,2525.54652468155,2479.905311279923,2492.208740234375,885612,0.0,0.0,HINDUNILVR.NS,1422
2025-09-29 00:00:00+05:30,2475.5397082588324,2497.7648977229896,2423.945293497526,2478.4169921875,2403556,0.0,0.0,HINDUNILVR.NS,1423
2025-09-30 00:00:00+05:30,2478.4170251763394,2506.5956589551924,2472.1663570938695,2494.788330078125,1678088,0.0,0.0,HINDUNILVR.NS,1424
2025-10-01 00:00:00+05:30,2495.780641485965,2530.110870187784,2478.4171355140884,2516.41845703125,1483899,0.0,0.0,HINDUNILVR.NS,1425
2025-10-03 00:00:00+05:30,2516.4184426371576,2528.721872140129,2488.7361501691885,2525.050537109375,1242611,0.0,0.0,HINDUNILVR.NS,1426
2025-10-06 00:00:00+05:30,2515.4262344267695,2529.714064556161,2500.5432294397424,2521.974853515625,818923,0.0,0.0,HINDUNILVR.NS,1427
2025-10-07 00:00:00+05:30,2520.188866616989,2539.4374563414676,2488.736164248618,2497.566650390625,1291750,0.0,0.0,HINDUNILVR.NS,1428
2025-10-08 00:00:00+05:30,2491.414984165673,2505.305788537764,2466.7092932841597,2480.60009765625,1225128,0.0,0.0,HINDUNILVR.NS,1429
2025-10-09 00:00:00+05:30,2481.493000836882,2503.3214078814285,2478.814108419605,2497.963623046875,1259173,0.0,0.0,HINDUNILVR.NS,1430
2025-10-10 00:00:00+05:30,2490.422803810714,2515.12849489021,2486.9501026898624,2509.17529296875,1018875,0.0,0.0,HINDUNILVR.NS,1431
2025-10-13 00:00:00+05:30,2499.5509243788547,2511.854353327809,2466.0145060992772,2473.35693359375,1114750,0.0,0.0,HINDUNILVR.NS,1432
2025-10-14 00:00:00+05:30,2473.555447376003,2489.6290444351353,2462.9389521863327,2482.782958984375,1461017,0.0,0.0,HINDUNILVR.NS,1433
2025-10-15 00:00:00+05:30,2483.0805511453786,2512.0527512652384,2483.0805511453786,2499.3525390625,881070,0.0,0.0,HINDUNILVR.NS,1434
2025-10-16 00:00:00+05:30,2498.1618926654496,2548.466397996017,2487.545398204978,2541.52099609375,1446646,0.0,0.0,HINDUNILVR.NS,1435
2025-10-17 00:00:00+05:30,2545.4898430859407,2594.603757423401,2540.0327414928897,2583.391845703125,2050690,0.0,0.0,HINDUNILVR.NS,1436
2025-10-20 00:00:00+05:30,2588.6505276068815,2604.228023538072,2565.4331379755677,2574.164306640625,1011485,0.0,0.0,HINDUNILVR.NS,1437
2025-10-21 00:00:00+05:30,2573.7677049527942,2586.3686009360827,2564.9372187424715,2571.485595703125,82020,0.0,0.0,HINDUNILVR.NS,1438
2025-10-23 00:00:00+05:30,2580.7129325458322,2646.396542743126,2575.8512480603545,2581.308349609375,3386744,0.0,0.0,HINDUNILVR.NS,1439
2025-10-24 00:00:00+05:30,2563.845541367595,2563.845541367595,2455.1996099512826,2496.772705078125,3110800,0.0,0.0,HINDUNILVR.NS,1440
2025-10-27 00:00:00+05:30,2496.7727162326983,2505.3057356327795,2486.453930097325,2492.208740234375,2127832,0.0,0.0,HINDUNILVR.NS,1441
2025-10-28 00:00:00+05:30,2499.3526254379835,2506.298027731777,2462.541896386315,2477.62353515625,2294976,0.0,0.0,HINDUNILVR.NS,1442
2025-10-29 00:00:00+05:30,2493.002510276694,2493.994710552656,2464.6254854896224,2468.693603515625,1870143,0.0,0.0,HINDUNILVR.NS,1443
2025-10-30 00:00:00+05:30,2471.5708795685664,2477.5240812054235,2435.752352825584,2450.337890625,1195631,0.0,0.0,HINDUNILVR.NS,1444
2025-10-31 00:00:00+05:30,2449.742476349403,2460.160579225737,2433.7679550444664,2446.269775390625,1401937,0.0,0.0,HINDUNILVR.NS,1445
2025-11-03 00:00:00+05:30,2436.943259855451,2455.5964317532575,2421.2664466287306,2440.812744140625,1049185,0.0,0.0,HINDUNILVR.NS,1446
2025-11-04 00:00:00+05:30,2440.812780562824,2444.0870900572017,2422.2586830765586,2426.624267578125,1251588,0.0,0.0,HINDUNILVR.NS,1447
2025-11-06 00:00:00+05:30,2444.682292267998,2444.682292267998,2413.6266157779787,2417.0,1329256,0.0,0.0,HINDUNILVR.NS,1448
2025-11-07 00:00:00+05:30,2417.0,2425.0,2400.60009765625,2414.0,817896,19.0,0.0,HINDUNILVR.NS,1449
2025-11-10 00:00:00+05:30,2405.0,2429.300048828125,2404.0,2408.800048828125,780558,0.0,0.0,HINDUNILVR.NS,1450
2025-11-11 00:00:00+05:30,2422.199951171875,2433.699951171875,2403.10009765625,2427.5,1422399,0.0,0.0,HINDUNILVR.NS,1451
2025-11-12 00:00:00+05:30,2430.60009765625,2434.800048828125,2416.199951171875,2424.5,1680827,0.0,0.0,HINDUNILVR.NS,1452
2025-11-13 00:00:00+05:30,2429.0,2431.0,2405.0,2407.60009765625,1256059,0.0,0.0,HINDUNILVR.NS,1453
2025-11-14 00:00:00+05:30,2405.10009765625,2430.199951171875,2392.0,2427.699951171875,975973,0.0,0.0,HINDUNILVR.NS,1454
2025-11-17 00:00:00+05:30,2431.39990234375,2438.39990234375,2416.0,2425.0,920038,0.0,0.0,HINDUNILVR.NS,1455
2025-11-18 00:00:00+05:30,2415.800048828125,2422.89990234375,2401.89990234375,2404.0,1229034,0.0,0.0,HINDUNILVR.NS,1456
2025-11-19 00:00:00+05:30,2412.0,2450.699951171875,2411.0,2441.60009765625,1465143,0.0,0.0,HINDUNILVR.NS,1457
2025-11-20 00:00:00+05:30,2445.10009765625,2459.0,2425.0,2428.39990234375,1396929,0.0,0.0,HINDUNILVR.NS,1458
2025-11-21 00:00:00+05:30,2436.199951171875,2443.199951171875,2413.0,2433.699951171875,1840712,0.0,0.0,HINDUNILVR.NS,1459
2025-11-24 00:00:00+05:30,2441.89990234375,2444.89990234375,2413.0,2424.199951171875,4092327,0.0,0.0,HINDUNILVR.NS,1460
2025-11-25 00:00:00+05:30,2422.0,2424.199951171875,2406.0,2414.10009765625,1240672,0.0,0.0,HINDUNILVR.NS,1461
2025-11-26 00:00:00+05:30,2412.0,2427.699951171875,2409.0,2425.199951171875,1242683,0.0,0.0,HINDUNILVR.NS,1462
2025-11-27 00:00:00+05:30,2426.10009765625,2459.699951171875,2425.0,2451.699951171875,1872248,0.0,0.0,HINDUNILVR.NS,1463
2025-11-28 00:00:00+05:30,2450.0,2470.0,2447.199951171875,2466.60009765625,973225,0.0,0.0,HINDUNILVR.NS,1464
2025-12-01 00:00:00+05:30,2466.60009765625,2488.0,2458.800048828125,2464.5,1924828,0.0,0.0,HINDUNILVR.NS,1465
2025-12-02 00:00:00+05:30,2471.0,2484.39990234375,2460.0,2477.800048828125,2179406,0.0,0.0,HINDUNILVR.NS,1466
2025-12-03 00:00:00+05:30,2478.199951171875,2484.89990234375,2403.10009765625,2448.0,3535932,0.0,0.0,HINDUNILVR.NS,1467
2025-12-04 00:00:00+05:30,2440.0,2483.0,2423.199951171875,2462.199951171875,2587753,0.0,0.0,HINDUNILVR.NS,1468
2025-12-05 00:00:00+05:30,2422.0,2422.0,2286.699951171875,2338.60009765625,4008271,0.0,0.0,HINDUNILVR.NS,1469
2025-12-08 00:00:00+05:30,2350.10009765625,2355.10009765625,2302.0,2314.0,1898154,0.0,0.0,HINDUNILVR.NS,1470
2025-12-09 00:00:00+05:30,2318.0,2330.39990234375,2298.10009765625,2306.5,1471488,0.0,0.0,HINDUNILVR.NS,1471
2025-12-10 00:00:00+05:30,2306.5,2316.89990234375,2295.0,2301.699951171875,2857290,0.0,0.0,HINDUNILVR.NS,1472
2025-12-11 00:00:00+05:30,2296.300048828125,2313.0,2292.0,2305.60009765625,1108032,0.0,0.0,HINDUNILVR.NS,1473
2025-12-12 00:00:00+05:30,2306.89990234375,2309.0,2244.699951171875,2260.60009765625,3203114,0.0,0.0,HINDUNILVR.NS,1474
2025-12-15 00:00:00+05:30,2260.60009765625,2299.0,2252.0,2293.5,1274115,0.0,0.0,HINDUNILVR.NS,1475
2025-12-16 00:00:00+05:30,2293.39990234375,2302.699951171875,2276.0,2281.10009765625,1256042,0.0,0.0,HINDUNILVR.NS,1476
2025-12-17 00:00:00+05:30,2281.199951171875,2286.199951171875,2268.300048828125,2275.60009765625,808100,0.0,0.0,HINDUNILVR.NS,1477
2025-12-18 00:00:00+05:30,2270.0,2278.300048828125,2255.300048828125,2265.5,1057295,0.0,0.0,HINDUNILVR.NS,1478
2025-12-19 00:00:00+05:30,2263.699951171875,2284.800048828125,2263.699951171875,2280.0,1237214,0.0,0.0,HINDUNILVR.NS,1479
2025-12-22 00:00:00+05:30,2280.0,2295.0,2280.0,2289.5,790773,0.0,0.0,HINDUNILVR.NS,1480
2025-12-23 00:00:00+05:30,2289.300048828125,2310.0,2280.699951171875,2302.60009765625,1128801,0.0,0.0,HINDUNILVR.NS,1481
2025-12-24 00:00:00+05:30,2302.60009765625,2305.0,2278.10009765625,2282.199951171875,519380,0.0,0.0,HINDUNILVR.NS,1482
2025-12-26 00:00:00+05:30,2282.300048828125,2290.0,2275.0,2285.39990234375,533626,0.0,0.0,HINDUNILVR.NS,1483
2025-12-29 00:00:00+05:30,2288.89990234375,2298.699951171875,2280.0,2293.300048828125,1086695,0.0,0.0,HINDUNILVR.NS,1484
2025-12-30 00:00:00+05:30,2293.300048828125,2298.0,2283.0,2290.199951171875,1556717,0.0,0.0,HINDUNILVR.NS,1485
2025-12-31 00:00:00+05:30,2290.0,2325.5,2286.800048828125,2315.89990234375,1324220,0.0,0.0,HINDUNILVR.NS,1486
2026-01-01 00:00:00+05:30,2322.0,2326.0,2300.0,2323.0,758866,0.0,0.0,HINDUNILVR.NS,1487
2026-01-02 00:00:00+05:30,2326.0,2357.699951171875,2322.0,2348.0,973413,0.0,0.0,HINDUNILVR.NS,1488
2026-01-05 00:00:00+05:30,2341.5,2394.0,2336.39990234375,2384.10009765625,1344113,0.0,0.0,HINDUNILVR.NS,1489
2026-01-06 00:00:00+05:30,2398.800048828125,2428.10009765625,2367.800048828125,2424.699951171875,1584720,0.0,0.0,HINDUNILVR.NS,1490
2026-01-07 00:00:00+05:30,2416.0,2421.89990234375,2382.0,2399.39990234375,892690,0.0,0.0,HINDUNILVR.NS,1491
2026-01-08 00:00:00+05:30,2389.0,2418.10009765625,2368.10009765625,2386.699951171875,1163828,0.0,0.0,HINDUNILVR.NS,1492
2026-01-09 00:00:00+05:30,2382.0,2386.0,2361.0,2372.60009765625,1189464,0.0,0.0,HINDUNILVR.NS,1493
2026-01-12 00:00:00+05:30,2362.0,2413.89990234375,2361.0,2406.199951171875,1057665,0.0,0.0,HINDUNILVR.NS,1494
2026-01-13 00:00:00+05:30,2415.10009765625,2422.199951171875,2365.0,2389.5,1519683,0.0,0.0,HINDUNILVR.NS,1495
2026-01-14 00:00:00+05:30,2398.89990234375,2398.89990234375,2341.0,2353.5,1027639,0.0,0.0,HINDUNILVR.NS,1496
2026-01-15 00:00:00+05:30,2353.5,2353.5,2353.5,2353.5,0,0.0,0.0,HINDUNILVR.NS,1497
2026-01-16 00:00:00+05:30,2370.0,2372.89990234375,2348.89990234375,2360.39990234375,1367606,0.0,0.0,HINDUNILVR.NS,1498
2026-01-19 00:00:00+05:30,2353.0,2425.39990234375,2353.0,2413.89990234375,1505238,0.0,0.0,HINDUNILVR.NS,1499
2026-01-20 00:00:00+05:30,2423.0,2439.0,2368.5,2379.10009765625,1460806,0.0,0.0,HINDUNILVR.NS,1500
2026-01-21 00:00:00+05:30,2379.10009765625,2400.5,2360.0,2368.0,1020245,0.0,0.0,HINDUNILVR.NS,1501
2026-01-22 00:00:00+05:30,2368.89990234375,2402.0,2365.699951171875,2390.60009765625,1745964,0.0,0.0,HINDUNILVR.NS,1502
2026-01-23 00:00:00+05:30,2400.0,2434.300048828125,2376.800048828125,2409.5,1378097,0.0,0.0,HINDUNILVR.NS,1503
2026-01-27 00:00:00+05:30,2412.0,2421.60009765625,2380.5,2400.89990234375,2060117,0.0,0.0,HINDUNILVR.NS,1504
2026-01-28 00:00:00+05:30,2403.10009765625,2420.199951171875,2340.60009765625,2378.39990234375,1797593,0.0,0.0,HINDUNILVR.NS,1505
2026-01-29 00:00:00+05:30,2370.5,2374.699951171875,2312.0,2352.60009765625,1478536,0.0,0.0,HINDUNILVR.NS,1506
2026-01-30 00:00:00+05:30,2341.0,2385.0,2340.0,2373.0,2090462,0.0,0.0,HINDUNILVR.NS,1507
2026-02-02 00:00:00+05:30,2356.10009765625,2360.0,2303.0,2357.300048828125,1375089,0.0,0.0,HINDUNILVR.NS,1508
2026-02-03 00:00:00+05:30,2390.0,2399.89990234375,2343.300048828125,2368.60009765625,1553270,0.0,0.0,HINDUNILVR.NS,1509
2026-02-04 00:00:00+05:30,2360.60009765625,2393.5,2356.800048828125,2371.0,1232755,0.0,0.0,HINDUNILVR.NS,1510
2026-02-05 00:00:00+05:30,2362.5,2423.0,2351.60009765625,2354.39990234375,1962066,0.0,0.0,HINDUNILVR.NS,1511
2026-02-06 00:00:00+05:30,2354.39990234375,2429.0,2337.5,2424.199951171875,1421995,0.0,0.0,HINDUNILVR.NS,1512
2026-02-09 00:00:00+05:30,2425.0,2439.0,2402.0,2435.0,958484,0.0,0.0,HINDUNILVR.NS,1513
2026-02-10 00:00:00+05:30,2435.0,2458.10009765625,2430.10009765625,2453.60009765625,792532,0.0,0.0,HINDUNILVR.NS,1514
2026-02-11 00:00:00+05:30,2460.0,2470.60009765625,2447.0,2462.89990234375,1137856,0.0,0.0,HINDUNILVR.NS,1515
2026-02-12 00:00:00+05:30,2475.0,2479.60009765625,2350.10009765625,2409.699951171875,4656164,0.0,0.0,HINDUNILVR.NS,1516
2026-02-13 00:00:00+05:30,2400.0,2400.0,2300.300048828125,2305.199951171875,2791519,0.0,0.0,HINDUNILVR.NS,1517
2026-02-16 00:00:00+05:30,2308.10009765625,2327.0,2288.10009765625,2319.0,2036833,0.0,0.0,HINDUNILVR.NS,1518
2026-02-17 00:00:00+05:30,2309.300048828125,2326.0,2303.39990234375,2312.300048828125,1233244,0.0,0.0,HINDUNILVR.NS,1519
2026-02-18 00:00:00+05:30,2312.60009765625,2328.89990234375,2306.0,2323.5,830787,0.0,0.0,HINDUNILVR.NS,1520
2026-02-19 00:00:00+05:30,2336.0,2337.39990234375,2275.60009765625,2279.300048828125,940180,0.0,0.0,HINDUNILVR.NS,1521
2026-02-20 00:00:00+05:30,2285.0,2331.199951171875,2278.300048828125,2314.5,1716316,0.0,0.0,HINDUNILVR.NS,1522
2026-02-23 00:00:00+05:30,2325.0,2350.0,2320.800048828125,2345.39990234375,1300035,0.0,0.0,HINDUNILVR.NS,1523
2026-02-24 00:00:00+05:30,2331.10009765625,2372.0,2330.300048828125,2358.60009765625,1544803,0.0,0.0,HINDUNILVR.NS,1524
2026-02-25 00:00:00+05:30,2368.89990234375,2380.0,2349.0,2374.89990234375,1158620,0.0,0.0,HINDUNILVR.NS,1525
2026-02-26 00:00:00+05:30,2378.0,2387.300048828125,2355.199951171875,2383.300048828125,1470677,0.0,0.0,HINDUNILVR.NS,1526
2026-02-27 00:00:00+05:30,2369.300048828125,2378.89990234375,2330.60009765625,2338.10009765625,3053227,0.0,0.0,HINDUNILVR.NS,1527
2026-03-02 00:00:00+05:30,2303.0,2354.0,2290.199951171875,2320.60009765625,2273224,0.0,0.0,HINDUNILVR.NS,1528
2026-03-04 00:00:00+05:30,2292.89990234375,2311.60009765625,2252.10009765625,2261.300048828125,2648737,0.0,0.0,HINDUNILVR.NS,1529
2026-03-05 00:00:00+05:30,2275.5,2277.800048828125,2228.39990234375,2255.0,1751288,0.0,0.0,HINDUNILVR.NS,1530
2026-03-06 00:00:00+05:30,2245.10009765625,2250.0,2219.5,2225.699951171875,1674258,0.0,0.0,HINDUNILVR.NS,1531
2026-03-09 00:00:00+05:30,2199.0,2200.0,2170.39990234375,2194.60009765625,1512817,0.0,0.0,HINDUNILVR.NS,1532
2026-03-10 00:00:00+05:30,2224.0,2224.0,2175.0,2190.199951171875,1084986,0.0,0.0,HINDUNILVR.NS,1533
2026-03-11 00:00:00+05:30,2190.199951171875,2195.0,2156.0,2161.39990234375,1313256,0.0,0.0,HINDUNILVR.NS,1534
2026-03-12 00:00:00+05:30,2165.10009765625,2165.10009765625,2109.300048828125,2136.89990234375,1791973,0.0,0.0,HINDUNILVR.NS,1535
2026-03-13 00:00:00+05:30,2136.0,2191.89990234375,2120.300048828125,2160.0,2298875,0.0,0.0,HINDUNILVR.NS,1536
2026-03-16 00:00:00+05:30,2169.60009765625,2186.699951171875,2154.0,2175.699951171875,1981511,0.0,0.0,HINDUNILVR.NS,1537
2026-03-17 00:00:00+05:30,2172.800048828125,2184.800048828125,2145.5,2158.199951171875,1705956,0.0,0.0,HINDUNILVR.NS,1538
2026-03-18 00:00:00+05:30,2165.0,2175.0,2129.699951171875,2135.300048828125,2441148,0.0,0.0,HINDUNILVR.NS,1539
2026-03-19 00:00:00+05:30,2112.0,2133.60009765625,2070.10009765625,2077.300048828125,2098905,0.0,0.0,HINDUNILVR.NS,1540
2026-03-20 00:00:00+05:30,2099.699951171875,2099.800048828125,2069.0,2082.699951171875,2429744,0.0,0.0,HINDUNILVR.NS,1541
2026-03-23 00:00:00+05:30,2062.300048828125,2097.0,2033.300048828125,2052.199951171875,2599535,0.0,0.0,HINDUNILVR.NS,1542
2026-03-24 00:00:00+05:30,2070.0,2115.0,2066.0,2085.0,1702418,0.0,0.0,HINDUNILVR.NS,1543
2026-03-25 00:00:00+05:30,2098.0,2154.699951171875,2086.0,2134.800048828125,2069217,0.0,0.0,HINDUNILVR.NS,1544
2026-03-27 00:00:00+05:30,2123.300048828125,2127.0,2069.5,2074.39990234375,2789151,0.0,0.0,HINDUNILVR.NS,1545
2026-03-30 00:00:00+05:30,2064.0,2082.39990234375,2046.199951171875,2055.199951171875,2482193,0.0,0.0,HINDUNILVR.NS,1546
2026-04-01 00:00:00+05:30,2119.89990234375,2119.89990234375,2052.0,2064.699951171875,2028470,0.0,0.0,HINDUNILVR.NS,1547
2026-04-02 00:00:00+05:30,2055.0,2069.89990234375,2022.5,2065.300048828125,1431905,0.0,0.0,HINDUNILVR.NS,1548
2026-04-06 00:00:00+05:30,2065.300048828125,2092.800048828125,2041.9000244140625,2084.800048828125,1661298,0.0,0.0,HINDUNILVR.NS,1549
2026-04-07 00:00:00+05:30,2064.699951171875,2119.5,2050.800048828125,2110.60009765625,2709707,0.0,0.0,HINDUNILVR.NS,1550
2026-04-08 00:00:00+05:30,2130.0,2192.800048828125,2130.0,2145.60009765625,3794437,0.0,0.0,HINDUNILVR.NS,1551
2026-04-09 00:00:00+05:30,2145.5,2162.89990234375,2115.0,2133.199951171875,2506245,0.0,0.0,HINDUNILVR.NS,1552
2026-04-10 00:00:00+05:30,2133.199951171875,2170.0,2121.39990234375,2155.300048828125,2144484,0.0,0.0,HINDUNILVR.NS,1553
2026-04-13 00:00:00+05:30,2131.0,2140.699951171875,2113.5,2127.199951171875,1994541,0.0,0.0,HINDUNILVR.NS,1554
2026-04-15 00:00:00+05:30,2140.89990234375,2168.0,2140.89990234375,2157.60009765625,1552971,0.0,0.0,HINDUNILVR.NS,1555
2026-04-16 00:00:00+05:30,2158.0,2163.699951171875,2129.10009765625,2139.10009765625,1845734,0.0,0.0,HINDUNILVR.NS,1556
2026-04-17 00:00:00+05:30,2142.0,2245.0,2133.0,2240.800048828125,4882697,0.0,0.0,HINDUNILVR.NS,1557
2026-04-20 00:00:00+05:30,2240.800048828125,2253.39990234375,2223.199951171875,2231.5,1460822,0.0,0.0,HINDUNILVR.NS,1558
2026-04-21 00:00:00+05:30,2238.699951171875,2335.699951171875,2227.199951171875,2310.699951171875,3217281,0.0,0.0,HINDUNILVR.NS,1559
2026-04-22 00:00:00+05:30,2310.39990234375,2408.0,2310.39990234375,2368.800048828125,5558325,0.0,0.0,HINDUNILVR.NS,1560
2026-04-23 00:00:00+05:30,2336.0,2400.0,2336.0,2366.39990234375,2063531,0.0,0.0,HINDUNILVR.NS,1561
2026-04-24 00:00:00+05:30,2388.60009765625,2388.60009765625,2299.0,2327.300048828125,1676706,0.0,0.0,HINDUNILVR.NS,1562
2026-04-27 00:00:00+05:30,2334.89990234375,2362.800048828125,2325.0,2328.300048828125,1099681,0.0,0.0,HINDUNILVR.NS,1563
2026-04-28 00:00:00+05:30,2321.0,2334.39990234375,2281.10009765625,2289.5,1629120,0.0,0.0,HINDUNILVR.NS,1564
2026-04-29 00:00:00+05:30,2305.0,2349.699951171875,2291.0,2314.39990234375,1778765,0.0,0.0,HINDUNILVR.NS,1565
2026-04-30 00:00:00+05:30,2312.0,2368.800048828125,2211.60009765625,2250.89990234375,4434979,0.0,0.0,HINDUNILVR.NS,1566
2026-05-01 00:00:00+05:30,2250.89990234375,2250.89990234375,2250.89990234375,2250.89990234375,0,0.0,0.0,HINDUNILVR.NS,1567
2026-05-04 00:00:00+05:30,2268.800048828125,2365.800048828125,2268.800048828125,2309.300048828125,2554255,0.0,0.0,HINDUNILVR.NS,1568
2026-05-05 00:00:00+05:30,2301.5,2335.39990234375,2288.10009765625,2327.39990234375,1741424,0.0,0.0,HINDUNILVR.NS,1569
2026-05-06 00:00:00+05:30,2330.0,2339.39990234375,2288.300048828125,2317.10009765625,1196175,0.0,0.0,HINDUNILVR.NS,1570
2026-05-07 00:00:00+05:30,2310.0,2327.89990234375,2268.10009765625,2272.199951171875,1859012,0.0,0.0,HINDUNILVR.NS,1571
2026-05-08 00:00:00+05:30,2272.199951171875,2297.300048828125,2256.0,2287.699951171875,1104526,0.0,0.0,HINDUNILVR.NS,1572
2026-05-11 00:00:00+05:30,2277.10009765625,2317.10009765625,2259.199951171875,2307.199951171875,1903862,0.0,0.0,HINDUNILVR.NS,1573
2026-05-12 00:00:00+05:30,2285.300048828125,2307.0,2256.0,2262.0,983506,0.0,0.0,HINDUNILVR.NS,1574
2026-05-13 00:00:00+05:30,2265.0,2295.800048828125,2250.0,2267.300048828125,1308559,0.0,0.0,HINDUNILVR.NS,1575
2026-05-14 00:00:00+05:30,2268.0,2285.89990234375,2245.0,2248.699951171875,1380764,0.0,0.0,HINDUNILVR.NS,1576
2026-05-15 00:00:00+05:30,2248.699951171875,2298.89990234375,2246.199951171875,2272.199951171875,1038522,0.0,0.0,HINDUNILVR.NS,1577
2026-05-18 00:00:00+05:30,2263.10009765625,2265.0,2224.699951171875,2254.199951171875,1118204,0.0,0.0,HINDUNILVR.NS,1578
2026-05-19 00:00:00+05:30,2242.0,2282.0,2229.5,2232.89990234375,1145022,0.0,0.0,HINDUNILVR.NS,1579
2026-05-20 00:00:00+05:30,2224.89990234375,2226.89990234375,2201.0,2209.300048828125,1071994,0.0,0.0,HINDUNILVR.NS,1580
2026-05-21 00:00:00+05:30,2224.0,2229.0,2176.0,2179.0,1581812,0.0,0.0,HINDUNILVR.NS,1581
2026-05-22 00:00:00+05:30,2180.0,2224.5,2175.39990234375,2203.60009765625,1382889,0.0,0.0,HINDUNILVR.NS,1582
2026-05-25 00:00:00+05:30,2215.0,2238.10009765625,2192.89990234375,2196.5,780722,0.0,0.0,HINDUNILVR.NS,1583
2026-05-26 00:00:00+05:30,2199.60009765625,2220.0,2190.0,2209.39990234375,2302703,0.0,0.0,HINDUNILVR.NS,1584
2026-05-27 00:00:00+05:30,2205.10009765625,2214.60009765625,2187.0,2198.39990234375,616538,0.0,0.0,HINDUNILVR.NS,1585
2026-05-28 00:00:00+05:30,2198.39990234375,2198.39990234375,2198.39990234375,2198.39990234375,0,0.0,0.0,HINDUNILVR.NS,1586
2026-05-29 00:00:00+05:30,2133.5,2207.800048828125,2118.10009765625,2153.5,17701621,0.0,0.0,HINDUNILVR.NS,1587
