Date,Open,High,Low,Close,Volume,Dividends,Stock Splits,Symbol,time_idx
2020-01-01 00:00:00+05:30,631.561560316586,635.8578974615967,629.4563446264264,633.1511840820312,2112415,0.0,0.0,INFY.NS,0
2020-01-02 00:00:00+05:30,634.9125827890715,636.5451590730723,628.038444888832,631.3036499023438,5658200,0.0,0.0,INFY.NS,1
2020-01-03 00:00:00+05:30,630.6162539816314,642.7319011943908,630.6162539816314,641.0133666992188,7882938,0.0,0.0,INFY.NS,2
2020-01-06 00:00:00+05:30,641.0992552489884,647.7156233670265,632.8503108716351,634.8695678710938,6519403,0.0,0.0,INFY.NS,3
2020-01-07 00:00:00+05:30,634.1392721765393,638.091880808106,623.0547029448412,625.460693359375,7899363,0.0,0.0,INFY.NS,4
2020-01-08 00:00:00+05:30,622.9258478082336,626.4058699298521,608.6190260970619,617.1257934570312,8639443,0.0,0.0,INFY.NS,5
2020-01-09 00:00:00+05:30,620.1331588503805,628.5539670587161,613.7745604883978,625.1598510742188,13521186,0.0,0.0,INFY.NS,6
2020-01-10 00:00:00+05:30,636.244492808629,638.3497082159341,627.6947725496843,634.2681884765625,9341405,0.0,0.0,INFY.NS,7
2020-01-13 00:00:00+05:30,653.0430967150216,668.0802732841175,648.7467605524229,664.6861572265625,36952038,0.0,0.0,INFY.NS,8
2020-01-14 00:00:00+05:30,661.5929489936188,667.607820828844,659.2299636297804,666.4907836914062,11414418,0.0,0.0,INFY.NS,9
2020-01-15 00:00:00+05:30,664.9438903563332,664.9438903563332,654.890506244878,659.530517578125,6047430,0.0,0.0,INFY.NS,10
2020-01-16 00:00:00+05:30,662.2374053844961,663.7840762380827,653.25805043366,659.05810546875,5740586,0.0,0.0,INFY.NS,11
2020-01-17 00:00:00+05:30,662.2373957058855,664.1277944750946,654.9765756863783,659.7884521484375,3762957,0.0,0.0,INFY.NS,12
2020-01-20 00:00:00+05:30,663.0106155562338,665.4166059085701,655.5779850146992,660.303955078125,3887680,0.0,0.0,INFY.NS,13
2020-01-21 00:00:00+05:30,660.3039348535362,662.0654222432121,653.6875664782915,655.1912841796875,4448374,0.0,0.0,INFY.NS,14
2020-01-22 00:00:00+05:30,660.3039604629397,668.5099526054332,658.1987451102337,661.8076782226562,9733935,0.0,0.0,INFY.NS,15
2020-01-23 00:00:00+05:30,667.7366809288342,674.9545481250569,667.3930054333838,673.9663696289062,12528017,0.0,0.0,INFY.NS,16
2020-01-24 00:00:00+05:30,666.5766204863226,675.8137441346989,664.7291747784413,672.5914916992188,7540490,0.0,0.0,INFY.NS,17
2020-01-27 00:00:00+05:30,669.4121395706309,674.3529262503606,665.4165783317211,668.5958251953125,3741610,0.0,0.0,INFY.NS,18
2020-01-28 00:00:00+05:30,671.0877505893266,671.7751539292527,663.354345012753,668.5099487304688,5121009,0.0,0.0,INFY.NS,19
2020-01-29 00:00:00+05:30,675.8997161540362,681.2271845254437,673.8804587413712,678.5634765625,6832757,0.0,0.0,INFY.NS,20
2020-01-30 00:00:00+05:30,678.5634230837039,678.5634230837039,668.5099848025825,670.8300170898438,3859680,0.0,0.0,INFY.NS,21
2020-01-31 00:00:00+05:30,670.7010827359123,674.481879846576,663.0106298864689,666.7484741210938,6092028,0.0,0.0,INFY.NS,22
2020-02-03 00:00:00+05:30,671.9470769378582,679.6375303151891,656.9098981061286,659.4017944335938,6416745,0.0,0.0,INFY.NS,23
2020-02-04 00:00:00+05:30,661.7217595518065,678.7352948915391,661.7217595518065,676.9737548828125,5771311,0.0,0.0,INFY.NS,24
2020-02-05 00:00:00+05:30,671.0877950146051,675.3841317304477,665.4166515278996,674.13818359375,6310409,0.0,0.0,INFY.NS,25
2020-02-06 00:00:00+05:30,673.9662506855775,676.0714659500686,661.6357865507899,662.7957763671875,7341622,0.0,0.0,INFY.NS,26
2020-02-07 00:00:00+05:30,666.7484574140747,669.2403010625379,662.4950738825356,667.908447265625,2853344,0.0,0.0,INFY.NS,27
2020-02-10 00:00:00+05:30,665.0729014093579,668.5099706672875,661.4210153228079,664.385498046875,3827682,0.0,0.0,INFY.NS,28
2020-02-11 00:00:00+05:30,669.3691741328972,669.4550798779453,660.9483657433054,664.6861572265625,4312817,0.0,0.0,INFY.NS,29
2020-02-12 00:00:00+05:30,666.6196444491172,673.0211971260142,666.0181467745829,671.1307983398438,2948825,0.0,0.0,INFY.NS,30
2020-02-13 00:00:00+05:30,674.5248891698634,682.2582955425115,672.1189510096988,680.7545776367188,4387430,0.0,0.0,INFY.NS,31
2020-02-14 00:00:00+05:30,682.687904616437,686.7264716212071,674.1811369350173,675.7708129882812,5321680,0.0,0.0,INFY.NS,32
2020-02-17 00:00:00+05:30,679.0789279947746,681.7856409332788,673.0640569718882,678.3485717773438,2929629,0.0,0.0,INFY.NS,33
2020-02-18 00:00:00+05:30,674.5248398118925,686.5975350544546,673.3648499190842,685.3945922851562,5083346,0.0,0.0,INFY.NS,34
2020-02-19 00:00:00+05:30,687.4137343244039,691.5811591105432,684.10557670617,687.8004150390625,3985192,0.0,0.0,INFY.NS,35
2020-02-20 00:00:00+05:30,690.2064803636806,692.6553712672503,682.1293465122486,684.8360595703125,4564569,0.0,0.0,INFY.NS,36
2020-02-24 00:00:00+05:30,687.4997252716818,697.3812989273168,680.6685923965873,683.8478393554688,6627536,0.0,0.0,INFY.NS,37
2020-02-25 00:00:00+05:30,686.5547240857837,692.5695965120673,683.4613821019053,686.0391845703125,6996695,0.0,0.0,INFY.NS,38
2020-02-26 00:00:00+05:30,682.2152961289557,688.659800999916,670.6581402379306,672.5914916992188,8760569,0.0,0.0,INFY.NS,39
2020-02-27 00:00:00+05:30,668.5098925056186,670.8728773441667,663.5261531534188,668.3809814453125,5223386,0.0,0.0,INFY.NS,40
2020-02-28 00:00:00+05:30,644.4504095828447,650.2934161406274,620.4338804966222,628.725830078125,14123957,0.0,0.0,INFY.NS,41
2020-03-02 00:00:00+05:30,633.2800484591393,658.1128963036546,630.4874295208866,636.7600708007812,9821523,0.0,0.0,INFY.NS,42
2020-03-03 00:00:00+05:30,648.7467574562573,652.183826369933,636.9318330654977,641.8726196289062,7826587,0.0,0.0,INFY.NS,43
2020-03-04 00:00:00+05:30,647.8016298045927,654.3320402192519,640.6267164780191,651.9690551757812,11013444,0.0,0.0,INFY.NS,44
2020-03-05 00:00:00+05:30,656.2654546302358,664.686264377304,645.9542461777803,648.4031372070312,7755293,0.0,0.0,INFY.NS,45
2020-03-06 00:00:00+05:30,636.7170538393751,639.2948556767816,626.4917522394582,634.95556640625,9216022,0.0,0.0,INFY.NS,46
2020-03-09 00:00:00+05:30,622.5391507011657,623.6991405627762,598.9093002604727,605.3108520507812,10308654,0.0,0.0,INFY.NS,47
2020-03-11 00:00:00+05:30,593.4530115851985,598.0071180152542,574.8928055039582,589.4573974609375,16165009,0.0,0.0,INFY.NS,48
2020-03-12 00:00:00+05:30,573.9905962154143,575.7091309346221,539.1902681514557,542.3695678710938,13965574,0.0,0.0,INFY.NS,49
2020-03-13 00:00:00+05:30,508.68628698145295,573.1313402307924,489.78240469498,551.9503784179688,16903113,0.0,0.0,INFY.NS,50
2020-03-16 00:00:00+05:30,534.4643034100769,534.5932144936081,498.37507391936435,501.081787109375,19140152,0.0,0.0,INFY.NS,51
2020-03-17 00:00:00+05:30,505.3350826110837,508.6862460888613,472.5970191703948,476.85040283203125,16059887,0.0,0.0,INFY.NS,52
2020-03-18 00:00:00+05:30,488.06388963363025,496.65656374689837,453.6931931805577,459.1065673828125,15390183,0.0,0.0,INFY.NS,53
2020-03-19 00:00:00+05:30,437.58183411403814,479.47111131199466,437.58183411403814,468.7732238769531,16583991,0.0,0.0,INFY.NS,54
2020-03-20 00:00:00+05:30,472.16732098848996,530.5545370484156,470.87842020326207,502.8431701660156,21354894,0.0,0.0,INFY.NS,55
2020-03-23 00:00:00+05:30,464.00435947172974,482.0060205736713,443.29603774017926,452.3612976074219,17146150,0.0,0.0,INFY.NS,56
2020-03-24 00:00:00+05:30,448.53763363858843,516.5486770353702,448.53763363858843,506.79595947265625,20027097,0.0,0.0,INFY.NS,57
2020-03-25 00:00:00+05:30,512.9826684122734,545.6348315607934,486.087607676413,520.887939453125,18339548,0.0,0.0,INFY.NS,58
2020-03-26 00:00:00+05:30,528.4493083568235,559.2540153535676,525.9574125912475,552.5087890625,14843813,0.0,0.0,INFY.NS,59
2020-03-27 00:00:00+05:30,571.455741852175,579.9195567351105,551.8644567193235,560.8438110351562,13495283,0.0,0.0,INFY.NS,60
2020-03-30 00:00:00+05:30,537.1280702790377,570.1239618447985,533.6910004261678,538.5029296875,14624804,0.0,0.0,INFY.NS,61
2020-03-31 00:00:00+05:30,558.5238045672374,568.8350132669402,544.5177565725783,551.2200317382812,15175521,0.0,0.0,INFY.NS,62
2020-04-01 00:00:00+05:30,545.0761167002236,547.7828293055833,510.40470683532,517.9662475585938,13083824,0.0,0.0,INFY.NS,63
2020-04-03 00:00:00+05:30,518.567836244878,520.7160045806065,500.2224996359624,503.27288818359375,10221655,0.0,0.0,INFY.NS,64
2020-04-07 00:00:00+05:30,528.4493631712148,553.582930443992,526.6449229093224,549.07177734375,15145605,0.0,0.0,INFY.NS,65
2020-04-08 00:00:00+05:30,541.3383891240682,563.3786159451819,538.2020425580807,542.7131958007812,11806896,0.0,0.0,INFY.NS,66
2020-04-09 00:00:00+05:30,555.77418458549,560.9297893635475,543.1429423901444,546.7089233398438,11931114,0.0,0.0,INFY.NS,67
2020-04-13 00:00:00+05:30,540.4790946458554,559.9844715077093,537.9442457955366,547.6969604492188,8330276,0.0,0.0,INFY.NS,68
2020-04-15 00:00:00+05:30,559.7267284941587,561.3593048627127,546.1502634816354,549.11474609375,11963447,0.0,0.0,INFY.NS,69
2020-04-16 00:00:00+05:30,532.7027829782867,545.5488398400219,518.5678251427089,536.0538940429688,17783287,0.0,0.0,INFY.NS,70
2020-04-17 00:00:00+05:30,553.3682327907554,555.0867676751988,537.9014188307654,540.264404296875,8878320,0.0,0.0,INFY.NS,71
2020-04-20 00:00:00+05:30,549.9310694176118,567.9756826328771,549.0718021216468,561.3593139648438,13322913,0.0,0.0,INFY.NS,72
2020-04-21 00:00:00+05:30,539.4480697711608,555.5163808350769,539.4480697711608,544.088134765625,11660575,0.0,0.0,INFY.NS,73
2020-04-22 00:00:00+05:30,544.0881205149975,554.2274652032556,539.6628724890429,551.520751953125,8266728,0.0,0.0,INFY.NS,74
2020-04-23 00:00:00+05:30,555.9888863999373,587.4381005055866,548.2984337082895,583.7002563476562,14451289,0.0,0.0,INFY.NS,75
2020-04-24 00:00:00+05:30,574.4632097999466,580.0054950192344,562.6482830495548,565.39794921875,7319940,0.0,0.0,INFY.NS,76
2020-04-27 00:00:00+05:30,568.0186423136012,585.1610355625768,568.0186423136012,571.0690307617188,7183306,0.0,0.0,INFY.NS,77
2020-04-28 00:00:00+05:30,578.2869346061016,581.7240040539833,561.1445402456878,567.7179565429688,7296571,0.0,0.0,INFY.NS,78
2020-04-29 00:00:00+05:30,572.2720207639521,586.0202975390621,565.3978823763971,581.3372802734375,8639056,0.0,0.0,INFY.NS,79
2020-04-30 00:00:00+05:30,601.4871422683001,618.6724891902516,599.8545133325081,614.8057861328125,16253821,0.0,0.0,INFY.NS,80
2020-05-04 00:00:00+05:30,592.722611176012,602.5182800042948,576.0098506269107,578.888427734375,9122740,0.0,0.0,INFY.NS,81
2020-05-05 00:00:00+05:30,585.8055194551935,589.1136777947754,575.7091280307733,578.888427734375,6393053,0.0,0.0,INFY.NS,82
2020-05-06 00:00:00+05:30,581.6379741199961,585.5476292931716,570.5963594086796,572.18603515625,7934250,0.0,0.0,INFY.NS,83
2020-05-07 00:00:00+05:30,571.8854125131132,579.4469552092237,569.2217045283481,571.369873046875,4779548,0.0,0.0,INFY.NS,84
2020-05-08 00:00:00+05:30,577.6424115295788,585.0750942552445,574.4201593269222,579.3179931640625,8400321,0.0,0.0,INFY.NS,85
2020-05-11 00:00:00+05:30,586.4499732496389,600.2412038897027,582.5832701293116,586.793701171875,7370186,0.0,0.0,INFY.NS,86
2020-05-12 00:00:00+05:30,583.0128060655798,593.7536462657563,580.4350044175374,590.8751220703125,7356039,0.0,0.0,INFY.NS,87
2020-05-13 00:00:00+05:30,597.0188804340474,601.4011749176295,587.52398772122,596.4603881835938,8287101,0.0,0.0,INFY.NS,88
2020-05-14 00:00:00+05:30,566.2572728882986,577.2129333273363,560.7579400034343,565.5269165039062,16888262,0.0,0.0,INFY.NS,89
2020-05-15 00:00:00+05:30,571.2410269195607,571.2410269195607,555.6883060549661,560.5001831054688,9255353,0.0,0.0,INFY.NS,90
2020-05-18 00:00:00+05:30,566.9874550936073,576.1816248521922,561.1014956048989,570.467529296875,10435442,0.0,0.0,INFY.NS,91
2020-05-19 00:00:00+05:30,570.5534342455256,579.8335097351161,562.8200292632821,574.5060424804688,5902208,0.0,0.0,INFY.NS,92
2020-05-20 00:00:00+05:30,574.4202894336297,578.2869929526294,566.8157934911394,575.322509765625,5794636,0.0,0.0,INFY.NS,93
2020-05-21 00:00:00+05:30,572.7016532246166,583.8291752054804,571.7564801764948,577.5994873046875,7213225,0.0,0.0,INFY.NS,94
2020-05-22 00:00:00+05:30,580.0054295593355,597.9211318497405,578.7165286047592,594.9136962890625,11867731,0.0,0.0,INFY.NS,95
2020-05-26 00:00:00+05:30,595.4723035989442,601.0145887752245,583.4425600918948,584.7744140625,7099606,0.0,0.0,INFY.NS,96
2020-05-27 00:00:00+05:30,589.5004177086959,609.3924799561697,580.0055229699225,606.1702270507812,8774636,0.0,0.0,INFY.NS,97
2020-05-28 00:00:00+05:30,607.5019752301157,610.0797771052081,592.8944312712586,607.845703125,9440091,0.0,0.0,INFY.NS,98
2020-05-29 00:00:00+05:30,603.1425665981,610.3715571254415,587.8571591161989,601.8361206054688,28290128,9.5,0.0,INFY.NS,99
2020-06-01 00:00:00+05:30,608.5860154019216,615.4666513657602,602.271527227805,609.2827758789062,12276438,0.0,0.0,INFY.NS,100
2020-06-02 00:00:00+05:30,610.1101276902748,619.8213950978599,607.5407739082339,616.7294311523438,7059304,0.0,0.0,INFY.NS,101
2020-06-03 00:00:00+05:30,618.9939366005988,620.0391037136432,606.190759074472,611.0245971679688,11378568,0.0,0.0,INFY.NS,102
2020-06-04 00:00:00+05:30,611.4167008745254,617.9053930185396,607.4973630484067,616.4247436523438,10782424,0.0,0.0,INFY.NS,103
2020-06-05 00:00:00+05:30,615.7714374549481,619.8649781519487,610.1972475918731,612.7666015625,7718679,0.0,0.0,INFY.NS,104
2020-06-08 00:00:00+05:30,616.3376688179678,632.1456328286368,613.1586290936992,627.8343505859375,10719105,0.0,0.0,INFY.NS,105
2020-06-09 00:00:00+05:30,627.0938742168813,635.4551046093438,622.782593199759,625.0035400390625,10078029,0.0,0.0,INFY.NS,106
2020-06-10 00:00:00+05:30,622.7392550922599,626.6150554935999,617.6876745639556,623.4795532226562,7263049,0.0,0.0,INFY.NS,107
2020-06-11 00:00:00+05:30,620.1263618027355,621.3457326543191,609.8925349050078,613.1151123046875,8825715,0.0,0.0,INFY.NS,108
2020-06-12 00:00:00+05:30,588.5975053108539,605.4506918876174,588.3362267228773,602.7506713867188,9795316,0.0,0.0,INFY.NS,109
2020-06-15 00:00:00+05:30,603.5781248682291,613.5071369306994,596.8281530533247,598.8313598632812,7857344,0.0,0.0,INFY.NS,110
2020-06-16 00:00:00+05:30,611.4165479606015,620.1261853959377,608.934322555294,610.7197875976562,10131760,0.0,0.0,INFY.NS,111
2020-06-17 00:00:00+05:30,609.5877059023746,618.645699324969,607.9328530900798,612.8538208007812,7291916,0.0,0.0,INFY.NS,112
2020-06-18 00:00:00+05:30,616.8166837876505,624.1327491166638,614.900552454068,621.7811889648438,6670195,0.0,0.0,INFY.NS,113
2020-06-19 00:00:00+05:30,617.513442224564,620.0392589501816,610.545730605669,614.5086059570312,22438862,0.0,0.0,INFY.NS,114
2020-06-22 00:00:00+05:30,615.858523055155,617.2520971243443,609.6747009238366,612.8972778320312,7804096,0.0,0.0,INFY.NS,115
2020-06-23 00:00:00+05:30,605.9294784534435,631.0132232811869,602.793977125346,627.6600341796875,12157390,0.0,0.0,INFY.NS,116
2020-06-24 00:00:00+05:30,624.3940521342314,633.0165629999383,617.8618227695662,621.9989013671875,10220838,0.0,0.0,INFY.NS,117
2020-06-25 00:00:00+05:30,613.8988398881809,614.5520627666145,604.0134215916505,610.1101684570312,14945284,0.0,0.0,INFY.NS,118
2020-06-26 00:00:00+05:30,618.5585256682546,654.6163965077595,618.3843222695353,651.6551513671875,26030458,0.0,0.0,INFY.NS,119
2020-06-29 00:00:00+05:30,640.5069205927532,648.6068748286409,635.8907690545501,637.327880859375,8954428,0.0,0.0,INFY.NS,120
2020-06-30 00:00:00+05:30,638.2422825218049,643.5987313277307,630.7955524243425,640.98583984375,10411290,0.0,0.0,INFY.NS,121
2020-07-01 00:00:00+05:30,642.118131668814,646.516488707229,635.5859024554995,637.45849609375,5477468,0.0,0.0,INFY.NS,122
2020-07-02 00:00:00+05:30,642.205257180301,666.6793764486785,640.5069199791261,658.9713134765625,17263756,0.0,0.0,INFY.NS,123
2020-07-03 00:00:00+05:30,657.5777470001185,665.4164221299212,655.40033724184,664.2841796875,7796572,0.0,0.0,INFY.NS,124
2020-07-06 00:00:00+05:30,666.4614879574813,674.9969222782794,663.2389113740771,665.4163208007812,8810958,0.0,0.0,INFY.NS,125
2020-07-07 00:00:00+05:30,670.1196090176614,694.1146525092771,666.7663662916871,691.6759643554688,19362533,0.0,0.0,INFY.NS,126
2020-07-08 00:00:00+05:30,683.6196216792831,683.6196216792831,672.5583689461415,674.7357788085938,8476642,0.0,0.0,INFY.NS,127
2020-07-09 00:00:00+05:30,679.351809305468,688.0614478863074,674.9969900150484,680.8324584960938,6854166,0.0,0.0,INFY.NS,128
2020-07-10 00:00:00+05:30,673.6906071353015,687.974437005429,673.6906071353015,680.963134765625,5206452,0.0,0.0,INFY.NS,129
2020-07-13 00:00:00+05:30,686.3195090355082,701.4307104643391,684.6211189079156,694.2017211914062,10804688,0.0,0.0,INFY.NS,130
2020-07-14 00:00:00+05:30,690.6307940411988,702.3452684310176,680.5275815067354,682.1824340820312,8961822,0.0,0.0,INFY.NS,131
2020-07-15 00:00:00+05:30,695.9001702256123,738.9693465867283,692.2421111394763,723.7274780273438,30060599,0.0,0.0,INFY.NS,132
2020-07-16 00:00:00+05:30,783.9545922570675,832.2060140197285,778.8594746594895,793.4481201171875,90432109,0.0,0.0,INFY.NS,133
2020-07-17 00:00:00+05:30,793.4481294784624,801.1997296141931,777.030480884196,786.611083984375,31682878,0.0,0.0,INFY.NS,134
2020-07-20 00:00:00+05:30,791.2707187182082,823.0609016936783,789.7465318632198,813.7415771484375,18421053,0.0,0.0,INFY.NS,135
2020-07-21 00:00:00+05:30,823.0608177948609,827.154358420009,809.2995999387448,815.8753662109375,12877784,0.0,0.0,INFY.NS,136
2020-07-22 00:00:00+05:30,817.7915426441868,817.8350802061377,792.577127782306,799.457763671875,14354201,0.0,0.0,INFY.NS,137
2020-07-23 00:00:00+05:30,797.4981197022231,797.6287323921299,784.4336611464684,790.7916870117188,13051307,0.0,0.0,INFY.NS,138
2020-07-24 00:00:00+05:30,786.6981114352445,806.2947984070607,786.6981114352445,803.7689819335938,18209580,0.0,0.0,INFY.NS,139
2020-07-27 00:00:00+05:30,802.6367250088961,829.854345310317,800.110961740573,826.065673828125,16827870,0.0,0.0,INFY.NS,140
2020-07-28 00:00:00+05:30,823.9318239474359,842.7010847807401,819.7512079884654,838.6075439453125,15818463,0.0,0.0,INFY.NS,141
2020-07-29 00:00:00+05:30,830.2463236418263,836.1253298674569,821.841500885121,831.0302124023438,11152710,0.0,0.0,INFY.NS,142
2020-07-30 00:00:00+05:30,837.8672030675712,847.1429891054214,835.0365706247753,837.38818359375,12492320,0.0,0.0,INFY.NS,143
2020-07-31 00:00:00+05:30,844.1817679553299,859.1623578070553,830.2898829887673,841.3511352539062,12704346,0.0,0.0,INFY.NS,144
2020-08-03 00:00:00+05:30,836.1252595221921,840.8284853707694,825.194674313446,833.42529296875,8479792,0.0,0.0,INFY.NS,145
2020-08-04 00:00:00+05:30,836.5173450761472,845.4447256561396,819.1851410278081,827.2850952148438,11133170,0.0,0.0,INFY.NS,146
2020-08-05 00:00:00+05:30,829.1575860263284,836.9527231234798,817.225370637554,822.799560546875,9614176,0.0,0.0,INFY.NS,147
2020-08-06 00:00:00+05:30,830.4641143323012,848.6672818881982,820.8835110206543,845.5753173828125,10976491,0.0,0.0,INFY.NS,148
2020-08-07 00:00:00+05:30,844.3559545021349,844.3559545021349,826.5447323047797,828.1995849609375,8010948,0.0,0.0,INFY.NS,149
2020-08-10 00:00:00+05:30,826.4577335324803,833.3383170092824,823.3222313405183,828.591552734375,5716319,0.0,0.0,INFY.NS,150
2020-08-11 00:00:00+05:30,827.3285820419939,837.8672233589381,824.0188768858094,826.065673828125,6802442,0.0,0.0,INFY.NS,151
2020-08-12 00:00:00+05:30,825.6737193978155,835.0801182274267,820.6221397633403,831.7269287109375,6908726,0.0,0.0,INFY.NS,152
2020-08-13 00:00:00+05:30,831.5963865229483,843.5286035237278,825.8915831609447,828.4609375,5097703,0.0,0.0,INFY.NS,153
2020-08-14 00:00:00+05:30,832.5107550418692,838.7381676856475,829.2011031221366,830.5510864257812,4663873,0.0,0.0,INFY.NS,154
2020-08-17 00:00:00+05:30,830.9865776597209,846.9687960035885,830.9865776597209,833.9478759765625,9008210,0.0,0.0,INFY.NS,155
2020-08-18 00:00:00+05:30,839.5220028905763,844.1381002601697,834.9929806346053,842.7009887695312,6141761,0.0,0.0,INFY.NS,156
2020-08-19 00:00:00+05:30,845.6188377288921,846.1849323454503,833.9043631136369,835.515625,6622744,0.0,0.0,INFY.NS,157
2020-08-20 00:00:00+05:30,835.1672986824275,840.915639115358,828.5479411966406,831.9011840820312,5656501,0.0,0.0,INFY.NS,158
2020-08-21 00:00:00+05:30,838.7817181580623,839.1301249589403,824.410814752181,826.3704833984375,6513773,0.0,0.0,INFY.NS,159
2020-08-24 00:00:00+05:30,824.8028382828674,829.1576579147726,818.0093302889788,825.1512451171875,5798574,0.0,0.0,INFY.NS,160
2020-08-25 00:00:00+05:30,825.2384136649528,826.2400435574455,813.1319924540134,817.0513305664062,6233918,0.0,0.0,INFY.NS,161
2020-08-26 00:00:00+05:30,819.7947929558187,831.1173239607862,817.3125670377282,828.1124877929688,5153601,0.0,0.0,INFY.NS,162
2020-08-27 00:00:00+05:30,836.1253679719745,836.9527943325807,823.2351125142904,824.8463745117188,6154280,0.0,0.0,INFY.NS,163
2020-08-28 00:00:00+05:30,828.6785952310149,829.5930966742055,812.6528385564291,814.5689697265625,7593610,0.0,0.0,INFY.NS,164
2020-08-31 00:00:00+05:30,814.5689696462156,827.851168830503,796.5835442411025,808.7770385742188,12808355,0.0,0.0,INFY.NS,165
2020-09-01 00:00:00+05:30,806.7303538943987,814.3512884116197,794.4061928113531,796.1917114257812,6907773,0.0,0.0,INFY.NS,166
2020-09-02 00:00:00+05:30,796.9318944757634,806.8609032772595,795.6254487471147,804.7705688476562,5678118,0.0,0.0,INFY.NS,167
2020-09-03 00:00:00+05:30,806.9481090583532,826.893205009047,804.7706991580338,814.830322265625,8827948,0.0,0.0,INFY.NS,168
2020-09-04 00:00:00+05:30,796.9320480148086,809.5610258248794,796.4530284538974,800.5465698242188,8650342,0.0,0.0,INFY.NS,169
2020-09-07 00:00:00+05:30,800.3287237086498,807.8625293101688,795.2335531588458,805.6851196289062,6700385,0.0,0.0,INFY.NS,170
2020-09-08 00:00:00+05:30,809.9528833714692,829.157626590769,806.1206209764005,818.0963745117188,12891964,0.0,0.0,INFY.NS,171
2020-09-09 00:00:00+05:30,814.3511698092452,823.931771807001,806.5124954474451,808.0366821289062,5528947,0.0,0.0,INFY.NS,172
2020-09-10 00:00:00+05:30,814.6125551113331,820.4480240886459,805.4674338237209,818.7496337890625,5171884,0.0,0.0,INFY.NS,173
2020-09-11 00:00:00+05:30,814.2642538559227,831.0303106292663,810.8674730380734,823.670654296875,6671903,0.0,0.0,INFY.NS,174
2020-09-14 00:00:00+05:30,833.5124738414082,863.1687847709663,825.9350770836934,852.151123046875,21871587,0.0,0.0,INFY.NS,175
2020-09-15 00:00:00+05:30,853.1091735941211,865.7381506406906,846.2721279740566,855.6785278320312,11608203,0.0,0.0,INFY.NS,176
2020-09-16 00:00:00+05:30,858.77041654156,875.8848786623677,855.286560896361,872.4880981445312,10059251,0.0,0.0,INFY.NS,177
2020-09-17 00:00:00+05:30,866.6091324290229,889.2541951859622,866.6091324290229,880.5445556640625,15628241,0.0,0.0,INFY.NS,178
2020-09-18 00:00:00+05:30,880.5444960073027,887.3380037422411,870.1800044146664,872.8364868164062,12897633,0.0,0.0,INFY.NS,179
2020-09-21 00:00:00+05:30,871.8348261431838,897.963742011611,871.3993442120434,879.58642578125,14140637,0.0,0.0,INFY.NS,180
2020-09-22 00:00:00+05:30,878.8026006731739,890.5606136653323,863.2994534339156,877.4961547851562,12625762,0.0,0.0,INFY.NS,181
2020-09-23 00:00:00+05:30,888.5137510256503,903.1894699437095,878.0185945995461,888.1653442382812,13486204,0.0,0.0,INFY.NS,182
2020-09-24 00:00:00+05:30,873.5767275845985,878.8025106010567,844.8349209940783,849.5381469726562,14427432,0.0,0.0,INFY.NS,183
2020-09-25 00:00:00+05:30,849.8865775708102,883.9412985407854,849.1898170707385,880.9364624023438,13311078,0.0,0.0,INFY.NS,184
2020-09-28 00:00:00+05:30,883.8541207365016,885.0299538514527,869.65742035015,880.0219116210938,8554526,0.0,0.0,INFY.NS,185
2020-09-29 00:00:00+05:30,886.641287736543,895.3509271052714,874.5348677502426,878.8026123046875,8708463,0.0,0.0,INFY.NS,186
2020-09-30 00:00:00+05:30,878.8025759529778,891.8234969024996,875.3187203495963,878.1493530273438,8048817,0.0,0.0,INFY.NS,187
2020-10-01 00:00:00+05:30,888.9057267346052,894.0444349601498,881.1977175557054,886.33642578125,5563358,0.0,0.0,INFY.NS,188
2020-10-05 00:00:00+05:30,886.6848687353566,918.7799232769341,886.6848687353566,913.3798828125,14212509,0.0,0.0,INFY.NS,189
2020-10-06 00:00:00+05:30,918.8668576817984,923.2216769125178,898.2685414567296,919.5200805664062,9090819,0.0,0.0,INFY.NS,190
2020-10-07 00:00:00+05:30,910.0701853201703,933.673285355981,901.8831035318268,928.9265747070312,9284008,0.0,0.0,INFY.NS,191
2020-10-08 00:00:00+05:30,949.3507180574111,978.9634927491102,947.9571969827468,952.5732421875,21482613,0.0,0.0,INFY.NS,192
2020-10-09 00:00:00+05:30,953.792508100716,969.6441142483599,948.0005771298236,963.9828491210938,10567867,0.0,0.0,INFY.NS,193
2020-10-12 00:00:00+05:30,978.0923173336505,992.8987014785054,968.5987909417148,986.01806640625,14633537,0.0,0.0,INFY.NS,194
2020-10-13 00:00:00+05:30,989.0231518031296,1015.587552166747,989.0231518031296,1008.402099609375,17523825,0.0,0.0,INFY.NS,195
2020-10-14 00:00:00+05:30,1012.0600471060425,1014.5858636680948,985.1472414570976,990.2859497070312,16649573,0.0,0.0,INFY.NS,196
2020-10-15 00:00:00+05:30,1027.7373214298302,1032.9631044201515,951.5279861543131,965.2456665039062,44288251,0.0,0.0,INFY.NS,197
2020-10-16 00:00:00+05:30,970.1231617940635,989.3714435743123,955.3603655615958,982.0118408203125,18365685,0.0,0.0,INFY.NS,198
2020-10-19 00:00:00+05:30,988.5439749102633,992.0278303284492,971.3860295032295,980.6182250976562,12902123,0.0,0.0,INFY.NS,199
2020-10-20 00:00:00+05:30,974.521348170743,996.9921488304321,966.7697496351306,990.7212524414062,10448776,0.0,0.0,INFY.NS,200
2020-10-21 00:00:00+05:30,993.9003677772055,1005.3970474807388,988.5439191103319,1000.1712646484375,19811433,0.0,0.0,INFY.NS,201
2020-10-22 00:00:00+05:30,994.6406944487392,1008.5761157369876,978.7891952608873,983.3617553710938,11271335,0.0,0.0,INFY.NS,202
2020-10-23 00:00:00+05:30,997.402909134013,999.1635497503132,986.0908146664799,988.1595458984375,9069862,12.0,0.0,INFY.NS,203
2020-10-26 00:00:00+05:30,987.9394991901848,994.4098321814356,971.1254022287984,979.3123168945312,6309368,0.0,0.0,INFY.NS,204
2020-10-27 00:00:00+05:30,973.3701599129556,976.8914412836614,948.2370786061306,960.2974243164062,10172479,0.0,0.0,INFY.NS,205
2020-10-28 00:00:00+05:30,964.390889011552,972.5338517896048,941.9867803525423,947.7088623046875,7608392,0.0,0.0,INFY.NS,206
2020-10-29 00:00:00+05:30,941.9428697069029,952.5067149746438,933.2276758688184,946.21240234375,6935616,0.0,0.0,INFY.NS,207
2020-10-30 00:00:00+05:30,943.7033979076784,953.9150922883643,926.4050818549549,933.667724609375,8800386,0.0,0.0,INFY.NS,208
2020-11-02 00:00:00+05:30,937.5412085472666,950.7019552978791,925.3047337228566,943.9675903320312,7183119,0.0,0.0,INFY.NS,209
2020-11-03 00:00:00+05:30,943.7033218793692,950.2177133173723,930.9386780666352,935.3843383789062,7204782,0.0,0.0,INFY.NS,210
2020-11-04 00:00:00+05:30,940.1821575475377,982.4375354148427,939.1258160852482,963.0264282226562,15702690,0.0,0.0,INFY.NS,211
2020-11-05 00:00:00+05:30,977.0676300960755,988.5998058042665,967.4721162768378,971.8737182617188,9568890,0.0,0.0,INFY.NS,212
2020-11-06 00:00:00+05:30,975.3947730320434,986.9269460585514,961.0455109137039,979.5762939453125,8807127,0.0,0.0,INFY.NS,213
2020-11-09 00:00:00+05:30,994.145572083524,1008.8468753631606,986.9709414864382,1000.5278930664062,10160320,0.0,0.0,INFY.NS,214
2020-11-10 00:00:00+05:30,980.5448115090674,980.5448115090674,948.9853480947723,960.4735717773438,15622869,0.0,0.0,INFY.NS,215
2020-11-11 00:00:00+05:30,964.831057732461,991.5487575926202,956.9081749591105,988.1595458984375,12514800,0.0,0.0,INFY.NS,216
2020-11-12 00:00:00+05:30,993.0894442684856,1005.3259195981743,980.456867734209,983.9781494140625,9180976,0.0,0.0,INFY.NS,217
2020-11-13 00:00:00+05:30,985.9588861262664,997.4030517688035,983.3179248241426,989.6561889648438,6363212,0.0,0.0,INFY.NS,218
2020-11-14 00:00:00+05:30,1000.9241300854196,1003.257000253714,995.7302190879453,997.7989501953125,1136144,0.0,0.0,INFY.NS,219
2020-11-17 00:00:00+05:30,1007.7467910644353,1007.9668711673103,979.4885273474882,989.2160034179688,12813968,0.0,0.0,INFY.NS,220
2020-11-18 00:00:00+05:30,993.4416012485015,997.1389040551944,969.628890728641,977.639892578125,9839468,0.0,0.0,INFY.NS,221
2020-11-19 00:00:00+05:30,968.3521904650814,981.2928540260041,962.8942483759345,965.4911499023438,10092343,0.0,0.0,INFY.NS,222
2020-11-20 00:00:00+05:30,973.634200731238,976.2751614927153,960.5174074570413,971.3013305664062,8063554,0.0,0.0,INFY.NS,223
2020-11-23 00:00:00+05:30,972.7540226658717,1007.7908168738868,970.0690025148438,1003.4331665039062,10546363,0.0,0.0,INFY.NS,224
2020-11-24 00:00:00+05:30,1007.9667956557724,1016.6819885689223,997.7110421379086,1003.6092529296875,8515426,0.0,0.0,INFY.NS,225
2020-11-25 00:00:00+05:30,1000.9241498215692,1006.6462315927567,978.2559028049418,982.1293334960938,8958701,0.0,0.0,INFY.NS,226
2020-11-26 00:00:00+05:30,985.9147577263824,985.9147577263824,966.855907639641,979.9725952148438,10962256,0.0,0.0,INFY.NS,227
2020-11-27 00:00:00+05:30,984.1981217817827,986.8390827525747,960.4294730446555,968.3523559570312,25306145,0.0,0.0,INFY.NS,228
2020-12-01 00:00:00+05:30,972.7978646190395,1003.7850921848928,972.7978646190395,1001.6723022460938,8933802,0.0,0.0,INFY.NS,229
2020-12-02 00:00:00+05:30,998.2833118256054,1010.1235779629529,986.8391468752237,1004.3575439453125,6741637,0.0,0.0,INFY.NS,230
2020-12-03 00:00:00+05:30,1009.727343166002,1009.727343166002,988.3355177588295,991.63671875,16212632,0.0,0.0,INFY.NS,231
2020-12-04 00:00:00+05:30,990.36035620238,1000.924200001872,981.5571530361366,998.85546875,10564055,0.0,0.0,INFY.NS,232
2020-12-07 00:00:00+05:30,1009.991561520931,1015.0093444370524,1000.0438987688565,1006.6463012695312,7792141,0.0,0.0,INFY.NS,233
2020-12-08 00:00:00+05:30,1007.9667904921581,1027.3338379950642,1007.9667904921581,1015.3174438476562,12308330,0.0,0.0,INFY.NS,234
2020-12-09 00:00:00+05:30,1028.2581640207657,1038.3377884186514,1018.5305817722591,1034.5523681640625,10039346,0.0,0.0,INFY.NS,235
2020-12-10 00:00:00+05:30,1018.8827250462048,1031.4272891775722,1012.3683334085982,1027.9940185546875,9488782,0.0,0.0,INFY.NS,236
2020-12-11 00:00:00+05:30,1020.9072826514108,1031.6912049925668,1016.9899007853345,1023.9884033203125,10574009,0.0,0.0,INFY.NS,237
2020-12-14 00:00:00+05:30,1029.4466563014007,1032.2636384849482,1010.7838000872065,1025.1771240234375,6728187,0.0,0.0,INFY.NS,238
2020-12-15 00:00:00+05:30,1017.6501944339277,1024.428617277518,1014.1289134843294,1016.417724609375,6905926,0.0,0.0,INFY.NS,239
2020-12-16 00:00:00+05:30,1021.171548327468,1029.0064204921753,1015.5374769134664,1026.1893310546875,7788404,0.0,0.0,INFY.NS,240
2020-12-17 00:00:00+05:30,1026.3655572410455,1029.0065183931567,1017.826385039295,1020.4673461914062,6658153,0.0,0.0,INFY.NS,241
2020-12-18 00:00:00+05:30,1041.2866180008887,1051.9825288026625,1034.90429721945,1047.4049072265625,15995676,0.0,0.0,INFY.NS,242
2020-12-21 00:00:00+05:30,1045.8205071895295,1064.9674735459034,1014.1730356676362,1036.401123046875,10858352,0.0,0.0,INFY.NS,243
2020-12-22 00:00:00+05:30,1040.5385772192492,1077.3799596666704,1035.3446660438115,1074.430908203125,10901851,0.0,0.0,INFY.NS,244
2020-12-23 00:00:00+05:30,1089.8365850669452,1108.1912427335908,1083.2782414933815,1103.08544921875,15878346,0.0,0.0,INFY.NS,245
2020-12-24 00:00:00+05:30,1100.312286849666,1100.312286849666,1079.272611671543,1088.119873046875,7313885,0.0,0.0,INFY.NS,246
2020-12-28 00:00:00+05:30,1090.2326495757873,1098.639751556463,1088.075907791497,1091.861328125,4607051,0.0,0.0,INFY.NS,247
2020-12-29 00:00:00+05:30,1087.1954861811491,1104.3176717038261,1087.1954861811491,1100.6644287109375,6878105,0.0,0.0,INFY.NS,248
2020-12-30 00:00:00+05:30,1103.0411941272316,1103.3053331676717,1089.9684608446516,1097.583251953125,5194690,0.0,0.0,INFY.NS,249
2020-12-31 00:00:00+05:30,1094.2382040986772,1107.7951590929808,1090.7169226695585,1105.50634765625,7430470,0.0,0.0,INFY.NS,250
2021-01-01 00:00:00+05:30,1107.3549790511033,1114.0453921542232,1105.5063278261723,1109.5997314453125,4253550,0.0,0.0,INFY.NS,251
2021-01-04 00:00:00+05:30,1117.1264659808303,1135.6131923682199,1110.2159730853582,1134.0726318359375,7208454,0.0,0.0,INFY.NS,252
2021-01-05 00:00:00+05:30,1128.5707940797126,1143.5362414271035,1122.4526100603225,1138.9586181640625,8145280,0.0,0.0,INFY.NS,253
2021-01-06 00:00:00+05:30,1144.416447054036,1146.1770877418114,1116.2902550512151,1128.65869140625,7161715,0.0,0.0,INFY.NS,254
2021-01-07 00:00:00+05:30,1140.8950094747993,1142.3475593355365,1105.2420404287118,1111.09619140625,10954918,0.0,0.0,INFY.NS,255
2021-01-08 00:00:00+05:30,1125.2695357392688,1159.2059296743757,1125.2695357392688,1155.068359375,13186251,0.0,0.0,INFY.NS,256
2021-01-11 00:00:00+05:30,1181.4776855514658,1217.7908927756303,1179.6290346758822,1211.49658203125,20528626,0.0,0.0,INFY.NS,257
2021-01-12 00:00:00+05:30,1213.0812248339826,1213.0812248339826,1197.2354613746127,1207.5792236328125,8309868,0.0,0.0,INFY.NS,258
2021-01-13 00:00:00+05:30,1209.4281702066341,1226.110306403351,1197.235754056419,1221.136474609375,14442997,0.0,0.0,INFY.NS,259
2021-01-14 00:00:00+05:30,1197.2356405052901,1218.3633282789128,1160.6582880628148,1206.47900390625,27521697,0.0,0.0,INFY.NS,260
2021-01-15 00:00:00+05:30,1197.2354338376977,1201.152815618445,1179.6290303989078,1183.986572265625,15018441,0.0,0.0,INFY.NS,261
2021-01-18 00:00:00+05:30,1177.8684362961483,1179.629076709147,1149.6981896881687,1155.024169921875,8861765,0.0,0.0,INFY.NS,262
2021-01-19 00:00:00+05:30,1162.022904326786,1171.7064285295091,1154.98034127026,1159.0738525390625,5585744,0.0,0.0,INFY.NS,263
2021-01-20 00:00:00+05:30,1162.506930964582,1187.0238280519566,1162.506930964582,1179.1448974609375,8225838,0.0,0.0,INFY.NS,264
2021-01-21 00:00:00+05:30,1188.4323317498906,1198.1599134497121,1175.227528063781,1179.364990234375,6142421,0.0,0.0,INFY.NS,265
2021-01-22 00:00:00+05:30,1168.1850268607495,1193.7143153151292,1167.78892571395,1180.37744140625,9646591,0.0,0.0,INFY.NS,266
2021-01-25 00:00:00+05:30,1184.0308472818467,1186.5837977384417,1155.8605966401967,1166.512451171875,6542611,0.0,0.0,INFY.NS,267
2021-01-27 00:00:00+05:30,1161.6708134424678,1168.669425310491,1131.2997587249426,1145.296875,8133665,0.0,0.0,INFY.NS,268
2021-01-28 00:00:00+05:30,1137.197927864108,1141.2913317270973,1120.2517602809414,1123.46484375,4660690,0.0,0.0,INFY.NS,269
2021-01-29 00:00:00+05:30,1132.311937664293,1136.6255284428273,1083.6742431601515,1090.7608642578125,12183519,0.0,0.0,INFY.NS,270
2021-02-01 00:00:00+05:30,1100.8845563097436,1125.005245731887,1092.4774547493232,1109.995849609375,8880279,0.0,0.0,INFY.NS,271
2021-02-02 00:00:00+05:30,1126.8099803343166,1139.4866141052723,1112.3727059690884,1119.107177734375,6892490,0.0,0.0,INFY.NS,272
2021-02-03 00:00:00+05:30,1124.7412005689066,1147.937617904773,1120.6476898717608,1130.9034423828125,8182968,0.0,0.0,INFY.NS,273
2021-02-04 00:00:00+05:30,1131.211624326662,1138.6063365926661,1119.811519034765,1126.23779296875,5032240,0.0,0.0,INFY.NS,274
2021-02-05 00:00:00+05:30,1132.4442158784987,1134.5129473844413,1110.9643760226304,1119.8555908203125,5477481,0.0,0.0,INFY.NS,275
2021-02-08 00:00:00+05:30,1131.6516804227338,1153.2195265295848,1122.8484779301416,1147.54150390625,6921922,0.0,0.0,INFY.NS,276
2021-02-09 00:00:00+05:30,1150.4906570432056,1172.5866757624497,1142.5237150981163,1149.30224609375,7965949,0.0,0.0,INFY.NS,277
2021-02-10 00:00:00+05:30,1140.7191458914072,1148.2458203636193,1129.979173207175,1141.3353271484375,5951207,0.0,0.0,INFY.NS,278
2021-02-11 00:00:00+05:30,1134.7326109183448,1140.8948516293055,1129.4947492984081,1137.94580078125,4673317,0.0,0.0,INFY.NS,279
2021-02-12 00:00:00+05:30,1148.8179986508705,1165.324004378613,1145.780936581356,1153.0435791015625,5797875,0.0,0.0,INFY.NS,280
2021-02-15 00:00:00+05:30,1162.0226695746428,1169.4173807823101,1150.6665174479708,1152.911376953125,4363513,0.0,0.0,INFY.NS,281
2021-02-16 00:00:00+05:30,1156.7408695352747,1161.8027112398622,1132.0919012346753,1135.96533203125,6896421,0.0,0.0,INFY.NS,282
2021-02-17 00:00:00+05:30,1135.9652382472548,1139.574529672526,1122.408285308977,1127.954345703125,4575741,0.0,0.0,INFY.NS,283
2021-02-18 00:00:00+05:30,1123.2886719085736,1149.6982801822862,1122.4083516327833,1137.7698974609375,6437551,0.0,0.0,INFY.NS,284
2021-02-19 00:00:00+05:30,1140.9832860809256,1143.9763970305332,1123.9931662845765,1136.7578125,5389696,0.0,0.0,INFY.NS,285
2021-02-22 00:00:00+05:30,1140.014714143002,1151.9430964143678,1109.2035056526506,1113.7811279296875,7371303,0.0,0.0,INFY.NS,286
2021-02-23 00:00:00+05:30,1119.0191594830774,1136.4934957685794,1107.0468250167494,1114.7935791015625,6612942,0.0,0.0,INFY.NS,287
2021-02-24 00:00:00+05:30,1109.2476716611327,1123.8169086048074,1102.1610500403006,1121.792236328125,4537258,0.0,0.0,INFY.NS,288
2021-02-25 00:00:00+05:30,1134.2486958235556,1144.196358621312,1119.767469256633,1122.0123291015625,8788221,0.0,0.0,INFY.NS,289
2021-02-26 00:00:00+05:30,1117.1264049578488,1121.792145299428,1095.7786387480553,1103.305419921875,15132388,0.0,0.0,INFY.NS,290
2021-03-01 00:00:00+05:30,1112.108459101362,1130.7712028039755,1108.3230395719775,1115.3656005859375,5756286,0.0,0.0,INFY.NS,291
2021-03-02 00:00:00+05:30,1128.7905613587432,1153.2194465821435,1126.1055418002557,1148.377685546875,10461434,0.0,0.0,INFY.NS,292
2021-03-03 00:00:00+05:30,1161.3183891733065,1185.791334230148,1151.458845711235,1182.7542724609375,9056399,0.0,0.0,INFY.NS,293
2021-03-04 00:00:00+05:30,1175.227543893149,1200.6247618326536,1167.216651041202,1171.134033203125,12041941,0.0,0.0,INFY.NS,294
2021-03-05 00:00:00+05:30,1169.5053749599265,1179.6290571669563,1148.861909443889,1159.1175537109375,6486176,0.0,0.0,INFY.NS,295
2021-03-08 00:00:00+05:30,1166.2482322039239,1184.9989877985854,1159.557712782507,1175.8876953125,5119392,0.0,0.0,INFY.NS,296
2021-03-09 00:00:00+05:30,1170.3858309444852,1188.8284981205222,1160.9223877834072,1184.5150146484375,6518173,0.0,0.0,INFY.NS,297
2021-03-10 00:00:00+05:30,1194.5065535631416,1209.560008154973,1192.8339236171678,1204.41015625,7925984,0.0,0.0,INFY.NS,298
2021-03-12 00:00:00+05:30,1208.6797785376261,1225.1417252536396,1206.0828766227546,1210.308349609375,9462061,0.0,0.0,INFY.NS,299
2021-03-15 00:00:00+05:30,1206.038876053752,1214.7540689860443,1195.9151920576803,1209.2080078125,6658635,0.0,0.0,INFY.NS,300
2021-03-16 00:00:00+05:30,1220.1682253309843,1237.7305756497244,1215.2824037584955,1218.363525390625,9352771,0.0,0.0,INFY.NS,301
2021-03-17 00:00:00+05:30,1225.625954097866,1232.4484365142844,1216.602670901958,1221.0042724609375,7626744,0.0,0.0,INFY.NS,302
2021-03-18 00:00:00+05:30,1226.9465894671514,1226.9465894671514,1156.3008755265314,1177.076416015625,10961755,0.0,0.0,INFY.NS,303
2021-03-19 00:00:00+05:30,1170.8259242505767,1193.009951409885,1160.2620813250076,1183.5465087890625,12767112,0.0,0.0,INFY.NS,304
2021-03-22 00:00:00+05:30,1188.5203483359587,1211.320664308968,1176.1958648328152,1206.7430419921875,4862758,0.0,0.0,INFY.NS,305
2021-03-23 00:00:00+05:30,1208.195400443542,1217.7029014694006,1196.8833075067575,1207.4031982421875,7165335,0.0,0.0,INFY.NS,306
2021-03-24 00:00:00+05:30,1195.3429344263322,1206.4349490534235,1185.1312401261687,1191.733642578125,6134303,0.0,0.0,INFY.NS,307
2021-03-25 00:00:00+05:30,1185.5714928581822,1190.6333351332403,1168.7133357890523,1174.17138671875,8749994,0.0,0.0,INFY.NS,308
2021-03-26 00:00:00+05:30,1183.7666580566158,1194.3305015997794,1172.586633291157,1176.283935546875,4922071,0.0,0.0,INFY.NS,309
2021-03-30 00:00:00+05:30,1185.7032525089942,1232.4482318089863,1176.2398107290323,1219.507568359375,10546381,0.0,0.0,INFY.NS,310
2021-03-31 00:00:00+05:30,1216.6026911950014,1221.8846131538799,1200.1407440742212,1204.322265625,8220987,0.0,0.0,INFY.NS,311
2021-04-01 00:00:00+05:30,1214.841933392189,1225.0536267024227,1206.919051217892,1219.4195556640625,5675155,0.0,0.0,INFY.NS,312
2021-04-05 00:00:00+05:30,1224.5254995692171,1254.4563888469693,1221.004218477717,1241.16357421875,9479572,0.0,0.0,INFY.NS,313
2021-04-06 00:00:00+05:30,1252.6958101867913,1255.336771135885,1238.1264659665671,1242.176025390625,5793571,0.0,0.0,INFY.NS,314
2021-04-07 00:00:00+05:30,1241.4715901438333,1263.2154565915005,1238.258399848928,1259.033935546875,5879234,0.0,0.0,INFY.NS,315
2021-04-08 00:00:00+05:30,1258.858041257452,1277.9609489690665,1250.935158480307,1267.5291748046875,5654434,0.0,0.0,INFY.NS,316
2021-04-09 00:00:00+05:30,1280.8661193543594,1280.8661193543594,1258.9021694329847,1268.585693359375,6052712,0.0,0.0,INFY.NS,317
2021-04-12 00:00:00+05:30,1297.5921547595563,1300.717334887364,1245.6532557562905,1255.11669921875,20384532,0.0,0.0,INFY.NS,318
2021-04-13 00:00:00+05:30,1261.4989124502106,1263.4796330036042,1210.4403381849543,1229.939453125,14855206,0.0,0.0,INFY.NS,319
2021-04-15 00:00:00+05:30,1172.850684415324,1202.8695827405857,1162.022702611152,1197.895751953125,25342491,0.0,0.0,INFY.NS,320
2021-04-16 00:00:00+05:30,1201.6372462560596,1206.78709867639,1185.4393307483979,1191.733642578125,10879878,0.0,0.0,INFY.NS,321
2021-04-19 00:00:00+05:30,1179.6292029840504,1214.577875938815,1172.8947311912377,1199.48046875,12508028,0.0,0.0,INFY.NS,322
2021-04-20 00:00:00+05:30,1213.9618526540346,1213.9618526540346,1181.7421469474377,1189.6209716796875,8560766,0.0,0.0,INFY.NS,323
2021-04-22 00:00:00+05:30,1193.3181242443113,1201.4610863273435,1184.1627724101147,1189.400634765625,6622446,0.0,0.0,INFY.NS,324
2021-04-23 00:00:00+05:30,1182.2702913744486,1187.0240430032222,1171.7064466265012,1174.17138671875,7316262,0.0,0.0,INFY.NS,325
2021-04-26 00:00:00+05:30,1172.8066110082514,1189.5767541537984,1162.9030085508728,1182.7542724609375,7088606,0.0,0.0,INFY.NS,326
2021-04-27 00:00:00+05:30,1184.911137700744,1191.073379873036,1179.7612853775233,1187.1119384765625,3636115,0.0,0.0,INFY.NS,327
2021-04-28 00:00:00+05:30,1195.4751183613914,1196.7955989781383,1183.6788033595897,1193.7144775390625,4879234,0.0,0.0,INFY.NS,328
2021-04-29 00:00:00+05:30,1204.278214298539,1205.1585346306288,1189.6649182780477,1194.0224609375,5412357,0.0,0.0,INFY.NS,329
2021-04-30 00:00:00+05:30,1185.1752051566957,1209.4720227612527,1184.8230555616503,1192.26171875,8354677,0.0,0.0,INFY.NS,330
2021-05-03 00:00:00+05:30,1180.333578593025,1198.11600683424,1177.8686386070633,1190.2371826171875,4560337,0.0,0.0,INFY.NS,331
2021-05-04 00:00:00+05:30,1191.953709880542,1192.7899711977664,1165.632110895416,1170.2978515625,4887060,0.0,0.0,INFY.NS,332
2021-05-05 00:00:00+05:30,1180.5975574117253,1183.0624972874223,1168.8893616546059,1180.94970703125,3939788,0.0,0.0,INFY.NS,333
2021-05-06 00:00:00+05:30,1184.0306275818127,1201.372891930784,1177.3402157880403,1198.6439208984375,4810090,0.0,0.0,INFY.NS,334
2021-05-07 00:00:00+05:30,1201.901452963915,1208.7239358814727,1187.11202765501,1190.6773681640625,4991435,0.0,0.0,INFY.NS,335
2021-05-10 00:00:00+05:30,1188.3001433034078,1190.9851627686044,1175.2714694468525,1179.23291015625,7195348,0.0,0.0,INFY.NS,336
2021-05-11 00:00:00+05:30,1176.900195068442,1180.5094866973957,1166.5123728573353,1171.398193359375,6420988,0.0,0.0,INFY.NS,337
2021-05-12 00:00:00+05:30,1170.8258971937994,1170.8258971937994,1157.1809337302627,1168.1849365234375,5241898,0.0,0.0,INFY.NS,338
2021-05-14 00:00:00+05:30,1168.0530646731775,1168.0530646731775,1154.364147358403,1158.853759765625,4824609,0.0,0.0,INFY.NS,339
2021-05-17 00:00:00+05:30,1162.2869581655425,1175.18356484798,1162.2869581655425,1170.2978515625,5017129,0.0,0.0,INFY.NS,340
2021-05-18 00:00:00+05:30,1177.868509867654,1183.6786021012647,1170.385787645027,1179.629150390625,5620150,0.0,0.0,INFY.NS,341
2021-05-19 00:00:00+05:30,1181.3898829001496,1194.9907890147208,1173.6870800123877,1176.98828125,4435878,0.0,0.0,INFY.NS,342
2021-05-20 00:00:00+05:30,1187.0240779378437,1187.6402592485474,1175.2277627966014,1179.01318359375,4490092,0.0,0.0,INFY.NS,343
2021-05-21 00:00:00+05:30,1186.2315569737161,1195.0347596228717,1185.2191671768692,1192.393798828125,4969733,0.0,0.0,INFY.NS,344
2021-05-24 00:00:00+05:30,1194.286430531544,1199.8764423547975,1184.1186891544971,1186.7156982421875,4225371,0.0,0.0,INFY.NS,345
2021-05-25 00:00:00+05:30,1195.4747897814882,1204.2779914735463,1192.3496101964242,1198.6439208984375,4099340,0.0,0.0,INFY.NS,346
2021-05-26 00:00:00+05:30,1204.1903270606833,1232.4485911220702,1199.0404740828353,1230.0277099609375,6850024,0.0,0.0,INFY.NS,347
2021-05-27 00:00:00+05:30,1236.1457809007707,1246.753684003248,1225.1417766288973,1234.42919921875,15365391,0.0,0.0,INFY.NS,348
2021-05-28 00:00:00+05:30,1241.0316277474617,1244.7729892781776,1229.015233338966,1236.8941650390625,4261312,0.0,0.0,INFY.NS,349
2021-05-31 00:00:00+05:30,1247.0825051236686,1247.0825051236686,1230.6208380920684,1240.1864013671875,4429904,15.0,0.0,INFY.NS,350
2021-06-01 00:00:00+05:30,1245.7477695679897,1246.6375894033954,1226.750137806195,1234.3580322265625,4791325,0.0,0.0,INFY.NS,351
2021-06-02 00:00:00+05:30,1228.6187219765782,1238.584660557052,1214.6040597487086,1226.7501220703125,9272276,0.0,0.0,INFY.NS,352
2021-06-03 00:00:00+05:30,1235.158699888379,1244.8577563114168,1225.3262574072241,1236.5379638671875,5115645,0.0,0.0,INFY.NS,353
2021-06-04 00:00:00+05:30,1240.3644441299962,1242.9894780877164,1225.8604444883183,1232.97900390625,4194328,0.0,0.0,INFY.NS,354
2021-06-07 00:00:00+05:30,1237.7391987342248,1238.6290184313739,1225.5487123315113,1236.5379638671875,5154576,0.0,0.0,INFY.NS,355
2021-06-08 00:00:00+05:30,1242.1884714890496,1265.1013319051262,1241.7880960173904,1257.2708740234375,7360630,0.0,0.0,INFY.NS,356
2021-06-09 00:00:00+05:30,1257.671259223617,1267.9931466228882,1249.8408019576455,1259.3619384765625,5394317,0.0,0.0,INFY.NS,357
2021-06-10 00:00:00+05:30,1267.1034939893893,1271.5525933362621,1262.6543946425165,1267.3704833984375,3496575,0.0,0.0,INFY.NS,358
2021-06-11 00:00:00+05:30,1272.531329937339,1291.6624564744493,1271.952925317914,1287.4803466796875,6140828,0.0,0.0,INFY.NS,359
2021-06-14 00:00:00+05:30,1308.9249463009223,1314.2638651845425,1293.3085651180995,1300.7386474609375,7132294,0.0,0.0,INFY.NS,360
2021-06-15 00:00:00+05:30,1302.6962549617203,1313.3740931171444,1301.806435115435,1311.5054931640625,5403104,0.0,0.0,INFY.NS,361
2021-06-16 00:00:00+05:30,1310.4375650008872,1325.3420465256531,1305.8105455279979,1317.4671630859375,7661710,0.0,0.0,INFY.NS,362
2021-06-17 00:00:00+05:30,1312.5733024806775,1337.0878839818208,1312.5733024806775,1330.5477294921875,7677951,0.0,0.0,INFY.NS,363
2021-06-18 00:00:00+05:30,1342.7381895981773,1348.7890081884066,1323.518102047729,1337.666259765625,13533974,0.0,0.0,INFY.NS,364
2021-06-21 00:00:00+05:30,1328.5010975180908,1339.8908355733147,1320.6706390275504,1334.996826171875,5454052,0.0,0.0,INFY.NS,365
2021-06-22 00:00:00+05:30,1343.360913550413,1353.8162962388503,1336.5983047696675,1345.2740478515625,6427862,0.0,0.0,INFY.NS,366
2021-06-23 00:00:00+05:30,1356.9753804774398,1356.9753804774398,1333.5286472667522,1337.5328369140625,5529809,0.0,0.0,INFY.NS,367
2021-06-24 00:00:00+05:30,1349.8566304803442,1395.9048049215821,1344.6956322155095,1387.406982421875,10785137,0.0,0.0,INFY.NS,368
2021-06-25 00:00:00+05:30,1398.7967123676879,1404.135631117183,1372.9919384117954,1400.7542724609375,9780240,0.0,0.0,INFY.NS,369
2021-06-28 00:00:00+05:30,1399.5976766042195,1406.0488705757884,1388.6528489007708,1398.618896484375,5019178,0.0,0.0,INFY.NS,370
2021-06-29 00:00:00+05:30,1389.0087116988348,1400.2649539245465,1387.4069926061065,1390.8328857421875,5913567,0.0,0.0,INFY.NS,371
2021-06-30 00:00:00+05:30,1398.8412739382577,1415.7033158675802,1398.8412739382577,1406.627197265625,6058722,0.0,0.0,INFY.NS,372
2021-07-01 00:00:00+05:30,1403.1123459447122,1403.1123459447122,1387.27361849601,1388.474853515625,4814317,0.0,0.0,INFY.NS,373
2021-07-02 00:00:00+05:30,1387.1845779352639,1396.527686132786,1372.6360454660967,1395.0595703125,5166064,0.0,0.0,INFY.NS,374
2021-07-05 00:00:00+05:30,1396.260666681678,1410.3642878359224,1389.0531485121203,1404.9808349609375,4058338,0.0,0.0,INFY.NS,375
2021-07-06 00:00:00+05:30,1400.309343479352,1411.921535049465,1385.5383568645227,1390.076416015625,4089574,0.0,0.0,INFY.NS,376
2021-07-07 00:00:00+05:30,1393.502462197475,1397.506651645048,1374.4602951004547,1392.212158203125,4797120,0.0,0.0,INFY.NS,377
2021-07-08 00:00:00+05:30,1395.2373258049015,1402.3558835896204,1378.3307510661941,1388.7861328125,3326813,0.0,0.0,INFY.NS,378
2021-07-09 00:00:00+05:30,1384.5595626807105,1396.928079212835,1380.110463828909,1390.6993408203125,3436594,0.0,0.0,INFY.NS,379
2021-07-12 00:00:00+05:30,1397.5064688609696,1404.1355826311178,1364.7610582132302,1377.3074951171875,4588982,0.0,0.0,INFY.NS,380
2021-07-13 00:00:00+05:30,1384.9156755957686,1384.9156755957686,1367.0303178269412,1374.7271728515625,4456160,0.0,0.0,INFY.NS,381
2021-07-14 00:00:00+05:30,1382.7800855630126,1408.406941407783,1368.6319278283077,1403.156982421875,5657716,0.0,0.0,INFY.NS,382
2021-07-15 00:00:00+05:30,1386.2503019190274,1420.9087400251894,1384.5596225581112,1406.627197265625,10021355,0.0,0.0,INFY.NS,383
2021-07-16 00:00:00+05:30,1400.3539365234356,1401.1547960825774,1378.8647662261394,1384.0701904296875,6265593,0.0,0.0,INFY.NS,384
2021-07-19 00:00:00+05:30,1374.5047869083064,1381.8013754243057,1368.1426613770952,1371.8353271484375,5669162,0.0,0.0,INFY.NS,385
2021-07-20 00:00:00+05:30,1368.8098758786696,1386.072293532128,1368.5428864837877,1379.2652587890625,5069939,0.0,0.0,INFY.NS,386
2021-07-22 00:00:00+05:30,1389.3647090584504,1417.3494993598415,1389.3647090584504,1414.991455078125,7854575,0.0,0.0,INFY.NS,387
2021-07-23 00:00:00+05:30,1413.5234183768378,1422.3770827631295,1410.409048786803,1415.2139892578125,4179719,0.0,0.0,INFY.NS,388
2021-07-26 00:00:00+05:30,1418.461850623931,1434.0782329842234,1418.461850623931,1427.18212890625,4586710,0.0,0.0,INFY.NS,389
2021-07-27 00:00:00+05:30,1428.1609723882148,1431.9872414945648,1421.8432726768472,1425.98095703125,5892859,0.0,0.0,INFY.NS,390
2021-07-28 00:00:00+05:30,1428.249792231935,1430.4743418144471,1410.8093452291575,1428.6947021484375,4686788,0.0,0.0,INFY.NS,391
2021-07-29 00:00:00+05:30,1423.800767429878,1441.5082047556239,1423.800767429878,1438.8387451171875,4660873,0.0,0.0,INFY.NS,392
2021-07-30 00:00:00+05:30,1432.6098996635847,1444.5335068880067,1429.184115105897,1433.0548095703125,6234257,0.0,0.0,INFY.NS,393
2021-08-02 00:00:00+05:30,1448.13717442387,1454.6329023419573,1440.7961611531427,1451.7855224609375,5553389,0.0,0.0,INFY.NS,394
2021-08-03 00:00:00+05:30,1465.5332328913128,1475.8996554431062,1455.389265292903,1472.8297119140625,5513668,0.0,0.0,INFY.NS,395
2021-08-04 00:00:00+05:30,1485.1979322242378,1494.8080277380318,1458.4589173437628,1467.5350341796875,6740391,0.0,0.0,INFY.NS,396
2021-08-05 00:00:00+05:30,1467.7577586309994,1482.439785316305,1465.5777435714137,1471.361572265625,5420536,0.0,0.0,INFY.NS,397
2021-08-06 00:00:00+05:30,1474.43131085115,1477.679174629946,1462.863654218039,1468.3804931640625,3754855,0.0,0.0,INFY.NS,398
2021-08-09 00:00:00+05:30,1477.990724476605,1483.7300188807942,1464.9993767983387,1480.037353515625,5018477,0.0,0.0,INFY.NS,399
2021-08-10 00:00:00+05:30,1484.2196053109628,1494.897444198092,1478.035400403738,1492.450439453125,6846517,0.0,0.0,INFY.NS,400
2021-08-11 00:00:00+05:30,1490.2705243872842,1498.4568246365832,1484.2197051626015,1492.717529296875,4899639,0.0,0.0,INFY.NS,401
2021-08-12 00:00:00+05:30,1494.1408800295676,1509.5792312272279,1489.5582865159915,1503.439453125,5659579,0.0,0.0,INFY.NS,402
2021-08-13 00:00:00+05:30,1510.0243417706486,1532.7147487919517,1504.9524118847114,1523.549560546875,5612790,0.0,0.0,INFY.NS,403
2021-08-16 00:00:00+05:30,1519.5453491889418,1530.44564260102,1503.8845411944826,1516.6090087890625,4564109,0.0,0.0,INFY.NS,404
2021-08-17 00:00:00+05:30,1516.1639420394988,1556.205832064848,1500.7255906093967,1549.754638671875,9510390,0.0,0.0,INFY.NS,405
2021-08-18 00:00:00+05:30,1538.4985968726844,1562.0788240659326,1536.7189570845148,1542.458251953125,6686090,0.0,0.0,INFY.NS,406
2021-08-20 00:00:00+05:30,1527.0197416428282,1552.7355556641908,1527.0197416428282,1542.01318359375,6206972,0.0,0.0,INFY.NS,407
2021-08-23 00:00:00+05:30,1544.5047349064578,1559.9876213215564,1541.1679106196082,1547.1741943359375,6189051,0.0,0.0,INFY.NS,408
2021-08-24 00:00:00+05:30,1557.184481914604,1563.4132198422624,1523.9941635089963,1531.2462158203125,7602939,0.0,0.0,INFY.NS,409
2021-08-25 00:00:00+05:30,1528.7105222770665,1554.4263380022362,1528.7105222770665,1544.326904296875,6153253,0.0,0.0,INFY.NS,410
2021-08-26 00:00:00+05:30,1542.947338143607,1553.6251743937357,1530.489862518457,1537.3414306640625,5302248,0.0,0.0,INFY.NS,411
2021-08-27 00:00:00+05:30,1534.9392077288335,1537.3416778231317,1517.3207316353644,1520.524169921875,6698514,0.0,0.0,INFY.NS,412
2021-08-30 00:00:00+05:30,1515.4075949207736,1529.2887615369723,1504.1513531642884,1510.95849609375,6559667,0.0,0.0,INFY.NS,413
2021-08-31 00:00:00+05:30,1512.827305342868,1526.0411089645945,1500.1028374875211,1518.43310546875,12255438,0.0,0.0,INFY.NS,414
2021-09-01 00:00:00+05:30,1521.1467953441645,1521.1467953441645,1488.8018705864065,1492.89501953125,7801974,0.0,0.0,INFY.NS,415
2021-09-02 00:00:00+05:30,1492.5391248511048,1507.62163467391,1479.4588180715016,1502.9945068359375,6830050,0.0,0.0,INFY.NS,416
2021-09-03 00:00:00+05:30,1509.1788235490428,1517.987952137385,1498.812401784732,1513.27197265625,5339139,0.0,0.0,INFY.NS,417
2021-09-06 00:00:00+05:30,1517.2764321726995,1541.1680748889787,1512.1154332773742,1539.744384765625,4876026,0.0,0.0,INFY.NS,418
2021-09-07 00:00:00+05:30,1539.3883559665105,1543.748494999435,1516.2530396340658,1518.611083984375,3520341,0.0,0.0,INFY.NS,419
2021-09-08 00:00:00+05:30,1513.450109310874,1513.450109310874,1497.522311859604,1506.6875,4584896,0.0,0.0,INFY.NS,420
2021-09-09 00:00:00+05:30,1500.1470652606256,1508.1554426209843,1496.8102413604763,1505.218994140625,3331674,0.0,0.0,INFY.NS,421
2021-09-13 00:00:00+05:30,1497.5667877701696,1514.0284547777442,1490.6261495836065,1505.4862060546875,4662374,0.0,0.0,INFY.NS,422
2021-09-14 00:00:00+05:30,1509.089920271295,1509.089920271295,1493.651567709299,1500.3697509765625,4945167,0.0,0.0,INFY.NS,423
2021-09-15 00:00:00+05:30,1506.6874028811862,1526.1299441294327,1503.9734089951633,1522.882080078125,4062344,0.0,0.0,INFY.NS,424
2021-09-16 00:00:00+05:30,1526.2190470936926,1529.8228611323534,1505.0858244955284,1514.6959228515625,3246568,0.0,0.0,INFY.NS,425
2021-09-17 00:00:00+05:30,1510.024199917287,1528.7104157088386,1498.8569179841036,1504.9522705078125,7454864,0.0,0.0,INFY.NS,426
2021-09-20 00:00:00+05:30,1499.3462376545606,1519.545101977702,1493.0729651407742,1501.8822021484375,5660743,0.0,0.0,INFY.NS,427
2021-09-21 00:00:00+05:30,1512.693707466829,1536.4963878637336,1499.0349948323485,1529.11083984375,4672222,0.0,0.0,INFY.NS,428
2021-09-22 00:00:00+05:30,1527.8205276346805,1547.3076020991566,1524.3057830315674,1527.7315673828125,4553892,0.0,0.0,INFY.NS,429
2021-09-23 00:00:00+05:30,1541.1680209485553,1552.7356793044048,1531.4689626029945,1550.5556640625,3826090,0.0,0.0,INFY.NS,430
2021-09-24 00:00:00+05:30,1564.3032427719265,1590.9978373584784,1559.3646993251812,1569.5086669921875,8280446,0.0,0.0,INFY.NS,431
2021-09-27 00:00:00+05:30,1573.8688300732904,1574.0912850316047,1528.7994337947073,1531.513427734375,5045337,0.0,0.0,INFY.NS,432
2021-09-28 00:00:00+05:30,1521.591984731913,1521.591984731913,1490.448289137985,1501.215087890625,6557197,0.0,0.0,INFY.NS,433
2021-09-29 00:00:00+05:30,1476.43379240956,1513.9397260517537,1472.6520575186512,1505.7978515625,7792548,0.0,0.0,INFY.NS,434
2021-09-30 00:00:00+05:30,1515.3631327387895,1515.3631327387895,1486.088039336983,1490.6260986328125,6914031,0.0,0.0,INFY.NS,435
2021-10-01 00:00:00+05:30,1481.638937241155,1493.9629198300943,1478.2131527121837,1481.6834716796875,5733906,0.0,0.0,INFY.NS,436
2021-10-04 00:00:00+05:30,1488.223660262414,1502.0158675772525,1481.9059612165079,1493.7850341796875,2947154,0.0,0.0,INFY.NS,437
2021-10-05 00:00:00+05:30,1486.8888723913853,1515.3185712967768,1479.7703140555798,1506.2869873046875,4373310,0.0,0.0,INFY.NS,438
2021-10-06 00:00:00+05:30,1514.562248918571,1520.702027218349,1485.9990552689544,1489.157958984375,4271698,0.0,0.0,INFY.NS,439
2021-10-07 00:00:00+05:30,1501.125901703296,1516.4307577863626,1491.9162891164272,1504.6851806640625,5476108,0.0,0.0,INFY.NS,440
2021-10-08 00:00:00+05:30,1517.3651456732186,1540.7229143721906,1511.2699020416023,1533.915771484375,4738376,0.0,0.0,INFY.NS,441
2021-10-11 00:00:00+05:30,1496.6769033100875,1539.3882537018142,1480.3931575250094,1504.6407470703125,8840633,0.0,0.0,INFY.NS,442
2021-10-12 00:00:00+05:30,1492.2279267808492,1502.9057652551307,1478.8806286879972,1499.47998046875,7439300,0.0,0.0,INFY.NS,443
2021-10-13 00:00:00+05:30,1509.0897710508837,1524.8396458972372,1494.9417238334045,1520.8798828125,7104171,0.0,0.0,INFY.NS,444
2021-10-14 00:00:00+05:30,1560.7439825365639,1587.0826277925394,1511.0919925515338,1526.7083740234375,19655776,0.0,0.0,INFY.NS,445
2021-10-18 00:00:00+05:30,1548.2864281776817,1600.7857955699135,1548.2864281776817,1594.6905517578125,13438109,0.0,0.0,INFY.NS,446
2021-10-19 00:00:00+05:30,1614.133078913835,1632.3743843811635,1585.9258353711248,1621.3851318359375,10324260,0.0,0.0,INFY.NS,447
2021-10-20 00:00:00+05:30,1627.8363931036856,1644.3870199570588,1596.3812843324115,1603.7667236328125,5876115,0.0,0.0,INFY.NS,448
2021-10-21 00:00:00+05:30,1614.1332239446729,1614.1332239446729,1554.3817986991194,1560.4326171875,8779629,0.0,0.0,INFY.NS,449
2021-10-22 00:00:00+05:30,1557.095812221997,1568.9303513205284,1518.9225180752499,1530.312255859375,7369809,0.0,0.0,INFY.NS,450
2021-10-25 00:00:00+05:30,1532.3142525237072,1539.1658216360158,1501.303945142191,1519.411865234375,5905209,0.0,0.0,INFY.NS,451
2021-10-26 00:00:00+05:30,1535.1217839102844,1549.9787485385702,1522.419225446703,1529.4212646484375,5871709,15.0,0.0,INFY.NS,452
2021-10-27 00:00:00+05:30,1534.2689409244713,1556.7565147555208,1527.1322237405088,1552.08837890625,5090259,0.0,0.0,INFY.NS,453
2021-10-28 00:00:00+05:30,1543.4703399076664,1548.3179728132604,1518.9630389912397,1529.600830078125,5329972,0.0,0.0,INFY.NS,454
2021-10-29 00:00:00+05:30,1525.202109131994,1537.4108857345927,1491.1342188619528,1497.1488037109375,5875091,0.0,0.0,INFY.NS,455
2021-11-01 00:00:00+05:30,1505.901345498359,1532.5631615525838,1504.5547869181817,1526.1446533203125,3636806,0.0,0.0,INFY.NS,456
2021-11-02 00:00:00+05:30,1521.6112310437475,1531.8899179452385,1513.8460544672046,1524.214599609375,3471772,0.0,0.0,INFY.NS,457
2021-11-03 00:00:00+05:30,1534.1792038792905,1541.7647740148589,1525.202145927978,1528.3441162109375,3530713,0.0,0.0,INFY.NS,458
2021-11-04 00:00:00+05:30,1539.565502687233,1541.3609143521744,1530.5884443625262,1533.909912109375,483407,0.0,0.0,INFY.NS,459
2021-11-08 00:00:00+05:30,1553.0311221335432,1562.9058864939298,1528.7930641580485,1559.763916015625,5245903,0.0,0.0,INFY.NS,460
2021-11-09 00:00:00+05:30,1557.2950995512297,1570.9851126759775,1549.4401739878497,1564.2523193359375,4016134,0.0,0.0,INFY.NS,461
2021-11-10 00:00:00+05:30,1549.4400206968505,1571.83773382555,1545.8042688196354,1562.142578125,4780368,0.0,0.0,INFY.NS,462
2021-11-11 00:00:00+05:30,1555.679123526493,1561.7835664122908,1534.179114814545,1555.993408203125,4731349,0.0,0.0,INFY.NS,463
2021-11-12 00:00:00+05:30,1564.7009741488232,1600.4745229836617,1560.257374940205,1598.0955810546875,5069009,0.0,0.0,INFY.NS,464
2021-11-15 00:00:00+05:30,1599.801381036417,1615.8703357362158,1593.8765450553617,1604.3348388671875,4354074,0.0,0.0,INFY.NS,465
2021-11-16 00:00:00+05:30,1606.8934846479372,1623.9049668113353,1595.2233085024495,1608.958251953125,6034233,0.0,0.0,INFY.NS,466
2021-11-17 00:00:00+05:30,1609.1825130450993,1617.665788691909,1598.544612062206,1604.6041259765625,4732492,0.0,0.0,INFY.NS,467
2021-11-18 00:00:00+05:30,1599.352472206742,1606.3994401188306,1579.0643450623231,1597.3775634765625,4326924,0.0,0.0,INFY.NS,468
2021-11-22 00:00:00+05:30,1601.5070006566984,1602.7638105783417,1572.017389741743,1579.4234619140625,6621839,0.0,0.0,INFY.NS,469
2021-11-23 00:00:00+05:30,1557.6093054597075,1568.5164528029118,1535.0769118860949,1559.2252197265625,8436160,0.0,0.0,INFY.NS,470
2021-11-24 00:00:00+05:30,1562.0079630725788,1562.4568159355308,1515.3272653255822,1522.5089111328125,7333061,0.0,0.0,INFY.NS,471
2021-11-25 00:00:00+05:30,1526.0998642017403,1549.6197123932054,1523.3618176709108,1546.20849609375,4476260,0.0,0.0,INFY.NS,472
2021-11-26 00:00:00+05:30,1528.3890188200792,1542.5727043871634,1511.7365327759849,1518.60400390625,4494181,0.0,0.0,INFY.NS,473
2021-11-29 00:00:00+05:30,1518.020294608016,1536.8721137604516,1498.4054475493863,1522.822998046875,3942776,0.0,0.0,INFY.NS,474
2021-11-30 00:00:00+05:30,1530.1841727328024,1552.9409884962542,1526.1444974049753,1537.45556640625,14808963,0.0,0.0,INFY.NS,475
2021-12-01 00:00:00+05:30,1539.5653345943017,1563.7136407678477,1537.769923125387,1539.4755859375,5193264,0.0,0.0,INFY.NS,476
2021-12-02 00:00:00+05:30,1539.5653465965966,1571.4339004182755,1536.288698723639,1569.4140625,5559574,0.0,0.0,INFY.NS,477
2021-12-03 00:00:00+05:30,1589.9268048686408,1603.8861746330003,1555.3203101914041,1558.013427734375,6754012,0.0,0.0,INFY.NS,478
2021-12-06 00:00:00+05:30,1553.0308366320087,1556.5767302580853,1518.4691677243022,1521.8804931640625,3991449,0.0,0.0,INFY.NS,479
2021-12-07 00:00:00+05:30,1527.0872657475893,1548.452706939299,1520.7135766875624,1536.55810546875,4202122,0.0,0.0,INFY.NS,480
2021-12-08 00:00:00+05:30,1555.72401999994,1579.7825772411895,1555.3649157936254,1573.9923095703125,3029169,0.0,0.0,INFY.NS,481
2021-12-09 00:00:00+05:30,1579.0644572385977,1588.4006192094105,1563.8034590731309,1583.0592041015625,2082171,0.0,0.0,INFY.NS,482
2021-12-10 00:00:00+05:30,1579.962097662356,1583.3284941772615,1567.394217340042,1579.288818359375,1823469,0.0,0.0,INFY.NS,483
2021-12-13 00:00:00+05:30,1586.2908803107057,1590.1509490203869,1560.9306946167599,1566.1822509765625,4040584,0.0,0.0,INFY.NS,484
2021-12-14 00:00:00+05:30,1553.8390344217205,1582.6553694878078,1535.3911358845291,1572.915283203125,4768144,0.0,0.0,INFY.NS,485
2021-12-15 00:00:00+05:30,1566.4965354752162,1569.144723607344,1545.1310947683974,1556.80126953125,3053149,0.0,0.0,INFY.NS,486
2021-12-16 00:00:00+05:30,1582.3411870879927,1595.761845276833,1578.166833104262,1590.3756103515625,4481031,0.0,0.0,INFY.NS,487
2021-12-17 00:00:00+05:30,1633.8243744151991,1653.5738998202182,1621.9297738871765,1634.58740234375,18887243,0.0,0.0,INFY.NS,488
2021-12-20 00:00:00+05:30,1617.3964449810487,1642.4873870491053,1604.469569535608,1614.8829345703125,5773891,0.0,0.0,INFY.NS,489
2021-12-21 00:00:00+05:30,1616.7681538657364,1649.98326863144,1616.7681538657364,1626.2838134765625,5353584,0.0,0.0,INFY.NS,490
2021-12-22 00:00:00+05:30,1638.3131788309054,1642.038680030921,1626.957177893869,1638.0438232421875,4156428,0.0,0.0,INFY.NS,491
2021-12-23 00:00:00+05:30,1643.9237215129017,1671.1690702162794,1640.108471920312,1667.5782470703125,4112933,0.0,0.0,INFY.NS,492
2021-12-24 00:00:00+05:30,1681.357909134367,1683.871529020571,1664.346429323811,1672.8746337890625,3780347,0.0,0.0,INFY.NS,493
2021-12-27 00:00:00+05:30,1669.7325063134908,1682.7492382175476,1656.3118507008678,1675.25341796875,2647733,0.0,0.0,INFY.NS,494
2021-12-28 00:00:00+05:30,1688.3151125796455,1701.960305344771,1686.2504551628035,1694.868408203125,3340933,0.0,0.0,INFY.NS,495
2021-12-29 00:00:00+05:30,1690.828848757635,1700.0752621912457,1684.4551595905639,1692.669189453125,3236635,0.0,0.0,INFY.NS,496
2021-12-30 00:00:00+05:30,1691.7264690178984,1714.4384680998746,1682.6147338295473,1699.2222900390625,4584738,0.0,0.0,INFY.NS,497
2021-12-31 00:00:00+05:30,1696.6640031380364,1704.1598248331377,1680.1911232252733,1694.6441650390625,4619420,0.0,0.0,INFY.NS,498
2022-01-03 00:00:00+05:30,1694.6441036073452,1718.2538096972232,1694.6441036073452,1704.24951171875,3329616,0.0,0.0,INFY.NS,499
2022-01-04 00:00:00+05:30,1704.249347875214,1711.6106003890875,1685.891310083786,1704.8778076171875,3921999,0.0,0.0,INFY.NS,500
2022-01-05 00:00:00+05:30,1705.640996354203,1708.2443650547573,1651.7786491009124,1655.9530029296875,6995719,0.0,0.0,INFY.NS,501
2022-01-06 00:00:00+05:30,1641.0061644901782,1641.0061644901782,1615.8704026708538,1631.849609375,6449205,0.0,0.0,INFY.NS,502
2022-01-07 00:00:00+05:30,1629.739793435008,1648.1876896772642,1621.9747266812612,1628.70751953125,4834389,0.0,0.0,INFY.NS,503
2022-01-10 00:00:00+05:30,1629.3359737764672,1678.6200425032102,1627.5405622351159,1661.428955078125,7857560,0.0,0.0,INFY.NS,504
2022-01-11 00:00:00+05:30,1665.2441133275113,1678.7096991495666,1660.8902624950238,1665.78271484375,5142287,0.0,0.0,INFY.NS,505
2022-01-12 00:00:00+05:30,1677.7223862621913,1695.7662508688193,1669.7327827506638,1685.397705078125,5362535,0.0,0.0,INFY.NS,506
2022-01-13 00:00:00+05:30,1710.1293312660496,1716.8621239088293,1675.4329845969487,1702.7681884765625,14277630,0.0,0.0,INFY.NS,507
2022-01-14 00:00:00+05:30,1689.4824192111032,1735.265417818843,1688.5847133560494,1731.98876953125,7688506,0.0,0.0,INFY.NS,508
2022-01-17 00:00:00+05:30,1740.2476871587562,1754.027449784704,1733.0211113666437,1741.1004638671875,5262464,0.0,0.0,INFY.NS,509
2022-01-18 00:00:00+05:30,1725.480313542678,1746.0377984851907,1715.9197247602908,1724.2684326171875,3690315,0.0,0.0,INFY.NS,510
2022-01-19 00:00:00+05:30,1720.0043002642583,1720.0043002642583,1672.2912154253556,1676.0616455078125,5747770,0.0,0.0,INFY.NS,511
2022-01-20 00:00:00+05:30,1655.369343931458,1658.9601668033267,1629.7847309693936,1637.1458740234375,5533463,0.0,0.0,INFY.NS,512
2022-01-21 00:00:00+05:30,1611.381665485635,1623.0518391075366,1594.3252578843944,1603.032958984375,8252758,0.0,0.0,INFY.NS,513
2022-01-24 00:00:00+05:30,1584.450634058544,1587.7272819323061,1551.2355216165236,1559.1353759765625,7116712,0.0,0.0,INFY.NS,514
2022-01-25 00:00:00+05:30,1549.978755619526,1562.0080348157867,1526.548657013934,1545.9840087890625,9137653,0.0,0.0,INFY.NS,515
2022-01-27 00:00:00+05:30,1527.8952534020755,1534.807544146456,1494.6801391976826,1506.888916015625,11231734,0.0,0.0,INFY.NS,516
2022-01-28 00:00:00+05:30,1509.0432779159291,1550.8315219794274,1507.6967193693058,1513.7113037109375,10998502,0.0,0.0,INFY.NS,517
2022-01-31 00:00:00+05:30,1542.2584788669017,1570.536209998629,1539.8795367121913,1558.5966796875,8788872,0.0,0.0,INFY.NS,518
2022-02-01 00:00:00+05:30,1585.4380043158844,1597.9161353795928,1557.2500236065903,1590.7794189453125,5119935,0.0,0.0,INFY.NS,519
2022-02-02 00:00:00+05:30,1605.9955798264787,1609.4069054950608,1590.7345821422696,1604.2899169921875,4253717,0.0,0.0,INFY.NS,520
2022-02-03 00:00:00+05:30,1597.0185757090092,1597.0185757090092,1556.6218157838234,1560.7064208984375,3832922,0.0,0.0,INFY.NS,521
2022-02-04 00:00:00+05:30,1554.826504297,1574.5311035175866,1535.2116537431557,1562.99560546875,4700077,0.0,0.0,INFY.NS,522
2022-02-07 00:00:00+05:30,1546.0287449587365,1554.8263048355502,1521.9702974467775,1539.5653076171875,4310209,0.0,0.0,INFY.NS,523
2022-02-08 00:00:00+05:30,1535.0769527020025,1548.542540006406,1522.5090712178926,1541.6302490234375,6053401,0.0,0.0,INFY.NS,524
2022-02-09 00:00:00+05:30,1557.5193395682197,1564.7009849379867,1548.542282856011,1559.5841064453125,3867244,0.0,0.0,INFY.NS,525
2022-02-10 00:00:00+05:30,1576.0572478156403,1592.4403790619915,1569.8630557291408,1588.5802001953125,4334630,0.0,0.0,INFY.NS,526
2022-02-11 00:00:00+05:30,1562.00798096686,1567.3492862638898,1537.769926089788,1545.2657470703125,7551371,0.0,0.0,INFY.NS,527
2022-02-14 00:00:00+05:30,1517.1226316856573,1542.7521732317396,1506.5745897197955,1510.1204833984375,7459637,0.0,0.0,INFY.NS,528
2022-02-15 00:00:00+05:30,1525.2020612168308,1568.0675105535606,1517.5266332614685,1560.43701171875,4669915,0.0,0.0,INFY.NS,529
2022-02-16 00:00:00+05:30,1560.4370077977667,1575.8775027443555,1550.2031404107388,1555.993408203125,5350642,0.0,0.0,INFY.NS,530
2022-02-17 00:00:00+05:30,1565.5986981054332,1570.0872264830289,1544.3231174289137,1548.36279296875,3937950,0.0,0.0,INFY.NS,531
2022-02-18 00:00:00+05:30,1535.0766691262613,1546.2979898070087,1529.2415823722724,1532.338623046875,5602215,0.0,0.0,INFY.NS,532
2022-02-21 00:00:00+05:30,1526.9973647708184,1559.584124854063,1518.4691607935565,1553.6591796875,5120890,0.0,0.0,INFY.NS,533
2022-02-22 00:00:00+05:30,1526.009994477481,1571.8827354279815,1518.0653206725158,1556.9359130859375,8878515,0.0,0.0,INFY.NS,534
2022-02-23 00:00:00+05:30,1570.9851466934483,1578.3912195278601,1556.0832523614588,1564.5665283203125,5478811,0.0,0.0,INFY.NS,535
2022-02-24 00:00:00+05:30,1517.2125256514232,1539.5204924970208,1499.6175141781305,1506.4849853515625,13592379,0.0,0.0,INFY.NS,536
2022-02-25 00:00:00+05:30,1539.5655406869953,1551.3703945920001,1505.452718211132,1521.2523193359375,9737281,0.0,0.0,INFY.NS,537
2022-02-28 00:00:00+05:30,1510.1206091390077,1551.2805065421107,1494.6801136600138,1540.10400390625,15076542,0.0,0.0,INFY.NS,538
2022-03-02 00:00:00+05:30,1535.0768409224868,1539.0267681608032,1518.0204315789038,1528.6134033203125,6771489,0.0,0.0,INFY.NS,539
2022-03-03 00:00:00+05:30,1544.233485910162,1556.532121220316,1531.0821834995784,1544.8170166015625,7344147,0.0,0.0,INFY.NS,540
2022-03-04 00:00:00+05:30,1521.835787472142,1558.417299543807,1509.0434795697809,1547.0164794921875,9074499,0.0,0.0,INFY.NS,541
2022-03-07 00:00:00+05:30,1523.4067415003497,1571.8828546653579,1522.5090357009976,1561.8734130859375,9742588,0.0,0.0,INFY.NS,542
2022-03-08 00:00:00+05:30,1542.6623753419804,1615.8703218106334,1542.6623753419804,1596.30029296875,10984500,0.0,0.0,INFY.NS,543
2022-03-09 00:00:00+05:30,1607.7910342826165,1644.2378666327916,1607.7910342826165,1627.854736328125,10193515,0.0,0.0,INFY.NS,544
2022-03-10 00:00:00+05:30,1656.042580035143,1656.042580035143,1625.0268044548918,1639.120849609375,6547182,0.0,0.0,INFY.NS,545
2022-03-11 00:00:00+05:30,1628.438227062037,1644.058328995704,1625.7451098177226,1635.619873046875,4758657,0.0,0.0,INFY.NS,546
2022-03-14 00:00:00+05:30,1644.1930282991682,1701.1524149287986,1644.1930282991682,1697.292236328125,10289724,0.0,0.0,INFY.NS,547
2022-03-15 00:00:00+05:30,1695.1825455498838,1695.1825455498838,1642.801439597397,1651.150146484375,7140443,0.0,0.0,INFY.NS,548
2022-03-16 00:00:00+05:30,1674.2210817119692,1700.209617136358,1659.857790930526,1696.1251220703125,5233979,0.0,0.0,INFY.NS,549
2022-03-17 00:00:00+05:30,1726.557585196572,1726.557585196572,1645.539637862284,1664.8851318359375,17731459,0.0,0.0,INFY.NS,550
2022-03-21 00:00:00+05:30,1670.6303690877041,1693.880969488696,1652.766003084631,1663.49365234375,8362085,0.0,0.0,INFY.NS,551
2022-03-22 00:00:00+05:30,1660.7556174235997,1696.6638469895154,1650.880854292973,1694.329833984375,5709382,0.0,0.0,INFY.NS,552
2022-03-23 00:00:00+05:30,1702.9479208832613,1705.6410383121752,1667.0396884977417,1680.8643798828125,6192824,0.0,0.0,INFY.NS,553
2022-03-24 00:00:00+05:30,1666.2765707577757,1700.7933134465572,1666.2765707577757,1693.701416015625,3784303,0.0,0.0,INFY.NS,554
2022-03-25 00:00:00+05:30,1698.4592312943375,1700.2546427439086,1667.9372366516275,1684.5897216796875,3438588,0.0,0.0,INFY.NS,555
2022-03-28 00:00:00+05:30,1675.11903969184,1688.494878163367,1663.1346890576358,1682.2109375,4008555,0.0,0.0,INFY.NS,556
2022-03-29 00:00:00+05:30,1682.2109019736959,1696.1253417201522,1670.226551592587,1693.0731201171875,3917785,0.0,0.0,INFY.NS,557
2022-03-30 00:00:00+05:30,1714.6180534941045,1722.6974055786316,1701.1524666865591,1709.1868896484375,7795839,0.0,0.0,INFY.NS,558
2022-03-31 00:00:00+05:30,1705.6410203883704,1717.3111957910278,1700.4342829138939,1711.790283203125,5399145,0.0,0.0,INFY.NS,559
2022-04-01 00:00:00+05:30,1693.8361285877643,1714.887394872627,1686.1608099209134,1708.827880859375,6171518,0.0,0.0,INFY.NS,560
2022-04-04 00:00:00+05:30,1696.439403736475,1699.3569473597815,1681.4028327548183,1690.3349609375,7364074,0.0,0.0,INFY.NS,561
2022-04-05 00:00:00+05:30,1691.0982019168066,1696.3048297207965,1667.17432082566,1670.72021484375,5472024,0.0,0.0,INFY.NS,562
2022-04-06 00:00:00+05:30,1665.244192690946,1667.4884571015807,1635.7545802518507,1641.7691650390625,5407453,0.0,0.0,INFY.NS,563
2022-04-07 00:00:00+05:30,1634.7672265778747,1641.1409159802406,1622.6481980135563,1625.7452392578125,5797544,0.0,0.0,INFY.NS,564
2022-04-08 00:00:00+05:30,1636.5176793751152,1649.9832664242795,1623.0520923259508,1628.9769287109375,5131446,0.0,0.0,INFY.NS,565
2022-04-11 00:00:00+05:30,1628.4382578043667,1628.4382578043667,1582.2513400257294,1585.8421630859375,8248407,0.0,0.0,INFY.NS,566
2022-04-12 00:00:00+05:30,1577.7177902011679,1577.7177902011679,1551.0110452461267,1564.207275390625,6456184,0.0,0.0,INFY.NS,567
2022-04-13 00:00:00+05:30,1575.4287009546981,1577.7178945069024,1554.8263973177552,1569.6834716796875,6257693,0.0,0.0,INFY.NS,568
2022-04-18 00:00:00+05:30,1441.266496563262,1481.2144000805872,1427.352058259475,1455.5400390625,30523965,0.0,0.0,INFY.NS,569
2022-04-19 00:00:00+05:30,1469.2299333593967,1469.2299333593967,1391.4437190213368,1402.2161865234375,17044923,0.0,0.0,INFY.NS,570
2022-04-20 00:00:00+05:30,1413.886655593176,1433.007833244966,1403.1141858362757,1425.2874755859375,10678747,0.0,0.0,INFY.NS,571
2022-04-21 00:00:00+05:30,1431.8404945702541,1460.7465723201449,1426.6786871446875,1453.2059326171875,7766514,0.0,0.0,INFY.NS,572
2022-04-22 00:00:00+05:30,1440.2342392008813,1445.9346489594298,1420.5296412592907,1423.267578125,8134245,0.0,0.0,INFY.NS,573
2022-04-25 00:00:00+05:30,1411.9115474766672,1411.9115474766672,1395.1243853901856,1401.4083251953125,7000570,0.0,0.0,INFY.NS,574
2022-04-26 00:00:00+05:30,1415.8612578238474,1429.147344812421,1406.3007806523135,1419.2725830078125,5345435,0.0,0.0,INFY.NS,575
2022-04-27 00:00:00+05:30,1411.8668288833383,1411.8668288833383,1391.7581965918794,1393.9576416015625,8819356,0.0,0.0,INFY.NS,576
2022-04-28 00:00:00+05:30,1409.3980358449844,1437.9451226972992,1398.131784782489,1420.7091064453125,9245177,0.0,0.0,INFY.NS,577
2022-04-29 00:00:00+05:30,1427.3521812703787,1433.9054772566708,1401.1392164916588,1407.19873046875,9831395,0.0,0.0,INFY.NS,578
2022-05-02 00:00:00+05:30,1392.2519332715767,1393.9126670683922,1374.3875661128377,1383.3646240234375,7072627,0.0,0.0,INFY.NS,579
2022-05-04 00:00:00+05:30,1388.9752818655138,1409.3980885628416,1373.6245347920797,1378.47216796875,6220959,0.0,0.0,INFY.NS,580
2022-05-05 00:00:00+05:30,1400.465778478004,1426.8134180541488,1398.1316560624994,1422.9981689453125,6144870,0.0,0.0,INFY.NS,581
2022-05-06 00:00:00+05:30,1391.4438864637286,1402.0816774855332,1378.0232295856404,1385.0252685546875,6171472,0.0,0.0,INFY.NS,582
2022-05-09 00:00:00+05:30,1382.466931176316,1424.4796064245756,1366.4429045725087,1409.7122802734375,6832202,0.0,0.0,INFY.NS,583
2022-05-10 00:00:00+05:30,1398.6254914253664,1408.6349319744825,1387.8979520606213,1394.136962890625,6212545,0.0,0.0,INFY.NS,584
2022-05-11 00:00:00+05:30,1391.3991192964597,1391.3991192964597,1356.9721223376418,1370.5723876953125,7846080,0.0,0.0,INFY.NS,585
2022-05-12 00:00:00+05:30,1359.1265222178802,1371.24554999195,1350.4188201690602,1354.45849609375,7034979,0.0,0.0,INFY.NS,586
2022-05-13 00:00:00+05:30,1363.8845057206029,1372.8166348589282,1344.8530764532477,1350.5086669921875,6723761,0.0,0.0,INFY.NS,587
2022-05-16 00:00:00+05:30,1355.5357547320384,1357.196488541389,1327.3926998865318,1336.773681640625,6145331,0.0,0.0,INFY.NS,588
2022-05-17 00:00:00+05:30,1341.9804318999065,1369.0013547558183,1329.4125506103449,1363.121337890625,6516378,0.0,0.0,INFY.NS,589
2022-05-18 00:00:00+05:30,1366.3081825774632,1391.1745885847754,1351.3165400447583,1354.8175048828125,6594126,0.0,0.0,INFY.NS,590
2022-05-19 00:00:00+05:30,1329.502325378898,1332.8237930944929,1272.6326833436513,1281.160888671875,16561140,0.0,0.0,INFY.NS,591
2022-05-20 00:00:00+05:30,1304.3664195619865,1316.709873291496,1298.7108296562692,1306.2965087890625,10488908,0.0,0.0,INFY.NS,592
2022-05-23 00:00:00+05:30,1306.2517526127397,1335.7862968179004,1301.7184038472692,1318.1912841796875,5887569,0.0,0.0,INFY.NS,593
2022-05-24 00:00:00+05:30,1318.3706510846894,1319.2235373026542,1288.4321860446441,1293.593994140625,5693167,0.0,0.0,INFY.NS,594
2022-05-25 00:00:00+05:30,1288.2077880074494,1294.9405813245614,1256.114806529215,1266.1690673828125,9630092,0.0,0.0,INFY.NS,595
2022-05-26 00:00:00+05:30,1272.946780445226,1283.7192496732532,1263.1169461079405,1278.2880859375,13040065,0.0,0.0,INFY.NS,596
2022-05-27 00:00:00+05:30,1296.2420817605998,1316.9342416608813,1290.3621752658935,1311.8621826171875,8284860,0.0,0.0,INFY.NS,597
2022-05-30 00:00:00+05:30,1334.8885735858976,1373.4899244024366,1333.093161920012,1370.6173095703125,10904213,0.0,0.0,INFY.NS,598
2022-05-31 00:00:00+05:30,1370.526271451383,1377.148968893097,1350.0686901713195,1364.0850830078125,16033857,16.0,0.0,INFY.NS,599
2022-06-01 00:00:00+05:30,1372.613057886202,1374.2006803920185,1335.50802974436,1341.359619140625,8738508,0.0,0.0,INFY.NS,600
2022-06-02 00:00:00+05:30,1346.303797066686,1373.3840770354834,1338.6831873873698,1368.076904296875,7205840,0.0,0.0,INFY.NS,601
2022-06-03 00:00:00+05:30,1383.408884845195,1410.715969239275,1377.1490940869578,1380.5057373046875,9395707,0.0,0.0,INFY.NS,602
2022-06-06 00:00:00+05:30,1375.334669946235,1394.0232323627165,1354.4687745578685,1388.0810546875,6624883,0.0,0.0,INFY.NS,603
2022-06-07 00:00:00+05:30,1378.8274543628195,1378.8274543628195,1363.1780324002411,1366.8975830078125,4904592,0.0,0.0,INFY.NS,604
2022-06-08 00:00:00+05:30,1379.1448683164317,1379.1448683164317,1353.5615113932292,1360.8192138671875,4697608,0.0,0.0,INFY.NS,605
2022-06-09 00:00:00+05:30,1347.2111042891397,1376.196511023312,1344.0358592621958,1374.427490234375,4361061,0.0,0.0,INFY.NS,606
2022-06-10 00:00:00+05:30,1348.208862822303,1355.3304608518883,1336.8687033026622,1339.7718505859375,6516436,0.0,0.0,INFY.NS,607
2022-06-13 00:00:00+05:30,1309.6524503470807,1309.6524503470807,1280.712338233923,1292.32470703125,6987685,0.0,0.0,INFY.NS,608
2022-06-14 00:00:00+05:30,1279.1702210306835,1314.4608258731198,1272.9558346588265,1306.8856201171875,6090247,0.0,0.0,INFY.NS,609
2022-06-15 00:00:00+05:30,1306.567744365499,1312.1925298019619,1287.1987745076133,1290.2379150390625,4651958,0.0,0.0,INFY.NS,610
2022-06-16 00:00:00+05:30,1304.5721931646563,1309.7886675114553,1262.8403983902654,1267.557861328125,6641772,0.0,0.0,INFY.NS,611
2022-06-17 00:00:00+05:30,1261.9784641623437,1267.3309313181774,1240.2960551585052,1258.576416015625,9692047,0.0,0.0,INFY.NS,612
2022-06-20 00:00:00+05:30,1261.0712513196502,1290.374159577052,1253.7681436672126,1282.93505859375,4595194,0.0,0.0,INFY.NS,613
2022-06-21 00:00:00+05:30,1291.8710851982403,1320.9018961015715,1290.737069147329,1315.367919921875,6270787,0.0,0.0,INFY.NS,614
2022-06-22 00:00:00+05:30,1302.8029904960238,1324.1677855678092,1301.8503727550444,1303.8916015625,6253366,0.0,0.0,INFY.NS,615
2022-06-23 00:00:00+05:30,1306.2051203282867,1322.7163500853471,1300.036028581826,1317.6812744140625,6254281,0.0,0.0,INFY.NS,616
2022-06-24 00:00:00+05:30,1322.7164420353206,1331.334964805784,1296.3165681187597,1307.384521484375,6114340,0.0,0.0,INFY.NS,617
2022-06-27 00:00:00+05:30,1331.8338234573516,1346.3038236253658,1329.202884133053,1337.7760009765625,4511097,0.0,0.0,INFY.NS,618
2022-06-28 00:00:00+05:30,1332.6957115355226,1350.1595593551679,1318.1803055555579,1342.8111572265625,4412178,0.0,0.0,INFY.NS,619
2022-06-29 00:00:00+05:30,1328.7946624267454,1339.9534251599073,1321.8091675409512,1327.479248046875,5060038,0.0,0.0,INFY.NS,620
2022-06-30 00:00:00+05:30,1329.1122592903828,1344.4894731370582,1319.9947256507555,1326.2545166015625,9165177,0.0,0.0,INFY.NS,621
2022-07-01 00:00:00+05:30,1319.087388364539,1347.2109846776757,1308.518337278756,1342.130615234375,4651635,0.0,0.0,INFY.NS,622
2022-07-04 00:00:00+05:30,1342.901839574178,1353.7883939230314,1326.345204835297,1349.9327392578125,4800224,0.0,0.0,INFY.NS,623
2022-07-05 00:00:00+05:30,1359.7306341867263,1369.8459686483452,1335.4172860401247,1339.000732421875,7379669,0.0,0.0,INFY.NS,624
2022-07-06 00:00:00+05:30,1344.6709122978723,1360.8193461699268,1333.6029592465284,1353.244140625,5209162,0.0,0.0,INFY.NS,625
2022-07-07 00:00:00+05:30,1363.5863571826133,1373.4748889332016,1356.9182539508968,1359.639892578125,3323472,0.0,0.0,INFY.NS,626
2022-07-08 00:00:00+05:30,1374.4276002803076,1376.1966212108844,1360.7740012737456,1373.9285888671875,3652582,0.0,0.0,INFY.NS,627
2022-07-11 00:00:00+05:30,1356.2831490104652,1360.7285139218584,1330.3368848303196,1336.4605712890625,4702638,0.0,0.0,INFY.NS,628
2022-07-12 00:00:00+05:30,1326.1637367539608,1332.332717447335,1302.757601838471,1305.1163330078125,4710356,0.0,0.0,INFY.NS,629
2022-07-13 00:00:00+05:30,1315.4587822428487,1324.530911775558,1305.1165324268063,1310.4237060546875,5264025,0.0,0.0,INFY.NS,630
2022-07-14 00:00:00+05:30,1316.3657819014365,1318.1348025761679,1282.798908069353,1296.27099609375,6157606,0.0,0.0,INFY.NS,631
2022-07-15 00:00:00+05:30,1311.8297387301836,1311.8297387301836,1279.7597876672385,1297.6318359375,5620018,0.0,0.0,INFY.NS,632
2022-07-18 00:00:00+05:30,1315.4584404217167,1355.0128927573733,1313.6894199200246,1351.65625,5835171,0.0,0.0,INFY.NS,633
2022-07-19 00:00:00+05:30,1335.0090819172656,1348.8893717454062,1333.6935568698457,1346.43994140625,3418540,0.0,0.0,INFY.NS,634
2022-07-20 00:00:00+05:30,1361.953321902618,1384.225442171951,1360.8193058144393,1374.69970703125,5079392,0.0,0.0,INFY.NS,635
2022-07-21 00:00:00+05:30,1376.2419192424743,1392.9799523411634,1363.6316382423909,1390.6666259765625,5008061,0.0,0.0,INFY.NS,636
2022-07-22 00:00:00+05:30,1391.6644179192049,1397.1076946516139,1353.6975848594027,1366.53466796875,7020642,0.0,0.0,INFY.NS,637
2022-07-25 00:00:00+05:30,1342.7655831599945,1376.3778601962865,1342.7655831599945,1364.0850830078125,7859626,0.0,0.0,INFY.NS,638
2022-07-26 00:00:00+05:30,1357.780012018213,1357.780012018213,1310.9224503800992,1316.5018310546875,7268273,0.0,0.0,INFY.NS,639
2022-07-27 00:00:00+05:30,1316.3657591726785,1336.3244405660616,1310.9224824290286,1334.555419921875,4517285,0.0,0.0,INFY.NS,640
2022-07-28 00:00:00+05:30,1357.5532673695334,1383.0005201751158,1351.6109791825675,1376.604736328125,6636841,0.0,0.0,INFY.NS,641
2022-07-29 00:00:00+05:30,1390.5759062138168,1411.35099196503,1386.2212402192902,1405.90771484375,7009465,0.0,0.0,INFY.NS,642
2022-08-01 00:00:00+05:30,1418.8810538349696,1418.8810538349696,1395.2028179881397,1407.1326904296875,2983249,0.0,0.0,INFY.NS,643
2022-08-02 00:00:00+05:30,1403.050001435288,1403.4582028981656,1386.5386620137654,1400.3736572265625,4374635,0.0,0.0,INFY.NS,644
2022-08-03 00:00:00+05:30,1405.272814018888,1424.3242853516167,1397.0171985901254,1420.7861328125,6011955,0.0,0.0,INFY.NS,645
2022-08-04 00:00:00+05:30,1440.2004889831908,1455.033397854832,1428.814922709787,1451.449951171875,7402209,0.0,0.0,INFY.NS,646
2022-08-05 00:00:00+05:30,1459.161245553542,1474.8559622239864,1453.6272690310873,1466.645751953125,5361971,0.0,0.0,INFY.NS,647
2022-08-08 00:00:00+05:30,1466.963169953547,1471.499234177275,1447.9117002138908,1469.1405029296875,3763409,0.0,0.0,INFY.NS,648
2022-08-10 00:00:00+05:30,1470.7735479878663,1470.7735479878663,1440.744822354331,1453.7633056640625,4423829,0.0,0.0,INFY.NS,649
2022-08-11 00:00:00+05:30,1478.7569376887157,1479.981652880995,1466.0559578558064,1469.639404296875,3462090,0.0,0.0,INFY.NS,650
2022-08-12 00:00:00+05:30,1463.6064179821378,1464.2414226287779,1442.6044200379383,1446.1878662109375,3562286,0.0,0.0,INFY.NS,651
2022-08-16 00:00:00+05:30,1459.7056351686076,1459.7056351686076,1443.4665012302219,1448.320068359375,3004430,0.0,0.0,INFY.NS,652
2022-08-17 00:00:00+05:30,1448.319962808223,1462.4271674367703,1437.9324195950876,1457.210693359375,4067324,0.0,0.0,INFY.NS,653
2022-08-18 00:00:00+05:30,1446.1882008630982,1449.907751962163,1427.9532419676661,1436.07275390625,4635706,0.0,0.0,INFY.NS,654
2022-08-19 00:00:00+05:30,1438.2046224349253,1455.985972727663,1438.023113412736,1448.90966796875,4739884,0.0,0.0,INFY.NS,655
2022-08-22 00:00:00+05:30,1438.8395820332398,1450.633349099086,1427.9530278186126,1429.449951171875,3950555,0.0,0.0,INFY.NS,656
2022-08-23 00:00:00+05:30,1404.3655261856406,1410.262409855025,1390.7573331024466,1399.28515625,5551574,0.0,0.0,INFY.NS,657
2022-08-24 00:00:00+05:30,1392.5715677400915,1402.5509079649391,1388.942716749238,1394.839599609375,2888426,0.0,0.0,INFY.NS,658
2022-08-25 00:00:00+05:30,1404.3655610799822,1405.0005658088057,1373.2935194346403,1377.2852783203125,4331088,0.0,0.0,INFY.NS,659
2022-08-26 00:00:00+05:30,1392.7078235409888,1401.5984429909956,1376.6500897106735,1380.3697509765625,3079136,0.0,0.0,INFY.NS,660
2022-08-29 00:00:00+05:30,1332.2874999956043,1332.2874999956043,1315.458657016953,1326.118408203125,8079050,0.0,0.0,INFY.NS,661
2022-08-30 00:00:00+05:30,1336.4151874553734,1357.281082385042,1329.9739985606177,1354.42333984375,6725875,0.0,0.0,INFY.NS,662
2022-09-01 00:00:00+05:30,1324.576097843867,1331.8790944646682,1316.4111826136234,1328.3409423828125,8140604,0.0,0.0,INFY.NS,663
2022-09-02 00:00:00+05:30,1340.8606195627042,1340.8606195627042,1313.644233509334,1318.1802978515625,5175653,0.0,0.0,INFY.NS,664
2022-09-05 00:00:00+05:30,1316.3658682629728,1330.8812741156314,1312.1473062882924,1325.710205078125,3669352,0.0,0.0,INFY.NS,665
2022-09-06 00:00:00+05:30,1325.7101129718044,1333.602820058323,1311.330701453046,1320.0853271484375,3428442,0.0,0.0,INFY.NS,666
2022-09-07 00:00:00+05:30,1306.3863545215256,1329.7470827360598,1304.6173339639417,1322.398681640625,3600574,0.0,0.0,INFY.NS,667
2022-09-08 00:00:00+05:30,1338.13893063629,1343.6729067769502,1327.7966821761806,1338.9554443359375,4061475,0.0,0.0,INFY.NS,668
2022-09-09 00:00:00+05:30,1349.9324596232855,1378.963265206582,1342.6747582274613,1371.3880615234375,4816910,0.0,0.0,INFY.NS,669
2022-09-12 00:00:00+05:30,1384.2253536649393,1402.4603090481628,1380.0067919378967,1393.6602783203125,5494819,0.0,0.0,INFY.NS,670
2022-09-13 00:00:00+05:30,1407.903706776797,1408.9016188074963,1398.287272287198,1401.5985107421875,4947158,0.0,0.0,INFY.NS,671
2022-09-14 00:00:00+05:30,1358.097606026967,1359.8666267473366,1335.4172852850338,1338.5018310546875,14332197,0.0,0.0,INFY.NS,672
2022-09-15 00:00:00+05:30,1338.139077851174,1338.3204761404947,1296.4526878251136,1299.854736328125,12784100,0.0,0.0,INFY.NS,673
2022-09-16 00:00:00+05:30,1292.778150190492,1292.778150190492,1241.3845264920653,1249.27734375,20464045,0.0,0.0,INFY.NS,674
2022-09-19 00:00:00+05:30,1262.840313282475,1275.541293444799,1252.498064430117,1261.298095703125,6595241,0.0,0.0,INFY.NS,675
2022-09-20 00:00:00+05:30,1277.3102899424387,1282.3907705057266,1256.5804984348933,1259.71044921875,7219797,0.0,0.0,INFY.NS,676
2022-09-21 00:00:00+05:30,1251.8629984379054,1259.9372147231684,1241.4300509581421,1249.4588623046875,7917054,0.0,0.0,INFY.NS,677
2022-09-22 00:00:00+05:30,1239.5702101574118,1255.5371335852622,1233.80943091915,1241.021728515625,9168498,0.0,0.0,INFY.NS,678
2022-09-23 00:00:00+05:30,1240.6136148834153,1265.3805708345333,1235.623944037449,1238.7537841796875,10426200,0.0,0.0,INFY.NS,679
2022-09-26 00:00:00+05:30,1233.8094816948922,1269.5989844950832,1229.2734174239552,1252.1805419921875,9414587,0.0,0.0,INFY.NS,680
2022-09-27 00:00:00+05:30,1264.1556500846286,1275.9948215927839,1250.1392564200899,1264.2464599609375,8561254,0.0,0.0,INFY.NS,681
2022-09-28 00:00:00+05:30,1251.046475907764,1275.4051179200892,1249.2320502719297,1265.2896728515625,7022098,0.0,0.0,INFY.NS,682
2022-09-29 00:00:00+05:30,1274.5433714005803,1279.0340307679621,1263.7475161988737,1268.873291015625,6119965,0.0,0.0,INFY.NS,683
2022-09-30 00:00:00+05:30,1260.0732124836215,1287.6072103937954,1248.3248506647649,1282.2999267578125,8120130,0.0,0.0,INFY.NS,684
2022-10-03 00:00:00+05:30,1280.9846139293722,1280.9846139293722,1257.3970785454037,1264.427978515625,4943169,0.0,0.0,INFY.NS,685
2022-10-04 00:00:00+05:30,1287.9699887820675,1299.3555539044949,1282.7989200355776,1296.77001953125,6631341,0.0,0.0,INFY.NS,686
2022-10-06 00:00:00+05:30,1310.9225051715146,1324.3492990029515,1310.1059914970522,1320.1307373046875,6180672,0.0,0.0,INFY.NS,687
2022-10-07 00:00:00+05:30,1312.1472810452483,1322.580228801138,1306.5226056830536,1316.5472412109375,3994466,0.0,0.0,INFY.NS,688
2022-10-10 00:00:00+05:30,1294.0029457542655,1329.066742368926,1294.0029457542655,1326.934814453125,5274677,0.0,0.0,INFY.NS,689
2022-10-11 00:00:00+05:30,1326.9348942612842,1342.3575126771138,1288.3329432818086,1291.689697265625,12824774,0.0,0.0,INFY.NS,690
2022-10-12 00:00:00+05:30,1303.664798259727,1307.3843486042717,1282.3907023211864,1296.1348876953125,5481467,0.0,0.0,INFY.NS,691
2022-10-13 00:00:00+05:30,1298.2215292859132,1304.5266140090537,1283.7061243463083,1288.1514892578125,4821514,0.0,0.0,INFY.NS,692
2022-10-14 00:00:00+05:30,1347.2110338811046,1355.37594923796,1331.1080063717516,1337.45849609375,14990688,0.0,0.0,INFY.NS,693
2022-10-17 00:00:00+05:30,1339.8627206241326,1356.2832515544005,1338.5926004471692,1351.7017822265625,4286396,0.0,0.0,INFY.NS,694
2022-10-18 00:00:00+05:30,1369.8912659285243,1370.7530737519746,1358.3243032526377,1364.17578125,4692004,0.0,0.0,INFY.NS,695
2022-10-19 00:00:00+05:30,1364.4481050975749,1365.3099129941174,1343.854418021596,1347.6192626953125,3553171,0.0,0.0,INFY.NS,696
2022-10-20 00:00:00+05:30,1338.1391479542751,1364.4483244225287,1337.4133332714352,1361.635986328125,4583939,0.0,0.0,INFY.NS,697
2022-10-21 00:00:00+05:30,1361.0914288831727,1366.26249762449,1352.9718077531638,1361.2728271484375,3594485,0.0,0.0,INFY.NS,698
2022-10-24 00:00:00+05:30,1377.602772050084,1380.5966188815135,1370.7986753820724,1377.0130615234375,982837,0.0,0.0,INFY.NS,699
2022-10-25 00:00:00+05:30,1386.3119939028177,1390.6666600686863,1379.916209479914,1384.6790771484375,3914341,0.0,0.0,INFY.NS,700
2022-10-27 00:00:00+05:30,1403.9386622242373,1407.6988621560834,1387.1551861000603,1397.65625,6760137,16.5,0.0,INFY.NS,701
2022-10-28 00:00:00+05:30,1399.5362686568128,1401.3246221215236,1382.1108498465378,1387.8428955078125,3053981,0.0,0.0,INFY.NS,702
2022-10-31 00:00:00+05:30,1403.4341822194212,1418.245811891941,1403.4341822194212,1410.220947265625,4542336,0.0,0.0,INFY.NS,703
2022-11-01 00:00:00+05:30,1424.3448316381566,1444.475734393004,1418.8878561358067,1442.6414794921875,4542692,0.0,0.0,INFY.NS,704
2022-11-02 00:00:00+05:30,1441.7242114783025,1442.4120569990462,1416.9617727315378,1424.573974609375,2938906,0.0,0.0,INFY.NS,705
2022-11-03 00:00:00+05:30,1411.2297190433037,1415.9529473175025,1395.546863646527,1403.8927001953125,3174027,0.0,0.0,INFY.NS,706
2022-11-04 00:00:00+05:30,1394.4464333286137,1394.4464333286137,1376.7459401225124,1388.531005859375,4509682,0.0,0.0,INFY.NS,707
2022-11-07 00:00:00+05:30,1395.3175530956448,1401.2788807869697,1367.528549999092,1382.5235595703125,4898592,0.0,0.0,INFY.NS,708
2022-11-09 00:00:00+05:30,1402.2876797188958,1402.2876797188958,1376.6998049643528,1385.9627685546875,3334755,0.0,0.0,INFY.NS,709
2022-11-10 00:00:00+05:30,1361.9341064114733,1386.6965447098637,1361.9341064114733,1377.4793701171875,3435763,0.0,0.0,INFY.NS,710
2022-11-11 00:00:00+05:30,1418.475217234108,1443.1000672976652,1418.475217234108,1439.9818115234375,7214098,0.0,0.0,INFY.NS,711
2022-11-14 00:00:00+05:30,1444.6133748828577,1459.5166964573084,1438.4685535843537,1453.9222412109375,4908813,0.0,0.0,INFY.NS,712
2022-11-15 00:00:00+05:30,1447.089492665349,1465.4320412606673,1442.4121651643493,1461.901123046875,3497614,0.0,0.0,INFY.NS,713
2022-11-16 00:00:00+05:30,1464.7901313371106,1475.658069244969,1461.4425937488243,1469.971923828125,4497697,0.0,0.0,INFY.NS,714
2022-11-17 00:00:00+05:30,1464.8359264182825,1469.9719297297695,1451.7668601838732,1455.84814453125,3469515,0.0,0.0,INFY.NS,715
2022-11-18 00:00:00+05:30,1459.7916463166098,1465.5695937519367,1444.9342271315247,1461.350830078125,3126064,0.0,0.0,INFY.NS,716
2022-11-21 00:00:00+05:30,1450.9871057683945,1456.2605878409026,1434.433024869714,1438.239013671875,3071764,0.0,0.0,INFY.NS,717
2022-11-22 00:00:00+05:30,1438.972931127563,1456.3983522183364,1432.5530391467516,1453.69287109375,3399329,0.0,0.0,INFY.NS,718
2022-11-23 00:00:00+05:30,1457.2238001205214,1460.0668727709146,1448.4193991579355,1451.9503173828125,3245067,0.0,0.0,INFY.NS,719
2022-11-24 00:00:00+05:30,1457.3154109383324,1500.4203979201461,1453.4176195623174,1494.7342529296875,5282215,0.0,0.0,INFY.NS,720
2022-11-25 00:00:00+05:30,1496.201695768672,1507.7574788728768,1480.0602755632722,1500.0994873046875,4563255,0.0,0.0,INFY.NS,721
2022-11-28 00:00:00+05:30,1493.083265201096,1516.4700116769118,1485.7462466988793,1488.864501953125,3825766,0.0,0.0,INFY.NS,722
2022-11-29 00:00:00+05:30,1486.8467258197302,1502.9423546280163,1481.2064825188925,1494.0462646484375,3131710,0.0,0.0,INFY.NS,723
2022-11-30 00:00:00+05:30,1485.7004864644923,1509.3624181599896,1479.4640873185208,1499.4573974609375,11868134,0.0,0.0,INFY.NS,724
2022-12-01 00:00:00+05:30,1518.9462914993808,1533.9872026204164,1515.369584352362,1519.771728515625,5407928,0.0,0.0,INFY.NS,725
2022-12-02 00:00:00+05:30,1518.7629471181933,1524.0823307242517,1498.540243529846,1502.1629638671875,4283343,0.0,0.0,INFY.NS,726
2022-12-05 00:00:00+05:30,1502.254768168023,1508.5370688309101,1488.7730393891545,1503.8597412109375,3824966,0.0,0.0,INFY.NS,727
2022-12-06 00:00:00+05:30,1490.3319598752034,1491.2490872351268,1474.328132226153,1479.2347412109375,4822398,0.0,0.0,INFY.NS,728
2022-12-07 00:00:00+05:30,1474.740694220064,1489.2313503005987,1464.3771109778315,1472.4478759765625,4898087,0.0,0.0,INFY.NS,729
2022-12-08 00:00:00+05:30,1472.4480939167222,1489.3232610774244,1466.0282018846967,1485.884033203125,4206837,0.0,0.0,INFY.NS,730
2022-12-09 00:00:00+05:30,1493.0835061100495,1493.0835061100495,1431.7276565946954,1439.2481689453125,8880658,0.0,0.0,INFY.NS,731
2022-12-12 00:00:00+05:30,1421.5473714407533,1436.1755076749384,1403.2507258609144,1418.9793701171875,8037679,0.0,0.0,INFY.NS,732
2022-12-13 00:00:00+05:30,1418.9794213639211,1446.7684254424607,1413.4308679506453,1441.86181640625,6135067,0.0,0.0,INFY.NS,733
2022-12-14 00:00:00+05:30,1450.895617363601,1456.8569457535275,1442.6414703621647,1448.5111083984375,4976020,0.0,0.0,INFY.NS,734
2022-12-15 00:00:00+05:30,1439.2480298964012,1439.8899742752963,1408.0197980930882,1412.834716796875,6443866,0.0,0.0,INFY.NS,735
2022-12-16 00:00:00+05:30,1398.6191487123112,1421.0887678227714,1386.7423948212465,1396.0511474609375,9630453,0.0,0.0,INFY.NS,736
2022-12-19 00:00:00+05:30,1382.9823830210828,1391.1907414026555,1371.1515277130306,1382.43212890625,6222740,0.0,0.0,INFY.NS,737
2022-12-20 00:00:00+05:30,1376.6082828344672,1390.3651943884424,1359.5955240977712,1382.38623046875,7396259,0.0,0.0,INFY.NS,738
2022-12-21 00:00:00+05:30,1389.447884052655,1394.9506479498932,1377.8462011118406,1384.4495849609375,6236361,0.0,0.0,INFY.NS,739
2022-12-22 00:00:00+05:30,1395.4093535025568,1403.159035330933,1386.467361260263,1395.913818359375,6302640,0.0,0.0,INFY.NS,740
2022-12-23 00:00:00+05:30,1383.6700272399569,1384.7706472634532,1369.2711722199242,1373.0313720703125,6283822,0.0,0.0,INFY.NS,741
2022-12-26 00:00:00+05:30,1376.1496474837907,1384.7706673330085,1372.3435464278352,1377.8922119140625,4115459,0.0,0.0,INFY.NS,742
2022-12-27 00:00:00+05:30,1384.816356461264,1395.3633206748425,1373.398166072519,1389.310302734375,4860076,0.0,0.0,INFY.NS,743
2022-12-28 00:00:00+05:30,1380.368461733021,1398.5734186856855,1374.3154431330508,1385.0,5029860,0.0,0.0,INFY.NS,744
2022-12-29 00:00:00+05:30,1379.3596220007287,1395.2259709449818,1376.6082397759933,1391.7867431640625,4624745,0.0,0.0,INFY.NS,745
2022-12-30 00:00:00+05:30,1401.370592109832,1403.5717201426937,1379.4054368384104,1383.21142578125,5060544,0.0,0.0,INFY.NS,746
2023-01-02 00:00:00+05:30,1388.5307532282952,1399.9948446519106,1379.4053812367044,1397.7020263671875,3801140,0.0,0.0,INFY.NS,747
2023-01-03 00:00:00+05:30,1393.8960033950495,1405.6352784494222,1389.5396484110163,1396.372314453125,4551130,0.0,0.0,INFY.NS,748
2023-01-04 00:00:00+05:30,1394.9509370945927,1394.9509370945927,1367.5288022651728,1370.9222412109375,7059590,0.0,0.0,INFY.NS,749
2023-01-05 00:00:00+05:30,1381.1022918875108,1381.1022918875108,1347.48954741884,1352.9464111328125,9868404,0.0,0.0,INFY.NS,750
2023-01-06 00:00:00+05:30,1348.1774704300785,1352.7631080846027,1326.6249734538155,1328.459228515625,6443714,0.0,0.0,INFY.NS,751
2023-01-09 00:00:00+05:30,1328.1839392343245,1365.9237565030876,1328.1839392343245,1361.4298095703125,11498717,0.0,0.0,INFY.NS,752
2023-01-10 00:00:00+05:30,1359.182808712685,1360.9253731659428,1333.5491426282238,1347.947998046875,7158624,0.0,0.0,INFY.NS,753
2023-01-11 00:00:00+05:30,1348.1773211820307,1370.1883794870434,1342.6745566057775,1349.32373046875,6173092,0.0,0.0,INFY.NS,754
2023-01-12 00:00:00+05:30,1359.136903308,1361.9341866547945,1334.4203647021723,1357.8988037109375,6591385,0.0,0.0,INFY.NS,755
2023-01-13 00:00:00+05:30,1360.5584355646306,1393.4833301069489,1346.342961515927,1379.03857421875,11610426,0.0,0.0,INFY.NS,756
2023-01-16 00:00:00+05:30,1384.8624058326163,1401.370699412078,1377.8005694719036,1399.077880859375,6073063,0.0,0.0,INFY.NS,757
2023-01-17 00:00:00+05:30,1400.4533892015468,1414.3936794008594,1397.702007297418,1411.91748046875,5922644,0.0,0.0,INFY.NS,758
2023-01-18 00:00:00+05:30,1416.7325801385587,1423.24416242099,1412.0093515411083,1417.3287353515625,5843098,0.0,0.0,INFY.NS,759
2023-01-19 00:00:00+05:30,1412.284681224954,1421.1349841260228,1399.674177907226,1411.3675537109375,6165284,0.0,0.0,INFY.NS,760
2023-01-20 00:00:00+05:30,1410.541847819042,1416.9617391940312,1397.7020650690638,1399.1236572265625,6496429,0.0,0.0,INFY.NS,761
2023-01-23 00:00:00+05:30,1407.790721331456,1424.5741994683594,1401.4625191509494,1419.71337890625,4855020,0.0,0.0,INFY.NS,762
2023-01-24 00:00:00+05:30,1430.7187486357645,1438.7895145635266,1421.3181927553053,1423.2900390625,5200802,0.0,0.0,INFY.NS,763
2023-01-25 00:00:00+05:30,1418.7960730383943,1427.0502195525155,1411.2297720671163,1415.1275634765625,4158617,0.0,0.0,INFY.NS,764
2023-01-27 00:00:00+05:30,1417.8788751387417,1422.4186107141427,1382.47778201832,1393.2540283203125,6209955,0.0,0.0,INFY.NS,765
2023-01-30 00:00:00+05:30,1402.104482387963,1416.0447747672706,1394.0337160921317,1411.2757568359375,6964719,0.0,0.0,INFY.NS,766
2023-01-31 00:00:00+05:30,1420.5387909669846,1420.5387909669846,1387.6138917010494,1406.644287109375,9448126,0.0,0.0,INFY.NS,767
2023-02-01 00:00:00+05:30,1414.39393960966,1426.1791171637,1401.4166754709465,1422.556396484375,6194199,0.0,0.0,INFY.NS,768
2023-02-02 00:00:00+05:30,1423.3818135852407,1455.4353734330107,1423.3818135852407,1452.5006103515625,6916834,0.0,0.0,INFY.NS,769
2023-02-03 00:00:00+05:30,1465.1109512577386,1471.668434244157,1442.6413310350065,1466.853515625,7040194,0.0,0.0,INFY.NS,770
2023-02-06 00:00:00+05:30,1465.569600374364,1465.569600374364,1432.186140277909,1439.75244140625,4570612,0.0,0.0,INFY.NS,771
2023-02-07 00:00:00+05:30,1438.972940534242,1445.4387337102248,1426.2248468410608,1432.919921875,4336238,0.0,0.0,INFY.NS,772
2023-02-08 00:00:00+05:30,1435.7629765999538,1470.1552548640857,1435.7629765999538,1458.691162109375,7983338,0.0,0.0,INFY.NS,773
2023-02-09 00:00:00+05:30,1463.9187005529932,1485.5170954490195,1454.6099470732718,1482.9949951171875,6904911,0.0,0.0,INFY.NS,774
2023-02-10 00:00:00+05:30,1479.2806324268656,1482.3530988577234,1464.1480299444947,1475.245361328125,4786762,0.0,0.0,INFY.NS,775
2023-02-13 00:00:00+05:30,1464.6523040679722,1464.6523040679722,1436.2213576521256,1437.5511474609375,4001199,0.0,0.0,INFY.NS,776
2023-02-14 00:00:00+05:30,1453.3717726405816,1463.7353572321708,1447.3646552328803,1461.2132568359375,5043736,0.0,0.0,INFY.NS,777
2023-02-15 00:00:00+05:30,1452.7298068628425,1466.48671791268,1445.3927876362625,1464.6983642578125,3465747,0.0,0.0,INFY.NS,778
2023-02-16 00:00:00+05:30,1467.4036914951487,1480.6561363023575,1465.4318453938986,1469.0545654296875,4290289,0.0,0.0,INFY.NS,779
2023-02-17 00:00:00+05:30,1461.901041196995,1462.8181685754123,1444.934184696277,1452.54638671875,2857734,0.0,0.0,INFY.NS,780
2023-02-20 00:00:00+05:30,1453.6009151504752,1470.1551082186375,1451.3539979762904,1460.4793701171875,2417716,0.0,0.0,INFY.NS,781
2023-02-21 00:00:00+05:30,1466.211461614736,1468.917054491703,1445.3927153816476,1448.6026611328125,2723288,0.0,0.0,INFY.NS,782
2023-02-22 00:00:00+05:30,1433.47013701294,1444.4756658959568,1426.4083007612826,1432.36962890625,3656244,0.0,0.0,INFY.NS,783
2023-02-23 00:00:00+05:30,1439.7524657040512,1439.7524657040512,1419.850845363736,1422.189453125,4766854,0.0,0.0,INFY.NS,784
2023-02-24 00:00:00+05:30,1430.7186730615194,1438.972819252259,1416.96176274362,1422.1435546875,2790986,0.0,0.0,INFY.NS,785
2023-02-27 00:00:00+05:30,1412.3762259804244,1412.3762259804244,1377.5253840406476,1384.220458984375,4920268,0.0,0.0,INFY.NS,786
2023-02-28 00:00:00+05:30,1389.9983063812856,1397.7021991611691,1358.5409027983055,1364.27294921875,9679811,0.0,0.0,INFY.NS,787
2023-03-01 00:00:00+05:30,1368.7209440691638,1376.4706257604705,1358.7242330919914,1372.0684814453125,5125043,0.0,0.0,INFY.NS,788
2023-03-02 00:00:00+05:30,1361.9341118834534,1365.2357479456998,1345.701002604229,1350.1490478515625,4644499,0.0,0.0,INFY.NS,789
2023-03-03 00:00:00+05:30,1363.5392196767139,1366.3365031467508,1350.9287173928365,1356.7066650390625,4615015,0.0,0.0,INFY.NS,790
2023-03-06 00:00:00+05:30,1370.6927064845922,1394.400425758518,1369.4087058218104,1382.5235595703125,6561742,0.0,0.0,INFY.NS,791
2023-03-08 00:00:00+05:30,1367.0242374099919,1372.02253676298,1358.3573166463943,1368.9959716796875,4137080,0.0,0.0,INFY.NS,792
2023-03-09 00:00:00+05:30,1371.10536876011,1374.1777229481327,1352.3959486952547,1357.71533203125,5104656,0.0,0.0,INFY.NS,793
2023-03-10 00:00:00+05:30,1339.0060106489143,1352.1209773156488,1336.850783639018,1349.598876953125,3699580,0.0,0.0,INFY.NS,794
2023-03-13 00:00:00+05:30,1342.858066097969,1355.789653655604,1309.6580947521163,1316.169677734375,8798403,0.0,0.0,INFY.NS,795
2023-03-14 00:00:00+05:30,1321.5804745956207,1328.3213380398465,1294.0666548608056,1302.32080078125,7402784,0.0,0.0,INFY.NS,796
2023-03-15 00:00:00+05:30,1318.829142580857,1323.277187882345,1299.4318765422183,1301.9998779296875,7556182,0.0,0.0,INFY.NS,797
2023-03-16 00:00:00+05:30,1300.3033608672233,1300.3033608672233,1282.7861367735707,1287.7386474609375,7323117,0.0,0.0,INFY.NS,798
2023-03-17 00:00:00+05:30,1311.4922204768466,1323.3231866747517,1294.4336727271848,1302.962890625,9090018,0.0,0.0,INFY.NS,799
2023-03-20 00:00:00+05:30,1302.0456322126888,1302.0456322126888,1270.0837669911443,1287.3258056640625,8221829,0.0,0.0,INFY.NS,800
2023-03-21 00:00:00+05:30,1283.0611764780233,1288.5639406373286,1274.8070302390654,1275.448974609375,8536755,0.0,0.0,INFY.NS,801
2023-03-22 00:00:00+05:30,1286.7297646654838,1290.6275561835369,1267.60768043243,1274.1192626953125,8356487,0.0,0.0,INFY.NS,802
2023-03-23 00:00:00+05:30,1269.258358749589,1269.258358749589,1256.4644769231124,1260.637451171875,7607718,0.0,0.0,INFY.NS,803
2023-03-24 00:00:00+05:30,1272.9726746938736,1283.0151737075835,1263.3428381778178,1266.2318115234375,7559127,0.0,0.0,INFY.NS,804
2023-03-27 00:00:00+05:30,1271.3679168983215,1280.0806276002397,1260.2247960834827,1273.8441162109375,4170193,0.0,0.0,INFY.NS,805
2023-03-28 00:00:00+05:30,1276.7329164174637,1282.1439899820111,1261.8295975067285,1263.4345703125,6633366,0.0,0.0,INFY.NS,806
2023-03-29 00:00:00+05:30,1264.7186272999518,1274.715337897841,1251.466181751986,1268.8916015625,8813966,0.0,0.0,INFY.NS,807
2023-03-31 00:00:00+05:30,1287.6469035198686,1311.4463153951938,1278.3839389266645,1309.612060546875,8711975,0.0,0.0,INFY.NS,808
2023-04-03 00:00:00+05:30,1316.077848821429,1316.077848821429,1288.7016177019077,1293.92919921875,5242764,0.0,0.0,INFY.NS,809
2023-04-05 00:00:00+05:30,1283.97826667451,1309.1992683413307,1283.97826667451,1305.57666015625,7506334,0.0,0.0,INFY.NS,810
2023-04-06 00:00:00+05:30,1298.6524024946332,1310.024804681296,1293.4706102774894,1304.0634765625,6948465,0.0,0.0,INFY.NS,811
2023-04-10 00:00:00+05:30,1305.9433565637157,1315.1605305868823,1297.73511212025,1309.2908935546875,4993788,0.0,0.0,INFY.NS,812
2023-04-11 00:00:00+05:30,1310.4834237107443,1314.564596044306,1273.8900163996034,1289.6187744140625,6942255,0.0,0.0,INFY.NS,813
2023-04-12 00:00:00+05:30,1295.946912669283,1312.8678683565352,1283.9783553609145,1309.93310546875,5831169,0.0,0.0,INFY.NS,814
2023-04-13 00:00:00+05:30,1292.9203774786417,1294.1126879036105,1268.3872190480308,1274.0733642578125,11267238,0.0,0.0,INFY.NS,815
2023-04-17 00:00:00+05:30,1146.6844649704485,1156.6352751470652,1087.071182308468,1154.021484375,53171705,0.0,0.0,INFY.NS,816
2023-04-18 00:00:00+05:30,1164.7059031013866,1164.7059031013866,1149.2523287192262,1154.984375,12430884,0.0,0.0,INFY.NS,817
2023-04-19 00:00:00+05:30,1150.3987451220048,1150.3987451220048,1127.5164610086156,1130.0843505859375,11307230,0.0,0.0,INFY.NS,818
2023-04-20 00:00:00+05:30,1128.7086346529145,1135.2661178854821,1120.1794170940875,1122.013671875,8621249,0.0,0.0,INFY.NS,819
2023-04-21 00:00:00+05:30,1126.324198126057,1131.047426880891,1118.8954881773257,1125.6363525390625,8691352,0.0,0.0,INFY.NS,820
2023-04-24 00:00:00+05:30,1126.2325338323785,1128.0667887734735,1117.0612591269032,1124.6734619140625,8313774,0.0,0.0,INFY.NS,821
2023-04-25 00:00:00+05:30,1124.3523209198693,1133.110932602619,1114.3098204064606,1123.389404296875,6808576,0.0,0.0,INFY.NS,822
2023-04-26 00:00:00+05:30,1126.232364666585,1130.818001330537,1119.3998108189048,1125.8197021484375,5680192,0.0,0.0,INFY.NS,823
2023-04-27 00:00:00+05:30,1128.0666511252507,1144.3915628906238,1123.8478876663187,1142.969970703125,8020704,0.0,0.0,INFY.NS,824
2023-04-28 00:00:00+05:30,1151.6369999991612,1154.6635656438648,1141.7778790057764,1148.9315185546875,10118277,0.0,0.0,INFY.NS,825
2023-05-02 00:00:00+05:30,1150.5822227207543,1173.6937883843755,1150.5822227207543,1171.5843505859375,8886401,0.0,0.0,INFY.NS,826
2023-05-03 00:00:00+05:30,1161.0833162689144,1167.044644512001,1157.506496932256,1163.9722900390625,5549783,0.0,0.0,INFY.NS,827
2023-05-04 00:00:00+05:30,1163.788693033167,1170.0711048738817,1157.8732664731895,1168.007568359375,4505401,0.0,0.0,INFY.NS,828
2023-05-05 00:00:00+05:30,1173.0058612365624,1173.0058612365624,1150.3069596997327,1154.7550048828125,5373791,0.0,0.0,INFY.NS,829
2023-05-08 00:00:00+05:30,1157.8272133914227,1165.0267516271758,1151.1780410505344,1160.7161865234375,5260842,0.0,0.0,INFY.NS,830
2023-05-09 00:00:00+05:30,1161.0832230022093,1166.5859870922673,1156.2224032743827,1165.3936767578125,4969897,0.0,0.0,INFY.NS,831
2023-05-10 00:00:00+05:30,1170.621404606506,1170.621404606506,1154.800957377408,1158.5611572265625,6515734,0.0,0.0,INFY.NS,832
2023-05-11 00:00:00+05:30,1164.9811601752815,1170.162952733371,1149.20661258924,1152.0037841796875,6888461,0.0,0.0,INFY.NS,833
2023-05-12 00:00:00+05:30,1149.4814456057363,1151.9118552707967,1136.3665927698858,1142.0068359375,8292212,0.0,0.0,INFY.NS,834
2023-05-15 00:00:00+05:30,1146.3177001145064,1163.7431228497253,1142.4199081868915,1154.0673828125,5534710,0.0,0.0,INFY.NS,835
2023-05-16 00:00:00+05:30,1160.1661142944206,1168.3743594123644,1158.1025777274938,1159.524169921875,5236469,0.0,0.0,INFY.NS,836
2023-05-17 00:00:00+05:30,1156.1306391276796,1156.4516112883057,1139.4847564270556,1143.5660400390625,10465667,0.0,0.0,INFY.NS,837
2023-05-18 00:00:00+05:30,1154.2966286307426,1155.2596572702737,1139.4849973777084,1142.7408447265625,6948732,0.0,0.0,INFY.NS,838
2023-05-19 00:00:00+05:30,1151.9579766677468,1167.778425157087,1148.9773124596102,1163.7430419921875,11094136,0.0,0.0,INFY.NS,839
2023-05-22 00:00:00+05:30,1167.4572849700612,1188.2302430762331,1164.9810857591126,1185.662353515625,7625947,0.0,0.0,INFY.NS,840
2023-05-23 00:00:00+05:30,1191.5318755827825,1205.2429974114864,1189.560141232225,1192.3115234375,7436031,0.0,0.0,INFY.NS,841
2023-05-24 00:00:00+05:30,1188.8723607693044,1196.8513248198226,1184.2867235094584,1191.027587890625,4824077,0.0,0.0,INFY.NS,842
2023-05-25 00:00:00+05:30,1187.2214442639772,1198.6855370050355,1182.4065253127328,1196.255126953125,4334121,0.0,0.0,INFY.NS,843
2023-05-26 00:00:00+05:30,1197.7682245623137,1213.7720507750516,1197.7682245623137,1208.269287109375,5521606,0.0,0.0,INFY.NS,844
2023-05-29 00:00:00+05:30,1222.2556544688687,1222.2556544688687,1201.2993155421436,1205.4722900390625,4419365,0.0,0.0,INFY.NS,845
2023-05-30 00:00:00+05:30,1206.0224833077132,1216.4777576450638,1200.6573106206852,1214.1390380859375,6274719,0.0,0.0,INFY.NS,846
2023-05-31 00:00:00+05:30,1210.4705525350664,1220.7882355808035,1205.24297124017,1209.049072265625,17800782,0.0,0.0,INFY.NS,847
2023-06-01 00:00:00+05:30,1212.9468193268542,1219.3208096161989,1208.8655354543341,1210.1495361328125,4277841,0.0,0.0,INFY.NS,848
2023-06-02 00:00:00+05:30,1216.6558726063317,1220.28076764581,1204.619482886525,1207.361328125,10909311,17.5,0.0,INFY.NS,849
2023-06-05 00:00:00+05:30,1212.008539400872,1217.0740205048828,1205.7812402951347,1212.4732666015625,5002553,0.0,0.0,INFY.NS,850
2023-06-06 00:00:00+05:30,1197.6949566393228,1197.6949566393228,1183.195490212996,1188.772216796875,10008100,0.0,0.0,INFY.NS,851
2023-06-07 00:00:00+05:30,1199.4609634477556,1202.7140540111552,1192.025327874271,1198.020263671875,5397578,0.0,0.0,INFY.NS,852
2023-06-08 00:00:00+05:30,1195.4642535429527,1200.8551346703464,1190.7240585978548,1192.30419921875,5034942,0.0,0.0,INFY.NS,853
2023-06-09 00:00:00+05:30,1192.0253388838628,1192.0253388838628,1174.8304314613665,1176.642822265625,5339073,0.0,0.0,INFY.NS,854
2023-06-12 00:00:00+05:30,1183.6600847401096,1204.2939254038927,1183.1953575768823,1200.8084716796875,4785588,0.0,0.0,INFY.NS,855
2023-06-13 00:00:00+05:30,1208.1978299633267,1214.332206477655,1205.5489075433659,1212.798583984375,4846587,0.0,0.0,INFY.NS,856
2023-06-14 00:00:00+05:30,1214.1926836588375,1214.5179699939283,1201.970336101225,1208.6624755859375,3457981,0.0,0.0,INFY.NS,857
2023-06-15 00:00:00+05:30,1202.6674808789603,1202.6674808789603,1192.1647141872293,1196.02197265625,6161155,0.0,0.0,INFY.NS,858
2023-06-16 00:00:00+05:30,1196.2077995523568,1209.6848882031022,1190.677591317118,1200.52978515625,8536287,0.0,0.0,INFY.NS,859
2023-06-19 00:00:00+05:30,1202.7139892578125,1207.8259884393565,1196.2543265846496,1202.7139892578125,4451787,0.0,0.0,INFY.NS,860
2023-06-20 00:00:00+05:30,1202.7140333935445,1212.9380321318201,1200.018592852604,1211.450927734375,4009180,0.0,0.0,INFY.NS,861
2023-06-21 00:00:00+05:30,1208.244295499256,1211.822785983513,1203.6435412463507,1207.6866455078125,4041529,0.0,0.0,INFY.NS,862
2023-06-22 00:00:00+05:30,1198.4385283465883,1198.4385283465883,1183.6601806665321,1191.142333984375,6676607,0.0,0.0,INFY.NS,863
2023-06-23 00:00:00+05:30,1186.402095840736,1189.0975364568558,1174.2262651500378,1175.7598876953125,7239467,0.0,0.0,INFY.NS,864
2023-06-26 00:00:00+05:30,1180.6393770623117,1184.1248308422635,1173.2037423317481,1180.7322998046875,3403244,0.0,0.0,INFY.NS,865
2023-06-27 00:00:00+05:30,1189.7016346437479,1191.5605434478787,1184.3107537282526,1188.91162109375,3240024,0.0,0.0,INFY.NS,866
2023-06-28 00:00:00+05:30,1198.996335389405,1205.2236353137198,1191.0030491785699,1202.1099853515625,5662358,0.0,0.0,INFY.NS,867
2023-06-30 00:00:00+05:30,1215.9121063481953,1244.4464222893582,1212.426652618648,1241.2862548828125,12821692,0.0,0.0,INFY.NS,868
2023-07-03 00:00:00+05:30,1236.1743453719541,1251.0456156922185,1234.7336456761632,1239.61328125,7732412,0.0,0.0,INFY.NS,869
2023-07-04 00:00:00+05:30,1249.4656016820998,1251.0456287866502,1237.4756171691324,1250.255615234375,5797775,0.0,0.0,INFY.NS,870
2023-07-05 00:00:00+05:30,1262.059704711734,1262.152627465157,1246.3984198903297,1252.2540283203125,5414936,0.0,0.0,INFY.NS,871
2023-07-06 00:00:00+05:30,1247.8390092927943,1252.3932449368162,1242.819933005186,1249.09375,5963897,0.0,0.0,INFY.NS,872
2023-07-07 00:00:00+05:30,1239.8922016871068,1250.8598092744526,1231.8523982272873,1236.3602294921875,6295647,0.0,0.0,INFY.NS,873
2023-07-10 00:00:00+05:30,1242.262385005227,1247.2349435988492,1226.229295814045,1235.3843994140625,3940315,0.0,0.0,INFY.NS,874
2023-07-11 00:00:00+05:30,1239.38090160913,1255.5999486675075,1233.3859662223854,1253.462158203125,6126128,0.0,0.0,INFY.NS,875
2023-07-12 00:00:00+05:30,1255.6928743826675,1256.52940602109,1233.3859691382677,1239.2415771484375,8102770,0.0,0.0,INFY.NS,876
2023-07-13 00:00:00+05:30,1240.728739413603,1279.6729026631901,1236.9644035943056,1268.7982177734375,9977644,0.0,0.0,INFY.NS,877
2023-07-14 00:00:00+05:30,1283.251252109647,1329.1198044888868,1283.251252109647,1325.35546875,12833381,0.0,0.0,INFY.NS,878
2023-07-17 00:00:00+05:30,1325.3553796402884,1356.027373066275,1314.5273272735951,1322.5670166015625,11569884,0.0,0.0,INFY.NS,879
2023-07-18 00:00:00+05:30,1332.8376271158952,1373.6871031492155,1328.1903550548216,1371.131103515625,16743977,0.0,0.0,INFY.NS,880
2023-07-19 00:00:00+05:30,1381.1693208273919,1393.0663832409173,1357.6540777205,1370.8988037109375,13687062,0.0,0.0,INFY.NS,881
2023-07-20 00:00:00+05:30,1367.2274100444117,1367.2274100444117,1339.0648965954,1347.244140625,8347221,0.0,0.0,INFY.NS,882
2023-07-21 00:00:00+05:30,1227.065695806331,1254.7634832648805,1212.9380338227177,1237.6614990234375,45548305,0.0,0.0,INFY.NS,883
2023-07-24 00:00:00+05:30,1246.398337830829,1254.670504599167,1240.1245206940966,1242.3087158203125,8859789,0.0,0.0,INFY.NS,884
2023-07-25 00:00:00+05:30,1242.6805423705,1248.1178279606174,1230.829998679233,1240.4498291015625,6801982,0.0,0.0,INFY.NS,885
2023-07-26 00:00:00+05:30,1248.2572943766568,1254.7634753600048,1244.9112811341217,1253.694580078125,5528885,0.0,0.0,INFY.NS,886
2023-07-27 00:00:00+05:30,1262.7567654377913,1267.5899965472738,1252.0216348505492,1257.6912841796875,9191861,0.0,0.0,INFY.NS,887
2023-07-28 00:00:00+05:30,1258.3419102909559,1267.6364549818945,1241.7511707093902,1245.9337158203125,6122735,0.0,0.0,INFY.NS,888
2023-07-31 00:00:00+05:30,1253.6016166280715,1261.7343425932213,1239.1950734898064,1260.061279296875,7902180,0.0,0.0,INFY.NS,889
2023-08-01 00:00:00+05:30,1265.9169045571427,1272.4230854175687,1261.2696325139816,1268.89111328125,6064652,0.0,0.0,INFY.NS,890
2023-08-02 00:00:00+05:30,1272.7019018221301,1275.1648651116004,1253.322687629451,1261.130126953125,7419145,0.0,0.0,INFY.NS,891
2023-08-03 00:00:00+05:30,1254.7633233616784,1270.1458376352903,1253.833869048077,1268.0545654296875,6503741,0.0,0.0,INFY.NS,892
2023-08-04 00:00:00+05:30,1272.3302261741662,1288.1309519095748,1265.9169677427412,1281.113525390625,5712345,0.0,0.0,INFY.NS,893
2023-08-07 00:00:00+05:30,1289.9897857158628,1296.5888892705716,1279.8587100541772,1294.72998046875,3729093,0.0,0.0,INFY.NS,894
2023-08-08 00:00:00+05:30,1294.5905182197114,1295.2412043648678,1286.7366740453401,1292.12744140625,4161877,0.0,0.0,INFY.NS,895
2023-08-09 00:00:00+05:30,1286.3650226189877,1297.5184765723313,1284.9708408748197,1296.0313720703125,4090828,0.0,0.0,INFY.NS,896
2023-08-10 00:00:00+05:30,1293.4286162817955,1297.3323925229795,1287.8518903304866,1291.10498046875,3873025,0.0,0.0,INFY.NS,897
2023-08-11 00:00:00+05:30,1293.800550711213,1298.3083819497344,1270.610708350301,1275.072021484375,5783517,0.0,0.0,INFY.NS,898
2023-08-14 00:00:00+05:30,1275.0719825934739,1296.5888744198694,1269.2628926543166,1295.2412109375,4304135,0.0,0.0,INFY.NS,899
2023-08-16 00:00:00+05:30,1311.2742769730567,1319.7786937329943,1306.2552006588273,1318.4310302734375,7735313,0.0,0.0,INFY.NS,900
2023-08-17 00:00:00+05:30,1319.825280033983,1319.825280033983,1306.812918118155,1311.971435546875,5618346,0.0,0.0,INFY.NS,901
2023-08-18 00:00:00+05:30,1304.6751968805124,1309.322469240219,1288.3633389732208,1290.826416015625,5134103,0.0,0.0,INFY.NS,902
2023-08-21 00:00:00+05:30,1291.709264831686,1307.742353385992,1289.2927060601864,1306.2552490234375,3032722,0.0,0.0,INFY.NS,903
2023-08-22 00:00:00+05:30,1305.6044938755163,1306.8593480283198,1298.1224543541218,1304.7215576171875,2890714,0.0,0.0,INFY.NS,904
2023-08-23 00:00:00+05:30,1316.1073972557133,1316.665047189912,1306.4875671497327,1308.625244140625,2559125,0.0,0.0,INFY.NS,905
2023-08-24 00:00:00+05:30,1321.2193112047876,1324.5189194126233,1314.6666128884629,1323.171142578125,5171963,0.0,0.0,INFY.NS,906
2023-08-25 00:00:00+05:30,1313.3189876716804,1322.148803936989,1311.8318834134902,1319.9180908203125,4307172,0.0,0.0,INFY.NS,907
2023-08-28 00:00:00+05:30,1319.9181310643203,1324.286634688253,1311.8319234109513,1315.7821044921875,3133464,0.0,0.0,INFY.NS,908
2023-08-29 00:00:00+05:30,1323.5431263001694,1323.914930768979,1315.4569180328365,1317.64111328125,3074444,0.0,0.0,INFY.NS,909
2023-08-30 00:00:00+05:30,1326.331539526786,1335.3007979273286,1323.5431760940035,1333.9066162109375,3070887,0.0,0.0,INFY.NS,910
2023-08-31 00:00:00+05:30,1333.9066565282626,1342.9688379587094,1327.865202241298,1334.1854248046875,9792735,0.0,0.0,INFY.NS,911
2023-09-01 00:00:00+05:30,1330.0026916597724,1343.9910253779606,1327.446692130181,1341.99267578125,3582133,0.0,0.0,INFY.NS,912
2023-09-04 00:00:00+05:30,1341.2027322887438,1366.2980017078678,1333.4882151949037,1361.74365234375,4609014,0.0,0.0,INFY.NS,913
2023-09-05 00:00:00+05:30,1361.6507510555587,1375.639085724664,1353.7503883361237,1374.5701904296875,5496840,0.0,0.0,INFY.NS,914
2023-09-06 00:00:00+05:30,1377.3585524279374,1378.2880068646311,1360.0707225971962,1373.222412109375,5075786,0.0,0.0,INFY.NS,915
2023-09-07 00:00:00+05:30,1366.855613248634,1369.4581309432015,1358.9088462312307,1362.7659912109375,4411743,0.0,0.0,INFY.NS,916
2023-09-08 00:00:00+05:30,1360.2566199430964,1370.7129827544118,1357.1893748015916,1365.92626953125,3125838,0.0,0.0,INFY.NS,917
2023-09-11 00:00:00+05:30,1365.9261069950462,1373.7800644251438,1361.1859124430616,1372.2928466796875,4182226,0.0,0.0,INFY.NS,918
2023-09-12 00:00:00+05:30,1377.9161503149019,1397.8994199484737,1372.8970738547118,1395.2039794921875,6793161,0.0,0.0,INFY.NS,919
2023-09-13 00:00:00+05:30,1398.8288435447748,1398.8288435447748,1383.6322871056639,1392.64794921875,4804686,0.0,0.0,INFY.NS,920
2023-09-14 00:00:00+05:30,1398.8289666028186,1405.8463931809229,1393.3916806868526,1400.641357421875,6444213,0.0,0.0,INFY.NS,921
2023-09-15 00:00:00+05:30,1410.9117877236317,1411.2835921776357,1402.5466980730964,1404.9632568359375,8657816,0.0,0.0,INFY.NS,922
2023-09-18 00:00:00+05:30,1398.7360111511314,1398.7360111511314,1383.0282084042437,1386.5601806640625,3991916,0.0,0.0,INFY.NS,923
2023-09-20 00:00:00+05:30,1372.060626309963,1389.6273382680865,1372.060626309963,1385.1195068359375,4169337,0.0,0.0,INFY.NS,924
2023-09-21 00:00:00+05:30,1381.6804443744052,1398.4106230981856,1371.8746553500082,1395.80810546875,6779195,0.0,0.0,INFY.NS,925
2023-09-22 00:00:00+05:30,1386.6529684238076,1400.641188325793,1380.4255561991947,1390.6031494140625,5455613,0.0,0.0,INFY.NS,926
2023-09-25 00:00:00+05:30,1384.7475392640083,1384.7475392640083,1367.7385927513728,1370.1551513671875,4217863,0.0,0.0,INFY.NS,927
2023-09-26 00:00:00+05:30,1374.8024497360157,1375.4995405113145,1356.0739215478982,1357.6075439453125,3996528,0.0,0.0,INFY.NS,928
2023-09-27 00:00:00+05:30,1353.2857660190866,1365.9263246582736,1347.755557070318,1363.509765625,3863586,0.0,0.0,INFY.NS,929
2023-09-28 00:00:00+05:30,1364.3462461230529,1368.714636770685,1333.7671712132337,1337.9031982421875,5814602,0.0,0.0,INFY.NS,930
2023-09-29 00:00:00+05:30,1331.0717749023968,1344.7348242112748,1316.1075800525987,1334.1854248046875,6068968,0.0,0.0,INFY.NS,931
2023-10-03 00:00:00+05:30,1334.7430734406207,1335.626009761539,1320.1041662355099,1332.837646484375,4181867,0.0,0.0,INFY.NS,932
2023-10-04 00:00:00+05:30,1324.4724780818983,1347.6623192444497,1318.1521429784143,1342.4573974609375,4510406,0.0,0.0,INFY.NS,933
2023-10-05 00:00:00+05:30,1349.5677537176623,1371.5493723980028,1347.8946904576385,1360.2099609375,7384621,0.0,0.0,INFY.NS,934
2023-10-06 00:00:00+05:30,1365.8332203052626,1379.7750360960613,1360.0706484952473,1374.3841552734375,3598672,0.0,0.0,INFY.NS,935
2023-10-09 00:00:00+05:30,1361.5578490003716,1385.8165874982192,1359.04825390548,1371.363525390625,3567552,0.0,0.0,INFY.NS,936
2023-10-10 00:00:00+05:30,1379.217223375378,1391.3930517038775,1365.4612547018098,1389.673583984375,5688951,0.0,0.0,INFY.NS,937
2023-10-11 00:00:00+05:30,1391.3932433298958,1411.144149422588,1376.940181958551,1388.9766845703125,7220129,0.0,0.0,INFY.NS,938
2023-10-12 00:00:00+05:30,1386.6529740945282,1398.2711535251433,1349.5677226602481,1362.1153564453125,11081662,0.0,0.0,INFY.NS,939
2023-10-13 00:00:00+05:30,1305.8834648401426,1336.555460811477,1301.2361927232737,1330.188720703125,17973439,0.0,0.0,INFY.NS,940
2023-10-16 00:00:00+05:30,1331.071745773082,1341.7604723545678,1329.1199140456142,1332.9771728515625,4850745,0.0,0.0,INFY.NS,941
2023-10-17 00:00:00+05:30,1338.6467739103207,1350.8226045344618,1336.6020195003289,1340.6915283203125,3923764,0.0,0.0,INFY.NS,942
2023-10-18 00:00:00+05:30,1340.2733227545561,1351.4267762032766,1336.880791305478,1338.9256591796875,4264837,0.0,0.0,INFY.NS,943
2023-10-19 00:00:00+05:30,1325.49490296724,1338.0890555260446,1325.49490296724,1332.5123291015625,6795691,0.0,0.0,INFY.NS,944
2023-10-20 00:00:00+05:30,1329.119720164981,1337.0200821379894,1324.7048120035936,1326.563720703125,3928622,0.0,0.0,INFY.NS,945
2023-10-23 00:00:00+05:30,1325.0303316661361,1331.3041496318458,1306.1159550094237,1309.276123046875,2636516,0.0,0.0,INFY.NS,946
2023-10-25 00:00:00+05:30,1317.1374123821106,1320.4797298426586,1281.6434766183827,1289.8814697265625,6940777,18.0,0.0,INFY.NS,947
2023-10-26 00:00:00+05:30,1275.7590480024355,1293.6001393242148,1273.9230836517906,1279.9014892578125,6357656,0.0,0.0,INFY.NS,948
2023-10-27 00:00:00+05:30,1283.8557413785777,1303.956418417084,1283.8557413785777,1299.5784912109375,4634358,0.0,0.0,INFY.NS,949
2023-10-30 00:00:00+05:30,1299.5785105468342,1299.5785105468342,1283.3378978736482,1296.4716796875,2667696,0.0,0.0,INFY.NS,950
2023-10-31 00:00:00+05:30,1299.2020849293924,1300.3319358033273,1283.24396131538,1288.3280029296875,3451595,0.0,0.0,INFY.NS,951
2023-11-01 00:00:00+05:30,1292.7058299617952,1296.848271394198,1272.5580310195833,1274.9117431640625,3090672,0.0,0.0,INFY.NS,952
2023-11-02 00:00:00+05:30,1289.8342181571022,1295.7656185619023,1281.972842805629,1289.9754638671875,3758060,0.0,0.0,INFY.NS,953
2023-11-03 00:00:00+05:30,1299.2962891749294,1310.5469878192453,1297.1308279223888,1307.7696533203125,3349045,0.0,0.0,INFY.NS,954
2023-11-06 00:00:00+05:30,1312.3359313240937,1324.9047327710196,1309.4173508833169,1321.1859130859375,2736381,0.0,0.0,INFY.NS,955
2023-11-07 00:00:00+05:30,1318.078766511828,1323.6335500133118,1313.2300966352614,1322.127197265625,2272209,0.0,0.0,INFY.NS,956
2023-11-08 00:00:00+05:30,1322.7862570767434,1322.7862570767434,1305.3216665728671,1309.60546875,3550635,0.0,0.0,INFY.NS,957
2023-11-09 00:00:00+05:30,1314.2187005328615,1315.725053279232,1289.8813406007866,1294.3533935546875,5498051,0.0,0.0,INFY.NS,958
2023-11-10 00:00:00+05:30,1289.7870751538298,1292.7998955154703,1281.3608320382564,1288.75146484375,2943649,0.0,0.0,INFY.NS,959
2023-11-13 00:00:00+05:30,1299.1077990502322,1301.5556365838725,1290.6344357148544,1293.176513671875,3462092,0.0,0.0,INFY.NS,960
2023-11-15 00:00:00+05:30,1317.1374009763547,1331.2596747537996,1311.488491465377,1327.9644775390625,8551860,0.0,0.0,INFY.NS,961
2023-11-16 00:00:00+05:30,1333.2365119851127,1368.3539386173018,1328.058345935866,1360.351318359375,6673907,0.0,0.0,INFY.NS,962
2023-11-17 00:00:00+05:30,1356.726715350655,1366.0944431282537,1351.0778065575678,1353.4315185546875,4901251,0.0,0.0,INFY.NS,963
2023-11-20 00:00:00+05:30,1357.6212730677928,1367.036122395586,1349.7598968645575,1352.5372314453125,3584210,0.0,0.0,INFY.NS,964
2023-11-21 00:00:00+05:30,1357.6212075918063,1365.1530866907901,1352.6784119330985,1354.7967529296875,3793135,0.0,0.0,INFY.NS,965
2023-11-22 00:00:00+05:30,1352.1605387506925,1373.5793197717323,1352.1605387506925,1372.4967041015625,3108786,0.0,0.0,INFY.NS,966
2023-11-23 00:00:00+05:30,1382.0057382429595,1382.0057382429595,1362.9876738861756,1364.447021484375,3186928,0.0,0.0,INFY.NS,967
2023-11-24 00:00:00+05:30,1360.9635301203575,1367.6480498608116,1349.948087939533,1353.2904052734375,2973195,0.0,0.0,INFY.NS,968
2023-11-28 00:00:00+05:30,1359.504127646951,1360.4456124998921,1343.5460053605395,1358.2801513671875,3755373,0.0,0.0,INFY.NS,969
2023-11-29 00:00:00+05:30,1366.1886628376049,1375.226894544369,1364.964801471109,1374.1912841796875,3875778,0.0,0.0,INFY.NS,970
2023-11-30 00:00:00+05:30,1368.21286477539,1375.179875684024,1364.729416784748,1370.001708984375,10120867,0.0,0.0,INFY.NS,971
2023-12-01 00:00:00+05:30,1374.4736205469867,1374.4736205469867,1361.5282051305396,1367.318359375,3489187,0.0,0.0,INFY.NS,972
2023-12-04 00:00:00+05:30,1374.9915161431222,1385.7715867334168,1364.4940519087752,1378.663330078125,5511948,0.0,0.0,INFY.NS,973
2023-12-05 00:00:00+05:30,1380.0285133783032,1381.0641237085301,1357.621128395019,1368.871826171875,5123039,0.0,0.0,INFY.NS,974
2023-12-06 00:00:00+05:30,1371.5080232268922,1390.5730909944189,1366.1416056780827,1388.0311279296875,5269178,0.0,0.0,INFY.NS,975
2023-12-07 00:00:00+05:30,1386.6659544767813,1386.6659544767813,1376.2626157196041,1380.1226806640625,4424453,0.0,0.0,INFY.NS,976
2023-12-08 00:00:00+05:30,1384.3593311792147,1407.2373438258442,1380.4521461092754,1403.8951416015625,6323433,0.0,0.0,INFY.NS,977
2023-12-11 00:00:00+05:30,1402.8124958995527,1410.3443750721678,1395.2806167269378,1401.4002685546875,3862018,0.0,0.0,INFY.NS,978
2023-12-12 00:00:00+05:30,1391.0438179520306,1402.812378171591,1381.7702154844862,1389.6787109375,6103494,0.0,0.0,INFY.NS,979
2023-12-13 00:00:00+05:30,1389.631763150233,1389.6788833678963,1349.2891566973667,1364.211669921875,8549258,0.0,0.0,INFY.NS,980
2023-12-14 00:00:00+05:30,1377.7689770027378,1422.5836336750658,1375.8388870549381,1413.5924072265625,12489858,0.0,0.0,INFY.NS,981
2023-12-15 00:00:00+05:30,1433.9285107001285,1495.5957668241965,1431.9984208352303,1486.0396728515625,18395389,0.0,0.0,INFY.NS,982
2023-12-18 00:00:00+05:30,1476.2012123244115,1499.7854551895782,1468.9989447357254,1472.8118896484375,6467243,0.0,0.0,INFY.NS,983
2023-12-19 00:00:00+05:30,1478.225296674548,1481.8499902553428,1452.9464521784103,1467.1158447265625,4221721,0.0,0.0,INFY.NS,984
2023-12-20 00:00:00+05:30,1473.470877793026,1490.8412269194432,1440.4717885612556,1446.497314453125,6592367,0.0,0.0,INFY.NS,985
2023-12-21 00:00:00+05:30,1432.2338260213533,1456.1475641627426,1432.2338260213533,1446.1207275390625,5319038,0.0,0.0,INFY.NS,986
2023-12-22 00:00:00+05:30,1445.1319655836069,1474.3651129316345,1433.8812688345336,1471.446533203125,6741060,0.0,0.0,INFY.NS,987
2023-12-26 00:00:00+05:30,1445.1793467888062,1457.4186507029785,1433.8815277911087,1453.6055908203125,6878067,0.0,0.0,INFY.NS,988
2023-12-27 00:00:00+05:30,1453.6524816822475,1478.1310856483994,1453.6524816822475,1475.4007568359375,4225849,0.0,0.0,INFY.NS,989
2023-12-28 00:00:00+05:30,1477.1425892283842,1477.1425892283842,1464.0089217215004,1471.2113037109375,5702253,0.0,0.0,INFY.NS,990
2023-12-29 00:00:00+05:30,1450.8752194379208,1468.1984480838207,1449.8866144117019,1452.616943359375,4388990,0.0,0.0,INFY.NS,991
2024-01-01 00:00:00+05:30,1448.9451947683858,1465.8919221925776,1445.4146265550125,1460.572509765625,2808451,0.0,0.0,INFY.NS,992
2024-01-02 00:00:00+05:30,1455.535458187299,1458.5011582059428,1433.8813084212525,1444.6142578125,5396313,0.0,0.0,INFY.NS,993
2024-01-03 00:00:00+05:30,1431.0099267639569,1431.0099267639569,1400.9295302013422,1402.8125,7550363,0.0,0.0,INFY.NS,994
2024-01-04 00:00:00+05:30,1416.8875744672803,1430.821596173285,1405.5427510177758,1424.18408203125,7056038,0.0,0.0,INFY.NS,995
2024-01-05 00:00:00+05:30,1418.5823250946862,1449.6042055294993,1418.1115826606078,1442.8726806640625,8895403,0.0,0.0,INFY.NS,996
2024-01-08 00:00:00+05:30,1439.483154876404,1446.1206687605984,1424.701889324203,1433.693115234375,4440136,0.0,0.0,INFY.NS,997
2024-01-09 00:00:00+05:30,1451.675429581847,1462.1258878294154,1436.5645526388157,1439.812744140625,4412074,0.0,0.0,INFY.NS,998
2024-01-10 00:00:00+05:30,1435.7171978317997,1445.602788218323,1416.9346220683428,1430.9627685546875,4096845,0.0,0.0,INFY.NS,999
2024-01-11 00:00:00+05:30,1435.6702550988025,1435.7643805973064,1399.6113397659765,1406.7666015625,11296088,0.0,0.0,INFY.NS,1000
2024-01-12 00:00:00+05:30,1470.5994024363956,1523.3225564289937,1464.3856251298819,1518.3797607421875,26754401,0.0,0.0,INFY.NS,1001
2024-01-15 00:00:00+05:30,1548.69536270453,1567.5250585454428,1540.2691197866588,1555.427001953125,13228305,0.0,0.0,INFY.NS,1002
2024-01-16 00:00:00+05:30,1548.5542635934448,1552.0377114243083,1529.9128183588118,1536.07958984375,6500917,0.0,0.0,INFY.NS,1003
2024-01-17 00:00:00+05:30,1525.4408120839046,1551.0962739751476,1525.4408120839046,1544.223388671875,9209876,0.0,0.0,INFY.NS,1004
2024-01-18 00:00:00+05:30,1546.5300303672077,1552.508435864297,1532.972626255938,1546.48291015625,6375464,0.0,0.0,INFY.NS,1005
2024-01-19 00:00:00+05:30,1554.9563105966838,1568.0429726211407,1547.9422946366542,1562.111572265625,4522736,0.0,0.0,INFY.NS,1006
2024-01-23 00:00:00+05:30,1553.5442072103745,1576.7047127157934,1541.8697714896578,1546.0594482421875,9401255,0.0,0.0,INFY.NS,1007
2024-01-24 00:00:00+05:30,1562.770633148314,1581.694454529538,1548.7424867268392,1577.3636474609375,8999681,0.0,0.0,INFY.NS,1008
2024-01-25 00:00:00+05:30,1575.0569444579046,1582.2123208537434,1560.9817927200572,1571.4322509765625,8865304,0.0,0.0,INFY.NS,1009
2024-01-29 00:00:00+05:30,1567.7134372979071,1581.0824754834941,1551.1903330912653,1559.6636962890625,4253785,0.0,0.0,INFY.NS,1010
2024-01-30 00:00:00+05:30,1565.171396519599,1591.1093493392334,1551.8023580167996,1554.8150634765625,4995943,0.0,0.0,INFY.NS,1011
2024-01-31 00:00:00+05:30,1551.8023522623284,1569.6905638157846,1542.2462583680392,1563.712158203125,6763779,0.0,0.0,INFY.NS,1012
2024-02-01 00:00:00+05:30,1562.4412365507558,1578.8701012939357,1553.7795069313138,1560.0875244140625,5760011,0.0,0.0,INFY.NS,1013
2024-02-02 00:00:00+05:30,1568.5609589964831,1617.9417958851127,1567.5723538834523,1594.263427734375,7858483,0.0,0.0,INFY.NS,1014
2024-02-05 00:00:00+05:30,1595.581400903025,1601.2303098308423,1583.436223722749,1588.47314453125,3634135,0.0,0.0,INFY.NS,1015
2024-02-06 00:00:00+05:30,1588.0494991796102,1631.5931715300217,1575.9984476716934,1628.2508544921875,7694265,0.0,0.0,INFY.NS,1016
2024-02-07 00:00:00+05:30,1627.827356650715,1627.827356650715,1588.143745994436,1594.6400146484375,4613877,0.0,0.0,INFY.NS,1017
2024-02-08 00:00:00+05:30,1598.6412091518757,1606.50258433862,1584.3306859949523,1593.08642578125,5919715,0.0,0.0,INFY.NS,1018
2024-02-09 00:00:00+05:30,1586.1193710004457,1593.8396151923025,1562.676491800521,1571.6676025390625,4600004,0.0,0.0,INFY.NS,1019
2024-02-12 00:00:00+05:30,1572.6092188693096,1593.8867538003944,1572.6092188693096,1581.7886962890625,3555808,0.0,0.0,INFY.NS,1020
2024-02-13 00:00:00+05:30,1584.5190460262058,1590.2620807833139,1566.1600909474707,1585.9783935546875,2696481,0.0,0.0,INFY.NS,1021
2024-02-14 00:00:00+05:30,1563.0531172122069,1571.7618521594686,1539.7984871618103,1568.7020263671875,3768579,0.0,0.0,INFY.NS,1022
2024-02-15 00:00:00+05:30,1578.870044759722,1588.9910065851047,1564.3711555313787,1578.258056640625,4834391,0.0,0.0,INFY.NS,1023
2024-02-16 00:00:00+05:30,1590.1679521477781,1608.9976496273255,1589.1793470591608,1602.0777587890625,4880654,0.0,0.0,INFY.NS,1024
2024-02-19 00:00:00+05:30,1605.2316136506747,1611.3512649637125,1588.943880338882,1600.288818359375,3690993,0.0,0.0,INFY.NS,1025
2024-02-20 00:00:00+05:30,1586.401957891193,1595.1106926748687,1571.1028292171682,1586.6373291015625,3706389,0.0,0.0,INFY.NS,1026
2024-02-21 00:00:00+05:30,1576.045519089509,1576.045519089509,1549.0249519195443,1558.6751708984375,4300508,0.0,0.0,INFY.NS,1027
2024-02-22 00:00:00+05:30,1567.5722005233338,1586.0252797181995,1548.1776365233488,1582.9654541015625,5841277,0.0,0.0,INFY.NS,1028
2024-02-23 00:00:00+05:30,1597.6997014214783,1599.0648084069708,1574.0684559887509,1578.728759765625,5373072,0.0,0.0,INFY.NS,1029
2024-02-26 00:00:00+05:30,1576.939887241313,1576.939887241313,1548.7424640342401,1563.0059814453125,2782438,0.0,0.0,INFY.NS,1030
2024-02-27 00:00:00+05:30,1563.8063128021718,1573.315286661556,1556.0861831168934,1566.254150390625,5159088,0.0,0.0,INFY.NS,1031
2024-02-28 00:00:00+05:30,1572.2796869156693,1589.0381630824766,1564.7949283890164,1573.45654296875,3188916,0.0,0.0,INFY.NS,1032
2024-02-29 00:00:00+05:30,1567.5721783829442,1583.8127910418666,1556.5568522895687,1575.951416015625,7814722,0.0,0.0,INFY.NS,1033
2024-03-01 00:00:00+05:30,1571.3382798848747,1574.115614336737,1554.391551881323,1557.875,6387291,0.0,0.0,INFY.NS,1034
2024-03-04 00:00:00+05:30,1560.8407342180715,1567.0545116352562,1538.0568453792753,1541.3990478515625,4445156,0.0,0.0,INFY.NS,1035
2024-03-05 00:00:00+05:30,1538.386193843857,1541.5401450012134,1508.2586796437324,1512.495361328125,4596579,0.0,0.0,INFY.NS,1036
2024-03-06 00:00:00+05:30,1509.0119027331223,1525.3466412368123,1483.7800637991031,1522.8988037109375,6420684,0.0,0.0,INFY.NS,1037
2024-03-07 00:00:00+05:30,1522.004526976097,1533.1611004999932,1510.3300907656321,1521.86328125,6348359,0.0,0.0,INFY.NS,1038
2024-03-11 00:00:00+05:30,1514.0489306330928,1519.3683431830998,1495.0779873422402,1506.940673828125,6752895,0.0,0.0,INFY.NS,1039
2024-03-12 00:00:00+05:30,1506.375688833194,1529.9128089712128,1504.1632225256892,1518.56787109375,4614222,0.0,0.0,INFY.NS,1040
2024-03-13 00:00:00+05:30,1518.5208697901078,1529.4420705773052,1505.0105857809417,1517.108642578125,5688997,0.0,0.0,INFY.NS,1041
2024-03-14 00:00:00+05:30,1519.9331026141767,1560.746446205705,1513.9075768353332,1556.556884765625,8803799,0.0,0.0,INFY.NS,1042
2024-03-15 00:00:00+05:30,1545.0708724563005,1549.4959205173257,1523.6520906201538,1538.3863525390625,11809997,0.0,0.0,INFY.NS,1043
2024-03-18 00:00:00+05:30,1534.6201912131464,1537.1151488653109,1505.292917334249,1508.87060546875,4958904,0.0,0.0,INFY.NS,1044
2024-03-19 00:00:00+05:30,1499.173324716635,1505.4342217324486,1466.8333442521293,1470.0814208984375,6870411,0.0,0.0,INFY.NS,1045
2024-03-20 00:00:00+05:30,1471.540790852675,1482.7914886121835,1461.5139544170574,1463.9617919921875,4759059,0.0,0.0,INFY.NS,1046
2024-03-21 00:00:00+05:30,1472.4822954464403,1484.6744782005846,1453.087730653012,1463.7264404296875,11062497,0.0,0.0,INFY.NS,1047
2024-03-22 00:00:00+05:30,1431.9983895472183,1439.4361424981196,1410.5324900051585,1420.559326171875,14673890,0.0,0.0,INFY.NS,1048
2024-03-26 00:00:00+05:30,1404.6953849138222,1419.2412797585116,1400.8353200453062,1405.307373046875,8351081,0.0,0.0,INFY.NS,1049
2024-03-27 00:00:00+05:30,1408.4612802603947,1411.2857346994197,1394.8568706833632,1397.022216796875,6857402,0.0,0.0,INFY.NS,1050
2024-03-28 00:00:00+05:30,1400.129150066849,1423.3367734843898,1400.129150066849,1410.391357421875,12499530,0.0,0.0,INFY.NS,1051
2024-04-01 00:00:00+05:30,1435.7642804189727,1440.4245840795604,1405.4485166656525,1407.943359375,6580002,0.0,0.0,INFY.NS,1052
2024-04-02 00:00:00+05:30,1397.9637802788536,1405.7781506375063,1394.1978408148962,1396.080810546875,7279400,0.0,0.0,INFY.NS,1053
2024-04-03 00:00:00+05:30,1392.4561704804448,1407.6140544217724,1388.6902308713024,1394.0096435546875,8736248,0.0,0.0,INFY.NS,1054
2024-04-04 00:00:00+05:30,1403.3302528566012,1408.1318024819914,1382.0997240670574,1399.7054443359375,11186915,0.0,0.0,INFY.NS,1055
2024-04-05 00:00:00+05:30,1393.4447725803975,1399.7055552251502,1389.6788329794124,1392.55029296875,5072482,0.0,0.0,INFY.NS,1056
2024-04-08 00:00:00+05:30,1396.2220500141934,1403.706808694374,1387.8428117589144,1390.2906494140625,6610887,0.0,0.0,INFY.NS,1057
2024-04-09 00:00:00+05:30,1402.8124833871761,1425.2198696967855,1400.2705201600338,1407.378662109375,9423230,0.0,0.0,INFY.NS,1058
2024-04-10 00:00:00+05:30,1412.5568699403645,1421.5009766373323,1397.681477232349,1418.6295166015625,6744595,0.0,0.0,INFY.NS,1059
2024-04-12 00:00:00+05:30,1415.993212241118,1418.6294157880386,1392.926833451286,1397.86962890625,12275616,0.0,0.0,INFY.NS,1060
2024-04-15 00:00:00+05:30,1393.397662027,1404.6483606920185,1375.5565690145563,1382.2410888671875,8531224,0.0,0.0,INFY.NS,1061
2024-04-16 00:00:00+05:30,1366.0944202615754,1370.0016050968616,1330.3651187142993,1331.68310546875,16173541,0.0,0.0,INFY.NS,1062
2024-04-18 00:00:00+05:30,1337.9441165902024,1360.1631363842591,1325.1399454315383,1336.202392578125,22107945,0.0,0.0,INFY.NS,1063
2024-04-19 00:00:00+05:30,1303.9565542134908,1343.3576733174316,1298.072273734188,1328.6705322265625,20603621,0.0,0.0,INFY.NS,1064
2024-04-22 00:00:00+05:30,1336.814417739945,1352.7725406478596,1330.3652692316007,1348.9124755859375,5859087,0.0,0.0,INFY.NS,1065
2024-04-23 00:00:00+05:30,1358.5625485511725,1362.1872419980825,1349.147700674865,1357.9976806640625,4856174,0.0,0.0,INFY.NS,1066
2024-04-24 00:00:00+05:30,1359.7867075742051,1359.7867075742051,1343.546092803966,1347.029541015625,4268213,0.0,0.0,INFY.NS,1067
2024-04-25 00:00:00+05:30,1336.9085799448767,1360.3515773251563,1336.9085799448767,1354.2789306640625,9089398,0.0,0.0,INFY.NS,1068
2024-04-26 00:00:00+05:30,1355.4557017420498,1360.8222343797577,1343.4988900371166,1346.5587158203125,8062444,0.0,0.0,INFY.NS,1069
2024-04-29 00:00:00+05:30,1346.2762368329832,1355.549954695784,1344.6757585333085,1350.79541015625,5055957,0.0,0.0,INFY.NS,1070
2024-04-30 00:00:00+05:30,1350.7481874189334,1352.4900262289832,1334.601815150425,1337.42626953125,6936588,0.0,0.0,INFY.NS,1071
2024-05-02 00:00:00+05:30,1330.3179985042082,1340.6743311181829,1329.235268018188,1331.68310546875,10076354,0.0,0.0,INFY.NS,1072
2024-05-03 00:00:00+05:30,1338.8855920418562,1341.4276701119534,1321.0915052605797,1333.425048828125,8842345,0.0,0.0,INFY.NS,1073
2024-05-06 00:00:00+05:30,1336.9084732924218,1361.1045877183944,1334.1781442699464,1342.4632568359375,6445422,0.0,0.0,INFY.NS,1074
2024-05-07 00:00:00+05:30,1341.568810540377,1358.892155017695,1332.7659500503705,1356.632568359375,6080661,0.0,0.0,INFY.NS,1075
2024-05-08 00:00:00+05:30,1351.2661306551702,1355.5028124792066,1342.1807788692665,1343.7813720703125,6234983,0.0,0.0,INFY.NS,1076
2024-05-09 00:00:00+05:30,1344.0166358308118,1365.1058028380908,1341.474557983215,1355.314453125,6088406,0.0,0.0,INFY.NS,1077
2024-05-10 00:00:00+05:30,1351.0779452607514,1351.925189724819,1330.3181573439954,1341.5218505859375,8777481,0.0,0.0,INFY.NS,1078
2024-05-13 00:00:00+05:30,1341.6159637564915,1341.6159637564915,1328.623426347066,1340.1566162109375,3735954,0.0,0.0,INFY.NS,1079
2024-05-14 00:00:00+05:30,1342.9339671701941,1349.8538575959403,1335.0725919265954,1341.3333740234375,3463230,0.0,0.0,INFY.NS,1080
2024-05-15 00:00:00+05:30,1342.5573572737128,1348.0180152167325,1335.5433413149956,1336.861328125,4327544,0.0,0.0,INFY.NS,1081
2024-05-16 00:00:00+05:30,1350.0421774524657,1370.566593499511,1343.4989036055658,1368.3070068359375,9249145,0.0,0.0,INFY.NS,1082
2024-05-17 00:00:00+05:30,1371.7434327729238,1371.7434327729238,1355.0320766083944,1359.78662109375,7542860,0.0,0.0,INFY.NS,1083
2024-05-21 00:00:00+05:30,1346.323283787107,1360.1630645795747,1344.8169310704366,1350.23046875,6752663,0.0,0.0,INFY.NS,1084
2024-05-22 00:00:00+05:30,1345.1463943780532,1374.52067386965,1344.4402807852039,1369.672119140625,7173285,0.0,0.0,INFY.NS,1085
2024-05-23 00:00:00+05:30,1369.5780794505797,1391.6559699792333,1365.1531462577914,1386.242431640625,8641428,0.0,0.0,INFY.NS,1086
2024-05-24 00:00:00+05:30,1382.3350849297278,1389.1608498646779,1374.5678351761637,1379.369384765625,5277938,0.0,0.0,INFY.NS,1087
2024-05-27 00:00:00+05:30,1385.7244045177397,1393.0209118473929,1374.8032036291474,1385.253662109375,5821844,0.0,0.0,INFY.NS,1088
2024-05-28 00:00:00+05:30,1389.1608228573064,1389.6315652574615,1374.8502998635329,1381.205322265625,6186922,0.0,0.0,INFY.NS,1089
2024-05-29 00:00:00+05:30,1379.6518879829935,1379.7460134801906,1365.1529986668554,1366.04736328125,7401634,0.0,0.0,INFY.NS,1090
2024-05-30 00:00:00+05:30,1358.3743695494225,1365.011768697552,1338.3678167520543,1343.9224853515625,9663150,0.0,0.0,INFY.NS,1091
2024-05-31 00:00:00+05:30,1353.8619835736356,1379.742614221291,1344.4507812144127,1351.0770263671875,37113815,28.0,0.0,INFY.NS,1092
2024-06-03 00:00:00+05:30,1382.8637804217421,1382.8637804217421,1348.2921859111987,1350.1168212890625,10589244,0.0,0.0,INFY.NS,1093
2024-06-04 00:00:00+05:30,1353.0937025068624,1358.8556345260542,1304.4533695994908,1338.352783203125,13736134,0.0,0.0,INFY.NS,1094
2024-06-05 00:00:00+05:30,1344.594729280313,1380.9428896837226,1344.594729280313,1373.3563232421875,9233424,0.0,0.0,INFY.NS,1095
2024-06-06 00:00:00+05:30,1387.6171483700416,1415.8026912541518,1380.4627967662166,1413.833984375,12660930,0.0,0.0,INFY.NS,1096
2024-06-07 00:00:00+05:30,1422.2368434730788,1478.607696455328,1418.6356360706318,1472.749755859375,24075302,0.0,0.0,INFY.NS,1097
2024-06-10 00:00:00+05:30,1464.7790697698574,1469.1005184048513,1437.8900560410068,1440.2427978515625,6810606,0.0,0.0,INFY.NS,1098
2024-06-11 00:00:00+05:30,1440.530920339611,1446.6768867495505,1434.67286293827,1436.4014892578125,4853054,0.0,0.0,INFY.NS,1099
2024-06-12 00:00:00+05:30,1447.205207418443,1448.8857708643502,1423.9173996680136,1426.2701416015625,9564320,0.0,0.0,INFY.NS,1100
2024-06-13 00:00:00+05:30,1435.6813586014816,1445.2845783914581,1430.2555159747842,1434.6729736328125,7307565,0.0,0.0,INFY.NS,1101
2024-06-14 00:00:00+05:30,1444.0360586769375,1444.0360586769375,1427.0864701658527,1429.8233642578125,4237727,0.0,0.0,INFY.NS,1102
2024-06-18 00:00:00+05:30,1437.6020550051355,1447.2052751454503,1436.0655632280468,1438.75439453125,5420939,0.0,0.0,INFY.NS,1103
2024-06-19 00:00:00+05:30,1445.2844258115615,1455.5118772535266,1437.313707336635,1451.3824462890625,5493456,0.0,0.0,INFY.NS,1104
2024-06-20 00:00:00+05:30,1456.1361637531038,1457.2885031581282,1439.618556511379,1455.2718505859375,7927010,0.0,0.0,INFY.NS,1105
2024-06-21 00:00:00+05:30,1483.697382612351,1495.9414872261423,1463.2424786021215,1471.8853759765625,17301941,0.0,0.0,INFY.NS,1106
2024-06-24 00:00:00+05:30,1464.0589723434641,1468.4283671681217,1455.2720024759499,1466.5557861328125,5564989,0.0,0.0,INFY.NS,1107
2024-06-25 00:00:00+05:30,1465.4513439015984,1482.6411308173647,1460.0255012602715,1480.7684326171875,4551525,0.0,0.0,INFY.NS,1108
2024-06-26 00:00:00+05:30,1479.8561366420593,1487.3946405637594,1474.0942048965353,1479.5679931640625,4851004,0.0,0.0,INFY.NS,1109
2024-06-27 00:00:00+05:30,1477.4072265440695,1515.7721579895247,1471.2612599725667,1510.9224853515625,14757754,0.0,0.0,INFY.NS,1110
2024-06-28 00:00:00+05:30,1510.15438706981,1525.4714758668922,1502.1836676895095,1504.58447265625,8197544,0.0,0.0,INFY.NS,1111
2024-07-01 00:00:00+05:30,1497.6220524294586,1536.4190819140294,1497.6220524294586,1527.68017578125,6801771,0.0,0.0,INFY.NS,1112
2024-07-02 00:00:00+05:30,1532.86588566981,1568.9740856185726,1523.550809426941,1556.72998046875,10493173,0.0,0.0,INFY.NS,1113
2024-07-03 00:00:00+05:30,1560.5232067482063,1571.086748455425,1542.2770892539197,1562.8280029296875,7269965,0.0,0.0,INFY.NS,1114
2024-07-04 00:00:00+05:30,1563.5960981382616,1594.13438198508,1563.4040806456085,1585.1553955078125,8008311,0.0,0.0,INFY.NS,1115
2024-07-05 00:00:00+05:30,1585.9236853770542,1599.7523453204356,1568.5418810019864,1582.0823974609375,7065022,0.0,0.0,INFY.NS,1116
2024-07-08 00:00:00+05:30,1577.904975049744,1599.8963711842514,1574.9280004454815,1595.718994140625,5880533,0.0,0.0,INFY.NS,1117
2024-07-09 00:00:00+05:30,1594.0383461640054,1600.6165277373964,1585.4914578037747,1591.3974609375,5191182,0.0,0.0,INFY.NS,1118
2024-07-10 00:00:00+05:30,1591.2535253565572,1607.5789990626897,1572.575309683498,1582.8507080078125,9852770,0.0,0.0,INFY.NS,1119
2024-07-11 00:00:00+05:30,1590.2931327303997,1598.9360301908912,1576.896688557358,1587.1240234375,8857679,0.0,0.0,INFY.NS,1120
2024-07-12 00:00:00+05:30,1613.340833576749,1651.5136300854847,1600.520559326722,1643.8310546875,17078316,0.0,0.0,INFY.NS,1121
2024-07-15 00:00:00+05:30,1657.7076984616265,1659.4363248574064,1635.092186939841,1639.317626953125,6942230,0.0,0.0,INFY.NS,1122
2024-07-16 00:00:00+05:30,1650.4092519603355,1668.943512173137,1632.547287437264,1657.563720703125,6886281,0.0,0.0,INFY.NS,1123
2024-07-18 00:00:00+05:30,1650.7934479826547,1695.3524103380762,1650.7934479826547,1688.2940673828125,11248896,0.0,0.0,INFY.NS,1124
2024-07-19 00:00:00+05:30,1770.8338123915516,1770.8338123915516,1715.5672330153973,1721.809326171875,29819116,0.0,0.0,INFY.NS,1125
2024-07-22 00:00:00+05:30,1728.7237465538792,1750.6670817580903,1721.809357518583,1738.9991455078125,8462126,0.0,0.0,INFY.NS,1126
2024-07-23 00:00:00+05:30,1738.1826974355533,1766.9442924167647,1712.494085746934,1764.015380859375,7113056,0.0,0.0,INFY.NS,1127
2024-07-24 00:00:00+05:30,1764.5915628208677,1769.249100779416,1747.4017766683005,1761.182373046875,6002845,0.0,0.0,INFY.NS,1128
2024-07-25 00:00:00+05:30,1747.7859434479678,1758.2534761150766,1740.1033678723722,1752.4434814453125,5815599,0.0,0.0,INFY.NS,1129
2024-07-26 00:00:00+05:30,1752.923709894062,1808.2862957121283,1752.923709894062,1804.3489990234375,11369047,0.0,0.0,INFY.NS,1130
2024-07-29 00:00:00+05:30,1818.465766106095,1827.492816601406,1790.0402575643832,1796.8585205078125,4635931,0.0,0.0,INFY.NS,1131
2024-07-30 00:00:00+05:30,1796.8583403917328,1805.3571660297775,1786.1987904104494,1802.6683349609375,2721265,0.0,0.0,INFY.NS,1132
2024-07-31 00:00:00+05:30,1802.524399557156,1810.3510473266465,1791.0485985124988,1794.12158203125,5004209,0.0,0.0,INFY.NS,1133
2024-08-01 00:00:00+05:30,1782.453656326238,1793.7855029159562,1771.8901142339544,1779.092529296875,7475014,0.0,0.0,INFY.NS,1134
2024-08-02 00:00:00+05:30,1769.8732971519382,1785.7186088193323,1744.0886770658112,1748.938232421875,7400938,0.0,0.0,INFY.NS,1135
2024-08-05 00:00:00+05:30,1714.1266318965754,1726.1787193591779,1650.3613476722035,1682.3880615234375,10736703,0.0,0.0,INFY.NS,1136
2024-08-06 00:00:00+05:30,1690.3587800212945,1725.6506144088735,1675.617860395926,1681.619873046875,7690163,0.0,0.0,INFY.NS,1137
2024-08-07 00:00:00+05:30,1724.7381679213,1726.5628030142375,1692.183231395466,1720.560791015625,5094329,0.0,0.0,INFY.NS,1138
2024-08-08 00:00:00+05:30,1709.3251315403352,1709.3251315403352,1658.572136260406,1673.9853515625,6227910,0.0,0.0,INFY.NS,1139
2024-08-09 00:00:00+05:30,1700.9702732851492,1710.0933319139192,1686.325363381071,1700.4901123046875,4258524,0.0,0.0,INFY.NS,1140
2024-08-12 00:00:00+05:30,1702.6988263064616,1731.9405818653124,1697.9451624687292,1726.0826416015625,4315329,0.0,0.0,INFY.NS,1141
2024-08-13 00:00:00+05:30,1738.1828253323833,1738.1828253323833,1718.064126261386,1726.1307373046875,4176918,0.0,0.0,INFY.NS,1142
2024-08-14 00:00:00+05:30,1730.5001411349067,1752.5875458219782,1726.1306294039184,1750.906982421875,7450718,0.0,0.0,INFY.NS,1143
2024-08-16 00:00:00+05:30,1776.5955951852964,1787.9753867685558,1756.9089953467567,1785.1904296875,7335657,0.0,0.0,INFY.NS,1144
2024-08-19 00:00:00+05:30,1786.1988792940135,1793.449357119504,1775.8273550396493,1790.8084716796875,2585989,0.0,0.0,INFY.NS,1145
2024-08-20 00:00:00+05:30,1805.405353385153,1810.8791418743747,1794.0735069359491,1797.914794921875,3870333,0.0,0.0,INFY.NS,1146
2024-08-21 00:00:00+05:30,1800.6996936229339,1804.4449727328276,1793.0171179008144,1798.3948974609375,1966902,0.0,0.0,INFY.NS,1147
2024-08-22 00:00:00+05:30,1809.2464708192063,1818.5136006570308,1795.5138206733318,1805.645263671875,4300287,0.0,0.0,INFY.NS,1148
2024-08-23 00:00:00+05:30,1803.67661383031,1807.9020537953018,1783.3178356718943,1788.2154541015625,5015935,0.0,0.0,INFY.NS,1149
2024-08-26 00:00:00+05:30,1795.8020045127269,1813.8080406542315,1790.0400729474454,1801.7080078125,3728589,0.0,0.0,INFY.NS,1150
2024-08-27 00:00:00+05:30,1801.7079786991785,1827.2525181137994,1799.5472543971127,1824.7076416015625,3830679,0.0,0.0,INFY.NS,1151
2024-08-28 00:00:00+05:30,1831.2379582795415,1873.588133022963,1822.1148997127973,1862.1602783203125,6514531,0.0,0.0,INFY.NS,1152
2024-08-29 00:00:00+05:30,1856.3023384955793,1873.1079727033768,1844.6824662886909,1856.638427734375,7228284,0.0,0.0,INFY.NS,1153
2024-08-30 00:00:00+05:30,1861.1039704725115,1872.6278340667684,1851.5007508106305,1866.5777587890625,13466759,0.0,0.0,INFY.NS,1154
2024-09-02 00:00:00+05:30,1866.241657337013,1897.3561122833119,1865.713550595146,1886.552490234375,5573739,0.0,0.0,INFY.NS,1155
2024-09-03 00:00:00+05:30,1888.95326566776,1888.95326566776,1859.6153833595768,1864.2249755859375,4694322,0.0,0.0,INFY.NS,1156
2024-09-04 00:00:00+05:30,1844.8744872415468,1850.7324277310104,1824.6597803927025,1846.1708984375,4778310,0.0,0.0,INFY.NS,1157
2024-09-05 00:00:00+05:30,1849.8201661965988,1863.0245930805459,1833.8307821972226,1856.4464111328125,4081810,0.0,0.0,INFY.NS,1158
2024-09-06 00:00:00+05:30,1845.7386933402568,1859.6633609018768,1821.586574089743,1826.38818359375,5848106,0.0,0.0,INFY.NS,1159
2024-09-09 00:00:00+05:30,1815.0084785277315,1844.634387126065,1814.0481565814205,1819.4739990234375,4772612,0.0,0.0,INFY.NS,1160
2024-09-10 00:00:00+05:30,1829.317300201853,1858.2229673598686,1820.7704114285846,1836.4237060546875,6909600,0.0,0.0,INFY.NS,1161
2024-09-11 00:00:00+05:30,1838.7284033553788,1849.5800883553493,1829.4133272673625,1834.3590087890625,5312946,0.0,0.0,INFY.NS,1162
2024-09-12 00:00:00+05:30,1848.6197893164426,1878.773922571952,1834.9832642548035,1873.0599365234375,8555092,0.0,0.0,INFY.NS,1163
2024-09-13 00:00:00+05:30,1873.0599351123685,1880.886582594913,1858.8472403257115,1866.9619140625,3843127,0.0,0.0,INFY.NS,1164
2024-09-16 00:00:00+05:30,1868.5464710616527,1874.548483367517,1856.3504289468578,1872.867919921875,1570181,0.0,0.0,INFY.NS,1165
2024-09-17 00:00:00+05:30,1870.467067930622,1880.7424658489679,1865.0892884852562,1875.07666015625,2793127,0.0,0.0,INFY.NS,1166
2024-09-18 00:00:00+05:30,1861.824097546446,1861.824097546446,1806.6536508696367,1817.0731201171875,6385468,0.0,0.0,INFY.NS,1167
2024-09-19 00:00:00+05:30,1834.7911742292838,1848.5238256038056,1804.253005223771,1819.0418701171875,7976570,0.0,0.0,INFY.NS,1168
2024-09-20 00:00:00+05:30,1829.4134254860905,1839.0166455673825,1793.305341425795,1830.1336669921875,15242974,0.0,0.0,INFY.NS,1169
2024-09-23 00:00:00+05:30,1833.2546020080952,1842.761812755645,1803.9167195535472,1821.2025146484375,3636672,0.0,0.0,INFY.NS,1170
2024-09-24 00:00:00+05:30,1813.0878227950013,1835.0792186672709,1797.1465020357018,1823.2672119140625,7277616,0.0,0.0,INFY.NS,1171
2024-09-25 00:00:00+05:30,1811.5033146813457,1826.1482246431408,1802.3323102544668,1820.0982666015625,4268341,0.0,0.0,INFY.NS,1172
2024-09-26 00:00:00+05:30,1822.499064726573,1841.8494584619364,1817.8894724224197,1824.851806640625,8952803,0.0,0.0,INFY.NS,1173
2024-09-27 00:00:00+05:30,1855.4380099764576,1896.2516927156676,1827.7808082445556,1831.0938720703125,14908931,0.0,0.0,INFY.NS,1174
2024-09-30 00:00:00+05:30,1805.40537191387,1825.8122145485347,1796.282312853667,1801.179931640625,6986955,0.0,0.0,INFY.NS,1175
2024-10-01 00:00:00+05:30,1800.6036370139677,1833.2065199774477,1800.6036370139677,1828.7890625,4029072,0.0,0.0,INFY.NS,1176
2024-10-03 00:00:00+05:30,1814.528280610594,1835.9914522282918,1806.3655442331449,1818.2735595703125,7503887,0.0,0.0,INFY.NS,1177
2024-10-04 00:00:00+05:30,1814.5763205944831,1876.565029844856,1811.1671309069884,1842.04150390625,10001483,0.0,0.0,INFY.NS,1178
2024-10-07 00:00:00+05:30,1846.8912352709824,1864.9453358766805,1840.025026708701,1857.5509033203125,6112575,0.0,0.0,INFY.NS,1179
2024-10-08 00:00:00+05:30,1861.007899519078,1880.2622839615105,1830.7096956078074,1871.2353515625,5637391,0.0,0.0,INFY.NS,1180
2024-10-09 00:00:00+05:30,1875.07665925967,1898.5564839074102,1867.9221904384558,1875.2686767578125,4857163,0.0,0.0,INFY.NS,1181
2024-10-10 00:00:00+05:30,1880.2143346978125,1886.07227503949,1838.1521871723023,1842.8577880859375,4782119,0.0,0.0,INFY.NS,1182
2024-10-11 00:00:00+05:30,1841.8974879353766,1869.7468243014484,1834.3109211351211,1858.3189697265625,4709431,0.0,0.0,INFY.NS,1183
2024-10-14 00:00:00+05:30,1855.486190976628,1891.3541945256989,1854.4778059776277,1881.1748046875,3751378,0.0,0.0,INFY.NS,1184
2024-10-15 00:00:00+05:30,1882.2310163628915,1912.433094709219,1874.3083602991192,1881.558837890625,5353705,0.0,0.0,INFY.NS,1185
2024-10-16 00:00:00+05:30,1877.42944464905,1881.7989564876755,1840.312977195666,1843.9141845703125,3111512,0.0,0.0,INFY.NS,1186
2024-10-17 00:00:00+05:30,1858.415027332384,1899.516854492198,1853.5654717255002,1890.0096435546875,8162822,0.0,0.0,INFY.NS,1187
2024-10-18 00:00:00+05:30,1818.6577602233042,1859.9995499352583,1795.0818094027522,1805.0211181640625,10526196,0.0,0.0,INFY.NS,1188
2024-10-21 00:00:00+05:30,1816.0647726492866,1823.4593218230411,1765.071701772492,1779.2364501953125,4654601,0.0,0.0,INFY.NS,1189
2024-10-22 00:00:00+05:30,1784.4701814346959,1803.2925852339904,1773.666559613223,1778.132080078125,4125240,0.0,0.0,INFY.NS,1190
2024-10-23 00:00:00+05:30,1772.034052723245,1811.1671716222952,1770.8336503030287,1799.067138671875,4311910,0.0,0.0,INFY.NS,1191
2024-10-24 00:00:00+05:30,1787.5433126309072,1809.2465653946333,1786.198838446931,1789.4158935546875,2906475,0.0,0.0,INFY.NS,1192
2024-10-25 00:00:00+05:30,1789.5118373771484,1801.9000136074258,1773.138418954866,1788.16748046875,4689120,0.0,0.0,INFY.NS,1193
2024-10-28 00:00:00+05:30,1785.9107053224764,1807.2299232087717,1783.3178829165497,1791.3365478515625,7018940,0.0,0.0,INFY.NS,1194
2024-10-29 00:00:00+05:30,1792.9391324904534,1798.378144066303,1776.4277753656768,1786.4317626953125,4621252,21.0,0.0,INFY.NS,1195
2024-10-30 00:00:00+05:30,1779.3414895531696,1786.1402834543007,1744.716179758669,1750.3009033203125,5919715,0.0,0.0,INFY.NS,1196
2024-10-31 00:00:00+05:30,1736.5091412479787,1736.5091412479787,1696.2991072073619,1706.7401123046875,7395236,0.0,0.0,INFY.NS,1197
2024-11-01 00:00:00+05:30,1713.7816813488193,1715.2385657478123,1701.6895882617994,1710.236572265625,371966,0.0,0.0,INFY.NS,1198
2024-11-04 00:00:00+05:30,1674.9315887150042,1716.2099839138373,1668.6184223904768,1712.956298828125,7336722,0.0,0.0,INFY.NS,1199
2024-11-05 00:00:00+05:30,1709.4111662537578,1717.6182349398387,1694.8423210868225,1703.77783203125,3160880,0.0,0.0,INFY.NS,1200
2024-11-06 00:00:00+05:30,1713.296076841982,1774.6794262747362,1711.9849045771186,1771.280029296875,10421494,0.0,0.0,INFY.NS,1201
2024-11-07 00:00:00+05:30,1760.8390975998175,1773.22261567757,1735.6350435250165,1751.2237548828125,4550965,0.0,0.0,INFY.NS,1202
2024-11-08 00:00:00+05:30,1765.7438769390867,1787.6942446562714,1761.0333078003775,1777.350341796875,4210960,0.0,0.0,INFY.NS,1203
2024-11-11 00:00:00+05:30,1776.427742360696,1814.306737413767,1770.163186757311,1806.6337890625,3804234,0.0,0.0,INFY.NS,1204
2024-11-12 00:00:00+05:30,1817.3176807087516,1826.9331420105937,1807.5080155670998,1815.0838623046875,5012450,0.0,0.0,INFY.NS,1205
2024-11-13 00:00:00+05:30,1807.605094015565,1819.3572716489662,1802.943134866599,1814.6953125,4257495,0.0,0.0,INFY.NS,1206
2024-11-14 00:00:00+05:30,1811.9758027067253,1822.0768923467604,1802.6517655626797,1810.9560546875,4311431,0.0,0.0,INFY.NS,1207
2024-11-18 00:00:00+05:30,1796.047127993138,1796.047127993138,1743.4050832115965,1759.3822021484375,4839244,0.0,0.0,INFY.NS,1208
2024-11-19 00:00:00+05:30,1773.0284911005574,1806.2454112988496,1768.2208195271305,1772.300048828125,4669769,0.0,0.0,INFY.NS,1209
2024-11-21 00:00:00+05:30,1789.0540816629436,1813.3354888516371,1768.26917339711,1781.3326416015625,5436504,0.0,0.0,INFY.NS,1210
2024-11-22 00:00:00+05:30,1800.80625185363,1859.0331371970146,1781.2840242640295,1847.572265625,6301486,0.0,0.0,INFY.NS,1211
2024-11-25 00:00:00+05:30,1860.9270220152914,1864.1322151458903,1827.9043086809907,1835.3829345703125,12764638,0.0,0.0,INFY.NS,1212
2024-11-26 00:00:00+05:30,1850.1947027907097,1882.8775020849253,1842.764686697864,1868.8428955078125,6850495,0.0,0.0,INFY.NS,1213
2024-11-27 00:00:00+05:30,1874.6218732216507,1885.5971174937745,1856.799342761259,1869.182861328125,4447143,0.0,0.0,INFY.NS,1214
2024-11-28 00:00:00+05:30,1859.8586361338635,1859.8586361338635,1798.4266776839897,1803.282958984375,8468790,0.0,0.0,INFY.NS,1215
2024-11-29 00:00:00+05:30,1797.8925063282472,1823.0480681141644,1791.9678666332622,1804.448486328125,5244346,0.0,0.0,INFY.NS,1216
2024-12-02 00:00:00+05:30,1805.5655210664468,1828.6814691911163,1782.4495729417774,1825.7677001953125,2868263,0.0,0.0,INFY.NS,1217
2024-12-03 00:00:00+05:30,1832.7607276683614,1845.1442460985531,1817.3663382733384,1837.714111328125,4715792,0.0,0.0,INFY.NS,1218
2024-12-04 00:00:00+05:30,1829.8469491241563,1858.9360291550868,1821.105642042353,1834.946044921875,4705573,0.0,0.0,INFY.NS,1219
2024-12-05 00:00:00+05:30,1845.386971128795,1893.8526842407528,1834.654541582606,1879.2352294921875,9050038,0.0,0.0,INFY.NS,1220
2024-12-06 00:00:00+05:30,1877.2442779990854,1882.2461532385446,1857.4306251975142,1867.1431884765625,3573331,0.0,0.0,INFY.NS,1221
2024-12-09 00:00:00+05:30,1868.8914196597946,1874.7189577548504,1842.667498232043,1868.3572998046875,4274645,0.0,0.0,INFY.NS,1222
2024-12-10 00:00:00+05:30,1883.2659588503623,1909.101352624084,1876.4671647750902,1892.54150390625,6174921,0.0,0.0,INFY.NS,1223
2024-12-11 00:00:00+05:30,1898.806057875605,1921.1449526741415,1895.8922889888395,1917.4056396484375,5025612,0.0,0.0,INFY.NS,1224
2024-12-12 00:00:00+05:30,1918.4254802729865,1941.3472248051385,1913.9092331296335,1929.8863525390625,6462130,0.0,0.0,INFY.NS,1225
2024-12-13 00:00:00+05:30,1913.132112410419,1948.7771714843159,1897.6406217246506,1942.22119140625,5362693,0.0,0.0,INFY.NS,1226
2024-12-16 00:00:00+05:30,1938.0933607570853,1942.1240981650324,1920.7564592966078,1923.1361083984375,3119221,0.0,0.0,INFY.NS,1227
2024-12-17 00:00:00+05:30,1911.432375880719,1925.029963920521,1901.7198129951464,1919.78515625,5811050,0.0,0.0,INFY.NS,1228
2024-12-18 00:00:00+05:30,1910.2669710918078,1927.8951783904936,1905.216367108079,1922.261962890625,3064095,0.0,0.0,INFY.NS,1229
2024-12-19 00:00:00+05:30,1878.4096320265542,1903.4194810568974,1864.8120442042316,1890.2589111328125,5323592,0.0,0.0,INFY.NS,1230
2024-12-20 00:00:00+05:30,1918.3769764514818,1923.038935729017,1856.313672846486,1866.900390625,11056720,0.0,0.0,INFY.NS,1231
2024-12-23 00:00:00+05:30,1874.5732490554924,1884.2372017118134,1854.1282567360063,1868.988525390625,2781793,0.0,0.0,INFY.NS,1232
2024-12-24 00:00:00+05:30,1871.6594932162752,1886.1797274213886,1787.111585198432,1854.1768798828125,2360544,0.0,0.0,INFY.NS,1233
2024-12-26 00:00:00+05:30,1854.1769374712999,1864.5693327398988,1847.6209572676305,1852.5743408203125,3623321,0.0,0.0,INFY.NS,1234
2024-12-27 00:00:00+05:30,1854.5168074679777,1868.8428379280153,1849.1748978049127,1861.655517578125,3937500,0.0,0.0,INFY.NS,1235
2024-12-30 00:00:00+05:30,1860.6357387619842,1860.9271630910612,1832.2751008200871,1851.214599609375,7789055,0.0,0.0,INFY.NS,1236
2024-12-31 00:00:00+05:30,1837.9082915665463,1842.473148621904,1792.0164326986576,1825.9617919921875,3613063,0.0,0.0,INFY.NS,1237
2025-01-01 00:00:00+05:30,1820.134214444306,1838.5394729768454,1820.134214444306,1828.389892578125,1838368,0.0,0.0,INFY.NS,1238
2025-01-02 00:00:00+05:30,1832.760612498252,1906.236174279187,1831.10952423594,1901.5740966796875,7083645,0.0,0.0,INFY.NS,1239
2025-01-03 00:00:00+05:30,1896.8148627360356,1896.8148627360356,1866.754528958132,1883.0230712890625,6218003,0.0,0.0,INFY.NS,1240
2025-01-06 00:00:00+05:30,1895.8923485784164,1916.288731426852,1872.5821967516326,1882.1490478515625,7164403,0.0,0.0,INFY.NS,1241
2025-01-07 00:00:00+05:30,1889.0935202054077,1902.2540906114118,1868.357221729347,1875.3502197265625,4294832,0.0,0.0,INFY.NS,1242
2025-01-08 00:00:00+05:30,1874.5246254427705,1882.8774057609294,1834.460303784991,1877.5841064453125,5482050,0.0,0.0,INFY.NS,1243
2025-01-09 00:00:00+05:30,1878.4583629543145,1895.74665458795,1855.6338390718154,1862.1898193359375,6833503,0.0,0.0,INFY.NS,1244
2025-01-10 00:00:00+05:30,1881.3233976824297,1920.9507009797642,1876.709930393327,1910.4124755859375,8036913,0.0,0.0,INFY.NS,1245
2025-01-13 00:00:00+05:30,1899.7773306055078,1925.8070469770787,1892.9785364775742,1905.799072265625,5804152,0.0,0.0,INFY.NS,1246
2025-01-14 00:00:00+05:30,1912.2579998126723,1915.1232771204202,1875.5930733895989,1884.285888671875,5792162,0.0,0.0,INFY.NS,1247
2025-01-15 00:00:00+05:30,1891.036010381721,1901.7684398888914,1881.420549328485,1893.60986328125,2985439,0.0,0.0,INFY.NS,1248
2025-01-16 00:00:00+05:30,1909.4412763032324,1910.41253260361,1861.7526156669912,1873.0191650390625,7533579,0.0,0.0,INFY.NS,1249
2025-01-17 00:00:00+05:30,1797.7954209897873,1804.5942151264314,1759.9164250856263,1763.2672119140625,16409953,0.0,0.0,INFY.NS,1250
2025-01-20 00:00:00+05:30,1770.5516054927243,1775.407886940151,1741.6082392029957,1761.1790771484375,4333011,0.0,0.0,INFY.NS,1251
2025-01-21 00:00:00+05:30,1766.7638099629812,1779.0016155615642,1741.5111463055791,1748.941162109375,7169109,0.0,0.0,INFY.NS,1252
2025-01-22 00:00:00+05:30,1755.448693830049,1812.1700865447272,1753.2633671133483,1803.0887451171875,8373913,0.0,0.0,INFY.NS,1253
2025-01-23 00:00:00+05:30,1804.5941442893445,1825.5247642701754,1799.446438649042,1811.8299560546875,5907471,0.0,0.0,INFY.NS,1254
2025-01-24 00:00:00+05:30,1811.8786496612856,1840.4336089404926,1810.6645792715367,1821.5426025390625,4887027,0.0,0.0,INFY.NS,1255
2025-01-27 00:00:00+05:30,1795.6100112127813,1809.4504129219265,1759.9163436470913,1769.62890625,7652371,0.0,0.0,INFY.NS,1256
2025-01-28 00:00:00+05:30,1777.3990640797924,1809.9361507719634,1772.4456805643415,1777.15625,6999495,0.0,0.0,INFY.NS,1257
2025-01-29 00:00:00+05:30,1791.9678626583263,1834.36322360914,1787.5972093347696,1827.1759033203125,5145155,0.0,0.0,INFY.NS,1258
2025-01-30 00:00:00+05:30,1819.3088138415467,1832.9548941080284,1790.9966681783667,1806.4881591796875,7336056,0.0,0.0,INFY.NS,1259
2025-01-31 00:00:00+05:30,1817.2205970496623,1842.910279604707,1817.2205970496623,1825.7677001953125,5820470,0.0,0.0,INFY.NS,1260
2025-02-01 00:00:00+05:30,1826.2533177597818,1836.2571867836969,1792.9391783431893,1798.1353759765625,1701402,0.0,0.0,INFY.NS,1261
2025-02-03 00:00:00+05:30,1783.2265984737837,1822.6110895629577,1779.7300994439906,1809.741943359375,4823228,0.0,0.0,INFY.NS,1262
2025-02-04 00:00:00+05:30,1834.703198206104,1856.2650411997822,1821.1056096540206,1844.2215576171875,7334787,0.0,0.0,INFY.NS,1263
2025-02-05 00:00:00+05:30,1851.2145472314708,1864.5207114002724,1839.8508957040453,1842.5218505859375,4996744,0.0,0.0,INFY.NS,1264
2025-02-06 00:00:00+05:30,1861.898330498206,1868.6971246106148,1845.3869733680706,1860.587158203125,4765255,0.0,0.0,INFY.NS,1265
2025-02-07 00:00:00+05:30,1864.13231412214,1868.405747107761,1835.14021793859,1848.93212890625,4126260,0.0,0.0,INFY.NS,1266
2025-02-10 00:00:00+05:30,1850.2432794461592,1850.2432794461592,1824.6020890265615,1826.2532958984375,3828734,0.0,0.0,INFY.NS,1267
2025-02-11 00:00:00+05:30,1828.9727506286142,1848.3007750893653,1816.249316561804,1821.7369384765625,4411601,0.0,0.0,INFY.NS,1268
2025-02-12 00:00:00+05:30,1830.8181177592105,1840.142154487476,1793.9103785152583,1809.59619140625,5633947,0.0,0.0,INFY.NS,1269
2025-02-13 00:00:00+05:30,1814.7924102365155,1819.6486917731397,1782.8866642532057,1790.2681884765625,5237744,0.0,0.0,INFY.NS,1270
2025-02-14 00:00:00+05:30,1800.709122375355,1805.8568280246752,1775.796375368045,1803.0401611328125,5292961,0.0,0.0,INFY.NS,1271
2025-02-17 00:00:00+05:30,1785.7033698235564,1799.495162260814,1769.7747423270973,1789.3455810546875,4428956,0.0,0.0,INFY.NS,1272
2025-02-18 00:00:00+05:30,1789.3456107739096,1808.1393973263787,1784.780634818134,1798.7181396484375,4365260,0.0,0.0,INFY.NS,1273
2025-02-19 00:00:00+05:30,1794.2989338566194,1796.0471240806544,1753.9917969230971,1758.7509765625,4611411,0.0,0.0,INFY.NS,1274
2025-02-20 00:00:00+05:30,1753.6518766132701,1778.3703022593725,1753.6518766132701,1772.6884765625,2218020,0.0,0.0,INFY.NS,1275
2025-02-21 00:00:00+05:30,1769.4347905187403,1777.2533326664163,1754.2830972545896,1762.8302001953125,3379879,0.0,0.0,INFY.NS,1276
2025-02-24 00:00:00+05:30,1748.309923055587,1756.0313630959042,1699.9413126430345,1713.3931884765625,7594720,0.0,0.0,INFY.NS,1277
2025-02-25 00:00:00+05:30,1694.987890846883,1727.3306532632726,1694.987890846883,1716.8896484375,5092963,0.0,0.0,INFY.NS,1278
2025-02-27 00:00:00+05:30,1704.748997302386,1724.8054634563641,1700.7668702151418,1713.5875244140625,5757079,0.0,0.0,INFY.NS,1279
2025-02-28 00:00:00+05:30,1704.6034155946859,1704.6519072727174,1634.0901134127998,1639.189208984375,12182167,0.0,0.0,INFY.NS,1280
2025-03-03 00:00:00+05:30,1643.6569975986285,1678.9135283002097,1643.6569975986285,1659.4884033203125,7504969,0.0,0.0,INFY.NS,1281
2025-03-04 00:00:00+05:30,1646.2794646548505,1650.1644899401717,1621.9980566215932,1639.7720947265625,6759673,0.0,0.0,INFY.NS,1282
2025-03-05 00:00:00+05:30,1643.8026956375877,1683.1385762213686,1643.8026956375877,1662.30517578125,8180782,0.0,0.0,INFY.NS,1283
2025-03-06 00:00:00+05:30,1665.7046071983816,1672.794825837321,1642.4915571816716,1666.5301513671875,10610547,0.0,0.0,INFY.NS,1284
2025-03-07 00:00:00+05:30,1654.146667899849,1655.9920786793123,1627.340016320931,1637.5382080078125,8019331,0.0,0.0,INFY.NS,1285
2025-03-10 00:00:00+05:30,1637.5382042171923,1669.5896637303404,1628.01984457351,1652.5440673828125,7558981,0.0,0.0,INFY.NS,1286
2025-03-11 00:00:00+05:30,1631.7106175387037,1631.7106175387037,1589.995206020896,1613.8394775390625,12671234,0.0,0.0,INFY.NS,1287
2025-03-12 00:00:00+05:30,1589.84944650162,1589.84944650162,1518.850635339536,1545.123046875,14870008,0.0,0.0,INFY.NS,1288
2025-03-13 00:00:00+05:30,1553.2816045131979,1559.886194636392,1525.163782654934,1534.439208984375,7822888,0.0,0.0,INFY.NS,1289
2025-03-17 00:00:00+05:30,1500.736758011993,1548.1826065260266,1500.736758011993,1544.34619140625,7526032,0.0,0.0,INFY.NS,1290
2025-03-18 00:00:00+05:30,1544.34619140625,1544.34619140625,1544.34619140625,1544.34619140625,0,0.0,0.0,INFY.NS,1291
2025-03-19 00:00:00+05:30,1556.9238965430377,1556.9238965430377,1527.5920028100838,1540.94677734375,7387068,0.0,0.0,INFY.NS,1292
2025-03-20 00:00:00+05:30,1546.2400259441436,1584.9931759348294,1546.2400259441436,1569.1131591796875,7186750,0.0,0.0,INFY.NS,1293
2025-03-21 00:00:00+05:30,1532.59385494289,1557.7980274559397,1518.7049607743006,1546.7742919921875,10074677,0.0,0.0,INFY.NS,1294
2025-03-24 00:00:00+05:30,1552.0189913058653,1560.9060103586978,1527.4947691913153,1546.968505859375,8857726,0.0,0.0,INFY.NS,1295
2025-03-25 00:00:00+05:30,1558.8663000022038,1589.1209562659596,1558.8663000022038,1581.6422119140625,9890140,0.0,0.0,INFY.NS,1296
2025-03-26 00:00:00+05:30,1579.2627320763197,1590.6749935166006,1549.1537869998338,1553.475830078125,6651302,0.0,0.0,INFY.NS,1297
2025-03-27 00:00:00+05:30,1549.688079270318,1573.3866387891755,1540.4125339270274,1557.4581298828125,9426573,0.0,0.0,INFY.NS,1298
2025-03-28 00:00:00+05:30,1544.2975705237486,1552.504639118573,1515.1598805138667,1525.5037841796875,6799047,0.0,0.0,INFY.NS,1299
2025-04-01 00:00:00+05:30,1495.0061979771754,1502.92196020728,1474.2212903040318,1482.6226806640625,12680733,0.0,0.0,INFY.NS,1300
2025-04-02 00:00:00+05:30,1491.0726643663595,1510.9349273715397,1491.0726643663595,1505.593017578125,6193478,0.0,0.0,INFY.NS,1301
2025-04-03 00:00:00+05:30,1490.5385603678294,1490.5385603678294,1442.3642697947264,1453.485107421875,10459504,0.0,0.0,INFY.NS,1302
2025-04-04 00:00:00+05:30,1418.5199114659142,1429.6893595876932,1406.3792069857197,1409.92431640625,9590254,0.0,0.0,INFY.NS,1303
2025-04-07 00:00:00+05:30,1313.1385736419368,1365.489314158466,1269.4320382766355,1356.602294921875,21715252,0.0,0.0,INFY.NS,1304
2025-04-08 00:00:00+05:30,1389.8677955834949,1414.6348317731379,1374.3276944448953,1387.7310791015625,12805001,0.0,0.0,INFY.NS,1305
2025-04-09 00:00:00+05:30,1364.663707842691,1368.9371407012397,1342.1791008495861,1363.3524169921875,8546854,0.0,0.0,INFY.NS,1306
2025-04-11 00:00:00+05:30,1370.6854425398662,1397.4436008179698,1356.893650613513,1368.9371337890625,12567440,0.0,0.0,INFY.NS,1307
2025-04-15 00:00:00+05:30,1404.0480742507405,1406.087688754894,1368.5001176189407,1385.011474609375,10178530,0.0,0.0,INFY.NS,1308
2025-04-16 00:00:00+05:30,1384.0401507759727,1386.4682913913693,1356.6507720589223,1372.482177734375,12022740,0.0,0.0,INFY.NS,1309
2025-04-17 00:00:00+05:30,1357.8163531049115,1388.7023519091767,1338.6826507754836,1378.6983642578125,14264227,0.0,0.0,INFY.NS,1310
2025-04-21 00:00:00+05:30,1369.4714582615436,1429.4951483248678,1369.4714582615436,1409.29296875,15648970,0.0,0.0,INFY.NS,1311
2025-04-22 00:00:00+05:30,1398.6091260339042,1398.6091260339042,1378.5041672717928,1381.903564453125,9399738,0.0,0.0,INFY.NS,1312
2025-04-23 00:00:00+05:30,1404.4366498623076,1445.0352117850275,1398.2205856526791,1432.5059814453125,11136642,0.0,0.0,INFY.NS,1313
2025-04-24 00:00:00+05:30,1427.6496829084983,1440.2760150192205,1419.4911061400271,1429.1065673828125,7114292,0.0,0.0,INFY.NS,1314
2025-04-25 00:00:00+05:30,1433.0887071514799,1458.535575435,1421.4336312546193,1437.653564453125,8329979,0.0,0.0,INFY.NS,1315
2025-04-28 00:00:00+05:30,1437.6534907325017,1446.7833234291916,1423.1818670852326,1439.4989013671875,5886253,0.0,0.0,INFY.NS,1316
2025-04-29 00:00:00+05:30,1439.4018262859975,1466.4027986571466,1431.7288778586658,1454.456298828125,8056743,0.0,0.0,INFY.NS,1317
2025-04-30 00:00:00+05:30,1453.7764926957282,1465.431568419441,1439.984581952398,1456.9815673828125,7704183,0.0,0.0,INFY.NS,1318
2025-05-02 00:00:00+05:30,1456.5930649551544,1479.4175886205041,1453.1936678135066,1463.586181640625,7402310,0.0,0.0,INFY.NS,1319
2025-05-05 00:00:00+05:30,1471.4532464465005,1479.2232965927526,1459.6039673980883,1465.2371826171875,4282493,0.0,0.0,INFY.NS,1320
2025-05-06 00:00:00+05:30,1462.7120452184295,1472.0360823521305,1456.0103527730441,1468.053955078125,4270530,0.0,0.0,INFY.NS,1321
2025-05-07 00:00:00+05:30,1456.8844481471906,1475.1441139885928,1453.5821530190785,1464.9459228515625,5691799,0.0,0.0,INFY.NS,1322
2025-05-08 00:00:00+05:30,1464.654491996011,1472.910170498641,1458.0499017692832,1467.956787109375,8424409,0.0,0.0,INFY.NS,1323
2025-05-09 00:00:00+05:30,1457.5642989506216,1467.9568126185206,1451.1540310083215,1464.2659912109375,4478653,0.0,0.0,INFY.NS,1324
2025-05-12 00:00:00+05:30,1492.8209942326298,1585.0903465111594,1487.96471253376,1580.136962890625,11372857,0.0,0.0,INFY.NS,1325
2025-05-13 00:00:00+05:30,1562.7513505672503,1565.859323230766,1519.627548132014,1523.5125732421875,12846210,0.0,0.0,INFY.NS,1326
2025-05-14 00:00:00+05:30,1528.75740058924,1549.1537826809642,1524.3867472838704,1546.6285400390625,4870057,0.0,0.0,INFY.NS,1327
2025-05-15 00:00:00+05:30,1544.1033749720434,1572.075486394776,1525.843708376521,1566.636474609375,11151167,0.0,0.0,INFY.NS,1328
2025-05-16 00:00:00+05:30,1566.2479103864578,1566.2479103864578,1536.0418626920532,1544.200439453125,4576751,0.0,0.0,INFY.NS,1329
2025-05-19 00:00:00+05:30,1531.1856318206726,1539.4413107743521,1510.9834523682187,1514.9656982421875,8855798,0.0,0.0,INFY.NS,1330
2025-05-20 00:00:00+05:30,1524.8723866170074,1537.9843466293191,1513.2173110505078,1515.7425537109375,7143998,0.0,0.0,INFY.NS,1331
2025-05-21 00:00:00+05:30,1522.832797268108,1525.8436681268927,1507.4869000940212,1523.41552734375,4157309,0.0,0.0,INFY.NS,1332
2025-05-22 00:00:00+05:30,1510.7892156499267,1515.9369216042496,1495.7347425913772,1503.0191650390625,6158990,0.0,0.0,INFY.NS,1333
2025-05-23 00:00:00+05:30,1505.447258808557,1541.5779455953386,1505.447258808557,1519.8218994140625,5038421,0.0,0.0,INFY.NS,1334
2025-05-26 00:00:00+05:30,1521.5700705826603,1538.275749801986,1517.782147363295,1535.070556640625,3170102,0.0,0.0,INFY.NS,1335
2025-05-27 00:00:00+05:30,1534.4878415209876,1537.4016104009331,1511.6633186280806,1524.969482421875,7775714,0.0,0.0,INFY.NS,1336
2025-05-28 00:00:00+05:30,1535.556238237006,1542.063608140773,1524.8724187426308,1526.6207275390625,3623370,0.0,0.0,INFY.NS,1337
2025-05-29 00:00:00+05:30,1543.3262208282474,1562.6542444112208,1531.2826193070812,1540.02392578125,8609500,0.0,0.0,INFY.NS,1338
2025-05-30 00:00:00+05:30,1547.3124739974683,1548.297396005105,1531.652190030095,1539.1375732421875,13148092,22.0,0.0,INFY.NS,1339
2025-06-02 00:00:00+05:30,1536.4782943781508,1536.4782943781508,1515.7949327230604,1530.371826171875,4374509,0.0,0.0,INFY.NS,1340
2025-06-03 00:00:00+05:30,1535.4933708621093,1543.6682714095227,1512.4461724234918,1519.734619140625,6853403,0.0,0.0,INFY.NS,1341
2025-06-04 00:00:00+05:30,1519.7346010168856,1533.8190332918903,1518.158749909477,1527.8109130859375,4548307,0.0,0.0,INFY.NS,1342
2025-06-05 00:00:00+05:30,1524.5607331925255,1544.0621159555858,1518.3556767230737,1530.8642578125,6948539,0.0,0.0,INFY.NS,1343
2025-06-06 00:00:00+05:30,1531.2581829658582,1545.2441474823067,1519.8331118292815,1540.2210693359375,3960020,0.0,0.0,INFY.NS,1344
2025-06-09 00:00:00+05:30,1554.2069160448225,1564.0561360451065,1547.3124620446238,1549.183837890625,2903202,0.0,0.0,INFY.NS,1345
2025-06-10 00:00:00+05:30,1560.116482612782,1583.2621501262925,1553.7144894707471,1571.935546875,8591925,0.0,0.0,INFY.NS,1346
2025-06-11 00:00:00+05:30,1566.1244242034918,1609.9534525332194,1566.1244242034918,1606.5062255859375,10597410,0.0,0.0,INFY.NS,1347
2025-06-12 00:00:00+05:30,1592.6188275892266,1603.452969273507,1574.0037782857437,1584.345458984375,10483574,0.0,0.0,INFY.NS,1348
2025-06-13 00:00:00+05:30,1552.2369998927122,1584.7394243828517,1546.5244044661895,1577.844970703125,6968315,0.0,0.0,INFY.NS,1349
2025-06-16 00:00:00+05:30,1575.875214344727,1610.1505483486199,1573.01891647278,1599.31640625,5591842,0.0,0.0,INFY.NS,1350
2025-06-17 00:00:00+05:30,1596.2630097727385,1622.5604988569514,1591.2399317053334,1615.173583984375,7622083,0.0,0.0,INFY.NS,1351
2025-06-18 00:00:00+05:30,1596.5585788351507,1619.9011823893957,1596.5585788351507,1608.2791748046875,5629707,0.0,0.0,INFY.NS,1352
2025-06-19 00:00:00+05:30,1599.4148737815738,1605.4228739879738,1587.2018168292147,1593.997802734375,5147760,0.0,0.0,INFY.NS,1353
2025-06-20 00:00:00+05:30,1594.58871180959,1606.1122510729595,1584.6410236941556,1598.429931640625,9202821,0.0,0.0,INFY.NS,1354
2025-06-23 00:00:00+05:30,1576.8601291540897,1576.8601291540897,1551.6461498856431,1560.116455078125,7943676,0.0,0.0,INFY.NS,1355
2025-06-24 00:00:00+05:30,1576.860073737694,1584.739449496533,1552.827953627288,1557.7525634765625,8083992,0.0,0.0,INFY.NS,1356
2025-06-25 00:00:00+05:30,1566.025955644839,1595.4751470327865,1561.199813873949,1590.550537109375,7813533,0.0,0.0,INFY.NS,1357
2025-06-26 00:00:00+05:30,1584.5425210067874,1599.5132869304996,1582.3756205245834,1591.6339111328125,6519233,0.0,0.0,INFY.NS,1358
2025-06-27 00:00:00+05:30,1594.5886581952298,1605.0288069577266,1578.238977654369,1583.7545166015625,8912268,0.0,0.0,INFY.NS,1359
2025-06-30 00:00:00+05:30,1590.648993297183,1590.648993297183,1570.064099926214,1577.6480712890625,6294505,0.0,0.0,INFY.NS,1360
2025-07-01 00:00:00+05:30,1584.7395342639384,1593.308307768125,1576.3676970723639,1582.57275390625,4178937,0.0,0.0,INFY.NS,1361
2025-07-02 00:00:00+05:30,1593.6038341220215,1624.1364168524187,1579.2239966239758,1586.2169189453125,8653641,0.0,0.0,INFY.NS,1362
2025-07-03 00:00:00+05:30,1594.0962765801005,1607.786716594206,1590.6490495377586,1594.293212890625,5259695,0.0,0.0,INFY.NS,1363
2025-07-04 00:00:00+05:30,1600.4981989662078,1618.6207872342948,1587.9897380569496,1615.96142578125,4411273,0.0,0.0,INFY.NS,1364
2025-07-07 00:00:00+05:30,1615.2721260131761,1619.2118141254034,1598.5284515362102,1602.4681396484375,3294523,0.0,0.0,INFY.NS,1365
2025-07-08 00:00:00+05:30,1603.4529602070286,1621.378491891406,1597.0509674297891,1613.9915771484375,4590681,0.0,0.0,INFY.NS,1366
2025-07-09 00:00:00+05:30,1613.1052929685202,1613.3022292758048,1599.1193284889714,1609.0670166015625,4580828,0.0,0.0,INFY.NS,1367
2025-07-10 00:00:00+05:30,1614.1886858160015,1614.1886858160015,1582.868118202301,1591.43701171875,5330179,0.0,0.0,INFY.NS,1368
2025-07-11 00:00:00+05:30,1555.2902357933656,1582.8680505457567,1539.433016356687,1570.85205078125,11391755,0.0,0.0,INFY.NS,1369
2025-07-14 00:00:00+05:30,1567.7988696310574,1567.7988696310574,1536.2813659941348,1546.623046875,9173426,0.0,0.0,INFY.NS,1370
2025-07-15 00:00:00+05:30,1541.5013602388092,1579.4208563061295,1540.4179701114037,1561.6922607421875,7614807,0.0,0.0,INFY.NS,1371
2025-07-16 00:00:00+05:30,1555.1918577227598,1587.6942841349517,1554.6993967165145,1583.6561279296875,6223491,0.0,0.0,INFY.NS,1372
2025-07-17 00:00:00+05:30,1573.9053927711557,1585.7244570472844,1556.2752645133157,1559.6240234375,7374814,0.0,0.0,INFY.NS,1373
2025-07-18 00:00:00+05:30,1568.0942241264431,1575.1857343566385,1556.176692489401,1562.1846923828125,5161833,0.0,0.0,INFY.NS,1374
2025-07-21 00:00:00+05:30,1556.1767745731315,1565.041072656143,1543.1758521432762,1560.4119873046875,3682661,0.0,0.0,INFY.NS,1375
2025-07-22 00:00:00+05:30,1541.4029254290974,1561.889351060241,1541.4029254290974,1547.2139892578125,8473741,0.0,0.0,INFY.NS,1376
2025-07-23 00:00:00+05:30,1552.5325511946266,1567.897309898412,1526.629055261839,1550.7596435546875,8035026,0.0,0.0,INFY.NS,1377
2025-07-24 00:00:00+05:30,1556.1767861186595,1558.1466301517212,1524.8562179010848,1529.0914306640625,14169664,0.0,0.0,INFY.NS,1378
2025-07-25 00:00:00+05:30,1520.12860228797,1526.1366022975346,1488.512630894258,1492.84619140625,10851259,0.0,0.0,INFY.NS,1379
2025-07-28 00:00:00+05:30,1491.0734115180542,1496.392014262957,1460.14683725966,1493.1417236328125,6439855,0.0,0.0,INFY.NS,1380
2025-07-29 00:00:00+05:30,1490.0884773327002,1494.3235696797126,1473.5417400906863,1490.8763427734375,7070448,0.0,0.0,INFY.NS,1381
2025-07-30 00:00:00+05:30,1496.9830114866083,1498.7557989957106,1483.2925712781332,1496.0965576171875,5719051,0.0,0.0,INFY.NS,1382
2025-07-31 00:00:00+05:30,1486.936711768862,1504.0743788045277,1474.428250322285,1486.247314453125,6851407,0.0,0.0,INFY.NS,1383
2025-08-01 00:00:00+05:30,1471.3749358302919,1476.1024890867666,1443.4031282013243,1447.4412841796875,8702978,0.0,0.0,INFY.NS,1384
2025-08-04 00:00:00+05:30,1439.4634841975633,1460.4423706154291,1429.1218033326475,1458.177001953125,8610216,0.0,0.0,INFY.NS,1385
2025-08-05 00:00:00+05:30,1456.4040844682859,1456.4040844682859,1433.0614816224124,1438.2816162109375,10213323,0.0,0.0,INFY.NS,1386
2025-08-06 00:00:00+05:30,1430.1067078263497,1434.14486387826,1408.7339490588547,1415.037353515625,10566934,0.0,0.0,INFY.NS,1387
2025-08-07 00:00:00+05:30,1408.4383894942564,1420.2574529025999,1392.876574581379,1415.234375,9892020,0.0,0.0,INFY.NS,1388
2025-08-08 00:00:00+05:30,1403.5138318764698,1411.590144080286,1395.7329241309972,1401.6424560546875,10048009,0.0,0.0,INFY.NS,1389
2025-08-11 00:00:00+05:30,1398.4907470266712,1411.7871937906966,1392.6796832838538,1406.66552734375,6625368,0.0,0.0,INFY.NS,1390
2025-08-12 00:00:00+05:30,1406.6655976905836,1419.2726477892124,1399.5742071536924,1402.62744140625,9899184,0.0,0.0,INFY.NS,1391
2025-08-13 00:00:00+05:30,1403.5138705026145,1412.3781686321047,1400.953097311154,1405.0897216796875,10318063,0.0,0.0,INFY.NS,1392
2025-08-14 00:00:00+05:30,1404.6956380205245,1447.835267553816,1404.6956380205245,1425.8714599609375,12902347,0.0,0.0,INFY.NS,1393
2025-08-18 00:00:00+05:30,1442.6151494914589,1442.6151494914589,1408.0444126749926,1414.1510009765625,7254561,0.0,0.0,INFY.NS,1394
2025-08-19 00:00:00+05:30,1411.0977408332749,1427.5460108318366,1411.0977408332749,1418.2877197265625,3986094,0.0,0.0,INFY.NS,1395
2025-08-20 00:00:00+05:30,1418.9770874002822,1476.3980885005715,1418.9770874002822,1473.6402587890625,10413061,0.0,0.0,INFY.NS,1396
2025-08-21 00:00:00+05:30,1485.262351237006,1485.262351237006,1461.9197483180794,1473.8372802734375,6565539,0.0,0.0,INFY.NS,1397
2025-08-22 00:00:00+05:30,1475.5115598317454,1481.6181481033814,1463.6924963469764,1465.0714111328125,5543397,0.0,0.0,INFY.NS,1398
2025-08-25 00:00:00+05:30,1483.981859694785,1515.7948868943363,1483.981859694785,1508.9989013671875,10694531,0.0,0.0,INFY.NS,1399
2025-08-26 00:00:00+05:30,1500.03616013844,1515.2039825206518,1495.7024794249892,1506.53662109375,15994798,0.0,0.0,INFY.NS,1400
2025-08-28 00:00:00+05:30,1506.5366438633127,1506.5366438633127,1475.413133190423,1477.4814453125,5443364,0.0,0.0,INFY.NS,1401
2025-08-29 00:00:00+05:30,1479.254311487481,1479.254311487481,1445.5699084151588,1447.4412841796875,8169075,0.0,0.0,INFY.NS,1402
2025-09-01 00:00:00+05:30,1454.4343120627393,1480.7318023736236,1453.941851048263,1476.7921142578125,4546057,0.0,0.0,INFY.NS,1403
2025-09-02 00:00:00+05:30,1476.7920565936874,1489.9900353122632,1463.8896025641538,1476.1025390625,5218763,0.0,0.0,INFY.NS,1404
2025-09-03 00:00:00+05:30,1477.3829894013984,1479.2543652339205,1450.7900955921732,1456.798095703125,4623483,0.0,0.0,INFY.NS,1405
2025-09-04 00:00:00+05:30,1461.6242804276317,1461.6242804276317,1438.0846200594328,1440.94091796875,5787724,0.0,0.0,INFY.NS,1406
2025-09-05 00:00:00+05:30,1447.835279098319,1450.4945202945664,1411.3931666312185,1422.8182373046875,5466487,0.0,0.0,INFY.NS,1407
2025-09-08 00:00:00+05:30,1429.1218644887508,1436.0163186937275,1406.7641825159365,1411.2947998046875,3811567,0.0,0.0,INFY.NS,1408
2025-09-09 00:00:00+05:30,1458.6694341238242,1484.474341584966,1450.297597398603,1481.6181640625,13072640,0.0,0.0,INFY.NS,1409
2025-09-10 00:00:00+05:30,1487.330709756259,1511.756823802922,1486.5428442826578,1509.491455078125,7281071,0.0,0.0,INFY.NS,1410
2025-09-11 00:00:00+05:30,1500.922609577238,1504.4683046125388,1483.7849433052634,1486.9366455078125,8003662,0.0,0.0,INFY.NS,1411
2025-09-12 00:00:00+05:30,1513.8250582606502,1519.6361218926327,1498.1647749913177,1502.596923828125,12856963,0.0,0.0,INFY.NS,1412
2025-09-15 00:00:00+05:30,1502.5969824151846,1504.4683582651935,1478.5648615170796,1485.6563720703125,6167414,0.0,0.0,INFY.NS,1413
2025-09-16 00:00:00+05:30,1485.656397411633,1491.1719366717366,1480.8302554728903,1488.5126953125,8923112,0.0,0.0,INFY.NS,1414
2025-09-17 00:00:00+05:30,1494.028241371192,1503.680405062861,1491.1719434573272,1499.4453125,4795698,0.0,0.0,INFY.NS,1415
2025-09-18 00:00:00+05:30,1526.6291407021617,1531.5537508334592,1515.302537400178,1517.370849609375,9331945,0.0,0.0,INFY.NS,1416
2025-09-19 00:00:00+05:30,1521.3104874589542,1527.9095369547413,1497.179898612735,1516.976806640625,12988129,0.0,0.0,INFY.NS,1417
2025-09-22 00:00:00+05:30,1460.3437656419162,1491.8612688721596,1459.6543683506482,1476.8905029296875,15655204,0.0,0.0,INFY.NS,1418
2025-09-23 00:00:00+05:30,1470.4885054191882,1490.186944875574,1470.4885054191882,1474.920654296875,9832164,0.0,0.0,INFY.NS,1419
2025-09-24 00:00:00+05:30,1464.7758845360097,1474.1326431158677,1460.3437357350242,1472.0643310546875,4937004,0.0,0.0,INFY.NS,1420
2025-09-25 00:00:00+05:30,1466.5488557470633,1480.04223903444,1454.2373307659764,1462.4122314453125,9491867,0.0,0.0,INFY.NS,1421
2025-09-26 00:00:00+05:30,1452.7599061754568,1456.404069373631,1419.4694954878144,1427.053466796875,8597058,0.0,0.0,INFY.NS,1422
2025-09-29 00:00:00+05:30,1437.9860786678707,1442.9106885263222,1414.8404123331482,1420.060546875,10513117,0.0,0.0,INFY.NS,1423
2025-09-30 00:00:00+05:30,1421.2424051491353,1430.303639196793,1416.416263441906,1420.060546875,7556305,0.0,0.0,INFY.NS,1424
2025-10-01 00:00:00+05:30,1424.197180444367,1427.6444073679875,1405.877655696216,1424.000244140625,6250692,0.0,0.0,INFY.NS,1425
2025-10-03 00:00:00+05:30,1417.3027030735375,1426.4625254104503,1411.5901076030302,1424.7880859375,6877533,0.0,0.0,INFY.NS,1426
2025-10-06 00:00:00+05:30,1424.7881421800753,1456.5027027407555,1420.5530497148675,1453.744873046875,4630590,0.0,0.0,INFY.NS,1427
2025-10-07 00:00:00+05:30,1455.4191203786977,1460.5407866669368,1432.0765182081868,1436.5086669921875,5570320,0.0,0.0,INFY.NS,1428
2025-10-08 00:00:00+05:30,1435.0313384295307,1475.4131399913774,1433.061494450904,1472.4583740234375,4657192,0.0,0.0,INFY.NS,1429
2025-10-09 00:00:00+05:30,1479.352867871771,1491.171932062491,1464.5790376333712,1486.5428466796875,7028753,0.0,0.0,INFY.NS,1430
2025-10-10 00:00:00+05:30,1487.2322078030077,1498.755747016607,1476.2011295853695,1492.058349609375,3738353,0.0,0.0,INFY.NS,1431
2025-10-13 00:00:00+05:30,1474.4281763502415,1482.0120273618204,1461.0332617199265,1470.6854248046875,5859355,0.0,0.0,INFY.NS,1432
2025-10-14 00:00:00+05:30,1476.3980688327763,1491.5658915845438,1464.0865439092208,1467.435302734375,5600789,0.0,0.0,INFY.NS,1433
2025-10-15 00:00:00+05:30,1461.5258266826634,1466.1549121391147,1445.373081319078,1452.1690673828125,6986098,0.0,0.0,INFY.NS,1434
2025-10-16 00:00:00+05:30,1451.6765810210527,1452.267510183725,1438.478601982591,1449.312744140625,8005748,0.0,0.0,INFY.NS,1435
2025-10-17 00:00:00+05:30,1432.9630656678505,1436.410292725158,1412.3781714796953,1419.37109375,16959378,0.0,0.0,INFY.NS,1436
2025-10-20 00:00:00+05:30,1431.781048131079,1444.8805586841174,1428.136884861602,1438.87255859375,6994246,0.0,0.0,INFY.NS,1437
2025-10-21 00:00:00+05:30,1455.7147580634262,1463.5941342911037,1447.8353818357486,1450.19921875,1698704,0.0,0.0,INFY.NS,1438
2025-10-23 00:00:00+05:30,1487.2321904325627,1522.6893817276436,1483.292502510887,1505.4532470703125,20358624,0.0,0.0,INFY.NS,1439
2025-10-24 00:00:00+05:30,1516.2874003977408,1519.7346273554492,1495.111577657532,1502.4000244140625,8652257,0.0,0.0,INFY.NS,1440
2025-10-27 00:00:00+05:30,1510.0,1515.300048828125,1498.0999755859375,1504.5,7273211,23.0,0.0,INFY.NS,1441
2025-10-28 00:00:00+05:30,1499.699951171875,1506.5,1490.5,1500.199951171875,8211019,0.0,0.0,INFY.NS,1442
2025-10-29 00:00:00+05:30,1500.199951171875,1520.199951171875,1496.9000244140625,1510.4000244140625,4884976,0.0,0.0,INFY.NS,1443
2025-10-30 00:00:00+05:30,1507.0,1508.199951171875,1489.0999755859375,1493.800048828125,5608867,0.0,0.0,INFY.NS,1444
2025-10-31 00:00:00+05:30,1490.0,1497.0999755859375,1480.699951171875,1482.300048828125,4819814,0.0,0.0,INFY.NS,1445
2025-11-03 00:00:00+05:30,1482.300048828125,1491.4000244140625,1474.199951171875,1485.5,5470600,0.0,0.0,INFY.NS,1446
2025-11-04 00:00:00+05:30,1479.699951171875,1481.9000244140625,1462.9000244140625,1467.9000244140625,8691330,0.0,0.0,INFY.NS,1447
2025-11-06 00:00:00+05:30,1478.5999755859375,1483.0,1461.9000244140625,1466.699951171875,7944752,0.0,0.0,INFY.NS,1448
2025-11-07 00:00:00+05:30,1470.0,1480.9000244140625,1449.0999755859375,1476.800048828125,8765759,0.0,0.0,INFY.NS,1449
2025-11-10 00:00:00+05:30,1490.0999755859375,1520.0,1490.0,1513.5,9787975,0.0,0.0,INFY.NS,1450
2025-11-11 00:00:00+05:30,1525.0,1533.4000244140625,1511.0999755859375,1530.300048828125,13692989,0.0,0.0,INFY.NS,1451
2025-11-12 00:00:00+05:30,1540.0,1559.199951171875,1538.0999755859375,1551.699951171875,14635417,0.0,0.0,INFY.NS,1452
2025-11-13 00:00:00+05:30,1557.0999755859375,1557.5,1530.300048828125,1541.800048828125,19655689,0.0,0.0,INFY.NS,1453
2025-11-14 00:00:00+05:30,1520.0,1530.0,1488.800048828125,1502.800048828125,9739549,0.0,0.0,INFY.NS,1454
2025-11-17 00:00:00+05:30,1496.0,1510.199951171875,1492.5,1507.5999755859375,7910354,0.0,0.0,INFY.NS,1455
2025-11-18 00:00:00+05:30,1506.0,1506.0,1483.199951171875,1486.4000244140625,7525119,0.0,0.0,INFY.NS,1456
2025-11-19 00:00:00+05:30,1490.5,1543.0,1490.5,1541.0999755859375,10981126,0.0,0.0,INFY.NS,1457
2025-11-20 00:00:00+05:30,1555.0,1555.0,1534.0,1536.5,7387584,0.0,0.0,INFY.NS,1458
2025-11-21 00:00:00+05:30,1531.0,1551.5,1526.300048828125,1545.0,9186302,0.0,0.0,INFY.NS,1459
2025-11-24 00:00:00+05:30,1563.5999755859375,1585.0,1541.0,1548.0,19270381,0.0,0.0,INFY.NS,1460
2025-11-25 00:00:00+05:30,1549.0,1550.5999755859375,1525.9000244140625,1530.5999755859375,8107952,0.0,0.0,INFY.NS,1461
2025-11-26 00:00:00+05:30,1532.0999755859375,1560.300048828125,1532.0999755859375,1557.9000244140625,7575038,0.0,0.0,INFY.NS,1462
2025-11-27 00:00:00+05:30,1564.0,1574.300048828125,1552.199951171875,1566.4000244140625,7552252,0.0,0.0,INFY.NS,1463
2025-11-28 00:00:00+05:30,1565.0,1568.4000244140625,1557.0,1560.0999755859375,4453221,0.0,0.0,INFY.NS,1464
2025-12-01 00:00:00+05:30,1562.5,1574.0,1556.0,1564.0,5341800,0.0,0.0,INFY.NS,1465
2025-12-02 00:00:00+05:30,1567.0,1579.9000244140625,1556.0999755859375,1561.0,6335969,0.0,0.0,INFY.NS,1466
2025-12-03 00:00:00+05:30,1555.0999755859375,1586.0,1554.0999755859375,1578.699951171875,12895312,0.0,0.0,INFY.NS,1467
2025-12-04 00:00:00+05:30,1568.0,1599.0,1568.0,1597.5999755859375,12609619,0.0,0.0,INFY.NS,1468
2025-12-05 00:00:00+05:30,1610.0,1631.800048828125,1600.0,1616.199951171875,10344725,0.0,0.0,INFY.NS,1469
2025-12-08 00:00:00+05:30,1617.0999755859375,1630.0,1600.199951171875,1610.800048828125,7550413,0.0,0.0,INFY.NS,1470
2025-12-09 00:00:00+05:30,1601.199951171875,1606.9000244140625,1582.4000244140625,1599.0,6957599,0.0,0.0,INFY.NS,1471
2025-12-10 00:00:00+05:30,1608.0,1608.0,1582.800048828125,1584.800048828125,5116140,0.0,0.0,INFY.NS,1472
2025-12-11 00:00:00+05:30,1598.0,1607.4000244140625,1580.5,1598.0,5159319,0.0,0.0,INFY.NS,1473
2025-12-12 00:00:00+05:30,1601.4000244140625,1601.800048828125,1582.5999755859375,1598.199951171875,4633912,0.0,0.0,INFY.NS,1474
2025-12-15 00:00:00+05:30,1585.0,1610.800048828125,1585.0,1606.800048828125,4190558,0.0,0.0,INFY.NS,1475
2025-12-16 00:00:00+05:30,1600.0,1603.0,1585.5999755859375,1592.9000244140625,5499258,0.0,0.0,INFY.NS,1476
2025-12-17 00:00:00+05:30,1587.199951171875,1606.9000244140625,1586.0,1602.0,4817628,0.0,0.0,INFY.NS,1477
2025-12-18 00:00:00+05:30,1610.5,1630.0,1606.699951171875,1626.800048828125,6577293,0.0,0.0,INFY.NS,1478
2025-12-19 00:00:00+05:30,1650.0,1654.9000244140625,1629.800048828125,1638.699951171875,13149023,0.0,0.0,INFY.NS,1479
2025-12-22 00:00:00+05:30,1664.0,1693.199951171875,1664.0,1689.5999755859375,23098923,0.0,0.0,INFY.NS,1480
2025-12-23 00:00:00+05:30,1679.0,1679.0,1656.4000244140625,1668.300048828125,6593060,0.0,0.0,INFY.NS,1481
2025-12-24 00:00:00+05:30,1661.0,1667.5999755859375,1652.5,1663.4000244140625,4271167,0.0,0.0,INFY.NS,1482
2025-12-26 00:00:00+05:30,1663.4000244140625,1668.800048828125,1651.699951171875,1656.0999755859375,2006491,0.0,0.0,INFY.NS,1483
2025-12-29 00:00:00+05:30,1658.0,1673.0999755859375,1637.0999755859375,1644.699951171875,4062817,0.0,0.0,INFY.NS,1484
2025-12-30 00:00:00+05:30,1647.0,1647.9000244140625,1616.800048828125,1621.5999755859375,9395937,0.0,0.0,INFY.NS,1485
2025-12-31 00:00:00+05:30,1621.0,1628.5999755859375,1609.199951171875,1615.4000244140625,6538656,0.0,0.0,INFY.NS,1486
2026-01-01 00:00:00+05:30,1615.4000244140625,1639.5999755859375,1614.0999755859375,1629.800048828125,3658165,0.0,0.0,INFY.NS,1487
2026-01-02 00:00:00+05:30,1635.9000244140625,1643.5,1627.5,1640.4000244140625,2524526,0.0,0.0,INFY.NS,1488
2026-01-05 00:00:00+05:30,1637.0,1637.0,1583.0999755859375,1606.4000244140625,5917885,0.0,0.0,INFY.NS,1489
2026-01-06 00:00:00+05:30,1600.0999755859375,1619.9000244140625,1599.0,1612.199951171875,4466729,0.0,0.0,INFY.NS,1490
2026-01-07 00:00:00+05:30,1615.0,1642.0,1615.0,1639.0,4508079,0.0,0.0,INFY.NS,1491
2026-01-08 00:00:00+05:30,1638.9000244140625,1644.300048828125,1608.5999755859375,1613.300048828125,3942131,0.0,0.0,INFY.NS,1492
2026-01-09 00:00:00+05:30,1610.0,1631.300048828125,1607.0,1614.0999755859375,6816681,0.0,0.0,INFY.NS,1493
2026-01-12 00:00:00+05:30,1610.0999755859375,1613.300048828125,1592.5999755859375,1595.9000244140625,6985362,0.0,0.0,INFY.NS,1494
2026-01-13 00:00:00+05:30,1618.0,1618.0,1586.4000244140625,1599.0,8080618,0.0,0.0,INFY.NS,1495
2026-01-14 00:00:00+05:30,1588.0,1617.0,1583.0999755859375,1599.800048828125,7557157,0.0,0.0,INFY.NS,1496
2026-01-15 00:00:00+05:30,1599.800048828125,1599.800048828125,1599.800048828125,1599.800048828125,0,0.0,0.0,INFY.NS,1497
2026-01-16 00:00:00+05:30,1663.699951171875,1694.0,1653.4000244140625,1689.800048828125,19335957,0.0,0.0,INFY.NS,1498
2026-01-19 00:00:00+05:30,1685.0,1685.0,1666.5,1681.199951171875,5104958,0.0,0.0,INFY.NS,1499
2026-01-20 00:00:00+05:30,1673.0,1680.199951171875,1652.9000244140625,1658.9000244140625,6406503,0.0,0.0,INFY.NS,1500
2026-01-21 00:00:00+05:30,1651.0,1657.0,1631.199951171875,1654.4000244140625,6224582,0.0,0.0,INFY.NS,1501
2026-01-22 00:00:00+05:30,1666.0,1671.199951171875,1653.800048828125,1663.5,6228892,0.0,0.0,INFY.NS,1502
2026-01-23 00:00:00+05:30,1667.199951171875,1675.699951171875,1662.199951171875,1670.800048828125,5869137,0.0,0.0,INFY.NS,1503
2026-01-27 00:00:00+05:30,1685.800048828125,1689.4000244140625,1661.0999755859375,1682.699951171875,10673087,0.0,0.0,INFY.NS,1504
2026-01-28 00:00:00+05:30,1680.0,1688.800048828125,1650.0,1666.5,8588664,0.0,0.0,INFY.NS,1505
2026-01-29 00:00:00+05:30,1658.0,1666.5,1642.0999755859375,1659.5,4749582,0.0,0.0,INFY.NS,1506
2026-01-30 00:00:00+05:30,1655.0,1655.0,1618.0999755859375,1641.0,9207926,0.0,0.0,INFY.NS,1507
2026-02-02 00:00:00+05:30,1662.0,1662.0,1618.0,1629.4000244140625,6784887,0.0,0.0,INFY.NS,1508
2026-02-03 00:00:00+05:30,1727.199951171875,1728.0,1653.0,1656.0,8805868,0.0,0.0,INFY.NS,1509
2026-02-04 00:00:00+05:30,1574.0,1584.9000244140625,1510.0999755859375,1535.800048828125,28828622,0.0,0.0,INFY.NS,1510
2026-02-05 00:00:00+05:30,1534.0,1551.0,1515.699951171875,1520.199951171875,10628127,0.0,0.0,INFY.NS,1511
2026-02-06 00:00:00+05:30,1522.0999755859375,1525.0,1480.0,1507.0999755859375,13900866,0.0,0.0,INFY.NS,1512
2026-02-09 00:00:00+05:30,1522.0999755859375,1528.0,1493.0,1497.199951171875,8294615,0.0,0.0,INFY.NS,1513
2026-02-10 00:00:00+05:30,1500.0,1515.9000244140625,1491.0,1497.800048828125,8657000,0.0,0.0,INFY.NS,1514
2026-02-11 00:00:00+05:30,1501.199951171875,1505.9000244140625,1469.0,1471.9000244140625,7934411,0.0,0.0,INFY.NS,1515
2026-02-12 00:00:00+05:30,1428.9000244140625,1435.699951171875,1380.5,1386.0,26048896,0.0,0.0,INFY.NS,1516
2026-02-13 00:00:00+05:30,1293.9000244140625,1377.300048828125,1281.5,1369.0999755859375,45785709,0.0,0.0,INFY.NS,1517
2026-02-16 00:00:00+05:30,1373.699951171875,1376.0,1338.300048828125,1365.5999755859375,14621891,0.0,0.0,INFY.NS,1518
2026-02-17 00:00:00+05:30,1370.0,1431.0,1367.0,1391.199951171875,25347684,0.0,0.0,INFY.NS,1519
2026-02-18 00:00:00+05:30,1390.9000244140625,1401.0,1345.300048828125,1373.699951171875,20241373,0.0,0.0,INFY.NS,1520
2026-02-19 00:00:00+05:30,1385.0,1402.0,1363.199951171875,1370.5,14574228,0.0,0.0,INFY.NS,1521
2026-02-20 00:00:00+05:30,1359.199951171875,1365.0,1338.199951171875,1353.199951171875,12633552,0.0,0.0,INFY.NS,1522
2026-02-23 00:00:00+05:30,1352.0,1352.0,1318.0,1327.5,12887826,0.0,0.0,INFY.NS,1523
2026-02-24 00:00:00+05:30,1301.0,1303.5999755859375,1264.0999755859375,1275.5,27839061,0.0,0.0,INFY.NS,1524
2026-02-25 00:00:00+05:30,1286.199951171875,1323.5999755859375,1286.199951171875,1290.0999755859375,16669618,0.0,0.0,INFY.NS,1525
2026-02-26 00:00:00+05:30,1305.5,1314.0,1286.300048828125,1289.0999755859375,11493914,0.0,0.0,INFY.NS,1526
2026-02-27 00:00:00+05:30,1326.300048828125,1335.0,1294.199951171875,1300.0999755859375,23141724,0.0,0.0,INFY.NS,1527
2026-03-02 00:00:00+05:30,1291.0,1298.800048828125,1273.0,1288.9000244140625,9700361,0.0,0.0,INFY.NS,1528
2026-03-04 00:00:00+05:30,1292.0,1317.0,1292.0,1307.4000244140625,15154950,0.0,0.0,INFY.NS,1529
2026-03-05 00:00:00+05:30,1320.0,1320.0,1290.0999755859375,1305.800048828125,10362147,0.0,0.0,INFY.NS,1530
2026-03-06 00:00:00+05:30,1303.0,1327.199951171875,1303.0,1308.4000244140625,8724291,0.0,0.0,INFY.NS,1531
2026-03-09 00:00:00+05:30,1290.0,1318.0,1282.5,1315.0,10068514,0.0,0.0,INFY.NS,1532
2026-03-10 00:00:00+05:30,1320.0,1321.0,1284.0999755859375,1295.5999755859375,9600171,0.0,0.0,INFY.NS,1533
2026-03-11 00:00:00+05:30,1288.0,1299.5,1271.300048828125,1276.300048828125,7868891,0.0,0.0,INFY.NS,1534
2026-03-12 00:00:00+05:30,1272.5,1278.5999755859375,1258.0,1265.800048828125,7599940,0.0,0.0,INFY.NS,1535
2026-03-13 00:00:00+05:30,1251.0,1269.5999755859375,1242.5999755859375,1248.300048828125,7366098,0.0,0.0,INFY.NS,1536
2026-03-16 00:00:00+05:30,1240.199951171875,1254.300048828125,1224.199951171875,1249.800048828125,12314450,0.0,0.0,INFY.NS,1537
2026-03-17 00:00:00+05:30,1245.0,1245.0,1215.0999755859375,1232.9000244140625,11223276,0.0,0.0,INFY.NS,1538
2026-03-18 00:00:00+05:30,1238.0,1290.800048828125,1234.9000244140625,1267.0999755859375,12365381,0.0,0.0,INFY.NS,1539
2026-03-19 00:00:00+05:30,1244.199951171875,1255.0,1215.0999755859375,1220.800048828125,9156461,0.0,0.0,INFY.NS,1540
2026-03-20 00:00:00+05:30,1242.0,1264.800048828125,1229.199951171875,1255.9000244140625,27299975,0.0,0.0,INFY.NS,1541
2026-03-23 00:00:00+05:30,1238.199951171875,1261.0999755859375,1227.4000244140625,1256.800048828125,12420293,0.0,0.0,INFY.NS,1542
2026-03-24 00:00:00+05:30,1269.0,1297.0,1251.0,1278.300048828125,13613495,0.0,0.0,INFY.NS,1543
2026-03-25 00:00:00+05:30,1270.0,1290.5999755859375,1257.0999755859375,1279.0999755859375,10824030,0.0,0.0,INFY.NS,1544
2026-03-27 00:00:00+05:30,1285.199951171875,1294.800048828125,1263.199951171875,1269.699951171875,13092541,0.0,0.0,INFY.NS,1545
2026-03-30 00:00:00+05:30,1250.0,1265.5,1243.0,1250.5999755859375,14108486,0.0,0.0,INFY.NS,1546
2026-04-01 00:00:00+05:30,1290.0,1303.0,1269.5,1275.699951171875,8137156,0.0,0.0,INFY.NS,1547
2026-04-02 00:00:00+05:30,1260.0,1305.4000244140625,1259.800048828125,1300.800048828125,12873492,0.0,0.0,INFY.NS,1548
2026-04-06 00:00:00+05:30,1301.4000244140625,1320.0,1299.0,1306.199951171875,10208682,0.0,0.0,INFY.NS,1549
2026-04-07 00:00:00+05:30,1302.0,1345.0999755859375,1293.5,1339.4000244140625,15355792,0.0,0.0,INFY.NS,1550
2026-04-08 00:00:00+05:30,1349.0,1376.9000244140625,1331.0,1346.199951171875,16030133,0.0,0.0,INFY.NS,1551
2026-04-09 00:00:00+05:30,1329.9000244140625,1337.5,1314.0,1331.5999755859375,14894607,0.0,0.0,INFY.NS,1552
2026-04-10 00:00:00+05:30,1318.0,1318.9000244140625,1283.300048828125,1292.5,19233369,0.0,0.0,INFY.NS,1553
2026-04-13 00:00:00+05:30,1272.0,1289.0,1265.699951171875,1276.800048828125,10366082,0.0,0.0,INFY.NS,1554
2026-04-15 00:00:00+05:30,1306.300048828125,1322.5,1300.5,1305.300048828125,12098912,0.0,0.0,INFY.NS,1555
2026-04-16 00:00:00+05:30,1322.0999755859375,1331.0,1309.0,1319.199951171875,18527029,0.0,0.0,INFY.NS,1556
2026-04-17 00:00:00+05:30,1313.0,1328.300048828125,1306.0999755859375,1318.699951171875,12064048,0.0,0.0,INFY.NS,1557
2026-04-20 00:00:00+05:30,1320.0,1324.9000244140625,1308.0999755859375,1312.5999755859375,7172300,0.0,0.0,INFY.NS,1558
2026-04-21 00:00:00+05:30,1310.0,1325.0,1299.300048828125,1313.199951171875,10057440,0.0,0.0,INFY.NS,1559
2026-04-22 00:00:00+05:30,1295.0,1297.699951171875,1255.9000244140625,1268.5999755859375,20088378,0.0,0.0,INFY.NS,1560
2026-04-23 00:00:00+05:30,1254.0,1265.699951171875,1226.0,1240.5999755859375,14792854,0.0,0.0,INFY.NS,1561
2026-04-24 00:00:00+05:30,1200.0,1223.9000244140625,1152.199951171875,1154.5999755859375,42078914,0.0,0.0,INFY.NS,1562
2026-04-27 00:00:00+05:30,1154.5999755859375,1179.9000244140625,1154.5,1170.300048828125,19579883,0.0,0.0,INFY.NS,1563
2026-04-28 00:00:00+05:30,1162.699951171875,1169.4000244140625,1149.800048828125,1152.0999755859375,12720276,0.0,0.0,INFY.NS,1564
2026-04-29 00:00:00+05:30,1158.5,1178.199951171875,1156.800048828125,1167.5,8303109,0.0,0.0,INFY.NS,1565
2026-04-30 00:00:00+05:30,1167.5,1189.800048828125,1159.5999755859375,1181.800048828125,12205669,0.0,0.0,INFY.NS,1566
2026-05-01 00:00:00+05:30,1181.800048828125,1181.800048828125,1181.800048828125,1181.800048828125,0,0.0,0.0,INFY.NS,1567
2026-05-04 00:00:00+05:30,1195.0,1195.0,1165.199951171875,1168.4000244140625,7735811,0.0,0.0,INFY.NS,1568
2026-05-05 00:00:00+05:30,1169.5,1185.199951171875,1160.0999755859375,1178.0999755859375,8164108,0.0,0.0,INFY.NS,1569
2026-05-06 00:00:00+05:30,1187.0,1191.5,1164.0999755859375,1167.199951171875,9856963,0.0,0.0,INFY.NS,1570
2026-05-07 00:00:00+05:30,1173.0,1175.4000244140625,1159.199951171875,1162.699951171875,12013987,0.0,0.0,INFY.NS,1571
2026-05-08 00:00:00+05:30,1161.0,1183.5,1158.800048828125,1179.199951171875,7582770,0.0,0.0,INFY.NS,1572
2026-05-11 00:00:00+05:30,1176.0,1187.0,1172.0999755859375,1177.0,7336288,0.0,0.0,INFY.NS,1573
2026-05-12 00:00:00+05:30,1162.0,1162.0,1123.0,1140.300048828125,16891948,0.0,0.0,INFY.NS,1574
2026-05-13 00:00:00+05:30,1136.5999755859375,1142.5999755859375,1121.0,1123.0999755859375,6664111,0.0,0.0,INFY.NS,1575
2026-05-14 00:00:00+05:30,1119.800048828125,1121.9000244140625,1089.0,1095.0,16914842,0.0,0.0,INFY.NS,1576
2026-05-15 00:00:00+05:30,1102.0,1133.199951171875,1101.5999755859375,1119.0,17482450,0.0,0.0,INFY.NS,1577
2026-05-18 00:00:00+05:30,1119.0,1146.0999755859375,1118.0,1142.5,12096377,0.0,0.0,INFY.NS,1578
2026-05-19 00:00:00+05:30,1162.0,1198.4000244140625,1162.0,1196.9000244140625,32175705,0.0,0.0,INFY.NS,1579
2026-05-20 00:00:00+05:30,1187.0,1206.9000244140625,1184.9000244140625,1193.699951171875,15121010,0.0,0.0,INFY.NS,1580
2026-05-21 00:00:00+05:30,1196.0999755859375,1201.800048828125,1177.0,1181.199951171875,10021033,0.0,0.0,INFY.NS,1581
2026-05-22 00:00:00+05:30,1182.5,1191.800048828125,1172.5,1174.5,8803066,0.0,0.0,INFY.NS,1582
2026-05-25 00:00:00+05:30,1183.0,1185.0,1166.0999755859375,1168.5,5856136,0.0,0.0,INFY.NS,1583
2026-05-26 00:00:00+05:30,1166.300048828125,1180.699951171875,1162.9000244140625,1167.699951171875,8005767,0.0,0.0,INFY.NS,1584
2026-05-27 00:00:00+05:30,1161.0,1167.300048828125,1155.0,1159.9000244140625,6371871,0.0,0.0,INFY.NS,1585
2026-05-28 00:00:00+05:30,1159.9000244140625,1159.9000244140625,1159.9000244140625,1159.9000244140625,0,0.0,0.0,INFY.NS,1586
2026-05-29 00:00:00+05:30,1182.0,1210.0,1153.5999755859375,1160.9000244140625,69085430,0.0,0.0,INFY.NS,1587
