Date,Open,High,Low,Close,Volume,Dividends,Stock Splits,Symbol,time_idx
2020-01-01 00:00:00+05:30,1179.2777137625965,1188.741498357107,1174.4106025378549,1180.6746826171875,3123998,0.0,0.0,LT.NS,0
2020-01-02 00:00:00+05:30,1182.522492132531,1214.9697556361675,1181.62117925743,1212.5362548828125,4335359,0.0,0.0,LT.NS,1
2020-01-03 00:00:00+05:30,1212.2205154539754,1212.2205154539754,1198.8811530283294,1203.297607421875,2059871,0.0,0.0,LT.NS,2
2020-01-06 00:00:00+05:30,1199.6472958285374,1200.5486085977548,1184.4150880240547,1186.8035888671875,2646905,0.0,0.0,LT.NS,3
2020-01-07 00:00:00+05:30,1196.9431944575917,1207.3082898915243,1184.0994892459798,1190.183349609375,2077893,0.0,0.0,LT.NS,4
2020-01-08 00:00:00+05:30,1173.5091277457195,1179.5478787869222,1156.6996239956559,1164.0904541015625,4147568,0.0,0.0,LT.NS,5
2020-01-09 00:00:00+05:30,1181.620913046781,1189.6426178326567,1176.3031462770305,1186.2626953125,2067779,0.0,0.0,LT.NS,6
2020-01-10 00:00:00+05:30,1188.8314550484774,1204.1086613522386,1188.8314550484774,1193.8787841796875,2360798,0.0,0.0,LT.NS,7
2020-01-13 00:00:00+05:30,1197.8444955679888,1207.218169005278,1197.574057767258,1202.98193359375,1825244,0.0,0.0,LT.NS,8
2020-01-14 00:00:00+05:30,1198.5658806145125,1199.647412032924,1185.3165156094904,1195.23095703125,2046500,0.0,0.0,LT.NS,9
2020-01-15 00:00:00+05:30,1194.7800423155434,1204.2889349056527,1189.7327134148507,1192.9774169921875,2127677,0.0,0.0,LT.NS,10
2020-01-16 00:00:00+05:30,1196.6729904717226,1201.359883163033,1187.3895344137238,1189.10205078125,1773135,0.0,0.0,LT.NS,11
2020-01-17 00:00:00+05:30,1190.2734931917496,1195.095493984487,1173.509099489461,1175.491943359375,2941837,0.0,0.0,LT.NS,12
2020-01-20 00:00:00+05:30,1184.2799417114525,1189.6428190312104,1177.565205178518,1180.3592529296875,2542477,0.0,0.0,LT.NS,13
2020-01-21 00:00:00+05:30,1175.988002058516,1184.2350370686559,1172.1123125929932,1173.8248291015625,1361576,0.0,0.0,LT.NS,14
2020-01-22 00:00:00+05:30,1181.6209795883565,1182.5222923111546,1164.4960378551918,1166.4788818359375,2449753,0.0,0.0,LT.NS,15
2020-01-23 00:00:00+05:30,1178.0157141126763,1207.6238146853252,1177.114401401037,1200.8189697265625,10056067,0.0,0.0,LT.NS,16
2020-01-24 00:00:00+05:30,1200.5486665578164,1232.8607088895187,1200.5486665578164,1225.0643310546875,5837319,0.0,0.0,LT.NS,17
2020-01-27 00:00:00+05:30,1207.7589868906114,1230.2016945472378,1207.7589868906114,1215.51025390625,2510013,0.0,0.0,LT.NS,18
2020-01-28 00:00:00+05:30,1217.5833867126116,1221.2787468940803,1205.9564305123833,1213.7528076171875,2352852,0.0,0.0,LT.NS,19
2020-01-29 00:00:00+05:30,1219.566211300568,1239.2598720966319,1218.664898586574,1230.9227294921875,3678474,0.0,0.0,LT.NS,20
2020-01-30 00:00:00+05:30,1231.1481803494494,1240.9275122895733,1219.4762235495753,1234.978759765625,2743506,0.0,0.0,LT.NS,21
2020-01-31 00:00:00+05:30,1240.1612443560832,1241.1076667606287,1226.1908966184,1234.1676025390625,3939306,0.0,0.0,LT.NS,22
2020-02-03 00:00:00+05:30,1162.6935703627917,1175.2218409163702,1146.469939148427,1159.6741943359375,5767353,0.0,0.0,LT.NS,23
2020-02-04 00:00:00+05:30,1168.101208692181,1178.286085771204,1160.4851607159026,1164.2706298828125,3604309,0.0,0.0,LT.NS,24
2020-02-05 00:00:00+05:30,1169.813919914962,1194.2394750990736,1167.2000907572078,1180.764892578125,4220104,0.0,0.0,LT.NS,25
2020-02-06 00:00:00+05:30,1192.3468264742094,1194.2395615103849,1179.8636651378474,1187.56982421875,2354458,0.0,0.0,LT.NS,26
2020-02-07 00:00:00+05:30,1183.4687863835425,1184.6855366283353,1168.1013595193417,1170.8052978515625,3053804,0.0,0.0,LT.NS,27
2020-02-10 00:00:00+05:30,1171.706528277896,1173.9147004179329,1147.4611942649792,1158.457275390625,3039992,0.0,0.0,LT.NS,28
2020-02-11 00:00:00+05:30,1164.4959645845279,1170.7600436044256,1157.2854632558312,1159.8992919921875,2200796,0.0,0.0,LT.NS,29
2020-02-12 00:00:00+05:30,1161.8822407457747,1171.5713527809678,1153.6803167485957,1169.2730712890625,2568696,0.0,0.0,LT.NS,30
2020-02-13 00:00:00+05:30,1170.8051740809092,1171.5712678560114,1158.1867965311533,1164.7213134765625,1545536,0.0,0.0,LT.NS,31
2020-02-14 00:00:00+05:30,1167.1999861638255,1176.1680038241677,1163.234188144355,1167.335205078125,1780119,0.0,0.0,LT.NS,32
2020-02-17 00:00:00+05:30,1169.00269466268,1169.7687885334267,1150.9764387696548,1153.860595703125,2155085,0.0,0.0,LT.NS,33
2020-02-18 00:00:00+05:30,1155.032219882387,1162.5131592683265,1141.4674197986667,1159.403564453125,2347917,0.0,0.0,LT.NS,34
2020-02-19 00:00:00+05:30,1169.9039077836637,1170.8052205015247,1150.615793616732,1154.942138671875,1820353,0.0,0.0,LT.NS,35
2020-02-20 00:00:00+05:30,1153.5901944292634,1161.7020090646422,1149.4441778425532,1154.2210693359375,3034681,0.0,0.0,LT.NS,36
2020-02-24 00:00:00+05:30,1146.3798721945736,1146.3798721945736,1129.0295992830593,1135.3837890625,3414064,0.0,0.0,LT.NS,37
2020-02-25 00:00:00+05:30,1137.6368264422551,1140.7464212180998,1117.7629477618193,1119.4754638671875,3133077,0.0,0.0,LT.NS,38
2020-02-26 00:00:00+05:30,1113.121287886874,1115.825226238016,1086.983217159166,1091.625,5721483,0.0,0.0,LT.NS,39
2020-02-27 00:00:00+05:30,1092.7064340006132,1096.852450431694,1081.5752441179375,1090.90380859375,4003149,0.0,0.0,LT.NS,40
2020-02-28 00:00:00+05:30,1072.2468609691434,1078.3757223748125,1047.325538500125,1070.3541259765625,6286647,0.0,0.0,LT.NS,41
2020-03-02 00:00:00+05:30,1086.081854299427,1092.7064809495769,1037.0054194983786,1046.333984375,3177486,0.0,0.0,LT.NS,42
2020-03-03 00:00:00+05:30,1050.930575238111,1069.6779228195194,1047.370434194182,1064.720703125,3134527,0.0,0.0,LT.NS,43
2020-03-04 00:00:00+05:30,1068.0556024996895,1070.6243218174516,1043.7201583921017,1060.5296630859375,3135151,0.0,0.0,LT.NS,44
2020-03-05 00:00:00+05:30,1063.639261048325,1070.0836698624805,1051.1109905609144,1065.75732421875,2625152,0.0,0.0,LT.NS,45
2020-03-06 00:00:00+05:30,1034.7070410521326,1049.1280451086081,1019.2495053243917,1044.5313720703125,3956575,0.0,0.0,LT.NS,46
2020-03-09 00:00:00+05:30,1023.7109996972022,1023.7109996972022,961.9710802883151,993.2014770507812,8038295,0.0,0.0,LT.NS,47
2020-03-11 00:00:00+05:30,982.4308577851016,1010.3264422605073,978.6453883975413,1006.72119140625,5628125,0.0,0.0,LT.NS,48
2020-03-12 00:00:00+05:30,964.4046711063331,964.4497807545828,905.0081371147974,916.2294921875,9200130,0.0,0.0,LT.NS,49
2020-03-13 00:00:00+05:30,856.246997438201,955.7969332888471,802.168239705262,947.6851196289062,8117911,0.0,0.0,LT.NS,50
2020-03-16 00:00:00+05:30,914.1564699249539,939.1678990996322,866.9727687839155,873.1016845703125,6671806,0.0,0.0,LT.NS,51
2020-03-17 00:00:00+05:30,876.0760134100633,905.8193348529976,847.3692236584831,862.3309936523438,4720207,0.0,0.0,LT.NS,52
2020-03-18 00:00:00+05:30,872.4707127398939,878.5545735983591,811.1814477953559,815.2824096679688,5586097,0.0,0.0,LT.NS,53
2020-03-19 00:00:00+05:30,787.6573306952145,796.7605685803951,755.029794146921,759.8968505859375,7251950,0.0,0.0,LT.NS,54
2020-03-20 00:00:00+05:30,765.2145516647732,791.1723487754299,749.2613044262993,779.3651733398438,6130185,0.0,0.0,LT.NS,55
2020-03-23 00:00:00+05:30,729.1619849723949,730.0182430522798,636.3267755136103,652.595458984375,7308612,0.0,0.0,LT.NS,56
2020-03-24 00:00:00+05:30,690.0212510801214,690.706702654042,614.1646102329028,646.9749145507812,7110384,10.0,0.0,LT.NS,57
2020-03-25 00:00:00+05:30,637.1956943867256,708.2998486854187,604.1112257820153,699.845947265625,16122446,0.0,0.0,LT.NS,58
2020-03-26 00:00:00+05:30,719.9525572200948,769.8077183852777,689.2443524017788,765.8778076171875,9028497,0.0,0.0,LT.NS,59
2020-03-27 00:00:00+05:30,793.204458581866,813.4024061290513,742.1154536817861,765.009521484375,6573448,0.0,0.0,LT.NS,60
2020-03-30 00:00:00+05:30,732.0620930766808,744.8571858395691,722.9227411031891,729.9143676757812,4474168,0.0,0.0,LT.NS,61
2020-03-31 00:00:00+05:30,749.4269429185026,752.1687488072289,723.1056175431676,738.9166870117188,8045468,0.0,0.0,LT.NS,62
2020-04-01 00:00:00+05:30,737.4087091946982,742.4810949741525,700.5771260278348,707.705810546875,4104403,0.0,0.0,LT.NS,63
2020-04-03 00:00:00+05:30,723.0142333923146,723.0142333923146,697.1498741322979,707.9800415039062,4268480,0.0,0.0,LT.NS,64
2020-04-07 00:00:00+05:30,735.717972209114,743.029455162745,722.9228770402598,732.6563110351562,5768998,0.0,0.0,LT.NS,65
2020-04-08 00:00:00+05:30,734.8039081255635,760.3940939806826,729.0461274645974,737.6370849609375,6151091,0.0,0.0,LT.NS,66
2020-04-09 00:00:00+05:30,762.5419136873181,762.5419136873181,735.1695954159538,742.8466186523438,6410296,0.0,0.0,LT.NS,67
2020-04-13 00:00:00+05:30,742.846615231047,797.317193647078,738.4140512521158,790.96533203125,9462711,0.0,0.0,LT.NS,68
2020-04-15 00:00:00+05:30,814.2707597664953,846.8525234664371,794.2098664820021,804.4002685546875,10435477,0.0,0.0,LT.NS,69
2020-04-16 00:00:00+05:30,800.5617048600521,840.6377488396631,795.2608908284301,833.189208984375,6980512,0.0,0.0,LT.NS,70
2020-04-17 00:00:00+05:30,849.9597949155996,859.0991475491006,837.164701228698,852.6102294921875,5827648,0.0,0.0,LT.NS,71
2020-04-20 00:00:00+05:30,859.830376592801,861.8410455437203,832.5951139876237,836.7991943359375,4958362,0.0,0.0,LT.NS,72
2020-04-21 00:00:00+05:30,819.8000027209331,828.573759701393,788.7262010570405,795.443603515625,5122305,0.0,0.0,LT.NS,73
2020-04-22 00:00:00+05:30,797.8655557828844,809.2897475896267,776.8450428584785,779.2212524414062,6090168,0.0,0.0,LT.NS,74
2020-04-23 00:00:00+05:30,785.98439631756,794.6667820908353,763.1360127036775,768.2540283203125,6321888,0.0,0.0,LT.NS,75
2020-04-24 00:00:00+05:30,765.8778749067568,794.2098726658373,762.3592458850376,777.9418334960938,7960368,0.0,0.0,LT.NS,76
2020-04-27 00:00:00+05:30,787.7665663243682,799.602039966361,778.9013824953528,781.6431884765625,4224177,0.0,0.0,LT.NS,77
2020-04-28 00:00:00+05:30,789.457397762933,793.0217681827619,778.7643422856376,783.3797607421875,3772704,0.0,0.0,LT.NS,78
2020-04-29 00:00:00+05:30,787.8122907592624,807.0506191857511,780.5008077823783,800.0133056640625,4837925,0.0,0.0,LT.NS,79
2020-04-30 00:00:00+05:30,813.5852707392904,837.8959290654897,808.0102315595135,820.3026733398438,6332497,0.0,0.0,LT.NS,80
2020-05-04 00:00:00+05:30,804.2630657133325,804.2630657133325,772.2753301451886,777.4390869140625,4678576,0.0,0.0,LT.NS,81
2020-05-05 00:00:00+05:30,786.8983166287067,794.9409363507046,763.1359981242392,764.8724975585938,4296433,0.0,0.0,LT.NS,82
2020-05-06 00:00:00+05:30,765.8778640800336,775.017218066669,747.2335596344218,765.2380981445312,5081524,0.0,0.0,LT.NS,83
2020-05-07 00:00:00+05:30,761.3081433221373,764.0956349713813,749.51835504425,752.0316772460938,3529134,0.0,0.0,LT.NS,84
2020-05-08 00:00:00+05:30,761.3081107302414,762.998868735316,740.2875986692624,745.7255249023438,4394509,0.0,0.0,LT.NS,85
2020-05-11 00:00:00+05:30,750.5236805402179,756.2814617816354,746.0910608598612,750.8892211914062,2882920,0.0,0.0,LT.NS,86
2020-05-12 00:00:00+05:30,746.6851072044183,748.7414615388246,734.8039488278486,744.6744384765625,3024381,0.0,0.0,LT.NS,87
2020-05-13 00:00:00+05:30,789.3660248669611,796.9059920003543,777.3020662970936,788.6348876953125,8625444,0.0,0.0,LT.NS,88
2020-05-14 00:00:00+05:30,784.9791592625571,803.8975779443582,769.0766605462292,796.6318359375,6778584,0.0,0.0,LT.NS,89
2020-05-15 00:00:00+05:30,806.0453537836754,808.8328456546345,780.5008476712518,790.0057983398438,5653901,0.0,0.0,LT.NS,90
2020-05-18 00:00:00+05:30,795.0324588129745,795.1238300437808,740.287703833865,743.349365234375,6211249,0.0,0.0,LT.NS,91
2020-05-19 00:00:00+05:30,755.9158259428488,762.0392032984306,723.562551434582,727.8123168945312,5533176,0.0,0.0,LT.NS,92
2020-05-20 00:00:00+05:30,731.1482503742515,768.6195982059319,731.1482503742515,763.135986328125,5949898,0.0,0.0,LT.NS,93
2020-05-21 00:00:00+05:30,764.0042848112987,772.275388765306,747.6905049639257,749.8839721679688,4701930,0.0,0.0,LT.NS,94
2020-05-22 00:00:00+05:30,744.8572434332959,755.3674990154836,740.3789383071432,745.4970092773438,4607479,0.0,0.0,LT.NS,95
2020-05-26 00:00:00+05:30,751.1634372386031,770.1732801160576,750.340873164648,754.499267578125,4335209,0.0,0.0,LT.NS,96
2020-05-27 00:00:00+05:30,760.3485421843347,783.4254102755114,755.8245509466565,777.6218872070312,5159287,0.0,0.0,LT.NS,97
2020-05-28 00:00:00+05:30,781.4146874110255,833.5089999050939,781.4146874110255,827.5684204101562,11481079,0.0,0.0,LT.NS,98
2020-05-29 00:00:00+05:30,816.327070867905,856.8143959689888,814.316401928927,852.0162353515625,10166556,0.0,0.0,LT.NS,99
2020-06-01 00:00:00+05:30,863.3489749202901,890.3100653791043,844.4761892862474,848.26904296875,7617144,0.0,0.0,LT.NS,100
2020-06-02 00:00:00+05:30,854.5295644945244,870.9804010302478,834.4686721181351,864.0802001953125,7325471,0.0,0.0,LT.NS,101
2020-06-03 00:00:00+05:30,873.6765082336641,889.1219821659997,872.8082584954774,878.5660400390625,4651554,0.0,0.0,LT.NS,102
2020-06-04 00:00:00+05:30,878.3375869157511,884.6894489713113,848.6803726403887,850.5996704101562,5355931,0.0,0.0,LT.NS,103
2020-06-05 00:00:00+05:30,859.099169014574,877.2865035225431,855.9917667286694,873.0366821289062,6071040,0.0,0.0,LT.NS,104
2020-06-08 00:00:00+05:30,895.1997048332531,909.3657032252034,867.3246757394152,878.6117553710938,9858804,0.0,0.0,LT.NS,105
2020-06-09 00:00:00+05:30,881.4906031916399,886.7457312044465,867.964371810766,871.2545166015625,5117749,0.0,0.0,LT.NS,106
2020-06-10 00:00:00+05:30,874.6361459930264,876.9209844099361,855.1693338373934,865.0855102539062,5175923,0.0,0.0,LT.NS,107
2020-06-11 00:00:00+05:30,862.755029504753,870.0665128056407,848.3148611419379,850.3712158203125,3602957,0.0,0.0,LT.NS,108
2020-06-12 00:00:00+05:30,813.4025280307769,849.8685737913254,813.4025280307769,846.6697998046875,5411314,0.0,0.0,LT.NS,109
2020-06-15 00:00:00+05:30,842.4655900435657,849.457217747176,817.1495698252494,822.450439453125,4982324,0.0,0.0,LT.NS,110
2020-06-16 00:00:00+05:30,840.8205203600886,845.1160276531482,814.4535078768888,818.017822265625,4661460,0.0,0.0,LT.NS,111
2020-06-17 00:00:00+05:30,815.8700747501316,822.3133076267802,805.2683915242541,808.6499633789062,4681085,0.0,0.0,LT.NS,112
2020-06-18 00:00:00+05:30,800.6073760608232,822.5418247200238,798.7795053392231,819.4801635742188,5869802,0.0,0.0,LT.NS,113
2020-06-19 00:00:00+05:30,824.3696716299125,837.073395090964,818.0634955096697,820.896728515625,5409996,0.0,0.0,LT.NS,114
2020-06-22 00:00:00+05:30,827.1114942020806,837.1647830818849,818.8860760276953,829.3506469726562,6839642,0.0,0.0,LT.NS,115
2020-06-23 00:00:00+05:30,831.6811394928379,886.5172585802778,830.7672041747139,884.3237915039062,14580218,0.0,0.0,LT.NS,116
2020-06-24 00:00:00+05:30,894.7426456803582,904.7045626182733,870.0663929394291,873.3108520507812,11985132,0.0,0.0,LT.NS,117
2020-06-25 00:00:00+05:30,868.1471163378209,881.764718094296,855.6718778617309,861.9323120117188,7508087,0.0,0.0,LT.NS,118
2020-06-26 00:00:00+05:30,872.8082045407187,892.0922169040854,859.5561427963833,879.3885498046875,6554103,0.0,0.0,LT.NS,119
2020-06-29 00:00:00+05:30,868.238639125817,873.8136228115382,849.9599309336945,855.9918823242188,4575801,0.0,0.0,LT.NS,120
2020-06-30 00:00:00+05:30,867.0504820129191,870.2035701425355,851.2394115357346,862.4351196289062,3656480,0.0,0.0,LT.NS,121
2020-07-01 00:00:00+05:30,860.0130965083836,860.0130965083836,838.0786498386692,844.7503662109375,6426017,0.0,0.0,LT.NS,122
2020-07-02 00:00:00+05:30,855.4434465145475,868.8783066707321,846.3040934534947,860.2872924804688,6542705,0.0,0.0,LT.NS,123
2020-07-03 00:00:00+05:30,866.4107170559472,873.1738609998495,860.5615084675891,862.9834594726562,3928063,0.0,0.0,LT.NS,124
2020-07-06 00:00:00+05:30,871.071770866241,876.9209794936123,865.1769324094129,869.3353271484375,3900219,0.0,0.0,LT.NS,125
2020-07-07 00:00:00+05:30,872.8082899664178,879.1144664162234,859.0992592339609,862.389404296875,4051767,0.0,0.0,LT.NS,126
2020-07-08 00:00:00+05:30,863.6232100957062,881.3992636029226,857.2713483306358,860.2416381835938,5227021,0.0,0.0,LT.NS,127
2020-07-09 00:00:00+05:30,863.668976630437,870.0665246054773,859.0992995054082,863.623291015625,3777760,0.0,0.0,LT.NS,128
2020-07-10 00:00:00+05:30,859.0992359654501,870.0664602543708,850.4625356814877,851.9248657226562,4537688,0.0,0.0,LT.NS,129
2020-07-13 00:00:00+05:30,859.0991536028923,863.4860317414494,845.3901245560377,848.26904296875,3821300,0.0,0.0,LT.NS,130
2020-07-14 00:00:00+05:30,848.1319434424951,854.4838048219115,827.8882545916356,834.33154296875,3646237,0.0,0.0,LT.NS,131
2020-07-15 00:00:00+05:30,839.0384558086679,845.3903185477085,831.0415203629464,833.6919555664062,3229770,0.0,0.0,LT.NS,132
2020-07-16 00:00:00+05:30,834.4228655188449,844.4761530552165,821.1251190703529,841.8714599609375,3134451,0.0,0.0,LT.NS,133
2020-07-17 00:00:00+05:30,842.7397950703038,849.914221302287,838.9926823096829,845.8928833007812,2040517,0.0,0.0,LT.NS,134
2020-07-20 00:00:00+05:30,849.0459709694064,851.6964058934889,836.2508756049589,840.4549560546875,3035845,0.0,0.0,LT.NS,135
2020-07-21 00:00:00+05:30,847.2181027783766,861.2013030270188,841.3688939954021,857.3170776367188,4756570,0.0,0.0,LT.NS,136
2020-07-22 00:00:00+05:30,858.3680095148696,860.0130818305853,831.6810886990783,841.6430053710938,4977432,0.0,0.0,LT.NS,137
2020-07-23 00:00:00+05:30,833.5090248192769,857.2256578990257,832.9149445391519,837.6674194335938,9075059,0.0,0.0,LT.NS,138
2020-07-24 00:00:00+05:30,835.7024633816231,835.7938345990501,820.7595877081635,826.5631103515625,6059379,0.0,0.0,LT.NS,139
2020-07-27 00:00:00+05:30,829.8532488727776,836.2507959455853,819.1601947517908,826.0147094726562,3615970,0.0,0.0,LT.NS,140
2020-07-28 00:00:00+05:30,830.5844365378703,838.0787175788734,821.6278812468998,834.8799438476562,3793721,0.0,0.0,LT.NS,141
2020-07-29 00:00:00+05:30,840.4549405877204,859.8760671227766,838.30721478966,842.6027221679688,7245021,0.0,0.0,LT.NS,142
2020-07-30 00:00:00+05:30,849.0459457468862,852.4275177206148,826.3803600739127,830.081787109375,3364408,0.0,0.0,LT.NS,143
2020-07-31 00:00:00+05:30,835.245571630945,843.4709901054637,828.9850807671368,834.8342895507812,2943858,0.0,0.0,LT.NS,144
2020-08-03 00:00:00+05:30,834.4229904147019,840.592054144493,825.7862900365568,837.0734252929688,3583167,0.0,0.0,LT.NS,145
2020-08-04 00:00:00+05:30,838.99267683785,849.959901371678,837.713144996028,844.7047729492188,3860346,0.0,0.0,LT.NS,146
2020-08-05 00:00:00+05:30,851.803454724512,861.5296476252363,848.8993996967343,853.462890625,3007723,8.0,0.0,LT.NS,147
2020-08-06 00:00:00+05:30,853.7395394370018,860.7922130572553,848.3924426577981,850.1441040039062,2188023,0.0,0.0,LT.NS,148
2020-08-07 00:00:00+05:30,850.5127919638554,854.4770157691773,842.722597861177,844.151611328125,2461109,0.0,0.0,LT.NS,149
2020-08-10 00:00:00+05:30,852.7715400129147,894.25772304057,852.7715400129147,885.0846557617188,11861641,0.0,0.0,LT.NS,150
2020-08-11 00:00:00+05:30,893.8889239426661,903.2003008963991,882.36498434837,886.7902221679688,5427516,0.0,0.0,LT.NS,151
2020-08-12 00:00:00+05:30,877.6631761647802,881.3508365688339,871.2097704576862,875.5888671875,3672458,0.0,0.0,LT.NS,152
2020-08-13 00:00:00+05:30,882.2727582055998,916.060969415733,877.2483096140097,913.34130859375,8816193,0.0,0.0,LT.NS,153
2020-08-14 00:00:00+05:30,921.8690332815888,937.587674785953,897.39219815828,906.0581665039062,13443785,0.0,0.0,LT.NS,154
2020-08-17 00:00:00+05:30,923.7589583333206,928.3685339737065,910.5755832556639,922.6526489257812,4735094,0.0,0.0,LT.NS,155
2020-08-18 00:00:00+05:30,927.4004447732809,929.2903593494614,917.6742523652845,926.1097412109375,4362050,0.0,0.0,LT.NS,156
2020-08-19 00:00:00+05:30,937.818134963123,944.9168362138627,926.8934635417787,930.3045043945312,4914223,0.0,0.0,LT.NS,157
2020-08-20 00:00:00+05:30,909.0082761403935,926.5246628002997,904.3987007035761,917.9969482421875,4791040,0.0,0.0,LT.NS,158
2020-08-21 00:00:00+05:30,931.1342433280039,931.1342433280039,914.5397716647326,916.5219116210938,2806380,0.0,0.0,LT.NS,159
2020-08-24 00:00:00+05:30,918.2274183461211,923.2057822785816,912.6959278741565,913.9404907226562,2026255,0.0,0.0,LT.NS,160
2020-08-25 00:00:00+05:30,915.4617505559715,921.8229876445683,901.4486289210058,903.8456420898438,2914757,0.0,0.0,LT.NS,161
2020-08-26 00:00:00+05:30,909.9302917990029,910.8522069882623,889.6481576352967,893.2897338867188,4482066,0.0,0.0,LT.NS,162
2020-08-27 00:00:00+05:30,899.0977623570232,903.476859379526,889.9246952349858,899.42041015625,4466609,0.0,0.0,LT.NS,163
2020-08-28 00:00:00+05:30,910.8521123442263,926.2481056589517,901.8173556821076,905.1823120117188,7821191,0.0,0.0,LT.NS,164
2020-08-31 00:00:00+05:30,910.9442996080768,917.6743249406832,866.9689937835459,871.1636962890625,8489726,0.0,0.0,LT.NS,165
2020-09-01 00:00:00+05:30,889.6020147909721,890.5700144223671,869.6425297447234,880.6133422851562,5099949,0.0,0.0,LT.NS,166
2020-09-02 00:00:00+05:30,881.765781322329,884.8541746541757,873.9755868314293,880.93603515625,2107714,0.0,0.0,LT.NS,167
2020-09-03 00:00:00+05:30,885.0384690072991,895.1795347980077,878.8616267718396,886.0986938476562,3278899,0.0,0.0,LT.NS,168
2020-09-04 00:00:00+05:30,873.9755626243369,881.489193608179,866.600241420756,868.905029296875,3130721,0.0,0.0,LT.NS,169
2020-09-07 00:00:00+05:30,873.1918852968145,876.5107570572327,844.7046869878405,859.3631591796875,3470806,0.0,0.0,LT.NS,170
2020-09-08 00:00:00+05:30,862.9125800399795,862.9125800399795,841.6624470951924,845.11962890625,3738931,0.0,0.0,LT.NS,171
2020-09-09 00:00:00+05:30,836.6841266686941,855.5373037211381,830.6455933758032,838.4818725585938,5656245,0.0,0.0,LT.NS,172
2020-09-10 00:00:00+05:30,846.0415564814641,850.9276955923399,840.7866287976317,849.0377807617188,2948599,0.0,0.0,LT.NS,173
2020-09-11 00:00:00+05:30,848.1619104176377,849.5908675998207,840.7865894574843,845.7649536132812,2632298,0.0,0.0,LT.NS,174
2020-09-14 00:00:00+05:30,850.3745288779885,851.2503032262746,830.645522809666,831.6596069335938,5006356,0.0,0.0,LT.NS,175
2020-09-15 00:00:00+05:30,838.9427519822256,843.7367218188277,829.7236008615417,838.8966674804688,4488829,0.0,0.0,LT.NS,176
2020-09-16 00:00:00+05:30,843.5522779230381,851.8495134435925,840.1872654542325,849.8212890625,3596197,0.0,0.0,LT.NS,177
2020-09-17 00:00:00+05:30,843.5524118113367,846.2720729174723,834.3793442760433,835.53173828125,4512652,0.0,0.0,LT.NS,178
2020-09-18 00:00:00+05:30,840.0490662525052,842.7225863315009,826.957860331208,830.3689575195312,7496145,0.0,0.0,LT.NS,179
2020-09-21 00:00:00+05:30,830.6455421875206,833.226893328929,806.0303966646317,812.9908447265625,4597697,0.0,0.0,LT.NS,180
2020-09-22 00:00:00+05:30,818.6145420712916,818.6145420712916,785.4716822529006,789.6203002929688,5089087,0.0,0.0,LT.NS,181
2020-09-23 00:00:00+05:30,798.5629050267147,805.4772685724275,787.8225711446802,793.400146484375,3709291,0.0,0.0,LT.NS,182
2020-09-24 00:00:00+05:30,789.1593935916602,792.7548852991301,777.1744962590766,784.2732543945312,11609426,0.0,0.0,LT.NS,183
2020-09-25 00:00:00+05:30,792.9392591491824,825.482911468943,785.4717683660739,819.8131103515625,4961967,0.0,0.0,LT.NS,184
2020-09-28 00:00:00+05:30,827.8797475225953,845.8570917059924,823.2701720909549,832.3510131835938,3853608,0.0,0.0,LT.NS,185
2020-09-29 00:00:00+05:30,838.8967003122261,841.5702204803179,822.7171007160545,825.5289306640625,3362381,0.0,0.0,LT.NS,186
2020-09-30 00:00:00+05:30,827.6953423702923,833.8721846213335,815.0650945997936,831.1986083984375,3582787,0.0,0.0,LT.NS,187
2020-10-01 00:00:00+05:30,838.8967085575305,842.2616651198074,830.3689933533335,832.3049926757812,2506154,0.0,0.0,LT.NS,188
2020-10-05 00:00:00+05:30,837.0528090551517,837.6059355960641,825.1600820024547,826.9117431640625,2788003,0.0,0.0,LT.NS,189
2020-10-06 00:00:00+05:30,830.691622378891,833.9183253562114,818.8911198871089,822.9014282226562,3497325,0.0,0.0,LT.NS,190
2020-10-07 00:00:00+05:30,825.1139949574335,825.1139949574335,807.6436929723657,818.5684204101562,5073845,0.0,0.0,LT.NS,191
2020-10-08 00:00:00+05:30,820.7809489845949,824.1920458869662,810.4094047829973,812.2532348632812,3918217,0.0,0.0,LT.NS,192
2020-10-09 00:00:00+05:30,818.1075517311015,843.5063036394187,816.4480593947719,837.5138549804688,9668150,0.0,0.0,LT.NS,193
2020-10-12 00:00:00+05:30,845.3500574842288,853.4628990651361,831.6135000631464,835.0245971679688,6188905,0.0,0.0,LT.NS,194
2020-10-13 00:00:00+05:30,837.0528293527428,844.1976714038101,819.4442171169604,826.4508056640625,4548652,0.0,0.0,LT.NS,195
2020-10-14 00:00:00+05:30,826.9578884103696,845.3961913849598,817.9231312066674,843.7367553710938,5286914,0.0,0.0,LT.NS,196
2020-10-15 00:00:00+05:30,841.7084890715274,847.2399796897412,816.2636547354371,819.3981323242188,4927777,0.0,0.0,LT.NS,197
2020-10-16 00:00:00+05:30,824.1920717234442,832.9502648793422,820.0434539127557,824.2842407226562,2373435,0.0,0.0,LT.NS,198
2020-10-19 00:00:00+05:30,828.8016644095354,835.2550700278521,814.972938084571,832.3971557617188,5800391,0.0,0.0,LT.NS,199
2020-10-20 00:00:00+05:30,847.2399964522026,862.4515959532487,841.7085057245495,845.6727294921875,13188572,0.0,0.0,LT.NS,200
2020-10-21 00:00:00+05:30,852.7254229036025,858.3029982657683,837.698217324225,852.2644653320312,6390783,0.0,0.0,LT.NS,201
2020-10-22 00:00:00+05:30,850.005772493033,865.6783301203449,848.3002519648138,863.1891479492188,6151367,0.0,0.0,LT.NS,202
2020-10-23 00:00:00+05:30,866.6002305880644,874.4365092689139,855.5372489209827,867.7526245117188,5102184,0.0,0.0,LT.NS,203
2020-10-26 00:00:00+05:30,875.6810170613015,884.3470413292177,869.3659212650011,877.4326782226562,6975809,0.0,0.0,LT.NS,204
2020-10-27 00:00:00+05:30,885.0384886030934,909.0082810027604,880.5672229131558,905.2745361328125,9638520,0.0,0.0,LT.NS,205
2020-10-28 00:00:00+05:30,912.6498791233026,916.982891416582,898.129716065629,906.104248046875,7369181,0.0,0.0,LT.NS,206
2020-10-29 00:00:00+05:30,876.8334312761864,883.9321888176323,853.6933847165095,861.5296630859375,11852038,0.0,0.0,LT.NS,207
2020-10-30 00:00:00+05:30,867.5221288721045,872.8692253201262,852.0339660929529,856.9201049804688,4797473,0.0,0.0,LT.NS,208
2020-11-02 00:00:00+05:30,857.3810696173189,864.7103061437008,848.7611856724081,856.7357177734375,3682174,0.0,0.0,LT.NS,209
2020-11-03 00:00:00+05:30,871.1175597128941,878.4928801675895,859.6857905004246,873.7449951171875,4049112,0.0,0.0,LT.NS,210
2020-11-04 00:00:00+05:30,877.9739810567288,893.3861241921229,873.9799864947902,883.2366333007812,3369408,18.0,0.0,LT.NS,211
2020-11-05 00:00:00+05:30,894.6547344132923,901.984877278151,887.4185449426404,900.3872680664062,2889134,0.0,0.0,LT.NS,212
2020-11-06 00:00:00+05:30,901.2331605226832,909.221149953802,892.8692427631269,902.8777465820312,3419233,0.0,0.0,LT.NS,213
2020-11-09 00:00:00+05:30,912.5103370814066,915.8934626585526,904.4283941145521,907.6705322265625,3040456,0.0,0.0,LT.NS,214
2020-11-10 00:00:00+05:30,916.2694008197855,974.4407836716861,913.0741820170718,971.4334716796875,12149416,0.0,0.0,LT.NS,215
2020-11-11 00:00:00+05:30,977.3538514858947,998.7805010399662,959.7332892595864,995.6322021484375,10254627,0.0,0.0,LT.NS,216
2020-11-12 00:00:00+05:30,991.356475039943,1011.044473205973,989.0539857833769,1008.5540771484375,6743163,0.0,0.0,LT.NS,217
2020-11-13 00:00:00+05:30,1000.8950335306748,1003.8082770645774,975.5683416150478,988.1611938476562,5025096,0.0,0.0,LT.NS,218
2020-11-14 00:00:00+05:30,996.1962906082563,1003.4794573424581,990.5106758514439,995.3973999023438,911852,0.0,0.0,LT.NS,219
2020-11-17 00:00:00+05:30,998.9686154286076,1030.7795874355465,997.1361224631123,1015.7904052734375,7611327,0.0,0.0,LT.NS,220
2020-11-18 00:00:00+05:30,1015.7902906922253,1084.7219137284046,1014.145704728158,1078.9893798828125,13436421,0.0,0.0,LT.NS,221
2020-11-19 00:00:00+05:30,1057.2809794350082,1106.1016477366652,1040.9759908148128,1065.9267578125,10841151,0.0,0.0,LT.NS,222
2020-11-20 00:00:00+05:30,1071.3302483170728,1091.0652792071241,1051.1253357391631,1064.0941162109375,7009257,0.0,0.0,LT.NS,223
2020-11-23 00:00:00+05:30,1070.202474065329,1078.7072629580653,1055.2131808501786,1058.032470703125,4998877,0.0,0.0,LT.NS,224
2020-11-24 00:00:00+05:30,1066.6314366692125,1075.0893070921402,1060.3350679079167,1067.101318359375,4623887,0.0,0.0,LT.NS,225
2020-11-25 00:00:00+05:30,1072.739968740812,1078.660524310631,1045.4397948715155,1048.7760009765625,4651911,0.0,0.0,LT.NS,226
2020-11-26 00:00:00+05:30,1061.93260815227,1066.5843909471155,1035.1963861613372,1051.4542236328125,7360928,0.0,0.0,LT.NS,227
2020-11-27 00:00:00+05:30,1060.9930660061702,1071.1425584057881,1026.2218140644268,1054.7906494140625,18995549,0.0,0.0,LT.NS,228
2020-12-01 00:00:00+05:30,1071.3302366629468,1071.3302366629468,1044.2650058498418,1048.7288818359375,3551604,0.0,0.0,LT.NS,229
2020-12-02 00:00:00+05:30,1052.582177160565,1063.8593394080397,1037.5928801762936,1046.66162109375,4434968,0.0,0.0,LT.NS,230
2020-12-03 00:00:00+05:30,1066.631525049448,1068.9338996351341,1052.8170481008935,1057.3748779296875,4087608,0.0,0.0,LT.NS,231
2020-12-04 00:00:00+05:30,1061.9327898593817,1092.0052228465502,1060.7580854458206,1080.2581787109375,6542918,0.0,0.0,LT.NS,232
2020-12-07 00:00:00+05:30,1085.2387074359929,1101.3086369626687,1075.0892178837764,1099.2410888671875,5484461,0.0,0.0,LT.NS,233
2020-12-08 00:00:00+05:30,1104.175080859795,1111.2703411872458,1078.8955344281308,1100.8389892578125,4982626,0.0,0.0,LT.NS,234
2020-12-09 00:00:00+05:30,1107.0411836913236,1113.619526888131,1096.092918141768,1109.8604736328125,4304573,0.0,0.0,LT.NS,235
2020-12-10 00:00:00+05:30,1110.800458644329,1121.8426797856748,1099.5703306895944,1118.6474609375,4921373,0.0,0.0,LT.NS,236
2020-12-11 00:00:00+05:30,1116.4388202180237,1143.5040496253414,1110.8002403179325,1122.359375,6689415,0.0,0.0,LT.NS,237
2020-12-14 00:00:00+05:30,1125.9306336573827,1187.7671182424901,1125.9306336573827,1174.37548828125,9723233,0.0,0.0,LT.NS,238
2020-12-15 00:00:00+05:30,1174.704411084817,1176.5839381425526,1142.8464045127512,1171.1802978515625,6953407,0.0,0.0,LT.NS,239
2020-12-16 00:00:00+05:30,1180.5778192106188,1201.0176739909818,1171.9320414662714,1191.85498046875,5729223,0.0,0.0,LT.NS,240
2020-12-17 00:00:00+05:30,1193.499567102873,1206.6562552441644,1178.510386143074,1201.76953125,5345257,0.0,0.0,LT.NS,241
2020-12-18 00:00:00+05:30,1206.6093446159805,1222.6323587711643,1193.499689192451,1204.35400390625,10315248,0.0,0.0,LT.NS,242
2020-12-21 00:00:00+05:30,1199.3728979236728,1257.8731626803808,1084.4868358111016,1160.4666748046875,21153346,0.0,0.0,LT.NS,243
2020-12-22 00:00:00+05:30,1160.8428209805495,1191.6200744815517,1140.4499996621932,1186.6392822265625,7998730,0.0,0.0,LT.NS,244
2020-12-23 00:00:00+05:30,1191.6199899587327,1194.7212550623872,1173.153616224526,1188.61279296875,4057070,0.0,0.0,LT.NS,245
2020-12-24 00:00:00+05:30,1198.1983288687693,1203.8369092399164,1177.9934158721587,1186.1693115234375,3277840,0.0,0.0,LT.NS,246
2020-12-28 00:00:00+05:30,1198.198461766403,1213.234677757197,1190.2104720212935,1211.7310791015625,3405825,0.0,0.0,LT.NS,247
2020-12-29 00:00:00+05:30,1216.9466662807433,1217.040734402037,1191.33811158244,1207.455078125,3778319,0.0,0.0,LT.NS,248
2020-12-30 00:00:00+05:30,1210.6032544188238,1218.2623496317071,1194.439368645055,1214.221435546875,2866392,0.0,0.0,LT.NS,249
2020-12-31 00:00:00+05:30,1215.11429700686,1225.4516962853404,1204.7768977283793,1210.03955078125,3889877,0.0,0.0,LT.NS,250
2021-01-01 00:00:00+05:30,1205.7164809227725,1221.6454251774614,1205.7164809227725,1218.8731689453125,2058419,0.0,0.0,LT.NS,251
2021-01-04 00:00:00+05:30,1226.3913791949135,1242.88427466408,1223.5720886680285,1235.4130859375,4014636,0.0,0.0,LT.NS,252
2021-01-05 00:00:00+05:30,1228.2708256356057,1233.9094063194723,1217.0406983271253,1227.613037109375,2833637,0.0,0.0,LT.NS,253
2021-01-06 00:00:00+05:30,1229.210419119221,1249.8852121013485,1221.6923125802655,1234.8489990234375,4615963,0.0,0.0,LT.NS,254
2021-01-07 00:00:00+05:30,1249.885427396082,1265.6734997342894,1245.186609999856,1258.2962646484375,4270598,0.0,0.0,LT.NS,255
2021-01-08 00:00:00+05:30,1268.4926281734622,1299.6456917581202,1265.8612448807396,1290.6710205078125,4984995,0.0,0.0,LT.NS,256
2021-01-11 00:00:00+05:30,1298.7532195818865,1301.5254761535812,1263.9819684063946,1268.6807861328125,3252470,0.0,0.0,LT.NS,257
2021-01-12 00:00:00+05:30,1272.4397586013988,1284.5156964393634,1263.0891578131886,1268.4927978515625,2836161,0.0,0.0,LT.NS,258
2021-01-13 00:00:00+05:30,1272.4396744310307,1290.295179463667,1263.3240151170442,1271.030029296875,4389762,0.0,0.0,LT.NS,259
2021-01-14 00:00:00+05:30,1276.1987674675784,1305.989223000958,1274.5541814270275,1293.6783447265625,5168591,0.0,0.0,LT.NS,260
2021-01-15 00:00:00+05:30,1293.7724093755548,1301.1026108163408,1264.02898534411,1272.580810546875,2587576,0.0,0.0,LT.NS,261
2021-01-18 00:00:00+05:30,1264.1696660946172,1272.2986423599743,1246.2672423489344,1255.5709228515625,3185998,0.0,0.0,LT.NS,262
2021-01-19 00:00:00+05:30,1259.3300784814487,1298.7531099926741,1256.4637540233034,1287.3349609375,3885798,0.0,0.0,LT.NS,263
2021-01-20 00:00:00+05:30,1286.5360982121044,1309.1374539324454,1280.4746701519712,1299.3638916015625,3957992,0.0,0.0,LT.NS,264
2021-01-21 00:00:00+05:30,1310.9698549630618,1311.909618299953,1279.0649355624914,1288.697509765625,2985423,0.0,0.0,LT.NS,265
2021-01-22 00:00:00+05:30,1279.9576823506543,1292.17460589732,1267.270877129117,1280.0516357421875,3282665,0.0,0.0,LT.NS,266
2021-01-25 00:00:00+05:30,1287.4759450741901,1312.28572345556,1261.1625680945715,1279.300048828125,4847989,0.0,0.0,LT.NS,267
2021-01-27 00:00:00+05:30,1286.3483301205506,1308.8085860916456,1249.9794136865903,1277.9373779296875,8896211,0.0,0.0,LT.NS,268
2021-01-28 00:00:00+05:30,1263.6999218023818,1282.871119982579,1259.283079276882,1264.310791015625,2962948,0.0,0.0,LT.NS,269
2021-01-29 00:00:00+05:30,1279.9579590450292,1286.5363039153046,1245.2806609997024,1254.3023681640625,5130876,0.0,0.0,LT.NS,270
2021-02-01 00:00:00+05:30,1264.6865887958854,1373.9340834624445,1256.6515658819121,1361.576171875,11317043,0.0,0.0,LT.NS,271
2021-02-02 00:00:00+05:30,1385.211390424426,1497.0432462320969,1385.211390424426,1428.62841796875,14349665,0.0,0.0,LT.NS,272
2021-02-03 00:00:00+05:30,1437.83819716557,1464.1515759372273,1414.34410897659,1436.4755859375,6197782,0.0,0.0,LT.NS,273
2021-02-04 00:00:00+05:30,1433.139114429304,1456.6331982724075,1419.0426641234421,1437.6500244140625,3957579,0.0,0.0,LT.NS,274
2021-02-05 00:00:00+05:30,1441.9730334992048,1453.814029803026,1420.0764996392024,1425.1512451171875,3270494,0.0,0.0,LT.NS,275
2021-02-08 00:00:00+05:30,1429.521178810346,1475.4285998823505,1428.440427911575,1458.324951171875,5223019,0.0,0.0,LT.NS,276
2021-02-09 00:00:00+05:30,1463.21156719599,1479.6574261721812,1451.934406755173,1472.09228515625,3825206,0.0,0.0,LT.NS,277
2021-02-10 00:00:00+05:30,1466.0309770962806,1469.790030883707,1436.6163353227823,1459.3116455078125,2578777,0.0,0.0,LT.NS,278
2021-02-11 00:00:00+05:30,1456.0694122552989,1465.9369278018164,1434.5958418427476,1438.307861328125,2720190,0.0,0.0,LT.NS,279
2021-02-12 00:00:00+05:30,1442.5369005237064,1450.9947716016957,1424.7753483164856,1429.7091064453125,1867284,0.0,0.0,LT.NS,280
2021-02-15 00:00:00+05:30,1435.018718479658,1450.9946963540224,1429.7090323015004,1445.0272216796875,1917477,0.0,0.0,LT.NS,281
2021-02-16 00:00:00+05:30,1447.2356148942094,1479.1875700282374,1446.2958515079144,1456.1163330078125,3838556,0.0,0.0,LT.NS,282
2021-02-17 00:00:00+05:30,1450.9948154706967,1472.6093755457134,1440.6574171739494,1455.082763671875,2340184,0.0,0.0,LT.NS,283
2021-02-18 00:00:00+05:30,1449.3031191259008,1457.7609900149653,1423.8825871174313,1432.7633056640625,2446843,0.0,0.0,LT.NS,284
2021-02-19 00:00:00+05:30,1432.058655731224,1453.8142047509364,1408.564567095947,1417.915283203125,3044240,0.0,0.0,LT.NS,285
2021-02-22 00:00:00+05:30,1419.8886727156196,1420.8753555447347,1359.9317164736676,1364.7244873046875,6168108,0.0,0.0,LT.NS,286
2021-02-23 00:00:00+05:30,1373.9340892608845,1407.7655716229856,1372.0545624629901,1396.7703857421875,3733776,0.0,0.0,LT.NS,287
2021-02-24 00:00:00+05:30,1397.146357528712,1439.7176902083152,1397.146357528712,1434.6429443359375,2380414,0.0,0.0,LT.NS,288
2021-02-25 00:00:00+05:30,1441.5970707985957,1447.7994863605447,1411.5246416815455,1415.70654296875,3168105,0.0,0.0,LT.NS,289
2021-02-26 00:00:00+05:30,1392.7294205954831,1403.5367001750028,1348.7015262954053,1355.6087646484375,5579058,0.0,0.0,LT.NS,290
2021-03-01 00:00:00+05:30,1368.2957442518132,1396.4886510701883,1351.5679069860178,1384.1307373046875,2494481,0.0,0.0,LT.NS,291
2021-03-02 00:00:00+05:30,1390.1921926818509,1399.9187219721164,1370.3161716956063,1396.15966796875,2089473,0.0,0.0,LT.NS,292
2021-03-03 00:00:00+05:30,1403.5367149149793,1419.042811865831,1392.1185660349993,1406.73193359375,2184001,0.0,0.0,LT.NS,293
2021-03-04 00:00:00+05:30,1384.271487100366,1404.3354127309854,1370.175036111564,1374.4979248046875,3530366,0.0,0.0,LT.NS,294
2021-03-05 00:00:00+05:30,1366.0401538059884,1388.2185487018996,1352.4135835233337,1375.390869140625,3306902,0.0,0.0,LT.NS,295
2021-03-08 00:00:00+05:30,1388.9702911206252,1433.1391704729049,1381.452183996833,1423.929443359375,4150049,0.0,0.0,LT.NS,296
2021-03-09 00:00:00+05:30,1433.1393168368324,1439.9996361748092,1401.9392149735686,1417.4453125,3779948,0.0,0.0,LT.NS,297
2021-03-10 00:00:00+05:30,1431.2596589078896,1442.301878863351,1416.693326200685,1432.3873291015625,2210547,0.0,0.0,LT.NS,298
2021-03-12 00:00:00+05:30,1434.360893277385,1470.7296902090902,1412.6053480794126,1422.8017578125,4885349,0.0,0.0,LT.NS,299
2021-03-15 00:00:00+05:30,1428.440448609941,1436.0525096360634,1375.1559067098653,1394.3740234375,3181450,0.0,0.0,LT.NS,300
2021-03-16 00:00:00+05:30,1398.649946497037,1406.825842379491,1369.2353055089634,1373.7462158203125,3233903,0.0,0.0,LT.NS,301
2021-03-17 00:00:00+05:30,1387.0908075235695,1403.0197516011312,1345.5062762004543,1351.0509033203125,5178384,0.0,0.0,LT.NS,302
2021-03-18 00:00:00+05:30,1367.872747636055,1381.170308797425,1334.4641108060991,1342.076171875,3381940,0.0,0.0,LT.NS,303
2021-03-19 00:00:00+05:30,1329.7654463816152,1336.2028038676488,1295.5580296231224,1326.2413330078125,9920812,0.0,0.0,LT.NS,304
2021-03-22 00:00:00+05:30,1324.1266570234568,1332.0206926844276,1308.3856197593382,1315.7158203125,2964175,0.0,0.0,LT.NS,305
2021-03-23 00:00:00+05:30,1317.454339413569,1331.1748621727186,1313.8831925903928,1319.7567138671875,2564844,0.0,0.0,LT.NS,306
2021-03-24 00:00:00+05:30,1315.6686780948455,1322.2470214853197,1278.1251784889496,1286.677001953125,4237815,0.0,0.0,LT.NS,307
2021-03-25 00:00:00+05:30,1279.0180556516348,1305.331432255783,1279.0180556516348,1288.5096435546875,3894604,0.0,0.0,LT.NS,308
2021-03-26 00:00:00+05:30,1302.7940065450275,1323.1868258000918,1298.7529781645787,1314.0711669921875,3093766,0.0,0.0,LT.NS,309
2021-03-30 00:00:00+05:30,1323.1869255672534,1342.1701011977377,1311.4869166080375,1337.80029296875,2801282,0.0,0.0,LT.NS,310
2021-03-31 00:00:00+05:30,1337.847139900451,1345.365247025171,1325.4423090315477,1333.4302978515625,2400871,0.0,0.0,LT.NS,311
2021-04-01 00:00:00+05:30,1345.7412787030228,1360.6365066446647,1334.9339988810364,1357.582275390625,1380763,0.0,0.0,LT.NS,312
2021-04-05 00:00:00+05:30,1352.3196181194146,1352.3196181194146,1298.1892657997046,1319.239990234375,2548649,0.0,0.0,LT.NS,313
2021-04-06 00:00:00+05:30,1321.213506598395,1330.9870697865308,1309.372509630002,1316.608642578125,1824079,0.0,0.0,LT.NS,314
2021-04-07 00:00:00+05:30,1317.548455214849,1331.832814833854,1305.5664703332588,1319.5689697265625,1841308,0.0,0.0,LT.NS,315
2021-04-08 00:00:00+05:30,1325.0664249488439,1348.3726037000781,1325.0664249488439,1333.665283203125,1644834,0.0,0.0,LT.NS,316
2021-04-09 00:00:00+05:30,1328.8255317787516,1331.6448221573487,1312.943506369211,1319.5218505859375,2015002,0.0,0.0,LT.NS,317
2021-04-12 00:00:00+05:30,1309.9831893579335,1309.9831893579335,1251.7648906675993,1264.122802734375,3755497,0.0,0.0,LT.NS,318
2021-04-13 00:00:00+05:30,1266.0964253311238,1298.7532082446562,1266.0964253311238,1290.953125,2063654,0.0,0.0,LT.NS,319
2021-04-15 00:00:00+05:30,1295.886739124,1307.304887770248,1276.2926945033714,1291.8458251953125,2625838,0.0,0.0,LT.NS,320
2021-04-16 00:00:00+05:30,1278.5481987545172,1309.3724864048365,1273.6614746057394,1277.279541015625,3752588,0.0,0.0,LT.NS,321
2021-04-19 00:00:00+05:30,1259.2829946626082,1265.1094820346088,1227.3310380816167,1231.512939453125,4157065,0.0,0.0,LT.NS,322
2021-04-20 00:00:00+05:30,1240.4876431656025,1258.7659947480915,1238.3261415368402,1251.294921875,2989204,0.0,0.0,LT.NS,323
2021-04-22 00:00:00+05:30,1231.0900518725757,1258.813072124668,1228.5057025270416,1256.2757568359375,2398100,0.0,0.0,LT.NS,324
2021-04-23 00:00:00+05:30,1249.8854325523473,1263.65299052353,1235.2720645029103,1243.213134765625,2062964,0.0,0.0,LT.NS,325
2021-04-26 00:00:00+05:30,1249.9323387701002,1260.4106087614143,1243.3069610048456,1255.429931640625,1431562,0.0,0.0,LT.NS,326
2021-04-27 00:00:00+05:30,1258.343206028849,1304.8144607678985,1255.4299624012017,1297.484375,4303909,0.0,0.0,LT.NS,327
2021-04-28 00:00:00+05:30,1301.4313445039836,1315.621749150862,1289.8252892526934,1293.0205078125,3220346,0.0,0.0,LT.NS,328
2021-04-29 00:00:00+05:30,1300.585639919325,1305.8484072525637,1271.96988745165,1276.8096923828125,2221346,0.0,0.0,LT.NS,329
2021-04-30 00:00:00+05:30,1268.6807198929494,1282.7771723362043,1255.6179843520883,1259.7059326171875,1968093,0.0,0.0,LT.NS,330
2021-05-03 00:00:00+05:30,1245.6564674533724,1269.9024106320721,1239.6889924199554,1261.6324462890625,1653245,0.0,0.0,LT.NS,331
2021-05-04 00:00:00+05:30,1268.680677800533,1269.5264878625107,1250.825171964822,1257.027587890625,2029558,0.0,0.0,LT.NS,332
2021-05-05 00:00:00+05:30,1261.350373423469,1265.6263427255387,1244.2467256496107,1258.0142822265625,1813150,0.0,0.0,LT.NS,333
2021-05-06 00:00:00+05:30,1263.0420941686032,1274.8361715151755,1255.2890455994877,1259.1890869140625,2333882,0.0,0.0,LT.NS,334
2021-05-07 00:00:00+05:30,1265.8613411388515,1277.98431233819,1258.343233693335,1261.8203125,2362325,0.0,0.0,LT.NS,335
2021-05-10 00:00:00+05:30,1265.8613265498993,1314.5880369261388,1265.8613265498993,1310.969970703125,3929224,0.0,0.0,LT.NS,336
2021-05-11 00:00:00+05:30,1296.8735883193638,1315.574904311761,1293.2084878437126,1300.2567138671875,1975828,0.0,0.0,LT.NS,337
2021-05-12 00:00:00+05:30,1296.87369948375,1339.1630592495244,1294.0544088326983,1301.8544921875,4283174,0.0,0.0,LT.NS,338
2021-05-14 00:00:00+05:30,1310.0301940982647,1338.1291430126817,1291.2819599476604,1330.235107421875,4558155,0.0,0.0,LT.NS,339
2021-05-17 00:00:00+05:30,1346.6811031371124,1354.199211179748,1285.7843821048737,1303.217041015625,9620003,0.0,0.0,LT.NS,340
2021-05-18 00:00:00+05:30,1320.3675007032414,1336.3434775800777,1312.8493939376713,1331.9266357421875,3312380,0.0,0.0,LT.NS,341
2021-05-19 00:00:00+05:30,1328.82556134776,1348.5605944370832,1315.6688726215446,1318.9110107421875,3215258,0.0,0.0,LT.NS,342
2021-05-20 00:00:00+05:30,1325.818340492536,1340.9954286577179,1317.2194818561225,1324.83154296875,1996254,0.0,0.0,LT.NS,343
2021-05-21 00:00:00+05:30,1329.7652674183798,1338.880926898248,1322.3411132999504,1332.631591796875,2185322,0.0,0.0,LT.NS,344
2021-05-24 00:00:00+05:30,1334.4640984296511,1370.1751095143882,1325.0664639336676,1356.3135986328125,5035538,0.0,0.0,LT.NS,345
2021-05-25 00:00:00+05:30,1372.0544645875352,1373.8869571978769,1355.2326780029186,1363.549560546875,2892219,0.0,0.0,LT.NS,346
2021-05-26 00:00:00+05:30,1371.0208030580065,1387.654568815532,1365.2882694460307,1384.177490234375,3230579,0.0,0.0,LT.NS,347
2021-05-27 00:00:00+05:30,1387.043807543286,1395.548712587694,1373.699212542129,1393.5281982421875,3747221,0.0,0.0,LT.NS,348
2021-05-28 00:00:00+05:30,1397.5222020958777,1409.31627926798,1385.117370455686,1389.0643310546875,2315923,0.0,0.0,LT.NS,349
2021-05-31 00:00:00+05:30,1383.6138975867186,1387.090976777114,1369.7523854542915,1379.2908935546875,2405318,0.0,0.0,LT.NS,350
2021-06-01 00:00:00+05:30,1377.6462543599662,1402.5970211251627,1374.8739979270438,1385.822265625,2077742,0.0,0.0,LT.NS,351
2021-06-02 00:00:00+05:30,1379.8547373930912,1385.775178374439,1367.4028715193208,1382.4390869140625,2469417,0.0,0.0,LT.NS,352
2021-06-03 00:00:00+05:30,1390.9438273135238,1423.7415939053476,1384.4594367146703,1419.841552734375,3025466,0.0,0.0,LT.NS,353
2021-06-04 00:00:00+05:30,1427.453778124014,1454.0491320984056,1425.5273317041965,1444.9334716796875,5677538,0.0,0.0,LT.NS,354
2021-06-07 00:00:00+05:30,1452.3574520729894,1474.958810086402,1447.9406095193526,1463.963623046875,3131245,0.0,0.0,LT.NS,355
2021-06-08 00:00:00+05:30,1466.9707688432031,1487.6455650728958,1452.9213509285498,1455.8345947265625,3945382,0.0,0.0,LT.NS,356
2021-06-09 00:00:00+05:30,1456.6332835346252,1461.3321005782852,1422.1440123210455,1427.7825927734375,3025732,0.0,0.0,LT.NS,357
2021-06-10 00:00:00+05:30,1433.1392393614396,1441.5971102822614,1423.7416050049712,1428.158447265625,1584311,0.0,0.0,LT.NS,358
2021-06-11 00:00:00+05:30,1429.3803472189857,1435.1599159450725,1408.376655001127,1412.887451171875,1909384,0.0,0.0,LT.NS,359
2021-06-14 00:00:00+05:30,1412.8871540412167,1427.970401603476,1388.970222816675,1424.4462890625,2005404,0.0,0.0,LT.NS,360
2021-06-15 00:00:00+05:30,1428.4404556580494,1431.91753456454,1415.1427797885783,1419.794677734375,1831871,0.0,0.0,LT.NS,361
2021-06-16 00:00:00+05:30,1415.1426785186259,1424.6812998748183,1398.3679249430934,1401.09326171875,1504791,0.0,0.0,LT.NS,362
2021-06-17 00:00:00+05:30,1391.7896938374415,1409.504212236898,1391.0848712375912,1397.9451904296875,1675778,0.0,0.0,LT.NS,363
2021-06-18 00:00:00+05:30,1397.9451337973599,1401.140237680134,1372.1485588575604,1387.0908203125,4649835,0.0,0.0,LT.NS,364
2021-06-21 00:00:00+05:30,1372.0544323491436,1380.8882304049685,1360.0724501488342,1378.6798095703125,1970012,0.0,0.0,LT.NS,365
2021-06-22 00:00:00+05:30,1381.5460975459537,1414.1559550851973,1381.029296526425,1408.8931884765625,3862264,0.0,0.0,LT.NS,366
2021-06-23 00:00:00+05:30,1414.3440514519868,1416.2235784306606,1387.1848636667069,1390.1451416015625,1818874,0.0,0.0,LT.NS,367
2021-06-24 00:00:00+05:30,1400.247571295537,1422.0500379281498,1392.7294635301917,1413.4512939453125,2762042,0.0,0.0,LT.NS,368
2021-06-25 00:00:00+05:30,1419.5127739052064,1437.1803736811514,1416.6934833909954,1432.05859375,2099002,0.0,0.0,LT.NS,369
2021-06-28 00:00:00+05:30,1434.0789223346,1435.9114150444084,1419.3716024484736,1423.224609375,1173658,0.0,0.0,LT.NS,370
2021-06-29 00:00:00+05:30,1421.8621522492842,1437.6502246780026,1413.3103274825712,1419.888671875,2174022,0.0,0.0,LT.NS,371
2021-06-30 00:00:00+05:30,1424.6814089820252,1431.6356815471493,1405.4162580030468,1410.162109375,2139362,0.0,0.0,LT.NS,372
2021-07-01 00:00:00+05:30,1406.9197309331064,1412.4643578093996,1390.9907875552733,1402.408935546875,2060651,0.0,0.0,LT.NS,373
2021-07-02 00:00:00+05:30,1409.645251262382,1410.256120481374,1386.6210454917632,1396.15966796875,1814564,0.0,0.0,LT.NS,374
2021-07-05 00:00:00+05:30,1400.2476239617404,1422.8019481060905,1398.3680969497113,1417.1163330078125,1605396,0.0,0.0,LT.NS,375
2021-07-06 00:00:00+05:30,1415.283846598929,1427.500772233581,1409.6452655367818,1414.81396484375,1072506,0.0,0.0,LT.NS,376
2021-07-07 00:00:00+05:30,1404.946247443603,1428.158356949266,1404.946247443603,1425.1041259765625,1096808,0.0,0.0,LT.NS,377
2021-07-08 00:00:00+05:30,1412.4644803604829,1432.1995130202101,1406.8258996005607,1410.302978515625,1456033,0.0,0.0,LT.NS,378
2021-07-09 00:00:00+05:30,1407.6716131534943,1412.323396074634,1396.018524105102,1409.2691650390625,1248405,0.0,0.0,LT.NS,379
2021-07-12 00:00:00+05:30,1413.7801350683703,1424.6813679748666,1401.7511172091367,1410.3499755859375,865284,0.0,0.0,LT.NS,380
2021-07-13 00:00:00+05:30,1423.7415950644752,1423.7415950644752,1410.9138013140155,1422.4259033203125,995833,0.0,0.0,LT.NS,381
2021-07-14 00:00:00+05:30,1422.3790475402548,1456.5394267705742,1417.1633143888716,1451.652587890625,4010254,0.0,0.0,LT.NS,382
2021-07-15 00:00:00+05:30,1456.6333859105061,1527.115646519079,1456.5863518498786,1512.4083251953125,9066480,0.0,0.0,LT.NS,383
2021-07-16 00:00:00+05:30,1512.4083875295278,1525.04827561662,1499.0167574619602,1521.2421875,4157388,0.0,0.0,LT.NS,384
2021-07-19 00:00:00+05:30,1503.6214825248564,1540.648184475474,1501.366027357626,1512.6431884765625,3027093,0.0,0.0,LT.NS,385
2021-07-20 00:00:00+05:30,1512.8781210934644,1524.9071387750344,1486.7057327492544,1494.552734375,1847026,0.0,0.0,LT.NS,386
2021-07-22 00:00:00+05:30,1513.0191266406903,1547.931361108793,1495.680537194334,1543.2325439453125,3231269,0.0,0.0,LT.NS,387
2021-07-23 00:00:00+05:30,1544.971066666182,1546.8035594532614,1510.0588325751426,1514.6636962890625,2259058,0.0,0.0,LT.NS,388
2021-07-26 00:00:00+05:30,1514.663764841503,1529.2771326103734,1496.855293065139,1501.3660888671875,2219416,0.0,0.0,LT.NS,389
2021-07-27 00:00:00+05:30,1513.1600851501553,1521.4769684269586,1488.82018976554,1511.37451171875,3984778,0.0,0.0,LT.NS,390
2021-07-28 00:00:00+05:30,1513.465339044031,1521.8764768886033,1475.972083019454,1515.1285400390625,4119892,18.0,0.0,LT.NS,391
2021-07-29 00:00:00+05:30,1514.9385542714208,1527.626379060454,1507.3353494821038,1516.83935546875,1672177,0.0,0.0,LT.NS,392
2021-07-30 00:00:00+05:30,1518.7399635858555,1544.3057596428469,1506.3847573739556,1522.018798828125,2536568,0.0,0.0,LT.NS,393
2021-08-02 00:00:00+05:30,1526.628454364903,1537.7480944263568,1522.5892520155137,1533.89892578125,1083353,0.0,0.0,LT.NS,394
2021-08-03 00:00:00+05:30,1544.4008874717624,1557.4213285475553,1530.430045849833,1553.287109375,1777140,0.0,0.0,LT.NS,395
2021-08-04 00:00:00+05:30,1558.6569618057983,1562.7437307338848,1533.5663631199316,1542.690185546875,2067087,0.0,0.0,LT.NS,396
2021-08-05 00:00:00+05:30,1539.6490189782053,1551.8616438577008,1529.0045783396986,1546.6820068359375,1831728,0.0,0.0,LT.NS,397
2021-08-06 00:00:00+05:30,1546.3017318012821,1557.7065386738177,1528.5292874978588,1530.4775390625,1192143,0.0,0.0,LT.NS,398
2021-08-09 00:00:00+05:30,1539.6487397899027,1543.4503416165444,1511.1367260900895,1518.2171630859375,1223794,0.0,0.0,LT.NS,399
2021-08-10 00:00:00+05:30,1526.3433956458448,1530.049981266805,1494.0297745674147,1509.663818359375,1429931,0.0,0.0,LT.NS,400
2021-08-11 00:00:00+05:30,1511.32695830923,1518.6451123962663,1485.2385087530881,1504.769287109375,1370930,0.0,0.0,LT.NS,401
2021-08-12 00:00:00+05:30,1511.137001776484,1546.301825088264,1503.5337967360995,1542.9278564453125,1645811,0.0,0.0,LT.NS,402
2021-08-13 00:00:00+05:30,1545.3513085353443,1593.6317033263667,1544.4009079765895,1585.6483154296875,5439442,0.0,0.0,LT.NS,403
2021-08-16 00:00:00+05:30,1590.970567572785,1593.8693357419647,1571.3447724339362,1573.9583740234375,1794407,0.0,0.0,LT.NS,404
2021-08-17 00:00:00+05:30,1575.7640823143115,1582.4168860394022,1544.448431186054,1557.4688720703125,1838525,0.0,0.0,LT.NS,405
2021-08-18 00:00:00+05:30,1565.3098868768489,1578.710512978482,1546.3968905414372,1551.8616943359375,1570228,0.0,0.0,LT.NS,406
2021-08-20 00:00:00+05:30,1538.6034068166837,1542.5000256994167,1511.1368089107038,1514.5582275390625,2416059,0.0,0.0,LT.NS,407
2021-08-23 00:00:00+05:30,1520.7359309770366,1538.698524978254,1490.1330789865883,1502.345703125,1973841,0.0,0.0,LT.NS,408
2021-08-24 00:00:00+05:30,1511.1369445204207,1533.3287751880684,1504.294106649626,1526.1533203125,1580003,0.0,0.0,LT.NS,409
2021-08-25 00:00:00+05:30,1534.8494151991692,1545.3513883219048,1511.136966440239,1514.74853515625,1795313,0.0,0.0,LT.NS,410
2021-08-26 00:00:00+05:30,1514.748571816795,1523.4446447762916,1506.3849998592452,1516.601806640625,2051262,0.0,0.0,LT.NS,411
2021-08-27 00:00:00+05:30,1524.442559102309,1584.0326301871237,1518.7877219508207,1556.8511962890625,4903187,0.0,0.0,LT.NS,412
2021-08-30 00:00:00+05:30,1565.0246185474373,1601.3774414262127,1563.5040007935563,1577.760009765625,3345934,0.0,0.0,LT.NS,413
2021-08-31 00:00:00+05:30,1577.712370482158,1592.8712118015612,1563.4087967861387,1589.2596435546875,3264644,0.0,0.0,LT.NS,414
2021-09-01 00:00:00+05:30,1589.3073023257566,1632.7881270118999,1589.2597358925007,1602.7554931640625,3530101,0.0,0.0,LT.NS,415
2021-09-02 00:00:00+05:30,1604.1811803011642,1625.1850101532214,1598.5737936127007,1602.5654296875,2400278,0.0,0.0,LT.NS,416
2021-09-03 00:00:00+05:30,1612.8297421159104,1619.767712574896,1589.16474508915,1607.6025390625,2336258,0.0,0.0,LT.NS,417
2021-09-06 00:00:00+05:30,1615.6810712329504,1630.8874813151428,1606.3670986513268,1610.168701171875,1850835,0.0,0.0,LT.NS,418
2021-09-07 00:00:00+05:30,1610.1685812103733,1620.432953657413,1596.1501729602578,1598.28857421875,1734879,0.0,0.0,LT.NS,419
2021-09-08 00:00:00+05:30,1598.5737793078977,1610.643820295918,1575.76416533442,1583.89013671875,1644392,0.0,0.0,LT.NS,420
2021-09-09 00:00:00+05:30,1573.1031321363002,1597.2433321972119,1573.1031321363002,1587.2166748046875,1225239,0.0,0.0,LT.NS,421
2021-09-13 00:00:00+05:30,1579.6133948103113,1592.5388200222578,1578.1402274449588,1588.78466796875,1578773,0.0,0.0,LT.NS,422
2021-09-14 00:00:00+05:30,1592.871361510185,1614.5405409966731,1592.301144369108,1612.3070068359375,1407269,0.0,0.0,LT.NS,423
2021-09-15 00:00:00+05:30,1615.6810798267327,1639.0609122493202,1612.829877921156,1631.837890625,2757989,0.0,0.0,LT.NS,424
2021-09-16 00:00:00+05:30,1624.8047634707902,1642.7673571396151,1624.4721464801198,1635.876953125,2128381,0.0,0.0,LT.NS,425
2021-09-17 00:00:00+05:30,1638.4905633429144,1655.3126068271065,1621.4783701375493,1631.077392578125,3473932,0.0,0.0,LT.NS,426
2021-09-20 00:00:00+05:30,1615.8709999848822,1648.9449861714284,1615.6333998427826,1619.815185546875,1820374,0.0,0.0,LT.NS,427
2021-09-21 00:00:00+05:30,1614.350453576156,1644.9058564027825,1608.4580161981244,1635.54443359375,2029747,0.0,0.0,LT.NS,428
2021-09-22 00:00:00+05:30,1635.544534031111,1644.1931569134683,1621.3835408638017,1626.04052734375,1487933,0.0,0.0,LT.NS,429
2021-09-23 00:00:00+05:30,1633.0733320519203,1686.9609975097574,1629.984530225494,1681.923828125,3702946,0.0,0.0,LT.NS,430
2021-09-24 00:00:00+05:30,1691.7130024293285,1720.225019324205,1663.2009855344522,1681.02099609375,3612494,0.0,0.0,LT.NS,431
2021-09-27 00:00:00+05:30,1684.1097734632917,1694.3265793688959,1650.8457542357437,1653.3167724609375,1650711,0.0,0.0,LT.NS,432
2021-09-28 00:00:00+05:30,1658.734191309426,1671.8021993839222,1633.738609458838,1650.9884033203125,1442615,0.0,0.0,LT.NS,433
2021-09-29 00:00:00+05:30,1646.093933566513,1655.5979401113543,1631.4577402843165,1635.6395263671875,1698747,0.0,0.0,LT.NS,434
2021-09-30 00:00:00+05:30,1634.6414289790216,1648.2322036611274,1612.8297821034646,1618.484619140625,1792078,0.0,0.0,LT.NS,435
2021-10-01 00:00:00+05:30,1613.304958346537,1627.5609668149893,1603.800952700902,1612.7347412109375,1563937,0.0,0.0,LT.NS,436
2021-10-04 00:00:00+05:30,1612.3546707827188,1638.4431217021001,1600.5222293309125,1630.1746826171875,1588493,0.0,0.0,LT.NS,437
2021-10-05 00:00:00+05:30,1629.4617774567193,1653.696991994571,1621.383372610769,1631.5526123046875,1705242,0.0,0.0,LT.NS,438
2021-10-06 00:00:00+05:30,1631.5526424100342,1649.800403302305,1606.176993126096,1610.9765625,1845661,0.0,0.0,LT.NS,439
2021-10-07 00:00:00+05:30,1625.1848708226673,1643.5276470575257,1615.6808657301372,1627.5133056640625,1378863,0.0,0.0,LT.NS,440
2021-10-08 00:00:00+05:30,1653.6969278842193,1654.6473284174863,1634.6889172188835,1641.2467041015625,1755402,0.0,0.0,LT.NS,441
2021-10-11 00:00:00+05:30,1647.7570246063858,1660.2072491450451,1629.937013525567,1631.7427978515625,1528151,0.0,0.0,LT.NS,442
2021-10-12 00:00:00+05:30,1625.66011171615,1639.9636861442489,1615.6809061195293,1632.9781494140625,1671988,0.0,0.0,LT.NS,443
2021-10-13 00:00:00+05:30,1641.3417123523127,1676.411515049255,1638.5380772001406,1665.1492919921875,2105025,0.0,0.0,LT.NS,444
2021-10-14 00:00:00+05:30,1686.9609834829519,1727.7331904559037,1679.7854128934093,1700.5517578125,4440909,0.0,0.0,LT.NS,445
2021-10-18 00:00:00+05:30,1717.516580554041,1720.700399570486,1693.6139806874378,1699.7440185546875,1918546,0.0,0.0,LT.NS,446
2021-10-19 00:00:00+05:30,1720.0349193884838,1791.5049925800984,1712.6693153075842,1754.4869384765625,6639827,0.0,0.0,LT.NS,447
2021-10-20 00:00:00+05:30,1762.9930159050182,1775.966006583684,1707.2045501637886,1717.088623046875,3295376,0.0,0.0,LT.NS,448
2021-10-21 00:00:00+05:30,1724.9769960921276,1735.906602403455,1702.2149493543789,1716.185791015625,2774633,0.0,0.0,LT.NS,449
2021-10-22 00:00:00+05:30,1725.9274829125402,1740.658692155461,1692.996079047,1703.35546875,1520637,0.0,0.0,LT.NS,450
2021-10-25 00:00:00+05:30,1703.3554480961882,1722.8862265199737,1673.0376462381355,1695.6572265625,2488386,0.0,0.0,LT.NS,451
2021-10-26 00:00:00+05:30,1696.4650975747,1722.0308973183214,1693.186261859617,1707.1571044921875,1930107,0.0,0.0,LT.NS,452
2021-10-27 00:00:00+05:30,1711.671396208532,1724.0266033993767,1687.0559986790188,1696.037353515625,1408879,0.0,0.0,LT.NS,453
2021-10-28 00:00:00+05:30,1710.2934398640773,1769.6459107101332,1702.1674683575986,1724.2642822265625,6379424,0.0,0.0,LT.NS,454
2021-10-29 00:00:00+05:30,1731.629919356137,1734.3861043409086,1649.7054328049533,1679.0252685546875,3984689,0.0,0.0,LT.NS,455
2021-11-01 00:00:00+05:30,1687.9114079632939,1715.473024422154,1664.341427481853,1706.3016357421875,2316925,0.0,0.0,LT.NS,456
2021-11-02 00:00:00+05:30,1710.7211772643248,1733.9584268492165,1706.3493574589013,1725.594970703125,1687119,0.0,0.0,LT.NS,457
2021-11-03 00:00:00+05:30,1727.8283376782053,1820.0171983794078,1727.8283376782053,1795.781982421875,11580233,0.0,0.0,LT.NS,458
2021-11-04 00:00:00+05:30,1805.7610512978608,1825.576879631333,1805.7610512978608,1814.26708984375,764191,0.0,0.0,LT.NS,459
2021-11-08 00:00:00+05:30,1848.1015177006168,1856.9877400332578,1817.3559657348503,1829.093505859375,3674523,0.0,0.0,LT.NS,460
2021-11-09 00:00:00+05:30,1837.5995854093692,1866.681820966781,1834.5583498537615,1847.1986083984375,3550645,0.0,0.0,LT.NS,461
2021-11-10 00:00:00+05:30,1836.8392673759804,1857.082847379593,1836.174033335401,1853.423828125,3208195,0.0,0.0,LT.NS,462
2021-11-11 00:00:00+05:30,1851.2377868495848,1883.456390416093,1830.138939920561,1835.8887939453125,7061537,0.0,0.0,LT.NS,463
2021-11-12 00:00:00+05:30,1843.7772247104026,1867.5372404927532,1832.4674339948633,1862.7376708984375,2026320,0.0,0.0,LT.NS,464
2021-11-15 00:00:00+05:30,1863.9730582479228,1876.5658653973353,1846.6282484006192,1850.4774169921875,1127678,0.0,0.0,LT.NS,465
2021-11-16 00:00:00+05:30,1853.2810679956533,1881.7455179926944,1847.5786647095129,1858.3182373046875,2279531,0.0,0.0,LT.NS,466
2021-11-17 00:00:00+05:30,1852.3307679753361,1880.7477690966198,1847.1511311155991,1856.037353515625,2166686,0.0,0.0,LT.NS,467
2021-11-18 00:00:00+05:30,1856.0373280836868,1857.0827455254184,1799.1083097643896,1802.909912109375,1883794,0.0,0.0,LT.NS,468
2021-11-22 00:00:00+05:30,1804.0978696029797,1805.7610705890486,1746.6936523663787,1772.0218505859375,2407464,0.0,0.0,LT.NS,469
2021-11-23 00:00:00+05:30,1758.2410485382786,1801.5792911801914,1753.0138454210025,1792.7880859375,2028470,0.0,0.0,LT.NS,470
2021-11-24 00:00:00+05:30,1800.058712248322,1808.0421003843473,1754.3919176247616,1770.12109375,1361828,0.0,0.0,LT.NS,471
2021-11-25 00:00:00+05:30,1762.9930156830555,1774.255238968243,1747.0262400781398,1758.14599609375,1930012,0.0,0.0,LT.NS,472
2021-11-26 00:00:00+05:30,1729.7292004554254,1750.4004148015272,1680.8785833493123,1689.9549560546875,2796595,0.0,0.0,LT.NS,473
2021-11-29 00:00:00+05:30,1689.8121426132143,1701.2645154078418,1649.087503099268,1679.5953369140625,2111420,0.0,0.0,LT.NS,474
2021-11-30 00:00:00+05:30,1679.5954839552678,1709.6756865711586,1664.4366405785024,1677.219482421875,3385628,0.0,0.0,LT.NS,475
2021-12-01 00:00:00+05:30,1676.50659289045,1705.0186097763421,1674.6533581991446,1697.4154052734375,1359786,0.0,0.0,LT.NS,476
2021-12-02 00:00:00+05:30,1697.367863165489,1705.0186342124643,1675.5562163414575,1700.4566650390625,2813690,0.0,0.0,LT.NS,477
2021-12-03 00:00:00+05:30,1710.6734904476043,1753.299049594169,1707.4422212638265,1711.9090576171875,3612772,0.0,0.0,LT.NS,478
2021-12-06 00:00:00+05:30,1709.770470016405,1730.6792806558497,1689.8120598605715,1694.2314453125,1566109,0.0,0.0,LT.NS,479
2021-12-07 00:00:00+05:30,1701.4069737807097,1720.224950585657,1684.2047474779908,1708.9151611328125,2097201,0.0,0.0,LT.NS,480
2021-12-08 00:00:00+05:30,1712.621905970312,1749.6875299064063,1712.621905970312,1734.5286865234375,3433206,0.0,0.0,LT.NS,481
2021-12-09 00:00:00+05:30,1743.9851166824099,1790.697329795599,1737.284745985879,1786.5631103515625,3791595,0.0,0.0,LT.NS,482
2021-12-10 00:00:00+05:30,1786.563055661637,1797.064912455173,1768.7430447968973,1780.48046875,1771926,0.0,0.0,LT.NS,483
2021-12-13 00:00:00+05:30,1799.7733819458294,1802.1969496291267,1763.0404954027208,1769.1705322265625,1857829,0.0,0.0,LT.NS,484
2021-12-14 00:00:00+05:30,1758.2411104976807,1781.0507249041373,1754.6295418103791,1773.162353515625,1685243,0.0,0.0,LT.NS,485
2021-12-15 00:00:00+05:30,1773.4474529765153,1804.5730714572126,1771.2140348535584,1787.513427734375,2176709,0.0,0.0,LT.NS,486
2021-12-16 00:00:00+05:30,1798.1577926998712,1813.364201094796,1773.7325456217986,1780.95556640625,2469902,0.0,0.0,LT.NS,487
2021-12-17 00:00:00+05:30,1773.9226574755626,1781.7158957150389,1740.8486713531588,1755.48486328125,2352938,0.0,0.0,LT.NS,488
2021-12-20 00:00:00+05:30,1730.6793438385648,1738.9003315250652,1683.634518182327,1710.1031494140625,2488158,0.0,0.0,LT.NS,489
2021-12-21 00:00:00+05:30,1727.73303124052,1760.331697631816,1722.600845518322,1736.9044189453125,2077840,0.0,0.0,LT.NS,490
2021-12-22 00:00:00+05:30,1736.904604613526,1786.325434154046,1736.904604613526,1778.199462890625,1692505,0.0,0.0,LT.NS,491
2021-12-23 00:00:00+05:30,1789.6042762334043,1794.2136958022952,1769.7408810848176,1785.2799072265625,1677127,0.0,0.0,LT.NS,492
2021-12-24 00:00:00+05:30,1795.0690376081466,1795.0690376081466,1758.2410163203554,1767.1748046875,1203991,0.0,0.0,LT.NS,493
2021-12-27 00:00:00+05:30,1767.1747970734712,1782.6188059340675,1754.2493728609718,1773.637451171875,1139744,0.0,0.0,LT.NS,494
2021-12-28 00:00:00+05:30,1779.244889764809,1814.3146941166672,1779.244889764809,1805.285888671875,1916098,0.0,0.0,LT.NS,495
2021-12-29 00:00:00+05:30,1801.0089162834784,1814.2669566224051,1796.3044802962938,1800.8663330078125,1287946,0.0,0.0,LT.NS,496
2021-12-30 00:00:00+05:30,1798.443147086811,1807.3768201392804,1787.6085567707617,1792.17041015625,1805349,0.0,0.0,LT.NS,497
2021-12-31 00:00:00+05:30,1793.7384089817792,1812.5088193644067,1793.6909585649075,1801.8643798828125,1145546,0.0,0.0,LT.NS,498
2022-01-03 00:00:00+05:30,1801.0090292100926,1841.3534858592084,1799.7260116800205,1827.4776611328125,1906676,0.0,0.0,LT.NS,499
2022-01-04 00:00:00+05:30,1827.4777720277043,1846.6283673367811,1819.5895166505584,1841.44873046875,1643920,0.0,0.0,LT.NS,500
2022-01-05 00:00:00+05:30,1844.4422521039414,1854.2314239158209,1832.0395948645073,1851.950439453125,1711667,0.0,0.0,LT.NS,501
2022-01-06 00:00:00+05:30,1848.0539098528027,1856.1323147043065,1824.388912437612,1829.0458984375,1372015,0.0,0.0,LT.NS,502
2022-01-07 00:00:00+05:30,1833.370164447734,1838.9774346876936,1803.052364740347,1810.41796875,1447123,0.0,0.0,LT.NS,503
2022-01-10 00:00:00+05:30,1815.2651737100382,1862.7376379984264,1812.6515720201414,1856.2274169921875,2397846,0.0,0.0,LT.NS,504
2022-01-11 00:00:00+05:30,1852.33066193461,1872.2890733766965,1841.5436389535728,1863.8780517578125,2232435,0.0,0.0,LT.NS,505
2022-01-12 00:00:00+05:30,1880.3675305821941,1885.5947337250811,1863.070286588373,1876.28076171875,1585970,0.0,0.0,LT.NS,506
2022-01-13 00:00:00+05:30,1877.5639321370008,1928.3627972704487,1877.5639321370008,1918.28857421875,2373324,0.0,0.0,LT.NS,507
2022-01-14 00:00:00+05:30,1914.1068460147558,1948.2737018499008,1907.4540416840193,1943.3316650390625,3124945,0.0,0.0,LT.NS,508
2022-01-17 00:00:00+05:30,1943.3315085116528,1969.1823568511973,1940.7179070208072,1966.7587890625,1858651,0.0,0.0,LT.NS,509
2022-01-18 00:00:00+05:30,1972.698638889433,1975.4549394658675,1910.827707632112,1921.8997802734375,1460676,0.0,0.0,LT.NS,510
2022-01-19 00:00:00+05:30,1919.714272213407,1926.4620935411704,1888.446068014951,1920.6646728515625,2336679,0.0,0.0,LT.NS,511
2022-01-20 00:00:00+05:30,1919.8091730584758,1934.065181769306,1885.689769007416,1904.1275634765625,2031107,0.0,0.0,LT.NS,512
2022-01-21 00:00:00+05:30,1883.8365602250071,1895.859150939852,1846.6759202101487,1859.0311279296875,2209132,0.0,0.0,LT.NS,513
2022-01-24 00:00:00+05:30,1858.0331879742077,1861.8347904048455,1788.2263097479015,1805.6661376953125,2307120,0.0,0.0,LT.NS,514
2022-01-25 00:00:00+05:30,1801.0090905701716,1835.5086778670552,1758.3360815271378,1829.8062744140625,2998042,0.0,0.0,LT.NS,515
2022-01-27 00:00:00+05:30,1819.5894276368795,1826.66986536012,1774.3978348737483,1816.0728759765625,2932713,0.0,0.0,LT.NS,516
2022-01-28 00:00:00+05:30,1821.0626011139116,1851.380404034036,1797.492735394767,1803.4327392578125,2233620,0.0,0.0,LT.NS,517
2022-01-31 00:00:00+05:30,1796.4471495250175,1828.5707358860514,1758.6687260575172,1814.5047607421875,3161064,0.0,0.0,LT.NS,518
2022-02-01 00:00:00+05:30,1832.9900866827677,1900.7061274485488,1821.917896814066,1891.7723388671875,5392787,0.0,0.0,LT.NS,519
2022-02-02 00:00:00+05:30,1896.1441209249203,1908.4043112671757,1872.8593073661327,1884.359130859375,3579380,0.0,0.0,LT.NS,520
2022-02-03 00:00:00+05:30,1883.2187090072696,1886.545110966152,1834.2730801837145,1837.7420654296875,2262217,0.0,0.0,LT.NS,521
2022-02-04 00:00:00+05:30,1851.3803301071603,1860.6943021987827,1827.905482184051,1851.332763671875,1440816,0.0,0.0,LT.NS,522
2022-02-07 00:00:00+05:30,1836.6491354286718,1850.9051442418308,1781.5734677867788,1791.0299072265625,2641464,0.0,0.0,LT.NS,523
2022-02-08 00:00:00+05:30,1796.2570804980046,1802.8623180649865,1756.3402564869377,1782.5712890625,2040523,0.0,0.0,LT.NS,524
2022-02-09 00:00:00+05:30,1791.0300520259418,1805.66624546055,1782.57146290981,1795.1168212890625,1390810,0.0,0.0,LT.NS,525
2022-02-10 00:00:00+05:30,1798.1578209248423,1816.2154311772588,1787.7034149892327,1806.71142578125,1288856,0.0,0.0,LT.NS,526
2022-02-11 00:00:00+05:30,1795.3064980873205,1795.3064980873205,1758.2408795455494,1778.4368896484375,1744894,0.0,0.0,LT.NS,527
2022-02-14 00:00:00+05:30,1751.8258552148384,1755.3422909267185,1705.969027592912,1709.7706298828125,2290199,0.0,0.0,LT.NS,528
2022-02-15 00:00:00+05:30,1720.225255361548,1788.654105298582,1716.5662358944458,1782.999267578125,2602134,0.0,0.0,LT.NS,529
2022-02-16 00:00:00+05:30,1782.9988966740784,1793.6909022525613,1750.780296661113,1768.41015625,1898439,0.0,0.0,LT.NS,530
2022-02-17 00:00:00+05:30,1776.2987163901626,1791.4101090906822,1762.1377242869623,1776.0135498046875,1459905,0.0,0.0,LT.NS,531
2022-02-18 00:00:00+05:30,1777.2491162040546,1801.9595317234694,1772.6396965122265,1789.6993408203125,1912482,0.0,0.0,LT.NS,532
2022-02-21 00:00:00+05:30,1781.9535520697134,1790.459707018133,1757.148119703252,1771.4991455078125,1262585,0.0,0.0,LT.NS,533
2022-02-22 00:00:00+05:30,1723.076256670038,1762.9930811488805,1711.1962493846681,1752.96630859375,2288298,0.0,0.0,LT.NS,534
2022-02-23 00:00:00+05:30,1757.2907334130102,1760.1419352519713,1726.0700964795262,1730.0142822265625,1583872,0.0,0.0,LT.NS,535
2022-02-24 00:00:00+05:30,1694.8019229504207,1710.7211334982517,1664.1515026419104,1670.1865234375,3616355,0.0,0.0,LT.NS,536
2022-02-25 00:00:00+05:30,1693.6137379569727,1709.485380340754,1677.4569290090108,1688.9093017578125,2476882,0.0,0.0,LT.NS,537
2022-02-28 00:00:00+05:30,1677.3618931879575,1731.8673395545572,1665.862070152319,1726.64013671875,2553662,0.0,0.0,LT.NS,538
2022-03-02 00:00:00+05:30,1710.7210774420357,1736.334327167458,1680.7834585868,1695.9898681640625,3152628,0.0,0.0,LT.NS,539
2022-03-03 00:00:00+05:30,1720.224903206876,1723.5988713846334,1658.9716374519994,1665.3868408203125,2259979,0.0,0.0,LT.NS,540
2022-03-04 00:00:00+05:30,1653.6968360344858,1667.0500091914976,1618.5320182567411,1626.8480224609375,3906819,0.0,0.0,LT.NS,541
2022-03-07 00:00:00+05:30,1576.0017826583,1584.1277541312027,1525.9157178352152,1553.3822021484375,6318251,0.0,0.0,LT.NS,542
2022-03-08 00:00:00+05:30,1547.1571450067154,1583.367384313998,1515.8889423654423,1576.2393798828125,4421730,0.0,0.0,LT.NS,543
2022-03-09 00:00:00+05:30,1593.3464708146582,1615.4908493235173,1568.2084234821637,1607.0797119140625,3306502,0.0,0.0,LT.NS,544
2022-03-10 00:00:00+05:30,1653.6969505871623,1670.8041604208227,1622.3337325587852,1642.482177734375,2776325,0.0,0.0,LT.NS,545
2022-03-11 00:00:00+05:30,1634.6889242580785,1649.372566154004,1621.193283033852,1642.909912109375,1577597,0.0,0.0,LT.NS,546
2022-03-14 00:00:00+05:30,1648.944854758167,1667.002464118631,1630.412045151375,1660.112060546875,1558334,0.0,0.0,LT.NS,547
2022-03-15 00:00:00+05:30,1661.300199084996,1677.4570088014978,1640.961603650496,1656.975830078125,2062332,0.0,0.0,LT.NS,548
2022-03-16 00:00:00+05:30,1673.6554751963433,1682.8268642913881,1659.589499753774,1669.093505859375,2101909,0.0,0.0,LT.NS,549
2022-03-17 00:00:00+05:30,1692.8061092093521,1715.0929576276765,1680.7359515712533,1699.2213134765625,3383036,0.0,0.0,LT.NS,550
2022-03-21 00:00:00+05:30,1715.4730608488833,1715.4730608488833,1658.4490255852083,1669.1885986328125,2301462,0.0,0.0,LT.NS,551
2022-03-22 00:00:00+05:30,1669.1886169220525,1688.8618628973006,1635.782012694242,1686.0582275390625,3986030,0.0,0.0,LT.NS,552
2022-03-23 00:00:00+05:30,1691.7129436735217,1702.6901162030724,1671.8971158229558,1679.5953369140625,1574226,0.0,0.0,LT.NS,553
2022-03-24 00:00:00+05:30,1667.953074438117,1691.4279231535586,1664.1514719892552,1683.6822509765625,1580887,0.0,0.0,LT.NS,554
2022-03-25 00:00:00+05:30,1687.531150777837,1689.7171183939327,1652.746514729058,1664.246337890625,1483897,0.0,0.0,LT.NS,555
2022-03-28 00:00:00+05:30,1665.1018407482848,1667.953042530388,1639.5360415656196,1655.2176513671875,1799629,0.0,0.0,LT.NS,556
2022-03-29 00:00:00+05:30,1661.9653412984385,1667.0975273045758,1647.0440995552522,1660.01708984375,2071779,0.0,0.0,LT.NS,557
2022-03-30 00:00:00+05:30,1679.2627338950483,1688.909322559459,1667.0975606016495,1685.63037109375,1712835,0.0,0.0,LT.NS,558
2022-03-31 00:00:00+05:30,1691.6655662252217,1692.9961503192212,1670.8043186641096,1679.9757080078125,1401916,0.0,0.0,LT.NS,559
2022-04-01 00:00:00+05:30,1671.754577636781,1705.0185970894743,1671.754577636781,1701.31201171875,2050573,0.0,0.0,LT.NS,560
2022-04-04 00:00:00+05:30,1695.5145976070917,1739.0904400431261,1688.4816102658967,1735.7640380859375,1955281,0.0,0.0,LT.NS,561
2022-04-05 00:00:00+05:30,1748.7370681132445,1753.4890710157263,1736.3818605667923,1744.9830322265625,1718581,0.0,0.0,LT.NS,562
2022-04-06 00:00:00+05:30,1742.0842439962005,1765.844258235101,1737.0470745712757,1760.9022216796875,2245496,0.0,0.0,LT.NS,563
2022-04-07 00:00:00+05:30,1758.1461059246064,1763.8009431294372,1720.3676817999628,1735.7166748046875,2003954,0.0,0.0,LT.NS,564
2022-04-08 00:00:00+05:30,1744.365308906681,1747.6917110533316,1727.8758814685677,1739.9459228515625,1903321,0.0,0.0,LT.NS,565
2022-04-11 00:00:00+05:30,1729.9666951897102,1738.9955009055748,1690.7626703708252,1693.138671875,2262446,0.0,0.0,LT.NS,566
2022-04-12 00:00:00+05:30,1691.7129991860118,1693.1386000280224,1647.614389936676,1661.0150146484375,4215141,0.0,0.0,LT.NS,567
2022-04-13 00:00:00+05:30,1667.1925955992479,1684.9175890300703,1660.4447749087371,1673.46533203125,1673417,0.0,0.0,LT.NS,568
2022-04-18 00:00:00+05:30,1659.6845382132374,1663.1534074318893,1629.9369543886714,1652.1287841796875,1808707,0.0,0.0,LT.NS,569
2022-04-19 00:00:00+05:30,1661.5853421059098,1673.4177826477883,1603.3257414890352,1621.145751953125,2737766,0.0,0.0,LT.NS,570
2022-04-20 00:00:00+05:30,1625.1374596436558,1627.4660107231891,1588.452019684991,1607.6976318359375,3832617,0.0,0.0,LT.NS,571
2022-04-21 00:00:00+05:30,1618.4846189031973,1640.2013649365304,1615.6809836026357,1629.4617919921875,1797489,0.0,0.0,LT.NS,572
2022-04-22 00:00:00+05:30,1616.6314666701248,1631.267659530361,1606.5572432261733,1610.311279296875,1474689,0.0,0.0,LT.NS,573
2022-04-25 00:00:00+05:30,1591.9209555770412,1591.9209555770412,1570.0617424556847,1575.1463623046875,1964344,0.0,0.0,LT.NS,574
2022-04-26 00:00:00+05:30,1596.6729776482678,1618.6272078877923,1581.4665683373319,1615.6334228515625,2440990,0.0,0.0,LT.NS,575
2022-04-27 00:00:00+05:30,1591.9208951934265,1607.6975208620563,1584.0325243512666,1593.8692626953125,1346726,0.0,0.0,LT.NS,576
2022-04-28 00:00:00+05:30,1606.1769793389649,1645.1434030980759,1596.67297354406,1633.9761962890625,3117433,0.0,0.0,LT.NS,577
2022-04-29 00:00:00+05:30,1645.143485482649,1652.7466904993223,1603.4684411881499,1610.311279296875,2404830,0.0,0.0,LT.NS,578
2022-05-02 00:00:00+05:30,1585.8383237898304,1602.327750017549,1572.9604660339362,1596.150146484375,1399802,0.0,0.0,LT.NS,579
2022-05-04 00:00:00+05:30,1596.1977752788541,1598.4787598756634,1544.4485100662378,1552.906982421875,1777673,0.0,0.0,LT.NS,580
2022-05-05 00:00:00+05:30,1568.8261193068633,1588.3093303065116,1552.0040762158822,1556.4234619140625,1707752,0.0,0.0,LT.NS,581
2022-05-06 00:00:00+05:30,1535.8473794889967,1552.004189793027,1532.1407939219912,1541.9774169921875,1439520,0.0,0.0,LT.NS,582
2022-05-09 00:00:00+05:30,1527.8165680788118,1549.010432364634,1512.324991515919,1535.989990234375,1400010,0.0,0.0,LT.NS,583
2022-05-10 00:00:00+05:30,1531.0954236176663,1548.7728522328302,1521.591417263739,1528.1966552734375,1176030,0.0,0.0,LT.NS,584
2022-05-11 00:00:00+05:30,1521.116008757853,1529.194413053037,1480.1062037503411,1492.88916015625,2988788,0.0,0.0,LT.NS,585
2022-05-12 00:00:00+05:30,1473.1208878806415,1477.8253243098532,1438.051083540215,1450.453857421875,3407191,0.0,0.0,LT.NS,586
2022-05-13 00:00:00+05:30,1454.1129676617484,1496.7859792622828,1427.501749952906,1458.3897705078125,4328846,0.0,0.0,LT.NS,587
2022-05-16 00:00:00+05:30,1473.1208676462409,1489.7528774422467,1463.0940953343713,1466.373046875,1775914,0.0,0.0,LT.NS,588
2022-05-17 00:00:00+05:30,1468.3689447214995,1528.1491663861168,1468.3689447214995,1524.53759765625,1608711,0.0,0.0,LT.NS,589
2022-05-18 00:00:00+05:30,1542.5002371540888,1542.5002371540888,1487.3770000900488,1494.5050048828125,2984009,0.0,0.0,LT.NS,590
2022-05-19 00:00:00+05:30,1473.1208528858497,1485.2384599015236,1463.9494643728092,1471.1724853515625,1798843,0.0,0.0,LT.NS,591
2022-05-20 00:00:00+05:30,1491.5587320341663,1533.423809056585,1483.622910189046,1530.239990234375,2175224,0.0,0.0,LT.NS,592
2022-05-23 00:00:00+05:30,1548.2026037508547,1577.6650228523135,1525.963206129194,1562.6011962890625,4177811,0.0,0.0,LT.NS,593
2022-05-24 00:00:00+05:30,1563.218884940653,1571.677357098281,1530.2399159531103,1545.636474609375,1970395,0.0,0.0,LT.NS,594
2022-05-25 00:00:00+05:30,1552.0041442280026,1558.3717816957767,1493.1743252332446,1496.643310546875,1417130,0.0,0.0,LT.NS,595
2022-05-26 00:00:00+05:30,1496.8809809223742,1510.0915727825436,1460.4331402408332,1486.9493408203125,3578710,0.0,0.0,LT.NS,596
2022-05-27 00:00:00+05:30,1497.070999260968,1526.3433845490097,1495.9305649315947,1520.9261474609375,1279218,0.0,0.0,LT.NS,597
2022-05-30 00:00:00+05:30,1539.6489378739752,1581.181396767137,1533.566350965655,1578.4727783203125,2119326,0.0,0.0,LT.NS,598
2022-05-31 00:00:00+05:30,1578.1400250515285,1591.3506151611493,1563.4088173500538,1572.4376220703125,3534742,0.0,0.0,LT.NS,599
2022-06-01 00:00:00+05:30,1571.5350238617907,1578.6154622198308,1557.1838813926845,1566.26025390625,1425466,0.0,0.0,LT.NS,600
2022-06-02 00:00:00+05:30,1551.053777968559,1567.6382220191126,1543.1654065885425,1555.9483642578125,1852251,0.0,0.0,LT.NS,601
2022-06-03 00:00:00+05:30,1575.7166457894518,1590.6854554049908,1563.3614378528164,1570.109375,2928263,0.0,0.0,LT.NS,602
2022-06-06 00:00:00+05:30,1570.2044028832029,1579.8509923507577,1553.049625336757,1558.8470458984375,1538005,0.0,0.0,LT.NS,603
2022-06-07 00:00:00+05:30,1549.1530503486197,1557.1364389646,1507.4304388569487,1510.6142578125,2157491,0.0,0.0,LT.NS,604
2022-06-08 00:00:00+05:30,1515.8889149790373,1528.0540887280936,1492.2239174918993,1505.957275390625,2122442,0.0,0.0,LT.NS,605
2022-06-09 00:00:00+05:30,1479.013282300665,1520.640872594208,1479.013282300665,1515.98388671875,1361104,0.0,0.0,LT.NS,606
2022-06-10 00:00:00+05:30,1492.1289544917463,1515.4137693866812,1491.2261203204673,1506.47998046875,1337799,0.0,0.0,LT.NS,607
2022-06-13 00:00:00+05:30,1482.7675128374617,1488.2797666840436,1442.9932711037707,1456.061279296875,2460367,0.0,0.0,LT.NS,608
2022-06-14 00:00:00+05:30,1456.0611099009327,1477.207520698724,1449.5507737641215,1468.0361328125,1983405,0.0,0.0,LT.NS,609
2022-06-15 00:00:00+05:30,1471.1725291541395,1489.2777065817206,1462.7140568176358,1482.95751953125,1461683,0.0,0.0,LT.NS,610
2022-06-16 00:00:00+05:30,1490.608268855213,1496.8808893789958,1441.5200564860902,1451.641845703125,2329325,0.0,0.0,LT.NS,611
2022-06-17 00:00:00+05:30,1446.5095771063775,1454.0652147592325,1407.9233395798706,1416.0491943359375,4548572,0.0,0.0,LT.NS,612
2022-06-20 00:00:00+05:30,1416.0969275405976,1423.5575492241646,1384.1159233899803,1398.7996826171875,1837431,0.0,0.0,LT.NS,613
2022-06-21 00:00:00+05:30,1406.5929292464123,1440.0469849411272,1403.646710503158,1425.8861083984375,1458922,0.0,0.0,LT.NS,614
2022-06-22 00:00:00+05:30,1416.0969141285398,1416.9997483050934,1395.18810063134,1405.4049072265625,1906619,0.0,0.0,LT.NS,615
2022-06-23 00:00:00+05:30,1408.0182992321243,1436.7679135093917,1408.0182992321243,1420.1834716796875,1828491,0.0,0.0,LT.NS,616
2022-06-24 00:00:00+05:30,1427.2640861025866,1437.0056921505648,1415.1464785794915,1420.706298828125,1731440,0.0,0.0,LT.NS,617
2022-06-27 00:00:00+05:30,1448.4107132552713,1468.0839619699725,1434.867502845896,1459.62548828125,2389778,0.0,0.0,LT.NS,618
2022-06-28 00:00:00+05:30,1454.11277581675,1480.2487897611686,1448.5053896219008,1474.54638671875,2072405,0.0,0.0,LT.NS,619
2022-06-29 00:00:00+05:30,1455.3008080109794,1476.9224200157141,1449.7409881271856,1471.125,1480197,0.0,0.0,LT.NS,620
2022-06-30 00:00:00+05:30,1472.2180311920822,1489.1826579540361,1465.6126777027002,1480.961669921875,3308971,0.0,0.0,LT.NS,621
2022-07-01 00:00:00+05:30,1483.5278066897508,1497.8313824781992,1458.4847734663044,1494.17236328125,1294305,0.0,0.0,LT.NS,622
2022-07-04 00:00:00+05:30,1494.1245915580098,1508.7132159196483,1473.310797562131,1503.2484130859375,1269969,0.0,0.0,LT.NS,623
2022-07-05 00:00:00+05:30,1505.434487854242,1518.027295281053,1484.1454920955887,1487.2818603515625,1445200,0.0,0.0,LT.NS,624
2022-07-06 00:00:00+05:30,1487.899608572238,1511.612055587469,1474.8316011756158,1478.9658203125,2422594,0.0,0.0,LT.NS,625
2022-07-07 00:00:00+05:30,1488.2322490311744,1534.0890757098912,1487.9946488929427,1531.1903076171875,1697912,0.0,0.0,LT.NS,626
2022-07-08 00:00:00+05:30,1540.5993456113788,1617.5817928627803,1537.748143861327,1603.75341796875,6516138,0.0,0.0,LT.NS,627
2022-07-11 00:00:00+05:30,1601.3774826109266,1605.0840682421313,1571.3924125779288,1580.5162353515625,1316037,0.0,0.0,LT.NS,628
2022-07-12 00:00:00+05:30,1572.9129763233418,1589.9251700861114,1567.2581392195762,1571.7249755859375,781516,0.0,0.0,LT.NS,629
2022-07-13 00:00:00+05:30,1581.4665730763393,1599.7617843333824,1562.838744817762,1565.54736328125,1914814,0.0,0.0,LT.NS,630
2022-07-14 00:00:00+05:30,1569.9193125701895,1584.6505228522892,1553.5249011272074,1564.5020751953125,1170472,0.0,0.0,LT.NS,631
2022-07-15 00:00:00+05:30,1571.8674979216473,1604.1335502920153,1567.400545712814,1601.2823486328125,1345141,0.0,0.0,LT.NS,632
2022-07-18 00:00:00+05:30,1611.9269594281882,1648.5648323894459,1606.1769894796894,1641.9595947265625,3200640,0.0,0.0,LT.NS,633
2022-07-19 00:00:00+05:30,1634.6413913897334,1648.8973997428484,1628.9865544826082,1644.0029296875,1351783,0.0,0.0,LT.NS,634
2022-07-20 00:00:00+05:30,1654.0295974910405,1660.2072011538164,1642.2446073004521,1653.6494140625,1509911,0.0,0.0,LT.NS,635
2022-07-21 00:00:00+05:30,1662.2644112306866,1702.7404641325245,1650.9060228234412,1699.082763671875,2827327,22.0,0.0,LT.NS,636
2022-07-22 00:00:00+05:30,1699.419785665869,1712.9439606690337,1686.9545331907111,1701.5855712890625,1495629,0.0,0.0,LT.NS,637
2022-07-25 00:00:00+05:30,1698.9385275681198,1718.6712413444068,1694.173846120256,1715.7353515625,1916615,0.0,0.0,LT.NS,638
2022-07-26 00:00:00+05:30,1714.0989806388293,1714.0989806388293,1676.7031061198352,1685.703125,1585897,0.0,0.0,LT.NS,639
2022-07-27 00:00:00+05:30,1688.3502369216471,1751.3986636710017,1684.499951318633,1729.4039306640625,5369460,0.0,0.0,LT.NS,640
2022-07-28 00:00:00+05:30,1737.4413076449732,1748.029592622311,1720.0668475679686,1733.8316650390625,1831059,0.0,0.0,LT.NS,641
2022-07-29 00:00:00+05:30,1747.0188456592662,1763.9120200551652,1726.8530226351793,1740.377197265625,1747781,0.0,0.0,LT.NS,642
2022-08-01 00:00:00+05:30,1740.3290171372007,1749.8103215234285,1723.291551082817,1746.7781982421875,1341943,0.0,0.0,LT.NS,643
2022-08-02 00:00:00+05:30,1741.2915645981739,1743.8424021648882,1709.2378917816336,1725.9385986328125,1749346,0.0,0.0,LT.NS,644
2022-08-03 00:00:00+05:30,1725.9385374270562,1736.478646289514,1706.638935627111,1722.8101806640625,1264299,0.0,0.0,LT.NS,645
2022-08-04 00:00:00+05:30,1726.6605648280258,1746.8745635315472,1708.5641761309848,1713.4732666015625,1856927,0.0,0.0,LT.NS,646
2022-08-05 00:00:00+05:30,1716.2166464335494,1739.3665358172861,1708.8530691568537,1720.5482177734375,1430542,0.0,0.0,LT.NS,647
2022-08-08 00:00:00+05:30,1729.1630838026022,1763.4787736910864,1723.243246886128,1761.1685791015625,2625195,0.0,0.0,LT.NS,648
2022-08-10 00:00:00+05:30,1761.5056612685244,1797.120803053735,1754.0457329216222,1785.71435546875,3422074,0.0,0.0,LT.NS,649
2022-08-11 00:00:00+05:30,1800.0564949006236,1808.4789937210433,1785.7622171871515,1797.2650146484375,1918049,0.0,0.0,LT.NS,650
2022-08-12 00:00:00+05:30,1795.1957128061542,1799.0459985172665,1769.2062842561456,1777.3399658203125,1041383,0.0,0.0,LT.NS,651
2022-08-16 00:00:00+05:30,1790.3827609704329,1794.2330464778963,1773.0564761868482,1779.6982421875,1426893,0.0,0.0,LT.NS,652
2022-08-17 00:00:00+05:30,1791.7784377461478,1797.457632354973,1780.805218079896,1786.24365234375,1748371,0.0,0.0,LT.NS,653
2022-08-18 00:00:00+05:30,1787.4951658984826,1827.4900562717294,1780.7571658116278,1823.6397705078125,2519639,0.0,0.0,LT.NS,654
2022-08-19 00:00:00+05:30,1823.2064846211597,1869.3136786715766,1821.9070367176244,1863.58642578125,4134598,0.0,0.0,LT.NS,655
2022-08-22 00:00:00+05:30,1864.596995047672,1871.2387610640724,1804.8213359028475,1810.2598876953125,3175874,0.0,0.0,LT.NS,656
2022-08-23 00:00:00+05:30,1800.0085024225466,1840.388325302539,1795.86939843781,1806.794677734375,1811509,0.0,0.0,LT.NS,657
2022-08-24 00:00:00+05:30,1805.7839071436488,1826.9604774832865,1782.2971419939547,1822.4844970703125,1534933,0.0,0.0,LT.NS,658
2022-08-25 00:00:00+05:30,1828.885473164975,1846.211756594959,1802.8960480199992,1807.6126708984375,1121363,0.0,0.0,LT.NS,659
2022-08-26 00:00:00+05:30,1819.4523408949958,1840.4364435807283,1816.5646268098794,1834.08349609375,1119310,0.0,0.0,LT.NS,660
2022-08-29 00:00:00+05:30,1800.0084323563729,1819.2598594403983,1791.3452901685614,1811.0780029296875,1183546,0.0,0.0,LT.NS,661
2022-08-30 00:00:00+05:30,1823.0139393762122,1855.8375995611182,1818.441725373144,1850.54345703125,1394462,0.0,0.0,LT.NS,662
2022-09-01 00:00:00+05:30,1833.6984347917535,1858.244004391328,1821.2812407881618,1841.350830078125,2014905,0.0,0.0,LT.NS,663
2022-09-02 00:00:00+05:30,1829.366896022137,1885.4848541187675,1829.126253178672,1867.8697509765625,3201140,0.0,0.0,LT.NS,664
2022-09-05 00:00:00+05:30,1875.0407675424317,1898.9125834285649,1869.4097487854242,1894.67724609375,2474746,0.0,0.0,LT.NS,665
2022-09-06 00:00:00+05:30,1899.9235755845946,1910.8005624720422,1878.2657179530509,1888.85400390625,1172733,0.0,0.0,LT.NS,666
2022-09-07 00:00:00+05:30,1868.447321353502,1887.9393922067754,1861.6130879126326,1884.81103515625,1238549,0.0,0.0,LT.NS,667
2022-09-08 00:00:00+05:30,1894.2442625253725,1903.003638677073,1874.65595823249,1900.5009765625,1632797,0.0,0.0,LT.NS,668
2022-09-09 00:00:00+05:30,1903.3405063196258,1913.014395748022,1871.2387741016476,1876.7735595703125,980869,0.0,0.0,LT.NS,669
2022-09-12 00:00:00+05:30,1876.773484628592,1893.3778403715555,1874.9927511361454,1888.46875,791708,0.0,0.0,LT.NS,670
2022-09-13 00:00:00+05:30,1895.206726759533,1920.3298151263225,1889.6237660107427,1916.81640625,1761021,0.0,0.0,LT.NS,671
2022-09-14 00:00:00+05:30,1891.1158305122322,1899.10510223429,1876.4366173918636,1880.7681884765625,2322752,0.0,0.0,LT.NS,672
2022-09-15 00:00:00+05:30,1885.7736112516272,1910.4154156568407,1881.634624721462,1884.2335205078125,1566565,0.0,0.0,LT.NS,673
2022-09-16 00:00:00+05:30,1874.1265127182007,1883.6559930628089,1843.3242279688518,1848.1370849609375,3881617,0.0,0.0,LT.NS,674
2022-09-19 00:00:00+05:30,1849.195824281802,1859.6397000831932,1833.6984488183132,1839.18505859375,1755456,0.0,0.0,LT.NS,675
2022-09-20 00:00:00+05:30,1858.7253699595228,1882.597187635893,1852.949941570213,1860.3616943359375,1666658,0.0,0.0,LT.NS,676
2022-09-21 00:00:00+05:30,1849.1957575929116,1873.4526255970197,1820.7999033728038,1824.6983642578125,1618385,0.0,0.0,LT.NS,677
2022-09-22 00:00:00+05:30,1811.5593261604795,1834.2759870902694,1802.8961837930808,1817.5272216796875,1875115,0.0,0.0,LT.NS,678
2022-09-23 00:00:00+05:30,1819.2598496579685,1824.5058165096025,1783.211599637522,1787.3505859375,1948766,0.0,0.0,LT.NS,679
2022-09-26 00:00:00+05:30,1779.7943352041839,1806.5538643673513,1749.954624878965,1782.152587890625,1529101,0.0,0.0,LT.NS,680
2022-09-27 00:00:00+05:30,1786.5324803704275,1794.233051406507,1763.9120529519444,1772.286376953125,1443698,0.0,0.0,LT.NS,681
2022-09-28 00:00:00+05:30,1761.2169231842097,1786.5325991490026,1757.2704037661103,1766.751708984375,1853503,0.0,0.0,LT.NS,682
2022-09-29 00:00:00+05:30,1775.6071950319597,1787.879979265841,1730.1257005181646,1747.5482177734375,2377718,0.0,0.0,LT.NS,683
2022-09-30 00:00:00+05:30,1755.6820205582321,1812.4737319461367,1748.077800661641,1778.5430908203125,2339518,0.0,0.0,LT.NS,684
2022-10-03 00:00:00+05:30,1782.6823384733973,1782.6823384733973,1746.1046231051525,1751.206298828125,1850414,0.0,0.0,LT.NS,685
2022-10-04 00:00:00+05:30,1766.6072762396666,1810.548565126785,1766.6072762396666,1801.50048828125,1637532,0.0,0.0,LT.NS,686
2022-10-06 00:00:00+05:30,1811.559293584294,1847.1744337875982,1807.805241792317,1841.350830078125,2771898,0.0,0.0,LT.NS,687
2022-10-07 00:00:00+05:30,1833.6985277225285,1856.752065886777,1831.8215604821096,1852.516845703125,1469264,0.0,0.0,LT.NS,688
2022-10-10 00:00:00+05:30,1833.698458110032,1845.2493145390715,1813.0031736746694,1838.1744384765625,1656954,0.0,0.0,LT.NS,689
2022-10-11 00:00:00+05:30,1851.7947076756736,1851.7947076756736,1801.2115390312517,1808.623291015625,1047963,0.0,0.0,LT.NS,690
2022-10-12 00:00:00+05:30,1809.634363248038,1844.2869361612984,1788.5059664862074,1839.7147216796875,1907748,0.0,0.0,LT.NS,691
2022-10-13 00:00:00+05:30,1829.8480966849695,1840.4363813054506,1798.3238856558098,1805.92822265625,1303645,0.0,0.0,LT.NS,692
2022-10-14 00:00:00+05:30,1828.8857086352232,1864.2602085259307,1827.393675924989,1840.051513671875,1819114,0.0,0.0,LT.NS,693
2022-10-17 00:00:00+05:30,1831.6772052900224,1842.3617247073248,1808.0942051566212,1812.7144775390625,2588147,0.0,0.0,LT.NS,694
2022-10-18 00:00:00+05:30,1822.2438214250476,1858.9177668073728,1822.2438214250476,1846.30810546875,1401849,0.0,0.0,LT.NS,695
2022-10-19 00:00:00+05:30,1848.1369766152914,1874.1264028489438,1830.4738159901044,1833.6021728515625,1636141,0.0,0.0,LT.NS,696
2022-10-20 00:00:00+05:30,1827.5862283467163,1846.0194943207575,1815.698494951383,1832.88037109375,1374019,0.0,0.0,LT.NS,697
2022-10-21 00:00:00+05:30,1842.072949771464,1852.9500542332366,1797.217143387448,1806.5059814453125,2225676,0.0,0.0,LT.NS,698
2022-10-24 00:00:00+05:30,1834.6609873316615,1848.0407525548715,1828.88555924982,1838.2706298828125,269400,0.0,0.0,LT.NS,699
2022-10-25 00:00:00+05:30,1843.3242869821663,1881.490267651554,1820.7520339671987,1876.14794921875,2136147,0.0,0.0,LT.NS,700
2022-10-27 00:00:00+05:30,1879.0356531317702,1898.046438754168,1876.9180429997064,1890.5384521484375,2245395,0.0,0.0,LT.NS,701
2022-10-28 00:00:00+05:30,1898.190819185382,1911.666818915907,1890.2977806294887,1901.126708984375,2013794,0.0,0.0,LT.NS,702
2022-10-31 00:00:00+05:30,1911.6667984252924,1958.4959204871973,1904.1586945124914,1947.378173828125,3176507,0.0,0.0,LT.NS,703
2022-11-01 00:00:00+05:30,1955.9450733326362,1979.046786797195,1915.5652503399326,1948.6776123046875,4464211,0.0,0.0,LT.NS,704
2022-11-02 00:00:00+05:30,1960.2765546123514,1965.5706970382626,1925.1427003313052,1937.9449462890625,1889651,0.0,0.0,LT.NS,705
2022-11-03 00:00:00+05:30,1930.9181941104582,1946.8006219284157,1918.4047661326736,1933.51708984375,1052241,0.0,0.0,LT.NS,706
2022-11-04 00:00:00+05:30,1934.7685216455666,1953.394254808891,1929.7150217755968,1939.6776123046875,2312753,0.0,0.0,LT.NS,707
2022-11-07 00:00:00+05:30,1945.7417225890495,1955.9449552529861,1918.4046731393707,1942.132080078125,1395070,0.0,0.0,LT.NS,708
2022-11-09 00:00:00+05:30,1949.255178547691,1960.7096837245826,1921.533076393655,1928.51171875,1301233,0.0,0.0,LT.NS,709
2022-11-10 00:00:00+05:30,1920.329985187868,1926.9235759224448,1896.4581669428699,1903.62939453125,1261210,0.0,0.0,LT.NS,710
2022-11-11 00:00:00+05:30,1928.6079851888026,1943.2391406028291,1917.394005159663,1935.8272705078125,1203125,0.0,0.0,LT.NS,711
2022-11-14 00:00:00+05:30,1937.704511210299,1946.2232450723584,1920.570692339725,1924.950439453125,1175155,0.0,0.0,LT.NS,712
2022-11-15 00:00:00+05:30,1928.0304376971555,1941.5064367624377,1904.062387287912,1921.8218994140625,1450841,0.0,0.0,LT.NS,713
2022-11-16 00:00:00+05:30,1911.6667990983758,1934.6241034724662,1910.752403269555,1928.6080322265625,1195832,0.0,0.0,LT.NS,714
2022-11-17 00:00:00+05:30,1927.0679034629582,1981.9344721429725,1926.2015657203644,1953.5867919921875,3786182,0.0,0.0,LT.NS,715
2022-11-18 00:00:00+05:30,1962.6830730931324,1974.1857542551377,1931.7363792642893,1948.6776123046875,1248459,0.0,0.0,LT.NS,716
2022-11-21 00:00:00+05:30,1943.431523071226,1956.9075217453205,1931.880667064859,1936.1640625,714687,0.0,0.0,LT.NS,717
2022-11-22 00:00:00+05:30,1945.886178861988,1957.051983132279,1944.009094210069,1953.827392578125,1337869,0.0,0.0,LT.NS,718
2022-11-23 00:00:00+05:30,1962.6349778204053,1967.4960105613425,1942.4691532841434,1949.2071533203125,1046988,0.0,0.0,LT.NS,719
2022-11-24 00:00:00+05:30,1954.501285093134,1982.8971422269667,1952.4799085940554,1975.3890380859375,1611889,0.0,0.0,LT.NS,720
2022-11-25 00:00:00+05:30,1983.8595675074423,2017.3570977439304,1981.404963545634,1985.5440673828125,2652761,0.0,0.0,LT.NS,721
2022-11-28 00:00:00+05:30,1987.0843037864377,1994.447880773705,1975.1964533531093,1987.180419921875,1105372,0.0,0.0,LT.NS,722
2022-11-29 00:00:00+05:30,1992.5227475049865,1994.4478902561991,1962.2979828106718,1973.80078125,1413764,0.0,0.0,LT.NS,723
2022-11-30 00:00:00+05:30,1976.1591267064898,2007.9239835897406,1968.458555340853,1997.19140625,2104550,0.0,0.0,LT.NS,724
2022-12-01 00:00:00+05:30,2007.2018673726723,2031.0255078078592,2001.6189066539741,2025.49072265625,2614357,0.0,0.0,LT.NS,725
2022-12-02 00:00:00+05:30,2017.6458549624408,2020.3408666790833,1991.70436966625,2007.4425048828125,1957264,0.0,0.0,LT.NS,726
2022-12-05 00:00:00+05:30,2017.5012904173213,2018.3195700320164,1991.41574891509,2007.538818359375,1767537,0.0,0.0,LT.NS,727
2022-12-06 00:00:00+05:30,2003.1110462000127,2021.3999024603684,1989.635046850277,2015.1431884765625,1530731,0.0,0.0,LT.NS,728
2022-12-07 00:00:00+05:30,2017.838647960985,2063.7532607256353,2017.838647960985,2044.5018310546875,3438327,0.0,0.0,LT.NS,729
2022-12-08 00:00:00+05:30,2040.6513104834282,2093.592735991253,2040.6513104834282,2086.56591796875,3743754,0.0,0.0,LT.NS,730
2022-12-09 00:00:00+05:30,2086.854826181921,2112.2186769495916,2057.496398046059,2073.427001953125,2573609,0.0,0.0,LT.NS,731
2022-12-12 00:00:00+05:30,2068.469715708653,2087.817496049372,2054.6569562639006,2082.7158203125,1536090,0.0,0.0,LT.NS,732
2022-12-13 00:00:00+05:30,2088.7796822048226,2094.2662915123674,2071.934684767687,2091.571044921875,1233124,0.0,0.0,LT.NS,733
2022-12-14 00:00:00+05:30,2095.4697727605057,2127.282804690943,2093.6409810924283,2113.27734375,1516631,0.0,0.0,LT.NS,734
2022-12-15 00:00:00+05:30,2114.480511275397,2126.320186293795,2092.2452533167266,2096.04736328125,1323412,0.0,0.0,LT.NS,735
2022-12-16 00:00:00+05:30,2080.1165314071477,2128.822732066834,2080.1165314071477,2093.592529296875,2822390,0.0,0.0,LT.NS,736
2022-12-19 00:00:00+05:30,2089.742674328032,2105.5769281071566,2074.389706286892,2102.256103515625,1592779,0.0,0.0,LT.NS,737
2022-12-20 00:00:00+05:30,2098.309435682408,2098.309435682408,2057.9777854320755,2082.28271484375,1747181,0.0,0.0,LT.NS,738
2022-12-21 00:00:00+05:30,2072.512573530463,2093.544617600419,2062.646216689083,2065.967041015625,1979681,0.0,0.0,LT.NS,739
2022-12-22 00:00:00+05:30,2063.753019171279,2067.940298635727,2018.4158136016204,2030.9774169921875,1993744,0.0,0.0,LT.NS,740
2022-12-23 00:00:00+05:30,2016.105707978815,2025.394427576176,1973.3676337133884,1985.5440673828125,2026125,0.0,0.0,LT.NS,741
2022-12-26 00:00:00+05:30,1975.9183816035627,2029.1004498454804,1974.2338817044974,2012.784912109375,1154610,0.0,0.0,LT.NS,742
2022-12-27 00:00:00+05:30,2022.8917486535033,2048.3517123634847,2006.9611467471175,2044.5977783203125,1059351,0.0,0.0,LT.NS,743
2022-12-28 00:00:00+05:30,2049.31442481871,2056.0524243366676,2034.5388604460804,2041.710205078125,1153883,0.0,0.0,LT.NS,744
2022-12-29 00:00:00+05:30,2030.6886314700348,2041.18080058425,2015.768774979715,2031.891845703125,1517150,0.0,0.0,LT.NS,745
2022-12-30 00:00:00+05:30,2035.838606581871,2053.1648925953336,2003.2075285909673,2007.7315673828125,1189427,0.0,0.0,LT.NS,746
2023-01-02 00:00:00+05:30,2014.5653307395655,2019.0896037416633,1997.3835744543803,2011.2445068359375,807344,0.0,0.0,LT.NS,747
2023-01-03 00:00:00+05:30,2009.8489099134572,2018.3195845036835,1990.549308006887,2010.7633056640625,1260225,0.0,0.0,LT.NS,748
2023-01-04 00:00:00+05:30,2012.6886085228136,2022.7956081559923,1980.971928103061,1993.05224609375,1015547,0.0,0.0,LT.NS,749
2023-01-05 00:00:00+05:30,2002.148395293169,2020.629718095321,1991.0788248384229,2009.223388671875,1881403,0.0,0.0,LT.NS,750
2023-01-06 00:00:00+05:30,2011.9666606926087,2042.2876593015144,1994.303616790358,2008.453369140625,1877917,0.0,0.0,LT.NS,751
2023-01-09 00:00:00+05:30,2029.1004170884403,2047.678091247347,2022.1217747621163,2042.28759765625,1844365,0.0,0.0,LT.NS,752
2023-01-10 00:00:00+05:30,2052.1058306610507,2052.1058306610507,2018.7046507814632,2027.8009033203125,1425414,0.0,0.0,LT.NS,753
2023-01-11 00:00:00+05:30,2027.27164865881,2059.902723976771,2018.6085063617113,2045.8011474609375,1455621,0.0,0.0,LT.NS,754
2023-01-12 00:00:00+05:30,2038.8225695435297,2083.6300800619115,2038.8225695435297,2078.91357421875,2726901,0.0,0.0,LT.NS,755
2023-01-13 00:00:00+05:30,2080.982881764188,2083.8226552136975,2037.9559899531828,2072.801025390625,2180210,0.0,0.0,LT.NS,756
2023-01-16 00:00:00+05:30,2066.6407661163144,2080.116765522755,2052.4910137401075,2057.20751953125,1009649,0.0,0.0,LT.NS,757
2023-01-17 00:00:00+05:30,2059.8064316719865,2134.7908842536053,2056.437431793555,2130.266845703125,4645453,0.0,0.0,LT.NS,758
2023-01-18 00:00:00+05:30,2137.871211484702,2189.6576030047922,2117.657210835815,2181.668212890625,4090049,0.0,0.0,LT.NS,759
2023-01-19 00:00:00+05:30,2175.26716861958,2198.320707669915,2157.1226029249615,2188.021240234375,2176835,0.0,0.0,LT.NS,760
2023-01-20 00:00:00+05:30,2197.0208727356176,2211.651909868338,2154.6677344550894,2165.7373046875,1962410,0.0,0.0,LT.NS,761
2023-01-23 00:00:00+05:30,2170.5983598690746,2188.2134622956164,2143.6463624959774,2149.903076171875,1466706,0.0,0.0,LT.NS,762
2023-01-24 00:00:00+05:30,2160.684075597296,2167.9997125804357,2117.6571790062285,2124.87646484375,1036962,0.0,0.0,LT.NS,763
2023-01-25 00:00:00+05:30,2118.6196296386524,2122.4699151991044,2074.3413456934554,2093.303955078125,2134447,0.0,0.0,LT.NS,764
2023-01-27 00:00:00+05:30,2093.3040545866243,2112.84430173535,2047.4857952408722,2079.010009765625,1647900,0.0,0.0,LT.NS,765
2023-01-30 00:00:00+05:30,2049.6993216744104,2091.908169022645,2005.8062094804284,2033.81689453125,3441304,0.0,0.0,LT.NS,766
2023-01-31 00:00:00+05:30,2040.6030791177823,2052.9240393541745,1995.0734074254208,2044.886474609375,4516463,0.0,0.0,LT.NS,767
2023-02-01 00:00:00+05:30,2053.164799099881,2133.0100498420975,2002.4373332487905,2065.2451171875,6868872,0.0,0.0,LT.NS,768
2023-02-02 00:00:00+05:30,2055.6676583883864,2085.8441319884814,2028.9563009657668,2064.619384765625,3488506,0.0,0.0,LT.NS,769
2023-02-03 00:00:00+05:30,2095.4696323132403,2100.186372882479,2051.287701793572,2085.458984375,2045634,0.0,0.0,LT.NS,770
2023-02-06 00:00:00+05:30,2083.2450088525175,2099.945715492456,2062.1166150794484,2075.400146484375,1332484,0.0,0.0,LT.NS,771
2023-02-07 00:00:00+05:30,2081.3199696608517,2090.705040630533,2069.576645807037,2084.255859375,1089248,0.0,0.0,LT.NS,772
2023-02-08 00:00:00+05:30,2079.684031463375,2093.833786398245,2045.9940268551973,2051.095703125,1452145,0.0,0.0,LT.NS,773
2023-02-09 00:00:00+05:30,2069.5284142909927,2071.4053814336326,2055.7635969070147,2067.025634765625,1563181,0.0,0.0,LT.NS,774
2023-02-10 00:00:00+05:30,2060.0951540175965,2088.7316516487945,2057.5444339439928,2082.860107421875,1454665,0.0,0.0,LT.NS,775
2023-02-13 00:00:00+05:30,2091.667537275684,2127.6676116565873,2079.3465770320886,2120.83349609375,2978938,0.0,0.0,LT.NS,776
2023-02-14 00:00:00+05:30,2132.0955195712418,2133.058090911906,2100.4749570293147,2109.619384765625,1874906,0.0,0.0,LT.NS,777
2023-02-15 00:00:00+05:30,2104.180978459435,2105.961829464272,2076.5070520501445,2093.640869140625,1946344,0.0,0.0,LT.NS,778
2023-02-16 00:00:00+05:30,2104.9511438512955,2119.8710002630323,2090.4162219910077,2096.769287109375,2464602,0.0,0.0,LT.NS,779
2023-02-17 00:00:00+05:30,2088.587534754324,2164.8231449710665,2079.1542877445545,2143.02099609375,3753179,0.0,0.0,LT.NS,780
2023-02-20 00:00:00+05:30,2150.095675146679,2167.7107786522693,2132.095637084714,2142.20263671875,1779752,0.0,0.0,LT.NS,781
2023-02-21 00:00:00+05:30,2155.1977323924334,2177.3368783705605,2139.507768894327,2146.005126953125,1882604,0.0,0.0,LT.NS,782
2023-02-22 00:00:00+05:30,2145.5715850680604,2157.1224415152637,2100.3789062189317,2112.603515625,2103097,0.0,0.0,LT.NS,783
2023-02-23 00:00:00+05:30,2121.507607861619,2125.5503612027173,2072.8977466107062,2078.336181640625,2000556,0.0,0.0,LT.NS,784
2023-02-24 00:00:00+05:30,2079.153970755751,2090.9936445342164,2039.4479053420125,2054.17529296875,1479060,0.0,0.0,LT.NS,785
2023-02-27 00:00:00+05:30,2054.175580550692,2059.806482341488,2004.17004241129,2034.587158203125,1398112,0.0,0.0,LT.NS,786
2023-02-28 00:00:00+05:30,2035.8385342162671,2058.2664950925873,2006.9613918869584,2030.2073974609375,2108587,0.0,0.0,LT.NS,787
2023-03-01 00:00:00+05:30,2021.3999299883233,2050.2770718452994,2021.3999299883233,2036.1273193359375,1389077,0.0,0.0,LT.NS,788
2023-03-02 00:00:00+05:30,2050.2289808707806,2068.5660137071327,2028.6674747290217,2042.191650390625,1727640,0.0,0.0,LT.NS,789
2023-03-03 00:00:00+05:30,2059.902434508702,2079.0575080060735,2052.4425074678406,2071.50146484375,1821066,0.0,0.0,LT.NS,790
2023-03-06 00:00:00+05:30,2077.4698314167945,2103.074325981187,2059.7104351695184,2061.009765625,1821012,0.0,0.0,LT.NS,791
2023-03-08 00:00:00+05:30,2071.4534174232144,2107.6461919517856,2060.4801987112014,2089.5498046875,2965342,0.0,0.0,LT.NS,792
2023-03-09 00:00:00+05:30,2093.544644009375,2116.6945334517304,2090.2238196409426,2111.111572265625,1873933,0.0,0.0,LT.NS,793
2023-03-10 00:00:00+05:30,2090.2237219459203,2100.330721292193,2053.1647243429184,2077.084716796875,1900535,0.0,0.0,LT.NS,794
2023-03-13 00:00:00+05:30,2083.052517090081,2097.3947357917014,2028.1377761505678,2053.98291015625,2334468,0.0,0.0,LT.NS,795
2023-03-14 00:00:00+05:30,2064.0900833528385,2089.7425172581875,2054.512309884596,2063.945556640625,2871343,0.0,0.0,LT.NS,796
2023-03-15 00:00:00+05:30,2083.197184221534,2129.6412588941453,2079.1544309397123,2095.18115234375,3044201,0.0,0.0,LT.NS,797
2023-03-16 00:00:00+05:30,2103.1219851118653,2105.143478886936,2052.2020562354587,2092.2451171875,2946792,0.0,0.0,LT.NS,798
2023-03-17 00:00:00+05:30,2104.8546007609266,2145.47506235119,2104.8546007609266,2113.56591796875,3286473,0.0,0.0,LT.NS,799
2023-03-20 00:00:00+05:30,2109.0902525291035,2122.4699007595373,2071.4536174306236,2096.04736328125,1996773,0.0,0.0,LT.NS,800
2023-03-21 00:00:00+05:30,2101.004557815971,2143.646518040229,2100.330804833309,2125.790771484375,3178680,0.0,0.0,LT.NS,801
2023-03-22 00:00:00+05:30,2136.427034598067,2162.1758172858335,2125.261113337968,2131.084716796875,1956033,0.0,0.0,LT.NS,802
2023-03-23 00:00:00+05:30,2131.133099325348,2158.0850987748104,2118.186560876074,2124.05810546875,2455799,0.0,0.0,LT.NS,803
2023-03-24 00:00:00+05:30,2123.432539461598,2136.282961840687,2072.4644300865925,2085.073974609375,1449544,0.0,0.0,LT.NS,804
2023-03-27 00:00:00+05:30,2093.6408357753894,2108.031230278334,2069.5283767572687,2073.378662109375,1540581,0.0,0.0,LT.NS,805
2023-03-28 00:00:00+05:30,2086.614150927096,2088.587469296307,2043.0096195362742,2053.742431640625,1627243,0.0,0.0,LT.NS,806
2023-03-29 00:00:00+05:30,2057.6404845489214,2078.4802945916326,2041.6137661004404,2067.07373046875,2372385,0.0,0.0,LT.NS,807
2023-03-31 00:00:00+05:30,2075.7850252742296,2095.469561518221,2070.057772993362,2083.19677734375,1489542,0.0,0.0,LT.NS,808
2023-04-03 00:00:00+05:30,2098.4054938421186,2101.7744934881957,2074.341210655856,2088.924072265625,1231654,0.0,0.0,LT.NS,809
2023-04-05 00:00:00+05:30,2088.7801987165735,2177.818064330068,2083.967341115844,2173.245849609375,2763363,0.0,0.0,LT.NS,810
2023-04-06 00:00:00+05:30,2173.2452597750716,2205.876331450586,2170.0687276201616,2189.127685546875,2389899,0.0,0.0,LT.NS,811
2023-04-10 00:00:00+05:30,2199.3791603346162,2233.0691572280252,2192.7856876585674,2223.2509765625,1955914,0.0,0.0,LT.NS,812
2023-04-11 00:00:00+05:30,2233.165479714317,2242.7911929889474,2201.6894443068277,2215.35791015625,1342440,0.0,0.0,LT.NS,813
2023-04-12 00:00:00+05:30,2217.764583788508,2226.1389082631927,2196.5398366696613,2202.8447265625,1165839,0.0,0.0,LT.NS,814
2023-04-13 00:00:00+05:30,2208.9089995548616,2209.1014668433522,2158.5182903950295,2174.208251953125,1956668,0.0,0.0,LT.NS,815
2023-04-17 00:00:00+05:30,2174.2081263265636,2188.69487274105,2118.7639202827686,2131.133056640625,4125850,0.0,0.0,LT.NS,816
2023-04-18 00:00:00+05:30,2136.9083907668455,2146.534104238768,2106.106107656693,2133.6357421875,2848601,0.0,0.0,LT.NS,817
2023-04-19 00:00:00+05:30,2125.4538671043265,2151.346942115708,2125.4538671043265,2136.5234375,1970015,0.0,0.0,LT.NS,818
2023-04-20 00:00:00+05:30,2141.7212244831903,2167.1811893422237,2139.074153306863,2149.18115234375,1898996,0.0,0.0,LT.NS,819
2023-04-21 00:00:00+05:30,2156.3041950026736,2159.0476174521755,2119.582190650776,2132.2880859375,1009316,0.0,0.0,LT.NS,820
2023-04-24 00:00:00+05:30,2136.9085501689347,2149.1331601896136,2104.710583204109,2145.475341796875,1239073,0.0,0.0,LT.NS,821
2023-04-25 00:00:00+05:30,2147.5451360753173,2169.636104423703,2135.0798824759277,2163.8125,1350118,0.0,0.0,LT.NS,822
2023-04-26 00:00:00+05:30,2163.7162046283606,2201.6895991671618,2160.0583863261677,2190.956787109375,1894812,0.0,0.0,LT.NS,823
2023-04-27 00:00:00+05:30,2190.5718375499196,2223.5399076086187,2182.245689039856,2219.3046875,1252989,0.0,0.0,LT.NS,824
2023-04-28 00:00:00+05:30,2225.7537390339317,2280.33148658352,2225.7537390339317,2275.903564453125,2884961,0.0,0.0,LT.NS,825
2023-05-02 00:00:00+05:30,2284.374440695244,2325.9095383563103,2284.374440695244,2295.203369140625,1840153,0.0,0.0,LT.NS,826
2023-05-03 00:00:00+05:30,2294.866711317458,2300.5457889291765,2260.599073347352,2268.107177734375,998235,0.0,0.0,LT.NS,827
2023-05-04 00:00:00+05:30,2273.401066799677,2292.5079671406397,2255.160386674652,2268.684326171875,1230912,0.0,0.0,LT.NS,828
2023-05-05 00:00:00+05:30,2268.7807146876644,2316.861107525314,2268.7807146876644,2288.513427734375,2425866,0.0,0.0,LT.NS,829
2023-05-08 00:00:00+05:30,2288.46548826132,2295.7329498410413,2265.941409924377,2276.866455078125,1583576,0.0,0.0,LT.NS,830
2023-05-09 00:00:00+05:30,2279.032272529482,2312.000345747091,2279.032272529482,2285.481689453125,1417301,0.0,0.0,LT.NS,831
2023-05-10 00:00:00+05:30,2297.6579364109916,2299.5349036442017,2262.0427945395186,2275.951904296875,1675409,0.0,0.0,LT.NS,832
2023-05-11 00:00:00+05:30,2213.9140943783245,2227.438268781494,2153.609093591258,2158.229248046875,9470848,0.0,0.0,LT.NS,833
2023-05-12 00:00:00+05:30,2139.459082722579,2151.3469327053012,2115.1062159608355,2137.96728515625,5367292,0.0,0.0,LT.NS,834
2023-05-15 00:00:00+05:30,2137.774746069045,2175.411382123715,2132.095668762845,2162.753662109375,2662740,0.0,0.0,LT.NS,835
2023-05-16 00:00:00+05:30,2170.2134632218285,2170.5983977613428,2139.8924656477784,2143.8388671875,2528855,0.0,0.0,LT.NS,836
2023-05-17 00:00:00+05:30,2141.0956513590827,2160.010084164496,2127.4751259140494,2136.5234375,1961004,0.0,0.0,LT.NS,837
2023-05-18 00:00:00+05:30,2146.5341134706114,2149.951288768395,2099.368117255338,2106.298583984375,2290757,0.0,0.0,LT.NS,838
2023-05-19 00:00:00+05:30,2109.956312758174,2116.7424874982084,2087.3358869599,2108.079345703125,1729803,0.0,0.0,LT.NS,839
2023-05-22 00:00:00+05:30,2108.0312503510772,2138.83353346123,2096.865328722539,2133.6357421875,1112099,0.0,0.0,LT.NS,840
2023-05-23 00:00:00+05:30,2142.298831888502,2145.1865458594143,2111.881484060454,2115.394775390625,2265389,0.0,0.0,LT.NS,841
2023-05-24 00:00:00+05:30,2117.657072207262,2125.838929077154,2094.555358692274,2103.36279296875,2648479,0.0,0.0,LT.NS,842
2023-05-25 00:00:00+05:30,2108.0313995391816,2124.683932024683,2096.480542555405,2122.18115234375,1689521,0.0,0.0,LT.NS,843
2023-05-26 00:00:00+05:30,2126.320007954421,2137.630220762689,2118.61943753177,2135.416259765625,1249128,0.0,0.0,LT.NS,844
2023-05-29 00:00:00+05:30,2141.721196032774,2157.8924412775295,2137.1008066767345,2141.2880859375,1369656,0.0,0.0,LT.NS,845
2023-05-30 00:00:00+05:30,2146.5343030932686,2153.2723031478213,2124.587627343595,2128.052978515625,1716729,0.0,0.0,LT.NS,846
2023-05-31 00:00:00+05:30,2118.715947230931,2140.758737714379,2117.6570247174614,2123.095458984375,2809284,0.0,0.0,LT.NS,847
2023-06-01 00:00:00+05:30,2134.0204031803523,2138.833259299388,2119.726126505721,2125.164794921875,1049488,0.0,0.0,LT.NS,848
2023-06-02 00:00:00+05:30,2137.8709298015006,2153.5608895241453,2129.352079506498,2150.913818359375,1399950,0.0,0.0,LT.NS,849
2023-06-05 00:00:00+05:30,2160.9726753659497,2187.7322058298328,2156.159818627941,2183.400634765625,2344944,0.0,0.0,LT.NS,850
2023-06-06 00:00:00+05:30,2184.0744861761177,2195.3365244502465,2178.972810803268,2192.689453125,1677680,0.0,0.0,LT.NS,851
2023-06-07 00:00:00+05:30,2192.7377985569397,2231.2406571795373,2192.7377985569397,2228.834228515625,2128603,0.0,0.0,LT.NS,852
2023-06-08 00:00:00+05:30,2230.2296751926024,2257.2780245266404,2226.1869224636807,2252.705810546875,2556995,0.0,0.0,LT.NS,853
2023-06-09 00:00:00+05:30,2257.2298676454056,2280.1872888718226,2250.7325108835266,2274.55615234375,2501720,0.0,0.0,LT.NS,854
2023-06-12 00:00:00+05:30,2276.481357012698,2281.2942140042683,2245.7754234075933,2252.368896484375,1172382,0.0,0.0,LT.NS,855
2023-06-13 00:00:00+05:30,2258.048278464381,2269.6470761700084,2240.000064188666,2266.278076171875,1688768,0.0,0.0,LT.NS,856
2023-06-14 00:00:00+05:30,2264.834139094841,2271.6684899938164,2252.4170621125127,2266.90380859375,1013564,0.0,0.0,LT.NS,857
2023-06-15 00:00:00+05:30,2266.8554314903454,2280.812715463428,2261.0800036394144,2272.919677734375,2561534,0.0,0.0,LT.NS,858
2023-06-16 00:00:00+05:30,2275.2782214611652,2290.92000722478,2264.2086499976845,2278.214111328125,1794542,0.0,0.0,LT.NS,859
2023-06-19 00:00:00+05:30,2289.9571950473405,2329.3262684600363,2272.630911099946,2277.78076171875,3111256,0.0,0.0,LT.NS,860
2023-06-20 00:00:00+05:30,2276.4330820776804,2300.2085475777,2266.326082836546,2292.844970703125,1771306,0.0,0.0,LT.NS,861
2023-06-21 00:00:00+05:30,2292.8448914507394,2321.722031141555,2292.8448914507394,2304.828857421875,1607299,0.0,0.0,LT.NS,862
2023-06-22 00:00:00+05:30,2304.9736548319174,2333.2731610514743,2290.9200178640717,2325.813232421875,1741775,0.0,0.0,LT.NS,863
2023-06-23 00:00:00+05:30,2328.4120541464354,2336.1608009606443,2294.0483019734056,2300.112548828125,1212955,0.0,0.0,LT.NS,864
2023-06-26 00:00:00+05:30,2308.3424113628625,2313.877196536471,2279.320744624804,2288.5615234375,793572,0.0,0.0,LT.NS,865
2023-06-27 00:00:00+05:30,2298.0910643251323,2307.235492714248,2282.786272917095,2298.668701171875,1012317,0.0,0.0,LT.NS,866
2023-06-28 00:00:00+05:30,2310.1714927992907,2341.839999678629,2300.5939538192865,2330.818603515625,1734938,0.0,0.0,LT.NS,867
2023-06-30 00:00:00+05:30,2329.4229078074404,2390.5461948511484,2324.658226132939,2382.893798828125,2690699,0.0,0.0,LT.NS,868
2023-07-03 00:00:00+05:30,2385.444246030269,2399.1127120476467,2356.374638584236,2362.1982421875,1078456,0.0,0.0,LT.NS,869
2023-07-04 00:00:00+05:30,2366.1930162860926,2391.412340475068,2366.1930162860926,2369.70654296875,1441581,0.0,0.0,LT.NS,870
2023-07-05 00:00:00+05:30,2368.8880430283516,2391.941579380309,2362.4870376852327,2378.3212890625,1191896,0.0,0.0,LT.NS,871
2023-07-06 00:00:00+05:30,2375.7226082177976,2406.38036684653,2375.1931469379083,2395.455322265625,1796824,0.0,0.0,LT.NS,872
2023-07-07 00:00:00+05:30,2389.8241066717114,2410.27874860778,2353.102102326423,2357.67431640625,1837661,0.0,0.0,LT.NS,873
2023-07-10 00:00:00+05:30,2358.2996299974375,2371.1500505538306,2329.422491670938,2347.470703125,1178479,0.0,0.0,LT.NS,874
2023-07-11 00:00:00+05:30,2355.604488585689,2386.214303578904,2355.604488585689,2381.930908203125,1219658,0.0,0.0,LT.NS,875
2023-07-12 00:00:00+05:30,2387.4659771430925,2392.9044117495255,2356.1824055067455,2363.064697265625,1822435,0.0,0.0,LT.NS,876
2023-07-13 00:00:00+05:30,2373.7009416475835,2391.893446104358,2354.690157544769,2358.444091796875,1141663,0.0,0.0,LT.NS,877
2023-07-14 00:00:00+05:30,2358.540229160873,2384.3371859222684,2357.0000211442007,2379.716796875,845623,0.0,0.0,LT.NS,878
2023-07-17 00:00:00+05:30,2382.363890961467,2400.6527450738986,2372.7381782707134,2376.39599609375,878697,0.0,0.0,LT.NS,879
2023-07-18 00:00:00+05:30,2376.5885857966327,2396.75440792222,2375.722365610935,2382.0751953125,720865,0.0,0.0,LT.NS,880
2023-07-19 00:00:00+05:30,2381.979038186707,2409.2677935996885,2374.0857655072496,2400.797119140625,1431080,0.0,0.0,LT.NS,881
2023-07-20 00:00:00+05:30,2400.653019947124,2402.2893442913596,2376.6369110344153,2396.513916015625,1045704,0.0,0.0,LT.NS,882
2023-07-21 00:00:00+05:30,2427.604985047124,2497.872694764983,2426.738764818836,2489.4501953125,4610417,0.0,0.0,LT.NS,883
2023-07-24 00:00:00+05:30,2538.926478638414,2539.2634726453794,2487.1882634546805,2507.7392578125,2155297,0.0,0.0,LT.NS,884
2023-07-25 00:00:00+05:30,2518.0868518699654,2519.7713518664377,2457.44485199695,2465.049072265625,2068876,0.0,0.0,LT.NS,885
2023-07-26 00:00:00+05:30,2494.022519522024,2573.7716547205137,2488.2470910707957,2547.20458984375,5820099,0.0,0.0,LT.NS,886
2023-07-27 00:00:00+05:30,2569.055068691831,2576.178238546102,2547.397210694087,2560.632568359375,2117794,0.0,0.0,LT.NS,887
2023-07-28 00:00:00+05:30,2560.5842193685376,2568.2847905795434,2526.749928611294,2550.381103515625,1325724,0.0,0.0,LT.NS,888
2023-07-31 00:00:00+05:30,2555.6268741788303,2589.3168706369315,2532.62151345569,2580.99072265625,1284981,0.0,0.0,LT.NS,889
2023-08-01 00:00:00+05:30,2580.990561804639,2588.3541379990365,2555.963708852622,2566.840576171875,1298745,0.0,0.0,LT.NS,890
2023-08-02 00:00:00+05:30,2568.1552978931927,2574.921239486123,2533.7898667279774,2552.724853515625,1479486,30.0,0.0,LT.NS,891
2023-08-03 00:00:00+05:30,2545.764221395254,2572.7795013737314,2517.824141529422,2529.311767578125,1612618,0.0,0.0,LT.NS,892
2023-08-04 00:00:00+05:30,2536.0288066245207,2565.2345126509067,2529.700903652137,2557.348876953125,1101278,0.0,0.0,LT.NS,893
2023-08-07 00:00:00+05:30,2558.4198548326954,2583.7314667907053,2553.649684572805,2566.110595703125,1163125,0.0,0.0,LT.NS,894
2023-08-08 00:00:00+05:30,2569.177276060585,2579.3505492422155,2558.711898289551,2562.508544921875,767310,0.0,0.0,LT.NS,895
2023-08-09 00:00:00+05:30,2565.2346768985485,2584.7051488294674,2546.0075858667665,2581.395263671875,906865,0.0,0.0,LT.NS,896
2023-08-10 00:00:00+05:30,2570.1996364630936,2591.13039292684,2552.23793670521,2573.509521484375,1040041,0.0,0.0,LT.NS,897
2023-08-11 00:00:00+05:30,2572.098146254939,2586.554829509913,2561.584043547988,2568.64208984375,1320121,0.0,0.0,LT.NS,898
2023-08-14 00:00:00+05:30,2567.181746313659,2593.028845561023,2546.737750609227,2589.475341796875,1364413,0.0,0.0,LT.NS,899
2023-08-16 00:00:00+05:30,2598.3342957853365,2623.645907508985,2581.8331195239016,2619.800537109375,1703875,0.0,0.0,LT.NS,900
2023-08-17 00:00:00+05:30,2619.8008686578014,2619.8008686578014,2572.049486039114,2582.271484375,1629067,0.0,0.0,LT.NS,901
2023-08-18 00:00:00+05:30,2579.837645256952,2603.883631622692,2563.0443624717886,2572.000732421875,1898966,0.0,0.0,LT.NS,902
2023-08-21 00:00:00+05:30,2571.9033973815463,2595.998106290907,2553.9904206772794,2591.76318359375,1376318,0.0,0.0,LT.NS,903
2023-08-22 00:00:00+05:30,2597.3606546993287,2614.5432491172232,2591.5195137967066,2607.874755859375,1497180,0.0,0.0,LT.NS,904
2023-08-23 00:00:00+05:30,2618.3403218566345,2653.8252078600053,2611.4282095534713,2645.647705078125,1990672,0.0,0.0,LT.NS,905
2023-08-24 00:00:00+05:30,2674.756013988986,2693.5450664633477,2609.6273820948204,2616.977294921875,2619182,0.0,0.0,LT.NS,906
2023-08-25 00:00:00+05:30,2606.5608234269394,2611.6718225389873,2561.340697866157,2568.544677734375,1408427,0.0,0.0,LT.NS,907
2023-08-28 00:00:00+05:30,2583.293724512123,2628.5138504408546,2579.886391743033,2623.987060546875,1551734,0.0,0.0,LT.NS,908
2023-08-29 00:00:00+05:30,2638.2491688156197,2650.0289003965013,2624.911941955098,2646.962158203125,1101830,0.0,0.0,LT.NS,909
2023-08-30 00:00:00+05:30,2650.8559970945485,2665.166746252531,2635.3283434558416,2637.275390625,1920079,0.0,0.0,LT.NS,910
2023-08-31 00:00:00+05:30,2647.9843407457765,2652.4626446280013,2607.4371755987763,2631.142333984375,2439625,0.0,0.0,LT.NS,911
2023-09-01 00:00:00+05:30,2638.2488465189385,2644.0412641632347,2617.123432810925,2630.55810546875,1263430,0.0,0.0,LT.NS,912
2023-09-04 00:00:00+05:30,2660.639895157585,2669.4016072162817,2633.3812354194174,2639.31982421875,1548282,0.0,0.0,LT.NS,913
2023-09-05 00:00:00+05:30,2648.470744127989,2666.4809293021726,2647.9839823665243,2660.591064453125,1066447,0.0,0.0,LT.NS,914
2023-09-06 00:00:00+05:30,2667.4546686346107,2670.1805822546785,2640.1960077872495,2658.157470703125,1747425,0.0,0.0,LT.NS,915
2023-09-07 00:00:00+05:30,2660.640111798295,2780.3347959664375,2657.7195408742573,2771.03759765625,4100519,0.0,0.0,LT.NS,916
2023-09-08 00:00:00+05:30,2811.5363502458654,2851.1587159567234,2796.39800968895,2824.7763671875,3638510,0.0,0.0,LT.NS,917
2023-09-11 00:00:00+05:30,2828.0861241456196,2848.5301202237806,2813.5319935205475,2817.572021484375,1545803,0.0,0.0,LT.NS,918
2023-09-12 00:00:00+05:30,2873.452550549277,2929.332713963656,2854.8094297204716,2866.151123046875,7788759,0.0,0.0,LT.NS,919
2023-09-13 00:00:00+05:30,2865.5665408874547,2865.7611980601864,2811.974022458341,2829.78955078125,2458417,0.0,0.0,LT.NS,920
2023-09-14 00:00:00+05:30,2847.458935957266,2854.030219918919,2829.059435935297,2841.325927734375,1910041,0.0,0.0,LT.NS,921
2023-09-15 00:00:00+05:30,2855.344595645533,2857.242919048324,2823.2183182311783,2831.5419921875,1655275,0.0,0.0,LT.NS,922
2023-09-18 00:00:00+05:30,2832.953422935313,2852.4238931960367,2830.0328523962044,2842.542724609375,736631,0.0,0.0,LT.NS,923
2023-09-20 00:00:00+05:30,2849.454803146066,2866.9782276364963,2809.6377836801394,2813.483154296875,1399240,0.0,0.0,LT.NS,924
2023-09-21 00:00:00+05:30,2808.664258597414,2828.183453957495,2770.6968388884243,2822.585693359375,2444711,0.0,0.0,LT.NS,925
2023-09-22 00:00:00+05:30,2831.6881805031353,2858.7034616693154,2825.4090005241683,2841.228759765625,1965569,0.0,0.0,LT.NS,926
2023-09-25 00:00:00+05:30,2840.6932363390206,2846.3884446606567,2794.9863493217053,2825.65234375,1049532,0.0,0.0,LT.NS,927
2023-09-26 00:00:00+05:30,2837.821364640914,2866.053549743688,2832.9537465197463,2835.436279296875,953456,0.0,0.0,LT.NS,928
2023-09-27 00:00:00+05:30,2844.635904863339,2915.6056788770497,2834.5598407251423,2886.546142578125,2903693,0.0,0.0,LT.NS,929
2023-09-28 00:00:00+05:30,2909.861913494731,2969.733612283599,2899.3965352511486,2930.305908203125,4081102,0.0,0.0,LT.NS,930
2023-09-29 00:00:00+05:30,2959.511730062374,2977.375983108908,2925.6817851216942,2943.497314453125,2698016,0.0,0.0,LT.NS,931
2023-10-03 00:00:00+05:30,2959.9984503534783,2995.9700991643276,2915.8005748120545,2991.88134765625,3254492,0.0,0.0,LT.NS,932
2023-10-04 00:00:00+05:30,2982.973860792751,2982.973860792751,2910.884388189136,2947.586181640625,3100946,0.0,0.0,LT.NS,933
2023-10-05 00:00:00+05:30,2952.2588912485066,3032.4284130436918,2952.2588912485066,3014.07763671875,3413447,0.0,0.0,LT.NS,934
2023-10-06 00:00:00+05:30,3032.477416423008,3032.477416423008,2991.784080715004,3011.7900390625,1898118,0.0,0.0,LT.NS,935
2023-10-09 00:00:00+05:30,2993.5848292012106,3003.320064418125,2974.64984423964,2993.292724609375,1181760,0.0,0.0,LT.NS,936
2023-10-10 00:00:00+05:30,2992.4656130805593,3016.9496365511213,2990.810432819148,2994.55859375,1551789,0.0,0.0,LT.NS,937
2023-10-11 00:00:00+05:30,3008.1879915249915,3027.6584639620464,3002.73616417195,3006.92236328125,2066921,0.0,0.0,LT.NS,938
2023-10-12 00:00:00+05:30,3012.081913685406,3022.839396626756,2985.845501112843,3000.15625,1870280,0.0,0.0,LT.NS,939
2023-10-13 00:00:00+05:30,2986.5269984350853,3016.9496106756837,2982.3895231703636,3007.798583984375,1437808,0.0,0.0,LT.NS,940
2023-10-16 00:00:00+05:30,3016.901101953913,3030.8225378426246,2993.2931531728373,3019.77294921875,818794,0.0,0.0,LT.NS,941
2023-10-17 00:00:00+05:30,3027.5609651014033,3031.747164139594,2981.90280308275,2985.115478515625,1847182,0.0,0.0,LT.NS,942
2023-10-18 00:00:00+05:30,2987.402906289366,2997.624903426309,2956.736914878537,2964.96337890625,1350839,0.0,0.0,LT.NS,943
2023-10-19 00:00:00+05:30,2945.4932268249204,2988.620134031784,2927.531525485519,2973.530517578125,1599104,0.0,0.0,LT.NS,944
2023-10-20 00:00:00+05:30,2959.4628572740226,2975.3313386153,2898.47170216415,2932.59375,1667471,0.0,0.0,LT.NS,945
2023-10-23 00:00:00+05:30,2923.4915578248006,2927.28820503702,2870.9212800617174,2879.97509765625,1614030,0.0,0.0,LT.NS,946
2023-10-25 00:00:00+05:30,2880.656154635842,2886.9840576453494,2833.2456057768604,2838.89208984375,2108353,0.0,0.0,LT.NS,947
2023-10-26 00:00:00+05:30,2829.0596422077756,2838.9408118887986,2781.4057085022037,2788.755859375,3286109,0.0,0.0,LT.NS,948
2023-10-27 00:00:00+05:30,2788.804360165674,2833.4892372053214,2781.9896947836364,2825.068115234375,2399538,0.0,0.0,LT.NS,949
2023-10-30 00:00:00+05:30,2822.43954156325,2854.3711628163082,2780.5293035234017,2848.870849609375,1693052,0.0,0.0,LT.NS,950
2023-10-31 00:00:00+05:30,2852.3755879383502,2873.4037939754976,2830.9580675095303,2851.49951171875,1556467,0.0,0.0,LT.NS,951
2023-11-01 00:00:00+05:30,2869.4119810554225,2904.166724753426,2795.034875839621,2818.642822265625,3875595,0.0,0.0,LT.NS,952
2023-11-02 00:00:00+05:30,2857.291563933953,2860.066201068396,2826.33346810796,2840.839111328125,1451606,0.0,0.0,LT.NS,953
2023-11-03 00:00:00+05:30,2856.3180707250967,2869.996124018329,2828.0858880219516,2834.17041015625,1136175,0.0,0.0,LT.NS,954
2023-11-06 00:00:00+05:30,2855.3448670077883,2900.12695493222,2849.7471060172343,2896.6708984375,1235499,0.0,0.0,LT.NS,955
2023-11-07 00:00:00+05:30,2891.3651156664937,2904.60513180553,2877.833232586396,2882.8955078125,1112206,0.0,0.0,LT.NS,956
2023-11-08 00:00:00+05:30,2895.9406077762633,2923.2479923141473,2882.603381980581,2917.11474609375,1013438,0.0,0.0,LT.NS,957
2023-11-09 00:00:00+05:30,2923.491353845821,2948.5108626853935,2917.6502122796956,2944.762939453125,1719911,0.0,0.0,LT.NS,958
2023-11-10 00:00:00+05:30,2941.0634894235445,2963.405808281134,2925.681769164546,2952.9404296875,947753,0.0,0.0,LT.NS,959
2023-11-13 00:00:00+05:30,2969.2469064575816,2973.481829083355,2951.38265376938,2967.78662109375,531769,0.0,0.0,LT.NS,960
2023-11-15 00:00:00+05:30,2981.2702506421647,2989.7398588788587,2974.1147567296093,2983.80126953125,1160184,0.0,0.0,LT.NS,961
2023-11-16 00:00:00+05:30,2976.9864631335927,3000.4972008221303,2964.3793799724904,2970.366455078125,1597607,0.0,0.0,LT.NS,962
2023-11-17 00:00:00+05:30,2969.246923152792,3032.963994017576,2964.5252387125265,3026.684814453125,1325050,0.0,0.0,LT.NS,963
2023-11-20 00:00:00+05:30,3013.1530216715832,3029.556751901108,2994.753282828709,3007.019775390625,1231164,0.0,0.0,LT.NS,964
2023-11-21 00:00:00+05:30,3006.727711375348,3016.949709422763,2981.36737344619,2993.439208984375,1884782,0.0,0.0,LT.NS,965
2023-11-22 00:00:00+05:30,2993.4391911143334,3006.873626897974,2981.4160793644346,3000.69189453125,1104208,0.0,0.0,LT.NS,966
2023-11-23 00:00:00+05:30,2998.4525925568473,3006.240781108943,2950.798661389042,2965.011962890625,1514688,0.0,0.0,LT.NS,967
2023-11-24 00:00:00+05:30,2969.247046092279,2985.796947660662,2959.1224954975814,2973.384521484375,915121,0.0,0.0,LT.NS,968
2023-11-28 00:00:00+05:30,2973.1411648309427,2978.1547164527706,2954.6442158683403,2969.2470703125,1210508,0.0,0.0,LT.NS,969
2023-11-29 00:00:00+05:30,2969.247092875963,3008.090590921935,2968.273569238954,3002.103515625,1801107,0.0,0.0,LT.NS,970
2023-11-30 00:00:00+05:30,2994.8505645909777,3041.8230761951563,2977.716454924804,3026.87939453125,3131624,0.0,0.0,LT.NS,971
2023-12-01 00:00:00+05:30,3047.0800190073683,3113.2796210856454,3038.415754394254,3106.1728515625,2112908,0.0,0.0,LT.NS,972
2023-12-04 00:00:00+05:30,3198.024946175302,3258.9188933706832,3163.9516210257934,3225.819091796875,3095974,0.0,0.0,LT.NS,973
2023-12-05 00:00:00+05:30,3231.1734811255383,3236.965898882945,3192.232537981082,3227.668701171875,1659309,0.0,0.0,LT.NS,974
2023-12-06 00:00:00+05:30,3241.8335635023623,3310.9537385800404,3233.0718511685723,3302.484130859375,2057233,0.0,0.0,LT.NS,975
2023-12-07 00:00:00+05:30,3302.4843744657855,3319.6182483541866,3248.697192004651,3266.756103515625,2128823,0.0,0.0,LT.NS,976
2023-12-08 00:00:00+05:30,3287.5894147844097,3339.1861689992675,3276.880654475666,3289.0009765625,2428891,0.0,0.0,LT.NS,977
2023-12-11 00:00:00+05:30,3288.513994674936,3314.847855570971,3271.039293603073,3296.15625,1534238,0.0,0.0,LT.NS,978
2023-12-12 00:00:00+05:30,3285.6422387251864,3285.6422387251864,3243.7807227947615,3253.9052734375,1888423,0.0,0.0,LT.NS,979
2023-12-13 00:00:00+05:30,3264.175967950125,3319.7155379010755,3257.6046835275934,3309.78564453125,1509107,0.0,0.0,LT.NS,980
2023-12-14 00:00:00+05:30,3335.2432649346474,3348.921319603828,3310.0778214616494,3342.2041015625,2425646,0.0,0.0,LT.NS,981
2023-12-15 00:00:00+05:30,3344.199572175741,3406.261703025037,3341.960657988393,3395.650390625,2632935,0.0,0.0,LT.NS,982
2023-12-18 00:00:00+05:30,3403.438682429385,3413.17391893519,3374.2329729119706,3399.1552734375,1767429,0.0,0.0,LT.NS,983
2023-12-19 00:00:00+05:30,3396.575066877133,3431.6706396778222,3384.0167076919533,3406.310302734375,1311700,0.0,0.0,LT.NS,984
2023-12-20 00:00:00+05:30,3412.2002712292715,3421.546193005729,3322.198060540597,3327.990478515625,1876048,0.0,0.0,LT.NS,985
2023-12-21 00:00:00+05:30,3300.293952382983,3348.8726882593187,3244.754379686792,3333.490966796875,2292802,0.0,0.0,LT.NS,986
2023-12-22 00:00:00+05:30,3333.3446625198667,3403.4383586943495,3318.3524947976507,3385.8662109375,1681707,0.0,0.0,LT.NS,987
2023-12-26 00:00:00+05:30,3385.8662657807404,3415.461525028665,3385.8662657807404,3397.64599609375,1072263,0.0,0.0,LT.NS,988
2023-12-27 00:00:00+05:30,3417.0679213823096,3455.035342731002,3411.3727131093397,3450.167724609375,1389266,0.0,0.0,LT.NS,989
2023-12-28 00:00:00+05:30,3451.141198921605,3465.6953293619786,3407.819398258132,3424.90478515625,3371121,0.0,0.0,LT.NS,990
2023-12-29 00:00:00+05:30,3437.5119052136138,3446.273617801244,3402.4650548630925,3432.644287109375,968577,0.0,0.0,LT.NS,991
2024-01-01 00:00:00+05:30,3444.3264109890674,3444.3264109890674,3403.487144521857,3432.108642578125,777080,0.0,0.0,LT.NS,992
2024-01-02 00:00:00+05:30,3431.719361397301,3432.1086757607013,3341.132944262997,3347.071533203125,1511464,0.0,0.0,LT.NS,993
2024-01-03 00:00:00+05:30,3342.1064694655865,3374.0868143241737,3321.273159803781,3349.261962890625,1283859,0.0,0.0,LT.NS,994
2024-01-04 00:00:00+05:30,3349.943380354553,3387.959523891567,3332.371232106536,3367.1259765625,1651616,0.0,0.0,LT.NS,995
2024-01-05 00:00:00+05:30,3373.2107079551092,3460.876559768114,3368.3918134451965,3428.65283203125,2069018,0.0,0.0,LT.NS,996
2024-01-08 00:00:00+05:30,3446.2735373493792,3465.6952855965674,3397.5973574433146,3408.403564453125,1993855,0.0,0.0,LT.NS,997
2024-01-09 00:00:00+05:30,3434.0556041731193,3498.600263172331,3426.9003486756465,3461.801025390625,1807271,0.0,0.0,LT.NS,998
2024-01-10 00:00:00+05:30,3455.9600621795576,3464.721774594502,3426.8030778451557,3451.6279296875,1534821,0.0,0.0,LT.NS,999
2024-01-11 00:00:00+05:30,3451.6278374986227,3465.3058912719607,3407.868000308086,3412.05419921875,1105348,0.0,0.0,LT.NS,1000
2024-01-12 00:00:00+05:30,3412.2489063003786,3483.900099910731,3401.5401468115224,3474.31103515625,1782631,0.0,0.0,LT.NS,1001
2024-01-15 00:00:00+05:30,3481.417923196578,3510.23407983068,3444.375301806993,3449.242919921875,1783518,0.0,0.0,LT.NS,1002
2024-01-16 00:00:00+05:30,3454.061623594253,3493.9760899322923,3444.326387902048,3478.886474609375,1791818,0.0,0.0,LT.NS,1003
2024-01-17 00:00:00+05:30,3460.876398845912,3518.7523293447257,3453.7696290288427,3476.404052734375,2699076,0.0,0.0,LT.NS,1004
2024-01-18 00:00:00+05:30,3476.258267388991,3521.1862883836993,3431.6708370628826,3500.791015625,2148898,0.0,0.0,LT.NS,1005
2024-01-19 00:00:00+05:30,3507.6055262696923,3559.056343533904,3507.6055262696923,3549.467041015625,1913923,0.0,0.0,LT.NS,1006
2024-01-23 00:00:00+05:30,3541.289413495488,3564.4105981536663,3442.5739814436324,3456.982177734375,1742142,0.0,0.0,LT.NS,1007
2024-01-24 00:00:00+05:30,3475.4792926342952,3522.159702264737,3428.4580546692046,3494.1708984375,3711521,0.0,0.0,LT.NS,1008
2024-01-25 00:00:00+05:30,3504.587529324063,3522.451782540132,3470.4169934066963,3498.308349609375,2206540,0.0,0.0,LT.NS,1009
2024-01-29 00:00:00+05:30,3508.5787497050296,3634.990873257705,3504.7821030654054,3609.8251953125,2072982,0.0,0.0,LT.NS,1010
2024-01-30 00:00:00+05:30,3617.5651500117424,3638.9339465367852,3528.9257743808575,3537.103515625,1454989,0.0,0.0,LT.NS,1011
2024-01-31 00:00:00+05:30,3426.802976147712,3444.326400457558,3297.3730646833724,3387.61865234375,9637606,0.0,0.0,LT.NS,1012
2024-02-01 00:00:00+05:30,3387.8621385741612,3401.2480881159413,3281.748065842959,3308.033203125,6149780,0.0,0.0,LT.NS,1013
2024-02-02 00:00:00+05:30,3312.608614794192,3345.3678256364046,3272.0127293295104,3286.664306640625,7579802,0.0,0.0,LT.NS,1014
2024-02-05 00:00:00+05:30,3286.1288821409535,3317.719675140498,3230.5893137268954,3253.2724609375,2954238,0.0,0.0,LT.NS,1015
2024-02-06 00:00:00+05:30,3257.4099142661257,3336.9954673119287,3249.1836875110957,3333.588134765625,2545192,0.0,0.0,LT.NS,1016
2024-02-07 00:00:00+05:30,3353.788841837622,3355.7358890607493,3299.2715195900437,3304.820556640625,2099940,0.0,0.0,LT.NS,1017
2024-02-08 00:00:00+05:30,3322.6360677571297,3327.309028601936,3206.640825156168,3247.18798828125,3471727,0.0,0.0,LT.NS,1018
2024-02-09 00:00:00+05:30,3247.918255264219,3300.2451510965016,3221.3410122643027,3236.528076171875,3121873,0.0,0.0,LT.NS,1019
2024-02-12 00:00:00+05:30,3241.833688409072,3250.741334554303,3199.972172312498,3212.18994140625,1922273,0.0,0.0,LT.NS,1020
2024-02-13 00:00:00+05:30,3224.310363117191,3250.157463835123,3197.149148063776,3233.558837890625,2151493,0.0,0.0,LT.NS,1021
2024-02-14 00:00:00+05:30,3202.941423431917,3229.1291136567993,3176.6562857746753,3221.3896484375,2502138,0.0,0.0,LT.NS,1022
2024-02-15 00:00:00+05:30,3221.3895294942777,3233.9966123327604,3203.0872386363435,3212.919921875,1999189,0.0,0.0,LT.NS,1023
2024-02-16 00:00:00+05:30,3217.4465383705974,3308.0329502438267,3216.570462265498,3297.080810546875,2768329,0.0,0.0,LT.NS,1024
2024-02-19 00:00:00+05:30,3310.515685838943,3317.7683890366875,3247.1879288825917,3251.4228515625,1216447,0.0,0.0,LT.NS,1025
2024-02-20 00:00:00+05:30,3251.4230337870254,3278.5842483530732,3240.324721652042,3267.87548828125,1578162,0.0,0.0,LT.NS,1026
2024-02-21 00:00:00+05:30,3268.0212237005408,3268.0212237005408,3202.9413147232717,3209.123046875,2430672,0.0,0.0,LT.NS,1027
2024-02-22 00:00:00+05:30,3222.363048994333,3279.800940199972,3190.1880471480467,3274.68994140625,2521388,0.0,0.0,LT.NS,1028
2024-02-23 00:00:00+05:30,3274.690043747072,3309.882827184458,3252.299000712904,3298.249267578125,2107176,0.0,0.0,LT.NS,1029
2024-02-26 00:00:00+05:30,3309.980122042526,3399.2034617322174,3303.16545708538,3378.272705078125,4122419,0.0,0.0,LT.NS,1030
2024-02-27 00:00:00+05:30,3382.994304441334,3419.0146754526518,3360.505815577123,3413.611572265625,2122286,0.0,0.0,LT.NS,1031
2024-02-28 00:00:00+05:30,3412.199955269261,3419.98814346959,3354.908000749932,3378.3212890625,1666903,0.0,0.0,LT.NS,1032
2024-02-29 00:00:00+05:30,3392.7297540831973,3403.438513708711,3345.465135655257,3385.47705078125,2119512,0.0,0.0,LT.NS,1033
2024-03-01 00:00:00+05:30,3408.9386752400123,3561.4900070738727,3407.3324564383515,3537.2978515625,4407803,0.0,0.0,LT.NS,1034
2024-03-04 00:00:00+05:30,3572.831583126821,3582.3721618650525,3526.1511744193917,3547.9580078125,1307501,0.0,0.0,LT.NS,1035
2024-03-05 00:00:00+05:30,3535.058812182142,3547.957999748582,3495.2417924250776,3516.951416015625,1981370,0.0,0.0,LT.NS,1036
2024-03-06 00:00:00+05:30,3522.208354741387,3555.7461949398426,3491.104323522162,3545.767578125,1500196,0.0,0.0,LT.NS,1037
2024-03-07 00:00:00+05:30,3563.82637794758,3607.050729009781,3546.7897156204385,3579.597412109375,2344401,0.0,0.0,LT.NS,1038
2024-03-11 00:00:00+05:30,3602.037413346041,3602.037413346041,3535.302321301283,3544.210205078125,1748541,0.0,0.0,LT.NS,1039
2024-03-12 00:00:00+05:30,3542.7009270085337,3574.7784804895796,3517.4865244230564,3525.761474609375,1470377,0.0,0.0,LT.NS,1040
2024-03-13 00:00:00+05:30,3538.660918931016,3540.5107564190216,3418.9175134116877,3444.862060546875,2503293,0.0,0.0,LT.NS,1041
2024-03-14 00:00:00+05:30,3433.666381370203,3539.731727597736,3428.750039768764,3512.667724609375,4528490,0.0,0.0,LT.NS,1042
2024-03-15 00:00:00+05:30,3502.7380315769433,3507.605649742003,3430.746006451044,3443.4990234375,4054210,0.0,0.0,LT.NS,1043
2024-03-18 00:00:00+05:30,3443.498819849977,3477.6208687050053,3433.325546021803,3466.912109375,1354787,0.0,0.0,LT.NS,1044
2024-03-19 00:00:00+05:30,3447.2470739135283,3455.5220245286837,3388.8356578065495,3408.987548828125,1447405,0.0,0.0,LT.NS,1045
2024-03-20 00:00:00+05:30,3410.0099371294577,3431.622114447246,3395.40708249897,3416.77587890625,1442811,0.0,0.0,LT.NS,1046
2024-03-21 00:00:00+05:30,3431.8167468743377,3500.7909914852526,3431.8167468743377,3465.744140625,2504962,0.0,0.0,LT.NS,1047
2024-03-22 00:00:00+05:30,3452.3092881474963,3550.732617620486,3452.3092881474963,3522.013671875,3020545,0.0,0.0,LT.NS,1048
2024-03-26 00:00:00+05:30,3509.552475498462,3579.5487252234566,3504.684857640628,3572.928955078125,2320963,0.0,0.0,LT.NS,1049
2024-03-27 00:00:00+05:30,3585.487707403276,3628.517406451493,3572.929347023092,3608.26806640625,2387693,0.0,0.0,LT.NS,1050
2024-03-28 00:00:00+05:30,3608.4139258038645,3712.3862932051306,3599.652213455611,3664.245361328125,4278668,0.0,0.0,LT.NS,1051
2024-04-01 00:00:00+05:30,3680.7467667272217,3749.8669417375013,3680.7467667272217,3736.383544921875,1905190,0.0,0.0,LT.NS,1052
2024-04-02 00:00:00+05:30,3747.8712942530547,3757.8011876799847,3671.400966072057,3706.59375,3608162,0.0,0.0,LT.NS,1053
2024-04-03 00:00:00+05:30,3699.097726143796,3699.097726143796,3670.330055056019,3682.304443359375,1684618,0.0,0.0,LT.NS,1054
2024-04-04 00:00:00+05:30,3704.1597819709464,3718.6167022338786,3632.2652080483786,3697.296630859375,2339529,0.0,0.0,LT.NS,1055
2024-04-05 00:00:00+05:30,3670.2812295904373,3689.6542531577306,3617.85689137135,3643.99609375,1645597,0.0,0.0,LT.NS,1056
2024-04-08 00:00:00+05:30,3645.8459283139514,3718.6655420543266,3643.9963285211197,3707.031982421875,1083395,0.0,0.0,LT.NS,1057
2024-04-09 00:00:00+05:30,3718.8604655302656,3726.5999312674335,3675.051899836846,3685.030517578125,1997057,0.0,0.0,LT.NS,1058
2024-04-10 00:00:00+05:30,3699.389563866302,3699.389563866302,3650.8108328219823,3653.82861328125,1951581,0.0,0.0,LT.NS,1059
2024-04-12 00:00:00+05:30,3650.6647402267217,3701.434138071264,3566.5036733733205,3581.836669921875,3437544,0.0,0.0,LT.NS,1060
2024-04-15 00:00:00+05:30,3530.045338373408,3582.420956197923,3491.2503273915177,3505.4638671875,1719910,0.0,0.0,LT.NS,1061
2024-04-16 00:00:00+05:30,3485.2631381567744,3502.8837723388842,3436.0027499657804,3449.632080078125,2291042,0.0,0.0,LT.NS,1062
2024-04-18 00:00:00+05:30,3467.6423533929515,3521.8675705951105,3445.9814532060723,3456.93359375,3273257,0.0,0.0,LT.NS,1063
2024-04-19 00:00:00+05:30,3431.670614069844,3449.0965910536074,3380.4631787722105,3425.19677734375,2759031,0.0,0.0,LT.NS,1064
2024-04-22 00:00:00+05:30,3474.2622702510453,3524.155353641691,3447.1982672374716,3517.048583984375,2605754,0.0,0.0,LT.NS,1065
2024-04-23 00:00:00+05:30,3536.5676450753876,3536.5676450753876,3493.002466597066,3514.56591796875,1434580,0.0,0.0,LT.NS,1066
2024-04-24 00:00:00+05:30,3520.7965326015674,3558.1797406862784,3505.755641757978,3538.612060546875,1501234,0.0,0.0,LT.NS,1067
2024-04-25 00:00:00+05:30,3520.3588345168127,3568.9375677690264,3515.9779782552305,3555.600341796875,2420380,0.0,0.0,LT.NS,1068
2024-04-26 00:00:00+05:30,3555.3082674974617,3563.972532662482,3490.0821848243154,3509.747314453125,1973113,0.0,0.0,LT.NS,1069
2024-04-29 00:00:00+05:30,3510.623586022925,3553.263730010906,3509.747272167695,3538.076904296875,1396979,0.0,0.0,LT.NS,1070
2024-04-30 00:00:00+05:30,3542.652444500173,3552.3389569601068,3489.1573692475736,3499.135986328125,1571996,0.0,0.0,LT.NS,1071
2024-05-02 00:00:00+05:30,3494.9984915873492,3537.9307402802733,3481.369161016263,3504.1982421875,3748847,0.0,0.0,LT.NS,1072
2024-05-03 00:00:00+05:30,3514.4201925319253,3526.1024757203973,3396.088351533365,3407.137939453125,4079696,0.0,0.0,LT.NS,1073
2024-05-06 00:00:00+05:30,3429.5291491495896,3433.6179009292264,3349.9923147722734,3371.6044921875,2614667,0.0,0.0,LT.NS,1074
2024-05-07 00:00:00+05:30,3387.27800562745,3403.438592872511,3334.3184155001004,3336.99560546875,3376013,0.0,0.0,LT.NS,1075
2024-05-08 00:00:00+05:30,3338.2125681042994,3404.8014901401734,3278.6329687548323,3394.531005859375,4116670,0.0,0.0,LT.NS,1076
2024-05-09 00:00:00+05:30,3225.0402605073564,3287.589150926977,3180.1607281083748,3188.727783203125,12120574,0.0,0.0,LT.NS,1077
2024-05-10 00:00:00+05:30,3194.7151474006923,3218.614961688515,3148.9595381065947,3184.833740234375,4132191,0.0,0.0,LT.NS,1078
2024-05-13 00:00:00+05:30,3180.5503886028555,3227.230798622255,3139.8083300563703,3206.640869140625,3557067,0.0,0.0,LT.NS,1079
2024-05-14 00:00:00+05:30,3212.6279608042837,3295.2800214524914,3206.2026098120086,3289.974365234375,2870328,0.0,0.0,LT.NS,1080
2024-05-15 00:00:00+05:30,3300.2448577349305,3326.919308122069,3264.3704195942023,3320.98095703125,2718682,0.0,0.0,LT.NS,1081
2024-05-16 00:00:00+05:30,3338.163665853629,3376.6665713672146,3289.244105464065,3368.975830078125,3398714,0.0,0.0,LT.NS,1082
2024-05-17 00:00:00+05:30,3383.9194670742613,3383.9194670742613,3321.80861097376,3359.38671875,2676919,0.0,0.0,LT.NS,1083
2024-05-21 00:00:00+05:30,3366.4445719995083,3378.4189596839415,3343.0800058549194,3349.845947265625,2100848,0.0,0.0,LT.NS,1084
2024-05-22 00:00:00+05:30,3358.7051358904127,3380.7553503083777,3344.102281924434,3369.21923828125,1409992,0.0,0.0,LT.NS,1085
2024-05-23 00:00:00+05:30,3369.2675111568005,3506.2909488685273,3363.5238173642315,3490.47119140625,4525637,0.0,0.0,LT.NS,1086
2024-05-24 00:00:00+05:30,3491.05567287108,3562.1228965519467,3487.453683041766,3529.899169921875,2740360,0.0,0.0,LT.NS,1087
2024-05-27 00:00:00+05:30,3548.39574933101,3597.1693722911887,3504.6846387681408,3555.307861328125,2570708,0.0,0.0,LT.NS,1088
2024-05-28 00:00:00+05:30,3555.3081953421342,3587.677855116265,3549.515777444201,3561.343994140625,1440187,0.0,0.0,LT.NS,1089
2024-05-29 00:00:00+05:30,3515.3935683440936,3564.897336344772,3514.7608731019805,3538.5634765625,1506146,0.0,0.0,LT.NS,1090
2024-05-30 00:00:00+05:30,3530.0451806620645,3547.4711574555445,3512.229651835461,3538.466064453125,2701849,0.0,0.0,LT.NS,1091
2024-05-31 00:00:00+05:30,3540.121319807171,3645.6514264910425,3540.121319807171,3572.150390625,6432341,0.0,0.0,LT.NS,1092
2024-06-03 00:00:00+05:30,3753.3226761151627,3816.114946370256,3700.460536413825,3793.96728515625,5767666,0.0,0.0,LT.NS,1093
2024-06-04 00:00:00+05:30,3750.0128970127853,3794.794982491131,3232.098343219742,3313.095458984375,9920882,0.0,0.0,LT.NS,1094
2024-06-05 00:00:00+05:30,3350.3817067413465,3350.3817067413465,3090.986372681089,3318.7421875,10372458,0.0,0.0,LT.NS,1095
2024-06-06 00:00:00+05:30,3346.974201804827,3444.52122088405,3295.6695546237215,3390.3447265625,8374602,0.0,0.0,LT.NS,1096
2024-06-07 00:00:00+05:30,3373.308047710879,3454.061783992392,3354.762375320683,3438.97216796875,5879660,0.0,0.0,LT.NS,1097
2024-06-10 00:00:00+05:30,3427.8253778442504,3490.0821655919312,3427.8253778442504,3449.92431640625,3151257,0.0,0.0,LT.NS,1098
2024-06-11 00:00:00+05:30,3475.479110803564,3542.652236474557,3457.1768203317893,3503.419189453125,2548176,0.0,0.0,LT.NS,1099
2024-06-12 00:00:00+05:30,3519.2879023389096,3552.3389818532046,3483.267528234749,3534.182861328125,2242274,0.0,0.0,LT.NS,1100
2024-06-13 00:00:00+05:30,3568.450746004489,3617.5162402391384,3538.7582762859956,3605.590576171875,2965500,0.0,0.0,LT.NS,1101
2024-06-14 00:00:00+05:30,3619.560765745425,3621.507812956692,3577.6992507031837,3590.160400390625,1746508,0.0,0.0,LT.NS,1102
2024-06-18 00:00:00+05:30,3609.8254844512553,3611.7725316381225,3577.6992058679516,3591.523193359375,1936792,0.0,0.0,LT.NS,1103
2024-06-19 00:00:00+05:30,3592.3022101835263,3601.063922891291,3480.346992250977,3494.901123046875,2936151,0.0,0.0,LT.NS,1104
2024-06-20 00:00:00+05:30,3517.4678877586944,3545.284331357324,3497.501094013525,3526.7890625,2618715,28.0,0.0,LT.NS,1105
2024-06-21 00:00:00+05:30,3536.2087729009913,3542.046724440859,3449.8161449124823,3468.45849609375,4508508,0.0,0.0,LT.NS,1106
2024-06-24 00:00:00+05:30,3454.084081085913,3499.85585963062,3439.022929073542,3465.122314453125,2330559,0.0,0.0,LT.NS,1107
2024-06-25 00:00:00+05:30,3489.5535379601647,3524.3361901553935,3461.5900131937187,3520.264404296875,2158039,0.0,0.0,LT.NS,1108
2024-06-26 00:00:00+05:30,3533.2161484970234,3556.6661681883425,3524.6308551620195,3535.12939453125,2480187,0.0,0.0,LT.NS,1109
2024-06-27 00:00:00+05:30,3529.7328583391873,3533.5104831538574,3483.1760878347363,3497.304931640625,5519875,0.0,0.0,LT.NS,1110
2024-06-28 00:00:00+05:30,3473.364137386407,3508.6373778217694,3471.499998215413,3481.655029296875,3141514,0.0,0.0,LT.NS,1111
2024-07-01 00:00:00+05:30,3468.654560018073,3474.737805435941,3447.8536694545537,3460.16748046875,2961120,0.0,0.0,LT.NS,1112
2024-07-02 00:00:00+05:30,3468.507315423034,3565.594662068713,3468.507315423034,3558.23583984375,5087748,0.0,0.0,LT.NS,1113
2024-07-03 00:00:00+05:30,3581.637044479402,3581.784125108127,3537.1406029351588,3546.314697265625,1923801,0.0,0.0,LT.NS,1114
2024-07-04 00:00:00+05:30,3548.03199452257,3575.4067196370215,3498.6787748249444,3506.03759765625,1851947,0.0,0.0,LT.NS,1115
2024-07-05 00:00:00+05:30,3506.037575430059,3569.5196387433475,3500.8372927532337,3558.873779296875,1635209,0.0,0.0,LT.NS,1116
2024-07-08 00:00:00+05:30,3571.579948072588,3577.0743916296287,3526.3476247913513,3563.63232421875,1706210,0.0,0.0,LT.NS,1117
2024-07-09 00:00:00+05:30,3581.2937847862586,3615.6349580650312,3577.46729272463,3597.0908203125,2425176,0.0,0.0,LT.NS,1118
2024-07-10 00:00:00+05:30,3615.683945584045,3624.465425981089,3533.216025705983,3581.3427734375,2231438,0.0,0.0,LT.NS,1119
2024-07-11 00:00:00+05:30,3591.1054079867445,3615.242441792854,3535.1783565508854,3552.937744140625,2942924,0.0,0.0,LT.NS,1120
2024-07-12 00:00:00+05:30,3561.6701476838834,3598.660448140635,3544.6957489333035,3580.656005859375,2001185,0.0,0.0,LT.NS,1121
2024-07-15 00:00:00+05:30,3600.91707375713,3604.841779014631,3568.538255382747,3582.863525390625,943302,0.0,0.0,LT.NS,1122
2024-07-16 00:00:00+05:30,3577.467205933007,3582.863675888749,3552.8395835897063,3568.096923828125,2220953,0.0,0.0,LT.NS,1123
2024-07-18 00:00:00+05:30,3571.4817009714675,3609.992870411888,3530.909965500951,3587.376708984375,3240772,0.0,0.0,LT.NS,1124
2024-07-19 00:00:00+05:30,3582.2747046563018,3590.0750084049355,3542.0464759817173,3550.386474609375,2432533,0.0,0.0,LT.NS,1125
2024-07-22 00:00:00+05:30,3549.7977943876153,3592.920686284693,3500.4448159864874,3582.71630859375,3639057,0.0,0.0,LT.NS,1126
2024-07-23 00:00:00+05:30,3600.524720570956,3644.088853371615,3394.870068030638,3471.450927734375,6957691,0.0,0.0,LT.NS,1127
2024-07-24 00:00:00+05:30,3482.194735699708,3490.9762157942337,3435.0982726640395,3453.200927734375,3184060,0.0,0.0,LT.NS,1128
2024-07-25 00:00:00+05:30,3472.3832227089542,3562.553236573613,3465.5640947496818,3551.0244140625,4691483,0.0,0.0,LT.NS,1129
2024-07-26 00:00:00+05:30,3560.6888367643323,3631.3335312385766,3528.4082319128506,3610.630615234375,2617659,0.0,0.0,LT.NS,1130
2024-07-29 00:00:00+05:30,3631.3336586429027,3718.6583534873284,3617.2048150703467,3703.8916015625,4159919,0.0,0.0,LT.NS,1131
2024-07-30 00:00:00+05:30,3703.7935990607602,3723.5642064734407,3668.2259567723117,3713.408935546875,1979989,0.0,0.0,LT.NS,1132
2024-07-31 00:00:00+05:30,3705.952149876589,3750.0559785335436,3692.264787816845,3743.187744140625,2703636,0.0,0.0,LT.NS,1133
2024-08-01 00:00:00+05:30,3738.281732709139,3766.6867389108825,3694.9628945378704,3708.15966796875,1998663,0.0,0.0,LT.NS,1134
2024-08-02 00:00:00+05:30,3660.1314394799247,3678.332069864614,3588.260268966907,3596.6982421875,2512525,0.0,0.0,LT.NS,1135
2024-08-05 00:00:00+05:30,3529.2912545755607,3539.985980741122,3445.4006784659664,3461.590087890625,2900685,0.0,0.0,LT.NS,1136
2024-08-06 00:00:00+05:30,3481.2136873584077,3566.4778162956036,3479.251334659784,3508.8828125,2125532,0.0,0.0,LT.NS,1137
2024-08-07 00:00:00+05:30,3561.6701876062925,3586.9354788820124,3542.390167945932,3569.764892578125,1613097,0.0,0.0,LT.NS,1138
2024-08-08 00:00:00+05:30,3552.8394749391305,3560.4435914624055,3480.673908283438,3486.6591796875,2038088,0.0,0.0,LT.NS,1139
2024-08-09 00:00:00+05:30,3532.234874417838,3537.680451091567,3508.392241106516,3524.4345703125,848232,0.0,0.0,LT.NS,1140
2024-08-12 00:00:00+05:30,3511.63023194983,3543.0278758230893,3495.9314100132005,3504.712890625,1965035,0.0,0.0,LT.NS,1141
2024-08-13 00:00:00+05:30,3512.6115093627222,3539.1032721428323,3478.4665227593546,3484.9423828125,1316218,0.0,0.0,LT.NS,1142
2024-08-14 00:00:00+05:30,3491.957483252983,3511.335715945336,3469.930122354727,3478.46630859375,1584372,0.0,0.0,LT.NS,1143
2024-08-16 00:00:00+05:30,3510.648919858987,3513.494235406998,3466.495984869145,3501.1806640625,2808865,0.0,0.0,LT.NS,1144
2024-08-19 00:00:00+05:30,3532.08785281875,3532.1367200012605,3480.232585824866,3488.131103515625,1898535,0.0,0.0,LT.NS,1145
2024-08-20 00:00:00+05:30,3494.9501913347194,3512.611365799634,3481.213722306453,3505.44873046875,1285569,0.0,0.0,LT.NS,1146
2024-08-21 00:00:00+05:30,3522.4232099822525,3547.2470203460052,3514.4755854732,3528.359375,1714248,0.0,0.0,LT.NS,1147
2024-08-22 00:00:00+05:30,3539.151999558256,3544.1558549311926,3516.4867313464474,3538.6123046875,1734927,0.0,0.0,LT.NS,1148
2024-08-23 00:00:00+05:30,3538.612315371432,3553.8205479759677,3519.5284843024815,3530.81201171875,1825180,0.0,0.0,LT.NS,1149
2024-08-26 00:00:00+05:30,3543.0279368370334,3579.3314631906665,3527.0347138046727,3573.34619140625,1606911,0.0,0.0,LT.NS,1150
2024-08-27 00:00:00+05:30,3574.081779686039,3666.655860090481,3567.5570530610084,3633.00146484375,3315435,0.0,0.0,LT.NS,1151
2024-08-28 00:00:00+05:30,3635.258357368185,3654.2930826386964,3615.6348304728103,3619.608642578125,1278175,0.0,0.0,LT.NS,1152
2024-08-29 00:00:00+05:30,3621.031354915697,3640.1642939269036,3582.814583620265,3614.114013671875,2165489,0.0,0.0,LT.NS,1153
2024-08-30 00:00:00+05:30,3648.3573473216406,3674.5056024529986,3597.3850419212913,3634.9150390625,2592912,0.0,0.0,LT.NS,1154
2024-09-02 00:00:00+05:30,3636.2395948078406,3651.8893098608423,3597.336047902118,3613.770751953125,1277813,0.0,0.0,LT.NS,1155
2024-09-03 00:00:00+05:30,3624.4162621096075,3644.039788741092,3597.875394431524,3620.687744140625,1211993,0.0,0.0,LT.NS,1156
2024-09-04 00:00:00+05:30,3581.2936243039085,3611.710090702106,3562.749487382364,3582.07861328125,1930121,0.0,0.0,LT.NS,1157
2024-09-05 00:00:00+05:30,3598.954854579987,3598.954854579987,3540.476648256813,3555.93017578125,2958770,0.0,0.0,LT.NS,1158
2024-09-06 00:00:00+05:30,3547.050767159477,3555.586953612089,3469.635808359902,3507.460205078125,3096557,0.0,0.0,LT.NS,1159
2024-09-09 00:00:00+05:30,3516.53601662637,3526.3477800656174,3486.9536456750407,3510.943359375,1454589,0.0,0.0,LT.NS,1160
2024-09-10 00:00:00+05:30,3517.5172547816233,3556.76430922828,3503.7807857252933,3528.457275390625,1203483,0.0,0.0,LT.NS,1161
2024-09-11 00:00:00+05:30,3527.328916053436,3536.110396322093,3450.208360485282,3470.37158203125,1865165,0.0,0.0,LT.NS,1162
2024-09-12 00:00:00+05:30,3491.025513301957,3569.568729378419,3467.4772804972217,3553.82080078125,3751523,0.0,0.0,LT.NS,1163
2024-09-13 00:00:00+05:30,3553.8205769800456,3566.3305748697467,3532.2838049926586,3544.989990234375,1752455,0.0,0.0,LT.NS,1164
2024-09-16 00:00:00+05:30,3551.024192949311,3600.917104783176,3544.9900543819117,3593.31298828125,1045964,0.0,0.0,LT.NS,1165
2024-09-17 00:00:00+05:30,3598.954873295229,3635.258398462057,3590.8110616325876,3625.642822265625,1289060,0.0,0.0,LT.NS,1166
2024-09-18 00:00:00+05:30,3619.5595364583974,3687.211597532537,3614.8498420937167,3660.229248046875,2249929,0.0,0.0,LT.NS,1167
2024-09-19 00:00:00+05:30,3679.411416757271,3679.803791490386,3604.842012044324,3614.359375,1711564,0.0,0.0,LT.NS,1168
2024-09-20 00:00:00+05:30,3630.352499714604,3738.1836849016377,3610.9742667769383,3722.48486328125,5401701,0.0,0.0,LT.NS,1169
2024-09-23 00:00:00+05:30,3728.4701283367426,3766.5398186087614,3678.4301345090653,3716.401611328125,1937874,0.0,0.0,LT.NS,1170
2024-09-24 00:00:00+05:30,3716.401540067454,3759.671512071468,3703.9406485759473,3720.228271484375,2676546,0.0,0.0,LT.NS,1171
2024-09-25 00:00:00+05:30,3716.2545761693636,3741.4216540256025,3706.8842940073782,3722.43603515625,2113862,0.0,0.0,LT.NS,1172
2024-09-26 00:00:00+05:30,3729.4510699902903,3731.364315842534,3666.0669859793516,3691.332275390625,2750597,0.0,0.0,LT.NS,1173
2024-09-27 00:00:00+05:30,3667.63714640242,3667.63714640242,3582.27480511376,3635.89599609375,4095425,0.0,0.0,LT.NS,1174
2024-09-30 00:00:00+05:30,3629.3713305426427,3645.7078210056707,3596.0113345333293,3606.36279296875,1837697,0.0,0.0,LT.NS,1175
2024-10-01 00:00:00+05:30,3597.9736638855506,3653.9007156557923,3570.8442337132515,3584.727783203125,1674100,0.0,0.0,LT.NS,1176
2024-10-03 00:00:00+05:30,3515.0641863391256,3548.914769571142,3419.7918693086954,3431.811279296875,5315877,0.0,0.0,LT.NS,1177
2024-10-04 00:00:00+05:30,3448.8347173640486,3486.6591118888045,3403.2100191115796,3428.180908203125,3445879,0.0,0.0,LT.NS,1178
2024-10-07 00:00:00+05:30,3439.0230046228585,3446.823308464715,3364.453604237313,3403.06298828125,2304227,0.0,0.0,LT.NS,1179
2024-10-08 00:00:00+05:30,3427.199867646705,3471.892498087252,3403.700742084125,3465.9072265625,2249452,0.0,0.0,LT.NS,1180
2024-10-09 00:00:00+05:30,3475.3755505463,3490.730863775683,3415.4746897080636,3421.4599609375,1645791,0.0,0.0,LT.NS,1181
2024-10-10 00:00:00+05:30,3448.8348138799515,3487.9836537870738,3390.454822009153,3395.213623046875,2686116,0.0,0.0,LT.NS,1182
2024-10-11 00:00:00+05:30,3404.0932364871355,3431.2720138454197,3382.1149813961556,3416.995849609375,1280465,0.0,0.0,LT.NS,1183
2024-10-14 00:00:00+05:30,3443.929060119898,3506.5772671882323,3435.3928736063813,3488.131103515625,1974378,0.0,0.0,LT.NS,1184
2024-10-15 00:00:00+05:30,3502.7996714731376,3502.7996714731376,3453.887933183721,3485.040283203125,1231552,0.0,0.0,LT.NS,1185
2024-10-16 00:00:00+05:30,3483.1758875374667,3514.4753158919875,3447.41205908006,3466.103515625,1961835,0.0,0.0,LT.NS,1186
2024-10-17 00:00:00+05:30,3483.077852737479,3515.5548859613777,3455.506940841957,3503.093994140625,2968537,0.0,0.0,LT.NS,1187
2024-10-18 00:00:00+05:30,3502.750550500965,3524.827018928877,3473.609660085124,3510.452880859375,2102609,0.0,0.0,LT.NS,1188
2024-10-21 00:00:00+05:30,3512.6112737459366,3553.7715730251043,3504.0750875539347,3518.10595703125,1750549,0.0,0.0,LT.NS,1189
2024-10-22 00:00:00+05:30,3517.51730166589,3524.0420287366096,3434.117309855123,3445.793212890625,1363574,0.0,0.0,LT.NS,1190
2024-10-23 00:00:00+05:30,3435.147533894267,3447.8046130863913,3378.1901984396873,3390.356689453125,2125268,0.0,0.0,LT.NS,1191
2024-10-24 00:00:00+05:30,3379.171363583563,3409.195455837588,3352.434307933838,3377.8466796875,1924421,0.0,0.0,LT.NS,1192
2024-10-25 00:00:00+05:30,3360.5289959569714,3370.3407594488162,3252.648704273135,3263.784912109375,3236774,0.0,0.0,LT.NS,1193
2024-10-28 00:00:00+05:30,3253.5808406321084,3309.5078936827813,3201.137011601489,3277.9140625,2991674,0.0,0.0,LT.NS,1194
2024-10-29 00:00:00+05:30,3253.580783765879,3320.6931504356885,3253.580783765879,3317.259033203125,2253467,0.0,0.0,LT.NS,1195
2024-10-30 00:00:00+05:30,3316.3270738977785,3373.6767856803704,3289.8844182364055,3344.192626953125,1785128,0.0,0.0,LT.NS,1196
2024-10-31 00:00:00+05:30,3463.552369049658,3586.150300889314,3442.3099977883576,3554.114990234375,7637083,0.0,0.0,LT.NS,1197
2024-11-01 00:00:00+05:30,3556.7150766034893,3573.3459674275714,3551.858301696634,3558.0888671875,212796,0.0,0.0,LT.NS,1198
2024-11-04 00:00:00+05:30,3556.71492978336,3556.71492978336,3464.4352521823753,3507.16552734375,1724189,0.0,0.0,LT.NS,1199
2024-11-05 00:00:00+05:30,3489.0631139839893,3517.517228243139,3475.228431577917,3507.50927734375,1251506,0.0,0.0,LT.NS,1200
2024-11-06 00:00:00+05:30,3526.347628742835,3591.007051214807,3490.436480278207,3576.8291015625,1819732,0.0,0.0,LT.NS,1201
2024-11-07 00:00:00+05:30,3578.693680400606,3594.0489945648405,3551.8584112270605,3577.90869140625,1581009,0.0,0.0,LT.NS,1202
2024-11-08 00:00:00+05:30,3571.8743489226604,3597.973736090544,3552.496115683558,3591.39990234375,1622142,0.0,0.0,LT.NS,1203
2024-11-11 00:00:00+05:30,3577.36907123832,3592.0867168961845,3538.1220161506803,3560.5419921875,926127,0.0,0.0,LT.NS,1204
2024-11-12 00:00:00+05:30,3581.2937002087674,3582.274876564989,3512.611355273257,3523.747802734375,1116206,0.0,0.0,LT.NS,1205
2024-11-13 00:00:00+05:30,3517.5171821205345,3536.9936283053685,3469.0960338791992,3481.16455078125,1568694,0.0,0.0,LT.NS,1206
2024-11-14 00:00:00+05:30,3491.0256418103063,3498.6297589334176,3434.264491079784,3459.873291015625,1291765,0.0,0.0,LT.NS,1207
2024-11-18 00:00:00+05:30,3454.8200627535784,3501.1315375049285,3444.763005396193,3475.4736328125,1233217,0.0,0.0,LT.NS,1208
2024-11-19 00:00:00+05:30,3492.8895277768793,3539.103028822926,3429.211279660695,3439.906005859375,1826460,0.0,0.0,LT.NS,1209
2024-11-21 00:00:00+05:30,3463.5526809703333,3464.0923758976187,3387.462403483639,3417.927978515625,1510581,0.0,0.0,LT.NS,1210
2024-11-22 00:00:00+05:30,3434.117194004093,3545.48070872394,3407.723646245321,3535.6689453125,2534018,0.0,0.0,LT.NS,1211
2024-11-25 00:00:00+05:30,3591.1055764763187,3690.204391564873,3585.218518154227,3682.35498046875,4753829,0.0,0.0,LT.NS,1212
2024-11-26 00:00:00+05:30,3684.218894723248,3684.218894723248,3620.540646913955,3632.903564453125,1141534,0.0,0.0,LT.NS,1213
2024-11-27 00:00:00+05:30,3634.2771868414757,3649.9760083829074,3615.634836261025,3629.076904296875,971816,0.0,0.0,LT.NS,1214
2024-11-28 00:00:00+05:30,3630.3526385374244,3650.466754507699,3579.3314663201418,3597.041748046875,2124283,0.0,0.0,LT.NS,1215
2024-11-29 00:00:00+05:30,3566.6743185324817,3679.411387631506,3566.6743185324817,3654.685791015625,2094305,0.0,0.0,LT.NS,1216
2024-12-02 00:00:00+05:30,3637.073513461759,3647.8664529100997,3603.7623859829273,3634.326171875,1158369,0.0,0.0,LT.NS,1217
2024-12-03 00:00:00+05:30,3650.9571706802785,3727.3418447668805,3631.8242320002823,3715.763916015625,3252670,0.0,0.0,LT.NS,1218
2024-12-04 00:00:00+05:30,3703.9406271680937,3762.811206672752,3687.309736367028,3718.56005859375,2510166,0.0,0.0,LT.NS,1219
2024-12-05 00:00:00+05:30,3738.281871404723,3810.8889208755763,3689.2230541946874,3759.42626953125,2765170,0.0,0.0,LT.NS,1220
2024-12-06 00:00:00+05:30,3759.867537340408,3810.8395976163874,3728.469896110008,3793.914306640625,1856562,0.0,0.0,LT.NS,1221
2024-12-09 00:00:00+05:30,3794.699635845581,3884.4772742889863,3794.699635845581,3872.99755859375,3332753,0.0,0.0,LT.NS,1222
2024-12-10 00:00:00+05:30,3880.5525653326586,3888.8925645249033,3827.8634418741863,3849.302001953125,2349493,0.0,0.0,LT.NS,1223
2024-12-11 00:00:00+05:30,3849.3018937465476,3873.3407142719752,3828.5501098048444,3843.0224609375,1237958,0.0,0.0,LT.NS,1224
2024-12-12 00:00:00+05:30,3856.0229883966945,3884.47710205153,3774.536246038242,3787.242431640625,1899867,0.0,0.0,LT.NS,1225
2024-12-13 00:00:00+05:30,3786.3595813921,3824.6254595144874,3722.7793052182087,3813.83251953125,2300361,0.0,0.0,LT.NS,1226
2024-12-16 00:00:00+05:30,3808.9265222894905,3840.7165396405203,3784.642408063147,3804.854736328125,918660,0.0,0.0,LT.NS,1227
2024-12-17 00:00:00+05:30,3790.3332169161704,3802.4506006965134,3725.526473310008,3735.534423828125,1690180,0.0,0.0,LT.NS,1228
2024-12-18 00:00:00+05:30,3735.534708884533,3747.112638210369,3674.505585257353,3687.407958984375,1318341,0.0,0.0,LT.NS,1229
2024-12-19 00:00:00+05:30,3632.4618797708927,3691.3815667096774,3630.3524464645975,3646.394775390625,1856838,0.0,0.0,LT.NS,1230
2024-12-20 00:00:00+05:30,3646.3949505772566,3654.882030481039,3539.20143062288,3561.523193359375,2796593,0.0,0.0,LT.NS,1231
2024-12-23 00:00:00+05:30,3600.9173598235134,3630.352651593188,3548.9641177590415,3571.97265625,1217612,0.0,0.0,LT.NS,1232
2024-12-24 00:00:00+05:30,3579.2821703192803,3609.747743489315,3564.0248303713397,3571.236572265625,627922,0.0,0.0,LT.NS,1233
2024-12-26 00:00:00+05:30,3589.1432144579144,3596.1585297889987,3542.3902555550567,3561.1796875,1124705,0.0,0.0,LT.NS,1234
2024-12-27 00:00:00+05:30,3564.0250117517803,3575.063246103768,3535.669109990014,3540.1826171875,1309122,0.0,0.0,LT.NS,1235
2024-12-30 00:00:00+05:30,3539.9860621495345,3554.8019208726373,3498.8748688467635,3511.5810546875,1591690,0.0,0.0,LT.NS,1236
2024-12-31 00:00:00+05:30,3495.489813505843,3552.4471478790047,3483.176002545589,3539.74072265625,1267628,0.0,0.0,LT.NS,1237
2025-01-01 00:00:00+05:30,3532.234950153374,3619.559647532166,3532.185843425619,3598.46435546875,1202029,0.0,0.0,LT.NS,1238
2025-01-02 00:00:00+05:30,3607.393077046229,3653.9989538368345,3581.342796952162,3643.598388671875,1882900,0.0,0.0,LT.NS,1239
2025-01-03 00:00:00+05:30,3638.2017563930235,3649.8776586605363,3582.7161881701013,3591.007080078125,1290107,0.0,0.0,LT.NS,1240
2025-01-06 00:00:00+05:30,3615.389489506093,3622.748311996437,3518.0077385505383,3535.37451171875,1212012,0.0,0.0,LT.NS,1241
2025-01-07 00:00:00+05:30,3539.2014334818487,3581.146723932662,3528.0158789679554,3574.719970703125,1453540,0.0,0.0,LT.NS,1242
2025-01-08 00:00:00+05:30,3593.0679428266913,3594.8832149675354,3522.4232426946537,3528.65380859375,1813201,0.0,0.0,LT.NS,1243
2025-01-09 00:00:00+05:30,3532.136640437175,3538.4163127933175,3420.3807501834913,3461.491943359375,2921681,0.0,0.0,LT.NS,1244
2025-01-10 00:00:00+05:30,3434.0681338002832,3485.334598319579,3426.5622305068487,3469.586669921875,1794238,0.0,0.0,LT.NS,1245
2025-01-13 00:00:00+05:30,3439.562633790394,3467.967639827642,3383.684691293909,3399.089111328125,2137212,0.0,0.0,LT.NS,1246
2025-01-14 00:00:00+05:30,3400.6102099138716,3426.2187693846085,3383.6849175705347,3397.42138671875,2924491,0.0,0.0,LT.NS,1247
2025-01-15 00:00:00+05:30,3405.957458707444,3459.774836941175,3405.957458707444,3435.49072265625,1155446,0.0,0.0,LT.NS,1248
2025-01-16 00:00:00+05:30,3468.45838299686,3476.7492752112885,3418.1730952660005,3441.868408203125,2305460,0.0,0.0,LT.NS,1249
2025-01-17 00:00:00+05:30,3457.665425707677,3512.4642201709044,3445.842202889545,3501.474853515625,1600246,0.0,0.0,LT.NS,1250
2025-01-20 00:00:00+05:30,3507.607068183891,3549.0617669668163,3489.5535200348877,3525.366455078125,1593334,0.0,0.0,LT.NS,1251
2025-01-21 00:00:00+05:30,3544.7450409346275,3574.720027879145,3461.688554449648,3474.44384765625,2576596,0.0,0.0,LT.NS,1252
2025-01-22 00:00:00+05:30,3495.931358053237,3514.917216368667,3424.4036974855876,3451.974609375,1626055,0.0,0.0,LT.NS,1253
2025-01-23 00:00:00+05:30,3426.267674714997,3461.393834523996,3395.4588343972428,3437.305908203125,1993204,0.0,0.0,LT.NS,1254
2025-01-24 00:00:00+05:30,3448.344280291684,3454.820140016338,3381.182807077918,3393.10400390625,1206454,0.0,0.0,LT.NS,1255
2025-01-27 00:00:00+05:30,3382.310964343468,3428.1318506048647,3337.1277468724393,3392.564208984375,1552938,0.0,0.0,LT.NS,1256
2025-01-28 00:00:00+05:30,3399.727041435355,3416.603227219977,3339.9734958614013,3349.637939453125,1657689,0.0,0.0,LT.NS,1257
2025-01-29 00:00:00+05:30,3366.4159666711275,3389.964198440322,3347.773616520515,3384.763916015625,1238704,0.0,0.0,LT.NS,1258
2025-01-30 00:00:00+05:30,3389.9642782998344,3451.5822007897996,3331.0936974899964,3356.55517578125,2717740,0.0,0.0,LT.NS,1259
2025-01-31 00:00:00+05:30,3435.147386229306,3522.422971557076,3415.523859925367,3500.248291015625,3995513,0.0,0.0,LT.NS,1260
2025-02-01 00:00:00+05:30,3510.6489825054387,3560.885163747996,3337.961944796954,3382.60546875,4752505,0.0,0.0,LT.NS,1261
2025-02-03 00:00:00+05:30,3355.6230688993624,3355.6230688993624,3208.446618509039,3227.28515625,6077580,0.0,0.0,LT.NS,1262
2025-02-04 00:00:00+05:30,3253.5808242038374,3384.077280663159,3244.995531015724,3374.41259765625,4742516,0.0,0.0,LT.NS,1263
2025-02-05 00:00:00+05:30,3379.8091095689065,3385.9905686499983,3315.836457728667,3319.515869140625,2670316,0.0,0.0,LT.NS,1264
2025-02-06 00:00:00+05:30,3339.9242025552717,3339.9242025552717,3279.7780460632407,3289.638916015625,2874856,0.0,0.0,LT.NS,1265
2025-02-07 00:00:00+05:30,3303.6206611792763,3306.515083407039,3248.773000846423,3274.087158203125,1722789,0.0,0.0,LT.NS,1266
2025-02-10 00:00:00+05:30,3284.782101722402,3285.959465386548,3232.0438750085987,3265.992431640625,1236663,0.0,0.0,LT.NS,1267
2025-02-11 00:00:00+05:30,3297.6847117439966,3297.7338184720784,3170.1808888673863,3178.66796875,2593537,0.0,0.0,LT.NS,1268
2025-02-12 00:00:00+05:30,3197.6536043221495,3237.8818331583598,3161.5953748165225,3227.7265625,1632415,0.0,0.0,LT.NS,1269
2025-02-13 00:00:00+05:30,3227.726895364606,3252.501599824765,3191.7177688701327,3202.21630859375,2127644,0.0,0.0,LT.NS,1270
2025-02-14 00:00:00+05:30,3213.4017062314106,3223.949352168714,3160.908770636458,3176.70556640625,1378340,0.0,0.0,LT.NS,1271
2025-02-17 00:00:00+05:30,3153.0593133707102,3178.42257833882,3134.416962685713,3161.203125,1966689,0.0,0.0,LT.NS,1272
2025-02-18 00:00:00+05:30,3166.256065891852,3179.9925347243548,3123.0843067039864,3159.534912109375,2428215,0.0,0.0,LT.NS,1273
2025-02-19 00:00:00+05:30,3159.5350127175934,3240.6784906837115,3151.146146335195,3214.235595703125,1677978,0.0,0.0,LT.NS,1274
2025-02-20 00:00:00+05:30,3198.684167030369,3223.605951743544,3186.6156494153197,3214.1376953125,1236693,0.0,0.0,LT.NS,1275
2025-02-21 00:00:00+05:30,3214.1374761511306,3262.3130903234783,3209.3295683975134,3252.69775390625,1706850,0.0,0.0,LT.NS,1276
2025-02-24 00:00:00+05:30,3227.7758172868807,3262.901978815365,3188.8231637798635,3196.378173828125,1512844,0.0,0.0,LT.NS,1277
2025-02-25 00:00:00+05:30,3172.142961183161,3187.7926751766895,3146.0435759227034,3165.176513671875,2529084,0.0,0.0,LT.NS,1278
2025-02-27 00:00:00+05:30,3177.0489747843317,3197.1630896648376,3124.0654526600715,3149.08544921875,2572065,0.0,0.0,LT.NS,1279
2025-02-28 00:00:00+05:30,3139.568164101987,3139.568164101987,3081.8749462348164,3104.294921875,2494680,0.0,0.0,LT.NS,1280
2025-03-03 00:00:00+05:30,3106.3552595666883,3166.256124456815,3100.5173081138937,3137.115234375,1352460,0.0,0.0,LT.NS,1281
2025-03-04 00:00:00+05:30,3111.35923233798,3160.3689418475724,3108.1704092827163,3152.51953125,1442098,0.0,0.0,LT.NS,1282
2025-03-05 00:00:00+05:30,3152.519713999044,3183.91735820943,3127.84322382045,3178.66796875,1945855,0.0,0.0,LT.NS,1283
2025-03-06 00:00:00+05:30,3188.9212846995256,3204.9633739617284,3154.48189971204,3198.53662109375,1854837,0.0,0.0,LT.NS,1284
2025-03-07 00:00:00+05:30,3198.5366351008324,3227.088962235665,3179.1095353253827,3183.622802734375,930240,0.0,0.0,LT.NS,1285
2025-03-10 00:00:00+05:30,3184.898425682085,3185.192826495493,3109.39695361073,3117.884033203125,1777752,0.0,0.0,LT.NS,1286
2025-03-11 00:00:00+05:30,3110.6235584273086,3144.0815296132955,3101.596783544536,3135.300048828125,1274649,0.0,0.0,LT.NS,1287
2025-03-12 00:00:00+05:30,3144.67013857302,3161.3010294624005,3093.698076123559,3133.53369140625,1360149,0.0,0.0,LT.NS,1288
2025-03-13 00:00:00+05:30,3141.9720055011107,3172.2902592716723,3118.227585447547,3127.303466796875,1414376,0.0,0.0,LT.NS,1289
2025-03-17 00:00:00+05:30,3129.9523827877642,3179.0603042887783,3099.535917625877,3113.7138671875,2805790,0.0,0.0,LT.NS,1290
2025-03-18 00:00:00+05:30,3113.7138671875,3113.7138671875,3113.7138671875,3113.7138671875,0,0.0,0.0,LT.NS,1291
2025-03-19 00:00:00+05:30,3213.352511021465,3263.9813059444155,3206.974864816384,3257.06396484375,1616312,0.0,0.0,LT.NS,1292
2025-03-20 00:00:00+05:30,3272.4685565268173,3295.6732823449274,3215.2168183211816,3287.97119140625,2434722,0.0,0.0,LT.NS,1293
2025-03-21 00:00:00+05:30,3293.8088743272724,3389.964152755653,3270.0153487978005,3351.649169921875,3042073,0.0,0.0,LT.NS,1294
2025-03-24 00:00:00+05:30,3384.077100222148,3450.797089440793,3381.1335712860314,3416.308837890625,1955564,0.0,0.0,LT.NS,1295
2025-03-25 00:00:00+05:30,3439.0230976614544,3458.646624609594,3370.6842608825614,3404.28955078125,4235900,0.0,0.0,LT.NS,1296
2025-03-26 00:00:00+05:30,3407.625423665269,3430.977468430945,3354.1513132161595,3379.956298828125,2315715,0.0,0.0,LT.NS,1297
2025-03-27 00:00:00+05:30,3394.870223253125,3461.5902160800647,3386.0396359672063,3435.687255859375,3467864,0.0,0.0,LT.NS,1298
2025-03-28 00:00:00+05:30,3443.8308160982156,3447.853734999173,3407.1840227158823,3426.562255859375,1348143,0.0,0.0,LT.NS,1299
2025-04-01 00:00:00+05:30,3414.4937040802274,3435.6872090959696,3365.434886492868,3372.10693359375,1935147,0.0,0.0,LT.NS,1300
2025-04-02 00:00:00+05:30,3368.3784083421438,3392.662522995936,3343.84899960094,3355.52490234375,1338839,0.0,0.0,LT.NS,1301
2025-04-03 00:00:00+05:30,3335.999412946053,3397.8135197153474,3329.131178860576,3355.77001953125,1200631,0.0,0.0,LT.NS,1302
2025-04-04 00:00:00+05:30,3335.999590821154,3339.728108861073,3176.3622465458607,3198.781982421875,2366979,0.0,0.0,LT.NS,1303
2025-04-07 00:00:00+05:30,2991.655670666104,3032.4235941840825,2909.482154847765,3010.739501953125,4953864,0.0,0.0,LT.NS,1304
2025-04-08 00:00:00+05:30,3066.127010634854,3133.779072579321,3034.4840731036807,3101.5966796875,2877816,0.0,0.0,LT.NS,1305
2025-04-09 00:00:00+05:30,3099.339917217843,3099.339917217843,2990.625529205188,2996.65966796875,4451381,0.0,0.0,LT.NS,1306
2025-04-11 00:00:00+05:30,3055.3831407534835,3097.5737236219484,3041.793752546452,3057.29638671875,3979116,0.0,0.0,LT.NS,1307
2025-04-15 00:00:00+05:30,3120.140652155829,3210.4088722810916,3116.3141603815607,3196.280029296875,2161492,0.0,0.0,LT.NS,1308
2025-04-16 00:00:00+05:30,3208.446678792638,3215.1187259113617,3163.4107799450203,3166.94287109375,1578260,0.0,0.0,LT.NS,1309
2025-04-17 00:00:00+05:30,3153.598823065942,3188.7247427629723,3102.8718170188463,3186.173828125,3209331,0.0,0.0,LT.NS,1310
2025-04-21 00:00:00+05:30,3188.332556518871,3228.0701987835314,3164.3919493428566,3218.7490234375,1643003,0.0,0.0,LT.NS,1311
2025-04-22 00:00:00+05:30,3218.258385130219,3223.1642668148684,3186.8607423484605,3196.476318359375,2060322,0.0,0.0,LT.NS,1312
2025-04-23 00:00:00+05:30,3213.744827462232,3252.599505609687,3205.2086413746097,3238.863037109375,2381699,0.0,0.0,LT.NS,1313
2025-04-24 00:00:00+05:30,3244.750135843254,3244.750135843254,3218.258374830926,3238.470703125,1993448,0.0,0.0,LT.NS,1314
2025-04-25 00:00:00+05:30,3247.6938131494953,3272.9099981703844,3169.2979163177597,3210.50732421875,2004819,0.0,0.0,LT.NS,1315
2025-04-28 00:00:00+05:30,3198.6347554899353,3287.725611926078,3193.5326866110368,3264.66796875,1689485,0.0,0.0,LT.NS,1316
2025-04-29 00:00:00+05:30,3272.2230986583695,3312.8437033754367,3252.5995718298336,3259.76220703125,1843861,0.0,0.0,LT.NS,1317
2025-04-30 00:00:00+05:30,3261.4301098683964,3291.846575995328,3241.1198078152197,3278.110107421875,1930714,0.0,0.0,LT.NS,1318
2025-05-02 00:00:00+05:30,3262.411449697103,3311.37205503395,3262.411449697103,3272.125,1411889,0.0,0.0,LT.NS,1319
2025-05-05 00:00:00+05:30,3286.940767342896,3286.940767342896,3238.5687254547884,3267.513427734375,1947332,0.0,0.0,LT.NS,1320
2025-05-06 00:00:00+05:30,3283.0160595322345,3289.8842939664023,3240.6292892189426,3271.241943359375,1695516,0.0,0.0,LT.NS,1321
2025-05-07 00:00:00+05:30,3269.279715893045,3276.93293960756,3222.2814628541255,3258.879150390625,2422707,0.0,0.0,LT.NS,1322
2025-05-08 00:00:00+05:30,3247.7919890181015,3302.6396521287957,3237.6858245265303,3261.33203125,3204333,0.0,0.0,LT.NS,1323
2025-05-09 00:00:00+05:30,3268.298288470599,3411.5500297244885,3268.298288470599,3379.072998046875,5637694,0.0,0.0,LT.NS,1324
2025-05-12 00:00:00+05:30,3446.87254344212,3534.9822282429814,3424.305487222601,3519.67578125,3147384,0.0,0.0,LT.NS,1325
2025-05-13 00:00:00+05:30,3519.6756709198476,3538.1218337691867,3478.2700778457474,3499.85595703125,2374439,0.0,0.0,LT.NS,1326
2025-05-14 00:00:00+05:30,3519.4795640274842,3548.91485449886,3499.8560370465675,3505.84130859375,2440116,0.0,0.0,LT.NS,1327
2025-05-15 00:00:00+05:30,3526.34786497057,3580.0181643664896,3476.3078702255784,3550.09228515625,3720879,0.0,0.0,LT.NS,1328
2025-05-16 00:00:00+05:30,3573.4443622898734,3573.4443622898734,3532.234954487519,3536.846435546875,1278520,0.0,0.0,LT.NS,1329
2025-05-19 00:00:00+05:30,3536.8464460499713,3551.760279104204,3519.4796720478375,3532.43115234375,1519244,0.0,0.0,LT.NS,1330
2025-05-20 00:00:00+05:30,3561.6702358039292,3565.594941297928,3489.063184164951,3500.64111328125,1532347,0.0,0.0,LT.NS,1331
2025-05-21 00:00:00+05:30,3498.5804378335674,3542.53718590278,3488.0818988739466,3521.44189453125,1563885,0.0,0.0,LT.NS,1332
2025-05-22 00:00:00+05:30,3517.517181412424,3524.38541579733,3470.322503606713,3484.549560546875,1597159,0.0,0.0,LT.NS,1333
2025-05-23 00:00:00+05:30,3502.7993989904503,3563.239955026323,3484.353236599373,3532.136474609375,1119217,0.0,0.0,LT.NS,1334
2025-05-26 00:00:00+05:30,3547.7374606151934,3603.370111223932,3540.476611967004,3580.01806640625,1678934,0.0,0.0,LT.NS,1335
2025-05-27 00:00:00+05:30,3580.01811997658,3596.0113424783226,3535.178408444583,3571.48193359375,2013954,0.0,0.0,LT.NS,1336
2025-05-28 00:00:00+05:30,3591.1053980031797,3594.0489270179364,3551.8583444730903,3577.663330078125,1293244,0.0,0.0,LT.NS,1337
2025-05-29 00:00:00+05:30,3594.9318692177867,3599.8377508808176,3549.895971369164,3586.493896484375,1972248,0.0,0.0,LT.NS,1338
2025-05-30 00:00:00+05:30,3586.4940466109406,3625.741101558025,3585.7090576029964,3605.92138671875,2571304,0.0,0.0,LT.NS,1339
2025-06-02 00:00:00+05:30,3605.9213762531426,3627.703443776553,3537.729618480499,3610.336669921875,1954517,0.0,0.0,LT.NS,1340
2025-06-03 00:00:00+05:30,3619.6457221369187,3633.7083192679256,3580.329782758445,3609.54443359375,2472483,34.0,0.0,LT.NS,1341
2025-06-04 00:00:00+05:30,3609.7424388776626,3626.2808538220524,3580.329771064847,3591.42138671875,1086783,0.0,0.0,LT.NS,1342
2025-06-05 00:00:00+05:30,3594.7883746045572,3641.828913569135,3577.0616155800667,3607.36572265625,1466416,0.0,0.0,LT.NS,1343
2025-06-06 00:00:00+05:30,3609.742360631415,3631.529557321097,3587.9551639417327,3620.93310546875,1172711,0.0,0.0,LT.NS,1344
2025-06-09 00:00:00+05:30,3628.5586753109446,3673.024267606258,3626.7760380862514,3643.314453125,898170,0.0,0.0,LT.NS,1345
2025-06-10 00:00:00+05:30,3668.1716786661445,3668.1716786661445,3631.727592034163,3644.205810546875,1454535,0.0,0.0,LT.NS,1346
2025-06-11 00:00:00+05:30,3654.2079940176677,3656.2877777101226,3620.7351303210544,3649.157470703125,1265737,0.0,0.0,LT.NS,1347
2025-06-12 00:00:00+05:30,3649.157403635138,3672.1329443594564,3550.3227091501217,3569.039794921875,2335718,0.0,0.0,LT.NS,1348
2025-06-13 00:00:00+05:30,3467.333312317492,3561.216372952479,3452.1812588153534,3552.699462890625,1981445,0.0,0.0,LT.NS,1349
2025-06-16 00:00:00+05:30,3540.9145008243536,3618.358030699406,3527.3470680834566,3593.599853515625,1322630,0.0,0.0,LT.NS,1350
2025-06-17 00:00:00+05:30,3586.9648163998227,3592.51074496453,3567.1582740674103,3587.261962890625,930603,0.0,0.0,LT.NS,1351
2025-06-18 00:00:00+05:30,3586.964791688359,3603.8994819775367,3552.5013599115728,3566.6630859375,743311,0.0,0.0,LT.NS,1352
2025-06-19 00:00:00+05:30,3572.110020977579,3607.761798287031,3556.3639160442067,3586.07373046875,1580819,0.0,0.0,LT.NS,1353
2025-06-20 00:00:00+05:30,3579.0421795264283,3634.401368325457,3579.0421795264283,3626.577880859375,2575277,0.0,0.0,LT.NS,1354
2025-06-23 00:00:00+05:30,3609.7422554310338,3624.5971618319845,3540.023324767535,3549.03515625,1867977,0.0,0.0,LT.NS,1355
2025-06-24 00:00:00+05:30,3601.918765795773,3648.365009734674,3562.206552664393,3569.93115234375,2751637,0.0,0.0,LT.NS,1356
2025-06-25 00:00:00+05:30,3604.7906921438557,3606.7713463703085,3573.9914222108846,3584.7861328125,1405262,0.0,0.0,LT.NS,1357
2025-06-26 00:00:00+05:30,3585.0832512090933,3633.510149954749,3585.0832512090933,3624.201171875,2578926,0.0,0.0,LT.NS,1358
2025-06-27 00:00:00+05:30,3629.5489752059107,3695.306600719016,3629.5489752059107,3643.611572265625,2720600,0.0,0.0,LT.NS,1359
2025-06-30 00:00:00+05:30,3646.3844326657727,3681.5410452023384,3617.3677998783687,3634.302490234375,1508882,0.0,0.0,LT.NS,1360
2025-07-01 00:00:00+05:30,3634.302532674973,3643.314364447488,3609.742371612438,3631.232421875,1054380,0.0,0.0,LT.NS,1361
2025-07-02 00:00:00+05:30,3631.1334245333373,3638.659765390575,3549.233180324374,3562.008544921875,1330176,0.0,0.0,LT.NS,1362
2025-07-03 00:00:00+05:30,3570.129245852185,3589.9357881315314,3541.4097595471326,3548.242919921875,1229034,0.0,0.0,LT.NS,1363
2025-07-04 00:00:00+05:30,3555.2744765130965,3565.177748035417,3535.567062895315,3559.830078125,696402,0.0,0.0,LT.NS,1364
2025-07-07 00:00:00+05:30,3565.078620686346,3574.8830045666114,3540.518700719949,3546.757568359375,719539,0.0,0.0,LT.NS,1365
2025-07-08 00:00:00+05:30,3545.3710857718625,3579.0422078155057,3525.5645433932486,3571.515625,1513912,0.0,0.0,LT.NS,1366
2025-07-09 00:00:00+05:30,3570.1292993238308,3570.2284287483444,3533.6852126281756,3545.073974609375,1008876,0.0,0.0,LT.NS,1367
2025-07-10 00:00:00+05:30,3540.4194609455244,3555.175238350839,3534.4774982138674,3540.122314453125,1063910,0.0,0.0,LT.NS,1368
2025-07-11 00:00:00+05:30,3540.419451110438,3551.9073424046946,3501.3015299023646,3506.352294921875,1439747,0.0,0.0,LT.NS,1369
2025-07-14 00:00:00+05:30,3506.35228822281,3514.373792805488,3454.260985141215,3462.08447265625,1358844,0.0,0.0,LT.NS,1370
2025-07-15 00:00:00+05:30,3484.961058312576,3486.941712508832,3448.0218091965844,3460.202880859375,1585193,0.0,0.0,LT.NS,1371
2025-07-16 00:00:00+05:30,3470.1062201927107,3481.9901456043294,3443.367388016568,3469.908203125,1266964,0.0,0.0,LT.NS,1372
2025-07-17 00:00:00+05:30,3480.9998971151767,3480.9998971151767,3433.959357964972,3440.396484375,2217275,0.0,0.0,LT.NS,1373
2025-07-18 00:00:00+05:30,3455.2512679662464,3465.1545390122947,3416.628510886658,3431.285400390625,1818696,0.0,0.0,LT.NS,1374
2025-07-21 00:00:00+05:30,3434.0585016330883,3474.166750969609,3411.5778820384844,3468.91796875,1521623,0.0,0.0,LT.NS,1375
2025-07-22 00:00:00+05:30,3468.1255395496387,3473.6714680777977,3420.6889676877618,3431.08740234375,2586522,0.0,0.0,LT.NS,1376
2025-07-23 00:00:00+05:30,3442.575120295206,3456.2416830424227,3425.1455078779727,3451.19091796875,1192261,0.0,0.0,LT.NS,1377
2025-07-24 00:00:00+05:30,3451.1908727811447,3459.608653274326,3427.522151400184,3443.862548828125,1083671,0.0,0.0,LT.NS,1378
2025-07-25 00:00:00+05:30,3436.435129815252,3443.3674197024875,3404.1503687716367,3409.59716796875,1338744,0.0,0.0,LT.NS,1379
2025-07-28 00:00:00+05:30,3396.9211414026654,3412.7663752777876,3372.162963472787,3389.097412109375,2256080,0.0,0.0,LT.NS,1380
2025-07-29 00:00:00+05:30,3384.938115982578,3470.4033952948885,3373.549354035884,3461.78759765625,1241060,0.0,0.0,LT.NS,1381
2025-07-30 00:00:00+05:30,3586.9647545171442,3649.6525082735493,3555.274287332012,3629.64794921875,8760659,0.0,0.0,LT.NS,1382
2025-07-31 00:00:00+05:30,3589.935701355291,3627.4690013557615,3585.9743929951746,3601.324462890625,1927627,0.0,0.0,LT.NS,1383
2025-08-01 00:00:00+05:30,3600.8294691403003,3600.8294691403003,3543.4896246354265,3552.6005859375,1205945,0.0,0.0,LT.NS,1384
2025-08-04 00:00:00+05:30,3560.4239189093996,3601.621622718892,3542.4000141599004,3595.976806640625,1033049,0.0,0.0,LT.NS,1385
2025-08-05 00:00:00+05:30,3594.887552678455,3622.3195663637375,3573.397501890162,3617.26904296875,1158433,0.0,0.0,LT.NS,1386
2025-08-06 00:00:00+05:30,3614.6938963361813,3635.4907653288005,3587.1627547425182,3593.302734375,931383,0.0,0.0,LT.NS,1387
2025-08-07 00:00:00+05:30,3575.3779577261193,3613.703567928493,3564.385230265241,3606.375244140625,1211790,0.0,0.0,LT.NS,1388
2025-08-08 00:00:00+05:30,3606.375222575065,3626.8749449533707,3565.1775189774735,3572.7041015625,1337067,0.0,0.0,LT.NS,1389
2025-08-11 00:00:00+05:30,3575.0810068518304,3641.3337963890554,3565.177735364706,3632.916015625,1822410,0.0,0.0,LT.NS,1390
2025-08-12 00:00:00+05:30,3644.4037321901733,3691.840303623083,3637.570571903948,3650.44482421875,2280103,0.0,0.0,LT.NS,1391
2025-08-13 00:00:00+05:30,3660.2489921110528,3680.055534276156,3645.6912319755174,3657.97119140625,1227196,0.0,0.0,LT.NS,1392
2025-08-14 00:00:00+05:30,3664.2103853451354,3672.6281659601173,3606.474265241853,3641.432861328125,1769702,0.0,0.0,LT.NS,1393
2025-08-18 00:00:00+05:30,3663.2200390614244,3665.6958568764157,3586.6677038660705,3599.938232421875,1950151,0.0,0.0,LT.NS,1394
2025-08-19 00:00:00+05:30,3613.6046500159473,3618.655415205292,3573.2983832653463,3578.052001953125,1352944,0.0,0.0,LT.NS,1395
2025-08-20 00:00:00+05:30,3578.547133180976,3584.8851301879954,3545.3711738723932,3557.55224609375,1325096,0.0,0.0,LT.NS,1396
2025-08-21 00:00:00+05:30,3564.187216509058,3612.713244185897,3553.2936184591554,3577.65576171875,1624009,0.0,0.0,LT.NS,1397
2025-08-22 00:00:00+05:30,3575.08090731123,3599.343921779132,3547.3517479193424,3561.018310546875,1060447,0.0,0.0,LT.NS,1398
2025-08-25 00:00:00+05:30,3581.0229260853794,3582.9044509333585,3549.629604209751,3568.247802734375,980393,0.0,0.0,LT.NS,1399
2025-08-26 00:00:00+05:30,3564.1872355123155,3565.1775626130416,3496.8449926629582,3507.04541015625,1787363,0.0,0.0,LT.NS,1400
2025-08-28 00:00:00+05:30,3505.7579029732888,3542.3008759282447,3502.9849387620147,3525.66357421875,1695226,0.0,0.0,LT.NS,1401
2025-08-29 00:00:00+05:30,3541.013756545707,3580.0325484674395,3505.9560313355887,3566.16796875,1678055,0.0,0.0,LT.NS,1402
2025-09-01 00:00:00+05:30,3566.1679648058634,3593.501090073076,3547.252620072072,3563.593017578125,1094155,0.0,0.0,LT.NS,1403
2025-09-02 00:00:00+05:30,3563.5929997406147,3584.885032747986,3525.5645351739663,3540.3203125,1230950,0.0,0.0,LT.NS,1404
2025-09-03 00:00:00+05:30,3559.2356978772013,3571.4167699068885,3525.5645755266655,3565.969970703125,1314831,0.0,0.0,LT.NS,1405
2025-09-04 00:00:00+05:30,3587.856084029622,3589.836738301471,3537.943693090656,3557.849365234375,1434998,0.0,0.0,LT.NS,1406
2025-09-05 00:00:00+05:30,3558.047337382281,3574.1897178498575,3514.770090444606,3519.2265625,830812,0.0,0.0,LT.NS,1407
2025-09-08 00:00:00+05:30,3535.467859637405,3545.272001528127,3490.903138717606,3495.458740234375,1039999,0.0,0.0,LT.NS,1408
2025-09-09 00:00:00+05:30,3512.888289742588,3515.6612540170654,3482.386166281497,3490.903076171875,1522116,0.0,0.0,LT.NS,1409
2025-09-10 00:00:00+05:30,3524.5743212890625,3542.796244108677,3506.847562043667,3515.661376953125,1136732,0.0,0.0,LT.NS,1410
2025-09-11 00:00:00+05:30,3513.680701137509,3530.2191160593115,3498.825794001922,3505.4609375,1177793,0.0,0.0,LT.NS,1411
2025-09-12 00:00:00+05:30,3521.9992958762114,3560.6220538086504,3513.7797741497543,3545.173095703125,1146873,0.0,0.0,LT.NS,1412
2025-09-15 00:00:00+05:30,3546.3613337803777,3572.109838298191,3540.914534747763,3551.510986328125,1177076,0.0,0.0,LT.NS,1413
2025-09-16 00:00:00+05:30,3569.0397307325097,3638.461756993749,3558.344391500482,3632.32177734375,2928060,0.0,0.0,LT.NS,1414
2025-09-17 00:00:00+05:30,3636.4811698717945,3668.1716375830956,3627.2710793373817,3649.8505859375,1610471,0.0,0.0,LT.NS,1415
2025-09-18 00:00:00+05:30,3655.2973386419903,3664.210282572572,3636.976287229127,3650.345703125,1270148,0.0,0.0,LT.NS,1416
2025-09-19 00:00:00+05:30,3643.413418820417,3669.161923547063,3635.490801981449,3639.84814453125,2227521,0.0,0.0,LT.NS,1417
2025-09-22 00:00:00+05:30,3657.872227019285,3657.872227019285,3598.7495064736067,3609.2470703125,839430,0.0,0.0,LT.NS,1418
2025-09-23 00:00:00+05:30,3611.6237657042916,3637.9665629945675,3578.249791146559,3622.220458984375,1262120,0.0,0.0,LT.NS,1419
2025-09-24 00:00:00+05:30,3622.220664612041,3673.3214002597188,3601.918958126379,3638.263916015625,1745130,0.0,0.0,LT.NS,1420
2025-09-25 00:00:00+05:30,3648.364998684974,3668.171540480224,3600.5321518936316,3609.14794921875,1999071,0.0,0.0,LT.NS,1421
2025-09-26 00:00:00+05:30,3628.558621505899,3758.1923467252477,3625.5876401018277,3693.425048828125,5870301,0.0,0.0,LT.NS,1422
2025-09-29 00:00:00+05:30,3701.8427334272105,3703.8233876452027,3644.0077269734734,3652.722412109375,2599630,0.0,0.0,LT.NS,1423
2025-09-30 00:00:00+05:30,3659.2587099286434,3660.8433300329384,3612.7133352691994,3623.60693359375,1676302,0.0,0.0,LT.NS,1424
2025-10-01 00:00:00+05:30,3623.507733402203,3652.3263487550407,3580.032470376755,3634.797607421875,2005028,0.0,0.0,LT.NS,1425
2025-10-03 00:00:00+05:30,3654.30703918401,3709.7653573938487,3630.8363350117334,3696.990234375,1959124,0.0,0.0,LT.NS,1426
2025-10-06 00:00:00+05:30,3684.0169776056996,3730.5623533980297,3667.1814161488996,3700.8525390625,1581506,0.0,0.0,LT.NS,1427
2025-10-07 00:00:00+05:30,3711.746081702309,3729.571970034924,3688.968557721745,3693.623046875,1673945,0.0,0.0,LT.NS,1428
2025-10-08 00:00:00+05:30,3693.9201850384043,3723.6299988590886,3679.0652781280623,3693.72216796875,1424633,0.0,0.0,LT.NS,1429
2025-10-09 00:00:00+05:30,3699.36699090069,3759.6778163536533,3694.0193211149704,3732.740966796875,1827249,0.0,0.0,LT.NS,1430
2025-10-10 00:00:00+05:30,3728.581490385608,3762.252611414323,3723.629854940209,3747.397705078125,1129678,0.0,0.0,LT.NS,1431
2025-10-13 00:00:00+05:30,3743.4365207172705,3747.397829204802,3708.7750714513695,3733.0380859375,1191248,0.0,0.0,LT.NS,1432
2025-10-14 00:00:00+05:30,3738.484780545012,3750.1706886121997,3694.1180783697487,3708.081787109375,1364583,0.0,0.0,LT.NS,1433
2025-10-15 00:00:00+05:30,3710.755608261642,3806.7182066235514,3708.0817734729926,3791.665283203125,2575918,0.0,0.0,LT.NS,1434
2025-10-16 00:00:00+05:30,3793.250008284209,3848.3120509754262,3792.952861793004,3824.4453125,2330283,0.0,0.0,LT.NS,1435
2025-10-17 00:00:00+05:30,3822.6627988916825,3832.070906816416,3793.0521138191575,3802.261962890625,1337364,0.0,0.0,LT.NS,1436
2025-10-20 00:00:00+05:30,3824.643294384854,3849.9957650830866,3808.203767666286,3835.23974609375,1223232,0.0,0.0,LT.NS,1437
2025-10-21 00:00:00+05:30,3854.3531351462984,3857.3241164940473,3839.6962454749205,3850.58984375,260327,0.0,0.0,LT.NS,1438
2025-10-23 00:00:00+05:30,3852.3725812636535,3927.8354611063683,3852.3725812636535,3880.794921875,2815778,0.0,0.0,LT.NS,1439
2025-10-24 00:00:00+05:30,3891.2922999965385,3901.7896221286937,3859.7998500419208,3867.128173828125,1146636,0.0,0.0,LT.NS,1440
2025-10-27 00:00:00+05:30,3874.1597944485043,3909.81157169803,3869.2081587194034,3885.845703125,1057688,0.0,0.0,LT.NS,1441
2025-10-28 00:00:00+05:30,3884.162046024061,3947.4438514977546,3879.4084275510377,3934.37158203125,3391806,0.0,0.0,LT.NS,1442
2025-10-29 00:00:00+05:30,3949.424649733679,3977.846990406787,3882.082403950858,3919.81396484375,2563641,0.0,0.0,LT.NS,1443
2025-10-30 00:00:00+05:30,3941.5019898608934,4023.303107769138,3937.1446471867516,3948.929443359375,4959400,0.0,0.0,LT.NS,1444
2025-10-31 00:00:00+05:30,3962.3978695741725,4006.7643303770587,3941.6998880485453,3991.909423828125,2328183,0.0,0.0,LT.NS,1445
2025-11-03 00:00:00+05:30,3991.018262368892,4001.911860603646,3936.451141772266,3941.9970703125,1154072,0.0,0.0,LT.NS,1446
2025-11-04 00:00:00+05:30,3946.4536181325493,3951.4052537889265,3878.913356135383,3886.439697265625,2042881,0.0,0.0,LT.NS,1447
2025-11-06 00:00:00+05:30,3906.8405995609546,3939.521395450818,3834.6458471704373,3844.053955078125,1749063,0.0,0.0,LT.NS,1448
2025-11-07 00:00:00+05:30,3839.5973985882933,3855.2443737626,3794.0423507725736,3844.945068359375,1577294,0.0,0.0,LT.NS,1449
2025-11-10 00:00:00+05:30,3857.3242358837683,3905.652248992122,3856.3339087372,3880.596923828125,1397176,0.0,0.0,LT.NS,1450
2025-11-11 00:00:00+05:30,3890.9951479288484,3928.4295603955593,3859.3046809566613,3916.74365234375,1775462,0.0,0.0,LT.NS,1451
2025-11-12 00:00:00+05:30,3931.5985969168373,3935.361888262145,3898.8186731125243,3916.34765625,981350,0.0,0.0,LT.NS,1452
2025-11-13 00:00:00+05:30,3916.3476087646436,3983.9867556218724,3887.628123140424,3963.7841796875,1834962,0.0,0.0,LT.NS,1453
2025-11-14 00:00:00+05:30,3963.2890831386517,3972.6971906573467,3933.1832357904595,3965.665771484375,1916910,0.0,0.0,LT.NS,1454
2025-11-17 00:00:00+05:30,3965.6658083468374,3991.018279239245,3961.4075951694253,3988.740478515625,1206133,0.0,0.0,LT.NS,1455
2025-11-18 00:00:00+05:30,3981.1149295809723,3987.8492021957804,3940.4123891863123,3960.912353515625,1748928,0.0,0.0,LT.NS,1456
2025-11-19 00:00:00+05:30,3968.24077569857,3987.5521545670804,3941.799089911349,3980.718994140625,923032,0.0,0.0,LT.NS,1457
2025-11-20 00:00:00+05:30,3995.9699912742126,4008.844244034204,3968.934012122414,3998.3466796875,1463574,0.0,0.0,LT.NS,1458
2025-11-21 00:00:00+05:30,3987.056985840705,4017.757126566254,3976.361404586955,3985.967529296875,1241149,0.0,0.0,LT.NS,1459
2025-11-24 00:00:00+05:30,3986.0667597125935,3998.941012601106,3964.9727431625206,3974.47998046875,1584741,0.0,0.0,LT.NS,1460
2025-11-25 00:00:00+05:30,3974.182663333758,4016.2715652006113,3943.086489019054,3958.040283203125,1749083,0.0,0.0,LT.NS,1461
2025-11-26 00:00:00+05:30,3960.318132003266,4035.186958592229,3959.3278048884863,4022.708740234375,2058237,0.0,0.0,LT.NS,1462
2025-11-27 00:00:00+05:30,4031.6216040492895,4099.954173609447,4020.331971877068,4041.822021484375,2225064,0.0,0.0,LT.NS,1463
2025-11-28 00:00:00+05:30,4045.486292526487,4064.5007666881884,4015.4793323803274,4030.2353515625,1318133,0.0,0.0,LT.NS,1464
2025-12-01 00:00:00+05:30,4047.46685529645,4063.7081230151744,4010.8247526182095,4033.80029296875,1251770,0.0,0.0,LT.NS,1465
2025-12-02 00:00:00+05:30,4027.1652037915483,4049.0515296938343,3984.878284435106,3991.513427734375,1490917,0.0,0.0,LT.NS,1466
2025-12-03 00:00:00+05:30,3992.9989538929285,4007.754731291664,3931.697801783636,3949.424560546875,1123990,0.0,0.0,LT.NS,1467
2025-12-04 00:00:00+05:30,3951.405135410527,3970.4193674055587,3923.378830079243,3945.067138671875,1026968,0.0,0.0,LT.NS,1468
2025-12-05 00:00:00+05:30,3960.318141380168,4008.84417011926,3936.649419992529,3999.138916015625,1073758,0.0,0.0,LT.NS,1469
2025-12-08 00:00:00+05:30,4007.853784827241,4008.7449825080844,3938.4317582128697,3958.040283203125,1127841,0.0,0.0,LT.NS,1470
2025-12-09 00:00:00+05:30,3951.405310081496,3981.015995016837,3910.9010265469324,3958.832763671875,1788464,0.0,0.0,LT.NS,1471
2025-12-10 00:00:00+05:30,3961.3084244204233,3991.018237603577,3931.5986112372702,3952.692626953125,957277,0.0,0.0,LT.NS,1472
2025-12-11 00:00:00+05:30,3954.5742024814103,3976.1633820273128,3946.0575343270825,3965.170654296875,841371,0.0,0.0,LT.NS,1473
2025-12-12 00:00:00+05:30,4021.7185122960796,4074.205850673743,4009.4385524816194,4034.69189453125,2207898,0.0,0.0,LT.NS,1474
2025-12-15 00:00:00+05:30,4033.4044410018055,4056.3799823899935,4024.4914967045615,4052.7158203125,1064975,0.0,0.0,LT.NS,1475
2025-12-16 00:00:00+05:30,4044.1988683310005,4064.1042986548377,4012.0132364794144,4024.491455078125,2199214,0.0,0.0,LT.NS,1476
2025-12-17 00:00:00+05:30,4039.544262989653,4039.544262989653,4000.9215058784503,4023.104736328125,1087334,0.0,0.0,LT.NS,1477
2025-12-18 00:00:00+05:30,4027.6603121627704,4032.413930594411,3984.48195392906,3992.107666015625,1004303,0.0,0.0,LT.NS,1478
2025-12-19 00:00:00+05:30,4001.020583924859,4051.9232997779573,4001.020583924859,4034.097412109375,1327935,0.0,0.0,LT.NS,1479
2025-12-22 00:00:00+05:30,4041.524966562853,4058.8556911192977,4029.145877593964,4033.008056640625,764774,0.0,0.0,LT.NS,1480
2025-12-23 00:00:00+05:30,4049.447625827489,4055.389588594661,4014.0929957186345,4019.539794921875,1867147,0.0,0.0,LT.NS,1481
2025-12-24 00:00:00+05:30,4025.679769249292,4041.2278567796284,4008.9433375229637,4014.39013671875,1021436,0.0,0.0,LT.NS,1482
2025-12-26 00:00:00+05:30,4012.805367872498,4022.213475225605,3991.216188959028,4008.15087890625,594330,0.0,0.0,LT.NS,1483
2025-12-29 00:00:00+05:30,4013.7957591696304,4021.817505436967,3994.3852511874034,3999.634033203125,952143,0.0,0.0,LT.NS,1484
2025-12-30 00:00:00+05:30,3999.931167587476,4024.590215731732,3967.4483902648694,4012.805419921875,1362208,0.0,0.0,LT.NS,1485
2025-12-31 00:00:00+05:30,4018.7473912496557,4054.894330574597,4008.8441202017266,4044.000732421875,1160164,0.0,0.0,LT.NS,1486
2026-01-01 00:00:00+05:30,4050.437710116081,4106.688094182946,4048.754202455465,4100.35009765625,1360716,0.0,0.0,LT.NS,1487
2026-01-02 00:00:00+05:30,4098.072846397531,4132.3382622505915,4087.179247826558,4123.1279296875,984027,0.0,0.0,LT.NS,1488
2026-01-05 00:00:00+05:30,4122.632506474317,4154.422102468241,4092.8235646412827,4110.25341796875,1167460,0.0,0.0,LT.NS,1489
2026-01-06 00:00:00+05:30,4112.828298731514,4144.518764794459,4089.9516468306983,4100.54833984375,1205337,0.0,0.0,LT.NS,1490
2026-01-07 00:00:00+05:30,4066.2833534738093,4139.5675639358315,4054.399427452941,4116.7900390625,1213160,0.0,0.0,LT.NS,1491
2026-01-08 00:00:00+05:30,4119.760736848472,4129.5648784288605,3952.6926033998798,3989.43359375,2328813,0.0,0.0,LT.NS,1492
2026-01-09 00:00:00+05:30,3990.0279398241755,4054.3992021941363,3967.448433283204,3986.2646484375,1718127,0.0,0.0,LT.NS,1493
2026-01-12 00:00:00+05:30,3987.057045804888,3987.9482435148198,3906.147367225221,3980.124755859375,1386513,0.0,0.0,LT.NS,1494
2026-01-13 00:00:00+05:30,3989.0376992976735,3989.0376992976735,3799.8852165355447,3849.797607421875,4978634,0.0,0.0,LT.NS,1495
2026-01-14 00:00:00+05:30,3862.2758783975337,3867.128384712603,3819.295776872643,3828.40673828125,1914244,0.0,0.0,LT.NS,1496
2026-01-15 00:00:00+05:30,3828.40673828125,3828.40673828125,3828.40673828125,3828.40673828125,0,0.0,0.0,LT.NS,1497
2026-01-16 00:00:00+05:30,3852.3725000813506,3876.1403509815955,3811.4719416346966,3819.097412109375,1807300,0.0,0.0,LT.NS,1498
2026-01-19 00:00:00+05:30,3783.0495812141053,3840.8845880477356,3771.660819385843,3832.367919921875,1709380,0.0,0.0,LT.NS,1499
2026-01-20 00:00:00+05:30,3820.682141143715,3836.824522029507,3763.2431664971787,3773.6416015625,1658119,0.0,0.0,LT.NS,1500
2026-01-21 00:00:00+05:30,3763.243097558244,3792.952911486335,3685.997581345206,3730.067138671875,2537185,0.0,0.0,LT.NS,1501
2026-01-22 00:00:00+05:30,3762.1535505226097,3764.5304806471427,3718.777416654062,3757.10302734375,1856812,0.0,0.0,LT.NS,1502
2026-01-23 00:00:00+05:30,3761.2623507419985,3762.648711979561,3684.1159658520496,3707.586669921875,1898703,0.0,0.0,LT.NS,1503
2026-01-27 00:00:00+05:30,3707.586739308066,3778.097982259424,3702.833120751766,3751.1611328125,2162193,0.0,0.0,LT.NS,1504
2026-01-28 00:00:00+05:30,3767.5014428981335,3791.170163926839,3732.6419772598138,3757.301025390625,2111741,0.0,0.0,LT.NS,1505
2026-01-29 00:00:00+05:30,3822.662671754787,3922.586581151978,3806.421403747047,3894.857421875,4227139,0.0,0.0,LT.NS,1506
2026-01-30 00:00:00+05:30,3864.751630858486,3904.2655866955392,3854.15517890676,3894.263427734375,2208465,0.0,0.0,LT.NS,1507
2026-02-02 00:00:00+05:30,3793.646137206122,3896.739289473399,3788.001320848518,3883.369873046875,3034613,0.0,0.0,LT.NS,1508
2026-02-03 00:00:00+05:30,4077.176685441057,4082.1283209589596,3991.61252040333,3999.733154296875,3742190,0.0,0.0,LT.NS,1509
2026-02-04 00:00:00+05:30,3990.028058400209,4067.2735755397516,3978.0450032605168,4047.566162109375,1403373,0.0,0.0,LT.NS,1510
2026-02-05 00:00:00+05:30,4048.457370023944,4048.9525335965986,3996.8612290417004,4023.996337890625,1433240,0.0,0.0,LT.NS,1511
2026-02-06 00:00:00+05:30,4015.7763741904337,4038.5538973979255,4003.1992684273296,4028.749755859375,1630836,0.0,0.0,LT.NS,1512
2026-02-09 00:00:00+05:30,4034.4936336236087,4084.80254240429,4023.1048715286006,4073.809814453125,1830267,0.0,0.0,LT.NS,1513
2026-02-10 00:00:00+05:30,4099.954341193931,4134.219756795737,4082.524486896545,4128.673828125,1890409,0.0,0.0,LT.NS,1514
2026-02-11 00:00:00+05:30,4132.53587635422,4147.1930076310955,4100.251116046062,4130.06005859375,1689489,0.0,0.0,LT.NS,1515
2026-02-12 00:00:00+05:30,4147.390810471535,4158.3835381126855,4120.651978480812,4145.41015625,2006458,0.0,0.0,LT.NS,1516
2026-02-13 00:00:00+05:30,4133.724626039453,4158.383675198847,4094.1115403028602,4133.5263671875,2234376,0.0,0.0,LT.NS,1517
2026-02-16 00:00:00+05:30,4129.664070867548,4165.315847018922,4095.299526542819,4160.859375,852552,0.0,0.0,LT.NS,1518
2026-02-17 00:00:00+05:30,4169.376344676558,4245.532404224515,4149.569802086287,4238.40185546875,1763048,0.0,0.0,LT.NS,1519
2026-02-18 00:00:00+05:30,4248.998667692766,4293.068226185325,4219.883145984599,4284.05615234375,2042626,0.0,0.0,LT.NS,1520
2026-02-19 00:00:00+05:30,4284.254227989648,4292.077715484829,4220.675033797088,4239.09521484375,2007080,0.0,0.0,LT.NS,1521
2026-02-20 00:00:00+05:30,4225.824923381601,4347.536028937959,4225.824923381601,4338.22705078125,2542442,0.0,0.0,LT.NS,1522
2026-02-23 00:00:00+05:30,4353.08189805949,4388.733673664306,4329.413177077925,4375.3642578125,2122782,0.0,0.0,LT.NS,1523
2026-02-24 00:00:00+05:30,4372.789400346814,4397.052414797838,4187.202194686123,4218.00146484375,3673070,0.0,0.0,LT.NS,1524
2026-02-25 00:00:00+05:30,4228.69657702178,4302.871977644797,4213.049602782989,4256.9208984375,2481469,0.0,0.0,LT.NS,1525
2026-02-26 00:00:00+05:30,4263.2590312828725,4298.0196091654025,4236.9162337408725,4245.037109375,2370148,0.0,0.0,LT.NS,1526
2026-02-27 00:00:00+05:30,4247.414068535446,4263.061527830492,4213.247781445278,4236.91650390625,2357853,0.0,0.0,LT.NS,1527
2026-03-02 00:00:00+05:30,4021.718464978784,4101.340669322136,3936.946366148908,4027.36328125,6542141,0.0,0.0,LT.NS,1528
2026-03-04 00:00:00+05:30,3911.7921409181713,3920.705085036719,3723.629987304386,3845.044189453125,7635350,0.0,0.0,LT.NS,1529
2026-03-05 00:00:00+05:30,3886.2415796070422,4033.5031718602877,3871.089526534894,3999.634033203125,4996312,0.0,0.0,LT.NS,1530
2026-03-06 00:00:00+05:30,3976.1632721469473,3976.1632721469473,3902.8790673801045,3911.593994140625,2379314,0.0,0.0,LT.NS,1531
2026-03-09 00:00:00+05:30,3812.759522920217,3814.7401772178378,3706.794517997499,3804.93603515625,4248784,0.0,0.0,LT.NS,1532
2026-03-10 00:00:00+05:30,3897.9274380804954,3933.5792134287926,3813.7496351747936,3838.5078125,3330102,0.0,0.0,LT.NS,1533
2026-03-11 00:00:00+05:30,3842.1720063386033,3859.007567059743,3794.933451965104,3801.667724609375,2066473,0.0,0.0,LT.NS,1534
2026-03-12 00:00:00+05:30,3788.0012398366084,3792.952875444238,3669.0628558297135,3683.521728515625,4255443,0.0,0.0,LT.NS,1535
2026-03-13 00:00:00+05:30,3660.2489254688862,3661.239252559111,3391.3751204729983,3405.73486328125,10778730,0.0,0.0,LT.NS,1536
2026-03-16 00:00:00+05:30,3420.0947157845285,3460.995274278437,3363.7451992550614,3435.8408203125,8459233,0.0,0.0,LT.NS,1537
2026-03-17 00:00:00+05:30,3444.3577594550566,3515.6613128422805,3416.6285998044696,3508.531005859375,5003418,0.0,0.0,LT.NS,1538
2026-03-18 00:00:00+05:30,3534.477591355991,3603.602474645025,3520.613011283426,3573.001220703125,4190485,0.0,0.0,LT.NS,1539
2026-03-19 00:00:00+05:30,3492.586678462303,3494.171298598927,3388.899475195398,3401.278564453125,4898518,0.0,0.0,LT.NS,1540
2026-03-20 00:00:00+05:30,3441.3867859706,3489.9128154706173,3377.0155223481283,3401.57568359375,4743217,0.0,0.0,LT.NS,1541
2026-03-23 00:00:00+05:30,3372.16304103714,3376.916417885746,3256.294765660181,3310.0693359375,5645839,0.0,0.0,LT.NS,1542
2026-03-24 00:00:00+05:30,3406.72529938431,3512.789430852937,3357.7041068495646,3482.782470703125,6037848,0.0,0.0,LT.NS,1543
2026-03-25 00:00:00+05:30,3535.3686156571594,3624.5971840303014,3511.6998946916524,3614.000732421875,5090205,0.0,0.0,LT.NS,1544
2026-03-27 00:00:00+05:30,3604.7907320135955,3604.7907320135955,3512.6903094648965,3529.625,3991388,0.0,0.0,LT.NS,1545
2026-03-30 00:00:00+05:30,3466.144884403692,3509.3232431038955,3457.33106983784,3470.205322265625,3549203,0.0,0.0,LT.NS,1546
2026-04-01 00:00:00+05:30,3619.6455172871188,3647.2755464119623,3562.503692497252,3572.60498046875,4099786,0.0,0.0,LT.NS,1547
2026-04-02 00:00:00+05:30,3505.0649310073672,3593.8972280231887,3436.435211143694,3578.151123046875,4121638,0.0,0.0,LT.NS,1548
2026-04-06 00:00:00+05:30,3581.61713670185,3700.8524244991,3542.4000862813164,3691.642333984375,3353246,0.0,0.0,LT.NS,1549
2026-04-07 00:00:00+05:30,3644.4037006454223,3700.060034891855,3622.616504608955,3687.284912109375,3083714,0.0,0.0,LT.NS,1550
2026-04-08 00:00:00+05:30,3909.811522872209,3992.9990020822556,3892.975961603509,3967.1513671875,7368477,0.0,0.0,LT.NS,1551
2026-04-09 00:00:00+05:30,3949.424528544847,3949.424528544847,3848.015128836471,3858.512451171875,4415151,0.0,0.0,LT.NS,1552
2026-04-10 00:00:00+05:30,3893.9661619938656,3926.646956334099,3877.7248942455017,3921.59619140625,2822017,0.0,0.0,LT.NS,1553
2026-04-13 00:00:00+05:30,3788.0011935064013,3933.2821321015367,3778.6922153895466,3916.050537109375,4897563,0.0,0.0,LT.NS,1554
2026-04-15 00:00:00+05:30,4006.2693514998937,4064.302619137815,3992.107866693713,4036.87060546875,4562142,0.0,0.0,LT.NS,1555
2026-04-16 00:00:00+05:30,4088.0703386726873,4108.867208128145,4049.447581112553,4079.949462890625,5092608,0.0,0.0,LT.NS,1556
2026-04-17 00:00:00+05:30,4094.0123049589974,4102.826119595728,4033.4043337058415,4056.47900390625,2796673,0.0,0.0,LT.NS,1557
2026-04-20 00:00:00+05:30,4060.3412146981454,4090.051028464229,3985.0763531573994,4011.815185546875,3545024,0.0,0.0,LT.NS,1558
2026-04-21 00:00:00+05:30,3999.931193844929,4052.220513563709,3992.9989040809,4035.97900390625,2426718,0.0,0.0,LT.NS,1559
2026-04-22 00:00:00+05:30,4030.6314906487546,4030.6314906487546,3972.202188941561,3982.20458984375,2178082,0.0,0.0,LT.NS,1560
2026-04-23 00:00:00+05:30,3971.1126019970075,4024.6893956337844,3940.0164272955244,4014.88525390625,2229134,0.0,0.0,LT.NS,1561
2026-04-24 00:00:00+05:30,4032.6120414365805,4048.5564048149936,3944.670944632933,3975.47021484375,2162213,0.0,0.0,LT.NS,1562
2026-04-27 00:00:00+05:30,4018.7474793637457,4049.942783848703,3991.2163368910456,4014.39013671875,2000348,0.0,0.0,LT.NS,1563
2026-04-28 00:00:00+05:30,4020.728142151919,4048.3581723284724,3984.977236097506,3998.643798828125,1750237,0.0,0.0,LT.NS,1564
2026-04-29 00:00:00+05:30,4020.7280982422662,4086.089688016648,4012.112300673278,4056.47900390625,2175030,0.0,0.0,LT.NS,1565
2026-04-30 00:00:00+05:30,4043.5056676023564,4060.341228794921,3951.40524460774,3975.173095703125,2569328,0.0,0.0,LT.NS,1566
2026-05-01 00:00:00+05:30,3975.173095703125,3975.173095703125,3975.173095703125,3975.173095703125,0,0.0,0.0,LT.NS,1567
2026-05-04 00:00:00+05:30,3987.0570248896283,4099.459154130804,3987.0570248896283,4061.13330078125,2173027,0.0,0.0,LT.NS,1568
2026-05-05 00:00:00+05:30,4045.486226723394,4050.4378622518193,3985.0762732766066,4015.28125,3849402,0.0,0.0,LT.NS,1569
2026-05-06 00:00:00+05:30,3935.5600322215682,3982.1054075397396,3862.2758242738087,3969.726318359375,9540104,0.0,0.0,LT.NS,1570
2026-05-07 00:00:00+05:30,3989.0375730176484,4026.471985886887,3952.3954701870493,3984.0859375,3477185,0.0,0.0,LT.NS,1571
2026-05-08 00:00:00+05:30,3971.21178887478,3975.173097392361,3921.6954324050193,3936.05517578125,1620273,0.0,0.0,LT.NS,1572
2026-05-11 00:00:00+05:30,3909.811514041804,3915.258313263493,3848.510361331151,3902.0869140625,2027769,0.0,0.0,LT.NS,1573
2026-05-12 00:00:00+05:30,3887.133070256449,3901.8888476132015,3809.788425575631,3819.196533203125,2255075,0.0,0.0,LT.NS,1574
2026-05-13 00:00:00+05:30,3810.7788666919755,3914.7632172643916,3810.7788666919755,3877.923095703125,2486330,0.0,0.0,LT.NS,1575
2026-05-14 00:00:00+05:30,3903.86953222323,3949.424580037098,3887.0339710746266,3902.284912109375,2982228,0.0,0.0,LT.NS,1576
2026-05-15 00:00:00+05:30,3911.197839728613,3911.197839728613,3855.3434867478295,3871.188720703125,1339185,0.0,0.0,LT.NS,1577
2026-05-18 00:00:00+05:30,3836.4280596540248,3886.7367247380407,3814.7399928548766,3879.903564453125,1771638,0.0,0.0,LT.NS,1578
2026-05-19 00:00:00+05:30,3902.780167473302,3921.695512743879,3862.2758837629112,3883.07275390625,2318170,0.0,0.0,LT.NS,1579
2026-05-20 00:00:00+05:30,3863.8604825083903,3905.3550931385853,3845.5394303407566,3872.872314453125,1972259,0.0,0.0,LT.NS,1580
2026-05-21 00:00:00+05:30,3931.5985745195367,3931.5985745195367,3874.8527835138552,3890.5,1624945,0.0,0.0,LT.NS,1581
2026-05-22 00:00:00+05:30,3907.0,3960.0,3900.10009765625,3926.60009765625,1330428,38.0,0.0,LT.NS,1582
2026-05-25 00:00:00+05:30,3970.0,4038.39990234375,3961.5,4033.39990234375,2099927,0.0,0.0,LT.NS,1583
2026-05-26 00:00:00+05:30,4029.60009765625,4052.89990234375,4014.199951171875,4037.800048828125,1552847,0.0,0.0,LT.NS,1584
2026-05-27 00:00:00+05:30,4043.0,4069.89990234375,4017.89990234375,4047.5,1607028,0.0,0.0,LT.NS,1585
2026-05-28 00:00:00+05:30,4047.5,4047.5,4047.5,4047.5,0,0.0,0.0,LT.NS,1586
2026-05-29 00:00:00+05:30,4045.800048828125,4128.0,4045.0,4076.5,4882940,0.0,0.0,LT.NS,1587
