Date,Open,High,Low,Close,Volume,Dividends,Stock Splits,Symbol,time_idx
2020-01-01 00:00:00+05:30,506.2132720579284,511.057849296617,503.0309997333167,509.7279357910156,2611808,0.0,0.0,M&M.NS,0
2020-01-02 00:00:00+05:30,510.1079320042212,513.9076186485729,506.7832061904134,512.815185546875,2776519,0.0,0.0,M&M.NS,1
2020-01-03 00:00:00+05:30,511.96026534730845,512.0077498322751,503.83844714513526,506.07073974609375,1930883,0.0,0.0,M&M.NS,2
2020-01-06 00:00:00+05:30,503.363517459379,503.45848643518383,494.4342305462513,498.2339172363281,2059404,0.0,0.0,M&M.NS,3
2020-01-07 00:00:00+05:30,502.41356876540345,505.35830260038847,496.85649249287326,500.2762451171875,2111349,0.0,0.0,M&M.NS,4
2020-01-08 00:00:00+05:30,494.8142886127585,500.08634300491644,493.00941400203305,498.3764953613281,1612378,0.0,0.0,M&M.NS,5
2020-01-09 00:00:00+05:30,503.31601057776675,515.2850592849023,499.3738701452697,514.1451416015625,2897598,0.0,0.0,M&M.NS,6
2020-01-10 00:00:00+05:30,516.8523078692426,520.1770333952717,512.2452114031901,519.2271118164062,2355888,0.0,0.0,M&M.NS,7
2020-01-13 00:00:00+05:30,521.4119222035846,529.1062629800751,519.2270564223979,527.158935546875,3442869,0.0,0.0,M&M.NS,8
2020-01-14 00:00:00+05:30,527.1589754791855,535.5182735188802,527.1589754791855,534.3308715820312,2793249,0.0,0.0,M&M.NS,9
2020-01-15 00:00:00+05:30,533.8559420335811,542.4052364789587,528.8213691225814,541.2178344726562,2564513,0.0,0.0,M&M.NS,10
2020-01-16 00:00:00+05:30,540.7429285214821,541.2653738615278,535.8033240784825,539.0330810546875,2243200,0.0,0.0,M&M.NS,11
2020-01-17 00:00:00+05:30,538.4154795196591,545.254925723762,536.848143875735,540.790283203125,2646260,0.0,0.0,M&M.NS,12
2020-01-20 00:00:00+05:30,540.5053794762836,545.2549873802931,536.0882209341098,538.7955322265625,1847978,0.0,0.0,M&M.NS,13
2020-01-21 00:00:00+05:30,535.7557714825151,536.6107240965384,522.5518383201359,525.1166381835938,3101684,0.0,0.0,M&M.NS,14
2020-01-22 00:00:00+05:30,525.7816179432783,528.6313828101796,521.5069706429265,525.8765869140625,1862669,0.0,0.0,M&M.NS,15
2020-01-23 00:00:00+05:30,525.7815741381598,538.9855067795052,522.0293724469623,538.1305541992188,2113303,0.0,0.0,M&M.NS,16
2020-01-24 00:00:00+05:30,537.7506601765443,543.3552214917712,535.850816744755,539.3180541992188,2284717,0.0,0.0,M&M.NS,17
2020-01-27 00:00:00+05:30,536.7057743396293,553.3294045182904,534.8059308906394,549.3397216796875,3654906,0.0,0.0,M&M.NS,18
2020-01-28 00:00:00+05:30,552.1419535141324,560.216287457995,540.0304525983386,543.8301391601562,3689004,0.0,0.0,M&M.NS,19
2020-01-29 00:00:00+05:30,548.5797803178075,551.6195413455954,543.4977224275232,548.8172607421875,1934080,0.0,0.0,M&M.NS,20
2020-01-30 00:00:00+05:30,549.0547535409206,558.1264943609677,535.6133380266281,539.4130249023438,2901951,0.0,0.0,M&M.NS,21
2020-01-31 00:00:00+05:30,542.215225852172,548.1047512393747,536.9906571661814,538.748046875,2352196,0.0,0.0,M&M.NS,22
2020-02-03 00:00:00+05:30,517.7072543345939,537.418126862012,508.3980345679694,530.72119140625,3818209,0.0,0.0,M&M.NS,23
2020-02-04 00:00:00+05:30,533.8559707911506,549.8146430197891,530.8162098955488,548.0098266601562,2793702,0.0,0.0,M&M.NS,24
2020-02-05 00:00:00+05:30,551.1920751170619,560.3113003894205,548.4848214208175,555.0867309570312,3320830,0.0,0.0,M&M.NS,25
2020-02-06 00:00:00+05:30,555.7042040664572,559.64640238077,547.2023931093745,551.0971069335938,2207104,0.0,0.0,M&M.NS,26
2020-02-07 00:00:00+05:30,550.0046506195642,552.379454810495,533.1910253520509,540.6004028320312,4083215,0.0,0.0,M&M.NS,27
2020-02-10 00:00:00+05:30,538.4155534310881,538.6055493475684,499.7062480767435,501.9385986328125,9648880,0.0,0.0,M&M.NS,28
2020-02-11 00:00:00+05:30,506.4982332544982,510.7728806615959,496.52405597127023,497.8064270019531,5404802,0.0,0.0,M&M.NS,29
2020-02-12 00:00:00+05:30,500.276189790523,507.54305460362957,497.66390562049077,504.4083251953125,3426829,0.0,0.0,M&M.NS,30
2020-02-13 00:00:00+05:30,503.8859857281864,511.0578830865581,501.8436308478236,506.8782043457031,3392352,0.0,0.0,M&M.NS,31
2020-02-14 00:00:00+05:30,508.44556116282826,510.06043955720037,494.57672831881973,496.80902099609375,3507540,0.0,0.0,M&M.NS,32
2020-02-17 00:00:00+05:30,497.85390421507293,499.0888487197519,490.159562186155,496.571533203125,2652464,0.0,0.0,M&M.NS,33
2020-02-18 00:00:00+05:30,494.43422336323533,498.61390185304566,488.35470155598705,496.9990234375,2868873,0.0,0.0,M&M.NS,34
2020-02-19 00:00:00+05:30,501.70112013716016,503.1260025482528,495.66908314303316,500.03875732421875,1952880,0.0,0.0,M&M.NS,35
2020-02-20 00:00:00+05:30,499.56383988967156,506.3082606962415,496.8090437976254,498.5663757324219,2077458,0.0,0.0,M&M.NS,36
2020-02-24 00:00:00+05:30,495.8590850268944,495.8590850268944,485.5049451795582,487.4997863769531,1911411,0.0,0.0,M&M.NS,37
2020-02-25 00:00:00+05:30,489.7321372404704,493.48433967685605,480.7553942684239,483.4626770019531,2105613,0.0,0.0,M&M.NS,38
2020-02-26 00:00:00+05:30,482.27525142869854,486.7873794358024,474.960842853038,477.81060791015625,3058370,0.0,0.0,M&M.NS,39
2020-02-27 00:00:00+05:30,478.76046168550533,478.76046168550533,463.1342405764369,468.7862854003906,6039260,0.0,0.0,M&M.NS,40
2020-02-28 00:00:00+05:30,460.71203644562115,460.71203644562115,430.88450009009665,434.1617126464844,8613275,0.0,0.0,M&M.NS,41
2020-03-02 00:00:00+05:30,430.83696263526747,448.7905054231553,422.0977006485747,435.3490905761719,9225488,0.0,0.0,M&M.NS,42
2020-03-03 00:00:00+05:30,438.8638034360339,447.4130983081644,432.451832281936,442.9009704589844,4582866,0.0,0.0,M&M.NS,43
2020-03-04 00:00:00+05:30,442.71094802122377,453.1126010884742,434.58912997479445,450.8802795410156,5912943,0.0,0.0,M&M.NS,44
2020-03-05 00:00:00+05:30,449.02796476839876,458.337185119137,445.5132431520731,455.29742431640625,4081050,0.0,0.0,M&M.NS,45
2020-03-06 00:00:00+05:30,435.87154397710117,450.0253704095343,433.63922235768314,447.4130859375,4502562,0.0,0.0,M&M.NS,46
2020-03-09 00:00:00+05:30,430.83695596248435,442.37852728717377,418.9154507621422,440.00372314453125,4540694,0.0,0.0,M&M.NS,47
2020-03-11 00:00:00+05:30,439.67120633071596,446.13066143829576,427.17974343027953,428.9845886230469,5104905,0.0,0.0,M&M.NS,48
2020-03-12 00:00:00+05:30,406.47145427305816,414.1183406864389,379.6361685824681,402.1493225097656,9408350,0.0,0.0,M&M.NS,49
2020-03-13 00:00:00+05:30,380.44364555859835,427.22728986262075,328.34043387087587,407.3739318847656,6230411,0.0,0.0,M&M.NS,50
2020-03-16 00:00:00+05:30,399.9170473315345,407.13645825937203,369.32955610617745,372.1793212890625,3156508,0.0,0.0,M&M.NS,51
2020-03-17 00:00:00+05:30,372.3692934314222,387.5680401020925,351.4235322716282,354.70074462890625,4526913,0.0,0.0,M&M.NS,52
2020-03-18 00:00:00+05:30,360.02027489607593,364.4849178691374,322.1184100650362,329.0528259277344,6595508,0.0,0.0,M&M.NS,53
2020-03-19 00:00:00+05:30,315.13650637459926,315.1839908612234,286.87633737793215,298.46539306640625,10486153,0.0,0.0,M&M.NS,54
2020-03-20 00:00:00+05:30,300.1752439254081,311.7642997486314,292.81335107597164,306.4447326660156,8819518,0.0,0.0,M&M.NS,55
2020-03-23 00:00:00+05:30,284.0265676637857,288.68117785773876,266.5480154515681,278.7070007324219,6001358,0.0,0.0,M&M.NS,56
2020-03-24 00:00:00+05:30,284.97650259932624,294.3807213872422,251.15928515967772,255.5289306640625,6690908,0.0,0.0,M&M.NS,57
2020-03-25 00:00:00+05:30,250.2093508683208,273.9099070685284,233.11076157450424,263.93572998046875,9393732,0.0,0.0,M&M.NS,58
2020-03-26 00:00:00+05:30,263.93574174288693,279.2769709117776,259.4236138114892,271.20263671875,7557558,0.0,0.0,M&M.NS,59
2020-03-27 00:00:00+05:30,282.1267574808998,289.7261314197793,266.73801365894457,279.751953125,9505126,0.0,0.0,M&M.NS,60
2020-03-30 00:00:00+05:30,267.5929227647671,270.5851699671987,256.47882859652833,260.6584777832031,8942833,0.0,0.0,M&M.NS,61
2020-03-31 00:00:00+05:30,269.63525620692224,272.81749941493115,263.8882130427732,270.68017578125,6236559,0.0,0.0,M&M.NS,62
2020-04-01 00:00:00+05:30,266.92801374918366,268.8278572634127,252.2042265139084,259.1861572265625,5980392,0.0,0.0,M&M.NS,63
2020-04-03 00:00:00+05:30,260.27851903972805,275.47726467708446,257.76123259140223,266.64300537109375,6961905,0.0,0.0,M&M.NS,64
2020-04-07 00:00:00+05:30,280.7018623708564,307.58463488713,278.08957769566234,304.92486572265625,10795407,0.0,0.0,M&M.NS,65
2020-04-08 00:00:00+05:30,299.2253415579953,332.85256462093656,297.1355021799614,310.054443359375,8451195,0.0,0.0,M&M.NS,66
2020-04-09 00:00:00+05:30,318.93616567108467,372.0367753937407,315.75392262825517,362.3000793457031,11027315,0.0,0.0,M&M.NS,67
2020-04-13 00:00:00+05:30,360.970227678707,360.970227678707,337.2221863840552,344.6790771484375,7717484,0.0,0.0,M&M.NS,68
2020-04-15 00:00:00+05:30,354.3682798493558,360.8752493153555,331.8076393941336,335.46484375,11300538,0.0,0.0,M&M.NS,69
2020-04-16 00:00:00+05:30,325.9181263172234,342.39927286416975,325.823128353661,338.8370666503906,6155773,0.0,0.0,M&M.NS,70
2020-04-17 00:00:00+05:30,352.1834321065413,352.1834321065413,337.7446122356483,345.01153564453125,6178483,0.0,0.0,M&M.NS,71
2020-04-20 00:00:00+05:30,348.6212534066956,349.04872975455265,336.272271678393,338.0296325683594,4834154,0.0,0.0,M&M.NS,72
2020-04-21 00:00:00+05:30,331.5701466278841,331.5701466278841,307.2996596056068,315.4214782714844,8003757,0.0,0.0,M&M.NS,73
2020-04-22 00:00:00+05:30,310.6244124110554,328.43544523279024,304.5449190057655,323.16339111328125,9071476,0.0,0.0,M&M.NS,74
2020-04-23 00:00:00+05:30,321.0735225101169,332.14010410054766,314.9465161801028,330.0977783203125,6738333,0.0,0.0,M&M.NS,75
2020-04-24 00:00:00+05:30,324.87321593574495,327.4855005668072,315.37399909551846,317.5588073730469,5754928,0.0,0.0,M&M.NS,76
2020-04-27 00:00:00+05:30,320.64605705543244,326.15562028867663,311.7167989062617,313.7591247558594,5770537,0.0,0.0,M&M.NS,77
2020-04-28 00:00:00+05:30,317.70133809064964,321.07354867778366,312.0492921321063,319.126220703125,4244512,0.0,0.0,M&M.NS,78
2020-04-29 00:00:00+05:30,320.1236151333513,334.1824447957092,319.4111738533809,330.57275390625,7748491,0.0,0.0,M&M.NS,79
2020-04-30 00:00:00+05:30,337.8396194697448,349.5711573133111,337.22217621256914,348.28875732421875,7422465,0.0,0.0,M&M.NS,80
2020-05-04 00:00:00+05:30,332.52001353031886,344.2515499961031,324.0182333953251,339.1694641113281,7125034,0.0,0.0,M&M.NS,81
2020-05-05 00:00:00+05:30,345.5339739026831,362.68004678515575,343.34916586960503,349.713623046875,13401536,0.0,0.0,M&M.NS,82
2020-05-06 00:00:00+05:30,352.8958785779526,373.3191932197453,340.3094172289408,367.76214599609375,7015473,0.0,0.0,M&M.NS,83
2020-05-07 00:00:00+05:30,368.09462662106307,383.2458880093174,365.8148205379166,380.5860900878906,12971483,0.0,0.0,M&M.NS,84
2020-05-08 00:00:00+05:30,384.7183035068145,387.47307074640855,361.63521689212996,367.3347473144531,9444781,0.0,0.0,M&M.NS,85
2020-05-11 00:00:00+05:30,369.0446030317152,381.868546766408,365.1024335333571,370.5644836425781,7658595,0.0,0.0,M&M.NS,86
2020-05-12 00:00:00+05:30,369.42449990742364,375.4090233075471,361.1601994824525,373.3666687011719,4686856,0.0,0.0,M&M.NS,87
2020-05-13 00:00:00+05:30,394.2174710535536,397.92215956197856,384.00581367084106,392.3651123046875,7361621,0.0,0.0,M&M.NS,88
2020-05-14 00:00:00+05:30,381.39355485078204,387.09308493572524,376.16898560625077,380.3961486816406,4765875,0.0,0.0,M&M.NS,89
2020-05-15 00:00:00+05:30,382.5809393547753,383.7208569150564,354.5107665732579,362.2051086425781,14226503,0.0,0.0,M&M.NS,90
2020-05-18 00:00:00+05:30,362.96509648894926,364.2949811045065,348.85875309160366,358.31048583984375,7717665,0.0,0.0,M&M.NS,91
2020-05-19 00:00:00+05:30,364.76992575118555,371.41937752269155,352.6109398218697,363.7250061035156,5950003,0.0,0.0,M&M.NS,92
2020-05-20 00:00:00+05:30,363.72501747927924,392.98262358254385,360.685285396535,384.7657775878906,10608175,0.0,0.0,M&M.NS,93
2020-05-21 00:00:00+05:30,380.11117111036856,391.5577452495356,377.87884926668784,387.85302734375,6249309,0.0,0.0,M&M.NS,94
2020-05-22 00:00:00+05:30,383.76835959591534,408.7988017189068,378.73378627614807,404.9991149902344,10016203,0.0,0.0,M&M.NS,95
2020-05-26 00:00:00+05:30,405.61657910566674,413.4059488949893,400.5344920473472,407.6589050292969,5895376,0.0,0.0,M&M.NS,96
2020-05-27 00:00:00+05:30,405.1415653294911,413.16841450325416,394.2174668505013,410.8410949707031,7591278,0.0,0.0,M&M.NS,97
2020-05-28 00:00:00+05:30,407.9913492989792,421.76521324504483,402.6242977661325,418.3454895019531,7449375,0.0,0.0,M&M.NS,98
2020-05-29 00:00:00+05:30,412.26599983760326,427.46474637539507,409.5112328254902,414.4983215332031,9539035,0.0,0.0,M&M.NS,99
2020-06-01 00:00:00+05:30,419.72285952560884,446.93810722848303,419.39038117189216,438.00885009765625,9668047,0.0,0.0,M&M.NS,100
2020-06-02 00:00:00+05:30,441.80855780753484,454.86998027610724,437.7713908627034,439.6712341308594,8520940,0.0,0.0,M&M.NS,101
2020-06-03 00:00:00+05:30,446.4631838546601,467.93141934425654,443.1384580174445,460.8070068359375,9873294,0.0,0.0,M&M.NS,102
2020-06-04 00:00:00+05:30,460.99696080164,461.89939795635246,445.8932125069443,454.4900207519531,5829493,0.0,0.0,M&M.NS,103
2020-06-05 00:00:00+05:30,455.01248308833345,464.9391762044602,451.59275925473474,459.95208740234375,6265829,0.0,0.0,M&M.NS,104
2020-06-08 00:00:00+05:30,461.18697672983654,469.403793483392,444.80082771111427,447.2706298828125,5955200,0.0,0.0,M&M.NS,105
2020-06-09 00:00:00+05:30,450.0728700923274,458.62216501675215,440.0986926804985,454.7749938964844,7656301,0.0,0.0,M&M.NS,106
2020-06-10 00:00:00+05:30,452.3051764076974,459.47710207735446,445.37076013384024,448.4104919433594,4849036,0.0,0.0,M&M.NS,107
2020-06-11 00:00:00+05:30,448.3630202184507,455.9623934424922,445.9882160859377,450.7853088378906,4331683,0.0,0.0,M&M.NS,108
2020-06-12 00:00:00+05:30,434.11419077852383,487.2148338048049,433.2592670978281,482.9876708984375,18368009,0.0,0.0,M&M.NS,109
2020-06-15 00:00:00+05:30,479.8528720281078,494.8616501257401,473.7258953368104,482.70263671875,17605860,0.0,0.0,M&M.NS,110
2020-06-16 00:00:00+05:30,491.20443761428857,493.00931185104605,476.19568788583683,481.3727722167969,6712936,0.0,0.0,M&M.NS,111
2020-06-17 00:00:00+05:30,479.61541592519563,479.61541592519563,467.8363937385732,472.6809997558594,9273745,0.0,0.0,M&M.NS,112
2020-06-18 00:00:00+05:30,472.01606451401096,483.4151243726193,467.36145420294093,481.2303161621094,7114752,0.0,0.0,M&M.NS,113
2020-06-19 00:00:00+05:30,481.2303048683036,481.2303048683036,471.54109262015555,475.00830078125,9811021,0.0,0.0,M&M.NS,114
2020-06-22 00:00:00+05:30,476.6231718364515,477.0981326454564,469.3562772565374,473.7734069824219,5149581,0.0,0.0,M&M.NS,115
2020-06-23 00:00:00+05:30,474.96081292583665,493.8642764717309,472.68100682165414,490.53955078125,9132472,0.0,0.0,M&M.NS,116
2020-06-24 00:00:00+05:30,493.9592116723243,501.2261348047173,486.88228444783516,489.54205322265625,7568963,0.0,0.0,M&M.NS,117
2020-06-25 00:00:00+05:30,484.3650343295199,490.4920114619632,478.14305923602086,481.8477478027344,5248401,0.0,0.0,M&M.NS,118
2020-06-26 00:00:00+05:30,489.20965071249776,489.44713112546503,473.72593938275753,476.29071044921875,4079405,0.0,0.0,M&M.NS,119
2020-06-29 00:00:00+05:30,469.3563202030606,485.3625067289687,468.3588850192997,482.03778076171875,4459947,0.0,0.0,M&M.NS,120
2020-06-30 00:00:00+05:30,483.51012159345373,489.6846123407179,481.7052762498074,485.125,5487685,0.0,0.0,M&M.NS,121
2020-07-01 00:00:00+05:30,488.022237968111,495.28916163733044,469.49876616202215,473.9634094238281,8990865,0.0,0.0,M&M.NS,122
2020-07-02 00:00:00+05:30,481.1352993078957,505.35830055636825,479.1404581131012,503.1734924316406,16513522,0.0,0.0,M&M.NS,123
2020-07-03 00:00:00+05:30,504.78836327910597,508.6830186619161,497.9489161383491,503.93341064453125,7982179,0.0,0.0,M&M.NS,124
2020-07-06 00:00:00+05:30,506.9257092740077,544.8275481394085,506.9257092740077,541.977783203125,16728066,0.0,0.0,M&M.NS,125
2020-07-07 00:00:00+05:30,536.7057854788644,539.5555507114955,524.0243533851046,531.9561767578125,9208254,0.0,0.0,M&M.NS,126
2020-07-08 00:00:00+05:30,535.7558500744047,539.7930173843625,521.5070242745536,523.6443481445312,5172833,0.0,0.0,M&M.NS,127
2020-07-09 00:00:00+05:30,526.2565940682715,536.0407754669584,520.6045486553891,532.2410888671875,4123902,0.0,0.0,M&M.NS,128
2020-07-10 00:00:00+05:30,527.4914411499633,540.4578938929633,524.3567115354195,527.06396484375,5752443,0.0,0.0,M&M.NS,129
2020-07-13 00:00:00+05:30,531.956113980318,532.431074796372,521.6969719492779,528.013916015625,3165043,0.0,0.0,M&M.NS,130
2020-07-14 00:00:00+05:30,525.3067167665429,526.2091540058987,511.05789081446665,517.8973388671875,3097258,0.0,0.0,M&M.NS,131
2020-07-15 00:00:00+05:30,522.4568538100735,531.6711044639006,515.5699225553044,522.599365234375,5671780,0.0,0.0,M&M.NS,132
2020-07-16 00:00:00+05:30,521.8362336702365,548.0711448693801,517.5909363943613,544.6367797851562,11751032,2.35,0.0,M&M.NS,133
2020-07-17 00:00:00+05:30,545.6384354021588,564.0505604443458,539.4851449154801,561.7132568359375,9124092,0.0,0.0,M&M.NS,134
2020-07-20 00:00:00+05:30,561.8086515966966,570.1083758863862,555.3691741963504,566.6740112304688,5771917,0.0,0.0,M&M.NS,135
2020-07-21 00:00:00+05:30,565.576879077818,570.0129867003945,558.5650271348636,561.2362060546875,3850519,0.0,0.0,M&M.NS,136
2020-07-22 00:00:00+05:30,561.5225008261968,583.8460495407517,555.2261451514992,564.76611328125,11559026,0.0,0.0,M&M.NS,137
2020-07-23 00:00:00+05:30,563.7644079866568,580.9840381957588,557.611117118918,575.5939331054688,7605913,0.0,0.0,M&M.NS,138
2020-07-24 00:00:00+05:30,566.7694171501411,573.3043294927402,562.9534303436029,571.1578369140625,3531702,0.0,0.0,M&M.NS,139
2020-07-27 00:00:00+05:30,570.633213122177,572.3980839233363,560.9501222448697,567.0557250976562,3345182,0.0,0.0,M&M.NS,140
2020-07-28 00:00:00+05:30,564.384365325388,597.0110606941101,561.6654983060492,591.811767578125,10289416,0.0,0.0,M&M.NS,141
2020-07-29 00:00:00+05:30,591.4779136177679,596.1525204195515,573.3519775552879,577.0248413085938,5182915,0.0,0.0,M&M.NS,142
2020-07-30 00:00:00+05:30,578.1220117661628,586.5171712486525,568.8205437550736,570.8239135742188,4958267,0.0,0.0,M&M.NS,143
2020-07-31 00:00:00+05:30,572.3026636086388,582.7488812566033,564.9091889254212,578.5513305664062,3962668,0.0,0.0,M&M.NS,144
2020-08-03 00:00:00+05:30,581.938034523932,591.9550006919668,566.8648970784527,569.67919921875,5002825,0.0,0.0,M&M.NS,145
2020-08-04 00:00:00+05:30,569.6791822657482,581.5563952153776,569.6791822657482,574.87841796875,4889709,0.0,0.0,M&M.NS,146
2020-08-05 00:00:00+05:30,578.0267034593664,591.4780354917074,575.4509003690141,585.9925537109375,3834812,0.0,0.0,M&M.NS,147
2020-08-06 00:00:00+05:30,589.569975329644,589.569975329644,577.6927044724381,581.6041259765625,3857553,0.0,0.0,M&M.NS,148
2020-08-07 00:00:00+05:30,582.0333647837847,588.1389669694554,571.1578373139395,572.8273315429688,7679198,0.0,0.0,M&M.NS,149
2020-08-10 00:00:00+05:30,577.1680217525445,611.3210930471445,577.1680217525445,599.9685668945312,12341769,0.0,0.0,M&M.NS,150
2020-08-11 00:00:00+05:30,601.0179942948537,611.1303372571308,593.7676417815998,600.5886840820312,5128836,0.0,0.0,M&M.NS,151
2020-08-12 00:00:00+05:30,599.1100058338823,618.7623171292148,595.6278941332409,605.7402954101562,8891590,0.0,0.0,M&M.NS,152
2020-08-13 00:00:00+05:30,605.9310446537716,615.6140764997544,599.4915667443028,602.4012451171875,5773589,0.0,0.0,M&M.NS,153
2020-08-14 00:00:00+05:30,604.8339755376621,608.5068399530652,579.6007483512293,586.183349609375,3622823,0.0,0.0,M&M.NS,154
2020-08-17 00:00:00+05:30,599.1099010654923,602.9258876964826,585.5631368800093,594.9122924804688,5687622,0.0,0.0,M&M.NS,155
2020-08-18 00:00:00+05:30,596.2479726016709,603.6414474619315,590.1423700712933,594.006103515625,3989439,0.0,0.0,M&M.NS,156
2020-08-19 00:00:00+05:30,598.1558524191697,602.8304589267747,593.3858695450136,595.198486328125,2762486,0.0,0.0,M&M.NS,157
2020-08-20 00:00:00+05:30,591.4779622743791,594.3399524144164,581.9379951409213,583.8936767578125,3165784,0.0,0.0,M&M.NS,158
2020-08-21 00:00:00+05:30,591.4780326981493,592.3843413292043,580.0300707749593,581.7472534179688,4191258,0.0,0.0,M&M.NS,159
2020-08-24 00:00:00+05:30,584.8000143779134,587.3758172775748,573.3520532481664,574.2583618164062,3707968,0.0,0.0,M&M.NS,160
2020-08-25 00:00:00+05:30,577.1679481028367,584.2275462961844,573.8289599733162,581.3178100585938,4248590,0.0,0.0,M&M.NS,161
2020-08-26 00:00:00+05:30,584.8000355453797,596.7249954871697,582.4150435570218,585.1339111328125,5814785,0.0,0.0,M&M.NS,162
2020-08-27 00:00:00+05:30,590.6671382149365,609.890138674991,587.2804030148268,607.4574584960938,7637436,0.0,0.0,M&M.NS,163
2020-08-28 00:00:00+05:30,612.7043561158597,617.235840259963,600.3977758862029,602.353515625,7809917,0.0,0.0,M&M.NS,164
2020-08-31 00:00:00+05:30,607.6958667263375,611.0348550050536,574.4013603133484,578.9805908203125,5012805,0.0,0.0,M&M.NS,165
2020-09-01 00:00:00+05:30,581.9379503860671,592.9565999323364,577.1679671861813,579.6006469726562,5572232,0.0,0.0,M&M.NS,166
2020-09-02 00:00:00+05:30,580.030010210035,616.186509466366,574.3537180370183,613.181396484375,7887097,0.0,0.0,M&M.NS,167
2020-09-03 00:00:00+05:30,611.0348481709715,625.821796097045,602.9258767276409,614.9939575195312,9194655,0.0,0.0,M&M.NS,168
2020-09-04 00:00:00+05:30,600.063913272906,619.9070326227908,597.4881105847728,602.9259033203125,5889085,0.0,0.0,M&M.NS,169
2020-09-07 00:00:00+05:30,603.2120513987644,604.6907345148328,577.4541426494457,582.3672485351562,9387992,0.0,0.0,M&M.NS,170
2020-09-08 00:00:00+05:30,582.8919712791769,595.7709264547398,577.4541785595832,580.6023559570312,6825892,0.0,0.0,M&M.NS,171
2020-09-09 00:00:00+05:30,578.8851581543508,588.6159356731832,569.9176245407875,585.6585693359375,6589023,0.0,0.0,M&M.NS,172
2020-09-10 00:00:00+05:30,591.0010044098631,595.1986135271171,584.7046489613246,587.1373291015625,4699612,0.0,0.0,M&M.NS,173
2020-09-11 00:00:00+05:30,586.6126749423106,593.2906527623783,583.941437232407,585.9925537109375,2837723,0.0,0.0,M&M.NS,174
2020-09-14 00:00:00+05:30,586.7079532688726,600.4455286363465,583.7505868766631,586.994140625,4918699,0.0,0.0,M&M.NS,175
2020-09-15 00:00:00+05:30,590.7624168906545,595.2939009120201,583.7982530927595,585.229248046875,3805649,0.0,0.0,M&M.NS,176
2020-09-16 00:00:00+05:30,587.6619688034905,619.9070457060066,587.6619688034905,610.033203125,18993356,0.0,0.0,M&M.NS,177
2020-09-17 00:00:00+05:30,601.9718968946734,613.8968552325235,598.7760313510638,607.5050659179688,6363964,0.0,0.0,M&M.NS,178
2020-09-18 00:00:00+05:30,610.5578696114072,629.0654283249373,605.3585761075303,624.0569458007812,13518207,0.0,0.0,M&M.NS,179
2020-09-21 00:00:00+05:30,626.7758203121897,635.9341651719354,587.1372698054935,593.8152465820312,9301954,0.0,0.0,M&M.NS,180
2020-09-22 00:00:00+05:30,593.8152314379455,595.5324137769375,575.2599847937418,587.4711303710938,5369370,0.0,0.0,M&M.NS,181
2020-09-23 00:00:00+05:30,593.43361511029,594.673799132024,575.4984894146942,584.4183349609375,4116481,0.0,0.0,M&M.NS,182
2020-09-24 00:00:00+05:30,577.1680190413564,578.5036377482555,541.3931418280491,548.6434936523438,8991885,0.0,0.0,M&M.NS,183
2020-09-25 00:00:00+05:30,557.0387687448596,568.0574204150145,550.0745453487796,565.0523071289062,5415792,0.0,0.0,M&M.NS,184
2020-09-28 00:00:00+05:30,567.6280389109165,589.5699631041116,565.8154218822826,586.9464721679688,5494528,0.0,0.0,M&M.NS,185
2020-09-29 00:00:00+05:30,586.9465265054517,597.6789904196107,575.3554421872227,584.9908447265625,5747565,0.0,0.0,M&M.NS,186
2020-09-30 00:00:00+05:30,587.6142314808574,594.3398960263795,577.6926433124373,579.9345703125,4990827,0.0,0.0,M&M.NS,187
2020-10-01 00:00:00+05:30,586.4217891063853,593.2905770617905,580.1731223032292,582.0811157226562,3842191,0.0,0.0,M&M.NS,188
2020-10-05 00:00:00+05:30,586.7079004228017,587.9003961553683,569.6313382415146,579.075927734375,5977261,0.0,0.0,M&M.NS,189
2020-10-06 00:00:00+05:30,583.4643425884494,603.8798947051177,580.9839745267246,598.5375366210938,9071955,0.0,0.0,M&M.NS,190
2020-10-07 00:00:00+05:30,600.9225636639152,607.6005407755374,596.2479563948438,602.5443115234375,6086867,0.0,0.0,M&M.NS,191
2020-10-08 00:00:00+05:30,604.97705078125,611.4642169122295,598.7283256058885,604.97705078125,4683786,0.0,0.0,M&M.NS,192
2020-10-09 00:00:00+05:30,604.9770482830581,617.6651931185415,599.3961324884917,604.0707397460938,4972397,0.0,0.0,M&M.NS,193
2020-10-12 00:00:00+05:30,608.5544421340927,610.271624333928,601.0178458554494,605.2154541015625,3247640,0.0,0.0,M&M.NS,194
2020-10-13 00:00:00+05:30,605.1677582450133,612.4658559881425,595.6277916408366,599.0145263671875,3769222,0.0,0.0,M&M.NS,195
2020-10-14 00:00:00+05:30,594.7215659380597,598.9191164807194,587.9481544331705,595.1508178710938,2776984,0.0,0.0,M&M.NS,196
2020-10-15 00:00:00+05:30,592.3842719459292,603.8799207185637,585.8493595104388,588.9021606445312,3794955,0.0,0.0,M&M.NS,197
2020-10-16 00:00:00+05:30,589.0929674604607,595.2462578753534,574.353706669626,578.7421264648438,4274910,0.0,0.0,M&M.NS,198
2020-10-19 00:00:00+05:30,584.513781501303,586.2309638916452,567.8188394864881,569.96533203125,3646287,0.0,0.0,M&M.NS,199
2020-10-20 00:00:00+05:30,569.9176946129973,580.9840338720034,563.1442825986097,574.5445556640625,4377671,0.0,0.0,M&M.NS,200
2020-10-21 00:00:00+05:30,578.9806502531072,582.7012026377647,564.9568863974827,573.2089233398438,3684706,0.0,0.0,M&M.NS,201
2020-10-22 00:00:00+05:30,572.2072390304279,579.0283390841729,566.7694459097137,576.5479125976562,3818694,0.0,0.0,M&M.NS,202
2020-10-23 00:00:00+05:30,581.6994799734596,599.1099195134606,577.501871259182,596.3910522460938,6421723,0.0,0.0,M&M.NS,203
2020-10-26 00:00:00+05:30,596.2002979991263,597.0588601628381,567.2464608532105,569.67919921875,4800537,0.0,0.0,M&M.NS,204
2020-10-27 00:00:00+05:30,572.7796887469513,577.1680506343915,566.1970876884485,569.67919921875,5712121,0.0,0.0,M&M.NS,205
2020-10-28 00:00:00+05:30,571.4439499983532,584.7999020851261,566.8647780712115,576.3570556640625,6811118,0.0,0.0,M&M.NS,206
2020-10-29 00:00:00+05:30,570.6809251137148,576.3572179947844,563.0966385400064,564.7184448242188,3680773,0.0,0.0,M&M.NS,207
2020-10-30 00:00:00+05:30,565.2907044397423,574.0674852827182,559.8052236912991,566.6740112304688,4209087,0.0,0.0,M&M.NS,208
2020-11-02 00:00:00+05:30,564.7660248648251,572.3026217983811,561.9040348739561,568.6296997070312,4085120,0.0,0.0,M&M.NS,209
2020-11-03 00:00:00+05:30,571.7301624850309,577.5972649865473,566.6739920465801,568.3911743164062,3669816,0.0,0.0,M&M.NS,210
2020-11-04 00:00:00+05:30,570.299211536929,575.8801271284284,564.7660423619583,569.34521484375,2475177,0.0,0.0,M&M.NS,211
2020-11-05 00:00:00+05:30,575.5461748279415,579.4575960805055,571.6824999903698,574.4013671875,3794240,0.0,0.0,M&M.NS,212
2020-11-06 00:00:00+05:30,575.2599733697316,590.8101069413902,574.0197893843847,585.372314453125,5908936,0.0,0.0,M&M.NS,213
2020-11-09 00:00:00+05:30,592.4319576070296,593.3859543181521,582.128804772375,587.995849609375,3819808,0.0,0.0,M&M.NS,214
2020-11-10 00:00:00+05:30,593.3859795470452,598.8237726771084,582.8920152785283,591.4302978515625,7876161,0.0,0.0,M&M.NS,215
2020-11-11 00:00:00+05:30,596.2479549319191,614.8985793167217,593.5290875483653,604.0707397460938,7561527,0.0,0.0,M&M.NS,216
2020-11-12 00:00:00+05:30,603.927625568593,624.2954909362746,600.5409487816942,603.59375,6913788,0.0,0.0,M&M.NS,217
2020-11-13 00:00:00+05:30,604.7862998550676,609.5562839879614,599.1576952873148,600.8748779296875,4107823,0.0,0.0,M&M.NS,218
2020-11-14 00:00:00+05:30,605.310960332899,605.310960332899,600.8748519898768,602.3058471679688,295788,0.0,0.0,M&M.NS,219
2020-11-17 00:00:00+05:30,609.603881404932,616.2818581965354,604.5000224337128,607.9343872070312,6173551,0.0,0.0,M&M.NS,220
2020-11-18 00:00:00+05:30,607.8866827608031,677.2899397031143,607.695871783536,673.2831420898438,32986476,0.0,0.0,M&M.NS,221
2020-11-19 00:00:00+05:30,666.8437033554508,694.8912300493192,660.4519137236003,671.518310546875,15336768,0.0,0.0,M&M.NS,222
2020-11-20 00:00:00+05:30,677.337574065687,685.4942332065049,665.3172404084113,682.679931640625,6730897,0.0,0.0,M&M.NS,223
2020-11-23 00:00:00+05:30,683.4432232028917,687.5930853385589,666.8436582055535,672.9969482421875,4484068,0.0,0.0,M&M.NS,224
2020-11-24 00:00:00+05:30,677.3377315022088,711.2046180773193,673.7602434837113,695.7975463867188,16121626,0.0,0.0,M&M.NS,225
2020-11-25 00:00:00+05:30,698.3255429263354,699.2318513829771,683.0615966328636,686.8298950195312,5423034,0.0,0.0,M&M.NS,226
2020-11-26 00:00:00+05:30,688.7855939269475,702.9047329603153,686.8776005919698,694.986572265625,6798860,0.0,0.0,M&M.NS,227
2020-11-27 00:00:00+05:30,703.0001569173487,708.7718250227839,678.2916203126352,688.7855834960938,11302666,0.0,0.0,M&M.NS,228
2020-12-01 00:00:00+05:30,702.5232297044347,702.6186060884595,675.47738691656,700.75830078125,5710611,0.0,0.0,M&M.NS,229
2020-12-02 00:00:00+05:30,700.2335134205265,723.1294321154757,696.9422134626611,718.9318237304688,6337698,0.0,0.0,M&M.NS,230
2020-12-03 00:00:00+05:30,715.5451887619631,721.5553561213181,709.4873332147037,711.5383911132812,2957787,0.0,0.0,M&M.NS,231
2020-12-04 00:00:00+05:30,714.6389099262507,729.2827943151749,709.010364291326,716.022216796875,5356456,0.0,0.0,M&M.NS,232
2020-12-07 00:00:00+05:30,715.4975306439408,721.0783880920283,709.8212385886978,717.6917114257812,3525945,0.0,0.0,M&M.NS,233
2020-12-08 00:00:00+05:30,718.693416429481,728.8535049398002,709.3442600796478,719.3135375976562,4333519,0.0,0.0,M&M.NS,234
2020-12-09 00:00:00+05:30,721.9846383441857,727.8517409129155,715.6882838735813,720.2674560546875,3213975,0.0,0.0,M&M.NS,235
2020-12-10 00:00:00+05:30,710.7275769288361,720.2198562124813,697.419310654969,702.2847290039062,3814006,0.0,0.0,M&M.NS,236
2020-12-11 00:00:00+05:30,704.9082202903269,712.3493832782262,688.8810283442783,694.080322265625,4197494,0.0,0.0,M&M.NS,237
2020-12-14 00:00:00+05:30,697.9917814824651,703.4772630783118,677.3377274871655,678.9595336914062,4183639,0.0,0.0,M&M.NS,238
2020-12-15 00:00:00+05:30,677.337650695284,686.8776176064852,668.7516804752029,684.9219360351562,5495877,0.0,0.0,M&M.NS,239
2020-12-16 00:00:00+05:30,703.1908796482857,711.9199719419236,692.7923515104245,698.27783203125,11262389,0.0,0.0,M&M.NS,240
2020-12-17 00:00:00+05:30,701.2829585058614,704.4788824220212,691.9814905797034,697.0377197265625,3630553,0.0,0.0,M&M.NS,241
2020-12-18 00:00:00+05:30,692.6969537381812,704.0018491315374,689.3102772298769,699.8519287109375,6671658,0.0,0.0,M&M.NS,242
2020-12-21 00:00:00+05:30,695.4636538075678,696.4176505891968,629.8763750705715,654.3941040039062,9130116,0.0,0.0,M&M.NS,243
2020-12-22 00:00:00+05:30,657.1129596756036,667.1776138945914,636.6020292409303,663.075439453125,7305751,0.0,0.0,M&M.NS,244
2020-12-23 00:00:00+05:30,661.119796613531,682.1077266647542,656.5883117161078,678.7687377929688,4383472,0.0,0.0,M&M.NS,245
2020-12-24 00:00:00+05:30,679.7225993454668,689.3102538381362,667.8930178343458,678.1962280273438,3373695,0.0,0.0,M&M.NS,246
2020-12-28 00:00:00+05:30,682.4892544299815,685.732808235364,674.7618463146217,678.2439575195312,2484872,0.0,0.0,M&M.NS,247
2020-12-29 00:00:00+05:30,681.6307254288064,684.0157174701949,671.6137588549751,674.5234375,2808820,0.0,0.0,M&M.NS,248
2020-12-30 00:00:00+05:30,677.3376341649172,690.9797748695322,671.9475297006987,687.54541015625,3219036,0.0,0.0,M&M.NS,249
2020-12-31 00:00:00+05:30,686.6391382870685,692.1723076100828,680.6766587951697,687.4500122070312,3723205,0.0,0.0,M&M.NS,250
2021-01-01 00:00:00+05:30,691.647656285871,710.4890924398654,689.7396627512893,698.7549438476562,9543128,0.0,0.0,M&M.NS,251
2021-01-04 00:00:00+05:30,701.187585623177,716.4515330653143,693.7941110808919,714.638916015625,4547027,0.0,0.0,M&M.NS,252
2021-01-05 00:00:00+05:30,713.5895762076855,713.5895762076855,696.4176345342385,706.052978515625,3551554,0.0,0.0,M&M.NS,253
2021-01-06 00:00:00+05:30,706.9115455369046,712.1108391299781,696.8468921278317,702.2369384765625,3601608,0.0,0.0,M&M.NS,254
2021-01-07 00:00:00+05:30,708.819532725223,720.2674928769089,706.0529190642976,710.1551513671875,4063641,0.0,0.0,M&M.NS,255
2021-01-08 00:00:00+05:30,715.4974519703621,737.2485628647948,710.7274689572264,735.0543823242188,5998381,0.0,0.0,M&M.NS,256
2021-01-11 00:00:00+05:30,737.4871318139939,754.9930060654226,728.0902876796966,752.7987670898438,6643610,0.0,0.0,M&M.NS,257
2021-01-12 00:00:00+05:30,753.6096439928716,760.0968093838787,741.6369980195524,743.9742431640625,5532160,0.0,0.0,M&M.NS,258
2021-01-13 00:00:00+05:30,748.5058073332034,798.9722573893914,746.2639383198226,790.2431640625,19610461,0.0,0.0,M&M.NS,259
2021-01-14 00:00:00+05:30,790.7678661192707,805.0300698091881,789.2891246931698,791.7218627929688,8576718,0.0,0.0,M&M.NS,260
2021-01-15 00:00:00+05:30,789.9092695842312,799.4492366081953,777.8411880079814,781.9434204101562,4996951,0.0,0.0,M&M.NS,261
2021-01-18 00:00:00+05:30,780.2739190600896,783.0404745353886,760.4784876660194,771.7833251953125,3955069,0.0,0.0,M&M.NS,262
2021-01-19 00:00:00+05:30,772.7373193522124,781.8956642906371,764.6760356715274,770.8770141601562,3991167,0.0,0.0,M&M.NS,263
2021-01-20 00:00:00+05:30,769.8753098024608,793.6775382751539,765.1053264703514,786.5702514648438,4502291,0.0,0.0,M&M.NS,264
2021-01-21 00:00:00+05:30,785.1392609690351,796.5872210317672,763.4835248715666,771.0678100585938,4455107,0.0,0.0,M&M.NS,265
2021-01-22 00:00:00+05:30,770.829304151843,788.6690534057748,758.4273475256376,761.6709594726562,5588252,0.0,0.0,M&M.NS,266
2021-01-25 00:00:00+05:30,765.2007717447018,775.5516714437751,748.1719530067314,757.9981079101562,3353172,0.0,0.0,M&M.NS,267
2021-01-27 00:00:00+05:30,760.3353215703288,779.4152543575391,728.2810577787492,734.5297241210938,6585102,0.0,0.0,M&M.NS,268
2021-01-28 00:00:00+05:30,723.1294575610192,742.3047668518486,721.3168406429536,729.8074340820312,4622634,0.0,0.0,M&M.NS,269
2021-01-29 00:00:00+05:30,737.0100788520205,763.1496095918322,711.6814801774971,715.1158447265625,8761073,0.0,0.0,M&M.NS,270
2021-02-01 00:00:00+05:30,718.3595116051612,771.6402037500142,707.4362377978357,758.5704956054688,6592083,0.0,0.0,M&M.NS,271
2021-02-02 00:00:00+05:30,772.7374229168208,798.8769590323525,765.6778231696057,779.2722778320312,5334431,0.0,0.0,M&M.NS,272
2021-02-03 00:00:00+05:30,783.2313449952088,819.3878457225869,780.3693546968098,794.8701171875,8802838,0.0,0.0,M&M.NS,273
2021-02-04 00:00:00+05:30,796.5873447953107,852.4438469675249,796.5873447953107,826.6382446289062,14706560,0.0,0.0,M&M.NS,274
2021-02-05 00:00:00+05:30,839.421718824304,841.1389012372068,802.5020349238741,825.6841430664062,15668083,0.0,0.0,M&M.NS,275
2021-02-08 00:00:00+05:30,850.0111107780168,908.2526011673385,850.0111107780168,885.6906127929688,21179625,0.0,0.0,M&M.NS,276
2021-02-09 00:00:00+05:30,886.7399751290262,895.8029442131852,844.4779309399426,853.8270874023438,9210613,0.0,0.0,M&M.NS,277
2021-02-10 00:00:00+05:30,857.6429966575049,874.8149365238398,845.3364164623641,872.0960693359375,6465767,0.0,0.0,M&M.NS,278
2021-02-11 00:00:00+05:30,874.2902914130747,877.7246562580589,860.8389029443207,872.143798828125,3640848,0.0,0.0,M&M.NS,279
2021-02-12 00:00:00+05:30,873.8610720112742,876.2937522147452,863.3671071727109,866.7537841796875,2484145,0.0,0.0,M&M.NS,280
2021-02-15 00:00:00+05:30,868.9956661698333,877.6770133369032,856.9275839455145,869.9019165039062,4178613,0.0,0.0,M&M.NS,281
2021-02-16 00:00:00+05:30,872.9069578538267,879.3464354117649,860.6003774521663,870.2357788085938,4223635,0.0,0.0,M&M.NS,282
2021-02-17 00:00:00+05:30,863.3670952902901,877.8201699554239,862.9854732832024,872.859375,3903522,0.0,0.0,M&M.NS,283
2021-02-18 00:00:00+05:30,872.8593007020817,872.8593007020817,850.6311890238495,853.3023681640625,4616205,0.0,0.0,M&M.NS,284
2021-02-19 00:00:00+05:30,849.0570389414363,863.9871101643184,823.1560059794232,838.8015747070312,5171996,0.0,0.0,M&M.NS,285
2021-02-22 00:00:00+05:30,839.517055939878,841.9020475760708,794.7745895539665,798.590576171875,5960870,0.0,0.0,M&M.NS,286
2021-02-23 00:00:00+05:30,803.3606722100834,817.527559454042,781.4187460771735,802.2636108398438,7348084,0.0,0.0,M&M.NS,287
2021-02-24 00:00:00+05:30,802.4066525300459,816.5258511772508,801.3572793836944,810.515625,3184114,0.0,0.0,M&M.NS,288
2021-02-25 00:00:00+05:30,813.8545505515146,826.7335058285901,803.312898803524,819.483154296875,6134649,0.0,0.0,M&M.NS,289
2021-02-26 00:00:00+05:30,809.0368427908367,817.2412488706276,761.7663206973508,769.3029174804688,12073749,0.0,0.0,M&M.NS,290
2021-03-01 00:00:00+05:30,783.2312466328995,813.4729519668717,778.6520743760059,781.7525634765625,9223619,0.0,0.0,M&M.NS,291
2021-03-02 00:00:00+05:30,794.631575589668,828.0691488127329,782.3249946723682,820.48486328125,9706013,0.0,0.0,M&M.NS,292
2021-03-03 00:00:00+05:30,827.0674177934814,828.0691026431472,808.0828609281249,812.8528442382812,5028771,0.0,0.0,M&M.NS,293
2021-03-04 00:00:00+05:30,803.1221105371203,818.8153681307634,796.3964453476557,806.36572265625,4574138,0.0,0.0,M&M.NS,294
2021-03-05 00:00:00+05:30,801.3572696108116,821.1527021636977,799.7831516831397,801.7388916015625,5179108,0.0,0.0,M&M.NS,295
2021-03-08 00:00:00+05:30,808.9415179830828,817.90905207737,801.3572325297445,811.8511962890625,3474579,0.0,0.0,M&M.NS,296
2021-03-09 00:00:00+05:30,813.759233573233,825.8750040304012,803.2652692481386,812.8052368164062,3536262,0.0,0.0,M&M.NS,297
2021-03-10 00:00:00+05:30,817.0028369424333,834.7471531352872,809.9432377278387,824.0623779296875,3971353,0.0,0.0,M&M.NS,298
2021-03-12 00:00:00+05:30,829.5001252368965,835.8919147306527,805.3163323406486,816.4303588867188,4012449,0.0,0.0,M&M.NS,299
2021-03-15 00:00:00+05:30,822.3451276324301,822.3451276324301,786.0932542565225,805.5548095703125,3069303,0.0,0.0,M&M.NS,300
2021-03-16 00:00:00+05:30,812.805204104436,817.098189337382,801.3572434832469,804.0761108398438,2996797,0.0,0.0,M&M.NS,301
2021-03-17 00:00:00+05:30,808.607539175935,812.18502662196,795.3470206457367,798.447509765625,2034583,0.0,0.0,M&M.NS,302
2021-03-18 00:00:00+05:30,803.2652640574286,820.9618921367411,795.6332900521323,806.7473754882812,5033325,0.0,0.0,M&M.NS,303
2021-03-19 00:00:00+05:30,801.309567746238,820.43719060261,782.8020078300805,811.1834106445312,7538327,0.0,0.0,M&M.NS,304
2021-03-22 00:00:00+05:30,810.7064562495236,819.8171139008274,793.8684479306379,813.8069458007812,2906300,0.0,0.0,M&M.NS,305
2021-03-23 00:00:00+05:30,820.3894728076277,825.2071444912712,802.7882220686759,805.7933349609375,3925212,0.0,0.0,M&M.NS,306
2021-03-24 00:00:00+05:30,797.779794355008,806.1272660448212,771.4017605242616,774.072998046875,4066262,0.0,0.0,M&M.NS,307
2021-03-25 00:00:00+05:30,774.4544845685724,776.5532888867064,751.8447518584677,755.2791748046875,4501404,0.0,0.0,M&M.NS,308
2021-03-26 00:00:00+05:30,763.0542688776122,777.1734672055547,755.7085405645691,762.5772705078125,4170972,0.0,0.0,M&M.NS,309
2021-03-30 00:00:00+05:30,768.4920215929735,768.4920215929735,746.979407889888,758.4273681640625,5670999,0.0,0.0,M&M.NS,310
2021-03-31 00:00:00+05:30,758.5227707553794,768.68285914076,753.7527871429638,758.6658935546875,3972382,0.0,0.0,M&M.NS,311
2021-04-01 00:00:00+05:30,764.6283364337118,772.5464972054621,743.8789087138949,770.4476928710938,5678798,0.0,0.0,M&M.NS,312
2021-04-05 00:00:00+05:30,771.1155188205283,771.5925171692021,733.8619594345754,738.82275390625,4176802,0.0,0.0,M&M.NS,313
2021-04-06 00:00:00+05:30,747.9334228401048,755.1837745664969,739.3474524248485,745.1668090820312,2984229,0.0,0.0,M&M.NS,314
2021-04-07 00:00:00+05:30,745.3575913629536,761.8617222133851,739.7290459105806,759.6675415039062,2271095,0.0,0.0,M&M.NS,315
2021-04-08 00:00:00+05:30,765.1053496777414,773.6913199359705,756.5193794195125,758.5704956054688,3324494,0.0,0.0,M&M.NS,316
2021-04-09 00:00:00+05:30,758.4273806256067,764.1513608567433,748.8874135737123,754.7545166015625,2065092,0.0,0.0,M&M.NS,317
2021-04-12 00:00:00+05:30,743.1634373668028,743.1634373668028,704.574258787462,716.9285278320312,4628388,0.0,0.0,M&M.NS,318
2021-04-13 00:00:00+05:30,719.3135561621244,779.4153519687741,716.2607548883819,773.9298706054688,12501628,0.0,0.0,M&M.NS,319
2021-04-15 00:00:00+05:30,767.9673677585473,771.6879782970091,749.0305559563066,768.062744140625,5256004,0.0,0.0,M&M.NS,320
2021-04-16 00:00:00+05:30,768.0626880813121,799.3060787128375,766.2501293627545,783.8513793945312,6915568,0.0,0.0,M&M.NS,321
2021-04-19 00:00:00+05:30,748.9827971344165,769.8753484693148,748.9827971344165,758.3796997070312,4317341,0.0,0.0,M&M.NS,322
2021-04-20 00:00:00+05:30,770.8293596587239,783.4221281699037,763.7220723579868,773.83447265625,4830957,0.0,0.0,M&M.NS,323
2021-04-22 00:00:00+05:30,758.42739758752,767.8242420528574,749.3644286855308,762.9111938476562,4576665,0.0,0.0,M&M.NS,324
2021-04-23 00:00:00+05:30,759.3813921162258,768.5397373734256,738.4888405748563,742.1140747070312,4796085,0.0,0.0,M&M.NS,325
2021-04-26 00:00:00+05:30,744.1174230386171,756.8055674526543,739.9675607010674,744.5944213867188,3528851,0.0,0.0,M&M.NS,326
2021-04-27 00:00:00+05:30,745.071432615198,751.7017214138995,741.255445764416,742.591064453125,3624649,0.0,0.0,M&M.NS,327
2021-04-28 00:00:00+05:30,749.8414602987407,764.7237866015194,743.0203601106844,746.120849609375,5214319,0.0,0.0,M&M.NS,328
2021-04-29 00:00:00+05:30,751.7493993796886,755.6130743680887,733.2418401141774,738.9658203125,3642323,0.0,0.0,M&M.NS,329
2021-04-30 00:00:00+05:30,733.0511201191923,742.5910875427771,715.9268669483895,717.9302368164062,4466148,0.0,0.0,M&M.NS,330
2021-05-03 00:00:00+05:30,710.6321668055435,731.2861604731028,706.0052478631725,718.3118286132812,3749870,0.0,0.0,M&M.NS,331
2021-05-04 00:00:00+05:30,724.0835055450045,727.6133050304148,697.4669739474741,707.0546875,3820769,0.0,0.0,M&M.NS,332
2021-05-05 00:00:00+05:30,708.9626667660108,714.5435241375656,703.4294393563735,713.1602172851562,3102424,0.0,0.0,M&M.NS,333
2021-05-06 00:00:00+05:30,716.928514025101,724.5604875609637,711.8246550139277,713.0171508789062,3662506,0.0,0.0,M&M.NS,334
2021-05-07 00:00:00+05:30,717.4054743300012,736.4854071579267,716.4514776886049,732.0970458984375,4833670,0.0,0.0,M&M.NS,335
2021-05-10 00:00:00+05:30,736.4854689876579,747.742618655732,733.2896032616134,744.5467529296875,2095644,0.0,0.0,M&M.NS,336
2021-05-11 00:00:00+05:30,734.5774723328266,743.8312521362533,730.952296452496,740.3014526367188,2938331,0.0,0.0,M&M.NS,337
2021-05-12 00:00:00+05:30,736.0084927803454,736.1993037758538,720.4106692054895,724.7513427734375,3480378,0.0,0.0,M&M.NS,338
2021-05-14 00:00:00+05:30,727.9948551392162,728.5672880929926,702.1415679787593,707.3885498046875,4984389,0.0,0.0,M&M.NS,339
2021-05-17 00:00:00+05:30,705.957572405289,721.2215199167547,701.5692107866781,718.8842163085938,3479938,0.0,0.0,M&M.NS,340
2021-05-18 00:00:00+05:30,725.9914835414346,763.149666387873,719.3135066888854,761.003173828125,8634396,0.0,0.0,M&M.NS,341
2021-05-19 00:00:00+05:30,757.4734372242754,757.4734372242754,742.2094888671111,748.6966552734375,4360320,0.0,0.0,M&M.NS,342
2021-05-20 00:00:00+05:30,747.981162798593,772.308080658836,746.0254810474537,766.2979125976562,10092542,0.0,0.0,M&M.NS,343
2021-05-21 00:00:00+05:30,767.0133719868201,783.2313164193772,763.9128826100077,781.275634765625,5721630,0.0,0.0,M&M.NS,344
2021-05-24 00:00:00+05:30,783.7082664207176,786.0932581018518,769.8753146701389,772.7373046875,3495533,0.0,0.0,M&M.NS,345
2021-05-25 00:00:00+05:30,781.9434666706252,789.9093163159669,771.1632567139087,773.9298706054688,5044078,0.0,0.0,M&M.NS,346
2021-05-26 00:00:00+05:30,778.4613851932965,788.0013531490966,775.5993948065563,783.4221801757812,3084558,0.0,0.0,M&M.NS,347
2021-05-27 00:00:00+05:30,787.333511800916,792.7713049605541,779.3199739795966,790.481689453125,6902630,0.0,0.0,M&M.NS,348
2021-05-28 00:00:00+05:30,790.8632887505244,813.7592102583803,773.2143492548854,806.9381103515625,11638455,0.0,0.0,M&M.NS,349
2021-05-31 00:00:00+05:30,786.0932510204191,786.0932510204191,753.6573644491882,770.7816162109375,17596018,0.0,0.0,M&M.NS,350
2021-06-01 00:00:00+05:30,775.5992474576317,780.3692305293268,763.4357906248091,769.2074584960938,7230033,0.0,0.0,M&M.NS,351
2021-06-02 00:00:00+05:30,769.2075590001502,774.6453520578469,765.3915720442003,769.1121826171875,4244490,0.0,0.0,M&M.NS,352
2021-06-03 00:00:00+05:30,774.6453554113616,775.7901631485706,761.384777391093,765.153076171875,5001405,0.0,0.0,M&M.NS,353
2021-06-04 00:00:00+05:30,776.5533470494288,776.5533470494288,766.1547592832608,767.5857543945312,5084092,0.0,0.0,M&M.NS,354
2021-06-07 00:00:00+05:30,770.7339725515358,774.4068366286574,765.6777433590927,766.8702392578125,2994862,0.0,0.0,M&M.NS,355
2021-06-08 00:00:00+05:30,767.1087913539347,772.7373956750979,760.812435865297,770.686279296875,2960405,0.0,0.0,M&M.NS,356
2021-06-09 00:00:00+05:30,770.8293034602369,779.1767742588472,764.1513268213488,767.442626953125,4176767,0.0,0.0,M&M.NS,357
2021-06-10 00:00:00+05:30,770.8293827072531,773.6436847970115,766.1070870959421,769.8276977539062,2264605,0.0,0.0,M&M.NS,358
2021-06-11 00:00:00+05:30,771.7833251953125,778.318179256155,768.4443367673971,771.7833251953125,1783272,0.0,0.0,M&M.NS,359
2021-06-14 00:00:00+05:30,771.7833096648407,772.2603080020872,757.4733595474456,770.3046264648438,1598770,0.0,0.0,M&M.NS,360
2021-06-15 00:00:00+05:30,770.2092374846832,776.07634067129,768.9213651887644,771.4017333984375,1640381,0.0,0.0,M&M.NS,361
2021-06-16 00:00:00+05:30,771.5924481753598,784.0420923170617,764.7236609231798,769.0643920898438,3863280,0.0,0.0,M&M.NS,362
2021-06-17 00:00:00+05:30,765.1053932517708,772.641990865262,756.0901123217276,768.6351928710938,1988175,0.0,0.0,M&M.NS,363
2021-06-18 00:00:00+05:30,768.9213619926411,771.7356639828712,737.5348463821547,745.5961303710938,5793496,0.0,0.0,M&M.NS,364
2021-06-21 00:00:00+05:30,740.3014917610197,743.0203592581228,727.2794125905239,741.1123657226562,3024852,0.0,0.0,M&M.NS,365
2021-06-22 00:00:00+05:30,744.2128180349036,753.2280986850236,737.1532772427962,739.5382690429688,2925669,0.0,0.0,M&M.NS,366
2021-06-23 00:00:00+05:30,745.9300339790143,749.841397110667,739.3474335378714,745.9777221679688,2700327,0.0,0.0,M&M.NS,367
2021-06-24 00:00:00+05:30,746.9794134689437,757.4733771319812,743.1634266823846,755.3745727539062,3251137,0.0,0.0,M&M.NS,368
2021-06-25 00:00:00+05:30,756.7102291265822,765.0100124463894,753.6574278997482,757.7119140625,1763201,0.0,0.0,M&M.NS,369
2021-06-28 00:00:00+05:30,758.4273940088168,762.2433808969115,752.9419128571807,756.9963989257812,1409432,0.0,0.0,M&M.NS,370
2021-06-29 00:00:00+05:30,752.703397712306,755.565387817676,743.5450526660571,745.643798828125,3167773,0.0,0.0,M&M.NS,371
2021-06-30 00:00:00+05:30,748.7920054046592,753.0849903957559,739.7767252778891,741.9232177734375,2393862,0.0,0.0,M&M.NS,372
2021-07-01 00:00:00+05:30,742.209466513825,762.0048989433388,739.2520998996288,743.5927734375,5697553,0.0,0.0,M&M.NS,373
2021-07-02 00:00:00+05:30,749.841451622891,751.0816357625497,741.2554808027816,746.5978393554688,1963778,0.0,0.0,M&M.NS,374
2021-07-05 00:00:00+05:30,749.8413019641024,756.9962762194851,748.4103071130259,755.3267822265625,1320469,0.0,0.0,M&M.NS,375
2021-07-06 00:00:00+05:30,754.2297785380116,758.427387369103,742.87725258172,745.9300537109375,1420179,0.0,0.0,M&M.NS,376
2021-07-07 00:00:00+05:30,742.0186228910109,745.9300443041421,733.1941534008303,743.0680541992188,3004815,0.0,0.0,M&M.NS,377
2021-07-08 00:00:00+05:30,742.1616618120008,751.367694006018,735.5313738394475,740.5398559570312,2010027,0.0,0.0,M&M.NS,378
2021-07-09 00:00:00+05:30,736.4854625101109,740.3014493624948,731.7154789446308,736.05615234375,1658120,0.0,0.0,M&M.NS,379
2021-07-12 00:00:00+05:30,740.3013772930732,745.0713603941883,733.1464026414004,737.2962646484375,2681410,0.0,0.0,M&M.NS,380
2021-07-13 00:00:00+05:30,742.1140493280168,746.2162234544473,738.0595633906757,745.2145385742188,2189466,0.0,0.0,M&M.NS,381
2021-07-14 00:00:00+05:30,744.1174548818109,750.7954320410066,741.3031528621103,749.9845581054688,2067565,0.0,0.0,M&M.NS,382
2021-07-15 00:00:00+05:30,753.4575465636636,756.3035247452804,747.8620989675184,752.3963623046875,2109663,8.75,0.0,M&M.NS,383
2021-07-16 00:00:00+05:30,756.3518233020459,756.3518233020459,749.1163147883145,752.2999267578125,845054,0.0,0.0,M&M.NS,384
2021-07-19 00:00:00+05:30,748.44091796875,753.1681399695693,742.8454703581791,748.44091796875,1265906,0.0,0.0,M&M.NS,385
2021-07-20 00:00:00+05:30,747.6691708315547,748.3444966978811,725.8179128019075,733.39111328125,2179910,0.0,0.0,M&M.NS,386
2021-07-22 00:00:00+05:30,737.2500426421688,740.0477370815927,729.0015752720209,731.7028198242188,2182264,0.0,0.0,M&M.NS,387
2021-07-23 00:00:00+05:30,731.7510630236299,740.7713063647699,731.5098794168323,737.2500610351562,1179241,0.0,0.0,M&M.NS,388
2021-07-26 00:00:00+05:30,736.0924206439788,737.153605036773,725.9627084332818,727.69921875,1187498,0.0,0.0,M&M.NS,389
2021-07-27 00:00:00+05:30,729.3391143790906,733.1980514922075,716.4599353171459,719.2576293945312,1732564,0.0,0.0,M&M.NS,390
2021-07-28 00:00:00+05:30,724.2261723218681,724.2261723218681,699.0948513660212,703.0020141601562,4016758,0.0,0.0,M&M.NS,391
2021-07-29 00:00:00+05:30,704.2560307314448,712.7939056331195,700.493543452536,705.6549072265625,2489035,0.0,0.0,M&M.NS,392
2021-07-30 00:00:00+05:30,709.2727376275731,733.1981388013915,706.0408420808593,716.8941040039062,4642619,0.0,0.0,M&M.NS,393
2021-08-02 00:00:00+05:30,723.55078157945,732.2816159006327,718.3411923989926,730.979248046875,2260861,0.0,0.0,M&M.NS,394
2021-08-03 00:00:00+05:30,736.4783027963192,745.4503214061551,728.8568770870603,743.66552734375,3235393,0.0,0.0,M&M.NS,395
2021-08-04 00:00:00+05:30,745.7396792637388,748.4409237639599,737.5876619376764,739.2277221679688,2659372,0.0,0.0,M&M.NS,396
2021-08-05 00:00:00+05:30,738.9864906813576,739.324124140987,730.0144732629432,732.5709838867188,1451370,0.0,0.0,M&M.NS,397
2021-08-06 00:00:00+05:30,736.8641520502679,745.0643947741851,728.3745007714618,731.5098876953125,4471604,0.0,0.0,M&M.NS,398
2021-08-09 00:00:00+05:30,735.1276488111436,754.4223377563179,734.6452815875142,747.6209716796875,6700633,0.0,0.0,M&M.NS,399
2021-08-10 00:00:00+05:30,749.550435246273,761.9472492523417,747.8139250300943,758.5706787109375,4724852,0.0,0.0,M&M.NS,400
2021-08-11 00:00:00+05:30,758.570728203583,762.0920326938806,740.4337313172424,751.23876953125,3147983,0.0,0.0,M&M.NS,401
2021-08-12 00:00:00+05:30,753.457556544605,766.626204485442,746.4632322360924,748.8268432617188,3551026,0.0,0.0,M&M.NS,402
2021-08-13 00:00:00+05:30,755.338837013061,761.6578357803572,745.3538002897302,751.1904907226562,3391864,0.0,0.0,M&M.NS,403
2021-08-16 00:00:00+05:30,752.8787976513031,775.5982824534536,752.7340639289246,771.1122436523438,7131928,0.0,0.0,M&M.NS,404
2021-08-17 00:00:00+05:30,771.0639651930175,775.5982286259973,754.4222968794991,762.7672729492188,3835522,0.0,0.0,M&M.NS,405
2021-08-18 00:00:00+05:30,765.9026858151335,768.8933389883505,759.1495448202547,763.4425659179688,2450964,0.0,0.0,M&M.NS,406
2021-08-20 00:00:00+05:30,760.9824202605242,763.4424810013434,748.8750163143669,757.9435424804688,3050982,0.0,0.0,M&M.NS,407
2021-08-23 00:00:00+05:30,762.1401503892176,765.4684957339157,736.7194233565358,738.8900756835938,2512960,0.0,0.0,M&M.NS,408
2021-08-24 00:00:00+05:30,739.9511969761264,752.3962928121196,734.74160828136,750.7080078125,1662376,0.0,0.0,M&M.NS,409
2021-08-25 00:00:00+05:30,753.4093408586155,755.387034600503,743.3760795534922,744.8231811523438,1693443,0.0,0.0,M&M.NS,410
2021-08-26 00:00:00+05:30,743.8102442515335,755.2906075018877,740.1924901452518,753.843505859375,2576883,0.0,0.0,M&M.NS,411
2021-08-27 00:00:00+05:30,752.3963922704575,757.3165142237933,738.0218259633144,747.8139038085938,2907125,0.0,0.0,M&M.NS,412
2021-08-30 00:00:00+05:30,756.3036006522686,766.1439040373747,755.3870911278685,763.6355590820312,3028708,0.0,0.0,M&M.NS,413
2021-08-31 00:00:00+05:30,760.2107109353259,767.735627515757,753.7469786470231,765.3237915039062,3324467,0.0,0.0,M&M.NS,414
2021-09-01 00:00:00+05:30,765.3237726218285,774.1993407030038,741.7842890565616,742.7490234375,6031309,0.0,0.0,M&M.NS,415
2021-09-02 00:00:00+05:30,745.5949129300396,746.8491146812603,723.5507567604881,725.9143676757812,4879865,0.0,0.0,M&M.NS,416
2021-09-03 00:00:00+05:30,729.3392019541668,730.303936348286,718.8235735051809,723.454345703125,4257842,0.0,0.0,M&M.NS,417
2021-09-06 00:00:00+05:30,726.4450764461794,733.0052592510881,720.704894410864,728.1333618164062,3682183,0.0,0.0,M&M.NS,418
2021-09-07 00:00:00+05:30,728.4709116439636,731.943990764758,721.7177709389189,726.5414428710938,2273976,0.0,0.0,M&M.NS,419
2021-09-08 00:00:00+05:30,729.3392799379968,731.0757902565432,722.5861384570895,728.1333618164062,2380939,0.0,0.0,M&M.NS,420
2021-09-09 00:00:00+05:30,723.5508022251187,729.821575844403,721.1871911613069,724.2743530273438,3313559,0.0,0.0,M&M.NS,421
2021-09-13 00:00:00+05:30,726.9272786833925,726.9272786833925,714.2409993709377,719.2576293945312,3139833,0.0,0.0,M&M.NS,422
2021-09-14 00:00:00+05:30,718.5341849875522,726.0108767503365,718.3895101540312,723.7437744140625,3089381,0.0,0.0,M&M.NS,423
2021-09-15 00:00:00+05:30,725.4802940745216,733.1981695433994,720.174254689668,728.470947265625,3336656,0.0,0.0,M&M.NS,424
2021-09-16 00:00:00+05:30,733.053431817229,734.1628999629008,724.8531891763819,730.2557373046875,2686018,0.0,0.0,M&M.NS,425
2021-09-17 00:00:00+05:30,731.4616057527131,738.9865220070518,722.7307715447076,727.554443359375,5504398,0.0,0.0,M&M.NS,426
2021-09-20 00:00:00+05:30,722.9719876380661,729.8215783697457,706.3785440730768,712.022216796875,2933375,0.0,0.0,M&M.NS,427
2021-09-21 00:00:00+05:30,713.9998573769113,714.7716919506439,703.8219219249554,712.4080810546875,2380834,0.0,0.0,M&M.NS,428
2021-09-22 00:00:00+05:30,712.8422820079762,732.2334201749377,712.4081397451635,725.962646484375,2287017,0.0,0.0,M&M.NS,429
2021-09-23 00:00:00+05:30,729.8215759615883,735.1276151787579,726.2038219498819,731.7028198242188,1890322,0.0,0.0,M&M.NS,430
2021-09-24 00:00:00+05:30,732.7158161824246,754.4705662951683,726.0108999655021,751.9622802734375,4967824,0.0,0.0,M&M.NS,431
2021-09-27 00:00:00+05:30,761.6578202485821,785.0526298002326,755.4352714985071,782.7372436523438,9210666,0.0,0.0,M&M.NS,432
2021-09-28 00:00:00+05:30,791.0822020633601,793.0116708488805,768.1697602353055,777.6241455078125,3853344,0.0,0.0,M&M.NS,433
2021-09-29 00:00:00+05:30,771.7874921291627,786.9338334387401,770.8227577640013,783.4607543945312,2291977,0.0,0.0,M&M.NS,434
2021-09-30 00:00:00+05:30,779.5536526700158,788.5739550160131,773.041695198307,774.72998046875,3264689,0.0,0.0,M&M.NS,435
2021-10-01 00:00:00+05:30,771.7874465089894,801.6942100612129,759.2459005032184,798.6552734375,7704216,0.0,0.0,M&M.NS,436
2021-10-04 00:00:00+05:30,803.141412789497,821.953734170152,798.8965577453909,811.4863891601562,6544700,0.0,0.0,M&M.NS,437
2021-10-05 00:00:00+05:30,811.486375880549,816.1653142353128,805.6014606255821,813.3193359375,2647442,0.0,0.0,M&M.NS,438
2021-10-06 00:00:00+05:30,816.1652374883049,824.7513965185118,799.764753992677,804.6848754882812,3288323,0.0,0.0,M&M.NS,439
2021-10-07 00:00:00+05:30,810.0874561933737,856.4911554894605,807.6273953448562,847.2779541015625,9515673,0.0,0.0,M&M.NS,440
2021-10-08 00:00:00+05:30,862.183173082006,863.4373160662292,841.7790163056783,846.8438720703125,3938358,0.0,0.0,M&M.NS,441
2021-10-11 00:00:00+05:30,848.0015456424537,870.6728042574681,848.0015456424537,864.01611328125,5493159,0.0,0.0,M&M.NS,442
2021-10-12 00:00:00+05:30,856.6841642805058,863.0996717215037,846.072085668923,858.7100830078125,3433345,0.0,0.0,M&M.NS,443
2021-10-13 00:00:00+05:30,861.5078395935888,936.9018582913998,861.5078395935888,902.3643188476562,17519612,0.0,0.0,M&M.NS,444
2021-10-14 00:00:00+05:30,905.4032406364379,912.8799322879375,889.6780815846656,898.5536499023438,3354982,0.0,0.0,M&M.NS,445
2021-10-18 00:00:00+05:30,924.2155716530748,924.2155716530748,876.2682593429639,878.8248291015625,2885649,0.0,0.0,M&M.NS,446
2021-10-19 00:00:00+05:30,878.8730253214407,894.8875925700411,869.418640118675,885.143798828125,3476818,0.0,0.0,M&M.NS,447
2021-10-20 00:00:00+05:30,880.8024980743064,892.2828608684482,863.0996455708055,867.6338500976562,3551282,0.0,0.0,M&M.NS,448
2021-10-21 00:00:00+05:30,876.2682472408741,878.9694917951124,861.8937399531305,865.3667602539062,2614538,0.0,0.0,M&M.NS,449
2021-10-22 00:00:00+05:30,872.1199131009489,877.7153609438587,853.886409063783,856.5394287109375,1999394,0.0,0.0,M&M.NS,450
2021-10-25 00:00:00+05:30,851.8604737854796,873.9529150618808,851.8604737854796,859.2889404296875,2833933,0.0,0.0,M&M.NS,451
2021-10-26 00:00:00+05:30,861.8937645616504,868.2609882557728,852.8252373534478,863.003173828125,3410657,0.0,0.0,M&M.NS,452
2021-10-27 00:00:00+05:30,868.2609956370325,871.9269747309564,852.3428773836869,855.5264892578125,3362019,0.0,0.0,M&M.NS,453
2021-10-28 00:00:00+05:30,855.719417888187,864.4020275398146,846.9403583490719,852.6804809570312,2171227,0.0,0.0,M&M.NS,454
2021-10-29 00:00:00+05:30,852.3428554389313,869.7080749045801,831.6010655216285,853.06640625,2482056,0.0,0.0,M&M.NS,455
2021-11-01 00:00:00+05:30,853.0664487979998,856.5877531405843,830.0575554114974,839.6566162109375,4146270,0.0,0.0,M&M.NS,456
2021-11-02 00:00:00+05:30,844.1425662226131,848.290912200079,828.7068164402568,831.11865234375,3704926,0.0,0.0,M&M.NS,457
2021-11-03 00:00:00+05:30,833.5305874558304,839.2225444186281,813.2711634551679,819.0595703125,3288759,0.0,0.0,M&M.NS,458
2021-11-04 00:00:00+05:30,825.5714254347353,844.1425617942078,822.9184059548106,842.068359375,973315,0.0,0.0,M&M.NS,459
2021-11-08 00:00:00+05:30,847.0367952161504,847.277978813877,824.1725783751168,829.189208984375,4481883,0.0,0.0,M&M.NS,460
2021-11-09 00:00:00+05:30,833.5305086835275,873.4705357776987,832.1798569913714,860.6878051757812,15376349,0.0,0.0,M&M.NS,461
2021-11-10 00:00:00+05:30,873.9529195322986,892.3793230828696,863.4372909828846,887.218017578125,17083220,0.0,0.0,M&M.NS,462
2021-11-11 00:00:00+05:30,886.5426749019493,896.0452850414317,878.8730247644,892.1381225585938,4935551,0.0,0.0,M&M.NS,463
2021-11-12 00:00:00+05:30,901.061987131071,906.3680266698514,892.379376976703,904.7279663085938,6239600,0.0,0.0,M&M.NS,464
2021-11-15 00:00:00+05:30,902.026647196426,915.0987862963663,888.6168157331476,895.659423828125,3757546,0.0,0.0,M&M.NS,465
2021-11-16 00:00:00+05:30,895.6593966826795,931.8851598533756,892.9098684476028,926.4343872070312,7368780,0.0,0.0,M&M.NS,466
2021-11-17 00:00:00+05:30,926.0968107513802,944.4749895269185,913.8446719401161,920.790771484375,5416608,0.0,0.0,M&M.NS,467
2021-11-18 00:00:00+05:30,921.3212951505365,921.3212951505365,885.8190831977178,891.1251220703125,3463426,0.0,0.0,M&M.NS,468
2021-11-22 00:00:00+05:30,893.7300056134864,897.4442096412853,862.183177760329,869.0809936523438,3731367,0.0,0.0,M&M.NS,469
2021-11-23 00:00:00+05:30,866.1867839888776,876.4612292163217,862.0866626634297,869.5633544921875,3195288,0.0,0.0,M&M.NS,470
2021-11-24 00:00:00+05:30,875.6893928894966,875.6893928894966,858.6135828914058,861.7007446289062,2708554,0.0,0.0,M&M.NS,471
2021-11-25 00:00:00+05:30,859.4819537433066,867.1998294212971,852.3428951880779,859.7713623046875,2288825,0.0,0.0,M&M.NS,472
2021-11-26 00:00:00+05:30,853.7899168134609,853.7899168134609,813.2710733036695,823.6419677734375,3934155,0.0,0.0,M&M.NS,473
2021-11-29 00:00:00+05:30,815.3935313895394,837.19650540301,799.1377213255528,820.7960205078125,3936245,0.0,0.0,M&M.NS,474
2021-11-30 00:00:00+05:30,820.7960078984739,830.4433518062668,799.3306677036348,806.0355834960938,6067618,0.0,0.0,M&M.NS,475
2021-12-01 00:00:00+05:30,806.5179368552673,812.9816689391428,794.2175735838503,805.2637939453125,5121634,0.0,0.0,M&M.NS,476
2021-12-02 00:00:00+05:30,806.3249900500934,829.6233490830945,805.6014392587917,819.590087890625,4677008,0.0,0.0,M&M.NS,477
2021-12-03 00:00:00+05:30,819.0112607609612,825.4267090354871,804.5402451124941,807.4344482421875,2933597,0.0,0.0,M&M.NS,478
2021-12-06 00:00:00+05:30,808.4474502279343,810.9557361862948,791.1304554781316,793.1564331054688,1552749,0.0,0.0,M&M.NS,479
2021-12-07 00:00:00+05:30,797.3529798375968,804.2508543354362,793.4940422461262,796.8223876953125,1976433,0.0,0.0,M&M.NS,480
2021-12-08 00:00:00+05:30,805.0708737403128,813.9464421836155,797.7871406435913,811.1004638671875,2346456,0.0,0.0,M&M.NS,481
2021-12-09 00:00:00+05:30,827.1633232294733,827.1633232294733,806.5179828895023,821.08544921875,4078098,0.0,0.0,M&M.NS,482
2021-12-10 00:00:00+05:30,820.1206559271542,837.9682415881169,820.1206559271542,829.3821411132812,3434165,0.0,0.0,M&M.NS,483
2021-12-13 00:00:00+05:30,838.3059734223422,838.3059734223422,810.0874920619191,813.3675537109375,2683048,0.0,0.0,M&M.NS,484
2021-12-14 00:00:00+05:30,810.3768885452868,812.2581323845241,796.8706070695321,807.3379516601562,1979863,0.0,0.0,M&M.NS,485
2021-12-15 00:00:00+05:30,814.2358488708388,823.5937845028881,808.6404010224402,816.3582763671875,3208613,0.0,0.0,M&M.NS,486
2021-12-16 00:00:00+05:30,822.8219662893329,831.8422090799971,816.3582342450768,823.2078247070312,3965285,0.0,0.0,M&M.NS,487
2021-12-17 00:00:00+05:30,818.0947617266704,822.1948828791922,800.7295427277553,805.1672973632812,2675800,0.0,0.0,M&M.NS,488
2021-12-20 00:00:00+05:30,796.870656810397,800.7295946157742,768.893357721412,785.583251953125,2907378,0.0,0.0,M&M.NS,489
2021-12-21 00:00:00+05:30,793.3976149264039,797.8353697297342,779.0230484362278,783.5573120117188,1973119,0.0,0.0,M&M.NS,490
2021-12-22 00:00:00+05:30,789.924452809015,798.028244684667,782.3995368574582,789.8280029296875,1979912,0.0,0.0,M&M.NS,491
2021-12-23 00:00:00+05:30,795.8093669333326,804.3954670820484,793.7351645849188,797.6905517578125,1495208,0.0,0.0,M&M.NS,492
2021-12-24 00:00:00+05:30,801.6943082474705,802.7072676185323,779.5054164427872,783.991455078125,1071730,0.0,0.0,M&M.NS,493
2021-12-27 00:00:00+05:30,779.505473478992,794.1212246598114,778.4925140338122,789.6834106445312,1492196,0.0,0.0,M&M.NS,494
2021-12-28 00:00:00+05:30,794.9411944071218,810.3769457548328,790.1657470573799,809.122802734375,1677680,0.0,0.0,M&M.NS,495
2021-12-29 00:00:00+05:30,813.7051836135566,813.7051836135566,801.549495708026,803.3342895507812,1575343,0.0,0.0,M&M.NS,496
2021-12-30 00:00:00+05:30,813.2711338739529,813.2711338739529,797.9801165351037,800.0542602539062,1874659,0.0,0.0,M&M.NS,497
2021-12-31 00:00:00+05:30,805.360219330994,815.2005214253332,800.9224648976212,807.6273803710938,1528983,0.0,0.0,M&M.NS,498
2022-01-03 00:00:00+05:30,805.5532519241925,810.3769240914032,797.1600505767025,800.53662109375,1537088,0.0,0.0,M&M.NS,499
2022-01-04 00:00:00+05:30,808.399258843283,812.3064216602355,796.5330366692081,802.5143432617188,1886453,0.0,0.0,M&M.NS,500
2022-01-05 00:00:00+05:30,800.7294940778086,817.1299776914504,800.7294940778086,809.8944702148438,2634010,0.0,0.0,M&M.NS,501
2022-01-06 00:00:00+05:30,809.4121770318272,812.5475638916049,798.3177312203063,810.232177734375,2962301,0.0,0.0,M&M.NS,502
2022-01-07 00:00:00+05:30,811.3415826261404,819.7830081290878,793.4939972770517,799.7647705078125,2531717,0.0,0.0,M&M.NS,503
2022-01-10 00:00:00+05:30,806.4697114338483,816.8888308927849,800.4401215985015,812.2581176757812,3403434,0.0,0.0,M&M.NS,504
2022-01-11 00:00:00+05:30,812.3063561432456,818.8183132738476,806.0838075530163,811.7275390625,2117911,0.0,0.0,M&M.NS,505
2022-01-12 00:00:00+05:30,816.9371003230432,853.0181914157195,812.7887540669599,849.4968872070312,9022415,0.0,0.0,M&M.NS,506
2022-01-13 00:00:00+05:30,849.4968800387786,877.4259532179151,837.3894748687744,864.4020385742188,5658001,0.0,0.0,M&M.NS,507
2022-01-14 00:00:00+05:30,858.4206546633545,864.3537947579164,848.6286358635554,850.1239624023438,2027852,0.0,0.0,M&M.NS,508
2022-01-17 00:00:00+05:30,853.0182076523746,872.1199378780268,851.5228810398573,869.0327758789062,3617269,0.0,0.0,M&M.NS,509
2022-01-18 00:00:00+05:30,870.1904153154419,878.0047402812644,856.9735424637089,860.6878051757812,3468168,0.0,0.0,M&M.NS,510
2022-01-19 00:00:00+05:30,876.8952710019333,876.8952710019333,849.7379763699179,862.8583984375,4215758,0.0,0.0,M&M.NS,511
2022-01-20 00:00:00+05:30,864.4019910562181,865.9455424871619,842.068366952964,849.4486083984375,2486026,0.0,0.0,M&M.NS,512
2022-01-21 00:00:00+05:30,844.9143273076388,853.6934451739934,834.6881668069528,844.3355102539062,1872843,0.0,0.0,M&M.NS,513
2022-01-24 00:00:00+05:30,840.4765886662346,847.3744040307776,818.1429646138425,824.5584716796875,3386669,0.0,0.0,M&M.NS,514
2022-01-25 00:00:00+05:30,816.2617470892969,827.9832935277449,815.4417464076042,824.3655395507812,4742388,0.0,0.0,M&M.NS,515
2022-01-27 00:00:00+05:30,815.7793289727668,832.420996228054,811.5345332343779,827.790283203125,2927566,0.0,0.0,M&M.NS,516
2022-01-28 00:00:00+05:30,833.9164674687526,864.4020519995795,830.0575297366115,838.9813232421875,4208702,0.0,0.0,M&M.NS,517
2022-01-31 00:00:00+05:30,847.9050746154232,857.5041346409738,841.344833690588,854.5617065429688,2335040,0.0,0.0,M&M.NS,518
2022-02-01 00:00:00+05:30,860.5431069118787,863.1479016353525,833.7235016792849,839.029541015625,2921070,0.0,0.0,M&M.NS,519
2022-02-02 00:00:00+05:30,844.8179323125376,849.2556870333643,834.6399960913019,838.6918334960938,1341479,0.0,0.0,M&M.NS,520
2022-02-03 00:00:00+05:30,837.3894076417697,851.2816056995102,822.0983918963265,826.0055541992188,2630289,0.0,0.0,M&M.NS,521
2022-02-04 00:00:00+05:30,831.0222474995337,831.0222474995337,806.6627035540405,812.0169677734375,2080640,0.0,0.0,M&M.NS,522
2022-02-07 00:00:00+05:30,811.3416999692727,814.9112293318884,793.2047034706414,800.2472534179688,1801701,0.0,0.0,M&M.NS,523
2022-02-08 00:00:00+05:30,800.7295206893448,808.157987055415,788.3327076871791,802.7072143554688,2729631,0.0,0.0,M&M.NS,524
2022-02-09 00:00:00+05:30,808.4473968419065,816.1170468104457,803.7684587306918,810.56982421875,2165223,0.0,0.0,M&M.NS,525
2022-02-10 00:00:00+05:30,814.2358401905616,827.5009382979316,800.874292195497,822.9666748046875,6949276,0.0,0.0,M&M.NS,526
2022-02-11 00:00:00+05:30,822.9184313225277,831.5528158544475,806.1320294517259,823.5455322265625,5146850,0.0,0.0,M&M.NS,527
2022-02-14 00:00:00+05:30,812.0652400211901,815.5865443893384,753.1682124115816,795.9541625976562,4202165,0.0,0.0,M&M.NS,528
2022-02-15 00:00:00+05:30,798.8000642204705,827.7420955328064,791.4681065077641,824.4619750976562,2728328,0.0,0.0,M&M.NS,529
2022-02-16 00:00:00+05:30,824.4619573885508,847.5191320585384,824.4619573885508,833.7716674804688,4401342,0.0,0.0,M&M.NS,530
2022-02-17 00:00:00+05:30,841.2483226569295,846.3614027497473,828.7067765622735,831.8421630859375,2041741,0.0,0.0,M&M.NS,531
2022-02-18 00:00:00+05:30,826.9703661701576,839.0777715047201,817.2747969135047,821.9537353515625,1616856,0.0,0.0,M&M.NS,532
2022-02-21 00:00:00+05:30,815.3935568677449,820.5066376006471,802.6590505393749,811.4381103515625,2255753,0.0,0.0,M&M.NS,533
2022-02-22 00:00:00+05:30,797.8353295447782,825.8126264695649,794.3140255166766,823.1596069335938,2768989,0.0,0.0,M&M.NS,534
2022-02-23 00:00:00+05:30,825.8126575990852,839.0295308348661,815.875904920873,820.3136596679688,2265060,0.0,0.0,M&M.NS,535
2022-02-24 00:00:00+05:30,789.2492230063226,802.5626054046611,762.6225759750804,767.7356567382812,5677898,0.0,0.0,M&M.NS,536
2022-02-25 00:00:00+05:30,784.0396263677845,795.9058472225603,773.7169569363556,779.1194458007812,3470318,0.0,0.0,M&M.NS,537
2022-02-28 00:00:00+05:30,778.5406897709906,778.5406897709906,759.0048174440234,762.960205078125,5026913,0.0,0.0,M&M.NS,538
2022-03-02 00:00:00+05:30,757.7988755290537,782.1584192682118,741.8807578381188,750.9010009765625,5779175,0.0,0.0,M&M.NS,539
2022-03-03 00:00:00+05:30,764.0696495201967,765.1791176401366,733.2463734732366,735.1758422851562,2763929,0.0,0.0,M&M.NS,540
2022-03-04 00:00:00+05:30,723.5507859099552,729.3391921972349,704.2560982856897,706.4749755859375,4829850,0.0,0.0,M&M.NS,541
2022-03-07 00:00:00+05:30,694.464032740677,694.464032740677,657.7076757356016,666.1973266601562,7008637,0.0,0.0,M&M.NS,542
2022-03-08 00:00:00+05:30,666.1973096108061,678.256489275337,647.4814981010819,675.941162109375,4000294,0.0,0.0,M&M.NS,543
2022-03-09 00:00:00+05:30,680.1378185252856,713.8070759316114,675.314146053475,708.9351196289062,5490287,0.0,0.0,M&M.NS,544
2022-03-10 00:00:00+05:30,735.0794068944576,735.6099990516565,709.0798023645475,712.7940063476562,4064470,0.0,0.0,M&M.NS,545
2022-03-11 00:00:00+05:30,708.115126028712,715.6400433843529,703.0020449333867,708.8869018554688,2364792,0.0,0.0,M&M.NS,546
2022-03-14 00:00:00+05:30,708.8868082680527,719.6918450643279,699.866565398415,716.9906005859375,3563695,0.0,0.0,M&M.NS,547
2022-03-15 00:00:00+05:30,718.7271856851874,742.073771815532,718.7271856851874,734.3558959960938,4811450,0.0,0.0,M&M.NS,548
2022-03-16 00:00:00+05:30,741.7359882254021,748.6338624440475,738.0217844970314,746.3667602539062,2277631,0.0,0.0,M&M.NS,549
2022-03-17 00:00:00+05:30,757.316483102774,771.6910488192113,749.5986081157394,766.385009765625,3787641,0.0,0.0,M&M.NS,550
2022-03-21 00:00:00+05:30,761.7543024255941,763.2014041086843,752.5893250993562,755.8694458007812,3008019,0.0,0.0,M&M.NS,551
2022-03-22 00:00:00+05:30,755.3870996412942,761.2237314826682,741.8808168890871,757.8953857421875,5436875,0.0,0.0,M&M.NS,552
2022-03-23 00:00:00+05:30,762.1401421162776,766.1920381926788,744.8713735709379,746.8008422851562,3277274,0.0,0.0,M&M.NS,553
2022-03-24 00:00:00+05:30,746.4150260179463,752.4928410343731,735.7547225465024,738.64892578125,2248114,0.0,0.0,M&M.NS,554
2022-03-25 00:00:00+05:30,745.7396368330388,745.7396368330388,731.4615805305008,737.7805786132812,3148869,0.0,0.0,M&M.NS,555
2022-03-28 00:00:00+05:30,737.9254377828448,745.4503550571467,724.8050133389169,742.1220092773438,4719388,0.0,0.0,M&M.NS,556
2022-03-29 00:00:00+05:30,743.8102292352212,755.387042141606,743.5208206891047,746.0773315429688,3519610,0.0,0.0,M&M.NS,557
2022-03-30 00:00:00+05:30,751.8175027942692,766.9638445833384,748.5374411785101,765.3720092773438,4407033,0.0,0.0,M&M.NS,558
2022-03-31 00:00:00+05:30,769.8580995216245,784.3291164299258,769.8580995216245,778.1065673828125,7059986,0.0,0.0,M&M.NS,559
2022-04-01 00:00:00+05:30,782.3995763611439,800.2471622584079,779.2159647073637,797.4011840820312,3406177,0.0,0.0,M&M.NS,560
2022-04-04 00:00:00+05:30,789.1527305746301,806.5179495848299,781.4348554589859,804.299072265625,4163250,0.0,0.0,M&M.NS,561
2022-04-05 00:00:00+05:30,807.4826651909177,821.9536806961313,804.2990535563133,807.0485229492188,2669967,0.0,0.0,M&M.NS,562
2022-04-06 00:00:00+05:30,809.1226760104037,809.1226760104037,793.928110657258,798.6552734375,2049292,0.0,0.0,M&M.NS,563
2022-04-07 00:00:00+05:30,796.8706456302288,810.666336314354,793.3011164337921,804.8779296875,2913537,0.0,0.0,M&M.NS,564
2022-04-08 00:00:00+05:30,800.7295829435288,830.2987169992895,797.8836045770055,827.163330078125,4145522,0.0,0.0,M&M.NS,565
2022-04-11 00:00:00+05:30,824.799730303209,830.9739954573149,816.3583038606002,826.6326904296875,2922901,0.0,0.0,M&M.NS,566
2022-04-12 00:00:00+05:30,820.0242396361658,836.8106417418038,813.5605073824906,830.443359375,2961076,0.0,0.0,M&M.NS,567
2022-04-13 00:00:00+05:30,832.0834371609892,844.1426174096993,831.9387034449182,835.5564575195312,3695363,0.0,0.0,M&M.NS,568
2022-04-18 00:00:00+05:30,835.5564774837635,845.107372022031,827.8386019401834,843.2743530273438,3076843,0.0,0.0,M&M.NS,569
2022-04-19 00:00:00+05:30,847.133263076402,856.4911986432949,834.5917157285107,841.7307739257812,3301212,0.0,0.0,M&M.NS,570
2022-04-20 00:00:00+05:30,842.647263719279,858.5171561924363,842.647263719279,850.1721801757812,2208791,0.0,0.0,M&M.NS,571
2022-04-21 00:00:00+05:30,850.1721981982367,881.7672501029089,849.6898309935852,878.873046875,3206906,0.0,0.0,M&M.NS,572
2022-04-22 00:00:00+05:30,871.9269294648975,894.3570040210642,857.6970972195875,888.1827392578125,4924905,0.0,0.0,M&M.NS,573
2022-04-25 00:00:00+05:30,882.1048502526781,895.2734979950221,863.5337135755185,872.119873046875,5476626,0.0,0.0,M&M.NS,574
2022-04-26 00:00:00+05:30,874.6282292671635,909.6481369263657,874.6282292671635,906.9951171875,6384561,0.0,0.0,M&M.NS,575
2022-04-27 00:00:00+05:30,897.2029994382804,907.5256693804037,890.4016336384365,894.1640625,3154605,0.0,0.0,M&M.NS,576
2022-04-28 00:00:00+05:30,911.6740000558171,911.6740000558171,886.1085386785905,890.3533935546875,2869224,0.0,0.0,M&M.NS,577
2022-04-29 00:00:00+05:30,896.1418453052733,906.1268232110464,885.6262163510679,889.5816040039062,3467791,0.0,0.0,M&M.NS,578
2022-05-02 00:00:00+05:30,882.7319922270351,900.7725376152127,877.6189115895855,888.8580322265625,2740823,0.0,0.0,M&M.NS,579
2022-05-04 00:00:00+05:30,885.529731191887,891.3663625477274,859.6265771673002,864.4984741210938,2408261,0.0,0.0,M&M.NS,580
2022-05-05 00:00:00+05:30,877.9082744881462,888.5203525314095,864.0643598666105,867.3444213867188,2690817,0.0,0.0,M&M.NS,581
2022-05-06 00:00:00+05:30,858.6136159375747,882.5390172792922,856.0088212812211,862.3278198242188,4247088,0.0,0.0,M&M.NS,582
2022-05-09 00:00:00+05:30,848.9663202235797,870.0940283367764,844.142647949582,863.7267456054688,1790691,0.0,0.0,M&M.NS,583
2022-05-10 00:00:00+05:30,863.7267054766708,878.824822545911,852.9216683083752,857.0217895507812,2436623,0.0,0.0,M&M.NS,584
2022-05-11 00:00:00+05:30,857.2629657060888,866.7174099479122,845.5897029998499,855.7676391601562,3048794,0.0,0.0,M&M.NS,585
2022-05-12 00:00:00+05:30,853.6935049490204,857.6488924861402,823.5937795104215,834.7364501953125,4908042,0.0,0.0,M&M.NS,586
2022-05-13 00:00:00+05:30,848.7732903825444,873.0846083814205,839.4153551791511,858.1312255859375,4956950,0.0,0.0,M&M.NS,587
2022-05-16 00:00:00+05:30,863.4373496248704,876.847182295037,861.2184721230486,871.4928588867188,2856221,0.0,0.0,M&M.NS,588
2022-05-17 00:00:00+05:30,875.0141356566007,884.6614800409072,866.4762594295763,878.6801147460938,3469290,0.0,0.0,M&M.NS,589
2022-05-18 00:00:00+05:30,877.9082463756658,890.2086091682919,873.2775333361606,881.0918579101562,3203522,0.0,0.0,M&M.NS,590
2022-05-19 00:00:00+05:30,869.2257542843735,880.8025678819456,849.1110642116795,851.4263916015625,2658159,0.0,0.0,M&M.NS,591
2022-05-20 00:00:00+05:30,865.2703088725235,879.21067387792,857.3112500544999,871.9269409179688,3426756,0.0,0.0,M&M.NS,592
2022-05-23 00:00:00+05:30,878.8730923031164,910.1787372796997,878.1495414587395,908.6834106445312,6613972,0.0,0.0,M&M.NS,593
2022-05-24 00:00:00+05:30,915.5329427409837,926.5309384197252,909.8409862456725,913.458740234375,4546511,0.0,0.0,M&M.NS,594
2022-05-25 00:00:00+05:30,920.1636418020146,920.1636418020146,890.7874680927113,895.659423828125,1363358,0.0,0.0,M&M.NS,595
2022-05-26 00:00:00+05:30,897.2994183014749,900.5795387283432,882.5389941459945,897.010009765625,2384886,0.0,0.0,M&M.NS,596
2022-05-27 00:00:00+05:30,906.8503783174116,924.2155983277449,890.4498927520966,919.2471923828125,3269005,0.0,0.0,M&M.NS,597
2022-05-30 00:00:00+05:30,937.9629740472652,976.0699809640736,923.299000115394,963.1425170898438,11690785,0.0,0.0,M&M.NS,598
2022-05-31 00:00:00+05:30,962.7566896164168,1006.2179618086965,957.0165082590862,997.8729858398438,13301109,0.0,0.0,M&M.NS,599
2022-06-01 00:00:00+05:30,998.5001648039585,1019.9655065110967,979.0125169607095,1010.4146118164062,7889745,0.0,0.0,M&M.NS,600
2022-06-02 00:00:00+05:30,1008.0992395178966,1020.6407876552362,998.5001786266469,1007.7134399414062,4081658,0.0,0.0,M&M.NS,601
2022-06-03 00:00:00+05:30,1013.0675906710328,1019.2901983379538,989.528047275009,992.3740844726562,2660682,0.0,0.0,M&M.NS,602
2022-06-06 00:00:00+05:30,991.7469129212483,1011.6204170006322,982.0995694103412,999.41650390625,3443406,0.0,0.0,M&M.NS,603
2022-06-07 00:00:00+05:30,998.3071224887244,1008.1473654568723,982.1959886685827,1005.7838134765625,2162861,0.0,0.0,M&M.NS,604
2022-06-08 00:00:00+05:30,1019.6759283261579,1019.6759283261579,997.7765055971282,1008.1473999023438,4293398,0.0,0.0,M&M.NS,605
2022-06-09 00:00:00+05:30,999.4648975133795,1012.2959128984421,995.6059596851425,1008.2439575195312,2757706,0.0,0.0,M&M.NS,606
2022-06-10 00:00:00+05:30,996.5706341932547,1006.7003453830216,990.3963104864062,999.9472045898438,2425545,0.0,0.0,M&M.NS,607
2022-06-13 00:00:00+05:30,987.5503353258687,992.7116405159917,963.33546794867,968.8826904296875,4047155,0.0,0.0,M&M.NS,608
2022-06-14 00:00:00+05:30,964.7343448192605,988.852703439742,963.8178354151398,983.3054809570312,3614327,0.0,0.0,M&M.NS,609
2022-06-15 00:00:00+05:30,988.5151433420945,1002.6485260957946,984.0291047526358,989.3351440429688,3333753,0.0,0.0,M&M.NS,610
2022-06-16 00:00:00+05:30,1001.1047765321323,1001.1047765321323,961.8401360387263,969.7991943359375,3255301,0.0,0.0,M&M.NS,611
2022-06-17 00:00:00+05:30,964.7343874135863,972.4040375700671,948.478636538753,962.46728515625,5318310,0.0,0.0,M&M.NS,612
2022-06-20 00:00:00+05:30,969.5580596994253,972.4522628627071,944.5714155033395,948.0444946289062,3722583,0.0,0.0,M&M.NS,613
2022-06-21 00:00:00+05:30,948.0445742533449,969.3169575135503,947.1762896783491,962.7567749023438,6263423,0.0,0.0,M&M.NS,614
2022-06-22 00:00:00+05:30,960.0554839134569,968.545135053229,938.3489594115142,949.105712890625,2629024,0.0,0.0,M&M.NS,615
2022-06-23 00:00:00+05:30,951.2281411934408,995.2200073344932,950.4563654314903,991.45751953125,7303072,0.0,0.0,M&M.NS,616
2022-06-24 00:00:00+05:30,1000.3330935555471,1036.6070823779007,995.2199542794344,1034.2435302734375,7273273,0.0,0.0,M&M.NS,617
2022-06-27 00:00:00+05:30,1051.3676531592027,1056.3842252046852,1034.2436166319121,1044.5179443359375,6316257,0.0,0.0,M&M.NS,618
2022-06-28 00:00:00+05:30,1043.842635559521,1081.9013610714846,1041.3825156985642,1072.78466796875,11020641,0.0,0.0,M&M.NS,619
2022-06-29 00:00:00+05:30,1066.9961128552254,1076.1128046880124,1052.2356312764691,1072.5433349609375,5052023,0.0,0.0,M&M.NS,620
2022-06-30 00:00:00+05:30,1070.1799722213461,1078.0907476031773,1049.679365164015,1054.5994873046875,4165189,0.0,0.0,M&M.NS,621
2022-07-01 00:00:00+05:30,1053.8759726419341,1074.0871129519167,1026.4774897752952,1068.2987060546875,2839545,0.0,0.0,M&M.NS,622
2022-07-04 00:00:00+05:30,1062.1724607930769,1063.1371950898915,1041.3342235349608,1052.718017578125,2784613,0.0,0.0,M&M.NS,623
2022-07-05 00:00:00+05:30,1052.5253278281061,1063.1374072104243,1039.9837794671846,1043.79443359375,3675577,0.0,0.0,M&M.NS,624
2022-07-06 00:00:00+05:30,1044.5178715837649,1072.784636171801,1042.4919529282527,1065.597412109375,4957228,0.0,0.0,M&M.NS,625
2022-07-07 00:00:00+05:30,1079.5377476547271,1098.7841510094256,1075.2928929223028,1093.33349609375,4917004,0.0,0.0,M&M.NS,626
2022-07-08 00:00:00+05:30,1143.1621417644676,1152.7613210606087,1086.4358216852283,1093.623046875,10482265,0.0,0.0,M&M.NS,627
2022-07-11 00:00:00+05:30,1089.1368609070591,1126.7133366924215,1083.059104806511,1123.9638671875,4520273,0.0,0.0,M&M.NS,628
2022-07-12 00:00:00+05:30,1122.9508875261527,1123.3849709177339,1101.7267298581326,1106.2127685546875,2452632,0.0,0.0,M&M.NS,629
2022-07-13 00:00:00+05:30,1112.531701612776,1115.715372349519,1097.9642352199244,1100.1348876953125,3379695,0.0,0.0,M&M.NS,630
2022-07-14 00:00:00+05:30,1105.982669322766,1122.1123233456078,1102.4739933936507,1113.63330078125,2423203,11.55,0.0,M&M.NS,631
2022-07-15 00:00:00+05:30,1113.9743506588154,1146.038903006422,1111.4403995520145,1142.7252197265625,3879759,0.0,0.0,M&M.NS,632
2022-07-18 00:00:00+05:30,1149.5474516065299,1149.5474516065299,1129.8116856929798,1133.8563232421875,3480683,0.0,0.0,M&M.NS,633
2022-07-19 00:00:00+05:30,1132.3943522813072,1159.2934449914385,1131.517183383825,1156.1259765625,4056414,0.0,0.0,M&M.NS,634
2022-07-20 00:00:00+05:30,1164.653848751781,1164.653848751781,1132.979162488657,1136.0491943359375,3028752,0.0,0.0,M&M.NS,635
2022-07-21 00:00:00+05:30,1137.462359437194,1150.0347975434072,1135.220837570003,1145.3079833984375,2062279,0.0,0.0,M&M.NS,636
2022-07-22 00:00:00+05:30,1150.0346470508046,1155.7848440801413,1140.5810199979594,1151.106689453125,1983433,0.0,0.0,M&M.NS,637
2022-07-25 00:00:00+05:30,1154.9077532732008,1154.9077532732008,1103.2536512280703,1107.005859375,4380502,0.0,0.0,M&M.NS,638
2022-07-26 00:00:00+05:30,1105.2027663110007,1116.898033679371,1096.57753042091,1107.1519775390625,2598868,0.0,0.0,M&M.NS,639
2022-07-27 00:00:00+05:30,1111.0505051046757,1121.0889914670363,1098.1857573705804,1109.19873046875,1647876,0.0,0.0,M&M.NS,640
2022-07-28 00:00:00+05:30,1113.0971220243534,1122.7457420390856,1106.5185336920931,1119.9681396484375,1929675,0.0,0.0,M&M.NS,641
2022-07-29 00:00:00+05:30,1129.3730897823864,1154.1279784442754,1123.9639807650012,1134.8795166015625,2230572,0.0,0.0,M&M.NS,642
2022-08-01 00:00:00+05:30,1159.1960742486965,1216.9901224157588,1154.176830965927,1206.3182373046875,12673841,0.0,0.0,M&M.NS,643
2022-08-02 00:00:00+05:30,1206.2693992975746,1227.7595020718381,1195.0614340077743,1222.642822265625,5626351,0.0,0.0,M&M.NS,644
2022-08-03 00:00:00+05:30,1227.9544450074766,1227.9544450074766,1199.739656641328,1221.8631591796875,3820503,0.0,0.0,M&M.NS,645
2022-08-04 00:00:00+05:30,1232.778699984259,1232.8761367543461,1207.5851679403183,1229.7574462890625,3075648,0.0,0.0,M&M.NS,646
2022-08-05 00:00:00+05:30,1245.7408839923091,1246.0333132730696,1199.983196689454,1204.51513671875,5766297,0.0,0.0,M&M.NS,647
2022-08-08 00:00:00+05:30,1213.3840995547641,1247.495299140641,1211.0937999480825,1244.279052734375,5412651,0.0,0.0,M&M.NS,648
2022-08-10 00:00:00+05:30,1244.5714279525748,1247.2028156466881,1228.2467831458357,1235.8487548828125,2530492,0.0,0.0,M&M.NS,649
2022-08-11 00:00:00+05:30,1244.571443142631,1246.4718766148615,1222.1555126866558,1234.045654296875,3077633,0.0,0.0,M&M.NS,650
2022-08-12 00:00:00+05:30,1232.8762725814822,1236.6772587969654,1217.575009909156,1227.4671630859375,3355489,0.0,0.0,M&M.NS,651
2022-08-16 00:00:00+05:30,1248.0800593118886,1265.7203990225812,1242.2812028750072,1255.5845947265625,4085782,0.0,0.0,M&M.NS,652
2022-08-17 00:00:00+05:30,1261.1398206818963,1261.1398206818963,1237.7980609243702,1241.891357421875,2197165,0.0,0.0,M&M.NS,653
2022-08-18 00:00:00+05:30,1241.6476831032874,1245.8871941769412,1222.837745182391,1229.1240234375,2659857,0.0,0.0,M&M.NS,654
2022-08-19 00:00:00+05:30,1237.749303788523,1240.3320328227974,1204.1254053785199,1207.9263916015625,2513148,0.0,0.0,M&M.NS,655
2022-08-22 00:00:00+05:30,1207.9262692208001,1215.7231144389812,1188.093067991135,1195.5487060546875,2443323,0.0,0.0,M&M.NS,656
2022-08-23 00:00:00+05:30,1188.9703074138945,1244.571616326605,1187.069873677216,1240.7706298828125,4449168,0.0,0.0,M&M.NS,657
2022-08-24 00:00:00+05:30,1242.5734396947885,1250.9063656831038,1228.977738314292,1236.0924072265625,2570071,0.0,0.0,M&M.NS,658
2022-08-25 00:00:00+05:30,1241.647677553357,1245.0100196728474,1224.7869511412682,1227.662109375,1769049,0.0,0.0,M&M.NS,659
2022-08-26 00:00:00+05:30,1247.3978076431083,1266.0127519492798,1236.5797086145305,1242.2811279296875,4325600,0.0,0.0,M&M.NS,660
2022-08-29 00:00:00+05:30,1217.2825012672633,1248.2750096563116,1210.606476115246,1244.3765869140625,2554692,0.0,0.0,M&M.NS,661
2022-08-30 00:00:00+05:30,1251.3935977210806,1281.6063714978357,1251.3935977210806,1275.46630859375,5078317,0.0,0.0,M&M.NS,662
2022-09-01 00:00:00+05:30,1247.4954043955172,1292.0348411674029,1247.4954043955172,1278.7315673828125,4913035,0.0,0.0,M&M.NS,663
2022-09-02 00:00:00+05:30,1285.1638554569888,1296.8591240877513,1277.9029714664691,1282.5323486328125,2316436,0.0,0.0,M&M.NS,664
2022-09-05 00:00:00+05:30,1285.5050604800579,1290.81661454436,1268.0595927264612,1287.0157470703125,2271837,0.0,0.0,M&M.NS,665
2022-09-06 00:00:00+05:30,1291.3524949334374,1293.3017062465444,1267.5720931194478,1273.224853515625,1930221,0.0,0.0,M&M.NS,666
2022-09-07 00:00:00+05:30,1258.21600965886,1278.6339523126358,1248.6648258238597,1256.948974609375,3162428,0.0,0.0,M&M.NS,667
2022-09-08 00:00:00+05:30,1271.860438701432,1298.1260147324228,1268.936621600969,1288.331298828125,4026323,0.0,0.0,M&M.NS,668
2022-09-09 00:00:00+05:30,1304.022448554575,1304.022448554575,1261.1885749065912,1268.2056884765625,3415016,0.0,0.0,M&M.NS,669
2022-09-12 00:00:00+05:30,1274.7843120572768,1282.1912919112306,1262.1144373961572,1264.1124267578125,3077887,0.0,0.0,M&M.NS,670
2022-09-13 00:00:00+05:30,1276.6846802307625,1276.6846802307625,1258.2159499326235,1266.8411865234375,2460291,0.0,0.0,M&M.NS,671
2022-09-14 00:00:00+05:30,1251.3449999384204,1280.4857355367392,1247.4953548300457,1265.0870361328125,2955136,0.0,0.0,M&M.NS,672
2022-09-15 00:00:00+05:30,1271.8604948277878,1280.875597952046,1256.315580812508,1264.1124267578125,2555055,0.0,0.0,M&M.NS,673
2022-09-16 00:00:00+05:30,1258.4595382459156,1264.0635207008345,1203.150667929977,1218.3544921875,9047956,0.0,0.0,M&M.NS,674
2022-09-19 00:00:00+05:30,1227.9057453028893,1265.4767236580471,1218.3545618541073,1255.9256591796875,4476773,0.0,0.0,M&M.NS,675
2022-09-20 00:00:00+05:30,1266.9875093757912,1278.682778693106,1263.6251670352358,1269.862548828125,3780649,0.0,0.0,M&M.NS,676
2022-09-21 00:00:00+05:30,1275.7100274888342,1289.403284561574,1260.7498544439002,1273.468505859375,2887754,0.0,0.0,M&M.NS,677
2022-09-22 00:00:00+05:30,1264.0635512716262,1287.0155623389353,1260.16512860001,1277.123291015625,2010645,0.0,0.0,M&M.NS,678
2022-09-23 00:00:00+05:30,1271.8604026295727,1284.6277131454103,1228.977753038997,1239.9908447265625,4639618,0.0,0.0,M&M.NS,679
2022-09-26 00:00:00+05:30,1218.2571777766873,1226.9798515813975,1185.4130118519988,1205.0025634765625,3345338,0.0,0.0,M&M.NS,680
2022-09-27 00:00:00+05:30,1211.0449211959917,1221.0834066832376,1190.1883371067318,1204.368896484375,3588217,0.0,0.0,M&M.NS,681
2022-09-28 00:00:00+05:30,1201.7862174160239,1229.7086934124184,1180.4911075060763,1210.85009765625,3361451,0.0,0.0,M&M.NS,682
2022-09-29 00:00:00+05:30,1223.1302360802154,1235.7513331591656,1214.066354870094,1226.3951416015625,3474302,0.0,0.0,M&M.NS,683
2022-09-30 00:00:00+05:30,1225.0306801586357,1250.126778841543,1201.7376973341466,1235.9949951171875,3320684,0.0,0.0,M&M.NS,684
2022-10-03 00:00:00+05:30,1237.7005190508464,1243.6943681804412,1210.5091139246347,1219.5728759765625,3150821,0.0,0.0,M&M.NS,685
2022-10-04 00:00:00+05:30,1232.8761784625679,1245.497274361428,1223.1301217158282,1228.34423828125,3011962,0.0,0.0,M&M.NS,686
2022-10-06 00:00:00+05:30,1235.8000331179694,1244.5714844571348,1222.6428561092214,1224.98193359375,3531469,0.0,0.0,M&M.NS,687
2022-10-07 00:00:00+05:30,1228.0031933283008,1229.9036268726634,1201.6400613119326,1207.3902587890625,3501889,0.0,0.0,M&M.NS,688
2022-10-10 00:00:00+05:30,1202.663363664647,1214.894712074524,1187.0696733740194,1211.434814453125,2230590,0.0,0.0,M&M.NS,689
2022-10-11 00:00:00+05:30,1217.5262236219226,1217.5262236219226,1194.3793372412774,1198.3265380859375,1569478,0.0,0.0,M&M.NS,690
2022-10-12 00:00:00+05:30,1204.2715296647375,1227.3696366422919,1198.8624205643437,1216.21044921875,2884899,0.0,0.0,M&M.NS,691
2022-10-13 00:00:00+05:30,1223.130051341512,1241.7937727317617,1208.998269871829,1216.502685546875,2137351,0.0,0.0,M&M.NS,692
2022-10-14 00:00:00+05:30,1235.5564326626925,1239.6985070770615,1196.8158543165343,1199.0574951171875,1696759,0.0,0.0,M&M.NS,693
2022-10-17 00:00:00+05:30,1195.8411975395388,1207.2928145493918,1166.1157235990695,1198.7650146484375,2158727,0.0,0.0,M&M.NS,694
2022-10-18 00:00:00+05:30,1204.7588786912577,1235.166529418658,1202.17614975178,1221.960693359375,2722206,0.0,0.0,M&M.NS,695
2022-10-19 00:00:00+05:30,1227.9543781205982,1232.6813108418266,1212.409465122985,1216.69775390625,1449579,0.0,0.0,M&M.NS,696
2022-10-20 00:00:00+05:30,1209.680502646208,1222.155502734375,1192.478807851839,1218.257080078125,1831346,0.0,0.0,M&M.NS,697
2022-10-21 00:00:00+05:30,1221.278358818713,1236.6771762139854,1212.5556855351356,1224.835693359375,1750934,0.0,0.0,M&M.NS,698
2022-10-24 00:00:00+05:30,1228.9777698422013,1245.5460665014539,1228.9777698422013,1238.675048828125,318933,0.0,0.0,M&M.NS,699
2022-10-25 00:00:00+05:30,1238.6750404803117,1251.2474775369815,1227.6132898146789,1248.8597412109375,2809493,0.0,0.0,M&M.NS,700
2022-10-27 00:00:00+05:30,1250.7115625211372,1266.8412157333973,1246.5694882294947,1261.2860107421875,3279938,0.0,0.0,M&M.NS,701
2022-10-28 00:00:00+05:30,1267.6210113951524,1282.483749303826,1257.2414362091076,1278.3416748046875,2111224,0.0,0.0,M&M.NS,702
2022-10-31 00:00:00+05:30,1284.7738918742682,1324.0017690962968,1283.165768765493,1314.3531494140625,4306893,0.0,0.0,M&M.NS,703
2022-11-01 00:00:00+05:30,1326.4382564315786,1331.8473652417829,1315.0840770993416,1319.664794921875,3405472,0.0,0.0,M&M.NS,704
2022-11-02 00:00:00+05:30,1319.6648355671,1326.438297285424,1304.6071068056729,1318.0079345703125,2298917,0.0,0.0,M&M.NS,705
2022-11-03 00:00:00+05:30,1305.9716879881407,1320.5907740477096,1294.812499884174,1301.488525390625,1931917,0.0,0.0,M&M.NS,706
2022-11-04 00:00:00+05:30,1304.0225120889102,1317.666992783413,1297.2002717416588,1304.31494140625,2204968,0.0,0.0,M&M.NS,707
2022-11-07 00:00:00+05:30,1310.8446776604922,1321.1754743743638,1302.6579659167064,1316.9847412109375,2599224,0.0,0.0,M&M.NS,708
2022-11-09 00:00:00+05:30,1330.1906502917443,1330.1906502917443,1297.2002690465913,1303.583984375,2459869,0.0,0.0,M&M.NS,709
2022-11-10 00:00:00+05:30,1304.9969911199535,1304.9969911199535,1257.8260529343793,1265.2330322265625,2792546,0.0,0.0,M&M.NS,710
2022-11-11 00:00:00+05:30,1271.9579425909114,1285.2613348940426,1246.0822312687617,1254.4150390625,5308986,0.0,0.0,M&M.NS,711
2022-11-14 00:00:00+05:30,1270.8857935143194,1276.4409982444276,1235.8487672705544,1245.6922607421875,3794391,0.0,0.0,M&M.NS,712
2022-11-15 00:00:00+05:30,1251.929736063621,1263.3813524581456,1242.8658559248945,1258.8980712890625,3192070,0.0,0.0,M&M.NS,713
2022-11-16 00:00:00+05:30,1256.218009379116,1262.1144216398122,1243.5969127508884,1254.025146484375,2478281,0.0,0.0,M&M.NS,714
2022-11-17 00:00:00+05:30,1247.6900092765295,1252.3681636237538,1222.301605435117,1227.3695068359375,2319979,0.0,0.0,M&M.NS,715
2022-11-18 00:00:00+05:30,1218.3059214216928,1224.0559999628988,1186.3388063868292,1195.9874267578125,4525364,0.0,0.0,M&M.NS,716
2022-11-21 00:00:00+05:30,1187.0697030753001,1203.5405626509705,1171.476012394508,1187.3133544921875,4120736,0.0,0.0,M&M.NS,717
2022-11-22 00:00:00+05:30,1189.6525410093343,1204.0766348298669,1185.071822569434,1197.25439453125,2469455,0.0,0.0,M&M.NS,718
2022-11-23 00:00:00+05:30,1203.2481479764463,1208.8521306329185,1192.9173515690338,1204.3201904296875,2396267,0.0,0.0,M&M.NS,719
2022-11-24 00:00:00+05:30,1210.362741572359,1225.07926261961,1207.1952733118071,1222.2042236328125,2133523,0.0,0.0,M&M.NS,720
2022-11-25 00:00:00+05:30,1226.0540153366314,1235.5076433834095,1214.358746509891,1228.782958984375,1370326,0.0,0.0,M&M.NS,721
2022-11-28 00:00:00+05:30,1226.9311693713564,1239.6984805578595,1214.3587317414251,1218.9393310546875,2126619,0.0,0.0,M&M.NS,722
2022-11-29 00:00:00+05:30,1224.1047153749653,1232.8761663609325,1216.843950758082,1225.1767578125,2435651,0.0,0.0,M&M.NS,723
2022-11-30 00:00:00+05:30,1230.0499600729222,1282.5812366444688,1225.7130118380962,1272.4453125,7536690,0.0,0.0,M&M.NS,724
2022-12-01 00:00:00+05:30,1281.606561266568,1283.506994890921,1255.2922060162277,1260.603759765625,2613761,0.0,0.0,M&M.NS,725
2022-12-02 00:00:00+05:30,1253.7815627737298,1260.9450104598197,1228.0032873846615,1232.4864501953125,2892150,0.0,0.0,M&M.NS,726
2022-12-05 00:00:00+05:30,1237.2131997533265,1237.2131997533265,1220.791116951875,1227.808349609375,2764806,0.0,0.0,M&M.NS,727
2022-12-06 00:00:00+05:30,1216.795268943199,1233.314788682691,1216.795268943199,1230.975830078125,1686075,0.0,0.0,M&M.NS,728
2022-12-07 00:00:00+05:30,1229.952384481592,1236.6771875569148,1220.5961936235185,1234.435546875,1731982,0.0,0.0,M&M.NS,729
2022-12-08 00:00:00+05:30,1240.6242977357092,1249.4445270475767,1237.2619556060051,1241.98876953125,1906386,0.0,0.0,M&M.NS,730
2022-12-09 00:00:00+05:30,1248.957241724199,1252.0272735646606,1224.5920984989905,1233.26611328125,1308941,0.0,0.0,M&M.NS,731
2022-12-12 00:00:00+05:30,1231.8042966123505,1244.8640381497437,1224.5921898853928,1231.9017333984375,1723401,0.0,0.0,M&M.NS,732
2022-12-13 00:00:00+05:30,1235.7999589658832,1253.2940827211219,1234.8253533200111,1250.7601318359375,2164600,0.0,0.0,M&M.NS,733
2022-12-14 00:00:00+05:30,1254.3174527579474,1258.2158752995417,1244.035315716327,1253.7813720703125,1436837,0.0,0.0,M&M.NS,734
2022-12-15 00:00:00+05:30,1253.2454122213674,1260.6523912673554,1249.2007750343507,1254.2686767578125,2417555,0.0,0.0,M&M.NS,735
2022-12-16 00:00:00+05:30,1245.4972413019232,1254.317470011773,1218.2570610059954,1219.81640625,2136354,0.0,0.0,M&M.NS,736
2022-12-19 00:00:00+05:30,1219.1343011258366,1262.0169521791559,1213.4328815412412,1257.8748779296875,2767603,0.0,0.0,M&M.NS,737
2022-12-20 00:00:00+05:30,1255.2432887894668,1255.2920666597236,1231.0243623844083,1242.8658447265625,1286604,0.0,0.0,M&M.NS,738
2022-12-21 00:00:00+05:30,1247.3978215132388,1251.8809838036211,1226.5412363696826,1233.558349609375,1251993,0.0,0.0,M&M.NS,739
2022-12-22 00:00:00+05:30,1233.558354177551,1245.2049633658391,1198.0828028149972,1202.6146240234375,1557590,0.0,0.0,M&M.NS,740
2022-12-23 00:00:00+05:30,1189.018912924272,1198.7649695875855,1177.3236449282954,1193.5020751953125,1913648,0.0,0.0,M&M.NS,741
2022-12-26 00:00:00+05:30,1193.5020744080523,1215.7231311739174,1185.4129187650888,1205.635986328125,1677560,0.0,0.0,M&M.NS,742
2022-12-27 00:00:00+05:30,1211.6785559326813,1216.7952359396363,1192.8686180332302,1202.9071044921875,1304940,0.0,0.0,M&M.NS,743
2022-12-28 00:00:00+05:30,1198.6187361329328,1223.1300920505796,1193.89192251949,1220.54736328125,1959508,0.0,0.0,M&M.NS,744
2022-12-29 00:00:00+05:30,1216.015580670948,1235.4102594320589,1207.098032985571,1230.2935791015625,1289676,0.0,0.0,M&M.NS,745
2022-12-30 00:00:00+05:30,1233.2173231533657,1233.2173231533657,1213.384120559194,1217.4774169921875,1372710,0.0,0.0,M&M.NS,746
2023-01-02 00:00:00+05:30,1219.2317081811423,1238.7238218211285,1211.044996658264,1230.78076171875,1718385,0.0,0.0,M&M.NS,747
2023-01-03 00:00:00+05:30,1230.9270017019296,1232.8762131060498,1215.0408811701807,1217.574951171875,1510751,0.0,0.0,M&M.NS,748
2023-01-04 00:00:00+05:30,1220.5475243225726,1223.909985644547,1199.7397147216093,1204.8076171875,1344532,0.0,0.0,M&M.NS,749
2023-01-05 00:00:00+05:30,1208.511057953407,1223.1301433318758,1199.739606726326,1220.83984375,2745160,0.0,0.0,M&M.NS,750
2023-01-06 00:00:00+05:30,1220.8398884310527,1242.5735247735442,1216.4541626570006,1232.77880859375,2214972,0.0,0.0,M&M.NS,751
2023-01-09 00:00:00+05:30,1240.6243071374422,1280.5344828647335,1239.3573910801722,1277.0745849609375,3634805,0.0,0.0,M&M.NS,752
2023-01-10 00:00:00+05:30,1277.2207444144408,1292.716998529921,1272.591367431634,1281.509033203125,3139930,0.0,0.0,M&M.NS,753
2023-01-11 00:00:00+05:30,1282.0938364627918,1286.4795622431661,1267.4747505282103,1279.2674560546875,2041750,0.0,0.0,M&M.NS,754
2023-01-12 00:00:00+05:30,1282.5810940751553,1293.3017567156012,1276.7334599076394,1286.382080078125,2448619,0.0,0.0,M&M.NS,755
2023-01-13 00:00:00+05:30,1291.352453837037,1303.0477213434858,1278.2927146607535,1294.4224853515625,2600139,0.0,0.0,M&M.NS,756
2023-01-16 00:00:00+05:30,1299.1494478025534,1301.3423107114475,1269.8624978089313,1282.1912841796875,1651972,0.0,0.0,M&M.NS,757
2023-01-17 00:00:00+05:30,1285.45608678132,1290.2316783061062,1270.983216534396,1287.307861328125,1607137,0.0,0.0,M&M.NS,758
2023-01-18 00:00:00+05:30,1286.8206133221775,1291.352553625211,1274.8816934867746,1288.574951171875,1179938,0.0,0.0,M&M.NS,759
2023-01-19 00:00:00+05:30,1284.140463103212,1294.958562718781,1278.9751242087846,1286.041015625,2066881,0.0,0.0,M&M.NS,760
2023-01-20 00:00:00+05:30,1290.4266732054125,1291.3525009953175,1278.341539213335,1281.36279296875,1332666,0.0,0.0,M&M.NS,761
2023-01-23 00:00:00+05:30,1287.7952887636322,1311.7705665088206,1278.9751780755469,1294.7149658203125,1681075,0.0,0.0,M&M.NS,762
2023-01-24 00:00:00+05:30,1301.196053893862,1301.196053893862,1287.502915110948,1290.280517578125,1408040,0.0,0.0,M&M.NS,763
2023-01-25 00:00:00+05:30,1291.2550520298819,1298.1747283644681,1272.8837592851737,1278.1953125,1359090,0.0,0.0,M&M.NS,764
2023-01-27 00:00:00+05:30,1284.6276683594087,1305.7766820978754,1253.9763686156368,1286.67431640625,1914769,0.0,0.0,M&M.NS,765
2023-01-30 00:00:00+05:30,1286.5769466821523,1307.920835072426,1271.8604245674485,1297.784912109375,2402331,0.0,0.0,M&M.NS,766
2023-01-31 00:00:00+05:30,1316.010065490337,1350.3161370091511,1301.3909806436122,1343.737548828125,5265862,0.0,0.0,M&M.NS,767
2023-02-01 00:00:00+05:30,1351.3395952486321,1354.7019373611072,1288.4287490585496,1317.7156982421875,3010838,0.0,0.0,M&M.NS,768
2023-02-02 00:00:00+05:30,1313.8172517258502,1343.201518186508,1296.7128742295802,1318.0567626953125,2029111,0.0,0.0,M&M.NS,769
2023-02-03 00:00:00+05:30,1324.6841138767277,1356.602452817263,1316.2538691496943,1352.7528076171875,1803085,0.0,0.0,M&M.NS,770
2023-02-06 00:00:00+05:30,1356.5536266603226,1356.5536266603226,1325.463682662609,1341.057373046875,1504382,0.0,0.0,M&M.NS,771
2023-02-07 00:00:00+05:30,1347.7822136124887,1349.8288617387307,1326.4383255064351,1331.9935302734375,1413825,0.0,0.0,M&M.NS,772
2023-02-08 00:00:00+05:30,1338.6697980003778,1344.9559576053612,1325.4638422777473,1338.1824951171875,1241238,0.0,0.0,M&M.NS,773
2023-02-09 00:00:00+05:30,1337.158886233347,1350.8033646642996,1328.387435813449,1337.353759765625,1866387,0.0,0.0,M&M.NS,774
2023-02-10 00:00:00+05:30,1343.542698046795,1351.7292905233217,1316.4973906221628,1330.7752685546875,3282665,0.0,0.0,M&M.NS,775
2023-02-13 00:00:00+05:30,1340.0829284171748,1348.854380312269,1291.401417987574,1318.6416015625,4401219,0.0,0.0,M&M.NS,776
2023-02-14 00:00:00+05:30,1323.5144486060397,1342.0319556189372,1315.7176035479777,1328.53369140625,2373179,0.0,0.0,M&M.NS,777
2023-02-15 00:00:00+05:30,1329.5570871157383,1348.0259370514602,1325.5125685191563,1344.3223876953125,2007214,0.0,0.0,M&M.NS,778
2023-02-16 00:00:00+05:30,1345.0533512985392,1361.5242120168077,1328.5824905802706,1333.4068603515625,2646301,0.0,0.0,M&M.NS,779
2023-02-17 00:00:00+05:30,1325.4150219759833,1337.6951494156492,1298.4672685744733,1307.43359375,2150027,0.0,0.0,M&M.NS,780
2023-02-20 00:00:00+05:30,1308.0183506328526,1320.5420107009131,1298.759596026597,1312.06298828125,1497314,0.0,0.0,M&M.NS,781
2023-02-21 00:00:00+05:30,1320.1034809702235,1327.8028901461214,1306.9463034190253,1317.520751953125,2118816,0.0,0.0,M&M.NS,782
2023-02-22 00:00:00+05:30,1312.6964077194841,1318.4952638987497,1277.8542548311234,1286.23583984375,2196484,0.0,0.0,M&M.NS,783
2023-02-23 00:00:00+05:30,1291.5963451555285,1292.5709509620974,1271.8605775725068,1280.583251953125,1847879,0.0,0.0,M&M.NS,784
2023-02-24 00:00:00+05:30,1286.6744140466421,1287.0156212223542,1245.7409741218867,1247.690185546875,2824384,0.0,0.0,M&M.NS,785
2023-02-27 00:00:00+05:30,1237.7980242538479,1252.7581980439672,1216.697786928948,1225.46923828125,2019964,0.0,0.0,M&M.NS,786
2023-02-28 00:00:00+05:30,1231.609177566277,1260.4088236377204,1228.0031840584013,1237.359375,3407211,0.0,0.0,M&M.NS,787
2023-03-01 00:00:00+05:30,1243.5481570239879,1272.396582351606,1236.8234725366885,1239.8447265625,2338935,0.0,0.0,M&M.NS,788
2023-03-02 00:00:00+05:30,1246.082176399532,1246.082176399532,1218.2571358290277,1219.767822265625,1563750,0.0,0.0,M&M.NS,789
2023-03-03 00:00:00+05:30,1225.9565322366718,1244.5226994153784,1221.4245919434554,1236.384765625,1493291,0.0,0.0,M&M.NS,790
2023-03-06 00:00:00+05:30,1237.3108161848595,1251.6374735696072,1235.800129636957,1238.1878662109375,1570410,0.0,0.0,M&M.NS,791
2023-03-08 00:00:00+05:30,1237.749290024765,1259.141838433479,1226.3464504528654,1257.192626953125,2370800,0.0,0.0,M&M.NS,792
2023-03-09 00:00:00+05:30,1258.215931097244,1261.9194802641643,1213.335292008667,1216.4541015625,3596577,0.0,0.0,M&M.NS,793
2023-03-10 00:00:00+05:30,1217.2824596885341,1224.7868756228668,1194.2330122182027,1195.5487060546875,2664696,0.0,0.0,M&M.NS,794
2023-03-13 00:00:00+05:30,1191.6504067554124,1199.7396820945055,1152.4225251922087,1163.1431884765625,3842775,0.0,0.0,M&M.NS,795
2023-03-14 00:00:00+05:30,1162.0224684270277,1162.1199052066938,1127.472623649873,1131.3223876953125,5379592,0.0,0.0,M&M.NS,796
2023-03-15 00:00:00+05:30,1137.364818500951,1144.57692426325,1123.9152126477336,1130.8836669921875,2226887,0.0,0.0,M&M.NS,797
2023-03-16 00:00:00+05:30,1130.5426781140768,1145.4054159082489,1111.196777631814,1137.4136962890625,3604480,0.0,0.0,M&M.NS,798
2023-03-17 00:00:00+05:30,1143.115082164847,1156.126044839557,1122.7457986555698,1141.7506103515625,3683701,0.0,0.0,M&M.NS,799
2023-03-20 00:00:00+05:30,1140.2399348997344,1149.2063790662023,1115.9235693394173,1137.9984130859375,2082268,0.0,0.0,M&M.NS,800
2023-03-21 00:00:00+05:30,1140.873327551889,1145.1616161212341,1127.0339751835254,1130.8349609375,2209422,0.0,0.0,M&M.NS,801
2023-03-22 00:00:00+05:30,1137.8521352657795,1150.5220091488245,1129.7142016042153,1134.5384521484375,2211909,0.0,0.0,M&M.NS,802
2023-03-23 00:00:00+05:30,1131.517298158807,1145.1617789290253,1124.50018420801,1135.366943359375,2594282,0.0,0.0,M&M.NS,803
2023-03-24 00:00:00+05:30,1131.0786995779004,1140.824756636965,1117.9701814512048,1121.5762939453125,1839876,0.0,0.0,M&M.NS,804
2023-03-27 00:00:00+05:30,1112.5123406979237,1121.3812282488702,1096.918650420949,1109.0037841796875,2446528,0.0,0.0,M&M.NS,805
2023-03-28 00:00:00+05:30,1114.559101532079,1119.82199632718,1094.8721131534885,1099.647705078125,1903339,0.0,0.0,M&M.NS,806
2023-03-29 00:00:00+05:30,1105.1540689910553,1123.184274164754,1103.2536354933472,1115.2413330078125,4003003,0.0,0.0,M&M.NS,807
2023-03-31 00:00:00+05:30,1118.4574138354328,1133.4663645548337,1116.7518539575558,1129.2755126953125,2343070,0.0,0.0,M&M.NS,808
2023-04-03 00:00:00+05:30,1131.8096985718446,1150.034778404146,1125.9620641053828,1140.1912841796875,2546562,0.0,0.0,M&M.NS,809
2023-04-05 00:00:00+05:30,1142.2378030575633,1143.5048379699397,1122.6969125075339,1126.1080322265625,2028469,0.0,0.0,M&M.NS,810
2023-04-06 00:00:00+05:30,1124.6950092132472,1145.161729484892,1119.1398041562566,1141.5069580078125,2029418,0.0,0.0,M&M.NS,811
2023-04-10 00:00:00+05:30,1141.5068754158744,1160.7553371358008,1141.5068754158744,1158.416259765625,2586918,0.0,0.0,M&M.NS,812
2023-04-11 00:00:00+05:30,1169.5268116882762,1173.6201079410173,1158.026417118507,1171.18359375,2443384,0.0,0.0,M&M.NS,813
2023-04-12 00:00:00+05:30,1172.9378556592712,1182.1478311172054,1168.162264359804,1176.6900634765625,2469405,0.0,0.0,M&M.NS,814
2023-04-13 00:00:00+05:30,1182.6351989704442,1191.162998556243,1169.088275376195,1173.9613037109375,4470196,0.0,0.0,M&M.NS,815
2023-04-17 00:00:00+05:30,1187.995583483016,1187.995583483016,1172.8405360637141,1182.14794921875,1956198,0.0,0.0,M&M.NS,816
2023-04-18 00:00:00+05:30,1182.1966966537918,1186.9722883074007,1172.0607737292878,1174.107421875,2075066,0.0,0.0,M&M.NS,817
2023-04-19 00:00:00+05:30,1174.0587311031175,1187.0209149877164,1172.8404740291655,1184.6331787109375,1818732,0.0,0.0,M&M.NS,818
2023-04-20 00:00:00+05:30,1187.0698013607644,1193.7946048177314,1183.707459117495,1187.654541015625,2172677,0.0,0.0,M&M.NS,819
2023-04-21 00:00:00+05:30,1190.91945032463,1190.91945032463,1178.347131308023,1181.953125,1015815,0.0,0.0,M&M.NS,820
2023-04-24 00:00:00+05:30,1179.6626847823618,1186.1924949508232,1165.6283398397072,1177.0799560546875,1389756,0.0,0.0,M&M.NS,821
2023-04-25 00:00:00+05:30,1177.0799389037998,1184.1458296568965,1168.9420057615573,1179.1265869140625,1360260,0.0,0.0,M&M.NS,822
2023-04-26 00:00:00+05:30,1181.2222235857678,1186.338904009716,1174.6924123471883,1182.73291015625,1708865,0.0,0.0,M&M.NS,823
2023-04-27 00:00:00+05:30,1179.3216566813294,1193.8919640834035,1179.3216566813294,1192.9173583984375,1340045,0.0,0.0,M&M.NS,824
2023-04-28 00:00:00+05:30,1193.8918778819325,1197.546648936673,1180.7347020848663,1195.74365234375,2333102,0.0,0.0,M&M.NS,825
2023-05-02 00:00:00+05:30,1198.7649697187105,1209.290758504408,1186.5823988882357,1205.879638671875,2607580,0.0,0.0,M&M.NS,826
2023-05-03 00:00:00+05:30,1205.8797760208688,1210.4603755866874,1198.8625430410057,1204.07666015625,1307304,0.0,0.0,M&M.NS,827
2023-05-04 00:00:00+05:30,1203.6381216175957,1206.6107167935686,1196.815881252152,1200.421875,1541188,0.0,0.0,M&M.NS,828
2023-05-05 00:00:00+05:30,1201.4939612258386,1210.8013743303138,1177.3724700167759,1180.4423828125,4753718,0.0,0.0,M&M.NS,829
2023-05-08 00:00:00+05:30,1186.0462980323357,1208.3647912086528,1182.8788296702282,1200.519287109375,3513667,0.0,0.0,M&M.NS,830
2023-05-09 00:00:00+05:30,1207.5364726054586,1218.2571353969518,1202.712221937456,1213.8226318359375,1846359,0.0,0.0,M&M.NS,831
2023-05-10 00:00:00+05:30,1218.2571001240499,1223.9098606567936,1203.6380149225613,1216.94140625,2108081,0.0,0.0,M&M.NS,832
2023-05-11 00:00:00+05:30,1218.2571349133957,1228.8315830503593,1212.5557153160858,1219.524169921875,4100467,0.0,0.0,M&M.NS,833
2023-05-12 00:00:00+05:30,1224.4946256446128,1246.3258171253035,1219.5241603671934,1243.548095703125,2427624,0.0,0.0,M&M.NS,834
2023-05-15 00:00:00+05:30,1247.3978483286357,1255.0484792127265,1240.28317919261,1253.0018310546875,2647630,0.0,0.0,M&M.NS,835
2023-05-16 00:00:00+05:30,1254.3174857063293,1258.89808472486,1226.8823125551105,1230.390869140625,1571371,0.0,0.0,M&M.NS,836
2023-05-17 00:00:00+05:30,1232.8761886537716,1239.405999139896,1228.6853366298633,1231.0244140625,1643851,0.0,0.0,M&M.NS,837
2023-05-18 00:00:00+05:30,1237.7005229275996,1237.7005229275996,1209.729385529116,1213.8714599609375,1900447,0.0,0.0,M&M.NS,838
2023-05-19 00:00:00+05:30,1221.0835235471648,1230.3909367388123,1206.0257938751943,1228.39306640625,1588996,0.0,0.0,M&M.NS,839
2023-05-22 00:00:00+05:30,1227.2722897073572,1237.2132207612467,1219.5242215892165,1233.412353515625,917769,0.0,0.0,M&M.NS,840
2023-05-23 00:00:00+05:30,1233.4123643672363,1238.480266719605,1224.6409125470698,1236.336181640625,1803955,0.0,0.0,M&M.NS,841
2023-05-24 00:00:00+05:30,1228.00318146422,1245.5460840565659,1222.6428501165587,1243.304443359375,1369297,0.0,0.0,M&M.NS,842
2023-05-25 00:00:00+05:30,1247.4952812154831,1248.2750133544114,1225.6154310979582,1245.3511962890625,2040166,0.0,0.0,M&M.NS,843
2023-05-26 00:00:00+05:30,1257.2412775458138,1259.9702209302034,1236.1410416130743,1249.2982177734375,3508112,0.0,0.0,M&M.NS,844
2023-05-29 00:00:00+05:30,1287.9414628742995,1315.7177259782857,1265.038228385048,1296.371826171875,6185862,0.0,0.0,M&M.NS,845
2023-05-30 00:00:00+05:30,1296.176874450756,1301.3911104090143,1286.4795947903187,1294.7149658203125,2493657,0.0,0.0,M&M.NS,846
2023-05-31 00:00:00+05:30,1291.3525168510707,1294.51998528863,1270.1548434612514,1285.5048828125,5629378,0.0,0.0,M&M.NS,847
2023-06-01 00:00:00+05:30,1285.5049074782203,1303.729986326627,1279.462399777257,1285.407470703125,2364455,0.0,0.0,M&M.NS,848
2023-06-02 00:00:00+05:30,1291.2062882665523,1310.8446161614938,1286.771903884093,1307.3360595703125,2313841,0.0,0.0,M&M.NS,849
2023-06-05 00:00:00+05:30,1315.5228467686873,1365.422611980964,1312.1603856567149,1359.96484375,5105293,0.0,0.0,M&M.NS,850
2023-06-06 00:00:00+05:30,1359.9647059069578,1378.969515496467,1352.8013783942254,1375.3634033203125,2335838,0.0,0.0,M&M.NS,851
2023-06-07 00:00:00+05:30,1386.6689814319436,1386.6689814319436,1359.574896480228,1370.6854248046875,2491079,0.0,0.0,M&M.NS,852
2023-06-08 00:00:00+05:30,1376.82554810839,1379.6032697784967,1342.519471984155,1345.9793701171875,1776230,0.0,0.0,M&M.NS,853
2023-06-09 00:00:00+05:30,1345.6868779871336,1351.7781638733688,1328.3876260702248,1335.8433837890625,1881329,0.0,0.0,M&M.NS,854
2023-06-12 00:00:00+05:30,1342.909192614036,1349.6339956118777,1334.5276075454656,1346.3203125,1389300,0.0,0.0,M&M.NS,855
2023-06-13 00:00:00+05:30,1348.0258417513937,1353.2399582357123,1333.4554157594034,1338.27978515625,2516583,0.0,0.0,M&M.NS,856
2023-06-14 00:00:00+05:30,1339.1081965389992,1345.930436259358,1331.3113511443034,1343.64013671875,905086,0.0,0.0,M&M.NS,857
2023-06-15 00:00:00+05:30,1346.7101953188835,1371.4650847657624,1336.6717090842926,1357.382080078125,1720070,0.0,0.0,M&M.NS,858
2023-06-16 00:00:00+05:30,1363.4733814368428,1373.9991706401072,1358.0156132823597,1368.2001953125,2132678,0.0,0.0,M&M.NS,859
2023-06-19 00:00:00+05:30,1373.7068120201677,1379.4082318942749,1360.5496343243378,1366.933349609375,1476764,0.0,0.0,M&M.NS,860
2023-06-20 00:00:00+05:30,1366.9820083678958,1374.0966779686032,1345.6381185362031,1360.9881591796875,1042428,0.0,0.0,M&M.NS,861
2023-06-21 00:00:00+05:30,1358.6490459853744,1367.7615849652334,1335.8432501153293,1339.351806640625,2008628,0.0,0.0,M&M.NS,862
2023-06-22 00:00:00+05:30,1343.9812720741684,1356.651146285165,1339.741761036112,1343.6888427734375,1296616,0.0,0.0,M&M.NS,863
2023-06-23 00:00:00+05:30,1341.9346540461531,1344.5660419301887,1333.7479421163155,1338.3773193359375,1258590,0.0,0.0,M&M.NS,864
2023-06-26 00:00:00+05:30,1340.0828713864626,1369.223606347424,1335.1610648888366,1362.15771484375,2281046,0.0,0.0,M&M.NS,865
2023-06-27 00:00:00+05:30,1370.9778426618811,1381.0163293412409,1358.2105313011532,1366.787109375,2737379,0.0,0.0,M&M.NS,866
2023-06-28 00:00:00+05:30,1373.1706530954248,1377.8488080424647,1354.8481373221002,1359.574951171875,2611913,0.0,0.0,M&M.NS,867
2023-06-30 00:00:00+05:30,1367.0307744408626,1423.8989959683038,1364.4480454179502,1416.6868896484375,4114865,0.0,0.0,M&M.NS,868
2023-07-03 00:00:00+05:30,1432.670474758275,1460.0082140586715,1422.2422406594312,1430.6724853515625,3615176,0.0,0.0,M&M.NS,869
2023-07-04 00:00:00+05:30,1449.2386359866412,1449.2386359866412,1424.9709309309114,1427.26123046875,1595700,0.0,0.0,M&M.NS,870
2023-07-05 00:00:00+05:30,1426.7739925110618,1440.4672504297716,1420.097967140435,1437.884521484375,1456527,0.0,0.0,M&M.NS,871
2023-07-06 00:00:00+05:30,1440.3210143434292,1513.4652199396642,1435.2531122761425,1509.4693603515625,5628945,0.0,0.0,M&M.NS,872
2023-07-07 00:00:00+05:30,1507.6176167078806,1551.523533146924,1500.2106370071406,1524.4295654296875,6905845,0.0,0.0,M&M.NS,873
2023-07-10 00:00:00+05:30,1527.2069976172133,1538.9022649888832,1506.6915018479112,1512.003173828125,2276342,0.0,0.0,M&M.NS,874
2023-07-11 00:00:00+05:30,1518.6793125211655,1535.9785634739976,1511.0286816685043,1529.5948486328125,1563376,0.0,0.0,M&M.NS,875
2023-07-12 00:00:00+05:30,1529.1562318960637,1539.5358056389628,1502.5007917370824,1530.959228515625,2658457,0.0,0.0,M&M.NS,876
2023-07-13 00:00:00+05:30,1535.9785067752568,1554.3011406117575,1518.87413000314,1527.109619140625,1859405,0.0,0.0,M&M.NS,877
2023-07-14 00:00:00+05:30,1538.976753716034,1543.113066050839,1519.2803717898435,1523.072021484375,2174792,16.25,0.0,M&M.NS,878
2023-07-17 00:00:00+05:30,1535.3328831810268,1535.3328831810268,1506.2807215044133,1512.9775390625,1520990,0.0,0.0,M&M.NS,879
2023-07-18 00:00:00+05:30,1512.6821684116985,1518.7388300435014,1502.8339772111017,1511.40185546875,1059058,0.0,0.0,M&M.NS,880
2023-07-19 00:00:00+05:30,1506.9701122512997,1525.9771686341608,1500.864282025467,1521.0037841796875,1081196,0.0,0.0,M&M.NS,881
2023-07-20 00:00:00+05:30,1526.5187360697385,1530.1625182757907,1507.3147656070655,1521.8900146484375,1538263,0.0,0.0,M&M.NS,882
2023-07-21 00:00:00+05:30,1525.4354229659223,1529.030036550234,1495.792393535268,1500.371826171875,1668783,0.0,0.0,M&M.NS,883
2023-07-24 00:00:00+05:30,1498.8945804442071,1533.3632468801777,1491.9515581180942,1523.3673095703125,2129706,0.0,0.0,M&M.NS,884
2023-07-25 00:00:00+05:30,1527.897386916297,1545.6734179235316,1524.5490984956086,1541.9803466796875,1996604,0.0,0.0,M&M.NS,885
2023-07-26 00:00:00+05:30,1546.313675453096,1550.1052048013298,1508.7428041649537,1521.397705078125,2100855,0.0,0.0,M&M.NS,886
2023-07-27 00:00:00+05:30,1476.243636787778,1477.2284557582836,1416.5143421831863,1425.427001953125,11879512,0.0,0.0,M&M.NS,887
2023-07-28 00:00:00+05:30,1437.8358193439274,1448.668828941724,1427.9876288004757,1445.5174560546875,4714146,0.0,0.0,M&M.NS,888
2023-07-31 00:00:00+05:30,1454.3807382045147,1456.54729190412,1435.4721413922978,1452.804931640625,2460789,0.0,0.0,M&M.NS,889
2023-08-01 00:00:00+05:30,1452.8049542987922,1481.1677898508876,1447.8808592527453,1470.679443359375,4184243,0.0,0.0,M&M.NS,890
2023-08-02 00:00:00+05:30,1470.6795525370485,1474.2741662309459,1443.0061603673303,1462.7518310546875,3188395,0.0,0.0,M&M.NS,891
2023-08-03 00:00:00+05:30,1462.4562816460311,1478.755084925654,1425.6240253241049,1446.846923828125,2222395,0.0,0.0,M&M.NS,892
2023-08-04 00:00:00+05:30,1458.516927613677,1479.6412469118986,1394.2574883653363,1442.4151611328125,8066091,0.0,0.0,M&M.NS,893
2023-08-07 00:00:00+05:30,1466.395549218463,1507.7579488606225,1458.270792145896,1503.72021484375,9257291,0.0,0.0,M&M.NS,894
2023-08-08 00:00:00+05:30,1506.773171260983,1510.7124475257176,1462.4563132827188,1476.93310546875,3426948,0.0,0.0,M&M.NS,895
2023-08-09 00:00:00+05:30,1482.1526828187357,1514.2085912549394,1469.5962398247564,1511.4510498046875,3713003,0.0,0.0,M&M.NS,896
2023-08-10 00:00:00+05:30,1511.2047797390774,1532.4276776163488,1508.545816483294,1521.9393310546875,3600607,0.0,0.0,M&M.NS,897
2023-08-11 00:00:00+05:30,1525.0414826374567,1535.9236602580781,1509.776788416712,1522.9732666015625,2402812,0.0,0.0,M&M.NS,898
2023-08-14 00:00:00+05:30,1521.4961293489262,1527.2081278737544,1500.8642185262624,1523.3673095703125,1875450,0.0,0.0,M&M.NS,899
2023-08-16 00:00:00+05:30,1535.382247598697,1549.1204257926972,1515.2426251139993,1546.7568359375,2361632,0.0,0.0,M&M.NS,900
2023-08-17 00:00:00+05:30,1549.1203834380958,1555.0785868458797,1536.4654825437171,1549.61279296875,2377711,0.0,0.0,M&M.NS,901
2023-08-18 00:00:00+05:30,1544.9349086102084,1558.5254597975204,1521.151504140998,1529.079345703125,2202570,0.0,0.0,M&M.NS,902
2023-08-21 00:00:00+05:30,1522.5302130261964,1529.079283587498,1508.496541916479,1515.193359375,1487526,0.0,0.0,M&M.NS,903
2023-08-22 00:00:00+05:30,1514.651676122622,1531.3935997208562,1511.4510142582535,1526.9619140625,975607,0.0,0.0,M&M.NS,904
2023-08-23 00:00:00+05:30,1522.57962463753,1531.2459606270434,1512.7806024172023,1519.0341796875,1405076,0.0,0.0,M&M.NS,905
2023-08-24 00:00:00+05:30,1526.5187672635573,1531.3442842790548,1504.8527488629331,1518.787841796875,2111147,0.0,0.0,M&M.NS,906
2023-08-25 00:00:00+05:30,1507.6595057997429,1523.761273203638,1485.3040412624468,1496.9742431640625,1455320,0.0,0.0,M&M.NS,907
2023-08-28 00:00:00+05:30,1504.8035516177183,1529.4240285748144,1500.9627331689767,1525.73095703125,2132512,0.0,0.0,M&M.NS,908
2023-08-29 00:00:00+05:30,1531.2951599146502,1540.6016518200543,1516.6213320738782,1537.15478515625,1325882,0.0,0.0,M&M.NS,909
2023-08-30 00:00:00+05:30,1545.1811444230937,1564.877526123834,1536.1208569276223,1559.16552734375,3140040,0.0,0.0,M&M.NS,910
2023-08-31 00:00:00+05:30,1564.8281121251093,1565.86222016869,1543.359129915988,1551.48388671875,3512885,0.0,0.0,M&M.NS,911
2023-09-01 00:00:00+05:30,1553.0597174167453,1580.1422426094914,1551.0900792209093,1567.78271484375,2147299,0.0,0.0,M&M.NS,912
2023-09-04 00:00:00+05:30,1581.5209115172029,1581.5209115172029,1540.453885649026,1552.46875,2200142,0.0,0.0,M&M.NS,913
2023-09-05 00:00:00+05:30,1553.650496648228,1560.0518204213618,1541.4880055227075,1547.2984619140625,1078759,0.0,0.0,M&M.NS,914
2023-09-06 00:00:00+05:30,1553.0596923828125,1556.9005108462175,1535.0374550945448,1553.0596923828125,1301466,0.0,0.0,M&M.NS,915
2023-09-07 00:00:00+05:30,1548.332381132234,1553.9459215531747,1536.563842188716,1541.9803466796875,1514369,0.0,0.0,M&M.NS,916
2023-09-08 00:00:00+05:30,1541.3402949879464,1554.0444849731766,1536.3177417985776,1543.753173828125,1223910,0.0,0.0,M&M.NS,917
2023-09-11 00:00:00+05:30,1543.8516874704019,1564.8775512298348,1540.2570737089122,1558.082275390625,1921950,0.0,0.0,M&M.NS,918
2023-09-12 00:00:00+05:30,1558.180690667532,1565.3206289534437,1490.0805478797813,1534.298828125,3770868,0.0,0.0,M&M.NS,919
2023-09-13 00:00:00+05:30,1540.2570806660856,1544.7872245069625,1506.8716889534815,1513.61767578125,2382637,0.0,0.0,M&M.NS,920
2023-09-14 00:00:00+05:30,1521.5454838193696,1551.4840079975027,1514.9964128714698,1542.2266845703125,2220196,0.0,0.0,M&M.NS,921
2023-09-15 00:00:00+05:30,1555.669381382988,1586.2479396742337,1547.9877449776664,1576.793701171875,5425897,0.0,0.0,M&M.NS,922
2023-09-18 00:00:00+05:30,1584.327713787963,1644.6478831551813,1577.7786427846586,1616.53125,6887528,0.0,0.0,M&M.NS,923
2023-09-20 00:00:00+05:30,1595.5053270289918,1639.7237266437805,1595.5053270289918,1609.1943359375,6116670,0.0,0.0,M&M.NS,924
2023-09-21 00:00:00+05:30,1612.9367738684903,1631.0573491774594,1551.1885440226472,1559.21484375,2898266,0.0,0.0,M&M.NS,925
2023-09-22 00:00:00+05:30,1556.0140919944465,1593.3879266868128,1542.3250832176439,1582.751953125,3827771,0.0,0.0,M&M.NS,926
2023-09-25 00:00:00+05:30,1588.4638038085736,1595.4068260458248,1558.3283655822524,1565.320556640625,3231962,0.0,0.0,M&M.NS,927
2023-09-26 00:00:00+05:30,1565.3206885468812,1582.2103603510318,1557.9838342537325,1570.9833984375,1479841,0.0,0.0,M&M.NS,928
2023-09-27 00:00:00+05:30,1570.6385923350051,1575.316482686949,1559.2147157294808,1565.0743408203125,1991198,0.0,0.0,M&M.NS,929
2023-09-28 00:00:00+05:30,1571.7219183869247,1572.6575686168849,1520.5606167082524,1532.427734375,2369699,0.0,0.0,M&M.NS,930
2023-09-29 00:00:00+05:30,1550.1052057991194,1552.5672534576313,1526.568006140311,1530.655029296875,1254881,0.0,0.0,M&M.NS,931
2023-10-03 00:00:00+05:30,1572.9528965000889,1573.7407998058818,1509.776852306145,1514.060791015625,3436776,0.0,0.0,M&M.NS,932
2023-10-04 00:00:00+05:30,1508.545858843956,1514.553230965569,1478.9519985014088,1498.9930419921875,2580901,0.0,0.0,M&M.NS,933
2023-10-05 00:00:00+05:30,1509.7276107586022,1527.2574380180095,1490.0805187054607,1514.6024169921875,1991367,0.0,0.0,M&M.NS,934
2023-10-06 00:00:00+05:30,1521.5455066483535,1530.408878531742,1516.9660737985012,1525.3370361328125,1743027,0.0,0.0,M&M.NS,935
2023-10-09 00:00:00+05:30,1516.621314063754,1517.852337857637,1491.0160191509892,1492.19775390625,2123175,0.0,0.0,M&M.NS,936
2023-10-10 00:00:00+05:30,1498.352850274446,1520.4128203715077,1496.1370074788806,1514.50390625,1956653,0.0,0.0,M&M.NS,937
2023-10-11 00:00:00+05:30,1516.621351440599,1535.480660471103,1516.621351440599,1532.6739501953125,1536986,0.0,0.0,M&M.NS,938
2023-10-12 00:00:00+05:30,1535.3329313541212,1546.2152301731664,1531.9845224700173,1542.8668212890625,1731806,0.0,0.0,M&M.NS,939
2023-10-13 00:00:00+05:30,1536.8101196991468,1550.4991284678724,1526.7650135271667,1538.73046875,1465554,0.0,0.0,M&M.NS,940
2023-10-16 00:00:00+05:30,1539.124395813461,1553.3058138780348,1534.8404570796747,1550.6468505859375,1089610,0.0,0.0,M&M.NS,941
2023-10-17 00:00:00+05:30,1551.0899630188733,1559.8548763771432,1544.7870972209507,1552.6656494140625,997962,0.0,0.0,M&M.NS,942
2023-10-18 00:00:00+05:30,1552.6656940840137,1555.4724043401252,1538.0411551982374,1550.9422607421875,1212994,0.0,0.0,M&M.NS,943
2023-10-19 00:00:00+05:30,1529.768637680068,1554.9308123366302,1529.768637680068,1545.7227783203125,1239578,0.0,0.0,M&M.NS,944
2023-10-20 00:00:00+05:30,1542.2265856880715,1551.0899568701868,1521.643844121726,1534.59423828125,1435102,0.0,0.0,M&M.NS,945
2023-10-23 00:00:00+05:30,1524.7461814957742,1550.9916347249755,1523.0227480595606,1541.3896484375,4069167,0.0,0.0,M&M.NS,946
2023-10-25 00:00:00+05:30,1550.1051783843977,1552.6656838605315,1523.515064142734,1545.279541015625,2510769,0.0,0.0,M&M.NS,947
2023-10-26 00:00:00+05:30,1530.408818921685,1534.5450108859563,1477.228589692746,1483.2359619140625,3343802,0.0,0.0,M&M.NS,948
2023-10-27 00:00:00+05:30,1485.451745293294,1510.6630881706817,1484.4177574522314,1487.8646240234375,3341111,0.0,0.0,M&M.NS,949
2023-10-30 00:00:00+05:30,1479.2966614762959,1492.4439716660613,1440.987176633503,1475.06201171875,2637486,0.0,0.0,M&M.NS,950
2023-10-31 00:00:00+05:30,1471.5165651171974,1474.5696003224757,1433.453405300879,1436.45703125,2555737,0.0,0.0,M&M.NS,951
2023-11-01 00:00:00+05:30,1442.661384030603,1462.4562219816696,1427.9875568171185,1432.5177001953125,2627536,0.0,0.0,M&M.NS,952
2023-11-02 00:00:00+05:30,1442.7599482282985,1455.0701866944103,1430.4497097621868,1447.3885498046875,2091122,0.0,0.0,M&M.NS,953
2023-11-03 00:00:00+05:30,1457.5322285568413,1465.5092390075356,1438.2789675859954,1446.69921875,2456723,0.0,0.0,M&M.NS,954
2023-11-06 00:00:00+05:30,1459.304853209898,1469.54687471283,1451.1800963990834,1465.7061767578125,1271868,0.0,0.0,M&M.NS,955
2023-11-07 00:00:00+05:30,1465.6569727907151,1474.2741396053757,1452.6081201856575,1457.2860107421875,1940908,0.0,0.0,M&M.NS,956
2023-11-08 00:00:00+05:30,1462.505645458706,1466.7895844795232,1451.623346369541,1464.8199462890625,1342202,0.0,0.0,M&M.NS,957
2023-11-09 00:00:00+05:30,1464.8199468175758,1535.03747620253,1464.8199468175758,1528.488525390625,4831782,0.0,0.0,M&M.NS,958
2023-11-10 00:00:00+05:30,1526.469607327006,1527.4544264285073,1492.2964325917815,1500.9627685546875,4872228,0.0,0.0,M&M.NS,959
2023-11-13 00:00:00+05:30,1503.080086902333,1519.8712999239658,1490.0805234268025,1516.8675537109375,1968032,0.0,0.0,M&M.NS,960
2023-11-15 00:00:00+05:30,1525.4847224162324,1527.2574448093299,1510.269316041299,1520.7083740234375,2782942,0.0,0.0,M&M.NS,961
2023-11-16 00:00:00+05:30,1520.757612562172,1559.904171952665,1515.144191755311,1545.673583984375,3224223,0.0,0.0,M&M.NS,962
2023-11-17 00:00:00+05:30,1551.090046911422,1571.7712475369076,1548.775746122957,1560.4951171875,2035309,0.0,0.0,M&M.NS,963
2023-11-20 00:00:00+05:30,1565.665401508038,1565.665401508038,1517.2122312595309,1528.6361083984375,2918577,0.0,0.0,M&M.NS,964
2023-11-21 00:00:00+05:30,1529.4240045292213,1547.5446993281853,1525.6324751808734,1536.071533203125,2213144,0.0,0.0,M&M.NS,965
2023-11-22 00:00:00+05:30,1536.3177243299597,1540.8971569747619,1511.697247978518,1520.0189208984375,1269475,0.0,0.0,M&M.NS,966
2023-11-23 00:00:00+05:30,1532.9693735916617,1537.2533125957102,1511.7957631270885,1522.382568359375,1552635,0.0,0.0,M&M.NS,967
2023-11-24 00:00:00+05:30,1525.4847795637377,1535.825380070787,1524.0075509198737,1529.6209716796875,1239270,0.0,0.0,M&M.NS,968
2023-11-28 00:00:00+05:30,1529.6209793568705,1548.1356265397633,1518.7388004227582,1542.2760009765625,2596766,0.0,0.0,M&M.NS,969
2023-11-29 00:00:00+05:30,1552.0748305879513,1598.7552778356169,1543.4576638572123,1594.5205078125,3581220,0.0,0.0,M&M.NS,970
2023-11-30 00:00:00+05:30,1590.5320607346189,1634.799629110719,1589.2024588384138,1622.735595703125,5214960,0.0,0.0,M&M.NS,971
2023-12-01 00:00:00+05:30,1630.8603452543448,1640.7085357450112,1596.5885942599582,1600.8233642578125,2489755,0.0,0.0,M&M.NS,972
2023-12-04 00:00:00+05:30,1637.6063018821324,1649.571877153876,1614.5615125101017,1631.6973876953125,3001010,0.0,0.0,M&M.NS,973
2023-12-05 00:00:00+05:30,1635.6860002388369,1682.070953905562,1615.694125240796,1660.4542236328125,3423953,0.0,0.0,M&M.NS,974
2023-12-06 00:00:00+05:30,1662.4729482603595,1684.483629110588,1658.5829612541622,1676.555908203125,2279220,0.0,0.0,M&M.NS,975
2023-12-07 00:00:00+05:30,1677.146832557958,1680.1012896910606,1656.1209700041443,1666.9539794921875,2461051,0.0,0.0,M&M.NS,976
2023-12-08 00:00:00+05:30,1673.2075401561603,1682.2186583681807,1637.310934423903,1643.2198486328125,1942667,0.0,0.0,M&M.NS,977
2023-12-11 00:00:00+05:30,1648.5871461035838,1649.0302666043767,1622.0954887087833,1627.1180419921875,2037178,0.0,0.0,M&M.NS,978
2023-12-12 00:00:00+05:30,1637.754102220039,1644.6478356629375,1601.8082064106393,1610.5731201171875,2051527,0.0,0.0,M&M.NS,979
2023-12-13 00:00:00+05:30,1614.1184613550738,1645.1402621681823,1604.8119691980103,1640.8563232421875,2247441,0.0,0.0,M&M.NS,980
2023-12-14 00:00:00+05:30,1650.5566646856053,1683.8927642099572,1645.681858661377,1677.6884765625,3326228,0.0,0.0,M&M.NS,981
2023-12-15 00:00:00+05:30,1701.6688380941696,1713.1911727403274,1672.222724844117,1698.7635498046875,3858594,0.0,0.0,M&M.NS,982
2023-12-18 00:00:00+05:30,1693.888778450666,1705.5588602355112,1672.9613734843424,1684.8284912109375,1739425,0.0,0.0,M&M.NS,983
2023-12-19 00:00:00+05:30,1693.888783732578,1697.680313071336,1665.6245247885595,1673.55224609375,1660221,0.0,0.0,M&M.NS,984
2023-12-20 00:00:00+05:30,1684.040645683375,1685.960994824039,1615.6941767215624,1621.94775390625,3047660,0.0,0.0,M&M.NS,985
2023-12-21 00:00:00+05:30,1610.179196845545,1628.0536872025862,1595.8008623116432,1609.046630859375,3211338,0.0,0.0,M&M.NS,986
2023-12-22 00:00:00+05:30,1605.2550707451335,1626.9210901048837,1598.115132547034,1609.4405517578125,2751274,0.0,0.0,M&M.NS,987
2023-12-26 00:00:00+05:30,1615.9896397795296,1643.6630316677085,1609.6867736733789,1637.0155029296875,1203594,0.0,0.0,M&M.NS,988
2023-12-27 00:00:00+05:30,1644.6478629902358,1666.116967013145,1635.0458769637958,1662.3253173828125,1793638,0.0,0.0,M&M.NS,989
2023-12-28 00:00:00+05:30,1663.3101171621838,1713.5358896407663,1662.7685388049726,1708.119384765625,2963938,0.0,0.0,M&M.NS,990
2023-12-29 00:00:00+05:30,1703.7369855607071,1731.3119194310539,1688.9646995587357,1703.1461181640625,2273255,0.0,0.0,M&M.NS,991
2024-01-01 00:00:00+05:30,1703.1461366921203,1703.7370040951928,1673.207612692331,1677.4423828125,1307485,0.0,0.0,M&M.NS,992
2024-01-02 00:00:00+05:30,1677.7376976595365,1679.1164683632098,1624.4097224361217,1631.0572509765625,2857334,0.0,0.0,M&M.NS,993
2024-01-03 00:00:00+05:30,1646.6174229015633,1652.7232528182788,1623.031055152011,1630.1217041015625,1927812,0.0,0.0,M&M.NS,994
2024-01-04 00:00:00+05:30,1641.5949792312783,1649.0302912941872,1613.3305989757762,1616.7774658203125,2835768,0.0,0.0,M&M.NS,995
2024-01-05 00:00:00+05:30,1622.9325012222532,1636.2768474025936,1611.6563712153743,1617.0728759765625,1709313,0.0,0.0,M&M.NS,996
2024-01-08 00:00:00+05:30,1623.1295665352548,1628.2998666281358,1581.7178767520716,1591.6153564453125,1492195,0.0,0.0,M&M.NS,997
2024-01-09 00:00:00+05:30,1600.3309787546432,1611.95189179493,1590.482788116153,1605.1566162109375,2542484,0.0,0.0,M&M.NS,998
2024-01-10 00:00:00+05:30,1620.027440400637,1622.440199139895,1596.7364443417152,1608.0126953125,1954233,0.0,0.0,M&M.NS,999
2024-01-11 00:00:00+05:30,1618.9441505288587,1626.1825469061716,1601.1681175991987,1603.9256591796875,2228002,0.0,0.0,M&M.NS,1000
2024-01-12 00:00:00+05:30,1605.255100622251,1609.0466300373412,1577.187756838365,1599.789306640625,3061539,0.0,0.0,M&M.NS,1001
2024-01-15 00:00:00+05:30,1610.1791266377109,1615.989583003568,1591.5660227817682,1610.7208251953125,1405514,0.0,0.0,M&M.NS,1002
2024-01-16 00:00:00+05:30,1613.133544479406,1615.1031825068535,1592.9940437356227,1595.75146484375,2236688,0.0,0.0,M&M.NS,1003
2024-01-17 00:00:00+05:30,1587.5282726832502,1590.4827297664076,1566.8470731011485,1573.4453125,2548169,0.0,0.0,M&M.NS,1004
2024-01-18 00:00:00+05:30,1575.710479788221,1598.6568117370045,1556.654255216716,1592.6986083984375,2328588,0.0,0.0,M&M.NS,1005
2024-01-19 00:00:00+05:30,1600.281677039302,1633.8148139846246,1597.6227136748387,1630.417236328125,2836976,0.0,0.0,M&M.NS,1006
2024-01-23 00:00:00+05:30,1594.4221413759753,1622.5879439189223,1564.1389537000575,1570.9833984375,2772880,0.0,0.0,M&M.NS,1007
2024-01-24 00:00:00+05:30,1570.7863042220763,1607.5201009907494,1551.089924231831,1603.3837890625,2543323,0.0,0.0,M&M.NS,1008
2024-01-25 00:00:00+05:30,1606.830690563864,1617.8114466910624,1579.551251769986,1610.6715087890625,2038472,0.0,0.0,M&M.NS,1009
2024-01-29 00:00:00+05:30,1610.6715856784729,1620.0273668242664,1600.330985464701,1615.103271484375,3075670,0.0,0.0,M&M.NS,1010
2024-01-30 00:00:00+05:30,1624.9020836065383,1634.3071532744655,1589.9410086193473,1595.75146484375,2569098,0.0,0.0,M&M.NS,1011
2024-01-31 00:00:00+05:30,1590.5320109394422,1633.1254336776694,1584.6230968023472,1626.4779052734375,3154787,0.0,0.0,M&M.NS,1012
2024-02-01 00:00:00+05:30,1634.061117236662,1676.7530018460573,1620.5691434424768,1626.0841064453125,4065784,0.0,0.0,M&M.NS,1013
2024-02-02 00:00:00+05:30,1629.8756202193567,1661.439120649448,1624.9515246899932,1635.538330078125,3304158,0.0,0.0,M&M.NS,1014
2024-02-05 00:00:00+05:30,1651.245989907379,1686.8472212469842,1639.8221134076418,1677.6884765625,3525423,0.0,0.0,M&M.NS,1015
2024-02-06 00:00:00+05:30,1684.9761785143187,1703.7370303165237,1680.1013720924793,1701.4227294921875,2219874,0.0,0.0,M&M.NS,1016
2024-02-07 00:00:00+05:30,1705.1648458389263,1725.4029248075246,1689.6539462580367,1694.87353515625,1213661,0.0,0.0,M&M.NS,1017
2024-02-08 00:00:00+05:30,1702.7521970519936,1717.4260254540604,1650.1136650738376,1660.3065185546875,2550690,0.0,0.0,M&M.NS,1018
2024-02-09 00:00:00+05:30,1660.4049387464913,1664.0980102294684,1603.2854331431126,1621.4061279296875,2033950,0.0,0.0,M&M.NS,1019
2024-02-12 00:00:00+05:30,1628.8906412586125,1649.6211294896705,1615.6448736713983,1635.24267578125,1197925,0.0,0.0,M&M.NS,1020
2024-02-13 00:00:00+05:30,1644.647898589314,1653.905222181695,1598.804521353143,1621.7508544921875,2075130,0.0,0.0,M&M.NS,1021
2024-02-14 00:00:00+05:30,1606.2398255589096,1654.151295042834,1599.2476345431962,1631.8944091796875,4368695,0.0,0.0,M&M.NS,1022
2024-02-15 00:00:00+05:30,1655.5300840153252,1757.8035165800657,1642.7766054037938,1738.2548828125,9887134,0.0,0.0,M&M.NS,1023
2024-02-16 00:00:00+05:30,1760.8564975081842,1836.342903282045,1749.8757408320787,1807.6846923828125,7188957,0.0,0.0,M&M.NS,1024
2024-02-19 00:00:00+05:30,1808.1770665508482,1828.2672790161287,1792.3706726965193,1820.4873046875,2682236,0.0,0.0,M&M.NS,1025
2024-02-20 00:00:00+05:30,1809.5065778556216,1831.763464727696,1792.8631115789087,1825.5098876953125,1830562,0.0,0.0,M&M.NS,1026
2024-02-21 00:00:00+05:30,1821.8167157972066,1861.0124403758111,1818.665222825991,1831.418701171875,4466234,0.0,0.0,M&M.NS,1027
2024-02-22 00:00:00+05:30,1842.5471054226798,1887.8980695784494,1824.8696520234048,1881.3489990234375,3360123,0.0,0.0,M&M.NS,1028
2024-02-23 00:00:00+05:30,1897.1061646992407,1918.2797744056634,1872.2394835323953,1900.6514892578125,3323441,0.0,0.0,M&M.NS,1029
2024-02-26 00:00:00+05:30,1905.6247949733702,1921.3818992212118,1895.973520534701,1900.5037841796875,2436063,0.0,0.0,M&M.NS,1030
2024-02-27 00:00:00+05:30,1896.761512242546,1927.2416141057852,1885.977791607163,1920.988037109375,2821465,0.0,0.0,M&M.NS,1031
2024-02-28 00:00:00+05:30,1922.317452889009,1923.4993078524608,1868.250984446038,1872.7811279296875,2010429,0.0,0.0,M&M.NS,1032
2024-02-29 00:00:00+05:30,1873.9630006294358,1921.2836064773126,1863.8194360284535,1903.064453125,5539065,0.0,0.0,M&M.NS,1033
2024-03-01 00:00:00+05:30,1904.2460524380012,1952.206811331151,1901.193137488317,1942.9986572265625,3384932,0.0,0.0,M&M.NS,1034
2024-03-04 00:00:00+05:30,1937.1391068396863,1944.968370343756,1889.9170806139148,1891.88671875,1645331,0.0,0.0,M&M.NS,1035
2024-03-05 00:00:00+05:30,1895.7766315656424,1938.1238498291866,1893.8562825452088,1909.810302734375,2208384,0.0,0.0,M&M.NS,1036
2024-03-06 00:00:00+05:30,1915.4730104533912,1949.8432185918493,1892.8221727976443,1940.733642578125,1673183,0.0,0.0,M&M.NS,1037
2024-03-07 00:00:00+05:30,1900.848484705021,1902.8181227752868,1855.6945559876153,1868.743408203125,18323831,0.0,0.0,M&M.NS,1038
2024-03-11 00:00:00+05:30,1883.9588180312358,1884.6481432703602,1844.8615503440096,1865.5919189453125,3250782,0.0,0.0,M&M.NS,1039
2024-03-12 00:00:00+05:30,1863.2776787014602,1869.531255746691,1848.1607300344995,1866.3798828125,3186510,0.0,0.0,M&M.NS,1040
2024-03-13 00:00:00+05:30,1867.216977236853,1872.5350243167215,1816.2525898043596,1825.55908203125,4270994,0.0,0.0,M&M.NS,1041
2024-03-14 00:00:00+05:30,1825.5590527258835,1866.8229955933207,1816.5972232777083,1861.8497314453125,2388133,0.0,0.0,M&M.NS,1042
2024-03-15 00:00:00+05:30,1846.535723220643,1853.5279144491378,1761.6443689919804,1772.181884765625,5504948,0.0,0.0,M&M.NS,1043
2024-03-18 00:00:00+05:30,1780.5036403628405,1839.0512078764998,1773.7084847595386,1827.87353515625,3404076,0.0,0.0,M&M.NS,1044
2024-03-19 00:00:00+05:30,1827.8735350694242,1836.6876179103276,1799.0675764507234,1815.907958984375,2189225,0.0,0.0,M&M.NS,1045
2024-03-20 00:00:00+05:30,1823.8355802055944,1830.8278915907963,1792.912358401855,1816.4002685546875,1550415,0.0,0.0,M&M.NS,1046
2024-03-21 00:00:00+05:30,1831.7142015819084,1846.5357768375268,1816.9912044081264,1837.524658203125,2072960,0.0,0.0,M&M.NS,1047
2024-03-22 00:00:00+05:30,1837.5245973651308,1876.523407637306,1819.2069871088088,1850.278076171875,3786990,0.0,0.0,M&M.NS,1048
2024-03-26 00:00:00+05:30,1849.6871140152023,1888.3905512356087,1832.8467320997686,1835.6534423828125,4092744,0.0,0.0,M&M.NS,1049
2024-03-27 00:00:00+05:30,1841.5131927509437,1871.057764685927,1827.134858452686,1852.5924072265625,4196597,0.0,0.0,M&M.NS,1050
2024-03-28 00:00:00+05:30,1852.5923301764794,1933.1504541717854,1841.9562366353764,1892.1820068359375,3790854,0.0,0.0,M&M.NS,1051
2024-04-01 00:00:00+05:30,1908.5793218447473,1934.036870283092,1863.0807297514152,1886.864013671875,2765845,0.0,0.0,M&M.NS,1052
2024-04-02 00:00:00+05:30,1886.8639295198443,1947.479587524345,1872.5840539096785,1942.0137939453125,3431715,0.0,0.0,M&M.NS,1053
2024-04-03 00:00:00+05:30,1937.1390730167363,1972.8880526493629,1926.5029791807171,1959.1005859375,3615370,0.0,0.0,M&M.NS,1054
2024-04-04 00:00:00+05:30,1968.6533366394171,1984.4104418851553,1933.3967655652089,1972.297119140625,3007920,0.0,0.0,M&M.NS,1055
2024-04-05 00:00:00+05:30,1965.0587532744428,1996.6714221179218,1962.0058381294218,1982.736328125,2767027,0.0,0.0,M&M.NS,1056
2024-04-08 00:00:00+05:30,1987.364889828332,2055.317405882918,1986.2816128911861,2046.5526123046875,2781568,0.0,0.0,M&M.NS,1057
2024-04-09 00:00:00+05:30,2063.1958130739067,2066.7903062642426,2038.6739160516756,2059.157958984375,2853137,0.0,0.0,M&M.NS,1058
2024-04-10 00:00:00+05:30,2066.593498393277,2076.589556064624,2038.5754443584076,2044.6812744140625,2280814,0.0,0.0,M&M.NS,1059
2024-04-12 00:00:00+05:30,2052.3628003217405,2055.8096668289986,2020.5038094309232,2039.5108642578125,4008660,0.0,0.0,M&M.NS,1060
2024-04-15 00:00:00+05:30,2024.049333688506,2052.2643030348668,2004.1067481114756,2022.276611328125,2024919,0.0,0.0,M&M.NS,1061
2024-04-16 00:00:00+05:30,2015.9737899357742,2042.2684092519355,1996.9667350744362,2000.462890625,1981730,0.0,0.0,M&M.NS,1062
2024-04-18 00:00:00+05:30,2000.4630479259133,2055.317422667299,1985.8876774358453,1994.2093505859375,3539862,0.0,0.0,M&M.NS,1063
2024-04-19 00:00:00+05:30,2003.1219847535467,2055.317395369052,1967.8654140245067,2051.279541015625,3253248,0.0,0.0,M&M.NS,1064
2024-04-22 00:00:00+05:30,2092.2973755255125,2100.619048469854,2033.6513525973976,2058.911865234375,2449171,0.0,0.0,M&M.NS,1065
2024-04-23 00:00:00+05:30,2064.1807014574338,2081.9074441226217,2025.6251323343843,2031.287841796875,2886136,0.0,0.0,M&M.NS,1066
2024-04-24 00:00:00+05:30,2023.803227893884,2059.1090884082537,2021.7843006745654,2027.2008056640625,1929834,0.0,0.0,M&M.NS,1067
2024-04-25 00:00:00+05:30,2028.727385687563,2081.858329085082,2010.9021836722873,2065.01806640625,3084498,0.0,0.0,M&M.NS,1068
2024-04-26 00:00:00+05:30,2067.6768289932525,2071.0744065376534,2007.8490733122433,2013.8564453125,2952484,0.0,0.0,M&M.NS,1069
2024-04-29 00:00:00+05:30,2014.4474120893087,2036.950624061746,1970.6229633784926,2030.7462158203125,2724604,0.0,0.0,M&M.NS,1070
2024-04-30 00:00:00+05:30,2041.5790328996163,2136.0723658661677,2041.5790328996163,2123.614501953125,5745143,0.0,0.0,M&M.NS,1071
2024-05-02 00:00:00+05:30,2132.2318649132335,2170.541230567572,2132.2318649132335,2151.977294921875,3347541,0.0,0.0,M&M.NS,1072
2024-05-03 00:00:00+05:30,2176.45017638687,2176.45017638687,2139.371834035285,2159.708251953125,3859227,0.0,0.0,M&M.NS,1073
2024-05-06 00:00:00+05:30,2167.045028994725,2205.9946704822955,2156.753718016173,2191.173095703125,2111447,0.0,0.0,M&M.NS,1074
2024-05-07 00:00:00+05:30,2202.055404938113,2202.9416459130557,2131.985625413572,2158.23095703125,1727823,0.0,0.0,M&M.NS,1075
2024-05-08 00:00:00+05:30,2158.427908409919,2161.6778594289585,2127.209191966538,2149.26904296875,1993202,0.0,0.0,M&M.NS,1076
2024-05-09 00:00:00+05:30,2152.3713115701594,2222.4903794769825,2151.829613008622,2178.96142578125,3998822,0.0,0.0,M&M.NS,1077
2024-05-10 00:00:00+05:30,2178.271969232853,2197.771192798124,2149.8598453276973,2159.75732421875,3045912,0.0,0.0,M&M.NS,1078
2024-05-13 00:00:00+05:30,2174.4805174831176,2174.529806523734,2127.209201885659,2151.091064453125,2575573,0.0,0.0,M&M.NS,1079
2024-05-14 00:00:00+05:30,2141.9814418053866,2245.7322252867993,2141.9814418053866,2235.440673828125,3830189,0.0,0.0,M&M.NS,1080
2024-05-15 00:00:00+05:30,2246.6676775411493,2281.973295133852,2221.7517082579507,2267.348876953125,2569084,0.0,0.0,M&M.NS,1081
2024-05-16 00:00:00+05:30,2284.238543466458,2357.5582751295924,2251.493309394092,2335.74462890625,7444517,0.0,0.0,M&M.NS,1082
2024-05-17 00:00:00+05:30,2388.530927091648,2519.1177860180997,2388.530927091648,2476.426025390625,9796445,0.0,0.0,M&M.NS,1083
2024-05-21 00:00:00+05:30,2465.0019187490216,2498.4364751933313,2429.5484352991753,2484.353515625,3747292,0.0,0.0,M&M.NS,1084
2024-05-22 00:00:00+05:30,2483.418356574427,2496.516499114245,2452.199638183223,2482.7783203125,2974921,0.0,0.0,M&M.NS,1085
2024-05-23 00:00:00+05:30,2481.7440316682923,2577.665311956656,2462.293855229622,2569.58984375,4715263,0.0,0.0,M&M.NS,1086
2024-05-24 00:00:00+05:30,2550.4843934843134,2565.453594779654,2533.3483979572375,2540.5869140625,2919241,0.0,0.0,M&M.NS,1087
2024-05-27 00:00:00+05:30,2541.965602045822,2550.4351420739204,2502.425213248318,2510.40234375,3328559,0.0,0.0,M&M.NS,1088
2024-05-28 00:00:00+05:30,2511.2886011253154,2542.753521981959,2509.318963006786,2514.046142578125,1549203,0.0,0.0,M&M.NS,1089
2024-05-29 00:00:00+05:30,2472.1418553782437,2508.3339530518424,2462.638448353327,2495.1865234375,2720451,0.0,0.0,M&M.NS,1090
2024-05-30 00:00:00+05:30,2479.7743063606,2493.0200741675185,2440.3815453381917,2455.646240234375,3367101,0.0,0.0,M&M.NS,1091
2024-05-31 00:00:00+05:30,2479.5283005620713,2530.19719540596,2457.271292624771,2468.202880859375,8769724,0.0,0.0,M&M.NS,1092
2024-06-03 00:00:00+05:30,2535.9581530272917,2614.0543459353344,2531.37860052687,2594.01318359375,2701157,0.0,0.0,M&M.NS,1093
2024-06-04 00:00:00+05:30,2594.259564792205,2598.937455247842,2411.033933700843,2533.8408203125,6372249,0.0,0.0,M&M.NS,1094
2024-06-05 00:00:00+05:30,2533.840947153239,2711.8962871805334,2532.7577904119985,2699.33984375,4242881,0.0,0.0,M&M.NS,1095
2024-06-06 00:00:00+05:30,2703.3282528164086,2719.971598344896,2630.3530661021664,2658.86376953125,4992660,0.0,0.0,M&M.NS,1096
2024-06-07 00:00:00+05:30,2627.842141522748,2824.067347187593,2627.842141522748,2814.0712890625,6447821,0.0,0.0,M&M.NS,1097
2024-06-10 00:00:00+05:30,2817.567239912259,2842.187715619287,2757.493279187111,2764.9287109375,2021106,0.0,0.0,M&M.NS,1098
2024-06-11 00:00:00+05:30,2778.174497066705,2811.6583442486503,2770.6897762287717,2792.503662109375,2298974,0.0,0.0,M&M.NS,1099
2024-06-12 00:00:00+05:30,2792.5037368081244,2805.3556736424357,2739.8159170389126,2745.232421875,2580846,0.0,0.0,M&M.NS,1100
2024-06-13 00:00:00+05:30,2806.734257143888,2835.3925873116177,2746.315513013741,2818.256591796875,2492637,0.0,0.0,M&M.NS,1101
2024-06-14 00:00:00+05:30,2831.354716992457,2901.2768682642704,2821.5065266724832,2884.14111328125,3515019,0.0,0.0,M&M.NS,1102
2024-06-18 00:00:00+05:30,2919.9885822072015,2967.7523077508945,2911.765246687281,2916.935546875,4887512,0.0,0.0,M&M.NS,1103
2024-06-19 00:00:00+05:30,2929.83673197665,2931.806370115794,2882.0237180620616,2889.3115234375,3512298,0.0,0.0,M&M.NS,1104
2024-06-20 00:00:00+05:30,2900.3415354595736,2909.8942326325514,2813.923659526413,2827.612548828125,4024418,0.0,0.0,M&M.NS,1105
2024-06-21 00:00:00+05:30,2840.9568571842437,2876.5579709549406,2782.1632058608006,2796.8369140625,8400461,0.0,0.0,M&M.NS,1106
2024-06-24 00:00:00+05:30,2793.439202554911,2879.5615793802335,2770.345244190196,2871.535400390625,2699784,0.0,0.0,M&M.NS,1107
2024-06-25 00:00:00+05:30,2876.8533346463296,2902.2617139924455,2847.1611367322216,2865.232421875,1910886,0.0,0.0,M&M.NS,1108
2024-06-26 00:00:00+05:30,2862.9181702392007,2868.7285062632977,2801.4162707405717,2808.21142578125,3282318,0.0,0.0,M&M.NS,1109
2024-06-27 00:00:00+05:30,2798.8555699379513,2860.8991663158863,2750.648728458151,2845.0927734375,6900180,0.0,0.0,M&M.NS,1110
2024-06-28 00:00:00+05:30,2811.658302246385,2852.0358820684874,2811.658302246385,2823.13134765625,2548169,0.0,0.0,M&M.NS,1111
2024-07-01 00:00:00+05:30,2797.870855271904,2850.115552732996,2795.1626029480753,2832.19189453125,1718501,0.0,0.0,M&M.NS,1112
2024-07-02 00:00:00+05:30,2846.323816693061,2847.1117199774294,2806.734141105387,2821.654052734375,1507890,0.0,0.0,M&M.NS,1113
2024-07-03 00:00:00+05:30,2827.4155652789345,2851.051223086909,2821.605228908212,2834.260009765625,1019710,0.0,0.0,M&M.NS,1114
2024-07-04 00:00:00+05:30,2846.126934619717,2877.641142892323,2841.252128614414,2858.732666015625,1502213,0.0,0.0,M&M.NS,1115
2024-07-05 00:00:00+05:30,2862.998466472152,2862.998466472152,2817.365088281674,2857.6416015625,1966103,21.1,0.0,M&M.NS,1116
2024-07-08 00:00:00+05:30,2857.6416325231335,2895.338771436734,2824.8053435915176,2828.624755859375,1631998,0.0,0.0,M&M.NS,1117
2024-07-09 00:00:00+05:30,2832.5927902342946,2916.5680279012136,2814.6369514158905,2902.18359375,2902129,0.0,0.0,M&M.NS,1118
2024-07-10 00:00:00+05:30,2906.647760662118,2906.647760662118,2676.3975118218455,2710.225830078125,14481615,0.0,0.0,M&M.NS,1119
2024-07-11 00:00:00+05:30,2735.9688823290912,2735.9688823290912,2669.552527310803,2676.54638671875,4314565,0.0,0.0,M&M.NS,1120
2024-07-12 00:00:00+05:30,2668.2133369196877,2700.603261060401,2665.7332619714625,2682.3994140625,3398732,0.0,0.0,M&M.NS,1121
2024-07-15 00:00:00+05:30,2701.1488501029403,2717.1700369404543,2686.5164083194895,2709.283447265625,2017720,0.0,0.0,M&M.NS,1122
2024-07-16 00:00:00+05:30,2732.992862104299,2744.7981638252827,2718.162062791897,2734.778564453125,1925983,0.0,0.0,M&M.NS,1123
2024-07-18 00:00:00+05:30,2734.034508649503,2803.4269543614964,2714.689924861889,2796.978759765625,4122844,0.0,0.0,M&M.NS,1124
2024-07-19 00:00:00+05:30,2797.4747572444453,2797.4747572444453,2721.1381024449315,2727.387939453125,2042568,0.0,0.0,M&M.NS,1125
2024-07-22 00:00:00+05:30,2729.1240363358197,2796.532422849909,2703.2816077566517,2782.39599609375,2208103,0.0,0.0,M&M.NS,1126
2024-07-23 00:00:00+05:30,2801.4925519956732,2831.749465181179,2721.5348419127736,2798.86376953125,2572524,0.0,0.0,M&M.NS,1127
2024-07-24 00:00:00+05:30,2800.500661542339,2807.8415865898132,2741.6235847626963,2783.14013671875,2276082,0.0,0.0,M&M.NS,1128
2024-07-25 00:00:00+05:30,2777.4855177553463,2804.468684105085,2759.628978556941,2788.992919921875,1857122,0.0,0.0,M&M.NS,1129
2024-07-26 00:00:00+05:30,2799.1118444819404,2874.3075220290307,2767.763600728381,2864.7841796875,2352661,0.0,0.0,M&M.NS,1130
2024-07-29 00:00:00+05:30,2876.8867916675545,2921.5281384348095,2852.5820584276044,2909.623779296875,2388937,0.0,0.0,M&M.NS,1131
2024-07-30 00:00:00+05:30,2921.5281798143556,2926.488329525416,2881.450267026915,2898.810791015625,2290006,0.0,0.0,M&M.NS,1132
2024-07-31 00:00:00+05:30,2913.5919821493057,2955.8525551728085,2850.0524149985067,2884.624755859375,4238740,0.0,0.0,M&M.NS,1133
2024-08-01 00:00:00+05:30,2903.175657131394,2903.175657131394,2797.6237670218666,2805.857421875,4971708,0.0,0.0,M&M.NS,1134
2024-08-02 00:00:00+05:30,2787.9018703594743,2787.9018703594743,2712.0612276673046,2727.735107421875,3041513,0.0,0.0,M&M.NS,1135
2024-08-05 00:00:00+05:30,2658.293005350739,2707.448138675949,2614.7926365957437,2657.5986328125,3731770,0.0,0.0,M&M.NS,1136
2024-08-06 00:00:00+05:30,2666.874289240377,2726.842454117056,2604.7731145533608,2611.96533203125,3069277,0.0,0.0,M&M.NS,1137
2024-08-07 00:00:00+05:30,2676.0008447045843,2683.193061988776,2639.791750791065,2659.483642578125,2479171,0.0,0.0,M&M.NS,1138
2024-08-08 00:00:00+05:30,2639.295626916683,2694.8493029577785,2635.3275071994617,2661.566650390625,2673182,0.0,0.0,M&M.NS,1139
2024-08-09 00:00:00+05:30,2712.209856953295,2742.9627851045575,2683.440988682759,2727.239013671875,2279076,0.0,0.0,M&M.NS,1140
2024-08-12 00:00:00+05:30,2727.239179395318,2735.0267117783114,2687.111614308192,2695.990234375,2321474,0.0,0.0,M&M.NS,1141
2024-08-13 00:00:00+05:30,2696.43685697053,2716.8228798438963,2682.5484368824914,2696.38720703125,1292521,0.0,0.0,M&M.NS,1142
2024-08-14 00:00:00+05:30,2707.051516244151,2749.857513926392,2693.659111225326,2723.370361328125,2609359,0.0,0.0,M&M.NS,1143
2024-08-16 00:00:00+05:30,2766.7716291304046,2822.3749582480204,2754.0239469407784,2817.8115234375,4376092,0.0,0.0,M&M.NS,1144
2024-08-19 00:00:00+05:30,2837.1064118408203,2837.1064118408203,2738.002714802525,2743.111572265625,2500718,0.0,0.0,M&M.NS,1145
2024-08-20 00:00:00+05:30,2757.5952511156265,2761.0177060011893,2726.5943152050722,2749.212646484375,1762399,0.0,0.0,M&M.NS,1146
2024-08-21 00:00:00+05:30,2751.891071350175,2758.7856310387847,2733.0425023683247,2747.32763671875,1497501,0.0,0.0,M&M.NS,1147
2024-08-22 00:00:00+05:30,2749.014300932306,2753.6271433380057,2702.3392431826874,2711.168212890625,2346622,0.0,0.0,M&M.NS,1148
2024-08-23 00:00:00+05:30,2711.1683125111367,2746.9310420866937,2703.5793799661824,2737.0107421875,1943539,0.0,0.0,M&M.NS,1149
2024-08-26 00:00:00+05:30,2742.9133212950455,2776.6919914955047,2731.1579110209364,2770.839111328125,2765969,0.0,0.0,M&M.NS,1150
2024-08-27 00:00:00+05:30,2775.6501798370828,2777.683889695287,2751.8414607825516,2758.636962890625,1604159,0.0,0.0,M&M.NS,1151
2024-08-28 00:00:00+05:30,2759.728171229661,2804.4688212876663,2758.637083542164,2775.699951171875,1851275,0.0,0.0,M&M.NS,1152
2024-08-29 00:00:00+05:30,2767.118776384046,2779.3205507418925,2719.7987550653484,2735.621826171875,2237121,0.0,0.0,M&M.NS,1153
2024-08-30 00:00:00+05:30,2757.8433072100943,2799.0622007622155,2742.962857710759,2783.040771484375,4895220,0.0,0.0,M&M.NS,1154
2024-09-02 00:00:00+05:30,2826.094986771696,2826.094986771696,2734.530573404303,2754.8671875,2270687,0.0,0.0,M&M.NS,1155
2024-09-03 00:00:00+05:30,2757.8433428779776,2775.7991823839957,2750.502417907957,2762.65478515625,1592710,0.0,0.0,M&M.NS,1156
2024-09-04 00:00:00+05:30,2738.9948361631423,2757.7441063274014,2709.333235974329,2727.685791015625,1697000,0.0,0.0,M&M.NS,1157
2024-09-05 00:00:00+05:30,2734.2330201300224,2738.0027825449547,2690.286042971224,2701.39697265625,2360312,0.0,0.0,M&M.NS,1158
2024-09-06 00:00:00+05:30,2701.2976410809906,2717.070820917417,2658.739651729622,2676.59619140625,2835519,0.0,0.0,M&M.NS,1159
2024-09-09 00:00:00+05:30,2666.7252837826136,2692.667012978482,2638.8493867668367,2687.260498046875,1269082,0.0,0.0,M&M.NS,1160
2024-09-10 00:00:00+05:30,2669.8005843038454,2693.3612954519053,2655.664157615009,2668.560546875,2034126,0.0,0.0,M&M.NS,1161
2024-09-11 00:00:00+05:30,2660.1282747543005,2686.4170680718426,2623.0264520067117,2633.095458984375,2034245,0.0,0.0,M&M.NS,1162
2024-09-12 00:00:00+05:30,2643.7599514765034,2729.669846402413,2614.5943663381445,2719.054931640625,3730285,0.0,0.0,M&M.NS,1163
2024-09-13 00:00:00+05:30,2733.042466170512,2736.564220872597,2690.1371715564014,2717.269287109375,2102332,0.0,0.0,M&M.NS,1164
2024-09-16 00:00:00+05:30,2718.360472814659,2762.1090913287017,2710.275525444641,2735.42333984375,1234752,0.0,0.0,M&M.NS,1165
2024-09-17 00:00:00+05:30,2742.962747939389,2771.2356008566667,2723.4198068179862,2765.43212890625,1387175,0.0,0.0,M&M.NS,1166
2024-09-18 00:00:00+05:30,2759.3314508979747,2825.301446038983,2755.512038511881,2785.818603515625,2526756,0.0,0.0,M&M.NS,1167
2024-09-19 00:00:00+05:30,2789.588292071604,2829.2694911053395,2769.946050110941,2775.203857421875,2807727,0.0,0.0,M&M.NS,1168
2024-09-20 00:00:00+05:30,2776.3942791109785,2936.4087646220855,2776.1959215523334,2927.331787109375,12492909,0.0,0.0,M&M.NS,1169
2024-09-23 00:00:00+05:30,2939.1366663341864,3032.5361870869665,2932.589171937808,3025.492919921875,3925490,0.0,0.0,M&M.NS,1170
2024-09-24 00:00:00+05:30,2995.93057458058,3073.854578858387,2995.93057458058,3049.7978515625,3697722,0.0,0.0,M&M.NS,1171
2024-09-25 00:00:00+05:30,3020.731277793649,3123.9023953274877,3010.364612980414,3066.414306640625,4218815,0.0,0.0,M&M.NS,1172
2024-09-26 00:00:00+05:30,3047.5160172239202,3171.718118966089,3021.375931070653,3155.74658203125,4753617,0.0,0.0,M&M.NS,1173
2024-09-27 00:00:00+05:30,3145.7270407807223,3196.4198692208993,3127.424136238795,3158.276123046875,6803795,0.0,0.0,M&M.NS,1174
2024-09-30 00:00:00+05:30,3137.9394425924897,3153.6632141935884,3062.396458702613,3070.2333984375,3554400,0.0,0.0,M&M.NS,1175
2024-10-01 00:00:00+05:30,3080.74895599129,3160.0617006714733,3071.126314083089,3140.270751953125,4028211,0.0,0.0,M&M.NS,1176
2024-10-03 00:00:00+05:30,3060.4123892558628,3145.7269647748267,3047.9623649708187,3104.905029296875,3237011,0.0,0.0,M&M.NS,1177
2024-10-04 00:00:00+05:30,3102.127463923846,3132.4340289017414,2985.514288835084,2993.40087890625,4281562,0.0,0.0,M&M.NS,1178
2024-10-07 00:00:00+05:30,3003.8667420740658,3042.5062608754542,2959.126093654679,3035.81005859375,2732276,0.0,0.0,M&M.NS,1179
2024-10-08 00:00:00+05:30,3049.5001148271017,3151.579901428586,3041.563875100811,3140.6181640625,6060165,0.0,0.0,M&M.NS,1180
2024-10-09 00:00:00+05:30,3139.5763629112894,3178.7615450465446,3119.9341219083262,3127.870361328125,2432656,0.0,0.0,M&M.NS,1181
2024-10-10 00:00:00+05:30,3130.84651317926,3194.6340872194346,3129.854483232118,3168.84130859375,2507231,0.0,0.0,M&M.NS,1182
2024-10-11 00:00:00+05:30,3174.4958093354744,3184.912123709856,3096.1254440425046,3109.369140625,1652856,0.0,0.0,M&M.NS,1183
2024-10-14 00:00:00+05:30,3125.886307106923,3148.7029954799664,3090.173229653464,3129.755126953125,2425178,0.0,0.0,M&M.NS,1184
2024-10-15 00:00:00+05:30,3151.679180053283,3167.5020094619276,3061.950118691862,3130.648193359375,2245701,0.0,0.0,M&M.NS,1185
2024-10-16 00:00:00+05:30,3112.9899472630786,3122.8109467770937,3027.8240801580882,3043.5478515625,1972106,0.0,0.0,M&M.NS,1186
2024-10-17 00:00:00+05:30,3030.6515810505507,3040.86953825705,2928.670850931719,2940.97216796875,3622197,0.0,0.0,M&M.NS,1187
2024-10-18 00:00:00+05:30,2921.8754868316764,2965.0287893128716,2891.469623789534,2940.624755859375,3407751,0.0,0.0,M&M.NS,1188
2024-10-21 00:00:00+05:30,2936.16069541889,2977.4786466748255,2869.843395233673,2974.30419921875,5059952,0.0,0.0,M&M.NS,1189
2024-10-22 00:00:00+05:30,2981.050147171847,2984.968617229165,2855.2606948522202,2864.18896484375,4195638,0.0,0.0,M&M.NS,1190
2024-10-23 00:00:00+05:30,2853.226772132832,2901.588230980345,2759.0832291209294,2771.235595703125,7913897,0.0,0.0,M&M.NS,1191
2024-10-24 00:00:00+05:30,2740.978779759051,2819.547504160087,2740.978779759051,2803.823974609375,3992102,0.0,0.0,M&M.NS,1192
2024-10-25 00:00:00+05:30,2802.4846176651263,2802.5342676017467,2657.945901929289,2699.164794921875,4532596,0.0,0.0,M&M.NS,1193
2024-10-28 00:00:00+05:30,2708.2419188663025,2812.305769713308,2692.2701388771093,2758.83544921875,2813985,0.0,0.0,M&M.NS,1194
2024-10-29 00:00:00+05:30,2739.986829790899,2775.650259458735,2681.010695380092,2725.007080078125,3156567,0.0,0.0,M&M.NS,1195
2024-10-30 00:00:00+05:30,2667.816481052345,2733.8857710651882,2647.7775249669007,2686.119384765625,5677865,0.0,0.0,M&M.NS,1196
2024-10-31 00:00:00+05:30,2686.1195447104064,2730.066521530106,2650.307407531937,2706.803466796875,3833325,0.0,0.0,M&M.NS,1197
2024-11-01 00:00:00+05:30,2757.8432841808585,2818.257811765744,2757.8432841808585,2795.193115234375,1061709,0.0,0.0,M&M.NS,1198
2024-11-04 00:00:00+05:30,2782.148109413808,2948.065125387942,2782.148109413808,2860.96484375,7559263,0.0,0.0,M&M.NS,1199
2024-11-05 00:00:00+05:30,2852.5822387513394,2884.823213454667,2799.6079341167238,2876.34130859375,3562624,0.0,0.0,M&M.NS,1200
2024-11-06 00:00:00+05:30,2886.8072366889055,2930.2581981749395,2862.403202346185,2911.16162109375,2902347,0.0,0.0,M&M.NS,1201
2024-11-07 00:00:00+05:30,2948.0650197332257,2948.8586921364476,2835.171962378425,2868.305908203125,4251557,0.0,0.0,M&M.NS,1202
2024-11-08 00:00:00+05:30,2886.8072914743225,2967.1120712981915,2828.5255291464473,2951.18994140625,4455563,0.0,0.0,M&M.NS,1203
2024-11-11 00:00:00+05:30,2938.740116011968,2985.613532692672,2866.0242698439965,2907.2431640625,2628672,0.0,0.0,M&M.NS,1204
2024-11-12 00:00:00+05:30,2907.838167614137,2922.4209595736393,2857.046282148242,2875.448486328125,2414528,0.0,0.0,M&M.NS,1205
2024-11-13 00:00:00+05:30,2853.0782943066242,2871.9268644011395,2760.7202039655695,2776.642333984375,3949602,0.0,0.0,M&M.NS,1206
2024-11-14 00:00:00+05:30,2792.564298033508,2819.7458216764066,2714.4419397847905,2784.826416015625,2478112,0.0,0.0,M&M.NS,1207
2024-11-18 00:00:00+05:30,2821.3331709673917,2851.7884419196735,2777.733503209442,2824.2099609375,2405351,0.0,0.0,M&M.NS,1208
2024-11-19 00:00:00+05:30,2822.3253087884914,2974.105896572196,2822.3253087884914,2925.44677734375,5230405,0.0,0.0,M&M.NS,1209
2024-11-21 00:00:00+05:30,2938.888686217872,2950.297030485047,2894.7433540535867,2912.847900390625,3821808,0.0,0.0,M&M.NS,1210
2024-11-22 00:00:00+05:30,2920.536108333793,3039.0836847420433,2873.6130442955828,2988.9365234375,4827125,0.0,0.0,M&M.NS,1211
2024-11-25 00:00:00+05:30,3050.4922452327405,3124.547187739079,2998.3113704363586,3021.32666015625,6299837,0.0,0.0,M&M.NS,1212
2024-11-26 00:00:00+05:30,3029.1634078734287,3043.6471418088117,2928.9683843937446,2961.40771484375,2144702,0.0,0.0,M&M.NS,1213
2024-11-27 00:00:00+05:30,3001.8331443626566,3045.5321145098164,2962.2512440520063,2980.851806640625,3593911,0.0,0.0,M&M.NS,1214
2024-11-28 00:00:00+05:30,2971.129700604098,2976.0402004182206,2868.9506157419205,2875.59716796875,4457143,0.0,0.0,M&M.NS,1215
2024-11-29 00:00:00+05:30,2879.8630167914685,2967.806377177945,2879.8630167914685,2942.460205078125,3542836,0.0,0.0,M&M.NS,1216
2024-12-02 00:00:00+05:30,2960.217456427566,3002.1307230274538,2938.2934970204665,2992.359130859375,2318823,0.0,0.0,M&M.NS,1217
2024-12-03 00:00:00+05:30,3017.457497907875,3017.457497907875,2963.8382298285637,3003.17236328125,2308865,0.0,0.0,M&M.NS,1218
2024-12-04 00:00:00+05:30,2979.066051927002,3027.5268136855943,2979.066051927002,3007.5869140625,3364025,0.0,0.0,M&M.NS,1219
2024-12-05 00:00:00+05:30,3025.6417903724314,3074.3009093514693,2992.012070913794,3047.119384765625,3797063,0.0,0.0,M&M.NS,1220
2024-12-06 00:00:00+05:30,3050.9881315321322,3074.3008355122997,3041.514197007612,3048.508056640625,2688767,0.0,0.0,M&M.NS,1221
2024-12-09 00:00:00+05:30,3038.984463544929,3048.5080479791836,3015.7710595043013,3026.931396484375,1879542,0.0,0.0,M&M.NS,1222
2024-12-10 00:00:00+05:30,3023.657623940532,3056.6922695645653,2981.347643642983,3042.45654296875,2061909,0.0,0.0,M&M.NS,1223
2024-12-11 00:00:00+05:30,3027.6754247775016,3090.1733119862115,3023.50894740255,3047.565673828125,2409385,0.0,0.0,M&M.NS,1224
2024-12-12 00:00:00+05:30,3060.214013637909,3061.4044011293927,3020.731173505833,3043.002197265625,1958999,0.0,0.0,M&M.NS,1225
2024-12-13 00:00:00+05:30,3026.683450126903,3068.448008902681,2976.0899214620486,3056.841064453125,2467964,0.0,0.0,M&M.NS,1226
2024-12-16 00:00:00+05:30,3064.777214367668,3067.5052967156726,3015.7710319759826,3060.263671875,2300493,0.0,0.0,M&M.NS,1227
2024-12-17 00:00:00+05:30,3030.750737134003,3069.0925970646617,3003.8666291432064,3017.259033203125,2564201,0.0,0.0,M&M.NS,1228
2024-12-18 00:00:00+05:30,3001.9820286790614,3037.595808193738,3000.444333766322,3026.8818359375,2014105,0.0,0.0,M&M.NS,1229
2024-12-19 00:00:00+05:30,2982.042084527656,3020.731253288993,2946.825020655157,2990.623046875,2372390,0.0,0.0,M&M.NS,1230
2024-12-20 00:00:00+05:30,2990.622926787257,3000.890533424168,2863.345680728781,2883.186279296875,8046336,0.0,0.0,M&M.NS,1231
2024-12-23 00:00:00+05:30,2894.7434051276664,2918.9488391219534,2868.0578962489317,2886.11279296875,2142508,0.0,0.0,M&M.NS,1232
2024-12-24 00:00:00+05:30,2886.2119272418695,2926.6867988691497,2877.680614729851,2905.358154296875,1858546,0.0,0.0,M&M.NS,1233
2024-12-26 00:00:00+05:30,2901.6876175618804,2960.6637499311414,2900.0508650145143,2951.933837890625,2162163,0.0,0.0,M&M.NS,1234
2024-12-27 00:00:00+05:30,2963.39188614965,3039.5798364955513,2954.3149087769457,3025.145751953125,2290315,0.0,0.0,M&M.NS,1235
2024-12-30 00:00:00+05:30,3003.916496748452,3020.334641724635,2967.2113866652467,2978.966796875,2336275,0.0,0.0,M&M.NS,1236
2024-12-31 00:00:00+05:30,2970.53432690849,2994.839060204899,2947.519280960648,2983.13330078125,1536411,0.0,0.0,M&M.NS,1237
2025-01-01 00:00:00+05:30,2983.1333335663185,3062.3467790676855,2971.328031947151,3057.436279296875,1686613,0.0,0.0,M&M.NS,1238
2025-01-02 00:00:00+05:30,3075.292940609911,3202.3720780336876,3060.4621408352887,3185.507568359375,4298090,0.0,0.0,M&M.NS,1239
2025-01-03 00:00:00+05:30,3189.376422744382,3211.2507324964145,3150.389595638589,3165.121337890625,2257218,0.0,0.0,M&M.NS,1240
2025-01-06 00:00:00+05:30,3184.0195716544536,3209.217036671877,3065.4719871467905,3080.947509765625,2657204,0.0,0.0,M&M.NS,1241
2025-01-07 00:00:00+05:30,3085.213247368235,3106.3435344467307,3057.188400346321,3084.072509765625,1978328,0.0,0.0,M&M.NS,1242
2025-01-08 00:00:00+05:30,3110.013828780857,3110.013828780857,3032.635494284874,3061.503662109375,2715102,0.0,0.0,M&M.NS,1243
2025-01-09 00:00:00+05:30,3079.06275460563,3132.7314321521985,3060.7598495911584,3101.581787109375,2434207,0.0,0.0,M&M.NS,1244
2025-01-10 00:00:00+05:30,3085.2131680664056,3124.497651264405,3030.6515203996364,3068.199951171875,2341303,0.0,0.0,M&M.NS,1245
2025-01-13 00:00:00+05:30,3029.3122954780797,3042.40728515983,2969.5921382550227,2975.74267578125,2207294,0.0,0.0,M&M.NS,1246
2025-01-14 00:00:00+05:30,2976.089830300049,3053.914530923433,2975.742522941923,3025.1953125,2851530,0.0,0.0,M&M.NS,1247
2025-01-15 00:00:00+05:30,3032.7349383945593,3039.5301984174966,2927.4804609975404,2936.65673828125,2440803,0.0,0.0,M&M.NS,1248
2025-01-16 00:00:00+05:30,2954.4140592970352,2973.5106368724996,2921.5283615450107,2956.8447265625,2598449,0.0,0.0,M&M.NS,1249
2025-01-17 00:00:00+05:30,2946.279262167889,2946.6762194594685,2879.962206214023,2894.0986328125,2002830,0.0,0.0,M&M.NS,1250
2025-01-20 00:00:00+05:30,2886.807146073031,2912.550274761421,2854.3678152416883,2865.081787109375,2905527,0.0,0.0,M&M.NS,1251
2025-01-21 00:00:00+05:30,2876.9862192320716,2883.83112916227,2786.5128920123034,2798.814208984375,3381309,0.0,0.0,M&M.NS,1252
2025-01-22 00:00:00+05:30,2825.3013902657644,2829.1702103197313,2783.4874233797523,2803.923095703125,3133157,0.0,0.0,M&M.NS,1253
2025-01-23 00:00:00+05:30,2803.923026730672,2876.2915637376304,2787.60418235832,2863.44482421875,2650506,0.0,0.0,M&M.NS,1254
2025-01-24 00:00:00+05:30,2852.0862590149627,2872.9188890808114,2767.7637087484336,2779.07275390625,2665366,0.0,0.0,M&M.NS,1255
2025-01-27 00:00:00+05:30,2750.204799507101,2824.210091707678,2732.199309807606,2809.0322265625,2022141,0.0,0.0,M&M.NS,1256
2025-01-28 00:00:00+05:30,2812.405070412617,2901.6877710606364,2761.8115400454058,2847.721435546875,2432787,0.0,0.0,M&M.NS,1257
2025-01-29 00:00:00+05:30,2860.9648122430553,2910.1199461886313,2833.5352801753156,2901.04296875,1808565,0.0,0.0,M&M.NS,1258
2025-01-30 00:00:00+05:30,2901.042868854463,2984.9188070153195,2895.7354117665523,2947.767333984375,3055352,0.0,0.0,M&M.NS,1259
2025-01-31 00:00:00+05:30,2946.3291036911505,3025.5427961683185,2931.5479535505624,2966.02099609375,2412370,0.0,0.0,M&M.NS,1260
2025-02-01 00:00:00+05:30,2966.169669858871,3074.2512888216206,2966.169669858871,3052.228271484375,2674573,0.0,0.0,M&M.NS,1261
2025-02-03 00:00:00+05:30,3032.2389386482932,3162.5419314150686,3020.4832864883597,3148.0087890625,3664084,0.0,0.0,M&M.NS,1262
2025-02-04 00:00:00+05:30,3199.2967306263213,3244.4837452916513,3112.8414135277903,3163.63330078125,3862456,0.0,0.0,M&M.NS,1263
2025-02-05 00:00:00+05:30,3163.6332403851457,3192.997182329855,3116.958181619888,3153.415283203125,2264208,0.0,0.0,M&M.NS,1264
2025-02-06 00:00:00+05:30,3144.7351105861917,3155.498733000355,3096.373647923391,3114.924560546875,2341341,0.0,0.0,M&M.NS,1265
2025-02-07 00:00:00+05:30,3142.7509873976887,3194.2868965961334,3085.213248360736,3172.958251953125,4790111,0.0,0.0,M&M.NS,1266
2025-02-10 00:00:00+05:30,3183.622603266351,3244.880455298883,3103.863488752934,3112.24609375,3852783,0.0,0.0,M&M.NS,1267
2025-02-11 00:00:00+05:30,3121.769504821768,3128.8624219949743,3046.6232370772786,3061.354736328125,2470280,0.0,0.0,M&M.NS,1268
2025-02-12 00:00:00+05:30,3044.093579762511,3050.492124560431,2931.54782932948,2963.391845703125,4609887,0.0,0.0,M&M.NS,1269
2025-02-13 00:00:00+05:30,3000.8408935749344,3022.715202008741,2947.370577132125,2954.26513671875,2481783,0.0,0.0,M&M.NS,1270
2025-02-14 00:00:00+05:30,2975.0978538757095,2995.9304830625683,2883.8807473750685,2919.1474609375,1959802,0.0,0.0,M&M.NS,1271
2025-02-17 00:00:00+05:30,2917.3617066313914,2931.4484833918077,2769.995610067944,2809.379150390625,4773279,0.0,0.0,M&M.NS,1272
2025-02-18 00:00:00+05:30,2821.333200210535,2822.3252301684147,2733.9352640433867,2767.813232421875,2301836,0.0,0.0,M&M.NS,1273
2025-02-19 00:00:00+05:30,2728.082414950537,2760.472096562841,2706.2577556309325,2735.42333984375,2671072,0.0,0.0,M&M.NS,1274
2025-02-20 00:00:00+05:30,2723.2214573709143,2821.8291355223178,2668.6101612924717,2816.8193359375,3799854,0.0,0.0,M&M.NS,1275
2025-02-21 00:00:00+05:30,2792.7626155477847,2792.7626155477847,2632.2027164037945,2648.0751953125,8940621,0.0,0.0,M&M.NS,1276
2025-02-24 00:00:00+05:30,2647.7278673659985,2695.14694617592,2610.179437861698,2687.607421875,6167313,0.0,0.0,M&M.NS,1277
2025-02-25 00:00:00+05:30,2718.162019336489,2781.602285180946,2706.406367739902,2755.71044921875,4916248,0.0,0.0,M&M.NS,1278
2025-02-27 00:00:00+05:30,2814.3889965829894,2817.365086463056,2681.9529969200253,2704.8193359375,2669767,0.0,0.0,M&M.NS,1279
2025-02-28 00:00:00+05:30,2673.6201251631455,2677.488945249453,2551.699493973278,2564.496826171875,7549863,0.0,0.0,M&M.NS,1280
2025-03-03 00:00:00+05:30,2592.9680100913397,2674.463176068161,2574.317798028891,2591.0830078125,4340806,0.0,0.0,M&M.NS,1281
2025-03-04 00:00:00+05:30,2540.5886212639016,2606.360253299035,2529.6762921604645,2592.521484375,1984876,0.0,0.0,M&M.NS,1282
2025-03-05 00:00:00+05:30,2640.7340163715703,2715.0866109790786,2621.5877903369205,2704.868896484375,3665710,0.0,0.0,M&M.NS,1283
2025-03-06 00:00:00+05:30,2726.0984336149177,2744.7982959490487,2673.520843738065,2720.54296875,3706264,0.0,0.0,M&M.NS,1284
2025-03-07 00:00:00+05:30,2699.6112859240566,2743.905328521271,2686.5165383703697,2706.109130859375,1886774,0.0,0.0,M&M.NS,1285
2025-03-10 00:00:00+05:30,2673.520778059323,2712.854669622974,2643.859178735405,2681.060302734375,2520931,0.0,0.0,M&M.NS,1286
2025-03-11 00:00:00+05:30,2663.352525816283,2663.6005333147295,2592.3230813832943,2624.5146484375,3616140,0.0,0.0,M&M.NS,1287
2025-03-12 00:00:00+05:30,2624.514494107862,2656.6561671385602,2615.0902097210746,2632.153076171875,3447155,0.0,0.0,M&M.NS,1288
2025-03-13 00:00:00+05:30,2655.763455281349,2664.939732247182,2597.432046237956,2622.43115234375,2446428,0.0,0.0,M&M.NS,1289
2025-03-17 00:00:00+05:30,2613.99903648766,2705.31544595459,2613.99903648766,2683.58984375,2527623,0.0,0.0,M&M.NS,1290
2025-03-18 00:00:00+05:30,2683.58984375,2683.58984375,2683.58984375,2683.58984375,0,0.0,0.0,M&M.NS,1291
2025-03-19 00:00:00+05:30,2772.723729477036,2809.329538007949,2757.396915082217,2766.870849609375,2438912,0.0,0.0,M&M.NS,1292
2025-03-20 00:00:00+05:30,2781.4040319156816,2824.3093281726065,2778.675949494721,2805.56005859375,2354374,0.0,0.0,M&M.NS,1293
2025-03-21 00:00:00+05:30,2816.4724037416436,2869.9427226081257,2759.0833727113204,2779.519287109375,3824316,0.0,0.0,M&M.NS,1294
2025-03-24 00:00:00+05:30,2792.8619619992596,2799.6572218284987,2687.805845153216,2752.58544921875,5395134,0.0,0.0,M&M.NS,1295
2025-03-25 00:00:00+05:30,2752.5856045247733,2780.114437144424,2703.3314116886268,2714.194091796875,3576766,0.0,0.0,M&M.NS,1296
2025-03-26 00:00:00+05:30,2729.372207113055,2772.7238699865816,2715.2357795111557,2720.394287109375,3111504,0.0,0.0,M&M.NS,1297
2025-03-27 00:00:00+05:30,2713.2018332790203,2729.074312011183,2674.0663013439935,2711.2177734375,4325599,0.0,0.0,M&M.NS,1298
2025-03-28 00:00:00+05:30,2713.995562709942,2717.8643826043176,2613.9988961561635,2644.553466796875,6074446,0.0,0.0,M&M.NS,1299
2025-04-01 00:00:00+05:30,2631.657124130426,2706.257728621197,2602.243290524088,2616.875732421875,3300417,0.0,0.0,M&M.NS,1300
2025-04-02 00:00:00+05:30,2610.1300199068187,2638.7995877225744,2604.3761979307183,2616.528564453125,2243574,0.0,0.0,M&M.NS,1301
2025-04-03 00:00:00+05:30,2586.966256155402,2631.2602991825,2579.5260310873678,2590.63671875,2361203,0.0,0.0,M&M.NS,1302
2025-04-04 00:00:00+05:30,2594.108723332173,2610.52686778552,2536.6702849090243,2575.85546875,3598415,0.0,0.0,M&M.NS,1303
2025-04-07 00:00:00+05:30,2405.672549234822,2504.5282336069004,2405.672549234822,2471.39453125,3937471,0.0,0.0,M&M.NS,1304
2025-04-08 00:00:00+05:30,2489.995264523981,2529.676463958626,2434.4415853154774,2503.536376953125,4253527,0.0,0.0,M&M.NS,1305
2025-04-09 00:00:00+05:30,2519.756176764347,2551.451486533107,2495.8978070453895,2502.990966796875,3347213,0.0,0.0,M&M.NS,1306
2025-04-11 00:00:00+05:30,2528.684431069624,2583.24608022962,2511.869571267462,2559.78466796875,3600209,0.0,0.0,M&M.NS,1307
2025-04-15 00:00:00+05:30,2585.230176999185,2668.560696902459,2585.230176999185,2624.911376953125,3287861,0.0,0.0,M&M.NS,1308
2025-04-16 00:00:00+05:30,2638.799759658733,2643.7599095829037,2597.432157730115,2613.602294921875,3070954,0.0,0.0,M&M.NS,1309
2025-04-17 00:00:00+05:30,2611.0227996408507,2661.4179689847347,2581.658616566358,2658.044921875,2638979,0.0,0.0,M&M.NS,1310
2025-04-21 00:00:00+05:30,2678.3814882766324,2751.891002340358,2644.6524709444143,2741.970703125,3120955,0.0,0.0,M&M.NS,1311
2025-04-22 00:00:00+05:30,2742.9628471383867,2799.5085550179124,2734.0345774731986,2794.647705078125,3193757,0.0,0.0,M&M.NS,1312
2025-04-23 00:00:00+05:30,2807.444884070858,2899.703673547391,2803.476764093373,2894.545166015625,3906215,0.0,0.0,M&M.NS,1313
2025-04-24 00:00:00+05:30,2894.5450714587305,2904.6637286318046,2842.165841028046,2878.275634765625,2488496,0.0,0.0,M&M.NS,1314
2025-04-25 00:00:00+05:30,2878.2755351818114,2916.1712721735707,2808.5360250244426,2841.3720703125,2299310,0.0,0.0,M&M.NS,1315
2025-04-28 00:00:00+05:30,2895.6362195095176,2921.528298934882,2859.3280674610387,2907.2431640625,1864672,0.0,0.0,M&M.NS,1316
2025-04-29 00:00:00+05:30,2926.4883129510827,2945.8328967146576,2878.6725184462334,2886.410400390625,2051228,0.0,0.0,M&M.NS,1317
2025-04-30 00:00:00+05:30,2885.616919482819,2925.397177263029,2863.9906169910637,2905.45751953125,2689753,0.0,0.0,M&M.NS,1318
2025-05-02 00:00:00+05:30,2926.48833766527,2976.089834913834,2887.005497416451,2893.94970703125,2868096,0.0,0.0,M&M.NS,1319
2025-05-05 00:00:00+05:30,2925.396986669802,3019.7391306315158,2914.2862998055202,2997.41845703125,4049197,0.0,0.0,M&M.NS,1320
2025-05-06 00:00:00+05:30,3125.489635144685,3134.516962308668,3031.643505663436,3043.944580078125,5683215,0.0,0.0,M&M.NS,1321
2025-05-07 00:00:00+05:30,2997.815243470502,3100.0936293685554,2997.815243470502,3095.0341796875,2942902,0.0,0.0,M&M.NS,1322
2025-05-08 00:00:00+05:30,3102.4745041428077,3111.998088956338,2984.5222348183433,3008.92626953125,3323894,0.0,0.0,M&M.NS,1323
2025-05-09 00:00:00+05:30,2937.996148645794,3032.735013767293,2931.4486537594676,2958.332763671875,2308852,0.0,0.0,M&M.NS,1324
2025-05-12 00:00:00+05:30,3020.4335255566752,3087.3955468542435,3009.521196160035,3079.955322265625,2166730,0.0,0.0,M&M.NS,1325
2025-05-13 00:00:00+05:30,3025.691419302203,3086.205247688247,3010.8109696990773,3029.461181640625,2681662,0.0,0.0,M&M.NS,1326
2025-05-14 00:00:00+05:30,3013.291037690517,3085.213210606587,2993.9464532510224,3077.07861328125,2236302,0.0,0.0,M&M.NS,1327
2025-05-15 00:00:00+05:30,3060.4123230178493,3145.4292392734196,3048.507963900762,3119.23974609375,3590003,0.0,0.0,M&M.NS,1328
2025-05-16 00:00:00+05:30,3110.0140601201333,3124.398495166941,3090.173460055571,3110.609375,2269659,0.0,0.0,M&M.NS,1329
2025-05-19 00:00:00+05:30,3090.173434284337,3131.8386940724404,3078.864389219781,3103.06982421875,2011149,0.0,0.0,M&M.NS,1330
2025-05-20 00:00:00+05:30,3103.2680293156227,3110.311538811685,3024.798605886781,3039.083740234375,2667772,0.0,0.0,M&M.NS,1331
2025-05-21 00:00:00+05:30,3038.587713565781,3107.037779591259,3023.8065643019713,3066.06689453125,1395136,0.0,0.0,M&M.NS,1332
2025-05-22 00:00:00+05:30,3052.0796013365434,3065.174348925289,2956.7454212568737,2982.33984375,3870830,0.0,0.0,M&M.NS,1333
2025-05-23 00:00:00+05:30,2995.9305881133573,3006.6445605098133,2960.4158658153005,2988.688720703125,1828093,0.0,0.0,M&M.NS,1334
2025-05-26 00:00:00+05:30,3013.787018886935,3076.284906375374,3003.5690618585927,3055.650634765625,2164190,0.0,0.0,M&M.NS,1335
2025-05-27 00:00:00+05:30,3055.6506678516926,3060.4124601508584,2990.573647079151,3015.57275390625,2599143,0.0,0.0,M&M.NS,1336
2025-05-28 00:00:00+05:30,3015.4734292634766,3020.5328789513123,2969.1456784430707,2973.907470703125,1491995,0.0,0.0,M&M.NS,1337
2025-05-29 00:00:00+05:30,2975.097767082866,3004.759365181861,2963.391765442311,2985.01806640625,2093429,0.0,0.0,M&M.NS,1338
2025-05-30 00:00:00+05:30,2981.0501487209067,2993.351223837699,2933.432708741338,2953.074951171875,3700191,0.0,0.0,M&M.NS,1339
2025-06-02 00:00:00+05:30,2953.0749201156655,3014.283122006738,2938.6904852731127,3001.783447265625,2967741,0.0,0.0,M&M.NS,1340
2025-06-03 00:00:00+05:30,3017.7551035127403,3040.3734347788195,3002.8746542843737,3022.21923828125,3204094,0.0,0.0,M&M.NS,1341
2025-06-04 00:00:00+05:30,3020.8305540015576,3062.39651280439,3015.870404158985,3029.064208984375,1584653,0.0,0.0,M&M.NS,1342
2025-06-05 00:00:00+05:30,3053.468191807066,3070.332700988586,2970.931348251763,3017.3583984375,3504632,0.0,0.0,M&M.NS,1343
2025-06-06 00:00:00+05:30,3017.358321442344,3088.089861448809,3002.8745876369358,3081.740966796875,2028071,0.0,0.0,M&M.NS,1344
2025-06-09 00:00:00+05:30,3105.0537862199794,3115.966115820114,3053.4682281102546,3062.793212890625,1364639,0.0,0.0,M&M.NS,1345
2025-06-10 00:00:00+05:30,3077.277036693918,3082.137886779174,3035.413419449941,3043.052001953125,1787253,0.0,0.0,M&M.NS,1346
2025-06-11 00:00:00+05:30,3060.4125058931113,3099.10167533552,3051.4842360217863,3056.146728515625,1749787,0.0,0.0,M&M.NS,1347
2025-06-12 00:00:00+05:30,3063.388426430681,3069.340606015715,2983.034002032726,2995.13671875,2278398,0.0,0.0,M&M.NS,1348
2025-06-13 00:00:00+05:30,2908.631776810961,2994.44236640651,2908.631776810961,2982.0419921875,2003184,0.0,0.0,M&M.NS,1349
2025-06-16 00:00:00+05:30,2977.0819786339007,3020.731297880782,2964.2848887326295,2999.501953125,1673726,0.0,0.0,M&M.NS,1350
2025-06-17 00:00:00+05:30,3018.747142579605,3018.747142579605,2970.1376749534465,2983.232421875,1455355,0.0,0.0,M&M.NS,1351
2025-06-18 00:00:00+05:30,2976.0897778529916,3050.3927224287986,2962.7966737231704,3016.8623046875,2161043,0.0,0.0,M&M.NS,1352
2025-06-19 00:00:00+05:30,3013.78692885251,3082.13769418589,3010.0171666776564,3070.13427734375,2482920,0.0,0.0,M&M.NS,1353
2025-06-20 00:00:00+05:30,3075.292790123237,3177.4718731499124,3065.67014821891,3159.02001953125,8315834,0.0,0.0,M&M.NS,1354
2025-06-23 00:00:00+05:30,3138.386069671237,3159.0200990264307,3097.8118991023425,3110.013916015625,1731432,0.0,0.0,M&M.NS,1355
2025-06-24 00:00:00+05:30,3129.9538021095764,3190.9636442292385,3111.79960552769,3124.99365234375,2834887,0.0,0.0,M&M.NS,1356
2025-06-25 00:00:00+05:30,3154.655251115204,3199.792613984934,3135.310667028177,3189.872314453125,2078771,0.0,0.0,M&M.NS,1357
2025-06-26 00:00:00+05:30,3200.189278928195,3212.192938051462,3158.1273064505344,3190.169921875,2907261,0.0,0.0,M&M.NS,1358
2025-06-27 00:00:00+05:30,3179.4559336963066,3215.6650262329417,3161.6986947822907,3177.76953125,5098406,0.0,0.0,M&M.NS,1359
2025-06-30 00:00:00+05:30,3179.852851450725,3194.138228706202,3135.806816518025,3157.829833984375,2083572,0.0,0.0,M&M.NS,1360
2025-07-01 00:00:00+05:30,3162.5914363148963,3192.352334398161,3142.94919514098,3150.786376953125,1407074,0.0,0.0,M&M.NS,1361
2025-07-02 00:00:00+05:30,3142.7508768259927,3177.1742675997393,3128.5648001235795,3139.97314453125,1559309,0.0,0.0,M&M.NS,1362
2025-07-03 00:00:00+05:30,3139.973226191099,3195.3285471955746,3139.5765110793095,3149.099853515625,2102806,0.0,0.0,M&M.NS,1363
2025-07-04 00:00:00+05:30,3161.10009765625,3177.0,3134.10009765625,3162.5,968006,25.3,0.0,M&M.NS,1364
2025-07-07 00:00:00+05:30,3162.5,3173.0,3152.10009765625,3160.199951171875,853459,0.0,0.0,M&M.NS,1365
2025-07-08 00:00:00+05:30,3150.0,3168.0,3123.0,3157.89990234375,1513129,0.0,0.0,M&M.NS,1366
2025-07-09 00:00:00+05:30,3145.0,3189.0,3141.0,3176.300048828125,1245661,0.0,0.0,M&M.NS,1367
2025-07-10 00:00:00+05:30,3172.10009765625,3192.60009765625,3137.60009765625,3162.39990234375,1701384,0.0,0.0,M&M.NS,1368
2025-07-11 00:00:00+05:30,3158.0,3162.39990234375,3062.39990234375,3073.199951171875,3041614,0.0,0.0,M&M.NS,1369
2025-07-14 00:00:00+05:30,3072.800048828125,3104.800048828125,3053.60009765625,3092.10009765625,2958843,0.0,0.0,M&M.NS,1370
2025-07-15 00:00:00+05:30,3086.10009765625,3148.300048828125,3082.89990234375,3128.60009765625,2826720,0.0,0.0,M&M.NS,1371
2025-07-16 00:00:00+05:30,3128.60009765625,3210.0,3082.39990234375,3196.5,2892812,0.0,0.0,M&M.NS,1372
2025-07-17 00:00:00+05:30,3186.300048828125,3238.0,3171.0,3195.0,3267180,0.0,0.0,M&M.NS,1373
2025-07-18 00:00:00+05:30,3208.0,3252.0,3176.699951171875,3192.39990234375,2040381,0.0,0.0,M&M.NS,1374
2025-07-21 00:00:00+05:30,3177.0,3253.60009765625,3152.800048828125,3246.699951171875,2436535,0.0,0.0,M&M.NS,1375
2025-07-22 00:00:00+05:30,3246.699951171875,3271.89990234375,3210.5,3257.199951171875,1854072,0.0,0.0,M&M.NS,1376
2025-07-23 00:00:00+05:30,3260.0,3303.0,3248.0,3268.800048828125,2159800,0.0,0.0,M&M.NS,1377
2025-07-24 00:00:00+05:30,3255.0,3286.5,3243.699951171875,3260.89990234375,1469406,0.0,0.0,M&M.NS,1378
2025-07-25 00:00:00+05:30,3256.0,3259.0,3214.0,3246.39990234375,1475856,0.0,0.0,M&M.NS,1379
2025-07-28 00:00:00+05:30,3246.39990234375,3256.89990234375,3199.199951171875,3209.800048828125,1939520,0.0,0.0,M&M.NS,1380
2025-07-29 00:00:00+05:30,3203.0,3225.89990234375,3186.60009765625,3199.39990234375,1824673,0.0,0.0,M&M.NS,1381
2025-07-30 00:00:00+05:30,3195.0,3241.60009765625,3151.89990234375,3208.89990234375,2199654,0.0,0.0,M&M.NS,1382
2025-07-31 00:00:00+05:30,3225.0,3238.199951171875,3135.60009765625,3203.10009765625,4465859,0.0,0.0,M&M.NS,1383
2025-08-01 00:00:00+05:30,3205.0,3205.0,3116.699951171875,3159.300048828125,3781457,0.0,0.0,M&M.NS,1384
2025-08-04 00:00:00+05:30,3170.0,3223.0,3160.0,3200.199951171875,2684012,0.0,0.0,M&M.NS,1385
2025-08-05 00:00:00+05:30,3195.0,3222.0,3170.10009765625,3212.199951171875,1805644,0.0,0.0,M&M.NS,1386
2025-08-06 00:00:00+05:30,3212.199951171875,3240.10009765625,3178.60009765625,3227.5,1866321,0.0,0.0,M&M.NS,1387
2025-08-07 00:00:00+05:30,3198.0,3229.60009765625,3161.10009765625,3211.10009765625,2374621,0.0,0.0,M&M.NS,1388
2025-08-08 00:00:00+05:30,3207.0,3214.89990234375,3135.60009765625,3144.199951171875,1721037,0.0,0.0,M&M.NS,1389
2025-08-11 00:00:00+05:30,3150.89990234375,3230.0,3130.300048828125,3186.199951171875,2046761,0.0,0.0,M&M.NS,1390
2025-08-12 00:00:00+05:30,3186.10009765625,3253.0,3185.10009765625,3236.5,3315978,0.0,0.0,M&M.NS,1391
2025-08-13 00:00:00+05:30,3255.0,3300.0,3238.699951171875,3282.199951171875,2436029,0.0,0.0,M&M.NS,1392
2025-08-14 00:00:00+05:30,3273.199951171875,3313.5,3262.0,3265.39990234375,1508721,0.0,0.0,M&M.NS,1393
2025-08-18 00:00:00+05:30,3350.0,3432.0,3335.300048828125,3383.10009765625,5787481,0.0,0.0,M&M.NS,1394
2025-08-19 00:00:00+05:30,3400.0,3403.89990234375,3338.10009765625,3354.0,2596242,0.0,0.0,M&M.NS,1395
2025-08-20 00:00:00+05:30,3354.10009765625,3404.199951171875,3335.0,3395.60009765625,2957816,0.0,0.0,M&M.NS,1396
2025-08-21 00:00:00+05:30,3410.0,3410.0,3370.0,3375.10009765625,1964795,0.0,0.0,M&M.NS,1397
2025-08-22 00:00:00+05:30,3380.0,3420.0,3375.39990234375,3403.0,2509867,0.0,0.0,M&M.NS,1398
2025-08-25 00:00:00+05:30,3428.0,3429.0,3381.800048828125,3398.89990234375,1859862,0.0,0.0,M&M.NS,1399
2025-08-26 00:00:00+05:30,3395.0,3414.0,3318.10009765625,3330.800048828125,3122442,0.0,0.0,M&M.NS,1400
2025-08-28 00:00:00+05:30,3375.0,3375.0,3287.300048828125,3295.300048828125,2936428,0.0,0.0,M&M.NS,1401
2025-08-29 00:00:00+05:30,3271.0,3280.0,3187.0,3199.5,3017625,0.0,0.0,M&M.NS,1402
2025-09-01 00:00:00+05:30,3191.10009765625,3324.89990234375,3191.10009765625,3315.39990234375,3525726,0.0,0.0,M&M.NS,1403
2025-09-02 00:00:00+05:30,3325.0,3330.0,3223.0,3234.5,3073407,0.0,0.0,M&M.NS,1404
2025-09-03 00:00:00+05:30,3269.0,3293.699951171875,3232.800048828125,3286.0,2672659,0.0,0.0,M&M.NS,1405
2025-09-04 00:00:00+05:30,3527.0,3550.0,3463.39990234375,3481.5,7600320,0.0,0.0,M&M.NS,1406
2025-09-05 00:00:00+05:30,3511.0,3577.800048828125,3481.5,3561.300048828125,3700943,0.0,0.0,M&M.NS,1407
2025-09-08 00:00:00+05:30,3561.300048828125,3561.300048828125,3561.300048828125,3561.300048828125,0,0.0,0.0,M&M.NS,1408
2025-09-09 00:00:00+05:30,3702.199951171875,3723.800048828125,3673.10009765625,3696.300048828125,2879258,0.0,0.0,M&M.NS,1409
2025-09-10 00:00:00+05:30,3702.0,3708.89990234375,3591.39990234375,3604.39990234375,2298202,0.0,0.0,M&M.NS,1410
2025-09-11 00:00:00+05:30,3620.0,3647.89990234375,3580.0,3595.699951171875,1949934,0.0,0.0,M&M.NS,1411
2025-09-12 00:00:00+05:30,3594.89990234375,3641.0,3582.0,3589.89990234375,2839264,0.0,0.0,M&M.NS,1412
2025-09-15 00:00:00+05:30,3590.0,3603.39990234375,3526.60009765625,3530.300048828125,2550444,0.0,0.0,M&M.NS,1413
2025-09-16 00:00:00+05:30,3545.0,3619.89990234375,3528.89990234375,3608.0,2465043,0.0,0.0,M&M.NS,1414
2025-09-17 00:00:00+05:30,3608.0,3644.89990234375,3593.10009765625,3633.199951171875,2237804,0.0,0.0,M&M.NS,1415
2025-09-18 00:00:00+05:30,3636.10009765625,3650.0,3603.300048828125,3642.199951171875,2480472,0.0,0.0,M&M.NS,1416
2025-09-19 00:00:00+05:30,3601.0,3636.699951171875,3584.5,3592.10009765625,4018342,0.0,0.0,M&M.NS,1417
2025-09-22 00:00:00+05:30,3600.0,3616.60009765625,3569.300048828125,3584.800048828125,1664133,0.0,0.0,M&M.NS,1418
2025-09-23 00:00:00+05:30,3610.0,3679.199951171875,3606.800048828125,3614.60009765625,2523224,0.0,0.0,M&M.NS,1419
2025-09-24 00:00:00+05:30,3614.5,3626.300048828125,3568.0,3574.89990234375,1320014,0.0,0.0,M&M.NS,1420
2025-09-25 00:00:00+05:30,3579.89990234375,3584.10009765625,3521.800048828125,3530.0,2106344,0.0,0.0,M&M.NS,1421
2025-09-26 00:00:00+05:30,3510.0,3547.5,3391.60009765625,3396.5,3046760,0.0,0.0,M&M.NS,1422
2025-09-29 00:00:00+05:30,3419.0,3458.0,3405.0,3418.10009765625,3175716,0.0,0.0,M&M.NS,1423
2025-09-30 00:00:00+05:30,3420.0,3454.0,3393.10009765625,3427.0,2611078,0.0,0.0,M&M.NS,1424
2025-10-01 00:00:00+05:30,3419.199951171875,3501.0,3415.5,3463.39990234375,2364844,0.0,0.0,M&M.NS,1425
2025-10-03 00:00:00+05:30,3462.10009765625,3492.39990234375,3404.199951171875,3462.0,2357702,0.0,0.0,M&M.NS,1426
2025-10-06 00:00:00+05:30,3462.0,3480.0,3425.10009765625,3472.0,1156082,0.0,0.0,M&M.NS,1427
2025-10-07 00:00:00+05:30,3468.10009765625,3521.39990234375,3465.10009765625,3492.800048828125,1508939,0.0,0.0,M&M.NS,1428
2025-10-08 00:00:00+05:30,3500.0,3509.699951171875,3422.60009765625,3426.5,1444911,0.0,0.0,M&M.NS,1429
2025-10-09 00:00:00+05:30,3450.0,3475.0,3424.0,3442.89990234375,1997853,0.0,0.0,M&M.NS,1430
2025-10-10 00:00:00+05:30,3425.0,3473.89990234375,3395.699951171875,3454.89990234375,1416272,0.0,0.0,M&M.NS,1431
2025-10-13 00:00:00+05:30,3432.0,3470.0,3432.0,3459.699951171875,1090517,0.0,0.0,M&M.NS,1432
2025-10-14 00:00:00+05:30,3469.89990234375,3487.10009765625,3428.0,3459.800048828125,1518505,0.0,0.0,M&M.NS,1433
2025-10-15 00:00:00+05:30,3461.0,3500.0,3460.0,3497.199951171875,1319445,0.0,0.0,M&M.NS,1434
2025-10-16 00:00:00+05:30,3503.0,3573.199951171875,3498.300048828125,3560.800048828125,2125552,0.0,0.0,M&M.NS,1435
2025-10-17 00:00:00+05:30,3561.0,3656.0,3560.10009765625,3647.199951171875,3339579,0.0,0.0,M&M.NS,1436
2025-10-20 00:00:00+05:30,3674.0,3676.0,3593.0,3599.10009765625,2827250,0.0,0.0,M&M.NS,1437
2025-10-21 00:00:00+05:30,3608.199951171875,3628.10009765625,3604.300048828125,3621.199951171875,286950,0.0,0.0,M&M.NS,1438
2025-10-23 00:00:00+05:30,3632.10009765625,3650.0,3600.0,3623.60009765625,3724956,0.0,0.0,M&M.NS,1439
2025-10-24 00:00:00+05:30,3630.0,3655.300048828125,3615.10009765625,3625.0,1654500,0.0,0.0,M&M.NS,1440
2025-10-27 00:00:00+05:30,3626.800048828125,3635.300048828125,3593.0,3611.60009765625,1440893,0.0,0.0,M&M.NS,1441
2025-10-28 00:00:00+05:30,3605.0,3624.89990234375,3562.0,3579.10009765625,2851093,0.0,0.0,M&M.NS,1442
2025-10-29 00:00:00+05:30,3580.0,3583.5,3522.10009765625,3534.699951171875,2526473,0.0,0.0,M&M.NS,1443
2025-10-30 00:00:00+05:30,3540.0,3550.0,3496.0,3502.10009765625,2103351,0.0,0.0,M&M.NS,1444
2025-10-31 00:00:00+05:30,3516.10009765625,3526.699951171875,3483.699951171875,3487.199951171875,1915577,0.0,0.0,M&M.NS,1445
2025-11-03 00:00:00+05:30,3511.0,3590.0,3511.0,3548.89990234375,1776510,0.0,0.0,M&M.NS,1446
2025-11-04 00:00:00+05:30,3548.60009765625,3632.800048828125,3537.199951171875,3581.199951171875,3494428,0.0,0.0,M&M.NS,1447
2025-11-06 00:00:00+05:30,3625.0,3674.699951171875,3586.300048828125,3618.5,4535984,0.0,0.0,M&M.NS,1448
2025-11-07 00:00:00+05:30,3615.60009765625,3718.0,3566.800048828125,3690.199951171875,2595934,0.0,0.0,M&M.NS,1449
2025-11-10 00:00:00+05:30,3690.199951171875,3715.800048828125,3645.10009765625,3663.89990234375,1620889,0.0,0.0,M&M.NS,1450
2025-11-11 00:00:00+05:30,3699.89990234375,3759.0,3670.0,3749.10009765625,3044040,0.0,0.0,M&M.NS,1451
2025-11-12 00:00:00+05:30,3761.0,3781.0,3740.0,3754.300048828125,1984901,0.0,0.0,M&M.NS,1452
2025-11-13 00:00:00+05:30,3748.199951171875,3754.10009765625,3690.199951171875,3699.5,1599079,0.0,0.0,M&M.NS,1453
2025-11-14 00:00:00+05:30,3700.0,3716.800048828125,3660.5,3698.60009765625,1847028,0.0,0.0,M&M.NS,1454
2025-11-17 00:00:00+05:30,3710.0,3754.5,3682.300048828125,3734.89990234375,2094008,0.0,0.0,M&M.NS,1455
2025-11-18 00:00:00+05:30,3718.5,3732.699951171875,3688.0,3694.800048828125,2613743,0.0,0.0,M&M.NS,1456
2025-11-19 00:00:00+05:30,3695.0,3746.5,3667.800048828125,3722.5,1626043,0.0,0.0,M&M.NS,1457
2025-11-20 00:00:00+05:30,3744.800048828125,3759.0,3711.10009765625,3716.699951171875,1815617,0.0,0.0,M&M.NS,1458
2025-11-21 00:00:00+05:30,3730.0,3779.0,3726.0,3749.60009765625,3184145,0.0,0.0,M&M.NS,1459
2025-11-24 00:00:00+05:30,3745.10009765625,3749.5,3677.199951171875,3690.800048828125,4059935,0.0,0.0,M&M.NS,1460
2025-11-25 00:00:00+05:30,3687.0,3695.800048828125,3653.0,3669.300048828125,1714176,0.0,0.0,M&M.NS,1461
2025-11-26 00:00:00+05:30,3681.0,3708.0,3669.300048828125,3686.39990234375,2116524,0.0,0.0,M&M.NS,1462
2025-11-27 00:00:00+05:30,3701.5,3717.60009765625,3665.0,3681.199951171875,1993274,0.0,0.0,M&M.NS,1463
2025-11-28 00:00:00+05:30,3692.0,3768.89990234375,3690.10009765625,3757.300048828125,2944457,0.0,0.0,M&M.NS,1464
2025-12-01 00:00:00+05:30,3790.0,3795.0,3730.0,3741.60009765625,1830158,0.0,0.0,M&M.NS,1465
2025-12-02 00:00:00+05:30,3722.800048828125,3748.0,3705.5,3716.5,2285922,0.0,0.0,M&M.NS,1466
2025-12-03 00:00:00+05:30,3736.0,3740.0,3640.0,3649.39990234375,2002476,0.0,0.0,M&M.NS,1467
2025-12-04 00:00:00+05:30,3675.0,3678.199951171875,3620.199951171875,3671.60009765625,1984001,0.0,0.0,M&M.NS,1468
2025-12-05 00:00:00+05:30,3659.300048828125,3721.5,3642.5,3717.10009765625,2393280,0.0,0.0,M&M.NS,1469
2025-12-08 00:00:00+05:30,3720.0,3725.0,3671.60009765625,3681.699951171875,1500195,0.0,0.0,M&M.NS,1470
2025-12-09 00:00:00+05:30,3658.0,3674.39990234375,3604.5,3635.89990234375,3901255,0.0,0.0,M&M.NS,1471
2025-12-10 00:00:00+05:30,3660.0,3694.89990234375,3626.199951171875,3630.0,1593915,0.0,0.0,M&M.NS,1472
2025-12-11 00:00:00+05:30,3623.39990234375,3669.10009765625,3615.89990234375,3665.199951171875,981456,0.0,0.0,M&M.NS,1473
2025-12-12 00:00:00+05:30,3665.39990234375,3695.0,3661.300048828125,3679.60009765625,1078982,0.0,0.0,M&M.NS,1474
2025-12-15 00:00:00+05:30,3632.0,3665.39990234375,3603.60009765625,3608.0,1704069,0.0,0.0,M&M.NS,1475
2025-12-16 00:00:00+05:30,3581.0,3633.5,3577.89990234375,3621.0,1394406,0.0,0.0,M&M.NS,1476
2025-12-17 00:00:00+05:30,3647.89990234375,3647.89990234375,3594.0,3612.800048828125,1209367,0.0,0.0,M&M.NS,1477
2025-12-18 00:00:00+05:30,3600.0,3611.89990234375,3540.10009765625,3586.60009765625,2446168,0.0,0.0,M&M.NS,1478
2025-12-19 00:00:00+05:30,3571.0,3615.0,3560.0,3603.60009765625,1647819,0.0,0.0,M&M.NS,1479
2025-12-22 00:00:00+05:30,3600.0,3625.0,3576.89990234375,3616.699951171875,1400786,0.0,0.0,M&M.NS,1480
2025-12-23 00:00:00+05:30,3619.199951171875,3637.5,3605.0,3625.10009765625,1413628,0.0,0.0,M&M.NS,1481
2025-12-24 00:00:00+05:30,3624.60009765625,3658.0,3612.10009765625,3636.699951171875,842897,0.0,0.0,M&M.NS,1482
2025-12-26 00:00:00+05:30,3636.699951171875,3647.0,3614.60009765625,3623.10009765625,829910,0.0,0.0,M&M.NS,1483
2025-12-29 00:00:00+05:30,3622.699951171875,3640.199951171875,3588.10009765625,3592.10009765625,1034692,0.0,0.0,M&M.NS,1484
2025-12-30 00:00:00+05:30,3590.0,3666.0,3575.199951171875,3660.300048828125,2063179,0.0,0.0,M&M.NS,1485
2025-12-31 00:00:00+05:30,3653.0,3723.60009765625,3640.39990234375,3709.199951171875,1868363,0.0,0.0,M&M.NS,1486
2026-01-01 00:00:00+05:30,3725.0,3774.0,3721.10009765625,3761.0,1498161,0.0,0.0,M&M.NS,1487
2026-01-02 00:00:00+05:30,3759.89990234375,3812.0,3743.199951171875,3802.39990234375,1478292,0.0,0.0,M&M.NS,1488
2026-01-05 00:00:00+05:30,3805.89990234375,3839.89990234375,3785.0,3790.300048828125,1574098,0.0,0.0,M&M.NS,1489
2026-01-06 00:00:00+05:30,3788.0,3819.10009765625,3758.10009765625,3785.60009765625,1299489,0.0,0.0,M&M.NS,1490
2026-01-07 00:00:00+05:30,3800.0,3808.60009765625,3718.5,3748.800048828125,1046776,0.0,0.0,M&M.NS,1491
2026-01-08 00:00:00+05:30,3730.0,3756.800048828125,3693.199951171875,3724.0,1261005,0.0,0.0,M&M.NS,1492
2026-01-09 00:00:00+05:30,3712.10009765625,3748.5,3667.10009765625,3677.300048828125,1235928,0.0,0.0,M&M.NS,1493
2026-01-12 00:00:00+05:30,3675.300048828125,3717.0,3598.800048828125,3682.0,1665237,0.0,0.0,M&M.NS,1494
2026-01-13 00:00:00+05:30,3717.0,3717.0,3631.5,3661.5,1700985,0.0,0.0,M&M.NS,1495
2026-01-14 00:00:00+05:30,3663.0,3682.0,3635.10009765625,3649.5,1573135,0.0,0.0,M&M.NS,1496
2026-01-15 00:00:00+05:30,3649.5,3649.5,3649.5,3649.5,0,0.0,0.0,M&M.NS,1497
2026-01-16 00:00:00+05:30,3650.10009765625,3729.89990234375,3650.10009765625,3658.199951171875,2089943,0.0,0.0,M&M.NS,1498
2026-01-19 00:00:00+05:30,3689.0,3689.0,3614.0,3657.39990234375,1715818,0.0,0.0,M&M.NS,1499
2026-01-20 00:00:00+05:30,3646.0,3677.5,3540.0,3557.5,1753439,0.0,0.0,M&M.NS,1500
2026-01-21 00:00:00+05:30,3543.0,3586.699951171875,3517.10009765625,3553.300048828125,1587467,0.0,0.0,M&M.NS,1501
2026-01-22 00:00:00+05:30,3600.0,3620.0,3533.39990234375,3573.699951171875,2107171,0.0,0.0,M&M.NS,1502
2026-01-23 00:00:00+05:30,3573.699951171875,3596.0,3534.800048828125,3543.39990234375,1922549,0.0,0.0,M&M.NS,1503
2026-01-27 00:00:00+05:30,3437.199951171875,3497.699951171875,3344.10009765625,3393.5,7139715,0.0,0.0,M&M.NS,1504
2026-01-28 00:00:00+05:30,3379.0,3456.89990234375,3376.0,3449.199951171875,3964878,0.0,0.0,M&M.NS,1505
2026-01-29 00:00:00+05:30,3449.199951171875,3479.60009765625,3321.0,3384.39990234375,5592638,0.0,0.0,M&M.NS,1506
2026-01-30 00:00:00+05:30,3283.0,3452.39990234375,3282.800048828125,3431.800048828125,5291090,0.0,0.0,M&M.NS,1507
2026-02-02 00:00:00+05:30,3355.0,3472.10009765625,3343.699951171875,3463.199951171875,2950641,0.0,0.0,M&M.NS,1508
2026-02-03 00:00:00+05:30,3638.0,3643.800048828125,3513.0,3527.89990234375,5492214,0.0,0.0,M&M.NS,1509
2026-02-04 00:00:00+05:30,3549.0,3620.0,3519.10009765625,3574.0,2395062,0.0,0.0,M&M.NS,1510
2026-02-05 00:00:00+05:30,3592.0,3598.800048828125,3528.10009765625,3572.0,1251428,0.0,0.0,M&M.NS,1511
2026-02-06 00:00:00+05:30,3577.0,3590.0,3530.60009765625,3578.0,1462031,0.0,0.0,M&M.NS,1512
2026-02-09 00:00:00+05:30,3593.800048828125,3619.10009765625,3557.10009765625,3609.60009765625,1294690,0.0,0.0,M&M.NS,1513
2026-02-10 00:00:00+05:30,3616.300048828125,3699.0,3601.0,3675.800048828125,1917432,0.0,0.0,M&M.NS,1514
2026-02-11 00:00:00+05:30,3704.699951171875,3787.0,3666.10009765625,3674.89990234375,4787745,0.0,0.0,M&M.NS,1515
2026-02-12 00:00:00+05:30,3698.199951171875,3699.0,3582.199951171875,3593.10009765625,2554236,0.0,0.0,M&M.NS,1516
2026-02-13 00:00:00+05:30,3530.0,3596.5,3520.300048828125,3533.39990234375,1632115,0.0,0.0,M&M.NS,1517
2026-02-16 00:00:00+05:30,3535.0,3549.5,3469.0,3509.699951171875,1562001,0.0,0.0,M&M.NS,1518
2026-02-17 00:00:00+05:30,3509.699951171875,3515.800048828125,3462.0,3489.199951171875,1991583,0.0,0.0,M&M.NS,1519
2026-02-18 00:00:00+05:30,3491.10009765625,3545.0,3483.199951171875,3530.5,1682427,0.0,0.0,M&M.NS,1520
2026-02-19 00:00:00+05:30,3534.89990234375,3546.5,3421.300048828125,3431.800048828125,2479531,0.0,0.0,M&M.NS,1521
2026-02-20 00:00:00+05:30,3443.0,3449.89990234375,3402.5,3412.800048828125,2260853,0.0,0.0,M&M.NS,1522
2026-02-23 00:00:00+05:30,3425.0,3457.60009765625,3416.89990234375,3447.10009765625,1789276,0.0,0.0,M&M.NS,1523
2026-02-24 00:00:00+05:30,3415.0,3441.0,3390.0,3433.199951171875,1929400,0.0,0.0,M&M.NS,1524
2026-02-25 00:00:00+05:30,3435.0,3500.89990234375,3425.39990234375,3491.300048828125,2273269,0.0,0.0,M&M.NS,1525
2026-02-26 00:00:00+05:30,3505.0,3507.0,3461.60009765625,3484.60009765625,1998012,0.0,0.0,M&M.NS,1526
2026-02-27 00:00:00+05:30,3460.0,3488.10009765625,3381.10009765625,3397.39990234375,3765500,0.0,0.0,M&M.NS,1527
2026-03-02 00:00:00+05:30,3299.89990234375,3374.89990234375,3283.0,3334.300048828125,2997529,0.0,0.0,M&M.NS,1528
2026-03-04 00:00:00+05:30,3240.0,3278.10009765625,3207.89990234375,3264.300048828125,4537215,0.0,0.0,M&M.NS,1529
2026-03-05 00:00:00+05:30,3277.300048828125,3360.60009765625,3276.199951171875,3348.0,2304760,0.0,0.0,M&M.NS,1530
2026-03-06 00:00:00+05:30,3315.0,3367.0,3315.0,3332.5,2084605,0.0,0.0,M&M.NS,1531
2026-03-09 00:00:00+05:30,3250.0,3250.0,3142.89990234375,3187.60009765625,3961149,0.0,0.0,M&M.NS,1532
2026-03-10 00:00:00+05:30,3278.0,3309.39990234375,3228.89990234375,3293.699951171875,2672336,0.0,0.0,M&M.NS,1533
2026-03-11 00:00:00+05:30,3276.0,3292.89990234375,3156.0,3168.199951171875,4574950,0.0,0.0,M&M.NS,1534
2026-03-12 00:00:00+05:30,3115.10009765625,3142.800048828125,3020.0,3031.199951171875,6968585,0.0,0.0,M&M.NS,1535
2026-03-13 00:00:00+05:30,2965.0,3025.0,2922.60009765625,2931.10009765625,7217643,0.0,0.0,M&M.NS,1536
2026-03-16 00:00:00+05:30,2902.0,3043.699951171875,2896.0,3036.10009765625,5378638,0.0,0.0,M&M.NS,1537
2026-03-17 00:00:00+05:30,3052.0,3139.300048828125,3024.5,3128.89990234375,3491894,0.0,0.0,M&M.NS,1538
2026-03-18 00:00:00+05:30,3140.10009765625,3236.199951171875,3140.10009765625,3214.60009765625,3746758,0.0,0.0,M&M.NS,1539
2026-03-19 00:00:00+05:30,3136.300048828125,3147.89990234375,3032.60009765625,3045.39990234375,3059501,0.0,0.0,M&M.NS,1540
2026-03-20 00:00:00+05:30,3059.199951171875,3106.60009765625,3043.199951171875,3066.10009765625,4471960,0.0,0.0,M&M.NS,1541
2026-03-23 00:00:00+05:30,3015.10009765625,3019.699951171875,2935.0,2955.800048828125,3978740,0.0,0.0,M&M.NS,1542
2026-03-24 00:00:00+05:30,3030.0,3057.300048828125,2965.89990234375,3031.300048828125,3944279,0.0,0.0,M&M.NS,1543
2026-03-25 00:00:00+05:30,3099.89990234375,3157.89990234375,3082.89990234375,3128.10009765625,3328790,0.0,0.0,M&M.NS,1544
2026-03-27 00:00:00+05:30,3100.0,3105.199951171875,3030.0,3041.300048828125,3155168,0.0,0.0,M&M.NS,1545
2026-03-30 00:00:00+05:30,2980.0,3023.699951171875,2945.0,2954.699951171875,5416854,0.0,0.0,M&M.NS,1546
2026-04-01 00:00:00+05:30,3079.89990234375,3079.89990234375,3010.10009765625,3031.5,3522875,0.0,0.0,M&M.NS,1547
2026-04-02 00:00:00+05:30,2975.0,3028.800048828125,2928.10009765625,3011.699951171875,3297975,0.0,0.0,M&M.NS,1548
2026-04-06 00:00:00+05:30,3006.10009765625,3030.0,2961.0,3021.60009765625,2554900,0.0,0.0,M&M.NS,1549
2026-04-07 00:00:00+05:30,3001.60009765625,3017.0,2949.5,3006.60009765625,2292715,0.0,0.0,M&M.NS,1550
2026-04-08 00:00:00+05:30,3125.0,3231.0,3109.0,3210.10009765625,4227961,0.0,0.0,M&M.NS,1551
2026-04-09 00:00:00+05:30,3179.89990234375,3199.89990234375,3131.0,3166.800048828125,3039565,0.0,0.0,M&M.NS,1552
2026-04-10 00:00:00+05:30,3180.0,3270.0,3180.0,3259.800048828125,2801451,0.0,0.0,M&M.NS,1553
2026-04-13 00:00:00+05:30,3194.60009765625,3249.199951171875,3183.10009765625,3220.199951171875,3183080,0.0,0.0,M&M.NS,1554
2026-04-15 00:00:00+05:30,3250.0,3301.89990234375,3225.0,3256.5,2591177,0.0,0.0,M&M.NS,1555
2026-04-16 00:00:00+05:30,3273.0,3288.0,3201.0,3222.300048828125,2678634,0.0,0.0,M&M.NS,1556
2026-04-17 00:00:00+05:30,3210.0,3242.5,3185.0,3200.199951171875,2180404,0.0,0.0,M&M.NS,1557
2026-04-20 00:00:00+05:30,3207.0,3235.5,3162.60009765625,3221.60009765625,3201466,0.0,0.0,M&M.NS,1558
2026-04-21 00:00:00+05:30,3212.0,3262.300048828125,3212.0,3247.300048828125,1972188,0.0,0.0,M&M.NS,1559
2026-04-22 00:00:00+05:30,3214.10009765625,3249.89990234375,3143.0,3149.699951171875,3096787,0.0,0.0,M&M.NS,1560
2026-04-23 00:00:00+05:30,3105.0,3114.699951171875,3032.199951171875,3047.699951171875,4540875,0.0,0.0,M&M.NS,1561
2026-04-24 00:00:00+05:30,3047.699951171875,3089.0,3035.0,3038.39990234375,2300917,0.0,0.0,M&M.NS,1562
2026-04-27 00:00:00+05:30,3050.0,3114.0,3050.0,3102.39990234375,1816150,0.0,0.0,M&M.NS,1563
2026-04-28 00:00:00+05:30,3115.89990234375,3144.0,3075.0,3088.10009765625,2645344,0.0,0.0,M&M.NS,1564
2026-04-29 00:00:00+05:30,3100.0,3192.0,3092.0,3152.300048828125,3917359,0.0,0.0,M&M.NS,1565
2026-04-30 00:00:00+05:30,3105.39990234375,3117.300048828125,3047.0,3097.5,3331158,0.0,0.0,M&M.NS,1566
2026-05-01 00:00:00+05:30,3097.5,3097.5,3097.5,3097.5,0,0.0,0.0,M&M.NS,1567
2026-05-04 00:00:00+05:30,3131.5,3172.0,3081.5,3106.5,2873467,0.0,0.0,M&M.NS,1568
2026-05-05 00:00:00+05:30,3114.0,3222.0,3070.199951171875,3210.800048828125,6454419,0.0,0.0,M&M.NS,1569
2026-05-06 00:00:00+05:30,3245.0,3315.699951171875,3243.5,3300.800048828125,6007370,0.0,0.0,M&M.NS,1570
2026-05-07 00:00:00+05:30,3311.89990234375,3399.0,3305.0,3370.699951171875,4916193,0.0,0.0,M&M.NS,1571
2026-05-08 00:00:00+05:30,3357.800048828125,3363.0,3317.60009765625,3330.39990234375,2071348,0.0,0.0,M&M.NS,1572
2026-05-11 00:00:00+05:30,3235.0,3292.0,3224.199951171875,3245.89990234375,2320887,0.0,0.0,M&M.NS,1573
2026-05-12 00:00:00+05:30,3240.0,3261.60009765625,3166.300048828125,3176.0,2638081,0.0,0.0,M&M.NS,1574
2026-05-13 00:00:00+05:30,3176.0,3189.60009765625,3103.60009765625,3111.800048828125,2692484,0.0,0.0,M&M.NS,1575
2026-05-14 00:00:00+05:30,3137.0,3181.0,3101.10009765625,3173.89990234375,2167959,0.0,0.0,M&M.NS,1576
2026-05-15 00:00:00+05:30,3170.0,3188.89990234375,3111.0,3123.10009765625,2196383,0.0,0.0,M&M.NS,1577
2026-05-18 00:00:00+05:30,3100.0,3111.699951171875,3050.0,3083.699951171875,1962357,0.0,0.0,M&M.NS,1578
2026-05-19 00:00:00+05:30,3099.10009765625,3158.800048828125,3075.0,3092.300048828125,3151874,0.0,0.0,M&M.NS,1579
2026-05-20 00:00:00+05:30,3078.0,3142.800048828125,3033.0,3122.199951171875,2330606,0.0,0.0,M&M.NS,1580
2026-05-21 00:00:00+05:30,3147.0,3157.699951171875,3079.800048828125,3099.0,1877207,0.0,0.0,M&M.NS,1581
2026-05-22 00:00:00+05:30,3095.0,3131.699951171875,3072.60009765625,3081.300048828125,2407171,0.0,0.0,M&M.NS,1582
2026-05-25 00:00:00+05:30,3134.699951171875,3173.699951171875,3111.39990234375,3139.0,2423710,0.0,0.0,M&M.NS,1583
2026-05-26 00:00:00+05:30,3122.0,3159.199951171875,3103.0,3107.300048828125,1791919,0.0,0.0,M&M.NS,1584
2026-05-27 00:00:00+05:30,3110.89990234375,3141.300048828125,3104.0,3121.60009765625,1408612,0.0,0.0,M&M.NS,1585
2026-05-28 00:00:00+05:30,3121.60009765625,3121.60009765625,3121.60009765625,3121.60009765625,0,0.0,0.0,M&M.NS,1586
2026-05-29 00:00:00+05:30,3119.60009765625,3150.800048828125,3005.10009765625,3045.60009765625,11402867,0.0,0.0,M&M.NS,1587
