Date,Open,High,Low,Close,Volume,Dividends,Stock Splits,Symbol,time_idx
2020-01-01 00:00:00+05:30,86.24218825107934,86.34266049851327,84.96948697517887,85.37139129638672,2574894,0.0,0.0,ONGC.NS,0
2020-01-02 00:00:00+05:30,85.5053546494416,86.17519171386202,85.13693940904466,85.7732925415039,4759843,0.0,0.0,ONGC.NS,1
2020-01-03 00:00:00+05:30,87.74934447789222,89.35696196772005,85.77331166552554,86.04124450683594,31381588,0.0,0.0,ONGC.NS,2
2020-01-06 00:00:00+05:30,86.87851914044211,86.94550743946196,83.79724647364772,84.56756591796875,14611204,0.0,0.0,ONGC.NS,3
2020-01-07 00:00:00+05:30,84.13218103206131,85.5388486589579,83.99821463349612,84.23265838623047,7193304,0.0,0.0,ONGC.NS,4
2020-01-08 00:00:00+05:30,83.73026631871599,84.03169323326742,82.52454843953053,82.69200897216797,6236192,0.0,0.0,ONGC.NS,5
2020-01-09 00:00:00+05:30,83.69676918609058,83.79724652419127,82.25661274510966,82.85946655273438,10135017,0.0,0.0,ONGC.NS,6
2020-01-10 00:00:00+05:30,83.36186115716653,83.86424281567213,82.85947949866093,83.1609115600586,6550218,0.0,0.0,ONGC.NS,7
2020-01-13 00:00:00+05:30,83.22789155580175,84.19916068066729,83.22789155580175,84.03170013427734,5737187,0.0,0.0,ONGC.NS,8
2020-01-14 00:00:00+05:30,84.03168854722651,84.16566003215944,82.92645318184499,83.76375579833984,12432511,0.0,0.0,ONGC.NS,9
2020-01-15 00:00:00+05:30,83.76376460874982,84.0651915381967,83.22788883363299,83.4958267211914,5714614,0.0,0.0,ONGC.NS,10
2020-01-16 00:00:00+05:30,83.7302763299291,83.86424272786078,83.09392827401783,83.39535522460938,7322878,0.0,0.0,ONGC.NS,11
2020-01-17 00:00:00+05:30,83.42884228376388,84.09868443743363,83.06042705504949,83.99820709228516,8561603,0.0,0.0,ONGC.NS,12
2020-01-20 00:00:00+05:30,84.40011039963439,84.90249200915602,80.38105752346131,82.32360076904297,16106541,0.0,0.0,ONGC.NS,13
2020-01-21 00:00:00+05:30,82.42407632671589,83.39534537321197,81.98867791913528,82.2231216430664,6497799,0.0,0.0,ONGC.NS,14
2020-01-22 00:00:00+05:30,81.72075839588967,81.72075839588967,77.70170470428855,77.96964263916016,23639592,0.0,0.0,ONGC.NS,15
2020-01-23 00:00:00+05:30,78.53900961782952,79.67773948280413,77.9696446853422,78.90742492675781,21105999,0.0,0.0,ONGC.NS,16
2020-01-24 00:00:00+05:30,79.04138174622048,80.24709978315566,78.57249423768488,79.27582550048828,11172364,0.0,0.0,ONGC.NS,17
2020-01-27 00:00:00+05:30,79.27581149377902,79.3762888308527,78.23755930532326,78.53898620605469,12078165,0.0,0.0,ONGC.NS,18
2020-01-28 00:00:00+05:30,78.73995270504504,78.84042494671759,77.43375734790727,78.10359954833984,11611352,0.0,0.0,ONGC.NS,19
2020-01-29 00:00:00+05:30,78.60597585133658,79.1418516194248,78.00311688985987,78.80693054199219,15562740,0.0,0.0,ONGC.NS,20
2020-01-30 00:00:00+05:30,78.73994926739672,78.73994926739672,77.03184968667013,77.43375396728516,21142714,0.0,0.0,ONGC.NS,21
2020-01-31 00:00:00+05:30,77.56773245646929,77.70169885858093,71.50565821684063,72.97930908203125,83360147,0.0,0.0,ONGC.NS,22
2020-02-03 00:00:00+05:30,69.89804803951932,70.29995242649596,68.02249253013117,69.2951889038086,18445537,0.0,0.0,ONGC.NS,23
2020-02-04 00:00:00+05:30,69.73057355144103,71.60613379742311,69.52962395325828,71.10375213623047,16896688,0.0,0.0,ONGC.NS,24
2020-02-05 00:00:00+05:30,71.27120093008801,71.94104303448641,70.40040415017421,71.53913879394531,11348275,0.0,0.0,ONGC.NS,25
2020-02-06 00:00:00+05:30,71.53915682252354,72.20899909572884,71.20423568592088,71.84058380126953,10750236,0.0,0.0,ONGC.NS,26
2020-02-07 00:00:00+05:30,71.87406197708799,73.51517313732435,71.37168038389443,73.18025207519531,21415595,0.0,0.0,ONGC.NS,27
2020-02-10 00:00:00+05:30,73.11327504826184,73.11327504826184,70.83581061169785,71.13723754882812,32081049,0.0,0.0,ONGC.NS,28
2020-02-11 00:00:00+05:30,71.77358250838681,72.10850356058602,71.2042177417461,71.53913879394531,20946852,0.0,0.0,ONGC.NS,29
2020-02-12 00:00:00+05:30,71.67312269339514,72.20899855212157,71.33820155931386,71.47216796875,13053367,0.0,0.0,ONGC.NS,30
2020-02-13 00:00:00+05:30,71.67311168861642,72.47692024279736,69.83104573400244,70.56787109375,17702073,0.0,0.0,ONGC.NS,31
2020-02-14 00:00:00+05:30,70.70183152568201,71.20421307102653,68.99373222731488,69.19468688964844,26644685,0.0,0.0,ONGC.NS,32
2020-02-17 00:00:00+05:30,67.98897138354857,68.92675132128163,66.18039980473372,66.95071411132812,36666416,0.0,0.0,ONGC.NS,33
2020-02-18 00:00:00+05:30,66.95072076216105,67.1516754510985,64.67326154348339,66.51532745361328,35575369,0.0,0.0,ONGC.NS,34
2020-02-19 00:00:00+05:30,67.18516520446673,68.45786111611999,66.18040204653646,68.12294006347656,21806183,0.0,0.0,ONGC.NS,35
2020-02-20 00:00:00+05:30,68.3239035602999,69.73057114091388,68.12294885857347,68.85977935791016,28378025,0.0,0.0,ONGC.NS,36
2020-02-24 00:00:00+05:30,68.65882776554845,68.65882776554845,65.10866194420677,65.67803192138672,20167769,0.0,0.0,ONGC.NS,37
2020-02-25 00:00:00+05:30,66.11341585875066,67.15167319929479,65.14214681926602,65.34310150146484,18255196,0.0,0.0,ONGC.NS,38
2020-02-26 00:00:00+05:30,65.24263740628135,65.97946287312158,63.969936085107726,64.17089080810547,16192058,0.0,0.0,ONGC.NS,39
2020-02-27 00:00:00+05:30,64.10389026291418,64.43881133034945,61.65897055902867,62.529762268066406,29616674,0.0,0.0,ONGC.NS,40
2020-02-28 00:00:00+05:30,60.48676331840087,62.094380792112915,59.95088742016931,61.59199905395508,30416954,0.0,0.0,ONGC.NS,41
2020-03-02 00:00:00+05:30,62.96517742195819,63.635019734957744,59.113584122210746,59.68294906616211,24442896,0.0,0.0,ONGC.NS,42
2020-03-03 00:00:00+05:30,60.888651081829565,62.96516067783024,60.0513484132414,62.529762268066406,24098468,0.0,0.0,ONGC.NS,43
2020-03-04 00:00:00+05:30,63.09913673859634,63.56802937121725,60.75468890696392,62.16136169433594,22998427,0.0,0.0,ONGC.NS,44
2020-03-05 00:00:00+05:30,62.52977119927592,63.23310758554442,61.62548521013833,62.02738952636719,16357817,0.0,0.0,ONGC.NS,45
2020-03-06 00:00:00+05:30,59.95087859590174,61.29056303379899,58.7116715129449,59.281036376953125,17823038,0.0,0.0,ONGC.NS,46
2020-03-09 00:00:00+05:30,55.02753245356474,55.26197617889236,49.56831802712769,49.93673324584961,86655504,0.0,0.0,ONGC.NS,47
2020-03-11 00:00:00+05:30,51.41039246479678,51.84579094750885,47.592293700532615,48.027687072753906,63562895,0.0,0.0,ONGC.NS,48
2020-03-12 00:00:00+05:30,44.611487039425405,45.817204977176154,41.53021411132812,41.865135192871094,76137223,0.0,0.0,ONGC.NS,49
2020-03-13 00:00:00+05:30,39.78862681072447,44.87942639457861,33.492109249685534,44.142601013183594,73051747,0.0,0.0,ONGC.NS,50
2020-03-16 00:00:00+05:30,42.534978267958785,43.67370792542458,40.190530646890195,40.29100799560547,49829392,0.0,0.0,ONGC.NS,51
2020-03-17 00:00:00+05:30,40.92735809477405,42.20005931854248,39.95608893243237,40.19053268432617,46722476,0.0,0.0,ONGC.NS,52
2020-03-18 00:00:00+05:30,41.26227758412858,58.14230371660639,38.515925647045975,45.64974594116211,178094829,0.0,0.0,ONGC.NS,53
2020-03-19 00:00:00+05:30,41.630695476340534,42.8699025755674,38.917832409784154,40.89386749267578,61258526,0.0,0.0,ONGC.NS,54
2020-03-20 00:00:00+05:30,42.23354951220823,49.83625989173075,42.032597366524875,48.46308135986328,128780492,0.0,0.0,ONGC.NS,55
2020-03-23 00:00:00+05:30,43.64195164484965,47.13186744963116,43.17422972485297,43.462059020996094,36058875,5.0,0.0,ONGC.NS,56
2020-03-24 00:00:00+05:30,45.692734222412106,46.55621676766779,43.246193024336826,44.97316360473633,38808651,0.0,0.0,ONGC.NS,57
2020-03-25 00:00:00+05:30,44.03772124286334,45.33294777310615,43.174235974386804,44.28956985473633,28639475,0.0,0.0,ONGC.NS,58
2020-03-26 00:00:00+05:30,44.50545246393014,47.20384293858099,42.92239891475743,46.59220886230469,46474588,0.0,0.0,ONGC.NS,59
2020-03-27 00:00:00+05:30,47.49166424980379,47.49166424980379,45.1890375553699,46.37632751464844,33298637,0.0,0.0,ONGC.NS,60
2020-03-30 00:00:00+05:30,43.92979240898946,47.23981940577925,43.24619966818926,45.58480453491211,32929981,0.0,0.0,ONGC.NS,61
2020-03-31 00:00:00+05:30,46.77209714955556,50.11810212054002,45.72871904876889,49.14668273925781,45891607,0.0,0.0,ONGC.NS,62
2020-04-01 00:00:00+05:30,48.211226952846516,48.39111959073027,46.84404180695245,47.311763763427734,21883386,0.0,0.0,ONGC.NS,63
2020-04-03 00:00:00+05:30,49.650370945866904,51.089512132703625,47.851444462321005,50.26200485229492,39757833,0.0,0.0,ONGC.NS,64
2020-04-07 00:00:00+05:30,51.23342602164762,53.53605530288851,50.51385540061387,52.45669937133789,30982061,0.0,0.0,ONGC.NS,65
2020-04-08 00:00:00+05:30,52.0969163835138,54.939218267363245,51.08951637117492,53.5720329284668,30555738,0.0,0.0,ONGC.NS,66
2020-04-09 00:00:00+05:30,54.687358873478985,55.87465131542014,54.687358873478985,55.622802734375,19209747,0.0,0.0,ONGC.NS,67
2020-04-13 00:00:00+05:30,56.70217835739755,56.70217835739755,52.27681706407874,54.003787994384766,22311833,0.0,0.0,ONGC.NS,68
2020-04-15 00:00:00+05:30,54.03975042387373,55.011169626222355,52.888438573316535,53.50007247924805,22311032,0.0,0.0,ONGC.NS,69
2020-04-16 00:00:00+05:30,53.24822410540922,55.04715059545683,52.81648284577539,54.29159927368164,24473640,0.0,0.0,ONGC.NS,70
2020-04-17 00:00:00+05:30,55.98259612799705,55.98259612799705,54.07573289737276,54.90324020385742,14561017,0.0,0.0,ONGC.NS,71
2020-04-20 00:00:00+05:30,54.219649294296886,54.43552269287584,53.104318041341834,53.24822998046875,15698459,0.0,0.0,ONGC.NS,72
2020-04-21 00:00:00+05:30,50.15407413407578,50.90962554303743,48.355147436441946,49.902225494384766,27607022,0.0,0.0,ONGC.NS,73
2020-04-22 00:00:00+05:30,47.41969940123981,47.743503946354124,43.74988802215462,47.02393341064453,73840707,0.0,0.0,ONGC.NS,74
2020-04-23 00:00:00+05:30,48.571021876708755,49.68635864909237,47.88743191291797,48.46308517456055,38207377,0.0,0.0,ONGC.NS,75
2020-04-24 00:00:00+05:30,48.319162678286986,50.01015234298599,47.92339668681194,48.642967224121094,31588097,0.0,0.0,ONGC.NS,76
2020-04-27 00:00:00+05:30,48.93080356197442,50.01015952290033,48.678954935736044,49.254608154296875,16723889,0.0,0.0,ONGC.NS,77
2020-04-28 00:00:00+05:30,48.786897817234205,50.1540778158898,48.28319501098672,49.79429244995117,20422626,0.0,0.0,ONGC.NS,78
2020-04-29 00:00:00+05:30,49.93819835970669,51.053529442657045,49.43449566976237,50.7297248840332,18023637,0.0,0.0,ONGC.NS,79
2020-04-30 00:00:00+05:30,52.240836920812605,58.32121323483957,51.449310170020915,57.49370574951172,54290691,0.0,0.0,ONGC.NS,80
2020-05-04 00:00:00+05:30,54.687382805827085,56.018587736675194,53.284221890317674,55.08314895629883,28640967,0.0,0.0,ONGC.NS,81
2020-05-05 00:00:00+05:30,56.774119808054536,58.93283154608027,56.2344418735481,56.45030975341797,61865481,0.0,0.0,ONGC.NS,82
2020-05-06 00:00:00+05:30,58.53706763184421,58.53706763184421,55.73074117373993,57.025970458984375,38948167,0.0,0.0,ONGC.NS,83
2020-05-07 00:00:00+05:30,56.342383993067344,56.342383993067344,54.039754623134854,54.399539947509766,20794229,0.0,0.0,ONGC.NS,84
2020-05-08 00:00:00+05:30,54.975203497783745,55.550856773481904,53.78791072494106,54.687374114990234,18523649,0.0,0.0,ONGC.NS,85
2020-05-11 00:00:00+05:30,54.687365544922926,56.23444343134242,53.608009646009975,55.44291687011719,15701754,0.0,0.0,ONGC.NS,86
2020-05-12 00:00:00+05:30,55.370956712407434,55.65878605682229,53.60801089893463,54.90324020385742,14186736,0.0,0.0,ONGC.NS,87
2020-05-13 00:00:00+05:30,56.84609032540052,56.882071059536855,54.867270725465694,56.27043151855469,20493531,0.0,0.0,ONGC.NS,88
2020-05-14 00:00:00+05:30,55.40694498309961,55.65879363504502,54.111715501824854,54.795310974121094,13344652,0.0,0.0,ONGC.NS,89
2020-05-15 00:00:00+05:30,55.58683766161617,56.486301054198954,54.615418295604535,54.795310974121094,16835999,0.0,0.0,ONGC.NS,90
2020-05-18 00:00:00+05:30,55.370957092591674,55.370957092591674,52.096914060821014,52.45669937133789,13014456,0.0,0.0,ONGC.NS,91
2020-05-19 00:00:00+05:30,53.53604697521195,56.63019687042081,53.32017362652624,55.51486587524414,42315983,0.0,0.0,ONGC.NS,92
2020-05-20 00:00:00+05:30,55.55084812940913,56.48629210545466,54.90323898125699,56.12650680541992,12969847,0.0,0.0,ONGC.NS,93
2020-05-21 00:00:00+05:30,56.66617740284313,56.84607002951882,54.97518781006908,55.40692901611328,17999828,0.0,0.0,ONGC.NS,94
2020-05-22 00:00:00+05:30,55.37096425144075,55.37096425144075,54.25563293857142,54.795310974121094,12443419,0.0,0.0,ONGC.NS,95
2020-05-26 00:00:00+05:30,55.40692901611328,56.27041142820169,55.119099715454716,55.40692901611328,11837966,0.0,0.0,ONGC.NS,96
2020-05-27 00:00:00+05:30,55.55084862593468,56.27041923243584,54.61541013141599,56.09052658081055,11655865,0.0,0.0,ONGC.NS,97
2020-05-28 00:00:00+05:30,55.76672090455109,58.24923725208884,55.694764943297,56.73814010620117,18645811,0.0,0.0,ONGC.NS,98
2020-05-29 00:00:00+05:30,56.162479571406394,60.264029214529955,55.694757649674386,59.868263244628906,40559441,0.0,0.0,ONGC.NS,99
2020-06-01 00:00:00+05:30,61.16350656436946,62.24286256256422,60.192087263971885,60.407955169677734,25047349,0.0,0.0,ONGC.NS,100
2020-06-02 00:00:00+05:30,60.767744141618465,61.09155425440206,59.4365394287672,60.659812927246094,15367928,0.0,0.0,ONGC.NS,101
2020-06-03 00:00:00+05:30,61.91906437675653,62.92645902090712,61.3793863217234,62.09895706176758,23936651,0.0,0.0,ONGC.NS,102
2020-06-04 00:00:00+05:30,61.16349342870106,61.91904466112818,60.44392291777517,61.09153747558594,15120972,0.0,0.0,ONGC.NS,103
2020-06-05 00:00:00+05:30,61.23545358148698,63.89786794843979,61.163497623436946,62.56665802001953,18202925,0.0,0.0,ONGC.NS,104
2020-06-08 00:00:00+05:30,64.76134884008873,66.99201642438094,64.18569020999958,65.44493865966797,32511374,0.0,0.0,ONGC.NS,105
2020-06-09 00:00:00+05:30,66.16452077615152,66.48833087092692,64.29363813592936,64.76136016845703,16702413,0.0,0.0,ONGC.NS,106
2020-06-10 00:00:00+05:30,65.19308769935675,65.84070226220841,63.106332103451365,63.502098083496094,17382514,0.0,0.0,ONGC.NS,107
2020-06-11 00:00:00+05:30,63.53809310198948,64.4375564500364,62.24286368484649,62.53069305419922,14275999,0.0,0.0,ONGC.NS,108
2020-06-12 00:00:00+05:30,58.6809851188426,60.58784283294873,58.6809851188426,60.37197494506836,20601082,0.0,0.0,ONGC.NS,109
2020-06-15 00:00:00+05:30,60.443943680371,61.81112921873819,59.72437292227134,60.515899658203125,17274210,0.0,0.0,ONGC.NS,110
2020-06-16 00:00:00+05:30,61.523286816761136,61.70317946827213,59.256638309744964,60.37197494506836,13467530,0.0,0.0,ONGC.NS,111
2020-06-17 00:00:00+05:30,60.15610735613473,60.98361473069414,59.86827798804165,60.58784866333008,15440371,0.0,0.0,ONGC.NS,112
2020-06-18 00:00:00+05:30,59.72437890019721,60.407968992858024,58.86089610000568,60.15612030029297,18460298,0.0,0.0,ONGC.NS,113
2020-06-19 00:00:00+05:30,61.52329336449982,62.098952106555856,60.6598107413044,61.70318603515625,21920473,0.0,0.0,ONGC.NS,114
2020-06-22 00:00:00+05:30,61.95503975142873,62.026995727608174,60.515898268283394,61.05557632446289,19227535,0.0,0.0,ONGC.NS,115
2020-06-23 00:00:00+05:30,61.52327746936061,62.24284796607827,60.731751020948614,61.6312141418457,23440997,0.0,0.0,ONGC.NS,116
2020-06-24 00:00:00+05:30,62.062966629064434,62.35079597807542,59.400557502961306,59.79631805419922,33080229,0.0,0.0,ONGC.NS,117
2020-06-25 00:00:00+05:30,59.184682903283864,60.44393147569416,57.56564902447063,58.71696090698242,121277435,0.0,0.0,ONGC.NS,118
2020-06-26 00:00:00+05:30,59.79632463010808,61.01959812545829,59.36458330405634,60.551876068115234,23684852,0.0,0.0,ONGC.NS,119
2020-06-29 00:00:00+05:30,60.40796835226703,60.515905073618804,58.71697801738822,59.29263687133789,14299071,0.0,0.0,ONGC.NS,120
2020-06-30 00:00:00+05:30,60.084145306628045,60.120126032706985,58.033370187553075,58.53706741333008,25762293,0.0,0.0,ONGC.NS,121
2020-07-01 00:00:00+05:30,56.84608243615633,58.249243034511125,56.342385167487556,57.88945770263672,35344784,0.0,0.0,ONGC.NS,122
2020-07-02 00:00:00+05:30,58.53708425467489,60.5518847172248,58.35719155230042,58.89686965942383,35154027,0.0,0.0,ONGC.NS,123
2020-07-03 00:00:00+05:30,59.32861211852868,59.97622695674963,58.71697801738822,59.29263687133789,16786174,0.0,0.0,ONGC.NS,124
2020-07-06 00:00:00+05:30,59.76033707627151,61.09154151144973,59.58044443665587,60.264034271240234,17510294,0.0,0.0,ONGC.NS,125
2020-07-07 00:00:00+05:30,60.26403646887961,60.300017194069916,58.86087602466384,58.968807220458984,20123433,0.0,0.0,ONGC.NS,126
2020-07-08 00:00:00+05:30,59.00479206663117,59.652406736071846,58.285221431672255,58.501094818115234,18626174,0.0,0.0,ONGC.NS,127
2020-07-09 00:00:00+05:30,58.716948696609236,59.18467059564645,57.4936811051768,57.70954895019531,17348038,0.0,0.0,ONGC.NS,128
2020-07-10 00:00:00+05:30,57.56565309848591,57.67358979602327,55.91063837594905,56.52227783203125,17773167,0.0,0.0,ONGC.NS,129
2020-07-13 00:00:00+05:30,56.98999587107124,57.24185000191471,56.41434261887284,56.77412796020508,9360631,0.0,0.0,ONGC.NS,130
2020-07-14 00:00:00+05:30,56.48629409082422,56.81009867628131,55.51487484456475,55.65878677368164,9303879,0.0,0.0,ONGC.NS,131
2020-07-15 00:00:00+05:30,56.126508568935705,56.27042049751617,54.57943063219895,54.86725997924805,14377090,0.0,0.0,ONGC.NS,132
2020-07-16 00:00:00+05:30,54.97520365263765,55.191071572924194,53.967803554967155,54.795310974121094,10604062,0.0,0.0,ONGC.NS,133
2020-07-17 00:00:00+05:30,54.90323596260195,58.033366802827736,54.90323596260195,57.8174934387207,24934060,0.0,0.0,ONGC.NS,134
2020-07-20 00:00:00+05:30,58.28521421495813,58.46510685142405,56.98998503644847,57.781517028808594,15570346,0.0,0.0,ONGC.NS,135
2020-07-21 00:00:00+05:30,57.99739341511333,59.65240810958121,57.81750075223153,59.32859802246094,20976092,0.0,0.0,ONGC.NS,136
2020-07-22 00:00:00+05:30,59.54447539922008,60.08415342398643,58.788923968591696,59.43653869628906,17882873,0.0,0.0,ONGC.NS,137
2020-07-23 00:00:00+05:30,59.36457841111238,60.33599768713473,59.04077381573439,59.47251510620117,14673501,0.0,0.0,ONGC.NS,138
2020-07-24 00:00:00+05:30,59.076747695824494,59.292621081038504,57.74554312670672,58.285221099853516,10000280,0.0,0.0,ONGC.NS,139
2020-07-27 00:00:00+05:30,58.57305294443273,59.00479424335766,57.637608888521676,58.14131164550781,8510736,0.0,0.0,ONGC.NS,140
2020-07-28 00:00:00+05:30,58.285232500303415,58.46512519320558,57.06196438452437,57.49370574951172,10616766,0.0,0.0,ONGC.NS,141
2020-07-29 00:00:00+05:30,57.421737333318895,58.06934649558919,57.061952025440675,57.20586395263672,9905015,0.0,0.0,ONGC.NS,142
2020-07-30 00:00:00+05:30,57.56565550837397,57.853484883893586,55.766728773737285,55.910640716552734,9668266,0.0,0.0,ONGC.NS,143
2020-07-31 00:00:00+05:30,56.0905302178622,56.73814490368383,55.514876989267286,56.342384338378906,10963756,0.0,0.0,ONGC.NS,144
2020-08-03 00:00:00+05:30,56.3783516941647,56.48628837502444,54.36355744096265,54.61540603637695,11874183,0.0,0.0,ONGC.NS,145
2020-08-04 00:00:00+05:30,54.903229063976,55.91062333019522,54.61539977796179,54.75931167602539,13360346,0.0,0.0,ONGC.NS,146
2020-08-05 00:00:00+05:30,55.04715184131652,55.76672245362131,54.903239914810804,55.37095642089844,9077292,0.0,0.0,ONGC.NS,147
2020-08-06 00:00:00+05:30,56.01857342228935,57.52967067360598,55.44292020220547,56.16249084472656,26386380,0.0,0.0,ONGC.NS,148
2020-08-07 00:00:00+05:30,56.23444913045245,57.133912470703166,56.198468400887,56.594234466552734,11786462,0.0,0.0,ONGC.NS,149
2020-08-10 00:00:00+05:30,57.20585792224523,57.38575055722084,56.77411669628126,56.88205337524414,7067852,0.0,0.0,ONGC.NS,150
2020-08-11 00:00:00+05:30,57.24184178260435,57.565646347353066,56.270417108582485,56.45030975341797,10835360,0.0,0.0,ONGC.NS,151
2020-08-12 00:00:00+05:30,56.450312055001845,56.91803404862155,55.91063409849174,56.198463439941406,10481019,0.0,0.0,ONGC.NS,152
2020-08-13 00:00:00+05:30,56.522267565132765,57.169876652946,56.414330887201395,56.55824279785156,7316635,0.0,0.0,ONGC.NS,153
2020-08-14 00:00:00+05:30,56.63020127139203,56.8100939126479,55.37095278260096,55.47888946533203,11635634,0.0,0.0,ONGC.NS,154
2020-08-17 00:00:00+05:30,55.766721409735034,57.421735983011395,55.6947654478291,57.06195068359375,13610411,0.0,0.0,ONGC.NS,155
2020-08-18 00:00:00+05:30,57.38576386698007,58.93284198456921,56.95402254088024,58.03337860107422,28329507,0.0,0.0,ONGC.NS,156
2020-08-19 00:00:00+05:30,58.17728267559079,58.78891659564079,56.918034109063335,57.241844177246094,12081197,0.0,0.0,ONGC.NS,157
2020-08-20 00:00:00+05:30,56.84606854010168,59.90424311346158,56.05454210144478,59.11271667480469,37457277,0.0,0.0,ONGC.NS,158
2020-08-21 00:00:00+05:30,59.688381119401996,60.04816643173085,58.03337197662217,58.32120132446289,17027574,0.0,0.0,ONGC.NS,159
2020-08-24 00:00:00+05:30,58.50110295560856,58.89686356595323,57.99740014713938,58.46512222290039,9797861,0.0,0.0,ONGC.NS,160
2020-08-25 00:00:00+05:30,58.573068046341476,59.364594880098146,57.709579735969754,57.925453186035156,22479622,0.0,0.0,ONGC.NS,161
2020-08-26 00:00:00+05:30,58.42912641941953,59.07674101190244,58.10532186812189,58.57304382324219,15967425,0.0,0.0,ONGC.NS,162
2020-08-27 00:00:00+05:30,58.86088434432438,58.968815555375016,57.56565491283024,57.67359161376953,16308382,0.0,0.0,ONGC.NS,163
2020-08-28 00:00:00+05:30,57.8174934387207,58.86087404538776,57.56564484052096,57.8174934387207,14666431,0.0,0.0,ONGC.NS,164
2020-08-31 00:00:00+05:30,58.28521736094625,61.52328499210993,58.213261400453526,58.968807220458984,93192019,0.0,0.0,ONGC.NS,165
2020-09-01 00:00:00+05:30,59.54447225597306,59.58045298501363,56.126511612880954,57.097930908203125,38005204,0.0,0.0,ONGC.NS,166
2020-09-02 00:00:00+05:30,58.3931508948152,58.82489212435589,57.20585839616261,57.781517028808594,31151170,0.0,0.0,ONGC.NS,167
2020-09-03 00:00:00+05:30,57.92542846214768,58.50108709002466,56.702160740268525,56.88205337524414,19975929,0.0,0.0,ONGC.NS,168
2020-09-04 00:00:00+05:30,56.52227215330989,56.91803268466733,55.658784149653066,56.05455017089844,12855650,0.0,0.0,ONGC.NS,169
2020-09-07 00:00:00+05:30,56.27042186866291,56.378358562672446,54.65138792818477,55.011173248291016,16573385,0.0,0.0,ONGC.NS,170
2020-09-08 00:00:00+05:30,55.08313569191931,55.155091659253145,53.24822833052035,53.5720329284668,17905003,0.0,0.0,ONGC.NS,171
2020-09-09 00:00:00+05:30,53.21224944992646,53.21224944992646,51.01756217563866,52.31278610229492,28166106,0.0,0.0,ONGC.NS,172
2020-09-10 00:00:00+05:30,52.88843173525577,53.53604628305268,52.27679790840373,52.996368408203125,18646363,0.0,0.0,ONGC.NS,173
2020-09-11 00:00:00+05:30,52.852464749928295,53.03235742162974,52.24083076412113,52.74453353881836,11510019,0.0,0.0,ONGC.NS,174
2020-09-14 00:00:00+05:30,53.14028031220811,53.78789486000502,52.70853911030592,52.996368408203125,11989916,0.0,0.0,ONGC.NS,175
2020-09-15 00:00:00+05:30,53.0683283583756,53.50006959280519,52.70854308136966,53.10430908203125,8883202,0.0,0.0,ONGC.NS,176
2020-09-16 00:00:00+05:30,53.42811102779063,53.572022935614235,52.204843341627814,52.56462860107422,10284798,0.0,0.0,ONGC.NS,177
2020-09-17 00:00:00+05:30,52.56463689971838,53.464100190337184,52.420719479286426,52.636592864990234,16070680,0.0,0.0,ONGC.NS,178
2020-09-18 00:00:00+05:30,53.10431078082059,53.823881357851285,52.49267139843423,53.46409606933594,25690567,0.0,0.0,ONGC.NS,179
2020-09-21 00:00:00+05:30,53.248227787659,53.32018375425924,51.01755988372122,51.197452545166016,13686080,0.0,0.0,ONGC.NS,180
2020-09-22 00:00:00+05:30,51.08951837553395,51.305391775893064,49.47048434250647,50.010162353515625,18042069,0.0,0.0,ONGC.NS,181
2020-09-23 00:00:00+05:30,50.15406374118444,50.477873773591995,48.49905481624431,48.67894744873047,17014238,0.0,0.0,ONGC.NS,182
2020-09-24 00:00:00+05:30,47.52763984585446,48.46307832247232,47.131873823897095,47.959381103515625,32950752,0.0,0.0,ONGC.NS,183
2020-09-25 00:00:00+05:30,48.93079652095187,49.830259692292906,47.59959212534466,49.57841110229492,20235576,0.0,0.0,ONGC.NS,184
2020-09-28 00:00:00+05:30,49.97417099162311,53.03234573672328,49.83025908192632,51.701141357421875,28336496,0.0,0.0,ONGC.NS,185
2020-09-29 00:00:00+05:30,52.16886483879691,52.312776752741996,49.578411958572104,49.758304595947266,20797874,0.0,0.0,ONGC.NS,186
2020-09-30 00:00:00+05:30,49.93820938121969,50.69375534805584,48.64297988108781,49.83027267456055,20069170,0.0,0.0,ONGC.NS,187
2020-10-01 00:00:00+05:30,48.571012091293674,49.93819723332243,47.959378222195646,49.758304595947266,20869186,0.0,0.0,ONGC.NS,188
2020-10-05 00:00:00+05:30,49.65038049953132,50.1540778158898,49.218639158382764,49.79429244995117,12608039,0.0,0.0,ONGC.NS,189
2020-10-06 00:00:00+05:30,50.36994753374728,50.513859473602544,49.65037685469375,49.902225494384766,10028285,0.0,0.0,ONGC.NS,190
2020-10-07 00:00:00+05:30,49.86624240111114,52.78049989838892,49.722324994032306,50.7297248840332,50074263,0.0,0.0,ONGC.NS,191
2020-10-08 00:00:00+05:30,51.01755951774217,51.08951548382624,49.110696222128745,49.254608154296875,21348017,0.0,0.0,ONGC.NS,192
2020-10-09 00:00:00+05:30,49.65037519689372,50.80168714695995,49.11069720562313,50.585819244384766,25747313,0.0,0.0,ONGC.NS,193
2020-10-12 00:00:00+05:30,50.585811825850534,50.801679696768154,49.50645600159956,49.758304595947266,10564850,0.0,0.0,ONGC.NS,194
2020-10-13 00:00:00+05:30,49.72232437133789,50.190046331183076,49.50645649825465,49.72232437133789,9070661,0.0,0.0,ONGC.NS,195
2020-10-14 00:00:00+05:30,49.29059105488791,49.50646445254357,47.95938640904748,48.21123504638672,24825690,0.0,0.0,ONGC.NS,196
2020-10-15 00:00:00+05:30,48.211238923517314,49.29059501881994,47.27579477829944,47.52764892578125,17333956,0.0,0.0,ONGC.NS,197
2020-10-16 00:00:00+05:30,47.959394788576404,48.60700960480695,47.49167267186048,48.391136169433594,18590744,0.0,0.0,ONGC.NS,198
2020-10-19 00:00:00+05:30,48.463082999304234,50.69375095405964,48.463082999304234,49.866249084472656,25987617,0.0,0.0,ONGC.NS,199
2020-10-20 00:00:00+05:30,50.01015487670548,50.19004752014686,48.391121085733,48.49905776977539,18530340,0.0,0.0,ONGC.NS,200
2020-10-21 00:00:00+05:30,48.930807696280795,49.36254901915258,48.211236994864905,48.786895751953125,19589424,0.0,0.0,ONGC.NS,201
2020-10-22 00:00:00+05:30,48.499063253110485,49.722331170860244,48.4271072855761,49.54243850708008,26354156,0.0,0.0,ONGC.NS,202
2020-10-23 00:00:00+05:30,49.794294953260206,50.08212435845896,49.36255359040671,49.65038299560547,13177360,0.0,0.0,ONGC.NS,203
2020-10-26 00:00:00+05:30,50.01016256092609,50.01016256092609,48.67895789289356,49.0747184753418,14224945,0.0,0.0,ONGC.NS,204
2020-10-27 00:00:00+05:30,49.002753752622716,49.25460234917837,47.851441961305675,48.10329055786133,17088331,0.0,0.0,ONGC.NS,205
2020-10-28 00:00:00+05:30,48.391125878458396,48.49906257319099,47.563618538692964,47.74351119995117,15025477,0.0,0.0,ONGC.NS,206
2020-10-29 00:00:00+05:30,47.527643778974124,47.743511680724744,46.124477713097306,46.34035110473633,29901005,0.0,0.0,ONGC.NS,207
2020-10-30 00:00:00+05:30,46.77209024127578,47.4197048964403,46.19643155004328,46.70013427734375,25849220,0.0,0.0,ONGC.NS,208
2020-11-02 00:00:00+05:30,47.05990807045463,47.52762995638475,46.19642024491746,47.27577590942383,12847852,0.0,0.0,ONGC.NS,209
2020-11-03 00:00:00+05:30,47.4916500135672,48.03132785463047,47.27577668118714,47.707523345947266,10809489,0.0,0.0,ONGC.NS,210
2020-11-04 00:00:00+05:30,47.70754043420713,48.13928176372485,47.20383764152908,47.81547164916992,12479581,0.0,0.0,ONGC.NS,211
2020-11-05 00:00:00+05:30,48.1392700439597,49.00275249277567,47.63556737391078,48.642967224121094,17947631,0.0,0.0,ONGC.NS,212
2020-11-06 00:00:00+05:30,48.71493181090388,49.07471714330313,48.35514647850462,48.93080520629883,10496588,0.0,0.0,ONGC.NS,213
2020-11-09 00:00:00+05:30,49.398525576353315,49.398525576353315,48.78689162980629,49.254608154296875,8473527,0.0,0.0,ONGC.NS,214
2020-11-10 00:00:00+05:30,49.686358037494394,51.08951867848319,49.29059196445209,50.90962600708008,33795453,0.0,0.0,ONGC.NS,215
2020-11-11 00:00:00+05:30,51.41331751712471,52.31278077312681,50.76570836471363,52.06093215942383,23531793,0.0,0.0,ONGC.NS,216
2020-11-12 00:00:00+05:30,52.16886509802199,52.45669441722998,50.9096166301387,51.48527526855469,16446681,0.0,0.0,ONGC.NS,217
2020-11-13 00:00:00+05:30,51.23342353958349,52.16886749756393,50.405921757394516,51.91701889038086,16264536,0.0,0.0,ONGC.NS,218
2020-11-14 00:00:00+05:30,53.24822898810707,53.24822898810707,52.168872995104905,52.27680969238281,5387569,0.0,0.0,ONGC.NS,219
2020-11-17 00:00:00+05:30,52.312776140503196,52.74452285706076,51.089508416623566,51.305381774902344,18852045,0.0,0.0,ONGC.NS,220
2020-11-18 00:00:00+05:30,51.55722632577238,51.88103084792651,51.01754846225744,51.773094177246094,14032869,0.0,0.0,ONGC.NS,221
2020-11-19 00:00:00+05:30,51.44929691139064,53.392135298103376,51.41331618612681,51.91701889038086,27903903,0.0,0.0,ONGC.NS,222
2020-11-20 00:00:00+05:30,52.13289663103436,52.31278931159678,50.873647867097404,51.55724334716797,14790440,0.0,0.0,ONGC.NS,223
2020-11-23 00:00:00+05:30,51.809092802159924,55.982605251622864,51.66518085144287,55.04716110229492,44111534,0.0,0.0,ONGC.NS,224
2020-11-24 00:00:00+05:30,55.22703357956261,56.162477386637036,54.25561454291578,54.75931167602539,31379070,0.0,0.0,ONGC.NS,225
2020-11-25 00:00:00+05:30,55.55085287218133,58.86088230701217,55.5148776330392,58.14131164550781,87040163,0.0,0.0,ONGC.NS,226
2020-11-26 00:00:00+05:30,58.39314418413799,58.644992748269736,57.1698711028186,57.70954895019531,30469713,0.0,0.0,ONGC.NS,227
2020-11-27 00:00:00+05:30,58.14130449181002,58.393153094371435,56.1265046915431,56.486289978027344,44245938,0.0,0.0,ONGC.NS,228
2020-12-01 00:00:00+05:30,56.48628830390941,59.004785234656964,55.44291319998334,58.68098068237305,42923229,0.0,0.0,ONGC.NS,229
2020-12-02 00:00:00+05:30,58.64501543817228,61.19949376671087,58.24924933435168,61.05557632446289,52652362,0.0,0.0,ONGC.NS,230
2020-12-03 00:00:00+05:30,61.451340043862054,64.04179351503163,61.16351066042346,63.82592010498047,53618786,0.0,0.0,ONGC.NS,231
2020-12-04 00:00:00+05:30,64.58145590927397,65.48091908349785,62.782529560826234,64.65341186523438,44126894,0.0,0.0,ONGC.NS,232
2020-12-07 00:00:00+05:30,65.58887197012547,67.63964741614792,65.30104258527047,65.87670135498047,46638129,0.0,0.0,ONGC.NS,233
2020-12-08 00:00:00+05:30,66.92006689654895,67.24387147589958,64.79733578772117,65.30103302001953,34326971,0.0,0.0,ONGC.NS,234
2020-12-09 00:00:00+05:30,65.84071316938946,66.8121324296487,65.4089718859285,65.62483978271484,25763702,0.0,0.0,ONGC.NS,235
2020-12-10 00:00:00+05:30,65.48091698244923,66.34439940604307,63.82590259902578,65.94863891601562,25329334,0.0,0.0,ONGC.NS,236
2020-12-11 00:00:00+05:30,66.63224177843007,75.12317773185424,66.63224177843007,69.6544418334961,146821189,0.0,0.0,ONGC.NS,237
2020-12-14 00:00:00+05:30,70.69781067571029,73.79196641777799,70.12215200605976,73.03641510009766,75021883,0.0,0.0,ONGC.NS,238
2020-12-15 00:00:00+05:30,73.75599053696813,73.75599053696813,71.38140523104212,72.28086853027344,33553433,0.0,0.0,ONGC.NS,239
2020-12-16 00:00:00+05:30,73.32424501498134,74.54751283530591,72.42478176771682,74.04381561279297,34618175,0.0,0.0,ONGC.NS,240
2020-12-17 00:00:00+05:30,75.62686813374914,75.98665342980874,72.46075643044713,73.03641510009766,41881430,0.0,0.0,ONGC.NS,241
2020-12-18 00:00:00+05:30,73.03641425238716,73.6120729153562,70.62585389474407,71.23748779296875,36480527,0.0,0.0,ONGC.NS,242
2020-12-21 00:00:00+05:30,71.16552744257022,71.20150267560665,64.00579728181569,64.65341186523438,58724337,0.0,0.0,ONGC.NS,243
2020-12-22 00:00:00+05:30,64.0777638555317,66.41636829566224,62.31481259903898,65.15711975097656,58602960,0.0,0.0,ONGC.NS,244
2020-12-23 00:00:00+05:30,65.12115507516886,65.69681389057361,63.53810156763983,65.33702850341797,29216106,0.0,0.0,ONGC.NS,245
2020-12-24 00:00:00+05:30,66.56027790816502,68.7189896241055,66.30842930594952,67.02799987792969,46351620,0.0,0.0,ONGC.NS,246
2020-12-28 00:00:00+05:30,67.6396318239767,68.46713905597096,67.13593463400852,67.49571990966797,17759262,0.0,0.0,ONGC.NS,247
2020-12-29 00:00:00+05:30,67.78354568457618,68.10735573589993,66.20049262217493,67.02799987792969,17678810,0.0,0.0,ONGC.NS,248
2020-12-30 00:00:00+05:30,67.27985298218101,67.99942360231128,66.7401750170833,67.09996032714844,15960705,0.0,0.0,ONGC.NS,249
2020-12-31 00:00:00+05:30,67.13593970953521,68.7549735724029,66.59626175524599,66.95604705810547,43701316,0.0,0.0,ONGC.NS,250
2021-01-01 00:00:00+05:30,67.45975381694855,67.96345111615958,66.92007578641297,67.0639877319336,15130377,0.0,0.0,ONGC.NS,251
2021-01-04 00:00:00+05:30,67.67560210482692,70.01420603575552,67.4237480588175,69.7623519897461,39545073,0.0,0.0,ONGC.NS,252
2021-01-05 00:00:00+05:30,69.43856356535318,69.43856356535318,67.89148566255164,68.32322692871094,26998014,0.0,0.0,ONGC.NS,253
2021-01-06 00:00:00+05:30,71.16551764223532,71.45334691632696,69.2586548775008,69.7623519897461,50306161,0.0,0.0,ONGC.NS,254
2021-01-07 00:00:00+05:30,70.51790932149123,71.27346054589069,69.8702947705613,70.44595336914062,25285200,0.0,0.0,ONGC.NS,255
2021-01-08 00:00:00+05:30,71.20150848857014,72.89250378607562,70.9136846412303,72.4247817993164,36022114,0.0,0.0,ONGC.NS,256
2021-01-11 00:00:00+05:30,73.03641040085455,74.0438102629818,70.55389421372635,73.79196166992188,36301647,0.0,0.0,ONGC.NS,257
2021-01-12 00:00:00+05:30,73.396215082705,75.19514192296737,72.4967516625738,74.43959045410156,28353142,0.0,0.0,ONGC.NS,258
2021-01-13 00:00:00+05:30,75.51893648748882,77.6416731698559,74.9073025413414,75.73480987548828,42401579,0.0,0.0,ONGC.NS,259
2021-01-14 00:00:00+05:30,76.99405713395939,77.31786172034319,74.9792571812276,75.59089660644531,24455634,0.0,0.0,ONGC.NS,260
2021-01-15 00:00:00+05:30,75.73482391937038,76.34645797893613,72.42479945887696,72.9644775390625,28185982,0.0,0.0,ONGC.NS,261
2021-01-18 00:00:00+05:30,72.9644615869109,73.28826616827341,69.1147598878886,69.54650115966797,33623461,0.0,0.0,ONGC.NS,262
2021-01-19 00:00:00+05:30,70.33802565731979,71.23748890101953,70.15813300857984,70.58987426757812,26085121,0.0,0.0,ONGC.NS,263
2021-01-20 00:00:00+05:30,71.23749143960309,71.81315013204,70.4099841279331,71.12955474853516,18486566,0.0,0.0,ONGC.NS,264
2021-01-21 00:00:00+05:30,71.27347790813567,72.10097979657823,67.56768781553173,68.14334106445312,26939349,0.0,0.0,ONGC.NS,265
2021-01-22 00:00:00+05:30,68.07138563722378,68.68301962090484,66.56028829816216,66.74018096923828,27311961,0.0,0.0,ONGC.NS,266
2021-01-25 00:00:00+05:30,66.95603836254283,67.45973552517587,64.76134610416884,65.7327651977539,28522112,0.0,0.0,ONGC.NS,267
2021-01-27 00:00:00+05:30,65.76875987454598,66.02060850930131,63.969833212167195,64.54548645019531,34022621,0.0,0.0,ONGC.NS,268
2021-01-28 00:00:00+05:30,64.04178004502226,65.7687504925285,63.89786812851662,65.22907257080078,26810222,0.0,0.0,ONGC.NS,269
2021-01-29 00:00:00+05:30,65.30103170492856,66.88408482303224,63.14231991303009,63.5380859375,33858273,0.0,0.0,ONGC.NS,270
2021-02-01 00:00:00+05:30,64.04178884405307,65.62484210266979,63.646022784454665,65.37299346923828,24228098,0.0,0.0,ONGC.NS,271
2021-02-02 00:00:00+05:30,66.56028515940997,67.60366040649401,65.62484111797102,66.8121337890625,22141489,0.0,0.0,ONGC.NS,272
2021-02-03 00:00:00+05:30,68.07136864847737,68.57507129571331,66.9200569389038,67.17190551757812,25912911,0.0,0.0,ONGC.NS,273
2021-02-04 00:00:00+05:30,67.81953382407828,70.94966505644267,67.63964116141493,70.26607513427734,49670027,0.0,0.0,ONGC.NS,274
2021-02-05 00:00:00+05:30,71.20151368619366,71.92108433684702,69.65444117919967,70.26607513427734,30514219,0.0,0.0,ONGC.NS,275
2021-02-08 00:00:00+05:30,71.59728637791342,72.53273050644474,71.30945699298925,71.7052230834961,29096831,0.0,0.0,ONGC.NS,276
2021-02-09 00:00:00+05:30,71.81316069579606,74.36763348076481,71.81316069579606,72.67664337158203,39638657,0.0,0.0,ONGC.NS,277
2021-02-10 00:00:00+05:30,73.39621078491211,73.75599613189698,70.9496693274373,71.95706939697266,21467230,0.0,0.0,ONGC.NS,278
2021-02-11 00:00:00+05:30,71.95706825642438,72.20891689734414,71.16554160358145,71.5613021850586,11287104,0.0,0.0,ONGC.NS,279
2021-02-12 00:00:00+05:30,71.16554047572114,71.52532581130124,69.4745504964724,69.79835510253906,18187705,0.0,0.0,ONGC.NS,280
2021-02-15 00:00:00+05:30,69.79835296517261,71.41738692570496,68.79095295841925,70.84172821044922,26118576,0.0,0.0,ONGC.NS,281
2021-02-16 00:00:00+05:30,71.41738124985292,75.4469754667285,71.41738124985292,74.65544891357422,76236798,0.0,0.0,ONGC.NS,282
2021-02-17 00:00:00+05:30,74.65544564916335,75.75331984988635,73.77714852221574,74.83842468261719,21014091,1.75,0.0,ONGC.NS,283
2021-02-18 00:00:00+05:30,75.89970392095432,84.53631688384367,75.64353438054599,81.02311706542969,110000964,0.0,0.0,ONGC.NS,284
2021-02-19 00:00:00+05:30,81.02313040306795,82.12100482903949,76.00950497461356,76.92440032958984,48225988,0.0,0.0,ONGC.NS,285
2021-02-22 00:00:00+05:30,77.5099210232473,79.44949992808958,77.07077245220758,77.80268859863281,36592043,0.0,0.0,ONGC.NS,286
2021-02-23 00:00:00+05:30,80.32779466701228,83.73120576288558,80.10821759602295,82.12098693847656,90860972,0.0,0.0,ONGC.NS,287
2021-02-24 00:00:00+05:30,83.43845089977495,84.42653670150936,81.24270219188612,83.14568328857422,26071364,0.0,0.0,ONGC.NS,288
2021-02-25 00:00:00+05:30,84.9022741555084,88.19589685981691,84.42652753695953,87.1346206665039,62038881,0.0,0.0,ONGC.NS,289
2021-02-26 00:00:00+05:30,84.53631364977038,86.65887155952373,80.54737294494879,81.24269104003906,55154985,0.0,0.0,ONGC.NS,290
2021-03-01 00:00:00+05:30,83.65799976823767,86.10991721433533,83.07246474346398,85.67076873779297,41672980,0.0,0.0,ONGC.NS,291
2021-03-02 00:00:00+05:30,84.82908683571819,85.37802397367484,82.52354973948475,83.0724868774414,36303917,0.0,0.0,ONGC.NS,292
2021-03-03 00:00:00+05:30,83.47504408822167,84.75589742663055,82.85291085658972,83.43844604492188,19434630,0.0,0.0,ONGC.NS,293
2021-03-04 00:00:00+05:30,83.40184127387614,85.63418771722958,82.19418411948448,82.48694610595703,38272786,0.0,0.0,ONGC.NS,294
2021-03-05 00:00:00+05:30,85.08524405036636,86.54907620607159,83.07247483627167,84.13375091552734,57756103,0.0,0.0,ONGC.NS,295
2021-03-08 00:00:00+05:30,87.06142661228075,89.54994271922735,85.78057330853679,86.54908752441406,63866178,0.0,0.0,ONGC.NS,296
2021-03-09 00:00:00+05:30,87.3908045302884,87.50059308857823,83.5848365420689,85.45122528076172,26817643,0.0,0.0,ONGC.NS,297
2021-03-10 00:00:00+05:30,85.56101477123086,85.63420528286213,83.14568879885223,83.7312240600586,23841269,0.0,0.0,ONGC.NS,298
2021-03-12 00:00:00+05:30,85.45122565672804,85.92697235535842,83.43845588751175,84.20697021484375,20691698,0.0,0.0,ONGC.NS,299
2021-03-15 00:00:00+05:30,84.90227335944164,85.52440096982902,82.56014391419131,83.69461059570312,19679802,0.0,0.0,ONGC.NS,300
2021-03-16 00:00:00+05:30,83.29205791270091,85.12184823956977,83.03588279967774,84.24354553222656,20680669,0.0,0.0,ONGC.NS,301
2021-03-17 00:00:00+05:30,84.02398877129048,84.06058123379567,79.5958931704743,80.03504180908203,31017863,0.0,0.0,ONGC.NS,302
2021-03-18 00:00:00+05:30,80.51078451639953,82.12099797309646,78.68099395920864,80.65716552734375,26710696,0.0,0.0,ONGC.NS,303
2021-03-19 00:00:00+05:30,77.76608100304237,82.88949339853693,76.44862986771322,80.87672424316406,50386785,0.0,0.0,ONGC.NS,304
2021-03-22 00:00:00+05:30,80.87673560896735,81.42567272848522,79.44950133185172,80.21800994873047,15825065,0.0,0.0,ONGC.NS,305
2021-03-23 00:00:00+05:30,80.21800455307431,80.73034918060908,78.02225622269412,78.42481231689453,15815643,0.0,0.0,ONGC.NS,306
2021-03-24 00:00:00+05:30,76.85119208558085,77.58310820068161,75.27757132129882,76.7048110961914,31083656,0.0,0.0,ONGC.NS,307
2021-03-25 00:00:00+05:30,77.58309771967869,78.82735271362802,74.14309467705921,74.65543365478516,37295495,0.0,0.0,ONGC.NS,308
2021-03-26 00:00:00+05:30,75.38736789841401,76.1192840916025,73.37459836714568,74.9482192993164,26637085,0.0,0.0,ONGC.NS,309
2021-03-30 00:00:00+05:30,76.15589789801237,77.8027096735516,75.09461584777328,75.75334167480469,31843017,0.0,0.0,ONGC.NS,310
2021-03-31 00:00:00+05:30,75.240990193528,76.26566844167304,74.58226447395073,74.76524353027344,19587582,0.0,0.0,ONGC.NS,311
2021-04-01 00:00:00+05:30,75.38736443567375,77.03417579470546,74.03332065728533,76.37545013427734,22299747,0.0,0.0,ONGC.NS,312
2021-04-05 00:00:00+05:30,74.76524804001971,76.485250156386,72.75247829906219,75.71673583984375,24878516,0.0,0.0,ONGC.NS,313
2021-04-06 00:00:00+05:30,75.13119966060293,76.41205302106692,74.14311389934622,76.08268737792969,15156974,0.0,0.0,ONGC.NS,314
2021-04-07 00:00:00+05:30,76.04609458619238,77.10737084659986,75.71672894449259,76.59503173828125,10330347,0.0,0.0,ONGC.NS,315
2021-04-08 00:00:00+05:30,75.97289414020538,77.36353027624352,75.6069360867055,75.82650756835938,26105970,0.0,0.0,ONGC.NS,316
2021-04-09 00:00:00+05:30,75.3873727938151,76.7780147679923,75.3873727938151,75.97290802001953,17645822,0.0,0.0,ONGC.NS,317
2021-04-12 00:00:00+05:30,73.81374329730856,74.8384270336557,71.32522724734469,71.7643814086914,27005598,0.0,0.0,ONGC.NS,318
2021-04-13 00:00:00+05:30,71.76438244944892,75.02140716085006,71.76438244944892,74.69204711914062,25505623,0.0,0.0,ONGC.NS,319
2021-04-15 00:00:00+05:30,76.3022726050216,78.13206331497415,75.97291251086138,76.92440032958984,28659714,0.0,0.0,ONGC.NS,320
2021-04-16 00:00:00+05:30,76.55842249531395,78.93714980639827,76.2656549402113,78.53459930419922,21627285,0.0,0.0,ONGC.NS,321
2021-04-19 00:00:00+05:30,76.08269325247711,77.54652577746236,74.58226826481399,75.4239730834961,19166492,0.0,0.0,ONGC.NS,322
2021-04-20 00:00:00+05:30,75.60695356536301,76.85120900127626,74.80184119427769,75.277587890625,23082015,0.0,0.0,ONGC.NS,323
2021-04-22 00:00:00+05:30,74.94822452236274,76.44864947251538,74.39928733921663,75.46056365966797,14844968,0.0,0.0,ONGC.NS,324
2021-04-23 00:00:00+05:30,74.65545170522553,75.863114540802,74.36268411113466,74.9482192993164,12790334,0.0,0.0,ONGC.NS,325
2021-04-26 00:00:00+05:30,77.03417438004863,77.36353441217574,75.02140497819462,75.24098205566406,11797791,0.0,0.0,ONGC.NS,326
2021-04-27 00:00:00+05:30,75.24098281785618,76.119279968477,75.24098281785618,75.53374481201172,8886250,0.0,0.0,ONGC.NS,327
2021-04-28 00:00:00+05:30,75.93629301456612,76.41203958159316,75.60693301343476,76.04608154296875,6887787,0.0,0.0,ONGC.NS,328
2021-04-29 00:00:00+05:30,76.77800375825029,77.5099198940123,75.78991809178696,76.15587615966797,14990087,0.0,0.0,ONGC.NS,329
2021-04-30 00:00:00+05:30,76.22907347627785,82.48695364645934,75.60694582203675,79.15673828125,81358264,0.0,0.0,ONGC.NS,330
2021-05-03 00:00:00+05:30,79.15674297989251,81.02312605340187,77.58312193699636,78.82737731933594,33975507,0.0,0.0,ONGC.NS,331
2021-05-04 00:00:00+05:30,79.04695288666296,80.73036245028779,78.82737578390227,80.2546157836914,30811922,0.0,0.0,ONGC.NS,332
2021-05-05 00:00:00+05:30,82.26738073015281,83.43844551530655,80.8767388547489,81.31588745117188,47588366,0.0,0.0,ONGC.NS,333
2021-05-06 00:00:00+05:30,82.19418645517102,82.59673699004843,80.10822094577765,80.69375610351562,26083818,0.0,0.0,ONGC.NS,334
2021-05-07 00:00:00+05:30,81.13291102076086,82.23078533926662,80.25461379958726,81.57205963134766,28016564,0.0,0.0,ONGC.NS,335
2021-05-10 00:00:00+05:30,83.32866684517353,84.1337736313723,82.34058099010784,83.36526489257812,33477142,0.0,0.0,ONGC.NS,336
2021-05-11 00:00:00+05:30,82.37717632201053,86.87845680049267,81.05972483596639,86.4393081665039,48355326,0.0,0.0,ONGC.NS,337
2021-05-12 00:00:00+05:30,86.87844248610233,88.67164035687995,83.21886183236462,84.24354553222656,49718697,0.0,0.0,ONGC.NS,338
2021-05-14 00:00:00+05:30,84.90226823020062,84.90226823020062,81.64524379465551,82.669921875,23626454,0.0,0.0,ONGC.NS,339
2021-05-17 00:00:00+05:30,83.40184473093188,84.46312652015499,82.15758948461755,83.62142181396484,19960145,0.0,0.0,ONGC.NS,340
2021-05-18 00:00:00+05:30,84.17035721929659,86.00014759362914,83.65801814811431,84.9754638671875,29395737,0.0,0.0,ONGC.NS,341
2021-05-19 00:00:00+05:30,83.80440038769807,84.75589363009756,82.99929372786313,84.09716796875,25295575,0.0,0.0,ONGC.NS,342
2021-05-20 00:00:00+05:30,83.03589679290454,83.95079211051731,81.38908522120154,81.82823944091797,21131045,0.0,0.0,ONGC.NS,343
2021-05-21 00:00:00+05:30,81.2792891142931,83.47503752169507,81.2792891142931,82.52354431152344,20562816,0.0,0.0,ONGC.NS,344
2021-05-24 00:00:00+05:30,82.88952220285348,83.40186138681155,81.13292194001708,82.7431411743164,24785960,0.0,0.0,ONGC.NS,345
2021-05-25 00:00:00+05:30,83.73121299023065,85.70738446340232,83.21886830839095,83.87759399414062,25820379,0.0,0.0,ONGC.NS,346
2021-05-26 00:00:00+05:30,84.4631225616336,84.4631225616336,82.7065227319277,82.96269226074219,12045621,0.0,0.0,ONGC.NS,347
2021-05-27 00:00:00+05:30,82.70652709887989,83.18227372555614,81.46227184518249,81.86482238769531,22821449,0.0,0.0,ONGC.NS,348
2021-05-28 00:00:00+05:30,82.85290150310213,84.57290883062258,81.86481587040699,82.23077392578125,19331994,0.0,0.0,ONGC.NS,349
2021-05-31 00:00:00+05:30,82.34057670434731,83.69462062666992,81.53546996005369,83.18228149414062,16430926,0.0,0.0,ONGC.NS,350
2021-06-01 00:00:00+05:30,83.69461379241,86.6954690037784,83.58482524895366,86.0733413696289,51620011,0.0,0.0,ONGC.NS,351
2021-06-02 00:00:00+05:30,86.36611504362394,87.39079888129604,84.90228258525744,86.18313598632812,27162991,0.0,0.0,ONGC.NS,352
2021-06-03 00:00:00+05:30,86.95164886249742,90.61122994957093,86.69547371914021,89.65973663330078,64241347,0.0,0.0,ONGC.NS,353
2021-06-04 00:00:00+05:30,91.19675814497776,92.7337810606644,90.28186288753602,91.81888580322266,72354379,0.0,0.0,ONGC.NS,354
2021-06-07 00:00:00+05:30,92.91675761345441,93.31931374953432,91.41633278204556,91.59931182861328,28709907,0.0,0.0,ONGC.NS,355
2021-06-08 00:00:00+05:30,92.03845777173024,92.14824631332309,89.76951877647916,91.3431396484375,15261479,0.0,0.0,ONGC.NS,356
2021-06-09 00:00:00+05:30,92.95336302841628,93.68527927273452,90.06229609699035,90.7942123413086,29718157,0.0,0.0,ONGC.NS,357
2021-06-10 00:00:00+05:30,90.57463491545867,91.34314920291791,89.62314156756416,90.72101593017578,12245640,0.0,0.0,ONGC.NS,358
2021-06-11 00:00:00+05:30,90.72099989271946,92.66057870727445,89.65972376343603,90.42823791503906,18360366,0.0,0.0,ONGC.NS,359
2021-06-14 00:00:00+05:30,91.05037206554897,92.07505581362024,88.74483502840788,91.3431396484375,19547491,0.0,0.0,ONGC.NS,360
2021-06-15 00:00:00+05:30,91.92866843179648,94.05122640920884,91.37973131267658,91.74568939208984,32779493,0.0,0.0,ONGC.NS,361
2021-06-16 00:00:00+05:30,92.95336464737203,93.86825996870442,92.29463889919711,92.7337875366211,31654780,0.0,0.0,ONGC.NS,362
2021-06-17 00:00:00+05:30,91.92866405564462,92.95334774603838,90.39164131209243,91.56270599365234,18124616,0.0,0.0,ONGC.NS,363
2021-06-18 00:00:00+05:30,91.16016612888707,91.16016612888707,87.02483842830443,88.01292419433594,87912730,0.0,0.0,ONGC.NS,364
2021-06-21 00:00:00+05:30,87.39078664989339,89.29376746260903,87.06142104241304,88.52525329589844,15669821,0.0,0.0,ONGC.NS,365
2021-06-22 00:00:00+05:30,89.80611674066333,90.90399105575251,88.927819522223,89.33037567138672,23629008,0.0,0.0,ONGC.NS,366
2021-06-23 00:00:00+05:30,90.3916488961871,91.05037457985738,89.1107955717472,90.2818603515625,21978870,0.0,0.0,ONGC.NS,367
2021-06-24 00:00:00+05:30,91.08696994359308,91.08696994359308,88.81803081332626,89.29377746582031,24358397,0.0,0.0,ONGC.NS,368
2021-06-25 00:00:00+05:30,89.98909521973519,91.45292763052602,88.08611420252262,88.4886703491211,34557609,0.0,0.0,ONGC.NS,369
2021-06-28 00:00:00+05:30,89.69632860061293,91.12356289424125,89.14739147474401,89.54994201660156,23728169,0.0,0.0,ONGC.NS,370
2021-06-29 00:00:00+05:30,89.14739279223613,89.62313384109164,87.17121575945615,87.39079284667969,20857415,0.0,0.0,ONGC.NS,371
2021-06-30 00:00:00+05:30,88.08610129896087,88.52524984105261,85.67078152541801,86.14652252197266,19094044,0.0,0.0,ONGC.NS,372
2021-07-01 00:00:00+05:30,86.18312880542938,87.64696114182733,85.85376876337072,86.98823547363281,16012542,0.0,0.0,ONGC.NS,373
2021-07-02 00:00:00+05:30,87.82995280402962,88.45208051957589,86.36612025729579,86.69548034667969,20014124,0.0,0.0,ONGC.NS,374
2021-07-05 00:00:00+05:30,87.20780761820771,88.89121135926978,87.02482858652203,88.52525329589844,12050022,0.0,0.0,ONGC.NS,375
2021-07-06 00:00:00+05:30,90.02569259831935,91.48952499829203,88.59845824197697,88.92781829833984,30193164,0.0,0.0,ONGC.NS,376
2021-07-07 00:00:00+05:30,87.75675201416016,88.12271010797728,86.21972913694374,87.75675201416016,18479814,0.0,0.0,ONGC.NS,377
2021-07-08 00:00:00+05:30,87.39077019496142,87.39077019496142,85.52438218956162,85.67076873779297,17151883,0.0,0.0,ONGC.NS,378
2021-07-09 00:00:00+05:30,85.70738776726681,86.84186013557186,85.34142965930745,86.29292297363281,11240925,0.0,0.0,ONGC.NS,379
2021-07-12 00:00:00+05:30,87.09803684839792,87.35420642819524,86.36612057236096,86.7686767578125,8420962,0.0,0.0,ONGC.NS,380
2021-07-13 00:00:00+05:30,87.09802738965276,88.41547877707679,86.80525979421658,88.12271118164062,8580799,0.0,0.0,ONGC.NS,381
2021-07-14 00:00:00+05:30,88.04950826192587,89.11078436363209,87.90312169281272,88.41546630859375,12709481,0.0,0.0,ONGC.NS,382
2021-07-15 00:00:00+05:30,87.24440854314646,87.39079513315127,85.04865994977119,85.56100463867188,28589465,0.0,0.0,ONGC.NS,383
2021-07-16 00:00:00+05:30,85.78058553020506,85.92697213622156,84.71930916095604,85.48782348632812,19691248,0.0,0.0,ONGC.NS,384
2021-07-19 00:00:00+05:30,84.02398058212798,85.30483391061117,83.5848264022433,83.87759399414062,14395883,0.0,0.0,ONGC.NS,385
2021-07-20 00:00:00+05:30,82.01121438453286,82.88951161168792,81.68184873629153,82.41376495361328,18634406,0.0,0.0,ONGC.NS,386
2021-07-22 00:00:00+05:30,83.73121682087059,84.75590064735111,83.40185117088883,84.53632354736328,11710140,0.0,0.0,ONGC.NS,387
2021-07-23 00:00:00+05:30,84.53631935784453,85.45121458899004,83.98738221915723,84.38993835449219,7841690,0.0,0.0,ONGC.NS,388
2021-07-26 00:00:00+05:30,84.0605825781397,84.60951978119775,83.51164537508166,83.84101104736328,8149770,0.0,0.0,ONGC.NS,389
2021-07-27 00:00:00+05:30,84.42653129846181,84.82908743611013,83.43844555996195,83.91419219970703,9704729,0.0,0.0,ONGC.NS,390
2021-07-28 00:00:00+05:30,84.09716671164165,84.31673820609052,83.0358849442024,83.69461059570312,11020097,0.0,0.0,ONGC.NS,391
2021-07-29 00:00:00+05:30,83.6580209367176,84.75589519791296,82.92610476258736,83.98738098144531,14142749,0.0,0.0,ONGC.NS,392
2021-07-30 00:00:00+05:30,83.65802216957579,85.45121458899004,83.29206407711759,84.38993835449219,12236156,0.0,0.0,ONGC.NS,393
2021-08-02 00:00:00+05:30,84.13376132328541,86.00014978632157,84.02397836528804,85.70738220214844,10895726,0.0,0.0,ONGC.NS,394
2021-08-03 00:00:00+05:30,85.01206959577505,86.51249448796189,84.28015337985633,86.29292297363281,15163353,0.0,0.0,ONGC.NS,395
2021-08-04 00:00:00+05:30,86.14653515570133,86.7320703537458,85.3414284464483,85.89036560058594,14304543,0.0,0.0,ONGC.NS,396
2021-08-05 00:00:00+05:30,85.04866737558125,85.81718168399445,83.95079298303547,85.5244140625,11033147,0.0,0.0,ONGC.NS,397
2021-08-06 00:00:00+05:30,85.01206315997969,86.51248793857762,85.01206315997969,85.37802124023438,6606584,0.0,0.0,ONGC.NS,398
2021-08-09 00:00:00+05:30,84.9022728961447,85.63418904180112,83.6580176821596,84.17035675048828,8294214,0.0,0.0,ONGC.NS,399
2021-08-10 00:00:00+05:30,84.24355644897646,84.68270506751693,83.36525921189553,84.06057739257812,14300982,0.0,0.0,ONGC.NS,400
2021-08-11 00:00:00+05:30,84.53631914578952,85.85377050896521,84.06057250997178,85.63419342041016,11308648,0.0,0.0,ONGC.NS,401
2021-08-12 00:00:00+05:30,84.97546993676943,86.2929213340219,84.38994032560637,85.08525848388672,13519139,0.0,0.0,ONGC.NS,402
2021-08-13 00:00:00+05:30,85.48780852244685,85.59759147764515,84.42652675488773,84.9754638671875,10342014,0.0,0.0,ONGC.NS,403
2021-08-16 00:00:00+05:30,85.56100737384381,86.62228366093724,83.9507883367808,84.53632354736328,14771886,0.0,0.0,ONGC.NS,404
2021-08-17 00:00:00+05:30,84.902280019624,84.902280019624,82.48695430267611,83.32865905761719,16025745,0.0,0.0,ONGC.NS,405
2021-08-18 00:00:00+05:30,83.36525760129555,84.3533433699414,82.6333413898427,82.85291290283203,10074307,0.0,0.0,ONGC.NS,406
2021-08-20 00:00:00+05:30,80.98653117808469,81.79163790643317,79.412910182085,80.65716552734375,23878081,0.0,0.0,ONGC.NS,407
2021-08-23 00:00:00+05:30,80.76695736480451,81.97462029851789,79.4129134141892,81.79164123535156,16886027,0.0,0.0,ONGC.NS,408
2021-08-24 00:00:00+05:30,82.81632044270592,84.31674532573774,82.0478061870494,82.85291290283203,17368602,0.0,0.0,ONGC.NS,409
2021-08-25 00:00:00+05:30,83.07248957134678,85.7805773061209,82.92610856344237,84.64611053466797,18637317,0.0,0.0,ONGC.NS,410
2021-08-26 00:00:00+05:30,84.60949894822106,85.08524552387958,83.7312018732181,84.57290649414062,8779246,0.0,0.0,ONGC.NS,411
2021-08-27 00:00:00+05:30,84.53631653883316,85.63419077959723,84.13376041692214,85.37802124023438,9706825,0.0,0.0,ONGC.NS,412
2021-08-30 00:00:00+05:30,85.45121913468634,88.12271446856057,85.45121913468634,87.93973541259766,15933414,0.0,0.0,ONGC.NS,413
2021-08-31 00:00:00+05:30,87.82994203432372,88.5618582179431,87.13462389351626,88.23249816894531,13376290,0.0,0.0,ONGC.NS,414
2021-09-01 00:00:00+05:30,89.14739530705839,89.47675536310756,87.39079531194876,87.61036682128906,10964080,0.0,0.0,ONGC.NS,415
2021-09-02 00:00:00+05:30,87.0248369594469,87.93973220590013,86.36611126518508,86.84185791015625,13031666,0.0,0.0,ONGC.NS,416
2021-09-03 00:00:00+05:30,87.79333996368317,90.39164452995647,86.95164085839866,90.098876953125,21326802,0.0,0.0,ONGC.NS,417
2021-09-06 00:00:00+05:30,90.6112262048684,91.01377675736367,88.67164719206119,89.03760528564453,12505630,0.0,0.0,ONGC.NS,418
2021-09-07 00:00:00+05:30,89.65973106240482,89.84271010538932,87.50058058881862,87.79334259033203,8530847,0.0,0.0,ONGC.NS,419
2021-09-08 00:00:00+05:30,88.46238801401884,88.8340787199601,87.34731589619507,88.42521667480469,7801721,1.85,0.0,ONGC.NS,420
2021-09-09 00:00:00+05:30,88.5367234664116,92.0306194438453,87.8676790731541,90.80403900146484,27242637,0.0,0.0,ONGC.NS,421
2021-09-13 00:00:00+05:30,90.84120476914752,91.7332658516628,90.02348636383768,91.47308349609375,9921031,0.0,0.0,ONGC.NS,422
2021-09-14 00:00:00+05:30,91.65893458791797,93.22003449067624,91.28724386480647,92.14212799072266,16593684,0.0,0.0,ONGC.NS,423
2021-09-15 00:00:00+05:30,92.36515046330531,97.15995882235762,92.36515046330531,95.48735046386719,42437332,0.0,0.0,ONGC.NS,424
2021-09-16 00:00:00+05:30,96.37942039905896,97.56883550242499,94.70681746199749,95.67321014404297,22431820,0.0,0.0,ONGC.NS,425
2021-09-17 00:00:00+05:30,95.67318240130764,96.41656378957437,92.73682818627404,94.96697235107422,25968166,0.0,0.0,ONGC.NS,426
2021-09-20 00:00:00+05:30,92.95985701801038,96.19355967364379,92.95985701801038,95.52452087402344,29857432,0.0,0.0,ONGC.NS,427
2021-09-21 00:00:00+05:30,96.34222135267362,101.09985715199888,95.9705307013795,100.5051498413086,51537119,0.0,0.0,ONGC.NS,428
2021-09-22 00:00:00+05:30,99.98480694348574,100.54234304168361,98.46087267312468,99.3529281616211,16424387,0.0,0.0,ONGC.NS,429
2021-09-23 00:00:00+05:30,100.20784436679443,102.84685137909845,99.91048491375687,102.40081787109375,18688982,0.0,0.0,ONGC.NS,430
2021-09-24 00:00:00+05:30,103.25567615495498,103.99905758542434,99.98480239812993,101.1742172241211,33667173,0.0,0.0,ONGC.NS,431
2021-09-27 00:00:00+05:30,102.62381837732391,104.6309461593628,102.21495628356934,104.07341003417969,34196564,0.0,0.0,ONGC.NS,432
2021-09-28 00:00:00+05:30,105.41151419896586,106.74960336091951,104.81680664441944,105.7088623046875,46109879,0.0,0.0,ONGC.NS,433
2021-09-29 00:00:00+05:30,104.70530091036137,110.6151822495953,103.59022853152089,107.60448455810547,68003697,0.0,0.0,ONGC.NS,434
2021-09-30 00:00:00+05:30,107.60446260709664,108.57086074023644,105.07697026790072,107.41861724853516,26714630,0.0,0.0,ONGC.NS,435
2021-10-01 00:00:00+05:30,107.93898304538227,111.24702819168853,107.1212702655305,108.71953582763672,42893182,0.0,0.0,ONGC.NS,436
2021-10-04 00:00:00+05:30,109.87177276569052,110.39213747506749,109.27706537935974,109.72309875488281,16099471,0.0,0.0,ONGC.NS,437
2021-10-05 00:00:00+05:30,111.50721363592201,122.36058696705855,110.76383221168253,121.65436553955078,131238378,0.0,0.0,ONGC.NS,438
2021-10-06 00:00:00+05:30,123.4013121287308,128.41913656770026,123.25263811767762,124.96241760253906,101221817,0.0,0.0,ONGC.NS,439
2021-10-07 00:00:00+05:30,126.48631722069138,126.48631722069138,118.56931131583849,119.23834991455078,59769140,0.0,0.0,ONGC.NS,440
2021-10-08 00:00:00+05:30,121.84020488028199,123.84734370111514,119.3127126998918,119.64723205566406,30561341,0.0,0.0,ONGC.NS,441
2021-10-11 00:00:00+05:30,121.72871687917997,123.54999922951542,120.94816405957874,122.65794372558594,18143592,0.0,0.0,ONGC.NS,442
2021-10-12 00:00:00+05:30,122.73228350895006,123.28981960361259,120.98533254176715,121.58003997802734,11619888,0.0,0.0,ONGC.NS,443
2021-10-13 00:00:00+05:30,121.65437797771301,121.76589200861054,118.71802332036896,118.9410400390625,16690451,0.0,0.0,ONGC.NS,444
2021-10-14 00:00:00+05:30,119.68442445585221,120.24196059462172,117.93747335046707,118.23483276367188,14821875,0.0,0.0,ONGC.NS,445
2021-10-18 00:00:00+05:30,121.72871107196896,123.0296285948755,119.8330861271136,120.50213623046875,22899876,0.0,0.0,ONGC.NS,446
2021-10-19 00:00:00+05:30,121.54286353390079,121.54286353390079,117.45426567802032,117.90029907226562,10331930,0.0,0.0,ONGC.NS,447
2021-10-20 00:00:00+05:30,118.38349406778843,118.45783674887029,114.22055347541719,115.1497802734375,17118996,0.0,0.0,ONGC.NS,448
2021-10-21 00:00:00+05:30,117.15692509703129,119.16405281262067,114.88960932772983,115.22412872314453,31555789,0.0,0.0,ONGC.NS,449
2021-10-22 00:00:00+05:30,116.71088316470292,117.71445262087519,114.85242961112485,116.74805450439453,27317028,0.0,0.0,ONGC.NS,450
2021-10-25 00:00:00+05:30,118.19767728888935,121.13403241203669,118.12333458983112,119.9817886352539,34568006,0.0,0.0,ONGC.NS,451
2021-10-26 00:00:00+05:30,121.58001798489126,121.87736597768235,119.16402867839244,121.24549865722656,33022684,0.0,0.0,ONGC.NS,452
2021-10-27 00:00:00+05:30,121.24550551355107,121.61719619710813,116.71087463691521,117.37991333007812,21652522,0.0,0.0,ONGC.NS,453
2021-10-28 00:00:00+05:30,111.50720977797852,116.59937689507952,110.54081169128271,111.6558837890625,24815027,0.0,0.0,ONGC.NS,454
2021-10-29 00:00:00+05:30,111.43287757410504,112.88248051194225,108.53369438463265,110.80101013183594,18736450,0.0,0.0,ONGC.NS,455
2021-11-01 00:00:00+05:30,111.50722966735141,114.18340771660863,110.31781468032554,113.848876953125,11444653,0.0,0.0,ONGC.NS,456
2021-11-02 00:00:00+05:30,114.44356911463032,115.07544786866661,112.51078419852598,113.70018768310547,20609479,0.0,0.0,ONGC.NS,457
2021-11-03 00:00:00+05:30,112.39928056829376,114.62942506902618,111.35855100519257,112.99398803710938,11591857,0.0,0.0,ONGC.NS,458
2021-11-04 00:00:00+05:30,112.99397947705457,113.62585824163361,112.43644339410857,113.0311508178711,1114216,0.0,0.0,ONGC.NS,459
2021-11-08 00:00:00+05:30,113.70018873714592,115.63298501426841,112.77096193912561,115.1497802734375,16568525,0.0,0.0,ONGC.NS,460
2021-11-09 00:00:00+05:30,116.33917330673216,117.56574791298229,115.22410135810533,116.45067596435547,13601954,0.0,0.0,ONGC.NS,461
2021-11-10 00:00:00+05:30,116.48787311380502,117.9746360414684,116.3020277478471,117.23125457763672,13900618,0.0,0.0,ONGC.NS,462
2021-11-11 00:00:00+05:30,116.41354942134149,116.59939479950894,113.77454278274313,114.10906219482422,14158749,0.0,0.0,ONGC.NS,463
2021-11-12 00:00:00+05:30,114.48075764503348,115.67017265131365,113.96039283344922,114.96395111083984,10552485,0.0,0.0,ONGC.NS,464
2021-11-15 00:00:00+05:30,116.30204102872452,120.6136562799247,115.96752160042067,117.30561065673828,45750584,0.0,0.0,ONGC.NS,465
2021-11-16 00:00:00+05:30,118.49500365871519,118.71802037186986,116.56221861194427,116.82239532470703,12956283,0.0,0.0,ONGC.NS,466
2021-11-17 00:00:00+05:30,116.7108840830272,118.38349229440816,116.41353604935519,117.00823211669922,11420415,0.0,0.0,ONGC.NS,467
2021-11-18 00:00:00+05:30,116.71088585526104,116.71088585526104,114.25772483936474,114.7037582397461,18351511,0.0,0.0,ONGC.NS,468
2021-11-22 00:00:00+05:30,116.59235501625781,118.48095610041122,112.54534765205713,112.96932220458984,21558590,5.5,0.0,ONGC.NS,469
2021-11-23 00:00:00+05:30,112.39117769635021,113.85580422016415,110.5411101394418,113.08494567871094,21216047,0.0,0.0,ONGC.NS,470
2021-11-24 00:00:00+05:30,114.85793525162185,120.13832154364073,114.85793525162185,118.28825378417969,36294271,0.0,0.0,ONGC.NS,471
2021-11-25 00:00:00+05:30,118.71220872291123,120.25392571931268,117.59446625299363,119.5601577758789,11554142,0.0,0.0,ONGC.NS,472
2021-11-26 00:00:00+05:30,117.36321204135204,117.36321204135204,112.73806082789974,113.39329528808594,23135841,0.0,0.0,ONGC.NS,473
2021-11-29 00:00:00+05:30,111.77449464396408,112.58389850937684,109.38482832938709,111.08072662353516,18736522,0.0,0.0,ONGC.NS,474
2021-11-30 00:00:00+05:30,110.50258232074506,113.89435537310153,108.76815051303285,109.53900909423828,22980651,0.0,0.0,ONGC.NS,475
2021-12-01 00:00:00+05:30,109.7702719248301,110.73384528007745,107.65041054328593,109.65464782714844,14278744,0.0,0.0,ONGC.NS,476
2021-12-02 00:00:00+05:30,108.30562665727403,111.50468494611818,108.22853609705473,111.00363159179688,8561767,0.0,0.0,ONGC.NS,477
2021-12-03 00:00:00+05:30,111.00365018696463,113.20060213519632,110.34841560244078,112.46827697753906,10690334,0.0,0.0,ONGC.NS,478
2021-12-06 00:00:00+05:30,112.39117984555314,112.42972512583646,110.04005889668794,110.50257873535156,7749262,0.0,0.0,ONGC.NS,479
2021-12-07 00:00:00+05:30,111.77450886881854,112.73808222113595,111.3890795278916,112.46827697753906,10253663,0.0,0.0,ONGC.NS,480
2021-12-08 00:00:00+05:30,113.31620376530172,115.89858454245126,113.16203441197213,114.39540100097656,12266948,0.0,0.0,ONGC.NS,481
2021-12-09 00:00:00+05:30,115.24337047841246,115.55170923962753,112.81517038732693,113.58602905273438,7989291,0.0,0.0,ONGC.NS,482
2021-12-10 00:00:00+05:30,112.7380700677788,114.08707261559839,112.19847140112473,113.74018859863281,10324085,0.0,0.0,ONGC.NS,483
2021-12-13 00:00:00+05:30,114.8193811192517,116.01421424971242,112.04429733747688,112.50680541992188,13595587,0.0,0.0,ONGC.NS,484
2021-12-14 00:00:00+05:30,111.19635744696454,113.66310271203167,110.96509750534622,113.23912811279297,12331999,0.0,0.0,ONGC.NS,485
2021-12-15 00:00:00+05:30,112.77662572813371,113.8558231607519,110.69530967244444,110.96510314941406,10361033,0.0,0.0,ONGC.NS,486
2021-12-16 00:00:00+05:30,112.00573573068193,112.73804890958714,111.42759189011994,112.04428100585938,12156709,0.0,0.0,ONGC.NS,487
2021-12-17 00:00:00+05:30,111.15779533786677,111.85157505770962,106.76390416166522,107.45767211914062,17667617,0.0,0.0,ONGC.NS,488
2021-12-20 00:00:00+05:30,105.99306448182062,106.10868857448935,101.48353666982808,103.29505920410156,17238729,0.0,0.0,ONGC.NS,489
2021-12-21 00:00:00+05:30,104.10443907381111,105.49198667692059,103.14086598309157,104.87529754638672,8615570,0.0,0.0,ONGC.NS,490
2021-12-22 00:00:00+05:30,105.91596880409976,106.33994339405518,104.29717277295492,105.45346069335938,4968143,0.0,0.0,ONGC.NS,491
2021-12-23 00:00:00+05:30,106.76390129985334,108.69104753270268,105.72323762916784,108.30561828613281,6324169,0.0,0.0,ONGC.NS,492
2021-12-24 00:00:00+05:30,109.11504489364732,109.15359017884506,105.76180504172594,106.76392364501953,5657495,0.0,0.0,ONGC.NS,493
2021-12-27 00:00:00+05:30,105.26075212723043,106.41704011450348,104.83677751275638,105.87744140625,4404298,0.0,0.0,ONGC.NS,494
2021-12-28 00:00:00+05:30,107.26496956512453,108.30563338084887,106.763916179698,107.53477478027344,8738089,0.0,0.0,ONGC.NS,495
2021-12-29 00:00:00+05:30,108.07436885685958,108.57543398336804,105.95450779533556,107.07225036621094,6571286,0.0,0.0,ONGC.NS,496
2021-12-30 00:00:00+05:30,106.95661592313827,108.8452168788572,106.76390129985334,108.30561828613281,11556524,0.0,0.0,ONGC.NS,497
2021-12-31 00:00:00+05:30,108.26708417825833,110.19423060991963,107.4962256055938,109.77025604248047,6393760,0.0,0.0,ONGC.NS,498
2022-01-03 00:00:00+05:30,109.73171790265272,110.57965523945383,108.8452235240001,110.27131652832031,3765911,0.0,0.0,ONGC.NS,499
2022-01-04 00:00:00+05:30,110.3098591466328,114.54958101546069,110.3098591466328,113.93289184570312,16351836,0.0,0.0,ONGC.NS,500
2022-01-05 00:00:00+05:30,114.47248196499501,116.47671867740962,113.6245329491965,115.89857482910156,12977680,0.0,0.0,ONGC.NS,501
2022-01-06 00:00:00+05:30,116.09130640611006,116.70798385784168,114.35687460778591,116.24547576904297,9012777,0.0,0.0,ONGC.NS,502
2022-01-07 00:00:00+05:30,116.78506451198255,121.41021558176404,116.66944044018499,121.0633316040039,30889365,0.0,0.0,ONGC.NS,503
2022-01-10 00:00:00+05:30,121.98839251626528,122.87487533987125,120.56229917842546,122.06548309326172,16418985,0.0,0.0,ONGC.NS,504
2022-01-11 00:00:00+05:30,122.41233810954795,124.60927788403949,121.48731021700584,124.0696792602539,14457548,0.0,0.0,ONGC.NS,505
2022-01-12 00:00:00+05:30,125.4186901223761,127.73126589019755,124.41657160384642,127.15312194824219,21220614,0.0,0.0,ONGC.NS,506
2022-01-13 00:00:00+05:30,127.15313712365672,127.57711175083136,125.6885103341843,126.38227844238281,7445346,0.0,0.0,ONGC.NS,507
2022-01-14 00:00:00+05:30,125.61138542228551,125.8811905919218,123.49152462829602,124.14675903320312,11646259,0.0,0.0,ONGC.NS,508
2022-01-17 00:00:00+05:30,125.26451997700647,129.6584115560339,125.1103506125854,127.8469009399414,32577835,0.0,0.0,ONGC.NS,509
2022-01-18 00:00:00+05:30,129.73549391269188,129.81257270884234,125.95828003028566,126.30517578125,11175409,0.0,0.0,ONGC.NS,510
2022-01-19 00:00:00+05:30,127.42291540722124,131.8168066083597,127.11456494252971,131.23866271972656,36648534,0.0,0.0,ONGC.NS,511
2022-01-20 00:00:00+05:30,131.7397353807722,131.7397353807722,128.34796210808875,128.61776733398438,14474454,0.0,0.0,ONGC.NS,512
2022-01-21 00:00:00+05:30,127.42293238786974,128.27086981344243,125.11035652515838,126.15100860595703,8625926,0.0,0.0,ONGC.NS,513
2022-01-24 00:00:00+05:30,127.34584052988112,129.7355069354056,126.2280978933754,127.73126983642578,28783449,0.0,0.0,ONGC.NS,514
2022-01-25 00:00:00+05:30,125.64994789005542,128.50212226882837,125.64994789005542,127.30728912353516,14249846,0.0,0.0,ONGC.NS,515
2022-01-27 00:00:00+05:30,127.26876172599357,130.08239095882197,126.80624185319239,127.73126983642578,25936832,0.0,0.0,ONGC.NS,516
2022-01-28 00:00:00+05:30,129.1573527135184,134.66898665423798,128.15523424365085,130.1209259033203,32790065,0.0,0.0,ONGC.NS,517
2022-01-31 00:00:00+05:30,132.27932763201056,134.78461783896253,130.69906530284428,133.05018615722656,24031034,0.0,0.0,ONGC.NS,518
2022-02-01 00:00:00+05:30,134.12939560466535,134.82316363560406,129.88967332980522,131.7782745361328,14220953,0.0,0.0,ONGC.NS,519
2022-02-02 00:00:00+05:30,131.46990611075833,134.16791058542262,131.43136083721848,132.0480499267578,12478192,0.0,0.0,ONGC.NS,520
2022-02-03 00:00:00+05:30,131.0459512739039,132.00952444503557,127.96251712628265,129.11880493164062,12529302,0.0,0.0,ONGC.NS,521
2022-02-04 00:00:00+05:30,131.04597915627895,133.12729529628697,130.3136657428797,130.73764038085938,17434362,0.0,0.0,ONGC.NS,522
2022-02-07 00:00:00+05:30,131.58555535048376,133.58979233444506,130.42926749720644,132.66476440429688,11723574,0.0,0.0,ONGC.NS,523
2022-02-08 00:00:00+05:30,132.58766199610923,133.3585204960866,128.34794024623363,128.69482421875,13231599,0.0,0.0,ONGC.NS,524
2022-02-09 00:00:00+05:30,129.42716788094074,130.7376370490024,125.727055620722,126.38227844238281,17938632,0.0,0.0,ONGC.NS,525
2022-02-10 00:00:00+05:30,127.84689777287336,131.35429483544823,127.30728736721423,130.35218811035156,26763203,0.0,0.0,ONGC.NS,526
2022-02-11 00:00:00+05:30,129.4657036743987,131.4313955199867,128.81048090078212,129.619873046875,12884995,0.0,0.0,ONGC.NS,527
2022-02-14 00:00:00+05:30,130.19803062952369,135.94093739431528,127.345855772184,128.11671447753906,44604164,0.0,0.0,ONGC.NS,528
2022-02-15 00:00:00+05:30,131.04592612161633,131.04592612161633,120.56224732694079,126.5363998413086,31146458,0.0,0.0,ONGC.NS,529
2022-02-16 00:00:00+05:30,126.80625778725565,130.1980314061003,126.80625778725565,129.92823791503906,15960268,0.0,0.0,ONGC.NS,530
2022-02-17 00:00:00+05:30,129.92818349237882,132.89598122516205,129.88963822055246,132.39492797851562,24640791,0.0,0.0,ONGC.NS,531
2022-02-18 00:00:00+05:30,131.97097472080887,132.39494925430049,128.50211142156957,129.42713928222656,11829998,0.0,0.0,ONGC.NS,532
2022-02-21 00:00:00+05:30,130.40083757924523,130.51769134391327,127.01229235644696,127.28492736816406,14222260,1.75,0.0,ONGC.NS,533
2022-02-22 00:00:00+05:30,129.6997730283993,129.6997730283993,127.16809577709421,128.4923553466797,29399172,0.0,0.0,ONGC.NS,534
2022-02-23 00:00:00+05:30,129.50504231786653,129.62188421808688,124.36378475555695,125.22066497802734,21301826,0.0,0.0,ONGC.NS,535
2022-02-24 00:00:00+05:30,125.2206923725728,126.50600110120914,121.52054749686691,122.0268783569336,28766189,0.0,0.0,ONGC.NS,536
2022-02-25 00:00:00+05:30,124.16905333910306,124.9480311188622,122.14371824348389,124.24695587158203,20225258,0.0,0.0,ONGC.NS,537
2022-02-28 00:00:00+05:30,125.02592695366172,126.07755165450374,121.36473396217662,125.14276885986328,20210070,0.0,0.0,ONGC.NS,538
2022-03-02 00:00:00+05:30,129.0376784691903,131.14092821184653,126.11651147801098,126.93444061279297,41103406,0.0,0.0,ONGC.NS,539
2022-03-03 00:00:00+05:30,131.10197170179984,133.82839411793722,126.89548427086142,132.65992736816406,42345653,0.0,0.0,ONGC.NS,540
2022-03-04 00:00:00+05:30,132.50412109101956,133.20519631713313,127.63551011451615,128.72607421875,32658756,0.0,0.0,ONGC.NS,541
2022-03-07 00:00:00+05:30,130.1671821559868,147.8499740756456,130.1671821559868,145.6298828125,132538155,0.0,0.0,ONGC.NS,542
2022-03-08 00:00:00+05:30,148.0057598305874,151.86169698576464,138.5022344713483,139.51490783691406,73127816,0.0,0.0,ONGC.NS,543
2022-03-09 00:00:00+05:30,142.55292599034678,143.1761105577199,135.42528444533224,136.6326904296875,51977091,0.0,0.0,ONGC.NS,544
2022-03-10 00:00:00+05:30,131.06300459680304,137.80115728516708,128.53132694485885,135.8147735595703,62112814,0.0,0.0,ONGC.NS,545
2022-03-11 00:00:00+05:30,134.37368249646647,137.41169143318731,133.75049782357888,136.8664093017578,26187452,0.0,0.0,ONGC.NS,546
2022-03-14 00:00:00+05:30,135.54213313071176,136.7105997956317,132.89361344472962,133.82838439941406,20214021,0.0,0.0,ONGC.NS,547
2022-03-15 00:00:00+05:30,131.10196078109362,132.03673172579468,125.92175149018556,127.55760955810547,42333127,0.0,0.0,ONGC.NS,548
2022-03-16 00:00:00+05:30,129.3102941735779,130.75140762820752,126.07754157374086,130.32296752929688,25545119,0.0,0.0,ONGC.NS,549
2022-03-17 00:00:00+05:30,129.77771176264196,133.59469839073088,128.21975609627776,132.65992736816406,66314748,0.0,0.0,ONGC.NS,550
2022-03-21 00:00:00+05:30,133.75047707414316,136.32110602209698,132.65991298046924,134.41261291503906,20614652,0.0,0.0,ONGC.NS,551
2022-03-22 00:00:00+05:30,137.25587944031602,141.18971952005737,135.3863375639327,136.67164611816406,39742745,0.0,0.0,ONGC.NS,552
2022-03-23 00:00:00+05:30,137.48957314668718,138.42434407128292,136.20426461115022,136.7884979248047,10994784,0.0,0.0,ONGC.NS,553
2022-03-24 00:00:00+05:30,139.35911435632033,140.52758097826685,137.48957251570872,138.22959899902344,20332589,0.0,0.0,ONGC.NS,554
2022-03-25 00:00:00+05:30,139.0475276986509,139.6317610083091,136.39900811603658,136.9442901611328,13608989,0.0,0.0,ONGC.NS,555
2022-03-28 00:00:00+05:30,136.7105906202449,138.58013240413868,136.04845480006006,137.3727264404297,15253027,0.0,0.0,ONGC.NS,556
2022-03-29 00:00:00+05:30,136.2821600447948,136.4769044895248,132.85466257205005,133.2052001953125,14210783,0.0,0.0,ONGC.NS,557
2022-03-30 00:00:00+05:30,126.97337473174673,128.41448834056703,125.53226112292643,126.19439697265625,95239532,0.0,0.0,ONGC.NS,558
2022-03-31 00:00:00+05:30,126.07755125703737,128.72607080348374,125.53225733313052,127.67444610595703,33523683,0.0,0.0,ONGC.NS,559
2022-04-01 00:00:00+05:30,127.67446770431289,131.063026181793,127.40183258249544,130.82933044433594,28335224,0.0,0.0,ONGC.NS,560
2022-04-04 00:00:00+05:30,130.05033103704446,131.68618904204155,128.8039737874697,130.90721130371094,17745513,0.0,0.0,ONGC.NS,561
2022-04-05 00:00:00+05:30,132.62095573290932,134.56840001679933,131.88092928228244,133.86732482910156,20054934,0.0,0.0,ONGC.NS,562
2022-04-06 00:00:00+05:30,132.89359706103525,135.15262758020776,132.65990137961077,134.6073455810547,12969222,0.0,0.0,ONGC.NS,563
2022-04-07 00:00:00+05:30,132.89362196305507,135.3863486307469,131.0240680475924,131.53041076660156,24550313,0.0,0.0,ONGC.NS,564
2022-04-08 00:00:00+05:30,131.64723589124455,133.43888704098032,131.41354019584304,133.12728881835938,9529874,0.0,0.0,ONGC.NS,565
2022-04-11 00:00:00+05:30,133.2051840132452,134.56839496074917,132.07566874827887,133.36097717285156,9724979,0.0,0.0,ONGC.NS,566
2022-04-12 00:00:00+05:30,133.20520939955895,134.13998042160242,131.02406909061858,131.56935119628906,13184429,0.0,0.0,ONGC.NS,567
2022-04-13 00:00:00+05:30,133.51677101651953,136.2042535500871,132.97148901197548,135.7368621826172,23458303,0.0,0.0,ONGC.NS,568
2022-04-18 00:00:00+05:30,137.10008333312356,139.43701657175637,136.39900811603658,136.9442901611328,23916912,0.0,0.0,ONGC.NS,569
2022-04-19 00:00:00+05:30,138.1127644447017,140.060208918298,137.10009094118004,137.99591064453125,17880666,0.0,0.0,ONGC.NS,570
2022-04-20 00:00:00+05:30,137.8011505749273,138.15170004943974,136.1653045343137,136.71058654785156,10076403,0.0,0.0,ONGC.NS,571
2022-04-21 00:00:00+05:30,136.86638391554533,137.64536164060394,135.4642216331885,135.65896606445312,12246720,0.0,0.0,ONGC.NS,572
2022-04-22 00:00:00+05:30,135.65897142547504,137.33378073229085,135.30843381259734,135.54212951660156,10267952,0.0,0.0,ONGC.NS,573
2022-04-25 00:00:00+05:30,133.20520450195903,134.76316011016908,131.10196680812706,132.15357971191406,12583497,0.0,0.0,ONGC.NS,574
2022-04-26 00:00:00+05:30,133.2830880444602,133.75046752856832,129.07660136994912,130.05032348632812,20086229,0.0,0.0,ONGC.NS,575
2022-04-27 00:00:00+05:30,130.8292981482213,131.56932456227227,127.24600797472232,128.4144744873047,13981957,0.0,0.0,ONGC.NS,576
2022-04-28 00:00:00+05:30,129.31032033919695,129.31032033919695,126.54494665348653,128.37554931640625,13030499,0.0,0.0,ONGC.NS,577
2022-04-29 00:00:00+05:30,129.69981810229731,130.43984471722075,124.24697289679533,124.98699951171875,15964743,0.0,0.0,ONGC.NS,578
2022-05-02 00:00:00+05:30,123.19532517056273,124.05220544145867,121.4426252506677,121.79317474365234,23405519,0.0,0.0,ONGC.NS,579
2022-05-04 00:00:00+05:30,123.85744468089429,126.8175620882548,123.03951578216558,126.38912200927734,23661920,0.0,0.0,ONGC.NS,580
2022-05-05 00:00:00+05:30,127.90813186676539,131.1798357247448,127.28494734947024,128.4144744873047,26878516,0.0,0.0,ONGC.NS,581
2022-05-06 00:00:00+05:30,127.6744391451121,130.4008610709733,125.49331111342818,130.05032348632812,16768573,0.0,0.0,ONGC.NS,582
2022-05-09 00:00:00+05:30,128.7260672261031,130.32297391690065,126.77862294129066,128.33657836914062,9952775,0.0,0.0,ONGC.NS,583
2022-05-10 00:00:00+05:30,124.98697682208943,125.9217477389434,119.10569246942497,120.3131103515625,22602956,0.0,0.0,ONGC.NS,584
2022-05-11 00:00:00+05:30,119.96258056322824,124.63644733841896,119.76783611426197,123.54588317871094,15084514,0.0,0.0,ONGC.NS,585
2022-05-12 00:00:00+05:30,123.85743230752671,125.41538743089183,119.96254449911392,121.90998840332031,21459069,0.0,0.0,ONGC.NS,586
2022-05-13 00:00:00+05:30,124.63644979311944,124.87014551373316,119.14465384685849,119.61204528808594,12934346,0.0,0.0,ONGC.NS,587
2022-05-16 00:00:00+05:30,120.11836400585695,121.71527073515355,118.24882220186775,119.57308197021484,13205775,0.0,0.0,ONGC.NS,588
2022-05-17 00:00:00+05:30,121.52053862077751,127.5186653933976,121.17000098277688,127.09022521972656,17843200,0.0,0.0,ONGC.NS,589
2022-05-18 00:00:00+05:30,126.19439473235175,128.14183909550533,124.79223241362976,127.12916564941406,12616832,0.0,0.0,ONGC.NS,590
2022-05-19 00:00:00+05:30,123.50694381497306,126.23336636326712,122.92271041176718,124.63645935058594,8932407,0.0,0.0,ONGC.NS,591
2022-05-20 00:00:00+05:30,125.92177164004502,127.59658124163225,124.71436541498785,126.11651611328125,7235654,0.0,0.0,ONGC.NS,592
2022-05-23 00:00:00+05:30,125.99964751559182,127.90814057211603,120.46890089178025,120.81945037841797,18029557,0.0,0.0,ONGC.NS,593
2022-05-24 00:00:00+05:30,122.61108882619082,122.88373578370015,116.96350033533932,117.35298919677734,19141394,0.0,0.0,ONGC.NS,594
2022-05-25 00:00:00+05:30,119.10567780430257,119.37832473601595,114.97710577268141,118.87199401855469,19366472,0.0,0.0,ONGC.NS,595
2022-05-26 00:00:00+05:30,119.02781600665578,119.41730492560016,115.36662254583027,118.32672882080078,12824105,0.0,0.0,ONGC.NS,596
2022-05-27 00:00:00+05:30,120.74155458407228,121.13104346982735,109.91376831458427,112.01700592041016,52469252,0.0,0.0,ONGC.NS,597
2022-05-30 00:00:00+05:30,113.45813432895801,114.74345508575855,109.95273353338246,112.21177673339844,40261336,0.0,0.0,ONGC.NS,598
2022-05-31 00:00:00+05:30,113.26335670880758,119.18359218628939,113.26335670880758,117.82038116455078,57675204,0.0,0.0,ONGC.NS,599
2022-06-01 00:00:00+05:30,117.78144725559991,119.1057072088763,115.8729539212082,116.65193176269531,22780094,0.0,0.0,ONGC.NS,600
2022-06-02 00:00:00+05:30,115.13293042432792,119.10571039027278,113.73076789494667,118.75517272949219,25429955,0.0,0.0,ONGC.NS,601
2022-06-03 00:00:00+05:30,119.92363118364837,120.1183756356797,117.74249094364573,118.0930404663086,16747177,0.0,0.0,ONGC.NS,602
2022-06-06 00:00:00+05:30,119.26150576344664,121.52053662570333,119.02781004653023,119.92362976074219,30327268,0.0,0.0,ONGC.NS,603
2022-06-07 00:00:00+05:30,120.58575001829065,126.93441350199528,120.11835864502439,126.07754516601562,61411715,0.0,0.0,ONGC.NS,604
2022-06-08 00:00:00+05:30,127.36282987794276,129.62186002647493,126.27226605856602,127.28492736816406,45994327,0.0,0.0,ONGC.NS,605
2022-06-09 00:00:00+05:30,129.31031546658664,130.36194025651088,128.14184876056328,128.95977783203125,31122996,0.0,0.0,ONGC.NS,606
2022-06-10 00:00:00+05:30,127.75235146613197,129.8166377566611,127.24602068128738,128.25868225097656,17812698,0.0,0.0,ONGC.NS,607
2022-06-13 00:00:00+05:30,126.19438931802539,127.71339347886142,123.42901606374328,124.28589630126953,12237777,0.0,0.0,ONGC.NS,608
2022-06-14 00:00:00+05:30,124.28589179833598,125.06486948195294,120.97523664296394,121.4815673828125,12844437,0.0,0.0,ONGC.NS,609
2022-06-15 00:00:00+05:30,122.26054627651834,122.4942419611677,117.46983822935992,117.93721771240234,16223385,0.0,0.0,ONGC.NS,610
2022-06-16 00:00:00+05:30,116.18452624847524,118.05407997363982,111.08223151296531,111.82225799560547,25130676,0.0,0.0,ONGC.NS,611
2022-06-17 00:00:00+05:30,110.96538680763777,113.06862452023664,109.56322437048583,110.18640899658203,22922034,0.0,0.0,ONGC.NS,612
2022-06-20 00:00:00+05:30,107.96632683440333,108.20001066323235,101.26711306195546,104.69461059570312,28656582,0.0,0.0,ONGC.NS,613
2022-06-21 00:00:00+05:30,106.0188937029943,109.21269586358868,105.1620132846895,108.35582733154297,20581784,0.0,0.0,ONGC.NS,614
2022-06-22 00:00:00+05:30,106.68101234066157,106.68101234066157,102.0460965903369,105.045166015625,31824106,0.0,0.0,ONGC.NS,615
2022-06-23 00:00:00+05:30,104.38302570687074,106.25256768144583,102.98086328281043,105.00621032714844,26829020,0.0,0.0,ONGC.NS,616
2022-06-24 00:00:00+05:30,106.71995251833887,109.83586354077212,105.31779018099246,106.99259948730469,25461812,0.0,0.0,ONGC.NS,617
2022-06-27 00:00:00+05:30,109.05689792161274,111.08224506608899,106.91470885529534,110.2253646850586,24188349,0.0,0.0,ONGC.NS,618
2022-06-28 00:00:00+05:30,111.23803996730517,118.20988938578856,110.73169723027306,116.34034729003906,54387675,0.0,0.0,ONGC.NS,619
2022-06-29 00:00:00+05:30,116.34032331724828,122.61108424299451,113.88653645015704,120.07940673828125,165860322,0.0,0.0,ONGC.NS,620
2022-06-30 00:00:00+05:30,119.18360018006479,120.31311558229754,116.26243350898477,118.05408477783203,38725546,0.0,0.0,ONGC.NS,621
2022-07-01 00:00:00+05:30,116.02872562834877,117.74247418505064,101.2671006426855,102.08502960205078,125788305,0.0,0.0,ONGC.NS,622
2022-07-04 00:00:00+05:30,101.22816703369608,101.22816703369608,96.67114789870482,98.15120697021484,85993413,0.0,0.0,ONGC.NS,623
2022-07-05 00:00:00+05:30,98.93017559045315,100.17654476184369,98.1511978298984,99.24176788330078,44595740,0.0,0.0,ONGC.NS,624
2022-07-06 00:00:00+05:30,95.81427605780502,96.20376498486927,93.36049462867437,94.21736907958984,59092334,0.0,0.0,ONGC.NS,625
2022-07-07 00:00:00+05:30,94.45105070044637,96.71008732850542,94.45105070044637,96.20375061035156,36229792,0.0,0.0,ONGC.NS,626
2022-07-08 00:00:00+05:30,98.42384660639753,98.42384660639753,94.2563164479448,94.64580535888672,42778692,0.0,0.0,ONGC.NS,627
2022-07-11 00:00:00+05:30,94.64580000919175,98.0733034203726,94.29526238640922,97.76171112060547,31521678,0.0,0.0,ONGC.NS,628
2022-07-12 00:00:00+05:30,97.29431183040154,98.73541932622179,96.20374190760072,96.67112731933594,25216226,0.0,0.0,ONGC.NS,629
2022-07-13 00:00:00+05:30,95.38582348556903,97.29432254645567,94.56790041072784,96.94377899169922,27166975,0.0,0.0,ONGC.NS,630
2022-07-14 00:00:00+05:30,96.90483865672289,103.29246012644586,96.43745316945753,99.04702758789062,38464081,0.0,0.0,ONGC.NS,631
2022-07-15 00:00:00+05:30,99.39755868328005,100.0207373109572,97.06062545745155,98.57963562011719,18088858,0.0,0.0,ONGC.NS,632
2022-07-18 00:00:00+05:30,98.96912944056528,101.81239358634633,98.89122690797225,101.189208984375,21010247,0.0,0.0,ONGC.NS,633
2022-07-19 00:00:00+05:30,101.65659707891425,103.75983464122653,96.94377928152922,99.63125610351562,33778758,0.0,0.0,ONGC.NS,634
2022-07-20 00:00:00+05:30,105.16198720886422,106.40835625621247,102.98084731913283,103.25349426269531,60317150,0.0,0.0,ONGC.NS,635
2022-07-21 00:00:00+05:30,103.60404326938398,103.99353215385536,102.6692723239042,103.68194580078125,20853780,0.0,0.0,ONGC.NS,636
2022-07-22 00:00:00+05:30,104.2272305435598,104.2272305435598,102.47453051834161,103.17560577392578,11630255,0.0,0.0,ONGC.NS,637
2022-07-25 00:00:00+05:30,102.82506151419615,103.1755991193795,100.02073690021527,101.11131286621094,21705935,0.0,0.0,ONGC.NS,638
2022-07-26 00:00:00+05:30,101.92924261248778,102.51347592080637,99.51440685026806,99.86494445800781,22172845,0.0,0.0,ONGC.NS,639
2022-07-27 00:00:00+05:30,100.56603306750503,101.42290146746485,99.55335960731861,100.17654418945312,20187969,0.0,0.0,ONGC.NS,640
2022-07-28 00:00:00+05:30,101.57871021295678,101.65661275501215,99.90391253509814,101.46186828613281,25736737,0.0,0.0,ONGC.NS,641
2022-07-29 00:00:00+05:30,101.61764731073669,104.77250964380536,101.18920716170756,104.49986267089844,19738642,0.0,0.0,ONGC.NS,642
2022-08-01 00:00:00+05:30,104.46093631023199,108.27792308908465,103.75984910092141,107.81053161621094,20592826,0.0,0.0,ONGC.NS,643
2022-08-02 00:00:00+05:30,106.48626708984375,106.75891408511875,104.85042077696895,106.48626708984375,15037928,0.0,0.0,ONGC.NS,644
2022-08-03 00:00:00+05:30,105.94097429931615,107.8494674149568,104.22722562172572,105.66832733154297,15853543,0.0,0.0,ONGC.NS,645
2022-08-04 00:00:00+05:30,104.65567383980463,106.83680220529642,104.3830268509891,106.13572692871094,14311959,0.0,0.0,ONGC.NS,646
2022-08-05 00:00:00+05:30,105.2398955328731,107.88841504666395,104.07142894392007,106.33045959472656,66480753,0.0,0.0,ONGC.NS,647
2022-08-08 00:00:00+05:30,106.17466642678419,107.10943732069525,105.20094426932332,106.33045959472656,12451233,0.0,0.0,ONGC.NS,648
2022-08-10 00:00:00+05:30,106.25256129364303,106.52520826307885,103.9545792878884,104.22722625732422,15829467,0.0,0.0,ONGC.NS,649
2022-08-11 00:00:00+05:30,104.77250964331317,105.94097629361035,102.86401649174594,103.44824981689453,19479706,0.0,0.0,ONGC.NS,650
2022-08-12 00:00:00+05:30,104.30510876508083,108.82318178022295,103.99352244110814,108.4336929321289,40876891,0.0,0.0,ONGC.NS,651
2022-08-16 00:00:00+05:30,108.66739908674046,110.53694098319214,106.01887941905767,109.01793670654297,31230003,0.0,0.0,ONGC.NS,652
2022-08-17 00:00:00+05:30,109.01792878490137,109.68006459683761,108.0442066416167,108.78423309326172,15694770,0.0,0.0,ONGC.NS,653
2022-08-18 00:00:00+05:30,110.25967430281518,110.29955365327423,107.4284107927912,108.1063232421875,42597708,3.25,0.0,ONGC.NS,654
2022-08-19 00:00:00+05:30,109.66153519055233,110.45907362830181,106.91003001421082,107.34867858886719,35382493,0.0,0.0,ONGC.NS,655
2022-08-22 00:00:00+05:30,107.26892503503507,107.26892503503507,103.52049663127384,105.19532012939453,31231393,0.0,0.0,ONGC.NS,656
2022-08-23 00:00:00+05:30,105.19531772297712,107.02965860993245,103.75975823441921,106.67076873779297,24268146,0.0,0.0,ONGC.NS,657
2022-08-24 00:00:00+05:30,107.4284303953455,109.58178184889701,107.26892513387342,108.4652328491211,22730039,0.0,0.0,ONGC.NS,658
2022-08-25 00:00:00+05:30,109.26275947064575,110.17992375169891,108.58484697110553,108.90386962890625,14620592,0.0,0.0,ONGC.NS,659
2022-08-26 00:00:00+05:30,108.86400141633729,110.25969374218776,108.54499089535999,108.98362731933594,12105053,0.0,0.0,ONGC.NS,660
2022-08-29 00:00:00+05:30,107.02964710123504,108.94374649594457,106.67075726768633,108.38545989990234,9198908,0.0,0.0,ONGC.NS,661
2022-08-30 00:00:00+05:30,109.98053937884507,111.53574897867738,109.70140824335293,110.53882598876953,21720398,0.0,0.0,ONGC.NS,662
2022-09-01 00:00:00+05:30,107.66769262295871,108.66461570280093,106.98978006087754,107.42842864990234,20349294,0.0,0.0,ONGC.NS,663
2022-09-02 00:00:00+05:30,107.42841205205909,108.26582974363856,105.51432490227972,105.87321472167969,17495310,0.0,0.0,ONGC.NS,664
2022-09-05 00:00:00+05:30,105.9928400237548,106.79037836003427,105.79345543968493,106.39160919189453,14865879,0.0,0.0,ONGC.NS,665
2022-09-06 00:00:00+05:30,106.9499201763155,106.98978736665457,105.03582043063182,105.35484313964844,10870488,0.0,0.0,ONGC.NS,666
2022-09-07 00:00:00+05:30,104.47755080888857,106.03274855879047,103.71989161477968,105.67385864257812,12042788,0.0,0.0,ONGC.NS,667
2022-09-08 00:00:00+05:30,104.99592387106647,106.98976984028133,104.8762979807016,105.15544128417969,14629497,0.0,0.0,ONGC.NS,668
2022-09-09 00:00:00+05:30,105.67384762550468,107.02966059510744,105.23519903165548,106.87015533447266,12327341,0.0,0.0,ONGC.NS,669
2022-09-12 00:00:00+05:30,107.66769380711797,107.98670432838757,106.55114481320305,106.87015533447266,13500202,0.0,0.0,ONGC.NS,670
2022-09-13 00:00:00+05:30,107.02965397553831,107.78731304379741,106.471379513109,106.79039001464844,10846178,0.0,0.0,ONGC.NS,671
2022-09-14 00:00:00+05:30,105.63396287527104,106.94990858963843,105.27507301479656,106.23211669921875,8597956,0.0,0.0,ONGC.NS,672
2022-09-15 00:00:00+05:30,106.55113950714808,107.18916051791498,105.27507314667285,105.75360107421875,10810473,0.0,0.0,ONGC.NS,673
2022-09-16 00:00:00+05:30,104.55729213411078,105.27507184709822,103.67999500093006,104.67691802978516,20909579,0.0,0.0,ONGC.NS,674
2022-09-19 00:00:00+05:30,105.35483171764614,107.14929318935074,103.44073217947879,104.11864471435547,19411428,0.0,0.0,ONGC.NS,675
2022-09-20 00:00:00+05:30,104.7965450878501,106.55113937367328,104.7167985463395,106.23211669921875,13080582,0.0,0.0,ONGC.NS,676
2022-09-21 00:00:00+05:30,105.43458382209764,106.23212229604613,103.7198809708969,104.39778137207031,11156865,0.0,0.0,ONGC.NS,677
2022-09-22 00:00:00+05:30,103.99900182235805,104.35790383562255,102.16467324974907,102.60330963134766,11366882,0.0,0.0,ONGC.NS,678
2022-09-23 00:00:00+05:30,102.2843027291399,102.96221525634152,101.68614891201042,102.56344604492188,10407849,0.0,0.0,ONGC.NS,679
2022-09-26 00:00:00+05:30,101.52665138124796,102.72295910647208,97.81809621610603,98.45612335205078,12848954,0.0,0.0,ONGC.NS,680
2022-09-27 00:00:00+05:30,99.17390947775384,102.00517353582336,98.77514023491226,99.253662109375,14465123,0.0,0.0,ONGC.NS,681
2022-09-28 00:00:00+05:30,98.85489899594928,98.85489899594928,96.90093201876576,97.73834991455078,15267018,0.0,0.0,ONGC.NS,682
2022-09-29 00:00:00+05:30,98.49599256493977,102.24442061732277,98.49599256493977,101.00823974609375,20597761,0.0,0.0,ONGC.NS,683
2022-09-30 00:00:00+05:30,100.09106632819754,105.59407626251766,100.09106632819754,101.12786865234375,33530494,0.0,0.0,ONGC.NS,684
2022-10-03 00:00:00+05:30,105.03581121341064,107.66769052685005,104.15852622191147,105.59408569335938,50966493,0.0,0.0,ONGC.NS,685
2022-10-04 00:00:00+05:30,107.58792843796762,107.66768714808775,105.11556662736054,106.79039001464844,14137567,0.0,0.0,ONGC.NS,686
2022-10-06 00:00:00+05:30,108.86399239073545,108.90387174491916,105.5940800591963,105.79346466064453,14570735,0.0,0.0,ONGC.NS,687
2022-10-07 00:00:00+05:30,105.31494221090956,107.06952415800343,104.63702974137648,106.91001892089844,13532236,0.0,0.0,ONGC.NS,688
2022-10-10 00:00:00+05:30,106.07261855248886,106.87015703784591,105.4345853303089,106.27200317382812,10183057,0.0,0.0,ONGC.NS,689
2022-10-11 00:00:00+05:30,106.27199181600531,106.47137641603534,103.87937661564497,104.55728912353516,13176461,0.0,0.0,ONGC.NS,690
2022-10-12 00:00:00+05:30,104.55729873125799,105.27507848953445,102.96222178444685,104.75668334960938,9401804,0.0,0.0,ONGC.NS,691
2022-10-13 00:00:00+05:30,104.63704870096701,105.15545602732735,101.80579067857106,103.56037902832031,13320136,0.0,0.0,ONGC.NS,692
2022-10-14 00:00:00+05:30,105.27506987084499,105.91310303122903,101.32725718458236,101.76589965820312,13205955,0.0,0.0,ONGC.NS,693
2022-10-17 00:00:00+05:30,101.2873818533363,102.24442554719019,100.48984341354624,101.9254150390625,9320940,0.0,0.0,ONGC.NS,694
2022-10-18 00:00:00+05:30,102.44380387883433,102.9622111346096,101.7658974635056,102.6431884765625,6490293,0.0,0.0,ONGC.NS,695
2022-10-19 00:00:00+05:30,102.64319476708522,102.64319476708522,101.60639844619939,101.9254150390625,7381712,0.0,0.0,ONGC.NS,696
2022-10-20 00:00:00+05:30,101.28738002836533,104.47753373004613,100.33033635175522,103.3609848022461,18748363,0.0,0.0,ONGC.NS,697
2022-10-21 00:00:00+05:30,103.161608851823,106.39163001021818,102.68308088863103,104.91619110107422,11945173,0.0,0.0,ONGC.NS,698
2022-10-24 00:00:00+05:30,106.07261408213847,106.87015253388388,105.59408614330283,105.9131088256836,2154912,0.0,0.0,ONGC.NS,699
2022-10-25 00:00:00+05:30,105.63396539859453,105.99285526764196,103.56037272772544,104.27815246582031,10232002,0.0,0.0,ONGC.NS,700
2022-10-27 00:00:00+05:30,104.27814469395304,105.4345729277931,103.91925485165372,105.11556243896484,13865026,0.0,0.0,ONGC.NS,701
2022-10-28 00:00:00+05:30,105.35483565557453,108.14622027145077,105.11557168317663,106.63088989257812,22918037,0.0,0.0,ONGC.NS,702
2022-10-31 00:00:00+05:30,107.18915004346478,107.82718316135424,105.9130959771554,106.91001892089844,8753855,0.0,0.0,ONGC.NS,703
2022-11-01 00:00:00+05:30,106.9499021715604,108.22595628439024,106.9499021715604,107.78730773925781,11630848,0.0,0.0,ONGC.NS,704
2022-11-02 00:00:00+05:30,108.34559620151138,111.01734253227663,107.94682700263866,108.82411193847656,21117499,0.0,0.0,ONGC.NS,705
2022-11-03 00:00:00+05:30,108.78424072265625,109.02350469377285,107.86707636442554,108.78424072265625,7561534,0.0,0.0,ONGC.NS,706
2022-11-04 00:00:00+05:30,108.78422585793282,110.3793025547909,108.50509473766431,109.94066619873047,7498344,0.0,0.0,ONGC.NS,707
2022-11-07 00:00:00+05:30,110.49896240234375,110.85785229602645,109.06339065814113,110.49896240234375,9987481,0.0,0.0,ONGC.NS,708
2022-11-09 00:00:00+05:30,110.81795351888294,110.85783287107583,109.2627561391179,110.57868957519531,12033732,0.0,0.0,ONGC.NS,709
2022-11-10 00:00:00+05:30,109.66153871542495,112.33329743555286,109.58178000129799,111.53575897216797,15908521,0.0,0.0,ONGC.NS,710
2022-11-11 00:00:00+05:30,112.13390503065357,112.69217948234987,111.01734395779063,112.01426696777344,18492513,0.0,0.0,ONGC.NS,711
2022-11-14 00:00:00+05:30,112.13393296333467,112.45294353820691,110.53885575002678,111.0572509765625,12743505,0.0,0.0,ONGC.NS,712
2022-11-15 00:00:00+05:30,111.65537434143884,114.32713280953986,111.65537434143884,113.52959442138672,24636519,0.0,0.0,ONGC.NS,713
2022-11-16 00:00:00+05:30,113.88849991186947,114.28726916074194,112.61243344768891,113.96824645996094,11460200,0.0,0.0,ONGC.NS,714
2022-11-17 00:00:00+05:30,113.21058876694144,114.68603987440294,113.01120413995865,114.20751190185547,13368536,0.0,0.0,ONGC.NS,715
2022-11-18 00:00:00+05:30,114.16760467901511,114.2473633781312,111.814869088717,113.05105590820312,19958908,0.0,0.0,ONGC.NS,716
2022-11-21 00:00:00+05:30,113.88850618310481,114.18160671460748,112.54863629330153,113.42792510986328,16348881,6.75,0.0,ONGC.NS,717
2022-11-22 00:00:00+05:30,113.00919780032922,113.80473981930967,111.2924937943541,113.21855163574219,11198874,0.0,0.0,ONGC.NS,718
2022-11-23 00:00:00+05:30,113.51165552791157,114.43280476464587,112.67424016109251,114.30719757080078,9010911,0.0,0.0,ONGC.NS,719
2022-11-24 00:00:00+05:30,114.30719980698098,117.23815364818562,113.46978442377964,116.77757263183594,11803087,0.0,0.0,ONGC.NS,720
2022-11-25 00:00:00+05:30,116.40074920598389,118.32680732397424,115.35397987859194,117.69874572753906,9789098,0.0,0.0,ONGC.NS,721
2022-11-28 00:00:00+05:30,116.8194363407939,118.24303981946574,116.4426020049607,116.90318298339844,8925344,0.0,0.0,ONGC.NS,722
2022-11-29 00:00:00+05:30,117.28000638578933,118.15929493939076,116.81942545028932,117.4474868774414,13558920,0.0,0.0,ONGC.NS,723
2022-11-30 00:00:00+05:30,116.90320147588818,118.74551290312398,116.90320147588818,118.1593246459961,17720938,0.0,0.0,ONGC.NS,724
2022-12-01 00:00:00+05:30,118.45239803974908,118.91297903526322,117.07066783115079,117.28002166748047,27727625,0.0,0.0,ONGC.NS,725
2022-12-02 00:00:00+05:30,118.78736843725578,121.25774107949523,117.69872596398002,117.99181365966797,24518337,0.0,0.0,ONGC.NS,726
2022-12-05 00:00:00+05:30,118.49429411514946,120.54595954953976,117.74062527082536,120.37847900390625,18440387,0.0,0.0,ONGC.NS,727
2022-12-06 00:00:00+05:30,119.624806929015,119.87602135170773,118.20119038470966,119.28983306884766,10977472,0.0,0.0,ONGC.NS,728
2022-12-07 00:00:00+05:30,117.90808304215165,118.70362506370938,117.3218948566851,117.78246307373047,9731670,0.0,0.0,ONGC.NS,729
2022-12-08 00:00:00+05:30,118.28491430903301,119.75039112348121,117.53124562992286,119.45729064941406,10150945,0.0,0.0,ONGC.NS,730
2022-12-09 00:00:00+05:30,119.33169877935107,119.70853316727573,117.48938738887298,117.82434844970703,9438307,0.0,0.0,ONGC.NS,731
2022-12-12 00:00:00+05:30,117.23815393850393,119.3316924016915,116.56821907469495,119.20608520507812,8946335,0.0,0.0,ONGC.NS,732
2022-12-13 00:00:00+05:30,119.7922702530879,121.13212716734888,119.37356257151679,120.88091278076172,12593054,0.0,0.0,ONGC.NS,733
2022-12-14 00:00:00+05:30,120.88093855205425,124.43995460417563,120.67158466663534,123.6025390625,17692988,0.0,0.0,ONGC.NS,734
2022-12-15 00:00:00+05:30,123.64439399728174,124.64930282397457,122.80697849366874,123.47691345214844,11426194,0.0,0.0,ONGC.NS,735
2022-12-16 00:00:00+05:30,124.23055225383897,126.0309898548746,123.10003660243567,123.26751708984375,20540447,0.0,0.0,ONGC.NS,736
2022-12-19 00:00:00+05:30,123.14193832760053,123.56064603168761,121.42523418525447,122.09516906738281,10635055,0.0,0.0,ONGC.NS,737
2022-12-20 00:00:00+05:30,121.84393107714597,122.43011925526166,119.83413938705102,122.13703155517578,6714207,0.0,0.0,ONGC.NS,738
2022-12-21 00:00:00+05:30,122.68134384952772,122.93257100003015,119.49916309169868,120.16909790039062,10011408,0.0,0.0,ONGC.NS,739
2022-12-22 00:00:00+05:30,121.42522962734444,121.55083682267764,118.5361491331793,119.1223373413086,9123323,0.0,0.0,ONGC.NS,740
2022-12-23 00:00:00+05:30,117.7406136050407,120.1691132209764,116.65197099936616,117.0706787109375,8007752,0.0,0.0,ONGC.NS,741
2022-12-26 00:00:00+05:30,117.65685502973629,119.62478618589525,116.81943969144635,118.32678985595703,7150680,0.0,0.0,ONGC.NS,742
2022-12-27 00:00:00+05:30,118.99673245927949,121.76019303388867,118.99673245927949,121.25775146484375,8765357,0.0,0.0,ONGC.NS,743
2022-12-28 00:00:00+05:30,120.12722450135232,121.13212032476902,119.49916301447392,120.50405883789062,9534858,0.0,0.0,ONGC.NS,744
2022-12-29 00:00:00+05:30,119.54104932212576,122.26264939425822,119.33169547042327,121.13213348388672,36752195,0.0,0.0,ONGC.NS,745
2022-12-30 00:00:00+05:30,121.80208148046283,124.56555517609318,121.04841264435748,122.8907241821289,9644998,0.0,0.0,ONGC.NS,746
2023-01-02 00:00:00+05:30,123.35128999375638,126.28224387042702,123.30941666850069,125.98914337158203,9631496,0.0,0.0,ONGC.NS,747
2023-01-03 00:00:00+05:30,125.36107319258926,126.1147546614489,123.93746967755746,125.23546600341797,14991139,0.0,0.0,ONGC.NS,748
2023-01-04 00:00:00+05:30,124.60741967297693,124.64929300044687,121.42523845444379,122.47200775146484,13535874,0.0,0.0,ONGC.NS,749
2023-01-05 00:00:00+05:30,122.13702823756479,123.10005073417169,120.71341198631133,122.68134307861328,16320559,0.0,0.0,ONGC.NS,750
2023-01-06 00:00:00+05:30,122.84881511871735,124.02120414024799,122.513854128533,123.39314270019531,16804116,0.0,0.0,ONGC.NS,751
2023-01-09 00:00:00+05:30,125.02612284840946,125.77979160369854,123.76999973763095,124.0630874633789,18660445,0.0,0.0,ONGC.NS,752
2023-01-10 00:00:00+05:30,124.43993162379023,125.86353522615175,124.43993162379023,125.0679931640625,18490715,0.0,0.0,ONGC.NS,753
2023-01-11 00:00:00+05:30,125.19357467789456,125.61228228551293,122.47197522837511,122.93255615234375,12538238,0.0,0.0,ONGC.NS,754
2023-01-12 00:00:00+05:30,123.68624864846166,124.14682966147934,122.05329121862134,122.38825225830078,13270422,0.0,0.0,ONGC.NS,755
2023-01-13 00:00:00+05:30,122.59760076971244,123.51876275567817,122.17889309935421,123.05818176269531,8854484,0.0,0.0,ONGC.NS,756
2023-01-16 00:00:00+05:30,123.6862729498993,123.7700196152457,122.26266908464017,123.6025390625,9696320,0.0,0.0,ONGC.NS,757
2023-01-17 00:00:00+05:30,124.18870111871361,124.77488931831144,122.80695810043547,123.8118667602539,18484595,0.0,0.0,ONGC.NS,758
2023-01-18 00:00:00+05:30,124.14682992139653,125.40295298974118,124.10495659686278,124.98424530029297,12139643,0.0,0.0,ONGC.NS,759
2023-01-19 00:00:00+05:30,123.97931760790355,127.3708515782968,123.97931760790355,127.07775115966797,18437610,0.0,0.0,ONGC.NS,760
2023-01-20 00:00:00+05:30,127.28715530084875,127.70586304854892,126.07290538810757,126.95219421386719,17512691,0.0,0.0,ONGC.NS,761
2023-01-23 00:00:00+05:30,127.7477188628119,128.2082998777189,126.74282296170685,127.58023834228516,16742252,0.0,0.0,ONGC.NS,762
2023-01-24 00:00:00+05:30,127.58022827060037,128.29202362113324,126.95216678474827,127.41273498535156,8276792,0.0,0.0,ONGC.NS,763
2023-01-25 00:00:00+05:30,126.65905234810698,128.45948996452302,126.57530571471646,127.66394805908203,9827342,0.0,0.0,ONGC.NS,764
2023-01-27 00:00:00+05:30,127.66395150424165,129.0875548647024,122.76507998930823,123.64435577392578,13052535,0.0,0.0,ONGC.NS,765
2023-01-30 00:00:00+05:30,123.51878471269352,124.64930073480178,119.9597688819888,121.34149932861328,12688399,0.0,0.0,ONGC.NS,766
2023-01-31 00:00:00+05:30,121.55085320100767,123.85374579734602,120.79718437156637,121.34149932861328,19050398,0.0,0.0,ONGC.NS,767
2023-02-01 00:00:00+05:30,122.09515356100802,122.26263406578342,119.20607332531621,120.79715728759766,11526089,0.0,0.0,ONGC.NS,768
2023-02-02 00:00:00+05:30,119.75037822544694,121.4252086901385,117.78244731825738,120.12721252441406,11886667,0.0,0.0,ONGC.NS,769
2023-02-03 00:00:00+05:30,120.16909262550035,121.71831600397499,117.32188578596889,120.83902740478516,9250428,0.0,0.0,ONGC.NS,770
2023-02-06 00:00:00+05:30,118.66174777531964,120.75528606626722,118.57801391044794,120.16909790039062,6436143,0.0,0.0,ONGC.NS,771
2023-02-07 00:00:00+05:30,120.50407192877923,121.38336066151872,119.08046829279125,121.13213348388672,8681511,0.0,0.0,ONGC.NS,772
2023-02-08 00:00:00+05:30,121.76018181164741,122.17888946956634,119.87599735101223,120.50405883789062,10325869,0.0,0.0,ONGC.NS,773
2023-02-09 00:00:00+05:30,121.13213356783872,122.59761053077187,119.9178837827117,122.43013000488281,8078404,0.0,0.0,ONGC.NS,774
2023-02-10 00:00:00+05:30,122.38825777238364,123.100065986203,121.25775462907336,122.84883880615234,6396208,0.0,0.0,ONGC.NS,775
2023-02-13 00:00:00+05:30,123.47689923393794,124.60741514481663,122.76510380459716,124.0630874633789,6563018,0.0,0.0,ONGC.NS,776
2023-02-14 00:00:00+05:30,124.48178104395608,124.94236202124223,123.10005089004122,124.31430053710938,6991500,0.0,0.0,ONGC.NS,777
2023-02-15 00:00:00+05:30,124.77488367113017,125.10984469061339,121.84393002784859,123.51876068115234,12631259,0.0,0.0,ONGC.NS,778
2023-02-16 00:00:00+05:30,125.61230909629403,131.0136358318457,124.27243935475562,130.5530548095703,30949761,0.0,0.0,ONGC.NS,779
2023-02-17 00:00:00+05:30,130.21807454161763,132.98154748940775,129.29691263303994,131.1392364501953,19874561,0.0,0.0,ONGC.NS,780
2023-02-20 00:00:00+05:30,131.6417009105258,132.14415527157456,129.29693518887365,129.6737823486328,8348393,0.0,0.0,ONGC.NS,781
2023-02-21 00:00:00+05:30,129.71565275252382,130.55306823259937,128.50140286200352,129.0457305908203,7599927,0.0,0.0,ONGC.NS,782
2023-02-22 00:00:00+05:30,129.17132907425048,129.3806829301245,127.03591718874675,128.62701416015625,9599697,0.0,0.0,ONGC.NS,783
2023-02-23 00:00:00+05:30,128.71072938087553,130.80426763618564,128.33389505050843,129.5062713623047,18675946,0.0,0.0,ONGC.NS,784
2023-02-24 00:00:00+05:30,130.45189538771106,133.54664082172056,128.73259528375442,133.24575805664062,14648507,4.0,0.0,ONGC.NS,785
2023-02-27 00:00:00+05:30,132.38611547497734,134.14840080441934,131.5264653744905,133.46067810058594,11904749,0.0,0.0,ONGC.NS,786
2023-02-28 00:00:00+05:30,132.51506580005946,133.63261362208303,129.9791004728808,130.70980834960938,17607584,0.0,0.0,ONGC.NS,787
2023-03-01 00:00:00+05:30,130.66679940892894,133.33171964376137,130.5378571563994,133.07382202148438,7707977,0.0,0.0,ONGC.NS,788
2023-03-02 00:00:00+05:30,132.81593230505968,133.2887424545085,131.2255744707006,132.42909240722656,8219892,0.0,0.0,ONGC.NS,789
2023-03-03 00:00:00+05:30,132.38611591654427,133.84751846880246,131.91330573625555,132.6010284423828,8260104,0.0,0.0,ONGC.NS,790
2023-03-06 00:00:00+05:30,132.98786771928567,137.2861182151722,131.99927535211958,135.99664306640625,14491522,0.0,0.0,ONGC.NS,791
2023-03-08 00:00:00+05:30,134.57822454206521,136.55542237734448,134.4492691579182,136.0396270751953,7339476,0.0,0.0,ONGC.NS,792
2023-03-09 00:00:00+05:30,136.72734951643525,136.81330665515296,134.14839924495476,134.36331176757812,5314022,0.0,0.0,ONGC.NS,793
2023-03-10 00:00:00+05:30,133.76155954354428,134.70716677428155,132.55804154457948,133.93348693847656,4689681,0.0,0.0,ONGC.NS,794
2023-03-13 00:00:00+05:30,134.27734172834113,135.8247145171705,133.41769163646032,133.93348693847656,8785721,0.0,0.0,ONGC.NS,795
2023-03-14 00:00:00+05:30,133.93348804035173,134.8361232676965,131.56945026823044,131.78436279296875,7177342,0.0,0.0,ONGC.NS,796
2023-03-15 00:00:00+05:30,132.38610787058425,132.77294777013896,130.4948803815911,131.13961791992188,9832270,0.0,0.0,ONGC.NS,797
2023-03-16 00:00:00+05:30,129.97907984209198,131.87030725452254,127.22820241335499,130.83872985839844,18551936,0.0,0.0,ONGC.NS,798
2023-03-17 00:00:00+05:30,131.95627826213794,133.159783045003,130.6238181057541,131.6553955078125,16593429,0.0,0.0,ONGC.NS,799
2023-03-20 00:00:00+05:30,131.52646558261472,132.51505795285112,130.32296068691653,130.92471313476562,8749355,0.0,0.0,ONGC.NS,800
2023-03-21 00:00:00+05:30,131.65540047730786,132.17119575641556,129.76417298261106,130.27996826171875,6148489,0.0,0.0,ONGC.NS,801
2023-03-22 00:00:00+05:30,131.01066293703266,131.35453082884408,129.67821584757232,130.27996826171875,4329409,0.0,0.0,ONGC.NS,802
2023-03-23 00:00:00+05:30,129.8931505056642,131.65542292241344,129.2054277220147,131.35455322265625,4484564,0.0,0.0,ONGC.NS,803
2023-03-24 00:00:00+05:30,131.26856481111238,131.698389851828,127.9159347404181,128.4317169189453,8301726,0.0,0.0,ONGC.NS,804
2023-03-27 00:00:00+05:30,128.56067735237067,131.05365743957765,128.3027796943652,129.1624298095703,7437261,0.0,0.0,ONGC.NS,805
2023-03-28 00:00:00+05:30,129.16241677766087,129.16241677766087,126.06767142828046,126.54048156738281,8964539,0.0,0.0,ONGC.NS,806
2023-03-29 00:00:00+05:30,126.58349274944467,129.67823873587812,125.9387550953728,128.38876342773438,24012834,0.0,0.0,ONGC.NS,807
2023-03-31 00:00:00+05:30,129.033478503802,131.52645841644178,128.99049337760778,129.8501434326172,7998472,0.0,0.0,ONGC.NS,808
2023-04-03 00:00:00+05:30,132.81594344406327,135.69577659087102,131.61243852382052,132.08523559570312,20016785,0.0,0.0,ONGC.NS,809
2023-04-05 00:00:00+05:30,134.75013310275162,135.26592833280708,131.13960584401616,131.4404754638672,15880397,0.0,0.0,ONGC.NS,810
2023-04-06 00:00:00+05:30,131.698384869132,131.9132973813588,129.29136210874825,129.4633026123047,10670936,0.0,0.0,ONGC.NS,811
2023-04-10 00:00:00+05:30,129.54926881911223,135.3948921844897,128.94751636618065,135.09400939941406,17431401,0.0,0.0,ONGC.NS,812
2023-04-11 00:00:00+05:30,135.05101068162512,136.9422379242315,134.44924523047197,136.72732543945312,13305621,0.0,0.0,ONGC.NS,813
2023-04-12 00:00:00+05:30,136.6843671207685,136.72735224959632,134.62121210922967,135.52383422851562,7333339,0.0,0.0,ONGC.NS,814
2023-04-13 00:00:00+05:30,135.95367180408513,137.97385499008058,135.82472952294538,136.46946716308594,11610851,0.0,0.0,ONGC.NS,815
2023-04-17 00:00:00+05:30,136.77035142085288,137.93087131503853,135.8247309584311,137.6729736328125,9358885,0.0,0.0,ONGC.NS,816
2023-04-18 00:00:00+05:30,137.67294637274583,138.0168142533663,137.02820885345315,137.62997436523438,8008560,0.0,0.0,ONGC.NS,817
2023-04-19 00:00:00+05:30,136.08260169548822,137.9308440039066,135.86768918905733,137.62997436523438,11374283,0.0,0.0,ONGC.NS,818
2023-04-20 00:00:00+05:30,137.20019236001423,137.63001750761174,136.2545717884107,136.81333923339844,5733670,0.0,0.0,ONGC.NS,819
2023-04-21 00:00:00+05:30,136.59838402354558,137.41506204285156,136.42645664161427,137.2001495361328,3512214,0.0,0.0,ONGC.NS,820
2023-04-24 00:00:00+05:30,137.20014388524518,138.1887361285467,136.94224626436107,137.7589111328125,7028440,0.0,0.0,ONGC.NS,821
2023-04-25 00:00:00+05:30,137.71592806584334,139.09137331961486,137.54400068842645,138.10276794433594,10169778,0.0,0.0,ONGC.NS,822
2023-04-26 00:00:00+05:30,137.54400051661156,138.91944576866493,137.32908801580436,138.5325927734375,9177783,0.0,0.0,ONGC.NS,823
2023-04-27 00:00:00+05:30,137.71594788755144,138.31770035373103,137.20016568106323,137.58700561523438,6456825,0.0,0.0,ONGC.NS,824
2023-04-28 00:00:00+05:30,137.3720651288973,137.3720651288973,133.11680048449347,136.641357421875,12656744,0.0,0.0,ONGC.NS,825
2023-05-02 00:00:00+05:30,137.1141723447013,141.67031987991234,136.98523009408555,141.197509765625,16612560,0.0,0.0,ONGC.NS,826
2023-05-03 00:00:00+05:30,140.03698027908794,140.42383327431537,138.2747082662433,138.5325927734375,8029435,0.0,0.0,ONGC.NS,827
2023-05-04 00:00:00+05:30,138.23175910151107,138.57561394536395,136.85631349165664,138.4036865234375,9929482,0.0,0.0,ONGC.NS,828
2023-05-05 00:00:00+05:30,138.44664796017048,139.2203277850186,137.28611510567904,137.80191040039062,5488707,0.0,0.0,ONGC.NS,829
2023-05-08 00:00:00+05:30,137.80190212998372,142.14313739539887,137.54400449810606,141.84225463867188,9699470,0.0,0.0,ONGC.NS,830
2023-05-09 00:00:00+05:30,141.84224692848193,143.13172190055906,141.326451692764,142.05715942382812,7600834,0.0,0.0,ONGC.NS,831
2023-05-10 00:00:00+05:30,142.05718262152308,144.12033766686903,141.84227009108204,143.51858520507812,10901429,0.0,0.0,ONGC.NS,832
2023-05-11 00:00:00+05:30,142.7878882431714,144.97998552567816,142.7878882431714,143.60455322265625,7877677,0.0,0.0,ONGC.NS,833
2023-05-12 00:00:00+05:30,144.55016229553794,145.28087014374057,141.84226966696565,142.2720947265625,16373574,0.0,0.0,ONGC.NS,834
2023-05-15 00:00:00+05:30,142.2720924866868,143.21771284980036,141.32647212357324,142.35806274414062,8559162,0.0,0.0,ONGC.NS,835
2023-05-16 00:00:00+05:30,144.67911652921438,144.8510439282372,143.34665623165313,144.4212188720703,12249266,0.0,0.0,ONGC.NS,836
2023-05-17 00:00:00+05:30,144.42121155058857,144.42121155058857,142.78788166684453,143.77647399902344,7360259,0.0,0.0,ONGC.NS,837
2023-05-18 00:00:00+05:30,143.991369313682,144.80803415798772,142.70189436460424,143.00277709960938,7433090,0.0,0.0,ONGC.NS,838
2023-05-19 00:00:00+05:30,142.87384967776467,143.34665987500932,140.98262200600615,141.7563018798828,5969632,0.0,0.0,ONGC.NS,839
2023-05-22 00:00:00+05:30,141.06858758565102,143.04577233489272,141.06858758565102,142.35806274414062,7331865,0.0,0.0,ONGC.NS,840
2023-05-23 00:00:00+05:30,142.35804990242715,143.60453981974754,141.36944449976596,141.84225463867188,10119254,0.0,0.0,ONGC.NS,841
2023-05-24 00:00:00+05:30,141.8422617517916,143.08875173162107,141.5413789799759,142.9168243408203,6107980,0.0,0.0,ONGC.NS,842
2023-05-25 00:00:00+05:30,142.91680152157704,143.90539369874926,142.05715158761268,142.70188903808594,8077606,0.0,0.0,ONGC.NS,843
2023-05-26 00:00:00+05:30,142.74489799707217,143.9054177314043,139.52121020633984,140.7677001953125,14873707,0.0,0.0,ONGC.NS,844
2023-05-29 00:00:00+05:30,137.54399137676887,137.75890386329507,134.53521656540204,136.68434143066406,43253971,0.0,0.0,ONGC.NS,845
2023-05-30 00:00:00+05:30,137.28611461669135,139.00541476998046,135.17997455235604,136.555419921875,16117505,0.0,0.0,ONGC.NS,846
2023-05-31 00:00:00+05:30,136.68436055820573,137.02821533787963,128.99049508733543,133.1597900390625,83741017,0.0,0.0,ONGC.NS,847
2023-06-01 00:00:00+05:30,132.9878708444951,134.10541862313184,131.69839566542652,132.08523559570312,13982606,0.0,0.0,ONGC.NS,848
2023-06-02 00:00:00+05:30,133.2457669188855,133.2457669188855,131.87032149735106,132.9878692626953,9851058,0.0,0.0,ONGC.NS,849
2023-06-05 00:00:00+05:30,133.67560039016942,134.10542547180984,132.77296509528043,133.58963012695312,11850547,0.0,0.0,ONGC.NS,850
2023-06-06 00:00:00+05:30,133.6755935634423,134.019448364306,131.69839566542652,132.08523559570312,8118800,0.0,0.0,ONGC.NS,851
2023-06-07 00:00:00+05:30,132.04225910829848,132.81593894262994,131.13962389009887,132.25717163085938,12180164,0.0,0.0,ONGC.NS,852
2023-06-08 00:00:00+05:30,132.81594553169694,134.66418807052509,132.55804786838556,134.19139099121094,13850599,0.0,0.0,ONGC.NS,853
2023-06-09 00:00:00+05:30,134.70716857215663,134.87909596938357,132.21418851931736,132.6010284423828,11764248,0.0,0.0,ONGC.NS,854
2023-06-12 00:00:00+05:30,133.11682991902586,133.46068472941164,131.18261709686047,133.28875732421875,11017643,0.0,0.0,ONGC.NS,855
2023-06-13 00:00:00+05:30,133.41767976982473,134.27732978524526,132.60101487861886,133.8045196533203,10073644,0.0,0.0,ONGC.NS,856
2023-06-14 00:00:00+05:30,134.19138262490486,136.168567313509,133.976470105081,135.69577026367188,9695952,0.0,0.0,ONGC.NS,857
2023-06-15 00:00:00+05:30,135.39489195925182,135.73874675543507,134.27734419582677,135.52383422851562,7426254,0.0,0.0,ONGC.NS,858
2023-06-16 00:00:00+05:30,136.03963531202572,136.38349012279835,134.40630528502535,134.96507263183594,11466647,0.0,0.0,ONGC.NS,859
2023-06-19 00:00:00+05:30,135.73871285627388,136.2115229208618,134.5352082529741,135.6527557373047,4718221,0.0,0.0,ONGC.NS,860
2023-06-20 00:00:00+05:30,135.43787506889458,135.65278759261,134.57822497403293,135.1799774169922,6059738,0.0,0.0,ONGC.NS,861
2023-06-21 00:00:00+05:30,134.9650796605005,138.01684045461204,134.6212248318207,137.71595764160156,8284206,0.0,0.0,ONGC.NS,862
2023-06-22 00:00:00+05:30,137.71591986325058,138.36065732807592,135.3948676133228,136.641357421875,10629027,0.0,0.0,ONGC.NS,863
2023-06-23 00:00:00+05:30,136.68434426785916,136.68434426785916,133.58959915075647,134.8790740966797,8722650,0.0,0.0,ONGC.NS,864
2023-06-26 00:00:00+05:30,134.96504433996154,136.03960679489754,133.97645212830741,134.8790740966797,4273205,0.0,0.0,ONGC.NS,865
2023-06-27 00:00:00+05:30,136.55542034296732,136.55542034296732,135.26594522402416,135.69577026367188,9730174,0.0,0.0,ONGC.NS,866
2023-06-28 00:00:00+05:30,135.69576346721703,137.6729480567919,134.5782157966626,136.29751586914062,40243993,0.0,0.0,ONGC.NS,867
2023-06-30 00:00:00+05:30,138.4036628327413,138.4036628327413,136.64137754589922,137.80191040039062,7840112,0.0,0.0,ONGC.NS,868
2023-07-03 00:00:00+05:30,137.801920069739,140.337885359374,137.54402240428692,140.03700256347656,9548822,0.0,0.0,ONGC.NS,869
2023-07-04 00:00:00+05:30,139.69313978272126,140.03699457222174,137.54401455529478,138.57559204101562,5394282,0.0,0.0,ONGC.NS,870
2023-07-05 00:00:00+05:30,139.2633270476746,141.32648220149267,138.7045596860382,139.9510498046875,8795342,0.0,0.0,ONGC.NS,871
2023-07-06 00:00:00+05:30,139.9510292152519,142.5299793367226,139.73611670512938,142.1861114501953,9845699,0.0,0.0,ONGC.NS,872
2023-07-07 00:00:00+05:30,142.27209565982176,142.70192072223816,139.9510429462173,140.55279541015625,7597171,0.0,0.0,ONGC.NS,873
2023-07-10 00:00:00+05:30,140.89664288234258,142.18611800250028,139.6931380170831,139.90805053710938,5437687,0.0,0.0,ONGC.NS,874
2023-07-11 00:00:00+05:30,140.3378650590986,141.9282228349864,140.03698230672472,141.49839782714844,6343183,0.0,0.0,ONGC.NS,875
2023-07-12 00:00:00+05:30,142.65894340057858,145.28087904826657,142.05719090370442,144.12034606933594,15614026,0.0,0.0,ONGC.NS,876
2023-07-13 00:00:00+05:30,144.97999285440204,145.53877332340508,143.73350275773421,144.24929809570312,11350009,0.0,0.0,ONGC.NS,877
2023-07-14 00:00:00+05:30,145.28086079945416,145.92559834738074,144.5931381248887,145.4957733154297,9448062,0.0,0.0,ONGC.NS,878
2023-07-17 00:00:00+05:30,144.24929441936868,144.76507662697205,142.83086383471442,143.0457763671875,4968847,0.0,0.0,ONGC.NS,879
2023-07-18 00:00:00+05:30,143.04576091897277,144.55014848381808,142.74489127633487,143.4755859375,4322257,0.0,0.0,ONGC.NS,880
2023-07-19 00:00:00+05:30,143.7334890779711,144.3782266304595,142.78788187131957,143.34664916992188,5968174,0.0,0.0,ONGC.NS,881
2023-07-20 00:00:00+05:30,143.5615625985901,144.50718292846247,142.70191252314942,143.73348999023438,5217131,0.0,0.0,ONGC.NS,882
2023-07-21 00:00:00+05:30,143.86243436017315,147.00015164847258,143.13172660509173,146.61331176757812,7842863,0.0,0.0,ONGC.NS,883
2023-07-24 00:00:00+05:30,147.55895048441985,148.0747458474678,146.35544546026932,147.00018310546875,8451631,0.0,0.0,ONGC.NS,884
2023-07-25 00:00:00+05:30,147.85981706387736,149.02034994469676,147.25806461787525,148.71946716308594,10480578,0.0,0.0,ONGC.NS,885
2023-07-26 00:00:00+05:30,149.45017611974265,149.83701604385573,147.85981817734267,148.67648315429688,9103949,0.0,0.0,ONGC.NS,886
2023-07-27 00:00:00+05:30,149.10632345634266,149.27825087161833,146.7422854239448,147.00018310546875,7731146,0.0,0.0,ONGC.NS,887
2023-07-28 00:00:00+05:30,146.74226116619812,150.39577388503807,145.19488845006921,147.68788146972656,9004252,0.0,0.0,ONGC.NS,888
2023-07-31 00:00:00+05:30,148.54753695227132,152.5878897185583,147.3440189658497,152.2010498046875,9277749,0.0,0.0,ONGC.NS,889
2023-08-01 00:00:00+05:30,150.69664177794596,152.1580440978148,149.83699181129163,151.900146484375,5584773,0.0,0.0,ONGC.NS,890
2023-08-02 00:00:00+05:30,152.15805200545762,153.5764692772653,149.5791019714668,151.2554168701172,8975495,0.0,0.0,ONGC.NS,891
2023-08-03 00:00:00+05:30,150.653646979017,151.12645705374968,147.42995981113503,147.9457550048828,6152393,0.0,0.0,ONGC.NS,892
2023-08-04 00:00:00+05:30,149.02032470703125,149.9659317856836,147.9457622650054,149.02032470703125,4605271,0.0,0.0,ONGC.NS,893
2023-08-07 00:00:00+05:30,149.83701604385573,150.00894344154824,147.94578843479874,148.67648315429688,2240015,0.0,0.0,ONGC.NS,894
2023-08-08 00:00:00+05:30,148.6334717341281,149.4071645627171,148.37558724181577,149.02032470703125,3631238,0.0,0.0,ONGC.NS,895
2023-08-09 00:00:00+05:30,149.02033545778983,152.37296527189196,148.97735033356426,152.07208251953125,4852294,0.0,0.0,ONGC.NS,896
2023-08-10 00:00:00+05:30,153.1036952262065,154.52211271073827,152.07210456412503,153.5764923095703,10430692,0.0,0.0,ONGC.NS,897
2023-08-11 00:00:00+05:30,153.79138903704253,154.47911170200192,151.90016154631837,152.32998657226562,4112277,0.0,0.0,ONGC.NS,898
2023-08-14 00:00:00+05:30,154.73701562774315,155.12385554336862,152.45894814455576,153.01771545410156,12876956,0.0,0.0,ONGC.NS,899
2023-08-16 00:00:00+05:30,151.55631140610612,154.26420390547702,151.12648636701746,153.92034912109375,8371665,0.0,0.0,ONGC.NS,900
2023-08-17 00:00:00+05:30,153.6194449886483,153.96331284244172,152.24401292512678,152.8027801513672,5199363,0.0,0.0,ONGC.NS,901
2023-08-18 00:00:00+05:30,153.14763369534822,153.14763369534822,150.13037089574433,151.12176513671875,6734650,0.5,0.0,ONGC.NS,902
2023-08-21 00:00:00+05:30,151.12176947291135,151.9838445832483,150.2596943625744,151.76832580566406,3599820,0.0,0.0,ONGC.NS,903
2023-08-22 00:00:00+05:30,151.7683078379938,153.36313871077365,151.38037671511333,151.85450744628906,5348036,0.0,0.0,ONGC.NS,904
2023-08-23 00:00:00+05:30,152.58727140508145,152.75968377017534,150.863121445702,151.29415893554688,6379611,0.0,0.0,ONGC.NS,905
2023-08-24 00:00:00+05:30,151.29417943771145,152.32866692268044,148.96657930797568,149.22520446777344,7976333,0.0,0.0,ONGC.NS,906
2023-08-25 00:00:00+05:30,149.2251952694262,151.07865135098805,149.00967650858314,150.60450744628906,4757915,0.0,0.0,ONGC.NS,907
2023-08-28 00:00:00+05:30,150.94933811205883,151.5527879826154,150.47519423011417,151.03553771972656,4354221,0.0,0.0,ONGC.NS,908
2023-08-29 00:00:00+05:30,151.38039888982013,151.8114364570984,150.82004215982477,151.4665985107422,4596468,0.0,0.0,ONGC.NS,909
2023-08-30 00:00:00+05:30,151.4665829479114,152.50107037224365,150.8631330465694,151.5096893310547,5937955,0.0,0.0,ONGC.NS,910
2023-08-31 00:00:00+05:30,151.55278747604032,151.72519984502011,149.1820812284619,150.13035583496094,15823452,0.0,0.0,ONGC.NS,911
2023-09-01 00:00:00+05:30,150.34590177278469,159.26838488887068,150.34590177278469,156.68215942382812,22460960,0.0,0.0,ONGC.NS,912
2023-09-04 00:00:00+05:30,158.49248913820622,159.00972622976934,156.72523281170342,157.71661376953125,10998180,0.0,0.0,ONGC.NS,913
2023-09-05 00:00:00+05:30,158.19077202469873,160.34595965446303,157.2424842059139,157.845947265625,13506519,0.0,0.0,ONGC.NS,914
2023-09-06 00:00:00+05:30,159.3976567300903,160.99250068666635,157.1993760794316,157.80282592773438,11954407,0.0,0.0,ONGC.NS,915
2023-09-07 00:00:00+05:30,159.48390367762423,159.65631607778246,156.03560305756747,156.68215942382812,11137801,0.0,0.0,ONGC.NS,916
2023-09-08 00:00:00+05:30,157.32869144610223,159.44077261823313,156.89765393529098,159.00973510742188,9737214,0.0,0.0,ONGC.NS,917
2023-09-11 00:00:00+05:30,159.87182507179588,160.30286262289493,157.15629376156068,158.1045684814453,10845871,0.0,0.0,ONGC.NS,918
2023-09-12 00:00:00+05:30,159.35457830995946,159.39767153909747,155.3459214335237,155.94937133789062,15524470,0.0,0.0,ONGC.NS,919
2023-09-13 00:00:00+05:30,156.8114486296346,159.2252614358264,155.94937356701053,158.5355987548828,10578786,0.0,0.0,ONGC.NS,920
2023-09-14 00:00:00+05:30,159.26835573914826,162.84596171598488,158.79421185982497,161.98388671875,17746404,0.0,0.0,ONGC.NS,921
2023-09-15 00:00:00+05:30,165.25976154748602,165.25976154748602,160.00111236392064,160.90628051757812,19924829,0.0,0.0,ONGC.NS,922
2023-09-18 00:00:00+05:30,160.17353930684502,161.63906419133565,159.57008943137484,160.9925079345703,5022956,0.0,0.0,ONGC.NS,923
2023-09-20 00:00:00+05:30,160.73387672580583,163.36320803478228,160.51835798169662,162.2425079345703,12687099,0.0,0.0,ONGC.NS,924
2023-09-21 00:00:00+05:30,162.414926742711,162.4580331240871,160.38905836024165,160.94940185546875,7814108,0.0,0.0,ONGC.NS,925
2023-09-22 00:00:00+05:30,160.86321146702818,161.81148614055036,159.48388610925952,159.57009887695312,7814821,0.0,0.0,ONGC.NS,926
2023-09-25 00:00:00+05:30,160.3459698042137,160.94941974790126,159.699413474358,159.91493225097656,5540062,0.0,0.0,ONGC.NS,927
2023-09-26 00:00:00+05:30,160.34596758358646,162.19942377514877,159.69941126268492,161.85459899902344,12446655,0.0,0.0,ONGC.NS,928
2023-09-27 00:00:00+05:30,163.19080995401995,163.19080995401995,160.60458479834364,161.42355346679688,5630907,0.0,0.0,ONGC.NS,929
2023-09-28 00:00:00+05:30,162.84596869311704,163.36321897530777,160.7769938727963,161.59596252441406,14890642,0.0,0.0,ONGC.NS,930
2023-09-29 00:00:00+05:30,162.50115751253352,165.73393916066084,162.19942596368608,165.3891143798828,10085766,0.0,0.0,ONGC.NS,931
2023-10-03 00:00:00+05:30,163.19078764509342,163.19078764509342,158.32005637522144,159.1390380859375,22118500,0.0,0.0,ONGC.NS,932
2023-10-04 00:00:00+05:30,159.0097295667622,159.13904870803202,156.98386122907286,157.54420471191406,9360058,0.0,0.0,ONGC.NS,933
2023-10-05 00:00:00+05:30,156.25106935052747,158.62177523032858,156.03555063418193,157.07003784179688,11128340,0.0,0.0,ONGC.NS,934
2023-10-06 00:00:00+05:30,158.19077952020714,158.19077952020714,155.69076701291175,156.42352294921875,5759904,0.0,0.0,ONGC.NS,935
2023-10-09 00:00:00+05:30,157.67352554238064,159.22526330415624,156.25110693404903,156.6390380859375,14622727,0.0,0.0,ONGC.NS,936
2023-10-10 00:00:00+05:30,157.15627799286415,159.05284039655888,156.94075923893925,158.19076538085938,11819690,0.0,0.0,ONGC.NS,937
2023-10-11 00:00:00+05:30,158.96661591866038,159.22524103515568,157.544197509266,157.97523498535156,8499601,0.0,0.0,ONGC.NS,938
2023-10-12 00:00:00+05:30,157.9321413303938,159.3545730086034,157.75972895691348,159.00973510742188,8677885,0.0,0.0,ONGC.NS,939
2023-10-13 00:00:00+05:30,159.0528345697987,160.56146579200546,158.6649034577896,159.3976593017578,7435899,0.0,0.0,ONGC.NS,940
2023-10-16 00:00:00+05:30,162.02701402606004,162.24253280320409,160.56148897232487,160.8201141357422,12376549,0.0,0.0,ONGC.NS,941
2023-10-17 00:00:00+05:30,161.2080339470166,161.2511403302531,159.95802775848557,160.5614776611328,4381065,0.0,0.0,ONGC.NS,942
2023-10-18 00:00:00+05:30,162.0701137083837,162.1132200928739,160.38906994704,161.16493225097656,10181113,0.0,0.0,ONGC.NS,943
2023-10-19 00:00:00+05:30,160.34594336130888,160.90628682642114,159.52697477606017,160.6045684814453,9148124,0.0,0.0,ONGC.NS,944
2023-10-20 00:00:00+05:30,161.20803425245822,161.466659398146,159.61319014923467,160.51837158203125,7912216,0.0,0.0,ONGC.NS,945
2023-10-23 00:00:00+05:30,160.30284308575764,160.30284308575764,158.79421184077754,159.3545684814453,4723090,0.0,0.0,ONGC.NS,946
2023-10-25 00:00:00+05:30,159.3545757261698,160.21665076249374,157.75973164728202,158.9235382080078,6812004,0.0,0.0,ONGC.NS,947
2023-10-26 00:00:00+05:30,158.19077173036362,158.75111525137117,155.0872962875889,155.94937133789062,8474867,0.0,0.0,ONGC.NS,948
2023-10-27 00:00:00+05:30,156.03559002082628,160.173553050013,155.43214009357905,159.26837158203125,6422123,0.0,0.0,ONGC.NS,949
2023-10-30 00:00:00+05:30,159.4838779338921,163.10459036965523,159.13905318923688,162.759765625,7352638,0.0,0.0,ONGC.NS,950
2023-10-31 00:00:00+05:30,163.10461254846652,163.6218628900054,158.79423688305133,160.47528076171875,9404675,0.0,0.0,ONGC.NS,951
2023-11-01 00:00:00+05:30,160.47525796877312,162.75976463949908,159.5269833496026,160.94940185546875,9167869,0.0,0.0,ONGC.NS,952
2023-11-02 00:00:00+05:30,161.20803425245822,161.76837777293065,160.13044044061024,160.51837158203125,11471209,0.0,0.0,ONGC.NS,953
2023-11-03 00:00:00+05:30,160.90629396798383,164.35459397826344,160.1735381083318,163.79425048828125,7464912,0.0,0.0,ONGC.NS,954
2023-11-06 00:00:00+05:30,163.96666137559916,167.4149613547042,163.4063178906828,166.63909912109375,8962124,0.0,0.0,ONGC.NS,955
2023-11-07 00:00:00+05:30,166.72529933162593,170.69084958364118,165.82013110721036,166.55288696289062,13921916,0.0,0.0,ONGC.NS,956
2023-11-08 00:00:00+05:30,166.98392516645856,169.44084418252115,165.77702542599798,168.40635681152344,10186886,0.0,0.0,ONGC.NS,957
2023-11-09 00:00:00+05:30,169.39772889510292,169.57014125550074,165.69080395255946,166.12184143066406,5303833,0.0,0.0,ONGC.NS,958
2023-11-10 00:00:00+05:30,166.12185569811038,169.39774344390023,166.12185569811038,168.8804931640625,6025889,0.0,0.0,ONGC.NS,959
2023-11-13 00:00:00+05:30,168.88046534336237,170.08737807942137,167.3287410679162,168.7942657470703,11181086,0.0,0.0,ONGC.NS,960
2023-11-15 00:00:00+05:30,171.1218728278215,175.00120999520286,170.3891038789617,171.98394775390625,19769385,0.0,0.0,ONGC.NS,961
2023-11-16 00:00:00+05:30,174.5702010145053,175.34606331288114,173.27708841439787,173.9667510986328,18629240,0.0,0.0,ONGC.NS,962
2023-11-17 00:00:00+05:30,173.14777014252363,173.49259488308743,168.57876998183917,169.2684326171875,13199928,0.0,0.0,ONGC.NS,963
2023-11-20 00:00:00+05:30,170.69085995092817,171.12189747605677,169.82878490067097,170.56155395507812,6423265,0.0,0.0,ONGC.NS,964
2023-11-21 00:00:00+05:30,171.36060517379897,172.20408730832767,169.5848476072311,169.76242065429688,10720353,5.75,0.0,ONGC.NS,965
2023-11-22 00:00:00+05:30,169.76244245463477,170.33957186665543,168.4750207631376,169.58486938476562,7538825,0.0,0.0,ONGC.NS,966
2023-11-23 00:00:00+05:30,169.58487192461158,170.25078110756164,168.3418468689543,169.27410888671875,6541617,0.0,0.0,ONGC.NS,967
2023-11-24 00:00:00+05:30,169.4517070387236,170.33958600974557,167.05442297859798,167.6759490966797,5751331,0.0,0.0,ONGC.NS,968
2023-11-28 00:00:00+05:30,167.67594237925923,172.648056289015,167.27638601994,172.20411682128906,9277764,0.0,0.0,ONGC.NS,969
2023-11-29 00:00:00+05:30,173.58030839761096,173.58030839761096,170.20636618975428,170.4727325439453,8791333,0.0,0.0,ONGC.NS,970
2023-11-30 00:00:00+05:30,171.04985590546517,173.7134924690465,170.5171367215226,173.09197998046875,14965403,0.0,0.0,ONGC.NS,971
2023-12-01 00:00:00+05:30,173.35834414572705,176.02198067549492,172.47046530247107,172.73683166503906,9935740,0.0,0.0,ONGC.NS,972
2023-12-04 00:00:00+05:30,174.46820443741134,182.8142607063287,174.06866164065752,179.39593505859375,28615290,0.0,0.0,ONGC.NS,973
2023-12-05 00:00:00+05:30,179.5291114748594,181.0828995550908,176.82107811115043,179.39593505859375,14557746,0.0,0.0,ONGC.NS,974
2023-12-06 00:00:00+05:30,180.90531352675237,180.90531352675237,176.7766823427475,179.30712890625,12662213,0.0,0.0,ONGC.NS,975
2023-12-07 00:00:00+05:30,178.3748636152942,178.3748636152942,174.06865912676005,176.59910583496094,16425880,0.0,0.0,ONGC.NS,976
2023-12-08 00:00:00+05:30,177.44260961366408,177.84215242264912,172.3373057651864,173.97987365722656,10414387,0.0,0.0,ONGC.NS,977
2023-12-11 00:00:00+05:30,174.95652739623637,178.33046968364664,172.47046394509428,175.6224365234375,10108266,0.0,0.0,ONGC.NS,978
2023-12-12 00:00:00+05:30,174.86774637452987,175.62244885754353,172.73684243701348,173.4915313720703,10719911,0.0,0.0,ONGC.NS,979
2023-12-13 00:00:00+05:30,173.49151702960577,173.49151702960577,170.51713109387848,171.49378967285156,10892122,0.0,0.0,ONGC.NS,980
2023-12-14 00:00:00+05:30,173.9354770011266,174.290636701969,171.58260325535892,173.97987365722656,15257294,0.0,0.0,ONGC.NS,981
2023-12-15 00:00:00+05:30,175.13411409050676,179.30714223630386,174.7789679475288,178.508056640625,22863981,0.0,0.0,ONGC.NS,982
2023-12-18 00:00:00+05:30,178.50803572209622,179.04075487413627,175.22288686667227,176.68788146972656,8061011,0.0,0.0,ONGC.NS,983
2023-12-19 00:00:00+05:30,179.35152387154858,180.727738769263,176.95425373731211,177.84213256835938,16739742,0.0,0.0,ONGC.NS,984
2023-12-20 00:00:00+05:30,179.12958562474867,188.2303452413716,178.41927972556695,180.41700744628906,57762576,0.0,0.0,ONGC.NS,985
2023-12-21 00:00:00+05:30,181.0828798011179,183.5689431678798,178.64121308425374,179.9286346435547,22823936,0.0,0.0,ONGC.NS,986
2023-12-22 00:00:00+05:30,181.1272823935418,181.57122181117302,179.17395166555556,181.0828857421875,9910694,0.0,0.0,ONGC.NS,987
2023-12-26 00:00:00+05:30,181.5712394831366,185.12275516984832,180.8165369805275,184.10169982910156,17052969,0.0,0.0,ONGC.NS,988
2023-12-27 00:00:00+05:30,186.01062844607924,186.3657745847888,181.5712339724258,182.50350952148438,20361303,0.0,0.0,ONGC.NS,989
2023-12-28 00:00:00+05:30,183.34700558905334,185.47790967792702,182.32595020229257,184.9451904296875,22010872,0.0,0.0,ONGC.NS,990
2023-12-29 00:00:00+05:30,184.67882582410667,184.67882582410667,181.3492796854509,182.05958557128906,12171663,0.0,0.0,ONGC.NS,991
2024-01-01 00:00:00+05:30,182.90307418334828,183.8797465035107,181.79322543223574,182.32595825195312,4820168,0.0,0.0,ONGC.NS,992
2024-01-02 00:00:00+05:30,182.32595087636423,187.12049186803463,180.81654579754405,183.83534240722656,21141219,0.0,0.0,ONGC.NS,993
2024-01-03 00:00:00+05:30,182.45912029362526,186.85411829183644,181.57124136275604,184.90078735351562,11650902,0.0,0.0,ONGC.NS,994
2024-01-04 00:00:00+05:30,186.89851405052653,191.24911537171218,185.833062048191,190.5832061767578,31054419,0.0,0.0,ONGC.NS,995
2024-01-05 00:00:00+05:30,191.29350234392652,193.1136567609196,189.1625984471266,192.18138122558594,20743811,0.0,0.0,ONGC.NS,996
2024-01-08 00:00:00+05:30,193.5575955060538,196.04365907535586,192.75850993461506,193.51319885253906,19310595,0.0,0.0,ONGC.NS,997
2024-01-09 00:00:00+05:30,196.22124174218823,196.62078454745645,191.7374504769495,192.3589630126953,11951525,0.0,0.0,ONGC.NS,998
2024-01-10 00:00:00+05:30,190.89398120284145,190.89398120284145,186.1882198868542,188.3191375732422,16500666,0.0,0.0,ONGC.NS,999
2024-01-11 00:00:00+05:30,190.00608694938174,190.00608694938174,187.2092737989825,188.09715270996094,12586419,0.0,0.0,ONGC.NS,1000
2024-01-12 00:00:00+05:30,189.82851295859382,199.55078427719033,188.54109125349365,198.35214233398438,39228118,0.0,0.0,ONGC.NS,1001
2024-01-15 00:00:00+05:30,202.88033796224656,209.05109389089407,199.46199862116137,207.31973266601562,57884916,0.0,0.0,ONGC.NS,1002
2024-01-16 00:00:00+05:30,208.60716646773312,212.158682435851,205.18884047719462,208.7403564453125,34505065,0.0,0.0,ONGC.NS,1003
2024-01-17 00:00:00+05:30,206.1654792731687,210.649270458268,204.83366091410696,206.0323028564453,26010955,0.0,0.0,ONGC.NS,1004
2024-01-18 00:00:00+05:30,204.2565292931062,208.2075874107119,199.46197544144206,207.36410522460938,19232183,0.0,0.0,ONGC.NS,1005
2024-01-19 00:00:00+05:30,209.5394170669853,215.35502647907134,208.65153818110824,214.9110870361328,26391844,0.0,0.0,ONGC.NS,1006
2024-01-23 00:00:00+05:30,217.53031249124726,218.10742830928666,202.4363724408342,204.1233367919922,20282617,0.0,0.0,ONGC.NS,1007
2024-01-24 00:00:00+05:30,205.1000175018664,208.65153295644419,202.52517421648005,208.0744171142578,14458601,0.0,0.0,ONGC.NS,1008
2024-01-25 00:00:00+05:30,208.6515266188447,210.87122371053454,206.69819588774882,207.80804443359375,18291957,0.0,0.0,ONGC.NS,1009
2024-01-29 00:00:00+05:30,213.97881524114325,226.36472320629855,212.2918507476365,224.18942260742188,54127939,0.0,0.0,ONGC.NS,1010
2024-01-30 00:00:00+05:30,227.7409332206926,233.77849877960105,220.77107857818663,221.25941467285156,51491099,0.0,0.0,ONGC.NS,1011
2024-01-31 00:00:00+05:30,222.36925312002236,225.83198873027126,218.68456134737843,223.96743774414062,33293192,0.0,0.0,ONGC.NS,1012
2024-02-01 00:00:00+05:30,226.0983773617057,226.0983773617057,217.92989343637026,219.8832244873047,29758133,0.0,0.0,ONGC.NS,1013
2024-02-02 00:00:00+05:30,221.96975277973914,230.84854289092868,221.08187376862017,228.40687561035156,30482663,0.0,0.0,ONGC.NS,1014
2024-02-05 00:00:00+05:30,230.89290288631523,237.99593426411735,226.49791847884876,233.4677734375,34001868,0.0,0.0,ONGC.NS,1015
2024-02-06 00:00:00+05:30,235.5986671958639,242.74608137088578,231.02609636424606,241.7694091796875,36708949,0.0,0.0,ONGC.NS,1016
2024-02-07 00:00:00+05:30,244.16665993237194,244.74377570939384,237.55195230674934,241.4142303466797,23756939,0.0,0.0,ONGC.NS,1017
2024-02-08 00:00:00+05:30,242.43533083338525,244.7438214689994,238.9282253198173,242.5241241455078,25252940,0.0,0.0,ONGC.NS,1018
2024-02-09 00:00:00+05:30,244.16669527749153,244.74381113805566,230.09380942140615,237.55198669433594,26743792,0.0,0.0,ONGC.NS,1019
2024-02-12 00:00:00+05:30,232.5798888171575,236.70852028517226,228.00729080299274,228.9839630126953,30906374,0.0,0.0,ONGC.NS,1020
2024-02-13 00:00:00+05:30,229.07275320064124,232.97941489030674,226.14275015941382,230.40457153320312,20711842,0.0,0.0,ONGC.NS,1021
2024-02-14 00:00:00+05:30,229.0727467079667,239.41653004517107,227.29698898154837,238.70623779296875,36168962,0.0,0.0,ONGC.NS,1022
2024-02-15 00:00:00+05:30,241.19227609563862,248.47289325986924,238.8394026412178,246.2087860107422,32831246,0.0,0.0,ONGC.NS,1023
2024-02-16 00:00:00+05:30,247.87545428429056,250.44295046198525,243.5512704531661,247.47007751464844,27044984,4.0,0.0,ONGC.NS,1024
2024-02-19 00:00:00+05:30,247.4700632407792,251.3888425837393,245.39803684299,247.4250030517578,15322964,0.0,0.0,ONGC.NS,1025
2024-02-20 00:00:00+05:30,247.56011230460993,253.280666503854,246.88445694625403,249.18170166015625,18968785,0.0,0.0,ONGC.NS,1026
2024-02-21 00:00:00+05:30,248.64116293937428,253.2356247095773,244.67732381130173,245.8935089111328,16340579,0.0,0.0,ONGC.NS,1027
2024-02-22 00:00:00+05:30,246.70432918200402,248.64120261693498,241.88464819799654,247.47007751464844,16791453,0.0,0.0,ONGC.NS,1028
2024-02-23 00:00:00+05:30,247.65020781061915,248.64117451188133,244.2268982889722,245.21786499023438,9464646,0.0,0.0,ONGC.NS,1029
2024-02-26 00:00:00+05:30,244.94759522166518,244.94759522166518,241.2540069245185,243.10081481933594,8661999,0.0,0.0,ONGC.NS,1030
2024-02-27 00:00:00+05:30,241.47920768844173,243.41610832512305,238.6865209418045,242.65036010742188,19582774,0.0,0.0,ONGC.NS,1031
2024-02-28 00:00:00+05:30,243.2359249369782,243.50617607880247,238.37121193673593,239.40721130371094,9118196,0.0,0.0,ONGC.NS,1032
2024-02-29 00:00:00+05:30,238.73155984611114,239.94774498910758,235.578501508521,238.3712158203125,17179832,0.0,0.0,ONGC.NS,1033
2024-03-01 00:00:00+05:30,240.08287158410093,245.89351868510118,240.08287158410093,243.7313995361328,12930057,0.0,0.0,ONGC.NS,1034
2024-03-04 00:00:00+05:30,245.71332465225595,252.74012917235626,245.4881062061952,251.5239715576172,22280353,0.0,0.0,ONGC.NS,1035
2024-03-05 00:00:00+05:30,252.2446482654185,256.70398429424756,249.22671572517459,255.6229248046875,18544484,0.0,0.0,ONGC.NS,1036
2024-03-06 00:00:00+05:30,256.11840699571223,256.11840699571223,246.43401377228065,252.46987915039062,16807149,0.0,0.0,ONGC.NS,1037
2024-03-07 00:00:00+05:30,252.46987789731807,256.16346590921046,249.7672565460533,250.5330047607422,11386963,0.0,0.0,ONGC.NS,1038
2024-03-11 00:00:00+05:30,250.5330509734765,252.69514295480548,246.11877411732752,246.83946228027344,10684598,0.0,0.0,ONGC.NS,1039
2024-03-12 00:00:00+05:30,246.83944977166553,248.2808535170053,242.38011294850267,243.59629821777344,13780189,0.0,0.0,ONGC.NS,1040
2024-03-13 00:00:00+05:30,243.95663169422107,244.13681746425286,227.695869424686,230.03814697265625,20079496,0.0,0.0,ONGC.NS,1041
2024-03-14 00:00:00+05:30,227.47063588779085,238.14599598141817,226.2994971913971,237.155029296875,21404057,0.0,0.0,ONGC.NS,1042
2024-03-15 00:00:00+05:30,237.78564410847812,239.99276836359522,224.22747728781962,233.10108947753906,34961065,0.0,0.0,ONGC.NS,1043
2024-03-18 00:00:00+05:30,233.2812993648872,236.97486023364334,232.02005395434847,235.66860961914062,9246173,0.0,0.0,ONGC.NS,1044
2024-03-19 00:00:00+05:30,236.02893184121112,237.78564672022983,231.20925158946778,233.55152893066406,8758348,0.0,0.0,ONGC.NS,1045
2024-03-20 00:00:00+05:30,233.7317324399279,238.3712272899795,231.70476626823162,237.69557189941406,10484778,0.0,0.0,ONGC.NS,1046
2024-03-21 00:00:00+05:30,238.46131006158672,240.48827614732653,236.34425109576102,236.88478088378906,12163200,0.0,0.0,ONGC.NS,1047
2024-03-22 00:00:00+05:30,236.88477815222083,238.9567769078674,232.83084602748792,237.155029296875,13025089,0.0,0.0,ONGC.NS,1048
2024-03-26 00:00:00+05:30,235.7136219823347,241.34408317765363,233.59656307439752,239.18199157714844,10830926,0.0,0.0,ONGC.NS,1049
2024-03-27 00:00:00+05:30,238.73156615861166,241.61437342620127,233.91188564521386,235.80372619628906,28563001,0.0,0.0,ONGC.NS,1050
2024-03-28 00:00:00+05:30,236.43434610882213,244.13680630712582,235.98390919681634,241.47921752929688,18888942,0.0,0.0,ONGC.NS,1051
2024-04-01 00:00:00+05:30,241.4792214061834,244.58724714591665,241.2540029465647,243.14584350585938,6440401,0.0,0.0,ONGC.NS,1052
2024-04-02 00:00:00+05:30,243.3260520050473,246.88448750400283,242.74048945382577,245.48814392089844,14439120,0.0,0.0,ONGC.NS,1053
2024-04-03 00:00:00+05:30,247.7853548797752,251.34381777720094,246.70432269665736,248.05563354492188,22600929,0.0,0.0,ONGC.NS,1054
2024-04-04 00:00:00+05:30,251.0285107845018,251.0285107845018,239.0468987182863,242.3350830078125,24624383,0.0,0.0,ONGC.NS,1055
2024-04-05 00:00:00+05:30,241.29906727235982,244.94759538376155,240.08288207106318,241.38916015625,13029904,0.0,0.0,ONGC.NS,1056
2024-04-08 00:00:00+05:30,241.02880209208845,245.03770196311322,240.17298837851996,243.59629821777344,13011300,0.0,0.0,ONGC.NS,1057
2024-04-09 00:00:00+05:30,243.23594563185057,245.62325589603577,241.43419788642944,242.2900390625,13173933,0.0,0.0,ONGC.NS,1058
2024-04-10 00:00:00+05:30,243.19090879833846,246.11874883484285,242.47019321693668,245.03768920898438,11137195,0.0,0.0,ONGC.NS,1059
2024-04-12 00:00:00+05:30,244.94759936561576,245.48812918525533,238.73157517098227,239.36219787597656,21894584,0.0,0.0,ONGC.NS,1060
2024-04-15 00:00:00+05:30,242.4251639996087,254.90227260193546,240.62341625898358,252.10955810546875,75063828,0.0,0.0,ONGC.NS,1061
2024-04-16 00:00:00+05:30,249.5420443102526,263.55062099926664,247.96551514944775,255.08241271972656,79082544,0.0,0.0,ONGC.NS,1062
2024-04-18 00:00:00+05:30,257.6499402728181,259.1814369287785,246.2538907207877,246.97457885742188,34136482,0.0,0.0,ONGC.NS,1063
2024-04-19 00:00:00+05:30,249.31684118785392,252.96536933019297,246.92953095320684,247.9655303955078,32658724,0.0,0.0,ONGC.NS,1064
2024-04-22 00:00:00+05:30,249.81231437861433,250.4429370877012,246.6142231214324,249.36187744140625,14184019,0.0,0.0,ONGC.NS,1065
2024-04-23 00:00:00+05:30,249.40693763062035,251.11859249351335,248.235785098386,249.36187744140625,8799147,0.0,0.0,ONGC.NS,1066
2024-04-24 00:00:00+05:30,250.08257423187098,252.60500989357024,248.91142178769957,251.6591033935547,9253985,0.0,0.0,ONGC.NS,1067
2024-04-25 00:00:00+05:30,251.65911108238606,254.58695104353743,250.44292590771795,254.0013885498047,17050557,0.0,0.0,ONGC.NS,1068
2024-04-26 00:00:00+05:30,254.94728587182811,257.7850328485826,254.22659782748897,254.85719299316406,11070290,0.0,0.0,ONGC.NS,1069
2024-04-29 00:00:00+05:30,255.80312727585894,256.97425222238434,254.181537935493,255.12747192382812,8952420,0.0,0.0,ONGC.NS,1070
2024-04-30 00:00:00+05:30,256.29860060426637,257.9652226620534,253.55094646297295,254.81216430664062,10658906,0.0,0.0,ONGC.NS,1071
2024-05-02 00:00:00+05:30,253.14555838645313,256.3887098286919,251.38884333659786,254.76712036132812,15677336,0.0,0.0,ONGC.NS,1072
2024-05-03 00:00:00+05:30,255.84818011877428,263.9110122850058,255.84818011877428,257.7400207519531,28913016,0.0,0.0,ONGC.NS,1073
2024-05-06 00:00:00+05:30,260.08227362101303,260.1273063134235,247.9655101740946,254.18153381347656,15491865,0.0,0.0,ONGC.NS,1074
2024-05-07 00:00:00+05:30,255.75808529017976,256.7490520421736,245.03769177358322,246.47909545898438,13179001,0.0,0.0,ONGC.NS,1075
2024-05-08 00:00:00+05:30,246.38898860548505,252.46988686174475,245.35298921587898,249.40692138671875,12797721,0.0,0.0,ONGC.NS,1076
2024-05-09 00:00:00+05:30,249.7673051350528,250.938430284767,237.11003700798267,238.95681762695312,14869187,0.0,0.0,ONGC.NS,1077
2024-05-10 00:00:00+05:30,240.53329611750908,244.3169769410709,238.23607900551588,243.4611358642578,9530738,0.0,0.0,ONGC.NS,1078
2024-05-13 00:00:00+05:30,244.94760678395286,244.94760678395286,236.07399341130218,240.4432373046875,7163239,0.0,0.0,ONGC.NS,1079
2024-05-14 00:00:00+05:30,241.38917094388694,247.42500953943326,240.0378601026093,245.84848022460938,9123849,0.0,0.0,ONGC.NS,1080
2024-05-15 00:00:00+05:30,247.2898548448118,248.64116552702387,245.488107268529,246.3439483642578,6368662,0.0,0.0,ONGC.NS,1081
2024-05-16 00:00:00+05:30,248.64120329279893,251.6591364399596,246.6592696608602,250.1276397705078,23757779,0.0,0.0,ONGC.NS,1082
2024-05-17 00:00:00+05:30,251.16360637583847,255.30763138622618,249.18170049607863,249.94744873046875,11529157,0.0,0.0,ONGC.NS,1083
2024-05-21 00:00:00+05:30,253.2356363935733,255.84816497403608,250.75823338766273,252.3347625732422,17559555,0.0,0.0,ONGC.NS,1084
2024-05-22 00:00:00+05:30,255.84814409214815,255.84814409214815,249.45193499134746,250.44290161132812,17935064,0.0,0.0,ONGC.NS,1085
2024-05-23 00:00:00+05:30,252.1996483955348,256.3436461623345,251.43390011515194,255.3527069091797,17719819,0.0,0.0,ONGC.NS,1086
2024-05-24 00:00:00+05:30,255.8481865501572,257.60490164494456,253.91131317160287,255.1725311279297,11041667,0.0,0.0,ONGC.NS,1087
2024-05-27 00:00:00+05:30,255.8481946925902,256.0283804745811,248.37095211230292,250.1276397705078,13719808,0.0,0.0,ONGC.NS,1088
2024-05-28 00:00:00+05:30,251.61403378162922,251.61403378162922,245.98357270083295,247.1096649169922,6927361,0.0,0.0,ONGC.NS,1089
2024-05-29 00:00:00+05:30,246.65922948634298,246.65922948634298,243.46113857056946,244.9025421142578,8327205,0.0,0.0,ONGC.NS,1090
2024-05-30 00:00:00+05:30,245.9385556569884,247.83039619900117,238.73156501502535,240.2630615234375,15390964,0.0,0.0,ONGC.NS,1091
2024-05-31 00:00:00+05:30,241.83958419652402,241.83958419652402,236.92981095725912,238.14599609375,24167379,0.0,0.0,ONGC.NS,1092
2024-06-03 00:00:00+05:30,250.39789433284022,258.1453873476224,246.11874360125086,255.93826293945312,30195397,0.0,0.0,ONGC.NS,1093
2024-06-04 00:00:00+05:30,256.7490494898121,256.7490494898121,200.89487030255472,212.87649536132812,72779900,0.0,0.0,ONGC.NS,1094
2024-06-05 00:00:00+05:30,222.51584115076548,224.99324424050073,207.60637617056457,222.96627807617188,37078551,0.0,0.0,ONGC.NS,1095
2024-06-06 00:00:00+05:30,228.82196440668258,233.77677072257532,224.5428134975025,227.2904815673828,30881233,0.0,0.0,ONGC.NS,1096
2024-06-07 00:00:00+05:30,228.3715306030726,234.94789898833503,226.8400477427546,234.58755493164062,22010688,0.0,0.0,ONGC.NS,1097
2024-06-10 00:00:00+05:30,237.83071558099337,237.83071558099337,232.47050474419834,233.4614715576172,14138524,0.0,0.0,ONGC.NS,1098
2024-06-11 00:00:00+05:30,240.3981829335392,247.74029902430763,238.95677933162764,246.43402099609375,47270206,0.0,0.0,ONGC.NS,1099
2024-06-12 00:00:00+05:30,250.44293478742483,251.43390153867855,247.3799691410404,248.1907501220703,20560662,0.0,0.0,ONGC.NS,1100
2024-06-13 00:00:00+05:30,250.44296650073548,250.44296650073548,245.48815960953388,249.13668823242188,16013386,0.0,0.0,ONGC.NS,1101
2024-06-14 00:00:00+05:30,249.54206594478666,250.62312560291497,247.3799741210192,248.1006622314453,10642648,0.0,0.0,ONGC.NS,1102
2024-06-18 00:00:00+05:30,251.29874230995586,251.3437750002379,246.83940627263507,248.46096801757812,17044769,0.0,0.0,ONGC.NS,1103
2024-06-19 00:00:00+05:30,248.55106961262143,249.18169225360919,244.22688647937522,244.63226318359375,13361607,0.0,0.0,ONGC.NS,1104
2024-06-20 00:00:00+05:30,244.85748192985403,246.83941523898625,242.42513922408548,244.9025421142578,12826509,0.0,0.0,ONGC.NS,1105
2024-06-21 00:00:00+05:30,244.5422285362343,247.5151013774389,242.24498362031312,242.92063903808594,17406416,0.0,0.0,ONGC.NS,1106
2024-06-24 00:00:00+05:30,242.92062504624067,244.36202868629795,240.17297083588753,243.14584350585938,7282347,0.0,0.0,ONGC.NS,1107
2024-06-25 00:00:00+05:30,243.3260397129319,243.95663493143374,238.73157744104049,240.5333251953125,14425434,0.0,0.0,ONGC.NS,1108
2024-06-26 00:00:00+05:30,240.44322085861432,242.4701869856413,237.9207851197536,241.20896911621094,10650910,0.0,0.0,ONGC.NS,1109
2024-06-27 00:00:00+05:30,240.89365650820153,241.52427918584235,237.3802540716724,240.98374938964844,22830930,0.0,0.0,ONGC.NS,1110
2024-06-28 00:00:00+05:30,242.33505277581958,248.14569979662105,241.74949030292552,247.0196075439453,19532912,0.0,0.0,ONGC.NS,1111
2024-07-01 00:00:00+05:30,247.74028916060843,248.46097718662674,244.67732381130173,245.8935089111328,11750972,0.0,0.0,ONGC.NS,1112
2024-07-02 00:00:00+05:30,246.11874250504746,252.0644878168888,244.5872459898837,247.6051788330078,24470518,0.0,0.0,ONGC.NS,1113
2024-07-03 00:00:00+05:30,248.64120261693498,250.17269928222382,246.83945477188473,247.47007751464844,9125400,0.0,0.0,ONGC.NS,1114
2024-07-04 00:00:00+05:30,247.74028642133493,251.25368862117674,245.9835715751712,249.58706665039062,13444669,0.0,0.0,ONGC.NS,1115
2024-07-05 00:00:00+05:30,249.7673157069796,260.6228363755159,249.09166020912483,259.63189697265625,39781962,0.0,0.0,ONGC.NS,1116
2024-07-08 00:00:00+05:30,261.2534089354532,272.9647686463528,258.86609880057495,269.49639892578125,53136198,0.0,0.0,ONGC.NS,1117
2024-07-09 00:00:00+05:30,270.98284067947606,271.9287747090788,264.2713470519977,267.9649353027344,18686252,0.0,0.0,ONGC.NS,1118
2024-07-10 00:00:00+05:30,269.99189091567047,270.0819563023679,260.2174046126431,268.59552001953125,19278800,0.0,0.0,ONGC.NS,1119
2024-07-11 00:00:00+05:30,270.26210969544707,276.7484113251312,265.892866756874,274.541259765625,36020507,0.0,0.0,ONGC.NS,1120
2024-07-12 00:00:00+05:30,276.3880770713081,280.8474134787922,274.04582713251557,276.6583557128906,31788101,0.0,0.0,ONGC.NS,1121
2024-07-15 00:00:00+05:30,280.8924386986813,291.5677986836884,278.0546917387393,290.53179931640625,51435537,0.0,0.0,ONGC.NS,1122
2024-07-16 00:00:00+05:30,291.5227722742984,295.12626753728733,288.0544025851742,290.66693115234375,37468292,0.0,0.0,ONGC.NS,1123
2024-07-18 00:00:00+05:30,292.8740820726827,300.26123084298047,289.7660564211787,298.8198547363281,48189915,0.0,0.0,ONGC.NS,1124
2024-07-19 00:00:00+05:30,299.9909965266384,300.1711822963225,286.5229212711648,287.9643249511719,26579496,0.0,0.0,ONGC.NS,1125
2024-07-22 00:00:00+05:30,288.279617129951,291.2975498702776,283.32481121053,289.00030517578125,22234557,0.0,0.0,ONGC.NS,1126
2024-07-23 00:00:00+05:30,288.3246407417208,289.5408258366787,267.9198552329319,283.0094909667969,37871058,0.0,0.0,ONGC.NS,1127
2024-07-24 00:00:00+05:30,282.01852694976026,293.45963499810046,281.1627133508599,287.87420654296875,28259305,0.0,0.0,ONGC.NS,1128
2024-07-25 00:00:00+05:30,286.52291690208847,304.089956971361,284.7662293906541,302.513427734375,42054664,0.0,0.0,ONGC.NS,1129
2024-07-26 00:00:00+05:30,303.1440431041457,304.94579076003953,297.3784561037827,298.7297668457031,25703985,0.0,0.0,ONGC.NS,1130
2024-07-29 00:00:00+05:30,300.7116598179789,305.8916841055346,297.964005758096,299.90087890625,26721790,0.0,0.0,ONGC.NS,1131
2024-07-30 00:00:00+05:30,299.0901234026429,304.72058506308423,298.1892495369723,299.0000305175781,19792253,0.0,0.0,ONGC.NS,1132
2024-07-31 00:00:00+05:30,299.1351209070598,303.9998612033576,297.0631222567739,301.072021484375,21393361,0.0,0.0,ONGC.NS,1133
2024-08-01 00:00:00+05:30,304.3151641377379,310.53121546396454,303.7296016556623,307.8736267089844,36044960,0.0,0.0,ONGC.NS,1134
2024-08-02 00:00:00+05:30,304.49537729423815,304.49537729423815,296.0722008557961,297.37847900390625,22939377,0.0,0.0,ONGC.NS,1135
2024-08-05 00:00:00+05:30,288.5949560516603,291.2525175306691,275.6674102365154,279.4961242675781,37986023,0.0,0.0,ONGC.NS,1136
2024-08-06 00:00:00+05:30,283.5950624032128,290.4867689953965,274.9016356961447,275.7574768066406,28386636,0.0,0.0,ONGC.NS,1137
2024-08-07 00:00:00+05:30,281.43299526958816,298.14422227803936,281.0726512152459,296.47760009765625,66110716,0.0,0.0,ONGC.NS,1138
2024-08-08 00:00:00+05:30,296.38746882280077,296.38746882280077,289.8111013322374,290.71197509765625,23478224,0.0,0.0,ONGC.NS,1139
2024-08-09 00:00:00+05:30,300.84681660345615,302.55847132550764,295.6667922517953,299.5855712890625,29814474,0.0,0.0,ONGC.NS,1140
2024-08-12 00:00:00+05:30,299.7657410979068,310.53119343560707,297.1982454051828,307.46820068359375,34754596,0.0,0.0,ONGC.NS,1141
2024-08-13 00:00:00+05:30,309.99069206770116,310.8014730205616,299.94595430770806,302.603515625,28943385,0.0,0.0,ONGC.NS,1142
2024-08-14 00:00:00+05:30,302.55847393826184,303.14403641500894,294.40554947975096,295.6217346191406,17812763,0.0,0.0,ONGC.NS,1143
2024-08-16 00:00:00+05:30,299.5855702392506,302.4683773870676,296.07216792893314,296.9280090332031,16584396,0.0,0.0,ONGC.NS,1144
2024-08-19 00:00:00+05:30,301.79273712559535,305.1710140337177,300.48645905745957,302.06298828125,19636518,0.0,0.0,ONGC.NS,1145
2024-08-20 00:00:00+05:30,302.5585039134976,302.6936294995977,295.531671018906,297.37847900390625,14972714,0.0,0.0,ONGC.NS,1146
2024-08-21 00:00:00+05:30,297.8739309727914,298.6396792385674,294.1353100192828,295.21636962890625,11835143,0.0,0.0,ONGC.NS,1147
2024-08-22 00:00:00+05:30,295.98207879327373,297.73879371688855,291.5227699365764,292.19842529296875,13387819,0.0,0.0,ONGC.NS,1148
2024-08-23 00:00:00+05:30,294.5134646156345,294.87660761962707,288.29454023788503,289.5201721191406,13229612,2.5,0.0,ONGC.NS,1149
2024-08-26 00:00:00+05:30,293.6963839393301,298.78046907886863,293.0608629071246,297.6456298828125,21346682,0.0,0.0,ONGC.NS,1150
2024-08-27 00:00:00+05:30,299.05284604035654,301.9126355279345,295.9660886933512,298.55352783203125,20165503,0.0,0.0,ONGC.NS,1151
2024-08-28 00:00:00+05:30,298.3719465178911,299.86992886926686,294.74046071768913,297.6002502441406,12446738,0.0,0.0,ONGC.NS,1152
2024-08-29 00:00:00+05:30,296.0569161475756,299.7337848197002,295.012869412803,299.2344665527344,13799961,0.0,0.0,ONGC.NS,1153
2024-08-30 00:00:00+05:30,300.0061225561384,303.59219805029863,299.1890161113077,300.2784729003906,19666466,0.0,0.0,ONGC.NS,1154
2024-09-02 00:00:00+05:30,299.59754407413584,301.36790428062415,295.7844733398693,296.14764404296875,8975511,0.0,0.0,ONGC.NS,1155
2024-09-03 00:00:00+05:30,296.8739459264907,297.7818173207613,292.01682842593567,292.51617431640625,10321111,0.0,0.0,ONGC.NS,1156
2024-09-04 00:00:00+05:30,285.97948178161704,287.06893850891356,279.987525193557,285.43475341796875,25397204,0.0,0.0,ONGC.NS,1157
2024-09-05 00:00:00+05:30,287.7498540648661,287.7498540648661,281.5763118621917,282.7111511230469,15571640,0.0,0.0,ONGC.NS,1158
2024-09-06 00:00:00+05:30,282.801941354858,284.29992362500064,275.72055551089085,280.3506774902344,27946491,0.0,0.0,ONGC.NS,1159
2024-09-09 00:00:00+05:30,280.2599190089704,280.2599190089704,267.50430890828926,271.3627624511719,30369085,0.0,0.0,ONGC.NS,1160
2024-09-10 00:00:00+05:30,272.45221206220236,273.7232264781074,267.8220623915147,268.3667907714844,15618589,0.0,0.0,ONGC.NS,1161
2024-09-11 00:00:00+05:30,265.4616094623597,265.4616094623597,257.1545911414516,259.0157165527344,44826300,0.0,0.0,ONGC.NS,1162
2024-09-12 00:00:00+05:30,261.4669535246481,267.595085247882,260.10514647504056,266.9595642089844,21964895,0.0,0.0,ONGC.NS,1163
2024-09-13 00:00:00+05:30,268.45760536753977,269.8647950668015,264.23598085767736,264.5991516113281,13672371,0.0,0.0,ONGC.NS,1164
2024-09-16 00:00:00+05:30,267.64049193073924,268.1852203410374,264.5083520570913,265.5523986816406,10971110,0.0,0.0,ONGC.NS,1165
2024-09-17 00:00:00+05:30,266.64184177049407,269.27466329430354,265.2346244741908,267.5043029785156,11873436,0.0,0.0,ONGC.NS,1166
2024-09-18 00:00:00+05:30,270.18259108001655,270.3641487746297,261.376225563035,263.6459045410156,13421760,0.0,0.0,ONGC.NS,1167
2024-09-19 00:00:00+05:30,260.92225503408264,262.55644030431506,256.4736903706316,258.9703369140625,17067311,0.0,0.0,ONGC.NS,1168
2024-09-20 00:00:00+05:30,260.5591385354121,262.42026415681994,258.92498080471455,259.87823486328125,16585530,0.0,0.0,ONGC.NS,1169
2024-09-23 00:00:00+05:30,261.8301410113336,269.0931131764526,261.05844467758163,268.23065185546875,14621229,0.0,0.0,ONGC.NS,1170
2024-09-24 00:00:00+05:30,269.0023042992383,274.1771827379663,267.5497321184374,271.86212158203125,16986759,0.0,0.0,ONGC.NS,1171
2024-09-25 00:00:00+05:30,271.8621475610661,273.4509227784233,269.3655007909332,271.1812438964844,10609614,0.0,0.0,ONGC.NS,1172
2024-09-26 00:00:00+05:30,269.6831714118688,271.1811812929583,264.6444965395838,268.0036315917969,27812412,0.0,0.0,ONGC.NS,1173
2024-09-27 00:00:00+05:30,265.73397558468156,270.95423624709366,263.0103613260317,269.81939697265625,35706130,0.0,0.0,ONGC.NS,1174
2024-09-30 00:00:00+05:30,269.63779727078924,273.99556877052925,266.68721531412234,270.1825256347656,16294341,0.0,0.0,ONGC.NS,1175
2024-10-01 00:00:00+05:30,269.63780962091306,271.5897276173655,263.9182308022781,265.0530700683594,10919818,0.0,0.0,ONGC.NS,1176
2024-10-03 00:00:00+05:30,267.8220918643404,270.54570635787604,263.7820526165134,265.14385986328125,28124665,0.0,0.0,ONGC.NS,1177
2024-10-04 00:00:00+05:30,269.63781676264153,272.08908072471695,266.1879163847938,268.0490417480469,23104209,0.0,0.0,ONGC.NS,1178
2024-10-07 00:00:00+05:30,268.7299639904191,269.0023143579936,255.5658272408884,262.7834167480469,20917962,0.0,0.0,ONGC.NS,1179
2024-10-08 00:00:00+05:30,261.60312122867214,266.823381436643,254.70329349953852,266.41485595703125,10572360,0.0,0.0,ONGC.NS,1180
2024-10-09 00:00:00+05:30,264.41754478309144,265.00765565084214,260.4229161713524,261.9208984375,13147475,0.0,0.0,ONGC.NS,1181
2024-10-10 00:00:00+05:30,262.10250569229777,265.2346456547643,261.0584313321036,262.14788818359375,7237212,0.0,0.0,ONGC.NS,1182
2024-10-11 00:00:00+05:30,264.46293902189035,266.5964424441315,262.82878151457743,265.5977783203125,7011704,0.0,0.0,ONGC.NS,1183
2024-10-14 00:00:00+05:30,265.7340086763741,265.91556635927117,258.87956198156985,260.1051940917969,12690951,0.0,0.0,ONGC.NS,1184
2024-10-15 00:00:00+05:30,260.0143771550144,260.0143771550144,254.9757017012423,257.5631408691406,15087155,0.0,0.0,ONGC.NS,1185
2024-10-16 00:00:00+05:30,256.92762040836885,260.78607407174536,254.79411695917656,259.10650634765625,18188885,0.0,0.0,ONGC.NS,1186
2024-10-17 00:00:00+05:30,258.7433428386484,261.1038139636467,255.06647483861875,255.65658569335938,13343303,0.0,0.0,ONGC.NS,1187
2024-10-18 00:00:00+05:30,256.01972945891134,258.2894079115613,253.47770067435775,257.199951171875,14028398,0.0,0.0,ONGC.NS,1188
2024-10-21 00:00:00+05:30,255.24805254899007,257.835491721914,249.25609543959715,251.11724853515625,10299773,0.0,0.0,ONGC.NS,1189
2024-10-22 00:00:00+05:30,252.38826328602207,252.52443846241485,245.1252916806689,245.85157775878906,10028511,0.0,0.0,ONGC.NS,1190
2024-10-23 00:00:00+05:30,245.12526121908283,249.11988956440914,240.63128701431918,245.89695739746094,18823321,0.0,0.0,ONGC.NS,1191
2024-10-24 00:00:00+05:30,246.85022583555738,247.34957172456052,243.62729347778236,244.30819702148438,7488521,0.0,0.0,ONGC.NS,1192
2024-10-25 00:00:00+05:30,245.12529601647637,245.3976463740793,237.49918123717146,239.72344970703125,12961181,0.0,0.0,ONGC.NS,1193
2024-10-28 00:00:00+05:30,236.63667256283946,240.63130114270575,231.7795689319814,239.0879364013672,13835091,0.0,0.0,ONGC.NS,1194
2024-10-29 00:00:00+05:30,239.08797029225366,241.0852710122875,235.50186670645192,240.58595275878906,9122757,0.0,0.0,ONGC.NS,1195
2024-10-30 00:00:00+05:30,240.58591506140783,241.67537179693036,236.99981203751219,237.54454040527344,11166643,0.0,0.0,ONGC.NS,1196
2024-10-31 00:00:00+05:30,239.13334304613733,243.58190777098116,237.09063220968505,241.62998962402344,16173656,0.0,0.0,ONGC.NS,1197
2024-11-01 00:00:00+05:30,244.94372029821176,248.75679169122296,243.89967361151855,246.71408081054688,2955757,0.0,0.0,ONGC.NS,1198
2024-11-04 00:00:00+05:30,248.7567845537106,249.07454511168402,236.1827590633463,240.85829162597656,14355959,0.0,0.0,ONGC.NS,1199
2024-11-05 00:00:00+05:30,240.7675157499269,243.8542730890721,239.31491591208282,242.7648162841797,11676017,0.0,0.0,ONGC.NS,1200
2024-11-06 00:00:00+05:30,243.0372281978956,245.67005018614154,240.0412354200643,244.26283264160156,19244545,0.0,0.0,ONGC.NS,1201
2024-11-07 00:00:00+05:30,245.5792090780815,245.5792090780815,240.40433111306064,240.7675018310547,6766663,0.0,0.0,ONGC.NS,1202
2024-11-08 00:00:00+05:30,241.4484337896568,241.94775202662066,235.72882678041339,238.3616485595703,7836093,0.0,0.0,ONGC.NS,1203
2024-11-11 00:00:00+05:30,238.18007280164235,238.18007280164235,232.41508373802685,233.23216247558594,8450657,0.0,0.0,ONGC.NS,1204
2024-11-12 00:00:00+05:30,236.81827648655445,238.95177996420668,231.87036593451236,232.55126953125,22445400,0.0,0.0,ONGC.NS,1205
2024-11-13 00:00:00+05:30,232.55127272297227,233.27758652641722,226.059997219523,229.28294372558594,17483332,0.0,0.0,ONGC.NS,1206
2024-11-14 00:00:00+05:30,229.28294316781546,230.87171824481058,226.0599966695929,227.6941680908203,12454540,0.0,0.0,ONGC.NS,1207
2024-11-18 00:00:00+05:30,227.96652136511696,228.87439279412496,224.33503564908494,227.55796813964844,14636541,0.0,0.0,ONGC.NS,1208
2024-11-19 00:00:00+05:30,232.53420860536636,237.55694183413758,229.8368174626488,230.67393493652344,17397559,6.0,0.0,ONGC.NS,1209
2024-11-21 00:00:00+05:30,230.67394181886283,230.67394181886283,223.97695924977086,225.23263549804688,16189440,0.0,0.0,ONGC.NS,1210
2024-11-22 00:00:00+05:30,227.6975075419995,229.69729612597473,226.4883267781428,228.44161987304688,9637581,0.0,0.0,ONGC.NS,1211
2024-11-25 00:00:00+05:30,231.13899807558207,242.30063983375905,230.62741998977998,239.8822784423828,31973671,0.0,0.0,ONGC.NS,1212
2024-11-26 00:00:00+05:30,238.99867022818094,240.207836755023,234.90605965358063,236.48728942871094,9242451,0.0,0.0,ONGC.NS,1213
2024-11-27 00:00:00+05:30,237.18490645966398,237.6499749037025,233.04580014627334,236.5338134765625,11689970,0.0,0.0,ONGC.NS,1214
2024-11-28 00:00:00+05:30,237.18489133013384,239.41721404201866,233.65036854234813,234.58050537109375,14202863,0.0,0.0,ONGC.NS,1215
2024-11-29 00:00:00+05:30,236.06872329731215,240.5798782734796,234.62700841498102,238.76612854003906,11476347,0.0,0.0,ONGC.NS,1216
2024-12-02 00:00:00+05:30,237.6499781441757,240.25435011209342,235.04559198349517,239.55674743652344,13677959,0.0,0.0,ONGC.NS,1217
2024-12-03 00:00:00+05:30,242.20764501615625,246.20725074939577,240.76594416385905,244.02142333984375,15345326,0.0,0.0,ONGC.NS,1218
2024-12-04 00:00:00+05:30,245.41658892476906,245.83513343395836,241.83555673448117,242.48666381835938,10713838,0.0,0.0,ONGC.NS,1219
2024-12-05 00:00:00+05:30,242.48667938811323,244.85851691570863,238.95214245450245,243.04473876953125,12896743,0.0,0.0,ONGC.NS,1220
2024-12-06 00:00:00+05:30,242.5796827259783,244.62599518055774,241.4170116462228,241.882080078125,8783386,0.0,0.0,ONGC.NS,1221
2024-12-09 00:00:00+05:30,241.88207540164453,243.09127033252665,239.69627652238333,240.8124237060547,6800856,0.0,0.0,ONGC.NS,1222
2024-12-10 00:00:00+05:30,239.64975106726237,240.67290726801858,236.71982569936515,238.9521484375,11318782,0.0,0.0,ONGC.NS,1223
2024-12-11 00:00:00+05:30,239.51022841324416,240.62640393869944,237.78946963880173,238.67311096191406,5353032,0.0,0.0,ONGC.NS,1224
2024-12-12 00:00:00+05:30,239.97530724942328,240.53339503641044,235.8827107873906,236.30126953125,7123877,0.0,0.0,ONGC.NS,1225
2024-12-13 00:00:00+05:30,235.3246183892384,238.8591269950255,232.06913947871536,236.48728942871094,11143128,0.0,0.0,ONGC.NS,1226
2024-12-16 00:00:00+05:30,236.25476384176065,238.394067278244,233.65037777975573,234.20846557617188,7283872,0.0,0.0,ONGC.NS,1227
2024-12-17 00:00:00+05:30,234.1619455906354,234.8130385292964,229.27872726153578,230.1158447265625,10066884,0.0,0.0,ONGC.NS,1228
2024-12-18 00:00:00+05:30,230.115855589219,230.20887495317368,226.39530811522832,227.09291076660156,8430930,0.0,0.0,ONGC.NS,1229
2024-12-19 00:00:00+05:30,223.23283920978088,226.90687684988953,221.88414364477413,224.95359802246094,9518542,0.0,0.0,ONGC.NS,1230
2024-12-20 00:00:00+05:30,224.62805804852513,227.09291512019274,218.861212191836,220.53546142578125,15556528,0.0,0.0,ONGC.NS,1231
2024-12-23 00:00:00+05:30,221.60510650868906,225.3721636236746,220.30292058406394,224.02346801757812,7722901,0.0,0.0,ONGC.NS,1232
2024-12-24 00:00:00+05:30,224.16296303911915,226.255770785335,221.93064045359324,222.2561798095703,3577400,0.0,0.0,ONGC.NS,1233
2024-12-26 00:00:00+05:30,223.23282835262745,225.09310192223268,222.30269156782484,223.46536254882812,6330006,0.0,0.0,ONGC.NS,1234
2024-12-27 00:00:00+05:30,223.23284088258023,224.162977719591,219.79133742419282,220.3494110107422,6487888,0.0,0.0,ONGC.NS,1235
2024-12-30 00:00:00+05:30,219.55880558270778,220.44243274884485,215.00112651654706,216.39633178710938,19401112,0.0,0.0,ONGC.NS,1236
2024-12-31 00:00:00+05:30,216.39633873796777,223.1398310956264,216.11730902910216,222.53524780273438,12004845,0.0,0.0,ONGC.NS,1237
2025-01-01 00:00:00+05:30,221.19585335827955,222.5259565021495,219.83786143566397,220.39593505859375,9418453,0.0,0.0,ONGC.NS,1238
2025-01-02 00:00:00+05:30,220.48894572019452,229.53917340299554,220.442436038596,228.8787841796875,19745810,0.0,0.0,ONGC.NS,1239
2025-01-03 00:00:00+05:30,231.0925010378835,244.3934610325359,230.66464602836137,240.8031463623047,49760410,0.0,0.0,ONGC.NS,1240
2025-01-06 00:00:00+05:30,241.0077508087842,241.37051781320847,233.88291316966053,236.58961486816406,19265884,0.0,0.0,ONGC.NS,1241
2025-01-07 00:00:00+05:30,241.04493593771335,248.71856421601646,240.02177982350202,245.08172607421875,52956766,0.0,0.0,ONGC.NS,1242
2025-01-08 00:00:00+05:30,247.83497937390536,254.3924329269534,247.18387221330116,252.3740234375,42237794,0.0,0.0,ONGC.NS,1243
2025-01-09 00:00:00+05:30,253.025128117855,253.54600248702272,243.4261089394364,244.7934112548828,14706472,0.0,0.0,ONGC.NS,1244
2025-01-10 00:00:00+05:30,245.55610601627473,247.88144792930763,240.41245084006678,244.64456176757812,13053552,0.0,0.0,ONGC.NS,1245
2025-01-13 00:00:00+05:30,247.4443039518187,249.8347624580414,236.82214287595423,237.8638916015625,20416370,0.0,0.0,ONGC.NS,1246
2025-01-14 00:00:00+05:30,239.52883750907733,243.69586092226217,238.87775872876782,242.1797332763672,8470150,0.0,0.0,ONGC.NS,1247
2025-01-15 00:00:00+05:30,242.6726887196845,245.99328395304758,239.68695749931467,240.14271545410156,9344731,0.0,0.0,ONGC.NS,1248
2025-01-16 00:00:00+05:30,241.83558286163932,247.07225790913486,241.83558286163932,244.7934112548828,14195450,0.0,0.0,ONGC.NS,1249
2025-01-17 00:00:00+05:30,243.69587689293812,248.34656156646747,243.0447696844334,247.9466094970703,12148143,0.0,0.0,ONGC.NS,1250
2025-01-20 00:00:00+05:30,249.36970332692505,251.57412319191795,246.49558377258398,250.54165649414062,9676264,0.0,0.0,ONGC.NS,1251
2025-01-21 00:00:00+05:30,249.3231698388097,250.53236476809423,246.3095355456976,247.23036193847656,8989218,0.0,0.0,ONGC.NS,1252
2025-01-22 00:00:00+05:30,247.41639350514714,247.7791604890967,243.42609860931694,245.6026153564453,7919682,0.0,0.0,ONGC.NS,1253
2025-01-23 00:00:00+05:30,244.62598986359262,245.39799095414006,242.9238519294574,244.6724853515625,5026675,0.0,0.0,ONGC.NS,1254
2025-01-24 00:00:00+05:30,244.61666958264428,247.0815548275274,237.8824881890279,238.5894012451172,6306281,0.0,0.0,ONGC.NS,1255
2025-01-27 00:00:00+05:30,237.18489852035134,238.52429786519056,232.07844206634238,233.2597198486328,6944911,0.0,0.0,ONGC.NS,1256
2025-01-28 00:00:00+05:30,232.5341991270804,234.7665217615959,229.47405531138293,231.30641174316406,8029472,0.0,0.0,ONGC.NS,1257
2025-01-29 00:00:00+05:30,231.51103806293784,234.39446774805396,229.743783864164,233.8363800048828,5651586,0.0,0.0,ONGC.NS,1258
2025-01-30 00:00:00+05:30,234.3944670366293,241.27747348679105,233.40852432707885,238.7847137451172,12588155,0.0,0.0,ONGC.NS,1259
2025-01-31 00:00:00+05:30,239.0544706824183,245.0817390460205,237.38022158543913,244.26321411132812,8850307,0.0,0.0,ONGC.NS,1260
2025-02-01 00:00:00+05:30,241.41702123804342,244.16093644949558,236.0222385678457,239.55674743652344,10921673,0.0,0.0,ONGC.NS,1261
2025-02-03 00:00:00+05:30,237.7429892079078,238.44059185911323,227.74401787396363,231.6040802001953,25719512,0.0,0.0,ONGC.NS,1262
2025-02-04 00:00:00+05:30,234.76651917070103,239.5102224576462,234.39447013330812,236.34776306152344,8402532,0.0,0.0,ONGC.NS,1263
2025-02-05 00:00:00+05:30,240.90542822175647,244.62597537576045,239.74275723613025,243.3702850341797,11590755,0.0,0.0,ONGC.NS,1264
2025-02-06 00:00:00+05:30,244.30043661035901,244.57949469511416,236.53380247191254,238.25454711914062,12327998,0.0,0.0,ONGC.NS,1265
2025-02-07 00:00:00+05:30,239.96212457805282,240.81592221254462,234.79196105790186,236.1200714111328,10098454,5.0,0.0,ONGC.NS,1266
2025-02-10 00:00:00+05:30,236.1675046822518,236.78413871359692,229.38463166467506,230.00125122070312,7582536,0.0,0.0,ONGC.NS,1267
2025-02-11 00:00:00+05:30,230.00124420364347,230.00124420364347,224.6413529176402,226.6809539794922,6711630,0.0,0.0,ONGC.NS,1268
2025-02-12 00:00:00+05:30,226.72839354770454,228.8628658718984,222.1274140809821,225.21054077148438,5985956,0.0,0.0,ONGC.NS,1269
2025-02-13 00:00:00+05:30,226.25406312754978,227.1552818675857,222.1748465157214,222.88633728027344,10079210,0.0,0.0,ONGC.NS,1270
2025-02-14 00:00:00+05:30,222.93378552749203,225.73231313160343,215.10738667386732,218.6648406982422,8065352,0.0,0.0,ONGC.NS,1271
2025-02-17 00:00:00+05:30,218.38022166155025,222.26971016532622,213.49465770160478,221.653076171875,6692422,0.0,0.0,ONGC.NS,1272
2025-02-18 00:00:00+05:30,220.2775417272197,224.9733779617011,217.76361343789318,224.45162963867188,6170974,0.0,0.0,ONGC.NS,1273
2025-02-19 00:00:00+05:30,223.88242318787795,226.53865822245842,222.45944168456518,226.0643310546875,6168581,0.0,0.0,ONGC.NS,1274
2025-02-20 00:00:00+05:30,224.64137839892226,230.19099828931226,224.35677916664935,229.47950744628906,8929816,0.0,0.0,ONGC.NS,1275
2025-02-21 00:00:00+05:30,229.4794926301209,230.57045387084366,225.87461750513728,227.58218383789062,5697387,0.0,0.0,ONGC.NS,1276
2025-02-24 00:00:00+05:30,224.1670424139914,225.73231641737354,221.985134352218,222.31716918945312,6883143,0.0,0.0,ONGC.NS,1277
2025-02-25 00:00:00+05:30,222.93377724839894,224.54648678449416,220.60957693385134,221.03646850585938,5519036,0.0,0.0,ONGC.NS,1278
2025-02-27 00:00:00+05:30,221.51081151260442,221.84284635639077,216.7675393174737,219.13917541503906,9664032,0.0,0.0,ONGC.NS,1279
2025-02-28 00:00:00+05:30,218.1905108419031,218.6648380393855,211.69222244626732,213.6844024658203,17237276,0.0,0.0,ONGC.NS,1280
2025-03-03 00:00:00+05:30,213.21007859160696,214.39589660379607,207.14817749230878,213.57057189941406,11928529,0.0,0.0,ONGC.NS,1281
2025-03-04 00:00:00+05:30,208.79882493639474,216.05602480946195,204.41603206521157,215.11685180664062,12428265,0.0,0.0,ONGC.NS,1282
2025-03-05 00:00:00+05:30,215.45837860010644,219.37632582972915,215.11686244358586,217.1849365234375,7466729,0.0,0.0,ONGC.NS,1283
2025-03-06 00:00:00+05:30,219.60400600646042,221.5772088392448,215.06943926176103,220.65701293945312,10439208,0.0,0.0,ONGC.NS,1284
2025-03-07 00:00:00+05:30,220.65701025179428,224.32829799831137,219.30042698782736,220.93211364746094,9079049,0.0,0.0,ONGC.NS,1285
2025-03-10 00:00:00+05:30,220.93212366057745,222.93378503286394,211.05662783674757,211.7301788330078,16489167,0.0,0.0,ONGC.NS,1286
2025-03-11 00:00:00+05:30,209.55775798023672,215.5912007393287,208.79884601582694,215.0789337158203,10941588,0.0,0.0,ONGC.NS,1287
2025-03-12 00:00:00+05:30,215.43941489826418,217.09006425074185,210.94278793826157,212.87803649902344,6994310,0.0,0.0,ONGC.NS,1288
2025-03-13 00:00:00+05:30,216.4354893675106,218.56996170634332,213.32390418270427,213.8551483154297,16105085,0.0,0.0,ONGC.NS,1289
2025-03-17 00:00:00+05:30,214.88917960228434,218.61738411408467,214.623557551967,217.94384765625,8788971,0.0,0.0,ONGC.NS,1290
2025-03-18 00:00:00+05:30,217.94384765625,217.94384765625,217.94384765625,217.94384765625,0,0.0,0.0,ONGC.NS,1291
2025-03-19 00:00:00+05:30,220.56214254334225,223.0665895183701,219.7083593945916,220.62855529785156,8626593,0.0,0.0,ONGC.NS,1292
2025-03-20 00:00:00+05:30,221.49182315308832,224.86903046892888,220.09730004032127,223.4934844970703,18955995,0.0,0.0,ONGC.NS,1293
2025-03-21 00:00:00+05:30,223.6927062014974,235.2662867684293,223.6927062014974,229.97279357910156,29285333,0.0,0.0,ONGC.NS,1294
2025-03-24 00:00:00+05:30,231.6519104356501,233.74842846463105,230.2858458414872,231.31039428710938,10566066,0.0,0.0,ONGC.NS,1295
2025-03-25 00:00:00+05:30,231.4811499343322,232.77132046948523,228.19881388738798,229.8115234375,8915800,0.0,0.0,ONGC.NS,1296
2025-03-26 00:00:00+05:30,230.8550581538963,231.94600494325695,227.07940315222316,227.41143798828125,7543985,0.0,0.0,ONGC.NS,1297
2025-03-27 00:00:00+05:30,226.60507896674457,230.9024823748127,226.39637383420686,229.7356414794922,9935664,0.0,0.0,ONGC.NS,1298
2025-03-28 00:00:00+05:30,230.9404155853381,241.81198625038184,230.76965027642657,233.72946166992188,32905564,0.0,0.0,ONGC.NS,1299
2025-04-01 00:00:00+05:30,234.31763548625756,239.25063544353637,234.03303627278973,235.33270263671875,11258957,0.0,0.0,ONGC.NS,1300
2025-04-02 00:00:00+05:30,237.21103407604346,238.58658005205547,235.26628967359744,237.77073669433594,15337906,0.0,0.0,ONGC.NS,1301
2025-04-03 00:00:00+05:30,235.26628421547207,236.80309966574592,230.05816650297515,230.8170928955078,11141370,0.0,0.0,ONGC.NS,1302
2025-04-04 00:00:00+05:30,228.2082887137107,228.82492272800505,212.6883029283175,214.40536499023438,38336194,0.0,0.0,ONGC.NS,1303
2025-04-07 00:00:00+05:30,197.3201201546368,209.4628996746011,194.4741568831757,208.55218505859375,27024128,0.0,0.0,ONGC.NS,1304
2025-04-08 00:00:00+05:30,211.54992470239438,215.57222444596655,207.92605805754653,215.02200317382812,11309092,0.0,0.0,ONGC.NS,1305
2025-04-09 00:00:00+05:30,210.60127424706394,212.5554999713238,208.95061039995926,210.5443572998047,16889575,0.0,0.0,ONGC.NS,1306
2025-04-11 00:00:00+05:30,216.5777968756409,219.51861675523296,213.68439813458204,218.54150390625,13886447,0.0,0.0,ONGC.NS,1307
2025-04-15 00:00:00+05:30,221.98512076273354,221.98512076273354,218.28537454014804,220.7423858642578,12102239,0.0,0.0,ONGC.NS,1308
2025-04-16 00:00:00+05:30,220.74239088520497,229.57436088244154,219.82219497488222,228.83441162109375,18748952,0.0,0.0,ONGC.NS,1309
2025-04-17 00:00:00+05:30,228.62569944992785,232.0503422489166,226.97503566187245,230.98785400390625,12891813,0.0,0.0,ONGC.NS,1310
2025-04-21 00:00:00+05:30,231.4811401687742,237.68534765524106,229.3371865726321,236.9548797607422,11698653,0.0,0.0,ONGC.NS,1311
2025-04-22 00:00:00+05:30,236.1864877248348,237.73279903285675,234.5642823275823,235.05758666992188,9896443,0.0,0.0,ONGC.NS,1312
2025-04-23 00:00:00+05:30,235.96829046557616,239.77238923400057,232.34442386609322,239.22216796875,16555874,0.0,0.0,ONGC.NS,1313
2025-04-24 00:00:00+05:30,237.16360540404798,238.4632573295605,235.26629656081562,236.56594848632812,6538518,0.0,0.0,ONGC.NS,1314
2025-04-25 00:00:00+05:30,236.2149428348269,237.80867526001805,231.85112685578355,233.68203735351562,15616265,0.0,0.0,ONGC.NS,1315
2025-04-28 00:00:00+05:30,233.36898722438738,239.01347812601125,231.8321716967187,237.73280334472656,7669983,0.0,0.0,ONGC.NS,1316
2025-04-29 00:00:00+05:30,238.33992963762384,239.1557729765744,232.51519237242871,233.06539916992188,8030552,0.0,0.0,ONGC.NS,1317
2025-04-30 00:00:00+05:30,232.8946648855903,234.73505681417902,229.78307948221152,231.89857482910156,9822483,0.0,0.0,ONGC.NS,1318
2025-05-02 00:00:00+05:30,228.62571852054495,233.6251314392077,226.72840965315456,230.27638244628906,10203190,0.0,0.0,ONGC.NS,1319
2025-05-05 00:00:00+05:30,227.6770630351939,228.76800983877706,222.4594636739707,226.9181365966797,20086323,0.0,0.0,ONGC.NS,1320
2025-05-06 00:00:00+05:30,228.74904790152067,230.5135457246802,223.88244603153018,224.8311004638672,11350559,0.0,0.0,ONGC.NS,1321
2025-05-07 00:00:00+05:30,220.3724203336468,227.76243175119058,220.15423387442024,226.41534423828125,16689539,0.0,0.0,ONGC.NS,1322
2025-05-08 00:00:00+05:30,225.45720603466344,227.05093846335956,219.51862028291822,221.24517822265625,15026122,0.0,0.0,ONGC.NS,1323
2025-05-09 00:00:00+05:30,217.33674303821624,223.2183978076578,216.72010895271418,222.89585876464844,11184507,0.0,0.0,ONGC.NS,1324
2025-05-12 00:00:00+05:30,226.72839731129662,232.040867640935,225.88409549027978,231.4906463623047,11374237,0.0,0.0,ONGC.NS,1325
2025-05-13 00:00:00+05:30,231.61396370191284,232.69542912831045,227.9521571747565,228.77749633789062,9336026,0.0,0.0,ONGC.NS,1326
2025-05-14 00:00:00+05:30,228.7774985900665,234.22276558214875,228.7774985900665,233.3784637451172,8234859,0.0,0.0,ONGC.NS,1327
2025-05-15 00:00:00+05:30,232.3728923506168,236.13905147608597,229.85896398111507,234.8963165283203,16812750,0.0,0.0,ONGC.NS,1328
2025-05-16 00:00:00+05:30,234.37453720724847,236.5849035402926,233.55869390181292,234.57376098632812,8030229,0.0,0.0,ONGC.NS,1329
2025-05-19 00:00:00+05:30,235.2662922287665,236.64183821971795,232.33495359402457,233.91920471191406,8043270,0.0,0.0,ONGC.NS,1330
2025-05-20 00:00:00+05:30,234.11841607123446,239.72496712269475,234.11841607123446,236.4615936279297,13183059,0.0,0.0,ONGC.NS,1331
2025-05-21 00:00:00+05:30,238.58657396487754,239.0134655361529,235.03860141130363,235.91136169433594,7158307,0.0,0.0,ONGC.NS,1332
2025-05-22 00:00:00+05:30,235.91136888547905,237.61894969794858,227.30708101771472,229.2613067626953,18502235,0.0,0.0,ONGC.NS,1333
2025-05-23 00:00:00+05:30,230.04869221047707,232.11675185621687,227.81934857831044,231.69935607910156,8725218,0.0,0.0,ONGC.NS,1334
2025-05-26 00:00:00+05:30,232.7049192788359,234.44095850866765,232.24007342757486,233.3120574951172,7159571,0.0,0.0,ONGC.NS,1335
2025-05-27 00:00:00+05:30,234.17533624175735,234.17533624175735,230.44711705295632,231.9839324951172,9712093,0.0,0.0,ONGC.NS,1336
2025-05-28 00:00:00+05:30,232.07881125887002,232.74286644215235,228.91030904483904,230.2099609375,7385958,0.0,0.0,ONGC.NS,1337
2025-05-29 00:00:00+05:30,231.0922174852382,232.04087188464342,228.95774508657644,230.5609588623047,12938112,0.0,0.0,ONGC.NS,1338
2025-05-30 00:00:00+05:30,230.5609504296201,232.60056599893355,226.62404060620648,227.10784912109375,10108840,0.0,0.0,ONGC.NS,1339
2025-06-02 00:00:00+05:30,226.72841115992412,227.76244102544746,225.45721768440086,226.07383728027344,6278145,0.0,0.0,ONGC.NS,1340
2025-06-03 00:00:00+05:30,228.15138416899538,228.67314698627487,224.45163778340893,225.0872344970703,9515918,0.0,0.0,ONGC.NS,1341
2025-06-04 00:00:00+05:30,225.77974334082546,226.25407053271795,223.408107381363,225.82717895507812,6733580,0.0,0.0,ONGC.NS,1342
2025-06-05 00:00:00+05:30,225.82719129781938,227.31657123459996,224.09115194357037,225.5615692138672,8941808,0.0,0.0,ONGC.NS,1343
2025-06-06 00:00:00+05:30,225.58051356555407,228.12291477380285,225.31489150316764,227.7339630126953,5985346,0.0,0.0,ONGC.NS,1344
2025-06-09 00:00:00+05:30,229.36565096634936,231.58549870399904,228.15137453847348,230.33328247070312,7719525,0.0,0.0,ONGC.NS,1345
2025-06-10 00:00:00+05:30,231.70883056295378,232.4203213425739,230.13406082998517,232.1167449951172,7659657,0.0,0.0,ONGC.NS,1346
2025-06-11 00:00:00+05:30,231.94598834897832,237.5430432183976,231.04476961241986,234.62120056152344,20842417,0.0,0.0,ONGC.NS,1347
2025-06-12 00:00:00+05:30,238.58657475895447,242.09659304324748,234.08046648815912,235.15245056152344,35613271,0.0,0.0,ONGC.NS,1348
2025-06-13 00:00:00+05:30,242.42864132096753,242.8080973010238,236.32878583810452,238.5960693359375,39320377,0.0,0.0,ONGC.NS,1349
2025-06-16 00:00:00+05:30,240.94873006328888,244.27850171044133,239.24114929219132,243.60496520996094,41444122,0.0,0.0,ONGC.NS,1350
2025-06-17 00:00:00+05:30,243.74725480991415,243.88954717450866,238.6340083626097,239.35498046875,18781097,0.0,0.0,ONGC.NS,1351
2025-06-18 00:00:00+05:30,240.9866870222579,242.75118486543363,236.9454243057733,237.505126953125,12691905,0.0,0.0,ONGC.NS,1352
2025-06-19 00:00:00+05:30,237.63792232502314,240.00955827637068,235.45601435472,238.64349365234375,10790997,0.0,0.0,ONGC.NS,1353
2025-06-20 00:00:00+05:30,239.30754044515905,240.24671346012505,236.54696729568312,238.95654296875,15907673,0.0,0.0,ONGC.NS,1354
2025-06-23 00:00:00+05:30,240.01902927442853,242.37170245909323,237.47664259220514,238.4727325439453,16776881,0.0,0.0,ONGC.NS,1355
2025-06-24 00:00:00+05:30,234.79195152043962,235.26627869522838,230.98785278974768,231.39576721191406,22215004,0.0,0.0,ONGC.NS,1356
2025-06-25 00:00:00+05:30,231.47166732244997,232.70492090406742,229.10003138676916,229.48898315429688,13056178,0.0,0.0,ONGC.NS,1357
2025-06-26 00:00:00+05:30,229.57436214139307,232.7713228002688,229.13797475330702,232.1641845703125,15769123,0.0,0.0,ONGC.NS,1358
2025-06-27 00:00:00+05:30,232.42981506595174,233.5776932874047,229.5743704626342,230.36175537109375,21691960,0.0,0.0,ONGC.NS,1359
2025-06-30 00:00:00+05:30,231.47167464346228,233.0843842356688,230.5230202391858,231.6708984375,8783448,0.0,0.0,ONGC.NS,1360
2025-07-01 00:00:00+05:30,232.70493401012828,232.70493401012828,228.9103162993241,230.8740234375,8470489,0.0,0.0,ONGC.NS,1361
2025-07-02 00:00:00+05:30,230.42814822875704,231.23451025978994,227.86678424094285,228.69212341308594,10419419,0.0,0.0,ONGC.NS,1362
2025-07-03 00:00:00+05:30,229.5743596326161,233.55870512787084,229.3846316519501,231.51910400390625,13891239,0.0,0.0,ONGC.NS,1363
2025-07-04 00:00:00+05:30,232.61005597173067,232.8472195717172,230.05817331982476,232.64801025390625,7717259,0.0,0.0,ONGC.NS,1364
2025-07-07 00:00:00+05:30,232.89464356620485,232.89464356620485,228.4644294765456,229.11900329589844,9222263,0.0,0.0,ONGC.NS,1365
2025-07-08 00:00:00+05:30,229.96330180704513,231.18705953530093,228.2936609060866,230.7506866455078,7537067,0.0,0.0,ONGC.NS,1366
2025-07-09 00:00:00+05:30,230.8550567626953,232.031378968416,229.8305082615299,230.8550567626953,9590680,0.0,0.0,ONGC.NS,1367
2025-07-10 00:00:00+05:30,231.00683155505428,232.12625129274087,229.88742629268526,230.6083984375,8012201,0.0,0.0,ONGC.NS,1368
2025-07-11 00:00:00+05:30,230.5704366142865,230.60837641815198,228.43596438277754,229.34666442871094,5608382,0.0,0.0,ONGC.NS,1369
2025-07-14 00:00:00+05:30,230.42814341411312,232.31597084390344,228.7585169142373,231.6803741455078,7568906,0.0,0.0,ONGC.NS,1370
2025-07-15 00:00:00+05:30,231.92702285759904,232.77132469166926,230.23841918945857,231.1586151123047,7843083,0.0,0.0,ONGC.NS,1371
2025-07-16 00:00:00+05:30,231.47166879311624,231.61396116003434,229.85895924167022,230.38072204589844,5656962,0.0,0.0,ONGC.NS,1372
2025-07-17 00:00:00+05:30,230.52300299882418,232.00290144276602,230.3522521669769,231.34832763671875,7006298,0.0,0.0,ONGC.NS,1373
2025-07-18 00:00:00+05:30,232.17367558707093,234.6496640703136,230.9593991522172,233.66305541992188,10293817,0.0,0.0,ONGC.NS,1374
2025-07-21 00:00:00+05:30,233.3689971212921,233.65359635430858,231.87960267118638,232.45828247070312,5424455,0.0,0.0,ONGC.NS,1375
2025-07-22 00:00:00+05:30,232.45825302296387,234.1942922015932,231.53807163077764,233.75791931152344,5869862,0.0,0.0,ONGC.NS,1376
2025-07-23 00:00:00+05:30,233.36898448425697,234.50736687936057,231.71832060240035,232.9420928955078,7357753,0.0,0.0,ONGC.NS,1377
2025-07-24 00:00:00+05:30,232.9515773952132,233.5587156458764,231.24399654168624,232.25906372070312,4590999,0.0,0.0,ONGC.NS,1378
2025-07-25 00:00:00+05:30,231.47166246127597,232.2305888398189,226.96555427811586,227.9521484375,7427827,0.0,0.0,ONGC.NS,1379
2025-07-28 00:00:00+05:30,227.95215592494517,229.15695104763108,225.5900157692294,227.69602966308594,6865890,0.0,0.0,ONGC.NS,1380
2025-07-29 00:00:00+05:30,227.69603382289503,230.05817402176504,227.5063058373904,229.04312133789062,6157824,0.0,0.0,ONGC.NS,1381
2025-07-30 00:00:00+05:30,230.08661762011818,231.19655593796062,227.77191318610545,229.39410400390625,8767763,0.0,0.0,ONGC.NS,1382
2025-07-31 00:00:00+05:30,227.866775517435,230.34276398844028,227.35450852961043,228.62570190429688,10254214,0.0,0.0,ONGC.NS,1383
2025-08-01 00:00:00+05:30,227.77192464267418,228.35060439911317,222.03256269280894,224.63186645507812,12629251,0.0,0.0,ONGC.NS,1384
2025-08-04 00:00:00+05:30,224.35675776953582,226.14971394394564,221.98512185231027,222.7725067138672,16174972,0.0,0.0,ONGC.NS,1385
2025-08-05 00:00:00+05:30,223.40810698670734,223.88243417776192,221.08390664560332,222.4404754638672,9562689,0.0,0.0,ONGC.NS,1386
2025-08-06 00:00:00+05:30,222.5068865101973,223.28477557038872,220.95109391449745,221.76693725585938,7568954,0.0,0.0,ONGC.NS,1387
2025-08-07 00:00:00+05:30,221.17878236597844,222.17487244767693,219.43326162728522,221.91873168945312,5560413,0.0,0.0,ONGC.NS,1388
2025-08-08 00:00:00+05:30,221.8902455733204,223.04760503260013,220.7328861140407,221.45387268066406,5249568,0.0,0.0,ONGC.NS,1389
2025-08-11 00:00:00+05:30,221.45386834271704,222.93376677633057,219.6893707160279,221.785888671875,4699743,0.0,0.0,ONGC.NS,1390
2025-08-12 00:00:00+05:30,221.79539159476147,224.2239444329932,221.6151449508539,223.4270782470703,7036778,0.0,0.0,ONGC.NS,1391
2025-08-13 00:00:00+05:30,225.53310259315816,227.62962071401128,224.1670379391325,226.41534423828125,8501906,0.0,0.0,ONGC.NS,1392
2025-08-14 00:00:00+05:30,226.2635497634159,226.4153379374875,222.39303817649284,224.774169921875,7258450,0.0,0.0,ONGC.NS,1393
2025-08-18 00:00:00+05:30,225.0682548413787,226.33944825449936,223.40810965287537,225.93153381347656,8501972,0.0,0.0,ONGC.NS,1394
2025-08-19 00:00:00+05:30,225.30541385601154,226.29200803596785,224.5275103210723,225.7228240966797,5538059,0.0,0.0,ONGC.NS,1395
2025-08-20 00:00:00+05:30,224.83109149117104,226.81377570155288,224.83109149117104,225.7133331298828,7438061,0.0,0.0,ONGC.NS,1396
2025-08-21 00:00:00+05:30,225.7797519340511,228.61623386063945,225.0492839776461,226.0548553466797,8111371,0.0,0.0,ONGC.NS,1397
2025-08-22 00:00:00+05:30,225.77975242777097,226.37740934571087,223.77809101841123,224.1575469970703,5423818,0.0,0.0,ONGC.NS,1398
2025-08-25 00:00:00+05:30,224.16703589899487,225.29593694240356,223.55040185852496,224.60340881347656,8854258,0.0,0.0,ONGC.NS,1399
2025-08-26 00:00:00+05:30,224.50853684638096,225.1156750375799,221.79538488798528,222.1653594970703,14671897,0.0,0.0,ONGC.NS,1400
2025-08-28 00:00:00+05:30,222.26974265487584,223.1994199716741,220.448327830502,221.40646362304688,13870643,0.0,0.0,ONGC.NS,1401
2025-08-29 00:00:00+05:30,221.4064456222828,223.2847772454379,219.4522199115343,221.71002197265625,9928988,0.0,0.0,ONGC.NS,1402
2025-09-01 00:00:00+05:30,221.98513380267917,226.90865254794326,221.1028921421287,226.46278381347656,4366396,0.0,0.0,ONGC.NS,1403
2025-09-02 00:00:00+05:30,226.49122786897436,230.0486817098483,225.21053869613303,227.1932373046875,5921193,0.0,0.0,ONGC.NS,1404
2025-09-03 00:00:00+05:30,227.2027295085964,229.5174485678663,226.21613529865908,226.79481506347656,4364007,0.0,0.0,ONGC.NS,1405
2025-09-04 00:00:00+05:30,227.98686181696087,228.25388001685536,224.51559611553148,224.7921600341797,8778730,1.25,0.0,ONGC.NS,1406
2025-09-05 00:00:00+05:30,224.82077202575817,226.1654087675379,222.20779153656213,223.27587890625,7210683,0.0,0.0,ONGC.NS,1407
2025-09-08 00:00:00+05:30,223.27587654469662,224.0864623173586,221.30183353384794,221.7500457763672,8418326,0.0,0.0,ONGC.NS,1408
2025-09-09 00:00:00+05:30,221.75003284808673,223.714530025583,220.06208502363418,220.6056671142578,11665314,0.0,0.0,ONGC.NS,1409
2025-09-10 00:00:00+05:30,222.1982401363559,222.2363793543644,220.29095910514255,220.9966583251953,11775053,0.0,0.0,ONGC.NS,1410
2025-09-11 00:00:00+05:30,221.33998708650583,224.31534107525258,221.33998708650583,222.9230194091797,11047708,0.0,0.0,ONGC.NS,1411
2025-09-12 00:00:00+05:30,223.63824263448944,224.4965278698952,221.91215554797586,222.43666076660156,6073522,0.0,0.0,ONGC.NS,1412
2025-09-15 00:00:00+05:30,222.34129323679934,223.33308757910552,221.24461240106112,221.4925537109375,6153784,0.0,0.0,ONGC.NS,1413
2025-09-16 00:00:00+05:30,221.70235797762393,224.3630233447716,221.6451418710445,224.1913604736328,7319921,0.0,0.0,ONGC.NS,1414
2025-09-17 00:00:00+05:30,225.0591681306206,226.92830999737222,224.27717590074903,225.89837646484375,7628371,0.0,0.0,ONGC.NS,1415
2025-09-18 00:00:00+05:30,226.68034919799007,226.68034919799007,223.62870243748134,224.6681671142578,6497852,0.0,0.0,ONGC.NS,1416
2025-09-19 00:00:00+05:30,224.21043972495937,226.39427027371585,223.86712853046046,225.71719360351562,16484017,0.0,0.0,ONGC.NS,1417
2025-09-22 00:00:00+05:30,225.05917624000872,227.39559274408467,224.7253962173977,226.46102905273438,9962796,0.0,0.0,ONGC.NS,1418
2025-09-23 00:00:00+05:30,226.25122782443302,226.5754621296114,224.24857678393056,225.68858337402344,7014239,0.0,0.0,ONGC.NS,1419
2025-09-24 00:00:00+05:30,225.68858449598852,228.99771849236066,225.3071195308819,227.4623565673828,8299331,0.0,0.0,ONGC.NS,1420
2025-09-25 00:00:00+05:30,227.8438058192806,230.91452965357823,227.46235540751957,228.5590362548828,10150654,0.0,0.0,ONGC.NS,1421
2025-09-26 00:00:00+05:30,228.87373893983025,229.12168025184423,225.8602312181197,226.98553466796875,6349466,0.0,0.0,ONGC.NS,1422
2025-09-29 00:00:00+05:30,227.92009634948184,229.97996347409776,227.12857292979888,228.8546600341797,10631271,0.0,0.0,ONGC.NS,1423
2025-09-30 00:00:00+05:30,228.87373189587683,229.7224714029347,227.4432710715276,228.39691162109375,7167687,0.0,0.0,ONGC.NS,1424
2025-10-01 00:00:00+05:30,227.53864474331868,234.8721284686589,227.41466681335862,231.77279663085938,10375310,0.0,0.0,ONGC.NS,1425
2025-10-03 00:00:00+05:30,231.2578329200823,232.8790189416132,228.58763647505498,232.3640594482422,10702610,0.0,0.0,ONGC.NS,1426
2025-10-06 00:00:00+05:30,231.47718213130497,236.02605193387743,231.47718213130497,234.4620819091797,9465503,0.0,0.0,ONGC.NS,1427
2025-10-07 00:00:00+05:30,234.462072545419,237.93332365923317,233.31770676475287,233.94711303710938,12498420,0.0,0.0,ONGC.NS,1428
2025-10-08 00:00:00+05:30,235.12008452060257,235.3584946621665,229.96088556482363,230.59982299804688,5073558,0.0,0.0,ONGC.NS,1429
2025-10-09 00:00:00+05:30,230.6284368166714,233.16512427866502,229.40777802545958,232.10658264160156,9292031,0.0,0.0,ONGC.NS,1430
2025-10-10 00:00:00+05:30,232.7359845557541,235.6255143254089,232.30684920854407,234.91981506347656,9050771,0.0,0.0,ONGC.NS,1431
2025-10-13 00:00:00+05:30,233.64194055992363,234.29040916537696,230.18976633952715,232.7741241455078,12607116,0.0,0.0,ONGC.NS,1432
2025-10-14 00:00:00+05:30,233.92803480650556,237.20856069658456,232.59292927723604,233.3463134765625,13865005,0.0,0.0,ONGC.NS,1433
2025-10-15 00:00:00+05:30,233.34631012138007,236.68405206946153,232.96484516790215,236.23583984375,8520238,0.0,0.0,ONGC.NS,1434
2025-10-16 00:00:00+05:30,236.50287462430572,237.17042015046508,234.59559337733552,236.83665466308594,6083826,0.0,0.0,ONGC.NS,1435
2025-10-17 00:00:00+05:30,237.02736106742685,237.02736106742685,233.42260096083268,236.2072296142578,14250215,0.0,0.0,ONGC.NS,1436
2025-10-20 00:00:00+05:30,236.20723163486437,237.6472236358655,233.63240504404249,237.20855712890625,10920554,0.0,0.0,ONGC.NS,1437
2025-10-21 00:00:00+05:30,237.2085613617237,237.74259775436883,235.92114076763963,236.61729431152344,569979,0.0,0.0,ONGC.NS,1438
2025-10-23 00:00:00+05:30,238.4101449569856,241.49994567413228,237.53279736971194,240.61305236816406,13879042,0.0,0.0,ONGC.NS,1439
2025-10-24 00:00:00+05:30,242.22469643562812,245.46706844137188,241.12801563846767,243.14019775390625,17882209,0.0,0.0,ONGC.NS,1440
2025-10-27 00:00:00+05:30,243.5788705819248,244.21780801224972,240.2315974480555,241.52854919433594,7889080,0.0,0.0,ONGC.NS,1441
2025-10-28 00:00:00+05:30,241.36644202595141,242.02444181771637,238.27664123902568,238.92510986328125,8529692,0.0,0.0,ONGC.NS,1442
2025-10-29 00:00:00+05:30,239.3160893343647,245.40985177061228,238.9346389409463,243.78866577148438,8806213,0.0,0.0,ONGC.NS,1443
2025-10-30 00:00:00+05:30,244.60880614317784,244.60880614317784,241.66206027495866,242.73013305664062,5266883,0.0,0.0,ONGC.NS,1444
2025-10-31 00:00:00+05:30,242.892251525805,245.94389845531867,241.57623742734617,243.53118896484375,7199008,0.0,0.0,ONGC.NS,1445
2025-11-03 00:00:00+05:30,243.1783357059354,246.5160775685659,242.51079024368926,245.610107421875,5450040,0.0,0.0,ONGC.NS,1446
2025-11-04 00:00:00+05:30,244.22735141413506,245.56244236761256,240.31741932675092,240.6511993408203,6006851,0.0,0.0,ONGC.NS,1447
2025-11-06 00:00:00+05:30,241.79557279541268,243.65516902248618,238.83928116675185,239.84060668945312,6987258,0.0,0.0,ONGC.NS,1448
2025-11-07 00:00:00+05:30,238.41014185531267,241.84325371858927,238.41014185531267,240.50814819335938,4449104,0.0,0.0,ONGC.NS,1449
2025-11-10 00:00:00+05:30,240.3174294341684,243.65517150964297,237.93332795168658,239.7452392578125,7418162,0.0,0.0,ONGC.NS,1450
2025-11-11 00:00:00+05:30,242.41542804729232,242.41542804729232,234.59557834603777,237.88563537597656,16183880,0.0,0.0,ONGC.NS,1451
2025-11-12 00:00:00+05:30,240.88961432398222,243.7505360401749,238.31477313828856,242.0816650390625,11917811,0.0,0.0,ONGC.NS,1452
2025-11-13 00:00:00+05:30,241.9386158642892,241.9386158642892,235.83532188131284,239.2207489013672,13057927,0.0,0.0,ONGC.NS,1453
2025-11-14 00:00:00+05:30,239.8557909198375,243.91037368298927,239.46499315036962,241.9075164794922,9185042,6.0,0.0,ONGC.NS,1454
2025-11-17 00:00:00+05:30,241.90751675061105,243.9592274045859,241.76095640591186,242.34716796875,6281588,0.0,0.0,ONGC.NS,1455
2025-11-18 00:00:00+05:30,241.3213143875955,243.71498436247566,240.63741081019828,241.2724609375,7708871,0.0,0.0,ONGC.NS,1456
2025-11-19 00:00:00+05:30,241.2724574288937,244.54544473395694,239.75808994583485,243.27532958984375,7075882,0.0,0.0,ONGC.NS,1457
2025-11-20 00:00:00+05:30,243.27532385326097,245.32704941521513,241.90751675061105,242.34716796875,6918642,0.0,0.0,ONGC.NS,1458
2025-11-21 00:00:00+05:30,241.37016783769099,242.59142955017882,240.5397039100073,241.2724609375,7589240,0.0,0.0,ONGC.NS,1459
2025-11-24 00:00:00+05:30,241.27246013839206,241.76096482176922,238.68339127968494,240.1000518798828,15875282,0.0,0.0,ONGC.NS,1460
2025-11-25 00:00:00+05:30,240.10005682476142,241.8098232517943,238.97650199304616,239.70925903320312,8983620,0.0,0.0,ONGC.NS,1461
2025-11-26 00:00:00+05:30,239.70925542603885,242.2983242991075,239.4161496327907,242.00521850585938,7232643,0.0,0.0,ONGC.NS,1462
2025-11-27 00:00:00+05:30,242.29832683625767,243.0799373237771,237.2178810293515,238.39028930664062,5600832,0.0,0.0,ONGC.NS,1463
2025-11-28 00:00:00+05:30,239.36729815366456,239.70925739993325,236.97362815372392,237.65753173828125,3804191,0.0,0.0,ONGC.NS,1464
2025-12-01 00:00:00+05:30,238.43913628761888,240.1977561098247,237.42303820902012,239.20120239257812,6307936,0.0,0.0,ONGC.NS,1465
2025-12-02 00:00:00+05:30,237.90178311805474,240.59832362964534,236.9247737417999,237.94085693359375,5413988,0.0,0.0,ONGC.NS,1466
2025-12-03 00:00:00+05:30,238.439131714419,238.74200222366053,234.0523544237178,234.5017852783203,11829802,0.0,0.0,ONGC.NS,1467
2025-12-04 00:00:00+05:30,234.97074300533836,237.12016054187865,234.17936783621036,236.6609649658203,10825420,0.0,0.0,ONGC.NS,1468
2025-12-05 00:00:00+05:30,237.12016488975587,237.60866956192592,235.37132472289798,235.6839599609375,7645591,0.0,0.0,ONGC.NS,1469
2025-12-08 00:00:00+05:30,235.68395708397486,236.43625844416778,232.23511533319206,233.03627014160156,5285903,0.0,0.0,ONGC.NS,1470
2025-12-09 00:00:00+05:30,232.23512824310123,234.67765170991547,231.38513484720352,234.325927734375,9026401,0.0,0.0,ONGC.NS,1471
2025-12-10 00:00:00+05:30,233.81788295557112,234.82420138550393,232.93856560271152,233.78855895996094,3492031,0.0,0.0,ONGC.NS,1472
2025-12-11 00:00:00+05:30,233.78856057999187,235.75235891273405,232.6650057917506,232.92880249023438,8868641,0.0,0.0,ONGC.NS,1473
2025-12-12 00:00:00+05:30,233.01673559362823,233.89603806663862,231.5707658949965,232.5477752685547,4252781,0.0,0.0,ONGC.NS,1474
2025-12-15 00:00:00+05:30,232.52823209800792,233.3000629475615,224.65353889206648,229.9391632080078,12334408,0.0,0.0,ONGC.NS,1475
2025-12-16 00:00:00+05:30,228.7862831727476,229.8903085352076,225.44491290478487,226.87135314941406,7238404,0.0,0.0,ONGC.NS,1476
2025-12-17 00:00:00+05:30,226.4219176473517,228.0535214785498,223.35410887403685,227.5552520751953,5848233,0.0,0.0,ONGC.NS,1477
2025-12-18 00:00:00+05:30,227.64317755863584,228.7472028898814,225.8943373892629,226.66616821289062,3964839,0.0,0.0,ONGC.NS,1478
2025-12-19 00:00:00+05:30,226.66616784641806,228.13168186266645,226.17766317433527,227.53570556640625,5070902,0.0,0.0,ONGC.NS,1479
2025-12-22 00:00:00+05:30,228.41501796089048,229.87076731397062,227.41847912018557,228.79605102539062,4614185,0.0,0.0,ONGC.NS,1480
2025-12-23 00:00:00+05:30,229.20640524608268,232.43052425590307,229.20640524608268,230.07594299316406,5810236,0.0,0.0,ONGC.NS,1481
2025-12-24 00:00:00+05:30,230.12477309077252,231.13110642503094,227.779956640953,228.39547729492188,4114036,0.0,0.0,ONGC.NS,1482
2025-12-26 00:00:00+05:30,228.46386165496023,229.8707574970251,227.6920308319277,229.13800048828125,3710774,0.0,0.0,ONGC.NS,1483
2025-12-29 00:00:00+05:30,229.13799988461315,233.52477719894176,228.62018612577006,229.4213409423828,12621499,0.0,0.0,ONGC.NS,1484
2025-12-30 00:00:00+05:30,229.54834259578686,230.18340761474056,227.946047866518,229.2845458984375,6236729,0.0,0.0,ONGC.NS,1485
2025-12-31 00:00:00+05:30,229.29432996007517,235.45925665996174,229.21616742201886,234.853515625,11514802,0.0,0.0,ONGC.NS,1486
2026-01-01 00:00:00+05:30,235.36154378697555,235.56672230766347,231.9517907351887,232.4696044921875,5840586,0.0,0.0,ONGC.NS,1487
2026-01-02 00:00:00+05:30,232.46961421511622,236.97362805231785,232.46961421511622,235.90869140625,5925943,0.0,0.0,ONGC.NS,1488
2026-01-05 00:00:00+05:30,241.12590780299902,241.12590780299902,230.28109817887704,232.61614990234375,21201434,0.0,0.0,ONGC.NS,1489
2026-01-06 00:00:00+05:30,232.6161577916805,236.78799198417764,232.6161577916805,236.32879638671875,10840459,0.0,0.0,ONGC.NS,1490
2026-01-07 00:00:00+05:30,234.68742775456045,236.12361781573415,232.6845555608174,233.56385803222656,8253161,0.0,0.0,ONGC.NS,1491
2026-01-08 00:00:00+05:30,232.72362478069692,233.39776361918936,225.6891604243898,226.09950256347656,9218488,0.0,0.0,ONGC.NS,1492
2026-01-09 00:00:00+05:30,226.94949481657642,232.77247708835003,226.66616866525584,228.70811462402344,12706408,0.0,0.0,ONGC.NS,1493
2026-01-12 00:00:00+05:30,228.70811302626356,230.7305295176939,226.33398748378042,230.29087829589844,9807980,0.0,0.0,ONGC.NS,1494
2026-01-13 00:00:00+05:30,232.52822588065396,238.5368274349664,230.3788082868825,238.1753387451172,22527192,0.0,0.0,ONGC.NS,1495
2026-01-14 00:00:00+05:30,238.38051543138516,245.22934557232938,237.9799380220571,242.5230255126953,33094088,0.0,0.0,ONGC.NS,1496
2026-01-15 00:00:00+05:30,242.5230255126953,242.5230255126953,242.5230255126953,242.5230255126953,0,0.0,0.0,ONGC.NS,1497
2026-01-16 00:00:00+05:30,241.2235995447885,242.08337253262428,236.82705752459444,241.48739624023438,12287680,0.0,0.0,ONGC.NS,1498
2026-01-19 00:00:00+05:30,239.36729909266347,242.29832724481855,236.72937673731994,237.520751953125,6459249,0.0,0.0,ONGC.NS,1499
2026-01-20 00:00:00+05:30,237.52074792215913,239.69947463738478,234.19892203595015,234.86328125,6496057,0.0,0.0,ONGC.NS,1500
2026-01-21 00:00:00+05:30,234.48225253652112,238.86903004459805,234.00351257071955,236.79776000976562,9610477,0.0,0.0,ONGC.NS,1501
2026-01-22 00:00:00+05:30,238.97650179949548,240.8035045809201,236.99317393838206,238.40005493164062,10746306,0.0,0.0,ONGC.NS,1502
2026-01-23 00:00:00+05:30,239.6604025048917,240.6374118792223,235.99661735115197,239.8264923095703,8080247,0.0,0.0,ONGC.NS,1503
2026-01-27 00:00:00+05:30,240.9305122614502,243.26556401733228,240.23682906174545,242.2494659423828,15915509,0.0,0.0,ONGC.NS,1504
2026-01-28 00:00:00+05:30,243.4707207877218,263.4505585006787,243.4707207877218,262.4051513671875,73427983,0.0,0.0,ONGC.NS,1505
2026-01-29 00:00:00+05:30,263.7925294603933,271.3838815188969,262.8252997268123,269.0586242675781,48267023,0.0,0.0,ONGC.NS,1506
2026-01-30 00:00:00+05:30,267.5931070111898,270.14308712044925,261.84828722339125,262.77642822265625,24420043,0.0,0.0,ONGC.NS,1507
2026-02-02 00:00:00+05:30,245.81556341492188,251.09140804886562,241.9075259355621,248.1115264892578,17015974,0.0,0.0,ONGC.NS,1508
2026-02-03 00:00:00+05:30,253.72933728841463,255.97644684194125,243.6172846656271,251.09140014648438,19213406,0.0,0.0,ONGC.NS,1509
2026-02-04 00:00:00+05:30,252.11724569752343,263.79251911821297,252.11724569752343,260.8126525878906,26628393,0.0,0.0,ONGC.NS,1510
2026-02-05 00:00:00+05:30,261.8385021628709,264.23218696350455,259.8844834900137,263.01092529296875,15268335,0.0,0.0,ONGC.NS,1511
2026-02-06 00:00:00+05:30,261.8385222480453,263.7437025266077,258.61440311689785,262.7666931152344,10013728,0.0,0.0,ONGC.NS,1512
2026-02-09 00:00:00+05:30,263.2551857832825,264.6718314754195,259.64023920011437,260.470703125,10824044,0.0,0.0,ONGC.NS,1513
2026-02-10 00:00:00+05:30,261.1057569228592,266.77239940303303,260.861504577749,265.8930969238281,13459684,0.0,0.0,ONGC.NS,1514
2026-02-11 00:00:00+05:30,266.0396342853192,268.77527835702017,260.2264465378781,268.2867736816406,18388416,0.0,0.0,ONGC.NS,1515
2026-02-12 00:00:00+05:30,269.6545922631895,273.8557207235144,267.16323023931596,269.9965515136719,22753270,0.0,0.0,ONGC.NS,1516
2026-02-13 00:00:00+05:30,263.79251903896335,265.1114875973499,259.8844817198676,261.2522888183594,20748628,0.0,0.0,ONGC.NS,1517
2026-02-16 00:00:00+05:30,261.4965541532367,265.9419647143231,259.5425353965288,265.306884765625,13247757,0.0,0.0,ONGC.NS,1518
2026-02-17 00:00:00+05:30,266.72356092811606,266.72356092811606,261.9362209259316,265.6000061035156,21292868,0.0,0.0,ONGC.NS,1519
2026-02-18 00:00:00+05:30,265.0,266.1000061035156,262.54998779296875,264.6000061035156,11621040,6.25,0.0,ONGC.NS,1520
2026-02-19 00:00:00+05:30,270.29998779296875,276.45001220703125,267.8500061035156,274.6499938964844,37728943,0.0,0.0,ONGC.NS,1521
2026-02-20 00:00:00+05:30,277.3999938964844,280.79998779296875,274.3500061035156,278.6499938964844,31971956,0.0,0.0,ONGC.NS,1522
2026-02-23 00:00:00+05:30,279.8999938964844,279.8999938964844,272.20001220703125,275.6499938964844,13113050,0.0,0.0,ONGC.NS,1523
2026-02-24 00:00:00+05:30,275.6499938964844,278.1499938964844,273.29998779296875,276.5,16311581,0.0,0.0,ONGC.NS,1524
2026-02-25 00:00:00+05:30,276.5,278.95001220703125,274.0,277.45001220703125,7573116,0.0,0.0,ONGC.NS,1525
2026-02-26 00:00:00+05:30,277.3999938964844,281.04998779296875,275.6000061035156,280.1000061035156,13301761,0.0,0.0,ONGC.NS,1526
2026-02-27 00:00:00+05:30,278.5,282.5,277.0,279.70001220703125,18554482,0.0,0.0,ONGC.NS,1527
2026-03-02 00:00:00+05:30,288.0,293.0,277.6499938964844,282.20001220703125,65843426,0.0,0.0,ONGC.NS,1528
2026-03-04 00:00:00+05:30,287.0,288.3500061035156,275.1000061035156,276.95001220703125,53722773,0.0,0.0,ONGC.NS,1529
2026-03-05 00:00:00+05:30,278.0,287.6499938964844,275.3500061035156,276.3500061035156,40569479,0.0,0.0,ONGC.NS,1530
2026-03-06 00:00:00+05:30,279.95001220703125,280.95001220703125,271.1499938964844,278.95001220703125,30725344,0.0,0.0,ONGC.NS,1531
2026-03-09 00:00:00+05:30,289.0,289.0,267.6000061035156,270.79998779296875,56512457,0.0,0.0,ONGC.NS,1532
2026-03-10 00:00:00+05:30,270.8500061035156,270.8999938964844,265.3500061035156,269.20001220703125,18476370,0.0,0.0,ONGC.NS,1533
2026-03-11 00:00:00+05:30,268.0,272.3999938964844,268.0,270.75,16130216,0.0,0.0,ONGC.NS,1534
2026-03-12 00:00:00+05:30,271.6000061035156,273.0,267.75,270.54998779296875,20059801,0.0,0.0,ONGC.NS,1535
2026-03-13 00:00:00+05:30,270.54998779296875,271.29998779296875,263.45001220703125,264.1000061035156,18411729,0.0,0.0,ONGC.NS,1536
2026-03-16 00:00:00+05:30,264.04998779296875,266.0,258.3500061035156,260.45001220703125,21725887,0.0,0.0,ONGC.NS,1537
2026-03-17 00:00:00+05:30,260.6499938964844,265.3999938964844,259.1499938964844,264.75,15662659,0.0,0.0,ONGC.NS,1538
2026-03-18 00:00:00+05:30,265.1499938964844,266.6499938964844,263.0,265.0,8780857,0.0,0.0,ONGC.NS,1539
2026-03-19 00:00:00+05:30,265.0,271.5,262.5,269.1000061035156,28685305,0.0,0.0,ONGC.NS,1540
2026-03-20 00:00:00+05:30,269.0,273.04998779296875,264.0,265.3999938964844,19436124,0.0,0.0,ONGC.NS,1541
2026-03-23 00:00:00+05:30,267.29998779296875,269.70001220703125,263.8999938964844,265.45001220703125,23991581,0.0,0.0,ONGC.NS,1542
2026-03-24 00:00:00+05:30,268.54998779296875,273.29998779296875,266.8500061035156,268.04998779296875,18567283,0.0,0.0,ONGC.NS,1543
2026-03-25 00:00:00+05:30,267.3500061035156,271.5,266.3999938964844,270.20001220703125,13380625,0.0,0.0,ONGC.NS,1544
2026-03-27 00:00:00+05:30,270.5,285.0,269.70001220703125,281.95001220703125,60048871,0.0,0.0,ONGC.NS,1545
2026-03-30 00:00:00+05:30,282.75,288.3500061035156,281.95001220703125,284.6499938964844,44866906,0.0,0.0,ONGC.NS,1546
2026-04-01 00:00:00+05:30,290.0,293.0,282.79998779296875,288.04998779296875,31626297,0.0,0.0,ONGC.NS,1547
2026-04-02 00:00:00+05:30,288.5,288.79998779296875,283.5,287.20001220703125,20935809,0.0,0.0,ONGC.NS,1548
2026-04-06 00:00:00+05:30,287.29998779296875,288.5,280.45001220703125,281.8500061035156,24449779,0.0,0.0,ONGC.NS,1549
2026-04-07 00:00:00+05:30,281.8500061035156,287.54998779296875,280.0,286.6499938964844,22891122,0.0,0.0,ONGC.NS,1550
2026-04-08 00:00:00+05:30,280.0,287.8500061035156,274.75,285.5,42071040,0.0,0.0,ONGC.NS,1551
2026-04-09 00:00:00+05:30,284.8999938964844,289.79998779296875,284.8999938964844,288.6000061035156,13585661,0.0,0.0,ONGC.NS,1552
2026-04-10 00:00:00+05:30,288.6000061035156,291.8500061035156,284.54998779296875,286.5,12889209,0.0,0.0,ONGC.NS,1553
2026-04-13 00:00:00+05:30,287.20001220703125,290.29998779296875,281.0,287.54998779296875,23986567,0.0,0.0,ONGC.NS,1554
2026-04-15 00:00:00+05:30,284.04998779296875,289.79998779296875,283.3500061035156,287.6000061035156,16529148,0.0,0.0,ONGC.NS,1555
2026-04-16 00:00:00+05:30,288.0,288.1000061035156,282.0,282.75,13626398,0.0,0.0,ONGC.NS,1556
2026-04-17 00:00:00+05:30,283.3999938964844,285.5,282.20001220703125,284.04998779296875,17846605,0.0,0.0,ONGC.NS,1557
2026-04-20 00:00:00+05:30,284.0,285.20001220703125,282.5,283.3500061035156,11057036,0.0,0.0,ONGC.NS,1558
2026-04-21 00:00:00+05:30,283.1499938964844,284.8500061035156,282.3999938964844,283.1000061035156,13645673,0.0,0.0,ONGC.NS,1559
2026-04-22 00:00:00+05:30,283.1000061035156,285.04998779296875,282.6000061035156,283.6499938964844,7395183,0.0,0.0,ONGC.NS,1560
2026-04-23 00:00:00+05:30,284.8500061035156,289.79998779296875,284.04998779296875,286.25,13525025,0.0,0.0,ONGC.NS,1561
2026-04-24 00:00:00+05:30,288.79998779296875,288.79998779296875,283.8999938964844,284.79998779296875,11789941,0.0,0.0,ONGC.NS,1562
2026-04-27 00:00:00+05:30,286.0,286.70001220703125,284.20001220703125,285.8999938964844,6497916,0.0,0.0,ONGC.NS,1563
2026-04-28 00:00:00+05:30,286.25,302.3999938964844,286.0,301.29998779296875,51575179,0.0,0.0,ONGC.NS,1564
2026-04-29 00:00:00+05:30,303.8999938964844,307.5,299.75,301.3999938964844,27267649,0.0,0.0,ONGC.NS,1565
2026-04-30 00:00:00+05:30,304.8999938964844,307.45001220703125,296.8999938964844,299.54998779296875,17490096,0.0,0.0,ONGC.NS,1566
2026-05-01 00:00:00+05:30,299.54998779296875,299.54998779296875,299.54998779296875,299.54998779296875,0,0.0,0.0,ONGC.NS,1567
2026-05-04 00:00:00+05:30,298.3999938964844,299.8999938964844,292.3500061035156,292.8999938964844,15468437,0.0,0.0,ONGC.NS,1568
2026-05-05 00:00:00+05:30,294.3500061035156,295.8999938964844,287.0,289.95001220703125,10750753,0.0,0.0,ONGC.NS,1569
2026-05-06 00:00:00+05:30,289.95001220703125,290.25,280.0,280.79998779296875,22858013,0.0,0.0,ONGC.NS,1570
2026-05-07 00:00:00+05:30,282.0,285.20001220703125,279.70001220703125,283.8999938964844,15608370,0.0,0.0,ONGC.NS,1571
2026-05-08 00:00:00+05:30,283.6000061035156,284.0,278.6000061035156,279.20001220703125,9290168,0.0,0.0,ONGC.NS,1572
2026-05-11 00:00:00+05:30,280.70001220703125,281.79998779296875,277.6499938964844,281.0,6948202,0.0,0.0,ONGC.NS,1573
2026-05-12 00:00:00+05:30,286.8999938964844,299.8999938964844,286.8500061035156,294.5,52080828,0.0,0.0,ONGC.NS,1574
2026-05-13 00:00:00+05:30,297.0,300.20001220703125,294.1000061035156,297.1499938964844,24381295,0.0,0.0,ONGC.NS,1575
2026-05-14 00:00:00+05:30,300.0,303.70001220703125,298.70001220703125,300.8999938964844,22660293,0.0,0.0,ONGC.NS,1576
2026-05-15 00:00:00+05:30,303.0,304.95001220703125,298.54998779296875,299.3500061035156,13695307,0.0,0.0,ONGC.NS,1577
2026-05-18 00:00:00+05:30,299.3500061035156,300.70001220703125,295.1000061035156,297.20001220703125,10521642,0.0,0.0,ONGC.NS,1578
2026-05-19 00:00:00+05:30,295.1000061035156,298.5,293.6499938964844,296.5,9565497,0.0,0.0,ONGC.NS,1579
2026-05-20 00:00:00+05:30,294.79998779296875,301.75,293.8500061035156,298.29998779296875,12258794,0.0,0.0,ONGC.NS,1580
2026-05-21 00:00:00+05:30,296.6499938964844,299.6000061035156,294.1499938964844,295.8500061035156,14084672,0.0,0.0,ONGC.NS,1581
2026-05-22 00:00:00+05:30,295.79998779296875,296.79998779296875,289.3999938964844,290.0,11563330,0.0,0.0,ONGC.NS,1582
2026-05-25 00:00:00+05:30,289.95001220703125,289.95001220703125,284.29998779296875,284.95001220703125,12837047,0.0,0.0,ONGC.NS,1583
2026-05-26 00:00:00+05:30,285.1000061035156,289.6499938964844,284.0,287.5,10629491,0.0,0.0,ONGC.NS,1584
2026-05-27 00:00:00+05:30,284.20001220703125,284.20001220703125,272.45001220703125,274.04998779296875,29178516,0.0,0.0,ONGC.NS,1585
2026-05-28 00:00:00+05:30,274.04998779296875,274.04998779296875,274.04998779296875,274.04998779296875,0,0.0,0.0,ONGC.NS,1586
2026-05-29 00:00:00+05:30,275.95001220703125,276.04998779296875,261.54998779296875,265.3999938964844,74403401,0.0,0.0,ONGC.NS,1587
