Date,Open,High,Low,Close,Volume,Dividends,Stock Splits,Symbol,time_idx
2020-01-01 00:00:00+05:30,74.74261174413519,76.84113220132026,74.62493456736155,76.68423461914062,13620373,0.0,0.0,POWERGRID.NS,0
2020-01-02 00:00:00+05:30,76.7038415888389,77.15492411366203,76.23314354195433,76.52732849121094,5673692,0.0,0.0,POWERGRID.NS,1
2020-01-03 00:00:00+05:30,76.19392151959528,76.40965501639324,75.01717642738174,75.70361328125,7358268,0.0,0.0,POWERGRID.NS,2
2020-01-06 00:00:00+05:30,75.31137657768939,76.07625433781266,73.74238468881741,75.74284362792969,7355290,0.0,0.0,POWERGRID.NS,3
2020-01-07 00:00:00+05:30,75.76243173356353,76.29196557289288,74.97793873313003,75.19367218017578,14023712,0.0,0.0,POWERGRID.NS,4
2020-01-08 00:00:00+05:30,74.64453784950013,74.89949704375512,74.0757782221599,74.74259948730469,9451757,0.0,0.0,POWERGRID.NS,5
2020-01-09 00:00:00+05:30,75.29173633572127,75.86049590822455,74.97794125307495,75.6839828491211,7714854,0.0,0.0,POWERGRID.NS,6
2020-01-10 00:00:00+05:30,75.97816580430413,75.97816580430413,74.91909811695169,75.37018585205078,4118638,0.0,0.0,POWERGRID.NS,7
2020-01-13 00:00:00+05:30,75.46823937859692,76.48808124211868,75.23289043775603,76.40962982177734,27682638,0.0,0.0,POWERGRID.NS,8
2020-01-14 00:00:00+05:30,76.40963806832018,77.01761802094111,76.19390461937307,76.58615112304688,5994314,0.0,0.0,POWERGRID.NS,9
2020-01-15 00:00:00+05:30,76.6449834561396,76.80188098624711,75.66436724273835,76.19390106201172,7114590,0.0,0.0,POWERGRID.NS,10
2020-01-16 00:00:00+05:30,76.13506623649103,77.54715476659092,76.13506623649103,77.05684661865234,8552344,0.0,0.0,POWERGRID.NS,11
2020-01-17 00:00:00+05:30,76.86072951054277,77.60599689101542,75.95856457421024,77.42948913574219,4698386,0.0,0.0,POWERGRID.NS,12
2020-01-20 00:00:00+05:30,80.175208024397,82.76403609200915,79.72412559538654,80.27326965332031,49337827,0.0,0.0,POWERGRID.NS,13
2020-01-21 00:00:00+05:30,79.88103232661902,80.1359915271117,78.05708688286747,78.68467712402344,17283910,0.0,0.0,POWERGRID.NS,14
2020-01-22 00:00:00+05:30,78.64546145531706,79.37111338033117,75.72322227337479,78.46894836425781,56787054,0.0,0.0,POWERGRID.NS,15
2020-01-23 00:00:00+05:30,77.1745241669553,81.35194854504424,76.05662051981443,79.21420288085938,226059260,0.0,0.0,POWERGRID.NS,16
2020-01-24 00:00:00+05:30,77.05686741056175,77.7236887997572,76.19392802945713,77.25299072265625,16151679,0.0,0.0,POWERGRID.NS,17
2020-01-27 00:00:00+05:30,77.03725062551217,77.05686082697204,75.4290385397027,75.70361328125,8213919,0.0,0.0,POWERGRID.NS,18
2020-01-28 00:00:00+05:30,75.70360870792994,75.70360870792994,74.17384284055925,74.70337677001953,9174575,0.0,0.0,POWERGRID.NS,19
2020-01-29 00:00:00+05:30,74.70337121257246,76.01739817823817,74.23267323913919,75.46825408935547,17600091,0.0,0.0,POWERGRID.NS,20
2020-01-30 00:00:00+05:30,75.46824596152624,76.5861495378954,75.075999465971,76.25273895263672,26386034,0.0,0.0,POWERGRID.NS,21
2020-01-31 00:00:00+05:30,76.6057680281595,76.68421946383737,72.60485121227188,73.2912826538086,63986362,0.0,0.0,POWERGRID.NS,22
2020-02-03 00:00:00+05:30,70.95741164200628,74.13460957524417,69.60416431575327,73.4874038696289,16329297,0.0,0.0,POWERGRID.NS,23
2020-02-04 00:00:00+05:30,73.87965958307709,76.60577541320288,73.74237221749797,76.23313903808594,14207381,0.0,0.0,POWERGRID.NS,24
2020-02-05 00:00:00+05:30,76.13506735176415,76.76266285435572,73.7423624907373,74.27189636230469,14550344,0.0,0.0,POWERGRID.NS,25
2020-02-06 00:00:00+05:30,74.50725343470948,75.99779358030857,73.99733502606361,75.66438293457031,9175642,0.0,0.0,POWERGRID.NS,26
2020-02-07 00:00:00+05:30,75.62515223070982,75.62515223070982,73.95810443204955,74.68376159667969,18058457,0.0,0.0,POWERGRID.NS,27
2020-02-10 00:00:00+05:30,74.80143393837777,74.95833149174995,72.46756487634487,73.19322204589844,30471811,0.0,0.0,POWERGRID.NS,28
2020-02-11 00:00:00+05:30,73.93848771840527,74.99755548969485,73.78159016863233,74.33073425292969,32456571,0.0,0.0,POWERGRID.NS,29
2020-02-12 00:00:00+05:30,74.54647105724598,75.27212819086174,73.95810127110089,74.27189636230469,16386952,0.0,0.0,POWERGRID.NS,30
2020-02-13 00:00:00+05:30,74.05616802267272,74.97794848207252,73.62469575229575,74.74259948730469,18581113,0.0,0.0,POWERGRID.NS,31
2020-02-14 00:00:00+05:30,74.72296945480352,75.07599553848206,71.93801841801515,72.21259307861328,23830630,0.0,0.0,POWERGRID.NS,32
2020-02-17 00:00:00+05:30,72.5656158792219,72.87941626016948,70.82012220842338,72.01647186279297,17670292,0.0,0.0,POWERGRID.NS,33
2020-02-18 00:00:00+05:30,71.62422986094951,73.09515427571597,70.93779846739183,72.56562042236328,30879880,0.0,0.0,POWERGRID.NS,34
2020-02-19 00:00:00+05:30,72.95785681713753,73.72273953483626,71.78111744848287,73.54622650146484,22313738,0.0,0.0,POWERGRID.NS,35
2020-02-20 00:00:00+05:30,73.54624220011694,74.8014332560125,72.91865199235333,74.23267364501953,25907657,0.0,0.0,POWERGRID.NS,36
2020-02-24 00:00:00+05:30,74.13459927772762,74.21305070031647,72.58522890315584,72.99708557128906,14921452,0.0,0.0,POWERGRID.NS,37
2020-02-25 00:00:00+05:30,72.99708522898203,73.62468064619995,72.70290037592832,73.0167007446289,17807428,0.0,0.0,POWERGRID.NS,38
2020-02-26 00:00:00+05:30,72.5656295820324,73.89927214257472,72.15377282198428,72.89904022216797,17113656,0.0,0.0,POWERGRID.NS,39
2020-02-27 00:00:00+05:30,72.60484269761429,73.62468464090476,71.11430815600914,73.1343765258789,28472046,0.0,0.0,POWERGRID.NS,40
2020-02-28 00:00:00+05:30,71.9576394660292,72.68329656467046,70.27097630159496,71.19275665283203,28010970,0.0,0.0,POWERGRID.NS,41
2020-03-02 00:00:00+05:30,72.07531077110039,73.42856333235153,71.29081776635972,71.97724914550781,19540018,0.0,0.0,POWERGRID.NS,42
2020-03-03 00:00:00+05:30,72.09492589250017,76.37041168082604,71.40849451712086,75.19367218017578,16039306,0.0,0.0,POWERGRID.NS,43
2020-03-04 00:00:00+05:30,74.80142425867129,77.66482684795679,73.95809536326593,77.29219055175781,16939245,0.0,0.0,POWERGRID.NS,44
2020-03-05 00:00:00+05:30,76.89996638632307,78.27282950959672,76.31159647634865,76.8607406616211,9715265,0.0,0.0,POWERGRID.NS,45
2020-03-06 00:00:00+05:30,74.7229813134846,75.54670010582147,73.80120620701045,74.76220703125,14371982,0.0,0.0,POWERGRID.NS,46
2020-03-09 00:00:00+05:30,72.52639602308786,73.97770484008346,69.80028079682941,70.97702026367188,69609292,0.0,0.0,POWERGRID.NS,47
2020-03-11 00:00:00+05:30,70.40825905884219,72.1341425052929,69.5257044796157,71.15352630615234,42604599,0.0,0.0,POWERGRID.NS,48
2020-03-12 00:00:00+05:30,69.11386754336668,69.7806835571187,64.6226419405098,65.15217590332031,58418097,0.0,0.0,POWERGRID.NS,49
2020-03-13 00:00:00+05:30,63.85776411816879,67.70178421936924,58.64088615533606,65.85822296142578,44617540,0.0,0.0,POWERGRID.NS,50
2020-03-16 00:00:00+05:30,66.04529026714032,66.24863163050969,63.03583919247096,64.23554992675781,39669086,3.352501,0.0,POWERGRID.NS,51
2020-03-17 00:00:00+05:30,63.66618383530358,69.2784077709804,63.34083991844688,65.88260650634766,35460792,0.0,0.0,POWERGRID.NS,52
2020-03-18 00:00:00+05:30,66.69597352683087,67.06198682168831,49.676297398099635,58.623321533203125,119909061,0.0,0.0,POWERGRID.NS,53
2020-03-19 00:00:00+05:30,59.131666340578484,61.7751032788372,56.976245219791394,59.843360900878906,44039786,0.0,0.0,POWERGRID.NS,54
2020-03-20 00:00:00+05:30,60.290729845141996,65.82161594558498,60.290729845141996,63.95087432861328,131485883,0.0,0.0,POWERGRID.NS,55
2020-03-23 00:00:00+05:30,57.56593964459202,63.3815044648393,57.56593964459202,62.22245788574219,39665620,0.0,0.0,POWERGRID.NS,56
2020-03-24 00:00:00+05:30,61.836115900989114,63.93053060200765,59.131677179325166,59.90437316894531,42302851,0.0,0.0,POWERGRID.NS,57
2020-03-25 00:00:00+05:30,60.39239692602707,63.828862398890415,60.331390108815114,61.10409164428711,23309603,0.0,0.0,POWERGRID.NS,58
2020-03-26 00:00:00+05:30,61.24643291863355,65.76060652356603,59.88404475603346,64.39822387695312,25329120,0.0,0.0,POWERGRID.NS,59
2020-03-27 00:00:00+05:30,64.49989730702842,67.61101902455852,63.706863793389154,65.06925201416016,28883749,0.0,0.0,POWERGRID.NS,60
2020-03-30 00:00:00+05:30,63.035809281202276,65.02855259344345,62.242776133970686,63.30015182495117,22364337,0.0,0.0,POWERGRID.NS,61
2020-03-31 00:00:00+05:30,64.41855173013023,65.80127173406827,63.60518637299176,64.70323181152344,24838523,0.0,0.0,POWERGRID.NS,62
2020-04-01 00:00:00+05:30,64.66256404276548,65.86227466468067,62.28346921098565,62.87316131591797,14182117,0.0,0.0,POWERGRID.NS,63
2020-04-03 00:00:00+05:30,62.85281660245028,65.25224308475431,61.71410741233573,63.523841857910156,21066826,0.0,0.0,POWERGRID.NS,64
2020-04-07 00:00:00+05:30,65.47593812064044,65.84195148586159,63.60519640108068,64.25588989257812,24741992,0.0,0.0,POWERGRID.NS,65
2020-04-08 00:00:00+05:30,64.21521445362356,66.16728922786533,63.13750639042786,64.39822387695312,21481260,0.0,0.0,POWERGRID.NS,66
2020-04-09 00:00:00+05:30,65.43525578374191,67.79401853376945,64.39821720166921,66.87898254394531,15607786,0.0,0.0,POWERGRID.NS,67
2020-04-13 00:00:00+05:30,66.69598031685922,67.0619936489789,63.95087205198082,65.04891204833984,14901247,0.0,0.0,POWERGRID.NS,68
2020-04-15 00:00:00+05:30,65.65892639245119,66.65530108089905,64.43887845524307,64.88623046875,25249654,0.0,0.0,POWERGRID.NS,69
2020-04-16 00:00:00+05:30,64.33719841722672,67.7940059181701,64.05252391629215,66.45195007324219,31150756,0.0,0.0,POWERGRID.NS,70
2020-04-17 00:00:00+05:30,68.18036944555217,70.45779364689702,66.79764938201724,68.22103881835938,18536308,0.0,0.0,POWERGRID.NS,71
2020-04-20 00:00:00+05:30,68.81073567079076,68.81073567079076,65.94361915634688,67.3060073852539,24177042,0.0,0.0,POWERGRID.NS,72
2020-04-21 00:00:00+05:30,66.69597245956044,67.50933777555557,65.94360843906763,66.1469497680664,13915863,0.0,0.0,POWERGRID.NS,73
2020-04-22 00:00:00+05:30,65.06925242709426,66.18762991876685,63.6865322678602,65.96395111083984,19702407,0.0,0.0,POWERGRID.NS,74
2020-04-23 00:00:00+05:30,65.67927949198415,65.84195148586159,64.0932178987007,64.25588989257812,32128585,0.0,0.0,POWERGRID.NS,75
2020-04-24 00:00:00+05:30,63.849197486698905,65.10991490142551,63.34084413527583,64.72356414794922,33134279,0.0,0.0,POWERGRID.NS,76
2020-04-27 00:00:00+05:30,65.67926638831838,65.67926638831838,64.11353703815276,64.90657043457031,9762001,0.0,0.0,POWERGRID.NS,77
2020-04-28 00:00:00+05:30,65.08957728954195,65.23191733076987,63.767858579258146,63.9305305480957,26134701,0.0,0.0,POWERGRID.NS,78
2020-04-29 00:00:00+05:30,64.86590671662846,65.31325878650634,63.442517277190625,64.27621459960938,14509262,0.0,0.0,POWERGRID.NS,79
2020-04-30 00:00:00+05:30,64.9065696437078,66.47229345880903,63.93052685509072,65.90293884277344,18702868,0.0,0.0,POWERGRID.NS,80
2020-05-04 00:00:00+05:30,65.43524815677884,65.67925882882135,64.09319773452401,64.6828842163086,12598146,0.0,0.0,POWERGRID.NS,81
2020-05-05 00:00:00+05:30,65.65893055975491,67.44833872735448,65.1505772203202,66.55363464355469,18305545,0.0,0.0,POWERGRID.NS,82
2020-05-06 00:00:00+05:30,66.24861328885814,67.77367309189906,66.16727455963489,67.26531982421875,12853774,0.0,0.0,POWERGRID.NS,83
2020-05-07 00:00:00+05:30,66.55363315022993,67.10265584769785,65.47592519800723,65.78093719482422,8561359,0.0,0.0,POWERGRID.NS,84
2020-05-08 00:00:00+05:30,66.12662599109295,66.12662599109295,64.29655380456342,64.66256713867188,30898767,0.0,0.0,POWERGRID.NS,85
2020-05-11 00:00:00+05:30,64.78456386979875,66.04528125383429,64.39821864171458,64.58122253417969,9453421,0.0,0.0,POWERGRID.NS,86
2020-05-12 00:00:00+05:30,64.45921845906128,67.1026557614093,64.13386901994956,66.41129302978516,19986028,0.0,0.0,POWERGRID.NS,87
2020-05-13 00:00:00+05:30,69.72576174433726,69.90876563419403,65.90294027639577,67.773681640625,27175817,0.0,0.0,POWERGRID.NS,88
2020-05-14 00:00:00+05:30,66.69598690846793,66.69598690846793,65.06925592406537,65.39459991455078,26454121,0.0,0.0,POWERGRID.NS,89
2020-05-15 00:00:00+05:30,64.74388149395469,65.78092540688623,64.35753634347817,64.9878921508789,20009870,0.0,0.0,POWERGRID.NS,90
2020-05-18 00:00:00+05:30,65.00823450607848,65.15056901039456,62.344460033523156,62.832481384277344,32898286,0.0,0.0,POWERGRID.NS,91
2020-05-19 00:00:00+05:30,63.03583458020838,64.78456797083717,62.62915188322614,64.27621459960938,12276533,0.0,0.0,POWERGRID.NS,92
2020-05-20 00:00:00+05:30,63.544189898619784,65.33359271697687,63.34084854389768,64.43888854980469,24677051,0.0,0.0,POWERGRID.NS,93
2020-05-21 00:00:00+05:30,64.07286453757177,65.0082379230177,63.849191291044676,64.62188720703125,17176100,0.0,0.0,POWERGRID.NS,94
2020-05-22 00:00:00+05:30,63.84919565492687,64.255878324398,62.66981701665795,63.38151168823242,25080927,0.0,0.0,POWERGRID.NS,95
2020-05-26 00:00:00+05:30,63.50350242404873,64.54054083114909,63.23915984145312,63.99152374267578,18512685,0.0,0.0,POWERGRID.NS,96
2020-05-27 00:00:00+05:30,63.99154077311408,64.21521405268727,63.34084734710045,63.91020202636719,22655078,0.0,0.0,POWERGRID.NS,97
2020-05-28 00:00:00+05:30,64.39822642423503,64.39822642423503,63.46285285775547,63.95087432861328,25797051,0.0,0.0,POWERGRID.NS,98
2020-05-29 00:00:00+05:30,63.95086575380586,64.52022038280683,63.68652312419683,64.07286834716797,63844851,0.0,0.0,POWERGRID.NS,99
2020-06-01 00:00:00+05:30,64.47955438427213,65.49626110206945,64.13387299702366,64.6015625,45314328,0.0,0.0,POWERGRID.NS,100
2020-06-02 00:00:00+05:30,65.0082541438405,68.4650574606236,64.49990071490181,67.12300109863281,43626060,0.0,0.0,POWERGRID.NS,101
2020-06-03 00:00:00+05:30,67.30599795695922,68.11936329120694,66.6349726594022,66.91964721679688,13811685,0.0,0.0,POWERGRID.NS,102
2020-06-04 00:00:00+05:30,67.18399961714944,69.11574240830119,67.14333024466463,68.83106231689453,23992166,0.0,0.0,POWERGRID.NS,103
2020-06-05 00:00:00+05:30,67.9160213545489,70.8848081077822,66.9196466225486,69.72576141357422,22851633,0.0,0.0,POWERGRID.NS,104
2020-06-08 00:00:00+05:30,70.53913369336577,71.12882030399003,69.4817575608145,70.09178161621094,11723588,0.0,0.0,POWERGRID.NS,105
2020-06-09 00:00:00+05:30,70.76280636200534,70.78314380660166,69.13607556168249,69.35974884033203,8412588,0.0,0.0,POWERGRID.NS,106
2020-06-10 00:00:00+05:30,69.35972861986174,69.64440863332023,68.56670089548834,69.15638732910156,10101681,0.0,0.0,POWERGRID.NS,107
2020-06-11 00:00:00+05:30,68.3430315116242,72.51153405821515,68.26169829378954,69.5427474975586,22109491,0.0,0.0,POWERGRID.NS,108
2020-06-12 00:00:00+05:30,67.52967698079198,68.89206513512704,67.34667307455982,67.63134765625,20331770,0.0,0.0,POWERGRID.NS,109
2020-06-15 00:00:00+05:30,67.18400180609119,67.50934576459574,66.12662566697055,66.3909683227539,13833335,0.0,0.0,POWERGRID.NS,110
2020-06-16 00:00:00+05:30,67.38733560202995,67.61100885891969,65.65892877884588,66.16728210449219,13972830,0.0,0.0,POWERGRID.NS,111
2020-06-17 00:00:00+05:30,65.41492849775986,65.80127374461323,64.3982217702715,64.86590576171875,28371013,0.0,0.0,POWERGRID.NS,112
2020-06-18 00:00:00+05:30,65.35392660507559,67.63135094942773,64.86591064870633,67.28567504882812,19720997,0.0,0.0,POWERGRID.NS,113
2020-06-19 00:00:00+05:30,67.44833495335149,70.07144024445608,67.12298552472582,69.7054214477539,21577413,0.0,0.0,POWERGRID.NS,114
2020-06-22 00:00:00+05:30,71.7388483472248,73.10123658320711,69.40042267154939,72.63355255126953,33039735,0.0,0.0,POWERGRID.NS,115
2020-06-23 00:00:00+05:30,73.8129246948038,76.86304486616095,72.816555415086,76.2326889038086,34298071,0.0,0.0,POWERGRID.NS,116
2020-06-24 00:00:00+05:30,75.94800462294134,76.61903543639318,71.98284861902665,72.5928726196289,32910525,0.0,0.0,POWERGRID.NS,117
2020-06-25 00:00:00+05:30,72.55220212233935,74.54495157279752,70.90513955270157,72.93855285644531,40909792,0.0,0.0,POWERGRID.NS,118
2020-06-26 00:00:00+05:30,73.58925054533997,74.05693452951274,72.45053571867261,72.87755584716797,11954078,0.0,0.0,POWERGRID.NS,119
2020-06-29 00:00:00+05:30,72.38953263943766,73.32490610077356,72.04385126276976,72.49120330810547,7547198,0.0,0.0,POWERGRID.NS,120
2020-06-30 00:00:00+05:30,72.79620652434876,73.18255722503132,70.76279339651663,71.10847473144531,11889584,0.0,0.0,POWERGRID.NS,121
2020-07-01 00:00:00+05:30,71.1694794285613,71.33215138337684,69.9087621257648,70.53912353515625,15209917,0.0,0.0,POWERGRID.NS,122
2020-07-02 00:00:00+05:30,70.55945075115417,71.90150669976912,70.1934374982541,71.21014404296875,15481100,0.0,0.0,POWERGRID.NS,123
2020-07-03 00:00:00+05:30,71.57616666935849,72.95888664805177,71.21015336852595,72.22686004638672,22720042,0.0,0.0,POWERGRID.NS,124
2020-07-06 00:00:00+05:30,72.5522059663029,72.67421408058372,71.4948354051238,72.38953399658203,11724475,0.0,0.0,POWERGRID.NS,125
2020-07-07 00:00:00+05:30,72.59287491932255,72.59287491932255,69.82743490204638,70.39678955078125,20855578,0.0,0.0,POWERGRID.NS,126
2020-07-08 00:00:00+05:30,70.35612741510599,71.0271528028379,68.64805777725434,69.03440856933594,16818545,0.0,0.0,POWERGRID.NS,127
2020-07-09 00:00:00+05:30,69.33940600889278,70.1527712811618,68.93272337275828,69.76642608642578,16110083,0.0,0.0,POWERGRID.NS,128
2020-07-10 00:00:00+05:30,69.7867606468498,70.66112724435611,68.93272597552338,70.19344329833984,23809286,0.0,0.0,POWERGRID.NS,129
2020-07-13 00:00:00+05:30,70.19343145958132,70.84412469541739,68.40402919802129,68.7700424194336,10803798,0.0,0.0,POWERGRID.NS,130
2020-07-14 00:00:00+05:30,68.52603981081005,68.64804239360758,66.28928534228967,66.43162536621094,16288923,0.0,0.0,POWERGRID.NS,131
2020-07-15 00:00:00+05:30,67.1229786223728,67.63133188108841,66.32995084836797,66.51295471191406,15061461,0.0,0.0,POWERGRID.NS,132
2020-07-16 00:00:00+05:30,66.89932468619484,66.89932468619484,64.86591106497197,65.96395111083984,15458966,0.0,0.0,POWERGRID.NS,133
2020-07-17 00:00:00+05:30,65.740267740848,66.63497180342196,65.740267740848,66.41129302978516,13711930,0.0,0.0,POWERGRID.NS,134
2020-07-20 00:00:00+05:30,66.41128364820399,66.79763432882558,66.02493848356826,66.49262237548828,8390572,0.0,0.0,POWERGRID.NS,135
2020-07-21 00:00:00+05:30,66.73665045985767,70.9458176177171,66.73665045985767,70.62046813964844,33717545,0.0,0.0,POWERGRID.NS,136
2020-07-22 00:00:00+05:30,70.7627986040465,73.77224915151035,70.68146538253946,73.06055450439453,46076322,0.0,0.0,POWERGRID.NS,137
2020-07-23 00:00:00+05:30,72.3895364473767,74.23994602406074,72.16586317093626,73.91459655761719,18738194,0.0,0.0,POWERGRID.NS,138
2020-07-24 00:00:00+05:30,72.99955162310067,74.5246115480688,72.65387027024394,74.0162582397461,14438899,0.0,0.0,POWERGRID.NS,139
2020-07-27 00:00:00+05:30,73.73158616831194,73.8332568333847,72.6945420749779,73.56890869140625,11938756,0.0,0.0,POWERGRID.NS,140
2020-07-28 00:00:00+05:30,73.2842363332891,74.3619443121349,72.67421232458543,73.97559356689453,11893746,0.0,0.0,POWERGRID.NS,141
2020-07-29 00:00:00+05:30,73.73159265398058,75.03297397179355,73.40624318753703,73.91459655761719,13335993,0.0,0.0,POWERGRID.NS,142
2020-07-30 00:00:00+05:30,74.21959248429768,74.52460444020045,71.4134835931894,71.92183685302734,23995122,0.0,0.0,POWERGRID.NS,143
2020-07-31 00:00:00+05:30,71.82017293988729,72.93855021646719,71.65750098467295,72.51153564453125,14354565,0.0,0.0,POWERGRID.NS,144
2020-08-03 00:00:00+05:30,72.79623177964129,72.99957316297,70.80348732621756,72.61322784423828,12500988,0.0,0.0,POWERGRID.NS,145
2020-08-04 00:00:00+05:30,72.32853134143434,72.81655275743452,71.4134953234241,72.49120330810547,9628257,0.0,0.0,POWERGRID.NS,146
2020-08-05 00:00:00+05:30,72.00319161001626,72.3692049353826,71.23049007025858,71.55583953857422,10577794,0.0,0.0,POWERGRID.NS,147
2020-08-06 00:00:00+05:30,71.84051158580674,72.28786364148161,71.33215823071869,71.5354995727539,8564058,0.0,0.0,POWERGRID.NS,148
2020-08-07 00:00:00+05:30,71.49483823701101,72.3692049353826,71.27115944329643,71.55583953857422,8026904,0.0,0.0,POWERGRID.NS,149
2020-08-10 00:00:00+05:30,71.92184647091261,72.71487986870406,71.67783577036242,72.08451843261719,7766140,0.0,0.0,POWERGRID.NS,150
2020-08-11 00:00:00+05:30,72.45052203686446,74.1585911963143,71.39315166919023,71.92183685302734,21833550,0.0,0.0,POWERGRID.NS,151
2020-08-12 00:00:00+05:30,71.6575098707524,72.97922863425006,70.43746178136995,72.40987396240234,19435650,0.0,0.0,POWERGRID.NS,152
2020-08-13 00:00:00+05:30,73.18257100954372,73.32491105850006,71.73884410725391,72.69454956054688,10641012,0.0,0.0,POWERGRID.NS,153
2020-08-14 00:00:00+05:30,73.4672372647061,73.4672372647061,70.80346807380965,71.3321533203125,17130105,0.0,0.0,POWERGRID.NS,154
2020-08-17 00:00:00+05:30,71.57618427664539,74.21962228935237,71.41351227136875,72.65389251708984,17368089,0.0,0.0,POWERGRID.NS,155
2020-08-18 00:00:00+05:30,73.14189171760216,73.16222364355858,71.7998411888326,72.28785705566406,13890131,0.0,0.0,POWERGRID.NS,156
2020-08-19 00:00:00+05:30,72.59287471227636,72.9588880199915,72.00318813762053,72.12519073486328,12400644,0.0,0.0,POWERGRID.NS,157
2020-08-20 00:00:00+05:30,72.06419476274083,76.49703518601846,71.75918273110263,73.69092559814453,44062975,0.0,0.0,POWERGRID.NS,158
2020-08-21 00:00:00+05:30,74.4229514413712,77.47307172388798,74.2602794628344,76.90371704101562,49949864,0.0,0.0,POWERGRID.NS,159
2020-08-24 00:00:00+05:30,77.12739036256704,77.53407303803141,74.9923008003923,75.33798217773438,19724617,0.0,0.0,POWERGRID.NS,160
2020-08-25 00:00:00+05:30,75.84633826246434,75.968346379104,74.42294884691066,75.1346435546875,10109220,0.0,0.0,POWERGRID.NS,161
2020-08-26 00:00:00+05:30,76.04968751470759,77.12740116847024,74.8703086938219,75.378662109375,18000615,0.0,0.0,POWERGRID.NS,162
2020-08-27 00:00:00+05:30,76.00902029166495,76.31403232750328,75.11431611347757,75.31765747070312,10363056,0.0,0.0,POWERGRID.NS,163
2020-08-28 00:00:00+05:30,75.84634696083903,75.94801764503859,73.93494140747977,74.1382827758789,12114955,0.0,0.0,POWERGRID.NS,164
2020-08-31 00:00:00+05:30,74.62629057906733,75.37865466295982,72.38953577159549,72.77588653564453,24259718,0.0,0.0,POWERGRID.NS,165
2020-09-01 00:00:00+05:30,72.81656044179915,74.13827927396221,72.63355101248932,73.3655776977539,16505345,0.0,0.0,POWERGRID.NS,166
2020-09-02 00:00:00+05:30,74.02700177342433,76.16939435293904,72.90380281521357,75.37899780273438,30959608,2.272501,0.0,POWERGRID.NS,167
2020-09-03 00:00:00+05:30,75.04621030588375,75.48301249524171,73.90221343839418,74.25581359863281,11884498,0.0,0.0,POWERGRID.NS,168
2020-09-04 00:00:00+05:30,73.71500633538695,74.04780311750733,72.25901053950686,72.82061004638672,17373558,0.0,0.0,POWERGRID.NS,169
2020-09-07 00:00:00+05:30,72.82061169638436,73.611008303588,71.98861407988689,73.27820587158203,13069001,0.0,0.0,POWERGRID.NS,170
2020-09-08 00:00:00+05:30,73.15338735092678,73.21578602566719,72.2797889775312,72.75818634033203,9597878,0.0,0.0,POWERGRID.NS,171
2020-09-09 00:00:00+05:30,72.79981650945535,74.02701538792579,72.13421721337556,72.90381622314453,20122483,0.0,0.0,POWERGRID.NS,172
2020-09-10 00:00:00+05:30,73.21579432777797,74.23499348603276,72.44619553913088,73.88139343261719,19635358,0.0,0.0,POWERGRID.NS,173
2020-09-11 00:00:00+05:30,74.08939646250813,74.17259847060473,72.42540143932999,72.86219787597656,31182063,0.0,0.0,POWERGRID.NS,174
2020-09-14 00:00:00+05:30,73.8398117282539,73.8398117282539,71.03181953158789,71.34381866455078,14143608,0.0,0.0,POWERGRID.NS,175
2020-09-15 00:00:00+05:30,71.48940513045702,72.34220033353476,71.13580505515247,72.09260559082031,7858789,0.0,0.0,POWERGRID.NS,176
2020-09-16 00:00:00+05:30,71.96780997576897,72.15501169439439,71.0526159929261,71.53101348876953,13201491,0.0,0.0,POWERGRID.NS,177
2020-09-17 00:00:00+05:30,71.28141885828627,71.30221654322231,69.8462206120304,70.01261901855469,10765947,0.0,0.0,POWERGRID.NS,178
2020-09-18 00:00:00+05:30,70.34540626431722,71.96780025124983,69.59660513334084,71.51020050048828,23788415,0.0,0.0,POWERGRID.NS,179
2020-09-21 00:00:00+05:30,71.135817715851,71.42701915730474,69.74222049005719,70.92781829833984,13331596,0.0,0.0,POWERGRID.NS,180
2020-09-22 00:00:00+05:30,70.22062683105469,70.9070295088271,69.26383164741137,70.22062683105469,9039386,0.0,0.0,POWERGRID.NS,181
2020-09-23 00:00:00+05:30,70.67822912543191,70.67822912543191,67.72463579790013,68.18223571777344,8404497,0.0,0.0,POWERGRID.NS,182
2020-09-24 00:00:00+05:30,67.4958319048406,68.66062645491527,65.93583618116254,66.28943634033203,20770480,0.0,0.0,POWERGRID.NS,183
2020-09-25 00:00:00+05:30,66.97583351647052,67.59983180767642,66.43503161201801,66.87183380126953,8761400,0.0,0.0,POWERGRID.NS,184
2020-09-28 00:00:00+05:30,66.9758277313225,70.32461601459877,66.9758277313225,69.9502182006836,16915185,0.0,0.0,POWERGRID.NS,185
2020-09-29 00:00:00+05:30,70.30381255129154,70.47021093909302,67.59982041189701,67.9326171875,13468026,0.0,0.0,POWERGRID.NS,186
2020-09-30 00:00:00+05:30,67.78701703619781,67.91182005982725,66.68462136036722,67.57901763916016,14349950,0.0,0.0,POWERGRID.NS,187
2020-10-01 00:00:00+05:30,68.5358255161046,69.05582406382135,67.72462552472831,68.47342681884766,14856837,0.0,0.0,POWERGRID.NS,188
2020-10-05 00:00:00+05:30,68.22382753616091,69.22222363611803,67.45422854411329,67.74542999267578,10360105,0.0,0.0,POWERGRID.NS,189
2020-10-06 00:00:00+05:30,67.84943398464448,68.39023026055642,67.32943539536537,67.89102935791016,8989183,0.0,0.0,POWERGRID.NS,190
2020-10-07 00:00:00+05:30,67.80781974635276,67.89101611900645,66.14382458514248,66.39342498779297,17614061,0.0,0.0,POWERGRID.NS,191
2020-10-08 00:00:00+05:30,66.64301955667547,67.01742298074812,65.72782560604541,65.85262298583984,12953710,0.0,0.0,POWERGRID.NS,192
2020-10-09 00:00:00+05:30,66.01902476140621,66.28942850208028,65.18702714048904,65.72782897949219,11980039,0.0,0.0,POWERGRID.NS,193
2020-10-12 00:00:00+05:30,66.22702312434036,67.72461994689078,65.95662503026686,66.47662353515625,20670634,0.0,0.0,POWERGRID.NS,194
2020-10-13 00:00:00+05:30,66.55982084362955,67.391818392587,66.22701843863987,66.74701690673828,11179799,0.0,0.0,POWERGRID.NS,195
2020-10-14 00:00:00+05:30,66.74704452086976,66.89264528064317,65.0206500210198,65.33264923095703,13362234,0.0,0.0,POWERGRID.NS,196
2020-10-15 00:00:00+05:30,65.14543208928868,65.332628169496,64.31343446433613,64.79183197021484,15536883,0.0,0.0,POWERGRID.NS,197
2020-10-16 00:00:00+05:30,64.93743939204049,67.05902904098481,64.62544025044919,66.12303161621094,18673957,0.0,0.0,POWERGRID.NS,198
2020-10-19 00:00:00+05:30,66.53902218098156,67.55822150679364,66.31022509592736,66.45582580566406,18793008,0.0,0.0,POWERGRID.NS,199
2020-10-20 00:00:00+05:30,66.55982722628849,66.72622562356761,65.27022977327144,65.39502716064453,13701957,0.0,0.0,POWERGRID.NS,200
2020-10-21 00:00:00+05:30,65.5614355219549,69.11822336233999,65.41583479885855,68.11982727050781,36573148,0.0,0.0,POWERGRID.NS,201
2020-10-22 00:00:00+05:30,67.45423565182458,69.01423148561864,67.05903445032499,68.68143463134766,39056262,0.0,0.0,POWERGRID.NS,202
2020-10-23 00:00:00+05:30,68.68141962999364,71.30220980139786,68.51502123920278,70.78221130371094,29149043,0.0,0.0,POWERGRID.NS,203
2020-10-26 00:00:00+05:30,70.74062084383581,71.94702205223652,70.57422242823264,71.57262420654297,36760149,0.0,0.0,POWERGRID.NS,204
2020-10-27 00:00:00+05:30,71.57261686757428,72.9454107084679,71.34381413252864,72.17581176757812,23610507,0.0,0.0,POWERGRID.NS,205
2020-10-28 00:00:00+05:30,72.6126186892596,72.6126186892596,71.36462215456784,71.9054183959961,14060472,0.0,0.0,POWERGRID.NS,206
2020-10-29 00:00:00+05:30,71.15662463904285,72.09262206514543,70.82382216879903,71.38542175292969,17654072,0.0,0.0,POWERGRID.NS,207
2020-10-30 00:00:00+05:30,70.92781906169557,71.55181732094478,70.42861819735806,71.13581848144531,22904945,0.0,0.0,POWERGRID.NS,208
2020-11-02 00:00:00+05:30,71.7806251383121,72.55021853187017,71.53102468851279,71.9886245727539,13423596,0.0,0.0,POWERGRID.NS,209
2020-11-03 00:00:00+05:30,72.38381348877748,75.17100791217345,72.32141479262434,74.8590087890625,27441682,0.0,0.0,POWERGRID.NS,210
2020-11-04 00:00:00+05:30,74.85900626460983,74.8798039485111,72.65420915023711,73.67340850830078,19461431,0.0,0.0,POWERGRID.NS,211
2020-11-05 00:00:00+05:30,74.04780935029285,74.79661063660936,73.46541211138798,74.48461151123047,10248002,0.0,0.0,POWERGRID.NS,212
2020-11-06 00:00:00+05:30,74.15180621922636,74.6510070576546,73.67340870710059,74.2350082397461,8815864,0.0,0.0,POWERGRID.NS,213
2020-11-09 00:00:00+05:30,74.83821349521729,76.83501148287002,74.50541665178143,76.56461334228516,15228920,0.0,0.0,POWERGRID.NS,214
2020-11-10 00:00:00+05:30,76.25262256272183,77.72941647593312,75.5246244506761,77.33422088623047,13815795,0.0,0.0,POWERGRID.NS,215
2020-11-11 00:00:00+05:30,76.50219676288282,79.45578943483551,76.50219676288282,78.89419555664062,15502357,0.0,0.0,POWERGRID.NS,216
2020-11-12 00:00:00+05:30,79.24779356627208,79.43499529558632,77.8542020080147,78.83179473876953,26079694,0.0,0.0,POWERGRID.NS,217
2020-11-13 00:00:00+05:30,78.45739403474519,79.01899355967217,77.45899801395555,78.56139373779297,11968619,0.0,0.0,POWERGRID.NS,218
2020-11-14 00:00:00+05:30,78.62379300467876,78.99819645225786,77.7917953742275,78.20779418945312,1162700,0.0,0.0,POWERGRID.NS,219
2020-11-17 00:00:00+05:30,77.79178401197083,78.72778120951688,77.31338657280503,77.70858764648438,16872514,0.0,0.0,POWERGRID.NS,220
2020-11-18 00:00:00+05:30,77.70860268482477,78.91499817776848,76.85580168772924,77.12620544433594,16685757,0.0,0.0,POWERGRID.NS,221
2020-11-19 00:00:00+05:30,74.25579197121661,82.0349706613545,74.21419096877347,78.95658111572266,64832376,0.0,0.0,POWERGRID.NS,222
2020-11-20 00:00:00+05:30,80.49578973550193,80.703789133864,78.66539051603984,79.80938720703125,27479934,0.0,0.0,POWERGRID.NS,223
2020-11-23 00:00:00+05:30,79.87179609051756,81.49419036169664,79.24779221753857,81.01579284667969,20909280,0.0,0.0,POWERGRID.NS,224
2020-11-24 00:00:00+05:30,81.1197959888485,82.24298946617236,80.39179802226353,80.91179656982422,15308572,0.0,0.0,POWERGRID.NS,225
2020-11-25 00:00:00+05:30,80.91178635838261,82.13897939034118,80.51658525517455,81.24458312988281,19854793,0.0,0.0,POWERGRID.NS,226
2020-11-26 00:00:00+05:30,81.18220130639625,82.84619679428725,80.22540051545143,82.22219848632812,24879552,0.0,0.0,POWERGRID.NS,227
2020-11-27 00:00:00+05:30,82.22218650873025,82.22218650873025,78.49899489000636,80.03819274902344,46793847,0.0,0.0,POWERGRID.NS,228
2020-12-01 00:00:00+05:30,81.05738439214652,81.72298360190175,79.72619161498089,80.01738739013672,18193922,0.0,0.0,POWERGRID.NS,229
2020-12-02 00:00:00+05:30,80.2253953206362,81.20299373493913,78.85260138895663,80.76619720458984,15836732,0.0,0.0,POWERGRID.NS,230
2020-12-03 00:00:00+05:30,81.1197924005868,81.16138776867544,79.45579147965285,80.47499084472656,21308517,0.0,0.0,POWERGRID.NS,231
2020-12-04 00:00:00+05:30,80.78698942849064,81.93098617500158,80.18379452937374,80.8493881225586,14838659,0.0,0.0,POWERGRID.NS,232
2020-12-07 00:00:00+05:30,80.28779678853773,82.05579181667979,80.0797973734622,80.49579620361328,22078115,0.0,0.0,POWERGRID.NS,233
2020-12-08 00:00:00+05:30,80.70379259905813,80.9533873739337,79.49739152288281,79.70539093017578,15896364,0.0,0.0,POWERGRID.NS,234
2020-12-09 00:00:00+05:30,80.24620404570169,81.01580308925047,79.49740268886538,80.16300201416016,18701467,0.0,0.0,POWERGRID.NS,235
2020-12-10 00:00:00+05:30,80.2878070939336,81.28620328597694,79.6638031262673,80.18380737304688,13612880,0.0,0.0,POWERGRID.NS,236
2020-12-11 00:00:00+05:30,80.70380260229744,81.22380118498376,79.93420357145257,80.32939910888672,14876364,0.0,0.0,POWERGRID.NS,237
2020-12-14 00:00:00+05:30,81.53579063835781,81.95178945503628,80.20459216804872,80.8285903930664,20316890,0.0,0.0,POWERGRID.NS,238
2020-12-15 00:00:00+05:30,80.87018136690662,80.99497873948431,79.60138174809315,80.20458221435547,16084083,0.0,0.0,POWERGRID.NS,239
2020-12-16 00:00:00+05:30,80.99500494641892,81.88940145220366,80.10060844063418,81.61900329589844,35024972,0.0,0.0,POWERGRID.NS,240
2020-12-17 00:00:00+05:30,82.51542663574219,83.41187038121976,81.78973270133284,82.51542663574219,23058726,2.812501,0.0,POWERGRID.NS,241
2020-12-18 00:00:00+05:30,82.5154406433103,83.15575688593587,81.98184377445565,82.77156829833984,20310375,0.0,0.0,POWERGRID.NS,242
2020-12-21 00:00:00+05:30,82.38737001237473,82.47274202740381,78.73756438511406,79.18578338623047,21609326,0.0,0.0,POWERGRID.NS,243
2020-12-22 00:00:00+05:30,79.16443051772893,81.55494502518047,78.97233337904544,81.23478698730469,23934507,0.0,0.0,POWERGRID.NS,244
2020-12-23 00:00:00+05:30,81.74706127289913,81.83243909162884,80.67986748826195,81.08540344238281,9836093,0.0,0.0,POWERGRID.NS,245
2020-12-24 00:00:00+05:30,81.21345459509719,82.06721530983337,80.87195494111963,81.10673522949219,12945145,0.0,0.0,POWERGRID.NS,246
2020-12-28 00:00:00+05:30,81.19212391952227,82.08856786872738,81.10674609963725,81.7684097290039,6879688,0.0,0.0,POWERGRID.NS,247
2020-12-29 00:00:00+05:30,81.78974187828383,82.23796669626202,80.67985929696637,80.97867584228516,8549660,0.0,0.0,POWERGRID.NS,248
2020-12-30 00:00:00+05:30,81.10673797236163,81.38421296423522,79.74073352035968,81.1921157836914,19132583,0.0,0.0,POWERGRID.NS,249
2020-12-31 00:00:00+05:30,81.32017090335334,81.5336096265388,80.27432463368207,81.0427017211914,23272111,0.0,0.0,POWERGRID.NS,250
2021-01-01 00:00:00+05:30,80.67985656006906,81.06405090241628,80.46641783205217,80.89329528808594,3074621,0.0,0.0,POWERGRID.NS,251
2021-01-04 00:00:00+05:30,81.10673372730749,81.27748934102983,80.25297881827991,80.44507598876953,7133203,0.0,0.0,POWERGRID.NS,252
2021-01-05 00:00:00+05:30,80.89328392860659,80.89328392860659,79.48459083747002,80.25296783447266,10478882,0.0,0.0,POWERGRID.NS,253
2021-01-06 00:00:00+05:30,80.25299159459627,84.3510169683155,79.82611407212336,83.73204803466797,54265234,0.0,0.0,POWERGRID.NS,254
2021-01-07 00:00:00+05:30,84.5217697743901,86.14390198942256,83.45457600400117,84.1162338256836,40129922,0.0,0.0,POWERGRID.NS,255
2021-01-08 00:00:00+05:30,84.84191317886058,87.08301970767168,84.32965794203116,86.89092254638672,29487917,0.0,0.0,POWERGRID.NS,256
2021-01-11 00:00:00+05:30,87.08301970767168,87.50989714173093,85.99447877688311,86.89092254638672,12726089,0.0,0.0,POWERGRID.NS,257
2021-01-12 00:00:00+05:30,85.82373197271598,87.40318085011498,85.35416562079499,86.9549560546875,31454127,0.0,0.0,POWERGRID.NS,258
2021-01-13 00:00:00+05:30,86.99763251377944,88.19289267405821,86.48537733224636,87.5098876953125,23792586,0.0,0.0,POWERGRID.NS,259
2021-01-14 00:00:00+05:30,87.91544409242239,88.57710771605946,86.91228077199622,87.55259704589844,12024674,0.0,0.0,POWERGRID.NS,260
2021-01-15 00:00:00+05:30,87.06166561607847,87.83004841178463,86.44269685859065,86.65613555908203,13530190,0.0,0.0,POWERGRID.NS,261
2021-01-18 00:00:00+05:30,85.90910513981298,86.22926320930452,83.04902406973028,83.561279296875,26118654,0.0,0.0,POWERGRID.NS,262
2021-01-19 00:00:00+05:30,83.47591350930672,85.3755206443002,83.34785257903823,85.22611236572266,19382828,0.0,0.0,POWERGRID.NS,263
2021-01-20 00:00:00+05:30,85.37552765416802,85.6316495357342,83.30517051219506,83.73204803466797,21158179,0.0,0.0,POWERGRID.NS,264
2021-01-21 00:00:00+05:30,83.86011427960587,84.39371121644702,82.87829823177708,83.30517578125,12509109,0.0,0.0,POWERGRID.NS,265
2021-01-22 00:00:00+05:30,83.24111782753796,83.7960561426995,82.38736301043072,82.89961242675781,16720401,0.0,0.0,POWERGRID.NS,266
2021-01-25 00:00:00+05:30,83.00634506033013,84.0095082889214,80.93598813959844,81.1921157836914,9393599,0.0,0.0,POWERGRID.NS,267
2021-01-27 00:00:00+05:30,81.10673819685475,82.96365638429808,80.80792743616617,82.10990142822266,18874916,0.0,0.0,POWERGRID.NS,268
2021-01-28 00:00:00+05:30,81.51227182000319,81.51227182000319,79.31385402803777,79.95417022705078,16072463,0.0,0.0,POWERGRID.NS,269
2021-01-29 00:00:00+05:30,80.55180102577081,80.67986195518604,78.11859704770995,78.7375717163086,13415015,0.0,0.0,POWERGRID.NS,270
2021-02-01 00:00:00+05:30,78.73756199644029,80.87194915585464,77.90514868831042,80.63716888427734,9485240,0.0,0.0,POWERGRID.NS,271
2021-02-02 00:00:00+05:30,81.53360240342806,83.51858698511873,80.7652253839897,82.89961242675781,10803602,0.0,0.0,POWERGRID.NS,272
2021-02-03 00:00:00+05:30,83.02768583235384,89.6442861995926,83.02768583235384,88.15021514892578,73411707,0.0,0.0,POWERGRID.NS,273
2021-02-04 00:00:00+05:30,88.15020010667376,88.6411079244292,87.16837868126798,87.65928649902344,23523019,0.0,0.0,POWERGRID.NS,274
2021-02-05 00:00:00+05:30,87.7873669528987,88.91859100338505,85.90910738738796,88.40634155273438,28755118,0.0,0.0,POWERGRID.NS,275
2021-02-08 00:00:00+05:30,88.15021246759274,91.09566557704832,87.80870704960492,90.73281860351562,28436890,0.0,0.0,POWERGRID.NS,276
2021-02-09 00:00:00+05:30,89.6442737249618,92.82451254907267,89.6442737249618,89.96443176269531,27738169,0.0,0.0,POWERGRID.NS,277
2021-02-10 00:00:00+05:30,89.87906127530148,91.35179068453581,88.36364875614949,89.83637237548828,34189378,0.0,0.0,POWERGRID.NS,278
2021-02-11 00:00:00+05:30,89.15337321738046,91.69329038483133,88.93993450802012,91.24507141113281,20504448,0.0,0.0,POWERGRID.NS,279
2021-02-12 00:00:00+05:30,93.48618568919598,93.48618568919598,89.87906888293976,90.7755126953125,25066544,0.0,0.0,POWERGRID.NS,280
2021-02-15 00:00:00+05:30,91.35179564943994,91.97077025563328,90.3059436017052,90.69013214111328,8599603,0.0,0.0,POWERGRID.NS,281
2021-02-16 00:00:00+05:30,91.09568130833699,98.13916591060968,91.05299239997962,96.28224182128906,80200957,0.0,0.0,POWERGRID.NS,282
2021-02-17 00:00:00+05:30,96.2608808419712,98.69408443859291,94.85218767965056,98.20317077636719,39034960,0.0,0.0,POWERGRID.NS,283
2021-02-18 00:00:00+05:30,98.6087169266764,101.72492008474292,97.54152327118838,100.95654296875,44291912,0.0,0.0,POWERGRID.NS,284
2021-02-19 00:00:00+05:30,99.67590238957663,100.7857906479353,97.64823461080803,99.12096405029297,36335681,0.0,0.0,POWERGRID.NS,285
2021-02-22 00:00:00+05:30,99.2276807771561,99.84665534601749,95.44981448938866,96.0261001586914,25800846,0.0,0.0,POWERGRID.NS,286
2021-02-23 00:00:00+05:30,96.36760528775083,97.79764008054894,95.89803894553697,96.51701354980469,18293559,0.0,0.0,POWERGRID.NS,287
2021-02-24 00:00:00+05:30,96.5383572689226,97.41345951490528,94.59606718839062,95.08697509765625,11421326,0.0,0.0,POWERGRID.NS,288
2021-02-25 00:00:00+05:30,95.49251455652826,99.37709486263977,94.25456527403082,97.13599395751953,30696079,0.0,0.0,POWERGRID.NS,289
2021-02-26 00:00:00+05:30,94.55337046933629,97.00791560265948,90.15652962614179,91.47985076904297,38070699,0.0,0.0,POWERGRID.NS,290
2021-03-01 00:00:00+05:30,92.845871663171,97.66958469475519,92.80318275875334,97.00792694091797,31441940,0.0,0.0,POWERGRID.NS,291
2021-03-02 00:00:00+05:30,97.75495478828955,97.90435725711555,95.34309846285299,96.06878662109375,18223787,0.0,0.0,POWERGRID.NS,292
2021-03-03 00:00:00+05:30,98.18185600569392,98.24589226772864,95.49252985673769,97.11466217041016,19350542,0.0,0.0,POWERGRID.NS,293
2021-03-04 00:00:00+05:30,95.21504446027555,98.16050375686376,95.21504446027555,96.11148834228516,22865747,0.0,0.0,POWERGRID.NS,294
2021-03-05 00:00:00+05:30,96.47432839662567,96.47432839662567,93.63559446687778,94.01978302001953,17342685,0.0,0.0,POWERGRID.NS,295
2021-03-08 00:00:00+05:30,94.71543918481201,97.34581670770162,94.34588050137465,95.71541595458984,15749448,2.250001,0.0,POWERGRID.NS,296
2021-03-09 00:00:00+05:30,95.86756752463623,96.5632062110581,92.71546007093627,93.91108703613281,12585004,0.0,0.0,POWERGRID.NS,297
2021-03-10 00:00:00+05:30,94.78063999199485,95.19367714704795,93.04154611302192,93.54153442382812,10661165,0.0,0.0,POWERGRID.NS,298
2021-03-12 00:00:00+05:30,93.78066842797702,96.0414870543723,93.6502328418241,95.67192840576172,18173078,0.0,0.0,POWERGRID.NS,299
2021-03-15 00:00:00+05:30,96.0849630036299,98.4762171519834,95.54149615173138,97.45449829101562,30092241,0.0,0.0,POWERGRID.NS,300
2021-03-16 00:00:00+05:30,97.88926830801822,98.78055745178276,97.1718932683002,97.58493041992188,14767699,0.0,0.0,POWERGRID.NS,301
2021-03-17 00:00:00+05:30,97.80232113127552,97.82405744666923,95.36758844250492,95.84584045410156,12571132,0.0,0.0,POWERGRID.NS,302
2021-03-18 00:00:00+05:30,96.08495314007749,97.17188673229592,95.71539453932479,96.106689453125,14232655,0.0,0.0,POWERGRID.NS,303
2021-03-19 00:00:00+05:30,96.4762463829066,100.91093182415362,95.28061945217462,100.08486938476562,70334403,0.0,0.0,POWERGRID.NS,304
2021-03-22 00:00:00+05:30,101.91093343311816,101.91093343311816,96.60669454464467,97.19363403320312,29180881,0.0,0.0,POWERGRID.NS,305
2021-03-23 00:00:00+05:30,97.19363293491656,97.38928336022042,94.99802921402679,95.21541595458984,38455903,0.0,0.0,POWERGRID.NS,306
2021-03-24 00:00:00+05:30,94.36759570557551,97.34579492765243,94.30238086944084,96.106689453125,24398959,0.0,0.0,POWERGRID.NS,307
2021-03-25 00:00:00+05:30,96.10669449261087,97.12841330226983,93.62848931060006,94.08499908447266,20272124,0.0,0.0,POWERGRID.NS,308
2021-03-26 00:00:00+05:30,95.36758018024496,96.51972863314249,92.23720900917215,93.30240631103516,25184863,0.0,0.0,POWERGRID.NS,309
2021-03-30 00:00:00+05:30,94.30239245027772,97.2588557223766,93.65023221485791,96.23713684082031,53328751,0.0,0.0,POWERGRID.NS,310
2021-03-31 00:00:00+05:30,95.6066981816325,96.12842864833141,93.32413770956073,93.7589111328125,20694060,0.0,0.0,POWERGRID.NS,311
2021-04-01 00:00:00+05:30,94.19369467408256,95.36758540175511,93.36762626056868,95.0849838256836,11229344,0.0,0.0,POWERGRID.NS,312
2021-04-05 00:00:00+05:30,93.56327378519441,95.21541056109088,92.75894171127413,93.10675811767578,14484908,0.0,0.0,POWERGRID.NS,313
2021-04-06 00:00:00+05:30,93.56326680262856,95.21540345522715,90.65028250268732,90.95462036132812,25301732,0.0,0.0,POWERGRID.NS,314
2021-04-07 00:00:00+05:30,91.69375210217693,93.99805515377287,91.10680670710094,91.54158020019531,22841720,0.0,0.0,POWERGRID.NS,315
2021-04-08 00:00:00+05:30,92.15023846252811,92.82414074353858,90.65027383123008,90.86766052246094,20468881,0.0,0.0,POWERGRID.NS,316
2021-04-09 00:00:00+05:30,91.04156824294077,91.93285131375485,90.43288668992204,90.56331634521484,11773021,0.0,0.0,POWERGRID.NS,317
2021-04-12 00:00:00+05:30,89.84596616352901,89.84596616352901,86.30256331871814,87.4547119140625,18544315,0.0,0.0,POWERGRID.NS,318
2021-04-13 00:00:00+05:30,89.19378672563384,91.04157370271173,88.01989616963473,90.75897216796875,19831072,0.0,0.0,POWERGRID.NS,319
2021-04-15 00:00:00+05:30,90.38942579152805,91.91113291918725,90.01986716684088,90.345947265625,10159348,0.0,0.0,POWERGRID.NS,320
2021-04-16 00:00:00+05:30,90.21551720499644,93.38936112766591,90.1068238391928,91.23723602294922,22020846,0.0,0.0,POWERGRID.NS,321
2021-04-19 00:00:00+05:30,89.49813584455637,89.99813004245304,86.95471581452365,87.4764404296875,18404990,0.0,0.0,POWERGRID.NS,322
2021-04-20 00:00:00+05:30,89.12858643908598,89.43292433501611,87.67209411065701,88.5633773803711,14467660,0.0,0.0,POWERGRID.NS,323
2021-04-22 00:00:00+05:30,88.69380269011927,89.08509759499508,87.47643355640434,88.45467376708984,11626459,0.0,0.0,POWERGRID.NS,324
2021-04-23 00:00:00+05:30,88.82422273826108,92.56327498461086,88.6937930830942,91.80242156982422,38318040,0.0,0.0,POWERGRID.NS,325
2021-04-26 00:00:00+05:30,90.51984795782312,94.10673464367882,90.51984795782312,93.82412719726562,19139358,0.0,0.0,POWERGRID.NS,326
2021-04-27 00:00:00+05:30,93.93282980589659,95.86757411408692,93.82413643795314,94.19369506835938,15270611,0.0,0.0,POWERGRID.NS,327
2021-04-28 00:00:00+05:30,95.1284555603522,96.38930332895363,94.04152189569064,96.0414810180664,16383579,0.0,0.0,POWERGRID.NS,328
2021-04-29 00:00:00+05:30,96.99800023916849,97.23712332416082,95.2371638876117,95.71541595458984,14761969,0.0,0.0,POWERGRID.NS,329
2021-04-30 00:00:00+05:30,94.67195173022054,96.65016876544053,94.19369970831232,95.67192840576172,16897105,0.0,0.0,POWERGRID.NS,330
2021-05-03 00:00:00+05:30,94.56325855627101,96.8892979291427,94.23717843569067,95.99800872802734,15528063,0.0,0.0,POWERGRID.NS,331
2021-05-04 00:00:00+05:30,96.25887583521883,96.38931142412827,94.21544391223475,94.80238342285156,20857434,0.0,0.0,POWERGRID.NS,332
2021-05-05 00:00:00+05:30,94.80238637171928,95.802368996491,94.25891947684113,94.86760711669922,23178237,0.0,0.0,POWERGRID.NS,333
2021-05-06 00:00:00+05:30,94.9762930656755,95.38932433527552,92.86764049910964,93.65023040771484,18823613,0.0,0.0,POWERGRID.NS,334
2021-05-07 00:00:00+05:30,94.0632582647647,94.25890277405647,92.82415278461478,93.2806625366211,12509591,0.0,0.0,POWERGRID.NS,335
2021-05-10 00:00:00+05:30,93.65022433906009,95.71539824421247,93.45457982308318,95.58496856689453,17845577,0.0,0.0,POWERGRID.NS,336
2021-05-11 00:00:00+05:30,95.65017428763713,97.91099839024423,94.9545356486048,97.12840270996094,22995780,0.0,0.0,POWERGRID.NS,337
2021-05-12 00:00:00+05:30,97.1284227258884,102.171796526956,96.97625082083599,98.23709869384766,55645370,0.0,0.0,POWERGRID.NS,338
2021-05-14 00:00:00+05:30,99.01967871814013,99.9979189993383,97.32406341012845,99.4979248046875,18820793,0.0,0.0,POWERGRID.NS,339
2021-05-17 00:00:00+05:30,100.4109541789251,100.43269049261836,98.73707521778249,99.30228424072266,10996347,0.0,0.0,POWERGRID.NS,340
2021-05-18 00:00:00+05:30,100.38921859307935,104.28044335583154,99.34575758839131,101.34571075439453,52885042,0.0,0.0,POWERGRID.NS,341
2021-05-19 00:00:00+05:30,101.82396155626363,103.47609820394035,100.60659833134308,101.62831115722656,28081040,0.0,0.0,POWERGRID.NS,342
2021-05-20 00:00:00+05:30,101.7370160281498,102.1500531853151,99.30228930273105,99.54141235351562,10707136,0.0,0.0,POWERGRID.NS,343
2021-05-21 00:00:00+05:30,99.1501010429815,99.67183151305466,98.25881787834787,99.10662841796875,21702883,0.0,0.0,POWERGRID.NS,344
2021-05-24 00:00:00+05:30,99.5631389926215,101.91092023067421,99.30227965238636,100.43268585205078,22028927,0.0,0.0,POWERGRID.NS,345
2021-05-25 00:00:00+05:30,101.30222353696803,101.93264731175628,100.49789748243397,101.25875091552734,9165363,0.0,0.0,POWERGRID.NS,346
2021-05-26 00:00:00+05:30,101.38920244942945,101.65006182232233,97.80232120523152,98.08492279052734,18322114,0.0,0.0,POWERGRID.NS,347
2021-05-27 00:00:00+05:30,98.56317148764623,99.82400747287201,97.06320065899462,99.25880432128906,51194207,0.0,0.0,POWERGRID.NS,348
2021-05-28 00:00:00+05:30,100.43269717421947,100.43269717421947,97.73709924730662,98.01970672607422,15307498,0.0,0.0,POWERGRID.NS,349
2021-05-31 00:00:00+05:30,98.25882319290358,98.51968844204966,97.28058293135003,98.10665130615234,13102261,0.0,0.0,POWERGRID.NS,350
2021-06-01 00:00:00+05:30,98.38926273251813,99.12838002969659,97.34580752831961,97.56319427490234,15733731,0.0,0.0,POWERGRID.NS,351
2021-06-02 00:00:00+05:30,97.4762454517105,99.19360314968932,97.43276692195285,98.8892593383789,7995532,0.0,0.0,POWERGRID.NS,352
2021-06-03 00:00:00+05:30,99.58488640333832,100.62834746853342,98.10665775696886,98.3892593383789,10291328,0.0,0.0,POWERGRID.NS,353
2021-06-04 00:00:00+05:30,98.25882843240986,99.19359611644443,97.7370979062972,98.32404327392578,6142487,0.0,0.0,POWERGRID.NS,354
2021-06-07 00:00:00+05:30,98.82403816760738,103.38915993555081,98.65012994632242,102.71526336669922,18058790,0.0,0.0,POWERGRID.NS,355
2021-06-08 00:00:00+05:30,103.88913003763041,103.88913003763041,100.88918885539184,101.75873565673828,22511761,0.0,0.0,POWERGRID.NS,356
2021-06-09 00:00:00+05:30,102.60657202049923,106.73692036841874,101.65006793902587,105.25869750976562,39865778,0.0,0.0,POWERGRID.NS,357
2021-06-10 00:00:00+05:30,107.82386427813533,107.82386427813533,104.45436925656782,105.06305694580078,32690784,0.0,0.0,POWERGRID.NS,358
2021-06-11 00:00:00+05:30,108.17165807626036,108.17165807626036,106.08474782707495,107.08472442626953,29142097,0.0,0.0,POWERGRID.NS,359
2021-06-14 00:00:00+05:30,107.80211658732928,108.60644285455045,105.25869629888513,108.1281967163086,18732629,0.0,0.0,POWERGRID.NS,360
2021-06-15 00:00:00+05:30,108.93251277600218,109.3455499261362,107.41080565002373,107.64994049072266,15026686,0.0,0.0,POWERGRID.NS,361
2021-06-16 00:00:00+05:30,107.32386373121716,107.60645941558529,104.7586954928839,105.28042602539062,30706682,0.0,0.0,POWERGRID.NS,362
2021-06-17 00:00:00+05:30,106.10649584111368,106.10649584111368,102.93265159197341,104.28045654296875,22261167,0.0,0.0,POWERGRID.NS,363
2021-06-18 00:00:00+05:30,106.08474646281145,106.51951991721654,100.0413907289868,101.30223846435547,49278209,0.0,0.0,POWERGRID.NS,364
2021-06-21 00:00:00+05:30,100.82399098074183,102.36743436363048,99.30228391147435,102.10657501220703,11719831,0.0,0.0,POWERGRID.NS,365
2021-06-22 00:00:00+05:30,100.88918885539184,103.04131954752096,100.88918885539184,101.75873565673828,10961545,0.0,0.0,POWERGRID.NS,366
2021-06-23 00:00:00+05:30,102.49785748465031,102.60655083978995,100.86745715755568,100.97615051269531,10721151,0.0,0.0,POWERGRID.NS,367
2021-06-24 00:00:00+05:30,100.9761556150854,101.28049938365186,99.17184111100063,100.49790954589844,12964208,0.0,0.0,POWERGRID.NS,368
2021-06-25 00:00:00+05:30,100.62833328472418,101.21527267992501,99.73705013890734,100.36746215820312,7736431,0.0,0.0,POWERGRID.NS,369
2021-06-28 00:00:00+05:30,100.86744392768932,101.08483060945596,100.30224091389249,100.8022232055664,9989595,0.0,0.0,POWERGRID.NS,370
2021-06-29 00:00:00+05:30,101.12832527750824,103.43263404183544,100.71529992728438,102.60655975341797,61089570,0.0,0.0,POWERGRID.NS,371
2021-06-30 00:00:00+05:30,103.1065480147601,103.30219841854593,100.86746011562575,101.04137420654297,17437744,0.0,0.0,POWERGRID.NS,372
2021-07-01 00:00:00+05:30,101.1065871812413,101.28050127910103,100.0848742897732,100.34573364257812,15924813,0.0,0.0,POWERGRID.NS,373
2021-07-02 00:00:00+05:30,100.34572796465649,100.47615763367878,98.95445064245608,99.10662841796875,9549992,0.0,0.0,POWERGRID.NS,374
2021-07-05 00:00:00+05:30,99.69356065063707,100.38920515866388,99.28052356680601,100.12833404541016,6849185,0.0,0.0,POWERGRID.NS,375
2021-07-06 00:00:00+05:30,99.73705981148852,100.21530589884887,99.25880193014329,99.47618865966797,5343938,0.0,0.0,POWERGRID.NS,376
2021-07-07 00:00:00+05:30,99.47618967235952,100.62834406816351,99.47618967235952,100.41095733642578,7228897,0.0,0.0,POWERGRID.NS,377
2021-07-08 00:00:00+05:30,100.04138799605653,101.36745643095433,99.80226496146305,100.49790954589844,8740010,0.0,0.0,POWERGRID.NS,378
2021-07-09 00:00:00+05:30,100.45441425798896,100.6283283337797,99.99790455151721,100.10659790039062,2990856,0.0,0.0,POWERGRID.NS,379
2021-07-12 00:00:00+05:30,100.30226575841499,100.75877554440439,99.21533208035206,99.56314849853516,5578309,0.0,0.0,POWERGRID.NS,380
2021-07-13 00:00:00+05:30,100.17183378182928,100.82399397373204,99.25880243677443,99.41098022460938,8264289,0.0,0.0,POWERGRID.NS,381
2021-07-14 00:00:00+05:30,99.41097031636038,100.62833352778115,99.32401327397666,99.9761734008789,9228746,0.0,0.0,POWERGRID.NS,382
2021-07-15 00:00:00+05:30,100.43268857092986,100.62833897839485,99.69357136160902,100.17182922363281,5376823,0.0,0.0,POWERGRID.NS,383
2021-07-16 00:00:00+05:30,100.71529891315723,102.82394544722243,100.21530472352045,101.67179107666016,15903784,0.0,0.0,POWERGRID.NS,384
2021-07-19 00:00:00+05:30,101.67179414997986,102.01962235884201,100.6500812199063,101.36746215820312,13725925,0.0,0.0,POWERGRID.NS,385
2021-07-20 00:00:00+05:30,102.12830944258945,102.73698518268174,100.41095199443005,100.56311798095703,14178067,0.0,0.0,POWERGRID.NS,386
2021-07-22 00:00:00+05:30,101.95440128029081,101.95440128029081,99.43271753838224,101.41093444824219,10378326,0.0,0.0,POWERGRID.NS,387
2021-07-23 00:00:00+05:30,101.62831855515928,101.71527560483725,100.88920132387368,101.30223846435547,6660369,0.0,0.0,POWERGRID.NS,388
2021-07-26 00:00:00+05:30,101.49787111038351,102.32394524674241,100.88918366317351,101.17179107666016,12963701,0.0,0.0,POWERGRID.NS,389
2021-07-27 00:00:00+05:30,101.30221729122262,102.10655509014859,100.28050460451229,100.8022232055664,10832912,0.0,0.0,POWERGRID.NS,390
2021-07-28 00:00:00+05:30,100.86745792367812,101.04137201081602,98.86749899451996,99.17183685302734,13828088,0.0,0.0,POWERGRID.NS,391
2021-07-29 00:00:00+05:30,99.12835321148584,100.60658775767234,96.89651837809451,97.04144287109375,28609665,0.0,1.3333333333333333,POWERGRID.NS,392
2021-07-30 00:00:00+05:30,97.99793987745647,100.40368289581781,97.50519896563344,99.2153091430664,34142169,0.0,0.0,POWERGRID.NS,393
2021-08-02 00:00:00+05:30,99.4181906270702,99.70803957933572,98.14285405770354,99.12834167480469,9575755,0.0,0.0,POWERGRID.NS,394
2021-08-03 00:00:00+05:30,100.0268868485672,101.56307699406345,99.18631773746209,101.12830352783203,20959435,0.0,0.0,POWERGRID.NS,395
2021-08-04 00:00:00+05:30,101.82393779161178,102.37464607522047,100.78047686121397,101.59205627441406,23323277,0.0,0.0,POWERGRID.NS,396
2021-08-05 00:00:00+05:30,101.59206945013779,101.88191843573019,100.43267350776816,101.56307983398438,6621382,0.0,0.0,POWERGRID.NS,397
2021-08-06 00:00:00+05:30,101.73698488507952,102.31668280465263,101.18627657907882,101.44713592529297,5340311,0.0,0.0,POWERGRID.NS,398
2021-08-09 00:00:00+05:30,102.60652776993084,102.60652776993084,100.89642369135888,102.28768920898438,16415005,0.0,0.0,POWERGRID.NS,399
2021-08-10 00:00:00+05:30,102.08479743957973,102.08479743957973,99.33123242514311,100.05585479736328,11925263,0.0,0.0,POWERGRID.NS,400
2021-08-11 00:00:00+05:30,100.25873839208494,102.60651940105826,100.02686868738189,102.2297134399414,31279965,0.0,0.0,POWERGRID.NS,401
2021-08-12 00:00:00+05:30,102.60654628978055,108.80931018970395,102.20076240622895,108.40352630615234,58107755,0.0,0.0,POWERGRID.NS,402
2021-08-13 00:00:00+05:30,106.78034358088853,108.5774164239216,106.43252721558592,107.09918212890625,26776843,0.0,0.0,POWERGRID.NS,403
2021-08-16 00:00:00+05:30,106.66441155959299,106.83832564385973,104.57750151831074,104.75140380859375,21308655,0.0,0.0,POWERGRID.NS,404
2021-08-17 00:00:00+05:30,104.95431405775463,106.51949373794285,104.92532444390561,106.22964477539062,15962459,0.0,0.0,POWERGRID.NS,405
2021-08-18 00:00:00+05:30,106.49050451394561,107.82381446416076,104.43258394868165,104.69344329833984,25227527,0.0,0.0,POWERGRID.NS,406
2021-08-20 00:00:00+05:30,102.78044216641057,104.37461138797991,102.63551769172244,103.53404235839844,18720467,0.0,0.0,POWERGRID.NS,407
2021-08-23 00:00:00+05:30,104.0557709740803,104.28765248825104,100.98336744778138,101.82393646240234,13112745,0.0,0.0,POWERGRID.NS,408
2021-08-24 00:00:00+05:30,102.78045998249884,103.93985598097493,101.70800924871968,102.37466430664062,11029463,0.0,0.0,POWERGRID.NS,409
2021-08-25 00:00:00+05:30,102.72245828918972,102.8673827573144,101.47611729850408,101.73697662353516,12001351,0.0,0.0,POWERGRID.NS,410
2021-08-26 00:00:00+05:30,101.67902072999155,101.67902072999155,99.47616384700119,100.34571075439453,12115246,0.0,0.0,POWERGRID.NS,411
2021-08-27 00:00:00+05:30,100.75152380221088,101.36019966620343,99.56313810577,101.07035064697266,8051699,0.0,0.0,POWERGRID.NS,412
2021-08-30 00:00:00+05:30,101.56306254419216,102.22971745636244,100.17179708538183,101.73697662353516,14512401,0.0,0.0,POWERGRID.NS,413
2021-08-31 00:00:00+05:30,101.73698145786602,102.63551792052908,101.41814289524778,101.6500244140625,43248333,0.0,0.0,POWERGRID.NS,414
2021-09-01 00:00:00+05:30,103.07028928133431,103.07028928133431,101.24423857396737,101.82393646240234,11817591,0.0,0.0,POWERGRID.NS,415
2021-09-02 00:00:00+05:30,101.67902031268319,102.08480415020745,100.98337571323272,101.88191223144531,13545023,0.0,0.0,POWERGRID.NS,416
2021-09-03 00:00:00+05:30,102.02683530208837,102.49059836196442,101.09932097632084,101.76597595214844,12286475,0.0,0.0,POWERGRID.NS,417
2021-09-06 00:00:00+05:30,101.8529294398092,102.22973548217097,100.28774962567323,100.9254150390625,13950485,0.0,0.0,POWERGRID.NS,418
2021-09-07 00:00:00+05:30,100.92541566146232,100.95440527797103,99.96891163848699,100.28775024414062,12485031,0.0,0.0,POWERGRID.NS,419
2021-09-08 00:00:00+05:30,101.02515763296113,102.41148586282998,100.40573450899967,101.96903991699219,25370295,2.25,0.0,POWERGRID.NS,420
2021-09-09 00:00:00+05:30,101.7035673988185,102.7359411734542,101.40860346320831,102.35248565673828,5078350,0.0,0.0,POWERGRID.NS,421
2021-09-13 00:00:00+05:30,102.79494283613764,102.82444403378007,101.88054973459732,102.58847045898438,7522483,0.0,0.0,POWERGRID.NS,422
2021-09-14 00:00:00+05:30,102.58846300884849,103.29637167971153,102.35248945118958,102.7064437866211,8434427,0.0,0.0,POWERGRID.NS,423
2021-09-15 00:00:00+05:30,102.64745982481298,105.59709947495128,102.49997784230607,104.94818115234375,20064238,0.0,0.0,POWERGRID.NS,424
2021-09-16 00:00:00+05:30,105.56760011676148,107.1604127568542,105.18415655725487,105.86256408691406,16214883,0.0,0.0,POWERGRID.NS,425
2021-09-17 00:00:00+05:30,105.92155663185451,106.42299293405702,104.26975375177308,105.47911071777344,21219226,0.0,0.0,POWERGRID.NS,426
2021-09-20 00:00:00+05:30,104.53521710505144,105.71507288277037,103.2963709388693,104.417236328125,7833069,0.0,0.0,POWERGRID.NS,427
2021-09-21 00:00:00+05:30,103.85680976012817,105.24313790020142,103.50284342469361,103.76831817626953,9481007,0.0,0.0,POWERGRID.NS,428
2021-09-22 00:00:00+05:30,103.70933340722058,104.6827048760668,103.70933340722058,104.26976013183594,9165634,0.0,0.0,POWERGRID.NS,429
2021-09-23 00:00:00+05:30,104.41724553048026,105.44961942696806,104.41724553048026,105.15465545654297,10295913,0.0,0.0,POWERGRID.NS,430
2021-09-24 00:00:00+05:30,105.18414166506233,105.89205029235545,103.70932202310752,103.9157943725586,7093411,0.0,0.0,POWERGRID.NS,431
2021-09-27 00:00:00+05:30,104.1222802508961,104.50573580805036,103.29637874366722,103.82731628417969,5205649,0.0,0.0,POWERGRID.NS,432
2021-09-28 00:00:00+05:30,104.32875635502825,111.4373930077441,103.88631038914423,108.51724243164062,38873626,0.0,0.0,POWERGRID.NS,433
2021-09-29 00:00:00+05:30,108.2517655303513,115.80284716383153,107.63233645807887,115.06543731689453,53686662,0.0,0.0,POWERGRID.NS,434
2021-09-30 00:00:00+05:30,115.00645766044425,116.80574284347541,111.28991849851222,112.02732849121094,23618199,0.0,0.0,POWERGRID.NS,435
2021-10-01 00:00:00+05:30,112.55825620164279,114.1510568451478,111.87983666751484,113.17767333984375,16994903,0.0,0.0,POWERGRID.NS,436
2021-10-04 00:00:00+05:30,113.26614947524841,113.88557853103642,112.11579494548566,113.05967712402344,10757286,0.0,0.0,POWERGRID.NS,437
2021-10-05 00:00:00+05:30,113.05967778516852,115.09492411960828,111.70283889413325,112.05679321289062,17200858,0.0,0.0,POWERGRID.NS,438
2021-10-06 00:00:00+05:30,113.23666295189344,113.3546557408181,110.16904247368618,110.67047882080078,8929507,0.0,0.0,POWERGRID.NS,439
2021-10-07 00:00:00+05:30,112.67624342243306,113.00070861009775,110.67048590349548,111.08344268798828,6733699,0.0,0.0,POWERGRID.NS,440
2021-10-08 00:00:00+05:30,111.49637273827936,112.17479222150118,110.3165169421071,110.72946166992188,8165175,0.0,0.0,POWERGRID.NS,441
2021-10-11 00:00:00+05:30,112.08629000045643,115.094919594783,111.67334531182614,114.12153625488281,12982042,0.0,0.0,POWERGRID.NS,442
2021-10-12 00:00:00+05:30,114.3870261922966,114.82947213269838,113.05968837109126,114.06256103515625,8539966,0.0,0.0,POWERGRID.NS,443
2021-10-13 00:00:00+05:30,115.09494254549985,120.64026776751012,114.53451578458971,117.63163757324219,33075614,0.0,0.0,POWERGRID.NS,444
2021-10-14 00:00:00+05:30,118.10356567122209,121.49565123672853,116.95321101941782,120.72875213623047,19185455,0.0,0.0,POWERGRID.NS,445
2021-10-18 00:00:00+05:30,123.76687756181671,123.8553571446545,119.25392675042433,120.22731018066406,38546365,0.0,0.0,POWERGRID.NS,446
2021-10-19 00:00:00+05:30,120.34527462747252,120.81722168175845,116.21577990986317,117.18916320800781,16174177,0.0,0.0,POWERGRID.NS,447
2021-10-20 00:00:00+05:30,117.98556815037772,118.13305011056569,114.06254560895513,114.65247344970703,21909934,0.0,0.0,POWERGRID.NS,448
2021-10-21 00:00:00+05:30,115.77333074385197,116.42224892339514,114.15102929393812,114.47549438476562,16946547,0.0,0.0,POWERGRID.NS,449
2021-10-22 00:00:00+05:30,115.566858813001,116.21577699478301,112.82369213326015,114.71145629882812,7705870,0.0,0.0,POWERGRID.NS,450
2021-10-25 00:00:00+05:30,114.71146774566459,115.03593286998927,112.38125749606644,113.64960479736328,7862419,0.0,0.0,POWERGRID.NS,451
2021-10-26 00:00:00+05:30,113.62010981845839,113.82658218063486,111.90931652792788,112.32227325439453,8525850,0.0,0.0,POWERGRID.NS,452
2021-10-27 00:00:00+05:30,112.17478951926176,113.17766212100393,111.23090730548441,112.23377990722656,9862679,0.0,0.0,POWERGRID.NS,453
2021-10-28 00:00:00+05:30,112.49923369612954,112.73520723131234,109.28413178586543,109.66758728027344,11095238,0.0,0.0,POWERGRID.NS,454
2021-10-29 00:00:00+05:30,110.25752477695558,111.2898985819793,106.95393100130242,109.1661605834961,12988035,0.0,0.0,POWERGRID.NS,455
2021-11-01 00:00:00+05:30,108.90067422833033,111.20139514907856,108.87118503831151,110.75894927978516,5475153,0.0,0.0,POWERGRID.NS,456
2021-11-02 00:00:00+05:30,111.28988513230996,112.8236950568433,109.22513777179257,109.43161010742188,10946890,0.0,0.0,POWERGRID.NS,457
2021-11-03 00:00:00+05:30,109.43163556198024,110.49351068094786,107.95681567570018,108.51724243164062,13957727,0.0,0.0,POWERGRID.NS,458
2021-11-04 00:00:00+05:30,109.1071581929467,109.6380956930959,108.69421347178266,109.1661605834961,830214,0.0,0.0,POWERGRID.NS,459
2021-11-08 00:00:00+05:30,110.67048386728558,112.29278577152971,108.90069997174653,111.58487701416016,11947323,0.0,0.0,POWERGRID.NS,460
2021-11-09 00:00:00+05:30,112.29277475468578,112.29277475468578,109.3136460240745,110.05105590820312,10381150,0.0,0.0,POWERGRID.NS,461
2021-11-10 00:00:00+05:30,109.69708056501653,110.02154568826681,108.28126330530297,108.78269958496094,13857851,0.0,0.0,POWERGRID.NS,462
2021-11-11 00:00:00+05:30,109.13664463801501,109.28412659022854,106.59995025909743,107.45535278320312,8851354,0.0,0.0,POWERGRID.NS,463
2021-11-12 00:00:00+05:30,108.36974729497442,108.36974729497442,106.364002094674,107.36687469482422,9590673,0.0,0.0,POWERGRID.NS,464
2021-11-15 00:00:00+05:30,107.48487243249052,111.34890547635729,107.36689163812994,111.08344268798828,24821341,0.0,0.0,POWERGRID.NS,465
2021-11-16 00:00:00+05:30,111.49638033481493,112.8827085893487,110.02156048911631,110.67047882080078,23206330,0.0,0.0,POWERGRID.NS,466
2021-11-17 00:00:00+05:30,110.31650643363659,114.32802055934117,110.31650643363659,112.70571899414062,18359498,0.0,0.0,POWERGRID.NS,467
2021-11-18 00:00:00+05:30,113.17765594617468,114.71146596014435,112.70572086609094,113.56111145019531,10742933,0.0,0.0,POWERGRID.NS,468
2021-11-22 00:00:00+05:30,114.68197287013341,116.21578283196014,113.26614367378856,114.56398010253906,25095721,0.0,0.0,POWERGRID.NS,469
2021-11-23 00:00:00+05:30,114.00356497971391,119.40140758486825,113.9445745910139,119.07694244384766,19671538,0.0,0.0,POWERGRID.NS,470
2021-11-24 00:00:00+05:30,119.28342743732382,122.3805491942496,119.16544664742976,119.93235778808594,18120478,0.0,0.0,POWERGRID.NS,471
2021-11-25 00:00:00+05:30,119.51939151674031,120.93522089347698,118.72299124298655,120.4927749633789,18537454,0.0,0.0,POWERGRID.NS,472
2021-11-26 00:00:00+05:30,120.37479278676997,120.90571829503887,118.45752711191453,119.16543579101562,12814537,0.0,0.0,POWERGRID.NS,473
2021-11-29 00:00:00+05:30,117.39565438069357,120.34529393799743,117.10069042496318,118.13306427001953,16066147,0.0,0.0,POWERGRID.NS,474
2021-11-30 00:00:00+05:30,118.16254548848889,123.58987655547395,118.16254548848889,121.96757507324219,37739647,0.0,0.0,POWERGRID.NS,475
2021-12-01 00:00:00+05:30,122.11505147043086,123.14742509397314,120.75821276435924,122.2330322265625,20332817,0.0,0.0,POWERGRID.NS,476
2021-12-02 00:00:00+05:30,123.29493204752605,127.42442737926136,121.820112286192,126.53953552246094,33758843,0.0,0.0,POWERGRID.NS,477
2021-12-03 00:00:00+05:30,125.7431255400867,127.68988027342311,121.2301750185361,121.5841293334961,47614182,0.0,0.0,POWERGRID.NS,478
2021-12-06 00:00:00+05:30,122.32154765535489,122.70500319074876,118.78198025562176,119.16543579101562,11322446,0.0,0.0,POWERGRID.NS,479
2021-12-07 00:00:00+05:30,119.51938906307845,122.08557300454233,119.25392631131498,121.40716552734375,8049102,0.0,0.0,POWERGRID.NS,480
2021-12-08 00:00:00+05:30,121.02370257466684,122.49852222095302,120.07982040146629,120.81723022460938,8788449,0.0,0.0,POWERGRID.NS,481
2021-12-09 00:00:00+05:30,121.23017567582721,121.79060234404298,119.22441854402838,119.87333679199219,5755422,0.0,0.0,POWERGRID.NS,482
2021-12-10 00:00:00+05:30,120.49278676182173,120.49278676182173,119.07695724644951,119.54890441894531,6164402,0.0,0.0,POWERGRID.NS,483
2021-12-13 00:00:00+05:30,121.23017127617123,123.67837421574758,120.16829636195826,120.58125305175781,21648126,0.0,0.0,POWERGRID.NS,484
2021-12-14 00:00:00+05:30,120.40426690811032,125.74311853522777,119.87332946419113,125.2121810913086,48042035,0.0,0.0,POWERGRID.NS,485
2021-12-15 00:00:00+05:30,125.71362945005993,127.2179503523541,122.5870188718463,123.7963638305664,15207306,0.0,0.0,POWERGRID.NS,486
2021-12-16 00:00:00+05:30,124.71074375773259,124.94671728655108,121.70211427110544,122.82296752929688,13410737,0.0,0.0,POWERGRID.NS,487
2021-12-17 00:00:00+05:30,122.82298807901567,124.17982709515283,120.96472473367747,123.85536193847656,15209414,0.0,0.0,POWERGRID.NS,488
2021-12-20 00:00:00+05:30,124.32730132561808,125.44816670359084,122.41003570612457,123.7963638305664,22539246,0.0,0.0,POWERGRID.NS,489
2021-12-21 00:00:00+05:30,124.74023697932537,124.9172201321877,120.81722644463274,121.87908935546875,17566511,0.0,0.0,POWERGRID.NS,490
2021-12-22 00:00:00+05:30,122.00122210143036,123.95519057978197,120.90210706796468,123.0698013305664,14750231,5.25,0.0,POWERGRID.NS,491
2021-12-23 00:00:00+05:30,123.64987229659073,127.98524805053233,123.37509977180935,127.22197723388672,15932489,0.0,0.0,POWERGRID.NS,492
2021-12-24 00:00:00+05:30,127.13038108606871,127.43568940992866,125.0848178008126,125.42066192626953,8975969,0.0,0.0,POWERGRID.NS,493
2021-12-27 00:00:00+05:30,125.42067963971797,126.55031811293567,125.17643046152865,125.84810638427734,8648187,0.0,0.0,POWERGRID.NS,494
2021-12-28 00:00:00+05:30,126.18393045285312,127.40516372619692,124.13836720460772,125.54277801513672,15736206,0.0,0.0,POWERGRID.NS,495
2021-12-29 00:00:00+05:30,123.95519044450756,125.72598136403482,123.77200046478701,124.93217468261719,17172943,0.0,0.0,POWERGRID.NS,496
2021-12-30 00:00:00+05:30,124.93216659273764,129.08436486461707,123.13085240858531,125.39012908935547,87481206,0.0,0.0,POWERGRID.NS,497
2021-12-31 00:00:00+05:30,124.56580942399914,125.90916122308563,124.29103687242244,124.81005859375,9842223,0.0,0.0,POWERGRID.NS,498
2022-01-03 00:00:00+05:30,125.42067892533326,126.36712740376078,124.65740801223244,125.17642974853516,7410054,0.0,0.0,POWERGRID.NS,499
2022-01-04 00:00:00+05:30,125.97022668826003,130.06135349567322,125.48172837258612,128.5958709716797,14784090,0.0,0.0,POWERGRID.NS,500
2022-01-05 00:00:00+05:30,128.22951197715582,129.05384206954602,127.038814335151,127.40518188476562,9565107,0.0,0.0,POWERGRID.NS,501
2022-01-06 00:00:00+05:30,126.85562293314219,127.43570384497266,124.96271359540023,125.75650787353516,5615931,0.0,0.0,POWERGRID.NS,502
2022-01-07 00:00:00+05:30,126.36712509623068,127.3135859804045,124.87111910308259,125.29854583740234,11908249,0.0,0.0,POWERGRID.NS,503
2022-01-10 00:00:00+05:30,126.5503077507019,126.5503077507019,124.22995938244276,124.56580352783203,11085710,0.0,0.0,POWERGRID.NS,504
2022-01-11 00:00:00+05:30,124.90166710435972,125.66493807805287,124.2605145172454,124.47422790527344,7208789,0.0,0.0,POWERGRID.NS,505
2022-01-12 00:00:00+05:30,125.78705713152921,126.21448390985144,124.77953695630654,125.14590454101562,11018139,0.0,0.0,POWERGRID.NS,506
2022-01-13 00:00:00+05:30,126.7640287202047,129.1454364153055,126.12288861735037,127.0082778930664,20522807,0.0,0.0,POWERGRID.NS,507
2022-01-14 00:00:00+05:30,126.97772443704262,128.01578017165068,126.12287108540069,126.85560607910156,14183654,0.0,0.0,POWERGRID.NS,508
2022-01-17 00:00:00+05:30,127.71047933009214,127.95472848330016,125.66491596515255,126.00074768066406,7574539,0.0,0.0,POWERGRID.NS,509
2022-01-18 00:00:00+05:30,125.93972720796373,126.91671169806156,124.93220690569365,125.26805114746094,8475422,0.0,0.0,POWERGRID.NS,510
2022-01-19 00:00:00+05:30,125.78706060180991,126.6419266050691,122.76451241578448,124.96273040771484,13724367,0.0,0.0,POWERGRID.NS,511
2022-01-20 00:00:00+05:30,126.45871708323939,131.49630489798938,125.42067365425996,131.06887817382812,30170343,0.0,0.0,POWERGRID.NS,512
2022-01-21 00:00:00+05:30,130.61090815393274,133.87770485273484,130.06135066651092,131.34364318847656,29509593,0.0,0.0,POWERGRID.NS,513
2022-01-24 00:00:00+05:30,132.1374798958941,132.96181010308666,129.14545504846305,130.6719970703125,12850189,0.0,0.0,POWERGRID.NS,514
2022-01-25 00:00:00+05:30,130.36668649887073,134.45781408020852,129.4202254918447,133.63348388671875,27389035,0.0,0.0,POWERGRID.NS,515
2022-01-27 00:00:00+05:30,133.114439334008,133.9082460056699,129.66445252721357,131.1909942626953,28512473,0.0,0.0,POWERGRID.NS,516
2022-01-28 00:00:00+05:30,132.80916192803735,132.80916192803735,127.77157302731871,128.35165405273438,18932049,0.0,0.0,POWERGRID.NS,517
2022-01-31 00:00:00+05:30,129.450740936747,132.35117027377316,128.96224260551008,131.52684020996094,19907759,0.0,0.0,POWERGRID.NS,518
2022-02-01 00:00:00+05:30,132.503825385849,132.53436119040288,129.0233151260313,130.03082275390625,8622355,0.0,0.0,POWERGRID.NS,519
2022-02-02 00:00:00+05:30,131.19101887313514,132.99234591273597,130.21403446375766,130.6719970703125,9921099,0.0,0.0,POWERGRID.NS,520
2022-02-03 00:00:00+05:30,130.67200648037544,131.28262333308749,128.84015592223935,129.02334594726562,4594389,0.0,0.0,POWERGRID.NS,521
2022-02-04 00:00:00+05:30,129.4507491578196,130.27507927398284,127.67995812341336,128.04632568359375,7329263,0.0,0.0,POWERGRID.NS,522
2022-02-07 00:00:00+05:30,128.87065112100623,130.85515526691162,128.22949865850262,130.458251953125,7869237,0.0,0.0,POWERGRID.NS,523
2022-02-08 00:00:00+05:30,130.6719712315841,131.52683707938706,127.3135794475948,128.26004028320312,9074237,0.0,0.0,POWERGRID.NS,524
2022-02-09 00:00:00+05:30,128.59590502815539,129.23705768439746,127.43573053844821,127.83263397216797,9833985,0.0,0.0,POWERGRID.NS,525
2022-02-10 00:00:00+05:30,128.26005916879333,131.71003402554956,128.26005916879333,129.48129272460938,19180334,0.0,0.0,POWERGRID.NS,526
2022-02-11 00:00:00+05:30,128.35163202171412,129.4507471078795,126.42819925546853,126.88616180419922,20071130,0.0,0.0,POWERGRID.NS,527
2022-02-14 00:00:00+05:30,126.36713371913545,126.36713371913545,122.88662315066397,123.25299072265625,12109375,0.0,0.0,POWERGRID.NS,528
2022-02-15 00:00:00+05:30,123.34459109593685,124.47422966839753,121.5127407331259,124.22998046875,19046061,0.0,0.0,POWERGRID.NS,529
2022-02-16 00:00:00+05:30,124.63789791117648,126.14409865774482,122.81790587441472,123.19446563720703,20270061,4.125,0.0,POWERGRID.NS,530
2022-02-17 00:00:00+05:30,124.41825974169117,124.79480677617197,123.00619878623692,123.63378143310547,16405551,0.0,0.0,POWERGRID.NS,531
2022-02-18 00:00:00+05:30,123.50826031263014,125.61065946091036,122.53550217908824,122.81790924072266,14600643,0.0,0.0,POWERGRID.NS,532
2022-02-21 00:00:00+05:30,122.8179217157832,124.88894960546617,122.72379453114465,124.35550689697266,10682638,0.0,0.0,POWERGRID.NS,533
2022-02-22 00:00:00+05:30,121.8765477237822,124.5437740344517,120.37035955114214,124.35550689697266,13606058,0.0,0.0,POWERGRID.NS,534
2022-02-23 00:00:00+05:30,124.48102227040386,125.20274490747084,124.01033525947351,124.29275512695312,6493463,0.0,0.0,POWERGRID.NS,535
2022-02-24 00:00:00+05:30,121.75103008140044,123.00619533997158,119.17794385496987,119.93103790283203,13145037,0.0,0.0,POWERGRID.NS,536
2022-02-25 00:00:00+05:30,120.84104209972415,124.19860666064929,120.59000649078925,123.82205963134766,10920938,0.0,0.0,POWERGRID.NS,537
2022-02-28 00:00:00+05:30,123.91617221095913,131.94923414109786,123.03756683551892,131.25889587402344,31938385,0.0,0.0,POWERGRID.NS,538
2022-03-02 00:00:00+05:30,130.38027488754994,133.76922321444027,129.40751682683708,132.35716247558594,20502615,0.0,0.0,POWERGRID.NS,539
2022-03-03 00:00:00+05:30,132.23166851353034,137.66026137006605,132.23166851353034,136.71888732910156,19805555,0.0,0.0,POWERGRID.NS,540
2022-03-04 00:00:00+05:30,135.52646883634236,136.499227055976,132.38855557068774,134.96165466308594,12794317,0.0,0.0,POWERGRID.NS,541
2022-03-07 00:00:00+05:30,132.10616097725466,135.05579461863425,131.07064694802037,133.5496063232422,17635653,0.0,0.0,POWERGRID.NS,542
2022-03-08 00:00:00+05:30,134.30269538651623,140.20197521414389,131.66685320116466,133.26718139648438,28410490,0.0,0.0,POWERGRID.NS,543
2022-03-09 00:00:00+05:30,135.02440779570293,135.55785048703476,129.65857110664385,130.59994506835938,22830958,0.0,0.0,POWERGRID.NS,544
2022-03-10 00:00:00+05:30,132.41993817578378,132.67097378757725,129.94099183380212,131.0706329345703,16516553,0.0,0.0,POWERGRID.NS,545
2022-03-11 00:00:00+05:30,131.35305045381295,133.6751010932222,130.38029226345967,133.32992553710938,12992850,0.0,0.0,POWERGRID.NS,546
2022-03-14 00:00:00+05:30,133.32992105872512,134.3026792164047,131.54131316485712,133.92613220214844,12598659,0.0,0.0,POWERGRID.NS,547
2022-03-15 00:00:00+05:30,133.80060341015894,134.961641419078,130.7254589261478,131.57269287109375,14528285,0.0,0.0,POWERGRID.NS,548
2022-03-16 00:00:00+05:30,132.57683956300752,132.92201514015656,131.13339430900515,131.38442993164062,11933774,0.0,0.0,POWERGRID.NS,549
2022-03-17 00:00:00+05:30,133.04752855952805,133.51821557094146,130.38030216151864,132.76512145996094,28464621,0.0,0.0,POWERGRID.NS,550
2022-03-21 00:00:00+05:30,135.55783897621396,135.55783897621396,128.3406392159063,128.5916748046875,17797415,0.0,0.0,POWERGRID.NS,551
2022-03-22 00:00:00+05:30,128.65443564558547,131.4785574036593,128.05823727060582,130.9764862060547,13285297,0.0,0.0,POWERGRID.NS,552
2022-03-23 00:00:00+05:30,131.47855553032463,132.16889384104417,130.7254615128489,131.8551025390625,9408783,0.0,0.0,POWERGRID.NS,553
2022-03-24 00:00:00+05:30,131.79235926726534,132.5454533557975,130.53719394091044,132.26304626464844,11188958,0.0,0.0,POWERGRID.NS,554
2022-03-25 00:00:00+05:30,132.2630311681534,132.29441540501085,129.72131656511507,131.57269287109375,9842670,0.0,0.0,POWERGRID.NS,555
2022-03-28 00:00:00+05:30,131.5726674498971,133.5181705541559,130.22336258513442,133.2357635498047,12823578,0.0,0.0,POWERGRID.NS,556
2022-03-29 00:00:00+05:30,134.20854338371393,134.58509040950977,131.60407290564055,132.60821533203125,10470515,0.0,0.0,POWERGRID.NS,557
2022-03-30 00:00:00+05:30,133.73785372491702,137.25231384213518,132.9220039801027,136.24818420410156,54218485,0.0,0.0,POWERGRID.NS,558
2022-03-31 00:00:00+05:30,135.2754277949589,136.34231305450353,134.7733566327026,136.05990600585938,10326026,0.0,0.0,POWERGRID.NS,559
2022-04-01 00:00:00+05:30,135.6206151241073,141.67679056340378,135.6206151241073,141.23748779296875,39663961,0.0,0.0,POWERGRID.NS,560
2022-04-04 00:00:00+05:30,141.83367727863015,143.151598274924,140.60989623240044,142.71229553222656,9907530,0.0,0.0,POWERGRID.NS,561
2022-04-05 00:00:00+05:30,144.3126316772878,147.23089368319287,142.39851217059476,146.25814819335938,17167487,0.0,0.0,POWERGRID.NS,562
2022-04-06 00:00:00+05:30,145.1912326342982,149.6470665614636,145.0657212209924,148.51742553710938,17153675,0.0,0.0,POWERGRID.NS,563
2022-04-07 00:00:00+05:30,148.07811593786687,150.5570749788611,144.34400440934053,145.1912384033203,11913911,0.0,0.0,POWERGRID.NS,564
2022-04-08 00:00:00+05:30,146.22674359767177,146.91708189363442,144.7205428267166,145.9757080078125,6746769,0.0,0.0,POWERGRID.NS,565
2022-04-11 00:00:00+05:30,145.91297373285528,147.8271060224382,143.33988728733573,144.90884399414062,12413822,0.0,0.0,POWERGRID.NS,566
2022-04-12 00:00:00+05:30,143.8733294975069,146.63469584521073,143.4653982015616,146.28952026367188,14769907,0.0,0.0,POWERGRID.NS,567
2022-04-13 00:00:00+05:30,147.45053260047843,147.7015682040574,142.80643139117294,144.03021240234375,11015439,0.0,0.0,POWERGRID.NS,568
2022-04-18 00:00:00+05:30,144.03020269693874,145.47364774410104,142.80642176823181,145.03433227539062,19069923,0.0,0.0,POWERGRID.NS,569
2022-04-19 00:00:00+05:30,146.03846293571866,146.4463941710431,142.14745600231728,142.99468994140625,15036942,0.0,0.0,POWERGRID.NS,570
2022-04-20 00:00:00+05:30,143.24572088434832,143.71640780948857,140.23331945617076,142.46124267578125,9814641,0.0,0.0,POWERGRID.NS,571
2022-04-21 00:00:00+05:30,141.89642624512348,143.49676701554782,141.36298357771568,142.61814880371094,11134333,0.0,0.0,POWERGRID.NS,572
2022-04-22 00:00:00+05:30,141.23747204262148,144.4695122822576,141.01780791369782,141.48849487304688,12032249,0.0,0.0,POWERGRID.NS,573
2022-04-25 00:00:00+05:30,140.54711931789322,142.3984956640303,139.00954704253598,139.85678100585938,11042683,0.0,0.0,POWERGRID.NS,574
2022-04-26 00:00:00+05:30,142.46125183300927,145.7246762831371,140.79815537030535,145.34812927246094,15389155,0.0,0.0,POWERGRID.NS,575
2022-04-27 00:00:00+05:30,145.19123025754203,146.13260414652743,142.74365559253985,143.90469360351562,12680209,0.0,0.0,POWERGRID.NS,576
2022-04-28 00:00:00+05:30,146.47779796254963,148.2664060212288,144.3753985683758,147.8584747314453,18378146,0.0,0.0,POWERGRID.NS,577
2022-04-29 00:00:00+05:30,147.54469138754487,148.32916976877192,142.4926582733643,142.9319610595703,9026331,0.0,0.0,POWERGRID.NS,578
2022-05-02 00:00:00+05:30,141.77091293252468,146.3836425226862,141.77091293252468,145.31675720214844,12634353,0.0,0.0,POWERGRID.NS,579
2022-05-04 00:00:00+05:30,146.22673965825277,150.27464215095438,146.16398395452876,149.11361694335938,23124643,0.0,0.0,POWERGRID.NS,580
2022-05-05 00:00:00+05:30,149.6157106920094,151.0277716958321,146.13262177529927,146.69744873046875,16481935,0.0,0.0,POWERGRID.NS,581
2022-05-06 00:00:00+05:30,145.25398547348996,150.0863790815778,145.25398547348996,149.61569213867188,17715186,0.0,0.0,POWERGRID.NS,582
2022-05-09 00:00:00+05:30,149.9922323646411,154.667717345715,147.88983333492732,153.85186767578125,54118806,0.0,0.0,POWERGRID.NS,583
2022-05-10 00:00:00+05:30,154.2598123824839,155.86014039508552,152.18878463888055,152.91050720214844,30997494,0.0,0.0,POWERGRID.NS,584
2022-05-11 00:00:00+05:30,153.13016921266177,155.6404998554923,149.80397600363057,150.11776733398438,15412618,0.0,0.0,POWERGRID.NS,585
2022-05-12 00:00:00+05:30,149.9922411743312,151.8122332652331,145.69330292443925,148.04673767089844,26538994,0.0,0.0,POWERGRID.NS,586
2022-05-13 00:00:00+05:30,150.52568586439475,150.52568586439475,146.289503263512,148.2977752685547,15074553,0.0,0.0,POWERGRID.NS,587
2022-05-16 00:00:00+05:30,147.7957017615944,149.30190254974758,146.22674526730995,147.607421875,7960529,0.0,0.0,POWERGRID.NS,588
2022-05-17 00:00:00+05:30,147.419163387391,150.18052953263836,146.06985816966997,149.77259826660156,15470937,0.0,0.0,POWERGRID.NS,589
2022-05-18 00:00:00+05:30,149.05088358586403,149.52157058666148,142.52402128783208,143.02609252929688,19181550,0.0,0.0,POWERGRID.NS,590
2022-05-19 00:00:00+05:30,139.95090702569965,144.1243334884019,139.10367314667275,143.277099609375,15085602,0.0,0.0,POWERGRID.NS,591
2022-05-20 00:00:00+05:30,144.8146726980425,146.2894891296264,142.30434251042746,143.74778747558594,15148281,0.0,0.0,POWERGRID.NS,592
2022-05-23 00:00:00+05:30,145.59916134179153,145.59916134179153,140.7040120169856,140.95504760742188,11572501,0.0,0.0,POWERGRID.NS,593
2022-05-24 00:00:00+05:30,141.20607754207393,144.12433903158345,140.95504196169247,142.46124267578125,16336858,0.0,0.0,POWERGRID.NS,594
2022-05-25 00:00:00+05:30,143.3398772096587,143.96745984825773,139.66852132749466,141.11195373535156,11062614,0.0,0.0,POWERGRID.NS,595
2022-05-26 00:00:00+05:30,142.46125006201123,143.77917096709453,140.51574655753578,142.58676147460938,14150454,0.0,0.0,POWERGRID.NS,596
2022-05-27 00:00:00+05:30,143.46539725697943,143.49678149807718,140.20197244730835,141.017822265625,8430491,0.0,0.0,POWERGRID.NS,597
2022-05-30 00:00:00+05:30,140.8922928040286,144.28124137611755,140.76678139210705,143.2457275390625,9305758,0.0,0.0,POWERGRID.NS,598
2022-05-31 00:00:00+05:30,143.24573959416995,147.57606242469868,143.21435535444806,146.16400146484375,26351545,0.0,0.0,POWERGRID.NS,599
2022-06-01 00:00:00+05:30,145.69329517497223,146.22673780215555,143.1829649122743,143.8419189453125,10282009,0.0,0.0,POWERGRID.NS,600
2022-06-02 00:00:00+05:30,143.9674446218843,143.9674446218843,140.9236717002367,141.55125427246094,10071898,0.0,0.0,POWERGRID.NS,601
2022-06-03 00:00:00+05:30,141.8336639404297,143.15158481278476,141.2060813566225,141.8336639404297,16082518,0.0,0.0,POWERGRID.NS,602
2022-06-06 00:00:00+05:30,141.83364504039596,142.74363455837567,140.29607302223752,141.08055114746094,12693293,0.0,0.0,POWERGRID.NS,603
2022-06-07 00:00:00+05:30,140.5471183668408,141.99056345621744,140.39022271661295,141.20608520507812,9103195,0.0,0.0,POWERGRID.NS,604
2022-06-08 00:00:00+05:30,139.98231681000252,142.14747187028237,139.98231681000252,140.92369079589844,11240130,0.0,0.0,POWERGRID.NS,605
2022-06-09 00:00:00+05:30,141.01781378592142,141.64539642452044,138.6957631303856,141.11195373535156,9468041,0.0,0.0,POWERGRID.NS,606
2022-06-10 00:00:00+05:30,139.35471294525124,142.74364856417495,139.35471294525124,140.86090087890625,9019239,0.0,0.0,POWERGRID.NS,607
2022-06-13 00:00:00+05:30,139.2291927190152,141.51987168800434,139.00954136981358,139.54298400878906,10186775,0.0,0.0,POWERGRID.NS,608
2022-06-14 00:00:00+05:30,139.54298952727856,142.6495310798138,139.32333816939038,140.547119140625,17023962,0.0,0.0,POWERGRID.NS,609
2022-06-15 00:00:00+05:30,140.73542052742064,142.02197017018094,139.26060373551186,139.48025512695312,5898563,0.0,0.0,POWERGRID.NS,610
2022-06-16 00:00:00+05:30,140.1705746473,140.766785793069,135.33819361423008,135.77749633789062,11883333,0.0,0.0,POWERGRID.NS,611
2022-06-17 00:00:00+05:30,134.42819535911062,136.12267613515405,131.9492490572304,132.63958740234375,19675226,0.0,0.0,POWERGRID.NS,612
2022-06-20 00:00:00+05:30,131.2275038737358,132.35715752988816,129.50165192406922,130.69406127929688,7402273,0.0,0.0,POWERGRID.NS,613
2022-06-21 00:00:00+05:30,131.1961437135236,133.76922974292873,130.09787419637016,132.01199340820312,9459619,0.0,0.0,POWERGRID.NS,614
2022-06-22 00:00:00+05:30,132.29442681572607,132.5768338989995,130.66270172240786,132.20028686523438,10257637,0.0,0.0,POWERGRID.NS,615
2022-06-23 00:00:00+05:30,131.8551000935091,132.85922968758646,129.3761539611118,130.88235473632812,13114525,0.0,0.0,POWERGRID.NS,616
2022-06-24 00:00:00+05:30,133.04750908200435,133.04750908200435,130.38028307446416,131.1333770751953,9499105,0.0,0.0,POWERGRID.NS,617
2022-06-27 00:00:00+05:30,133.89476262643174,133.89476262643174,131.5727118107398,132.76512145996094,17545390,0.0,0.0,POWERGRID.NS,618
2022-06-28 00:00:00+05:30,131.50993440411526,132.76509956084954,130.75682764915453,131.98062133789062,6770087,0.0,0.0,POWERGRID.NS,619
2022-06-29 00:00:00+05:30,131.22753121736378,134.93027145273024,130.8195999360756,132.48269653320312,41502918,0.0,0.0,POWERGRID.NS,620
2022-06-30 00:00:00+05:30,132.73372087424386,134.7733643392145,132.04338256281702,132.98475646972656,22260722,0.0,0.0,POWERGRID.NS,621
2022-07-01 00:00:00+05:30,132.45133153571055,133.61235695597478,128.77996259285518,129.5958251953125,11133663,0.0,0.0,POWERGRID.NS,622
2022-07-04 00:00:00+05:30,128.68585688521932,133.141692164416,128.68585688521932,132.231689453125,20178279,0.0,0.0,POWERGRID.NS,623
2022-07-05 00:00:00+05:30,132.41994730427353,135.52647650578947,132.38856306256022,134.39683532714844,20083997,0.0,0.0,POWERGRID.NS,624
2022-07-06 00:00:00+05:30,134.30266062440992,134.3968005569921,130.66267686469297,132.07473754882812,19203527,0.0,0.0,POWERGRID.NS,625
2022-07-07 00:00:00+05:30,133.8320029523536,135.11855251943427,133.11028033589866,133.3927001953125,14069302,0.0,0.0,POWERGRID.NS,626
2022-07-08 00:00:00+05:30,134.30267713166018,137.69162574376278,133.45544317068473,137.31507873535156,17142257,0.0,0.0,POWERGRID.NS,627
2022-07-11 00:00:00+05:30,138.06817574674915,138.8526540180375,135.68335669475215,136.21681213378906,10826079,0.0,0.0,POWERGRID.NS,628
2022-07-12 00:00:00+05:30,134.99300588350553,136.1540310639833,133.76922500076952,133.98887634277344,8503695,0.0,0.0,POWERGRID.NS,629
2022-07-13 00:00:00+05:30,134.6164977696813,135.99717469080687,133.95753078520562,134.58511352539062,10210005,0.0,0.0,POWERGRID.NS,630
2022-07-14 00:00:00+05:30,137.59748663083374,137.59748663083374,133.58095539104838,134.83612060546875,10898403,0.0,0.0,POWERGRID.NS,631
2022-07-15 00:00:00+05:30,136.18543931021625,136.18543931021625,131.03926652651197,131.35305786132812,22067479,0.0,0.0,POWERGRID.NS,632
2022-07-18 00:00:00+05:30,132.01200497756093,133.29855448911516,131.10201526230648,131.94924926757812,15155654,0.0,0.0,POWERGRID.NS,633
2022-07-19 00:00:00+05:30,131.72960268617385,132.73373238699776,131.54132278118104,131.7923583984375,14922395,0.0,0.0,POWERGRID.NS,634
2022-07-20 00:00:00+05:30,132.60818926544067,133.23577177447123,130.8509531328755,131.32164001464844,14181034,0.0,0.0,POWERGRID.NS,635
2022-07-21 00:00:00+05:30,131.7609345300652,133.8005775585071,131.44714329492032,133.2357635498047,12461554,0.0,0.0,POWERGRID.NS,636
2022-07-22 00:00:00+05:30,134.27130479436545,134.27130479436545,131.4785670689174,131.7923583984375,9272199,0.0,0.0,POWERGRID.NS,637
2022-07-25 00:00:00+05:30,131.79234718776877,132.4199297934248,130.1606349667032,130.47442626953125,6635194,0.0,0.0,POWERGRID.NS,638
2022-07-26 00:00:00+05:30,130.4743994215913,132.41990254515537,129.97232833309818,131.2274932861328,11451315,0.0,0.0,POWERGRID.NS,639
2022-07-27 00:00:00+05:30,131.7295998809776,132.41993823758057,131.4158085581397,132.20028686523438,9209354,0.0,0.0,POWERGRID.NS,640
2022-07-28 00:00:00+05:30,132.41993286132558,134.80475192535027,131.82373447941995,134.42819213867188,13192642,0.0,0.0,POWERGRID.NS,641
2022-07-29 00:00:00+05:30,135.80887097121428,136.6874891245983,133.58094773601192,134.2712860107422,15433067,0.0,0.0,POWERGRID.NS,642
2022-08-01 00:00:00+05:30,134.9616481898231,138.1623170136345,134.39682127545612,137.40921020507812,12136557,0.0,0.0,POWERGRID.NS,643
2022-08-02 00:00:00+05:30,138.03682377675204,140.20199197256838,136.4051111446757,139.69992065429688,17748747,0.0,0.0,POWERGRID.NS,644
2022-08-03 00:00:00+05:30,140.170557978032,141.04917608906766,137.84850768362304,140.32745361328125,12406038,0.0,0.0,POWERGRID.NS,645
2022-08-04 00:00:00+05:30,140.57851079752785,140.70402221774506,137.50335332019165,138.57025146484375,9712267,0.0,0.0,POWERGRID.NS,646
2022-08-05 00:00:00+05:30,139.13504729953561,141.04917919906086,137.34643957189718,140.3588409423828,14099223,0.0,0.0,POWERGRID.NS,647
2022-08-08 00:00:00+05:30,141.20609321921157,142.0219557539809,138.75851838310493,139.26058959960938,8392041,0.0,0.0,POWERGRID.NS,648
2022-08-10 00:00:00+05:30,138.53887241372058,141.14334301047282,138.4133609888032,140.2647247314453,8585266,0.0,0.0,POWERGRID.NS,649
2022-08-11 00:00:00+05:30,140.9864348024244,142.3984956640303,139.1350584562873,139.85678100585938,5040626,0.0,0.0,POWERGRID.NS,650
2022-08-12 00:00:00+05:30,139.95092660758021,143.46538678489264,139.32334397705296,143.12022399902344,13279062,0.0,0.0,POWERGRID.NS,651
2022-08-16 00:00:00+05:30,143.84192002274915,144.31260695053066,142.49262771100223,143.6222686767578,11298246,0.0,0.0,POWERGRID.NS,652
2022-08-17 00:00:00+05:30,143.6222697558448,144.940190609895,142.90054724085056,143.40261840820312,11225465,0.0,0.0,POWERGRID.NS,653
2022-08-18 00:00:00+05:30,143.0574549149333,145.41088976943342,142.93194349664046,145.1912384033203,11360485,0.0,0.0,POWERGRID.NS,654
2022-08-19 00:00:00+05:30,144.77930373212206,145.57148642466726,143.03650180852262,144.5891876220703,9829530,1.6875,0.0,POWERGRID.NS,655
2022-08-22 00:00:00+05:30,144.55748777054902,146.26861003517342,143.00481492993597,143.19493103027344,9190493,0.0,0.0,POWERGRID.NS,656
2022-08-23 00:00:00+05:30,142.56120341237326,145.03281618634665,142.0858937594399,144.20895385742188,8903751,0.0,0.0,POWERGRID.NS,657
2022-08-24 00:00:00+05:30,144.08219102451895,145.7299285089987,143.54350935180813,145.41305541992188,13007225,0.0,0.0,POWERGRID.NS,658
2022-08-25 00:00:00+05:30,146.0784920599459,146.39536514467463,142.65626016615582,143.41676330566406,12124365,0.0,0.0,POWERGRID.NS,659
2022-08-26 00:00:00+05:30,143.60686354332893,146.522093021809,143.60686354332893,146.04678344726562,7966045,0.0,0.0,POWERGRID.NS,660
2022-08-29 00:00:00+05:30,144.65254950016853,145.06448705008242,142.97311973119514,143.89205932617188,7517013,0.0,0.0,POWERGRID.NS,661
2022-08-30 00:00:00+05:30,144.6208552956159,145.92003996194518,144.55748326414565,145.5081024169922,7214498,0.0,0.0,POWERGRID.NS,662
2022-09-01 00:00:00+05:30,142.62456760496238,145.82497773310055,142.59287514193622,143.2899932861328,13109081,0.0,0.0,POWERGRID.NS,663
2022-09-02 00:00:00+05:30,144.17722835724678,145.03278295779026,141.83237309744666,142.0858612060547,6897237,0.0,0.0,POWERGRID.NS,664
2022-09-05 00:00:00+05:30,142.59289453622435,142.94146010253044,140.50152692558663,141.5789031982422,18055474,0.0,0.0,POWERGRID.NS,665
2022-09-06 00:00:00+05:30,141.95914934271156,144.49413415240284,141.95914934271156,142.6245880126953,14103701,0.0,0.0,POWERGRID.NS,666
2022-09-07 00:00:00+05:30,141.35707654640322,143.82867608768714,141.35707654640322,142.21263122558594,7866745,0.0,0.0,POWERGRID.NS,667
2022-09-08 00:00:00+05:30,143.2266224340098,143.79699651799754,141.61056467831088,142.21263122558594,7187735,0.0,0.0,POWERGRID.NS,668
2022-09-09 00:00:00+05:30,143.25831146634005,143.32168349779923,141.008507647558,141.2620086669922,9162027,0.0,0.0,POWERGRID.NS,669
2022-09-12 00:00:00+05:30,141.67392585102328,142.40272344846005,140.81835842169215,141.9274139404297,8778919,0.0,0.0,POWERGRID.NS,670
2022-09-13 00:00:00+05:30,142.14926199568188,144.1772444525199,141.83238893095105,143.73362731933594,11278383,0.0,0.0,POWERGRID.NS,671
2022-09-14 00:00:00+05:30,142.59286700136778,147.7895796635344,142.40273802126052,147.37765502929688,25072958,0.0,0.0,POWERGRID.NS,672
2022-09-15 00:00:00+05:30,147.94803018245628,150.9900167904481,147.25091201209094,150.5780792236328,23606369,0.0,0.0,POWERGRID.NS,673
2022-09-16 00:00:00+05:30,151.08507165908426,151.11675122768267,147.91634118340548,149.34226989746094,29399642,0.0,0.0,POWERGRID.NS,674
2022-09-19 00:00:00+05:30,149.5323853756678,150.89494205333267,146.80728491393523,147.75790405273438,13920046,0.0,0.0,POWERGRID.NS,675
2022-09-20 00:00:00+05:30,148.29660774440947,149.7225366650288,147.09248741049998,147.4727325439453,20162973,0.0,0.0,POWERGRID.NS,676
2022-09-21 00:00:00+05:30,148.20152513481568,148.51839818958058,142.149257524965,143.89205932617188,14468837,0.0,0.0,POWERGRID.NS,677
2022-09-22 00:00:00+05:30,141.95914628425487,143.4801397160203,138.88547984744508,139.48753356933594,26264530,0.0,0.0,POWERGRID.NS,678
2022-09-23 00:00:00+05:30,138.346764970724,139.2656915665117,125.54508729307129,128.36526489257812,87162722,0.0,0.0,POWERGRID.NS,679
2022-09-26 00:00:00+05:30,126.74922122056336,132.6747447339052,118.0985842935404,127.28790283203125,167547134,0.0,0.0,POWERGRID.NS,680
2022-09-27 00:00:00+05:30,130.42497312031355,131.755837561623,127.54142275281025,129.82290649414062,54127095,0.0,0.0,POWERGRID.NS,681
2022-09-28 00:00:00+05:30,130.0447388249981,133.3402274028194,128.3653214032642,131.6291046142578,52877873,0.0,0.0,POWERGRID.NS,682
2022-09-29 00:00:00+05:30,132.42125229075708,134.4175552330174,130.58339877888406,131.81919860839844,36761869,0.0,0.0,POWERGRID.NS,683
2022-09-30 00:00:00+05:30,131.185451724411,138.6002764470471,131.185451724411,134.48092651367188,62897614,0.0,0.0,POWERGRID.NS,684
2022-10-03 00:00:00+05:30,134.98792528926552,136.03360897938083,132.45294077679105,133.59368896484375,11740863,0.0,0.0,POWERGRID.NS,685
2022-10-04 00:00:00+05:30,134.41753044770917,134.57596695528395,131.81917430220227,132.10435485839844,19179333,0.0,0.0,POWERGRID.NS,686
2022-10-06 00:00:00+05:30,132.3578660547736,133.65705067449952,130.29819129748918,130.7418212890625,20692745,0.0,0.0,POWERGRID.NS,687
2022-10-07 00:00:00+05:30,129.28420463235645,132.9282447139057,129.28420463235645,132.70643615722656,14282850,0.0,0.0,POWERGRID.NS,688
2022-10-10 00:00:00+05:30,131.78751844213994,134.3225032673302,131.53403027450057,132.4212646484375,16834226,0.0,0.0,POWERGRID.NS,689
2022-10-11 00:00:00+05:30,133.08669941339653,134.00562622809696,130.9002802233304,132.041015625,17807162,0.0,0.0,POWERGRID.NS,690
2022-10-12 00:00:00+05:30,133.37187294729281,136.85747679417344,132.6747547566364,136.60398864746094,35288330,0.0,0.0,POWERGRID.NS,691
2022-10-13 00:00:00+05:30,136.22371188704656,137.71302545874897,135.14634873103736,135.5899658203125,16436903,0.0,0.0,POWERGRID.NS,692
2022-10-14 00:00:00+05:30,138.15668368673195,138.15668368673195,134.06902549656016,134.76614379882812,23365190,0.0,0.0,POWERGRID.NS,693
2022-10-17 00:00:00+05:30,134.3224662627327,136.2237043578519,133.72041269005,134.25909423828125,9520537,0.0,0.0,POWERGRID.NS,694
2022-10-18 00:00:00+05:30,134.95623387062773,136.255418600772,134.0689995992686,134.57598876953125,13256574,0.0,0.0,POWERGRID.NS,695
2022-10-19 00:00:00+05:30,134.98791452567258,137.4595268069747,134.95622206435453,135.55828857421875,11595367,0.0,0.0,POWERGRID.NS,696
2022-10-20 00:00:00+05:30,134.70274454153133,138.15665577855603,134.57598757988762,137.83978271484375,16371066,0.0,0.0,POWERGRID.NS,697
2022-10-21 00:00:00+05:30,136.47724560913798,138.72704984281148,135.62169079267053,137.7130584716797,11634491,0.0,0.0,POWERGRID.NS,698
2022-10-24 00:00:00+05:30,139.297394274114,139.5825748541752,138.5368912379557,138.69532775878906,1132859,0.0,0.0,POWERGRID.NS,699
2022-10-25 00:00:00+05:30,138.69531927907357,139.04388476103475,135.78009005269413,138.4735107421875,20622687,0.0,0.0,POWERGRID.NS,700
2022-10-27 00:00:00+05:30,138.98052252147255,142.49780558043685,137.74470991135223,141.895751953125,24298489,0.0,0.0,POWERGRID.NS,701
2022-10-28 00:00:00+05:30,141.83238893095105,145.1278636467123,141.45213093839567,143.73362731933594,11669879,0.0,0.0,POWERGRID.NS,702
2022-10-31 00:00:00+05:30,144.46243065510396,145.92005196682655,143.67024796255876,144.5891876220703,11755682,0.0,0.0,POWERGRID.NS,703
2022-11-01 00:00:00+05:30,146.17351834922724,149.50068486904155,145.6348368247383,149.02537536621094,15220278,0.0,0.0,POWERGRID.NS,704
2022-11-02 00:00:00+05:30,149.02540936310973,149.91265654951874,147.56778806446647,147.8529815673828,12884449,0.0,0.0,POWERGRID.NS,705
2022-11-03 00:00:00+05:30,147.6628718157385,148.0431169755998,143.67026540319483,144.5258331298828,9358215,0.0,0.0,POWERGRID.NS,706
2022-11-04 00:00:00+05:30,144.4941135193611,145.41304022421622,142.59287518358002,143.32168579101562,8059667,0.0,0.0,POWERGRID.NS,707
2022-11-07 00:00:00+05:30,144.05050820892959,146.96573798408954,143.48013408271166,144.49412536621094,14862038,0.0,0.0,POWERGRID.NS,708
2022-11-09 00:00:00+05:30,146.39536376953126,146.39536376953126,138.18835610958791,138.63197326660156,22831150,0.0,0.0,POWERGRID.NS,709
2022-11-10 00:00:00+05:30,136.88918062647423,139.51922996260092,135.3048151099641,136.1920623779297,16217631,0.0,0.0,POWERGRID.NS,710
2022-11-11 00:00:00+05:30,136.88915050357448,138.06157814907556,135.33647779650502,135.65335083007812,12123886,0.0,0.0,POWERGRID.NS,711
2022-11-14 00:00:00+05:30,136.88626406252902,138.67074967852398,136.4320366410689,137.1458282470703,18460862,3.75,0.0,POWERGRID.NS,712
2022-11-15 00:00:00+05:30,136.26980039808487,140.4876751723113,136.04268670448442,140.16322326660156,15258103,0.0,0.0,POWERGRID.NS,713
2022-11-16 00:00:00+05:30,140.13078731807772,141.1041431360833,138.50852762140175,140.8770294189453,9825807,0.0,0.0,POWERGRID.NS,714
2022-11-17 00:00:00+05:30,140.74724791066137,143.05084866033135,140.32545776714971,141.6557159423828,9449665,0.0,0.0,POWERGRID.NS,715
2022-11-18 00:00:00+05:30,141.68817138671875,141.9801860782881,140.71481548545623,141.68817138671875,5828998,0.0,0.0,POWERGRID.NS,716
2022-11-21 00:00:00+05:30,141.13655845972403,142.43436589383646,140.48765474266784,142.14236450195312,4712051,0.0,0.0,POWERGRID.NS,717
2022-11-22 00:00:00+05:30,141.7854651235565,142.23969245414423,140.74722179508439,141.33123779296875,4366445,0.0,0.0,POWERGRID.NS,718
2022-11-23 00:00:00+05:30,141.62329403928283,141.98019651009577,139.02767811187329,139.6116943359375,13510578,0.0,0.0,POWERGRID.NS,719
2022-11-24 00:00:00+05:30,139.77392589176412,143.40778569429943,139.57924940866985,143.2455596923828,7622243,0.0,0.0,POWERGRID.NS,720
2022-11-25 00:00:00+05:30,143.24553158182044,143.3428698042659,140.5525778380736,143.148193359375,10989671,0.0,0.0,POWERGRID.NS,721
2022-11-28 00:00:00+05:30,142.2073013953864,144.18645049542644,142.2073013953864,143.60244750976562,4526153,0.0,0.0,POWERGRID.NS,722
2022-11-29 00:00:00+05:30,143.60242177170306,144.21887512473924,141.81793625272428,142.33705139160156,6476054,0.0,0.0,POWERGRID.NS,723
2022-11-30 00:00:00+05:30,142.337056142181,145.97091504353256,141.23392488351482,145.35446166992188,17317951,0.0,0.0,POWERGRID.NS,724
2022-12-01 00:00:00+05:30,145.3544556350888,145.90602124152198,143.08329226579053,143.99176025390625,13241961,0.0,0.0,POWERGRID.NS,725
2022-12-02 00:00:00+05:30,141.8179594414863,143.73222075769118,141.8179594414863,142.62908935546875,12880949,0.0,0.0,POWERGRID.NS,726
2022-12-05 00:00:00+05:30,142.56416392915813,144.21887395043967,140.94190437965938,143.99176025390625,16477957,0.0,0.0,POWERGRID.NS,727
2022-12-06 00:00:00+05:30,143.76467190595102,145.4518194945111,142.36952580699364,145.030029296875,11299945,0.0,0.0,POWERGRID.NS,728
2022-12-07 00:00:00+05:30,144.6082198102595,145.4193496198324,143.050847935483,143.44020080566406,5813973,0.0,0.0,POWERGRID.NS,729
2022-12-08 00:00:00+05:30,143.92685271513912,143.95928998047813,140.74722179508439,141.33123779296875,11176439,0.0,0.0,POWERGRID.NS,730
2022-12-09 00:00:00+05:30,141.7206023248796,142.0774915182801,139.9685540229753,140.94190979003906,6020031,0.0,0.0,POWERGRID.NS,731
2022-12-12 00:00:00+05:30,140.1632325327517,141.4610402413883,139.25476449630955,139.87123107910156,8194429,0.0,0.0,POWERGRID.NS,732
2022-12-13 00:00:00+05:30,139.87124746727815,140.68237738021298,138.24898764140846,140.35792541503906,8235450,0.0,0.0,POWERGRID.NS,733
2022-12-14 00:00:00+05:30,140.35793512711652,143.11577702192406,140.35793512711652,142.23974609375,10055353,0.0,0.0,POWERGRID.NS,734
2022-12-15 00:00:00+05:30,142.43441566395072,143.018431853767,140.09836410667006,140.39036560058594,5385778,0.0,0.0,POWERGRID.NS,735
2022-12-16 00:00:00+05:30,139.51433045118114,141.5908175305916,137.95695854063183,138.34629821777344,11166617,0.0,0.0,POWERGRID.NS,736
2022-12-19 00:00:00+05:30,138.89787808783316,142.23972244311787,138.54097567999548,142.04505920410156,7758862,0.0,0.0,POWERGRID.NS,737
2022-12-20 00:00:00+05:30,142.04506426305733,142.04506426305733,138.80054481073523,141.00682067871094,6541929,0.0,0.0,POWERGRID.NS,738
2022-12-21 00:00:00+05:30,140.84458254537464,141.62326186590627,138.7680823539864,140.1956787109375,7005861,0.0,0.0,POWERGRID.NS,739
2022-12-22 00:00:00+05:30,140.2281349356842,140.8121511060138,138.11919718870473,139.51434326171875,6961415,0.0,0.0,POWERGRID.NS,740
2022-12-23 00:00:00+05:30,138.4760938912057,139.7090139326171,136.56181947896644,137.08094787597656,4554651,0.0,0.0,POWERGRID.NS,741
2022-12-26 00:00:00+05:30,137.24314694169732,139.02763230382342,136.8862445884797,137.4702606201172,6864331,0.0,0.0,POWERGRID.NS,742
2022-12-27 00:00:00+05:30,138.18408892023982,139.6441227871209,137.43785994986595,137.9894256591797,13115851,0.0,0.0,POWERGRID.NS,743
2022-12-28 00:00:00+05:30,137.8920695458475,141.72060494069348,137.8920695458475,140.00100708007812,16815549,0.0,0.0,POWERGRID.NS,744
2022-12-29 00:00:00+05:30,138.89787580450445,140.4876849725929,138.54097340253387,140.00100708007812,22536873,0.0,0.0,POWERGRID.NS,745
2022-12-30 00:00:00+05:30,140.19568044094007,140.64990784985827,138.37874440130233,138.67074584960938,4643134,0.0,0.0,POWERGRID.NS,746
2023-01-02 00:00:00+05:30,139.2223315101197,139.83878490990375,138.216525224174,139.54678344726562,5959394,0.0,0.0,POWERGRID.NS,747
2023-01-03 00:00:00+05:30,139.6765423172845,140.29299564369938,139.09252625953368,139.90365600585938,2873110,0.0,0.0,POWERGRID.NS,748
2023-01-04 00:00:00+05:30,139.77387002208778,139.77387002208778,136.5942390150701,136.95114135742188,9954542,0.0,0.0,POWERGRID.NS,749
2023-01-05 00:00:00+05:30,137.50270304889506,137.50270304889506,134.06350799856523,135.49110412597656,21273509,0.0,0.0,POWERGRID.NS,750
2023-01-06 00:00:00+05:30,135.06934622697815,136.46449221933807,134.6800065365944,135.03689575195312,11510471,0.0,0.0,POWERGRID.NS,751
2023-01-09 00:00:00+05:30,135.75066349348288,137.5351488621696,132.53859511063922,135.68577575683594,52485126,0.0,0.0,POWERGRID.NS,752
2023-01-10 00:00:00+05:30,136.20493090487932,137.85962792449158,135.6209147559641,137.43785095214844,17248326,0.0,0.0,POWERGRID.NS,753
2023-01-11 00:00:00+05:30,137.69739747810917,138.24897633538404,136.33470197621693,137.53517150878906,9164361,0.0,0.0,POWERGRID.NS,754
2023-01-12 00:00:00+05:30,138.5734203214278,138.80053402504547,137.1782744249444,138.5409698486328,21179555,0.0,0.0,POWERGRID.NS,755
2023-01-13 00:00:00+05:30,138.60586854233915,139.7414503521228,138.41120529613775,138.8654327392578,6560245,0.0,0.0,POWERGRID.NS,756
2023-01-16 00:00:00+05:30,139.51436696510794,140.09838323466147,138.02188240980294,139.9361572265625,8362194,0.0,0.0,POWERGRID.NS,757
2023-01-17 00:00:00+05:30,139.9360957495625,141.91524425769464,139.44941793907387,141.7205810546875,13000571,0.0,0.0,POWERGRID.NS,758
2023-01-18 00:00:00+05:30,141.6557102964535,142.85617973246096,140.422790388399,142.33705139160156,11171369,0.0,0.0,POWERGRID.NS,759
2023-01-19 00:00:00+05:30,141.98020215822743,143.57001169621606,141.8828639166803,143.2455596923828,11586815,0.0,0.0,POWERGRID.NS,760
2023-01-20 00:00:00+05:30,143.40774894962118,145.28957273008058,143.40774894962118,144.86778259277344,10112645,0.0,0.0,POWERGRID.NS,761
2023-01-23 00:00:00+05:30,145.35446097586657,148.1447527843213,145.06245952702056,146.06825256347656,14393610,0.0,0.0,POWERGRID.NS,762
2023-01-24 00:00:00+05:30,146.81450097669145,147.0416146913969,143.0833037143004,143.37530517578125,6150893,0.0,0.0,POWERGRID.NS,763
2023-01-25 00:00:00+05:30,143.21308926601853,143.5699917013239,141.33127846745276,142.36952209472656,5790331,0.0,0.0,POWERGRID.NS,764
2023-01-27 00:00:00+05:30,142.30462149423605,143.69975422886003,140.81213733842733,142.2721710205078,10458603,0.0,0.0,POWERGRID.NS,765
2023-01-30 00:00:00+05:30,141.46102143399534,142.01258699643813,136.62669364284616,137.4702606201172,24288177,0.0,0.0,POWERGRID.NS,766
2023-01-31 00:00:00+05:30,137.9569560950681,142.88862272273147,137.66495464288394,140.58502197265625,20997546,0.0,0.0,POWERGRID.NS,767
2023-02-01 00:00:00+05:30,146.00337414995641,146.00337414995641,138.60586721929528,140.5201416015625,20246369,0.0,0.0,POWERGRID.NS,768
2023-02-02 00:00:00+05:30,140.16320768884216,140.8769991616763,137.14580266070018,138.02182006835938,12820663,0.0,0.0,POWERGRID.NS,769
2023-02-03 00:00:00+05:30,138.34629817421057,139.61166862700094,136.52937528079426,139.4169921875,10815686,0.0,0.0,POWERGRID.NS,770
2023-02-06 00:00:00+05:30,138.5085097512055,141.03923719190536,138.24895879481087,140.84457397460938,6948201,0.0,0.0,POWERGRID.NS,771
2023-02-07 00:00:00+05:30,141.46105538517168,141.59083088913505,139.5792313657978,140.71481323242188,10035526,0.0,0.0,POWERGRID.NS,772
2023-02-08 00:00:00+05:30,141.3790366730225,141.64472702314268,139.78490808587404,140.814453125,12432719,3.75,0.0,POWERGRID.NS,773
2023-02-09 00:00:00+05:30,140.81444480564573,142.10966660479727,140.81444480564573,141.3790283203125,7011082,0.0,0.0,POWERGRID.NS,774
2023-02-10 00:00:00+05:30,140.74801311147482,142.441763505184,140.71479675502988,142.20928955078125,10892159,0.0,0.0,POWERGRID.NS,775
2023-02-13 00:00:00+05:30,142.2092794659217,143.80340770438866,142.14286027131257,143.47129821777344,7710133,0.0,0.0,POWERGRID.NS,776
2023-02-14 00:00:00+05:30,144.16875287175986,144.16875287175986,141.31260549855787,142.80709838867188,6010681,0.0,0.0,POWERGRID.NS,777
2023-02-15 00:00:00+05:30,141.6447170053051,142.93993878937397,141.4786622374208,142.47499084472656,8107497,0.0,0.0,POWERGRID.NS,778
2023-02-16 00:00:00+05:30,144.06910622584957,144.06910622584957,142.14286839073765,142.54139709472656,3963115,0.0,0.0,POWERGRID.NS,779
2023-02-17 00:00:00+05:30,142.14286341657169,143.40488219634867,141.47864442864378,142.01002502441406,6491149,0.0,0.0,POWERGRID.NS,780
2023-02-20 00:00:00+05:30,143.2056185463438,144.1355278805453,142.2757092121423,143.33847045898438,6841917,0.0,0.0,POWERGRID.NS,781
2023-02-21 00:00:00+05:30,144.5008437759259,145.29790114247962,143.5045153109489,144.2683563232422,6701434,0.0,0.0,POWERGRID.NS,782
2023-02-22 00:00:00+05:30,143.47129309888075,144.3347831386998,141.47863625028518,142.57460021972656,9128659,0.0,0.0,POWERGRID.NS,783
2023-02-23 00:00:00+05:30,142.8070977089134,143.40489756482776,141.2129692643322,141.64471435546875,10345874,0.0,0.0,POWERGRID.NS,784
2023-02-24 00:00:00+05:30,141.08013352976693,143.07279074483827,141.08013352976693,142.84031677246094,9808830,0.0,0.0,POWERGRID.NS,785
2023-02-27 00:00:00+05:30,143.77021454552226,146.09498132689592,142.508209103634,145.59681701660156,17763618,0.0,0.0,POWERGRID.NS,786
2023-02-28 00:00:00+05:30,146.52674684360662,148.12087556133122,145.29794407641793,147.62271118164062,36559278,0.0,0.0,POWERGRID.NS,787
2023-03-01 00:00:00+05:30,147.15773567233157,147.62268360107973,144.40122391699873,145.39755249023438,12896085,0.0,0.0,POWERGRID.NS,788
2023-03-02 00:00:00+05:30,144.79974476122976,146.79240179922834,143.33846833879232,146.36065673828125,79708558,0.0,0.0,POWERGRID.NS,789
2023-03-03 00:00:00+05:30,146.39388899155057,149.7481872616226,146.39388899155057,147.52305603027344,9951869,0.0,0.0,POWERGRID.NS,790
2023-03-06 00:00:00+05:30,148.78505728276272,151.9733139156786,148.1208382770361,150.87734985351562,15659957,0.0,0.0,POWERGRID.NS,791
2023-03-08 00:00:00+05:30,150.74452211588093,151.6744315757218,149.9142482255895,151.4751739501953,11591495,0.0,0.0,POWERGRID.NS,792
2023-03-09 00:00:00+05:30,152.10614719689704,153.06925931738832,149.78138075502306,149.98065185546875,13941653,0.0,0.0,POWERGRID.NS,793
2023-03-10 00:00:00+05:30,147.62267367741,151.5415685047437,147.62267367741,150.47882080078125,9605434,0.0,0.0,POWERGRID.NS,794
2023-03-13 00:00:00+05:30,151.47516695783273,152.80360512097593,149.7149836889536,150.179931640625,13209653,0.0,0.0,POWERGRID.NS,795
2023-03-14 00:00:00+05:30,149.54890470338609,151.27587133312494,148.7850501805488,149.5821075439453,9583405,0.0,0.0,POWERGRID.NS,796
2023-03-15 00:00:00+05:30,150.51203955813685,152.80360347298742,149.91423968845532,151.64122009277344,12228069,0.0,0.0,POWERGRID.NS,797
2023-03-16 00:00:00+05:30,152.40504117851825,154.69660479206271,151.6744029954517,154.1984405517578,18437817,0.0,0.0,POWERGRID.NS,798
2023-03-17 00:00:00+05:30,155.39405237881687,155.4272687391045,151.6412252906321,152.5711212158203,33711025,0.0,0.0,POWERGRID.NS,799
2023-03-20 00:00:00+05:30,149.64852604738303,152.3718208796539,149.64852604738303,151.10980224609375,9281411,0.0,0.0,POWERGRID.NS,800
2023-03-21 00:00:00+05:30,150.94376947150914,151.24266261948995,147.75551282971912,148.22047424316406,11272787,0.0,0.0,POWERGRID.NS,801
2023-03-22 00:00:00+05:30,148.1208479547321,149.25001493281508,146.659571452087,148.8514862060547,7589846,0.0,0.0,POWERGRID.NS,802
2023-03-23 00:00:00+05:30,148.78506164921578,149.11717116182564,146.95845932986157,147.55625915527344,17091298,0.0,0.0,POWERGRID.NS,803
2023-03-24 00:00:00+05:30,148.12081868707637,148.95109233442545,146.65954247316938,147.7222900390625,10371666,0.0,0.0,POWERGRID.NS,804
2023-03-27 00:00:00+05:30,148.05442934613646,150.27956046691017,145.82929822536275,146.19461059570312,19983733,0.0,0.0,POWERGRID.NS,805
2023-03-28 00:00:00+05:30,146.958472510912,148.18727511506853,145.2647084392558,147.52305603027344,8689166,0.0,0.0,POWERGRID.NS,806
2023-03-29 00:00:00+05:30,147.52304971462922,148.58579750208943,146.4935182854155,147.75552368164062,19743258,0.0,0.0,POWERGRID.NS,807
2023-03-31 00:00:00+05:30,148.78506339597783,150.61166573677667,148.12084436296007,149.9142303466797,10202058,0.0,0.0,POWERGRID.NS,808
2023-04-03 00:00:00+05:30,151.01019611084132,151.01019611084132,148.68542946977053,149.18359375,7643214,0.0,0.0,POWERGRID.NS,809
2023-04-05 00:00:00+05:30,150.51206054249099,150.51206054249099,148.58582225543782,149.8810577392578,12019382,0.0,0.0,POWERGRID.NS,810
2023-04-06 00:00:00+05:30,150.91054753921694,151.043399443965,149.21679724062975,149.61532592773438,4282875,0.0,0.0,POWERGRID.NS,811
2023-04-10 00:00:00+05:30,149.5821047081546,152.37183245429372,149.44926632129673,152.1393585205078,4145643,0.0,0.0,POWERGRID.NS,812
2023-04-11 00:00:00+05:30,152.03972218106793,154.0987982480478,151.74081554184178,153.66705322265625,5106602,0.0,0.0,POWERGRID.NS,813
2023-04-12 00:00:00+05:30,153.700285045125,153.79992060156155,150.81093498988977,150.97698974609375,9118795,0.0,0.0,POWERGRID.NS,814
2023-04-13 00:00:00+05:30,150.97700028097447,153.86635053782294,150.77772915419666,153.56744384765625,11428621,0.0,0.0,POWERGRID.NS,815
2023-04-17 00:00:00+05:30,154.49734643978033,159.34615085097062,154.2980888353574,157.18743896484375,21815047,0.0,0.0,POWERGRID.NS,816
2023-04-18 00:00:00+05:30,157.35350892451916,157.75203768543105,152.53792040570076,152.96966552734375,13482833,0.0,0.0,POWERGRID.NS,817
2023-04-19 00:00:00+05:30,152.1061646571706,153.7002931030168,151.87369068901148,152.73716735839844,8264190,0.0,0.0,POWERGRID.NS,818
2023-04-20 00:00:00+05:30,153.3349782192838,154.69663279469367,152.53792069594343,153.36819458007812,7308750,0.0,0.0,POWERGRID.NS,819
2023-04-21 00:00:00+05:30,153.96598152066326,154.33129389079224,152.50469149943376,153.7999267578125,5030650,0.0,0.0,POWERGRID.NS,820
2023-04-24 00:00:00+05:30,153.43459486548582,154.29808500392332,152.73715948339625,154.0655975341797,5725067,0.0,0.0,POWERGRID.NS,821
2023-04-25 00:00:00+05:30,153.63386178814432,155.36082850434536,153.20211673070148,154.6966094970703,8338703,0.0,0.0,POWERGRID.NS,822
2023-04-26 00:00:00+05:30,155.46047058973505,159.08045892604767,154.09881616218397,158.2834014892578,13581018,0.0,0.0,POWERGRID.NS,823
2023-04-27 00:00:00+05:30,158.08411215638245,158.28338324940225,155.09512684250126,156.7224578857422,9794457,0.0,0.0,POWERGRID.NS,824
2023-04-28 00:00:00+05:30,157.38668165967252,158.05090063863474,154.82944129338188,157.58595275878906,10585487,0.0,0.0,POWERGRID.NS,825
2023-05-02 00:00:00+05:30,158.5490792896437,160.17642404421662,158.25018612736037,159.47898864746094,6732907,0.0,0.0,POWERGRID.NS,826
2023-05-03 00:00:00+05:30,159.41257373490186,160.74101184935935,158.61551627165585,159.2133026123047,4789217,0.0,0.0,POWERGRID.NS,827
2023-05-04 00:00:00+05:30,159.18007747621172,159.87749928049308,156.05824023627187,158.64869689941406,9189783,0.0,0.0,POWERGRID.NS,828
2023-05-05 00:00:00+05:30,158.61550781130126,160.4088937647334,158.21696558736468,160.11000061035156,3896441,0.0,0.0,POWERGRID.NS,829
2023-05-08 00:00:00+05:30,160.6413737560198,163.56394026447487,160.14320947095032,162.56761169433594,8758321,0.0,0.0,POWERGRID.NS,830
2023-05-09 00:00:00+05:30,162.10265876607727,163.99568028822625,161.20595226975922,161.67091369628906,9166941,0.0,0.0,POWERGRID.NS,831
2023-05-10 00:00:00+05:30,162.833303080254,164.69310831519556,162.4679771967197,164.4938507080078,9689409,0.0,0.0,POWERGRID.NS,832
2023-05-11 00:00:00+05:30,164.52706251086306,165.5233911417651,163.79642421758263,165.09165954589844,12616726,0.0,0.0,POWERGRID.NS,833
2023-05-12 00:00:00+05:30,165.29088789489288,165.78905212213098,160.17640723400936,160.57493591308594,13853807,0.0,0.0,POWERGRID.NS,834
2023-05-15 00:00:00+05:30,161.67090935769141,163.16540212668772,160.97347399339836,161.57127380371094,12187763,0.0,0.0,POWERGRID.NS,835
2023-05-16 00:00:00+05:30,161.77055044143424,162.43476947258188,159.4125674754318,159.81109619140625,11418509,0.0,0.0,POWERGRID.NS,836
2023-05-17 00:00:00+05:30,160.01036628701465,160.67458531393163,157.71880253600864,158.61550903320312,11560929,0.0,0.0,POWERGRID.NS,837
2023-05-18 00:00:00+05:30,160.07677753288124,160.07677753288124,155.82577326912806,156.52320861816406,14497723,0.0,0.0,POWERGRID.NS,838
2023-05-19 00:00:00+05:30,156.52324755342272,157.75205029511207,154.09884491985684,155.22801208496094,10071694,0.0,0.0,POWERGRID.NS,839
2023-05-22 00:00:00+05:30,155.89223352787343,158.74838135943494,154.53059233983834,155.65975952148438,12566129,0.0,0.0,POWERGRID.NS,840
2023-05-23 00:00:00+05:30,155.46046476016755,157.1210122858537,154.9955033448332,155.49366760253906,12458561,0.0,0.0,POWERGRID.NS,841
2023-05-24 00:00:00+05:30,157.95128653538438,157.98448937785818,155.99183234089492,156.6228485107422,8877971,0.0,0.0,POWERGRID.NS,842
2023-05-25 00:00:00+05:30,157.884863815512,159.6118441677003,156.95496795026756,158.05091857910156,12502747,0.0,0.0,POWERGRID.NS,843
2023-05-26 00:00:00+05:30,157.98449877172325,158.01771512974256,155.95863877182717,157.6191864013672,6811801,0.0,0.0,POWERGRID.NS,844
2023-05-29 00:00:00+05:30,158.21697400242894,158.3166095637124,155.49367857091897,155.75936889648438,13638297,0.0,0.0,POWERGRID.NS,845
2023-05-30 00:00:00+05:30,156.68926329073014,156.68926329073014,155.22797339668887,156.1578826904297,9469926,0.0,0.0,POWERGRID.NS,846
2023-05-31 00:00:00+05:30,156.0914607330048,156.2242991239454,152.7703658237919,155.32760620117188,48104157,0.0,0.0,POWERGRID.NS,847
2023-06-01 00:00:00+05:30,154.72981464957155,155.49366922205706,152.8035903105696,154.76303100585938,8804790,0.0,0.0,POWERGRID.NS,848
2023-06-02 00:00:00+05:30,155.42724644804957,156.15788464744173,154.82944664361227,155.82577514648438,6617781,0.0,0.0,POWERGRID.NS,849
2023-06-05 00:00:00+05:30,157.05460429684672,158.08414933026697,155.95865356823018,156.49002075195312,27428302,0.0,0.0,POWERGRID.NS,850
2023-06-06 00:00:00+05:30,157.05458202969976,157.41990789649117,155.72614398837916,156.29074096679688,6898603,0.0,0.0,POWERGRID.NS,851
2023-06-07 00:00:00+05:30,157.2206172059212,159.44576145888877,156.85530489819334,158.88116455078125,11153571,0.0,0.0,POWERGRID.NS,852
2023-06-08 00:00:00+05:30,158.91443151913677,163.0325848406402,158.91443151913677,160.50856018066406,19300834,0.0,0.0,POWERGRID.NS,853
2023-06-09 00:00:00+05:30,161.7705585526187,163.06578032287075,160.60817518982836,162.66725158691406,11037141,0.0,0.0,POWERGRID.NS,854
2023-06-12 00:00:00+05:30,162.7336916287921,163.69680399014547,160.20965345524277,160.50856018066406,8188909,0.0,0.0,POWERGRID.NS,855
2023-06-13 00:00:00+05:30,160.74100395966363,161.7041161399441,160.37567809069068,160.9070587158203,6443218,0.0,0.0,POWERGRID.NS,856
2023-06-14 00:00:00+05:30,160.80739923372255,164.19491305259422,160.80739923372255,163.72996520996094,10297426,0.0,0.0,POWERGRID.NS,857
2023-06-15 00:00:00+05:30,164.02888686444217,164.02888686444217,161.9366076949382,163.69677734375,9732749,0.0,0.0,POWERGRID.NS,858
2023-06-16 00:00:00+05:30,163.66357449982337,164.29457718371012,162.40155561847885,163.69677734375,9702361,0.0,0.0,POWERGRID.NS,859
2023-06-19 00:00:00+05:30,163.69676482691486,164.9255807703731,161.00668602314371,161.4716339111328,10431647,0.0,0.0,POWERGRID.NS,860
2023-06-20 00:00:00+05:30,161.96981128421262,165.85548999147798,161.90339208248272,165.2244873046875,13426365,0.0,0.0,POWERGRID.NS,861
2023-06-21 00:00:00+05:30,165.25769489768905,172.06593974212504,165.22447854180027,171.5013427734375,31172093,0.0,0.0,POWERGRID.NS,862
2023-06-22 00:00:00+05:30,171.36851969389744,171.36851969389744,167.84815322498955,168.41275024414062,7430965,0.0,0.0,POWERGRID.NS,863
2023-06-23 00:00:00+05:30,168.4459520281205,169.14338745116493,165.75587292545944,166.12118530273438,5593393,0.0,0.0,POWERGRID.NS,864
2023-06-26 00:00:00+05:30,166.0547544298997,166.2208091843296,164.16173293211295,165.0584259033203,7305362,0.0,0.0,POWERGRID.NS,865
2023-06-27 00:00:00+05:30,164.79271853209016,166.08795359068657,164.49382541048973,165.75584411621094,11142907,0.0,0.0,POWERGRID.NS,866
2023-06-28 00:00:00+05:30,166.5861487863574,167.7153158041647,163.69678501016102,166.15440368652344,17808717,0.0,0.0,POWERGRID.NS,867
2023-06-30 00:00:00+05:30,170.37217206571367,172.49766744239204,166.85180598992198,169.47547912597656,17659979,0.0,0.0,POWERGRID.NS,868
2023-07-03 00:00:00+05:30,169.07697939019866,169.34265622260892,165.7226674885093,166.3868865966797,12467239,0.0,0.0,POWERGRID.NS,869
2023-07-04 00:00:00+05:30,167.7153312074275,167.7153312074275,165.52340266146567,165.78909301757812,8637967,0.0,0.0,POWERGRID.NS,870
2023-07-05 00:00:00+05:30,165.8554874814755,168.67841837762825,165.72264908002606,168.21347045898438,5340907,0.0,0.0,POWERGRID.NS,871
2023-07-06 00:00:00+05:30,172.66372367738722,175.088125730562,168.97731633482869,174.49032592773438,16705046,0.0,0.0,POWERGRID.NS,872
2023-07-07 00:00:00+05:30,174.3907251991779,174.3907251991779,169.17659460016228,169.6747589111328,13149183,0.0,0.0,POWERGRID.NS,873
2023-07-10 00:00:00+05:30,169.6747522392248,170.30576844978455,165.05843521118163,166.0547637939453,15319047,0.0,0.0,POWERGRID.NS,874
2023-07-11 00:00:00+05:30,167.38318810096155,169.64153540503776,166.08796645560835,168.3795166015625,7486045,0.0,0.0,POWERGRID.NS,875
2023-07-12 00:00:00+05:30,168.7116186831259,169.20978291152093,166.81859731793858,167.41639709472656,9390877,0.0,0.0,POWERGRID.NS,876
2023-07-13 00:00:00+05:30,167.21713088250075,167.5160240228409,160.54172462158465,161.4716339111328,30591450,0.0,0.0,POWERGRID.NS,877
2023-07-14 00:00:00+05:30,161.40519538707636,162.33510456527114,157.22061084198407,159.4457550048828,72085831,0.0,0.0,POWERGRID.NS,878
2023-07-17 00:00:00+05:30,161.0731261004056,162.70045743289856,158.88119774185802,160.07679748535156,11474161,0.0,0.0,POWERGRID.NS,879
2023-07-18 00:00:00+05:30,160.07680181101753,161.87018796114782,159.146892375791,160.1764373779297,14940593,0.0,0.0,POWERGRID.NS,880
2023-07-19 00:00:00+05:30,160.07678103471463,163.53071447318908,159.7778878863435,161.57127380371094,22954874,0.0,0.0,POWERGRID.NS,881
2023-07-20 00:00:00+05:30,162.0362330285031,163.29825193545784,160.94028239883545,162.23550415039062,10249082,0.0,0.0,POWERGRID.NS,882
2023-07-21 00:00:00+05:30,161.57126557332083,163.59713885130213,160.87383024455488,162.13584899902344,18466409,0.0,0.0,POWERGRID.NS,883
2023-07-24 00:00:00+05:30,162.1026585561119,164.82595385756824,161.30558761748057,164.36099243164062,14825562,0.0,0.0,POWERGRID.NS,884
2023-07-25 00:00:00+05:30,165.35732874169338,167.05109274151903,164.8259616045351,166.81861877441406,10500017,0.0,0.0,POWERGRID.NS,885
2023-07-26 00:00:00+05:30,168.64520136363666,169.80758457614792,166.054744644469,166.71896362304688,12898171,0.0,0.0,POWERGRID.NS,886
2023-07-27 00:00:00+05:30,167.3831892083413,168.31309851776834,165.8554800918847,166.5196990966797,10836773,0.0,0.0,POWERGRID.NS,887
2023-07-28 00:00:00+05:30,167.25035192532886,173.46079695875883,166.1211715015241,171.5013427734375,17518458,0.0,0.0,POWERGRID.NS,888
2023-07-31 00:00:00+05:30,174.0253920465799,177.34648731464438,172.13237044649736,176.71548461914062,24269734,0.0,0.0,POWERGRID.NS,889
2023-08-01 00:00:00+05:30,174.0253952781705,174.0253952781705,166.3868760197775,167.2503662109375,31395702,0.0,0.0,POWERGRID.NS,890
2023-08-02 00:00:00+05:30,167.9810098728,168.5788097540556,163.79642421758263,165.09165954589844,20825405,0.0,0.0,POWERGRID.NS,891
2023-08-03 00:00:00+05:30,165.3905247600192,166.453272417209,163.46428702997974,165.19125366210938,10882019,0.0,0.0,POWERGRID.NS,892
2023-08-04 00:00:00+05:30,164.72631598601285,165.4237513583173,163.7964066607971,164.29457092285156,7406390,0.0,0.0,POWERGRID.NS,893
2023-08-07 00:00:00+05:30,165.2577275734873,165.35734963371092,163.3979085745269,164.69313049316406,6345966,0.0,0.0,POWERGRID.NS,894
2023-08-08 00:00:00+05:30,166.08134015006308,166.08134015006308,162.96625966523703,163.5418701171875,15171726,3.5625,0.0,POWERGRID.NS,895
2023-08-09 00:00:00+05:30,164.55765357001707,164.89624956501711,162.35677960251684,162.76309204101562,18442141,0.0,0.0,POWERGRID.NS,896
2023-08-10 00:00:00+05:30,162.89855084298318,164.32065137244183,162.55995482275458,163.7450408935547,9962450,0.0,0.0,POWERGRID.NS,897
2023-08-11 00:00:00+05:30,166.25065905932743,166.75855312977345,164.42224591672516,165.4380340576172,23866073,0.0,0.0,POWERGRID.NS,898
2023-08-14 00:00:00+05:30,165.81047027195208,166.11521496019378,163.0339856294035,165.57345581054688,9188486,0.0,0.0,POWERGRID.NS,899
2023-08-16 00:00:00+05:30,165.6411724502907,168.38380576008134,164.59153304071597,167.9774932861328,9191471,0.0,0.0,POWERGRID.NS,900
2023-08-17 00:00:00+05:30,167.97750439398735,168.48539846438538,164.01591962287577,165.03170776367188,15301142,0.0,0.0,POWERGRID.NS,901
2023-08-18 00:00:00+05:30,164.9978546314083,164.9978546314083,162.59381721332736,163.2032928466797,12292241,0.0,0.0,POWERGRID.NS,902
2023-08-21 00:00:00+05:30,164.08362571890726,167.74045146587733,163.67729950034936,167.40185546875,9129526,0.0,0.0,POWERGRID.NS,903
2023-08-22 00:00:00+05:30,167.94364519281245,169.3996110013971,167.06328992878207,167.80821228027344,11107830,0.0,0.0,POWERGRID.NS,904
2023-08-23 00:00:00+05:30,169.29799441472883,169.29799441472883,167.40185136628145,169.02711486816406,8487619,0.0,0.0,POWERGRID.NS,905
2023-08-24 00:00:00+05:30,169.29802468797234,171.09258650516654,166.4538233842178,166.79241943359375,18982087,0.0,0.0,POWERGRID.NS,906
2023-08-25 00:00:00+05:30,166.69082769923318,167.53731777105793,163.4741654262991,163.88047790527344,12851343,0.0,0.0,POWERGRID.NS,907
2023-08-28 00:00:00+05:30,164.55768516126054,168.62083788129166,164.25295421826178,168.28224182128906,11908665,0.0,0.0,POWERGRID.NS,908
2023-08-29 00:00:00+05:30,169.02715939127975,171.32961547730676,168.34996723524296,170.07681274414062,12363321,0.0,0.0,POWERGRID.NS,909
2023-08-30 00:00:00+05:30,170.1783670883629,170.3815164361569,166.89397463519816,167.3341522216797,6748007,0.0,0.0,POWERGRID.NS,910
2023-08-31 00:00:00+05:30,167.84205594198912,169.02714209377692,164.93013823552974,165.60733032226562,20715819,0.0,0.0,POWERGRID.NS,911
2023-09-01 00:00:00+05:30,167.26643345013858,171.05870610889127,166.04748227026826,170.78782653808594,13120723,0.0,0.0,POWERGRID.NS,912
2023-09-04 00:00:00+05:30,171.7359132151329,173.69977305389503,169.8397836081452,172.95486450195312,10240031,0.0,0.0,POWERGRID.NS,913
2023-09-05 00:00:00+05:30,172.88713773599645,174.03835872237877,171.32959049323668,172.20994567871094,10893186,0.0,0.0,POWERGRID.NS,914
2023-09-06 00:00:00+05:30,173.83521513168571,174.20767631605705,170.75399919124058,172.34539794921875,10018473,0.0,0.0,POWERGRID.NS,915
2023-09-07 00:00:00+05:30,172.00679948264985,174.51240483025177,170.7539968088489,174.0383758544922,13760453,0.0,0.0,POWERGRID.NS,916
2023-09-08 00:00:00+05:30,174.8848363831902,176.95027752233895,174.10606281707638,175.1557159423828,16781751,0.0,0.0,POWERGRID.NS,917
2023-09-11 00:00:00+05:30,176.30694459423438,179.45589033101592,174.44466648702573,179.11729431152344,17683806,0.0,0.0,POWERGRID.NS,918
2023-09-12 00:00:00+05:30,183.29331946615457,184.4219729111432,172.1422179186637,172.7291259765625,29826173,0.0,1.3333333333333333,POWERGRID.NS,919
2023-09-13 00:00:00+05:30,174.44468688964844,175.70878711010414,172.72913903457652,174.44468688964844,10692151,0.0,0.0,POWERGRID.NS,920
2023-09-14 00:00:00+05:30,175.3475790058861,176.6568141162654,174.89611767282383,176.20535278320312,10941807,0.0,0.0,POWERGRID.NS,921
2023-09-15 00:00:00+05:30,177.10830497083302,177.15345386716623,173.54176260064907,175.25732421875,20516593,0.0,0.0,POWERGRID.NS,922
2023-09-18 00:00:00+05:30,176.29566955045826,181.03601405821703,175.2573138835714,180.6748504638672,25627043,0.0,0.0,POWERGRID.NS,923
2023-09-20 00:00:00+05:30,179.41072465444435,185.95691375219025,179.1849939959014,184.78311157226562,33369524,0.0,0.0,POWERGRID.NS,924
2023-09-21 00:00:00+05:30,185.09916774510071,185.5957780238209,180.94571749445132,182.02923583984375,20332556,0.0,0.0,POWERGRID.NS,925
2023-09-22 00:00:00+05:30,181.08114714402882,183.20300718624097,177.33400973660034,179.81704711914062,21193988,0.0,0.0,POWERGRID.NS,926
2023-09-25 00:00:00+05:30,180.5845597006853,181.1714540087091,177.60491171012228,179.59133911132812,11951847,0.0,0.0,POWERGRID.NS,927
2023-09-26 00:00:00+05:30,179.77190328427324,180.62967703748424,178.41751932314864,179.09471130371094,7440011,0.0,0.0,POWERGRID.NS,928
2023-09-27 00:00:00+05:30,179.95250125488172,180.2233808269904,178.14665581083375,179.99765014648438,6736870,0.0,0.0,POWERGRID.NS,929
2023-09-28 00:00:00+05:30,180.67487017713617,184.60257635989424,178.59814483926493,181.2617645263672,50185120,0.0,0.0,POWERGRID.NS,930
2023-09-29 00:00:00+05:30,181.44231491591034,182.30008873063954,179.7719161772287,180.3588104248047,16293959,0.0,0.0,POWERGRID.NS,931
2023-10-03 00:00:00+05:30,179.4559121555618,180.58456569113136,177.78549941191525,180.17825317382812,10830728,0.0,0.0,POWERGRID.NS,932
2023-10-04 00:00:00+05:30,179.59132758115453,180.0427889514214,176.43109798928649,179.68162536621094,14120040,0.0,0.0,POWERGRID.NS,933
2023-10-05 00:00:00+05:30,180.13308838036264,180.13308838036264,176.3859644839547,177.51461791992188,14575590,0.0,0.0,POWERGRID.NS,934
2023-10-06 00:00:00+05:30,177.87578006250487,178.28209254064868,175.93450167942478,177.92092895507812,12857229,0.0,0.0,POWERGRID.NS,935
2023-10-09 00:00:00+05:30,177.42432383154608,177.78548742757908,174.94128622067203,177.19859313964844,7853369,0.0,0.0,POWERGRID.NS,936
2023-10-10 00:00:00+05:30,177.19858514523906,179.2753101725064,176.7019748899675,178.73355102539062,7440527,0.0,0.0,POWERGRID.NS,937
2023-10-11 00:00:00+05:30,178.19182310643976,179.81707315193606,178.19182310643976,179.2301788330078,10031916,0.0,0.0,POWERGRID.NS,938
2023-10-12 00:00:00+05:30,178.19183230691198,182.39041810374184,178.19183230691198,181.2617645263672,21872719,0.0,0.0,POWERGRID.NS,939
2023-10-13 00:00:00+05:30,180.99084200522574,182.75153841302418,179.95248647120536,182.2097930908203,13105921,0.0,0.0,POWERGRID.NS,940
2023-10-16 00:00:00+05:30,180.85541779944225,184.06079610864305,180.67483601670705,183.3384552001953,18336656,0.0,0.0,POWERGRID.NS,941
2023-10-17 00:00:00+05:30,183.78992226805698,188.71084833271482,182.9321484402279,187.04043579101562,19378328,0.0,0.0,POWERGRID.NS,942
2023-10-18 00:00:00+05:30,188.21424889436878,188.21424889436878,184.19624531817493,186.45355224609375,14923328,0.0,0.0,POWERGRID.NS,943
2023-10-19 00:00:00+05:30,184.1962692483727,187.26620155817494,182.57100529362035,185.821533203125,13192888,0.0,0.0,POWERGRID.NS,944
2023-10-20 00:00:00+05:30,185.27974285563158,185.27974285563158,181.39717233147573,183.1578826904297,22081120,0.0,0.0,POWERGRID.NS,945
2023-10-23 00:00:00+05:30,182.39038651219298,185.23458752353375,179.68161839567526,180.3588104248047,6988219,0.0,0.0,POWERGRID.NS,946
2023-10-25 00:00:00+05:30,179.68164100742578,180.99087633966658,178.5981363799682,180.1331024169922,16817158,0.0,0.0,POWERGRID.NS,947
2023-10-26 00:00:00+05:30,179.4558928186439,180.58454623259763,177.24373488279608,179.636474609375,11070090,0.0,0.0,POWERGRID.NS,948
2023-10-27 00:00:00+05:30,179.90735587543875,182.20981161705004,179.81705809047062,181.44232177734375,9995487,0.0,0.0,POWERGRID.NS,949
2023-10-30 00:00:00+05:30,181.4423195288026,182.57097293937926,178.46267176937872,181.35203552246094,7679981,0.0,0.0,POWERGRID.NS,950
2023-10-31 00:00:00+05:30,181.93892362845637,183.24815878492151,181.08114982094517,182.52581787109375,7474770,0.0,0.0,POWERGRID.NS,951
2023-11-01 00:00:00+05:30,182.70642187935957,182.70642187935957,181.03600930000238,181.44232177734375,5598615,0.0,0.0,POWERGRID.NS,952
2023-11-02 00:00:00+05:30,182.1646548005231,183.8802024202315,181.3971649942021,183.38360595703125,12924797,0.0,0.0,POWERGRID.NS,953
2023-11-03 00:00:00+05:30,183.6544808194656,186.45354683993008,183.38361501797547,184.55740356445312,8684015,0.0,0.0,POWERGRID.NS,954
2023-11-06 00:00:00+05:30,185.0991451193678,188.66568686738603,185.05399623091057,187.98849487304688,9804415,0.0,0.0,POWERGRID.NS,955
2023-11-07 00:00:00+05:30,187.98853469543525,188.80117352729073,185.77637646748468,187.80795288085938,10730361,0.0,0.0,POWERGRID.NS,956
2023-11-08 00:00:00+05:30,188.71084417813066,189.2526033087836,186.58897032349816,186.90499877929688,7435543,0.0,0.0,POWERGRID.NS,957
2023-11-09 00:00:00+05:30,187.17589013080297,190.06524019537358,186.09238557877748,189.43319702148438,13777877,0.0,0.0,POWERGRID.NS,958
2023-11-10 00:00:00+05:30,190.06525107158402,192.32255809143655,189.25262605544054,190.6521453857422,12066023,0.0,0.0,POWERGRID.NS,959
2023-11-13 00:00:00+05:30,191.41961115891112,194.2186770217659,190.24580890102018,191.69049072265625,11352269,0.0,0.0,POWERGRID.NS,960
2023-11-15 00:00:00+05:30,194.12838730242171,194.12838730242171,189.43319185339953,189.74920654296875,19182861,0.0,0.0,POWERGRID.NS,961
2023-11-16 00:00:00+05:30,190.25547695586715,192.23443691394812,189.33503438322643,190.7156982421875,27533260,4.0,0.0,POWERGRID.NS,962
2023-11-17 00:00:00+05:30,191.17590333731636,193.93723082137438,190.4395465326,192.83270263671875,16705395,0.0,0.0,POWERGRID.NS,963
2023-11-20 00:00:00+05:30,193.3849774241698,194.39745576065033,192.23442428396135,192.64862060546875,11156900,0.0,0.0,POWERGRID.NS,964
2023-11-21 00:00:00+05:30,193.29291391172922,193.43097466087414,191.40600408600443,192.32644653320312,9608081,0.0,0.0,POWERGRID.NS,965
2023-11-22 00:00:00+05:30,191.6361122919115,195.68606743564303,191.6361122919115,194.765625,13079580,0.0,0.0,POWERGRID.NS,966
2023-11-23 00:00:00+05:30,195.1798399610018,196.1463074198616,192.602598085655,194.12132263183594,11382709,0.0,0.0,POWERGRID.NS,967
2023-11-24 00:00:00+05:30,194.48951987209352,195.2258767447173,192.83272041989983,193.70713806152344,7250200,0.0,0.0,POWERGRID.NS,968
2023-11-28 00:00:00+05:30,197.38888551491547,197.38888551491547,192.83269808278612,193.4770050048828,15629209,0.0,0.0,POWERGRID.NS,969
2023-11-29 00:00:00+05:30,193.56906751425763,194.6275708093564,192.46453928353748,194.2593994140625,10062023,0.0,0.0,POWERGRID.NS,970
2023-11-30 00:00:00+05:30,193.66108527267383,195.870155572853,191.68213962913146,192.32644653320312,60354322,0.0,0.0,POWERGRID.NS,971
2023-12-01 00:00:00+05:30,194.67358302868382,195.54800056901774,192.78667315017117,193.4770050048828,20719909,0.0,0.0,POWERGRID.NS,972
2023-12-04 00:00:00+05:30,194.8576606080812,197.066730878162,194.8576606080812,195.96218872070312,27914088,0.0,0.0,POWERGRID.NS,973
2023-12-05 00:00:00+05:30,196.69853906721028,205.48876684069558,194.7195935151225,204.61434936523438,40709207,0.0,0.0,POWERGRID.NS,974
2023-12-06 00:00:00+05:30,208.0200159414911,208.25012657859452,204.79846702204324,206.54730224609375,29544730,0.0,0.0,POWERGRID.NS,975
2023-12-07 00:00:00+05:30,207.0995695694633,213.91083868403476,206.40923767089845,211.7017822265625,24534268,0.0,0.0,POWERGRID.NS,976
2023-12-08 00:00:00+05:30,213.3585754380649,214.83127501895567,208.43420241906983,210.4131622314453,22206320,0.0,0.0,POWERGRID.NS,977
2023-12-11 00:00:00+05:30,209.86086957326066,214.3710317663303,208.52623088713486,212.576171875,19106395,0.0,0.0,POWERGRID.NS,978
2023-12-12 00:00:00+05:30,211.70176352947027,214.73922642386054,211.2415423044062,212.94436645507812,14355329,0.0,0.0,POWERGRID.NS,979
2023-12-13 00:00:00+05:30,212.62221639790184,218.6050926168904,212.25404501774537,218.09884643554688,26878281,0.0,0.0,POWERGRID.NS,980
2023-12-14 00:00:00+05:30,218.37497772979467,218.69713821477052,212.71426211258435,213.63470458984375,29972018,0.0,0.0,POWERGRID.NS,981
2023-12-15 00:00:00+05:30,216.30398033554548,219.15735760897064,209.07850133193375,218.46702575683594,41341690,0.0,0.0,POWERGRID.NS,982
2023-12-18 00:00:00+05:30,218.05282550106932,218.05282550106932,213.0364166190341,213.40460205078125,29051897,0.0,0.0,POWERGRID.NS,983
2023-12-19 00:00:00+05:30,213.68073235471866,215.75172809212322,212.48416827564475,214.9693603515625,12612164,0.0,0.0,POWERGRID.NS,984
2023-12-20 00:00:00+05:30,216.2579291518118,216.67212540384637,208.2040585212231,209.07847595214844,20400245,0.0,0.0,POWERGRID.NS,985
2023-12-21 00:00:00+05:30,206.59330340638675,214.64717477811473,204.98252913204115,213.86480712890625,17755207,0.0,0.0,POWERGRID.NS,986
2023-12-22 00:00:00+05:30,214.46311422304814,215.5676424744566,212.16200784726436,213.31256103515625,9735375,0.0,0.0,POWERGRID.NS,987
2023-12-26 00:00:00+05:30,213.54262972716748,217.04031354028658,212.66821228509673,214.7852325439453,6772092,0.0,0.0,POWERGRID.NS,988
2023-12-27 00:00:00+05:30,216.30398297743727,217.08636470401413,214.00287677554962,215.4295654296875,10231881,0.0,0.0,POWERGRID.NS,989
2023-12-28 00:00:00+05:30,216.39603461231394,220.86017225356414,215.475592124035,220.0778045654297,39164340,0.0,0.0,POWERGRID.NS,990
2023-12-29 00:00:00+05:30,218.881235366618,219.29543169411352,216.0738828549555,218.32896423339844,12665999,0.0,0.0,POWERGRID.NS,991
2024-01-01 00:00:00+05:30,218.9732496860395,220.44596320009182,217.5925860334293,219.29541015625,5952776,0.0,0.0,POWERGRID.NS,992
2024-01-02 00:00:00+05:30,220.90620717386963,220.9982570447941,217.36249781585343,218.92726135253906,9128513,0.0,0.0,POWERGRID.NS,993
2024-01-03 00:00:00+05:30,217.22442006142265,219.7096118887511,215.93580623831522,218.19088745117188,8284439,0.0,0.0,POWERGRID.NS,994
2024-01-04 00:00:00+05:30,219.06533586683796,223.75959868192018,218.1909182175138,222.24085998535156,19663959,0.0,0.0,POWERGRID.NS,995
2024-01-05 00:00:00+05:30,222.74707929383905,225.50840672310153,220.26188741647036,222.05674743652344,16345257,0.0,0.0,POWERGRID.NS,996
2024-01-08 00:00:00+05:30,223.1152552736667,225.73852200356993,221.27437028281187,223.06924438476562,13585746,0.0,0.0,POWERGRID.NS,997
2024-01-09 00:00:00+05:30,223.29935944002887,225.18625535723046,222.28686705703055,223.02322387695312,8688409,0.0,0.0,POWERGRID.NS,998
2024-01-10 00:00:00+05:30,221.82664936890563,222.83914176819286,219.0653217834006,220.1238250732422,16872195,0.0,0.0,POWERGRID.NS,999
2024-01-11 00:00:00+05:30,221.13630043575367,223.7595670578172,220.1698330463178,222.7010498046875,18812468,0.0,0.0,POWERGRID.NS,1000
2024-01-12 00:00:00+05:30,223.2073114510618,223.34537221134363,219.80167693067304,220.44598388671875,11296498,0.0,0.0,POWERGRID.NS,1001
2024-01-15 00:00:00+05:30,221.27437453605862,222.28686691842563,218.14487560938665,221.96470642089844,12597366,0.0,0.0,POWERGRID.NS,1002
2024-01-16 00:00:00+05:30,222.4249261483738,223.11525802846788,218.78918105551264,220.0317840576172,7478450,0.0,0.0,POWERGRID.NS,1003
2024-01-17 00:00:00+05:30,219.5255386330281,222.01073060103815,218.7891818160671,220.1698455810547,13620300,0.0,0.0,POWERGRID.NS,1004
2024-01-18 00:00:00+05:30,209.17053353930245,216.94826894114755,208.0660054780952,214.8772735595703,25522629,0.0,0.0,POWERGRID.NS,1005
2024-01-19 00:00:00+05:30,216.30399352467276,218.09885364069706,213.91083734008146,216.6721649169922,20931080,0.0,0.0,POWERGRID.NS,1006
2024-01-23 00:00:00+05:30,221.826624051071,227.16519291603925,217.45452253969097,219.01927185058594,27492163,0.0,0.0,POWERGRID.NS,1007
2024-01-24 00:00:00+05:30,217.36249542405656,227.34930238141854,216.3039921442646,226.61294555664062,28309825,0.0,0.0,POWERGRID.NS,1008
2024-01-25 00:00:00+05:30,225.2782960724685,228.9140410448544,223.75957160452174,225.9686279296875,20651484,0.0,0.0,POWERGRID.NS,1009
2024-01-29 00:00:00+05:30,225.92262196175236,234.71285115719547,225.6464863867173,233.7463836669922,26181011,0.0,0.0,POWERGRID.NS,1010
2024-01-30 00:00:00+05:30,233.7923800695839,236.50769650704913,231.49127396653682,233.88442993164062,16031367,0.0,0.0,POWERGRID.NS,1011
2024-01-31 00:00:00+05:30,233.79241149136928,239.31506688092918,232.31969776955106,238.67074584960938,34369455,0.0,0.0,POWERGRID.NS,1012
2024-02-01 00:00:00+05:30,238.39459746991125,249.3938961180029,237.7502765111497,244.65359497070312,29929092,0.0,0.0,POWERGRID.NS,1013
2024-02-02 00:00:00+05:30,243.4570742905324,259.0125490336929,242.95084208269998,255.05465698242188,33900724,0.0,0.0,POWERGRID.NS,1014
2024-02-05 00:00:00+05:30,255.42274451738052,266.3760025382098,253.02958886072503,260.39312744140625,27440927,0.0,0.0,POWERGRID.NS,1015
2024-02-06 00:00:00+05:30,260.3931883000476,260.3931883000476,250.63649178239277,252.43136596679688,29668277,0.0,0.0,POWERGRID.NS,1016
2024-02-07 00:00:00+05:30,250.4524144450376,252.56942099785624,245.57405225207833,246.63258361816406,27335466,0.0,0.0,POWERGRID.NS,1017
2024-02-08 00:00:00+05:30,249.2557999317073,265.1334319207793,249.2557999317073,254.22621154785156,69776717,0.0,0.0,POWERGRID.NS,1018
2024-02-09 00:00:00+05:30,256.4353067873066,257.2176885933039,247.69110233250035,251.28082275390625,24496638,0.0,0.0,POWERGRID.NS,1019
2024-02-12 00:00:00+05:30,251.4648835260654,254.04211109844093,245.06779739115905,248.7955780029297,19140023,0.0,0.0,POWERGRID.NS,1020
2024-02-13 00:00:00+05:30,248.79559890226662,249.30185913593164,243.22693295968452,248.7495880126953,22031847,0.0,0.0,POWERGRID.NS,1021
2024-02-14 00:00:00+05:30,248.059213442723,253.12164637012552,245.75810756663097,251.87904357910156,13546941,0.0,0.0,POWERGRID.NS,1022
2024-02-15 00:00:00+05:30,254.54622554489833,265.1679211829919,253.93794064424642,263.5769958496094,25475670,4.5,0.0,POWERGRID.NS,1023
2024-02-16 00:00:00+05:30,263.90454439048983,264.74678722455343,255.76279702280092,256.9325866699219,25129188,0.0,0.0,POWERGRID.NS,1024
2024-02-19 00:00:00+05:30,257.4473063225352,260.4419506262549,255.7627921273332,258.6170959472656,11429901,0.0,0.0,POWERGRID.NS,1025
2024-02-20 00:00:00+05:30,260.48875275484346,270.22139647444055,259.88046787724045,269.4259338378906,43053543,0.0,0.0,POWERGRID.NS,1026
2024-02-21 00:00:00+05:30,269.09839387214606,270.8764969493412,261.33100218700224,262.12646484375,24651085,0.0,0.0,POWERGRID.NS,1027
2024-02-22 00:00:00+05:30,262.12645477574785,265.3082767212113,255.71600216603525,264.4660339355469,26793590,0.0,0.0,POWERGRID.NS,1028
2024-02-23 00:00:00+05:30,264.4192337373513,266.89921057410527,261.09704264710945,263.8577575683594,14313526,0.0,0.0,POWERGRID.NS,1029
2024-02-26 00:00:00+05:30,264.79360579122994,272.7949558513058,263.9513343665326,269.3323669433594,31012494,0.0,0.0,POWERGRID.NS,1030
2024-02-27 00:00:00+05:30,265.8697636683432,274.57298613759633,265.8697636683432,273.7307434082031,36510093,0.0,0.0,POWERGRID.NS,1031
2024-02-28 00:00:00+05:30,272.7949244314648,274.8069567557171,260.5355241739681,261.6117248535156,18824161,0.0,0.0,POWERGRID.NS,1032
2024-02-29 00:00:00+05:30,261.6584987315531,266.7119832282256,256.7921634033135,264.699951171875,35043015,0.0,0.0,POWERGRID.NS,1033
2024-03-01 00:00:00+05:30,266.7120127238247,270.8296661557682,266.33768578625074,269.23876953125,15149735,0.0,0.0,POWERGRID.NS,1034
2024-03-04 00:00:00+05:30,269.5195229128343,277.94200800386034,269.5195229128343,275.7427978515625,23131460,0.0,0.0,POWERGRID.NS,1035
2024-03-05 00:00:00+05:30,273.3096281636759,276.4914786933653,271.15722674353646,276.0703430175781,13220556,0.0,0.0,POWERGRID.NS,1036
2024-03-06 00:00:00+05:30,271.67190939225407,275.97674058036057,268.11576063995267,274.853759765625,15969436,0.0,0.0,POWERGRID.NS,1037
2024-03-07 00:00:00+05:30,275.13453335425885,279.7201031982995,272.3270381159501,273.87115478515625,14908694,0.0,0.0,POWERGRID.NS,1038
2024-03-11 00:00:00+05:30,269.89384099081695,273.21606046966036,266.1505144068685,267.2267150878906,19020659,0.0,0.0,POWERGRID.NS,1039
2024-03-12 00:00:00+05:30,266.6184285645739,270.12779721510617,264.60639625013175,266.8523864746094,17906155,0.0,0.0,POWERGRID.NS,1040
2024-03-13 00:00:00+05:30,265.1211524945854,265.68265731817223,245.00076765786193,247.34034729003906,39389523,0.0,0.0,POWERGRID.NS,1041
2024-03-14 00:00:00+05:30,247.10634380305163,251.17721732493757,243.97133052094708,249.25877380371094,26005940,0.0,0.0,POWERGRID.NS,1042
2024-03-15 00:00:00+05:30,250.89649296034747,254.54623100181877,241.117039941146,248.88446044921875,43817794,0.0,0.0,POWERGRID.NS,1043
2024-03-18 00:00:00+05:30,248.88443478606737,249.53949979506808,242.84830931576457,247.90179443359375,12423655,0.0,0.0,POWERGRID.NS,1044
2024-03-19 00:00:00+05:30,245.3282502044233,249.39912340907975,241.72529280353623,242.38038635253906,20031514,0.0,0.0,POWERGRID.NS,1045
2024-03-20 00:00:00+05:30,243.2694549498312,248.13576251643707,242.33362327633205,247.6678466796875,11308487,0.0,0.0,POWERGRID.NS,1046
2024-03-21 00:00:00+05:30,250.61568951627163,256.88577262146833,249.9606245358853,256.18389892578125,23559105,0.0,0.0,POWERGRID.NS,1047
2024-03-22 00:00:00+05:30,256.18390924586885,260.39515158963655,253.93791904105572,258.0555725097656,22097588,0.0,0.0,POWERGRID.NS,1048
2024-03-26 00:00:00+05:30,252.76816797724123,256.5114950748403,249.02484087964217,252.7213592529297,28477120,0.0,0.0,POWERGRID.NS,1049
2024-03-27 00:00:00+05:30,253.61039735298263,255.29488303344507,251.9259116725202,252.9085235595703,18094214,0.0,0.0,POWERGRID.NS,1050
2024-03-28 00:00:00+05:30,254.54620558708646,261.5649428734951,254.2186588018577,259.13177490234375,26646830,0.0,0.0,POWERGRID.NS,1051
2024-04-01 00:00:00+05:30,262.7347530298351,263.53021569655294,259.8336690120322,262.1732482910156,8945400,0.0,0.0,POWERGRID.NS,1052
2024-04-02 00:00:00+05:30,261.3309867838303,263.6237857370833,260.62911305030167,261.6117248535156,13229425,0.0,0.0,POWERGRID.NS,1053
2024-04-03 00:00:00+05:30,262.1732450050164,264.9339599433418,260.6759085733707,262.12646484375,14499308,0.0,0.0,POWERGRID.NS,1054
2024-04-04 00:00:00+05:30,264.65323807465194,268.3030051690815,257.40054117361785,259.8337097167969,23722104,0.0,0.0,POWERGRID.NS,1055
2024-04-05 00:00:00+05:30,261.98610932376937,261.98610932376937,257.49409979696486,260.5355529785156,9308711,0.0,0.0,POWERGRID.NS,1056
2024-04-08 00:00:00+05:30,262.54758374779067,265.9633924529393,261.14383613503975,263.67059326171875,14473340,0.0,0.0,POWERGRID.NS,1057
2024-04-09 00:00:00+05:30,264.7000003723727,266.1037479134396,262.96870602652683,263.1558837890625,5780865,0.0,0.0,POWERGRID.NS,1058
2024-04-10 00:00:00+05:30,262.0328909409394,267.03959653328184,262.0328909409394,264.41925048828125,8809693,0.0,0.0,POWERGRID.NS,1059
2024-04-12 00:00:00+05:30,263.4366251627604,266.1973401183883,257.02617226665217,257.5876770019531,17731780,0.0,0.0,POWERGRID.NS,1060
2024-04-15 00:00:00+05:30,252.9085116819802,258.47672160527304,251.17721736100808,256.46466064453125,13378690,0.0,0.0,POWERGRID.NS,1061
2024-04-16 00:00:00+05:30,255.4820354117408,257.86839464845417,253.84433005653736,256.6518249511719,9662195,0.0,0.0,POWERGRID.NS,1062
2024-04-18 00:00:00+05:30,269.42594067896187,271.2976040786897,259.88047447594,262.12646484375,51039603,0.0,0.0,POWERGRID.NS,1063
2024-04-19 00:00:00+05:30,260.25480469729075,264.1385005884101,257.07298258984304,263.5769958496094,18755469,0.0,0.0,POWERGRID.NS,1064
2024-04-22 00:00:00+05:30,265.7761857018069,266.4312792733896,263.6237843540043,265.4486389160156,14965203,0.0,0.0,POWERGRID.NS,1065
2024-04-23 00:00:00+05:30,265.4486559851492,268.72406693505064,262.68796960582245,267.0395812988281,11464036,0.0,0.0,POWERGRID.NS,1066
2024-04-24 00:00:00+05:30,266.7120177783812,273.1224702333387,266.15051308172156,271.7655029296875,19324163,0.0,0.0,POWERGRID.NS,1067
2024-04-25 00:00:00+05:30,273.26286134405956,275.6024406363888,270.68932412249734,274.47943115234375,22022414,0.0,0.0,POWERGRID.NS,1068
2024-04-26 00:00:00+05:30,275.36845892652474,277.1465333232782,272.74814176913173,273.4967956542969,15581578,0.0,0.0,POWERGRID.NS,1069
2024-04-29 00:00:00+05:30,273.54357264279474,275.69600251650536,271.01684439015366,274.853759765625,9804396,0.0,0.0,POWERGRID.NS,1070
2024-04-30 00:00:00+05:30,274.8537817978874,284.82038369407576,274.2454683452475,282.4808044433594,33288857,0.0,0.0,POWERGRID.NS,1071
2024-05-02 00:00:00+05:30,282.574344413703,296.892555525983,282.48075554801045,293.4767761230469,44059506,0.0,0.0,POWERGRID.NS,1072
2024-05-03 00:00:00+05:30,291.9794905385692,295.8164062222536,288.4701216619037,290.9032897949219,27074447,0.0,0.0,POWERGRID.NS,1073
2024-05-06 00:00:00+05:30,290.2950151637093,290.8564913563709,283.6506041438061,287.15997314453125,16855909,0.0,0.0,POWERGRID.NS,1074
2024-05-07 00:00:00+05:30,287.30031250413447,288.5168822082761,275.6024170438684,276.3042907714844,13857464,0.0,0.0,POWERGRID.NS,1075
2024-05-08 00:00:00+05:30,273.2628384015418,283.41661738962654,273.2628384015418,282.62115478515625,18754452,0.0,0.0,POWERGRID.NS,1076
2024-05-09 00:00:00+05:30,283.3230401897397,284.82037658468664,276.30430261278497,277.14654541015625,11196567,0.0,0.0,POWERGRID.NS,1077
2024-05-10 00:00:00+05:30,277.24011305820795,284.91394364506374,277.24011305820795,284.25885009765625,11786977,0.0,0.0,POWERGRID.NS,1078
2024-05-13 00:00:00+05:30,284.6799993779683,287.9086014351539,278.5035047755792,286.8791809082031,11710605,0.0,0.0,POWERGRID.NS,1079
2024-05-14 00:00:00+05:30,288.236155233175,292.91531359734995,288.0021973149663,289.40594482421875,9957875,0.0,0.0,POWERGRID.NS,1080
2024-05-15 00:00:00+05:30,290.1078171426688,296.00354522861596,289.03161643609957,294.6466064453125,11397656,0.0,0.0,POWERGRID.NS,1081
2024-05-16 00:00:00+05:30,294.3190816894531,295.34850231342614,285.70941827353835,292.4474182128906,19843532,0.0,0.0,POWERGRID.NS,1082
2024-05-17 00:00:00+05:30,294.6933693861632,295.7227898729001,290.80967390191046,293.0556640625,9069551,0.0,0.0,POWERGRID.NS,1083
2024-05-21 00:00:00+05:30,291.0436426209263,306.4380846591677,291.0436426209263,304.7535705566406,21976662,0.0,0.0,POWERGRID.NS,1084
2024-05-22 00:00:00+05:30,306.7188313177523,306.7188313177523,299.6533135989951,304.84716796875,10287081,0.0,0.0,POWERGRID.NS,1085
2024-05-23 00:00:00+05:30,298.9514514594513,300.12124109803216,289.1719986571884,299.37255859375,35705284,0.0,0.0,POWERGRID.NS,1086
2024-05-24 00:00:00+05:30,297.5945161403342,302.2268950322845,297.0330113414128,298.3431701660156,15058182,0.0,0.0,POWERGRID.NS,1087
2024-05-27 00:00:00+05:30,300.86989006953536,300.86989006953536,294.3190682017694,297.5476989746094,12857918,0.0,0.0,POWERGRID.NS,1088
2024-05-28 00:00:00+05:30,298.5302552335014,298.9981709940555,291.97943458574434,292.72808837890625,10935739,0.0,0.0,POWERGRID.NS,1089
2024-05-29 00:00:00+05:30,289.2655629616654,298.24955233447344,289.2655629616654,297.313720703125,16812268,0.0,0.0,POWERGRID.NS,1090
2024-05-30 00:00:00+05:30,294.41265696391986,297.26693220999215,284.30565752215614,287.01959228515625,22768893,0.0,0.0,POWERGRID.NS,1091
2024-05-31 00:00:00+05:30,288.75085125406304,291.51156611288746,286.08375383370947,290.1078186035156,36929443,0.0,0.0,POWERGRID.NS,1092
2024-06-03 00:00:00+05:30,313.5036331419187,326.3245394135394,304.70682049099423,315.98358154296875,55218939,0.0,0.0,POWERGRID.NS,1093
2024-06-04 00:00:00+05:30,313.4568145129152,313.4568145129152,261.7988973405007,276.9593811035156,73262478,0.0,0.0,POWERGRID.NS,1094
2024-06-05 00:00:00+05:30,277.28688589238226,281.732085899981,261.28418871247743,279.62646484375,45312613,0.0,0.0,POWERGRID.NS,1095
2024-06-06 00:00:00+05:30,283.93130994358796,291.4647716771544,278.9714137438007,281.1706237792969,36508044,0.0,0.0,POWERGRID.NS,1096
2024-06-07 00:00:00+05:30,278.9245974831848,290.7160813773226,277.754807980975,289.49951171875,38016104,0.0,0.0,POWERGRID.NS,1097
2024-06-10 00:00:00+05:30,292.91529690280396,302.60115987646884,291.60513834737,295.5356140136719,25478964,0.0,0.0,POWERGRID.NS,1098
2024-06-11 00:00:00+05:30,295.9099695735247,299.185380242482,294.9273292372487,296.23748779296875,12238518,0.0,0.0,POWERGRID.NS,1099
2024-06-12 00:00:00+05:30,299.37257861709395,306.1105788097135,296.5650832967223,303.8177795410156,20346144,0.0,0.0,POWERGRID.NS,1100
2024-06-13 00:00:00+05:30,306.0169747791617,306.9060263436846,300.0744375998741,300.8231201171875,11756503,0.0,0.0,POWERGRID.NS,1101
2024-06-14 00:00:00+05:30,305.0811154378888,305.0811154378888,298.85784072747595,300.869873046875,14159988,0.0,0.0,POWERGRID.NS,1102
2024-06-18 00:00:00+05:30,301.3378025613796,311.1640352535985,301.3378025613796,310.5089416503906,21653702,0.0,0.0,POWERGRID.NS,1103
2024-06-19 00:00:00+05:30,312.5677515434548,313.3632141080479,304.5195941451438,306.29766845703125,14235150,0.0,0.0,POWERGRID.NS,1104
2024-06-20 00:00:00+05:30,306.4848664118943,307.23352031070095,301.61853039170444,303.7241516113281,11749507,0.0,0.0,POWERGRID.NS,1105
2024-06-21 00:00:00+05:30,305.736236588112,308.4501428841355,302.2736477750116,305.03436279296875,17209541,0.0,0.0,POWERGRID.NS,1106
2024-06-24 00:00:00+05:30,302.3672562592005,312.5678170312919,301.85253164047333,311.585205078125,18044357,0.0,0.0,POWERGRID.NS,1107
2024-06-25 00:00:00+05:30,313.50356064828134,313.50356064828134,304.893899200783,306.3912353515625,13979671,0.0,0.0,POWERGRID.NS,1108
2024-06-26 00:00:00+05:30,304.80037442129,309.0116167715787,304.0985006962419,305.7362060546875,12946277,0.0,0.0,POWERGRID.NS,1109
2024-06-27 00:00:00+05:30,307.4674685081239,311.16401484504655,303.53699282461736,310.27496337890625,27061015,0.0,0.0,POWERGRID.NS,1110
2024-06-28 00:00:00+05:30,311.63194446621674,315.7028179211071,308.4501225168633,309.7135009765625,21676594,0.0,0.0,POWERGRID.NS,1111
2024-07-01 00:00:00+05:30,309.76029294652307,310.46216672208163,304.37926066724054,308.45013427734375,11959181,0.0,0.0,POWERGRID.NS,1112
2024-07-02 00:00:00+05:30,308.8712463304412,312.94212000543337,306.9995828991176,309.5731201171875,12684459,0.0,0.0,POWERGRID.NS,1113
2024-07-03 00:00:00+05:30,309.85390520099145,315.2817180510087,307.9822416583208,313.6440124511719,9369793,0.0,0.0,POWERGRID.NS,1114
2024-07-04 00:00:00+05:30,315.3752643642141,316.9661895844363,312.47418055285823,313.50360107421875,12878827,0.0,0.0,POWERGRID.NS,1115
2024-07-05 00:00:00+05:30,313.5035929188787,318.0891621482173,311.4915606463369,317.6212463378906,10894118,0.0,0.0,POWERGRID.NS,1116
2024-07-08 00:00:00+05:30,319.11858264279897,319.11858264279897,315.2348871289504,317.6212463378906,7828162,0.0,0.0,POWERGRID.NS,1117
2024-07-09 00:00:00+05:30,318.1827714469966,320.38198160856706,316.4046969654796,319.25897216796875,9214579,0.0,0.0,POWERGRID.NS,1118
2024-07-10 00:00:00+05:30,320.9902682389827,325.48224890723014,313.9715305952731,323.84454345703125,10662609,0.0,0.0,POWERGRID.NS,1119
2024-07-11 00:00:00+05:30,326.13735278695475,326.37131071578324,320.05444663741326,320.8031005859375,12642065,0.0,0.0,POWERGRID.NS,1120
2024-07-12 00:00:00+05:30,320.80309565881504,323.70417964359524,318.2763672018648,321.0838623046875,11380570,0.0,0.0,POWERGRID.NS,1121
2024-07-15 00:00:00+05:30,323.23626379673215,323.23626379673215,318.36995608737533,321.7857360839844,5277531,0.0,0.0,POWERGRID.NS,1122
2024-07-16 00:00:00+05:30,320.7562934872131,324.73357794329087,319.58650394130785,320.4755554199219,11363095,0.0,0.0,POWERGRID.NS,1123
2024-07-18 00:00:00+05:30,320.0544127747253,322.58116956246204,315.3284745361342,319.3525390625,13908161,0.0,0.0,POWERGRID.NS,1124
2024-07-19 00:00:00+05:30,317.7616097054247,319.91403953015185,309.7602609151782,310.8832702636719,12937990,0.0,0.0,POWERGRID.NS,1125
2024-07-22 00:00:00+05:30,308.8244315470276,317.6212429762013,308.3565157416533,316.8725891113281,10678640,0.0,0.0,POWERGRID.NS,1126
2024-07-23 00:00:00+05:30,317.34051648436275,318.6506750753056,300.4955468768576,312.8017272949219,15954324,0.0,0.0,POWERGRID.NS,1127
2024-07-24 00:00:00+05:30,309.66673727816715,317.0598027951374,309.1052324856322,315.51568603515625,12573882,0.0,0.0,POWERGRID.NS,1128
2024-07-25 00:00:00+05:30,309.24557557770544,320.6159242446315,309.24557557770544,317.6680603027344,16271884,0.0,0.0,POWERGRID.NS,1129
2024-07-26 00:00:00+05:30,318.5103235078311,323.37663119239386,316.7790291580287,322.11328125,11468068,0.0,0.0,POWERGRID.NS,1130
2024-07-29 00:00:00+05:30,317.9955399718963,323.7041179719084,316.07709677419354,320.3819274902344,31849674,0.0,0.0,POWERGRID.NS,1131
2024-07-30 00:00:00+05:30,322.8619316842441,334.0451317561641,321.27100639424725,327.3539123535156,25813219,0.0,0.0,POWERGRID.NS,1132
2024-07-31 00:00:00+05:30,325.90337806001816,328.14936834914283,320.6159348528889,325.8565979003906,17976593,0.0,0.0,POWERGRID.NS,1133
2024-08-01 00:00:00+05:30,328.6172664806742,339.23896104170495,327.68143486400743,337.9288024902344,26792459,0.0,0.0,POWERGRID.NS,1134
2024-08-02 00:00:00+05:30,335.02776081646897,337.8820361818206,331.2844338799721,335.26171875,13771470,0.0,0.0,POWERGRID.NS,1135
2024-08-05 00:00:00+05:30,330.11463757703956,332.0330811697064,319.58653077975623,320.8031005859375,13566586,0.0,0.0,POWERGRID.NS,1136
2024-08-06 00:00:00+05:30,320.8030870665064,328.289740473513,317.48089604087374,318.8846435546875,12273667,0.0,0.0,POWERGRID.NS,1137
2024-08-07 00:00:00+05:30,323.6573643926296,329.927418973569,321.3645655501737,329.4595031738281,12441847,0.0,0.0,POWERGRID.NS,1138
2024-08-08 00:00:00+05:30,332.2202466967493,332.2202466967493,319.3525610852555,320.6627197265625,15489731,0.0,0.0,POWERGRID.NS,1139
2024-08-09 00:00:00+05:30,325.57586516808675,326.55850565643453,322.20686510391533,323.79779052734375,8720610,0.0,0.0,POWERGRID.NS,1140
2024-08-12 00:00:00+05:30,320.990266489176,321.7389204100306,317.71485560663336,319.25897216796875,12521136,0.0,0.0,POWERGRID.NS,1141
2024-08-13 00:00:00+05:30,315.3752713705005,320.4755653727706,313.6439770769298,315.3284912109375,10435954,0.0,0.0,POWERGRID.NS,1142
2024-08-14 00:00:00+05:30,315.3752951100133,316.6386736657895,311.16405229697165,312.0998840332031,12385993,0.0,0.0,POWERGRID.NS,1143
2024-08-16 00:00:00+05:30,314.2229963376203,320.40364735948657,311.9583318530998,319.5072326660156,13013828,2.75,0.0,POWERGRID.NS,1144
2024-08-19 00:00:00+05:30,323.3288540283768,323.94219646357095,320.16774603558054,321.1113586425781,5891370,0.0,0.0,POWERGRID.NS,1145
2024-08-20 00:00:00+05:30,321.2529102360198,323.32884060718095,319.69592646168604,321.3000793457031,6393840,0.0,0.0,POWERGRID.NS,1146
2024-08-21 00:00:00+05:30,320.8282832549824,321.7247267416092,317.1953689940644,317.66717529296875,10118601,0.0,0.0,POWERGRID.NS,1147
2024-08-22 00:00:00+05:30,317.05378988117513,318.6579425986856,311.86392129681064,315.16656494140625,18370039,0.0,0.0,POWERGRID.NS,1148
2024-08-23 00:00:00+05:30,315.7799479809891,317.95027421946645,314.55326313076745,317.28973388671875,7494822,0.0,0.0,POWERGRID.NS,1149
2024-08-26 00:00:00+05:30,317.4784498685986,322.24368166588715,316.9122765865521,319.17694091796875,7993675,0.0,0.0,POWERGRID.NS,1150
2024-08-27 00:00:00+05:30,319.88470179817557,322.196564406577,316.11025103949504,316.4405212402344,9589690,0.0,0.0,POWERGRID.NS,1151
2024-08-28 00:00:00+05:30,316.4404931445404,319.79030637674106,314.93070721576225,315.59124755859375,8790600,0.0,0.0,POWERGRID.NS,1152
2024-08-29 00:00:00+05:30,313.75119442490615,316.95947155591176,310.25981623139404,314.5060729980469,17653536,0.0,0.0,POWERGRID.NS,1153
2024-08-30 00:00:00+05:30,316.11021350275325,321.6303528411853,315.21377003530586,318.3748779296875,22713812,0.0,0.0,POWERGRID.NS,1154
2024-09-02 00:00:00+05:30,319.31851322266164,320.7339321897805,315.35535739279237,316.62921142578125,9789776,0.0,0.0,POWERGRID.NS,1155
2024-09-03 00:00:00+05:30,317.0538204607028,318.89387647315596,315.1665953389129,315.7799377441406,8434423,0.0,0.0,POWERGRID.NS,1156
2024-09-04 00:00:00+05:30,312.52450743550423,315.82715156505975,312.33577339510674,314.1286315917969,9025610,0.0,0.0,POWERGRID.NS,1157
2024-09-05 00:00:00+05:30,313.60966545035535,315.4496928131749,311.0147307003922,312.5716857910156,13912371,0.0,0.0,POWERGRID.NS,1158
2024-09-06 00:00:00+05:30,314.2701403687094,314.31733827308625,306.6740710506246,311.2033996582031,23755639,0.0,0.0,POWERGRID.NS,1159
2024-09-09 00:00:00+05:30,309.22181718595743,310.6372358875164,305.3058024075638,310.02386474609375,18597200,0.0,0.0,POWERGRID.NS,1160
2024-09-10 00:00:00+05:30,308.56131183850994,316.3932846875682,308.56131183850994,315.3081359863281,15472387,0.0,0.0,POWERGRID.NS,1161
2024-09-11 00:00:00+05:30,317.9030617975125,318.2333319488074,313.27936606969325,314.4117126464844,10134008,0.0,0.0,POWERGRID.NS,1162
2024-09-12 00:00:00+05:30,315.96868330605145,319.8846698173223,314.4588973941671,319.1297912597656,18410837,0.0,0.0,POWERGRID.NS,1163
2024-09-13 00:00:00+05:30,320.6395686716228,322.007818540173,317.14821912595426,318.2333679199219,10417461,0.0,0.0,POWERGRID.NS,1164
2024-09-16 00:00:00+05:30,318.2333283801477,322.24368166588715,318.04459435387577,319.17694091796875,7748570,0.0,0.0,POWERGRID.NS,1165
2024-09-17 00:00:00+05:30,317.71434043226066,320.82825016515636,315.6383814124847,317.9030456542969,11451846,0.0,0.0,POWERGRID.NS,1166
2024-09-18 00:00:00+05:30,319.4128609002713,319.7903001759544,314.31735868662264,315.4496765136719,6583254,0.0,0.0,POWERGRID.NS,1167
2024-09-19 00:00:00+05:30,317.24255222149435,319.27131345354724,314.3173475442979,316.0158386230469,10589610,0.0,0.0,POWERGRID.NS,1168
2024-09-20 00:00:00+05:30,319.0825751950454,323.6119326729625,315.87429831283504,321.6303405761719,31236123,0.0,0.0,POWERGRID.NS,1169
2024-09-23 00:00:00+05:30,322.7154980725575,323.1873043562893,321.0641760794962,321.9134216308594,6542941,0.0,0.0,POWERGRID.NS,1170
2024-09-24 00:00:00+05:30,325.1217150884182,331.2080279759151,323.04578461278606,330.31158447265625,26145769,0.0,0.0,POWERGRID.NS,1171
2024-09-25 00:00:00+05:30,333.89731595889504,345.5981061483167,332.4818970941238,343.23907470703125,40770462,0.0,0.0,POWERGRID.NS,1172
2024-09-26 00:00:00+05:30,343.52218094352844,345.4566041948038,337.0584571924117,344.84326171875,18733959,0.0,0.0,POWERGRID.NS,1173
2024-09-27 00:00:00+05:30,341.77651233745024,342.8144632119609,333.4255346503048,334.2747802734375,33148043,0.0,0.0,POWERGRID.NS,1174
2024-09-30 00:00:00+05:30,334.2747566875096,337.2943284642278,329.9813309643599,332.9537048339844,16356171,0.0,0.0,POWERGRID.NS,1175
2024-10-01 00:00:00+05:30,331.302357622518,335.92605315661206,330.2172089966748,331.0192565917969,9856291,0.0,0.0,POWERGRID.NS,1176
2024-10-03 00:00:00+05:30,323.6590835752467,330.1700039869404,323.28164433917726,324.7442321777344,19350466,0.0,0.0,POWERGRID.NS,1177
2024-10-04 00:00:00+05:30,323.659120054448,327.85820762051003,318.7051539311656,319.7431335449219,20121706,0.0,0.0,POWERGRID.NS,1178
2024-10-07 00:00:00+05:30,320.8282745930665,320.8282745930665,306.6740860080783,310.4013671875,13851446,0.0,0.0,POWERGRID.NS,1179
2024-10-08 00:00:00+05:30,308.84441700126683,312.33579541739124,304.1735515381948,308.702880859375,21148292,0.0,0.0,POWERGRID.NS,1180
2024-10-09 00:00:00+05:30,308.5613153904473,313.09064428114004,307.14589651250947,311.15625,9228363,0.0,0.0,POWERGRID.NS,1181
2024-10-10 00:00:00+05:30,311.5809005691736,319.0354345539096,311.48653354723575,315.49688720703125,20773976,0.0,0.0,POWERGRID.NS,1182
2024-10-11 00:00:00+05:30,315.59124958467544,316.4404951760742,310.9203556368248,311.4393310546875,6098468,0.0,0.0,POWERGRID.NS,1183
2024-10-14 00:00:00+05:30,311.43930216156457,312.8075518406612,309.3161739816506,312.05267333984375,5944216,0.0,0.0,POWERGRID.NS,1184
2024-10-15 00:00:00+05:30,314.6476213452107,314.6476213452107,309.0331150642664,311.2506103515625,12415489,0.0,0.0,POWERGRID.NS,1185
2024-10-16 00:00:00+05:30,312.9963178286282,313.892732540298,306.62693263842027,308.75006103515625,22085298,0.0,0.0,POWERGRID.NS,1186
2024-10-17 00:00:00+05:30,309.9767576590921,313.1850349318255,306.2966740581104,312.4773254394531,17039729,0.0,0.0,POWERGRID.NS,1187
2024-10-18 00:00:00+05:30,312.80759316523864,315.0250886498973,309.7408520557755,313.3265686035156,10569021,0.0,0.0,POWERGRID.NS,1188
2024-10-21 00:00:00+05:30,314.2230146133262,314.9307241056986,310.8732012014729,312.4773254394531,8745904,0.0,0.0,POWERGRID.NS,1189
2024-10-22 00:00:00+05:30,314.1285949366457,316.72352930706927,302.94678107201247,304.5509338378906,11219831,0.0,0.0,POWERGRID.NS,1190
2024-10-23 00:00:00+05:30,301.20111824076963,303.748854684982,296.1527856613564,299.0307922363281,12541589,0.0,0.0,POWERGRID.NS,1191
2024-10-24 00:00:00+05:30,297.4738475872849,302.71088556614893,297.4738475872849,301.1539306640625,8327779,0.0,0.0,POWERGRID.NS,1192
2024-10-25 00:00:00+05:30,303.3714313614416,303.3714313614416,295.58662791281984,297.9928283691406,12979410,0.0,0.0,POWERGRID.NS,1193
2024-10-28 00:00:00+05:30,296.7661514504143,302.3806577262924,293.2276043345509,300.35186767578125,9610615,0.0,0.0,POWERGRID.NS,1194
2024-10-29 00:00:00+05:30,298.27594732973336,303.08837732828067,296.4358912489805,302.4750061035156,15856332,0.0,0.0,POWERGRID.NS,1195
2024-10-30 00:00:00+05:30,300.5878074687912,307.0515600812754,298.88931616478055,300.49346923828125,14498110,0.0,0.0,POWERGRID.NS,1196
2024-10-31 00:00:00+05:30,302.3334677062385,304.50379393864205,299.92726712339487,302.7109069824219,9900390,0.0,0.0,POWERGRID.NS,1197
2024-11-01 00:00:00+05:30,304.26790999130446,304.5038131534014,301.95604748404565,303.89044189453125,847672,0.0,0.0,POWERGRID.NS,1198
2024-11-04 00:00:00+05:30,306.24948043062903,306.3910453685019,294.0297136361498,297.6626281738281,9249409,0.0,0.0,POWERGRID.NS,1199
2024-11-05 00:00:00+05:30,294.7373582187704,299.78569064903104,294.40708809776885,298.7477111816406,7518195,0.0,0.0,POWERGRID.NS,1200
2024-11-06 00:00:00+05:30,299.50263925711073,302.28630799950747,296.1999950934131,300.5406188964844,11019250,0.0,0.0,POWERGRID.NS,1201
2024-11-07 00:00:00+05:30,301.01240274503147,301.01240274503147,294.1240426648718,295.3035583496094,14504208,0.0,0.0,POWERGRID.NS,1202
2024-11-08 00:00:00+05:30,294.2655908476694,299.64416531244285,291.29321695966684,298.41748046875,15740539,0.0,0.0,POWERGRID.NS,1203
2024-11-11 00:00:00+05:30,295.8696961056719,313.65679798596193,295.1619867109397,311.2033996582031,22838987,0.0,0.0,POWERGRID.NS,1204
2024-11-12 00:00:00+05:30,312.8075945264688,313.75120717964063,303.6545402719927,304.5038146972656,12069181,0.0,0.0,POWERGRID.NS,1205
2024-11-13 00:00:00+05:30,304.4566101204961,306.2966662726025,299.26674064168265,300.0688171386719,12918639,0.0,0.0,POWERGRID.NS,1206
2024-11-14 00:00:00+05:30,301.6002929086834,305.1417576490212,297.2930847468302,298.72882080078125,12500377,4.5,0.0,POWERGRID.NS,1207
2024-11-18 00:00:00+05:30,300.54737652482765,302.03095857840174,296.8144690915435,298.680908203125,9408101,0.0,0.0,POWERGRID.NS,1208
2024-11-19 00:00:00+05:30,299.63805373874516,304.6152829286182,298.87233965266626,301.5523681640625,13157158,0.0,0.0,POWERGRID.NS,1209
2024-11-21 00:00:00+05:30,302.46167993137243,312.75111999232894,299.59020828645436,311.9375305175781,25406386,0.0,0.0,POWERGRID.NS,1210
2024-11-22 00:00:00+05:30,311.8418330176668,323.1363065519668,310.11896158181673,322.51416015625,31523269,0.0,0.0,POWERGRID.NS,1211
2024-11-25 00:00:00+05:30,327.2042380758527,330.6021349026416,321.74842962792195,328.065673828125,29419152,0.0,0.0,POWERGRID.NS,1212
2024-11-26 00:00:00+05:30,327.3477658303637,329.8363804184665,323.42341542721545,324.28485107421875,13997179,0.0,0.0,POWERGRID.NS,1213
2024-11-27 00:00:00+05:30,322.8012617950327,326.67773672409066,322.08339390371685,324.715576171875,12177260,0.0,0.0,POWERGRID.NS,1214
2024-11-28 00:00:00+05:30,324.7156165488419,327.10850981744056,317.96766921544275,319.35552978515625,16920231,0.0,0.0,POWERGRID.NS,1215
2024-11-29 00:00:00+05:30,317.15406600945965,318.2547910236072,312.5118474261887,315.28759765625,13890537,0.0,0.0,POWERGRID.NS,1216
2024-12-02 00:00:00+05:30,314.0911516095936,317.72836675357354,312.2247124633197,313.80401611328125,16003524,0.0,0.0,POWERGRID.NS,1217
2024-12-03 00:00:00+05:30,310.35824260683535,317.15406501789136,310.35824260683535,315.5268859863281,23174488,0.0,0.0,POWERGRID.NS,1218
2024-12-04 00:00:00+05:30,314.95256063195916,317.0583181269633,307.3431785229836,311.1239318847656,17880011,0.0,0.0,POWERGRID.NS,1219
2024-12-05 00:00:00+05:30,311.0760798979643,316.29259815260843,305.8595616433202,314.2825622558594,19785053,0.0,0.0,POWERGRID.NS,1220
2024-12-06 00:00:00+05:30,313.08614959011936,318.4940823362232,312.7032925232497,314.80902099609375,8802058,0.0,0.0,POWERGRID.NS,1221
2024-12-09 00:00:00+05:30,313.7082896302644,316.4840398215819,312.70328619879257,315.0004577636719,9376929,0.0,0.0,POWERGRID.NS,1222
2024-12-10 00:00:00+05:30,317.63261974756006,317.63261974756006,311.41109800464613,313.8518371582031,14994365,0.0,0.0,POWERGRID.NS,1223
2024-12-11 00:00:00+05:30,313.22971021203637,314.90473540033605,312.8468531538778,313.516845703125,5013051,0.0,0.0,POWERGRID.NS,1224
2024-12-12 00:00:00+05:30,313.9475605683982,315.7661534003986,311.88967843718416,315.0961608886719,10414162,0.0,0.0,POWERGRID.NS,1225
2024-12-13 00:00:00+05:30,316.4840515460128,319.9776698064118,311.12396488931114,319.5469665527344,14973536,0.0,0.0,POWERGRID.NS,1226
2024-12-16 00:00:00+05:30,319.54694957945276,321.8441211074146,317.39334579509085,320.6476745605469,12695136,0.0,0.0,POWERGRID.NS,1227
2024-12-17 00:00:00+05:30,318.25477686171575,321.1740947097826,313.9475693553166,315.6704406738281,17360248,0.0,0.0,POWERGRID.NS,1228
2024-12-18 00:00:00+05:30,313.9476022037574,315.0004811019532,306.9124900318619,307.77392578125,15037099,0.0,0.0,POWERGRID.NS,1229
2024-12-19 00:00:00+05:30,304.37601072579275,309.97538657645197,303.2752857114188,307.86962890625,10234715,0.0,0.0,POWERGRID.NS,1230
2024-12-20 00:00:00+05:30,307.5345977730774,311.6503912738322,300.1645048328565,302.2702331542969,13973399,0.0,0.0,POWERGRID.NS,1231
2024-12-23 00:00:00+05:30,304.37599264403417,304.6631281228579,298.20231695824396,301.7916564941406,5984169,0.0,0.0,POWERGRID.NS,1232
2024-12-24 00:00:00+05:30,300.64308191936277,303.08382109172123,295.52228506487864,296.814453125,4833589,0.0,0.0,POWERGRID.NS,1233
2024-12-26 00:00:00+05:30,296.81447596420287,299.68594778092825,295.5223078046521,297.0058898925781,3775101,0.0,0.0,POWERGRID.NS,1234
2024-12-27 00:00:00+05:30,297.43657714284643,298.9201590052883,295.57010906160383,296.1444091796875,3981693,0.0,0.0,POWERGRID.NS,1235
2024-12-30 00:00:00+05:30,295.76160804175674,298.63307996449225,293.17727162724566,294.37371826171875,12489142,0.0,0.0,POWERGRID.NS,1236
2024-12-31 00:00:00+05:30,294.1822582645973,296.4794296010808,292.07650083358504,295.47442626953125,8402716,0.0,0.0,POWERGRID.NS,1237
2025-01-01 00:00:00+05:30,295.47447363229577,298.01093466478636,292.79441563503605,297.10162353515625,4239498,0.0,0.0,POWERGRID.NS,1238
2025-01-02 00:00:00+05:30,296.57515005610276,303.6102609811456,295.52227134451164,301.6480712890625,10766571,0.0,0.0,POWERGRID.NS,1239
2025-01-03 00:00:00+05:30,302.7966861705497,304.3759897090918,300.2123500455756,302.509521484375,7636948,0.0,0.0,POWERGRID.NS,1240
2025-01-06 00:00:00+05:30,302.2702351732399,302.9402569041533,291.7415058653546,292.8901062011719,6722495,0.0,0.0,POWERGRID.NS,1241
2025-01-07 00:00:00+05:30,292.8901155056114,297.3887662186675,290.01864378496816,291.9808044433594,10137739,0.0,0.0,POWERGRID.NS,1242
2025-01-08 00:00:00+05:30,293.03368943619523,294.66086846296133,290.01864990788994,293.51226806640625,6907996,0.0,0.0,POWERGRID.NS,1243
2025-01-09 00:00:00+05:30,293.5122861335669,293.7515754634019,290.64081417554706,292.1722717285156,8244909,0.0,0.0,POWERGRID.NS,1244
2025-01-10 00:00:00+05:30,291.02362619542384,292.1722264848171,285.7114155797474,286.8600158691406,6540783,0.0,0.0,POWERGRID.NS,1245
2025-01-13 00:00:00+05:30,282.36136918236133,285.7592655003387,274.46482241709185,275.2784118652344,19474228,0.0,0.0,POWERGRID.NS,1246
2025-01-14 00:00:00+05:30,275.4219873446416,280.4949088766722,274.5126763105418,277.81488037109375,15954608,0.0,0.0,POWERGRID.NS,1247
2025-01-15 00:00:00+05:30,282.3613928155499,289.5400722939113,278.62848532882623,285.8550109863281,12198882,0.0,0.0,POWERGRID.NS,1248
2025-01-16 00:00:00+05:30,286.1900258320308,288.67864059433373,283.8928542091827,284.8978576660156,11694289,0.0,0.0,POWERGRID.NS,1249
2025-01-17 00:00:00+05:30,284.8978329114067,291.9329441283263,283.0313939094448,289.6357727050781,7593230,0.0,0.0,POWERGRID.NS,1250
2025-01-20 00:00:00+05:30,289.6357765690648,295.5701337241153,289.01363022677754,293.12939453125,9435937,0.0,0.0,POWERGRID.NS,1251
2025-01-21 00:00:00+05:30,293.8472594993341,296.6708849147273,288.5828949154698,289.396484375,13911546,0.0,0.0,POWERGRID.NS,1252
2025-01-22 00:00:00+05:30,289.06148540971503,289.34862089660356,283.1270988596395,284.8021240234375,9723333,0.0,0.0,POWERGRID.NS,1253
2025-01-23 00:00:00+05:30,284.7542666289694,286.7643025883743,281.02135939585725,281.7392272949219,12228286,0.0,0.0,POWERGRID.NS,1254
2025-01-24 00:00:00+05:30,282.6485642225055,289.5401090813853,281.73928223245736,283.1750183105469,11142914,0.0,0.0,POWERGRID.NS,1255
2025-01-27 00:00:00+05:30,282.36139011715346,282.36139011715346,271.5933710025163,274.7041320800781,13477947,0.0,0.0,POWERGRID.NS,1256
2025-01-28 00:00:00+05:30,274.8476445947453,276.42694790550183,267.38183119292415,271.7847595214844,11298068,0.0,0.0,POWERGRID.NS,1257
2025-01-29 00:00:00+05:30,273.1248374970589,276.7620235010742,271.1626475340035,275.5177307128906,4800024,0.0,0.0,POWERGRID.NS,1258
2025-01-30 00:00:00+05:30,275.5177314657026,284.37143638847147,275.5177314657026,282.6964111328125,10969499,0.0,0.0,POWERGRID.NS,1259
2025-01-31 00:00:00+05:30,284.2756956950739,290.4493714775504,283.222816906031,288.7264709472656,14141459,0.0,0.0,POWERGRID.NS,1260
2025-02-01 00:00:00+05:30,288.7264813252738,292.2679748674991,276.28343695870706,277.4320373535156,6945157,0.0,0.0,POWERGRID.NS,1261
2025-02-03 00:00:00+05:30,277.5755912270239,279.48990564927925,266.08970469349185,271.6412048339844,14978897,0.0,0.0,POWERGRID.NS,1262
2025-02-04 00:00:00+05:30,268.9611815115929,274.12982470929336,260.44248801036724,273.4119567871094,19836427,0.0,0.0,POWERGRID.NS,1263
2025-02-05 00:00:00+05:30,273.36411926896625,278.293473315418,272.3590866200002,272.98126220703125,15337191,0.0,0.0,POWERGRID.NS,1264
2025-02-06 00:00:00+05:30,275.18269028603163,278.48489425351164,267.7647221131038,269.104736328125,21418561,0.0,0.0,POWERGRID.NS,1265
2025-02-07 00:00:00+05:30,264.45667140926554,272.9781486269869,261.4547773149336,269.3468322753906,17193482,3.25,0.0,POWERGRID.NS,1266
2025-02-10 00:00:00+05:30,266.29652226829074,267.2648732583572,259.61490634717717,260.1959228515625,16709670,0.0,0.0,POWERGRID.NS,1267
2025-02-11 00:00:00+05:30,260.19592937549373,260.29274083554617,251.7712637299914,253.17538452148438,22083955,0.0,0.0,POWERGRID.NS,1268
2025-02-12 00:00:00+05:30,251.2870989826207,253.80481763807177,245.96116817566727,248.9146270751953,17861265,0.0,0.0,POWERGRID.NS,1269
2025-02-13 00:00:00+05:30,249.10830482945542,253.0785500004455,247.9947070447423,250.9481658935547,12257226,0.0,0.0,POWERGRID.NS,1270
2025-02-14 00:00:00+05:30,252.1586133693871,253.2238054594861,246.6874357200921,249.2051544189453,11339563,0.0,0.0,POWERGRID.NS,1271
2025-02-17 00:00:00+05:30,248.76939587094347,255.64469470712518,244.21814857943667,254.87002563476562,8332653,0.0,0.0,POWERGRID.NS,1272
2025-02-18 00:00:00+05:30,255.49941823407346,259.4212279783289,251.96494298094876,258.5013122558594,10483635,0.0,0.0,POWERGRID.NS,1273
2025-02-19 00:00:00+05:30,254.19213496253084,260.00224090453156,253.99845294377334,254.72471618652344,14602009,0.0,0.0,POWERGRID.NS,1274
2025-02-20 00:00:00+05:30,254.4342412509003,258.01715199691387,253.03012039190682,257.33929443359375,15312926,0.0,0.0,POWERGRID.NS,1275
2025-02-21 00:00:00+05:30,256.9035328211424,257.3393026331229,251.19026729015096,253.61114501953125,10757038,0.0,0.0,POWERGRID.NS,1276
2025-02-24 00:00:00+05:30,249.83456810884158,253.5142902370401,249.10830482945542,250.9481658935547,14599185,0.0,0.0,POWERGRID.NS,1277
2025-02-25 00:00:00+05:30,250.60923581092982,251.72286314155656,246.8326726881869,247.65577697753906,21287363,0.0,0.0,POWERGRID.NS,1278
2025-02-27 00:00:00+05:30,245.96116377667684,249.30198668016166,245.42856775033403,248.13995361328125,13614799,0.0,0.0,POWERGRID.NS,1279
2025-02-28 00:00:00+05:30,247.80103452796848,248.8662266223009,239.47322413686564,242.91087341308594,38512868,0.0,0.0,POWERGRID.NS,1280
2025-03-03 00:00:00+05:30,244.99281199238087,245.76749577598812,240.63523233243734,244.50863647460938,9873539,0.0,0.0,POWERGRID.NS,1281
2025-03-04 00:00:00+05:30,242.0877621868464,249.01146627504443,241.55516615486243,245.96116638183594,11947033,0.0,0.0,POWERGRID.NS,1282
2025-03-05 00:00:00+05:30,248.8177856556522,258.74338278275224,247.65575270788688,256.031982421875,14536637,0.0,0.0,POWERGRID.NS,1283
2025-03-06 00:00:00+05:30,256.758288776734,258.84023773562126,252.4491441040102,258.2108154296875,11926868,0.0,0.0,POWERGRID.NS,1284
2025-03-07 00:00:00+05:30,257.58135629720346,260.147480440195,253.32061796804607,254.966796875,10043068,0.0,0.0,POWERGRID.NS,1285
2025-03-10 00:00:00+05:30,252.7880249731833,265.5702704107263,252.7880249731833,262.713623046875,30233763,0.0,0.0,POWERGRID.NS,1286
2025-03-11 00:00:00+05:30,261.45476947639236,263.2462247331501,257.4361187447858,258.8402099609375,9255499,0.0,0.0,POWERGRID.NS,1287
2025-03-12 00:00:00+05:30,262.1326456795726,263.77882476257304,255.2573471929502,258.6465759277344,11875548,0.0,0.0,POWERGRID.NS,1288
2025-03-13 00:00:00+05:30,261.2610869147651,262.0841911717567,257.0971894524224,259.17913818359375,9270442,0.0,0.0,POWERGRID.NS,1289
2025-03-17 00:00:00+05:30,261.454796373505,262.0842186766507,256.5646351509149,258.888671875,11987667,0.0,0.0,POWERGRID.NS,1290
2025-03-18 00:00:00+05:30,258.888671875,258.888671875,258.888671875,258.888671875,0,0.0,0.0,POWERGRID.NS,1291
2025-03-19 00:00:00+05:30,263.39147335381784,269.49207286448365,261.2610893221769,268.4269104003906,13089950,0.0,0.0,POWERGRID.NS,1292
2025-03-20 00:00:00+05:30,274.52753390869157,274.57593964248076,268.2816575599182,271.47723388671875,13710249,0.0,0.0,POWERGRID.NS,1293
2025-03-21 00:00:00+05:30,272.10665456743357,276.12530565514754,271.18670921706524,274.14019775390625,26003527,0.0,0.0,POWERGRID.NS,1294
2025-03-24 00:00:00+05:30,275.98007014494203,284.64682451930895,275.44748884781086,282.61328125,19966817,0.0,0.0,POWERGRID.NS,1295
2025-03-25 00:00:00+05:30,281.7901611328125,285.90565317684843,278.5461791406971,281.7901611328125,16983852,0.0,0.0,POWERGRID.NS,1296
2025-03-26 00:00:00+05:30,282.4680017306367,287.35816251551717,280.3860234155954,281.6448974609375,20367015,0.0,0.0,POWERGRID.NS,1297
2025-03-27 00:00:00+05:30,279.8534836099434,287.84238063341064,279.8534836099434,286.14776611328125,37203166,0.0,0.0,POWERGRID.NS,1298
2025-03-28 00:00:00+05:30,284.5983705251023,284.9372993063308,279.1755986806343,281.1607360839844,10834900,0.0,0.0,POWERGRID.NS,1299
2025-04-01 00:00:00+05:30,280.4344744666903,287.55186070814506,277.9167557861563,280.1439514160156,11603556,0.0,0.0,POWERGRID.NS,1300
2025-04-02 00:00:00+05:30,277.77152363917,280.5797359662775,275.49589260537,277.6746826171875,11679536,0.0,0.0,POWERGRID.NS,1301
2025-04-03 00:00:00+05:30,280.1923963661701,290.45692392445716,276.07690419600505,289.6338195800781,23478876,0.0,0.0,POWERGRID.NS,1302
2025-04-04 00:00:00+05:30,290.5053364228185,291.3768465217408,282.8553684740305,284.598388671875,21020875,0.0,0.0,POWERGRID.NS,1303
2025-04-07 00:00:00+05:30,274.62435950763955,284.59836335003746,273.3654854307757,280.24078369140625,22847548,0.0,0.0,POWERGRID.NS,1304
2025-04-08 00:00:00+05:30,282.71010692315673,284.69521479748136,275.641126375719,279.8050537109375,20831596,0.0,0.0,POWERGRID.NS,1305
2025-04-09 00:00:00+05:30,280.77343349031656,290.0211753407562,280.1439815885917,284.1142272949219,21342531,0.0,0.0,POWERGRID.NS,1306
2025-04-11 00:00:00+05:30,283.9689407881724,295.3470654403839,283.9689407881724,294.4755554199219,19831004,0.0,0.0,POWERGRID.NS,1307
2025-04-15 00:00:00+05:30,297.4774699763862,300.62461105387973,294.0882411237009,294.91131591796875,16563441,0.0,0.0,POWERGRID.NS,1308
2025-04-16 00:00:00+05:30,294.8144891950639,297.2837725535632,293.21668632008675,296.0733337402344,7032401,0.0,0.0,POWERGRID.NS,1309
2025-04-17 00:00:00+05:30,295.78282475524543,299.9951279636436,292.44200198472896,299.220458984375,8528993,0.0,0.0,POWERGRID.NS,1310
2025-04-21 00:00:00+05:30,300.18880462646484,311.809016418457,298.6878724240232,309.872314453125,13369014,0.0,0.0,POWERGRID.NS,1311
2025-04-22 00:00:00+05:30,309.6302197949195,309.6302197949195,302.2223408532518,302.6580810546875,10027268,0.0,0.0,POWERGRID.NS,1312
2025-04-23 00:00:00+05:30,304.20747915643824,306.095775541447,299.65624691194205,304.982177734375,8225575,0.0,0.0,POWERGRID.NS,1313
2025-04-24 00:00:00+05:30,304.9337605189389,305.8537058998339,302.9486525518255,304.4495849609375,8021180,0.0,0.0,POWERGRID.NS,1314
2025-04-25 00:00:00+05:30,303.0938727672882,305.41790933183546,293.79769695737076,296.7995910644531,11475773,0.0,0.0,POWERGRID.NS,1315
2025-04-28 00:00:00+05:30,294.57242523454096,301.10879535467075,293.9429733593657,298.78472900390625,7314824,0.0,0.0,POWERGRID.NS,1316
2025-04-29 00:00:00+05:30,298.7847113543128,300.96350126565216,291.6673546186545,293.3619689941406,14678005,0.0,0.0,POWERGRID.NS,1317
2025-04-30 00:00:00+05:30,294.8144902942112,300.18882682473674,292.3451773747768,297.71954345703125,17619987,0.0,0.0,POWERGRID.NS,1318
2025-05-02 00:00:00+05:30,295.83124261984125,299.2204712586938,292.732507472199,293.4587707519531,5688285,0.0,0.0,POWERGRID.NS,1319
2025-05-05 00:00:00+05:30,295.153383621159,300.86667836853553,295.00813687626754,298.44580078125,4342960,0.0,0.0,POWERGRID.NS,1320
2025-05-06 00:00:00+05:30,297.8647766113281,300.62458290040513,295.8796393096251,297.8647766113281,9124804,0.0,0.0,POWERGRID.NS,1321
2025-05-07 00:00:00+05:30,298.25213404779714,303.2391362229906,297.2837829632264,301.2540283203125,14679327,0.0,0.0,POWERGRID.NS,1322
2025-05-08 00:00:00+05:30,303.4812345259943,307.3546389986981,294.3787399254866,298.4942321777344,19253478,0.0,0.0,POWERGRID.NS,1323
2025-05-09 00:00:00+05:30,290.50531116001264,293.45877000278136,287.0192415157468,289.82745361328125,11981497,0.0,0.0,POWERGRID.NS,1324
2025-05-12 00:00:00+05:30,294.42716498969895,301.25405855206003,294.42716498969895,299.2689208984375,7145884,0.0,0.0,POWERGRID.NS,1325
2025-05-13 00:00:00+05:30,295.3470823478646,298.97839893410884,288.5686247202087,289.00439453125,17988336,0.0,0.0,POWERGRID.NS,1326
2025-05-14 00:00:00+05:30,289.7306677604059,291.0379181347918,284.7436358366363,286.5835266113281,10359258,0.0,0.0,POWERGRID.NS,1327
2025-05-15 00:00:00+05:30,286.53506545332925,290.89264511245915,281.8385570214769,290.1663818359375,22640626,0.0,0.0,POWERGRID.NS,1328
2025-05-16 00:00:00+05:30,290.50532309086736,292.63570728089223,286.14774324450434,290.6990051269531,16763668,0.0,0.0,POWERGRID.NS,1329
2025-05-19 00:00:00+05:30,292.4420161977535,294.86289381528456,289.5369630567162,294.4271240234375,12575289,0.0,0.0,POWERGRID.NS,1330
2025-05-20 00:00:00+05:30,294.7660530511735,295.6375630838809,287.69710222265644,288.4717712402344,21339095,0.0,0.0,POWERGRID.NS,1331
2025-05-21 00:00:00+05:30,288.32649756915606,292.6840768775061,286.2929546482476,286.7771301269531,11997632,0.0,0.0,POWERGRID.NS,1332
2025-05-22 00:00:00+05:30,286.53508435360214,286.9708541689505,277.480995665399,281.6933288574219,26158839,0.0,0.0,POWERGRID.NS,1333
2025-05-23 00:00:00+05:30,282.7585187396455,289.29488860777093,282.516430966752,288.66546630859375,9872024,0.0,0.0,POWERGRID.NS,1334
2025-05-26 00:00:00+05:30,290.55370562542714,294.1850218741288,286.38980814760674,287.30975341796875,16469130,0.0,0.0,POWERGRID.NS,1335
2025-05-27 00:00:00+05:30,287.6002550401406,288.181271566729,282.9521819308902,285.227783203125,17074710,0.0,0.0,POWERGRID.NS,1336
2025-05-28 00:00:00+05:30,285.2277818532238,286.2929738883065,281.3059720328376,281.9353942871094,10099453,0.0,0.0,POWERGRID.NS,1337
2025-05-29 00:00:00+05:30,282.12908560599465,284.59836897398986,282.12908560599465,283.8236999511719,9773818,0.0,0.0,POWERGRID.NS,1338
2025-05-30 00:00:00+05:30,282.758501739107,285.32462606714705,279.12718536403287,280.5797119140625,21788566,0.0,0.0,POWERGRID.NS,1339
2025-06-02 00:00:00+05:30,281.1123031186449,284.3562851056245,279.2724420004522,283.7752685546875,7255782,0.0,0.0,POWERGRID.NS,1340
2025-06-03 00:00:00+05:30,283.2426893328545,286.0509015389711,278.6430217283039,279.127197265625,10989055,0.0,0.0,POWERGRID.NS,1341
2025-06-04 00:00:00+05:30,279.1272005866398,280.62813294950126,277.96516746255156,279.4176940917969,8580196,0.0,0.0,POWERGRID.NS,1342
2025-06-05 00:00:00+05:30,281.79017575635885,285.9056680139689,280.9186656592112,284.93731689453125,13110486,0.0,0.0,POWERGRID.NS,1343
2025-06-06 00:00:00+05:30,284.2594425315918,287.6002655173844,283.6784555355663,286.438232421875,7935393,0.0,0.0,POWERGRID.NS,1344
2025-06-09 00:00:00+05:30,288.5686242330491,291.61892424999877,286.7771688098469,290.989501953125,8666186,0.0,0.0,POWERGRID.NS,1345
2025-06-10 00:00:00+05:30,291.0378886965617,292.2483274776183,288.81069316010877,291.5220642089844,7273892,0.0,0.0,POWERGRID.NS,1346
2025-06-11 00:00:00+05:30,291.57051233788775,291.8610058374493,284.6952138482143,286.0993347167969,10941604,0.0,0.0,POWERGRID.NS,1347
2025-06-12 00:00:00+05:30,285.8087764942542,286.4381987003345,279.36924859809216,279.8534240722656,14071159,0.0,0.0,POWERGRID.NS,1348
2025-06-13 00:00:00+05:30,273.60758589114175,277.3841787453238,272.88132258098824,276.4642333984375,16028417,0.0,0.0,POWERGRID.NS,1349
2025-06-16 00:00:00+05:30,278.8366983591143,281.30598173089703,277.2388954755418,279.5145263671875,11067299,0.0,0.0,POWERGRID.NS,1350
2025-06-17 00:00:00+05:30,279.5145351107592,281.25758479689154,278.11044376686004,279.4176940917969,7286868,0.0,0.0,POWERGRID.NS,1351
2025-06-18 00:00:00+05:30,278.40095744258224,279.17562654694706,276.4642551299382,278.207275390625,11904855,0.0,0.0,POWERGRID.NS,1352
2025-06-19 00:00:00+05:30,277.7230544814481,278.54615874031805,276.270527984052,277.3841552734375,13573824,0.0,0.0,POWERGRID.NS,1353
2025-06-20 00:00:00+05:30,276.5126317595127,285.17938551696784,276.02845623231923,283.8236999511719,33014151,0.0,0.0,POWERGRID.NS,1354
2025-06-23 00:00:00+05:30,282.17750165149454,284.1626391165812,278.9819548759131,281.06390380859375,6833477,0.0,0.0,POWERGRID.NS,1355
2025-06-24 00:00:00+05:30,284.1626580718708,285.37309701483883,276.31900781109147,276.9000244140625,15007849,0.0,0.0,POWERGRID.NS,1356
2025-06-25 00:00:00+05:30,277.43256997188115,281.88699061825,277.43256997188115,281.257568359375,10838516,0.0,0.0,POWERGRID.NS,1357
2025-06-26 00:00:00+05:30,281.59646943496506,284.9372923297005,280.5797126679039,284.2110290527344,10232220,0.0,0.0,POWERGRID.NS,1358
2025-06-27 00:00:00+05:30,285.6635607573622,291.183173582518,284.8404564516138,289.779052734375,15523628,0.0,0.0,POWERGRID.NS,1359
2025-06-30 00:00:00+05:30,290.8926533145361,291.4736698624816,286.87400231481786,290.4084777832031,8415241,0.0,0.0,POWERGRID.NS,1360
2025-07-01 00:00:00+05:30,291.47366595973506,291.9578414845851,287.6002617609346,288.1328430175781,12349270,0.0,0.0,POWERGRID.NS,1361
2025-07-02 00:00:00+05:30,288.13284062834805,289.294873699044,284.1141897157614,285.518310546875,10826029,0.0,0.0,POWERGRID.NS,1362
2025-07-03 00:00:00+05:30,288.9559564677266,289.48856729295994,283.8237075625345,284.40472412109375,10373094,0.0,0.0,POWERGRID.NS,1363
2025-07-04 00:00:00+05:30,284.40469695402146,285.80878815537665,282.41955969788035,284.6951904296875,14193884,0.0,0.0,POWERGRID.NS,1364
2025-07-07 00:00:00+05:30,285.3730611889341,287.2613279718709,284.2110281288743,286.5350646972656,6220756,0.0,0.0,POWERGRID.NS,1365
2025-07-08 00:00:00+05:30,284.84046823903606,288.9559603863584,283.7752761258537,288.3265380859375,6254288,0.0,0.0,POWERGRID.NS,1366
2025-07-09 00:00:00+05:30,288.8106962967761,290.50531060865995,287.01924097101033,290.1663818359375,5650646,0.0,0.0,POWERGRID.NS,1367
2025-07-10 00:00:00+05:30,290.5053160244361,293.1198756893476,288.5686139176065,289.779052734375,9307817,0.0,0.0,POWERGRID.NS,1368
2025-07-11 00:00:00+05:30,289.77905384975355,291.37682718369206,287.5518582390185,289.1011962890625,7073217,0.0,0.0,POWERGRID.NS,1369
2025-07-14 00:00:00+05:30,290.0211431442192,290.9410884740495,288.036035287296,288.7622985839844,5484223,0.0,0.0,POWERGRID.NS,1370
2025-07-15 00:00:00+05:30,288.6654701983788,290.5053313868159,287.4550313176004,288.6170349121094,6173407,0.0,0.0,POWERGRID.NS,1371
2025-07-16 00:00:00+05:30,289.48857236693266,289.48857236693266,286.34143130061625,287.648681640625,8144630,0.0,0.0,POWERGRID.NS,1372
2025-07-17 00:00:00+05:30,288.132867504513,288.762319381695,286.4382530235212,287.21295166015625,8318287,0.0,0.0,POWERGRID.NS,1373
2025-07-18 00:00:00+05:30,287.1161157300455,291.95787147591477,284.211062282524,284.8404846191406,8702106,0.0,0.0,POWERGRID.NS,1374
2025-07-21 00:00:00+05:30,284.6952274206913,287.8423685401377,283.0006129717586,287.60028076171875,5298012,0.0,0.0,POWERGRID.NS,1375
2025-07-22 00:00:00+05:30,287.6971109418524,289.3917253269252,285.2277979639942,288.37493896484375,7775653,0.0,0.0,POWERGRID.NS,1376
2025-07-23 00:00:00+05:30,289.39171822335487,290.16638724539513,287.697103879879,289.779052734375,5310964,0.0,0.0,POWERGRID.NS,1377
2025-07-24 00:00:00+05:30,290.36006052187423,291.81258705820005,287.11607868040096,289.8758850097656,6294709,0.0,0.0,POWERGRID.NS,1378
2025-07-25 00:00:00+05:30,287.7455386905028,288.32655529161315,281.6933439950449,282.8553771972656,8202572,0.0,0.0,POWERGRID.NS,1379
2025-07-28 00:00:00+05:30,282.7584926218866,285.90563337880826,281.5480538692244,282.6616516113281,7037396,0.0,0.0,POWERGRID.NS,1380
2025-07-29 00:00:00+05:30,281.3059812994199,284.59836897398986,280.62812374065743,283.8236999511719,6586034,0.0,0.0,POWERGRID.NS,1381
2025-07-30 00:00:00+05:30,283.72686372674167,287.1160924743307,277.52942278435324,279.8050537109375,10515572,0.0,0.0,POWERGRID.NS,1382
2025-07-31 00:00:00+05:30,275.93164898493546,284.98570784043096,275.93164898493546,281.7901611328125,14283621,0.0,0.0,POWERGRID.NS,1383
2025-08-01 00:00:00+05:30,282.4195916086403,283.53318946015554,277.2389073278963,282.0322570800781,6697683,0.0,0.0,POWERGRID.NS,1384
2025-08-04 00:00:00+05:30,281.98381053249784,282.32270972610723,276.65788026836685,278.836669921875,10397121,0.0,0.0,POWERGRID.NS,1385
2025-08-05 00:00:00+05:30,278.0136174544418,279.51454989670066,276.07691517966583,276.94842529296875,15561914,0.0,0.0,POWERGRID.NS,1386
2025-08-06 00:00:00+05:30,278.49777771986055,279.2724467665108,275.0601136399917,275.786376953125,12985269,0.0,0.0,POWERGRID.NS,1387
2025-08-07 00:00:00+05:30,275.49587748167073,277.2388975747471,274.4306854018,276.51263427734375,8893659,0.0,0.0,POWERGRID.NS,1388
2025-08-08 00:00:00+05:30,275.78637306504544,277.1904939379996,274.6243695114522,275.8348083496094,6172968,0.0,0.0,POWERGRID.NS,1389
2025-08-11 00:00:00+05:30,275.8348083496094,277.33574068823253,274.3338464592568,275.8348083496094,8755499,0.0,0.0,POWERGRID.NS,1390
2025-08-12 00:00:00+05:30,275.39902552506555,278.4493253426438,275.0116910255161,275.64111328125,13184438,0.0,0.0,POWERGRID.NS,1391
2025-08-13 00:00:00+05:30,277.916732865736,280.2407693208184,276.99678760873013,279.0787658691406,9928283,0.0,0.0,POWERGRID.NS,1392
2025-08-14 00:00:00+05:30,279.9018264325586,280.96701837327413,278.0619655631729,279.56292724609375,8464495,0.0,0.0,POWERGRID.NS,1393
2025-08-18 00:00:00+05:30,280.3376317729236,282.08065185962835,279.3692807132589,281.1607360839844,9836105,0.0,0.0,POWERGRID.NS,1394
2025-08-19 00:00:00+05:30,282.03601837158203,282.13327810692135,278.6807504191529,280.0909423828125,7196772,1.25,0.0,POWERGRID.NS,1395
2025-08-20 00:00:00+05:30,280.2854601611717,281.0634786801803,279.06978767553085,280.4799499511719,3106073,0.0,0.0,POWERGRID.NS,1396
2025-08-21 00:00:00+05:30,280.4799361494731,281.5983488453277,275.8117659061222,276.2007751464844,7389271,0.0,0.0,POWERGRID.NS,1397
2025-08-22 00:00:00+05:30,276.2007777647218,276.73566176535235,274.0611824031939,275.5686340332031,6824793,0.0,0.0,POWERGRID.NS,1398
2025-08-25 00:00:00+05:30,275.5686611229176,276.78433367976874,274.4502483065157,276.3466796875,7426789,0.0,0.0,POWERGRID.NS,1399
2025-08-26 00:00:00+05:30,275.22825262711217,276.00627115142953,271.2408409111012,272.21337890625,22905910,0.0,0.0,POWERGRID.NS,1400
2025-08-28 00:00:00+05:30,274.255705157843,274.255705157843,266.0863922167015,266.9130554199219,12455072,0.0,0.0,POWERGRID.NS,1401
2025-08-29 00:00:00+05:30,266.0863888761254,268.5177337494827,264.77345670861183,267.6910705566406,12841075,0.0,0.0,POWERGRID.NS,1402
2025-09-01 00:00:00+05:30,268.4204871798367,272.89416790206815,268.4204871798367,272.1647644042969,10820878,0.0,0.0,POWERGRID.NS,1403
2025-09-02 00:00:00+05:30,272.5051332470267,279.9936573186593,272.164739043884,278.8266296386719,16983677,0.0,0.0,POWERGRID.NS,1404
2025-09-03 00:00:00+05:30,281.0634567215809,281.25797617588785,277.7568337548744,278.1944580078125,30178885,0.0,0.0,POWERGRID.NS,1405
2025-09-04 00:00:00+05:30,278.9725222944279,280.0423199960402,273.18590950809545,274.0611877441406,5946090,0.0,0.0,POWERGRID.NS,1406
2025-09-05 00:00:00+05:30,274.5960886222258,278.7779898212633,274.5960886222258,277.5137023925781,9695914,0.0,0.0,POWERGRID.NS,1407
2025-09-08 00:00:00+05:30,278.53486449927703,279.79918164903796,274.3529631627289,275.0337219238281,5186605,0.0,0.0,POWERGRID.NS,1408
2025-09-09 00:00:00+05:30,275.2768529607576,276.54117009466415,273.963950480993,276.0549011230469,7093190,0.0,0.0,POWERGRID.NS,1409
2025-09-10 00:00:00+05:30,276.88156788749023,278.5835093101367,274.74197251293344,275.17962646484375,7767863,0.0,0.0,POWERGRID.NS,1410
2025-09-11 00:00:00+05:30,274.79060262115405,280.77173512119623,274.79060262115405,278.92388916015625,7406625,0.0,0.0,POWERGRID.NS,1411
2025-09-12 00:00:00+05:30,279.361509577788,280.6744416683619,277.27055904513384,279.7505187988281,7618852,0.0,0.0,POWERGRID.NS,1412
2025-09-15 00:00:00+05:30,280.38269863285484,280.86896764170785,277.90273855950636,278.3890075683594,5420800,0.0,0.0,POWERGRID.NS,1413
2025-09-16 00:00:00+05:30,278.6807492589119,281.74426767207285,278.4862594685472,280.43133544921875,8626429,0.0,0.0,POWERGRID.NS,1414
2025-09-17 00:00:00+05:30,281.06345275769337,281.25797220925705,278.0972240381065,279.2642517089844,19010126,0.0,0.0,POWERGRID.NS,1415
2025-09-18 00:00:00+05:30,279.1184003891387,281.89013956932183,278.2431221426345,281.1607360839844,16842964,0.0,0.0,POWERGRID.NS,1416
2025-09-19 00:00:00+05:30,282.03602566888617,282.2305451445978,277.076075833291,278.34039306640625,14993879,0.0,0.0,POWERGRID.NS,1417
2025-09-22 00:00:00+05:30,279.1183788218969,281.06345463250244,278.04858119016353,278.7779846191406,9456933,0.0,0.0,POWERGRID.NS,1418
2025-09-23 00:00:00+05:30,280.72308402169074,281.06347825305374,277.5623355638277,280.6744689941406,13619147,0.0,0.0,POWERGRID.NS,1419
2025-09-24 00:00:00+05:30,279.99366247275503,286.46103373351167,279.06976925236245,285.245361328125,14032389,0.0,0.0,POWERGRID.NS,1420
2025-09-25 00:00:00+05:30,285.926152824609,286.75281600507043,275.81176423882266,276.58978271484375,16242837,0.0,0.0,POWERGRID.NS,1421
2025-09-26 00:00:00+05:30,275.7145127870004,276.3466565276837,272.407889645385,274.49884033203125,8959035,0.0,0.0,POWERGRID.NS,1422
2025-09-29 00:00:00+05:30,276.1035285237842,278.24312396660133,272.2620212835269,272.8941650390625,14600560,0.0,0.0,POWERGRID.NS,1423
2025-09-30 00:00:00+05:30,274.2556827487316,278.14583427708243,271.3380691024685,272.5537414550781,18772881,0.0,0.0,POWERGRID.NS,1424
2025-10-01 00:00:00+05:30,273.2831737716498,275.08237497971265,272.21337605230127,272.9427795410156,11812449,0.0,0.0,POWERGRID.NS,1425
2025-10-03 00:00:00+05:30,275.5686406298664,282.0360122154581,273.33178548390373,281.7442626953125,19597461,0.0,0.0,POWERGRID.NS,1426
2025-10-06 00:00:00+05:30,280.43130999384476,280.7230594926611,276.7356481583298,279.0211181640625,11702722,0.0,0.0,POWERGRID.NS,1427
2025-10-07 00:00:00+05:30,281.0148310229427,284.3214538640417,279.2156300172049,281.0634460449219,11371062,0.0,0.0,POWERGRID.NS,1428
2025-10-08 00:00:00+05:30,282.37639168858715,282.37639168858715,276.8329136594234,277.4650573730469,9989251,0.0,0.0,POWERGRID.NS,1429
2025-10-09 00:00:00+05:30,277.1733048666126,279.069765666448,274.4988256091278,278.2917175292969,10714949,0.0,0.0,POWERGRID.NS,1430
2025-10-10 00:00:00+05:30,277.4164584051681,283.2516862769683,277.4164584051681,281.2093505859375,10773268,0.0,0.0,POWERGRID.NS,1431
2025-10-13 00:00:00+05:30,279.8477841240975,280.2854380562139,277.076045139531,278.2917175292969,8950161,0.0,0.0,POWERGRID.NS,1432
2025-10-14 00:00:00+05:30,278.63213729194973,279.9936845574755,277.5623395549279,279.60467529296875,7667654,0.0,0.0,POWERGRID.NS,1433
2025-10-15 00:00:00+05:30,279.2642683761559,285.19675584889626,279.16700864456936,282.9599304199219,8125514,0.0,0.0,POWERGRID.NS,1434
2025-10-16 00:00:00+05:30,284.37011965096224,285.1967829286857,282.61956303419976,283.8352355957031,7824732,0.0,0.0,POWERGRID.NS,1435
2025-10-17 00:00:00+05:30,283.0085496614471,283.4948186471197,280.09093574741155,281.7928771972656,14275188,0.0,0.0,POWERGRID.NS,1436
2025-10-20 00:00:00+05:30,282.18186198017287,284.0783227316436,279.2156332965915,280.2854309082031,13536721,0.0,0.0,POWERGRID.NS,1437
2025-10-21 00:00:00+05:30,280.3826897903278,281.6470069811754,280.2854597352275,280.6744689941406,398291,0.0,0.0,POWERGRID.NS,1438
2025-10-23 00:00:00+05:30,281.0148589030305,283.15442463389456,280.09093595775727,281.69561767578125,21031287,0.0,0.0,POWERGRID.NS,1439
2025-10-24 00:00:00+05:30,281.6955915834703,282.7653891895631,278.6807182133908,280.5771789550781,16350189,0.0,0.0,POWERGRID.NS,1440
2025-10-27 00:00:00+05:30,281.0634684914512,284.75910084202894,280.2854500006463,283.0571594238281,13396182,0.0,0.0,POWERGRID.NS,1441
2025-10-28 00:00:00+05:30,282.57090143540813,284.564622124817,278.92388396887213,280.3340759277344,13543174,0.0,0.0,POWERGRID.NS,1442
2025-10-29 00:00:00+05:30,281.06345310599914,288.5033621052577,280.820318630994,287.23907470703125,14608714,0.0,0.0,POWERGRID.NS,1443
2025-10-30 00:00:00+05:30,288.1629822931123,288.30888672900187,282.95992801179966,283.49481201171875,10329750,0.0,0.0,POWERGRID.NS,1444
2025-10-31 00:00:00+05:30,283.98109361064735,283.98109361064735,279.1184036515609,280.23681640625,10088802,0.0,0.0,POWERGRID.NS,1445
2025-11-03 00:00:00+05:30,281.06348037719727,282.1818931348389,279.2642791516846,280.0909423828125,8578207,0.0,0.0,POWERGRID.NS,1446
2025-11-04 00:00:00+05:30,276.68706275542957,277.124716730008,270.46282545184107,271.38671875,26098629,0.0,0.0,POWERGRID.NS,1447
2025-11-06 00:00:00+05:30,270.36553845000077,270.8518074040475,262.4393604349388,262.7797546386719,21919591,0.0,0.0,POWERGRID.NS,1448
2025-11-07 00:00:00+05:30,262.77977795456536,265.3083529963624,261.36958599090576,264.53033447265625,11379131,0.0,0.0,POWERGRID.NS,1449
2025-11-10 00:00:00+05:30,265.6181180241124,267.54645180953463,263.590858183498,265.2225646972656,10717941,4.5,0.0,POWERGRID.NS,1450
2025-11-11 00:00:00+05:30,265.2719949762581,266.16199749773756,261.71195471155613,264.67864990234375,11154806,0.0,0.0,POWERGRID.NS,1451
2025-11-12 00:00:00+05:30,266.0136665275419,267.24978951326466,263.5414205560963,264.134765625,16444701,0.0,0.0,POWERGRID.NS,1452
2025-11-13 00:00:00+05:30,264.1347773574899,267.4475931421342,262.7008625588455,266.854248046875,12573141,0.0,0.0,POWERGRID.NS,1453
2025-11-14 00:00:00+05:30,267.3486811082373,269.27701482782635,266.50811145564467,268.2881164550781,10308317,0.0,0.0,POWERGRID.NS,1454
2025-11-17 00:00:00+05:30,269.0792684619509,270.908736590646,267.00257572610195,270.5131530761719,9884392,0.0,0.0,POWERGRID.NS,1455
2025-11-18 00:00:00+05:30,270.95815307892525,273.7270564403353,269.2770137802799,271.15594482421875,16434280,0.0,0.0,POWERGRID.NS,1456
2025-11-19 00:00:00+05:30,272.8865348033116,272.9359676534738,269.47482313612903,272.09539794921875,15765235,0.0,0.0,POWERGRID.NS,1457
2025-11-20 00:00:00+05:30,272.1942861837506,275.9520880541015,271.4526123794352,274.1226501464844,15337345,0.0,0.0,POWERGRID.NS,1458
2025-11-21 00:00:00+05:30,274.1226351716262,275.90264013323076,272.342600031239,274.5181884765625,12941485,0.0,0.0,POWERGRID.NS,1459
2025-11-24 00:00:00+05:30,274.91374767162375,275.9520788916759,269.4748066205665,272.7381591796875,49791096,0.0,0.0,POWERGRID.NS,1460
2025-11-25 00:00:00+05:30,271.94705655209975,273.8259574525211,269.62313930580683,270.4142761230469,12114606,0.0,0.0,POWERGRID.NS,1461
2025-11-26 00:00:00+05:30,270.9581592390765,273.8754215651714,270.46371004338476,271.9964904785156,8352869,0.0,0.0,POWERGRID.NS,1462
2025-11-27 00:00:00+05:30,273.9248516100949,273.9248516100949,270.26591552790507,270.6614990234375,9865039,0.0,0.0,POWERGRID.NS,1463
2025-11-28 00:00:00+05:30,270.7603595521937,271.30427175878066,266.4586758188026,266.953125,12580231,0.0,0.0,POWERGRID.NS,1464
2025-12-01 00:00:00+05:30,269.42536658301617,269.42536658301617,265.7664306293502,266.65643310546875,10428760,0.0,0.0,POWERGRID.NS,1465
2025-12-02 00:00:00+05:30,266.01367648424736,267.64535285071713,263.9369837547472,264.48089599609375,11029817,0.0,0.0,POWERGRID.NS,1466
2025-12-03 00:00:00+05:30,264.4808891974844,266.0136696462371,261.5636268454636,265.46978759765625,9063557,0.0,0.0,POWERGRID.NS,1467
2025-12-04 00:00:00+05:30,263.5908701869996,267.20037367815644,262.6514347653062,266.1125793457031,5103204,0.0,0.0,POWERGRID.NS,1468
2025-12-05 00:00:00+05:30,265.2225657391319,268.48591842191763,264.8269822319468,266.8047790527344,5535798,0.0,0.0,POWERGRID.NS,1469
2025-12-08 00:00:00+05:30,265.8158693582651,266.4092144150703,261.81084303770024,262.255859375,10203843,0.0,0.0,POWERGRID.NS,1470
2025-12-09 00:00:00+05:30,261.16808144065277,262.79975781465754,259.98139125294836,261.6130676269531,10686557,0.0,0.0,POWERGRID.NS,1471
2025-12-10 00:00:00+05:30,261.9591756862485,264.2830929226346,261.3658306205438,262.5525207519531,7157092,0.0,0.0,POWERGRID.NS,1472
2025-12-11 00:00:00+05:30,261.31640846581627,263.3931011913678,259.5858362243208,261.86029052734375,8336183,0.0,0.0,POWERGRID.NS,1473
2025-12-12 00:00:00+05:30,262.0580661742871,263.7886383094003,260.37692688580677,260.6736145019531,5522827,0.0,0.0,POWERGRID.NS,1474
2025-12-15 00:00:00+05:30,260.67363635872897,260.9208609701886,257.6080451408732,259.2891845703125,6400400,0.0,0.0,POWERGRID.NS,1475
2025-12-16 00:00:00+05:30,259.2397219305461,260.42641213885065,256.81693884187075,257.459716796875,9241981,0.0,0.0,POWERGRID.NS,1476
2025-12-17 00:00:00+05:30,257.45971167730113,259.83306186793055,256.421350220986,258.2013854980469,10944698,0.0,0.0,POWERGRID.NS,1477
2025-12-18 00:00:00+05:30,257.8552528829912,258.7947184165903,252.96020891421256,255.0863494873047,10930748,0.0,0.0,POWERGRID.NS,1478
2025-12-19 00:00:00+05:30,255.18522349707223,261.01974827894765,255.0863577987635,260.5252990722656,16657897,0.0,0.0,POWERGRID.NS,1479
2025-12-22 00:00:00+05:30,256.22358045027994,262.651420024554,256.1741174232074,262.0580749511719,10054250,0.0,0.0,POWERGRID.NS,1480
2025-12-23 00:00:00+05:30,262.05806146400255,266.31031227662237,261.46471642115773,264.0358581542969,10526826,0.0,0.0,POWERGRID.NS,1481
2025-12-24 00:00:00+05:30,264.82696364717293,267.0519849144136,263.34361613567916,265.0741882324219,6131188,0.0,0.0,POWERGRID.NS,1482
2025-12-26 00:00:00+05:30,265.02476102708283,266.3103168262234,261.9097372224092,262.5030822753906,6029003,0.0,0.0,POWERGRID.NS,1483
2025-12-29 00:00:00+05:30,262.9975523910775,263.49200161145643,257.1135945970538,257.7069396972656,7270521,0.0,0.0,POWERGRID.NS,1484
2025-12-30 00:00:00+05:30,257.11359630455405,258.5475111246899,256.07526500637687,257.459716796875,10929200,0.0,0.0,POWERGRID.NS,1485
2025-12-31 00:00:00+05:30,258.49804950092835,262.255881728473,257.65747978037325,261.66253662109375,5145868,0.0,0.0,POWERGRID.NS,1486
2026-01-01 00:00:00+05:30,261.1680662317967,264.5797475098971,261.1680662317967,263.83807373046875,4298196,0.0,0.0,POWERGRID.NS,1487
2026-01-02 00:00:00+05:30,264.53033539487006,269.0792743009689,263.29421233227725,267.9420471191406,13348375,0.0,0.0,POWERGRID.NS,1488
2026-01-05 00:00:00+05:30,268.2386934982447,269.7714739610066,265.7170146262727,268.6342468261719,11526602,0.0,0.0,POWERGRID.NS,1489
2026-01-06 00:00:00+05:30,263.0469855949752,270.2659321506915,263.0469855949752,265.56866455078125,11777253,0.0,0.0,POWERGRID.NS,1490
2026-01-07 00:00:00+05:30,265.5192070075106,265.96422333657813,260.5252824109122,261.1680603027344,14877056,0.0,0.0,POWERGRID.NS,1491
2026-01-08 00:00:00+05:30,261.06919099108813,262.3547469055148,255.0863674357233,256.4213562011719,11762204,0.0,0.0,POWERGRID.NS,1492
2026-01-09 00:00:00+05:30,257.41024221916314,260.87138662952566,253.4052157586859,255.1357879638672,14100782,0.0,0.0,POWERGRID.NS,1493
2026-01-12 00:00:00+05:30,255.1357901863585,256.61913780372106,251.47686908140932,255.67967224121094,9698555,0.0,0.0,POWERGRID.NS,1494
2026-01-13 00:00:00+05:30,256.17411974285073,257.0641524503751,253.2568875553814,255.92689514160156,9734559,0.0,0.0,POWERGRID.NS,1495
2026-01-14 00:00:00+05:30,254.24578009842648,256.8169219278936,253.89965962890105,255.48190307617188,15435341,0.0,0.0,POWERGRID.NS,1496
2026-01-15 00:00:00+05:30,255.48190307617188,255.48190307617188,255.48190307617188,255.48190307617188,0,0.0,0.0,POWERGRID.NS,1497
2026-01-16 00:00:00+05:30,255.43244086582428,258.64636061822983,253.35577839960462,254.44354248046875,9648251,0.0,0.0,POWERGRID.NS,1498
2026-01-19 00:00:00+05:30,254.0479990337263,255.92690000315432,253.80077442778094,254.7896728515625,10588722,0.0,0.0,POWERGRID.NS,1499
2026-01-20 00:00:00+05:30,254.78967000763222,254.9874617616948,250.58685175347193,251.22964477539062,12452441,0.0,0.0,POWERGRID.NS,1500
2026-01-21 00:00:00+05:30,249.25185124017293,255.97636355347535,249.25185124017293,252.96022033691406,14263346,0.0,0.0,POWERGRID.NS,1501
2026-01-22 00:00:00+05:30,253.75134292345138,256.9652628177811,252.61410067643763,256.3719177246094,15520530,0.0,0.0,POWERGRID.NS,1502
2026-01-23 00:00:00+05:30,256.37190959231805,257.0641505421909,249.79574128366247,251.32852172851562,18022018,0.0,0.0,POWERGRID.NS,1503
2026-01-27 00:00:00+05:30,253.6524316096111,255.48189962773728,249.25183688611412,251.52630615234375,17375059,0.0,0.0,POWERGRID.NS,1504
2026-01-28 00:00:00+05:30,251.1802031357224,257.8552675891323,251.1802031357224,256.9158020019531,16046343,0.0,0.0,POWERGRID.NS,1505
2026-01-29 00:00:00+05:30,259.684724894472,260.12971106552004,255.8774600331019,257.6080322265625,26914029,0.0,0.0,POWERGRID.NS,1506
2026-01-30 00:00:00+05:30,258.39913547080425,259.48692972813217,251.22963728165874,253.65243530273438,23292764,0.0,0.0,POWERGRID.NS,1507
2026-02-02 00:00:00+05:30,248.46073322094648,268.1892691840343,247.224610170096,267.39813232421875,37109237,0.0,0.0,POWERGRID.NS,1508
2026-02-03 00:00:00+05:30,272.9853827895078,281.3415860820884,270.2164794268213,280.0560302734375,52651170,0.0,0.0,POWERGRID.NS,1509
2026-02-04 00:00:00+05:30,285.5938497403762,288.7583367350135,279.75935513662427,286.18719482421875,27775044,0.0,0.0,POWERGRID.NS,1510
2026-02-05 00:00:00+05:30,287.76943266204506,287.76943266204506,282.97326941525415,286.13775634765625,9870342,0.0,0.0,POWERGRID.NS,1511
2026-02-06 00:00:00+05:30,288.9561179639131,290.24167378309136,286.1871843997685,289.5,19951107,0.0,0.0,POWERGRID.NS,1512
2026-02-09 00:00:00+05:30,292.5,292.54998779296875,288.0,289.75,13114576,3.25,0.0,POWERGRID.NS,1513
2026-02-10 00:00:00+05:30,290.0,295.29998779296875,286.5,294.3500061035156,21823214,0.0,0.0,POWERGRID.NS,1514
2026-02-11 00:00:00+05:30,297.6499938964844,297.6499938964844,292.20001220703125,294.45001220703125,10508852,0.0,0.0,POWERGRID.NS,1515
2026-02-12 00:00:00+05:30,294.45001220703125,296.0,291.75,293.8999938964844,10482579,0.0,0.0,POWERGRID.NS,1516
2026-02-13 00:00:00+05:30,292.0,294.29998779296875,286.8500061035156,287.20001220703125,10914157,0.0,0.0,POWERGRID.NS,1517
2026-02-16 00:00:00+05:30,288.0,300.95001220703125,287.25,300.5,22196951,0.0,0.0,POWERGRID.NS,1518
2026-02-17 00:00:00+05:30,299.29998779296875,301.6000061035156,297.0,300.75,11190989,0.0,0.0,POWERGRID.NS,1519
2026-02-18 00:00:00+05:30,299.45001220703125,302.25,298.45001220703125,300.54998779296875,9147320,0.0,0.0,POWERGRID.NS,1520
2026-02-19 00:00:00+05:30,300.1000061035156,301.6000061035156,293.1000061035156,294.6499938964844,7552362,0.0,0.0,POWERGRID.NS,1521
2026-02-20 00:00:00+05:30,295.54998779296875,302.04998779296875,294.25,298.95001220703125,11762183,0.0,0.0,POWERGRID.NS,1522
2026-02-23 00:00:00+05:30,302.0,304.29998779296875,299.0,303.3500061035156,11774742,0.0,0.0,POWERGRID.NS,1523
2026-02-24 00:00:00+05:30,304.0,306.20001220703125,300.79998779296875,304.79998779296875,15863867,0.0,0.0,POWERGRID.NS,1524
2026-02-25 00:00:00+05:30,307.0,311.70001220703125,305.1499938964844,307.25,14240500,0.0,0.0,POWERGRID.NS,1525
2026-02-26 00:00:00+05:30,307.1000061035156,307.70001220703125,301.3999938964844,303.25,14249515,0.0,0.0,POWERGRID.NS,1526
2026-02-27 00:00:00+05:30,305.79998779296875,305.79998779296875,297.8999938964844,298.6499938964844,21400679,0.0,0.0,POWERGRID.NS,1527
2026-03-02 00:00:00+05:30,290.0,298.6000061035156,289.5,296.79998779296875,15690227,0.0,0.0,POWERGRID.NS,1528
2026-03-04 00:00:00+05:30,296.0,296.0,288.8999938964844,291.95001220703125,28191826,0.0,0.0,POWERGRID.NS,1529
2026-03-05 00:00:00+05:30,292.0,300.1000061035156,291.8999938964844,299.45001220703125,19467441,0.0,0.0,POWERGRID.NS,1530
2026-03-06 00:00:00+05:30,299.95001220703125,302.75,297.0,299.1499938964844,15887540,0.0,0.0,POWERGRID.NS,1531
2026-03-09 00:00:00+05:30,285.5,296.25,285.5,295.20001220703125,21591866,0.0,0.0,POWERGRID.NS,1532
2026-03-10 00:00:00+05:30,298.1499938964844,300.04998779296875,293.75,298.6499938964844,14627316,0.0,0.0,POWERGRID.NS,1533
2026-03-11 00:00:00+05:30,298.6499938964844,302.8999938964844,298.04998779296875,298.79998779296875,12618289,0.0,0.0,POWERGRID.NS,1534
2026-03-12 00:00:00+05:30,295.79998779296875,304.8999938964844,295.1000061035156,303.6000061035156,15284297,0.0,0.0,POWERGRID.NS,1535
2026-03-13 00:00:00+05:30,308.6499938964844,309.5,298.70001220703125,300.95001220703125,23615092,0.0,0.0,POWERGRID.NS,1536
2026-03-16 00:00:00+05:30,300.95001220703125,303.0,291.3999938964844,297.75,25911819,0.0,0.0,POWERGRID.NS,1537
2026-03-17 00:00:00+05:30,302.0,302.0,292.1499938964844,298.5,12300000,0.0,0.0,POWERGRID.NS,1538
2026-03-18 00:00:00+05:30,299.54998779296875,304.20001220703125,297.54998779296875,299.3999938964844,8691698,0.0,0.0,POWERGRID.NS,1539
2026-03-19 00:00:00+05:30,297.6499938964844,300.5,295.95001220703125,296.70001220703125,8594078,0.0,0.0,POWERGRID.NS,1540
2026-03-20 00:00:00+05:30,300.1000061035156,305.0,296.6000061035156,297.6000061035156,28392470,0.0,0.0,POWERGRID.NS,1541
2026-03-23 00:00:00+05:30,298.0,304.3500061035156,293.1000061035156,302.1000061035156,23771660,0.0,0.0,POWERGRID.NS,1542
2026-03-24 00:00:00+05:30,309.0,309.0,292.3999938964844,299.0,24123621,0.0,0.0,POWERGRID.NS,1543
2026-03-25 00:00:00+05:30,299.8999938964844,302.25,294.20001220703125,295.0,16423641,0.0,0.0,POWERGRID.NS,1544
2026-03-27 00:00:00+05:30,294.45001220703125,297.29998779296875,290.29998779296875,295.5,27444747,0.0,0.0,POWERGRID.NS,1545
2026-03-30 00:00:00+05:30,292.04998779296875,297.8999938964844,292.0,296.1000061035156,23105779,0.0,0.0,POWERGRID.NS,1546
2026-04-01 00:00:00+05:30,305.0,305.8999938964844,290.20001220703125,292.79998779296875,18635698,0.0,0.0,POWERGRID.NS,1547
2026-04-02 00:00:00+05:30,290.20001220703125,292.0,283.5,289.95001220703125,17222200,0.0,0.0,POWERGRID.NS,1548
2026-04-06 00:00:00+05:30,294.8999938964844,295.6000061035156,287.29998779296875,295.1499938964844,9291741,0.0,0.0,POWERGRID.NS,1549
2026-04-07 00:00:00+05:30,292.5,296.25,291.0,295.3999938964844,9318575,0.0,0.0,POWERGRID.NS,1550
2026-04-08 00:00:00+05:30,301.0,301.75,293.6000061035156,294.8500061035156,10887876,0.0,0.0,POWERGRID.NS,1551
2026-04-09 00:00:00+05:30,295.45001220703125,300.70001220703125,293.8500061035156,298.1000061035156,17644642,0.0,0.0,POWERGRID.NS,1552
2026-04-10 00:00:00+05:30,301.1000061035156,303.5,299.75,302.75,13245074,0.0,0.0,POWERGRID.NS,1553
2026-04-13 00:00:00+05:30,299.95001220703125,302.3500061035156,297.6499938964844,300.3500061035156,15681799,0.0,0.0,POWERGRID.NS,1554
2026-04-15 00:00:00+05:30,303.3999938964844,313.3999938964844,301.25,312.45001220703125,21897202,0.0,0.0,POWERGRID.NS,1555
2026-04-16 00:00:00+05:30,315.0,317.0,310.5,312.25,21510277,0.0,0.0,POWERGRID.NS,1556
2026-04-17 00:00:00+05:30,313.29998779296875,318.95001220703125,311.3999938964844,318.1000061035156,13609827,0.0,0.0,POWERGRID.NS,1557
2026-04-20 00:00:00+05:30,319.0,323.04998779296875,315.54998779296875,319.70001220703125,10955277,0.0,0.0,POWERGRID.NS,1558
2026-04-21 00:00:00+05:30,318.95001220703125,322.0,318.0,319.3500061035156,8342335,0.0,0.0,POWERGRID.NS,1559
2026-04-22 00:00:00+05:30,319.75,322.0,316.0,319.75,7112538,0.0,0.0,POWERGRID.NS,1560
2026-04-23 00:00:00+05:30,320.0,321.8500061035156,318.04998779296875,319.1499938964844,7294961,0.0,0.0,POWERGRID.NS,1561
2026-04-24 00:00:00+05:30,316.0,317.8999938964844,314.5,316.3999938964844,9980241,0.0,0.0,POWERGRID.NS,1562
2026-04-27 00:00:00+05:30,318.0,324.95001220703125,316.95001220703125,320.8999938964844,9334181,0.0,0.0,POWERGRID.NS,1563
2026-04-28 00:00:00+05:30,322.79998779296875,322.79998779296875,317.6499938964844,319.0,9083528,0.0,0.0,POWERGRID.NS,1564
2026-04-29 00:00:00+05:30,320.1000061035156,323.79998779296875,318.25,320.3500061035156,10372929,0.0,0.0,POWERGRID.NS,1565
2026-04-30 00:00:00+05:30,319.6000061035156,321.25,315.95001220703125,318.3500061035156,9521058,0.0,0.0,POWERGRID.NS,1566
2026-05-01 00:00:00+05:30,318.3500061035156,318.3500061035156,318.3500061035156,318.3500061035156,0,0.0,0.0,POWERGRID.NS,1567
2026-05-04 00:00:00+05:30,314.0,323.8999938964844,314.0,319.04998779296875,7370269,0.0,0.0,POWERGRID.NS,1568
2026-05-05 00:00:00+05:30,318.8999938964844,321.29998779296875,315.0,319.45001220703125,8569582,0.0,0.0,POWERGRID.NS,1569
2026-05-06 00:00:00+05:30,320.04998779296875,321.5,314.6000061035156,315.95001220703125,4884118,0.0,0.0,POWERGRID.NS,1570
2026-05-07 00:00:00+05:30,315.75,316.75,312.5,313.79998779296875,9126203,0.0,0.0,POWERGRID.NS,1571
2026-05-08 00:00:00+05:30,315.20001220703125,315.20001220703125,310.6000061035156,313.95001220703125,7929393,0.0,0.0,POWERGRID.NS,1572
2026-05-11 00:00:00+05:30,313.95001220703125,314.04998779296875,309.95001220703125,310.8999938964844,8204425,0.0,0.0,POWERGRID.NS,1573
2026-05-12 00:00:00+05:30,309.45001220703125,310.75,305.5,306.29998779296875,7952584,0.0,0.0,POWERGRID.NS,1574
2026-05-13 00:00:00+05:30,304.25,305.3999938964844,295.6499938964844,301.5,23775882,0.0,0.0,POWERGRID.NS,1575
2026-05-14 00:00:00+05:30,306.0,307.54998779296875,300.6000061035156,301.75,14012601,0.0,0.0,POWERGRID.NS,1576
2026-05-15 00:00:00+05:30,307.79998779296875,308.1499938964844,302.8999938964844,305.8500061035156,10092811,0.0,0.0,POWERGRID.NS,1577
2026-05-18 00:00:00+05:30,296.29998779296875,298.45001220703125,290.20001220703125,296.54998779296875,16036198,0.0,0.0,POWERGRID.NS,1578
2026-05-19 00:00:00+05:30,296.6000061035156,300.0,294.54998779296875,298.6000061035156,12580156,0.0,0.0,POWERGRID.NS,1579
2026-05-20 00:00:00+05:30,297.5,300.79998779296875,294.54998779296875,299.8999938964844,5672695,0.0,0.0,POWERGRID.NS,1580
2026-05-21 00:00:00+05:30,302.3999938964844,304.5,298.70001220703125,299.54998779296875,10353164,0.0,0.0,POWERGRID.NS,1581
2026-05-22 00:00:00+05:30,298.70001220703125,300.54998779296875,293.54998779296875,294.29998779296875,15105294,0.0,0.0,POWERGRID.NS,1582
2026-05-25 00:00:00+05:30,298.5,298.5,294.1499938964844,295.3500061035156,5896815,0.0,0.0,POWERGRID.NS,1583
2026-05-26 00:00:00+05:30,295.0,295.95001220703125,292.04998779296875,292.54998779296875,5625947,0.0,0.0,POWERGRID.NS,1584
2026-05-27 00:00:00+05:30,292.0,301.25,292.0,300.1499938964844,9883025,0.0,0.0,POWERGRID.NS,1585
2026-05-28 00:00:00+05:30,300.1499938964844,300.1499938964844,300.1499938964844,300.1499938964844,0,0.0,0.0,POWERGRID.NS,1586
2026-05-29 00:00:00+05:30,303.0,303.0,285.45001220703125,290.54998779296875,77407363,0.0,0.0,POWERGRID.NS,1587
