Date,Open,High,Low,Close,Volume,Dividends,Stock Splits,Symbol,time_idx
2020-01-01 00:00:00+05:30,207.51388114904768,207.99968480999416,201.40169897622454,201.81683349609375,2196560,0.0,0.0,SHRIRAMFIN.NS,0
2020-01-02 00:00:00+05:30,202.26726120406192,205.59716156533906,202.26726120406192,204.9965362548828,3168384,0.0,0.0,SHRIRAMFIN.NS,1
2020-01-03 00:00:00+05:30,204.8994140625,206.15364253890593,203.32720905240612,204.8994140625,2353761,0.0,0.0,SHRIRAMFIN.NS,2
2020-01-06 00:00:00+05:30,203.36253131297886,203.50385575001374,196.473072207722,197.3386688232422,5609275,0.0,0.0,SHRIRAMFIN.NS,3
2020-01-07 00:00:00+05:30,198.1248250713151,203.32724464191008,196.59677244277154,198.60177612304688,2259925,0.0,0.0,SHRIRAMFIN.NS,4
2020-01-08 00:00:00+05:30,194.31791852134378,200.31527832640904,193.65546281962486,199.6704864501953,2488271,0.0,0.0,SHRIRAMFIN.NS,5
2020-01-09 00:00:00+05:30,201.22505964912034,203.8836940439603,198.22197368590128,202.63829040527344,4429857,0.0,0.0,SHRIRAMFIN.NS,6
2020-01-10 00:00:00+05:30,203.11524859625047,203.93667883142922,198.98156709803507,199.76766967773438,3238158,0.0,0.0,SHRIRAMFIN.NS,7
2020-01-13 00:00:00+05:30,200.6774032607115,207.01924210993823,198.7695579913169,206.34796142578125,4603870,0.0,0.0,SHRIRAMFIN.NS,8
2020-01-14 00:00:00+05:30,205.64137875525262,214.35036549683835,196.36712183630138,200.04148864746094,11214451,0.0,0.0,SHRIRAMFIN.NS,9
2020-01-15 00:00:00+05:30,199.15819152356556,199.26418830755455,190.8025243822075,194.11476135253906,9560897,0.0,0.0,SHRIRAMFIN.NS,10
2020-01-16 00:00:00+05:30,194.8478746537248,196.5260763984333,193.11668143253596,194.16775512695312,3540302,0.0,0.0,SHRIRAMFIN.NS,11
2020-01-17 00:00:00+05:30,194.2295878299146,196.4289208668195,191.60629531136738,192.15391540527344,4240326,0.0,0.0,SHRIRAMFIN.NS,12
2020-01-20 00:00:00+05:30,193.96460271375327,196.75570829270936,188.55019097193522,189.6189422607422,6226911,0.0,0.0,SHRIRAMFIN.NS,13
2020-01-21 00:00:00+05:30,189.19498229145086,194.98918699141257,187.75526302865916,192.4453887939453,5697452,0.0,0.0,SHRIRAMFIN.NS,14
2020-01-22 00:00:00+05:30,193.6466257369454,193.6466257369454,189.30980412287394,189.91041564941406,2393511,0.0,0.0,SHRIRAMFIN.NS,15
2020-01-23 00:00:00+05:30,191.0940109292181,192.3659170923606,189.9899318658386,191.5003204345703,2333040,0.0,0.0,SHRIRAMFIN.NS,16
2020-01-24 00:00:00+05:30,191.3148428952401,194.84789891173006,190.97037750680826,191.4738311767578,2219067,0.0,0.0,SHRIRAMFIN.NS,17
2020-01-27 00:00:00+05:30,190.25488944449063,193.61129263207212,189.25679348402775,190.79367065429688,2957203,0.0,0.0,SHRIRAMFIN.NS,18
2020-01-28 00:00:00+05:30,190.78486447101795,194.30025625266475,186.68652494617942,190.75836181640625,5549276,0.0,0.0,SHRIRAMFIN.NS,19
2020-01-29 00:00:00+05:30,192.02141106086037,198.02760917894352,191.63277926855963,195.5986328125,6731533,0.0,0.0,SHRIRAMFIN.NS,20
2020-01-30 00:00:00+05:30,195.5544637537171,195.79294612282894,181.96103787575206,184.363525390625,9032875,0.0,0.0,SHRIRAMFIN.NS,21
2020-01-31 00:00:00+05:30,180.78632103767583,186.35970751637856,179.59390907767184,180.28286743164062,10177347,0.0,0.0,SHRIRAMFIN.NS,22
2020-02-03 00:00:00+05:30,174.88613127032485,177.53592658713862,170.56697292664313,174.5240020751953,6463098,0.0,0.0,SHRIRAMFIN.NS,23
2020-02-04 00:00:00+05:30,186.3685661529667,196.95889515355356,182.12890178726647,185.39697265625,31528888,0.0,0.0,SHRIRAMFIN.NS,24
2020-02-05 00:00:00+05:30,186.54519888313104,201.38401570571563,186.3685467959199,200.1386260986328,23348512,0.0,0.0,SHRIRAMFIN.NS,25
2020-02-06 00:00:00+05:30,200.05912333670264,218.07769078400287,199.68814152050962,215.29541015625,31541240,0.0,0.0,SHRIRAMFIN.NS,26
2020-02-07 00:00:00+05:30,216.6291266459609,217.10609139728473,210.8349219976794,216.0638427734375,7724083,0.0,0.0,SHRIRAMFIN.NS,27
2020-02-10 00:00:00+05:30,214.2796484363301,216.73512753650473,211.7270252171336,213.2020721435547,4832770,0.0,0.0,SHRIRAMFIN.NS,28
2020-02-11 00:00:00+05:30,214.5269661385982,222.900296632174,212.90175598142852,215.30422973632812,11631840,0.0,0.0,SHRIRAMFIN.NS,29
2020-02-12 00:00:00+05:30,215.1629353737634,220.12688566030081,214.67714555730436,215.27777099609375,8940845,0.0,0.0,SHRIRAMFIN.NS,30
2020-02-13 00:00:00+05:30,218.16604256059873,226.468719208552,214.28852122549577,223.00633239746094,12410234,0.0,0.0,SHRIRAMFIN.NS,31
2020-02-14 00:00:00+05:30,224.3930218087789,228.8535042838073,222.41452120619172,227.2459716796875,8635663,0.0,0.0,SHRIRAMFIN.NS,32
2020-02-17 00:00:00+05:30,227.70528398195458,229.6484709808293,224.44605193365047,225.97409057617188,5306659,0.0,0.0,SHRIRAMFIN.NS,33
2020-02-18 00:00:00+05:30,225.58545251943974,226.42454654209942,219.9943879265292,225.0554962158203,5270296,0.0,0.0,SHRIRAMFIN.NS,34
2020-02-19 00:00:00+05:30,224.3576904828162,230.36388899073714,223.56274919034834,228.06739807128906,6498152,0.0,0.0,SHRIRAMFIN.NS,35
2020-02-20 00:00:00+05:30,226.2920537294438,240.1416139876314,225.58544534708412,236.94419860839844,17032706,0.0,0.0,SHRIRAMFIN.NS,36
2020-02-24 00:00:00+05:30,236.71457079270223,241.48419152344357,232.16576865421987,235.92848205566406,11650874,0.0,0.0,SHRIRAMFIN.NS,37
2020-02-25 00:00:00+05:30,236.70571083104917,238.17193278807832,231.41495955737034,233.69378662109375,9680263,0.0,0.0,SHRIRAMFIN.NS,38
2020-02-26 00:00:00+05:30,232.28058120123046,232.82820129637432,224.00439413866786,225.57659912109375,9315406,0.0,0.0,SHRIRAMFIN.NS,39
2020-02-27 00:00:00+05:30,225.57658725127274,225.57658725127274,219.23476234573792,222.19369506835938,11647620,0.0,0.0,SHRIRAMFIN.NS,40
2020-02-28 00:00:00+05:30,214.63300390113662,222.92685621979723,206.13601063515964,211.32960510253906,68263144,0.0,0.0,SHRIRAMFIN.NS,41
2020-03-02 00:00:00+05:30,216.39952644372957,239.92081506930842,216.39952644372957,226.75137329101562,13413992,0.0,0.0,SHRIRAMFIN.NS,42
2020-03-03 00:00:00+05:30,227.1311612214698,230.48755103270958,220.99247670231102,222.07005310058594,8501584,0.0,0.0,SHRIRAMFIN.NS,43
2020-03-04 00:00:00+05:30,224.33119819245107,224.33119819245107,199.03453842103178,205.86216735839844,26657015,0.0,0.0,SHRIRAMFIN.NS,44
2020-03-05 00:00:00+05:30,207.92016987874499,211.80652961624597,199.1493681892909,207.50503540039062,18451432,0.0,0.0,SHRIRAMFIN.NS,45
2020-03-06 00:00:00+05:30,198.9109128387136,199.4408691705616,176.41419531549965,195.2541961669922,17605691,0.0,0.0,SHRIRAMFIN.NS,46
2020-03-09 00:00:00+05:30,184.95533846387838,186.94267799296304,172.59847529994576,174.4709930419922,18188971,0.0,0.0,SHRIRAMFIN.NS,47
2020-03-11 00:00:00+05:30,169.6042000143063,179.38192237770795,168.04965894448665,174.55931091308594,14345210,0.0,0.0,SHRIRAMFIN.NS,48
2020-03-12 00:00:00+05:30,169.23323792201285,169.23323792201285,146.72768469485734,148.6355438232422,15827157,0.0,0.0,SHRIRAMFIN.NS,49
2020-03-13 00:00:00+05:30,134.78596257192356,155.18051456634078,126.63343677177501,145.9150848388672,14103988,0.0,0.0,SHRIRAMFIN.NS,50
2020-03-16 00:00:00+05:30,139.20228140020978,150.71119689551668,132.28633380818334,134.90078735351562,15813430,0.0,0.0,SHRIRAMFIN.NS,51
2020-03-17 00:00:00+05:30,135.13930860123546,146.50691676790885,134.7860043403195,137.24147033691406,17656438,0.0,0.0,SHRIRAMFIN.NS,52
2020-03-18 00:00:00+05:30,141.23379083313532,141.23379083313532,119.61151210375291,121.41336059570312,17477319,0.0,0.0,SHRIRAMFIN.NS,53
2020-03-19 00:00:00+05:30,116.59076146377735,129.16842992907885,103.51846434356766,109.99278259277344,18719938,0.0,0.0,SHRIRAMFIN.NS,54
2020-03-20 00:00:00+05:30,112.52773841486692,117.4298441752964,100.65667950595929,102.61752319335938,21766088,0.0,0.0,SHRIRAMFIN.NS,55
2020-03-23 00:00:00+05:30,92.3628406670803,97.15896373255907,77.72717098604726,79.8558349609375,11334920,0.0,0.0,SHRIRAMFIN.NS,56
2020-03-24 00:00:00+05:30,79.14038988177326,91.60323635786298,77.91265709359749,85.65887451171875,18324009,0.0,0.0,SHRIRAMFIN.NS,57
2020-03-25 00:00:00+05:30,81.26022575581891,102.4585479238212,80.09432322368556,100.16206359863281,13457734,0.0,0.0,SHRIRAMFIN.NS,58
2020-03-26 00:00:00+05:30,104.0484074134318,120.19445737109663,98.21886800715488,115.071533203125,19072393,0.0,0.0,SHRIRAMFIN.NS,59
2020-03-27 00:00:00+05:30,120.371099097101,143.83940413058417,120.15911938514319,128.10848999023438,20152971,0.0,0.0,SHRIRAMFIN.NS,60
2020-03-30 00:00:00+05:30,121.89031915469768,122.92374278528565,102.4938632080727,107.65211486816406,18705667,0.0,0.0,SHRIRAMFIN.NS,61
2020-03-31 00:00:00+05:30,113.58766033182535,118.4102861933702,106.87485976020686,116.70558166503906,19371894,0.0,0.0,SHRIRAMFIN.NS,62
2020-04-01 00:00:00+05:30,113.9586300558547,118.16295954038924,107.23699096257967,109.81612396240234,14566228,0.0,0.0,SHRIRAMFIN.NS,63
2020-04-03 00:00:00+05:30,112.1214372248153,112.1214372248153,90.9761158777156,91.97420501708984,26790698,0.0,0.0,SHRIRAMFIN.NS,64
2020-04-07 00:00:00+05:30,94.61516412755141,99.70276101489435,88.34399406504986,95.08329010009766,34760386,0.0,0.0,SHRIRAMFIN.NS,65
2020-04-08 00:00:00+05:30,92.74264532974031,107.58146249629408,90.6581409697312,105.18782043457031,26753505,0.0,0.0,SHRIRAMFIN.NS,66
2020-04-09 00:00:00+05:30,110.5845558751763,120.24744964295391,107.41363648454177,119.40835571289062,17482271,0.0,0.0,SHRIRAMFIN.NS,67
2020-04-13 00:00:00+05:30,115.87531851586142,123.10041884483921,109.55998830858184,113.9586410522461,15848592,0.0,0.0,SHRIRAMFIN.NS,68
2020-04-15 00:00:00+05:30,115.00088763974392,124.89344016318248,113.15486552303209,117.07655334472656,16997200,0.0,0.0,SHRIRAMFIN.NS,69
2020-04-16 00:00:00+05:30,115.00089065587358,123.63920100336017,113.57000302585881,120.3446273803711,22650772,0.0,0.0,SHRIRAMFIN.NS,70
2020-04-17 00:00:00+05:30,128.07317316085994,144.41355459548654,124.54013117397378,141.68426513671875,22884553,0.0,0.0,SHRIRAMFIN.NS,71
2020-04-20 00:00:00+05:30,143.08864709294082,145.3851242264702,120.47711077062085,121.0158920288086,38988900,0.0,0.0,SHRIRAMFIN.NS,72
2020-04-21 00:00:00+05:30,115.17753981347144,119.1875536905798,102.15824085437914,103.9777603149414,37973339,0.0,0.0,SHRIRAMFIN.NS,73
2020-04-22 00:00:00+05:30,105.81494429731104,110.03693768718543,99.98540438626462,107.06034088134766,47074891,0.0,0.0,SHRIRAMFIN.NS,74
2020-04-23 00:00:00+05:30,108.28806875389009,116.59074401796713,108.28806875389009,113.69364166259766,25187388,0.0,0.0,SHRIRAMFIN.NS,75
2020-04-24 00:00:00+05:30,107.7581083913706,123.48018410133896,102.32603995434947,118.0392837524414,66007078,0.0,0.0,SHRIRAMFIN.NS,76
2020-04-27 00:00:00+05:30,118.53393068934643,121.16606215306058,112.52774555244083,113.41983795166016,30305312,0.0,0.0,SHRIRAMFIN.NS,77
2020-04-28 00:00:00+05:30,116.41410453259687,124.01017231191435,115.05387232994255,122.82659912109375,24649950,0.0,0.0,SHRIRAMFIN.NS,78
2020-04-29 00:00:00+05:30,124.18683571006993,126.5539823071493,120.4682887005133,123.15341186523438,24473248,0.0,0.0,SHRIRAMFIN.NS,79
2020-04-30 00:00:00+05:30,126.32431282495033,141.2426382610626,125.42338852412477,137.96572875976562,34771661,0.0,0.0,SHRIRAMFIN.NS,80
2020-05-04 00:00:00+05:30,130.72296336026696,134.9449635846479,121.92565872666253,132.0301971435547,29957456,0.0,0.0,SHRIRAMFIN.NS,81
2020-05-05 00:00:00+05:30,135.78409466134372,139.12283533575106,128.26753293464827,130.65234375,26163924,0.0,0.0,SHRIRAMFIN.NS,82
2020-05-06 00:00:00+05:30,129.65420537552487,140.4388489578628,127.49905272416666,138.00987243652344,25532074,0.0,0.0,SHRIRAMFIN.NS,83
2020-05-07 00:00:00+05:30,136.19919509006445,142.5586982233916,131.63272940831794,133.47874450683594,20184197,0.0,0.0,SHRIRAMFIN.NS,84
2020-05-08 00:00:00+05:30,136.81748470395968,139.37894702399026,129.5482322462373,131.500244140625,15570361,0.0,0.0,SHRIRAMFIN.NS,85
2020-05-11 00:00:00+05:30,134.22069581959215,135.65157643220988,128.25866329706966,130.04286193847656,13766164,0.0,0.0,SHRIRAMFIN.NS,86
2020-05-12 00:00:00+05:30,125.2467263207298,125.30855662380152,113.76429958129424,118.37493133544922,38395737,0.0,0.0,SHRIRAMFIN.NS,87
2020-05-13 00:00:00+05:30,124.20448701640511,127.7110400724992,117.22670855655224,118.64875030517578,30865033,0.0,0.0,SHRIRAMFIN.NS,88
2020-05-14 00:00:00+05:30,122.78243680702967,127.18991435191232,113.43750466377273,114.50625610351562,51965854,0.0,0.0,SHRIRAMFIN.NS,89
2020-05-15 00:00:00+05:30,113.36683531085248,116.57308231671314,110.62871424162682,113.29617309570312,32669666,0.0,0.0,SHRIRAMFIN.NS,90
2020-05-18 00:00:00+05:30,113.58764776997994,113.83496206671191,101.32795737950414,101.7784194946289,36118323,0.0,0.0,SHRIRAMFIN.NS,91
2020-05-19 00:00:00+05:30,103.87176445375778,109.70129745577839,101.84909034619908,103.71277618408203,46902063,0.0,0.0,SHRIRAMFIN.NS,92
2020-05-20 00:00:00+05:30,103.69511045378665,106.33606684903965,100.69201104374726,102.2465591430664,31786880,0.0,0.0,SHRIRAMFIN.NS,93
2020-05-21 00:00:00+05:30,102.63518704887473,105.25847951757784,100.72734175316783,101.5841064453125,23458867,0.0,0.0,SHRIRAMFIN.NS,94
2020-05-22 00:00:00+05:30,101.22197296304158,103.10332256905572,93.22843474149772,95.5955810546875,44794085,0.0,0.0,SHRIRAMFIN.NS,95
2020-05-26 00:00:00+05:30,97.17661924022872,98.71349648890414,93.97920413695245,95.03912353515625,21553675,0.0,0.0,SHRIRAMFIN.NS,96
2020-05-27 00:00:00+05:30,95.92238161107399,100.05605540640072,94.80947076543623,98.0422134399414,35686663,0.0,0.0,SHRIRAMFIN.NS,97
2020-05-28 00:00:00+05:30,99.80873604323502,102.97081634335368,98.83714275814881,100.2503662109375,35909718,0.0,0.0,SHRIRAMFIN.NS,98
2020-05-29 00:00:00+05:30,99.98539389507994,101.98157205118326,96.62899059407121,101.09830474853516,52742343,0.0,0.0,SHRIRAMFIN.NS,99
2020-06-01 00:00:00+05:30,103.34180632495409,106.75120140064296,101.66360452620306,102.44970703125,47660217,0.0,0.0,SHRIRAMFIN.NS,100
2020-06-02 00:00:00+05:30,102.44971169945674,104.8080262381979,99.46428289393764,103.51846313476562,43884702,0.0,0.0,SHRIRAMFIN.NS,101
2020-06-03 00:00:00+05:30,106.16825578127549,113.23436084852452,105.58530105851573,108.96820068359375,64900364,0.0,0.0,SHRIRAMFIN.NS,102
2020-06-04 00:00:00+05:30,108.94168060723828,112.51890251203004,107.0956656824941,108.28807067871094,43446986,0.0,0.0,SHRIRAMFIN.NS,103
2020-06-05 00:00:00+05:30,110.1252610395801,110.61988966227345,106.0622560186371,108.62371826171875,34226016,0.0,0.0,SHRIRAMFIN.NS,104
2020-06-08 00:00:00+05:30,110.40792133896515,115.70749846480368,110.40792133896515,111.60032653808594,42807428,0.0,0.0,SHRIRAMFIN.NS,105
2020-06-09 00:00:00+05:30,112.51007014159168,114.99203807615527,108.2880702378339,109.4539794921875,33829097,0.0,0.0,SHRIRAMFIN.NS,106
2020-06-10 00:00:00+05:30,109.98394422824566,113.35801164704941,108.12909033920548,112.1744384765625,29463487,0.0,0.0,SHRIRAMFIN.NS,107
2020-06-11 00:00:00+05:30,108.68554046970013,119.41717843593038,108.68554046970013,112.68672180175781,78834902,0.0,0.0,SHRIRAMFIN.NS,108
2020-06-12 00:00:00+05:30,108.64137888731028,122.54394372638811,107.05150319438485,120.90106964111328,62866209,0.0,0.0,SHRIRAMFIN.NS,109
2020-06-15 00:00:00+05:30,121.89033292433557,124.99059033404549,117.29736461939942,118.8519058227539,58269452,0.0,0.0,SHRIRAMFIN.NS,110
2020-06-16 00:00:00+05:30,123.3035624133962,123.48021452673345,112.78390209120592,115.78699493408203,49514874,0.0,0.0,SHRIRAMFIN.NS,111
2020-06-17 00:00:00+05:30,114.64758704342442,117.57118571644925,113.23436323374884,114.47976684570312,32228040,0.0,0.0,SHRIRAMFIN.NS,112
2020-06-18 00:00:00+05:30,114.46209469002706,118.49860413948834,113.23435499533812,117.75666809082031,20756310,0.0,0.0,SHRIRAMFIN.NS,113
2020-06-19 00:00:00+05:30,117.8626508574973,122.27014215634973,115.80464906809517,116.38760375976562,35029627,0.0,0.0,SHRIRAMFIN.NS,114
2020-06-22 00:00:00+05:30,118.95791551488826,121.3515509715198,117.56236242899244,118.7547607421875,22841765,0.0,0.0,SHRIRAMFIN.NS,115
2020-06-23 00:00:00+05:30,120.6537657172077,121.18372199135092,118.36611352606694,120.82157897949219,17707425,0.0,0.0,SHRIRAMFIN.NS,116
2020-06-24 00:00:00+05:30,121.89032716917036,126.94259621573765,119.77050212803566,120.5212631225586,47148729,0.0,0.0,SHRIRAMFIN.NS,117
2020-06-25 00:00:00+05:30,119.33770926995723,122.71177712121441,118.00398649106818,121.96984100341797,20789342,0.0,0.0,SHRIRAMFIN.NS,118
2020-06-26 00:00:00+05:30,124.0101836885568,129.66306510157304,123.32122523664167,124.52247619628906,46059822,0.0,0.0,SHRIRAMFIN.NS,119
2020-06-29 00:00:00+05:30,123.62152677699818,123.96600597174748,120.86574854813884,121.99633026123047,19406481,0.0,0.0,SHRIRAMFIN.NS,120
2020-06-30 00:00:00+05:30,124.39877425271428,125.14954893700266,120.92754964934905,121.81964874267578,14633073,0.0,0.0,SHRIRAMFIN.NS,121
2020-07-01 00:00:00+05:30,122.35845500825421,125.42338466787909,121.01589359528366,123.89533233642578,19160826,0.0,0.0,SHRIRAMFIN.NS,122
2020-07-02 00:00:00+05:30,124.94641492741503,126.04165507235902,122.11114277902034,123.29471588134766,13257540,0.0,0.0,SHRIRAMFIN.NS,123
2020-07-03 00:00:00+05:30,124.48711841086387,125.07007998640793,121.72251529643297,122.95024108886719,14183569,0.0,0.0,SHRIRAMFIN.NS,124
2020-07-06 00:00:00+05:30,124.62844783785496,125.94450664350511,122.06698553197866,123.23289489746094,13310118,0.0,0.0,SHRIRAMFIN.NS,125
2020-07-07 00:00:00+05:30,123.65686521572017,128.71797379426363,122.74711583349759,127.87004089355469,48060904,0.0,0.0,SHRIRAMFIN.NS,126
2020-07-08 00:00:00+05:30,128.95644678183396,138.55751806789334,128.95644678183396,133.8850555419922,69896387,0.0,0.0,SHRIRAMFIN.NS,127
2020-07-09 00:00:00+05:30,135.61431089102558,139.42166161724248,129.45002151738137,130.79165649414062,30924865,0.0,0.0,SHRIRAMFIN.NS,128
2020-07-10 00:00:00+05:30,130.35651045774677,132.13326735057538,125.75142493784658,126.71232604980469,25107850,0.0,0.0,SHRIRAMFIN.NS,129
2020-07-13 00:00:00+05:30,127.99956870767865,129.2415003014472,123.64830572113797,124.94462585449219,19801490,0.0,0.0,SHRIRAMFIN.NS,130
2020-07-14 00:00:00+05:30,124.01091792639481,126.52196152891541,119.20639871002821,122.37013244628906,22900460,0.0,0.0,SHRIRAMFIN.NS,131
2020-07-15 00:00:00+05:30,123.64831523104424,124.73614143555791,117.96449109065573,118.67156982421875,20145055,0.0,0.0,SHRIRAMFIN.NS,132
2020-07-16 00:00:00+05:30,120.0041250905224,123.21317314505868,116.84945173868651,122.19788360595703,18430920,0.0,0.0,SHRIRAMFIN.NS,133
2020-07-17 00:00:00+05:30,123.1044009005943,126.16840376042519,122.6420706705516,124.78144073486328,15845655,0.0,0.0,SHRIRAMFIN.NS,134
2020-07-20 00:00:00+05:30,126.068704135778,128.18086615741714,123.51233216271241,125.2437744140625,15304000,0.0,0.0,SHRIRAMFIN.NS,135
2020-07-21 00:00:00+05:30,127.4556695597314,127.61883517859103,122.75086723064008,123.18598937988281,11892635,0.0,0.0,SHRIRAMFIN.NS,136
2020-07-22 00:00:00+05:30,124.53668138223371,127.62787823918289,122.70552241055651,126.02336120605469,22858225,0.0,0.0,SHRIRAMFIN.NS,137
2020-07-23 00:00:00+05:30,126.47661975736949,129.35932268289824,125.6335559936795,127.48284912109375,20176900,0.0,0.0,SHRIRAMFIN.NS,138
2020-07-24 00:00:00+05:30,126.67608033734123,128.90609366883416,124.1922307428614,128.1536865234375,15248350,0.0,0.0,SHRIRAMFIN.NS,139
2020-07-27 00:00:00+05:30,129.08737118787758,129.25961077166744,123.17691979726466,123.77520751953125,14390240,0.0,0.0,SHRIRAMFIN.NS,140
2020-07-28 00:00:00+05:30,124.6273323347314,126.65792527700528,121.5995839601677,126.05962371826172,17310970,0.0,0.0,SHRIRAMFIN.NS,141
2020-07-29 00:00:00+05:30,126.00523964753683,132.26924444904364,125.38881777652685,131.36273193359375,28290470,0.0,0.0,SHRIRAMFIN.NS,142
2020-07-30 00:00:00+05:30,132.35081140998486,133.5836688366842,123.28568734080781,123.9383773803711,25095445,0.0,0.0,SHRIRAMFIN.NS,143
2020-07-31 00:00:00+05:30,124.19221086574595,125.99617569662934,121.87154110944908,125.33441162109375,18297860,0.0,0.0,SHRIRAMFIN.NS,144
2020-08-03 00:00:00+05:30,125.53385676100068,127.72761551948575,121.20072778503926,121.65398406982422,15999280,0.0,0.0,SHRIRAMFIN.NS,145
2020-08-04 00:00:00+05:30,122.01656902154645,122.86867901966168,117.12139398489245,118.69873046875,21306715,0.0,0.0,SHRIRAMFIN.NS,146
2020-08-05 00:00:00+05:30,119.36955714042186,121.382015959576,115.32651921169436,116.45059967041016,24257215,0.0,0.0,SHRIRAMFIN.NS,147
2020-08-06 00:00:00+05:30,116.75881514188363,120.74746469011843,116.58657555021418,119.79562377929688,21276985,0.0,0.0,SHRIRAMFIN.NS,148
2020-08-07 00:00:00+05:30,120.20357774660953,123.28571509096989,119.47836489138217,122.69648742675781,14479860,0.0,0.0,SHRIRAMFIN.NS,149
2020-08-10 00:00:00+05:30,122.92312438108893,124.48232729017076,121.49083269333768,122.26136016845703,13149795,0.0,0.0,SHRIRAMFIN.NS,150
2020-08-11 00:00:00+05:30,123.28569214369539,123.64829158767574,120.65681159413238,122.44264221191406,10408940,0.0,0.0,SHRIRAMFIN.NS,151
2020-08-12 00:00:00+05:30,121.47268542521151,121.83528492341786,117.84663511401116,120.53897857666016,20110705,0.0,0.0,SHRIRAMFIN.NS,152
2020-08-13 00:00:00+05:30,121.18257593270005,127.90891038731719,120.45737704896139,127.32874298095703,27781705,0.0,0.0,SHRIRAMFIN.NS,153
2020-08-14 00:00:00+05:30,128.36220579976268,132.45963330666171,122.68742735903118,124.43700408935547,60667095,0.0,0.0,SHRIRAMFIN.NS,154
2020-08-17 00:00:00+05:30,126.5491587544113,128.52534949330231,122.4789123853584,123.10440826416016,21394200,0.0,0.0,SHRIRAMFIN.NS,155
2020-08-18 00:00:00+05:30,124.1015540840257,125.82393611073056,122.03470671780613,125.33441162109375,22155020,0.0,0.0,SHRIRAMFIN.NS,156
2020-08-19 00:00:00+05:30,126.54916274473783,128.34405379490318,124.35539011063265,124.90836334228516,19863345,0.0,0.0,SHRIRAMFIN.NS,157
2020-08-20 00:00:00+05:30,124.44600676551534,126.27716547466703,122.93213289256255,124.6998291015625,14624945,0.0,0.0,SHRIRAMFIN.NS,158
2020-08-21 00:00:00+05:30,126.36785585727164,126.73046921084696,124.01999145104746,124.46418762207031,9103730,0.0,0.0,SHRIRAMFIN.NS,159
2020-08-24 00:00:00+05:30,125.09873136648889,125.28003110925894,123.38542320758702,124.0653076171875,11317105,0.0,0.0,SHRIRAMFIN.NS,160
2020-08-25 00:00:00+05:30,124.84492560143394,128.14463115590652,124.73614850772915,125.99620056152344,21874405,0.0,0.0,SHRIRAMFIN.NS,161
2020-08-26 00:00:00+05:30,126.9117470194314,132.53212162097824,125.66982934992886,131.68907165527344,42148055,0.0,0.0,SHRIRAMFIN.NS,162
2020-08-27 00:00:00+05:30,133.2573202842871,135.61425801270397,130.01200429368035,130.6103057861328,34442525,0.0,0.0,SHRIRAMFIN.NS,163
2020-08-28 00:00:00+05:30,132.11511463013605,142.08675046213594,131.4442905127259,140.1014862060547,67783000,0.0,0.0,SHRIRAMFIN.NS,164
2020-08-31 00:00:00+05:30,141.45222502367187,143.75477485523655,126.54916897138409,127.35596466064453,47226170,0.0,0.0,SHRIRAMFIN.NS,165
2020-09-01 00:00:00+05:30,128.54347959067115,130.5378043913038,122.81431375844562,128.053955078125,33124360,0.0,0.0,SHRIRAMFIN.NS,166
2020-09-02 00:00:00+05:30,128.7247874341973,129.2958947906941,123.76616247363526,125.53385925292969,18654170,0.0,0.0,SHRIRAMFIN.NS,167
2020-09-03 00:00:00+05:30,126.90267736846182,129.15082427422377,125.64262567073166,126.49473571777344,18043260,0.0,0.0,SHRIRAMFIN.NS,168
2020-09-04 00:00:00+05:30,124.91743024725838,126.55821572451572,121.30044024841715,124.63641357421875,19787000,0.0,0.0,SHRIRAMFIN.NS,169
2020-09-07 00:00:00+05:30,125.6426579391057,125.76956915592156,122.4698636864241,124.65454864501953,13560900,0.0,0.0,SHRIRAMFIN.NS,170
2020-09-08 00:00:00+05:30,125.06250032774871,125.09875475016597,119.29707890336266,120.14012908935547,17598430,0.0,0.0,SHRIRAMFIN.NS,171
2020-09-09 00:00:00+05:30,118.93444203698918,118.93444203698918,114.23870682069527,115.82510375976562,28371765,0.0,0.0,SHRIRAMFIN.NS,172
2020-09-10 00:00:00+05:30,116.94011261764028,118.47212095734675,112.52539424838818,114.13899230957031,29577885,0.0,0.0,SHRIRAMFIN.NS,173
2020-09-11 00:00:00+05:30,114.76448900840438,117.39337682240479,113.66760963791587,116.69535827636719,18580305,0.0,0.0,SHRIRAMFIN.NS,174
2020-09-14 00:00:00+05:30,117.8466323286975,117.93728911724851,114.48347157448478,115.38998413085938,18452905,0.0,0.0,SHRIRAMFIN.NS,175
2020-09-15 00:00:00+05:30,115.87043025346948,118.7531403492809,115.17241865482414,118.27268981933594,15997600,0.0,0.0,SHRIRAMFIN.NS,176
2020-09-16 00:00:00+05:30,118.63528377090854,120.70213111767433,117.04888693171569,119.3604965209961,19950565,0.0,0.0,SHRIRAMFIN.NS,177
2020-09-17 00:00:00+05:30,118.6352767944336,119.84093998119376,117.23925374424292,118.6352767944336,13616760,0.0,0.0,SHRIRAMFIN.NS,178
2020-09-18 00:00:00+05:30,118.92536016991741,119.9587837196119,114.94577141434256,117.23018646240234,14308610,0.0,0.0,SHRIRAMFIN.NS,179
2020-09-21 00:00:00+05:30,117.73786053232129,118.36335643745734,114.40188698235715,115.5712890625,16103830,0.0,0.0,SHRIRAMFIN.NS,180
2020-09-22 00:00:00+05:30,115.58035140109808,117.30271973220088,111.14750553594733,116.15145874023438,20122560,0.0,0.0,SHRIRAMFIN.NS,181
2020-09-23 00:00:00+05:30,116.9763723805358,117.93728729456066,110.04155696435933,111.15657043457031,17343095,0.0,0.0,SHRIRAMFIN.NS,182
2020-09-24 00:00:00+05:30,108.78149763862216,108.78149763862216,100.7226022418522,102.22740936279297,44394795,0.0,0.0,SHRIRAMFIN.NS,183
2020-09-25 00:00:00+05:30,103.70504048016038,107.657435880153,103.54186793920134,107.02287292480469,21093985,0.0,0.0,SHRIRAMFIN.NS,184
2020-09-28 00:00:00+05:30,108.6002047658877,113.60415093010467,108.2375983676362,111.52823638916016,18254035,0.0,0.0,SHRIRAMFIN.NS,185
2020-09-29 00:00:00+05:30,112.77920848330162,113.52254835804345,109.54295264813196,110.50386047363281,14131620,0.0,0.0,SHRIRAMFIN.NS,186
2020-09-30 00:00:00+05:30,111.50104259766742,114.85513623455516,109.57923351999413,112.28971099853516,21418750,0.0,0.0,SHRIRAMFIN.NS,187
2020-10-01 00:00:00+05:30,113.67667242846694,120.50270374362648,113.34126030319548,119.42396545410156,31031565,0.0,0.0,SHRIRAMFIN.NS,188
2020-10-05 00:00:00+05:30,120.02224858682581,122.5604863346666,117.52027908479751,118.77127075195312,14426150,0.0,0.0,SHRIRAMFIN.NS,189
2020-10-06 00:00:00+05:30,120.0222597107805,120.55711264396437,117.13049620809119,118.66249084472656,12240375,0.0,0.0,SHRIRAMFIN.NS,190
2020-10-07 00:00:00+05:30,118.40865479306984,118.4811774507814,113.54975430079823,114.9095230102539,17276795,0.0,0.0,SHRIRAMFIN.NS,191
2020-10-08 00:00:00+05:30,116.03360586884962,118.42679843660329,114.77355398340893,115.86136627197266,16935265,0.0,0.0,SHRIRAMFIN.NS,192
2020-10-09 00:00:00+05:30,114.85513691179725,117.84663108265998,114.28403649713081,116.23303985595703,17527430,0.0,0.0,SHRIRAMFIN.NS,193
2020-10-12 00:00:00+05:30,116.94011297246118,120.89250804172096,116.34181140029601,119.95880126953125,30896760,0.0,0.0,SHRIRAMFIN.NS,194
2020-10-13 00:00:00+05:30,120.19449682002166,121.07381510840976,117.52028753871978,118.1639175415039,14237305,0.0,0.0,SHRIRAMFIN.NS,195
2020-10-14 00:00:00+05:30,117.6653476737156,121.83529766843812,116.00642782293005,120.6024398803711,16828665,0.0,0.0,SHRIRAMFIN.NS,196
2020-10-15 00:00:00+05:30,121.47268989953976,122.19790275494918,113.92143818844794,114.61038970947266,15350725,0.0,0.0,SHRIRAMFIN.NS,197
2020-10-16 00:00:00+05:30,115.48969434342281,117.67438588073462,113.5860194690655,117.32084655761719,13772355,0.0,0.0,SHRIRAMFIN.NS,198
2020-10-19 00:00:00+05:30,117.33898978818495,120.54803821384309,116.7950767108877,119.2517318725586,12763000,0.0,0.0,SHRIRAMFIN.NS,199
2020-10-20 00:00:00+05:30,118.57185164918758,119.97694895515698,117.30272570122489,119.41490173339844,8548565,0.0,0.0,SHRIRAMFIN.NS,200
2020-10-21 00:00:00+05:30,120.18543013637805,123.82961429660654,117.37523582478653,120.7384033203125,31740925,0.0,0.0,SHRIRAMFIN.NS,201
2020-10-22 00:00:00+05:30,120.51174664185982,127.58254530529052,118.97973865101717,126.92985534667969,28175610,0.0,0.0,SHRIRAMFIN.NS,202
2020-10-23 00:00:00+05:30,127.69134191812829,130.1570568434838,126.78482948475589,128.73382568359375,21913570,0.0,0.0,SHRIRAMFIN.NS,203
2020-10-26 00:00:00+05:30,128.1808378645877,128.3621513963208,124.45507163687125,125.09870147705078,10113485,0.0,0.0,SHRIRAMFIN.NS,204
2020-10-27 00:00:00+05:30,125.09873367465771,135.7593164342672,123.86587603587698,133.6471405029297,40165905,0.0,0.0,SHRIRAMFIN.NS,205
2020-10-28 00:00:00+05:30,132.1695245034818,132.3508242359786,128.18086122713734,129.12364196777344,17774320,0.0,0.0,SHRIRAMFIN.NS,206
2020-10-29 00:00:00+05:30,126.91173889945526,127.94516250577384,123.693617039477,126.74857330322266,14687575,0.0,0.0,SHRIRAMFIN.NS,207
2020-10-30 00:00:00+05:30,128.1808613938134,132.35082440807693,121.47267445672816,125.7242202758789,42892115,0.0,0.0,SHRIRAMFIN.NS,208
2020-11-02 00:00:00+05:30,125.80580659847357,138.85052122658993,125.80580659847357,136.71115112304688,58773715,0.0,0.0,SHRIRAMFIN.NS,209
2020-11-03 00:00:00+05:30,136.70210937335136,140.11059193246822,135.97689649226888,138.306640625,16268300,0.0,0.0,SHRIRAMFIN.NS,210
2020-11-04 00:00:00+05:30,137.97120305894094,143.7728914981437,136.33947775315633,143.03860473632812,22749125,0.0,0.0,SHRIRAMFIN.NS,211
2020-11-05 00:00:00+05:30,143.8091429419201,149.55642889196315,141.325293703745,147.8340606689453,26335845,0.0,0.0,SHRIRAMFIN.NS,212
2020-11-06 00:00:00+05:30,147.94281008965066,156.2827207930241,145.58588632145845,153.45440673828125,34200000,0.0,0.0,SHRIRAMFIN.NS,213
2020-11-09 00:00:00+05:30,154.85130669718254,156.80509303422477,150.82504157626065,152.523193359375,24006055,1.2,0.0,SHRIRAMFIN.NS,214
2020-11-10 00:00:00+05:30,153.37228983089602,159.37973024354255,151.73803957567645,156.6225128173828,23825835,0.0,0.0,SHRIRAMFIN.NS,215
2020-11-11 00:00:00+05:30,156.62250428591094,162.60255594896543,154.67784271230164,161.26046752929688,31631290,0.0,0.0,SHRIRAMFIN.NS,216
2020-11-12 00:00:00+05:30,160.1374758458026,160.25616828882235,153.0527211357461,157.24331665039062,20465145,0.0,0.0,SHRIRAMFIN.NS,217
2020-11-13 00:00:00+05:30,155.93776967675308,160.6852867256204,154.7417621011139,159.9640350341797,18289185,0.0,0.0,SHRIRAMFIN.NS,218
2020-11-14 00:00:00+05:30,161.0504598398752,161.4795636683252,157.41678543931343,159.27928161621094,1279465,0.0,0.0,SHRIRAMFIN.NS,219
2020-11-17 00:00:00+05:30,159.46185963276815,160.63960338638947,156.485521554514,157.21591186523438,15728460,0.0,0.0,SHRIRAMFIN.NS,220
2020-11-18 00:00:00+05:30,156.4855658431041,169.99774165702337,154.98827155132906,168.95693969726562,35810375,0.0,0.0,SHRIRAMFIN.NS,221
2020-11-19 00:00:00+05:30,167.47790742382435,182.30476931238778,164.58374773778806,166.49188232421875,63358800,0.0,0.0,SHRIRAMFIN.NS,222
2020-11-20 00:00:00+05:30,167.64220269103706,173.46704802474738,165.12237058753524,170.52723693847656,43910455,0.0,0.0,SHRIRAMFIN.NS,223
2020-11-23 00:00:00+05:30,172.09760916926996,178.86282887316682,171.8054473898816,177.9680938720703,33172945,0.0,0.0,SHRIRAMFIN.NS,224
2020-11-24 00:00:00+05:30,179.43793841861105,189.80944121493008,177.8493545619391,187.92869567871094,39408005,0.0,0.0,SHRIRAMFIN.NS,225
2020-11-25 00:00:00+05:30,188.9512779991549,198.59239207740714,188.62260302234913,194.4656982421875,43692190,0.0,0.0,SHRIRAMFIN.NS,226
2020-11-26 00:00:00+05:30,193.43400494311905,193.55269737585675,186.68705062485307,192.03713989257812,25519515,0.0,0.0,SHRIRAMFIN.NS,227
2020-11-27 00:00:00+05:30,193.55270944388897,199.37755487470784,192.4753944461465,195.41519165039062,67609335,0.0,0.0,SHRIRAMFIN.NS,228
2020-12-01 00:00:00+05:30,197.18637345449525,197.20463704380072,186.01145293787678,186.8970489501953,19857690,0.0,0.0,SHRIRAMFIN.NS,229
2020-12-02 00:00:00+05:30,188.75044730089795,190.8137875482066,186.2488644011203,188.1661376953125,18406465,0.0,0.0,SHRIRAMFIN.NS,230
2020-12-03 00:00:00+05:30,189.9007814805993,193.3518618757156,187.76440103239176,188.7412872314453,16262005,0.0,0.0,SHRIRAMFIN.NS,231
2020-12-04 00:00:00+05:30,190.08338872655258,190.8685560306768,180.08621025884725,183.1629638671875,25299565,0.0,0.0,SHRIRAMFIN.NS,232
2020-12-07 00:00:00+05:30,184.6054354641948,198.48279499948177,184.4319662062104,194.1735076904297,34630940,0.0,0.0,SHRIRAMFIN.NS,233
2020-12-08 00:00:00+05:30,196.29171277917646,197.25947434344675,190.9507466497452,194.78529357910156,20765030,0.0,0.0,SHRIRAMFIN.NS,234
2020-12-09 00:00:00+05:30,195.7438803367189,196.88511101482717,191.5441597999035,193.9727020263672,12326970,0.0,0.0,SHRIRAMFIN.NS,235
2020-12-10 00:00:00+05:30,192.09194683527895,193.91791596462966,187.16183575844758,191.6811065673828,13328860,0.0,0.0,SHRIRAMFIN.NS,236
2020-12-11 00:00:00+05:30,193.55276718312288,196.3099850314232,188.98784342880396,190.4942626953125,17879175,0.0,0.0,SHRIRAMFIN.NS,237
2020-12-14 00:00:00+05:30,193.5527235369816,196.0725558659684,191.06940446013726,195.37869262695312,14980145,0.0,0.0,SHRIRAMFIN.NS,238
2020-12-15 00:00:00+05:30,195.74387824623494,201.16700859965437,192.384101852664,199.46885681152344,18580105,0.0,0.0,SHRIRAMFIN.NS,239
2020-12-16 00:00:00+05:30,201.37698608301775,202.31735894857744,194.46568713502992,195.9355926513672,17984290,0.0,0.0,SHRIRAMFIN.NS,240
2020-12-17 00:00:00+05:30,195.7438634743917,196.49251742163656,191.9914967707772,192.9136199951172,10168720,0.0,0.0,SHRIRAMFIN.NS,241
2020-12-18 00:00:00+05:30,192.98667229644857,193.86312963427133,185.52759043973774,187.673095703125,17274385,0.0,0.0,SHRIRAMFIN.NS,242
2020-12-21 00:00:00+05:30,188.093086502846,188.2574170398497,172.444531406263,176.5438232421875,18966675,0.0,0.0,SHRIRAMFIN.NS,243
2020-12-22 00:00:00+05:30,176.91816179853265,178.2419867356391,167.64223454551427,171.26678466796875,22851915,0.0,0.0,SHRIRAMFIN.NS,244
2020-12-23 00:00:00+05:30,171.23938939019564,177.10074885194828,169.2673393102491,175.59432983398438,22133360,0.0,0.0,SHRIRAMFIN.NS,245
2020-12-24 00:00:00+05:30,177.91331195232314,188.00179498861237,177.1372833686332,181.97610473632812,33020905,0.0,0.0,SHRIRAMFIN.NS,246
2020-12-28 00:00:00+05:30,183.48248248815088,188.03827982085713,182.26821152137256,185.52757263183594,21567085,0.0,0.0,SHRIRAMFIN.NS,247
2020-12-29 00:00:00+05:30,187.65482828726596,191.65370486131235,186.6140265129161,188.9695281982422,20672180,0.0,0.0,SHRIRAMFIN.NS,248
2020-12-30 00:00:00+05:30,190.44860638380987,192.63976400385462,188.5130694240286,189.7273406982422,20204065,0.0,0.0,SHRIRAMFIN.NS,249
2020-12-31 00:00:00+05:30,190.44857536898053,191.90934223410886,188.64085599924096,191.08766174316406,11010990,0.0,0.0,SHRIRAMFIN.NS,250
2021-01-01 00:00:00+05:30,191.34329423587013,196.63860715125057,191.08765968894483,195.5338897705078,12981435,0.0,0.0,SHRIRAMFIN.NS,251
2021-01-04 00:00:00+05:30,197.93506143848305,198.66545189499448,194.21008264820998,196.61123657226562,11008350,0.0,0.0,SHRIRAMFIN.NS,252
2021-01-05 00:00:00+05:30,195.36958779210144,204.39900530889977,193.34276078031098,203.44036865234375,15930660,0.0,0.0,SHRIRAMFIN.NS,253
2021-01-06 00:00:00+05:30,204.1342153325079,220.66836634469638,203.86945593859048,218.6050262451172,44538525,0.0,0.0,SHRIRAMFIN.NS,254
2021-01-07 00:00:00+05:30,219.11627926528016,240.46186126163832,218.75109103891984,238.61761474609375,45813230,0.0,0.0,SHRIRAMFIN.NS,255
2021-01-08 00:00:00+05:30,238.50808088452365,239.81366999881854,230.98509692044985,236.59083557128906,31324270,0.0,0.0,SHRIRAMFIN.NS,256
2021-01-11 00:00:00+05:30,238.19766377603432,240.04191040072612,226.6027627649047,228.54742431640625,15045560,0.0,0.0,SHRIRAMFIN.NS,257
2021-01-12 00:00:00+05:30,227.33315026251194,239.1836996117649,224.63070989680264,230.54685974121094,24395200,0.0,0.0,SHRIRAMFIN.NS,258
2021-01-13 00:00:00+05:30,232.6284592841434,233.87011879286527,215.01698003125026,222.1930389404297,26536710,0.0,0.0,SHRIRAMFIN.NS,259
2021-01-14 00:00:00+05:30,222.74995835464208,227.1505504094833,216.23124946642466,222.48519897460938,21198275,0.0,0.0,SHRIRAMFIN.NS,260
2021-01-15 00:00:00+05:30,222.58562240856284,228.7117405615131,217.50943085122742,219.9470977783203,17385480,0.0,0.0,SHRIRAMFIN.NS,261
2021-01-18 00:00:00+05:30,220.94222647680755,221.44437068682575,212.5701611369934,214.33221435546875,14423695,0.0,0.0,SHRIRAMFIN.NS,262
2021-01-19 00:00:00+05:30,216.01214527552142,227.05924972504545,214.5513644557478,224.29290771484375,21867515,0.0,0.0,SHRIRAMFIN.NS,263
2021-01-20 00:00:00+05:30,224.53942062168377,230.43729296512188,222.86865723710775,227.82615661621094,17042230,0.0,0.0,SHRIRAMFIN.NS,264
2021-01-21 00:00:00+05:30,229.28695617461395,233.05758710106048,218.05724259840116,220.29405212402344,16461875,0.0,0.0,SHRIRAMFIN.NS,265
2021-01-22 00:00:00+05:30,221.30744314060303,223.54426637019805,208.52565979909207,210.10513305664062,18964880,0.0,0.0,SHRIRAMFIN.NS,266
2021-01-25 00:00:00+05:30,216.92510870946444,230.9485502775859,216.92510870946444,219.30799865722656,36180365,0.0,0.0,SHRIRAMFIN.NS,267
2021-01-27 00:00:00+05:30,215.4278223398973,215.46433558915422,206.6996790775194,210.17816162109375,19598860,0.0,0.0,SHRIRAMFIN.NS,268
2021-01-28 00:00:00+05:30,201.58697133272233,210.50683339781244,200.39096392040236,202.88340759277344,24702255,0.0,0.0,SHRIRAMFIN.NS,269
2021-01-29 00:00:00+05:30,217.1077279391708,240.84531221661427,213.29144529074398,235.7965087890625,90681265,0.0,0.0,SHRIRAMFIN.NS,270
2021-02-01 00:00:00+05:30,234.19877892352613,245.55630857564128,231.2133295749591,243.2190704345703,30395260,0.0,0.0,SHRIRAMFIN.NS,271
2021-02-02 00:00:00+05:30,248.33176348244962,261.11354542639924,245.90322156965036,249.5460205078125,30730610,0.0,0.0,SHRIRAMFIN.NS,272
2021-02-03 00:00:00+05:30,250.34038892300273,269.54045398165937,247.78401532107677,267.55926513671875,28518195,0.0,0.0,SHRIRAMFIN.NS,273
2021-02-04 00:00:00+05:30,264.8019908972219,265.6236712467021,254.72263578727038,259.40625,21005115,0.0,0.0,SHRIRAMFIN.NS,274
2021-02-05 00:00:00+05:30,260.9218990066468,268.60010349442024,250.5321289099024,252.7963409423828,16549455,0.0,0.0,SHRIRAMFIN.NS,275
2021-02-08 00:00:00+05:30,258.3745781796624,270.060767037306,257.0690172100335,259.1962585449219,18317310,0.0,0.0,SHRIRAMFIN.NS,276
2021-02-09 00:00:00+05:30,261.11357156524446,263.6242789841411,253.80969543754534,258.0276794433594,11093915,0.0,0.0,SHRIRAMFIN.NS,277
2021-02-10 00:00:00+05:30,255.83652128352318,265.86110126410995,253.95577541617845,260.7666320800781,19081675,0.0,0.0,SHRIRAMFIN.NS,278
2021-02-11 00:00:00+05:30,259.28757140001625,264.4002896479241,257.1511912326339,263.1677551269531,8878860,0.0,0.0,SHRIRAMFIN.NS,279
2021-02-12 00:00:00+05:30,260.2187506238874,266.819636520943,259.2875167560233,262.6199035644531,11134020,0.0,0.0,SHRIRAMFIN.NS,280
2021-02-15 00:00:00+05:30,264.7655413837478,280.2771412544681,263.85255675828665,276.33306884765625,24556900,0.0,0.0,SHRIRAMFIN.NS,281
2021-02-16 00:00:00+05:30,275.3561396820767,277.3646889298215,266.84711717985317,269.8417053222656,11625195,0.0,0.0,SHRIRAMFIN.NS,282
2021-02-17 00:00:00+05:30,270.9647243257614,275.48398166355423,264.4277508340097,266.5367431640625,13152705,0.0,0.0,SHRIRAMFIN.NS,283
2021-02-18 00:00:00+05:30,266.5914712837365,269.8782210226634,260.8122917169331,262.7021484375,9516035,0.0,0.0,SHRIRAMFIN.NS,284
2021-02-19 00:00:00+05:30,261.6339421452427,264.03509553800853,252.17540941936713,256.4755859375,10103260,0.0,0.0,SHRIRAMFIN.NS,285
2021-02-22 00:00:00+05:30,258.1920257001832,260.18235324142375,246.14064607247175,248.35919189453125,12281580,0.0,0.0,SHRIRAMFIN.NS,286
2021-02-23 00:00:00+05:30,250.15771337380926,254.72263515070358,243.98593021558528,251.51805114746094,10273085,0.0,0.0,SHRIRAMFIN.NS,287
2021-02-24 00:00:00+05:30,251.61859005685383,256.7313099729308,250.16694772058577,251.6094512939453,5331875,0.0,0.0,SHRIRAMFIN.NS,288
2021-02-25 00:00:00+05:30,254.17487830358925,256.50300548737135,250.44077505561285,252.0384979248047,10532480,0.0,0.0,SHRIRAMFIN.NS,289
2021-02-26 00:00:00+05:30,246.32321305476833,246.32321305476833,231.89806874239483,234.2626953125,21843070,0.0,0.0,SHRIRAMFIN.NS,290
2021-03-01 00:00:00+05:30,238.28900273356123,245.7389611050028,237.9512028581172,243.5112762451172,9162830,0.0,0.0,SHRIRAMFIN.NS,291
2021-03-02 00:00:00+05:30,245.86671646811664,251.25334734640123,243.0273480265538,246.60623168945312,8570450,0.0,0.0,SHRIRAMFIN.NS,292
2021-03-03 00:00:00+05:30,249.24480367729936,251.7828998310319,243.09129619468504,248.72439575195312,9383425,0.0,0.0,SHRIRAMFIN.NS,293
2021-03-04 00:00:00+05:30,245.94889617373886,250.49554093655337,243.03647352778705,244.56114196777344,8576470,0.0,0.0,SHRIRAMFIN.NS,294
2021-03-05 00:00:00+05:30,242.67129553754052,243.89471942018187,232.26327666985455,235.40394592285156,11926800,0.0,0.0,SHRIRAMFIN.NS,295
2021-03-08 00:00:00+05:30,238.61765232979917,244.13208736124636,229.1774084190455,231.14031982421875,19094895,0.0,0.0,SHRIRAMFIN.NS,296
2021-03-09 00:00:00+05:30,233.72401190407763,237.68636094994014,229.15908979657613,231.94369506835938,10348870,0.0,0.0,SHRIRAMFIN.NS,297
2021-03-10 00:00:00+05:30,235.75999010773134,242.81734224075643,235.54085488835858,240.1879425048828,15206235,0.0,0.0,SHRIRAMFIN.NS,298
2021-03-12 00:00:00+05:30,244.86246773104568,245.04504792400525,239.3023672966456,242.0230712890625,12544700,0.0,0.0,SHRIRAMFIN.NS,299
2021-03-15 00:00:00+05:30,244.3055043005277,245.01763105316346,226.08234257922908,233.1031951904297,18506180,0.0,0.0,SHRIRAMFIN.NS,300
2021-03-16 00:00:00+05:30,235.3673567183469,243.18250060617243,233.8244109219306,241.5665283203125,12723425,0.0,0.0,SHRIRAMFIN.NS,301
2021-03-17 00:00:00+05:30,242.4795486374571,242.6621566812526,235.54999966517488,241.320068359375,11266530,0.0,0.0,SHRIRAMFIN.NS,302
2021-03-18 00:00:00+05:30,244.31465825727727,249.737788427006,237.9328776434006,242.0778350830078,14562505,0.0,0.0,SHRIRAMFIN.NS,303
2021-03-19 00:00:00+05:30,239.70406408007034,251.90155122119523,237.48551848056005,250.87901306152344,14402385,0.0,0.0,SHRIRAMFIN.NS,304
2021-03-22 00:00:00+05:30,249.9569184216382,253.80057572087378,245.96718024543804,252.2393798828125,9335185,0.0,0.0,SHRIRAMFIN.NS,305
2021-03-23 00:00:00+05:30,255.45303340827235,261.84392444426845,254.08355675770176,256.7860107421875,14529820,0.0,0.0,SHRIRAMFIN.NS,306
2021-03-24 00:00:00+05:30,258.00945996999087,260.56580576894254,250.6690558014589,255.96435546875,10501700,0.0,0.0,SHRIRAMFIN.NS,307
2021-03-25 00:00:00+05:30,256.8955912623714,257.02339460816864,246.7888458380889,250.52294921875,10425355,0.0,0.0,SHRIRAMFIN.NS,308
2021-03-26 00:00:00+05:30,251.98371826326007,268.6913232206678,251.98371826326007,260.9583435058594,18748345,0.0,0.0,SHRIRAMFIN.NS,309
2021-03-30 00:00:00+05:30,263.5695326876839,263.85255569146614,257.66252107035024,259.3971862792969,11173995,0.0,0.0,SHRIRAMFIN.NS,310
2021-03-31 00:00:00+05:30,259.85369197444123,263.54215783775487,258.28335722963095,259.7076110839844,8632980,0.0,0.0,SHRIRAMFIN.NS,311
2021-04-01 00:00:00+05:30,263.8525494568868,270.06083359339374,260.2919150885349,268.9104919433594,12254460,0.0,0.0,SHRIRAMFIN.NS,312
2021-04-05 00:00:00+05:30,268.58962240416975,271.0372756424103,254.94883252718537,260.3758239746094,10865445,1.2,0.0,SHRIRAMFIN.NS,313
2021-04-06 00:00:00+05:30,262.548421626715,267.4987006229789,259.4315813680344,263.8684997558594,9011680,0.0,0.0,SHRIRAMFIN.NS,314
2021-04-07 00:00:00+05:30,264.01516511661634,275.47415665813617,259.10156297211836,272.3756408691406,14184300,0.0,0.0,SHRIRAMFIN.NS,315
2021-04-08 00:00:00+05:30,273.16402740770013,276.84922892666947,270.1113364685085,273.952392578125,11186950,0.0,0.0,SHRIRAMFIN.NS,316
2021-04-09 00:00:00+05:30,272.9989859201072,274.42906573538914,266.7653061086757,269.442138671875,10218235,0.0,0.0,SHRIRAMFIN.NS,317
2021-04-12 00:00:00+05:30,258.51486257002165,259.5965847133309,237.05445874209997,238.5120391845703,24289800,0.0,0.0,SHRIRAMFIN.NS,318
2021-04-13 00:00:00+05:30,241.09721293898548,256.4247631087496,240.36384857674224,253.43624877929688,21252365,0.0,0.0,SHRIRAMFIN.NS,319
2021-04-15 00:00:00+05:30,252.09786103975276,254.53633825275523,240.36386269814415,253.13375854492188,17951785,0.0,0.0,SHRIRAMFIN.NS,320
2021-04-16 00:00:00+05:30,252.15285184304895,255.75555259821581,250.3744138567007,252.64788818359375,12006190,0.0,0.0,SHRIRAMFIN.NS,321
2021-04-19 00:00:00+05:30,238.71372338282788,248.1284494157848,236.01856614015267,246.16665649414062,14272335,0.0,0.0,SHRIRAMFIN.NS,322
2021-04-20 00:00:00+05:30,252.83120954669107,254.11463913940023,242.49061541586155,246.60670471191406,12498725,0.0,0.0,SHRIRAMFIN.NS,323
2021-04-22 00:00:00+05:30,241.66554829525313,244.21402694521387,236.73359376252483,243.15980529785156,19593930,0.0,0.0,SHRIRAMFIN.NS,324
2021-04-23 00:00:00+05:30,241.09722710347265,254.45383685536018,240.4555122667661,253.13375854492188,17606370,0.0,0.0,SHRIRAMFIN.NS,325
2021-04-26 00:00:00+05:30,252.83122707434754,252.93208076696394,243.22402461276423,245.5158233642578,13382655,0.0,0.0,SHRIRAMFIN.NS,326
2021-04-27 00:00:00+05:30,248.33928784224258,248.9535021694377,241.84892659121599,242.93064880371094,8343800,0.0,0.0,SHRIRAMFIN.NS,327
2021-04-28 00:00:00+05:30,243.48069537331068,259.39493184897384,242.93065809938352,257.5614929199219,17059815,0.0,0.0,SHRIRAMFIN.NS,328
2021-04-29 00:00:00+05:30,260.53160964952264,263.0067347211747,254.84793937941777,259.6698913574219,14470055,0.0,0.0,SHRIRAMFIN.NS,329
2021-04-30 00:00:00+05:30,262.1817589949767,264.93191730611284,244.90159201146,246.60670471191406,20775365,0.0,0.0,SHRIRAMFIN.NS,330
2021-05-03 00:00:00+05:30,244.5807208532007,244.6540740706294,233.8826212913469,238.1361846923828,14320405,0.0,0.0,SHRIRAMFIN.NS,331
2021-05-04 00:00:00+05:30,242.93062858130128,247.36754689335774,235.6976994565443,236.7335968017578,13762810,0.0,0.0,SHRIRAMFIN.NS,332
2021-05-05 00:00:00+05:30,240.18050208831,240.18050208831,233.23176679971067,235.97276306152344,12337230,0.0,0.0,SHRIRAMFIN.NS,333
2021-05-06 00:00:00+05:30,237.61368085008766,241.46388556356897,233.39676599394105,240.43716430664062,11816670,0.0,0.0,SHRIRAMFIN.NS,334
2021-05-07 00:00:00+05:30,241.09718542865303,242.5639419618328,236.97194841561523,237.91616821289062,6920815,0.0,0.0,SHRIRAMFIN.NS,335
2021-05-10 00:00:00+05:30,238.16364661426024,245.86411058693827,237.67778653762684,244.35150146484375,9092755,0.0,0.0,SHRIRAMFIN.NS,336
2021-05-11 00:00:00+05:30,242.7473022170344,247.2392499592724,240.62053432813855,246.13917541503906,7293410,0.0,0.0,SHRIRAMFIN.NS,337
2021-05-12 00:00:00+05:30,246.59751727775807,248.6143111373665,243.5998549272115,246.40501403808594,7632385,0.0,0.0,SHRIRAMFIN.NS,338
2021-05-14 00:00:00+05:30,246.78087069797687,251.5477947349263,242.7472830057162,243.2056427001953,9702620,0.0,0.0,SHRIRAMFIN.NS,339
2021-05-17 00:00:00+05:30,243.75571072477751,256.314779130635,242.05977404572974,254.67384338378906,9550025,0.0,0.0,SHRIRAMFIN.NS,340
2021-05-18 00:00:00+05:30,257.5981633477416,268.59879665796547,257.5981633477416,265.88531494140625,15594255,0.0,0.0,SHRIRAMFIN.NS,341
2021-05-19 00:00:00+05:30,263.64848939793023,267.6453723163639,257.5981361215721,258.7623596191406,6901040,0.0,0.0,SHRIRAMFIN.NS,342
2021-05-20 00:00:00+05:30,259.43159499847513,261.92507293163703,255.9480724044659,259.60577392578125,6123645,0.0,0.0,SHRIRAMFIN.NS,343
2021-05-21 00:00:00+05:30,262.73174484641885,272.81565668090343,260.35744532615274,271.1197204589844,11258915,0.0,0.0,SHRIRAMFIN.NS,344
2021-05-24 00:00:00+05:30,270.6155825283888,271.89898411431966,265.3077692816553,267.5262145996094,6487950,0.0,0.0,SHRIRAMFIN.NS,345
2021-05-25 00:00:00+05:30,268.59873170019705,270.72552700675107,261.66833662888354,262.9700622558594,5680010,0.0,0.0,SHRIRAMFIN.NS,346
2021-05-26 00:00:00+05:30,263.6484851690403,266.90282760340006,261.9067240354949,262.6859130859375,6131915,0.0,0.0,SHRIRAMFIN.NS,347
2021-05-27 00:00:00+05:30,263.17181618024716,265.79364844230423,259.4316130088782,264.28106689453125,8648350,0.0,0.0,SHRIRAMFIN.NS,348
2021-05-28 00:00:00+05:30,265.38113502212485,277.656023291969,265.11530649394103,266.7745666503906,17020950,0.0,0.0,SHRIRAMFIN.NS,349
2021-05-31 00:00:00+05:30,268.78217955854143,268.78217955854143,260.1649935260552,262.1451110839844,7634365,0.0,0.0,SHRIRAMFIN.NS,350
2021-06-01 00:00:00+05:30,263.0984449723519,263.1351215784653,254.54546602191283,258.7532043457031,9322935,0.0,0.0,SHRIRAMFIN.NS,351
2021-06-02 00:00:00+05:30,256.6814554369324,263.36434830642605,254.84801646952573,262.1909484863281,6900620,0.0,0.0,SHRIRAMFIN.NS,352
2021-06-03 00:00:00+05:30,263.0984771455593,265.1152710876205,258.5148799827447,259.9266357421875,5219995,0.0,0.0,SHRIRAMFIN.NS,353
2021-06-04 00:00:00+05:30,261.283296837834,263.0984109288605,258.1022800883978,260.9349670410156,6313570,0.0,0.0,SHRIRAMFIN.NS,354
2021-06-07 00:00:00+05:30,260.8066969513811,277.66518193326687,258.83575562762815,272.7148742675781,23267725,0.0,0.0,SHRIRAMFIN.NS,355
2021-06-08 00:00:00+05:30,276.1158803921385,280.4427968585648,269.7996706196754,273.0173645019531,20367070,0.0,0.0,SHRIRAMFIN.NS,356
2021-06-09 00:00:00+05:30,272.2472833081282,272.9989718047451,261.09079812072395,263.4742736816406,16223270,0.0,0.0,SHRIRAMFIN.NS,357
2021-06-10 00:00:00+05:30,264.01518654336735,270.41389801083324,262.75928544465984,269.5155029296875,9991650,0.0,0.0,SHRIRAMFIN.NS,358
2021-06-11 00:00:00+05:30,269.8822455174841,273.9158061753147,267.6821240655821,270.4964599609375,8790865,0.0,0.0,SHRIRAMFIN.NS,359
2021-06-14 00:00:00+05:30,269.51545729827274,272.06393567341166,261.6408423622283,270.7988586425781,8612805,0.0,0.0,SHRIRAMFIN.NS,360
2021-06-15 00:00:00+05:30,270.43225398601874,270.43225398601874,264.4735772032759,265.96783447265625,11778790,0.0,0.0,SHRIRAMFIN.NS,361
2021-06-16 00:00:00+05:30,268.1494159718591,269.53020601927807,262.5986411049248,263.97943115234375,9827690,1.2,0.0,SHRIRAMFIN.NS,362
2021-06-17 00:00:00+05:30,258.115718534557,264.5594063700458,256.4587814709026,259.8463134765625,12356210,0.0,0.0,SHRIRAMFIN.NS,363
2021-06-18 00:00:00+05:30,262.1568219384796,262.1568219384796,247.43758005046527,254.0653839111328,14779290,0.0,0.0,SHRIRAMFIN.NS,364
2021-06-21 00:00:00+05:30,249.46277672900493,255.8880642649768,246.39743467443782,254.59930419921875,7416025,0.0,0.0,SHRIRAMFIN.NS,365
2021-06-22 00:00:00+05:30,255.9064854359601,258.10655827344965,250.56744050189496,252.537353515625,7917570,0.0,0.0,SHRIRAMFIN.NS,366
2021-06-23 00:00:00+05:30,253.1264391879683,255.1700095623162,250.5949907918828,251.63516235351562,4924915,0.0,0.0,SHRIRAMFIN.NS,367
2021-06-24 00:00:00+05:30,252.40847887476386,253.32900574434032,249.1682063148143,251.101318359375,4667625,0.0,0.0,SHRIRAMFIN.NS,368
2021-06-25 00:00:00+05:30,251.10125744815628,253.69714933280014,249.58239410024552,251.87449645996094,6516880,0.0,0.0,SHRIRAMFIN.NS,369
2021-06-28 00:00:00+05:30,254.42439662867264,255.72231459801858,250.8435341613208,252.6938018798828,4102820,0.0,0.0,SHRIRAMFIN.NS,370
2021-06-29 00:00:00+05:30,252.66623976694189,257.01112796424616,248.2108928337129,249.9875030517578,5875000,0.0,0.0,SHRIRAMFIN.NS,371
2021-06-30 00:00:00+05:30,251.30376570982492,252.73978498078736,246.13962488775675,247.1890106201172,6968565,0.0,0.0,SHRIRAMFIN.NS,372
2021-07-01 00:00:00+05:30,248.4870120233157,251.34983694906487,244.86013410535276,249.57322692871094,5444075,0.0,0.0,SHRIRAMFIN.NS,373
2021-07-02 00:00:00+05:30,250.2912072704444,252.70298276012386,247.80580200442373,250.78829956054688,4228550,0.0,0.0,SHRIRAMFIN.NS,374
2021-07-05 00:00:00+05:30,251.3038174113932,253.69719271947523,250.8435540095408,253.06202697753906,2911235,0.0,0.0,SHRIRAMFIN.NS,375
2021-07-06 00:00:00+05:30,253.236905225627,264.15433859464275,253.236905225627,260.2605285644531,12255020,0.0,0.0,SHRIRAMFIN.NS,376
2021-07-07 00:00:00+05:30,261.42042194780566,266.9527975345067,260.00283076662953,265.91259765625,7910955,0.0,0.0,SHRIRAMFIN.NS,377
2021-07-08 00:00:00+05:30,266.0966624617307,266.41885242826805,261.83461930511885,263.5559997558594,6176635,0.0,0.0,SHRIRAMFIN.NS,378
2021-07-09 00:00:00+05:30,263.10495778236145,268.7938062547929,261.06138730974817,268.0021667480469,5637260,0.0,0.0,SHRIRAMFIN.NS,379
2021-07-12 00:00:00+05:30,269.5118538686517,270.2022490160124,266.4004685764529,267.3946533203125,4330990,0.0,0.0,SHRIRAMFIN.NS,380
2021-07-13 00:00:00+05:30,269.7142999947567,269.7142999947567,261.99106815909437,263.60198974609375,5529040,0.0,0.0,SHRIRAMFIN.NS,381
2021-07-14 00:00:00+05:30,264.19116796481103,264.53175835558125,260.50906109422135,261.59527587890625,6477460,0.0,0.0,SHRIRAMFIN.NS,382
2021-07-15 00:00:00+05:30,262.3500823120599,269.7142951488897,260.73916075400336,268.4071350097656,7322970,0.0,0.0,SHRIRAMFIN.NS,383
2021-07-16 00:00:00+05:30,268.7938566883474,270.7269688103783,265.84815935075244,266.8331298828125,3058730,0.0,0.0,SHRIRAMFIN.NS,384
2021-07-19 00:00:00+05:30,262.35014773529093,265.1117282377677,254.415210919601,255.87884521484375,8523350,0.0,0.0,SHRIRAMFIN.NS,385
2021-07-20 00:00:00+05:30,257.3792788501448,259.5701369582498,248.72633322260717,256.9926452636719,6350305,0.0,0.0,SHRIRAMFIN.NS,386
2021-07-22 00:00:00+05:30,257.5449519604272,258.2169465462617,252.2243089035959,256.8821716308594,8748020,0.0,0.0,SHRIRAMFIN.NS,387
2021-07-23 00:00:00+05:30,257.195205196437,259.02707279423436,252.0402490391057,255.09640502929688,5276030,0.0,0.0,SHRIRAMFIN.NS,388
2021-07-26 00:00:00+05:30,254.94904906101547,258.66798453366215,244.07763174489833,252.2979278564453,4858020,0.0,0.0,SHRIRAMFIN.NS,389
2021-07-27 00:00:00+05:30,253.89971387217366,259.9567679785394,248.9932901969166,251.43270874023438,8150250,0.0,0.0,SHRIRAMFIN.NS,390
2021-07-28 00:00:00+05:30,253.23688786087237,253.69715118737622,248.56059673193647,252.7674102783203,6667670,0.0,0.0,SHRIRAMFIN.NS,391
2021-07-29 00:00:00+05:30,251.11967215492905,254.70974875346192,249.27861875762827,252.40843200683594,3888435,0.0,0.0,SHRIRAMFIN.NS,392
2021-07-30 00:00:00+05:30,253.6971762166793,259.606942180379,250.4016747421268,255.92483520507812,7132000,0.0,0.0,SHRIRAMFIN.NS,393
2021-08-02 00:00:00+05:30,257.0110673233842,263.2706376817155,245.90951750628312,253.3013458251953,16937480,0.0,0.0,SHRIRAMFIN.NS,394
2021-08-03 00:00:00+05:30,253.62355931111244,255.53827097919375,245.41247516158504,246.39744567871094,10852865,0.0,0.0,SHRIRAMFIN.NS,395
2021-08-04 00:00:00+05:30,248.54219439294036,250.14390176728793,242.1169082913521,243.29518127441406,12098915,0.0,0.0,SHRIRAMFIN.NS,396
2021-08-05 00:00:00+05:30,243.4240930919006,246.2869177657165,241.21483453690095,245.21913146972656,7443930,0.0,0.0,SHRIRAMFIN.NS,397
2021-08-06 00:00:00+05:30,245.4124370875347,247.45600759555077,241.62905753831365,242.2734375,6201995,0.0,0.0,SHRIRAMFIN.NS,398
2021-08-09 00:00:00+05:30,243.01905969545433,243.09268947416743,238.41642598910104,239.84323120117188,5444400,0.0,0.0,SHRIRAMFIN.NS,399
2021-08-10 00:00:00+05:30,241.57385008328797,241.57385008328797,233.87825924237407,234.82640075683594,6656495,0.0,0.0,SHRIRAMFIN.NS,400
2021-08-11 00:00:00+05:30,235.1025106560216,238.95951972873414,228.9902140054057,238.41641235351562,7777460,0.0,0.0,SHRIRAMFIN.NS,401
2021-08-12 00:00:00+05:30,239.61308749051844,242.9269892112291,236.9896088833576,241.06753540039062,4144010,0.0,0.0,SHRIRAMFIN.NS,402
2021-08-13 00:00:00+05:30,241.36211107147335,242.06169225812206,237.18291200332212,238.42562866210938,4393670,0.0,0.0,SHRIRAMFIN.NS,403
2021-08-16 00:00:00+05:30,237.68001271964835,240.2574763245457,235.99543307353093,238.72018432617188,4215450,0.0,0.0,SHRIRAMFIN.NS,404
2021-08-17 00:00:00+05:30,238.7201820636822,238.78462567625544,232.89326028357857,235.7192840576172,5186305,0.0,0.0,SHRIRAMFIN.NS,405
2021-08-18 00:00:00+05:30,237.1277112807185,240.22988212789133,235.00128255619822,238.2047119140625,4998005,0.0,0.0,SHRIRAMFIN.NS,406
2021-08-20 00:00:00+05:30,235.65483584425257,236.75947912417072,230.1316756291529,230.96014404296875,4362450,0.0,0.0,SHRIRAMFIN.NS,407
2021-08-23 00:00:00+05:30,234.80795782910215,234.80795782910215,223.87209588183538,229.34002685546875,5190075,0.0,0.0,SHRIRAMFIN.NS,408
2021-08-24 00:00:00+05:30,228.2906657663995,236.023085923908,226.6889439419172,235.57203674316406,4803725,0.0,0.0,SHRIRAMFIN.NS,409
2021-08-25 00:00:00+05:30,235.83899141979848,238.46247048199072,231.86230866520674,233.32594299316406,5152555,0.0,0.0,SHRIRAMFIN.NS,410
2021-08-26 00:00:00+05:30,234.91844745389855,238.81227206570543,231.41124243050072,232.97613525390625,6567660,0.0,0.0,SHRIRAMFIN.NS,411
2021-08-27 00:00:00+05:30,233.804612672091,237.6800367745922,231.5401105087492,235.91261291503906,3930010,0.0,0.0,SHRIRAMFIN.NS,412
2021-08-30 00:00:00+05:30,238.23229236197957,246.56307562988377,236.24397946424622,245.7714080810547,7071320,0.0,0.0,SHRIRAMFIN.NS,413
2021-08-31 00:00:00+05:30,245.7806643049592,249.8309767499618,243.11114210886086,249.03933715820312,7881915,0.0,0.0,SHRIRAMFIN.NS,414
2021-09-01 00:00:00+05:30,248.98409104915496,249.50876995833946,243.5161597838828,244.8417205810547,6179385,0.0,0.0,SHRIRAMFIN.NS,415
2021-09-02 00:00:00+05:30,245.2283237755435,248.3581091478582,244.2341672331837,247.26268005371094,3818570,0.0,0.0,SHRIRAMFIN.NS,416
2021-09-03 00:00:00+05:30,248.35812178044918,255.64870646682593,245.43085327056826,248.55145263671875,8012625,0.0,0.0,SHRIRAMFIN.NS,417
2021-09-06 00:00:00+05:30,249.64688144851894,253.51307718494255,246.7103986850068,247.888671875,3295350,0.0,0.0,SHRIRAMFIN.NS,418
2021-09-07 00:00:00+05:30,248.08193112190568,252.0309982994704,244.12367778060585,247.5848388671875,6181705,0.0,0.0,SHRIRAMFIN.NS,419
2021-09-08 00:00:00+05:30,247.41918050535696,254.32313117958068,246.39740928985051,251.31301879882812,8546425,0.0,0.0,SHRIRAMFIN.NS,420
2021-09-09 00:00:00+05:30,250.93560102692746,250.93560102692746,245.86348957702418,248.23846435546875,3792220,0.0,0.0,SHRIRAMFIN.NS,421
2021-09-13 00:00:00+05:30,247.80579720329283,248.23844587306067,241.31606715677523,247.01412963867188,3625345,0.0,0.0,SHRIRAMFIN.NS,422
2021-09-14 00:00:00+05:30,248.17402615374797,252.40845497124198,247.47441680960387,249.05772399902344,3353550,0.0,0.0,SHRIRAMFIN.NS,423
2021-09-15 00:00:00+05:30,249.278616275812,253.94569333364302,247.06935783949552,251.63516235351562,5161840,0.0,0.0,SHRIRAMFIN.NS,424
2021-09-16 00:00:00+05:30,251.63522617711354,259.9383970012888,250.95404524364102,258.9258117675781,10142820,0.0,0.0,SHRIRAMFIN.NS,425
2021-09-17 00:00:00+05:30,261.4295807679158,262.5157955233338,249.57319246931587,250.53054809570312,9870725,0.0,0.0,SHRIRAMFIN.NS,426
2021-09-20 00:00:00+05:30,248.54223596231225,252.50970422233075,241.31609496495827,243.0374755859375,4788450,0.0,0.0,SHRIRAMFIN.NS,427
2021-09-21 00:00:00+05:30,244.86011583654243,245.94633066089608,236.71344846939604,243.70945739746094,4585140,0.0,0.0,SHRIRAMFIN.NS,428
2021-09-22 00:00:00+05:30,244.30776362694778,249.2602014244205,244.30776362694778,247.89781188964844,3449740,0.0,0.0,SHRIRAMFIN.NS,429
2021-09-23 00:00:00+05:30,248.54224062264598,254.98592834249234,247.9070748714526,254.63612365722656,5925930,0.0,0.0,SHRIRAMFIN.NS,430
2021-09-24 00:00:00+05:30,256.82698698529026,258.99941683178207,248.73554823917112,249.59165954589844,5655830,0.0,0.0,SHRIRAMFIN.NS,431
2021-09-27 00:00:00+05:30,250.29122743097253,250.83433486350393,241.91442806206413,243.78309631347656,5489955,0.0,0.0,SHRIRAMFIN.NS,432
2021-09-28 00:00:00+05:30,245.78064940017578,247.74137592947616,237.97457221987483,241.7671661376953,4231635,0.0,0.0,SHRIRAMFIN.NS,433
2021-09-29 00:00:00+05:30,239.3369540906837,241.39892501333057,236.7594904373751,239.40139770507812,4532205,0.0,0.0,SHRIRAMFIN.NS,434
2021-09-30 00:00:00+05:30,239.7051652415795,244.3077990906584,238.04822829281014,239.12522888183594,7981880,0.0,0.0,SHRIRAMFIN.NS,435
2021-10-01 00:00:00+05:30,238.204685164812,239.2540990920197,234.4213338943167,238.3335723876953,4632325,0.0,0.0,SHRIRAMFIN.NS,436
2021-10-04 00:00:00+05:30,239.5947326549149,249.27866521632785,238.6097621616486,248.68032836914062,6773440,0.0,0.0,SHRIRAMFIN.NS,437
2021-10-05 00:00:00+05:30,246.70120244177204,249.9230465035116,243.81073457067387,245.82669067382812,4110305,0.0,0.0,SHRIRAMFIN.NS,438
2021-10-06 00:00:00+05:30,247.299501728882,247.5296334126223,239.05159004945853,239.9261016845703,3570155,0.0,0.0,SHRIRAMFIN.NS,439
2021-10-07 00:00:00+05:30,243.608221839897,247.8794515138584,242.24583208503745,247.2903289794922,3739840,0.0,0.0,SHRIRAMFIN.NS,440
2021-10-08 00:00:00+05:30,247.29035150380082,249.16820608961913,243.65425913535984,245.03504943847656,2327330,0.0,0.0,SHRIRAMFIN.NS,441
2021-10-11 00:00:00+05:30,245.9463413104931,247.05098469674175,244.10528772824418,245.7622528076172,2474965,0.0,0.0,SHRIRAMFIN.NS,442
2021-10-12 00:00:00+05:30,246.1488548535621,247.06019546663956,243.01906942636904,243.87515258789062,2928570,0.0,0.0,SHRIRAMFIN.NS,443
2021-10-13 00:00:00+05:30,246.33293877336095,253.10800147749987,244.13286658116058,251.5615234375,7442435,0.0,0.0,SHRIRAMFIN.NS,444
2021-10-14 00:00:00+05:30,253.78006680290665,257.581847447017,249.79416953936033,254.718994140625,8878410,0.0,0.0,SHRIRAMFIN.NS,445
2021-10-18 00:00:00+05:30,258.4286480128844,260.82202297024565,254.11137568877456,256.86376953125,5899405,0.0,0.0,SHRIRAMFIN.NS,446
2021-10-19 00:00:00+05:30,257.78435388380404,268.42564230907,254.74659834162557,262.80120849609375,14910045,0.0,0.0,SHRIRAMFIN.NS,447
2021-10-20 00:00:00+05:30,264.70665690602743,271.49093422362245,258.9993801010699,264.8723449707031,10061990,0.0,0.0,SHRIRAMFIN.NS,448
2021-10-21 00:00:00+05:30,267.2380954688429,276.15800115347986,265.3234123547664,274.47344970703125,11697925,0.0,0.0,SHRIRAMFIN.NS,449
2021-10-22 00:00:00+05:30,275.9738297166049,286.9833467335569,273.46081038475376,279.5823059082031,19446090,0.0,0.0,SHRIRAMFIN.NS,450
2021-10-25 00:00:00+05:30,283.5682533592911,283.5682533592911,272.2089566650564,279.2694091796875,8858895,0.0,0.0,SHRIRAMFIN.NS,451
2021-10-26 00:00:00+05:30,276.17643944178667,292.35931625996284,275.5320875394246,280.9263610839844,9988515,0.0,0.0,SHRIRAMFIN.NS,452
2021-10-27 00:00:00+05:30,283.33813990732244,286.83615862864974,279.28782757569235,281.37744140625,4678970,0.0,0.0,SHRIRAMFIN.NS,453
2021-10-28 00:00:00+05:30,281.3037776190224,281.3037776190224,270.55203148323966,274.07763671875,5604320,0.0,0.0,SHRIRAMFIN.NS,454
2021-10-29 00:00:00+05:30,276.1580084740361,276.1580084740361,262.35010805033426,264.4120788574219,6972315,0.0,0.0,SHRIRAMFIN.NS,455
2021-11-01 00:00:00+05:30,267.8733136623267,267.8733136623267,255.78679161297447,263.3995666503906,8517215,0.0,0.0,SHRIRAMFIN.NS,456
2021-11-02 00:00:00+05:30,265.1117181153062,299.11598031817016,263.6849128137378,290.1868591308594,16632400,0.0,0.0,SHRIRAMFIN.NS,457
2021-11-03 00:00:00+05:30,290.7023555915697,302.6231890274201,286.9742332450136,295.05645751953125,15816895,0.0,0.0,SHRIRAMFIN.NS,458
2021-11-04 00:00:00+05:30,296.40963605548666,299.34611885882,296.0414309459172,297.7259826660156,1071505,0.0,0.0,SHRIRAMFIN.NS,459
2021-11-08 00:00:00+05:30,299.20806780618847,307.45598086413855,298.4440147568115,306.480224609375,8351745,0.0,0.0,SHRIRAMFIN.NS,460
2021-11-09 00:00:00+05:30,310.1800571115026,313.8244484624926,292.48534108629207,298.96014404296875,12628955,1.6,0.0,SHRIRAMFIN.NS,461
2021-11-10 00:00:00+05:30,298.96015371288587,303.9457657001797,295.8984990454311,301.7628173828125,6427920,0.0,0.0,SHRIRAMFIN.NS,462
2021-11-11 00:00:00+05:30,301.76283989098255,303.9457883711736,296.2130081917934,302.7063293457031,5065025,0.0,0.0,SHRIRAMFIN.NS,463
2021-11-12 00:00:00+05:30,304.6671823337362,305.0556546391852,298.9416052661994,300.13482666015625,5511415,0.0,0.0,SHRIRAMFIN.NS,464
2021-11-15 00:00:00+05:30,299.6909248623113,300.8009025418522,291.85641097522046,299.06195068359375,3522305,0.0,0.0,SHRIRAMFIN.NS,465
2021-11-16 00:00:00+05:30,299.28389208218596,307.6456455813666,297.4894444196381,303.196533203125,5549900,0.0,0.0,SHRIRAMFIN.NS,466
2021-11-17 00:00:00+05:30,301.1708488549212,305.22223019342755,297.94267780859496,301.6980895996094,3780655,0.0,0.0,SHRIRAMFIN.NS,467
2021-11-18 00:00:00+05:30,301.9293410345086,304.20476401235453,293.2531000668418,296.25,4825755,0.0,0.0,SHRIRAMFIN.NS,468
2021-11-22 00:00:00+05:30,297.7299836682083,297.8039690058903,286.39907698059534,288.896484375,5279665,0.0,0.0,SHRIRAMFIN.NS,469
2021-11-23 00:00:00+05:30,286.0013110580722,296.5737326673857,285.5850624289586,293.7618103027344,3311240,0.0,0.0,SHRIRAMFIN.NS,470
2021-11-24 00:00:00+05:30,293.9191208404575,296.1667960952549,290.44121697999634,293.567626953125,2310765,0.0,0.0,SHRIRAMFIN.NS,471
2021-11-25 00:00:00+05:30,294.14102250543885,294.14102250543885,283.0506200294348,290.61688232421875,4290100,0.0,0.0,SHRIRAMFIN.NS,472
2021-11-26 00:00:00+05:30,285.26130859318965,288.0362241013489,265.3651835946601,267.63134765625,6705735,0.0,0.0,SHRIRAMFIN.NS,473
2021-11-29 00:00:00+05:30,265.19877415282707,267.31696841536615,256.87402427137965,259.59344482421875,4893890,0.0,0.0,SHRIRAMFIN.NS,474
2021-11-30 00:00:00+05:30,259.54709727175117,267.5851046127751,258.14112204526896,260.2315673828125,8840830,0.0,0.0,SHRIRAMFIN.NS,475
2021-12-01 00:00:00+05:30,264.5419898623512,268.04764161783703,258.9459205987327,267.0856628417969,5539860,0.0,0.0,SHRIRAMFIN.NS,476
2021-12-02 00:00:00+05:30,266.39189986266615,270.08252860908505,263.8389684560538,268.047607421875,3870920,0.0,0.0,SHRIRAMFIN.NS,477
2021-12-03 00:00:00+05:30,267.6313555290295,273.5881765866722,266.1791429290111,267.714599609375,3863635,0.0,0.0,SHRIRAMFIN.NS,478
2021-12-06 00:00:00+05:30,268.24181374354816,272.86667260119555,266.7433639901341,268.2695617675781,2886375,0.0,0.0,SHRIRAMFIN.NS,479
2021-12-07 00:00:00+05:30,270.6468017898003,273.10723059664167,266.72490147503225,270.74853515625,3802710,0.0,0.0,SHRIRAMFIN.NS,480
2021-12-08 00:00:00+05:30,271.94175965579666,276.9088546269225,270.85029950398405,276.0763854980469,4314475,0.0,0.0,SHRIRAMFIN.NS,481
2021-12-09 00:00:00+05:30,277.4915573922683,279.24899827683913,275.04961813782387,276.3908386230469,2145005,0.0,0.0,SHRIRAMFIN.NS,482
2021-12-10 00:00:00+05:30,277.49154368820564,280.6457009554762,272.9684179766961,278.2962646484375,2745385,0.0,0.0,SHRIRAMFIN.NS,483
2021-12-13 00:00:00+05:30,281.1914340252429,283.36512345358386,260.6755657779656,272.9869384765625,9169260,0.0,0.0,SHRIRAMFIN.NS,484
2021-12-14 00:00:00+05:30,270.27675990027336,270.7669938045689,253.45152130665554,256.0506896972656,9079580,0.0,0.0,SHRIRAMFIN.NS,485
2021-12-15 00:00:00+05:30,256.4022533222842,257.2624705197692,249.74244353680706,251.1946563720703,4271675,0.0,0.0,SHRIRAMFIN.NS,486
2021-12-16 00:00:00+05:30,253.70127774950154,255.80095368580373,245.3025457763921,246.37548828125,6199315,0.0,0.0,SHRIRAMFIN.NS,487
2021-12-17 00:00:00+05:30,245.1175565859727,246.74551618339703,234.1566337873968,235.62734985351562,5310545,0.0,0.0,SHRIRAMFIN.NS,488
2021-12-20 00:00:00+05:30,231.2429749326788,233.7218928492606,214.37148240056817,222.104248046875,8903280,0.0,0.0,SHRIRAMFIN.NS,489
2021-12-21 00:00:00+05:30,226.61810764235557,226.61810764235557,215.71269552962295,217.13714599609375,6125145,0.0,0.0,SHRIRAMFIN.NS,490
2021-12-22 00:00:00+05:30,218.67258108018174,220.51326588257737,214.07547022164073,216.89663696289062,4092265,0.0,0.0,SHRIRAMFIN.NS,491
2021-12-23 00:00:00+05:30,218.6633525336626,225.67464126201804,218.043623051448,223.89869689941406,6141175,0.0,0.0,SHRIRAMFIN.NS,492
2021-12-24 00:00:00+05:30,225.69311879846444,225.69311879846444,215.66642789165104,217.84010314941406,5577935,0.0,0.0,SHRIRAMFIN.NS,493
2021-12-27 00:00:00+05:30,217.8401232138766,227.17310024550042,216.65616033204847,225.45265197753906,8997655,0.0,0.0,SHRIRAMFIN.NS,494
2021-12-28 00:00:00+05:30,226.61811852130273,230.6602412617285,222.89972748182234,224.1761932373047,4005800,0.0,0.0,SHRIRAMFIN.NS,495
2021-12-29 00:00:00+05:30,224.99942525312255,226.6088815158119,222.40950098856962,224.14845275878906,5363660,0.0,0.0,SHRIRAMFIN.NS,496
2021-12-30 00:00:00+05:30,224.213180395824,224.76816917517024,219.23684122721016,221.66026306152344,4008980,0.0,0.0,SHRIRAMFIN.NS,497
2021-12-31 00:00:00+05:30,222.8627301235526,227.82058003383204,222.34474812178402,225.13815307617188,5290815,0.0,0.0,SHRIRAMFIN.NS,498
2022-01-03 00:00:00+05:30,226.02613280577316,232.7599270716319,225.23990104951574,231.3817138671875,2860025,0.0,0.0,SHRIRAMFIN.NS,499
2022-01-04 00:00:00+05:30,232.53793654967563,236.08983947210132,227.77433677637967,231.78871154785156,6387390,0.0,0.0,SHRIRAMFIN.NS,500
2022-01-05 00:00:00+05:30,231.78870108313623,236.19157628502407,230.31799917455058,231.2059783935547,4206620,0.0,0.0,SHRIRAMFIN.NS,501
2022-01-06 00:00:00+05:30,231.0579756594352,231.0579756594352,223.65820070870197,225.00865173339844,4892065,0.0,0.0,SHRIRAMFIN.NS,502
2022-01-07 00:00:00+05:30,224.99018276462684,227.79284665105632,222.71474555176778,224.86068725585938,4311580,0.0,0.0,SHRIRAMFIN.NS,503
2022-01-10 00:00:00+05:30,225.71166273349309,229.948036024658,223.51022494147654,226.22964477539062,4850740,0.0,0.0,SHRIRAMFIN.NS,504
2022-01-11 00:00:00+05:30,226.1556359065393,227.87608425345385,223.47322296672536,226.359130859375,3000215,0.0,0.0,SHRIRAMFIN.NS,505
2022-01-12 00:00:00+05:30,226.82159866702574,231.05797144268178,226.4331121828761,230.36424255371094,6283615,0.0,0.0,SHRIRAMFIN.NS,506
2022-01-13 00:00:00+05:30,231.94592902760306,232.53791042918607,228.28304851591753,230.77122497558594,3167295,0.0,0.0,SHRIRAMFIN.NS,507
2022-01-14 00:00:00+05:30,229.48552362383677,233.98088741844043,227.3765889166351,229.44851684570312,4270915,0.0,0.0,SHRIRAMFIN.NS,508
2022-01-17 00:00:00+05:30,229.76303048710395,232.14945985075533,228.81956924473988,229.21730041503906,2446195,0.0,0.0,SHRIRAMFIN.NS,509
2022-01-18 00:00:00+05:30,228.46807904151635,234.3878940674565,219.44960223724598,222.71475219726562,7134135,0.0,0.0,SHRIRAMFIN.NS,510
2022-01-19 00:00:00+05:30,222.91824241675326,223.1957368276143,216.61918562578188,221.12379455566406,5312500,0.0,0.0,SHRIRAMFIN.NS,511
2022-01-20 00:00:00+05:30,221.62327873859752,228.32932519070258,221.4475318147239,225.868896484375,6465015,0.0,0.0,SHRIRAMFIN.NS,512
2022-01-21 00:00:00+05:30,224.58320869505,226.39614594572413,219.2183681702038,221.71578979492188,5834040,0.0,0.0,SHRIRAMFIN.NS,513
2022-01-24 00:00:00+05:30,221.08679109728175,222.54824841680184,211.0600848110776,213.59451293945312,9353860,0.0,0.0,SHRIRAMFIN.NS,514
2022-01-25 00:00:00+05:30,210.89358514847794,222.51122951070587,204.08579165982871,215.8329315185547,10473610,0.0,0.0,SHRIRAMFIN.NS,515
2022-01-27 00:00:00+05:30,218.28411016060912,230.8082226960857,216.46191450203514,229.5965118408203,14742195,0.0,0.0,SHRIRAMFIN.NS,516
2022-01-28 00:00:00+05:30,231.24299122102477,240.4649628400354,228.66232564913705,229.9202880859375,9290465,0.0,0.0,SHRIRAMFIN.NS,517
2022-01-31 00:00:00+05:30,232.90793873488064,235.31285732517293,226.61812668173997,227.24710083007812,4867125,0.0,0.0,SHRIRAMFIN.NS,518
2022-02-01 00:00:00+05:30,230.9839606602191,238.64272608931847,228.3847921420519,236.83901977539062,5528990,0.0,0.0,SHRIRAMFIN.NS,519
2022-02-02 00:00:00+05:30,238.82775033758978,241.29740944574323,235.12784870936432,237.49578857421875,4547020,0.0,0.0,SHRIRAMFIN.NS,520
2022-02-03 00:00:00+05:30,238.08773618469573,238.08773618469573,232.16792229758806,233.68487548828125,2367305,0.0,0.0,SHRIRAMFIN.NS,521
2022-02-04 00:00:00+05:30,233.09292079170248,234.49888204362227,227.36734242354711,228.13507080078125,2633985,0.0,0.0,SHRIRAMFIN.NS,522
2022-02-07 00:00:00+05:30,228.46805967178204,231.42796693380842,224.02819172176692,225.4711456298828,2030295,0.0,0.0,SHRIRAMFIN.NS,523
2022-02-08 00:00:00+05:30,226.7291102406391,230.38276057916696,223.22347290912697,229.4392852783203,3807905,0.0,0.0,SHRIRAMFIN.NS,524
2022-02-09 00:00:00+05:30,229.39301378701418,231.98293773320597,228.0980588708933,230.34573364257812,2220130,0.0,0.0,SHRIRAMFIN.NS,525
2022-02-10 00:00:00+05:30,230.31801114653598,235.86784274042842,227.93158186748803,234.12889099121094,3166790,0.0,0.0,SHRIRAMFIN.NS,526
2022-02-11 00:00:00+05:30,231.79795052856923,233.8328857693968,227.21008395682045,228.56979370117188,2919870,0.0,0.0,SHRIRAMFIN.NS,527
2022-02-14 00:00:00+05:30,223.10319615998375,223.10319615998375,213.4094956121406,214.75070190429688,6578230,0.0,0.0,SHRIRAMFIN.NS,528
2022-02-15 00:00:00+05:30,216.62842017003166,225.85963595112426,211.47633393084905,223.4732208251953,4886570,0.0,0.0,SHRIRAMFIN.NS,529
2022-02-16 00:00:00+05:30,226.4423557578953,235.75682903813617,224.9716539075258,225.8041229248047,9347585,0.0,0.0,SHRIRAMFIN.NS,530
2022-02-17 00:00:00+05:30,227.91307015510583,237.22754394811773,227.4320949299089,236.32107543945312,11096160,0.0,0.0,SHRIRAMFIN.NS,531
2022-02-18 00:00:00+05:30,234.75787063832735,239.0035023786154,231.31697404713955,232.74142456054688,6084335,0.0,0.0,SHRIRAMFIN.NS,532
2022-02-21 00:00:00+05:30,230.13300827097336,231.7147022936737,223.86170000724908,225.73013305664062,4546015,0.0,0.0,SHRIRAMFIN.NS,533
2022-02-22 00:00:00+05:30,221.99324492561627,224.95315203516773,217.61813200878,222.7702178955078,4408165,0.0,0.0,SHRIRAMFIN.NS,534
2022-02-23 00:00:00+05:30,225.3231941546005,226.02616782262027,216.73019601577525,217.38693237304688,4670295,0.0,0.0,SHRIRAMFIN.NS,535
2022-02-24 00:00:00+05:30,210.8935952925365,213.56676354550228,196.09404474569183,197.68499755859375,7525505,0.0,0.0,SHRIRAMFIN.NS,536
2022-02-25 00:00:00+05:30,206.37972388115037,214.4824866822894,203.91005062492474,208.58116149902344,9287685,0.0,0.0,SHRIRAMFIN.NS,537
2022-02-28 00:00:00+05:30,205.15876432270116,208.6736602640651,199.97891618659114,207.97067260742188,6854355,0.0,0.0,SHRIRAMFIN.NS,538
2022-03-02 00:00:00+05:30,204.0488218341734,212.24407403713099,197.2040208009989,202.6706085205078,8430100,0.0,0.0,SHRIRAMFIN.NS,539
2022-03-03 00:00:00+05:30,206.63874303845265,210.15363952731005,202.38388022684876,204.50205993652344,5518095,0.0,0.0,SHRIRAMFIN.NS,540
2022-03-04 00:00:00+05:30,203.30882909668338,206.54623078894284,199.97892456763603,201.48663330078125,5340955,0.0,0.0,SHRIRAMFIN.NS,541
2022-03-07 00:00:00+05:30,195.1690848080471,196.06630874410072,188.0097967108429,188.9347686767578,4901560,0.0,0.0,SHRIRAMFIN.NS,542
2022-03-08 00:00:00+05:30,187.95428925350956,194.2071083968507,185.36436508321125,192.69015502929688,12217785,0.0,0.0,SHRIRAMFIN.NS,543
2022-03-09 00:00:00+05:30,196.3160425464985,198.3787259464015,192.6161549199347,196.436279296875,6415045,0.0,0.0,SHRIRAMFIN.NS,544
2022-03-10 00:00:00+05:30,203.12385417944384,203.4938373290065,195.1875928299383,199.70144653320312,8349665,0.0,0.0,SHRIRAMFIN.NS,545
2022-03-11 00:00:00+05:30,197.98035484962176,204.76178519935917,197.64362118548905,204.08831787109375,5890485,2.4,0.0,SHRIRAMFIN.NS,546
2022-03-14 00:00:00+05:30,204.8365995146845,208.77449764707669,201.5908657709917,208.1571502685547,6630425,0.0,0.0,SHRIRAMFIN.NS,547
2022-03-15 00:00:00+05:30,208.58744833546018,212.70306940971702,202.03986027111839,203.93865966796875,7772955,0.0,0.0,SHRIRAMFIN.NS,548
2022-03-16 00:00:00+05:30,207.40886916080137,211.39353869000507,204.88335971411755,207.5585174560547,7527250,0.0,0.0,SHRIRAMFIN.NS,549
2022-03-17 00:00:00+05:30,210.45821249209231,214.0874520125248,209.6444453043584,211.3094024658203,5977670,0.0,0.0,SHRIRAMFIN.NS,550
2022-03-21 00:00:00+05:30,211.49645339330985,213.52620402513972,202.93782594448803,203.2371368408203,6308350,0.0,0.0,SHRIRAMFIN.NS,551
2022-03-22 00:00:00+05:30,202.41401750893664,206.71672426605247,199.42083702566973,205.43527221679688,8069535,0.0,0.0,SHRIRAMFIN.NS,552
2022-03-23 00:00:00+05:30,206.3425531402892,207.65206495800805,203.55514127133162,205.07044982910156,4335075,0.0,0.0,SHRIRAMFIN.NS,553
2022-03-24 00:00:00+05:30,204.64953569516697,206.0806645041152,203.27455533127664,204.3595733642578,3329035,0.0,0.0,SHRIRAMFIN.NS,554
2022-03-25 00:00:00+05:30,205.7533027715388,208.10107590812098,203.171687177315,206.34259033203125,3234280,0.0,0.0,SHRIRAMFIN.NS,555
2022-03-28 00:00:00+05:30,207.37147857070124,209.6257231789639,202.74140098744766,208.6903533935547,7168470,0.0,0.0,SHRIRAMFIN.NS,556
2022-03-29 00:00:00+05:30,208.69032108018985,210.8323112771652,205.59424985349503,210.15884399414062,6632010,0.0,0.0,SHRIRAMFIN.NS,557
2022-03-30 00:00:00+05:30,210.83231904065278,213.0397920446063,209.3357361241846,210.35528564453125,2494090,0.0,0.0,SHRIRAMFIN.NS,558
2022-03-31 00:00:00+05:30,210.83230514133612,214.08740167209152,209.33572232353154,212.30084228515625,4371685,0.0,0.0,SHRIRAMFIN.NS,559
2022-04-01 00:00:00+05:30,212.32893523465322,224.30167100108514,211.0007118899514,220.99981689453125,4473460,0.0,0.0,SHRIRAMFIN.NS,560
2022-04-04 00:00:00+05:30,221.49555037487482,222.61799117332774,218.87651233007855,220.5601806640625,2766255,0.0,0.0,SHRIRAMFIN.NS,561
2022-04-05 00:00:00+05:30,221.49554226932207,222.14094962978157,218.0440258791143,218.9700469970703,7478890,0.0,0.0,SHRIRAMFIN.NS,562
2022-04-06 00:00:00+05:30,216.81870020202513,220.74725010358404,216.07975014333937,218.32464599609375,5148520,0.0,0.0,SHRIRAMFIN.NS,563
2022-04-07 00:00:00+05:30,217.19281562476695,221.6732439469524,216.63160243515483,219.64349365234375,10215730,0.0,0.0,SHRIRAMFIN.NS,564
2022-04-08 00:00:00+05:30,222.49638615913253,227.01422352665014,218.27787394671927,225.83566284179688,12013760,0.0,0.0,SHRIRAMFIN.NS,565
2022-04-11 00:00:00+05:30,227.29484941049273,231.59755597257475,224.12394652665816,228.9036865234375,5541150,0.0,0.0,SHRIRAMFIN.NS,566
2022-04-12 00:00:00+05:30,229.15622248757273,229.15622248757273,218.89521598096022,220.9156036376953,5301495,0.0,0.0,SHRIRAMFIN.NS,567
2022-04-13 00:00:00+05:30,222.99213662332593,223.9555662978022,220.45729266246065,221.48619079589844,2337810,0.0,0.0,SHRIRAMFIN.NS,568
2022-04-18 00:00:00+05:30,217.3799297276365,219.7744883376182,209.72861182860962,217.8008575439453,7199895,0.0,0.0,SHRIRAMFIN.NS,569
2022-04-19 00:00:00+05:30,220.60691686895214,222.4308846600183,206.15544572044223,209.26087951660156,7289265,0.0,0.0,SHRIRAMFIN.NS,570
2022-04-20 00:00:00+05:30,208.1197584503288,212.0950796791553,204.29409979907248,208.4471435546875,3195385,0.0,0.0,SHRIRAMFIN.NS,571
2022-04-21 00:00:00+05:30,210.2711211692388,215.87397679769194,209.16737745027822,215.29405212402344,3891400,0.0,0.0,SHRIRAMFIN.NS,572
2022-04-22 00:00:00+05:30,213.26428373414507,213.26428373414507,205.86550625460902,207.27792358398438,4432385,0.0,0.0,SHRIRAMFIN.NS,573
2022-04-25 00:00:00+05:30,204.84598426421778,206.5296527428293,201.35705893951885,205.1453094482422,5391300,0.0,0.0,SHRIRAMFIN.NS,574
2022-04-26 00:00:00+05:30,207.26858639412296,217.19286034372413,206.3425794451901,216.4913330078125,7799210,0.0,0.0,SHRIRAMFIN.NS,575
2022-04-27 00:00:00+05:30,213.63843817658403,218.25916687348962,212.14185518928704,213.49813842773438,5002305,0.0,0.0,SHRIRAMFIN.NS,576
2022-04-28 00:00:00+05:30,214.76089202578675,217.56700116755604,212.44116485897888,213.6010284423828,12255960,0.0,0.0,SHRIRAMFIN.NS,577
2022-04-29 00:00:00+05:30,223.44113878885042,231.78463555762082,219.65288830540365,224.87225341796875,30651345,0.0,0.0,SHRIRAMFIN.NS,578
2022-05-02 00:00:00+05:30,222.5618418951106,231.41043019867953,221.67324364165978,230.14768981933594,9994595,0.0,0.0,SHRIRAMFIN.NS,579
2022-05-04 00:00:00+05:30,230.47510094908208,235.2361438290977,211.59934622379438,214.92926025390625,9729470,0.0,0.0,SHRIRAMFIN.NS,580
2022-05-05 00:00:00+05:30,218.85779626177697,223.54400754725575,214.78894667027444,217.2957305908203,5106630,0.0,0.0,SHRIRAMFIN.NS,581
2022-05-06 00:00:00+05:30,211.95476976591948,223.1792056383048,211.95476976591948,221.45811462402344,9524820,0.0,0.0,SHRIRAMFIN.NS,582
2022-05-09 00:00:00+05:30,220.37309830431025,220.37309830431025,212.44115328606335,216.4445343017578,7602625,0.0,0.0,SHRIRAMFIN.NS,583
2022-05-10 00:00:00+05:30,216.44454827039206,220.36374969477808,214.19966664343474,217.07125854492188,4513380,0.0,0.0,SHRIRAMFIN.NS,584
2022-05-11 00:00:00+05:30,216.07041549682617,217.81955238837483,205.2575433079619,209.5228271484375,8918120,0.0,0.0,SHRIRAMFIN.NS,585
2022-05-12 00:00:00+05:30,209.5228195749021,209.5228195749021,195.88512719521543,199.18698120117188,9397425,0.0,0.0,SHRIRAMFIN.NS,586
2022-05-13 00:00:00+05:30,202.41399785153203,204.8272533959747,195.97866400562722,198.5977020263672,8482405,0.0,0.0,SHRIRAMFIN.NS,587
2022-05-16 00:00:00+05:30,198.29839408084075,205.3136674563422,196.76438820696885,204.0135040283203,6833390,0.0,0.0,SHRIRAMFIN.NS,588
2022-05-17 00:00:00+05:30,205.22011877239808,209.6724879457547,202.41400950419242,207.41824340820312,4101275,0.0,0.0,SHRIRAMFIN.NS,589
2022-05-18 00:00:00+05:30,209.52281412835745,210.79491749932686,203.38679114107302,205.35105895996094,4296340,0.0,0.0,SHRIRAMFIN.NS,590
2022-05-19 00:00:00+05:30,199.98205005773153,203.27455548603265,199.0466803327399,201.75924682617188,8110880,0.0,0.0,SHRIRAMFIN.NS,591
2022-05-20 00:00:00+05:30,205.22012163641185,207.46501764587163,202.71333750601661,205.03305053710938,3296315,0.0,0.0,SHRIRAMFIN.NS,592
2022-05-23 00:00:00+05:30,205.78135665017865,214.74220107520424,205.78135665017865,212.6376190185547,6070490,0.0,0.0,SHRIRAMFIN.NS,593
2022-05-24 00:00:00+05:30,212.11379317946952,214.180952246361,206.35191233918187,210.97264099121094,8069565,0.0,0.0,SHRIRAMFIN.NS,594
2022-05-25 00:00:00+05:30,212.51599311471043,214.45221524574015,206.29579031497147,208.99900817871094,5017540,0.0,0.0,SHRIRAMFIN.NS,595
2022-05-26 00:00:00+05:30,209.7098802536935,215.32209835650033,206.2677266681575,214.50833129882812,3514895,0.0,0.0,SHRIRAMFIN.NS,596
2022-05-27 00:00:00+05:30,217.286397483033,217.286397483033,211.61805903721117,213.72264099121094,2271910,0.0,0.0,SHRIRAMFIN.NS,597
2022-05-30 00:00:00+05:30,216.44455201133817,221.682628261584,213.619745674326,219.23196411132812,4176795,0.0,0.0,SHRIRAMFIN.NS,598
2022-05-31 00:00:00+05:30,219.23194322410185,223.684297621788,214.1996499378044,220.03636169433594,13941420,0.0,0.0,SHRIRAMFIN.NS,599
2022-06-01 00:00:00+05:30,219.84928127259832,224.48872112240917,218.12820450275254,221.6732635498047,5176220,0.0,0.0,SHRIRAMFIN.NS,600
2022-06-02 00:00:00+05:30,221.77616402719738,223.74043185531528,219.8586532665085,223.16050720214844,2790370,0.0,0.0,SHRIRAMFIN.NS,601
2022-06-03 00:00:00+05:30,223.64689447946145,224.10521648467204,218.56782973431157,220.4666290283203,5396720,0.0,0.0,SHRIRAMFIN.NS,602
2022-06-06 00:00:00+05:30,219.99894454898137,223.49723226913193,215.97685209482077,221.832275390625,2524525,0.0,0.0,SHRIRAMFIN.NS,603
2022-06-07 00:00:00+05:30,219.16647657128888,221.36460111994262,213.74132934666562,220.61630249023438,4116090,0.0,0.0,SHRIRAMFIN.NS,604
2022-06-08 00:00:00+05:30,220.7472409052133,223.95555200480567,217.4173271819554,219.858642578125,3753885,0.0,0.0,SHRIRAMFIN.NS,605
2022-06-09 00:00:00+05:30,218.50238860456597,219.37227565822002,216.07042144206142,218.4649658203125,4476645,0.0,0.0,SHRIRAMFIN.NS,606
2022-06-10 00:00:00+05:30,216.63163685305364,218.42754503583487,215.63078438335785,217.9972686767578,2121945,0.0,0.0,SHRIRAMFIN.NS,607
2022-06-13 00:00:00+05:30,214.19966029378855,216.98705799036412,208.68098479875633,212.12313842773438,4399480,0.0,0.0,SHRIRAMFIN.NS,608
2022-06-14 00:00:00+05:30,210.2523919852347,214.87312041017955,209.70987586726463,213.16139221191406,3860780,0.0,0.0,SHRIRAMFIN.NS,609
2022-06-15 00:00:00+05:30,214.21839712775292,215.69628313505902,211.6929015041734,215.1350555419922,3345520,0.0,0.0,SHRIRAMFIN.NS,610
2022-06-16 00:00:00+05:30,216.6316279950338,219.81187926255484,210.2056284576012,213.77874755859375,6698850,0.0,0.0,SHRIRAMFIN.NS,611
2022-06-17 00:00:00+05:30,212.6095029430955,215.97682478128624,208.12907477698974,214.957275390625,6730740,0.0,0.0,SHRIRAMFIN.NS,612
2022-06-20 00:00:00+05:30,215.1350085980577,217.3518299889859,208.85867228466276,213.05848693847656,4386785,0.0,0.0,SHRIRAMFIN.NS,613
2022-06-21 00:00:00+05:30,214.57380583051096,221.36459906165547,211.16906065597516,219.61544799804688,4280930,0.0,0.0,SHRIRAMFIN.NS,614
2022-06-22 00:00:00+05:30,218.4088322546514,224.30166441625812,217.9504959481832,219.17584228515625,4890975,0.0,0.0,SHRIRAMFIN.NS,615
2022-06-23 00:00:00+05:30,217.2396134531361,227.70640271001767,217.02448241784455,224.07716369628906,3954310,0.0,0.0,SHRIRAMFIN.NS,616
2022-06-24 00:00:00+05:30,226.44365244164132,234.91809983440714,225.04996069114316,232.9631805419922,4996020,0.0,0.0,SHRIRAMFIN.NS,617
2022-06-27 00:00:00+05:30,237.39683747670068,237.39683747670068,232.98189126232816,234.30076599121094,4127285,0.0,0.0,SHRIRAMFIN.NS,618
2022-06-28 00:00:00+05:30,232.5329031536521,236.35856163710963,231.84072446720654,234.03884887695312,3527135,0.0,0.0,SHRIRAMFIN.NS,619
2022-06-29 00:00:00+05:30,231.97169177471392,235.67576216525825,227.85607069420627,228.99722290039062,2727410,0.0,0.0,SHRIRAMFIN.NS,620
2022-06-30 00:00:00+05:30,231.03633166239058,242.67233380787107,229.9419507514398,239.7071990966797,9956150,0.0,0.0,SHRIRAMFIN.NS,621
2022-07-01 00:00:00+05:30,236.87305318705035,238.48189038415902,231.69109650464372,236.77951049804688,5358285,0.0,0.0,SHRIRAMFIN.NS,622
2022-07-04 00:00:00+05:30,234.02949014013973,241.1570167784445,233.8424190594139,236.62046813964844,2008615,0.0,0.0,SHRIRAMFIN.NS,623
2022-07-05 00:00:00+05:30,237.36875711230846,245.15102508135868,235.90958276014953,238.96823120117188,6272225,0.0,0.0,SHRIRAMFIN.NS,624
2022-07-06 00:00:00+05:30,238.1731963932868,242.50396276453,237.60262029312864,240.21229553222656,3157810,0.0,0.0,SHRIRAMFIN.NS,625
2022-07-07 00:00:00+05:30,239.4546384445447,247.2275582135608,235.33901755532256,244.73947143554688,4945940,0.0,0.0,SHRIRAMFIN.NS,626
2022-07-08 00:00:00+05:30,246.90018891477789,247.6017162207355,237.7709853780552,239.53883361816406,3652815,0.0,0.0,SHRIRAMFIN.NS,627
2022-07-11 00:00:00+05:30,238.64090121652717,239.45466837384356,231.99042137945858,234.99295043945312,3691540,0.0,0.0,SHRIRAMFIN.NS,628
2022-07-12 00:00:00+05:30,233.65535756583503,235.245483226162,230.79312852272466,231.27951049804688,3442455,0.0,0.0,SHRIRAMFIN.NS,629
2022-07-13 00:00:00+05:30,232.73868724036785,238.50055353810714,232.0371599905803,237.37811279296875,3151325,0.0,0.0,SHRIRAMFIN.NS,630
2022-07-14 00:00:00+05:30,238.33218649872993,243.09322880097096,237.5932364924159,242.25137329101562,3203265,0.0,0.0,SHRIRAMFIN.NS,631
2022-07-15 00:00:00+05:30,243.1961108164291,246.56344729062297,238.6876222189033,245.93673706054688,2703045,0.0,0.0,SHRIRAMFIN.NS,632
2022-07-18 00:00:00+05:30,249.1824907755153,265.4485841088513,247.4988366768153,261.36102294921875,5420345,0.0,0.0,SHRIRAMFIN.NS,633
2022-07-19 00:00:00+05:30,258.5735867212861,261.71641502403384,253.924798447893,260.3227233886719,4993150,0.0,0.0,SHRIRAMFIN.NS,634
2022-07-20 00:00:00+05:30,263.7742927997108,267.7496145883589,262.19351549896004,263.40948486328125,4629925,0.0,0.0,SHRIRAMFIN.NS,635
2022-07-21 00:00:00+05:30,262.46477376167667,274.70876111960354,261.04299338496605,273.4834289550781,4855305,0.0,0.0,SHRIRAMFIN.NS,636
2022-07-22 00:00:00+05:30,274.4374886674583,280.5922378259153,272.47320641379713,279.88134765625,4810415,0.0,0.0,SHRIRAMFIN.NS,637
2022-07-25 00:00:00+05:30,275.5598655993994,282.29450899912393,275.5598655993994,279.9560852050781,4721665,0.0,0.0,SHRIRAMFIN.NS,638
2022-07-26 00:00:00+05:30,279.862645144722,282.2758865788584,275.6908754396878,276.560791015625,4102640,0.0,0.0,SHRIRAMFIN.NS,639
2022-07-27 00:00:00+05:30,273.3150531573121,275.746991678159,268.4511190251792,271.4068908691406,6702695,0.0,0.0,SHRIRAMFIN.NS,640
2022-07-28 00:00:00+05:30,276.49533978560356,281.7708110185144,269.9477506836553,273.30572509765625,8557735,0.0,0.0,SHRIRAMFIN.NS,641
2022-07-29 00:00:00+05:30,276.86941485214544,276.86941485214544,256.38482534070897,258.1152648925781,9296570,0.0,0.0,SHRIRAMFIN.NS,642
2022-08-01 00:00:00+05:30,258.16206868269654,261.5294057223847,254.62637192732933,257.1986389160156,4709025,0.0,0.0,SHRIRAMFIN.NS,643
2022-08-02 00:00:00+05:30,257.6008150192755,262.53023170955976,255.00985117276025,257.9936828613281,4861880,0.0,0.0,SHRIRAMFIN.NS,644
2022-08-03 00:00:00+05:30,259.0973915742539,261.23939605321425,252.19435902933702,254.46730041503906,3733035,0.0,0.0,SHRIRAMFIN.NS,645
2022-08-04 00:00:00+05:30,257.6008192349854,257.6008192349854,249.47245395658356,254.40187072753906,4646770,0.0,0.0,SHRIRAMFIN.NS,646
2022-08-05 00:00:00+05:30,256.2258256987008,257.93756830602797,253.3074766808791,254.87889099121094,3153135,0.0,0.0,SHRIRAMFIN.NS,647
2022-08-08 00:00:00+05:30,256.29129824369124,262.6518007966154,253.6722744972444,260.4537048339844,4775785,0.0,0.0,SHRIRAMFIN.NS,648
2022-08-10 00:00:00+05:30,260.9681391369037,263.69943114583066,259.1348225678859,261.23004150390625,4003980,0.0,0.0,SHRIRAMFIN.NS,649
2022-08-11 00:00:00+05:30,262.960461311895,266.636457004374,260.2572294549182,263.0352783203125,5658525,0.0,0.0,SHRIRAMFIN.NS,650
2022-08-12 00:00:00+05:30,263.02596935203843,263.0353036382297,254.8976044281435,255.9077911376953,5225265,0.0,0.0,SHRIRAMFIN.NS,651
2022-08-16 00:00:00+05:30,255.35595510939658,259.4715765156687,253.07365051637626,255.29983520507812,6555990,0.0,0.0,SHRIRAMFIN.NS,652
2022-08-17 00:00:00+05:30,255.16888156517533,256.10425140748936,252.73694281133666,253.58810424804688,6599875,0.0,0.0,SHRIRAMFIN.NS,653
2022-08-18 00:00:00+05:30,252.59653073122868,255.40263932759208,248.25643094569722,252.2598114013672,4383855,0.0,0.0,SHRIRAMFIN.NS,654
2022-08-19 00:00:00+05:30,252.5591605130791,255.3372094293941,250.6790584403078,251.96051025390625,3815695,0.0,0.0,SHRIRAMFIN.NS,655
2022-08-22 00:00:00+05:30,255.32786023154176,255.32786023154176,244.13148412800064,245.6000213623047,4246725,0.0,0.0,SHRIRAMFIN.NS,656
2022-08-23 00:00:00+05:30,244.2156664006904,253.78450850630398,242.8593974914047,250.04302978515625,4383165,0.0,0.0,SHRIRAMFIN.NS,657
2022-08-24 00:00:00+05:30,251.8015117227961,252.49367610328073,248.265815720653,251.24961853027344,2029850,0.0,0.0,SHRIRAMFIN.NS,658
2022-08-25 00:00:00+05:30,252.36273176130223,255.1127209424267,246.93759895981754,247.8168487548828,3292195,0.0,0.0,SHRIRAMFIN.NS,659
2022-08-26 00:00:00+05:30,249.74373332259128,252.0727949595561,247.71396832333085,249.43507385253906,2107620,0.0,0.0,SHRIRAMFIN.NS,660
2022-08-29 00:00:00+05:30,243.6170398787388,249.1450494612036,243.19611211276464,247.85426330566406,2128080,0.0,0.0,SHRIRAMFIN.NS,661
2022-08-30 00:00:00+05:30,249.18248461460962,254.2428381625995,248.89252228861622,253.41970825195312,5142225,0.0,0.0,SHRIRAMFIN.NS,662
2022-09-01 00:00:00+05:30,251.0532264048837,254.0464209182191,247.49883289736405,248.6680450439453,2217970,0.0,0.0,SHRIRAMFIN.NS,663
2022-09-02 00:00:00+05:30,250.67906718263123,250.67906718263123,244.43080474699073,244.80494689941406,2321585,0.0,0.0,SHRIRAMFIN.NS,664
2022-09-05 00:00:00+05:30,247.10599265238127,250.3049700025773,245.07625612456275,247.08729553222656,2988435,0.0,0.0,SHRIRAMFIN.NS,665
2022-09-06 00:00:00+05:30,249.51926870389946,260.3227789833173,246.46059104527347,259.0506896972656,8058715,0.0,0.0,SHRIRAMFIN.NS,666
2022-09-07 00:00:00+05:30,257.41378854330435,260.1918380792335,254.60767905429404,255.65528869628906,3464835,0.0,0.0,SHRIRAMFIN.NS,667
2022-09-08 00:00:00+05:30,257.03959212351594,259.2657766632001,253.6722839089278,254.69183349609375,3184610,0.0,0.0,SHRIRAMFIN.NS,668
2022-09-09 00:00:00+05:30,256.28197643023765,257.2267091145477,246.93764074996582,247.70465087890625,3022760,0.0,0.0,SHRIRAMFIN.NS,669
2022-09-12 00:00:00+05:30,249.0422282660756,249.62215301912147,245.0669063125326,248.5277862548828,4745365,0.0,0.0,SHRIRAMFIN.NS,670
2022-09-13 00:00:00+05:30,249.74374181798072,252.5498512766097,247.62046260389786,249.2947540283203,3598305,0.0,0.0,SHRIRAMFIN.NS,671
2022-09-14 00:00:00+05:30,247.56430658321534,253.38230715384125,246.02092376994364,249.67822265625,3689160,0.0,0.0,SHRIRAMFIN.NS,672
2022-09-15 00:00:00+05:30,250.93160033869313,257.0395628801728,245.62807052244506,248.05067443847656,4760095,0.0,0.0,SHRIRAMFIN.NS,673
2022-09-16 00:00:00+05:30,248.77092276198965,250.30494280463915,237.2097667234047,240.21229553222656,5117185,0.0,0.0,SHRIRAMFIN.NS,674
2022-09-19 00:00:00+05:30,240.7641652581611,244.74884948323066,239.47335045030934,240.74546813964844,1969205,0.0,0.0,SHRIRAMFIN.NS,675
2022-09-20 00:00:00+05:30,242.29819302675753,246.65701957702524,241.32540047404552,242.466552734375,3808500,0.0,0.0,SHRIRAMFIN.NS,676
2022-09-21 00:00:00+05:30,243.1493370816238,245.05747049850038,236.27436486507173,238.10768127441406,3779985,0.0,0.0,SHRIRAMFIN.NS,677
2022-09-22 00:00:00+05:30,236.27439385855257,238.70634653484748,232.20552992128106,235.18936157226562,4041540,0.0,0.0,SHRIRAMFIN.NS,678
2022-09-23 00:00:00+05:30,234.77779752704006,235.13324258455498,223.8433233187569,225.07801818847656,5578410,0.0,0.0,SHRIRAMFIN.NS,679
2022-09-26 00:00:00+05:30,222.8331402433449,224.90031375147495,214.80766576239753,219.80255126953125,3960710,0.0,0.0,SHRIRAMFIN.NS,680
2022-09-27 00:00:00+05:30,220.76595711666153,222.4589739634051,214.38672901218396,217.9504852294922,3060765,0.0,0.0,SHRIRAMFIN.NS,681
2022-09-28 00:00:00+05:30,216.95898301587067,223.27272802395495,216.0703847211063,219.79315185546875,7037355,0.0,0.0,SHRIRAMFIN.NS,682
2022-09-29 00:00:00+05:30,222.6179980393545,226.85522181821077,222.05677048651398,226.21917724609375,8863220,0.0,0.0,SHRIRAMFIN.NS,683
2022-09-30 00:00:00+05:30,224.48873180672388,228.74466686841484,222.43092128635072,224.0303955078125,3689185,0.0,0.0,SHRIRAMFIN.NS,684
2022-10-03 00:00:00+05:30,224.48875195064377,227.6690035609004,216.5661686045768,218.81105041503906,3393565,0.0,0.0,SHRIRAMFIN.NS,685
2022-10-04 00:00:00+05:30,220.76595546706096,225.19025004905677,219.88670568584809,224.46066284179688,2886230,0.0,0.0,SHRIRAMFIN.NS,686
2022-10-06 00:00:00+05:30,226.50915634830156,227.85609115673316,222.99215673237217,224.06784057617188,4285510,0.0,0.0,SHRIRAMFIN.NS,687
2022-10-07 00:00:00+05:30,223.9274904600349,226.29397455342993,218.9887398066358,224.3203582763672,5047815,0.0,0.0,SHRIRAMFIN.NS,688
2022-10-10 00:00:00+05:30,221.48620437555107,223.12310149387162,217.75408808025074,220.32635498046875,3026365,0.0,0.0,SHRIRAMFIN.NS,689
2022-10-11 00:00:00+05:30,219.81188702347808,223.41306620077884,218.86716873228252,219.5967559814453,2086380,0.0,0.0,SHRIRAMFIN.NS,690
2022-10-12 00:00:00+05:30,220.7004951365929,227.82802251389947,219.1852006712127,226.73362731933594,2322665,0.0,0.0,SHRIRAMFIN.NS,691
2022-10-13 00:00:00+05:30,226.5278176122462,226.5278176122462,219.82121885671071,222.430908203125,2016655,0.0,0.0,SHRIRAMFIN.NS,692
2022-10-14 00:00:00+05:30,224.48871327769848,227.44448476128076,220.812717448628,221.47682189941406,3429520,0.0,0.0,SHRIRAMFIN.NS,693
2022-10-17 00:00:00+05:30,220.78465128122448,223.9929766805899,219.25064558878228,223.06695556640625,1567175,0.0,0.0,SHRIRAMFIN.NS,694
2022-10-18 00:00:00+05:30,226.32206993533035,230.25996857181903,224.7880641233829,229.00657653808594,4394830,0.0,0.0,SHRIRAMFIN.NS,695
2022-10-19 00:00:00+05:30,229.16558213746163,230.84925049340157,225.452163195303,227.21066284179688,1833905,0.0,0.0,SHRIRAMFIN.NS,696
2022-10-20 00:00:00+05:30,226.8832610238651,229.8109726085487,223.55334733875452,227.44448852539062,3339120,0.0,0.0,SHRIRAMFIN.NS,697
2022-10-21 00:00:00+05:30,229.1655657648158,230.61539158642097,221.3832833745219,224.05844116210938,5002910,0.0,0.0,SHRIRAMFIN.NS,698
2022-10-24 00:00:00+05:30,227.2948465699509,227.2948465699509,223.0108514527506,224.30166625976562,395760,0.0,0.0,SHRIRAMFIN.NS,699
2022-10-25 00:00:00+05:30,224.48872055033942,231.9716779020174,221.72002005027085,227.68768310546875,4718435,0.0,0.0,SHRIRAMFIN.NS,700
2022-10-27 00:00:00+05:30,229.16557315481117,234.53460029257732,226.5558980098532,233.2624969482422,4543535,0.0,0.0,SHRIRAMFIN.NS,701
2022-10-28 00:00:00+05:30,234.43173896315756,240.1748947264772,232.7293590659789,238.4631805419922,2765695,0.0,0.0,SHRIRAMFIN.NS,702
2022-10-31 00:00:00+05:30,238.3228608330257,238.3228608330257,229.16559693346943,229.94195556640625,3104155,0.0,0.0,SHRIRAMFIN.NS,703
2022-11-01 00:00:00+05:30,230.38155272654913,231.27949961767703,225.04994845857567,225.92918395996094,6675575,0.0,0.0,SHRIRAMFIN.NS,704
2022-11-02 00:00:00+05:30,225.98534453678803,228.75403109267816,224.48874717987812,225.9479217529297,2733960,0.0,0.0,SHRIRAMFIN.NS,705
2022-11-03 00:00:00+05:30,224.8628613869363,232.59837250008758,223.71236069720985,232.01844787597656,3636250,0.0,0.0,SHRIRAMFIN.NS,706
2022-11-04 00:00:00+05:30,232.90706839724388,236.51759621318183,232.0465299375656,235.62899780273438,3337760,0.0,0.0,SHRIRAMFIN.NS,707
2022-11-07 00:00:00+05:30,236.5269406772459,242.0736763632691,235.09582612235653,241.16636657714844,2258285,0.0,0.0,SHRIRAMFIN.NS,708
2022-11-09 00:00:00+05:30,236.46147841401688,243.00905246781707,236.46147841401688,238.57540893554688,1989790,0.0,0.0,SHRIRAMFIN.NS,709
2022-11-10 00:00:00+05:30,237.54648419750254,241.32537132906427,231.49464137934098,232.9351043701172,3089160,0.0,0.0,SHRIRAMFIN.NS,710
2022-11-11 00:00:00+05:30,234.2165579197171,240.76414556109617,234.2165579197171,238.84664916992188,2488040,0.0,0.0,SHRIRAMFIN.NS,711
2022-11-14 00:00:00+05:30,239.43591614996126,240.48353985081812,234.8526106287645,236.788818359375,1655990,0.0,0.0,SHRIRAMFIN.NS,712
2022-11-15 00:00:00+05:30,237.5745712806434,237.6026312317291,233.1035049545945,234.3475341796875,1474635,0.0,0.0,SHRIRAMFIN.NS,713
2022-11-16 00:00:00+05:30,234.21657287001068,234.74039190374796,229.22170197589958,230.7837677001953,2486780,0.0,0.0,SHRIRAMFIN.NS,714
2022-11-17 00:00:00+05:30,230.4750963591133,245.02944711194272,230.4750963591133,238.64088439941406,10895855,0.0,0.0,SHRIRAMFIN.NS,715
2022-11-18 00:00:00+05:30,238.6128276588226,240.28714749503595,232.34583894922758,234.07627868652344,5665580,0.0,0.0,SHRIRAMFIN.NS,716
2022-11-21 00:00:00+05:30,234.3007614642608,244.13149188038537,232.53291330085892,243.22418212890625,11427320,0.0,0.0,SHRIRAMFIN.NS,717
2022-11-22 00:00:00+05:30,244.12208572284945,253.47578106969485,241.51242527363286,251.89500427246094,9851655,0.0,0.0,SHRIRAMFIN.NS,718
2022-11-23 00:00:00+05:30,252.5497867657898,254.97239055415446,247.91969592366462,249.60337829589844,6956495,0.0,0.0,SHRIRAMFIN.NS,719
2022-11-24 00:00:00+05:30,250.85680623906046,250.85680623906046,244.13149570219105,245.3848876953125,3504165,0.0,0.0,SHRIRAMFIN.NS,720
2022-11-25 00:00:00+05:30,246.00225565227194,247.3117676539243,238.5567058172204,239.48272705078125,4325525,0.0,0.0,SHRIRAMFIN.NS,721
2022-11-28 00:00:00+05:30,238.3322312452082,242.22335882072915,233.28122569063038,236.60179138183594,22810780,0.0,0.0,SHRIRAMFIN.NS,722
2022-11-29 00:00:00+05:30,234.35688731258682,239.6417348192299,234.12304488147717,237.64002990722656,8742450,0.0,0.0,SHRIRAMFIN.NS,723
2022-11-30 00:00:00+05:30,238.04226974758268,257.2266995465314,237.95807561691058,252.5498504638672,11378515,0.0,0.0,SHRIRAMFIN.NS,724
2022-12-01 00:00:00+05:30,251.88570285244603,251.88570285244603,238.89340461881582,240.736083984375,8011285,0.0,0.0,SHRIRAMFIN.NS,725
2022-12-02 00:00:00+05:30,240.69869135598356,242.85942179527888,237.20978036830363,241.39088439941406,5168550,0.0,0.0,SHRIRAMFIN.NS,726
2022-12-05 00:00:00+05:30,242.44784184419626,243.196126199029,239.26757624572036,242.23269653320312,4417660,0.0,0.0,SHRIRAMFIN.NS,727
2022-12-06 00:00:00+05:30,242.2607528137113,250.4919947730784,241.3628058924682,248.16293334960938,10171880,0.0,0.0,SHRIRAMFIN.NS,728
2022-12-07 00:00:00+05:30,248.43417812718283,255.68329272146215,248.24709278408292,249.78111267089844,6943485,0.0,0.0,SHRIRAMFIN.NS,729
2022-12-08 00:00:00+05:30,249.724968356228,253.4851436050147,247.87292640342767,250.34231567382812,2846375,0.0,0.0,SHRIRAMFIN.NS,730
2022-12-09 00:00:00+05:30,252.2505347819534,253.3168701147096,246.27353627248172,251.436767578125,3202765,0.0,0.0,SHRIRAMFIN.NS,731
2022-12-12 00:00:00+05:30,250.67905759531416,257.40436743158176,248.4809332842226,255.0846405029297,5938835,0.0,0.0,SHRIRAMFIN.NS,732
2022-12-13 00:00:00+05:30,254.60767427131492,256.46905106292024,250.67910964241247,255.51498413085938,1977965,0.0,0.0,SHRIRAMFIN.NS,733
2022-12-14 00:00:00+05:30,255.533595691749,258.1619817000785,253.55995120553177,257.8907165527344,4138030,0.0,0.0,SHRIRAMFIN.NS,734
2022-12-15 00:00:00+05:30,257.30146653057085,262.6892047604343,256.30064271589464,260.63140869140625,3778060,0.0,0.0,SHRIRAMFIN.NS,735
2022-12-16 00:00:00+05:30,257.6008203554556,262.6518112359118,250.3236449294292,256.37548828125,9071230,0.0,0.0,SHRIRAMFIN.NS,736
2022-12-19 00:00:00+05:30,257.0302720583791,259.4435135517211,254.79472456316887,256.7122497558594,3297195,0.0,0.0,SHRIRAMFIN.NS,737
2022-12-20 00:00:00+05:30,256.27261026514157,261.71644042833844,252.9988161927238,259.8924865722656,2851545,0.0,0.0,SHRIRAMFIN.NS,738
2022-12-21 00:00:00+05:30,259.43411477342,265.55144033251884,254.46730417052552,256.1790466308594,4286630,0.0,0.0,SHRIRAMFIN.NS,739
2022-12-22 00:00:00+05:30,257.22662969651486,259.47151093755076,248.49964423797803,250.56680297851562,1549960,0.0,0.0,SHRIRAMFIN.NS,740
2022-12-23 00:00:00+05:30,248.2378029697882,248.2378029697882,241.43764630837185,243.47674560546875,1564975,0.0,0.0,SHRIRAMFIN.NS,741
2022-12-26 00:00:00+05:30,243.48607402195685,255.73005945151132,242.27010488148932,252.76495361328125,1606850,0.0,0.0,SHRIRAMFIN.NS,742
2022-12-27 00:00:00+05:30,254.79468384724572,260.0327595324828,248.72414402716157,257.95623779296875,2420365,0.0,0.0,SHRIRAMFIN.NS,743
2022-12-28 00:00:00+05:30,255.08469266266601,261.342318969547,253.01753337709,259.7709045410156,2201075,0.0,0.0,SHRIRAMFIN.NS,744
2022-12-29 00:00:00+05:30,252.36270616136386,252.36270616136386,234.09495332401315,245.48776245117188,19945730,0.0,0.0,SHRIRAMFIN.NS,745
2022-12-30 00:00:00+05:30,248.8083206222935,259.0599637349727,247.90101094287726,257.58209228515625,7329350,0.0,0.0,SHRIRAMFIN.NS,746
2023-01-02 00:00:00+05:30,258.3491233902686,260.03277743760475,254.7947013916885,259.2470703125,2184945,0.0,0.0,SHRIRAMFIN.NS,747
2023-01-03 00:00:00+05:30,258.86886080885057,260.4102017354811,252.59002910780447,255.24717712402344,2678225,3.0,0.0,SHRIRAMFIN.NS,748
2023-01-04 00:00:00+05:30,254.93510796869526,255.8617823787547,249.2331111027868,251.21888732910156,2709675,0.0,0.0,SHRIRAMFIN.NS,749
2023-01-05 00:00:00+05:30,252.65621851577697,253.4221563064553,247.98492720659664,249.62083435058594,2309935,0.0,0.0,SHRIRAMFIN.NS,750
2023-01-06 00:00:00+05:30,250.56641692111256,250.7271536067861,243.3987150430228,244.84548950195312,1599915,0.0,0.0,SHRIRAMFIN.NS,751
2023-01-09 00:00:00+05:30,245.8573024344978,250.52859348935922,245.7627361620465,249.3749542236328,2348255,0.0,0.0,SHRIRAMFIN.NS,752
2023-01-10 00:00:00+05:30,250.14091272236394,252.9682627004718,249.37497490984927,252.26852416992188,2849300,0.0,0.0,SHRIRAMFIN.NS,753
2023-01-11 00:00:00+05:30,252.28740699338627,254.1502500311853,249.46952251156515,252.38197326660156,1445245,0.0,0.0,SHRIRAMFIN.NS,754
2023-01-12 00:00:00+05:30,253.7058100282355,253.84767386433492,246.84073734945775,248.2496795654297,2259350,0.0,0.0,SHRIRAMFIN.NS,755
2023-01-13 00:00:00+05:30,247.7485288207021,248.31589763531827,239.72980185160424,242.6800994873047,4597480,0.0,0.0,SHRIRAMFIN.NS,756
2023-01-16 00:00:00+05:30,243.77695726433345,246.1504350468817,239.9945516961096,240.6942901611328,2549280,0.0,0.0,SHRIRAMFIN.NS,757
2023-01-17 00:00:00+05:30,241.64938215488732,242.19783483518208,238.8409339004891,240.49574279785156,3167635,0.0,0.0,SHRIRAMFIN.NS,758
2023-01-18 00:00:00+05:30,241.69665114321754,244.29706497252965,237.56434735560774,242.83135986328125,2375830,0.0,0.0,SHRIRAMFIN.NS,759
2023-01-19 00:00:00+05:30,242.8313756504042,245.35615393888486,240.61867763076003,244.87388610839844,2489795,0.0,0.0,SHRIRAMFIN.NS,760
2023-01-20 00:00:00+05:30,244.72255750513946,244.72255750513946,239.5028283994847,241.5642547607422,1984570,0.0,0.0,SHRIRAMFIN.NS,761
2023-01-23 00:00:00+05:30,242.4720674548366,245.28051569840645,241.11037940143385,242.9448699951172,1269830,0.0,0.0,SHRIRAMFIN.NS,762
2023-01-24 00:00:00+05:30,243.5689084991558,244.49561173194036,238.8598143522771,239.29478454589844,1061495,0.0,0.0,SHRIRAMFIN.NS,763
2023-01-25 00:00:00+05:30,239.9094528239798,240.30660519571254,232.61883186680498,237.195556640625,2130930,0.0,0.0,SHRIRAMFIN.NS,764
2023-01-27 00:00:00+05:30,237.34686513686157,242.83136282806953,232.62829079097227,234.70863342285156,2410525,0.0,0.0,SHRIRAMFIN.NS,765
2023-01-30 00:00:00+05:30,234.3209211781544,239.21914813754486,232.1271106589614,235.2381591796875,5905675,0.0,0.0,SHRIRAMFIN.NS,766
2023-01-31 00:00:00+05:30,235.94738238662288,244.98735016747594,233.26185300737308,243.32310485839844,6053500,0.0,0.0,SHRIRAMFIN.NS,767
2023-02-01 00:00:00+05:30,251.15268801221796,258.5094935892127,241.73445607952536,245.3561248779297,7936630,0.0,0.0,SHRIRAMFIN.NS,768
2023-02-02 00:00:00+05:30,244.5145386140115,245.78167476263127,236.96862886155694,239.1435089111328,2552580,0.0,0.0,SHRIRAMFIN.NS,769
2023-02-03 00:00:00+05:30,240.4106558471261,242.8692205524122,236.4012848615107,241.89524841308594,2600590,0.0,0.0,SHRIRAMFIN.NS,770
2023-02-06 00:00:00+05:30,238.29247027476197,245.40340979264667,238.29247027476197,244.65640258789062,2088355,0.0,0.0,SHRIRAMFIN.NS,771
2023-02-07 00:00:00+05:30,244.70364876728203,246.42465670885537,241.8857500452806,244.21194458007812,1940780,0.0,0.0,SHRIRAMFIN.NS,772
2023-02-08 00:00:00+05:30,245.4412038364511,247.89978233094712,243.97552779462507,247.30404663085938,1715770,0.0,0.0,SHRIRAMFIN.NS,773
2023-02-09 00:00:00+05:30,247.464827327141,249.15743941271313,245.5830538506846,248.7035675048828,1437655,0.0,0.0,SHRIRAMFIN.NS,774
2023-02-10 00:00:00+05:30,249.6397281295763,249.6397281295763,239.74869315880605,241.81011962890625,3358630,0.0,0.0,SHRIRAMFIN.NS,775
2023-02-13 00:00:00+05:30,241.8100927714199,242.96373193515842,236.96860016870482,237.55487060546875,1789390,0.0,0.0,SHRIRAMFIN.NS,776
2023-02-14 00:00:00+05:30,238.6707200631035,241.0347327991833,236.38235746603286,240.2215118408203,1050085,0.0,0.0,SHRIRAMFIN.NS,777
2023-02-15 00:00:00+05:30,239.3326310823901,241.67772744047653,237.72509104063062,240.6942901611328,1236070,0.0,0.0,SHRIRAMFIN.NS,778
2023-02-16 00:00:00+05:30,242.45310853611215,242.50984252570618,235.71095491159753,238.04660034179688,3304915,0.0,0.0,SHRIRAMFIN.NS,779
2023-02-17 00:00:00+05:30,236.38232681934048,238.53830500082213,232.71338934019434,233.39422607421875,2077315,0.0,0.0,SHRIRAMFIN.NS,780
2023-02-20 00:00:00+05:30,238.06550529056574,238.06550529056574,233.4131305063471,233.98049926757812,2309105,0.0,0.0,SHRIRAMFIN.NS,781
2023-02-21 00:00:00+05:30,235.83390058954515,236.90243894448,229.02554691636286,229.7725830078125,2163550,0.0,0.0,SHRIRAMFIN.NS,782
2023-02-22 00:00:00+05:30,229.02552432747592,230.97346828666215,226.0185074030126,228.46762084960938,3253235,0.0,0.0,SHRIRAMFIN.NS,783
2023-02-23 00:00:00+05:30,228.8269784317976,229.8293175076771,226.01853019077535,227.001953125,1641205,0.0,0.0,SHRIRAMFIN.NS,784
2023-02-24 00:00:00+05:30,227.47474563240607,231.10586551541272,227.1154111007544,230.4344940185547,2464105,0.0,0.0,SHRIRAMFIN.NS,785
2023-02-27 00:00:00+05:30,230.4344844671823,230.8410876908502,225.43222594338766,227.49365234375,1437525,0.0,0.0,SHRIRAMFIN.NS,786
2023-02-28 00:00:00+05:30,227.89080198768124,229.33757646425443,225.053987025179,227.57875061035156,13260610,0.0,0.0,SHRIRAMFIN.NS,787
2023-03-01 00:00:00+05:30,228.2690577567691,232.8930659644283,227.89082150089703,231.03968811035156,2913235,0.0,0.0,SHRIRAMFIN.NS,788
2023-03-02 00:00:00+05:30,231.2949863224245,231.6543064070445,225.6213563825003,228.76075744628906,2720640,0.0,0.0,SHRIRAMFIN.NS,789
2023-03-03 00:00:00+05:30,229.90495616375532,232.4297198690189,228.90261713793396,230.141357421875,1836725,0.0,0.0,SHRIRAMFIN.NS,790
2023-03-06 00:00:00+05:30,230.72761730121658,236.22157997834864,230.72761730121658,235.80551147460938,3145920,0.0,0.0,SHRIRAMFIN.NS,791
2023-03-08 00:00:00+05:30,235.45564237707305,244.89279056067198,230.93565168172776,240.26876831054688,51702925,0.0,0.0,SHRIRAMFIN.NS,792
2023-03-09 00:00:00+05:30,242.06542103718257,248.63737268131933,241.12926692417255,244.04171752929688,8022010,0.0,0.0,SHRIRAMFIN.NS,793
2023-03-10 00:00:00+05:30,243.0110264890383,243.02049177372595,237.99933139237677,240.1174774169922,1446625,0.0,0.0,SHRIRAMFIN.NS,794
2023-03-13 00:00:00+05:30,240.32552131045495,242.80300196160692,236.72276832422608,237.92369079589844,3683830,0.0,0.0,SHRIRAMFIN.NS,795
2023-03-14 00:00:00+05:30,236.59981896667455,237.91420925934855,231.29497466310517,234.32090759277344,3141790,0.0,0.0,SHRIRAMFIN.NS,796
2023-03-15 00:00:00+05:30,236.59040747644332,237.1672271995619,231.7489136881625,232.5337677001953,1987050,0.0,0.0,SHRIRAMFIN.NS,797
2023-03-16 00:00:00+05:30,232.99706997704843,238.4532149548898,232.3729816328861,236.43907165527344,3988570,0.0,0.0,SHRIRAMFIN.NS,798
2023-03-17 00:00:00+05:30,237.63052099084337,239.79594992455173,233.90483527064174,235.64474487304688,4182610,0.0,0.0,SHRIRAMFIN.NS,799
2023-03-20 00:00:00+05:30,241.11033995261587,241.11033995261587,227.61656804949354,230.67086791992188,3402415,0.0,0.0,SHRIRAMFIN.NS,800
2023-03-21 00:00:00+05:30,233.2618321788805,243.71078464060724,230.36828321595902,238.38702392578125,5079360,0.0,0.0,SHRIRAMFIN.NS,801
2023-03-22 00:00:00+05:30,238.66125688655643,239.2002586883773,234.83155356604303,235.6731414794922,1814750,0.0,0.0,SHRIRAMFIN.NS,802
2023-03-23 00:00:00+05:30,234.88825330118877,239.0772905452688,233.3752941061401,238.39645385742188,2141185,0.0,0.0,SHRIRAMFIN.NS,803
2023-03-24 00:00:00+05:30,237.21448401634797,238.16008906872457,231.6732378322695,233.22402954101562,4290270,0.0,0.0,SHRIRAMFIN.NS,804
2023-03-27 00:00:00+05:30,232.99707045581195,233.1862030022732,228.01374240412494,228.7229461669922,1948390,0.0,0.0,SHRIRAMFIN.NS,805
2023-03-28 00:00:00+05:30,229.03498088457306,233.4320381228102,227.35179080205552,231.84341430664062,2605125,0.0,0.0,SHRIRAMFIN.NS,806
2023-03-29 00:00:00+05:30,231.84345717766064,238.2924910436284,231.0113344808309,236.74169921875,1649135,0.0,0.0,SHRIRAMFIN.NS,807
2023-03-31 00:00:00+05:30,236.96862756388606,242.43422351237595,236.96862756388606,238.1790008544922,4489935,0.0,0.0,SHRIRAMFIN.NS,808
2023-04-03 00:00:00+05:30,239.42717299946176,244.1552122285094,239.42717299946176,243.29470825195312,2297460,0.0,0.0,SHRIRAMFIN.NS,809
2023-04-05 00:00:00+05:30,242.26401253120224,244.76039472514165,241.02525786108146,243.7864227294922,1710530,0.0,0.0,SHRIRAMFIN.NS,810
2023-04-06 00:00:00+05:30,243.20963060167244,247.18115450037058,242.10325999493537,246.58541870117188,1428390,0.0,0.0,SHRIRAMFIN.NS,811
2023-04-10 00:00:00+05:30,246.58541491367103,247.1811507037194,243.02995960052985,246.75564575195312,630385,0.0,0.0,SHRIRAMFIN.NS,812
2023-04-11 00:00:00+05:30,246.75563687125342,247.74851058055023,241.50751179441076,244.9684295654297,2316150,0.0,0.0,SHRIRAMFIN.NS,813
2023-04-12 00:00:00+05:30,245.66814684810493,248.12672541337201,243.69183602680468,247.55935668945312,2680600,0.0,0.0,SHRIRAMFIN.NS,814
2023-04-13 00:00:00+05:30,247.54993992749337,247.54993992749337,244.34432514013596,245.21429443359375,774615,0.0,0.0,SHRIRAMFIN.NS,815
2023-04-17 00:00:00+05:30,245.8573116376405,250.96357310783017,245.08190857511897,249.89503479003906,2927410,0.0,0.0,SHRIRAMFIN.NS,816
2023-04-18 00:00:00+05:30,251.01087765080086,254.36776410996492,249.4506061975223,253.27085876464844,2602290,0.0,0.0,SHRIRAMFIN.NS,817
2023-04-19 00:00:00+05:30,254.81220871827657,259.0768969749062,252.95883079318295,258.4433288574219,2649705,0.0,0.0,SHRIRAMFIN.NS,818
2023-04-20 00:00:00+05:30,259.1052226034173,259.7671287564779,252.63728818287686,253.2991943359375,1972785,0.0,0.0,SHRIRAMFIN.NS,819
2023-04-21 00:00:00+05:30,256.3345907880517,257.5355276072994,253.62070905435962,256.987060546875,1533610,0.0,0.0,SHRIRAMFIN.NS,820
2023-04-24 00:00:00+05:30,257.39370168397403,267.00102343049787,256.48590007428123,263.3699035644531,3484290,0.0,0.0,SHRIRAMFIN.NS,821
2023-04-25 00:00:00+05:30,264.7126689795326,277.8754745670199,263.842699672436,270.9631042480469,11463135,0.0,0.0,SHRIRAMFIN.NS,822
2023-04-26 00:00:00+05:30,272.3058946059318,272.3058946059318,261.3652369622076,265.9325256347656,4680385,0.0,0.0,SHRIRAMFIN.NS,823
2023-04-27 00:00:00+05:30,264.769453369364,267.0389000552996,261.3652689116704,265.8190612792969,5355815,0.0,0.0,SHRIRAMFIN.NS,824
2023-04-28 00:00:00+05:30,255.31332904401725,258.150143811173,247.55935713742937,252.02261352539062,15378245,0.0,0.0,SHRIRAMFIN.NS,825
2023-05-02 00:00:00+05:30,255.10530055592955,255.93743752359342,249.95174206975875,250.6420440673828,4445290,0.0,0.0,SHRIRAMFIN.NS,826
2023-05-03 00:00:00+05:30,250.21654025150337,252.60894874870323,248.93053122577223,249.46006774902344,2404405,0.0,0.0,SHRIRAMFIN.NS,827
2023-05-04 00:00:00+05:30,250.77447552306097,251.720080590859,248.88326538746497,251.09597778320312,2605540,0.0,0.0,SHRIRAMFIN.NS,828
2023-05-05 00:00:00+05:30,251.1527146651389,254.81220170236304,248.930536958759,249.4222412109375,1867575,0.0,0.0,SHRIRAMFIN.NS,829
2023-05-08 00:00:00+05:30,251.34182781187712,256.258985948759,249.42225058435005,254.9162139892578,3146345,0.0,0.0,SHRIRAMFIN.NS,830
2023-05-09 00:00:00+05:30,256.95865628216205,264.76936168633137,254.5001067239881,254.9823455810547,4717955,0.0,0.0,SHRIRAMFIN.NS,831
2023-05-10 00:00:00+05:30,257.3937046517253,257.3937046517253,251.62550810885435,255.89016723632812,2721495,0.0,0.0,SHRIRAMFIN.NS,832
2023-05-11 00:00:00+05:30,255.5213790868918,259.0768630494131,253.4316001592743,258.01776123046875,1675840,0.0,0.0,SHRIRAMFIN.NS,833
2023-05-12 00:00:00+05:30,258.140670341535,259.9751461413944,253.6112436843958,255.26605224609375,1868500,0.0,0.0,SHRIRAMFIN.NS,834
2023-05-15 00:00:00+05:30,255.88066325847322,258.641813099203,252.6750491522921,253.53555297851562,3314115,0.0,0.0,SHRIRAMFIN.NS,835
2023-05-16 00:00:00+05:30,255.3133937735734,257.2613380989432,250.5853679629517,251.26620483398438,5037130,0.0,0.0,SHRIRAMFIN.NS,836
2023-05-17 00:00:00+05:30,251.34179862932228,255.4268191741942,250.60422788018496,254.21644592285156,1876620,0.0,0.0,SHRIRAMFIN.NS,837
2023-05-18 00:00:00+05:30,255.7767137499182,256.63721785209606,251.4269533847325,254.5758056640625,3189190,0.0,0.0,SHRIRAMFIN.NS,838
2023-05-19 00:00:00+05:30,256.6182973155057,256.6182973155057,252.09830643245206,253.2897491455078,3457825,0.0,0.0,SHRIRAMFIN.NS,839
2023-05-22 00:00:00+05:30,252.66570125236368,253.02500695993783,246.9920704954176,249.50735473632812,3724060,0.0,0.0,SHRIRAMFIN.NS,840
2023-05-23 00:00:00+05:30,250.3867672501407,261.0531909738082,249.70593046532892,257.82867431640625,3621815,0.0,0.0,SHRIRAMFIN.NS,841
2023-05-24 00:00:00+05:30,257.71522594776155,262.87822179204466,256.48592198454696,259.02960205078125,4991420,0.0,0.0,SHRIRAMFIN.NS,842
2023-05-25 00:00:00+05:30,259.029601301579,262.49998475857655,256.8925533724598,260.10760498046875,2376370,0.0,0.0,SHRIRAMFIN.NS,843
2023-05-26 00:00:00+05:30,260.1076040227668,262.1501145192654,258.1501945230917,261.6678466796875,2622815,0.0,0.0,SHRIRAMFIN.NS,844
2023-05-29 00:00:00+05:30,262.4999047394444,269.19477419158426,261.6677678776664,266.4336242675781,5878845,0.0,0.0,SHRIRAMFIN.NS,845
2023-05-30 00:00:00+05:30,266.9442857427406,268.7787617911071,265.84740931363234,267.9466247558594,3948785,0.0,0.0,SHRIRAMFIN.NS,846
2023-05-31 00:00:00+05:30,268.10735982475376,268.5328935786264,263.1429340315747,264.72210693359375,6080605,0.0,0.0,SHRIRAMFIN.NS,847
2023-06-01 00:00:00+05:30,264.72213827586705,268.2681571194039,264.72213827586705,266.7078857421875,2902875,0.0,0.0,SHRIRAMFIN.NS,848
2023-06-02 00:00:00+05:30,267.67245625851217,269.34616698229604,265.5637463890478,267.2942199707031,3680045,0.0,0.0,SHRIRAMFIN.NS,849
2023-06-05 00:00:00+05:30,268.74098238517854,269.9040581954838,264.3249938474755,264.9490966796875,2510040,0.0,0.0,SHRIRAMFIN.NS,850
2023-06-06 00:00:00+05:30,266.1783421535368,268.5045512304482,262.0744199174023,266.45257568359375,1777200,0.0,0.0,SHRIRAMFIN.NS,851
2023-06-07 00:00:00+05:30,264.7693987375407,269.6865562571248,262.8781887465583,266.34857177734375,3799040,0.0,0.0,SHRIRAMFIN.NS,852
2023-06-08 00:00:00+05:30,267.2279724999037,274.0363110255731,264.7693937860895,266.84027099609375,4030580,0.0,0.0,SHRIRAMFIN.NS,853
2023-06-09 00:00:00+05:30,266.66060435226484,272.1072982713305,266.4714718132408,268.02227783203125,2435880,0.0,0.0,SHRIRAMFIN.NS,854
2023-06-12 00:00:00+05:30,269.4974307428956,276.3530671389868,267.98445693913976,274.6698913574219,2951100,0.0,0.0,SHRIRAMFIN.NS,855
2023-06-13 00:00:00+05:30,275.75731478749884,276.30578182646815,271.3886244741511,272.97723388671875,3300860,0.0,0.0,SHRIRAMFIN.NS,856
2023-06-14 00:00:00+05:30,274.2254771704538,274.2254771704538,265.1949600687336,266.24456787109375,3617290,0.0,0.0,SHRIRAMFIN.NS,857
2023-06-15 00:00:00+05:30,267.4170627421995,268.5518002015731,265.52585288162504,267.45489501953125,2747890,0.0,0.0,SHRIRAMFIN.NS,858
2023-06-16 00:00:00+05:30,269.8144554531404,270.67773169812034,266.668379651764,268.85528564453125,6897545,4.0,0.0,SHRIRAMFIN.NS,859
2023-06-19 00:00:00+05:30,282.5714753602442,287.9236308441155,278.69642053554935,281.9671936035156,15970295,0.0,0.0,SHRIRAMFIN.NS,860
2023-06-20 00:00:00+05:30,281.9959678405592,301.69732698708503,279.31987545991745,299.1938781738281,13814600,0.0,0.0,SHRIRAMFIN.NS,861
2023-06-21 00:00:00+05:30,329.1103277080333,344.0637809510537,321.32187383756593,332.70721435546875,67327115,0.0,0.0,SHRIRAMFIN.NS,862
2023-06-22 00:00:00+05:30,338.586982421875,338.586982421875,324.52554785460234,329.71466064453125,20695285,0.0,0.0,SHRIRAMFIN.NS,863
2023-06-23 00:00:00+05:30,324.7845038164088,327.75793634266114,314.9626134669457,321.638427734375,26775580,0.0,0.0,SHRIRAMFIN.NS,864
2023-06-26 00:00:00+05:30,320.11327737712855,328.6978576611577,315.0392908812436,326.7603454589844,9027690,0.0,0.0,SHRIRAMFIN.NS,865
2023-06-27 00:00:00+05:30,326.8850552437441,331.59458246154037,318.44437273528007,325.3791809082031,9250910,0.0,0.0,SHRIRAMFIN.NS,866
2023-06-28 00:00:00+05:30,328.03612556305467,329.63795227203786,324.03637395960465,326.30963134765625,9058510,0.0,0.0,SHRIRAMFIN.NS,867
2023-06-30 00:00:00+05:30,326.32875513933817,338.96103446336576,325.69569954980557,332.87030029296875,13348225,0.0,0.0,SHRIRAMFIN.NS,868
2023-07-03 00:00:00+05:30,336.22744136987865,341.0616368265637,334.38582219241977,337.23455810546875,7848930,0.0,0.0,SHRIRAMFIN.NS,869
2023-07-04 00:00:00+05:30,339.9297867224719,343.9966867640426,333.79110557765074,341.02325439453125,8948575,0.0,0.0,SHRIRAMFIN.NS,870
2023-07-05 00:00:00+05:30,341.0808385130014,350.6725379690951,339.3351421868219,345.7328186035156,13158105,0.0,0.0,SHRIRAMFIN.NS,871
2023-07-06 00:00:00+05:30,345.60807924743636,345.60807924743636,339.0185872163874,339.8050842285156,4616375,0.0,0.0,SHRIRAMFIN.NS,872
2023-07-07 00:00:00+05:30,340.5052549419041,341.27257901907376,328.4197104614896,329.6858215332031,6705130,0.0,0.0,SHRIRAMFIN.NS,873
2023-07-10 00:00:00+05:30,331.67133777027624,331.9494759404848,326.85628657614575,330.56829833984375,6425075,0.0,0.0,SHRIRAMFIN.NS,874
2023-07-11 00:00:00+05:30,331.8536251572817,340.99451348096903,331.13424770493,337.7621154785156,6085610,0.0,0.0,SHRIRAMFIN.NS,875
2023-07-12 00:00:00+05:30,337.6469532354047,348.7445552007921,337.57023252843317,346.3562316894531,6537300,0.0,0.0,SHRIRAMFIN.NS,876
2023-07-13 00:00:00+05:30,348.65822814662425,350.90268200367666,342.03996226995093,343.1909484863281,6218315,0.0,0.0,SHRIRAMFIN.NS,877
2023-07-14 00:00:00+05:30,345.30111324409694,347.4784180592991,340.05445349144316,342.21258544921875,4492200,0.0,0.0,SHRIRAMFIN.NS,878
2023-07-17 00:00:00+05:30,342.63464615760125,343.77606059140834,336.7069836625367,339.4501953125,4223875,0.0,0.0,SHRIRAMFIN.NS,879
2023-07-18 00:00:00+05:30,341.23430003180545,345.53136253868246,339.5461516060792,342.2605895996094,7805875,0.0,0.0,SHRIRAMFIN.NS,880
2023-07-19 00:00:00+05:30,342.2317895821709,344.2844271043778,340.08325849252986,342.5675048828125,5968125,0.0,0.0,SHRIRAMFIN.NS,881
2023-07-20 00:00:00+05:30,342.42366651529267,345.0134370462946,341.08083446169826,342.01123046875,2878425,0.0,0.0,SHRIRAMFIN.NS,882
2023-07-21 00:00:00+05:30,341.1671245806655,358.37463394526435,340.50529504575474,351.3439025878906,15551270,0.0,0.0,SHRIRAMFIN.NS,883
2023-07-24 00:00:00+05:30,353.1279754383845,354.49958129851973,341.4644665514577,344.59136962890625,30150490,0.0,0.0,SHRIRAMFIN.NS,884
2023-07-25 00:00:00+05:30,351.22881781799543,351.23841888363916,344.53383082398346,349.80926513671875,7020285,0.0,0.0,SHRIRAMFIN.NS,885
2023-07-26 00:00:00+05:30,350.28881864430855,352.09203325949926,346.97007009892786,348.9747314453125,3995010,0.0,0.0,SHRIRAMFIN.NS,886
2023-07-27 00:00:00+05:30,352.59082379668706,354.7201819203018,342.72095837370534,347.5359802246094,11626560,0.0,0.0,SHRIRAMFIN.NS,887
2023-07-28 00:00:00+05:30,350.29842622546556,352.6484041571668,343.38281953642024,348.72540283203125,5905730,0.0,0.0,SHRIRAMFIN.NS,888
2023-07-31 00:00:00+05:30,351.33431920466916,364.10086708142035,348.76372185796004,363.17047119140625,7778860,0.0,0.0,SHRIRAMFIN.NS,889
2023-08-01 00:00:00+05:30,363.17052615753653,364.67643001791384,353.9337147715158,355.6026611328125,5345210,0.0,0.0,SHRIRAMFIN.NS,890
2023-08-02 00:00:00+05:30,356.81119905121903,358.0101614136223,345.61767355634345,351.66046142578125,7630985,0.0,0.0,SHRIRAMFIN.NS,891
2023-08-03 00:00:00+05:30,350.86431894957957,352.70593793858114,343.670545084253,348.8404846191406,3816705,0.0,0.0,SHRIRAMFIN.NS,892
2023-08-04 00:00:00+05:30,350.0970154156965,353.68430149443225,345.6944290631911,352.3990173339844,5455600,0.0,0.0,SHRIRAMFIN.NS,893
2023-08-07 00:00:00+05:30,353.1471382147635,356.8111739617989,351.66043669853866,355.8136291503906,4926185,0.0,0.0,SHRIRAMFIN.NS,894
2023-08-08 00:00:00+05:30,355.8328941857594,359.6408002250308,352.9745570717159,357.0798034667969,9859755,0.0,0.0,SHRIRAMFIN.NS,895
2023-08-09 00:00:00+05:30,359.30506031891775,359.8613659968052,352.97453294974946,354.6818542480469,6340300,0.0,0.0,SHRIRAMFIN.NS,896
2023-08-10 00:00:00+05:30,355.7848226241897,359.4776319566468,352.97446232702663,355.027099609375,5397960,0.0,0.0,SHRIRAMFIN.NS,897
2023-08-11 00:00:00+05:30,354.89285510222703,354.9024561679069,346.08768264134716,346.82623291015625,5133290,0.0,0.0,SHRIRAMFIN.NS,898
2023-08-14 00:00:00+05:30,346.82621664746017,349.00352163215734,340.41896918365313,347.9004821777344,4598320,0.0,0.0,SHRIRAMFIN.NS,899
2023-08-16 00:00:00+05:30,347.94848653809777,348.4951911413989,337.64698178170454,344.5338439941406,9040420,0.0,0.0,SHRIRAMFIN.NS,900
2023-08-17 00:00:00+05:30,347.59360012384155,358.7295488051253,347.59360012384155,353.818603515625,6805160,0.0,0.0,SHRIRAMFIN.NS,901
2023-08-18 00:00:00+05:30,355.2764800535347,355.2764800535347,346.8453695056412,349.22412109375,4286650,0.0,0.0,SHRIRAMFIN.NS,902
2023-08-21 00:00:00+05:30,349.1378274513836,355.85201644083327,348.1115086806836,353.59796142578125,6865250,0.0,0.0,SHRIRAMFIN.NS,903
2023-08-22 00:00:00+05:30,355.65058894632983,355.65058894632983,351.1904550976014,353.9432678222656,4892080,0.0,0.0,SHRIRAMFIN.NS,904
2023-08-23 00:00:00+05:30,354.7009976188354,356.11097846441675,349.35844381881935,355.31488037109375,2475480,0.0,0.0,SHRIRAMFIN.NS,905
2023-08-24 00:00:00+05:30,355.8520047998268,370.57526745649955,355.8520047998268,359.78460693359375,8085270,0.0,0.0,SHRIRAMFIN.NS,906
2023-08-25 00:00:00+05:30,357.77037156664954,360.5903334054398,352.39901428935656,357.6072998046875,4806385,0.0,0.0,SHRIRAMFIN.NS,907
2023-08-28 00:00:00+05:30,358.71989650206814,358.9117421666017,354.15426825586485,357.1660461425781,4670145,0.0,0.0,SHRIRAMFIN.NS,908
2023-08-29 00:00:00+05:30,358.15401742103916,360.26420280722857,354.2789630171009,359.1611633300781,2919905,0.0,0.0,SHRIRAMFIN.NS,909
2023-08-30 00:00:00+05:30,359.113183307862,368.3212196535078,358.30748415245483,361.43438720703125,3644915,0.0,0.0,SHRIRAMFIN.NS,910
2023-08-31 00:00:00+05:30,363.52540735142384,371.96609111692914,362.3935938471096,369.9134826660156,12639870,0.0,0.0,SHRIRAMFIN.NS,911
2023-09-01 00:00:00+05:30,370.2395896003858,371.3810041483902,365.7986281815768,366.7961730957031,3756035,0.0,0.0,SHRIRAMFIN.NS,912
2023-09-04 00:00:00+05:30,367.74572168071205,373.11707879792095,362.4223406198467,363.3143615722656,7899565,0.0,0.0,SHRIRAMFIN.NS,913
2023-09-05 00:00:00+05:30,365.2134881043465,370.2299272279969,360.6862056548822,367.07427978515625,6793595,0.0,0.0,SHRIRAMFIN.NS,914
2023-09-06 00:00:00+05:30,368.3020605366948,369.6640653722956,361.0315364645649,363.0649719238281,6908360,0.0,0.0,SHRIRAMFIN.NS,915
2023-09-07 00:00:00+05:30,363.5254250576445,364.6380657551029,358.85427190459905,363.2760314941406,6035475,0.0,0.0,SHRIRAMFIN.NS,916
2023-09-08 00:00:00+05:30,366.4028798373354,375.9849771970785,365.02167292240335,374.8147888183594,7287555,0.0,0.0,SHRIRAMFIN.NS,917
2023-09-11 00:00:00+05:30,378.25818739592495,378.25818739592495,371.8029933907574,375.4574279785156,6565460,0.0,0.0,SHRIRAMFIN.NS,918
2023-09-12 00:00:00+05:30,377.88414938250986,377.88414938250986,362.8251709329668,366.6235046386719,6903070,0.0,0.0,SHRIRAMFIN.NS,919
2023-09-13 00:00:00+05:30,364.87783665914577,368.3212531959708,360.11076093520074,366.4700622558594,6517920,0.0,0.0,SHRIRAMFIN.NS,920
2023-09-14 00:00:00+05:30,368.3212003092546,369.8079017789706,365.5587866234889,367.4387512207031,5225585,0.0,0.0,SHRIRAMFIN.NS,921
2023-09-15 00:00:00+05:30,369.8463070841942,370.93977478758615,365.6355665712744,368.75286865234375,6773145,0.0,0.0,SHRIRAMFIN.NS,922
2023-09-18 00:00:00+05:30,367.5827119282404,369.203711491867,364.7627499223778,366.88250732421875,3166810,0.0,0.0,SHRIRAMFIN.NS,923
2023-09-20 00:00:00+05:30,364.48455022690877,373.11707904807236,363.1321171990081,367.9183654785156,4028295,0.0,0.0,SHRIRAMFIN.NS,924
2023-09-21 00:00:00+05:30,367.3045282866434,369.08857027186343,362.75807227259247,364.5421142578125,2504980,0.0,0.0,SHRIRAMFIN.NS,925
2023-09-22 00:00:00+05:30,364.54211718673446,370.18204099565446,360.83973534858416,362.74847412109375,2804785,0.0,0.0,SHRIRAMFIN.NS,926
2023-09-25 00:00:00+05:30,362.74844637183503,375.8698828389097,356.93587944725704,373.2225646972656,10327105,0.0,0.0,SHRIRAMFIN.NS,927
2023-09-26 00:00:00+05:30,372.54155483168165,372.7525733644148,358.92136085562254,361.5303039550781,5973300,0.0,0.0,SHRIRAMFIN.NS,928
2023-09-27 00:00:00+05:30,364.10090747261586,367.05513794662585,360.69583669381814,363.0266418457031,3216495,0.0,0.0,SHRIRAMFIN.NS,929
2023-09-28 00:00:00+05:30,366.26858392915204,366.8632938227176,356.1109787563475,359.0076904296875,21636670,0.0,0.0,SHRIRAMFIN.NS,930
2023-09-29 00:00:00+05:30,359.2474911981848,370.42181432602814,357.88545710371466,368.196533203125,6908925,0.0,0.0,SHRIRAMFIN.NS,931
2023-10-03 00:00:00+05:30,371.77427029329306,372.13875954971934,360.8397389582198,368.6953430175781,11039535,0.0,0.0,SHRIRAMFIN.NS,932
2023-10-04 00:00:00+05:30,366.21103121553057,368.31161549545146,353.2622384458187,355.0079345703125,6700835,0.0,0.0,SHRIRAMFIN.NS,933
2023-10-05 00:00:00+05:30,355.2764901464361,359.2954139736969,349.7133169824701,352.4949035644531,7397385,0.0,0.0,SHRIRAMFIN.NS,934
2023-10-06 00:00:00+05:30,355.075074893704,357.3866776522173,352.01532085301324,354.6722106933594,6311950,0.0,0.0,SHRIRAMFIN.NS,935
2023-10-09 00:00:00+05:30,352.984122935057,353.1375936310634,346.00136726024533,349.31048583984375,5354120,0.0,0.0,SHRIRAMFIN.NS,936
2023-10-10 00:00:00+05:30,352.9745129819616,363.8610968861212,348.2170386117146,363.1129455566406,8377560,0.0,0.0,SHRIRAMFIN.NS,937
2023-10-11 00:00:00+05:30,365.836972272091,368.41714148401445,361.71252439620713,364.2159729003906,4561415,0.0,0.0,SHRIRAMFIN.NS,938
2023-10-12 00:00:00+05:30,366.12469628425697,366.12469628425697,359.6886751201383,360.2833557128906,3313985,0.0,0.0,SHRIRAMFIN.NS,939
2023-10-13 00:00:00+05:30,359.65992025332406,361.942749182487,358.8062450354687,360.8301086425781,2983920,0.0,0.0,SHRIRAMFIN.NS,940
2023-10-16 00:00:00+05:30,360.8300895240629,361.60701472059884,355.9670916112716,358.259521484375,2463960,0.0,0.0,SHRIRAMFIN.NS,941
2023-10-17 00:00:00+05:30,360.35055053580584,363.1225363907058,359.1132131397143,362.2688903808594,3378270,0.0,0.0,SHRIRAMFIN.NS,942
2023-10-18 00:00:00+05:30,362.2592349575478,362.72924805370945,355.3820040370271,358.0005187988281,2524565,0.0,0.0,SHRIRAMFIN.NS,943
2023-10-19 00:00:00+05:30,352.3990289238093,362.56623610813443,349.79968659112967,360.4272766113281,3099700,0.0,0.0,SHRIRAMFIN.NS,944
2023-10-20 00:00:00+05:30,359.97639552177606,361.7508654138566,357.9621624636963,360.0147705078125,2206225,0.0,0.0,SHRIRAMFIN.NS,945
2023-10-23 00:00:00+05:30,359.65031284239745,367.55389218100225,357.962193838821,360.6478576660156,10365280,0.0,0.0,SHRIRAMFIN.NS,946
2023-10-25 00:00:00+05:30,359.02688156436517,361.96193910549994,343.7664850007105,348.3992919921875,6849205,0.0,0.0,SHRIRAMFIN.NS,947
2023-10-26 00:00:00+05:30,348.3992699253776,348.9172005610964,337.7908538852846,344.8407287597656,4792965,0.0,0.0,SHRIRAMFIN.NS,948
2023-10-27 00:00:00+05:30,355.0847333733144,389.36545861554026,355.0847333733144,371.2371520996094,25056665,0.0,0.0,SHRIRAMFIN.NS,949
2023-10-30 00:00:00+05:30,371.1987425409585,371.2371175320848,357.8183110430747,362.9882507324219,10187990,0.0,0.0,SHRIRAMFIN.NS,950
2023-10-31 00:00:00+05:30,364.86822575849965,365.81782386845003,358.86384206194936,360.6191101074219,8455335,0.0,0.0,SHRIRAMFIN.NS,951
2023-11-01 00:00:00+05:30,361.41520519198446,365.8273925689648,359.9093307012707,364.91619873046875,3794295,0.0,0.0,SHRIRAMFIN.NS,952
2023-11-02 00:00:00+05:30,367.07429851234116,376.9537358606325,365.0216610657127,375.0066223144531,4288760,0.0,0.0,SHRIRAMFIN.NS,953
2023-11-03 00:00:00+05:30,376.4741572086877,389.029686735241,374.4694957822504,386.26727294921875,9322270,0.0,0.0,SHRIRAMFIN.NS,954
2023-11-06 00:00:00+05:30,389.2511930000982,389.9196622695633,384.0293866147418,385.8700866699219,5634155,4.0,0.0,SHRIRAMFIN.NS,955
2023-11-07 00:00:00+05:30,387.49769841941185,388.5633466922274,378.6526167116443,385.0369567871094,8807090,0.0,0.0,SHRIRAMFIN.NS,956
2023-11-08 00:00:00+05:30,385.0369218880034,386.0929022428558,381.9464712204581,383.57403564453125,3525375,0.0,0.0,SHRIRAMFIN.NS,957
2023-11-09 00:00:00+05:30,381.7042765909569,381.7042765909569,375.89152110987635,376.55029296875,4975345,0.0,0.0,SHRIRAMFIN.NS,958
2023-11-10 00:00:00+05:30,375.8915148721215,380.91955064503435,373.353283084603,378.25537109375,2430100,0.0,0.0,SHRIRAMFIN.NS,959
2023-11-13 00:00:00+05:30,379.2629395276526,382.28556772385383,373.99270539292075,381.27801513671875,2779500,0.0,0.0,SHRIRAMFIN.NS,960
2023-11-15 00:00:00+05:30,384.6590675714168,395.49985849842113,382.69241989071566,394.4438781738281,6346865,0.0,0.0,SHRIRAMFIN.NS,961
2023-11-16 00:00:00+05:30,394.647316329707,397.39871317063074,390.52028019872563,394.4438781738281,3184495,0.0,0.0,SHRIRAMFIN.NS,962
2023-11-17 00:00:00+05:30,391.1887758242777,391.1887758242777,383.8550086792878,386.5094909667969,5468870,0.0,0.0,SHRIRAMFIN.NS,963
2023-11-20 00:00:00+05:30,386.54823781876536,389.41585556542964,383.21558899215427,385.3760070800781,2862980,0.0,0.0,SHRIRAMFIN.NS,964
2023-11-21 00:00:00+05:30,387.51703866951084,391.35344907408194,383.6806282649397,387.48797607421875,5089455,0.0,0.0,SHRIRAMFIN.NS,965
2023-11-22 00:00:00+05:30,388.4761389364293,389.4546289326728,378.4588269042443,383.0799865722656,2639075,0.0,0.0,SHRIRAMFIN.NS,966
2023-11-23 00:00:00+05:30,383.25435651648866,387.30390246816637,381.70428245136117,382.6440124511719,1529325,0.0,0.0,SHRIRAMFIN.NS,967
2023-11-24 00:00:00+05:30,382.64402339157,383.64187861039795,376.1046731879837,377.3447265625,2379295,0.0,0.0,SHRIRAMFIN.NS,968
2023-11-28 00:00:00+05:30,378.1778525467017,381.7042716845262,374.83553592716447,380.8711242675781,3604165,0.0,0.0,SHRIRAMFIN.NS,969
2023-11-29 00:00:00+05:30,380.87115729244164,383.9131508449671,379.76671947817084,382.5471496582031,3299720,0.0,0.0,SHRIRAMFIN.NS,970
2023-11-30 00:00:00+05:30,382.295209265731,391.3921853897248,381.9561555295599,388.9120788574219,11002290,0.0,0.0,SHRIRAMFIN.NS,971
2023-12-01 00:00:00+05:30,390.2296265811734,393.3104093539423,386.9357378303989,388.146728515625,3034950,0.0,0.0,SHRIRAMFIN.NS,972
2023-12-04 00:00:00+05:30,392.36096285436275,408.44292428192745,388.92176130233696,405.8175048828125,9360830,0.0,0.0,SHRIRAMFIN.NS,973
2023-12-05 00:00:00+05:30,405.81751103110287,406.67002361002005,395.85829558862946,401.0704040527344,8296900,0.0,0.0,SHRIRAMFIN.NS,974
2023-12-06 00:00:00+05:30,402.4364850747946,403.8121837291351,396.23621765533204,398.3094482421875,3598450,0.0,0.0,SHRIRAMFIN.NS,975
2023-12-07 00:00:00+05:30,399.32662258161247,401.0801348154686,393.32979404608756,394.25982666015625,3904160,0.0,0.0,SHRIRAMFIN.NS,976
2023-12-08 00:00:00+05:30,397.2049505591509,398.65813940266,390.365277434251,393.6398010253906,4218365,0.0,0.0,SHRIRAMFIN.NS,977
2023-12-11 00:00:00+05:30,393.6398035308421,400.6732174738547,390.51059289109594,396.64306640625,4948465,0.0,0.0,SHRIRAMFIN.NS,978
2023-12-12 00:00:00+05:30,400.11138002473217,400.11138002473217,385.20164636955747,386.5967102050781,7159045,0.0,0.0,SHRIRAMFIN.NS,979
2023-12-13 00:00:00+05:30,389.44490884385493,389.78399215037945,382.87649651840064,386.6063537597656,7973270,0.0,0.0,SHRIRAMFIN.NS,980
2023-12-14 00:00:00+05:30,388.6795870406445,412.70563071137593,388.5051819102265,410.43865966796875,11924520,0.0,0.0,SHRIRAMFIN.NS,981
2023-12-15 00:00:00+05:30,410.18677811197614,411.0780803065491,401.0994988559067,402.57208251953125,11228265,0.0,0.0,SHRIRAMFIN.NS,982
2023-12-18 00:00:00+05:30,402.39766896427375,402.73675227789323,395.8292565013821,396.81744384765625,4203410,0.0,0.0,SHRIRAMFIN.NS,983
2023-12-19 00:00:00+05:30,398.91001540494267,403.53114505764574,395.2673460879734,399.0553283691406,11070960,0.0,0.0,SHRIRAMFIN.NS,984
2023-12-20 00:00:00+05:30,399.3363209878135,409.20831993322884,385.57945426096387,387.27484130859375,9435625,0.0,0.0,SHRIRAMFIN.NS,985
2023-12-21 00:00:00+05:30,386.9938777957043,396.7980540272416,382.09178967993563,390.7818603515625,9405990,0.0,0.0,SHRIRAMFIN.NS,986
2023-12-22 00:00:00+05:30,393.3104095604622,400.8863448216608,390.7140230604204,398.26092529296875,6928875,0.0,0.0,SHRIRAMFIN.NS,987
2023-12-26 00:00:00+05:30,401.46762411421815,402.39765667772355,392.9616267648781,394.4438781738281,4822975,0.0,0.0,SHRIRAMFIN.NS,988
2023-12-27 00:00:00+05:30,395.47082605569204,400.2082361458976,394.45360563354217,397.18560791015625,3750095,0.0,0.0,SHRIRAMFIN.NS,989
2023-12-28 00:00:00+05:30,400.07255343195123,400.07255343195123,394.51169379116766,396.3620910644531,3288345,0.0,0.0,SHRIRAMFIN.NS,990
2023-12-29 00:00:00+05:30,397.6893499925352,400.6926128726327,394.87016006595746,397.8443603515625,5291010,0.0,0.0,SHRIRAMFIN.NS,991
2024-01-01 00:00:00+05:30,398.2803257992716,399.14256543532105,395.48053045932363,396.9821472167969,1523610,0.0,0.0,SHRIRAMFIN.NS,992
2024-01-02 00:00:00+05:30,397.20498121787085,399.09413868633055,390.6172031115589,393.3395080566406,5389635,0.0,0.0,SHRIRAMFIN.NS,993
2024-01-03 00:00:00+05:30,394.2985805577603,406.5053729942108,393.13601763421144,404.9649963378906,6787670,0.0,0.0,SHRIRAMFIN.NS,994
2024-01-04 00:00:00+05:30,406.89293368516076,417.06525702728976,404.9941082728879,416.222412109375,7695105,0.0,0.0,SHRIRAMFIN.NS,995
2024-01-05 00:00:00+05:30,417.1621004803037,421.76386534141494,410.66151039686474,420.9210205078125,8114435,0.0,0.0,SHRIRAMFIN.NS,996
2024-01-08 00:00:00+05:30,423.1686044840903,431.1127157921854,419.20624621710573,425.5615234375,7487975,0.0,0.0,SHRIRAMFIN.NS,997
2024-01-09 00:00:00+05:30,427.5475405487051,430.73484679067366,416.69705202844693,420.0393981933594,5463445,0.0,0.0,SHRIRAMFIN.NS,998
2024-01-10 00:00:00+05:30,422.39353509947307,423.91454643848414,413.81004763714276,416.5807800292969,2470725,0.0,0.0,SHRIRAMFIN.NS,999
2024-01-11 00:00:00+05:30,429.746716106111,443.6779587558467,427.04377640957455,441.72100830078125,14663945,0.0,0.0,SHRIRAMFIN.NS,1000
2024-01-12 00:00:00+05:30,444.2494812011719,446.24519136244476,437.9135700475577,444.2494812011719,5187280,0.0,0.0,SHRIRAMFIN.NS,1001
2024-01-15 00:00:00+05:30,444.2494812011719,444.2494812011719,444.2494812011719,444.2494812011719,0,0.0,0.0,SHRIRAMFIN.NS,1002
2024-01-16 00:00:00+05:30,450.488550788308,452.4164385663004,444.68549268095376,447.5240478515625,6647950,0.0,0.0,SHRIRAMFIN.NS,1003
2024-01-17 00:00:00+05:30,444.48202187703544,449.10318138456284,434.0190738862168,443.3194885253906,5308645,0.0,0.0,SHRIRAMFIN.NS,1004
2024-01-18 00:00:00+05:30,440.0255872730283,443.183830876214,425.6002520372463,437.0029296875,7883550,0.0,0.0,SHRIRAMFIN.NS,1005
2024-01-19 00:00:00+05:30,440.02558776690427,449.89758621058144,440.02558776690427,446.0030212402344,5296785,0.0,0.0,SHRIRAMFIN.NS,1006
2024-01-23 00:00:00+05:30,443.1354633119806,448.3475726608766,435.4916748753892,441.6725769042969,10999270,0.0,0.0,SHRIRAMFIN.NS,1007
2024-01-24 00:00:00+05:30,432.82745760894016,448.5509720904883,428.1191397821823,446.1192932128906,8501730,0.0,0.0,SHRIRAMFIN.NS,1008
2024-01-25 00:00:00+05:30,449.0934705991179,455.90408102005466,444.0944975101426,447.0299377441406,5327820,0.0,0.0,SHRIRAMFIN.NS,1009
2024-01-29 00:00:00+05:30,471.2207034756184,473.1582886293547,446.0611590717449,466.7642517089844,17895075,0.0,0.0,SHRIRAMFIN.NS,1010
2024-01-30 00:00:00+05:30,466.76427284714424,483.72784109719225,466.76427284714424,475.27996826171875,14238795,0.0,0.0,SHRIRAMFIN.NS,1011
2024-01-31 00:00:00+05:30,474.70837204526424,480.4436372223375,465.1173312577986,477.9635009765625,9573360,0.0,0.0,SHRIRAMFIN.NS,1012
2024-02-01 00:00:00+05:30,467.1517821880539,472.5673290266324,462.81158089501315,464.4779052734375,10601720,0.0,0.0,SHRIRAMFIN.NS,1013
2024-02-02 00:00:00+05:30,464.5360465496139,469.1184461402815,462.2303154567453,466.08612060546875,4405185,0.0,0.0,SHRIRAMFIN.NS,1014
2024-02-05 00:00:00+05:30,468.70184901332595,471.2982356561955,454.790001440147,456.7082214355469,1993400,0.0,0.0,SHRIRAMFIN.NS,1015
2024-02-06 00:00:00+05:30,459.2183468398558,467.76058523961143,452.14522748307127,466.3109436035156,7511415,2.0,0.0,SHRIRAMFIN.NS,1016
2024-02-07 00:00:00+05:30,466.6027618993025,478.51129479738256,466.3108977365715,469.6577453613281,5230250,0.0,0.0,SHRIRAMFIN.NS,1017
2024-02-08 00:00:00+05:30,471.8662370979088,471.8662370979088,455.48226657274796,456.87353515625,4430985,0.0,0.0,SHRIRAMFIN.NS,1018
2024-02-09 00:00:00+05:30,456.873566977955,458.06053074159325,445.88929023578487,454.1785888671875,2903050,0.0,0.0,SHRIRAMFIN.NS,1019
2024-02-12 00:00:00+05:30,454.35373086066653,457.84651079620556,438.75782132947705,440.19775390625,2845040,0.0,0.0,SHRIRAMFIN.NS,1020
2024-02-13 00:00:00+05:30,441.1219792880459,456.0076750338484,434.9439305483419,453.50726318359375,8984610,0.0,0.0,SHRIRAMFIN.NS,1021
2024-02-14 00:00:00+05:30,444.6245132925774,467.89677659292374,443.6905182521416,465.6979675292969,3686385,0.0,0.0,SHRIRAMFIN.NS,1022
2024-02-15 00:00:00+05:30,474.2402336458588,479.33832608924774,469.33670743145416,474.31805419921875,5721585,0.0,0.0,SHRIRAMFIN.NS,1023
2024-02-16 00:00:00+05:30,474.78501067878494,478.63776597650457,473.58830826223,476.6141052246094,4596560,0.0,0.0,SHRIRAMFIN.NS,1024
2024-02-19 00:00:00+05:30,476.6141368642176,479.0561759881665,470.22204423171024,474.7655944824219,3451410,0.0,0.0,SHRIRAMFIN.NS,1025
2024-02-20 00:00:00+05:30,474.7655880707688,475.7287695233397,466.087127221404,470.2414855957031,4396705,0.0,0.0,SHRIRAMFIN.NS,1026
2024-02-21 00:00:00+05:30,469.6869298067647,469.9301598384086,456.30927806635145,458.43023681640625,3665875,0.0,0.0,SHRIRAMFIN.NS,1027
2024-02-22 00:00:00+05:30,459.043203151562,466.94331020574936,453.9742676725824,466.06768798828125,2571220,0.0,0.0,SHRIRAMFIN.NS,1028
2024-02-23 00:00:00+05:30,466.7098151080019,478.09296322577813,464.68612453739695,475.84552001953125,5723325,0.0,0.0,SHRIRAMFIN.NS,1029
2024-02-26 00:00:00+05:30,476.7114505851923,493.2705417108055,476.3319974551925,483.5705261230469,5989015,0.0,0.0,SHRIRAMFIN.NS,1030
2024-02-27 00:00:00+05:30,481.59550722448074,488.27946436203956,439.1761798418281,461.6311950683594,20513770,0.0,0.0,SHRIRAMFIN.NS,1031
2024-02-28 00:00:00+05:30,465.4450165315801,474.38615552162605,449.0804916842485,457.03900146484375,11119410,0.0,0.0,SHRIRAMFIN.NS,1032
2024-02-29 00:00:00+05:30,466.80709334053574,477.7232590144992,457.4962697263178,474.51263427734375,20232355,0.0,0.0,SHRIRAMFIN.NS,1033
2024-03-01 00:00:00+05:30,480.5252437104277,481.37167946843465,473.81210078740196,476.81842041015625,5500370,0.0,0.0,SHRIRAMFIN.NS,1034
2024-03-04 00:00:00+05:30,478.6767315841411,479.6496517702878,470.6987741812717,476.0498352050781,2666695,0.0,0.0,SHRIRAMFIN.NS,1035
2024-03-05 00:00:00+05:30,469.1420937413935,477.8691884054574,469.1420937413935,473.13104248046875,6190170,0.0,0.0,SHRIRAMFIN.NS,1036
2024-03-06 00:00:00+05:30,475.5633723000034,477.3146464394127,457.05844115773436,462.05926513671875,6744720,0.0,0.0,SHRIRAMFIN.NS,1037
2024-03-07 00:00:00+05:30,462.05924711283734,477.78161048647934,462.05924711283734,476.643310546875,5963990,0.0,0.0,SHRIRAMFIN.NS,1038
2024-03-11 00:00:00+05:30,475.95259292711773,486.4406719187964,471.01988018814063,482.7532958984375,11377355,0.0,0.0,SHRIRAMFIN.NS,1039
2024-03-12 00:00:00+05:30,483.34669362705006,483.34669362705006,468.9864131462857,471.2338562011719,7206710,0.0,0.0,SHRIRAMFIN.NS,1040
2024-03-13 00:00:00+05:30,473.7926662682922,474.7266613006037,447.56271759502897,451.7073669433594,8118855,0.0,0.0,SHRIRAMFIN.NS,1041
2024-03-14 00:00:00+05:30,450.46204952943793,452.9819092673212,440.9566299290519,445.8893127441406,10111785,0.0,0.0,SHRIRAMFIN.NS,1042
2024-03-15 00:00:00+05:30,446.3757568856918,450.4620334282464,438.0086672747314,441.08306884765625,7257360,0.0,0.0,SHRIRAMFIN.NS,1043
2024-03-18 00:00:00+05:30,440.73287375342284,453.9451176993997,440.68423961733515,449.28485107421875,5870405,0.0,0.0,SHRIRAMFIN.NS,1044
2024-03-19 00:00:00+05:30,452.0187398483676,455.8909433190336,443.17489861741393,445.0137023925781,6619825,0.0,0.0,SHRIRAMFIN.NS,1045
2024-03-20 00:00:00+05:30,445.59743592736044,452.9721577198613,443.6515955957999,450.3063659667969,4526425,0.0,0.0,SHRIRAMFIN.NS,1046
2024-03-21 00:00:00+05:30,451.96036074876264,458.23567826192846,445.59745428884025,449.6448059082031,8698620,0.0,0.0,SHRIRAMFIN.NS,1047
2024-03-22 00:00:00+05:30,455.13205018576014,458.9653580859043,448.54539122908824,453.51702880859375,6367775,0.0,0.0,SHRIRAMFIN.NS,1048
2024-03-26 00:00:00+05:30,443.8462035302754,464.9391061699684,443.64186891228525,461.6603698730469,10693585,0.0,0.0,SHRIRAMFIN.NS,1049
2024-03-27 00:00:00+05:30,468.94756561132385,472.83924665374144,456.29960222346654,464.34564208984375,77232200,0.0,0.0,SHRIRAMFIN.NS,1050
2024-03-28 00:00:00+05:30,461.9522106696848,465.9411891937617,454.9860988836618,459.17938232421875,11625440,0.0,0.0,SHRIRAMFIN.NS,1051
2024-04-01 00:00:00+05:30,461.3587739602767,474.2013028758715,460.39556276551,473.17974853515625,4228910,0.0,0.0,SHRIRAMFIN.NS,1052
2024-04-02 00:00:00+05:30,472.83920474479993,480.87553488628635,472.8294660418826,479.8345031738281,4433110,0.0,0.0,SHRIRAMFIN.NS,1053
2024-04-03 00:00:00+05:30,481.9846505645819,499.45828865959464,478.4432365537059,497.4443664550781,11588495,0.0,0.0,SHRIRAMFIN.NS,1054
2024-04-04 00:00:00+05:30,501.0441077363691,501.0441077363691,483.7358807098526,486.3238220214844,7019985,0.0,0.0,SHRIRAMFIN.NS,1055
2024-04-05 00:00:00+05:30,488.5129700702467,492.6868062357218,486.09040816084996,490.1280212402344,3253480,0.0,0.0,SHRIRAMFIN.NS,1056
2024-04-08 00:00:00+05:30,494.8174931369874,502.0852083975583,491.7138752472859,499.92535400390625,3678905,0.0,0.0,SHRIRAMFIN.NS,1057
2024-04-09 00:00:00+05:30,503.97266137542937,507.01790633857433,490.95498440630337,496.2671203613281,4766875,0.0,0.0,SHRIRAMFIN.NS,1058
2024-04-10 00:00:00+05:30,498.1253872774507,499.35127619021637,490.2544666818348,491.91815185546875,3504425,0.0,0.0,SHRIRAMFIN.NS,1059
2024-04-12 00:00:00+05:30,490.3420070832448,490.3420070832448,482.3543411251428,483.6580505371094,4144555,0.0,0.0,SHRIRAMFIN.NS,1060
2024-04-15 00:00:00+05:30,485.0979658931135,485.0979658931135,468.568033269039,469.852294921875,4750690,0.0,0.0,SHRIRAMFIN.NS,1061
2024-04-16 00:00:00+05:30,467.00168143817467,471.6716863760895,460.8431098283223,467.1476135253906,4033025,0.0,0.0,SHRIRAMFIN.NS,1062
2024-04-18 00:00:00+05:30,470.87391848106864,475.22287286477996,459.43236768555056,461.4463195800781,6791185,0.0,0.0,SHRIRAMFIN.NS,1063
2024-04-19 00:00:00+05:30,457.2432786695541,462.84730816837777,452.42731210760667,460.4928283691406,4797160,0.0,0.0,SHRIRAMFIN.NS,1064
2024-04-22 00:00:00+05:30,465.055827288617,473.2867233660145,461.9424709616827,471.79815673828125,3489700,0.0,0.0,SHRIRAMFIN.NS,1065
2024-04-23 00:00:00+05:30,475.16451870563344,477.97624269142216,470.3291040428219,472.2457580566406,2892585,0.0,0.0,SHRIRAMFIN.NS,1066
2024-04-24 00:00:00+05:30,472.25542821014426,482.8991768762972,470.504183841314,478.8810119628906,8459300,0.0,0.0,SHRIRAMFIN.NS,1067
2024-04-25 00:00:00+05:30,478.48211408250074,487.29676819600013,471.33117478989016,484.87420654296875,14587660,0.0,0.0,SHRIRAMFIN.NS,1068
2024-04-26 00:00:00+05:30,488.8923693841003,493.64996311106063,454.74286659933585,486.1876525878906,20810260,0.0,0.0,SHRIRAMFIN.NS,1069
2024-04-29 00:00:00+05:30,500.0712496979068,501.4333617460978,472.887856630144,484.9423522949219,11904615,0.0,0.0,SHRIRAMFIN.NS,1070
2024-04-30 00:00:00+05:30,485.09800716661476,501.79332100047145,483.3467330297901,496.52008056640625,13426225,0.0,0.0,SHRIRAMFIN.NS,1071
2024-05-02 00:00:00+05:30,495.51800664548114,505.7239304945806,493.2705632591796,502.4354553222656,9243475,0.0,0.0,SHRIRAMFIN.NS,1072
2024-05-03 00:00:00+05:30,505.9185176984969,517.2043685711435,501.08313267709315,503.6905517578125,7622145,0.0,0.0,SHRIRAMFIN.NS,1073
2024-05-06 00:00:00+05:30,505.91847779993134,507.6599834901026,486.23629248439477,495.7125549316406,4326785,0.0,0.0,SHRIRAMFIN.NS,1074
2024-05-07 00:00:00+05:30,495.7125608973821,499.10804275922953,475.1060893152521,483.6969909667969,7825870,0.0,0.0,SHRIRAMFIN.NS,1075
2024-05-08 00:00:00+05:30,483.2494751978107,486.0709378394681,473.3743114152574,476.34173583984375,7324775,0.0,0.0,SHRIRAMFIN.NS,1076
2024-05-09 00:00:00+05:30,476.34171481663964,481.4300682355225,458.0897231697168,459.3934326171875,4104015,0.0,0.0,SHRIRAMFIN.NS,1077
2024-05-10 00:00:00+05:30,461.9424436355736,468.30534929334726,453.59480238567323,456.17303466796875,10984650,0.0,0.0,SHRIRAMFIN.NS,1078
2024-05-13 00:00:00+05:30,456.2995688586521,458.1772976984375,443.4083763482531,447.8935241699219,8390345,0.0,0.0,SHRIRAMFIN.NS,1079
2024-05-14 00:00:00+05:30,456.29956256414437,470.4750166549704,450.8122785195017,453.44891357421875,12376035,0.0,0.0,SHRIRAMFIN.NS,1080
2024-05-15 00:00:00+05:30,454.9374856545674,455.715809928171,448.1367533533304,451.4349670410156,4269680,0.0,0.0,SHRIRAMFIN.NS,1081
2024-05-16 00:00:00+05:30,454.7428801397377,456.45522913491465,440.7328356724881,455.07366943359375,12445545,0.0,0.0,SHRIRAMFIN.NS,1082
2024-05-17 00:00:00+05:30,456.1049862969301,464.40399456836843,451.6295770473105,461.47552490234375,4729135,0.0,0.0,SHRIRAMFIN.NS,1083
2024-05-21 00:00:00+05:30,461.16414715278677,464.9585297670764,457.00978883666494,461.7965393066406,3935580,0.0,0.0,SHRIRAMFIN.NS,1084
2024-05-22 00:00:00+05:30,461.7965806966539,463.0808425246477,453.7894662153718,454.69427490234375,3465540,0.0,0.0,SHRIRAMFIN.NS,1085
2024-05-23 00:00:00+05:30,456.49417818096475,468.8891722576239,453.0889574178238,467.0892639160156,5512760,0.0,0.0,SHRIRAMFIN.NS,1086
2024-05-24 00:00:00+05:30,466.97250194565373,472.63490454294174,459.74371210374017,466.5152282714844,4877325,0.0,0.0,SHRIRAMFIN.NS,1087
2024-05-27 00:00:00+05:30,468.9475370775752,471.574433497838,462.33169158448334,463.1100158691406,3398210,0.0,0.0,SHRIRAMFIN.NS,1088
2024-05-28 00:00:00+05:30,465.0558664075365,473.42298626021545,462.1371057397068,465.77581787109375,6493910,0.0,0.0,SHRIRAMFIN.NS,1089
2024-05-29 00:00:00+05:30,462.14681996730286,466.5444084517777,458.8291586209698,462.0689697265625,2197930,0.0,0.0,SHRIRAMFIN.NS,1090
2024-05-30 00:00:00+05:30,460.3858374974092,463.1100021039064,445.9866011298983,448.06866455078125,6688165,0.0,0.0,SHRIRAMFIN.NS,1091
2024-05-31 00:00:00+05:30,451.22091920763177,464.5401988269016,450.1993648966499,458.060546875,12916455,0.0,0.0,SHRIRAMFIN.NS,1092
2024-06-03 00:00:00+05:30,476.7308766468428,495.595812731628,471.9149099960865,488.2405090332031,15161795,0.0,0.0,SHRIRAMFIN.NS,1093
2024-06-04 00:00:00+05:30,494.24349049698816,494.24349049698816,426.722830607484,439.89617919921875,17788625,0.0,0.0,SHRIRAMFIN.NS,1094
2024-06-05 00:00:00+05:30,436.2379401289154,466.5930308913238,433.9223854291775,464.55963134765625,7114095,0.0,0.0,SHRIRAMFIN.NS,1095
2024-06-06 00:00:00+05:30,472.839192842846,493.2705159903764,467.01141064622374,481.5565490722656,10501485,0.0,0.0,SHRIRAMFIN.NS,1096
2024-06-07 00:00:00+05:30,482.44195378780176,487.81249250526076,478.6864959199386,486.06121826171875,3706890,0.0,0.0,SHRIRAMFIN.NS,1097
2024-06-10 00:00:00+05:30,488.4059139482084,496.67573520031954,483.58023833109144,490.1766357421875,4849020,0.0,0.0,SHRIRAMFIN.NS,1098
2024-06-11 00:00:00+05:30,489.36912082014805,496.5882017523791,484.51425853400326,492.8813781738281,4681350,0.0,0.0,SHRIRAMFIN.NS,1099
2024-06-12 00:00:00+05:30,493.22190981487984,502.69814311066847,492.40463071442906,499.4875183105469,3510365,0.0,0.0,SHRIRAMFIN.NS,1100
2024-06-13 00:00:00+05:30,504.3618313831581,524.9196389794752,502.2408131918398,522.3218994140625,10022455,0.0,0.0,SHRIRAMFIN.NS,1101
2024-06-14 00:00:00+05:30,527.7119141315886,534.522355194735,524.413700564962,531.6327514648438,15318425,0.0,0.0,SHRIRAMFIN.NS,1102
2024-06-18 00:00:00+05:30,534.9017233510082,552.8423724692328,531.6716214753166,550.6241455078125,12393205,0.0,0.0,SHRIRAMFIN.NS,1103
2024-06-19 00:00:00+05:30,550.6339882724805,550.8674796407219,537.0519996571317,543.1327514648438,9175135,0.0,0.0,SHRIRAMFIN.NS,1104
2024-06-20 00:00:00+05:30,545.7206225618028,555.4401448724324,537.976216068141,545.8471069335938,6948810,0.0,0.0,SHRIRAMFIN.NS,1105
2024-06-21 00:00:00+05:30,546.7811141335649,553.0078267307234,543.862353737834,549.0480346679688,9672340,0.0,0.0,SHRIRAMFIN.NS,1106
2024-06-24 00:00:00+05:30,548.5907526841585,562.3478581367024,540.9143982927812,560.83984375,5367855,0.0,0.0,SHRIRAMFIN.NS,1107
2024-06-25 00:00:00+05:30,561.0343741960196,583.7520337567902,556.8313524270914,581.7769775390625,15844875,0.0,0.0,SHRIRAMFIN.NS,1108
2024-06-26 00:00:00+05:30,580.9889770683568,595.3201314162682,575.696289018555,581.6213989257812,9032225,0.0,0.0,SHRIRAMFIN.NS,1109
2024-06-27 00:00:00+05:30,581.2321498126054,583.1001990923899,568.9539033448102,574.2271728515625,12298175,0.0,0.0,SHRIRAMFIN.NS,1110
2024-06-28 00:00:00+05:30,574.2272653116767,577.7783884907647,564.2937284724765,566.5314331054688,6005455,0.0,0.0,SHRIRAMFIN.NS,1111
2024-07-01 00:00:00+05:30,564.69256123653,572.4662431589101,564.69256123653,569.0123291015625,6673330,0.0,0.0,SHRIRAMFIN.NS,1112
2024-07-02 00:00:00+05:30,569.547492594733,572.0770612896786,547.8805413561254,549.680419921875,12638725,0.0,0.0,SHRIRAMFIN.NS,1113
2024-07-03 00:00:00+05:30,552.6186702753803,561.3749520227015,545.9152358859483,554.652099609375,7945600,0.0,0.0,SHRIRAMFIN.NS,1114
2024-07-04 00:00:00+05:30,558.0573271940037,558.0670065149027,548.7269962884594,551.4025268554688,3958315,0.0,0.0,SHRIRAMFIN.NS,1115
2024-07-05 00:00:00+05:30,551.645840718651,558.8941092324287,547.6179362013232,557.6487426757812,6163345,0.0,0.0,SHRIRAMFIN.NS,1116
2024-07-08 00:00:00+05:30,555.7320301315891,555.7320301315891,544.0764057552832,546.4114379882812,4065755,0.0,0.0,SHRIRAMFIN.NS,1117
2024-07-09 00:00:00+05:30,546.5671002851885,547.5496997373974,539.9998893938676,543.2786254882812,6359760,0.0,0.0,SHRIRAMFIN.NS,1118
2024-07-10 00:00:00+05:30,543.6580683396877,545.7401318621858,526.3498390040537,537.4605712890625,8300735,0.0,0.0,SHRIRAMFIN.NS,1119
2024-07-11 00:00:00+05:30,537.4605234728115,542.0041032511283,528.1302526474894,532.9656372070312,5689115,0.0,0.0,SHRIRAMFIN.NS,1120
2024-07-12 00:00:00+05:30,535.1061300535456,556.5103752556873,535.1061300535456,543.7456665039062,9030805,0.0,0.0,SHRIRAMFIN.NS,1121
2024-07-15 00:00:00+05:30,547.3648900438834,562.1532892109866,546.2363287209844,560.849609375,7400215,0.0,0.0,SHRIRAMFIN.NS,1122
2024-07-16 00:00:00+05:30,561.7446809307256,564.2937271545263,545.2245146105153,547.4622192382812,4907090,0.0,0.0,SHRIRAMFIN.NS,1123
2024-07-18 00:00:00+05:30,540.3599104825199,559.2247882970041,540.3599104825199,557.9308471679688,4119020,0.0,0.0,SHRIRAMFIN.NS,1124
2024-07-19 00:00:00+05:30,556.5103554135982,559.5944958261613,542.7629882119726,546.946533203125,3677715,0.0,0.0,SHRIRAMFIN.NS,1125
2024-07-22 00:00:00+05:30,544.8157488244376,554.1655556050925,537.8399287156807,550.1668090820312,2717785,0.0,0.0,SHRIRAMFIN.NS,1126
2024-07-23 00:00:00+05:30,553.0230086104715,553.0230086104715,521.0192420515884,535.847412109375,12227465,3.0,0.0,SHRIRAMFIN.NS,1127
2024-07-24 00:00:00+05:30,535.8082246980439,539.9162954072569,521.3909041877488,532.9227905273438,5130575,0.0,0.0,SHRIRAMFIN.NS,1128
2024-07-25 00:00:00+05:30,528.0812065855965,530.1352121256513,515.5613604588129,524.0709228515625,10445410,0.0,0.0,SHRIRAMFIN.NS,1129
2024-07-26 00:00:00+05:30,529.3135730955654,595.4728967975029,526.2227741469685,572.1939086914062,32196680,0.0,0.0,SHRIRAMFIN.NS,1130
2024-07-29 00:00:00+05:30,580.9969017864864,593.8590624649156,568.2814813770178,575.715087890625,12753435,0.0,0.0,SHRIRAMFIN.NS,1131
2024-07-30 00:00:00+05:30,575.7150821571918,583.2270137517565,565.7384155406673,569.6605834960938,9486875,0.0,0.0,SHRIRAMFIN.NS,1132
2024-07-31 00:00:00+05:30,573.9350047875207,576.5073773282226,570.4431474160758,573.5535278320312,4655790,0.0,0.0,SHRIRAMFIN.NS,1133
2024-08-01 00:00:00+05:30,573.7393229291813,586.6698981608173,571.2059937820388,584.7625732421875,8859720,0.0,0.0,SHRIRAMFIN.NS,1134
2024-08-02 00:00:00+05:30,576.1063568379175,591.3453158958162,571.2158105150149,585.3201293945312,8905205,0.0,0.0,SHRIRAMFIN.NS,1135
2024-08-05 00:00:00+05:30,562.6084133641073,575.4900945738923,549.3256739582804,565.6307373046875,9480440,0.0,0.0,SHRIRAMFIN.NS,1136
2024-08-06 00:00:00+05:30,571.2451880606245,575.216309325873,552.631739917247,554.9400634765625,5917390,0.0,0.0,SHRIRAMFIN.NS,1137
2024-08-07 00:00:00+05:30,565.3667608461473,573.5828432071177,561.5423200235606,572.2037353515625,3986695,0.0,0.0,SHRIRAMFIN.NS,1138
2024-08-08 00:00:00+05:30,571.215834885049,571.215834885049,559.204623948016,561.8651123046875,4434050,0.0,0.0,SHRIRAMFIN.NS,1139
2024-08-09 00:00:00+05:30,569.2595998680299,581.6522277061232,563.4105254885466,578.6690063476562,4568775,0.0,0.0,SHRIRAMFIN.NS,1140
2024-08-12 00:00:00+05:30,577.0746325420885,589.79984267978,572.7025131101044,582.1901245117188,5709795,0.0,0.0,SHRIRAMFIN.NS,1141
2024-08-13 00:00:00+05:30,582.9531882627415,585.9755725030318,559.5763502900317,565.611328125,7249815,0.0,0.0,SHRIRAMFIN.NS,1142
2024-08-14 00:00:00+05:30,567.4990715670948,570.5507680425268,560.2610383092536,566.3449096679688,3626125,0.0,0.0,SHRIRAMFIN.NS,1143
2024-08-16 00:00:00+05:30,569.8464126262622,585.2810049070426,567.7043510279537,583.2465209960938,4976095,0.0,0.0,SHRIRAMFIN.NS,1144
2024-08-19 00:00:00+05:30,592.3429221006152,603.4933911324388,589.4183850730692,601.654541015625,9092170,0.0,0.0,SHRIRAMFIN.NS,1145
2024-08-20 00:00:00+05:30,609.9489114119268,621.4906484534648,597.0966010908858,618.1356811523438,12149555,0.0,0.0,SHRIRAMFIN.NS,1146
2024-08-21 00:00:00+05:30,614.2429239408796,624.0338087682309,609.7240632050346,617.9793090820312,5227030,0.0,0.0,SHRIRAMFIN.NS,1147
2024-08-22 00:00:00+05:30,619.1431845884475,619.5246615417963,610.9857267893194,614.9568481445312,4610695,0.0,0.0,SHRIRAMFIN.NS,1148
2024-08-23 00:00:00+05:30,618.1650745689711,618.6150263364243,609.8902484398853,611.6215209960938,2466965,0.0,0.0,SHRIRAMFIN.NS,1149
2024-08-26 00:00:00+05:30,614.252615465,622.0285960241522,608.5795936951016,618.5856323242188,3366050,0.0,0.0,SHRIRAMFIN.NS,1150
2024-08-27 00:00:00+05:30,616.9717606198437,639.4682726132153,609.5576760384685,631.7509765625,9915805,0.0,0.0,SHRIRAMFIN.NS,1151
2024-08-28 00:00:00+05:30,630.880518655387,635.3797976995086,624.3760677229611,626.3518676757812,3352220,0.0,0.0,SHRIRAMFIN.NS,1152
2024-08-29 00:00:00+05:30,625.7943476906709,638.1185612708803,621.0113786605011,626.0877685546875,5976425,0.0,0.0,SHRIRAMFIN.NS,1153
2024-08-30 00:00:00+05:30,626.136718287492,630.7631563650003,621.4906989194731,626.8703002929688,11026125,0.0,0.0,SHRIRAMFIN.NS,1154
2024-09-02 00:00:00+05:30,629.8925888701223,637.4142516594337,628.7384270777547,630.9293823242188,3165735,0.0,0.0,SHRIRAMFIN.NS,1155
2024-09-03 00:00:00+05:30,628.141780472434,642.236308680957,624.0435002735849,639.9964599609375,7181415,0.0,0.0,SHRIRAMFIN.NS,1156
2024-09-04 00:00:00+05:30,633.2376678708172,642.0211293175058,631.0760846882923,634.5874633789062,3467420,0.0,0.0,SHRIRAMFIN.NS,1157
2024-09-05 00:00:00+05:30,635.174436985574,644.3784195835552,631.6923701321531,634.8907470703125,3368300,0.0,0.0,SHRIRAMFIN.NS,1158
2024-09-06 00:00:00+05:30,636.5339899619372,639.0868408712794,629.9414832254012,632.9638671875,3058060,0.0,0.0,SHRIRAMFIN.NS,1159
2024-09-09 00:00:00+05:30,643.5958564130356,650.090515857194,629.139373718306,648.6233520507812,8095085,0.0,0.0,SHRIRAMFIN.NS,1160
2024-09-10 00:00:00+05:30,651.0100110429229,652.9662296622539,631.8879859787726,637.737060546875,6190070,0.0,0.0,SHRIRAMFIN.NS,1161
2024-09-11 00:00:00+05:30,638.7151612325624,645.1608680647574,636.573099485355,641.6201171875,2946285,0.0,0.0,SHRIRAMFIN.NS,1162
2024-09-12 00:00:00+05:30,645.5521808166102,667.5400602352714,644.6816491540987,665.2611083984375,9163615,0.0,0.0,SHRIRAMFIN.NS,1163
2024-09-13 00:00:00+05:30,665.0556060049325,670.0048364232503,658.2675254202152,658.9033203125,4786700,0.0,0.0,SHRIRAMFIN.NS,1164
2024-09-16 00:00:00+05:30,660.8105720787725,672.9097784810683,657.7980386329114,668.8212890625,4724820,0.0,0.0,SHRIRAMFIN.NS,1165
2024-09-17 00:00:00+05:30,668.0486216517971,678.1720285688035,666.5716671238227,669.9265747070312,8030320,0.0,0.0,SHRIRAMFIN.NS,1166
2024-09-18 00:00:00+05:30,673.8195441764541,702.2727112754441,672.9392218960954,699.2894897460938,10582475,0.0,0.0,SHRIRAMFIN.NS,1167
2024-09-19 00:00:00+05:30,698.6732179910468,708.8650996896554,684.6764769712116,689.635498046875,6428925,0.0,0.0,SHRIRAMFIN.NS,1168
2024-09-20 00:00:00+05:30,692.3057893377952,701.5000411518763,688.0021439964194,690.9559936523438,6407140,0.0,0.0,SHRIRAMFIN.NS,1169
2024-09-23 00:00:00+05:30,694.6434018787854,706.5861371622217,692.5013402603571,697.9200439453125,2935070,0.0,0.0,SHRIRAMFIN.NS,1170
2024-09-24 00:00:00+05:30,700.6196352772347,700.6196352772347,685.0677342116292,687.8651123046875,6681865,0.0,0.0,SHRIRAMFIN.NS,1171
2024-09-25 00:00:00+05:30,687.8651680838286,692.4622938152676,676.4603800118509,689.3812255859375,3801635,0.0,0.0,SHRIRAMFIN.NS,1172
2024-09-26 00:00:00+05:30,691.9340622223042,711.4767265732544,690.4571076318697,709.8041381835938,5359390,0.0,0.0,SHRIRAMFIN.NS,1173
2024-09-27 00:00:00+05:30,707.7598143465858,714.4598983858186,703.4170069811164,708.3565063476562,4967200,0.0,0.0,SHRIRAMFIN.NS,1174
2024-09-30 00:00:00+05:30,706.9675871322153,713.0318766263197,697.978760433937,699.7296142578125,4405700,0.0,0.0,SHRIRAMFIN.NS,1175
2024-10-01 00:00:00+05:30,699.7393535100554,709.6769168273848,695.9833878717991,698.4482421875,3381135,0.0,0.0,SHRIRAMFIN.NS,1176
2024-10-03 00:00:00+05:30,698.3700001342612,699.3285280895728,665.1240764864405,666.9727172851562,8036680,0.0,0.0,SHRIRAMFIN.NS,1177
2024-10-04 00:00:00+05:30,666.4836775882158,667.9508414868992,648.5842302650364,652.6531982421875,8827525,0.0,0.0,SHRIRAMFIN.NS,1178
2024-10-07 00:00:00+05:30,659.2065119465609,667.6573302430537,636.9447365291519,645.4249267578125,5480765,0.0,0.0,SHRIRAMFIN.NS,1179
2024-10-08 00:00:00+05:30,641.2484029796622,659.8422694482201,641.2484029796622,651.2838134765625,9122180,0.0,0.0,SHRIRAMFIN.NS,1180
2024-10-09 00:00:00+05:30,656.2135871700751,680.7641079894988,653.3770461738294,662.7571411132812,6569580,0.0,0.0,SHRIRAMFIN.NS,1181
2024-10-10 00:00:00+05:30,665.1142910749494,668.2344619754542,650.6187048026358,652.9172973632812,3740385,0.0,0.0,SHRIRAMFIN.NS,1182
2024-10-11 00:00:00+05:30,655.3331761116009,656.8786053918963,647.1268254441629,653.6116943359375,1799620,0.0,0.0,SHRIRAMFIN.NS,1183
2024-10-14 00:00:00+05:30,658.8543870937281,670.9829660447114,656.0667995254958,664.1948852539062,3844085,0.0,0.0,SHRIRAMFIN.NS,1184
2024-10-15 00:00:00+05:30,669.026785733513,672.6653238073939,658.971793105246,665.3392944335938,5209855,0.0,0.0,SHRIRAMFIN.NS,1185
2024-10-16 00:00:00+05:30,668.4398764296028,669.4179856665797,658.6783056492197,663.236328125,1607350,0.0,0.0,SHRIRAMFIN.NS,1186
2024-10-17 00:00:00+05:30,661.0061946874105,662.3657808222432,634.9787228382803,637.4533081054688,8237815,0.0,0.0,SHRIRAMFIN.NS,1187
2024-10-18 00:00:00+05:30,623.5934895217663,660.0085345236965,615.3774083115064,654.2865600585938,9380205,0.0,0.0,SHRIRAMFIN.NS,1188
2024-10-21 00:00:00+05:30,656.6927424048378,661.8864998078903,640.074676843816,648.15380859375,5627980,0.0,0.0,SHRIRAMFIN.NS,1189
2024-10-22 00:00:00+05:30,648.1538202692809,663.3536755399966,633.8147655749353,636.6513061523438,19691260,0.0,0.0,SHRIRAMFIN.NS,1190
2024-10-23 00:00:00+05:30,625.9899047439267,637.8250025008718,620.131040031062,625.5497436523438,9660305,0.0,0.0,SHRIRAMFIN.NS,1191
2024-10-24 00:00:00+05:30,624.0337166987789,638.9009896006919,623.1631851173042,634.8125,7501270,0.0,0.0,SHRIRAMFIN.NS,1192
2024-10-25 00:00:00+05:30,636.612157544015,636.612157544015,592.3429243512657,604.9899291992188,15251890,0.0,0.0,SHRIRAMFIN.NS,1193
2024-10-28 00:00:00+05:30,618.9475706331186,654.1888783659451,615.035133322291,637.59033203125,21602980,0.0,0.0,SHRIRAMFIN.NS,1194
2024-10-29 00:00:00+05:30,634.225648669444,642.7450026084457,618.6345832263019,638.8618774414062,10906400,0.0,0.0,SHRIRAMFIN.NS,1195
2024-10-30 00:00:00+05:30,629.3252803110917,637.6685813203718,621.4808842971931,623.2120971679688,6964385,0.0,0.0,SHRIRAMFIN.NS,1196
2024-10-31 00:00:00+05:30,623.0556145379906,623.0556145379906,604.0020647701019,614.0374755859375,8075010,0.0,0.0,SHRIRAMFIN.NS,1197
2024-11-01 00:00:00+05:30,617.9693948407787,618.9475040632867,614.2525917350579,616.3946533203125,286730,0.0,0.0,SHRIRAMFIN.NS,1198
2024-11-04 00:00:00+05:30,617.265198534242,620.0527860005411,608.178525448397,615.7980346679688,4842960,0.0,0.0,SHRIRAMFIN.NS,1199
2024-11-05 00:00:00+05:30,617.6956261070201,621.2950612945589,597.6248034567865,618.6150512695312,7606175,0.0,0.0,SHRIRAMFIN.NS,1200
2024-11-06 00:00:00+05:30,623.4468677615346,625.9899279642688,613.5288255125784,623.38818359375,4294660,0.0,0.0,SHRIRAMFIN.NS,1201
2024-11-07 00:00:00+05:30,629.1400414150502,629.1400414150502,602.3701686371159,604.7635498046875,5846920,4.4,0.0,SHRIRAMFIN.NS,1202
2024-11-08 00:00:00+05:30,607.6887717495881,607.6887717495881,590.3641983057598,592.5113525390625,3851745,0.0,0.0,SHRIRAMFIN.NS,1203
2024-11-11 00:00:00+05:30,592.915118310872,602.1830839924199,582.6326676751376,590.8369750976562,4101875,0.0,0.0,SHRIRAMFIN.NS,1204
2024-11-12 00:00:00+05:30,593.7917004423869,595.9387944835097,575.7087887053947,577.3929443359375,5430660,0.0,0.0,SHRIRAMFIN.NS,1205
2024-11-13 00:00:00+05:30,577.2550422132915,577.2550422132915,559.2804560347806,562.1564331054688,6755505,0.0,0.0,SHRIRAMFIN.NS,1206
2024-11-14 00:00:00+05:30,561.9495599050946,564.7467273342489,548.2002114800956,556.000732421875,7172685,0.0,0.0,SHRIRAMFIN.NS,1207
2024-11-18 00:00:00+05:30,556.0007001112357,564.7072596928326,551.5488933781844,561.0335693359375,4841895,0.0,0.0,SHRIRAMFIN.NS,1208
2024-11-19 00:00:00+05:30,561.0040453608365,564.5497532162541,551.8838400934766,556.4242553710938,5942545,0.0,0.0,SHRIRAMFIN.NS,1209
2024-11-21 00:00:00+05:30,558.630372549175,558.8372250189356,545.2454367559739,551.9822387695312,4777400,0.0,0.0,SHRIRAMFIN.NS,1210
2024-11-22 00:00:00+05:30,541.6998624270321,564.3527657648898,540.8232791313656,561.4078979492188,8194990,0.0,0.0,SHRIRAMFIN.NS,1211
2024-11-25 00:00:00+05:30,576.5557282439646,593.8999563221173,576.5557282439646,580.6627807617188,13791540,0.0,0.0,SHRIRAMFIN.NS,1212
2024-11-26 00:00:00+05:30,584.0016602685033,606.5658934714222,580.8991736341721,600.0753784179688,10105100,0.0,0.0,SHRIRAMFIN.NS,1213
2024-11-27 00:00:00+05:30,596.638087566771,604.0839957631905,592.3930728876629,594.6879272460938,4064750,0.0,0.0,SHRIRAMFIN.NS,1214
2024-11-28 00:00:00+05:30,598.824521867539,605.7188831390404,589.2216615250909,599.5533447265625,12057145,0.0,0.0,SHRIRAMFIN.NS,1215
2024-11-29 00:00:00+05:30,602.2716842168135,604.054366601184,589.4087786968106,594.81591796875,5600545,0.0,0.0,SHRIRAMFIN.NS,1216
2024-12-02 00:00:00+05:30,594.8160125366343,613.5686559661017,593.0530472829374,609.5010375976562,5433440,0.0,0.0,SHRIRAMFIN.NS,1217
2024-12-03 00:00:00+05:30,616.7499393833258,631.7008486457358,615.5778954368292,621.5858154296875,9872220,0.0,0.0,SHRIRAMFIN.NS,1218
2024-12-04 00:00:00+05:30,619.6159536670796,625.1117615402768,614.5239920611469,617.0059814453125,5743725,0.0,0.0,SHRIRAMFIN.NS,1219
2024-12-05 00:00:00+05:30,620.9751505573018,622.2752374097334,605.3249350241366,615.8240966796875,7117350,0.0,0.0,SHRIRAMFIN.NS,1220
2024-12-06 00:00:00+05:30,615.9619662885458,620.1478285439541,609.3827228314366,615.8339233398438,3193785,0.0,0.0,SHRIRAMFIN.NS,1221
2024-12-09 00:00:00+05:30,610.7616298266414,623.1222230329442,609.7570036312813,612.0026245117188,3963995,0.0,0.0,SHRIRAMFIN.NS,1222
2024-12-10 00:00:00+05:30,615.6566749410257,629.7802336228264,612.4162864807677,627.682373046875,5630900,0.0,0.0,SHRIRAMFIN.NS,1223
2024-12-11 00:00:00+05:30,629.4551126124305,643.6575390436805,626.0079322364281,639.845947265625,7350105,0.0,0.0,SHRIRAMFIN.NS,1224
2024-12-12 00:00:00+05:30,638.1224529577357,643.1454639290135,634.5866038191782,639.8164672851562,5108345,0.0,0.0,SHRIRAMFIN.NS,1225
2024-12-13 00:00:00+05:30,638.624674142612,641.1066634990879,614.1103403506432,622.9646606445312,6003130,0.0,0.0,SHRIRAMFIN.NS,1226
2024-12-16 00:00:00+05:30,625.2200663446607,629.7506826911218,615.9619601058279,618.0203857421875,2943305,0.0,0.0,SHRIRAMFIN.NS,1227
2024-12-17 00:00:00+05:30,617.5378316886229,617.5378316886229,584.1001651429573,586.39501953125,10413170,0.0,0.0,SHRIRAMFIN.NS,1228
2024-12-18 00:00:00+05:30,586.3950192819145,597.4456674105774,572.9904246411743,577.432373046875,7447675,0.0,0.0,SHRIRAMFIN.NS,1229
2024-12-19 00:00:00+05:30,565.3376509366118,581.5886461290405,562.048029095957,580.199951171875,7354675,0.0,0.0,SHRIRAMFIN.NS,1230
2024-12-20 00:00:00+05:30,581.7364346047027,583.2039391686803,560.1471893934214,566.7658081054688,12499100,0.0,0.0,SHRIRAMFIN.NS,1231
2024-12-23 00:00:00+05:30,572.4289969145527,581.8840971892321,565.8891881656343,567.8787231445312,4691250,0.0,0.0,SHRIRAMFIN.NS,1232
2024-12-24 00:00:00+05:30,567.8983483961566,570.7743251634154,562.4026009772289,567.8885498046875,2020780,0.0,0.0,SHRIRAMFIN.NS,1233
2024-12-26 00:00:00+05:30,569.7303466065028,578.3285808999767,565.5641416474083,576.5458984375,4462340,0.0,0.0,SHRIRAMFIN.NS,1234
2024-12-27 00:00:00+05:30,578.5157394248514,579.0968019566642,569.3757568480917,571.0304565429688,1524915,0.0,0.0,SHRIRAMFIN.NS,1235
2024-12-30 00:00:00+05:30,573.7684687985629,584.8093181006167,570.3212879945069,574.98974609375,3452720,0.0,0.0,SHRIRAMFIN.NS,1236
2024-12-31 00:00:00+05:30,570.8333924447244,573.7486836791271,567.5142549856286,569.1098022460938,4075070,0.0,0.0,SHRIRAMFIN.NS,1237
2025-01-01 00:00:00+05:30,571.0500921195442,577.3535322854015,567.878714738801,574.9207763671875,1297175,0.0,0.0,SHRIRAMFIN.NS,1238
2025-01-02 00:00:00+05:30,578.5945486921594,604.517355674316,577.4717382261804,602.7740478515625,7297085,0.0,0.0,SHRIRAMFIN.NS,1239
2025-01-03 00:00:00+05:30,602.7642147986656,610.2494979956373,598.0661803585868,600.4693603515625,3652225,0.0,0.0,SHRIRAMFIN.NS,1240
2025-01-06 00:00:00+05:30,597.0517108609439,606.9697494294646,582.0810854723455,584.9471435546875,5430225,0.0,0.0,SHRIRAMFIN.NS,1241
2025-01-07 00:00:00+05:30,586.4245452241881,595.2789261802782,581.0962148567916,582.7508544921875,2781710,0.0,0.0,SHRIRAMFIN.NS,1242
2025-01-08 00:00:00+05:30,585.0358043438713,585.0358043438713,559.5955942018297,571.0008544921875,4976035,0.0,0.0,SHRIRAMFIN.NS,1243
2025-01-09 00:00:00+05:30,571.9858138082803,576.0042587423931,551.7459489929356,553.4891967773438,5408205,0.0,0.0,SHRIRAMFIN.NS,1244
2025-01-10 00:00:00+05:30,557.4583318036301,557.4583318036301,521.0167094065731,523.971435546875,5999299,0.0,5.0,SHRIRAMFIN.NS,1245
2025-01-13 00:00:00+05:30,522.050907873431,532.5402108491479,510.9214502333297,513.2359619140625,5558523,0.0,0.0,SHRIRAMFIN.NS,1246
2025-01-14 00:00:00+05:30,518.9977050990855,539.2375689520057,510.4782199184196,535.8888549804688,6987503,0.0,0.0,SHRIRAMFIN.NS,1247
2025-01-15 00:00:00+05:30,536.7752931021002,537.7109684798613,521.1152192210196,525.1533813476562,4072535,0.0,0.0,SHRIRAMFIN.NS,1248
2025-01-16 00:00:00+05:30,527.4679319786574,545.3932853903733,527.4679319786574,538.5481567382812,6194466,0.0,0.0,SHRIRAMFIN.NS,1249
2025-01-17 00:00:00+05:30,538.3018512593658,539.2867599836951,515.9444111942792,518.554443359375,5347916,0.0,0.0,SHRIRAMFIN.NS,1250
2025-01-20 00:00:00+05:30,503.2884124280191,513.6299551491428,485.9047775796319,508.90240478515625,12701612,0.0,0.0,SHRIRAMFIN.NS,1251
2025-01-21 00:00:00+05:30,510.18272000018766,522.7403062550186,505.7013973202949,512.447998046875,7753705,0.0,0.0,SHRIRAMFIN.NS,1252
2025-01-22 00:00:00+05:30,512.4972643795729,520.3765346926346,505.30744224171667,510.8229675292969,5895189,0.0,0.0,SHRIRAMFIN.NS,1253
2025-01-23 00:00:00+05:30,510.8229900847102,525.3996287846938,503.87936478051006,521.8046875,5150004,0.0,0.0,SHRIRAMFIN.NS,1254
2025-01-24 00:00:00+05:30,523.9222015098603,533.6235282800048,501.46626483610055,519.4901123046875,7602501,0.0,0.0,SHRIRAMFIN.NS,1255
2025-01-27 00:00:00+05:30,517.9635381616367,522.6418547466359,500.48137770803106,503.9285583496094,8523575,0.0,0.0,SHRIRAMFIN.NS,1256
2025-01-28 00:00:00+05:30,512.2018367460867,533.6236042890605,500.9246484186028,522.1001586914062,16222471,0.0,0.0,SHRIRAMFIN.NS,1257
2025-01-29 00:00:00+05:30,523.1343455364845,547.2646117071068,522.2479035498973,545.1470336914062,9135552,0.0,0.0,SHRIRAMFIN.NS,1258
2025-01-30 00:00:00+05:30,545.1470172879277,551.5489244466839,528.7482618279506,530.1763916015625,7172857,0.0,0.0,SHRIRAMFIN.NS,1259
2025-01-31 00:00:00+05:30,540.6651793302339,545.1179487267856,530.5722232858066,538.04296875,4058608,2.5,0.0,SHRIRAMFIN.NS,1260
2025-02-01 00:00:00+05:30,542.149439532138,543.8810720871755,512.5632362911053,526.2183837890625,3874882,0.0,0.0,SHRIRAMFIN.NS,1261
2025-02-03 00:00:00+05:30,519.4897460048041,552.143387182249,510.5842075018646,540.4177856445312,7442129,0.0,0.0,SHRIRAMFIN.NS,1262
2025-02-04 00:00:00+05:30,550.1644392406264,573.8136182506983,539.6757168949399,570.6966552734375,12290382,0.0,0.0,SHRIRAMFIN.NS,1263
2025-02-05 00:00:00+05:30,570.9439583366942,584.599105053359,562.4342458537928,565.3037719726562,6953215,0.0,0.0,SHRIRAMFIN.NS,1264
2025-02-06 00:00:00+05:30,564.0174767363741,564.0174767363741,548.5317095769316,560.40576171875,6345455,0.0,0.0,SHRIRAMFIN.NS,1265
2025-02-07 00:00:00+05:30,561.9395212403384,573.0219211855263,549.0264416922157,553.6771240234375,5747620,0.0,0.0,SHRIRAMFIN.NS,1266
2025-02-10 00:00:00+05:30,555.8045794960399,560.6531143476916,540.7641020001095,554.9140014648438,4253881,0.0,0.0,SHRIRAMFIN.NS,1267
2025-02-11 00:00:00+05:30,560.059426744381,560.059426744381,528.3952895432852,532.8975219726562,6416783,0.0,0.0,SHRIRAMFIN.NS,1268
2025-02-12 00:00:00+05:30,532.8975746815865,545.7116685515075,521.4688111090561,541.4073486328125,5467745,0.0,0.0,SHRIRAMFIN.NS,1269
2025-02-13 00:00:00+05:30,541.2588343281327,554.3697658726442,532.3532959205401,542.8915405273438,5723009,0.0,0.0,SHRIRAMFIN.NS,1270
2025-02-14 00:00:00+05:30,545.1674107315745,549.1254279647366,521.2708575285383,533.4912719726562,6763071,0.0,0.0,SHRIRAMFIN.NS,1271
2025-02-17 00:00:00+05:30,531.363811135803,547.19587999646,519.5886857628693,544.5736694335938,4397756,0.0,0.0,SHRIRAMFIN.NS,1272
2025-02-18 00:00:00+05:30,545.1674620016231,548.6307274063413,533.4417986089152,547.542236328125,2988732,0.0,0.0,SHRIRAMFIN.NS,1273
2025-02-19 00:00:00+05:30,542.0504524415322,553.8750411013465,540.7641089091305,551.9454956054688,4066886,0.0,0.0,SHRIRAMFIN.NS,1274
2025-02-20 00:00:00+05:30,551.1539455182004,576.1389313787652,551.1539455182004,574.7536010742188,7590778,0.0,0.0,SHRIRAMFIN.NS,1275
2025-02-21 00:00:00+05:30,574.7535907905452,588.4582625907361,570.6471838801041,578.958984375,9328402,0.0,0.0,SHRIRAMFIN.NS,1276
2025-02-24 00:00:00+05:30,569.954489472969,575.6441393244787,562.8300462756467,571.1419067382812,4523171,0.0,0.0,SHRIRAMFIN.NS,1277
2025-02-25 00:00:00+05:30,575.6936465144988,580.5917053621232,565.5017632968954,568.222900390625,6222936,0.0,0.0,SHRIRAMFIN.NS,1278
2025-02-27 00:00:00+05:30,575.1988530473731,602.4102220323599,574.2093487206463,600.4312133789062,17099035,0.0,0.0,SHRIRAMFIN.NS,1279
2025-02-28 00:00:00+05:30,603.5482118482765,613.4927188408996,595.9290160031157,610.821044921875,23771834,0.0,0.0,SHRIRAMFIN.NS,1280
2025-03-03 00:00:00+05:30,618.7370702126515,623.387752828537,608.446261005865,614.779052734375,10284029,0.0,0.0,SHRIRAMFIN.NS,1281
2025-03-04 00:00:00+05:30,612.107363767113,628.7310850816862,606.9619894878476,626.25732421875,5369562,0.0,0.0,SHRIRAMFIN.NS,1282
2025-03-05 00:00:00+05:30,620.0233898296431,630.8090111985447,614.9769418978753,624.674072265625,9532495,0.0,0.0,SHRIRAMFIN.NS,1283
2025-03-06 00:00:00+05:30,632.0953601611988,643.9694122383455,630.3142644285372,637.5870971679688,8075827,0.0,0.0,SHRIRAMFIN.NS,1284
2025-03-07 00:00:00+05:30,637.5870677357708,640.8524802218903,620.8644814024659,624.228759765625,5829062,0.0,0.0,SHRIRAMFIN.NS,1285
2025-03-10 00:00:00+05:30,624.9214372573229,634.7670172578472,616.312737648961,619.0338745117188,4906168,0.0,0.0,SHRIRAMFIN.NS,1286
2025-03-11 00:00:00+05:30,617.6486235087846,633.2827800626713,609.0893867766791,631.5511474609375,6734891,0.0,0.0,SHRIRAMFIN.NS,1287
2025-03-12 00:00:00+05:30,632.2933034579369,640.4567146528163,622.4971858662595,630.2648315429688,5378060,0.0,0.0,SHRIRAMFIN.NS,1288
2025-03-13 00:00:00+05:30,631.3037292870339,637.2407549543101,611.0188915905069,613.04736328125,5273706,0.0,0.0,SHRIRAMFIN.NS,1289
2025-03-17 00:00:00+05:30,606.9619638976852,622.8929590255058,606.9619638976852,616.7085571289062,4548324,0.0,0.0,SHRIRAMFIN.NS,1290
2025-03-18 00:00:00+05:30,616.7085571289062,616.7085571289062,616.7085571289062,616.7085571289062,0,0.0,0.0,SHRIRAMFIN.NS,1291
2025-03-19 00:00:00+05:30,638.9229219869269,670.488072099998,630.957424657815,660.9393920898438,9823834,0.0,0.0,SHRIRAMFIN.NS,1292
2025-03-20 00:00:00+05:30,682.7579747331459,687.7054962891833,658.0203669529595,660.8899536132812,8747482,0.0,0.0,SHRIRAMFIN.NS,1293
2025-03-21 00:00:00+05:30,662.0278744768606,671.8734548559429,660.6426046211056,669.696533203125,6365496,0.0,0.0,SHRIRAMFIN.NS,1294
2025-03-24 00:00:00+05:30,669.8943975454202,687.6065483148541,666.9258847054848,674.8419189453125,4983671,0.0,0.0,SHRIRAMFIN.NS,1295
2025-03-25 00:00:00+05:30,680.7789653598146,680.7789653598146,660.6920399433697,671.230224609375,5257157,0.0,0.0,SHRIRAMFIN.NS,1296
2025-03-26 00:00:00+05:30,671.6755166744614,673.7535119718606,662.2257625489008,664.9468994140625,4792266,0.0,0.0,SHRIRAMFIN.NS,1297
2025-03-27 00:00:00+05:30,662.9678756275332,677.2167615898849,659.2077713969137,671.378662109375,4628163,0.0,0.0,SHRIRAMFIN.NS,1298
2025-03-28 00:00:00+05:30,674.8419183870641,677.8104312245439,643.32623125364,649.1148071289062,6806264,0.0,0.0,SHRIRAMFIN.NS,1299
2025-04-01 00:00:00+05:30,645.156796819144,647.0368791272034,627.2467933352051,630.759521484375,7600903,0.0,0.0,SHRIRAMFIN.NS,1300
2025-04-02 00:00:00+05:30,633.2828264411846,637.2408441064421,623.8825344861983,632.6891479492188,4387926,0.0,0.0,SHRIRAMFIN.NS,1301
2025-04-03 00:00:00+05:30,626.3562603696315,653.617093430031,625.3667560088579,647.2843017578125,3704676,0.0,0.0,SHRIRAMFIN.NS,1302
2025-04-04 00:00:00+05:30,648.6200725735677,658.020363480431,642.683046737654,646.739990234375,5191619,0.0,0.0,SHRIRAMFIN.NS,1303
2025-04-07 00:00:00+05:30,589.7445859629479,623.3382703462912,583.0654316756159,607.5556640625,15188995,0.0,0.0,SHRIRAMFIN.NS,1304
2025-04-08 00:00:00+05:30,617.1538284150932,641.495609423011,616.5106264785046,634.717529296875,10415072,0.0,0.0,SHRIRAMFIN.NS,1305
2025-04-09 00:00:00+05:30,641.1493601935248,641.1493601935248,612.5031969796222,617.9949340820312,9235529,0.0,0.0,SHRIRAMFIN.NS,1306
2025-04-11 00:00:00+05:30,620.4191982132024,641.8419905389902,620.4191982132024,632.0953369140625,7102851,0.0,0.0,SHRIRAMFIN.NS,1307
2025-04-15 00:00:00+05:30,645.1073499851572,667.4701233373933,642.3367499831753,664.9468994140625,6085948,0.0,0.0,SHRIRAMFIN.NS,1308
2025-04-16 00:00:00+05:30,665.5901281699269,670.8839523083441,655.4971716757581,668.9544067382812,6571065,0.0,0.0,SHRIRAMFIN.NS,1309
2025-04-17 00:00:00+05:30,669.8944350760638,688.3487150893773,661.5331113628954,684.4896240234375,5771289,0.0,0.0,SHRIRAMFIN.NS,1310
2025-04-21 00:00:00+05:30,691.4161277326039,709.969333306824,683.252717279947,695.6215209960938,6740583,0.0,0.0,SHRIRAMFIN.NS,1311
2025-04-22 00:00:00+05:30,695.6215808166199,702.4986483531063,692.6530676694651,696.1163330078125,3672514,0.0,0.0,SHRIRAMFIN.NS,1312
2025-04-23 00:00:00+05:30,702.0533462768209,706.3082029632243,678.7010674436162,696.5121459960938,5442424,0.0,0.0,SHRIRAMFIN.NS,1313
2025-04-24 00:00:00+05:30,696.6110282590179,698.0952847112743,687.2107373947272,689.3381958007812,5010172,0.0,0.0,SHRIRAMFIN.NS,1314
2025-04-25 00:00:00+05:30,691.5645930267052,698.1942236514303,628.3352428555472,648.3232421875,9784886,0.0,0.0,SHRIRAMFIN.NS,1315
2025-04-28 00:00:00+05:30,616.1643447821356,623.7835400340258,589.8930174788861,615.4716796875,32221482,0.0,0.0,SHRIRAMFIN.NS,1316
2025-04-29 00:00:00+05:30,618.440235045419,624.1793483477296,603.7955823584542,608.2483520507812,10387632,0.0,0.0,SHRIRAMFIN.NS,1317
2025-04-30 00:00:00+05:30,608.2482980207784,615.2737543090094,600.1343507788243,605.27978515625,7374108,0.0,0.0,SHRIRAMFIN.NS,1318
2025-05-02 00:00:00+05:30,605.2797915636138,609.8314871795877,593.2078270411639,597.2647705078125,7749204,0.0,0.0,SHRIRAMFIN.NS,1319
2025-05-05 00:00:00+05:30,603.7460737364021,624.2782879931514,600.8270239679783,622.249755859375,8616953,0.0,0.0,SHRIRAMFIN.NS,1320
2025-05-06 00:00:00+05:30,622.200318212863,625.218294377257,610.5736421935749,616.906494140625,5098276,0.0,0.0,SHRIRAMFIN.NS,1321
2025-05-07 00:00:00+05:30,611.7115895555436,631.3037632321126,610.7715483621027,629.9679565429688,5983998,0.0,0.0,SHRIRAMFIN.NS,1322
2025-05-08 00:00:00+05:30,628.3352254430376,634.0743382579383,600.6291052660218,609.3367309570312,10052396,0.0,0.0,SHRIRAMFIN.NS,1323
2025-05-09 00:00:00+05:30,593.7025358942424,605.9228889335809,590.3877208933176,595.1373291015625,5637324,0.0,0.0,SHRIRAMFIN.NS,1324
2025-05-12 00:00:00+05:30,604.6366230315872,641.1988209665371,604.5871598928305,639.1703491210938,9560644,0.0,0.0,SHRIRAMFIN.NS,1325
2025-05-13 00:00:00+05:30,634.8659244081144,641.0008630473558,625.3172443049725,626.9498901367188,5748439,0.0,0.0,SHRIRAMFIN.NS,1326
2025-05-14 00:00:00+05:30,632.7880198368233,648.4221761917235,630.9079374496204,645.1073608398438,9324793,0.0,0.0,SHRIRAMFIN.NS,1327
2025-05-15 00:00:00+05:30,647.9274421191694,672.8135009029555,637.3892569337731,667.717529296875,9817422,0.0,0.0,SHRIRAMFIN.NS,1328
2025-05-16 00:00:00+05:30,666.9259235889368,667.7175149801617,653.1223259995432,658.51513671875,5415727,0.0,0.0,SHRIRAMFIN.NS,1329
2025-05-19 00:00:00+05:30,662.9679133189105,676.7220479172282,659.0098959259617,670.68603515625,4356035,0.0,0.0,SHRIRAMFIN.NS,1330
2025-05-20 00:00:00+05:30,674.8913882401586,674.8913882401586,649.3127265270773,651.4401245117188,7035801,0.0,0.0,SHRIRAMFIN.NS,1331
2025-05-21 00:00:00+05:30,651.4401744401881,654.7055871598309,631.9964499076472,651.0938720703125,7986603,0.0,0.0,SHRIRAMFIN.NS,1332
2025-05-22 00:00:00+05:30,645.1568046003271,647.8284782933795,633.5795921934665,642.930419921875,6840583,0.0,0.0,SHRIRAMFIN.NS,1333
2025-05-23 00:00:00+05:30,644.1672886884836,656.63501850528,639.3682170703596,652.9243774414062,3128629,0.0,0.0,SHRIRAMFIN.NS,1334
2025-05-26 00:00:00+05:30,657.8719371272442,660.7909870128644,645.2557567762108,657.525634765625,2963171,0.0,0.0,SHRIRAMFIN.NS,1335
2025-05-27 00:00:00+05:30,660.7909812200402,662.9679028306332,650.1043465070537,654.9529418945312,2493252,0.0,0.0,SHRIRAMFIN.NS,1336
2025-05-28 00:00:00+05:30,654.952932012422,656.9319406477282,647.135823745142,648.8179931640625,3244100,0.0,0.0,SHRIRAMFIN.NS,1337
2025-05-29 00:00:00+05:30,648.8179766928364,652.7759938629686,641.2977078328556,645.4041748046875,4173868,0.0,0.0,SHRIRAMFIN.NS,1338
2025-05-30 00:00:00+05:30,636.3502287464441,648.0758916305334,630.5616524074687,632.6395874023438,6693573,0.0,0.0,SHRIRAMFIN.NS,1339
2025-06-02 00:00:00+05:30,631.6005760072517,641.0998534246596,618.440181033763,635.8059692382812,4344402,0.0,0.0,SHRIRAMFIN.NS,1340
2025-06-03 00:00:00+05:30,641.1987909154454,651.8359622153545,635.3606913465126,641.4461669921875,5336167,0.0,0.0,SHRIRAMFIN.NS,1341
2025-06-04 00:00:00+05:30,643.1283780910868,654.9034438707324,633.2827975194901,634.47021484375,6290382,0.0,0.0,SHRIRAMFIN.NS,1342
2025-06-05 00:00:00+05:30,640.2093035021691,647.9274252212756,631.4026907799445,644.6126098632812,4542850,0.0,0.0,SHRIRAMFIN.NS,1343
2025-06-06 00:00:00+05:30,647.1358432845986,683.6485778662754,637.5376390346474,681.0263671875,20115034,0.0,0.0,SHRIRAMFIN.NS,1344
2025-06-09 00:00:00+05:30,692.6530198586363,708.3861626103884,684.9843614244871,690.6740112304688,11413586,0.0,0.0,SHRIRAMFIN.NS,1345
2025-06-10 00:00:00+05:30,697.6005236962625,698.5405648496566,683.4506244434608,693.048828125,6453133,0.0,0.0,SHRIRAMFIN.NS,1346
2025-06-11 00:00:00+05:30,694.7309585175543,694.7309585175543,677.1672568475815,678.8494262695312,4586055,0.0,0.0,SHRIRAMFIN.NS,1347
2025-06-12 00:00:00+05:30,681.7684570708734,682.7579613627034,659.6035367760617,661.038330078125,4970089,0.0,0.0,SHRIRAMFIN.NS,1348
2025-06-13 00:00:00+05:30,645.008362830764,663.314192637144,636.7460259678667,660.1478271484375,4687026,0.0,0.0,SHRIRAMFIN.NS,1349
2025-06-16 00:00:00+05:30,661.9784253390626,674.0998539046882,661.5825994321593,669.0534057617188,6882573,0.0,0.0,SHRIRAMFIN.NS,1350
2025-06-17 00:00:00+05:30,672.6650378873137,672.6650378873137,655.0518727238017,658.0203857421875,2390137,0.0,0.0,SHRIRAMFIN.NS,1351
2025-06-18 00:00:00+05:30,656.0908590995703,666.431191823704,652.2318283012431,655.1508178710938,3352972,0.0,0.0,SHRIRAMFIN.NS,1352
2025-06-19 00:00:00+05:30,653.8149862736409,661.9783969989645,641.1988060617772,645.354736328125,3342726,0.0,0.0,SHRIRAMFIN.NS,1353
2025-06-20 00:00:00+05:30,645.1568378704312,663.8584942916743,643.6725813415882,659.356201171875,7441267,0.0,0.0,SHRIRAMFIN.NS,1354
2025-06-23 00:00:00+05:30,654.8539558195413,659.2077990446832,641.495647317533,654.70556640625,4243520,0.0,0.0,SHRIRAMFIN.NS,1355
2025-06-24 00:00:00+05:30,666.9259348905957,674.8419697260924,666.3322564357546,668.9544067382812,4823566,0.0,0.0,SHRIRAMFIN.NS,1356
2025-06-25 00:00:00+05:30,668.9543844460186,670.8839299517813,663.9573997015416,668.0143432617188,3211981,0.0,0.0,SHRIRAMFIN.NS,1357
2025-06-26 00:00:00+05:30,668.0638735874257,700.1237776921289,667.1732955312319,695.8194580078125,19068571,0.0,0.0,SHRIRAMFIN.NS,1358
2025-06-27 00:00:00+05:30,695.6710159642996,699.480643919922,689.2887008758184,692.6035766601562,7554681,0.0,0.0,SHRIRAMFIN.NS,1359
2025-06-30 00:00:00+05:30,692.6530110016121,706.5060712216443,692.5540847292889,699.4310913085938,3721603,0.0,0.0,SHRIRAMFIN.NS,1360
2025-07-01 00:00:00+05:30,700.5690209933066,703.0922447950933,686.7159612561508,689.1402587890625,3524637,0.0,0.0,SHRIRAMFIN.NS,1361
2025-07-02 00:00:00+05:30,688.4476027088464,691.5150418185764,667.9153889018631,669.7954711914062,3288839,0.0,0.0,SHRIRAMFIN.NS,1362
2025-07-03 00:00:00+05:30,674.4460965132166,677.0683070263445,665.886920684505,668.3112182617188,6014549,0.0,0.0,SHRIRAMFIN.NS,1363
2025-07-04 00:00:00+05:30,668.8554928082672,677.2168168365279,662.9679297117667,669.0534057617188,3843226,0.0,0.0,SHRIRAMFIN.NS,1364
2025-07-07 00:00:00+05:30,669.0534048990974,672.8629725712749,661.9784244855631,664.2542724609375,1770086,0.0,0.0,SHRIRAMFIN.NS,1365
2025-07-08 00:00:00+05:30,664.9468699900557,670.2902172102949,660.296187838299,661.9288940429688,2820100,0.0,0.0,SHRIRAMFIN.NS,1366
2025-07-09 00:00:00+05:30,664.204725925213,675.8314008296767,663.9573498634159,673.90185546875,3560120,0.0,0.0,SHRIRAMFIN.NS,1367
2025-07-10 00:00:00+05:30,676.8209517904494,680.1357670894976,663.957395689169,664.6995239257812,3035156,0.0,0.0,SHRIRAMFIN.NS,1368
2025-07-11 00:00:00+05:30,671.9056358580013,672.6014082649151,658.388031947169,664.2025756835938,4931083,3.0,0.0,SHRIRAMFIN.NS,1369
2025-07-14 00:00:00+05:30,665.9419672539893,668.8244269008333,658.4873929936836,665.6934814453125,2832157,0.0,0.0,SHRIRAMFIN.NS,1370
2025-07-15 00:00:00+05:30,670.8122978210398,683.8329296277011,666.6377241989376,680.304443359375,3786182,0.0,0.0,SHRIRAMFIN.NS,1371
2025-07-16 00:00:00+05:30,669.9177444963337,669.9177444963337,650.5358512950303,664.3019409179688,9358644,0.0,0.0,SHRIRAMFIN.NS,1372
2025-07-17 00:00:00+05:30,665.941923919443,667.929810259501,660.8230923276028,661.4194946289062,2671888,0.0,0.0,SHRIRAMFIN.NS,1373
2025-07-18 00:00:00+05:30,665.9419402957978,666.4389118930335,640.5963888367787,641.59033203125,6570609,0.0,0.0,SHRIRAMFIN.NS,1374
2025-07-21 00:00:00+05:30,641.5903461311821,654.0146363351166,633.6388004006639,651.6788940429688,4980207,0.0,0.0,SHRIRAMFIN.NS,1375
2025-07-22 00:00:00+05:30,654.0146280330939,655.903144386311,635.1297071628373,636.2727661132812,4671422,0.0,0.0,SHRIRAMFIN.NS,1376
2025-07-23 00:00:00+05:30,638.111558139242,650.7843344106989,634.1854702200866,650.0885620117188,5191770,0.0,0.0,SHRIRAMFIN.NS,1377
2025-07-24 00:00:00+05:30,656.0025175135884,656.0025175135884,627.92362187759,629.7127075195312,7248079,0.0,0.0,SHRIRAMFIN.NS,1378
2025-07-25 00:00:00+05:30,621.2145392021436,626.134570485721,598.0556733137842,612.1199340820312,16922561,0.0,0.0,SHRIRAMFIN.NS,1379
2025-07-28 00:00:00+05:30,612.1199052849115,634.9805992520713,607.3489899813827,629.6133422851562,11583112,0.0,0.0,SHRIRAMFIN.NS,1380
2025-07-29 00:00:00+05:30,628.1721272743927,639.4533587749161,622.7551244867942,634.483642578125,6858651,0.0,0.0,SHRIRAMFIN.NS,1381
2025-07-30 00:00:00+05:30,631.153911222203,634.4835965663973,622.3077927672288,628.9672241210938,6024759,0.0,0.0,SHRIRAMFIN.NS,1382
2025-07-31 00:00:00+05:30,621.2145091945063,635.5770007801791,619.2763077927235,627.029052734375,6481051,0.0,0.0,SHRIRAMFIN.NS,1383
2025-08-01 00:00:00+05:30,626.1842097025625,628.1720960825705,608.5417180799902,610.4799194335938,3528632,0.0,0.0,SHRIRAMFIN.NS,1384
2025-08-04 00:00:00+05:30,612.1696237587657,623.0035679317626,612.1696237587657,621.1151123046875,2955463,0.0,0.0,SHRIRAMFIN.NS,1385
2025-08-05 00:00:00+05:30,626.6811708715154,629.3648295729741,617.3878264657812,626.2835693359375,3996694,0.0,0.0,SHRIRAMFIN.NS,1386
2025-08-06 00:00:00+05:30,630.1600098724805,635.924868492161,618.6302926331194,626.7805786132812,4763826,0.0,0.0,SHRIRAMFIN.NS,1387
2025-08-07 00:00:00+05:30,623.053260341819,625.9854048663856,614.5550582555662,623.5502319335938,3482599,0.0,0.0,SHRIRAMFIN.NS,1388
2025-08-08 00:00:00+05:30,619.5248083355505,623.0532946986258,604.2678038929449,605.95751953125,5493423,0.0,0.0,SHRIRAMFIN.NS,1389
2025-08-11 00:00:00+05:30,606.7526562767746,619.723603282142,605.4605422121693,613.8593139648438,3348109,0.0,0.0,SHRIRAMFIN.NS,1390
2025-08-12 00:00:00+05:30,612.2689903714277,615.2508198699899,607.2992745404908,608.19384765625,2787285,0.0,0.0,SHRIRAMFIN.NS,1391
2025-08-13 00:00:00+05:30,608.3429254167771,617.5865850739173,606.6532098381545,615.4993286132812,5325700,0.0,0.0,SHRIRAMFIN.NS,1392
2025-08-14 00:00:00+05:30,610.5793064098189,619.1272544800639,607.7962775337659,612.71630859375,4279172,0.0,0.0,SHRIRAMFIN.NS,1393
2025-08-18 00:00:00+05:30,623.2024018522437,633.6388057110133,621.6618019871404,623.0036010742188,5265058,0.0,0.0,SHRIRAMFIN.NS,1394
2025-08-19 00:00:00+05:30,622.2084795750741,626.7309092663652,611.3744737955134,622.5563354492188,4765094,0.0,0.0,SHRIRAMFIN.NS,1395
2025-08-20 00:00:00+05:30,619.5744873361823,621.1648329013706,609.5853700209686,612.5671997070312,5710611,0.0,0.0,SHRIRAMFIN.NS,1396
2025-08-21 00:00:00+05:30,614.2569347726392,618.2327078132388,612.0702474672129,616.0460205078125,3993795,0.0,0.0,SHRIRAMFIN.NS,1397
2025-08-22 00:00:00+05:30,616.0460221028852,618.2327094139732,608.8399334481404,612.1199340820312,3496256,0.0,0.0,SHRIRAMFIN.NS,1398
2025-08-25 00:00:00+05:30,616.2447721717821,620.021744126191,612.666600986653,617.089599609375,6850166,0.0,0.0,SHRIRAMFIN.NS,1399
2025-08-26 00:00:00+05:30,616.1454027801127,616.6920593971103,589.5076769704714,591.0980224609375,18048586,0.0,0.0,SHRIRAMFIN.NS,1400
2025-08-28 00:00:00+05:30,573.2567694140689,584.3889459467102,566.5476524768432,568.1876831054688,20025147,0.0,0.0,SHRIRAMFIN.NS,1401
2025-08-29 00:00:00+05:30,567.044588587809,585.0846817109128,563.0688158369742,576.7355346679688,12236788,0.0,0.0,SHRIRAMFIN.NS,1402
2025-09-01 00:00:00+05:30,576.4870854539923,586.6253187450726,575.0955406367038,585.0349731445312,3886326,0.0,0.0,SHRIRAMFIN.NS,1403
2025-09-02 00:00:00+05:30,586.4265219585625,592.7877830731194,578.7234617124966,581.0592041015625,4136915,0.0,0.0,SHRIRAMFIN.NS,1404
2025-09-03 00:00:00+05:30,581.4567873062696,585.3331901545034,576.4870711754468,582.7489013671875,6612194,0.0,0.0,SHRIRAMFIN.NS,1405
2025-09-04 00:00:00+05:30,592.390186571911,592.390186571911,580.3634973187751,582.251953125,5054056,0.0,0.0,SHRIRAMFIN.NS,1406
2025-09-05 00:00:00+05:30,585.4325755702796,592.3901783359705,582.0531442464655,588.911376953125,4166734,0.0,0.0,SHRIRAMFIN.NS,1407
2025-09-08 00:00:00+05:30,592.3901626976854,600.341708505708,589.2592172695844,593.1356201171875,2968301,0.0,0.0,SHRIRAMFIN.NS,1408
2025-09-09 00:00:00+05:30,594.3780700170694,595.322328248019,587.2713514354549,591.396240234375,3947645,0.0,0.0,SHRIRAMFIN.NS,1409
2025-09-10 00:00:00+05:30,594.9743807898768,603.1247272388092,593.0859250915925,601.1368408203125,4708224,0.0,0.0,SHRIRAMFIN.NS,1410
2025-09-11 00:00:00+05:30,601.1368601992303,619.127269265872,599.14897371665,616.2944946289062,8412580,0.0,0.0,SHRIRAMFIN.NS,1411
2025-09-12 00:00:00+05:30,619.4254517145101,629.8618559436578,615.4993637047344,629.0169677734375,10816255,0.0,0.0,SHRIRAMFIN.NS,1412
2025-09-15 00:00:00+05:30,626.9793379122467,627.7744803131341,616.4435646031669,619.8726806640625,3643666,0.0,0.0,SHRIRAMFIN.NS,1413
2025-09-16 00:00:00+05:30,619.8726954505063,624.5939256086486,610.3804894422798,614.3562622070312,4759255,0.0,0.0,SHRIRAMFIN.NS,1414
2025-09-17 00:00:00+05:30,616.2447822653429,622.208441448556,614.0084100716381,619.47509765625,4633747,0.0,0.0,SHRIRAMFIN.NS,1415
2025-09-18 00:00:00+05:30,616.2447948765131,627.1781702694835,616.2447948765131,623.10302734375,4675034,0.0,0.0,SHRIRAMFIN.NS,1416
2025-09-19 00:00:00+05:30,626.1842376808415,633.4400111589678,623.3017780348486,629.3648681640625,6415748,0.0,0.0,SHRIRAMFIN.NS,1417
2025-09-22 00:00:00+05:30,634.135789399393,634.135789399393,621.6618138256516,624.0472412109375,2712596,0.0,0.0,SHRIRAMFIN.NS,1418
2025-09-23 00:00:00+05:30,624.1963126727837,630.5575732464678,620.7175115671233,624.991455078125,3586451,0.0,0.0,SHRIRAMFIN.NS,1419
2025-09-24 00:00:00+05:30,624.3951622425719,626.1842479607922,616.5429862956012,621.3636474609375,2129098,0.0,0.0,SHRIRAMFIN.NS,1420
2025-09-25 00:00:00+05:30,621.3636187038736,622.2084461617036,607.1004973166943,608.989013671875,4280161,0.0,0.0,SHRIRAMFIN.NS,1421
2025-09-26 00:00:00+05:30,606.3053602876996,613.6605643344307,600.0932152027847,602.3792724609375,3958021,0.0,0.0,SHRIRAMFIN.NS,1422
2025-09-29 00:00:00+05:30,605.2120225829851,611.772023261598,599.4968493356185,608.0944213867188,4098133,0.0,0.0,SHRIRAMFIN.NS,1423
2025-09-30 00:00:00+05:30,608.0944643881315,616.940583523626,607.4484376789881,612.368408203125,5882401,0.0,0.0,SHRIRAMFIN.NS,1424
2025-10-01 00:00:00+05:30,612.3187248315418,646.0134251517903,612.3187248315418,644.77099609375,15107673,0.0,0.0,SHRIRAMFIN.NS,1425
2025-10-03 00:00:00+05:30,641.0933463645001,646.0630622277909,632.1478578105769,641.8884887695312,7200543,0.0,0.0,SHRIRAMFIN.NS,1426
2025-10-06 00:00:00+05:30,642.5842835543594,671.4086365676254,642.5842835543594,667.3831787109375,10343487,0.0,0.0,SHRIRAMFIN.NS,1427
2025-10-07 00:00:00+05:30,666.1407838836676,668.9238128739696,659.4813519195823,662.7613525390625,3729360,0.0,0.0,SHRIRAMFIN.NS,1428
2025-10-08 00:00:00+05:30,657.9904326091911,669.2219792200281,657.9904326091911,662.8607788085938,2870458,0.0,0.0,SHRIRAMFIN.NS,1429
2025-10-09 00:00:00+05:30,662.8607391999402,667.9298252143939,656.002506906994,664.9976806640625,2274108,0.0,0.0,SHRIRAMFIN.NS,1430
2025-10-10 00:00:00+05:30,664.9479993858397,667.3334873269579,658.9843401985228,661.0219116210938,2480723,0.0,0.0,SHRIRAMFIN.NS,1431
2025-10-13 00:00:00+05:30,656.0025447432218,670.1165510207936,654.7601156812083,668.0789794921875,2469940,0.0,0.0,SHRIRAMFIN.NS,1432
2025-10-14 00:00:00+05:30,670.9613318764957,676.8256209077508,662.9601014064103,670.364990234375,4731724,0.0,0.0,SHRIRAMFIN.NS,1433
2025-10-15 00:00:00+05:30,671.4086145150727,678.2668466867468,668.4764700165895,673.0486450195312,4687947,0.0,0.0,SHRIRAMFIN.NS,1434
2025-10-16 00:00:00+05:30,672.7504476104416,679.6086801294944,658.2389007908704,668.4268188476562,5309779,0.0,0.0,SHRIRAMFIN.NS,1435
2025-10-17 00:00:00+05:30,668.1286299501929,675.5335189097352,666.0413128347263,671.4086303710938,3516617,0.0,0.0,SHRIRAMFIN.NS,1436
2025-10-20 00:00:00+05:30,674.2910827720748,694.4184323221104,673.9928512833958,689.7468872070312,6170486,0.0,0.0,SHRIRAMFIN.NS,1437
2025-10-21 00:00:00+05:30,691.2874872618465,693.2753736378692,686.1189705510924,691.0390014648438,674998,0.0,0.0,SHRIRAMFIN.NS,1438
2025-10-23 00:00:00+05:30,691.0390004873179,713.4027221859367,691.0390004873179,705.351806640625,8911040,0.0,0.0,SHRIRAMFIN.NS,1439
2025-10-24 00:00:00+05:30,706.7433247209876,718.968814371599,706.7433247209876,711.11669921875,6036751,0.0,0.0,SHRIRAMFIN.NS,1440
2025-10-27 00:00:00+05:30,716.6330608860479,725.876720689485,713.8997170338473,715.2415161132812,8133230,0.0,0.0,SHRIRAMFIN.NS,1441
2025-10-28 00:00:00+05:30,715.1421378210407,722.4475961302275,705.948163151347,719.3167114257812,7071903,0.0,0.0,SHRIRAMFIN.NS,1442
2025-10-29 00:00:00+05:30,719.3166940010382,737.4064720730539,713.0548640783536,733.9773559570312,10246214,0.0,0.0,SHRIRAMFIN.NS,1443
2025-10-30 00:00:00+05:30,734.0270502521271,743.3203948686133,728.7094784196739,733.778564453125,6357608,0.0,0.0,SHRIRAMFIN.NS,1444
2025-10-31 00:00:00+05:30,729.0076403823067,765.1374508517607,722.5966947129,744.3640747070312,18363853,0.0,0.0,SHRIRAMFIN.NS,1445
2025-11-03 00:00:00+05:30,758.1798846362976,795.055214913594,753.9059408751772,791.6260986328125,26222030,0.0,0.0,SHRIRAMFIN.NS,1446
2025-11-04 00:00:00+05:30,787.6503233089435,809.2189034936717,787.4515225302102,791.67578125,8543137,0.0,0.0,SHRIRAMFIN.NS,1447
2025-11-06 00:00:00+05:30,787.799382264146,795.7509281286964,780.2454379590152,787.7000122070312,10930939,0.0,0.0,SHRIRAMFIN.NS,1448
2025-11-07 00:00:00+05:30,792.5,820.0,780.7999877929688,816.3499755859375,9765252,4.8,0.0,SHRIRAMFIN.NS,1449
2025-11-10 00:00:00+05:30,822.0,830.7000122070312,816.6500244140625,821.0999755859375,8623863,0.0,0.0,SHRIRAMFIN.NS,1450
2025-11-11 00:00:00+05:30,821.0999755859375,833.2999877929688,804.0499877929688,832.2999877929688,7336169,0.0,0.0,SHRIRAMFIN.NS,1451
2025-11-12 00:00:00+05:30,832.2999877929688,838.6500244140625,821.4000244140625,822.5,4239741,0.0,0.0,SHRIRAMFIN.NS,1452
2025-11-13 00:00:00+05:30,826.0,826.3499755859375,809.75,814.0,6048569,0.0,0.0,SHRIRAMFIN.NS,1453
2025-11-14 00:00:00+05:30,809.5,817.9500122070312,803.9000244140625,809.2999877929688,5672058,0.0,0.0,SHRIRAMFIN.NS,1454
2025-11-17 00:00:00+05:30,809.0,828.3499755859375,808.5999755859375,817.9000244140625,7386312,0.0,0.0,SHRIRAMFIN.NS,1455
2025-11-18 00:00:00+05:30,820.0,827.7000122070312,810.0,820.2000122070312,6684086,0.0,0.0,SHRIRAMFIN.NS,1456
2025-11-19 00:00:00+05:30,824.1500244140625,826.7000122070312,815.7999877929688,818.0499877929688,3711577,0.0,0.0,SHRIRAMFIN.NS,1457
2025-11-20 00:00:00+05:30,822.0,828.7000122070312,816.5,826.5999755859375,3187958,0.0,0.0,SHRIRAMFIN.NS,1458
2025-11-21 00:00:00+05:30,825.0,832.0,810.5999755859375,823.2999877929688,3831244,0.0,0.0,SHRIRAMFIN.NS,1459
2025-11-24 00:00:00+05:30,825.0,839.5,821.0999755859375,828.2000122070312,8140579,0.0,0.0,SHRIRAMFIN.NS,1460
2025-11-25 00:00:00+05:30,828.2000122070312,841.8499755859375,827.2000122070312,838.25,5418151,0.0,0.0,SHRIRAMFIN.NS,1461
2025-11-26 00:00:00+05:30,841.9500122070312,858.8499755859375,838.2999877929688,856.5999755859375,7052927,0.0,0.0,SHRIRAMFIN.NS,1462
2025-11-27 00:00:00+05:30,860.0,869.5,857.25,867.6500244140625,6752154,0.0,0.0,SHRIRAMFIN.NS,1463
2025-11-28 00:00:00+05:30,870.0499877929688,872.0,848.75,851.6500244140625,8198342,0.0,0.0,SHRIRAMFIN.NS,1464
2025-12-01 00:00:00+05:30,857.8499755859375,865.0,849.4500122070312,851.5499877929688,6330770,0.0,0.0,SHRIRAMFIN.NS,1465
2025-12-02 00:00:00+05:30,855.75,855.9500122070312,840.7999877929688,843.4000244140625,5587375,0.0,0.0,SHRIRAMFIN.NS,1466
2025-12-03 00:00:00+05:30,843.4000244140625,846.4500122070312,818.9500122070312,828.0999755859375,9931005,0.0,0.0,SHRIRAMFIN.NS,1467
2025-12-04 00:00:00+05:30,830.4500122070312,836.0,821.0,828.1500244140625,11436899,0.0,0.0,SHRIRAMFIN.NS,1468
2025-12-05 00:00:00+05:30,828.1500244140625,857.0,828.1500244140625,854.9000244140625,12137708,0.0,0.0,SHRIRAMFIN.NS,1469
2025-12-08 00:00:00+05:30,858.5,858.8499755859375,831.0,834.25,4117973,0.0,0.0,SHRIRAMFIN.NS,1470
2025-12-09 00:00:00+05:30,830.0,849.0,817.7999877929688,846.7000122070312,5737027,0.0,0.0,SHRIRAMFIN.NS,1471
2025-12-10 00:00:00+05:30,846.0,855.7999877929688,833.2999877929688,837.25,3699625,0.0,0.0,SHRIRAMFIN.NS,1472
2025-12-11 00:00:00+05:30,841.7999877929688,850.5999755859375,835.7000122070312,847.1500244140625,4213992,0.0,0.0,SHRIRAMFIN.NS,1473
2025-12-12 00:00:00+05:30,852.0,854.75,841.5,848.0,6036788,0.0,0.0,SHRIRAMFIN.NS,1474
2025-12-15 00:00:00+05:30,852.0,870.5999755859375,845.8499755859375,855.3499755859375,7193809,0.0,0.0,SHRIRAMFIN.NS,1475
2025-12-16 00:00:00+05:30,855.3499755859375,856.6500244140625,843.0,848.4000244140625,5171831,0.0,0.0,SHRIRAMFIN.NS,1476
2025-12-17 00:00:00+05:30,856.0,875.4500122070312,855.0,864.2000122070312,11621162,0.0,0.0,SHRIRAMFIN.NS,1477
2025-12-18 00:00:00+05:30,868.5,876.9000244140625,861.7999877929688,869.4500122070312,12481529,0.0,0.0,SHRIRAMFIN.NS,1478
2025-12-19 00:00:00+05:30,869.0,913.5,850.5,901.7000122070312,35297309,0.0,0.0,SHRIRAMFIN.NS,1479
2025-12-22 00:00:00+05:30,919.0,949.7999877929688,915.0,934.8499755859375,31894463,0.0,0.0,SHRIRAMFIN.NS,1480
2025-12-23 00:00:00+05:30,938.7000122070312,959.9500122070312,931.7000122070312,957.7999877929688,14632455,0.0,0.0,SHRIRAMFIN.NS,1481
2025-12-24 00:00:00+05:30,958.0,983.7000122070312,958.0,973.7000122070312,10574513,0.0,0.0,SHRIRAMFIN.NS,1482
2025-12-26 00:00:00+05:30,976.5499877929688,978.75,956.7000122070312,960.25,4739099,0.0,0.0,SHRIRAMFIN.NS,1483
2025-12-29 00:00:00+05:30,963.0,966.0,949.2000122070312,955.5,4897735,0.0,0.0,SHRIRAMFIN.NS,1484
2025-12-30 00:00:00+05:30,960.9500122070312,984.5999755859375,960.9500122070312,979.4000244140625,17757531,0.0,0.0,SHRIRAMFIN.NS,1485
2025-12-31 00:00:00+05:30,983.0,1000.2000122070312,979.4000244140625,996.2000122070312,9795995,0.0,0.0,SHRIRAMFIN.NS,1486
2026-01-01 00:00:00+05:30,996.2000122070312,1025.5999755859375,996.0,1019.7000122070312,4289057,0.0,0.0,SHRIRAMFIN.NS,1487
2026-01-02 00:00:00+05:30,1024.75,1025.0,1007.2000122070312,1010.3499755859375,5264026,0.0,0.0,SHRIRAMFIN.NS,1488
2026-01-05 00:00:00+05:30,1013.5,1014.7999877929688,994.6500244140625,1003.3499755859375,4603571,0.0,0.0,SHRIRAMFIN.NS,1489
2026-01-06 00:00:00+05:30,1002.5,1011.75,992.4500122070312,1002.6500244140625,4352915,0.0,0.0,SHRIRAMFIN.NS,1490
2026-01-07 00:00:00+05:30,996.0499877929688,1003.0999755859375,990.25,995.8499755859375,4191098,0.0,0.0,SHRIRAMFIN.NS,1491
2026-01-08 00:00:00+05:30,1001.4000244140625,1002.5499877929688,981.0999755859375,992.9000244140625,3804564,0.0,0.0,SHRIRAMFIN.NS,1492
2026-01-09 00:00:00+05:30,987.0,993.2000122070312,961.0,975.4000244140625,6949168,0.0,0.0,SHRIRAMFIN.NS,1493
2026-01-12 00:00:00+05:30,979.0,985.6500244140625,962.4500122070312,972.7999877929688,5510203,0.0,0.0,SHRIRAMFIN.NS,1494
2026-01-13 00:00:00+05:30,975.0,987.6500244140625,969.2000122070312,979.0499877929688,3860197,0.0,0.0,SHRIRAMFIN.NS,1495
2026-01-14 00:00:00+05:30,980.0,990.5,970.4000244140625,981.0999755859375,3846614,0.0,0.0,SHRIRAMFIN.NS,1496
2026-01-15 00:00:00+05:30,981.0999755859375,981.0999755859375,981.0999755859375,981.0999755859375,0,0.0,0.0,SHRIRAMFIN.NS,1497
2026-01-16 00:00:00+05:30,981.0,1022.0,981.0,995.4500122070312,13316550,0.0,0.0,SHRIRAMFIN.NS,1498
2026-01-19 00:00:00+05:30,1002.0,1014.5,991.2000122070312,1010.3499755859375,4908985,0.0,0.0,SHRIRAMFIN.NS,1499
2026-01-20 00:00:00+05:30,1005.0,1008.0499877929688,983.0,987.5,6129218,0.0,0.0,SHRIRAMFIN.NS,1500
2026-01-21 00:00:00+05:30,982.5499877929688,997.5,972.5499877929688,986.0,7042588,0.0,0.0,SHRIRAMFIN.NS,1501
2026-01-22 00:00:00+05:30,995.0499877929688,1009.7000122070312,986.0999755859375,1005.5,7210572,0.0,0.0,SHRIRAMFIN.NS,1502
2026-01-23 00:00:00+05:30,1010.0,1020.8499755859375,973.6500244140625,1003.5499877929688,9023942,0.0,0.0,SHRIRAMFIN.NS,1503
2026-01-27 00:00:00+05:30,1011.2000122070312,1019.9500122070312,984.2000122070312,1001.0499877929688,7984660,0.0,0.0,SHRIRAMFIN.NS,1504
2026-01-28 00:00:00+05:30,1002.0,1020.7000122070312,999.5,1018.7999877929688,5587231,0.0,0.0,SHRIRAMFIN.NS,1505
2026-01-29 00:00:00+05:30,1022.4000244140625,1028.4000244140625,1006.1500244140625,1022.7999877929688,6653822,0.0,0.0,SHRIRAMFIN.NS,1506
2026-01-30 00:00:00+05:30,1025.0,1029.300048828125,1010.1500244140625,1020.0,6464610,0.0,0.0,SHRIRAMFIN.NS,1507
2026-02-02 00:00:00+05:30,990.2000122070312,992.7000122070312,939.0,962.0999755859375,13566710,0.0,0.0,SHRIRAMFIN.NS,1508
2026-02-03 00:00:00+05:30,1013.0,1041.5,997.2000122070312,1000.4000244140625,9880727,0.0,0.0,SHRIRAMFIN.NS,1509
2026-02-04 00:00:00+05:30,1010.4000244140625,1011.2000122070312,995.5,998.7999877929688,4402517,0.0,0.0,SHRIRAMFIN.NS,1510
2026-02-05 00:00:00+05:30,995.5,998.0,972.4000244140625,992.0,5775866,0.0,0.0,SHRIRAMFIN.NS,1511
2026-02-06 00:00:00+05:30,994.0,1005.0,972.9000244140625,1002.5,3270421,0.0,0.0,SHRIRAMFIN.NS,1512
2026-02-09 00:00:00+05:30,1005.0,1067.800048828125,1003.4000244140625,1062.699951171875,8667620,0.0,0.0,SHRIRAMFIN.NS,1513
2026-02-10 00:00:00+05:30,1064.9000244140625,1066.800048828125,1036.5,1048.5999755859375,4345362,0.0,0.0,SHRIRAMFIN.NS,1514
2026-02-11 00:00:00+05:30,1053.0,1059.300048828125,1041.5,1056.800048828125,4898578,0.0,0.0,SHRIRAMFIN.NS,1515
2026-02-12 00:00:00+05:30,1053.5,1087.0999755859375,1049.699951171875,1082.800048828125,8462756,0.0,0.0,SHRIRAMFIN.NS,1516
2026-02-13 00:00:00+05:30,1081.800048828125,1086.0,1060.0,1065.800048828125,4555743,0.0,0.0,SHRIRAMFIN.NS,1517
2026-02-16 00:00:00+05:30,1065.800048828125,1088.300048828125,1052.800048828125,1085.4000244140625,5096496,0.0,0.0,SHRIRAMFIN.NS,1518
2026-02-17 00:00:00+05:30,1080.0,1081.9000244140625,1060.0,1075.0,2832145,0.0,0.0,SHRIRAMFIN.NS,1519
2026-02-18 00:00:00+05:30,1076.199951171875,1087.0999755859375,1072.0999755859375,1076.199951171875,2470593,0.0,0.0,SHRIRAMFIN.NS,1520
2026-02-19 00:00:00+05:30,1078.0,1078.0,1048.0999755859375,1054.699951171875,2576169,0.0,0.0,SHRIRAMFIN.NS,1521
2026-02-20 00:00:00+05:30,1056.800048828125,1066.0,1044.5999755859375,1059.300048828125,2295049,0.0,0.0,SHRIRAMFIN.NS,1522
2026-02-23 00:00:00+05:30,1072.800048828125,1077.5,1056.9000244140625,1064.699951171875,2423932,0.0,0.0,SHRIRAMFIN.NS,1523
2026-02-24 00:00:00+05:30,1064.699951171875,1066.0,1050.199951171875,1061.699951171875,2464507,0.0,0.0,SHRIRAMFIN.NS,1524
2026-02-25 00:00:00+05:30,1065.0,1095.0,1055.800048828125,1085.9000244140625,3115583,0.0,0.0,SHRIRAMFIN.NS,1525
2026-02-26 00:00:00+05:30,1089.0,1108.0,1085.0999755859375,1104.5999755859375,5231414,0.0,0.0,SHRIRAMFIN.NS,1526
2026-02-27 00:00:00+05:30,1099.0,1103.9000244140625,1073.300048828125,1079.4000244140625,5601117,0.0,0.0,SHRIRAMFIN.NS,1527
2026-03-02 00:00:00+05:30,1044.0,1071.0,1038.0,1052.5,6717872,0.0,0.0,SHRIRAMFIN.NS,1528
2026-03-04 00:00:00+05:30,1042.300048828125,1042.5,987.4000244140625,1010.0,9200897,0.0,0.0,SHRIRAMFIN.NS,1529
2026-03-05 00:00:00+05:30,1022.2999877929688,1046.4000244140625,1018.2999877929688,1039.5,5051614,0.0,0.0,SHRIRAMFIN.NS,1530
2026-03-06 00:00:00+05:30,1043.9000244140625,1052.0,1000.0,1007.5,8166989,0.0,0.0,SHRIRAMFIN.NS,1531
2026-03-09 00:00:00+05:30,957.5,993.0,934.2000122070312,987.2000122070312,11999852,0.0,0.0,SHRIRAMFIN.NS,1532
2026-03-10 00:00:00+05:30,1010.0,1068.300048828125,1006.7000122070312,1062.9000244140625,14297519,0.0,0.0,SHRIRAMFIN.NS,1533
2026-03-11 00:00:00+05:30,1062.9000244140625,1077.9000244140625,1028.699951171875,1031.699951171875,10731059,0.0,0.0,SHRIRAMFIN.NS,1534
2026-03-12 00:00:00+05:30,1021.0999755859375,1046.699951171875,1006.0999755859375,1031.699951171875,7054662,0.0,0.0,SHRIRAMFIN.NS,1535
2026-03-13 00:00:00+05:30,1021.2999877929688,1028.0,994.7000122070312,1003.5999755859375,6562852,0.0,0.0,SHRIRAMFIN.NS,1536
2026-03-16 00:00:00+05:30,990.0,1002.9000244140625,969.2999877929688,992.0,10476354,0.0,0.0,SHRIRAMFIN.NS,1537
2026-03-17 00:00:00+05:30,999.9000244140625,1012.0,983.2000122070312,1004.5999755859375,4175225,0.0,0.0,SHRIRAMFIN.NS,1538
2026-03-18 00:00:00+05:30,1013.2999877929688,1028.9000244140625,1008.5,1021.5999755859375,3915253,0.0,0.0,SHRIRAMFIN.NS,1539
2026-03-19 00:00:00+05:30,1000.0,1000.0,946.2999877929688,949.7999877929688,11956347,0.0,0.0,SHRIRAMFIN.NS,1540
2026-03-20 00:00:00+05:30,962.0,966.9000244140625,922.2999877929688,938.5999755859375,28550627,0.0,0.0,SHRIRAMFIN.NS,1541
2026-03-23 00:00:00+05:30,930.0,930.0999755859375,870.2000122070312,877.7000122070312,10556865,0.0,0.0,SHRIRAMFIN.NS,1542
2026-03-24 00:00:00+05:30,907.0,931.9000244140625,896.2000122070312,903.5999755859375,13359073,0.0,0.0,SHRIRAMFIN.NS,1543
2026-03-25 00:00:00+05:30,919.0,965.0,917.2999877929688,956.0,14265748,0.0,0.0,SHRIRAMFIN.NS,1544
2026-03-27 00:00:00+05:30,950.0,951.0,900.0,903.7999877929688,12238678,0.0,0.0,SHRIRAMFIN.NS,1545
2026-03-30 00:00:00+05:30,888.0,896.2999877929688,867.0,872.0999755859375,10949179,0.0,0.0,SHRIRAMFIN.NS,1546
2026-04-01 00:00:00+05:30,915.5999755859375,926.2999877929688,895.75,900.5499877929688,11752172,0.0,0.0,SHRIRAMFIN.NS,1547
2026-04-02 00:00:00+05:30,876.0,895.0,863.4500122070312,891.5999755859375,7230236,0.0,0.0,SHRIRAMFIN.NS,1548
2026-04-06 00:00:00+05:30,895.0,931.0,885.6500244140625,928.0,5898399,0.0,0.0,SHRIRAMFIN.NS,1549
2026-04-07 00:00:00+05:30,920.0,932.4000244140625,910.0499877929688,930.6500244140625,5503677,0.0,0.0,SHRIRAMFIN.NS,1550
2026-04-08 00:00:00+05:30,975.0,1035.449951171875,975.0,1023.2000122070312,18256527,0.0,0.0,SHRIRAMFIN.NS,1551
2026-04-09 00:00:00+05:30,1010.0999755859375,1015.0,990.4500122070312,996.2999877929688,7668209,0.0,0.0,SHRIRAMFIN.NS,1552
2026-04-10 00:00:00+05:30,1016.0999755859375,1031.0,1011.25,1027.550048828125,8048521,0.0,0.0,SHRIRAMFIN.NS,1553
2026-04-13 00:00:00+05:30,1000.1500244140625,1015.5,988.7999877929688,1004.0999755859375,8242484,0.0,0.0,SHRIRAMFIN.NS,1554
2026-04-15 00:00:00+05:30,1030.0,1043.5,1016.4500122070312,1020.9500122070312,7869459,0.0,0.0,SHRIRAMFIN.NS,1555
2026-04-16 00:00:00+05:30,1026.0999755859375,1034.3499755859375,1015.3499755859375,1022.75,5716035,0.0,0.0,SHRIRAMFIN.NS,1556
2026-04-17 00:00:00+05:30,1022.0,1039.5,1013.1500244140625,1036.949951171875,4345572,0.0,0.0,SHRIRAMFIN.NS,1557
2026-04-20 00:00:00+05:30,1040.0,1049.949951171875,1026.0,1045.1500244140625,4670588,0.0,0.0,SHRIRAMFIN.NS,1558
2026-04-21 00:00:00+05:30,1054.0,1062.699951171875,1039.25,1045.300048828125,5699181,0.0,0.0,SHRIRAMFIN.NS,1559
2026-04-22 00:00:00+05:30,1050.0,1053.699951171875,1029.4000244140625,1044.550048828125,4404420,0.0,0.0,SHRIRAMFIN.NS,1560
2026-04-23 00:00:00+05:30,1044.9000244140625,1044.9000244140625,1006.3499755859375,1009.2999877929688,4658783,0.0,0.0,SHRIRAMFIN.NS,1561
2026-04-24 00:00:00+05:30,1006.9500122070312,1030.4000244140625,983.5499877929688,1011.2999877929688,9263466,0.0,0.0,SHRIRAMFIN.NS,1562
2026-04-27 00:00:00+05:30,1011.2999877929688,1012.0,963.75,974.6500244140625,15096574,0.0,0.0,SHRIRAMFIN.NS,1563
2026-04-28 00:00:00+05:30,974.5,979.75,949.2999877929688,953.25,6752420,0.0,0.0,SHRIRAMFIN.NS,1564
2026-04-29 00:00:00+05:30,965.0,975.2999877929688,954.9000244140625,956.8499755859375,5829309,0.0,0.0,SHRIRAMFIN.NS,1565
2026-04-30 00:00:00+05:30,945.2000122070312,950.0,921.0,937.3499755859375,5990764,0.0,0.0,SHRIRAMFIN.NS,1566
2026-05-01 00:00:00+05:30,937.3499755859375,937.3499755859375,937.3499755859375,937.3499755859375,0,0.0,0.0,SHRIRAMFIN.NS,1567
2026-05-04 00:00:00+05:30,942.0,969.0,942.0,960.4500122070312,4018048,0.0,0.0,SHRIRAMFIN.NS,1568
2026-05-05 00:00:00+05:30,955.6500244140625,966.9000244140625,937.2999877929688,964.4000244140625,4029508,0.0,0.0,SHRIRAMFIN.NS,1569
2026-05-06 00:00:00+05:30,980.0,1007.4500122070312,976.0499877929688,1004.0999755859375,5858946,0.0,0.0,SHRIRAMFIN.NS,1570
2026-05-07 00:00:00+05:30,1009.0,1023.75,1002.0499877929688,1015.6500244140625,4848929,0.0,0.0,SHRIRAMFIN.NS,1571
2026-05-08 00:00:00+05:30,1013.0,1013.3499755859375,1001.25,1007.75,5755029,0.0,0.0,SHRIRAMFIN.NS,1572
2026-05-11 00:00:00+05:30,990.0,990.8499755859375,970.4500122070312,975.9500122070312,5927270,0.0,0.0,SHRIRAMFIN.NS,1573
2026-05-12 00:00:00+05:30,971.0,979.9500122070312,925.9500122070312,930.4500122070312,8674062,0.0,0.0,SHRIRAMFIN.NS,1574
2026-05-13 00:00:00+05:30,925.2000122070312,938.4000244140625,915.0,920.5499877929688,10747950,0.0,0.0,SHRIRAMFIN.NS,1575
2026-05-14 00:00:00+05:30,929.9000244140625,941.6500244140625,901.2999877929688,935.0999755859375,9220462,0.0,0.0,SHRIRAMFIN.NS,1576
2026-05-15 00:00:00+05:30,921.0,945.9000244140625,921.0,937.9000244140625,5759607,0.0,0.0,SHRIRAMFIN.NS,1577
2026-05-18 00:00:00+05:30,923.7999877929688,937.6500244140625,911.0,933.7000122070312,5232089,0.0,0.0,SHRIRAMFIN.NS,1578
2026-05-19 00:00:00+05:30,940.0,941.8499755859375,924.7000122070312,927.3499755859375,3216479,0.0,0.0,SHRIRAMFIN.NS,1579
2026-05-20 00:00:00+05:30,920.0,925.4500122070312,913.0,923.4500122070312,5764449,0.0,0.0,SHRIRAMFIN.NS,1580
2026-05-21 00:00:00+05:30,935.0,941.9000244140625,910.0,914.75,4598094,0.0,0.0,SHRIRAMFIN.NS,1581
2026-05-22 00:00:00+05:30,916.25,944.25,913.1500244140625,941.0,5414742,0.0,0.0,SHRIRAMFIN.NS,1582
2026-05-25 00:00:00+05:30,956.9500122070312,970.5,956.9000244140625,961.9500122070312,6256205,0.0,0.0,SHRIRAMFIN.NS,1583
2026-05-26 00:00:00+05:30,961.0,965.5999755859375,948.5999755859375,952.1500244140625,4350923,0.0,0.0,SHRIRAMFIN.NS,1584
2026-05-27 00:00:00+05:30,947.0499877929688,968.0999755859375,946.5999755859375,963.2000122070312,3592277,0.0,0.0,SHRIRAMFIN.NS,1585
2026-05-29 00:00:00+05:30,961.0,975.5499877929688,942.9000244140625,947.1500244140625,11248568,0.0,0.0,SHRIRAMFIN.NS,1586
