Date,Open,High,Low,Close,Volume,Dividends,Stock Splits,Symbol,time_idx
2020-01-01 00:00:00+05:30,304.3466665158498,307.5667592151352,301.78951792660297,306.7143859863281,1514293,0.0,0.0,TATACONSUM.NS,0
2020-01-02 00:00:00+05:30,306.47755559330113,310.1238486630464,304.1098365743523,306.24078369140625,3091351,0.0,0.0,TATACONSUM.NS,1
2020-01-03 00:00:00+05:30,306.6670107155502,306.6670107155502,300.22682539131455,301.36334228515625,1718884,0.0,0.0,TATACONSUM.NS,2
2020-01-06 00:00:00+05:30,298.5694106949198,301.31595936642555,293.97602936520235,295.5860900878906,1712158,0.0,0.0,TATACONSUM.NS,3
2020-01-07 00:00:00+05:30,297.3855114475809,302.4997787938223,295.4913362154307,298.2378845214844,2146089,0.0,0.0,TATACONSUM.NS,4
2020-01-08 00:00:00+05:30,295.68081606721336,300.5583123468864,295.01784306100234,299.5165100097656,1521535,0.0,0.0,TATACONSUM.NS,5
2020-01-09 00:00:00+05:30,301.2212581977368,312.5389687798337,300.60565691858403,311.1656799316406,4302141,0.0,0.0,TATACONSUM.NS,6
2020-01-10 00:00:00+05:30,312.4442254227846,325.1351947805192,311.6391950998653,323.28839111328125,10109760,0.0,0.0,TATACONSUM.NS,7
2020-01-13 00:00:00+05:30,324.85106350232667,335.1269702712298,323.9513186749381,334.27459716796875,7399348,0.0,0.0,TATACONSUM.NS,8
2020-01-14 00:00:00+05:30,341.42515184178984,371.2584175367035,339.0574323421935,368.98541259765625,44997621,0.0,0.0,TATACONSUM.NS,9
2020-01-15 00:00:00+05:30,368.8906248708782,374.99935152935456,364.62873061691425,370.7374572753906,24437080,0.0,0.0,TATACONSUM.NS,10
2020-01-16 00:00:00+05:30,371.73193073458845,372.2054745953969,361.976938763065,363.91845703125,12118796,0.0,0.0,TATACONSUM.NS,11
2020-01-17 00:00:00+05:30,363.3975503982188,363.6816651379791,356.67322216328034,360.17742919921875,5495593,0.0,0.0,TATACONSUM.NS,12
2020-01-20 00:00:00+05:30,360.17744221268424,365.1023098338287,357.1467789020609,362.87664794921875,7618479,0.0,0.0,TATACONSUM.NS,13
2020-01-21 00:00:00+05:30,361.7874919691622,368.7959349859062,358.9935717658631,365.38641357421875,5981471,0.0,0.0,TATACONSUM.NS,14
2020-01-22 00:00:00+05:30,368.27503682123387,368.27503682123387,361.97690975771826,364.67608642578125,4148230,0.0,0.0,TATACONSUM.NS,15
2020-01-23 00:00:00+05:30,364.6287568632539,378.3141854027569,363.1134107944266,372.4422302246094,11073810,0.0,0.0,TATACONSUM.NS,16
2020-01-24 00:00:00+05:30,373.86287343862244,373.86287343862244,363.44490863095973,364.24993896484375,6033580,0.0,0.0,TATACONSUM.NS,17
2020-01-27 00:00:00+05:30,363.49223776397696,368.79593451958203,360.3195171779514,362.16632080078125,3735041,0.0,0.0,TATACONSUM.NS,18
2020-01-28 00:00:00+05:30,362.5451660123714,367.0912043894698,358.23592846702365,360.5563049316406,2710063,0.0,0.0,TATACONSUM.NS,19
2020-01-29 00:00:00+05:30,364.53405696889035,372.4895880215172,362.02428029612673,363.1607971191406,6500722,0.0,0.0,TATACONSUM.NS,20
2020-01-30 00:00:00+05:30,365.2917569642397,365.38644261703934,360.03540260676266,361.40869140625,2297423,0.0,0.0,TATACONSUM.NS,21
2020-01-31 00:00:00+05:30,362.35577520680647,366.19146899375914,359.8933413015469,363.1134338378906,2681230,0.0,0.0,TATACONSUM.NS,22
2020-02-03 00:00:00+05:30,353.97404592192606,361.7875198452863,348.054747495138,358.80419921875,3318729,0.0,0.0,TATACONSUM.NS,23
2020-02-04 00:00:00+05:30,363.68171073239535,363.68171073239535,355.6788073595757,359.79864501953125,5327138,0.0,0.0,TATACONSUM.NS,24
2020-02-05 00:00:00+05:30,361.78751397981154,386.41179503602905,360.8404262468801,373.7208251953125,23579395,0.0,0.0,TATACONSUM.NS,25
2020-02-06 00:00:00+05:30,375.0467331128148,376.3253073017186,366.8544302029102,371.30572509765625,4985380,0.0,0.0,TATACONSUM.NS,26
2020-02-07 00:00:00+05:30,370.40604977634155,382.62347679440967,369.8851341370296,375.7097473144531,11308676,0.0,0.0,TATACONSUM.NS,27
2020-02-10 00:00:00+05:30,377.3671237432214,377.3671237432214,367.8015317334204,371.5425109863281,3145276,0.0,0.0,TATACONSUM.NS,28
2020-02-11 00:00:00+05:30,374.09961387373147,377.8879643939718,368.653860000886,369.93243408203125,4171668,0.0,0.0,TATACONSUM.NS,29
2020-02-12 00:00:00+05:30,370.9742942435724,375.75707596185595,370.87957968519714,374.2417297363281,4018932,0.0,0.0,TATACONSUM.NS,30
2020-02-13 00:00:00+05:30,373.67347243702335,376.7988794560571,368.938033531965,371.779296875,2860031,0.0,0.0,TATACONSUM.NS,31
2020-02-14 00:00:00+05:30,372.2054725730471,378.83508658834313,369.83775328186994,375.89910888671875,4733600,0.0,0.0,TATACONSUM.NS,32
2020-02-17 00:00:00+05:30,376.6568215182621,380.6345728509948,355.962947752876,360.8877868652344,9537335,0.0,0.0,TATACONSUM.NS,33
2020-02-18 00:00:00+05:30,359.89333067888987,366.04940080892356,353.45314579629166,361.7875061035156,7402772,0.0,0.0,TATACONSUM.NS,34
2020-02-19 00:00:00+05:30,362.734590574206,365.9073401626651,357.6203227539854,362.87664794921875,4326781,0.0,0.0,TATACONSUM.NS,35
2020-02-20 00:00:00+05:30,362.8766590355309,364.581434296236,359.0409652788863,360.36688232421875,5137245,0.0,0.0,TATACONSUM.NS,36
2020-02-24 00:00:00+05:30,358.8515473871985,359.75129232259434,348.29152461716814,349.5700988769531,3017687,0.0,0.0,TATACONSUM.NS,37
2020-02-25 00:00:00+05:30,350.89603455086063,354.21084189479586,346.2079383175931,349.47540283203125,3659466,0.0,0.0,TATACONSUM.NS,38
2020-02-26 00:00:00+05:30,348.14950624456804,350.5645687481354,342.0881496666744,346.30267333984375,2808589,0.0,0.0,TATACONSUM.NS,39
2020-02-27 00:00:00+05:30,344.83465286782024,346.30262730774865,341.18835927817565,344.07696533203125,1827751,0.0,0.0,TATACONSUM.NS,40
2020-02-28 00:00:00+05:30,339.01009572317287,339.01009572317287,323.4778323990469,327.8344421386719,4494646,0.0,0.0,TATACONSUM.NS,41
2020-03-02 00:00:00+05:30,332.4751465934321,336.4529267466405,315.94848252280076,320.8733215332031,3837169,0.0,0.0,TATACONSUM.NS,42
2020-03-03 00:00:00+05:30,322.578072462291,338.7732777151324,322.578072462291,336.500244140625,4204156,0.0,0.0,TATACONSUM.NS,43
2020-03-04 00:00:00+05:30,337.35263608149495,338.6785530250421,321.0627167669966,330.7230224609375,2331888,0.0,0.0,TATACONSUM.NS,44
2020-03-05 00:00:00+05:30,335.03226894559276,338.20501847447593,328.6394270646521,330.06005859375,1890082,0.0,0.0,TATACONSUM.NS,45
2020-03-06 00:00:00+05:30,322.0098035394367,328.544702595408,316.4693349626791,326.2716979980469,4469801,0.0,0.0,TATACONSUM.NS,46
2020-03-09 00:00:00+05:30,320.1156543154453,322.8148601397941,302.2630447365191,312.6336669921875,5653362,0.0,0.0,TATACONSUM.NS,47
2020-03-11 00:00:00+05:30,309.55562834054314,319.8788787505972,307.80351027074494,310.5027160644531,3475867,0.0,0.0,TATACONSUM.NS,48
2020-03-12 00:00:00+05:30,303.06809004922843,303.06809004922843,281.47450019435104,287.393798828125,5401010,0.0,0.0,TATACONSUM.NS,49
2020-03-13 00:00:00+05:30,259.0758662957098,310.4553814619814,244.34866198890467,307.0932312011719,7428473,0.0,0.0,TATACONSUM.NS,50
2020-03-16 00:00:00+05:30,289.1458384850598,297.6696270550424,280.9061935424355,284.410400390625,3695134,0.0,0.0,TATACONSUM.NS,51
2020-03-17 00:00:00+05:30,288.86177230737076,292.3660086473116,267.07875341206085,268.83087158203125,3307243,0.0,0.0,TATACONSUM.NS,52
2020-03-18 00:00:00+05:30,269.9199756566842,273.3294969192275,248.1369600773728,253.29859924316406,4036479,0.0,0.0,TATACONSUM.NS,53
2020-03-19 00:00:00+05:30,244.348640236517,251.4517983829274,219.96113060050806,237.4822540283203,6319631,0.0,0.0,TATACONSUM.NS,54
2020-03-20 00:00:00+05:30,233.93064684325586,258.93375473338784,231.56292774565205,250.22056579589844,3907591,0.0,0.0,TATACONSUM.NS,55
2020-03-23 00:00:00+05:30,227.30103347475165,234.7830200460647,213.09471888257968,214.51535034179688,2922955,0.0,0.0,TATACONSUM.NS,56
2020-03-24 00:00:00+05:30,235.96689248108538,242.54916349603127,202.39263671844574,235.8721923828125,6049682,0.0,0.0,TATACONSUM.NS,57
2020-03-25 00:00:00+05:30,234.97249262244017,267.5049648400002,233.835975683598,262.4853820800781,3964369,0.0,0.0,TATACONSUM.NS,58
2020-03-26 00:00:00+05:30,264.71102159798164,278.0175926967864,249.51027503157056,264.2848205566406,3335026,0.0,0.0,TATACONSUM.NS,59
2020-03-27 00:00:00+05:30,274.6555002160612,279.34359703950184,264.47430494943137,269.68328857421875,2980925,0.0,0.0,TATACONSUM.NS,60
2020-03-30 00:00:00+05:30,267.5522697584784,268.9729012793199,258.22345032438824,266.5104675292969,2901681,0.0,0.0,TATACONSUM.NS,61
2020-03-31 00:00:00+05:30,276.07612062956156,281.2851040376665,269.77799192578226,279.2488708496094,3269934,0.0,0.0,TATACONSUM.NS,62
2020-04-01 00:00:00+05:30,277.3546536949064,287.91467633928573,262.6747935526073,265.1845703125,5532600,0.0,0.0,TATACONSUM.NS,63
2020-04-03 00:00:00+05:30,270.867057361739,270.867057361739,250.0311298723745,253.0144500732422,5990371,0.0,0.0,TATACONSUM.NS,64
2020-04-07 00:00:00+05:30,265.18453724496027,271.5773787678298,256.6607485478008,269.4937744140625,6492026,0.0,0.0,TATACONSUM.NS,65
2020-04-08 00:00:00+05:30,267.74172234300914,280.3379780383313,262.0591957611511,278.8226318359375,5331494,0.0,0.0,TATACONSUM.NS,66
2020-04-09 00:00:00+05:30,285.4522334424985,302.1209831193005,284.3157455185401,292.69744873046875,7699408,0.0,0.0,TATACONSUM.NS,67
2020-04-13 00:00:00+05:30,298.3326222068737,298.3326222068737,285.16810910275393,288.9090881347656,3699539,0.0,0.0,TATACONSUM.NS,68
2020-04-15 00:00:00+05:30,294.63900449073435,305.67257098587976,288.8617634413426,298.9482421875,5721837,0.0,0.0,TATACONSUM.NS,69
2020-04-16 00:00:00+05:30,301.03185128655593,316.0431981124881,298.9482466465738,306.9037780761719,8211111,0.0,0.0,TATACONSUM.NS,70
2020-04-17 00:00:00+05:30,317.22703399723866,318.60029380894815,300.0847409914358,307.3299560546875,4845904,0.0,0.0,TATACONSUM.NS,71
2020-04-20 00:00:00+05:30,307.4246641143442,315.2381374084097,304.1572000847879,307.5193786621094,3621443,0.0,0.0,TATACONSUM.NS,72
2020-04-21 00:00:00+05:30,301.1739059462682,303.06808145536417,294.5442916644321,295.8702087402344,3462472,0.0,0.0,TATACONSUM.NS,73
2020-04-22 00:00:00+05:30,298.00116942583173,317.70061293721756,293.5972169521152,312.6810302734375,4645157,0.0,0.0,TATACONSUM.NS,74
2020-04-23 00:00:00+05:30,320.11562105928317,321.8203672434409,308.0875965175249,312.4915771484375,3747875,0.0,0.0,TATACONSUM.NS,75
2020-04-24 00:00:00+05:30,305.9093589577419,319.02653074934335,305.9093589577419,308.8453369140625,5438849,0.0,0.0,TATACONSUM.NS,76
2020-04-27 00:00:00+05:30,314.3857621847801,332.75925711847646,313.7227892576729,330.8650817871094,7426420,0.0,0.0,TATACONSUM.NS,77
2020-04-28 00:00:00+05:30,334.17991268726513,336.78440395549075,322.4360305674669,324.7563781738281,3767231,0.0,0.0,TATACONSUM.NS,78
2020-04-29 00:00:00+05:30,324.85104878743493,337.16318766276044,324.85104878743493,335.2690124511719,3653489,0.0,0.0,TATACONSUM.NS,79
2020-04-30 00:00:00+05:30,340.9042205912593,342.2774803799832,331.3386292815816,332.99603271484375,4760235,0.0,0.0,TATACONSUM.NS,80
2020-05-04 00:00:00+05:30,322.0098323177815,328.82887562211124,315.3802181230036,317.22705078125,3385449,0.0,0.0,TATACONSUM.NS,81
2020-05-05 00:00:00+05:30,321.062763775607,324.7564004101594,310.50274060013083,312.0654296875,2833246,0.0,0.0,TATACONSUM.NS,82
2020-05-06 00:00:00+05:30,313.9122212257656,323.1463260507172,308.4190953728191,317.7952575683594,3642687,0.0,0.0,TATACONSUM.NS,83
2020-05-07 00:00:00+05:30,318.1741316435564,326.36643465511247,311.40243131162543,323.24102783203125,3605449,0.0,0.0,TATACONSUM.NS,84
2020-05-08 00:00:00+05:30,328.63944096172156,336.6896866336946,325.8928923365543,330.2968444824219,3247800,0.0,0.0,TATACONSUM.NS,85
2020-05-11 00:00:00+05:30,335.1269804397991,345.68700226259904,330.58094224643327,336.21612548828125,4792044,0.0,0.0,TATACONSUM.NS,86
2020-05-12 00:00:00+05:30,335.6952748877485,344.0769786111381,328.30797286853146,339.72039794921875,3257800,0.0,0.0,TATACONSUM.NS,87
2020-05-13 00:00:00+05:30,355.157900952455,355.157900952455,330.06007595181484,337.4947204589844,8536848,0.0,0.0,TATACONSUM.NS,88
2020-05-14 00:00:00+05:30,331.4807418766292,345.213515468661,331.4807418766292,343.60345458984375,5120801,0.0,0.0,TATACONSUM.NS,89
2020-05-15 00:00:00+05:30,334.4166736891921,348.2915027567198,330.6283228774263,333.5643005371094,9452893,0.0,0.0,TATACONSUM.NS,90
2020-05-18 00:00:00+05:30,332.61722690383084,336.97380739938586,325.22992516671184,328.7341613769531,4181440,0.0,0.0,TATACONSUM.NS,91
2020-05-19 00:00:00+05:30,332.333095023674,343.7928629009369,330.7704059728711,339.1047668457031,5696557,0.0,0.0,TATACONSUM.NS,92
2020-05-20 00:00:00+05:30,340.57275065208887,344.5505017432657,337.6841157579527,341.6618957519531,3489683,0.0,0.0,TATACONSUM.NS,93
2020-05-21 00:00:00+05:30,344.64520876148964,347.01292801500745,336.50024874882376,341.2356872558594,3883173,0.0,0.0,TATACONSUM.NS,94
2020-05-22 00:00:00+05:30,342.41954010202636,347.5338367106099,337.35264412209125,343.2719421386719,3956328,0.0,0.0,TATACONSUM.NS,95
2020-05-26 00:00:00+05:30,347.3917923505347,356.5312127131104,340.9516068925829,352.2693176269531,7728662,0.0,0.0,TATACONSUM.NS,96
2020-05-27 00:00:00+05:30,354.77909282178507,355.8208951740142,343.03520997631944,349.0491943359375,3384187,0.0,0.0,TATACONSUM.NS,97
2020-05-28 00:00:00+05:30,348.4809333589193,353.6425440204812,346.6341007691022,351.5115966796875,3390919,0.0,0.0,TATACONSUM.NS,98
2020-05-29 00:00:00+05:30,350.94331430930254,362.54513792801197,338.4417747720593,347.4864501953125,63551245,0.0,0.0,TATACONSUM.NS,99
2020-06-01 00:00:00+05:30,349.00182722786934,349.85420040118544,340.4780376890612,343.6507873535156,9637108,0.0,0.0,TATACONSUM.NS,100
2020-06-02 00:00:00+05:30,343.6508062098127,350.4224780455329,342.1828028114403,348.0074157714844,2638814,0.0,0.0,TATACONSUM.NS,101
2020-06-03 00:00:00+05:30,352.31661973265886,352.31661973265886,345.26080490000214,347.24969482421875,4027578,0.0,0.0,TATACONSUM.NS,102
2020-06-04 00:00:00+05:30,349.94894177198097,363.20817095955266,346.63413447508805,361.3139953613281,4535651,0.0,0.0,TATACONSUM.NS,103
2020-06-05 00:00:00+05:30,363.6816779131007,367.2805996229866,357.05206399280985,359.65655517578125,3140410,0.0,0.0,TATACONSUM.NS,104
2020-06-08 00:00:00+05:30,363.68167396370126,365.52850652542725,357.57294678521316,359.3724365234375,1565959,0.0,0.0,TATACONSUM.NS,105
2020-06-09 00:00:00+05:30,361.7875096576122,368.2750663312519,359.41979035357025,363.91845703125,2635455,0.0,0.0,TATACONSUM.NS,106
2020-06-10 00:00:00+05:30,365.52850305893077,373.10520452798744,360.0827488780463,364.2972717285156,3409451,0.0,0.0,TATACONSUM.NS,107
2020-06-11 00:00:00+05:30,365.5758642817154,366.0494081473653,354.5896408180732,355.9155578613281,2855842,0.0,0.0,TATACONSUM.NS,108
2020-06-12 00:00:00+05:30,345.781755725946,353.31108626720277,345.781755725946,351.36956787109375,3179703,0.0,0.0,TATACONSUM.NS,109
2020-06-15 00:00:00+05:30,351.84308640763567,359.8459891670006,347.0129332766566,350.4224548339844,2293579,0.0,0.0,TATACONSUM.NS,110
2020-06-16 00:00:00+05:30,356.10497617222484,357.9518087533961,341.18834485649995,349.522705078125,2343185,0.0,0.0,TATACONSUM.NS,111
2020-06-17 00:00:00+05:30,346.63411843710037,353.50050466297193,346.63411843710037,350.04364013671875,2556896,0.0,0.0,TATACONSUM.NS,112
2020-06-18 00:00:00+05:30,350.8705749278807,356.7852076626306,348.1994673712839,355.0203552246094,1929487,2.666852,0.0,TATACONSUM.NS,113
2020-06-19 00:00:00+05:30,356.6421057086442,365.3709355526642,356.1651201530924,359.93328857421875,4249130,0.0,0.0,TATACONSUM.NS,114
2020-06-22 00:00:00+05:30,365.3709500047446,367.4219821521673,360.21951162360017,363.55841064453125,2623125,0.0,0.0,TATACONSUM.NS,115
2020-06-23 00:00:00+05:30,366.2294782175925,373.8612465747724,364.41693905533947,372.8595886230469,3834436,0.0,0.0,TATACONSUM.NS,116
2020-06-24 00:00:00+05:30,373.8613044768216,376.7232180540051,361.88897765742695,365.46636962890625,3889495,0.0,0.0,TATACONSUM.NS,117
2020-06-25 00:00:00+05:30,362.50900586446124,371.476328081689,360.2194811236841,366.32489013671875,1961912,0.0,0.0,TATACONSUM.NS,118
2020-06-26 00:00:00+05:30,369.28219543450894,371.04704768121957,364.89392282759985,367.89892578125,1759164,0.0,0.0,TATACONSUM.NS,119
2020-06-29 00:00:00+05:30,369.2345234186782,374.24287197593213,364.56007058781904,368.7575378417969,2764272,0.0,0.0,TATACONSUM.NS,120
2020-06-30 00:00:00+05:30,370.1408224126695,373.7659012962972,368.1374770873424,369.61614990234375,1860920,0.0,0.0,TATACONSUM.NS,121
2020-07-01 00:00:00+05:30,367.2788959795849,370.61779503394473,362.9860257668365,366.8019104003906,1611560,0.0,0.0,TATACONSUM.NS,122
2020-07-02 00:00:00+05:30,367.2788689816609,376.8185798643014,366.8495703467872,372.8118896484375,2607208,0.0,0.0,TATACONSUM.NS,123
2020-07-03 00:00:00+05:30,376.81857356171724,383.782550744412,374.5767357192158,378.20184326171875,3223088,0.0,0.0,TATACONSUM.NS,124
2020-07-06 00:00:00+05:30,381.63613244580085,389.6495130923518,379.0127118827459,387.0260925292969,4073356,0.0,0.0,TATACONSUM.NS,125
2020-07-07 00:00:00+05:30,389.60182490669223,395.3256519986992,385.1181778190209,393.70391845703125,4087677,0.0,0.0,TATACONSUM.NS,126
2020-07-08 00:00:00+05:30,396.9950703418597,416.217582324673,395.75491954795734,412.4971008300781,6978394,0.0,0.0,TATACONSUM.NS,127
2020-07-09 00:00:00+05:30,413.1171725503806,417.1715497189085,409.110511404509,413.40338134765625,2808348,0.0,0.0,TATACONSUM.NS,128
2020-07-10 00:00:00+05:30,409.77827693958926,417.600851653991,408.9197087667617,410.302978515625,3765369,0.0,0.0,TATACONSUM.NS,129
2020-07-13 00:00:00+05:30,410.30298645051283,413.5941693621483,402.5758145198527,404.9130554199219,2552387,0.0,0.0,TATACONSUM.NS,130
2020-07-14 00:00:00+05:30,400.66789649072234,406.8210222605573,398.2829685354204,400.0478210449219,3232206,0.0,0.0,TATACONSUM.NS,131
2020-07-15 00:00:00+05:30,403.3866844689609,403.6251772433764,392.4160168458477,394.0377502441406,2076567,0.0,0.0,TATACONSUM.NS,132
2020-07-16 00:00:00+05:30,396.2795956712441,396.6611782949774,388.4093339660828,391.4143371582031,2027078,0.0,0.0,TATACONSUM.NS,133
2020-07-17 00:00:00+05:30,392.46371430338274,404.96074184120124,392.0821316766401,403.52978515625,2740774,0.0,0.0,TATACONSUM.NS,134
2020-07-20 00:00:00+05:30,407.05948492950796,407.05948492950796,398.7122377037332,403.62518310546875,1680893,0.0,0.0,TATACONSUM.NS,135
2020-07-21 00:00:00+05:30,404.4837532006376,405.199231537667,389.6017979678478,390.6034851074219,2752464,0.0,0.0,TATACONSUM.NS,136
2020-07-22 00:00:00+05:30,391.1281486342521,398.18752890897576,385.40432206887283,388.2662353515625,2619808,0.0,0.0,TATACONSUM.NS,137
2020-07-23 00:00:00+05:30,390.7465807111233,393.37000131889545,384.16418573601794,385.7859191894531,2992496,0.0,0.0,TATACONSUM.NS,138
2020-07-24 00:00:00+05:30,386.07211400698907,395.8980046458145,383.8302761099112,389.6495056152344,3124083,0.0,0.0,TATACONSUM.NS,139
2020-07-27 00:00:00+05:30,389.6495056152344,394.9440335502825,385.6905022784663,389.6495056152344,3132821,0.0,0.0,TATACONSUM.NS,140
2020-07-28 00:00:00+05:30,391.08046313169837,397.2335592438859,390.17417894376445,394.0377502441406,3500423,0.0,0.0,TATACONSUM.NS,141
2020-07-29 00:00:00+05:30,397.8059259041501,410.1121465663776,397.8059259041501,408.013427734375,5938179,0.0,0.0,TATACONSUM.NS,142
2020-07-30 00:00:00+05:30,410.5891876507541,412.1155473524151,402.1465369344982,405.34234619140625,1866344,0.0,0.0,TATACONSUM.NS,143
2020-07-31 00:00:00+05:30,405.4377203265114,414.0234602863669,405.4377203265114,408.3473205566406,3115208,0.0,0.0,TATACONSUM.NS,144
2020-08-03 00:00:00+05:30,409.20592055753224,419.7472897107959,408.01345666630834,414.1188659667969,2917293,0.0,0.0,TATACONSUM.NS,145
2020-08-04 00:00:00+05:30,419.17488594943575,431.4811070359593,415.9313901060485,429.0484924316406,6816080,0.0,0.0,TATACONSUM.NS,146
2020-08-05 00:00:00+05:30,443.59658994023096,450.08358219097533,420.03349061437905,426.99749755859375,20178067,0.0,0.0,TATACONSUM.NS,147
2020-08-06 00:00:00+05:30,429.2870036101083,466.4918772563177,428.38071940177616,462.4375,15882211,0.0,0.0,TATACONSUM.NS,148
2020-08-07 00:00:00+05:30,465.1563536556651,505.5570389916378,460.48190069156936,494.72943115234375,30560068,0.0,0.0,TATACONSUM.NS,149
2020-08-10 00:00:00+05:30,496.97130085009775,501.7888436928675,487.19309619638693,496.3511962890625,6832824,0.0,0.0,TATACONSUM.NS,150
2020-08-11 00:00:00+05:30,500.35784526506103,503.60137031686065,490.6273283354376,492.1537170410156,4690222,0.0,0.0,TATACONSUM.NS,151
2020-08-12 00:00:00+05:30,491.48591341410713,497.9729051308096,485.71437089648714,493.72772216796875,3883832,0.0,0.0,TATACONSUM.NS,152
2020-08-13 00:00:00+05:30,496.06496074693763,518.006295549206,494.6816910381616,514.2380981445312,7877135,0.0,0.0,TATACONSUM.NS,153
2020-08-14 00:00:00+05:30,517.0047049818205,519.4373199037065,506.1294099800254,512.759521484375,5921905,0.0,0.0,TATACONSUM.NS,154
2020-08-17 00:00:00+05:30,516.2414393676697,522.7761175466954,513.5225870325579,518.7217407226562,5044171,0.0,0.0,TATACONSUM.NS,155
2020-08-18 00:00:00+05:30,520.4389548649687,527.9276634089126,517.5293544711622,520.6297607421875,3328153,0.0,0.0,TATACONSUM.NS,156
2020-08-19 00:00:00+05:30,522.2515016399881,525.7334612948614,517.386213989254,522.9669799804688,3597622,0.0,0.0,TATACONSUM.NS,157
2020-08-20 00:00:00+05:30,516.4800382298966,527.7368869029654,515.1921421563254,523.9686889648438,4812366,0.0,0.0,TATACONSUM.NS,158
2020-08-21 00:00:00+05:30,527.5459711148712,531.3141682679885,519.1033509253119,520.6773681640625,2953395,0.0,0.0,TATACONSUM.NS,159
2020-08-24 00:00:00+05:30,521.3452491085824,524.684148233706,518.5310224865365,520.43896484375,2123227,0.0,0.0,TATACONSUM.NS,160
2020-08-25 00:00:00+05:30,522.2038464596404,522.4900261680664,516.336900420897,520.43896484375,1850446,0.0,0.0,TATACONSUM.NS,161
2020-08-26 00:00:00+05:30,519.8188529825024,535.5593754451951,519.6280471256789,523.8732299804688,5778027,0.0,0.0,TATACONSUM.NS,162
2020-08-27 00:00:00+05:30,527.3551508877676,528.3568087807101,518.4832323383552,519.580322265625,2572048,0.0,0.0,TATACONSUM.NS,163
2020-08-28 00:00:00+05:30,522.680783408696,530.2648069922326,518.9602728680454,521.869873046875,2692860,0.0,0.0,TATACONSUM.NS,164
2020-08-31 00:00:00+05:30,523.7301703091324,526.9259504259894,503.887581694853,507.8465270996094,5541983,0.0,0.0,TATACONSUM.NS,165
2020-09-01 00:00:00+05:30,501.7888230329877,524.4933246733551,501.7888230329877,523.253173828125,3854978,0.0,0.0,TATACONSUM.NS,166
2020-09-02 00:00:00+05:30,526.592138169791,530.4080232289924,517.1477993579535,524.5410766601562,4042692,0.0,0.0,TATACONSUM.NS,167
2020-09-03 00:00:00+05:30,523.2531797364547,564.7032381629213,523.2531797364547,551.872314453125,12052237,0.0,0.0,TATACONSUM.NS,168
2020-09-04 00:00:00+05:30,542.7618649505512,560.3626432597092,540.5199979467716,542.8572387695312,6461042,0.0,0.0,TATACONSUM.NS,169
2020-09-07 00:00:00+05:30,543.7634739335776,545.6714159473797,517.0522857403492,520.2003784179688,5253648,0.0,0.0,TATACONSUM.NS,170
2020-09-08 00:00:00+05:30,522.0130536120859,523.4440104157233,509.0867554643841,513.5703735351562,3891628,0.0,0.0,TATACONSUM.NS,171
2020-09-09 00:00:00+05:30,509.42056903598353,516.0029929374327,504.793832476435,510.13604736328125,4391991,0.0,0.0,TATACONSUM.NS,172
2020-09-10 00:00:00+05:30,513.2363821132537,523.6346889816915,509.56361716724825,521.392822265625,3787048,0.0,0.0,TATACONSUM.NS,173
2020-09-11 00:00:00+05:30,524.4933004868839,527.5460196599082,516.0506795204305,523.1577758789062,3451466,0.0,0.0,TATACONSUM.NS,174
2020-09-14 00:00:00+05:30,526.5920559812444,529.6447751973053,518.3879276747455,521.34521484375,2809233,0.0,0.0,TATACONSUM.NS,175
2020-09-15 00:00:00+05:30,521.8220964944088,525.1609947352322,515.6212854757366,517.3861083984375,1812894,0.0,0.0,TATACONSUM.NS,176
2020-09-16 00:00:00+05:30,517.0047222953184,521.2021607925649,512.8072255722885,517.4340209960938,2127916,0.0,0.0,TATACONSUM.NS,177
2020-09-17 00:00:00+05:30,517.0523712375799,526.5920828840298,508.6097497207835,523.0623779296875,3725291,0.0,0.0,TATACONSUM.NS,178
2020-09-18 00:00:00+05:30,525.68586957112,527.7846180617103,512.5687642871643,515.7168579101562,9395417,0.0,0.0,TATACONSUM.NS,179
2020-09-21 00:00:00+05:30,515.7167413090834,517.3385037863118,478.8934810005462,484.3788146972656,3886296,0.0,0.0,TATACONSUM.NS,180
2020-09-22 00:00:00+05:30,481.2307299384407,488.1470203688625,467.8274186020975,481.1830139160156,5113511,0.0,0.0,TATACONSUM.NS,181
2020-09-23 00:00:00+05:30,482.70934861246576,487.38380090886307,467.44581189744713,470.8323974609375,4284285,0.0,0.0,TATACONSUM.NS,182
2020-09-24 00:00:00+05:30,467.3504534212321,470.16467991588587,455.9982027322741,466.1579895019531,9646972,0.0,0.0,TATACONSUM.NS,183
2020-09-25 00:00:00+05:30,475.840790178189,488.4332207970176,472.50189120789696,486.33447265625,5153385,0.0,0.0,TATACONSUM.NS,184
2020-09-28 00:00:00+05:30,490.3411202937999,497.9728887030419,480.3721111640731,493.2030334472656,5554154,0.0,0.0,TATACONSUM.NS,185
2020-09-29 00:00:00+05:30,495.6834041093246,502.7428141639888,477.0809951269628,480.08599853515625,4918324,0.0,0.0,TATACONSUM.NS,186
2020-09-30 00:00:00+05:30,483.66335086478983,491.7721052678485,472.74037005316166,476.9378662109375,6252142,0.0,0.0,TATACONSUM.NS,187
2020-10-01 00:00:00+05:30,485.1419854452749,487.67003212028555,476.126976126055,485.66668701171875,3070361,0.0,0.0,TATACONSUM.NS,188
2020-10-05 00:00:00+05:30,489.7687815318137,489.7687815318137,478.9888907330938,480.37213134765625,2023148,0.0,0.0,TATACONSUM.NS,189
2020-10-06 00:00:00+05:30,483.6633736131961,489.8641860954165,479.70439915866393,482.32781982421875,2973460,0.0,0.0,TATACONSUM.NS,190
2020-10-07 00:00:00+05:30,483.6633559076607,487.4792403724154,478.5119177028194,481.8031005859375,2157212,0.0,0.0,TATACONSUM.NS,191
2020-10-08 00:00:00+05:30,483.4725502738076,484.9035069487848,462.6759915759609,465.7763977050781,5419695,0.0,0.0,TATACONSUM.NS,192
2020-10-09 00:00:00+05:30,467.6366318970405,470.35542616633506,448.41409147479413,449.5588684082031,6721697,0.0,0.0,TATACONSUM.NS,193
2020-10-12 00:00:00+05:30,452.6592917890552,461.3404347144366,448.70031750431014,452.85009765625,4422520,0.0,0.0,TATACONSUM.NS,194
2020-10-13 00:00:00+05:30,451.9914825050627,455.5211871184652,445.55217776569174,447.36474609375,2260650,0.0,0.0,TATACONSUM.NS,195
2020-10-14 00:00:00+05:30,447.12629758602253,468.78142560763735,442.2133227860128,467.25506591796875,8021621,0.0,0.0,TATACONSUM.NS,196
2020-10-15 00:00:00+05:30,470.30775815273455,471.4525351321357,449.32039369155774,452.2777099609375,4700083,0.0,0.0,TATACONSUM.NS,197
2020-10-16 00:00:00+05:30,456.71369503645764,464.2977774399212,453.1839900824039,455.1396484375,4313466,0.0,0.0,TATACONSUM.NS,198
2020-10-19 00:00:00+05:30,459.7186878403929,461.9605258482954,450.3220662623051,453.9471740722656,3162037,0.0,0.0,TATACONSUM.NS,199
2020-10-20 00:00:00+05:30,454.0902317758683,461.7220003771434,453.27935053940547,455.90277099609375,2736592,0.0,0.0,TATACONSUM.NS,200
2020-10-21 00:00:00+05:30,457.6199589132974,460.10026054042936,437.82505812986204,443.88275146484375,4907120,0.0,0.0,TATACONSUM.NS,201
2020-10-22 00:00:00+05:30,444.21666192309226,448.84342784137823,439.2560293913036,444.7413635253906,3460945,0.0,0.0,TATACONSUM.NS,202
2020-10-23 00:00:00+05:30,448.3187422029467,452.18231361717864,444.7413504812918,451.03753662109375,2619194,0.0,0.0,TATACONSUM.NS,203
2020-10-26 00:00:00+05:30,453.0408931889713,462.00821617394996,448.5095302277061,454.9965515136719,6102517,0.0,0.0,TATACONSUM.NS,204
2020-10-27 00:00:00+05:30,455.9982195478932,478.5596319100593,455.9982195478932,475.7931213378906,10455291,0.0,0.0,TATACONSUM.NS,205
2020-10-28 00:00:00+05:30,478.702696917581,481.5646102808497,467.01655068423406,470.1646728515625,5195173,0.0,0.0,TATACONSUM.NS,206
2020-10-29 00:00:00+05:30,466.11026399632595,472.597255534924,462.00817098592717,469.353759765625,4365903,0.0,0.0,TATACONSUM.NS,207
2020-10-30 00:00:00+05:30,471.2617338182378,477.2717402359467,466.3964752781035,470.1646728515625,4403196,0.0,0.0,TATACONSUM.NS,208
2020-11-02 00:00:00+05:30,471.2617166485364,475.26840685629014,465.82406981128304,471.0232238769531,6105178,0.0,0.0,TATACONSUM.NS,209
2020-11-03 00:00:00+05:30,474.8868208708845,481.3261260526508,465.82409505950966,466.9688720703125,8103580,0.0,0.0,TATACONSUM.NS,210
2020-11-04 00:00:00+05:30,468.39982542273117,475.60229581819004,466.4918831603168,470.06927490234375,5024804,0.0,0.0,TATACONSUM.NS,211
2020-11-05 00:00:00+05:30,474.12360344949553,485.7620616984402,473.02654258401043,483.1386413574219,5208756,0.0,0.0,TATACONSUM.NS,212
2020-11-06 00:00:00+05:30,484.3788343532289,486.8591650784523,478.3688279650501,480.99224853515625,3209659,0.0,0.0,TATACONSUM.NS,213
2020-11-09 00:00:00+05:30,487.47923257434934,494.013911325398,482.23239151924383,486.3821716308594,6179187,0.0,0.0,TATACONSUM.NS,214
2020-11-10 00:00:00+05:30,487.6700144391294,489.86413621812625,472.21567171951796,475.45916748046875,3255303,0.0,0.0,TATACONSUM.NS,215
2020-11-11 00:00:00+05:30,476.5085664103582,481.6600045489737,472.2156964426973,480.2767639160156,2912596,0.0,0.0,TATACONSUM.NS,216
2020-11-12 00:00:00+05:30,481.7554631713567,488.910247277862,479.0843554167512,485.3328552246094,2737879,0.0,0.0,TATACONSUM.NS,217
2020-11-13 00:00:00+05:30,486.334489730023,495.1110361194936,484.8081591517582,489.6257019042969,4005435,0.0,0.0,TATACONSUM.NS,218
2020-11-14 00:00:00+05:30,494.0139162210915,495.0156324676134,491.29512184681266,492.3922119140625,530739,0.0,0.0,TATACONSUM.NS,219
2020-11-17 00:00:00+05:30,494.15702710382584,497.8297925284768,489.4825454490203,494.4432067871094,2774413,0.0,0.0,TATACONSUM.NS,220
2020-11-18 00:00:00+05:30,494.4431905690671,499.88083727619556,490.34112664115366,493.107666015625,3693589,0.0,0.0,TATACONSUM.NS,221
2020-11-19 00:00:00+05:30,492.15370006084396,503.69672675875603,488.6716823526,491.8674621582031,3655576,0.0,0.0,TATACONSUM.NS,222
2020-11-20 00:00:00+05:30,496.30346837971973,499.69005416416195,491.8674794421905,495.15869140625,2767344,0.0,0.0,TATACONSUM.NS,223
2020-11-23 00:00:00+05:30,496.06499293178643,510.27918621187365,495.111021791533,497.6390686035156,5314636,0.0,0.0,TATACONSUM.NS,224
2020-11-24 00:00:00+05:30,500.0717121957875,506.27252496491974,497.6390972930534,502.5997009277344,4070241,0.0,0.0,TATACONSUM.NS,225
2020-11-25 00:00:00+05:30,504.88926582696297,505.03238479960754,484.9989601602805,491.1043701171875,2941845,0.0,0.0,TATACONSUM.NS,226
2020-11-26 00:00:00+05:30,492.7260949638274,499.49926678337727,481.8031137400933,495.921875,3566655,0.0,0.0,TATACONSUM.NS,227
2020-11-27 00:00:00+05:30,496.82819476530483,520.2004894217109,496.5897019626884,513.2365112304688,18853563,0.0,0.0,TATACONSUM.NS,228
2020-12-01 00:00:00+05:30,528.5000512566174,528.5000512566174,501.12106583697556,504.93695068359375,5105352,0.0,0.0,TATACONSUM.NS,229
2020-12-02 00:00:00+05:30,507.5126038588027,516.8615086005209,505.7000355547122,514.4288940429688,3694795,0.0,0.0,TATACONSUM.NS,230
2020-12-03 00:00:00+05:30,516.098442916052,527.4507240080311,515.1444716722146,525.0657958984375,3859218,0.0,0.0,TATACONSUM.NS,231
2020-12-04 00:00:00+05:30,526.592135682398,540.8063307510955,524.445700346736,537.5628051757812,4170295,0.0,0.0,TATACONSUM.NS,232
2020-12-07 00:00:00+05:30,537.9920110413062,543.7635245248802,535.177784663961,541.7124633789062,3707125,0.0,0.0,TATACONSUM.NS,233
2020-12-08 00:00:00+05:30,543.7635193820108,543.7635193820108,532.3158663423895,536.8472290039062,2866169,0.0,0.0,TATACONSUM.NS,234
2020-12-09 00:00:00+05:30,538.0396854795259,543.7635119207974,534.5576677707763,539.4706420898438,2567264,0.0,0.0,TATACONSUM.NS,235
2020-12-10 00:00:00+05:30,536.1317790963177,557.7869355555059,534.4146426945455,553.2078857421875,4578520,0.0,0.0,TATACONSUM.NS,236
2020-12-11 00:00:00+05:30,557.8823416348691,562.2228989148568,544.2882521440341,549.8690185546875,3441778,0.0,0.0,TATACONSUM.NS,237
2020-12-14 00:00:00+05:30,553.112391417901,556.1651103583324,545.7668028434858,550.4412841796875,2482828,0.0,0.0,TATACONSUM.NS,238
2020-12-15 00:00:00+05:30,550.4413088681317,553.9233265732915,540.4246126062333,545.003662109375,3411634,0.0,0.0,TATACONSUM.NS,239
2020-12-16 00:00:00+05:30,548.4380462699025,558.2639376282078,547.2932692262852,556.737548828125,3686970,0.0,0.0,TATACONSUM.NS,240
2020-12-17 00:00:00+05:30,558.025441727337,566.0865096750732,549.0580895323798,550.7275390625,3608243,0.0,0.0,TATACONSUM.NS,241
2020-12-18 00:00:00+05:30,551.3952682774784,555.1157786720817,541.378572227455,547.1500854492188,5068565,0.0,0.0,TATACONSUM.NS,242
2020-12-21 00:00:00+05:30,547.5794037285513,553.255543339185,528.2138023150134,536.8472290039062,4816486,0.0,0.0,TATACONSUM.NS,243
2020-12-22 00:00:00+05:30,534.0330812350925,551.4430561280267,525.6381460825603,549.4874267578125,3264707,0.0,0.0,TATACONSUM.NS,244
2020-12-23 00:00:00+05:30,551.2045142937781,578.9173643283145,546.6731513685272,577.438720703125,7582654,0.0,0.0,TATACONSUM.NS,245
2020-12-24 00:00:00+05:30,586.6923286831518,587.7416737856042,569.5685328105759,573.3367309570312,5295707,0.0,0.0,TATACONSUM.NS,246
2020-12-28 00:00:00+05:30,579.728196452856,583.7825732595579,571.6194428394523,574.7198486328125,2351027,0.0,0.0,TATACONSUM.NS,247
2020-12-29 00:00:00+05:30,579.7282917241406,579.7282917241406,565.8957097574707,571.047119140625,2114428,0.0,0.0,TATACONSUM.NS,248
2020-12-30 00:00:00+05:30,571.2378586401144,576.1985197934242,562.8906118715838,566.99267578125,2297999,0.0,0.0,TATACONSUM.NS,249
2020-12-31 00:00:00+05:30,569.950090357638,572.1442124157857,559.9810799300811,562.7476196289062,2322873,0.0,0.0,TATACONSUM.NS,250
2021-01-01 00:00:00+05:30,565.7048445374195,578.8696336589029,563.796902397327,573.8135986328125,3606724,0.0,0.0,TATACONSUM.NS,251
2021-01-04 00:00:00+05:30,579.0127737679094,579.0127737679094,569.9977351813917,576.1985473632812,2120531,0.0,0.0,TATACONSUM.NS,252
2021-01-05 00:00:00+05:30,576.1985747882694,586.0244659913243,573.4320351620541,581.4931030273438,3813409,0.0,0.0,TATACONSUM.NS,253
2021-01-06 00:00:00+05:30,584.7842526575945,585.5474178511449,567.9943854963965,577.1047973632812,2167700,0.0,0.0,TATACONSUM.NS,254
2021-01-07 00:00:00+05:30,581.6362220977554,582.208581497737,570.9994204795017,573.1935424804688,2195640,0.0,0.0,TATACONSUM.NS,255
2021-01-08 00:00:00+05:30,578.8696823639865,584.3073295659188,574.8629918875217,581.4931030273438,3458752,0.0,0.0,TATACONSUM.NS,256
2021-01-11 00:00:00+05:30,584.784313207969,603.6729302765456,581.4454141929153,600.0478515625,6360644,0.0,0.0,TATACONSUM.NS,257
2021-01-12 00:00:00+05:30,603.4820964588504,605.6762765763392,591.4620838515325,595.5641479492188,4562628,0.0,0.0,TATACONSUM.NS,258
2021-01-13 00:00:00+05:30,597.9490690202188,603.8637014377498,583.1625170892786,591.8436889648438,3660044,0.0,0.0,TATACONSUM.NS,259
2021-01-14 00:00:00+05:30,594.2286477050098,594.3240215289088,580.6345589300709,585.73828125,3576000,0.0,0.0,TATACONSUM.NS,260
2021-01-15 00:00:00+05:30,581.9223368196186,585.2612354735018,567.6127711601198,574.6721801757812,4492648,0.0,0.0,TATACONSUM.NS,261
2021-01-18 00:00:00+05:30,573.8136732632302,573.8136732632302,554.2572637837684,557.8346557617188,3346718,0.0,0.0,TATACONSUM.NS,262
2021-01-19 00:00:00+05:30,562.843006415552,563.7969776128666,550.7752474792113,555.8790283203125,5743934,0.0,0.0,TATACONSUM.NS,263
2021-01-20 00:00:00+05:30,560.9350162047745,574.9584032550491,556.7375200040882,569.1868896484375,6156865,0.0,0.0,TATACONSUM.NS,264
2021-01-21 00:00:00+05:30,575.6262064033674,584.5458132292432,562.8906568100301,567.851318359375,4506198,0.0,0.0,TATACONSUM.NS,265
2021-01-22 00:00:00+05:30,571.6195511619102,578.9651410017909,555.7835944040482,557.8346557617188,4307126,0.0,0.0,TATACONSUM.NS,266
2021-01-25 00:00:00+05:30,560.7442165846271,562.6998457490516,543.7635421758694,547.1978149414062,2016556,0.0,0.0,TATACONSUM.NS,267
2021-01-27 00:00:00+05:30,546.6253704582822,561.4596075227731,540.472246004305,546.29150390625,3662455,0.0,0.0,TATACONSUM.NS,268
2021-01-28 00:00:00+05:30,545.5760343432278,549.4872921253402,535.6547127228795,538.6119995117188,4769073,0.0,0.0,TATACONSUM.NS,269
2021-01-29 00:00:00+05:30,547.5794215354234,547.5794215354234,528.7384919616873,534.0330200195312,3593336,0.0,0.0,TATACONSUM.NS,270
2021-02-01 00:00:00+05:30,537.0856962186938,561.65045053065,528.8338234216503,557.26220703125,4707518,0.0,0.0,TATACONSUM.NS,271
2021-02-02 00:00:00+05:30,562.8428858369365,568.9483234820852,541.0446719384745,548.8671875,5713446,0.0,0.0,TATACONSUM.NS,272
2021-02-03 00:00:00+05:30,561.8890329039604,570.4747736444283,544.7175514230244,553.4464111328125,10599727,0.0,0.0,TATACONSUM.NS,273
2021-02-04 00:00:00+05:30,558.0731266680098,562.842982451497,550.9660299054581,560.9827270507812,3816120,0.0,0.0,TATACONSUM.NS,274
2021-02-05 00:00:00+05:30,566.5634881711459,572.3826888844936,562.0798121297283,565.2279052734375,5918498,0.0,0.0,TATACONSUM.NS,275
2021-02-08 00:00:00+05:30,567.6128337793162,576.9617393964082,567.5174599547066,569.6161499023438,3970852,0.0,0.0,TATACONSUM.NS,276
2021-02-09 00:00:00+05:30,569.5207545523284,579.5374512404347,567.1835136799484,571.1425170898438,3072281,0.0,0.0,TATACONSUM.NS,277
2021-02-10 00:00:00+05:30,573.09814453125,578.0588059501255,569.8069325554535,573.09814453125,2435907,0.0,0.0,TATACONSUM.NS,278
2021-02-11 00:00:00+05:30,575.5307411148024,593.3700119620311,570.8085726220398,582.2562255859375,7033762,0.0,0.0,TATACONSUM.NS,279
2021-02-12 00:00:00+05:30,587.8370362641757,587.8370362641757,575.721590973026,579.5374755859375,3621853,0.0,0.0,TATACONSUM.NS,280
2021-02-15 00:00:00+05:30,580.0144917116194,596.7089877723979,579.4421322798481,594.41943359375,3234989,0.0,0.0,TATACONSUM.NS,281
2021-02-16 00:00:00+05:30,600.9064973882292,605.724040425077,589.1249178343928,599.4277954101562,6418986,0.0,0.0,TATACONSUM.NS,282
2021-02-17 00:00:00+05:30,606.7256219039492,615.9791532542431,595.5164614363841,603.0528564453125,8556599,0.0,0.0,TATACONSUM.NS,283
2021-02-18 00:00:00+05:30,608.1088767766308,613.7850163495168,592.5591598130428,595.2779541015625,4457424,0.0,0.0,TATACONSUM.NS,284
2021-02-19 00:00:00+05:30,595.2779132080985,597.2812290487793,582.3516176033011,588.5524291992188,3013104,0.0,0.0,TATACONSUM.NS,285
2021-02-22 00:00:00+05:30,590.5081234606096,594.8486804127818,583.8303256185671,589.84033203125,3020000,0.0,0.0,TATACONSUM.NS,286
2021-02-23 00:00:00+05:30,591.3667853436622,605.7717275429532,587.6462742778884,598.616943359375,4222282,0.0,0.0,TATACONSUM.NS,287
2021-02-24 00:00:00+05:30,623.897059596424,623.897059596424,586.6921890700318,597.13818359375,10479819,0.0,0.0,TATACONSUM.NS,288
2021-02-25 00:00:00+05:30,599.9525346369287,609.7307398226542,595.6119189250772,599.5709228515625,4977348,0.0,0.0,TATACONSUM.NS,289
2021-02-26 00:00:00+05:30,596.2319296767616,597.090526945806,576.6755223833638,581.1115112304688,5547291,0.0,0.0,TATACONSUM.NS,290
2021-03-01 00:00:00+05:30,586.5968265354581,599.5708096268925,581.1591798626612,595.8026123046875,2530243,0.0,0.0,TATACONSUM.NS,291
2021-03-02 00:00:00+05:30,599.5708865912991,606.7256704408372,593.3700739216994,603.24365234375,3051386,0.0,0.0,TATACONSUM.NS,292
2021-03-03 00:00:00+05:30,605.7715992475302,618.1732225392119,603.8636572026561,607.5841674804688,3601961,0.0,0.0,TATACONSUM.NS,293
2021-03-04 00:00:00+05:30,605.6762228763405,614.214216910459,599.8569647286013,602.0510864257812,2621353,0.0,0.0,TATACONSUM.NS,294
2021-03-05 00:00:00+05:30,604.5314189051461,613.880322821217,589.5540629425208,593.9900512695312,2839628,0.0,0.0,TATACONSUM.NS,295
2021-03-08 00:00:00+05:30,598.0444683776398,599.2846190847163,586.6921897092178,587.69384765625,1939925,0.0,0.0,TATACONSUM.NS,296
2021-03-09 00:00:00+05:30,590.3173616220845,592.3207360595911,574.2906572509355,583.544189453125,3065358,0.0,0.0,TATACONSUM.NS,297
2021-03-10 00:00:00+05:30,588.4093439397906,594.9440807004116,586.6922076600864,592.3683471679688,2778304,0.0,0.0,TATACONSUM.NS,298
2021-03-12 00:00:00+05:30,594.3240011960014,596.0411375478812,585.1659018354584,586.9307250976562,1884687,0.0,0.0,TATACONSUM.NS,299
2021-03-15 00:00:00+05:30,588.695583976573,590.3173466059351,574.6722543996478,579.6806030273438,2765564,0.0,0.0,TATACONSUM.NS,300
2021-03-16 00:00:00+05:30,583.4010195305999,589.5541448231814,580.4914192959643,582.54248046875,2480801,0.0,0.0,TATACONSUM.NS,301
2021-03-17 00:00:00+05:30,583.8304271621479,584.2120389669475,572.4781455659027,575.5785522460938,2263020,0.0,0.0,TATACONSUM.NS,302
2021-03-18 00:00:00+05:30,578.1064502738425,580.2051982071197,559.9810005127815,567.5173950195312,3387208,0.0,0.0,TATACONSUM.NS,303
2021-03-19 00:00:00+05:30,562.8429509758304,579.680564240248,550.4890135423075,572.6211547851562,4874177,0.0,0.0,TATACONSUM.NS,304
2021-03-22 00:00:00+05:30,575.2445741854774,594.3716831247649,568.8052692505654,591.9867553710938,3154483,0.0,0.0,TATACONSUM.NS,305
2021-03-23 00:00:00+05:30,592.4160273263482,610.5414774377824,591.9867287048703,604.9130249023438,4940745,0.0,0.0,TATACONSUM.NS,306
2021-03-24 00:00:00+05:30,603.6728931491175,609.7306444964717,595.898063713417,600.1431884765625,2938251,0.0,0.0,TATACONSUM.NS,307
2021-03-25 00:00:00+05:30,604.8177039582866,605.0085098318202,582.8763676948157,586.5491333007812,2981311,0.0,0.0,TATACONSUM.NS,308
2021-03-26 00:00:00+05:30,591.4619965073085,605.7238740359849,586.7875155026699,599.3799438476562,3557256,0.0,0.0,TATACONSUM.NS,309
2021-03-30 00:00:00+05:30,601.8126506948165,608.2519556792021,589.1248465929602,599.9524536132812,19895244,0.0,0.0,TATACONSUM.NS,310
2021-03-31 00:00:00+05:30,601.0017608388747,615.9791179525535,601.0017608388747,609.4921264648438,4424477,0.0,0.0,TATACONSUM.NS,311
2021-04-01 00:00:00+05:30,611.4955059388524,622.8954728039289,611.1616393273249,620.224365234375,3844057,0.0,0.0,TATACONSUM.NS,312
2021-04-05 00:00:00+05:30,621.9414695672381,621.9414695672381,609.7783380563759,615.263671875,3568896,0.0,0.0,TATACONSUM.NS,313
2021-04-06 00:00:00+05:30,615.5021910404718,647.7464039203654,608.7289610124653,643.501220703125,7636739,0.0,0.0,TATACONSUM.NS,314
2021-04-07 00:00:00+05:30,643.8828080051036,643.8828080051036,628.8100762137268,635.1062622070312,3898156,0.0,0.0,TATACONSUM.NS,315
2021-04-08 00:00:00+05:30,636.3464123608896,646.0292423428441,636.1079195852334,639.8284301757812,2477848,0.0,0.0,TATACONSUM.NS,316
2021-04-09 00:00:00+05:30,639.1607369577754,653.4703056956361,634.3908807118219,648.5096435546875,2566543,0.0,0.0,TATACONSUM.NS,317
2021-04-12 00:00:00+05:30,643.9304626513426,644.5028219945016,620.0811862568485,625.4234008789062,4201041,0.0,0.0,TATACONSUM.NS,318
2021-04-13 00:00:00+05:30,626.7591093785464,646.6971317343267,625.8051381313949,633.3892211914062,3065417,0.0,0.0,TATACONSUM.NS,319
2021-04-15 00:00:00+05:30,632.2920851582885,642.9765739974677,617.362471157465,628.9531860351562,3193956,0.0,0.0,TATACONSUM.NS,320
2021-04-16 00:00:00+05:30,632.2920631401417,645.4091663813876,629.907135278097,640.4008178710938,2708331,0.0,0.0,TATACONSUM.NS,321
2021-04-19 00:00:00+05:30,631.5288495667616,638.015841210208,621.5121533123039,633.5321655273438,2620095,0.0,0.0,TATACONSUM.NS,322
2021-04-20 00:00:00+05:30,646.1722948332642,665.871821141588,635.6309259288281,648.7957153320312,8230341,0.0,0.0,TATACONSUM.NS,323
2021-04-22 00:00:00+05:30,649.3681709202249,649.3681709202249,632.4828699858541,634.8677978515625,3013453,0.0,0.0,TATACONSUM.NS,324
2021-04-23 00:00:00+05:30,636.2987704069666,644.5983312313438,630.574943386814,634.0092163085938,2329094,0.0,0.0,TATACONSUM.NS,325
2021-04-26 00:00:00+05:30,636.2986605324302,643.9304285747982,631.5764924110612,639.3513793945312,1845322,0.0,0.0,TATACONSUM.NS,326
2021-04-27 00:00:00+05:30,643.8828325773237,648.6050013653997,637.3480953329671,642.6903686523438,2258769,0.0,0.0,TATACONSUM.NS,327
2021-04-28 00:00:00+05:30,645.8385094460948,661.10204881262,643.9305670252792,645.9816284179688,3900923,0.0,0.0,TATACONSUM.NS,328
2021-04-29 00:00:00+05:30,647.126288377366,649.1296626723102,635.3447682916969,640.9254760742188,3247095,0.0,0.0,TATACONSUM.NS,329
2021-04-30 00:00:00+05:30,640.1146726145328,646.7924709875607,634.4385323523029,638.6837158203125,2206232,0.0,0.0,TATACONSUM.NS,330
2021-05-03 00:00:00+05:30,631.3857779541174,651.0853053551749,630.5749257725577,645.933837890625,1985777,0.0,0.0,TATACONSUM.NS,331
2021-05-04 00:00:00+05:30,649.6543977095239,654.7104335061597,612.0202216155559,615.5499267578125,7400792,0.0,0.0,TATACONSUM.NS,332
2021-05-05 00:00:00+05:30,619.1272398482796,625.8050375045784,610.5891869139997,619.1749267578125,3332318,0.0,0.0,TATACONSUM.NS,333
2021-05-06 00:00:00+05:30,621.9892291776281,624.8034558934501,608.7767512039683,623.03857421875,4000163,0.0,0.0,TATACONSUM.NS,334
2021-05-07 00:00:00+05:30,606.7256495926074,612.4494764755565,585.7382843551272,600.0478515625,14598653,0.0,0.0,TATACONSUM.NS,335
2021-05-10 00:00:00+05:30,598.1398902784298,607.6319145364565,592.4160635772008,604.0068359375,5026811,0.0,0.0,TATACONSUM.NS,336
2021-05-11 00:00:00+05:30,599.0938866477409,619.9858782781567,596.2319731764937,612.06787109375,4619231,0.0,0.0,TATACONSUM.NS,337
2021-05-12 00:00:00+05:30,615.3113408100011,616.9331032758953,602.0511196324684,610.5891723632812,3137276,0.0,0.0,TATACONSUM.NS,338
2021-05-14 00:00:00+05:30,611.0184789451188,619.6042186961041,608.681238145529,615.4544677734375,2927148,0.0,0.0,TATACONSUM.NS,339
2021-05-17 00:00:00+05:30,616.2653316849263,627.1406255343821,610.6368788947074,623.2293090820312,2659352,0.0,0.0,TATACONSUM.NS,340
2021-05-18 00:00:00+05:30,627.7129706343319,627.7129706343319,618.173259834418,622.943115234375,2267368,0.0,0.0,TATACONSUM.NS,341
2021-05-19 00:00:00+05:30,621.9891951329977,630.5749355566127,620.7490442725202,623.1339721679688,3202046,0.0,0.0,TATACONSUM.NS,342
2021-05-20 00:00:00+05:30,625.8049975572688,625.8049975572688,610.6368348444595,615.2159423828125,2102743,0.0,0.0,TATACONSUM.NS,343
2021-05-21 00:00:00+05:30,615.3590549782348,622.4661514173506,614.6435766432724,619.7950439453125,1833201,0.0,0.0,TATACONSUM.NS,344
2021-05-24 00:00:00+05:30,620.0812394075251,624.5649153991658,609.1105713256997,610.6369018554688,2669967,0.0,0.0,TATACONSUM.NS,345
2021-05-25 00:00:00+05:30,611.495455583132,621.9891373482092,611.495455583132,620.0335083007812,2085253,0.0,0.0,TATACONSUM.NS,346
2021-05-26 00:00:00+05:30,621.9892116395627,624.8511251900514,611.1616619971921,612.3541259765625,2314694,0.0,0.0,TATACONSUM.NS,347
2021-05-27 00:00:00+05:30,613.8803946660985,621.9891489079972,611.6385859012951,618.6979370117188,3543940,0.0,0.0,TATACONSUM.NS,348
2021-05-28 00:00:00+05:30,620.5581013300063,627.426703796952,616.5514117054742,624.8032836914062,2881977,0.0,0.0,TATACONSUM.NS,349
2021-05-31 00:00:00+05:30,629.5731880836062,634.3907301031452,620.2719706121691,633.2936401367188,3417033,0.0,0.0,TATACONSUM.NS,350
2021-06-01 00:00:00+05:30,635.1538696289062,636.5371392011361,626.5681307711914,635.1538696289062,2355484,0.0,0.0,TATACONSUM.NS,351
2021-06-02 00:00:00+05:30,634.8677852805728,643.6920182089654,629.7640630393266,642.5472412109375,3021421,0.0,0.0,TATACONSUM.NS,352
2021-06-03 00:00:00+05:30,644.8844938390395,651.5622918521657,642.2610731910256,648.7003784179688,2485855,0.0,0.0,TATACONSUM.NS,353
2021-06-04 00:00:00+05:30,649.5111858188242,658.192357572814,643.9304782972245,655.3304443359375,2398771,0.0,0.0,TATACONSUM.NS,354
2021-06-07 00:00:00+05:30,658.2399717962561,674.4574783477581,655.6642385223346,667.7319946289062,3511853,0.0,0.0,TATACONSUM.NS,355
2021-06-08 00:00:00+05:30,672.6928046944223,682.4710093450528,669.3061604055308,677.7488403320312,3981598,0.0,0.0,TATACONSUM.NS,356
2021-06-09 00:00:00+05:30,679.5136351597492,681.9462499351363,668.4952800765647,670.4985961914062,3039558,0.0,0.0,TATACONSUM.NS,357
2021-06-10 00:00:00+05:30,675.7277767569147,689.5915773986915,675.4399589407706,678.9898681640625,2571253,4.000278,0.0,TATACONSUM.NS,358
2021-06-11 00:00:00+05:30,685.1782127450515,688.2483475204659,680.7168316509847,686.3775024414062,2171601,0.0,0.0,TATACONSUM.NS,359
2021-06-14 00:00:00+05:30,686.3775603683648,687.9126278856244,674.0967859939997,685.75390625,1798953,0.0,0.0,TATACONSUM.NS,360
2021-06-15 00:00:00+05:30,688.8720095742486,694.7245199366979,686.3775104005317,690.3111572265625,2387652,0.0,0.0,TATACONSUM.NS,361
2021-06-16 00:00:00+05:30,694.6285763291091,707.8207626889506,691.7502811233255,706.0458374023438,4134529,0.0,0.0,TATACONSUM.NS,362
2021-06-17 00:00:00+05:30,700.9128116516259,716.9832925103454,695.4440392893832,714.776611328125,4167585,0.0,0.0,TATACONSUM.NS,363
2021-06-18 00:00:00+05:30,715.7360862240812,717.127273974802,702.3999614619629,709.78759765625,3762934,0.0,0.0,TATACONSUM.NS,364
2021-06-21 00:00:00+05:30,699.425796973008,713.7693143977802,698.3224269560751,712.4260864257812,1594856,0.0,0.0,TATACONSUM.NS,365
2021-06-22 00:00:00+05:30,717.654946255267,727.9688375283206,712.2341334648727,726.0020141601562,3346784,0.0,0.0,TATACONSUM.NS,366
2021-06-23 00:00:00+05:30,729.1681484179181,733.9653072890886,721.3487560342828,727.1053466796875,2952360,0.0,0.0,TATACONSUM.NS,367
2021-06-24 00:00:00+05:30,731.0870215706434,732.8139870751382,723.4115672759385,726.7216186523438,1668843,0.0,0.0,TATACONSUM.NS,368
2021-06-25 00:00:00+05:30,724.370979361319,732.4781894514148,722.9318317202037,726.865478515625,1588289,0.0,0.0,TATACONSUM.NS,369
2021-06-28 00:00:00+05:30,731.086978981076,738.4746150211756,728.2086837882371,734.5889282226562,1486902,0.0,0.0,TATACONSUM.NS,370
2021-06-29 00:00:00+05:30,735.308593329758,740.5854685052325,725.1865404640894,727.2973022460938,1506378,0.0,0.0,TATACONSUM.NS,371
2021-06-30 00:00:00+05:30,733.9653643298715,737.179437599713,718.998250912264,723.79541015625,1733070,0.0,0.0,TATACONSUM.NS,372
2021-07-01 00:00:00+05:30,725.1384989980586,729.1681240268624,719.5738066054563,725.3783569335938,1914434,0.0,0.0,TATACONSUM.NS,373
2021-07-02 00:00:00+05:30,727.1532955347622,737.6110657377748,722.6439549155444,732.6220092773438,1916135,0.0,0.0,TATACONSUM.NS,374
2021-07-05 00:00:00+05:30,739.1942508906185,740.2016425808911,733.9653358060683,735.2125854492188,1020895,0.0,0.0,TATACONSUM.NS,375
2021-07-06 00:00:00+05:30,736.8436137743851,737.8030455631538,727.2492958866978,731.6626586914062,1411602,0.0,0.0,TATACONSUM.NS,376
2021-07-07 00:00:00+05:30,728.2086736073678,734.9726555041608,720.7730777964889,732.0943603515625,2104914,0.0,0.0,TATACONSUM.NS,377
2021-07-08 00:00:00+05:30,731.9985118405932,734.9247671520346,726.2898808539037,732.3342895507812,1540033,0.0,0.0,TATACONSUM.NS,378
2021-07-09 00:00:00+05:30,732.0464346090328,741.4008942911272,728.8803215053681,734.8767700195312,1151792,0.0,0.0,TATACONSUM.NS,379
2021-07-12 00:00:00+05:30,739.7218568468794,754.9288262001963,737.8989131534621,744.423095703125,2992685,0.0,0.0,TATACONSUM.NS,380
2021-07-13 00:00:00+05:30,749.2202371607967,749.2202371607967,735.5962953234009,741.4967651367188,1500414,0.0,0.0,TATACONSUM.NS,381
2021-07-14 00:00:00+05:30,742.2163575952828,745.1906310724471,732.4302008665359,737.0354614257812,1094262,0.0,0.0,TATACONSUM.NS,382
2021-07-15 00:00:00+05:30,737.8030776702911,743.1758724975774,732.5262026024282,741.0171508789062,965602,0.0,0.0,TATACONSUM.NS,383
2021-07-16 00:00:00+05:30,741.0171114685476,743.5116692306731,730.5113803303433,732.0464477539062,980383,0.0,0.0,TATACONSUM.NS,384
2021-07-19 00:00:00+05:30,730.1275781085376,738.7624640520025,727.7769585565585,734.4929809570312,1695546,0.0,0.0,TATACONSUM.NS,385
2021-07-20 00:00:00+05:30,731.0869811064301,736.843571508843,716.695505100398,726.3857421875,2195159,0.0,0.0,TATACONSUM.NS,386
2021-07-22 00:00:00+05:30,732.5260789912475,734.8287384195598,724.466829551216,733.1976928710938,1464419,0.0,0.0,TATACONSUM.NS,387
2021-07-23 00:00:00+05:30,736.0280981654903,745.4784775786063,734.9247282177766,743.7035522460938,2021122,0.0,0.0,TATACONSUM.NS,388
2021-07-26 00:00:00+05:30,748.5966658616175,754.1133987404438,739.5300235924278,744.8548583984375,2154261,0.0,0.0,TATACONSUM.NS,389
2021-07-27 00:00:00+05:30,748.7405544782506,756.1761504747567,733.0058504942758,738.5225830078125,2001824,0.0,0.0,TATACONSUM.NS,390
2021-07-28 00:00:00+05:30,737.7550282856588,738.7624198736736,709.2119347905397,724.2750244140625,3112462,0.0,0.0,TATACONSUM.NS,391
2021-07-29 00:00:00+05:30,724.3709263685439,729.0721650758856,718.1346203799405,720.72509765625,1742057,0.0,0.0,TATACONSUM.NS,392
2021-07-30 00:00:00+05:30,721.4926665805785,731.0869839553202,714.9685424775673,725.5702514648438,1613176,0.0,0.0,TATACONSUM.NS,393
2021-08-02 00:00:00+05:30,732.0465017907155,739.7219565932394,725.9061145250672,728.7364501953125,2054226,0.0,0.0,TATACONSUM.NS,394
2021-08-03 00:00:00+05:30,729.1681361271981,739.4820275263656,728.7363801242566,736.5078125,2946289,0.0,0.0,TATACONSUM.NS,395
2021-08-04 00:00:00+05:30,738.7623558484349,738.7623558484349,724.5148195521247,727.96875,5426419,0.0,0.0,TATACONSUM.NS,396
2021-08-05 00:00:00+05:30,730.1275821879494,739.4340821352731,726.5776729017659,737.1793823242188,2469893,0.0,0.0,TATACONSUM.NS,397
2021-08-06 00:00:00+05:30,741.6407458170587,765.962317356514,740.6813140630909,749.6519775390625,7849735,0.0,0.0,TATACONSUM.NS,398
2021-08-09 00:00:00+05:30,751.6667532523163,751.6667532523163,732.0463638973828,733.8212890625,1661739,0.0,0.0,TATACONSUM.NS,399
2021-08-10 00:00:00+05:30,734.8287977074184,743.1278471751314,730.1755186037367,740.5853881835938,1429806,0.0,0.0,TATACONSUM.NS,400
2021-08-11 00:00:00+05:30,740.5853733345866,742.7920545943957,721.4926585477941,733.9652709960938,1391781,0.0,0.0,TATACONSUM.NS,401
2021-08-12 00:00:00+05:30,734.5889372910979,744.7109304657233,732.0464197490767,742.8400268554688,880420,0.0,0.0,TATACONSUM.NS,402
2021-08-13 00:00:00+05:30,745.4785265783175,777.9073104885716,742.8880489440304,774.6932373046875,7956492,0.0,0.0,TATACONSUM.NS,403
2021-08-16 00:00:00+05:30,774.6452321088425,782.3686461214728,767.6413333624031,769.6082153320312,2604160,0.0,0.0,TATACONSUM.NS,404
2021-08-17 00:00:00+05:30,772.342637872359,801.1255933210183,772.342637872359,799.0148315429688,7580699,0.0,0.0,TATACONSUM.NS,405
2021-08-18 00:00:00+05:30,805.2031284071131,810.5759229984748,796.472322556383,807.2659301757812,3048603,0.0,0.0,TATACONSUM.NS,406
2021-08-20 00:00:00+05:30,799.1586914218846,817.8196507540363,793.1622429577654,812.926513671875,3782381,0.0,0.0,TATACONSUM.NS,407
2021-08-23 00:00:00+05:30,815.1812065818825,815.2291664573792,789.612327122044,798.7269287109375,2161681,0.0,0.0,TATACONSUM.NS,408
2021-08-24 00:00:00+05:30,799.6863948272178,806.354457461706,793.4500882088892,802.948486328125,1170096,0.0,0.0,TATACONSUM.NS,409
2021-08-25 00:00:00+05:30,802.1808806910184,816.1406598129627,799.4465235659951,802.0849609375,1777820,0.0,0.0,TATACONSUM.NS,410
2021-08-26 00:00:00+05:30,807.8415383406004,822.0411166138713,800.6937600484575,818.68310546875,2464570,0.0,0.0,TATACONSUM.NS,411
2021-08-27 00:00:00+05:30,819.3067614463704,825.9748238762062,809.7604037425682,813.5501708984375,2366396,0.0,0.0,TATACONSUM.NS,412
2021-08-30 00:00:00+05:30,815.5170305463756,827.7497860045713,815.5170305463756,825.591064453125,1875514,0.0,0.0,TATACONSUM.NS,413
2021-08-31 00:00:00+05:30,827.0302600156189,832.4990333075832,821.7054249257088,829.860595703125,2132008,0.0,0.0,TATACONSUM.NS,414
2021-09-01 00:00:00+05:30,835.760923744606,839.2149129723475,817.7236196410556,832.259033203125,2051666,0.0,0.0,TATACONSUM.NS,415
2021-09-02 00:00:00+05:30,831.2516831813334,839.5027727239077,827.0781199757806,836.0968017578125,1314628,0.0,0.0,TATACONSUM.NS,416
2021-09-03 00:00:00+05:30,838.111677119113,838.111677119113,827.1741892133196,834.561767578125,1075187,0.0,0.0,TATACONSUM.NS,417
2021-09-06 00:00:00+05:30,834.5617030081069,842.0453176729937,827.9896187970186,834.7536010742188,985142,0.0,0.0,TATACONSUM.NS,418
2021-09-07 00:00:00+05:30,834.7056918183578,852.934896582207,829.860572790307,833.0746459960938,2840271,0.0,0.0,TATACONSUM.NS,419
2021-09-08 00:00:00+05:30,838.8311576622739,845.5951397101396,820.8418125567448,844.1080322265625,1601842,0.0,0.0,TATACONSUM.NS,420
2021-09-09 00:00:00+05:30,839.502733546961,851.5435896134504,837.1521141812168,840.078369140625,1685368,0.0,0.0,TATACONSUM.NS,421
2021-09-13 00:00:00+05:30,841.2297815270045,848.1377021249036,835.3772710332545,846.3147583007812,1064009,0.0,0.0,TATACONSUM.NS,422
2021-09-14 00:00:00+05:30,848.9052525410517,849.9606626659584,841.9973318072884,845.5472412109375,622424,0.0,0.0,TATACONSUM.NS,423
2021-09-15 00:00:00+05:30,849.097056089247,851.3997155971823,835.1852964132084,836.1926879882812,1945751,0.0,0.0,TATACONSUM.NS,424
2021-09-16 00:00:00+05:30,838.063619094255,847.1782205612218,836.0008174438942,838.5433349609375,1294536,0.0,0.0,TATACONSUM.NS,425
2021-09-17 00:00:00+05:30,844.2040496491588,845.2594011872861,831.155742259294,838.6873168945312,1829129,0.0,0.0,TATACONSUM.NS,426
2021-09-20 00:00:00+05:30,834.753543229941,841.3736454181181,820.3141077813913,822.2329711914062,1081450,0.0,0.0,TATACONSUM.NS,427
2021-09-21 00:00:00+05:30,820.3141011601725,829.380742411124,816.476374371119,824.055908203125,1478291,0.0,0.0,TATACONSUM.NS,428
2021-09-22 00:00:00+05:30,827.0301114860708,828.3253208356548,817.3398749027245,819.4985961914062,982114,0.0,0.0,TATACONSUM.NS,429
2021-09-23 00:00:00+05:30,822.3769312484529,824.8714303242078,814.6054990957107,816.140625,1464265,0.0,0.0,TATACONSUM.NS,430
2021-09-24 00:00:00+05:30,816.140690985939,817.4359005032492,800.1661279574059,802.8045654296875,2846056,0.0,0.0,TATACONSUM.NS,431
2021-09-27 00:00:00+05:30,803.1402852671353,808.2253203309227,795.3689116051146,801.1734619140625,1433229,0.0,0.0,TATACONSUM.NS,432
2021-09-28 00:00:00+05:30,803.0443864386666,803.4281825678796,783.8557511593675,789.3245239257812,1933307,0.0,0.0,TATACONSUM.NS,433
2021-09-29 00:00:00+05:30,791.0515200974249,795.7527593469806,778.0991907810936,790.0441284179688,2156442,0.0,0.0,TATACONSUM.NS,434
2021-09-30 00:00:00+05:30,789.6123713074142,790.5238432291213,777.9552515151531,780.5936889648438,1622014,0.0,0.0,TATACONSUM.NS,435
2021-10-01 00:00:00+05:30,779.9220313336288,786.7339727964119,763.7076126170048,768.74462890625,1989799,0.0,0.0,TATACONSUM.NS,436
2021-10-04 00:00:00+05:30,772.390575483425,784.0956554068806,769.2244621871723,781.2653198242188,1709463,0.0,0.0,TATACONSUM.NS,437
2021-10-05 00:00:00+05:30,781.9368108508771,785.9664355756634,767.2575180154275,768.9365234375,3499870,0.0,0.0,TATACONSUM.NS,438
2021-10-06 00:00:00+05:30,776.5161009054242,800.1661181076536,770.4237324225969,787.3577270507812,5215518,0.0,0.0,TATACONSUM.NS,439
2021-10-07 00:00:00+05:30,794.4095387613405,797.0000163604199,788.029293800559,791.0994873046875,1500439,0.0,0.0,TATACONSUM.NS,440
2021-10-08 00:00:00+05:30,793.3541826704076,795.3210061580808,779.490381381721,785.5347900390625,1747911,0.0,0.0,TATACONSUM.NS,441
2021-10-11 00:00:00+05:30,788.0772049715289,792.970283113395,780.0179554400364,783.1361083984375,1772719,0.0,0.0,TATACONSUM.NS,442
2021-10-12 00:00:00+05:30,784.3354315671141,789.6123060302568,780.5936244332597,783.0402221679688,1246493,0.0,0.0,TATACONSUM.NS,443
2021-10-13 00:00:00+05:30,786.7339791265025,819.3546563097965,784.8630756350599,813.7420043945312,7233280,0.0,0.0,TATACONSUM.NS,444
2021-10-14 00:00:00+05:30,825.0633323045842,825.1112921795255,811.679247888231,815.1331787109375,2352197,0.0,0.0,TATACONSUM.NS,445
2021-10-18 00:00:00+05:30,827.9895646843554,827.9895646843554,807.8894586734264,809.71240234375,1914236,0.0,0.0,TATACONSUM.NS,446
2021-10-19 00:00:00+05:30,814.5575789952208,827.0301921011546,806.0186127529156,809.0888061523438,1915361,0.0,0.0,TATACONSUM.NS,447
2021-10-20 00:00:00+05:30,806.8821040230357,817.3399335511227,789.180576473856,793.402099609375,1535158,0.0,0.0,TATACONSUM.NS,448
2021-10-21 00:00:00+05:30,803.1882676201355,804.7233349099001,775.2208102619365,781.7449340820312,2257911,0.0,0.0,TATACONSUM.NS,449
2021-10-22 00:00:00+05:30,785.4388244874689,788.4609993603976,757.9510814639166,762.9880981445312,2948977,0.0,0.0,TATACONSUM.NS,450
2021-10-25 00:00:00+05:30,760.8294126398124,768.1210708505637,742.2164124126382,756.9437255859375,2954698,0.0,0.0,TATACONSUM.NS,451
2021-10-26 00:00:00+05:30,754.2092602731136,778.9626457787758,754.2092602731136,776.0843505859375,1776800,0.0,0.0,TATACONSUM.NS,452
2021-10-27 00:00:00+05:30,779.0586253578244,787.8854096722148,776.803984040577,785.5347900390625,1930632,0.0,0.0,TATACONSUM.NS,453
2021-10-28 00:00:00+05:30,784.8151391608326,789.1805417316381,773.2539987615354,776.8518676757812,1822874,0.0,0.0,TATACONSUM.NS,454
2021-10-29 00:00:00+05:30,774.2613938574882,785.2948585778861,761.9327197457129,776.6599731445312,2220844,0.0,0.0,TATACONSUM.NS,455
2021-11-01 00:00:00+05:30,788.1731504587219,796.3283200008998,773.3019589406327,791.4352416992188,1552830,0.0,0.0,TATACONSUM.NS,456
2021-11-02 00:00:00+05:30,794.3135699344588,802.0849436925421,789.4204328697938,799.9741821289062,1251565,0.0,0.0,TATACONSUM.NS,457
2021-11-03 00:00:00+05:30,799.2066976283462,804.963288487614,786.7820439786125,793.3541870117188,1044563,0.0,0.0,TATACONSUM.NS,458
2021-11-04 00:00:00+05:30,800.1660269802825,800.7416625688733,792.4905734840687,793.8338012695312,175837,0.0,0.0,TATACONSUM.NS,459
2021-11-08 00:00:00+05:30,796.3283471838297,804.1956991931218,783.9036943924615,802.4207153320312,891122,0.0,0.0,TATACONSUM.NS,460
2021-11-09 00:00:00+05:30,801.989003439388,807.3617976830525,792.490605925373,801.7491455078125,1481130,0.0,0.0,TATACONSUM.NS,461
2021-11-10 00:00:00+05:30,803.0922860740981,811.679211429282,797.0478781263309,808.2252807617188,1371873,0.0,0.0,TATACONSUM.NS,462
2021-11-11 00:00:00+05:30,807.9854726653889,807.9854726653889,789.9961273310862,803.6680297851562,1411243,0.0,0.0,TATACONSUM.NS,463
2021-11-12 00:00:00+05:30,808.0813845010299,818.2513375401055,805.92266308206,813.502197265625,1180441,0.0,0.0,TATACONSUM.NS,464
2021-11-15 00:00:00+05:30,817.915541102387,823.1924155611122,813.0704226293707,817.9635009765625,1190768,0.0,0.0,TATACONSUM.NS,465
2021-11-16 00:00:00+05:30,821.1777314356683,823.1925148666081,796.3763833523209,799.5905151367188,1669041,0.0,0.0,TATACONSUM.NS,466
2021-11-17 00:00:00+05:30,800.0701705924905,812.9744809576375,798.7269427006582,802.46875,1439354,0.0,0.0,TATACONSUM.NS,467
2021-11-18 00:00:00+05:30,803.2363243036594,808.8010170985733,788.9407668886092,798.2952270507812,1132067,0.0,0.0,TATACONSUM.NS,468
2021-11-22 00:00:00+05:30,798.2951578521491,805.011179950518,774.6931607586508,779.7781372070312,1951384,0.0,0.0,TATACONSUM.NS,469
2021-11-23 00:00:00+05:30,769.4642047902505,790.4277635046143,769.4642047902505,787.6454467773438,1025086,0.0,0.0,TATACONSUM.NS,470
2021-11-24 00:00:00+05:30,790.5717790462443,796.3283696703675,763.707689467003,766.5380249023438,1634131,0.0,0.0,TATACONSUM.NS,471
2021-11-25 00:00:00+05:30,766.5860639917129,777.6195304947225,763.3239722106717,775.029052734375,1767252,0.0,0.0,TATACONSUM.NS,472
2021-11-26 00:00:00+05:30,767.7372761857305,772.3425367426937,732.1903425729264,735.5963134765625,2616604,0.0,0.0,TATACONSUM.NS,473
2021-11-29 00:00:00+05:30,735.644256392596,743.4636481756603,718.8542016330649,734.9246826171875,1584564,0.0,0.0,TATACONSUM.NS,474
2021-11-30 00:00:00+05:30,733.9653012068593,757.6153176693741,733.1977675056461,747.0135498046875,3529356,0.0,0.0,TATACONSUM.NS,475
2021-12-01 00:00:00+05:30,757.8551083875177,758.7665216373885,736.3158554332196,741.4487915039062,1263844,0.0,0.0,TATACONSUM.NS,476
2021-12-02 00:00:00+05:30,741.4487982269604,749.2202300504212,732.5740550955762,741.8805541992188,1766820,0.0,0.0,TATACONSUM.NS,477
2021-12-03 00:00:00+05:30,736.3638157291613,749.3161434325406,735.9800196328434,742.887939453125,1408239,0.0,0.0,TATACONSUM.NS,478
2021-12-06 00:00:00+05:30,745.4784336725971,746.4378653761655,715.3042948835601,717.2711181640625,1654143,0.0,0.0,TATACONSUM.NS,479
2021-12-07 00:00:00+05:30,727.5850828471064,734.4450436477182,713.8172599267176,729.8397827148438,1741795,0.0,0.0,TATACONSUM.NS,480
2021-12-08 00:00:00+05:30,727.824909162229,742.2644039865685,727.824909162229,740.8252563476562,1002435,0.0,0.0,TATACONSUM.NS,481
2021-12-09 00:00:00+05:30,741.6408086942323,747.4453595860402,734.972745727017,745.958251953125,935828,0.0,0.0,TATACONSUM.NS,482
2021-12-10 00:00:00+05:30,749.9399401845735,750.2277580320607,734.3011539485813,738.4267578125,1412794,0.0,0.0,TATACONSUM.NS,483
2021-12-13 00:00:00+05:30,742.6001611956254,745.7183143272608,721.4926630737859,723.5074462890625,1944410,0.0,0.0,TATACONSUM.NS,484
2021-12-14 00:00:00+05:30,722.4521462090358,723.3636181318706,702.6878745305308,709.4998168945312,2333787,0.0,0.0,TATACONSUM.NS,485
2021-12-15 00:00:00+05:30,711.8983201551207,720.05348959086,705.3741963183421,716.0238647460938,1676700,0.0,0.0,TATACONSUM.NS,486
2021-12-16 00:00:00+05:30,716.6955247316679,719.5738200117148,705.4701614276717,710.2193603515625,1452909,0.0,0.0,TATACONSUM.NS,487
2021-12-17 00:00:00+05:30,708.0606432425883,708.8281769435039,691.7982630985771,696.8832397460938,1693819,0.0,0.0,TATACONSUM.NS,488
2021-12-20 00:00:00+05:30,688.3443662930896,690.3591496777694,668.3401778465877,680.7648315429688,2520192,0.0,0.0,TATACONSUM.NS,489
2021-12-21 00:00:00+05:30,681.724142901125,696.1635774308508,676.207410948378,677.0709228515625,2695789,0.0,0.0,TATACONSUM.NS,490
2021-12-22 00:00:00+05:30,677.5507119535209,688.4402388665459,675.24805233536,685.9457397460938,1035751,0.0,0.0,TATACONSUM.NS,491
2021-12-23 00:00:00+05:30,690.7908644543344,700.0013858900986,683.3552683438884,697.2670288085938,1095354,0.0,0.0,TATACONSUM.NS,492
2021-12-24 00:00:00+05:30,699.4257243462396,699.4257243462396,685.0342485366461,689.783447265625,931510,0.0,0.0,TATACONSUM.NS,493
2021-12-27 00:00:00+05:30,681.1965753373456,695.1083363829675,678.0784219995338,689.3517456054688,691930,0.0,0.0,TATACONSUM.NS,494
2021-12-28 00:00:00+05:30,692.997542272541,699.9534224696704,690.2152253291293,697.4589233398438,819253,0.0,0.0,TATACONSUM.NS,495
2021-12-29 00:00:00+05:30,698.4662909390788,699.3298029091953,690.7908371924955,697.1710815429688,783940,0.0,0.0,TATACONSUM.NS,496
2021-12-30 00:00:00+05:30,699.4257403363239,707.9166878344757,695.8758311769874,698.46630859375,2230935,0.0,0.0,TATACONSUM.NS,497
2021-12-31 00:00:00+05:30,700.3851819499478,714.776658291385,699.4737100698434,713.28955078125,865277,0.0,0.0,TATACONSUM.NS,498
2022-01-03 00:00:00+05:30,716.6954755324093,718.9981350220023,709.9794536733373,717.6549072265625,925699,0.0,0.0,TATACONSUM.NS,499
2022-01-04 00:00:00+05:30,721.4926490985201,726.0019898671989,701.3925429736568,708.8760986328125,2352482,0.0,0.0,TATACONSUM.NS,500
2022-01-05 00:00:00+05:30,710.2194175044441,713.3375709754193,697.0272297426257,703.8391723632812,2076552,0.0,0.0,TATACONSUM.NS,501
2022-01-06 00:00:00+05:30,703.263473397986,705.1343770240233,693.2373998894346,696.019775390625,2077754,0.0,0.0,TATACONSUM.NS,502
2022-01-07 00:00:00+05:30,696.0197581402074,714.4408590124384,695.6359620257392,706.2376708984375,2107056,0.0,0.0,TATACONSUM.NS,503
2022-01-10 00:00:00+05:30,710.411259734363,712.8577990151316,701.3446178735683,702.2081298828125,1592097,0.0,0.0,TATACONSUM.NS,504
2022-01-11 00:00:00+05:30,706.5734427823702,713.4333438709201,701.1046707241637,708.6842041015625,1905347,0.0,0.0,TATACONSUM.NS,505
2022-01-12 00:00:00+05:30,712.8577732390888,713.1455910454073,703.4073941507297,706.2376708984375,1817215,0.0,0.0,TATACONSUM.NS,506
2022-01-13 00:00:00+05:30,707.1011500972492,709.4517694315017,694.2447421264014,700.5770263671875,1604671,0.0,0.0,TATACONSUM.NS,507
2022-01-14 00:00:00+05:30,700.5770775257222,745.4784718397797,697.5068842053023,731.5667114257812,8733345,0.0,0.0,TATACONSUM.NS,508
2022-01-17 00:00:00+05:30,736.8436550638439,740.057728312694,728.4486264416973,734.061279296875,1857366,0.0,0.0,TATACONSUM.NS,509
2022-01-18 00:00:00+05:30,732.8139609620938,738.7624495403359,698.8501120537316,701.7763671875,2674149,0.0,0.0,TATACONSUM.NS,510
2022-01-19 00:00:00+05:30,705.1344133155591,708.0606685945492,685.0343053882224,688.5362548828125,2426249,0.0,0.0,TATACONSUM.NS,511
2022-01-20 00:00:00+05:30,698.5142536116218,715.975922666868,688.1044428497396,694.1008911132812,5297725,0.0,0.0,TATACONSUM.NS,512
2022-01-21 00:00:00+05:30,691.7503602842623,712.8099009950221,683.1154736787722,697.0751953125,4854277,0.0,0.0,TATACONSUM.NS,513
2022-01-24 00:00:00+05:30,695.5880970457642,695.5880970457642,660.5688342289775,663.399169921875,3114690,0.0,0.0,TATACONSUM.NS,514
2022-01-25 00:00:00+05:30,662.0078682099413,681.1485421982587,647.6163928140729,679.0377807617188,2030546,0.0,0.0,TATACONSUM.NS,515
2022-01-27 00:00:00+05:30,671.6022214565869,680.7168230334978,659.6093246448621,677.3108520507812,3118535,0.0,0.0,TATACONSUM.NS,516
2022-01-28 00:00:00+05:30,677.8384568061721,700.2891807100007,677.8384568061721,688.7760009765625,2074152,0.0,0.0,TATACONSUM.NS,517
2022-01-31 00:00:00+05:30,696.5474891371603,707.0532790942249,692.7577218026304,697.7947387695312,1682459,0.0,0.0,TATACONSUM.NS,518
2022-02-01 00:00:00+05:30,702.3040242409328,709.0200463306685,687.9605082088984,706.2376708984375,2063749,0.0,0.0,TATACONSUM.NS,519
2022-02-02 00:00:00+05:30,711.5145870089818,714.680758740848,704.7985645264733,712.3301391601562,1771997,0.0,0.0,TATACONSUM.NS,520
2022-02-03 00:00:00+05:30,719.5738164876793,737.8030198387005,703.599254338026,708.1565551757812,8154082,0.0,0.0,TATACONSUM.NS,521
2022-02-04 00:00:00+05:30,710.9389261655091,716.263760661818,692.9016209921516,704.031005859375,1931658,0.0,0.0,TATACONSUM.NS,522
2022-02-07 00:00:00+05:30,699.4257176242394,706.8613133877344,673.5690212896923,676.2074584960938,1908753,0.0,0.0,TATACONSUM.NS,523
2022-02-08 00:00:00+05:30,676.4952161930009,681.1964545848865,663.3030313330823,668.8197631835938,2410446,0.0,0.0,TATACONSUM.NS,524
2022-02-09 00:00:00+05:30,677.3588209005222,680.2371161734706,668.2921790789213,671.7941284179688,2206837,0.0,0.0,TATACONSUM.NS,525
2022-02-10 00:00:00+05:30,677.5987005263947,682.1560015210856,670.6428200608141,678.0304565429688,1770292,0.0,0.0,TATACONSUM.NS,526
2022-02-11 00:00:00+05:30,666.8051156167808,674.5764899435061,662.007956511624,672.5617065429688,2013324,0.0,0.0,TATACONSUM.NS,527
2022-02-14 00:00:00+05:30,661.0485070825133,672.3697905573084,656.2993079830965,666.1334838867188,2069409,0.0,0.0,TATACONSUM.NS,528
2022-02-15 00:00:00+05:30,664.8861115284456,677.3587225672187,661.1923232213554,673.52099609375,2209622,0.0,0.0,TATACONSUM.NS,529
2022-02-16 00:00:00+05:30,676.8791497376097,679.6135070039206,667.8125073170494,672.5617065429688,1217196,0.0,0.0,TATACONSUM.NS,530
2022-02-17 00:00:00+05:30,673.0413826168548,696.6913990290855,673.0413826168548,691.1266479492188,3442092,0.0,0.0,TATACONSUM.NS,531
2022-02-18 00:00:00+05:30,686.5693292209185,695.2042148746368,683.3072964427312,688.3922729492188,1686289,0.0,0.0,TATACONSUM.NS,532
2022-02-21 00:00:00+05:30,681.6763070461972,692.0861188533235,675.9197161351807,684.2667846679688,1542807,0.0,0.0,TATACONSUM.NS,533
2022-02-22 00:00:00+05:30,662.0078569107934,687.8165924371724,662.0078569107934,686.185546875,1861977,0.0,0.0,TATACONSUM.NS,534
2022-02-23 00:00:00+05:30,685.9936848339472,701.5364905238162,685.1301728559846,693.9089965820312,1816654,0.0,0.0,TATACONSUM.NS,535
2022-02-24 00:00:00+05:30,670.6428567118452,685.5620101243071,646.7050205723332,650.2069702148438,3091298,0.0,0.0,TATACONSUM.NS,536
2022-02-25 00:00:00+05:30,662.0079379253106,684.4106468937929,657.7864146076663,680.7168579101562,1771881,0.0,0.0,TATACONSUM.NS,537
2022-02-28 00:00:00+05:30,671.1225088422839,691.5583933968617,666.3733099699712,689.4476318359375,1935344,0.0,0.0,TATACONSUM.NS,538
2022-03-02 00:00:00+05:30,683.0674777759236,689.4476640736251,673.0893636899365,682.156005859375,1938441,0.0,0.0,TATACONSUM.NS,539
2022-03-03 00:00:00+05:30,683.2593858329893,689.5916123453322,656.7790327834863,659.1776123046875,2112330,0.0,0.0,TATACONSUM.NS,540
2022-03-04 00:00:00+05:30,660.4728284561409,660.4728284561409,630.8263644812293,642.7713012695312,2833168,0.0,0.0,TATACONSUM.NS,541
2022-03-07 00:00:00+05:30,632.2655001183056,646.1772599843381,623.8225127390091,633.0809936523438,2137318,0.0,0.0,TATACONSUM.NS,542
2022-03-08 00:00:00+05:30,632.2655249750909,659.849187862851,631.3060932224731,655.9635009765625,2850859,0.0,0.0,TATACONSUM.NS,543
2022-03-09 00:00:00+05:30,657.2107602405754,677.2629075897909,650.7825556913722,670.7867431640625,1920634,0.0,0.0,TATACONSUM.NS,544
2022-03-10 00:00:00+05:30,676.9270103094726,697.9865474034227,676.9270103094726,694.8204345703125,2574455,0.0,0.0,TATACONSUM.NS,545
2022-03-11 00:00:00+05:30,694.9164034948982,696.5954090542131,678.7500019616933,687.3848876953125,2305707,0.0,0.0,TATACONSUM.NS,546
2022-03-14 00:00:00+05:30,690.7908635124611,694.6285905319747,680.8607682730963,692.9495849609375,1584725,0.0,0.0,TATACONSUM.NS,547
2022-03-15 00:00:00+05:30,694.6285929903983,742.6001809040997,694.3887350508297,718.2305908203125,9386502,0.0,0.0,TATACONSUM.NS,548
2022-03-16 00:00:00+05:30,723.4115148128906,724.8986222628282,710.555106378001,717.510986328125,1959778,0.0,0.0,TATACONSUM.NS,549
2022-03-17 00:00:00+05:30,727.2492541310954,743.0319178619804,723.6513851297872,740.9691162109375,3099238,0.0,0.0,TATACONSUM.NS,550
2022-03-21 00:00:00+05:30,740.6813345298771,742.4562599001359,715.064494279271,717.4630737304688,1889226,0.0,0.0,TATACONSUM.NS,551
2022-03-22 00:00:00+05:30,719.5738864225682,727.2493412110756,701.7284774629176,722.3562622070312,3047970,0.0,0.0,TATACONSUM.NS,552
2022-03-23 00:00:00+05:30,728.6884168264343,729.1681327032127,714.8725761515888,718.4224853515625,1103251,0.0,0.0,TATACONSUM.NS,553
2022-03-24 00:00:00+05:30,717.6549668192944,721.1088977814284,708.732263034558,710.459228515625,1179087,0.0,0.0,TATACONSUM.NS,554
2022-03-25 00:00:00+05:30,709.9794876592211,709.9794876592211,679.8533075970818,703.5992431640625,2968621,0.0,0.0,TATACONSUM.NS,555
2022-03-28 00:00:00+05:30,704.2229523477023,715.9280322048053,698.6102996524831,711.1788330078125,1833105,0.0,0.0,TATACONSUM.NS,556
2022-03-29 00:00:00+05:30,711.8983528145691,717.4150853330108,705.7579662399813,713.0496826171875,985708,0.0,0.0,TATACONSUM.NS,557
2022-03-30 00:00:00+05:30,719.5739118750661,750.9953060269439,718.614479992566,734.7808837890625,8328100,0.0,0.0,TATACONSUM.NS,558
2022-03-31 00:00:00+05:30,736.7956021731505,748.356742704399,734.8287788560609,745.8622436523438,2892133,0.0,0.0,TATACONSUM.NS,559
2022-04-01 00:00:00+05:30,748.3087763232918,760.3496326105482,747.3973044840593,757.7591552734375,3082307,0.0,0.0,TATACONSUM.NS,560
2022-04-04 00:00:00+05:30,759.8699199131366,762.7482150643227,750.0357448132507,756.1281127929688,1565651,0.0,0.0,TATACONSUM.NS,561
2022-04-05 00:00:00+05:30,758.9105285849423,777.1397321792709,756.2241313460128,773.9256591796875,2912280,0.0,0.0,TATACONSUM.NS,562
2022-04-06 00:00:00+05:30,777.5714347348846,779.5382580125188,764.715026502191,776.4201049804688,2004175,0.0,0.0,TATACONSUM.NS,563
2022-04-07 00:00:00+05:30,776.1803511845552,785.1030554999552,769.5122882481022,772.2467041015625,1965237,0.0,0.0,TATACONSUM.NS,564
2022-04-08 00:00:00+05:30,777.6193630279528,786.5900256552984,771.3830572171179,784.5272827148438,1406219,0.0,0.0,TATACONSUM.NS,565
2022-04-11 00:00:00+05:30,784.5273279198381,790.5717360345025,776.6599761164196,788.1731567382812,1231236,0.0,0.0,TATACONSUM.NS,566
2022-04-12 00:00:00+05:30,788.1730998720374,789.4683091749222,769.991858406634,779.1544189453125,1193490,0.0,0.0,TATACONSUM.NS,567
2022-04-13 00:00:00+05:30,779.154461092809,790.0920059097202,778.1470695183981,784.4313354492188,1036739,0.0,0.0,TATACONSUM.NS,568
2022-04-18 00:00:00+05:30,783.0882850566859,791.4353538355188,776.1803640480285,788.9407958984375,1480954,0.0,0.0,TATACONSUM.NS,569
2022-04-19 00:00:00+05:30,791.5311780252143,802.900420613223,753.009970604361,759.2462768554688,2460482,0.0,0.0,TATACONSUM.NS,570
2022-04-20 00:00:00+05:30,767.5453986858219,780.4497674130406,759.9658644501727,777.5714721679688,1522453,0.0,0.0,TATACONSUM.NS,571
2022-04-21 00:00:00+05:30,779.0586291044477,788.6529471968671,771.6230325828228,786.7820434570312,1344250,0.0,0.0,TATACONSUM.NS,572
2022-04-22 00:00:00+05:30,784.815171831631,788.2691027094637,770.5196153269635,782.5125122070312,1880668,0.0,0.0,TATACONSUM.NS,573
2022-04-25 00:00:00+05:30,769.464282480635,777.0438169162287,757.5193451866719,760.5895385742188,1193621,0.0,0.0,TATACONSUM.NS,574
2022-04-26 00:00:00+05:30,765.8664025200492,790.9075480356935,762.7482492996419,788.7008666992188,1285209,0.0,0.0,TATACONSUM.NS,575
2022-04-27 00:00:00+05:30,781.840932326245,784.6712090539871,763.9954671925378,766.2021484375,1186809,0.0,0.0,TATACONSUM.NS,576
2022-04-28 00:00:00+05:30,777.9552470726862,785.7746396207451,767.161639385588,778.7228393554688,1802590,0.0,0.0,TATACONSUM.NS,577
2022-04-29 00:00:00+05:30,781.9369416996633,801.3654362633666,780.0180780390507,790.3319702148438,2268921,0.0,0.0,TATACONSUM.NS,578
2022-05-02 00:00:00+05:30,789.9001563347581,795.0331513864492,777.1397256379485,790.95556640625,1439813,0.0,0.0,TATACONSUM.NS,579
2022-05-04 00:00:00+05:30,790.9555311874301,798.2471888154842,768.3129075230905,770.7114868164062,1817504,0.0,0.0,TATACONSUM.NS,580
2022-05-05 00:00:00+05:30,777.1397620607627,779.0586256707893,741.1610693727645,744.8548583984375,5079723,0.0,0.0,TATACONSUM.NS,581
2022-05-06 00:00:00+05:30,738.7624157809407,746.9175853057953,731.9984339456684,733.9172973632812,2003395,0.0,0.0,TATACONSUM.NS,582
2022-05-09 00:00:00+05:30,732.0464366255048,736.8435954500494,723.4115507413246,727.4891357421875,1742459,0.0,0.0,TATACONSUM.NS,583
2022-05-10 00:00:00+05:30,728.6405806056379,741.1131955185613,712.905873753396,715.5443115234375,1326184,0.0,0.0,TATACONSUM.NS,584
2022-05-11 00:00:00+05:30,715.5441926713984,728.0168055126182,708.06063667848,713.9131469726562,1287768,0.0,0.0,TATACONSUM.NS,585
2022-05-12 00:00:00+05:30,711.8983486146578,717.6549390347225,698.4663043011737,708.1085815429688,1488552,0.0,0.0,TATACONSUM.NS,586
2022-05-13 00:00:00+05:30,716.6955005106398,730.3674026288147,705.2302796541117,707.6768188476562,1481400,0.0,0.0,TATACONSUM.NS,587
2022-05-16 00:00:00+05:30,709.0201207724338,714.2490359459663,700.3852343218899,705.662109375,829085,0.0,0.0,TATACONSUM.NS,588
2022-05-17 00:00:00+05:30,707.101144626346,712.6178767587768,691.7981976950082,704.4627075195312,2536701,0.0,0.0,TATACONSUM.NS,589
2022-05-18 00:00:00+05:30,706.9572454525461,727.1533301770372,704.0309903935479,723.6993408203125,2750146,0.0,0.0,TATACONSUM.NS,590
2022-05-19 00:00:00+05:30,714.7766293480357,716.1678170498549,689.4956270222378,692.0380859375,1504820,0.0,0.0,TATACONSUM.NS,591
2022-05-20 00:00:00+05:30,705.1822798166569,712.6178752841114,701.7283492166899,709.5956420898438,1205301,0.0,0.0,TATACONSUM.NS,592
2022-05-23 00:00:00+05:30,714.7766449568207,718.3745139750598,698.5142652825671,700.0973510742188,970827,0.0,0.0,TATACONSUM.NS,593
2022-05-24 00:00:00+05:30,705.1823309480279,708.0606261763872,681.1965373783671,686.1376342773438,1513724,0.0,0.0,TATACONSUM.NS,594
2022-05-25 00:00:00+05:30,690.5029692664721,694.5805537733601,681.2444304330904,687.1449584960938,822598,0.0,0.0,TATACONSUM.NS,595
2022-05-26 00:00:00+05:30,692.997544836868,695.4440840999946,669.6833649051358,692.9495849609375,1339748,0.0,0.0,TATACONSUM.NS,596
2022-05-27 00:00:00+05:30,700.385178145334,701.9202455231216,693.2853597651655,696.019775390625,1039408,0.0,0.0,TATACONSUM.NS,597
2022-05-30 00:00:00+05:30,701.3445719435354,722.4520693207689,699.5216282918761,719.7177124023438,1145649,0.0,0.0,TATACONSUM.NS,598
2022-05-31 00:00:00+05:30,722.4521797684785,748.3088797203468,712.8578613120578,728.9283447265625,6125585,0.0,0.0,TATACONSUM.NS,599
2022-06-01 00:00:00+05:30,729.1680982516085,748.8364482702375,727.0093769081005,730.2234497070312,1641729,0.0,0.0,TATACONSUM.NS,600
2022-06-02 00:00:00+05:30,726.2898460360514,729.6478572132326,716.6955283869622,727.4891357421875,630109,0.0,0.0,TATACONSUM.NS,601
2022-06-03 00:00:00+05:30,729.1681229880622,739.7218721365737,721.5406289370976,723.3156127929688,1747685,0.0,0.0,TATACONSUM.NS,602
2022-06-06 00:00:00+05:30,726.0499417662367,738.7624118401086,715.0644370471911,732.6700439453125,1441390,0.0,0.0,TATACONSUM.NS,603
2022-06-07 00:00:00+05:30,731.0870219699142,731.0870219699142,715.8320331272294,725.9060668945312,1346609,0.0,0.0,TATACONSUM.NS,604
2022-06-08 00:00:00+05:30,723.7472602842815,733.8212928672112,709.1159272471693,726.4337158203125,2461233,0.0,0.0,TATACONSUM.NS,605
2022-06-09 00:00:00+05:30,724.3311132038682,734.1951802220418,717.8517710137502,729.5532836914062,882672,5.975724,0.0,TATACONSUM.NS,606
2022-06-10 00:00:00+05:30,725.2981252058102,745.9933219883143,722.4452741083514,731.6807250976562,3230970,0.0,0.0,TATACONSUM.NS,607
2022-06-13 00:00:00+05:30,727.2323067092228,729.3115184301269,702.0886365304465,711.7109375,1455794,0.0,0.0,TATACONSUM.NS,608
2022-06-14 00:00:00+05:30,709.8250297814413,724.3309908805171,707.5524528192155,711.6140747070312,1209734,0.0,0.0,TATACONSUM.NS,609
2022-06-15 00:00:00+05:30,714.6604293466462,721.8650692959219,708.3745121737732,713.4515991210938,842942,0.0,0.0,TATACONSUM.NS,610
2022-06-16 00:00:00+05:30,724.0892965705727,724.0892965705727,695.3674789450279,701.0731811523438,1060953,0.0,0.0,TATACONSUM.NS,611
2022-06-17 00:00:00+05:30,699.235676825764,704.5061879088557,685.4550135756594,688.211181640625,1329315,0.0,0.0,TATACONSUM.NS,612
2022-06-20 00:00:00+05:30,694.7872672918462,698.9456314331278,681.7802423526186,693.2399291992188,1028878,0.0,0.0,TATACONSUM.NS,613
2022-06-21 00:00:00+05:30,696.286209017274,708.8580433467525,696.286209017274,703.2974243164062,816577,0.0,0.0,TATACONSUM.NS,614
2022-06-22 00:00:00+05:30,703.0557178348089,703.0557178348089,683.7144326123932,685.6002197265625,1190195,0.0,0.0,TATACONSUM.NS,615
2022-06-23 00:00:00+05:30,686.615527795441,695.996061599882,683.4725693935605,694.7872314453125,714841,0.0,0.0,TATACONSUM.NS,616
2022-06-24 00:00:00+05:30,698.2203576777371,710.7921923727655,696.3829120738823,704.9898071289062,1013159,0.0,0.0,TATACONSUM.NS,617
2022-06-27 00:00:00+05:30,710.8888666447435,712.8229950361316,700.6380097803521,705.3766479492188,695465,0.0,0.0,TATACONSUM.NS,618
2022-06-28 00:00:00+05:30,705.9568111128139,715.6274523609345,698.3169809168345,712.5811767578125,878300,0.0,0.0,TATACONSUM.NS,619
2022-06-29 00:00:00+05:30,706.0051768317974,719.3023090059714,692.4179372151693,696.2861938476562,1741451,0.0,0.0,TATACONSUM.NS,620
2022-06-30 00:00:00+05:30,698.2203322987845,698.2203322987845,679.9427958350145,683.0857543945312,2030048,0.0,0.0,TATACONSUM.NS,621
2022-07-01 00:00:00+05:30,676.9449204252705,699.1390549784816,674.0437279091622,695.8510131835938,954981,0.0,0.0,TATACONSUM.NS,622
2022-07-04 00:00:00+05:30,699.18745670947,707.7459517604693,691.0157519457105,706.1019897460938,1281683,0.0,0.0,TATACONSUM.NS,623
2022-07-05 00:00:00+05:30,707.8909369007569,714.902151781263,702.1852349742431,705.0380859375,1367769,0.0,0.0,TATACONSUM.NS,624
2022-07-06 00:00:00+05:30,697.495062231931,727.087203480609,697.495062231931,725.2498168945312,1351519,0.0,0.0,TATACONSUM.NS,625
2022-07-07 00:00:00+05:30,728.1992972365713,734.5818969489992,725.298104817302,729.9883422851562,2064199,0.0,0.0,TATACONSUM.NS,626
2022-07-08 00:00:00+05:30,731.5840547623372,739.1754849922718,730.1817998913857,736.3226928710938,1456394,0.0,0.0,TATACONSUM.NS,627
2022-07-11 00:00:00+05:30,736.4677347976804,744.6394391491705,733.4215179615645,740.6744995117188,1287117,0.0,0.0,TATACONSUM.NS,628
2022-07-12 00:00:00+05:30,734.9687715760222,736.9028999222749,727.3773414269456,731.5357055664062,609080,0.0,0.0,TATACONSUM.NS,629
2022-07-13 00:00:00+05:30,733.03462335453,742.7052648235872,732.0675592076243,737.4347534179688,697646,0.0,0.0,TATACONSUM.NS,630
2022-07-14 00:00:00+05:30,739.8041176675922,753.149591906809,734.2918398878311,740.6260986328125,1697611,0.0,0.0,TATACONSUM.NS,631
2022-07-15 00:00:00+05:30,741.0128663894819,766.5433822313308,741.0128663894819,764.5125122070312,3002946,0.0,0.0,TATACONSUM.NS,632
2022-07-18 00:00:00+05:30,771.5238223262983,771.6689055691546,761.8531801336275,768.1874389648438,1335985,0.0,0.0,TATACONSUM.NS,633
2022-07-19 00:00:00+05:30,764.8510969913964,767.2203570540347,758.3717550667326,761.3212890625,1184051,0.0,0.0,TATACONSUM.NS,634
2022-07-20 00:00:00+05:30,764.9477225057734,774.8117883809942,761.5629980699072,768.8159790039062,1173216,0.0,0.0,TATACONSUM.NS,635
2022-07-21 00:00:00+05:30,768.8160484796517,793.6212691254707,767.2203689200109,791.3486328125,2245980,0.0,0.0,TATACONSUM.NS,636
2022-07-22 00:00:00+05:30,791.3485965167652,796.8608740768912,774.7634814579036,777.5679321289062,1746104,0.0,0.0,TATACONSUM.NS,637
2022-07-25 00:00:00+05:30,777.5679038129241,786.9967791033596,774.8601360473197,781.3394775390625,940240,0.0,0.0,TATACONSUM.NS,638
2022-07-26 00:00:00+05:30,779.3570362822176,783.0318683141311,762.2883301140378,764.8026733398438,1146412,0.0,0.0,TATACONSUM.NS,639
2022-07-27 00:00:00+05:30,763.9807478847465,777.2295397479843,761.1278965781681,775.1986694335938,1056918,0.0,0.0,TATACONSUM.NS,640
2022-07-28 00:00:00+05:30,777.5196531544341,783.225355811181,772.2974826202956,780.0339965820312,1192580,0.0,0.0,TATACONSUM.NS,641
2022-07-29 00:00:00+05:30,782.3549198929109,787.8671975117248,777.3261743630294,784.9176635742188,867439,0.0,0.0,TATACONSUM.NS,642
2022-08-01 00:00:00+05:30,785.2561235698953,787.6737840488667,773.119479770442,784.3857421875,1269287,0.0,0.0,TATACONSUM.NS,643
2022-08-02 00:00:00+05:30,786.2231761535126,798.7950104585503,779.695492956666,784.8692626953125,2161684,0.0,0.0,TATACONSUM.NS,644
2022-08-03 00:00:00+05:30,784.8692369000229,788.5441278729558,775.1502540424553,785.9813842773438,908414,0.0,0.0,TATACONSUM.NS,645
2022-08-04 00:00:00+05:30,766.2049049103528,771.717182303215,755.3737747572553,763.25537109375,15358133,0.0,0.0,TATACONSUM.NS,646
2022-08-05 00:00:00+05:30,759.193670325195,767.2686910860255,756.3408193860382,758.951904296875,2109882,0.0,0.0,TATACONSUM.NS,647
2022-08-08 00:00:00+05:30,755.7606370222211,767.7522561524361,755.2771049447916,762.7235107421875,947150,0.0,0.0,TATACONSUM.NS,648
2022-08-10 00:00:00+05:30,762.7234672325633,767.5587877310264,760.4508311833405,764.5125122070312,1185175,0.0,0.0,TATACONSUM.NS,649
2022-08-11 00:00:00+05:30,768.3807987366717,772.2490552871301,746.1866649734353,747.9757690429688,3371339,0.0,0.0,TATACONSUM.NS,650
2022-08-12 00:00:00+05:30,747.9758796222405,750.3451989146539,735.5007267927465,738.3052368164062,2257305,0.0,0.0,TATACONSUM.NS,651
2022-08-16 00:00:00+05:30,742.0283431319509,754.8902850877673,740.0942147468684,753.8265380859375,1804736,0.0,0.0,TATACONSUM.NS,652
2022-08-17 00:00:00+05:30,754.7935832936432,770.3149513885492,754.7935832936432,767.3654174804688,3021532,0.0,0.0,TATACONSUM.NS,653
2022-08-18 00:00:00+05:30,766.8819179538183,786.9968417017224,764.9477895352715,781.2427978515625,3191360,0.0,0.0,TATACONSUM.NS,654
2022-08-19 00:00:00+05:30,780.5658351355452,782.8384122281582,758.2749597477862,761.0311279296875,1767351,0.0,0.0,TATACONSUM.NS,655
2022-08-22 00:00:00+05:30,760.0157434969242,770.7017906113348,754.406724174508,767.8005981445312,2166778,0.0,0.0,TATACONSUM.NS,656
2022-08-23 00:00:00+05:30,765.8181368932093,784.9176541773917,761.0794988684345,782.693359375,1890327,0.0,0.0,TATACONSUM.NS,657
2022-08-24 00:00:00+05:30,778.4866175289602,786.2231304981922,772.2007007414593,779.16357421875,1355374,0.0,0.0,TATACONSUM.NS,658
2022-08-25 00:00:00+05:30,781.3878983155864,785.1594724248484,771.2337238944061,775.4404296875,1267482,0.0,0.0,TATACONSUM.NS,659
2022-08-26 00:00:00+05:30,779.3570245846854,784.0956035198762,772.4908336828039,775.537109375,1254230,0.0,0.0,TATACONSUM.NS,660
2022-08-29 00:00:00+05:30,763.9807057288626,789.801331259112,758.0332373844257,779.5988159179688,2181301,0.0,0.0,TATACONSUM.NS,661
2022-08-30 00:00:00+05:30,782.3549661801997,787.1419459488319,779.7438809404987,782.9835815429688,2692962,0.0,0.0,TATACONSUM.NS,662
2022-09-01 00:00:00+05:30,782.9835262969242,814.268028484431,779.4537184779708,810.78662109375,6228307,0.0,0.0,TATACONSUM.NS,663
2022-09-02 00:00:00+05:30,817.1692071381775,819.1033354390962,803.3402015915907,806.2413940429688,1885440,0.0,0.0,TATACONSUM.NS,664
2022-09-05 00:00:00+05:30,806.5315366523232,813.446069239584,801.7445570938285,809.867919921875,1553679,0.0,0.0,TATACONSUM.NS,665
2022-09-06 00:00:00+05:30,813.9295564017874,817.9428371646892,789.1243376203025,791.3002319335938,2620566,0.0,0.0,TATACONSUM.NS,666
2022-09-07 00:00:00+05:30,788.1572970930517,800.245599195706,787.2385743282675,797.9246215820312,1321905,0.0,0.0,TATACONSUM.NS,667
2022-09-08 00:00:00+05:30,801.9379785440295,804.2105557776919,788.1573138539452,792.1222534179688,1094898,0.0,0.0,TATACONSUM.NS,668
2022-09-09 00:00:00+05:30,799.7620884267308,799.7620884267308,786.3682729499851,789.4144897460938,884012,0.0,0.0,TATACONSUM.NS,669
2022-09-12 00:00:00+05:30,793.3794588066733,803.6303152711662,793.3794588066733,798.3114624023438,1300582,0.0,0.0,TATACONSUM.NS,670
2022-09-13 00:00:00+05:30,802.6149150588681,823.938668079174,802.3731490177651,821.0374755859375,3310733,0.0,0.0,TATACONSUM.NS,671
2022-09-14 00:00:00+05:30,815.1384273007383,832.7873487236315,810.9316626699224,812.57568359375,3818926,0.0,0.0,TATACONSUM.NS,672
2022-09-15 00:00:00+05:30,816.6856506964086,820.0703751220302,802.8566455624224,809.8195190429688,1697675,0.0,0.0,TATACONSUM.NS,673
2022-09-16 00:00:00+05:30,812.0438171703813,812.0438171703813,765.141203665294,769.0094604492188,4786431,0.0,0.0,TATACONSUM.NS,674
2022-09-19 00:00:00+05:30,772.87776822345,775.7789610027985,761.4180213300721,766.8819580078125,1707558,0.0,0.0,TATACONSUM.NS,675
2022-09-20 00:00:00+05:30,770.7501389077257,786.1264827292752,769.7347333402452,777.7130126953125,1547208,0.0,0.0,TATACONSUM.NS,676
2022-09-21 00:00:00+05:30,777.7130126953125,784.2890372072341,771.8138858784365,777.7130126953125,1082534,0.0,0.0,TATACONSUM.NS,677
2022-09-22 00:00:00+05:30,774.1832279580834,781.1461019531782,762.046584140024,776.7459716796875,1255234,0.0,0.0,TATACONSUM.NS,678
2022-09-23 00:00:00+05:30,776.5524973808884,779.7437972089785,753.8264902968899,755.8089599609375,1229421,0.0,0.0,TATACONSUM.NS,679
2022-09-26 00:00:00+05:30,753.3430348633199,760.064143064067,736.9029429600125,755.132080078125,1431943,0.0,0.0,TATACONSUM.NS,680
2022-09-27 00:00:00+05:30,758.9519676282688,775.0052686632376,755.3254769008545,771.5721435546875,1830866,0.0,0.0,TATACONSUM.NS,681
2022-09-28 00:00:00+05:30,769.7347950330936,777.7130750276058,764.0290923967484,767.5105590820312,1415083,0.0,0.0,TATACONSUM.NS,682
2022-09-29 00:00:00+05:30,771.3787775494133,777.2295041150612,764.2708203122934,766.4950561523438,1136839,0.0,0.0,TATACONSUM.NS,683
2022-09-30 00:00:00+05:30,764.9477835232669,779.4537465483605,761.0795267165753,776.407470703125,1436359,0.0,0.0,TATACONSUM.NS,684
2022-10-03 00:00:00+05:30,776.4075008607801,778.293287932274,750.4418496472562,752.32763671875,1652675,0.0,0.0,TATACONSUM.NS,685
2022-10-04 00:00:00+05:30,760.8377453902386,766.3500230340829,755.4705509836982,759.2904663085938,1238967,0.0,0.0,TATACONSUM.NS,686
2022-10-06 00:00:00+05:30,763.9807347747712,773.2645276886502,758.2750322595249,768.1390991210938,2067042,0.0,0.0,TATACONSUM.NS,687
2022-10-07 00:00:00+05:30,761.9498689860104,767.7522538981266,753.3913158256922,755.180419921875,1053907,0.0,0.0,TATACONSUM.NS,688
2022-10-10 00:00:00+05:30,743.9141611271646,749.5231218727663,730.1334958089168,732.2127075195312,2334168,0.0,0.0,TATACONSUM.NS,689
2022-10-11 00:00:00+05:30,733.0345955759126,734.8236405699272,715.8692076188249,718.1417846679688,1956824,0.0,0.0,TATACONSUM.NS,690
2022-10-12 00:00:00+05:30,720.9463193627683,734.0016853069633,714.4669777928893,732.406005859375,1372962,0.0,0.0,TATACONSUM.NS,691
2022-10-13 00:00:00+05:30,730.0850877790023,735.1621745382097,724.4761275452412,732.4544067382812,1198492,0.0,0.0,TATACONSUM.NS,692
2022-10-14 00:00:00+05:30,743.6240183490739,743.6240183490739,734.968782071018,736.1776123046875,1278730,0.0,0.0,TATACONSUM.NS,693
2022-10-17 00:00:00+05:30,736.1776300740995,746.5252289290568,732.3577146385186,738.0150756835938,940646,0.0,0.0,TATACONSUM.NS,694
2022-10-18 00:00:00+05:30,741.738292655051,750.4418710564793,738.4019091295198,748.84619140625,1361691,0.0,0.0,TATACONSUM.NS,695
2022-10-19 00:00:00+05:30,748.9428553399938,751.4088571588918,736.0325133059071,739.368896484375,1115277,0.0,0.0,TATACONSUM.NS,696
2022-10-20 00:00:00+05:30,736.4677450259531,746.5735779311703,730.6170182992217,745.31640625,955562,0.0,0.0,TATACONSUM.NS,697
2022-10-21 00:00:00+05:30,747.5406079106175,755.1320380808571,730.1817941496251,736.564453125,1692279,0.0,0.0,TATACONSUM.NS,698
2022-10-24 00:00:00+05:30,744.6394436969593,750.4418289725202,739.659039392137,745.5581665039062,292558,0.0,0.0,TATACONSUM.NS,699
2022-10-25 00:00:00+05:30,744.639414298071,751.2154388790974,739.4656445749263,741.6898803710938,871995,0.0,0.0,TATACONSUM.NS,700
2022-10-27 00:00:00+05:30,749.2329574947852,753.826512251933,734.5819118699176,744.687744140625,1692389,0.0,0.0,TATACONSUM.NS,701
2022-10-28 00:00:00+05:30,747.9758040194506,747.9758040194506,734.4852468639064,736.2742919921875,1598314,0.0,0.0,TATACONSUM.NS,702
2022-10-31 00:00:00+05:30,739.997566119257,747.0087818390407,736.8062659414422,744.7845458984375,997865,0.0,0.0,TATACONSUM.NS,703
2022-11-01 00:00:00+05:30,747.5406666581595,758.6619055541088,742.1251304579251,749.3297119140625,1893673,0.0,0.0,TATACONSUM.NS,704
2022-11-02 00:00:00+05:30,750.4417727937764,752.5693257071945,739.5139598145192,742.7536010742188,1073726,0.0,0.0,TATACONSUM.NS,705
2022-11-03 00:00:00+05:30,742.753601972391,744.63938885304,731.7291061757471,737.628173828125,1573795,0.0,0.0,TATACONSUM.NS,706
2022-11-04 00:00:00+05:30,735.9358362619108,741.7382213047117,734.1951325540532,739.1271362304688,940199,0.0,0.0,TATACONSUM.NS,707
2022-11-07 00:00:00+05:30,742.8503712214327,750.8769920860786,739.1271387247897,746.7186279296875,1004208,0.0,0.0,TATACONSUM.NS,708
2022-11-09 00:00:00+05:30,752.8595086691872,756.0508088470019,740.6261224584944,744.7845458984375,1256533,0.0,0.0,TATACONSUM.NS,709
2022-11-10 00:00:00+05:30,744.639434840029,746.2834557868666,736.9512626363731,743.3822631835938,839329,0.0,0.0,TATACONSUM.NS,710
2022-11-11 00:00:00+05:30,747.1053934847891,754.1649499389686,744.6877331220625,747.7340087890625,921004,0.0,0.0,TATACONSUM.NS,711
2022-11-14 00:00:00+05:30,747.8790366052417,749.4747160623067,741.2546707893653,742.4635009765625,708750,0.0,0.0,TATACONSUM.NS,712
2022-11-15 00:00:00+05:30,742.4635679750371,748.507719456436,738.3535449676859,747.2988891601562,756436,0.0,0.0,TATACONSUM.NS,713
2022-11-16 00:00:00+05:30,747.2987795070345,748.7010342499458,739.6106081458174,744.2041625976562,1071710,0.0,0.0,TATACONSUM.NS,714
2022-11-17 00:00:00+05:30,740.7711436342041,763.4488099016173,740.7711436342041,760.1124267578125,2944879,0.0,0.0,TATACONSUM.NS,715
2022-11-18 00:00:00+05:30,763.3520625853342,766.8818703399911,743.9140967957605,750.1516723632812,1417103,0.0,0.0,TATACONSUM.NS,716
2022-11-21 00:00:00+05:30,748.7978080061282,749.9099554605768,737.1930374550068,745.5581665039062,760664,0.0,0.0,TATACONSUM.NS,717
2022-11-22 00:00:00+05:30,745.6064379785707,751.3121399076962,740.9645419984721,745.8965454101562,868523,0.0,0.0,TATACONSUM.NS,718
2022-11-23 00:00:00+05:30,747.6373381782781,750.4418480761583,739.8041414668313,744.7845458984375,875779,0.0,0.0,TATACONSUM.NS,719
2022-11-24 00:00:00+05:30,761.9014985771895,768.8160311465232,755.5188985323538,766.64013671875,6211909,0.0,0.0,TATACONSUM.NS,720
2022-11-25 00:00:00+05:30,772.4425453387983,773.1678435034356,754.310091222864,763.1587524414062,2385612,0.0,0.0,TATACONSUM.NS,721
2022-11-28 00:00:00+05:30,763.0136824081925,782.2582843197093,759.1454254631573,777.8097534179688,2043706,0.0,0.0,TATACONSUM.NS,722
2022-11-29 00:00:00+05:30,778.4383513681911,785.159459464825,776.6009057504355,778.5350341796875,1278339,0.0,0.0,TATACONSUM.NS,723
2022-11-30 00:00:00+05:30,778.5350377114249,794.8784466227107,777.7613981411977,791.1068725585938,3390682,0.0,0.0,TATACONSUM.NS,724
2022-12-01 00:00:00+05:30,794.8300347054229,794.8300347054229,783.4670311400602,786.4165649414062,966282,0.0,0.0,TATACONSUM.NS,725
2022-12-02 00:00:00+05:30,783.3219275217962,785.7395877919251,766.1081982034594,769.3478393554688,2882169,0.0,0.0,TATACONSUM.NS,726
2022-12-05 00:00:00+05:30,769.3478474698304,776.5524869557845,762.6267400430021,774.1348266601562,1540201,0.0,0.0,TATACONSUM.NS,727
2022-12-06 00:00:00+05:30,773.6513614439633,773.6513614439633,767.4137855373384,771.3787841796875,826214,0.0,0.0,TATACONSUM.NS,728
2022-12-07 00:00:00+05:30,773.5546986579752,779.9372989451421,770.7985301965363,773.0227661132812,2020441,0.0,0.0,TATACONSUM.NS,729
2022-12-08 00:00:00+05:30,774.1832048858329,781.3395033112523,770.2666068256004,777.7130126953125,805216,0.0,0.0,TATACONSUM.NS,730
2022-12-09 00:00:00+05:30,777.7130327474193,783.2253104307556,774.6184155370452,776.8426513671875,1080966,0.0,0.0,TATACONSUM.NS,731
2022-12-12 00:00:00+05:30,776.5525703671203,786.2232125883796,772.877738128025,783.370361328125,948219,0.0,0.0,TATACONSUM.NS,732
2022-12-13 00:00:00+05:30,785.2561437600167,787.6254628953102,778.1965867848912,781.0010375976562,1224742,0.0,0.0,TATACONSUM.NS,733
2022-12-14 00:00:00+05:30,781.7746778494958,790.0914058803774,780.7592132780682,788.5924682617188,971275,0.0,0.0,TATACONSUM.NS,734
2022-12-15 00:00:00+05:30,788.5441889631398,788.5925303691791,775.6338462052116,778.3900146484375,783051,0.0,0.0,TATACONSUM.NS,735
2022-12-16 00:00:00+05:30,776.8426308410445,778.4383103210031,768.8160100878767,775.1502685546875,849333,0.0,0.0,TATACONSUM.NS,736
2022-12-19 00:00:00+05:30,774.7635523506334,783.3220474067773,772.1524670542939,782.2098999023438,1120217,0.0,0.0,TATACONSUM.NS,737
2022-12-20 00:00:00+05:30,781.8714031599795,783.273658050407,773.7480402964036,781.677978515625,677159,0.0,0.0,TATACONSUM.NS,738
2022-12-21 00:00:00+05:30,782.3549449961133,785.1594548118751,774.6184313249527,776.1657104492188,811513,0.0,0.0,TATACONSUM.NS,739
2022-12-22 00:00:00+05:30,776.3107646937176,782.3549157735504,761.0795039725391,772.3458251953125,1017965,0.0,0.0,TATACONSUM.NS,740
2022-12-23 00:00:00+05:30,766.9302578873559,771.6205547082791,750.2484003094064,753.343017578125,1216647,0.0,0.0,TATACONSUM.NS,741
2022-12-26 00:00:00+05:30,753.3429807404282,757.8881940980166,747.5405957796547,749.7648315429688,1014226,0.0,0.0,TATACONSUM.NS,742
2022-12-27 00:00:00+05:30,753.1495577200144,755.2771106818471,745.2196197849537,752.2308349609375,601101,0.0,0.0,TATACONSUM.NS,743
2022-12-28 00:00:00+05:30,752.3759275755285,757.1145656393757,747.685689940325,754.4551391601562,610240,0.0,0.0,TATACONSUM.NS,744
2022-12-29 00:00:00+05:30,753.3430230153114,753.3430230153114,737.9666783964319,750.5385131835938,1691955,0.0,0.0,TATACONSUM.NS,745
2022-12-30 00:00:00+05:30,752.3759276933756,756.5342918383693,739.8040934260056,741.6898803710938,715796,0.0,0.0,TATACONSUM.NS,746
2023-01-02 00:00:00+05:30,744.5427161531467,745.6064631131229,733.1313119102149,737.1929931640625,1061086,0.0,0.0,TATACONSUM.NS,747
2023-01-03 00:00:00+05:30,739.8040892081509,742.6085989079247,734.0983870016786,741.88330078125,785495,0.0,0.0,TATACONSUM.NS,748
2023-01-04 00:00:00+05:30,742.2218015976678,742.2218015976678,734.3886048910989,737.1447143554688,1004383,0.0,0.0,TATACONSUM.NS,749
2023-01-05 00:00:00+05:30,736.9028495432411,755.2770675764715,735.0654041299545,738.69189453125,3198519,0.0,0.0,TATACONSUM.NS,750
2023-01-06 00:00:00+05:30,738.6436110451183,745.4614017291291,734.0500561766474,736.2742919921875,603050,0.0,0.0,TATACONSUM.NS,751
2023-01-09 00:00:00+05:30,739.9975180658708,743.4789254837928,736.0325195358295,741.6898803710938,729173,0.0,0.0,TATACONSUM.NS,752
2023-01-10 00:00:00+05:30,741.6898877169594,747.347189583342,739.3689100654154,743.9141235351562,873061,0.0,0.0,TATACONSUM.NS,753
2023-01-11 00:00:00+05:30,746.5735357892462,747.2988339133938,730.6169770579994,734.2918090820312,688374,0.0,0.0,TATACONSUM.NS,754
2023-01-12 00:00:00+05:30,734.9687610053447,738.6919344083675,727.2322477316043,729.4081420898438,763021,0.0,0.0,TATACONSUM.NS,755
2023-01-13 00:00:00+05:30,730.2301551568047,732.6478156612636,725.2981513376743,728.1026611328125,1067599,0.0,0.0,TATACONSUM.NS,756
2023-01-16 00:00:00+05:30,727.3289093002902,730.133418890097,720.5594603834284,722.638671875,838829,0.0,0.0,TATACONSUM.NS,757
2023-01-17 00:00:00+05:30,719.495709392416,728.0058618920755,717.1747318811861,725.346435546875,1427736,0.0,0.0,TATACONSUM.NS,758
2023-01-18 00:00:00+05:30,725.2981451493275,727.9092302768479,721.9617618766578,725.7816772460938,747592,0.0,0.0,TATACONSUM.NS,759
2023-01-19 00:00:00+05:30,725.4916043258502,727.9576063317548,713.3065594923944,714.1769409179688,1140422,0.0,0.0,TATACONSUM.NS,760
2023-01-20 00:00:00+05:30,713.6933493625176,718.4319873517187,711.759221044462,714.1285400390625,878832,0.0,0.0,TATACONSUM.NS,761
2023-01-23 00:00:00+05:30,714.8055261209608,719.399081065055,709.8251218873982,717.996826171875,682160,0.0,0.0,TATACONSUM.NS,762
2023-01-24 00:00:00+05:30,719.3507171157623,724.814653725797,715.6275433717009,716.4979248046875,653737,0.0,0.0,TATACONSUM.NS,763
2023-01-25 00:00:00+05:30,715.9659497372872,718.0451613565681,707.1173478102658,715.6758422851562,868627,0.0,0.0,TATACONSUM.NS,764
2023-01-27 00:00:00+05:30,715.675831787625,721.3331926333097,701.7984844692019,711.033935546875,772860,0.0,0.0,TATACONSUM.NS,765
2023-01-30 00:00:00+05:30,711.7592862790584,715.96599214642,703.587581581333,711.4208374023438,1295677,0.0,0.0,TATACONSUM.NS,766
2023-01-31 00:00:00+05:30,711.7592448809115,715.0472867416858,701.1698801799424,705.4733276367188,2189899,0.0,0.0,TATACONSUM.NS,767
2023-02-01 00:00:00+05:30,712.968117801973,723.750907791719,707.1657323061279,716.4011840820312,933031,0.0,0.0,TATACONSUM.NS,768
2023-02-02 00:00:00+05:30,714.466958269701,718.2868733391591,708.6645735641675,712.871337890625,704702,0.0,0.0,TATACONSUM.NS,769
2023-02-03 00:00:00+05:30,712.8713977595182,716.594571314954,696.7214138344817,702.6688232421875,1752697,0.0,0.0,TATACONSUM.NS,770
2023-02-06 00:00:00+05:30,704.4095748528996,708.3745143951803,697.2532762852218,705.715087890625,852170,0.0,0.0,TATACONSUM.NS,771
2023-02-07 00:00:00+05:30,707.6975941534962,710.743870098485,698.2203764717439,704.2161865234375,1244247,0.0,0.0,TATACONSUM.NS,772
2023-02-08 00:00:00+05:30,707.7458401124563,707.7458401124563,697.3499010060602,700.541259765625,1521104,0.0,0.0,TATACONSUM.NS,773
2023-02-09 00:00:00+05:30,700.638060176884,702.4271054576374,697.0599105904587,698.1720581054688,688243,0.0,0.0,TATACONSUM.NS,774
2023-02-10 00:00:00+05:30,698.2203515376475,704.0227367304811,695.4642421810173,702.6688232421875,651630,0.0,0.0,TATACONSUM.NS,775
2023-02-13 00:00:00+05:30,702.6687830285655,705.473292654566,692.4179267178467,694.1586303710938,599763,0.0,0.0,TATACONSUM.NS,776
2023-02-14 00:00:00+05:30,694.3521032664052,699.9127224778005,691.4509106343728,697.2532958984375,563171,0.0,0.0,TATACONSUM.NS,777
2023-02-15 00:00:00+05:30,697.3015943057427,705.7634056273832,693.5784209341856,704.119384765625,727403,0.0,0.0,TATACONSUM.NS,778
2023-02-16 00:00:00+05:30,708.0844011509732,711.275701125343,704.1194026162241,708.47119140625,837121,0.0,0.0,TATACONSUM.NS,779
2023-02-17 00:00:00+05:30,707.1173014994743,710.5987087468683,700.299511208797,702.330322265625,624402,0.0,0.0,TATACONSUM.NS,780
2023-02-20 00:00:00+05:30,703.0072591929552,705.4249194425871,694.9322385442395,698.02685546875,1316763,0.0,0.0,TATACONSUM.NS,781
2023-02-21 00:00:00+05:30,701.5567452971042,705.9568756623453,698.2687033621354,702.2820434570312,673449,0.0,0.0,TATACONSUM.NS,782
2023-02-22 00:00:00+05:30,702.0886068528067,709.8251204269424,696.1411384327242,697.6884765625,1690647,0.0,0.0,TATACONSUM.NS,783
2023-02-23 00:00:00+05:30,699.1390119884027,701.0731402135452,691.450840488479,692.5145874023438,1165270,0.0,0.0,TATACONSUM.NS,784
2023-02-24 00:00:00+05:30,693.38496916751,697.5916744499851,690.0969275726516,692.56298828125,1040351,0.0,0.0,TATACONSUM.NS,785
2023-02-27 00:00:00+05:30,696.2861735132509,696.7697055781906,676.9448909156605,686.9056396484375,1064436,0.0,0.0,TATACONSUM.NS,786
2023-02-28 00:00:00+05:30,688.5496669432717,694.110285742322,682.3120914419636,691.740966796875,2395442,0.0,0.0,TATACONSUM.NS,787
2023-03-01 00:00:00+05:30,689.4684520723654,693.2883675719362,686.1804100923742,691.6926879882812,991540,0.0,0.0,TATACONSUM.NS,788
2023-03-02 00:00:00+05:30,693.2399665895482,694.6905629281118,682.602260106749,684.0528564453125,969963,0.0,0.0,TATACONSUM.NS,789
2023-03-03 00:00:00+05:30,685.6484780719683,689.7585006838242,682.9407102738454,686.470458984375,873264,0.0,0.0,TATACONSUM.NS,790
2023-03-06 00:00:00+05:30,689.5167699571539,695.0773890697117,686.5672359719974,690.0969848632812,739338,0.0,0.0,TATACONSUM.NS,791
2023-03-08 00:00:00+05:30,689.5167332900058,699.3807993440176,687.3891803724879,696.7697143554688,1026628,0.0,0.0,TATACONSUM.NS,792
2023-03-09 00:00:00+05:30,699.0423078185495,699.0423078185495,684.7781113897322,685.8902587890625,905544,0.0,0.0,TATACONSUM.NS,793
2023-03-10 00:00:00+05:30,683.7143553920018,686.8089724830583,678.2504193238126,681.2000122070312,970983,0.0,0.0,TATACONSUM.NS,794
2023-03-13 00:00:00+05:30,681.7802819742346,684.004517897678,668.9666809300381,671.2876586914062,1158330,0.0,0.0,TATACONSUM.NS,795
2023-03-14 00:00:00+05:30,673.0767225044891,676.944979530377,666.7424634295813,670.4656372070312,1501579,0.0,0.0,TATACONSUM.NS,796
2023-03-15 00:00:00+05:30,673.0766724258951,676.8965877597318,663.9862454814421,664.9049682617188,1119482,0.0,0.0,TATACONSUM.NS,797
2023-03-16 00:00:00+05:30,666.3071963615307,673.5118360516993,666.3071963615307,671.1425170898438,974834,0.0,0.0,TATACONSUM.NS,798
2023-03-17 00:00:00+05:30,675.0107967922578,685.3100539062883,671.5293893585954,682.9407348632812,2111478,0.0,0.0,TATACONSUM.NS,799
2023-03-20 00:00:00+05:30,668.2413083102504,683.4725682319385,668.2413083102504,679.459228515625,1018438,0.0,0.0,TATACONSUM.NS,800
2023-03-21 00:00:00+05:30,680.9098044605648,682.7472498477387,676.9448652881262,677.8152465820312,721243,0.0,0.0,TATACONSUM.NS,801
2023-03-22 00:00:00+05:30,677.9119425594721,692.6113288678833,677.9119425594721,687.4859008789062,776214,0.0,0.0,TATACONSUM.NS,802
2023-03-23 00:00:00+05:30,688.1144828724484,690.4354604381798,682.5538640200906,683.8594360351562,587643,0.0,0.0,TATACONSUM.NS,803
2023-03-24 00:00:00+05:30,683.714340077283,686.325425033904,675.8327438058906,679.2174682617188,960470,0.0,0.0,TATACONSUM.NS,804
2023-03-27 00:00:00+05:30,683.6177273666813,684.1012594813768,674.2371925366023,676.3163452148438,3695292,0.0,0.0,TATACONSUM.NS,805
2023-03-28 00:00:00+05:30,667.2742736088469,676.6064664076893,667.2742736088469,673.125,1113702,0.0,0.0,TATACONSUM.NS,806
2023-03-29 00:00:00+05:30,673.1250262550379,679.8461342664962,671.9161960020748,674.5756225585938,1160832,0.0,0.0,TATACONSUM.NS,807
2023-03-31 00:00:00+05:30,677.0899465662604,687.5825683381095,675.5426086065323,685.5033569335938,972962,0.0,0.0,TATACONSUM.NS,808
2023-04-03 00:00:00+05:30,686.615559032416,694.8356044574518,685.9386023100775,693.433349609375,797533,0.0,0.0,TATACONSUM.NS,809
2023-04-05 00:00:00+05:30,693.3850138474451,704.409569058332,691.4508854964062,703.4425048828125,947741,0.0,0.0,TATACONSUM.NS,810
2023-04-06 00:00:00+05:30,703.3458123041456,707.3591525235623,698.7039157415726,706.4404296875,738748,0.0,0.0,TATACONSUM.NS,811
2023-04-10 00:00:00+05:30,703.0556285905212,706.5854363055136,696.2861796219743,696.914794921875,916628,0.0,0.0,TATACONSUM.NS,812
2023-04-11 00:00:00+05:30,702.0402384536316,702.0402384536316,692.1278308179146,693.6751098632812,776167,0.0,0.0,TATACONSUM.NS,813
2023-04-12 00:00:00+05:30,697.1565519161212,699.7675778359167,692.7563629236963,694.7388916015625,702063,0.0,0.0,TATACONSUM.NS,814
2023-04-13 00:00:00+05:30,698.220330644993,699.8643515387519,694.0136251160305,695.8993530273438,502380,0.0,0.0,TATACONSUM.NS,815
2023-04-17 00:00:00+05:30,693.3850372642215,695.560931732624,688.066184119238,689.710205078125,1180651,0.0,0.0,TATACONSUM.NS,816
2023-04-18 00:00:00+05:30,692.6114177181727,696.1895671968209,683.424307474979,683.7627563476562,1323608,0.0,0.0,TATACONSUM.NS,817
2023-04-19 00:00:00+05:30,684.6814392331577,685.55182060486,675.2525634810062,677.7669067382812,1235220,0.0,0.0,TATACONSUM.NS,818
2023-04-20 00:00:00+05:30,675.9778045150048,681.1999742542686,673.511802870039,680.23291015625,1263116,0.0,0.0,TATACONSUM.NS,819
2023-04-21 00:00:00+05:30,680.232979700035,681.7802588050879,674.0437452299947,677.331787109375,966029,0.0,0.0,TATACONSUM.NS,820
2023-04-24 00:00:00+05:30,682.7473094497888,710.7921706028254,682.7473094497888,708.4228515625,6009290,0.0,0.0,TATACONSUM.NS,821
2023-04-25 00:00:00+05:30,711.7592526494759,713.6933810534147,704.3611878944441,710.2603149414062,1783879,0.0,0.0,TATACONSUM.NS,822
2023-04-26 00:00:00+05:30,709.7767436294904,724.3310472601084,700.1544435464867,722.1068115234375,3725680,0.0,0.0,TATACONSUM.NS,823
2023-04-27 00:00:00+05:30,718.5286760001347,730.3752120445515,717.7066950682422,729.1663818359375,1664942,0.0,0.0,TATACONSUM.NS,824
2023-04-28 00:00:00+05:30,733.0345931151926,739.8040418642775,726.7486764196137,738.69189453125,1261145,0.0,0.0,TATACONSUM.NS,825
2023-05-02 00:00:00+05:30,742.6569553919303,757.2596010288727,739.7557628263195,753.9232177734375,1438425,0.0,0.0,TATACONSUM.NS,826
2023-05-03 00:00:00+05:30,752.2792767112066,760.9344542184322,749.1846594171839,755.6640014648438,1189150,0.0,0.0,TATACONSUM.NS,827
2023-05-04 00:00:00+05:30,747.5405915664289,756.8727842690405,743.5756521422121,749.958251953125,1001352,0.0,0.0,TATACONSUM.NS,828
2023-05-05 00:00:00+05:30,752.279212143139,756.4375761071409,749.4747025494414,750.6835327148438,617459,0.0,0.0,TATACONSUM.NS,829
2023-05-08 00:00:00+05:30,751.2154195284188,763.787253471949,750.8286292835649,762.9169311523438,1048005,0.0,0.0,TATACONSUM.NS,830
2023-05-09 00:00:00+05:30,763.6422261444164,766.1082279105896,759.1453542576392,763.0136108398438,652399,0.0,0.0,TATACONSUM.NS,831
2023-05-10 00:00:00+05:30,763.013622916847,765.9148153994206,758.9519416362616,765.0928344726562,476497,0.0,0.0,TATACONSUM.NS,832
2023-05-11 00:00:00+05:30,765.0928123347775,765.4312611713199,760.1124084405021,763.4487915039062,968940,0.0,0.0,TATACONSUM.NS,833
2023-05-12 00:00:00+05:30,762.0465451378212,769.0577601787467,758.9519280733961,763.0619506835938,747655,0.0,0.0,TATACONSUM.NS,834
2023-05-15 00:00:00+05:30,763.0135975886557,765.3345751076347,758.3717015756079,761.0311279296875,803643,0.0,0.0,TATACONSUM.NS,835
2023-05-16 00:00:00+05:30,761.5630783299384,763.6906314331133,758.9519931135383,760.354248046875,658173,0.0,0.0,TATACONSUM.NS,836
2023-05-17 00:00:00+05:30,760.3542506545447,760.6926995249967,747.3955663656963,752.6177368164062,907649,0.0,0.0,TATACONSUM.NS,837
2023-05-18 00:00:00+05:30,757.5980632987768,760.1124064276319,749.4747009941663,750.7318725585938,1004449,0.0,0.0,TATACONSUM.NS,838
2023-05-19 00:00:00+05:30,754.5897298285366,754.5897298285366,739.4861928828019,748.2843627929688,1233831,8.346259,0.0,TATACONSUM.NS,839
2023-05-22 00:00:00+05:30,748.2843511968218,750.7771540327899,743.1520854954258,748.9197387695312,548104,0.0,0.0,TATACONSUM.NS,840
2023-05-23 00:00:00+05:30,748.8708304691954,754.2474894773719,744.9605330087035,752.7811279296875,826476,0.0,0.0,TATACONSUM.NS,841
2023-05-24 00:00:00+05:30,750.1906024258458,757.2290902225978,748.3820540245764,753.8565063476562,861728,0.0,0.0,TATACONSUM.NS,842
2023-05-25 00:00:00+05:30,747.8932603779319,764.903078294837,747.8932603779319,762.80126953125,980266,0.0,0.0,TATACONSUM.NS,843
2023-05-26 00:00:00+05:30,766.4182927701125,773.2613132412744,763.6322297305582,771.990478515625,961268,0.0,0.0,TATACONSUM.NS,844
2023-05-29 00:00:00+05:30,773.2612989387836,779.126744948433,772.5281181875774,776.4384155273438,1171159,0.0,0.0,TATACONSUM.NS,845
2023-05-30 00:00:00+05:30,774.7765972525053,779.1268153694683,770.5730391656002,773.1636352539062,601270,0.0,0.0,TATACONSUM.NS,846
2023-05-31 00:00:00+05:30,769.3998483045082,782.0594475449218,769.3998483045082,780.73974609375,2201928,0.0,0.0,TATACONSUM.NS,847
2023-06-01 00:00:00+05:30,780.9841941937485,783.4769969235473,771.648311153797,775.8519287109375,703293,0.0,0.0,TATACONSUM.NS,848
2023-06-02 00:00:00+05:30,777.6604051161117,781.9128297250437,775.2164692106558,778.1980590820312,697200,0.0,0.0,TATACONSUM.NS,849
2023-06-05 00:00:00+05:30,779.0779177385026,782.4994280845949,772.8702845964634,774.6788330078125,774985,0.0,0.0,TATACONSUM.NS,850
2023-06-06 00:00:00+05:30,775.1675828734561,778.1003058860301,766.8582010044966,774.3366088867188,744002,0.0,0.0,TATACONSUM.NS,851
2023-06-07 00:00:00+05:30,776.1940289210695,805.5212592329488,773.7500930617463,804.6414184570312,3971089,0.0,0.0,TATACONSUM.NS,852
2023-06-08 00:00:00+05:30,806.303322290889,806.303322290889,787.1428886516386,789.000244140625,1117198,0.0,0.0,TATACONSUM.NS,853
2023-06-09 00:00:00+05:30,792.5195313953421,793.6437060893717,781.0818996548504,783.0370483398438,835145,0.0,0.0,TATACONSUM.NS,854
2023-06-12 00:00:00+05:30,784.9433390852245,789.7334176175881,781.4240356127415,782.7926635742188,3168760,0.0,0.0,TATACONSUM.NS,855
2023-06-13 00:00:00+05:30,784.3567668136033,802.6862861321714,784.3567668136033,801.5132446289062,2697513,0.0,0.0,TATACONSUM.NS,856
2023-06-14 00:00:00+05:30,804.348241576682,845.6018950973732,797.7007472826087,843.157958984375,7652583,0.0,0.0,TATACONSUM.NS,857
2023-06-15 00:00:00+05:30,844.6242322976879,852.835880644921,836.8036375541908,845.601806640625,3106263,0.0,0.0,TATACONSUM.NS,858
2023-06-16 00:00:00+05:30,848.5345481269017,850.9296172524761,832.9422250846069,843.4022827148438,1754715,0.0,0.0,TATACONSUM.NS,859
2023-06-19 00:00:00+05:30,847.0193398941913,850.4897170361727,835.6794412005323,837.78125,1308412,0.0,0.0,TATACONSUM.NS,860
2023-06-20 00:00:00+05:30,837.7812566576215,847.5570006092856,828.2987730912259,839.638671875,1178858,0.0,0.0,TATACONSUM.NS,861
2023-06-21 00:00:00+05:30,839.7364222947232,857.5282885769731,833.9198425935097,840.8606567382812,1439299,0.0,0.0,TATACONSUM.NS,862
2023-06-22 00:00:00+05:30,842.6691187057271,842.6691187057271,821.7490030290692,823.0198974609375,988651,0.0,0.0,TATACONSUM.NS,863
2023-06-23 00:00:00+05:30,823.1175815080856,827.2234056056581,812.9997111126407,821.9933471679688,806171,0.0,0.0,TATACONSUM.NS,864
2023-06-26 00:00:00+05:30,834.848537919458,846.5794307239468,828.8364314905949,843.206787109375,3022935,0.0,0.0,TATACONSUM.NS,865
2023-06-27 00:00:00+05:30,844.5754178167073,848.6323157912905,833.4799125374064,835.0440673828125,1131450,0.0,0.0,TATACONSUM.NS,866
2023-06-28 00:00:00+05:30,835.3373012787933,840.7139603273988,831.9157909751353,835.7772216796875,914411,0.0,0.0,TATACONSUM.NS,867
2023-06-30 00:00:00+05:30,830.9870931691274,844.1843473528608,830.9870931691274,841.5938110351562,1394632,0.0,0.0,TATACONSUM.NS,868
2023-07-03 00:00:00+05:30,847.5081714672527,847.5081714672527,837.2436398620774,839.5897827148438,1226135,0.0,0.0,TATACONSUM.NS,869
2023-07-04 00:00:00+05:30,839.3942247276235,842.3758145093914,833.0888583477655,836.3637084960938,759030,0.0,0.0,TATACONSUM.NS,870
2023-07-05 00:00:00+05:30,839.7364380233066,841.9359804977565,822.2867582592343,826.9302368164062,2537154,0.0,0.0,TATACONSUM.NS,871
2023-07-06 00:00:00+05:30,826.9301561157814,828.5431179731231,822.531071596191,826.0991821289062,2363769,0.0,0.0,TATACONSUM.NS,872
2023-07-07 00:00:00+05:30,826.0992083915836,833.3821493721638,813.1463480054474,814.5638427734375,1811594,0.0,0.0,TATACONSUM.NS,873
2023-07-10 00:00:00+05:30,822.6288689664349,822.6288689664349,803.5661679030416,807.1343383789062,1177214,0.0,0.0,TATACONSUM.NS,874
2023-07-11 00:00:00+05:30,807.4764476419969,824.0952123029097,807.2320540440422,821.4557495117188,2167322,0.0,0.0,TATACONSUM.NS,875
2023-07-12 00:00:00+05:30,826.0014879960636,828.7875511249201,819.9893816657035,824.339599609375,1435731,0.0,0.0,TATACONSUM.NS,876
2023-07-13 00:00:00+05:30,828.0055162341785,829.9606650328424,816.4701502553424,818.5718994140625,985928,0.0,0.0,TATACONSUM.NS,877
2023-07-14 00:00:00+05:30,820.1359951218401,833.6265089266873,814.9059366626524,832.404541015625,1705168,0.0,0.0,TATACONSUM.NS,878
2023-07-17 00:00:00+05:30,835.9238554625057,841.3983079671128,830.3028025960081,833.4799194335938,1200820,0.0,0.0,TATACONSUM.NS,879
2023-07-18 00:00:00+05:30,835.0440306124407,843.6466730509425,829.4229780399692,839.443115234375,1412514,0.0,0.0,TATACONSUM.NS,880
2023-07-19 00:00:00+05:30,845.5530156013494,845.5530156013494,835.2396172927696,841.1539306640625,952601,0.0,0.0,TATACONSUM.NS,881
2023-07-20 00:00:00+05:30,840.7140015952609,855.3776179021551,835.3862090704746,853.5202026367188,1381298,0.0,0.0,TATACONSUM.NS,882
2023-07-21 00:00:00+05:30,854.1067218120896,856.7461844912474,830.5471441694192,833.2354736328125,1230534,0.0,0.0,TATACONSUM.NS,883
2023-07-24 00:00:00+05:30,834.8484821826981,847.5569485391093,829.8628769402055,843.744384765625,1149904,0.0,0.0,TATACONSUM.NS,884
2023-07-25 00:00:00+05:30,843.7444123560033,850.000912171846,836.8036582163314,849.0722045898438,873678,0.0,0.0,TATACONSUM.NS,885
2023-07-26 00:00:00+05:30,854.351173916489,864.1269180893044,850.0498226138872,854.3023071289062,1940116,0.0,0.0,TATACONSUM.NS,886
2023-07-27 00:00:00+05:30,856.3062599645638,860.265424130977,828.6897847012682,830.987060546875,3203072,0.0,0.0,TATACONSUM.NS,887
2023-07-28 00:00:00+05:30,835.0928859078992,841.1049920083891,823.1176001573909,840.0784912109375,2365708,0.0,0.0,TATACONSUM.NS,888
2023-07-31 00:00:00+05:30,840.0785298722549,841.5448914602088,833.3821691538275,840.0296630859375,1454789,0.0,0.0,TATACONSUM.NS,889
2023-08-01 00:00:00+05:30,842.5713972491219,843.9399656060663,833.9686948161867,837.536865234375,987812,0.0,0.0,TATACONSUM.NS,890
2023-08-02 00:00:00+05:30,835.8260683722629,835.8260683722629,819.4028312427902,824.14404296875,1604731,0.0,0.0,TATACONSUM.NS,891
2023-08-03 00:00:00+05:30,821.1624676321532,822.7754892029923,813.8795266704681,816.6656494140625,1375222,0.0,0.0,TATACONSUM.NS,892
2023-08-04 00:00:00+05:30,818.2786439742938,822.7265955848623,813.6351655493957,816.0791015625,887582,0.0,0.0,TATACONSUM.NS,893
2023-08-07 00:00:00+05:30,818.1808654529103,821.7979024868812,810.8979246006725,819.0117797851562,1106208,0.0,0.0,TATACONSUM.NS,894
2023-08-08 00:00:00+05:30,820.1849189833846,833.9686941128481,815.0526533997579,828.4454345703125,1252297,0.0,0.0,TATACONSUM.NS,895
2023-08-09 00:00:00+05:30,831.9158491099134,843.1090883902087,828.6409985998398,840.9095458984375,1704615,0.0,0.0,TATACONSUM.NS,896
2023-08-10 00:00:00+05:30,841.8382155173146,843.8422310971079,828.9830883351772,831.4758911132812,941390,0.0,0.0,TATACONSUM.NS,897
2023-08-11 00:00:00+05:30,830.644959120989,834.7018569810602,816.2746038622294,818.1320190429688,909080,0.0,0.0,TATACONSUM.NS,898
2023-08-14 00:00:00+05:30,820.0382342289781,826.9301812522888,811.0445977819991,825.757080078125,754694,0.0,0.0,TATACONSUM.NS,899
2023-08-16 00:00:00+05:30,822.0423285691297,824.5351313308082,818.0342377695473,821.8468017578125,360863,0.0,0.0,TATACONSUM.NS,900
2023-08-17 00:00:00+05:30,816.2746363699983,826.9790881454971,816.2746363699983,825.3171997070312,1105325,0.0,0.0,TATACONSUM.NS,901
2023-08-18 00:00:00+05:30,826.0503425770694,829.9117732715093,816.7633860628894,823.6552734375,1145798,0.0,0.0,TATACONSUM.NS,902
2023-08-21 00:00:00+05:30,827.0279268389529,830.3517036029765,821.9445281213191,829.4718627929688,680778,0.0,0.0,TATACONSUM.NS,903
2023-08-22 00:00:00+05:30,828.0054538306931,832.453405079148,825.0727308537249,829.7650756835938,782931,0.0,0.0,TATACONSUM.NS,904
2023-08-23 00:00:00+05:30,828.9830560680061,828.9830560680061,821.5045883583783,825.6104125976562,516482,0.0,0.0,TATACONSUM.NS,905
2023-08-24 00:00:00+05:30,826.050358124244,835.6305751964276,823.2153685315749,825.268310546875,1482572,0.0,0.0,TATACONSUM.NS,906
2023-08-25 00:00:00+05:30,821.1624574731467,827.1745636176364,811.5333739514813,813.8795166015625,1149261,0.0,0.0,TATACONSUM.NS,907
2023-08-28 00:00:00+05:30,813.8306891411581,824.0463535687638,809.6759979353325,822.922119140625,649996,0.0,0.0,TATACONSUM.NS,908
2023-08-29 00:00:00+05:30,822.1400507270774,825.0239070713511,817.2521788440389,819.4517211914062,606053,0.0,0.0,TATACONSUM.NS,909
2023-08-30 00:00:00+05:30,822.140047538859,830.2539028999569,819.8916384146614,829.3251953125,604884,0.0,0.0,TATACONSUM.NS,910
2023-08-31 00:00:00+05:30,829.3252014774214,832.3557178555238,810.4580278750876,815.63916015625,2025392,0.0,0.0,TATACONSUM.NS,911
2023-09-01 00:00:00+05:30,814.3194433859989,828.3965380625945,814.3194433859989,825.2194213867188,661741,0.0,0.0,TATACONSUM.NS,912
2023-09-04 00:00:00+05:30,825.0727667051685,829.960638545839,818.22974612823,827.0767822265625,705024,0.0,0.0,TATACONSUM.NS,913
2023-09-05 00:00:00+05:30,828.0054809758616,833.2844063740283,824.1440503296474,827.3211669921875,745626,0.0,0.0,TATACONSUM.NS,914
2023-09-06 00:00:00+05:30,826.8324362965601,863.1982168207026,826.539175902496,859.190185546875,3618782,0.0,0.0,TATACONSUM.NS,915
2023-09-07 00:00:00+05:30,846.2861357573838,847.508103707921,834.848503807074,839.443115234375,3458930,0.0,0.0,TATACONSUM.NS,916
2023-09-08 00:00:00+05:30,844.6242736916362,845.4551880572936,832.6489874037628,833.9686889648438,901217,0.0,0.0,TATACONSUM.NS,917
2023-09-11 00:00:00+05:30,836.3149217092845,845.5530119712074,835.581740889551,843.2556762695312,1039583,0.0,0.0,TATACONSUM.NS,918
2023-09-12 00:00:00+05:30,847.5570253635218,854.4000463295479,836.8037067026236,845.3574829101562,1795152,0.0,0.0,TATACONSUM.NS,919
2023-09-13 00:00:00+05:30,842.6691042752681,871.2631545073465,840.8606155630487,869.3568725585938,2812359,0.0,0.0,TATACONSUM.NS,920
2023-09-14 00:00:00+05:30,874.9291045479007,877.5685674111032,861.2430626890508,864.7134399414062,2205160,0.0,0.0,TATACONSUM.NS,921
2023-09-15 00:00:00+05:30,867.646152321873,869.7968279488746,853.9112438475323,856.2574462890625,1104866,0.0,0.0,TATACONSUM.NS,922
2023-09-18 00:00:00+05:30,863.1981683564295,866.0820246800291,856.2574141988342,861.1941528320312,1084407,0.0,0.0,TATACONSUM.NS,923
2023-09-20 00:00:00+05:30,861.0474623853901,861.1452556187372,845.6017998247617,850.1964111328125,924868,0.0,0.0,TATACONSUM.NS,924
2023-09-21 00:00:00+05:30,849.5121363958453,854.4000082968571,841.887068163548,851.46728515625,1165593,0.0,0.0,TATACONSUM.NS,925
2023-09-22 00:00:00+05:30,851.4672908581956,869.8945441818481,850.5385832575032,858.06591796875,1518828,0.0,0.0,TATACONSUM.NS,926
2023-09-25 00:00:00+05:30,862.1717164176637,885.2913141696733,851.0273448770596,880.4034423828125,2700627,0.0,0.0,TATACONSUM.NS,927
2023-09-26 00:00:00+05:30,887.2464589314724,889.4949276765337,871.5075357144635,875.1245727539062,2064298,0.0,0.0,TATACONSUM.NS,928
2023-09-27 00:00:00+05:30,878.8393346031338,883.7272063195028,867.0107089160821,868.9169311523438,1233749,0.0,0.0,TATACONSUM.NS,929
2023-09-28 00:00:00+05:30,874.733532097265,875.9066332715345,850.5874332869676,856.8439331054688,1801983,0.0,0.0,TATACONSUM.NS,930
2023-09-29 00:00:00+05:30,866.0331546449426,866.0331546449426,854.1067354473021,857.2349853515625,817204,0.0,0.0,TATACONSUM.NS,931
2023-10-03 00:00:00+05:30,850.4897526882698,859.8255765459917,844.7220396942805,852.34716796875,1183376,0.0,0.0,TATACONSUM.NS,932
2023-10-04 00:00:00+05:30,847.5570253635218,850.3430886045551,835.8261322789056,845.3574829101562,623081,0.0,0.0,TATACONSUM.NS,933
2023-10-05 00:00:00+05:30,846.6283325104791,849.75658265428,838.2700829750303,840.9095458984375,749977,0.0,0.0,TATACONSUM.NS,934
2023-10-06 00:00:00+05:30,841.691591221934,857.8215694509257,841.691591221934,855.1332397460938,960117,0.0,0.0,TATACONSUM.NS,935
2023-10-09 00:00:00+05:30,848.5345394588653,864.0290691066161,847.3614383005263,860.90087890625,1200788,0.0,0.0,TATACONSUM.NS,936
2023-10-10 00:00:00+05:30,865.1533100112079,872.3873841535693,861.9761933360254,868.8192138671875,870512,0.0,0.0,TATACONSUM.NS,937
2023-10-11 00:00:00+05:30,874.9290789229068,877.0797545138755,866.3264362254375,868.4771118164062,1062565,0.0,0.0,TATACONSUM.NS,938
2023-10-12 00:00:00+05:30,868.9658561956944,874.0981214895722,863.3936705147752,872.3384399414062,775364,0.0,0.0,TATACONSUM.NS,939
2023-10-13 00:00:00+05:30,870.2855494627689,897.4132371882301,868.9169215307794,892.8674926757812,5120134,0.0,0.0,TATACONSUM.NS,940
2023-10-16 00:00:00+05:30,897.2177563107296,897.2177563107296,885.7312573165401,888.2240600585938,1524935,0.0,0.0,TATACONSUM.NS,941
2023-10-17 00:00:00+05:30,891.59666890646,907.1889916334403,884.8514417297168,887.4908447265625,3228492,0.0,0.0,TATACONSUM.NS,942
2023-10-18 00:00:00+05:30,891.9877745447546,894.4805773351943,872.0940996752155,875.6134033203125,1218914,0.0,0.0,TATACONSUM.NS,943
2023-10-19 00:00:00+05:30,875.9066501597725,880.2080013262264,859.3367523780448,875.3201293945312,1430475,0.0,0.0,TATACONSUM.NS,944
2023-10-20 00:00:00+05:30,871.9475064773245,881.576590544232,868.7215228592909,878.79052734375,2295312,0.0,0.0,TATACONSUM.NS,945
2023-10-23 00:00:00+05:30,878.5950232432608,885.7313046837492,860.509896200145,863.2959594726562,973113,0.0,0.0,TATACONSUM.NS,946
2023-10-25 00:00:00+05:30,863.4914384471944,874.3914166574021,862.562730852347,870.0411987304688,1531972,0.0,0.0,TATACONSUM.NS,947
2023-10-26 00:00:00+05:30,863.4425333899441,867.0595703711076,852.4448220957047,860.6075439453125,1966650,0.0,0.0,TATACONSUM.NS,948
2023-10-27 00:00:00+05:30,860.2654039628811,874.4402316418149,856.3551066721407,871.116455078125,797507,0.0,0.0,TATACONSUM.NS,949
2023-10-30 00:00:00+05:30,866.1309218634551,875.906665902546,860.4610022540637,873.5115966796875,1147541,0.0,0.0,TATACONSUM.NS,950
2023-10-31 00:00:00+05:30,879.3281507222008,883.140714653039,871.9963429062847,880.3057250976562,1082510,0.0,0.0,TATACONSUM.NS,951
2023-11-01 00:00:00+05:30,885.6824255383278,899.3684674340636,875.6134209340323,882.8963623046875,2678745,0.0,0.0,TATACONSUM.NS,952
2023-11-02 00:00:00+05:30,889.7393283002089,897.120002790566,883.287301719438,890.8146362304688,1082513,0.0,0.0,TATACONSUM.NS,953
2023-11-03 00:00:00+05:30,891.5478284290225,898.6841094206668,890.8146476490643,893.209716796875,901911,0.0,0.0,TATACONSUM.NS,954
2023-11-06 00:00:00+05:30,896.1912909116253,902.9854446194747,895.4581101445856,898.0487060546875,742374,0.0,0.0,TATACONSUM.NS,955
2023-11-07 00:00:00+05:30,899.3684209968884,902.9854581015697,892.5254004023468,901.3724365234375,819721,0.0,0.0,TATACONSUM.NS,956
2023-11-08 00:00:00+05:30,901.8123769746585,908.6065309350116,893.6496546648107,895.7514038085938,1090425,0.0,0.0,TATACONSUM.NS,957
2023-11-09 00:00:00+05:30,895.7514150191575,898.3420110579607,878.2039425229642,882.60302734375,3194352,0.0,0.0,TATACONSUM.NS,958
2023-11-10 00:00:00+05:30,882.6030339766687,896.2890757441885,876.3954603272493,892.232177734375,3846444,0.0,0.0,TATACONSUM.NS,959
2023-11-13 00:00:00+05:30,893.5029249661461,899.8082912386294,886.7576383181125,895.9957275390625,904887,0.0,0.0,TATACONSUM.NS,960
2023-11-15 00:00:00+05:30,900.7370506717376,911.0993151534881,895.8002523575784,908.7531127929688,1564164,0.0,0.0,TATACONSUM.NS,961
2023-11-16 00:00:00+05:30,912.0768975313217,912.0768975313217,897.4132818153842,899.4172973632812,1315309,0.0,0.0,TATACONSUM.NS,962
2023-11-17 00:00:00+05:30,901.3235881656905,913.0544808533133,900.3460137750552,909.97509765625,961365,0.0,0.0,TATACONSUM.NS,963
2023-11-20 00:00:00+05:30,914.5208424392662,919.7508415626024,907.38456132091,909.97509765625,1169030,0.0,0.0,TATACONSUM.NS,964
2023-11-21 00:00:00+05:30,885.6824358691706,910.6105838986009,885.6824358691706,906.8958129882812,804344,0.0,0.0,TATACONSUM.NS,965
2023-11-22 00:00:00+05:30,910.5616605676452,918.7243827058039,901.5679644135944,907.4334106445312,885449,0.0,0.0,TATACONSUM.NS,966
2023-11-23 00:00:00+05:30,908.3132667684287,916.6715158552315,906.2114579669916,912.076904296875,907511,0.0,0.0,TATACONSUM.NS,967
2023-11-24 00:00:00+05:30,913.738776657872,915.8405257560264,903.2787189531638,906.1137084960938,521207,0.0,0.0,TATACONSUM.NS,968
2023-11-28 00:00:00+05:30,904.2563368556463,913.9832142502398,904.0119432510907,910.9526977539062,904835,0.0,0.0,TATACONSUM.NS,969
2023-11-29 00:00:00+05:30,913.9831910055481,916.8670473992423,909.1441858251331,912.6145629882812,1047897,0.0,0.0,TATACONSUM.NS,970
2023-11-30 00:00:00+05:30,911.0993610172236,926.9360785819204,911.0993610172236,919.6531372070312,2982505,0.0,0.0,TATACONSUM.NS,971
2023-12-01 00:00:00+05:30,924.6876432876084,931.5306640466182,918.6755368970589,921.7059936523438,1129388,0.0,0.0,TATACONSUM.NS,972
2023-12-04 00:00:00+05:30,932.605985436154,935.0499214566889,920.8262257504566,925.4208374023438,1112904,0.0,0.0,TATACONSUM.NS,973
2023-12-05 00:00:00+05:30,925.4696566033706,932.7525975033695,922.976853923882,928.7445068359375,792716,0.0,0.0,TATACONSUM.NS,974
2023-12-06 00:00:00+05:30,932.6059530728991,941.4041224415114,927.6203476305807,930.3575439453125,982484,0.0,0.0,TATACONSUM.NS,975
2023-12-07 00:00:00+05:30,930.6507797944233,938.0314541924956,928.7444978815219,935.44091796875,933106,0.0,0.0,TATACONSUM.NS,976
2023-12-08 00:00:00+05:30,938.4714078075741,940.2798965498079,922.6346908675403,925.3718872070312,649090,0.0,0.0,TATACONSUM.NS,977
2023-12-11 00:00:00+05:30,928.5979661190669,931.6284229567704,922.8791199579452,929.1356201171875,476174,0.0,0.0,TATACONSUM.NS,978
2023-12-12 00:00:00+05:30,931.6772517521038,940.377687608383,922.4391619196288,927.4736938476562,732063,0.0,0.0,TATACONSUM.NS,979
2023-12-13 00:00:00+05:30,926.7404796982072,938.1781114758644,925.2741181796973,935.8319091796875,899820,0.0,0.0,TATACONSUM.NS,980
2023-12-14 00:00:00+05:30,939.2534915051917,939.2534915051917,922.9279867457003,929.1356201171875,1980762,0.0,0.0,TATACONSUM.NS,981
2023-12-15 00:00:00+05:30,938.4225487568766,938.4225487568766,927.6203636674995,933.290283203125,1155502,0.0,0.0,TATACONSUM.NS,982
2023-12-18 00:00:00+05:30,934.5611114735102,936.7117870524417,924.1010536272935,928.4024047851562,999922,0.0,0.0,TATACONSUM.NS,983
2023-12-19 00:00:00+05:30,931.6283934162516,956.067753159595,927.864755882339,944.4835205078125,3897491,0.0,0.0,TATACONSUM.NS,984
2023-12-20 00:00:00+05:30,953.1349880364716,987.3500901711142,944.4834789347017,954.4058227539062,4465789,0.0,0.0,TATACONSUM.NS,985
2023-12-21 00:00:00+05:30,954.1125785462265,961.8354398825782,941.4529786086694,957.3385620117188,1588905,0.0,0.0,TATACONSUM.NS,986
2023-12-22 00:00:00+05:30,963.8883338195203,975.9124866996066,957.6807604043844,970.5358276367188,1491449,0.0,0.0,TATACONSUM.NS,987
2023-12-26 00:00:00+05:30,970.7314132539752,994.193199677032,970.5358864338348,984.7595825195312,1804990,0.0,0.0,TATACONSUM.NS,988
2023-12-27 00:00:00+05:30,992.1891216385574,1005.9240296435582,987.4478501304822,1003.7244873046875,1799498,0.0,0.0,TATACONSUM.NS,989
2023-12-28 00:00:00+05:30,1007.6347700516612,1026.4530764533051,1002.3070375308123,1017.6549072265625,2052402,0.0,0.0,TATACONSUM.NS,990
2023-12-29 00:00:00+05:30,1030.3144434264395,1069.4663440661902,1024.2046037094253,1062.4278564453125,5017576,0.0,0.0,TATACONSUM.NS,991
2024-01-01 00:00:00+05:30,1069.3196993273293,1069.3196993273293,1051.8700207127365,1055.8780517578125,936544,0.0,0.0,TATACONSUM.NS,992
2024-01-02 00:00:00+05:30,1061.9879519157544,1078.313516400393,1055.2915909762155,1073.13232421875,2635193,0.0,0.0,TATACONSUM.NS,993
2024-01-03 00:00:00+05:30,1073.327729477717,1074.4519638673376,1058.4197203675888,1060.6192626953125,1100701,0.0,0.0,TATACONSUM.NS,994
2024-01-04 00:00:00+05:30,1063.6987255404647,1103.2904904067311,1061.792503113364,1100.3089599609375,2777186,0.0,0.0,TATACONSUM.NS,995
2024-01-05 00:00:00+05:30,1099.7711650331562,1105.7832712685658,1091.9994965333788,1097.76708984375,1207155,0.0,0.0,TATACONSUM.NS,996
2024-01-08 00:00:00+05:30,1099.8201171064502,1103.68148822051,1070.1018317324445,1080.1707763671875,1722755,0.0,0.0,TATACONSUM.NS,997
2024-01-09 00:00:00+05:30,1081.197261953013,1095.0299632668039,1081.197261953013,1086.7205810546875,998355,0.0,0.0,TATACONSUM.NS,998
2024-01-10 00:00:00+05:30,1087.0626498688616,1092.6347757906435,1076.3093322892237,1088.9688720703125,933127,0.0,0.0,TATACONSUM.NS,999
2024-01-11 00:00:00+05:30,1091.9506040858137,1099.7222728276056,1087.1116585421034,1094.150146484375,1084035,0.0,0.0,TATACONSUM.NS,1000
2024-01-12 00:00:00+05:30,1100.2111184880896,1139.4119494516754,1098.6470232325653,1133.0087890625,6018282,0.0,0.0,TATACONSUM.NS,1001
2024-01-15 00:00:00+05:30,1163.3135448186204,1164.242192772535,1109.3025588091843,1124.99267578125,4237485,0.0,0.0,TATACONSUM.NS,1002
2024-01-16 00:00:00+05:30,1126.7033864422328,1136.4791301297876,1116.3899291187392,1118.0517578125,1449691,0.0,0.0,TATACONSUM.NS,1003
2024-01-17 00:00:00+05:30,1108.569343840429,1127.0943305568433,1106.516461514694,1113.066162109375,1272932,0.0,0.0,TATACONSUM.NS,1004
2024-01-18 00:00:00+05:30,1109.497924258407,1124.2104654744765,1097.3271717348694,1121.082275390625,1218211,0.0,0.0,TATACONSUM.NS,1005
2024-01-19 00:00:00+05:30,1130.8092475542328,1139.460757589424,1120.9845765767395,1135.648193359375,900162,0.0,0.0,TATACONSUM.NS,1006
2024-01-23 00:00:00+05:30,1132.959797741089,1139.8517449613298,1112.7240554907664,1119.9581298828125,933643,0.0,0.0,TATACONSUM.NS,1007
2024-01-24 00:00:00+05:30,1119.9092675484492,1134.96393796511,1108.5694277798748,1133.0087890625,1040096,0.0,0.0,TATACONSUM.NS,1008
2024-01-25 00:00:00+05:30,1133.986295050308,1137.5544654487096,1106.9563392370724,1111.2576904296875,1125321,0.0,0.0,TATACONSUM.NS,1009
2024-01-29 00:00:00+05:30,1111.257686107339,1123.42843951082,1109.5469309274947,1115.4613037109375,1588430,0.0,0.0,TATACONSUM.NS,1010
2024-01-30 00:00:00+05:30,1119.2737045412239,1121.473246829199,1095.5187194307748,1097.71826171875,798009,0.0,0.0,TATACONSUM.NS,1011
2024-01-31 00:00:00+05:30,1099.7712437283374,1102.2151798255115,1087.0627760230323,1092.92822265625,2428738,0.0,0.0,TATACONSUM.NS,1012
2024-02-01 00:00:00+05:30,1092.9281294233806,1109.4491598975046,1083.1523858686098,1104.31689453125,4728358,0.0,0.0,TATACONSUM.NS,1013
2024-02-02 00:00:00+05:30,1106.6142685208827,1144.4463516992028,1106.6142685208827,1136.6746826171875,1741322,0.0,0.0,TATACONSUM.NS,1014
2024-02-05 00:00:00+05:30,1143.6642989593176,1150.6050532388863,1120.5935672978953,1124.9437255859375,1266268,0.0,0.0,TATACONSUM.NS,1015
2024-02-06 00:00:00+05:30,1116.4877437769524,1140.633904038577,1116.4877437769524,1137.456787109375,1219085,0.0,0.0,TATACONSUM.NS,1016
2024-02-07 00:00:00+05:30,1141.855849354729,1148.6499438426295,1127.1922330503548,1140.0472412109375,864874,0.0,0.0,TATACONSUM.NS,1017
2024-02-08 00:00:00+05:30,1133.9863288547758,1136.8213185434756,1099.771224104847,1112.3819580078125,2477973,0.0,0.0,TATACONSUM.NS,1018
2024-02-09 00:00:00+05:30,1116.389977057159,1123.6240515631464,1094.7366799928589,1103.9259033203125,917196,0.0,0.0,TATACONSUM.NS,1019
2024-02-12 00:00:00+05:30,1104.7079899943647,1108.9604147352413,1050.8924719533056,1097.033935546875,898953,0.0,0.0,TATACONSUM.NS,1020
2024-02-13 00:00:00+05:30,1097.8160310992828,1115.705690024853,1093.1236263320745,1112.2841796875,886148,0.0,0.0,TATACONSUM.NS,1021
2024-02-14 00:00:00+05:30,1109.5958285515512,1114.2881138946693,1094.8832866540147,1110.1334228515625,1206706,0.0,0.0,TATACONSUM.NS,1022
2024-02-15 00:00:00+05:30,1114.4837524634524,1121.033453269157,1101.9707522979354,1106.0277099609375,1278358,0.0,0.0,TATACONSUM.NS,1023
2024-02-16 00:00:00+05:30,1109.5468983213668,1123.6239929683934,1107.0052288525667,1121.7176513671875,1213292,0.0,0.0,TATACONSUM.NS,1024
2024-02-19 00:00:00+05:30,1124.2106384013123,1138.1410745728067,1118.8339788263495,1129.0985107421875,961914,0.0,0.0,TATACONSUM.NS,1025
2024-02-20 00:00:00+05:30,1128.6096964685369,1133.00878146993,1113.2618254190256,1128.511962890625,1056193,0.0,0.0,TATACONSUM.NS,1026
2024-02-21 00:00:00+05:30,1129.098308168042,1145.6193375826883,1124.25936315187,1134.7193603515625,1445959,0.0,0.0,TATACONSUM.NS,1027
2024-02-22 00:00:00+05:30,1134.9637980195869,1138.6297017599602,1116.8297464507518,1133.4974365234375,1689403,0.0,0.0,TATACONSUM.NS,1028
2024-02-23 00:00:00+05:30,1132.031072327104,1139.4606133566454,1129.2938164743662,1134.279541015625,1280859,0.0,0.0,TATACONSUM.NS,1029
2024-02-26 00:00:00+05:30,1133.0085664925437,1156.2748815962593,1123.6726845834085,1150.70263671875,1292210,0.0,0.0,TATACONSUM.NS,1030
2024-02-27 00:00:00+05:30,1155.493033607187,1163.02030935864,1148.601085800513,1157.05712890625,1584564,0.0,0.0,TATACONSUM.NS,1031
2024-02-28 00:00:00+05:30,1163.0691035108634,1177.9771126123894,1137.0167227554052,1141.7579345703125,2170054,0.0,0.0,TATACONSUM.NS,1032
2024-02-29 00:00:00+05:30,1140.7802436436434,1172.1115466478748,1124.7969282377317,1163.3623046875,2722341,0.0,0.0,TATACONSUM.NS,1033
2024-03-01 00:00:00+05:30,1176.9996178314946,1186.4332349805113,1167.4682671056996,1174.06689453125,1804771,0.0,0.0,TATACONSUM.NS,1034
2024-03-04 00:00:00+05:30,1179.883457293338,1186.775405030971,1163.313617781594,1176.2664794921875,790960,0.0,0.0,TATACONSUM.NS,1035
2024-03-05 00:00:00+05:30,1179.7856211483663,1184.7224195193705,1169.1789629513646,1173.67578125,867925,0.0,0.0,TATACONSUM.NS,1036
2024-03-06 00:00:00+05:30,1176.8041132281649,1195.5734940193004,1165.268687547838,1192.689697265625,1367260,0.0,0.0,TATACONSUM.NS,1037
2024-03-07 00:00:00+05:30,1200.4613643194166,1240.4441811832626,1189.4636523091613,1233.259033203125,3522952,0.0,0.0,TATACONSUM.NS,1038
2024-03-11 00:00:00+05:30,1234.6764981276685,1240.5419446745934,1181.8874792053455,1193.2762451171875,2609165,0.0,0.0,TATACONSUM.NS,1039
2024-03-12 00:00:00+05:30,1199.9236506690115,1200.3147042959397,1182.0341107319691,1187.9483642578125,1089396,0.0,0.0,TATACONSUM.NS,1040
2024-03-13 00:00:00+05:30,1188.2416206407192,1190.0990357694914,1144.4462420933605,1152.51123046875,2050756,0.0,0.0,TATACONSUM.NS,1041
2024-03-14 00:00:00+05:30,1134.035170353001,1178.0260160216312,1134.035170353001,1171.4761962890625,2211062,0.0,0.0,TATACONSUM.NS,1042
2024-03-15 00:00:00+05:30,1173.0892444087992,1192.4940717934996,1149.5297259501508,1184.966796875,2843465,0.0,0.0,TATACONSUM.NS,1043
2024-03-18 00:00:00+05:30,1185.8466969880133,1190.3435154499384,1157.7414324349627,1160.3319091796875,803158,0.0,0.0,TATACONSUM.NS,1044
2024-03-19 00:00:00+05:30,1158.3279528937917,1158.3279528937917,1114.2881775864598,1120.544677734375,2152306,0.0,0.0,TATACONSUM.NS,1045
2024-03-20 00:00:00+05:30,1117.465249631524,1127.534313476126,1086.769390240651,1098.842529296875,2070193,0.0,0.0,TATACONSUM.NS,1046
2024-03-21 00:00:00+05:30,1108.5693121927789,1113.4082574890692,1096.3496328255746,1108.5203857421875,1901034,0.0,0.0,TATACONSUM.NS,1047
2024-03-22 00:00:00+05:30,1108.5203175090835,1114.4346896918837,1093.9056296186122,1097.571533203125,1696377,0.0,0.0,TATACONSUM.NS,1048
2024-03-26 00:00:00+05:30,1080.5617351944898,1095.958530512906,1080.5617351944898,1087.600341796875,2407110,0.0,0.0,TATACONSUM.NS,1049
2024-03-27 00:00:00+05:30,1090.3375041294455,1091.9505256390719,1059.7883063441088,1066.58251953125,1962948,0.0,0.0,TATACONSUM.NS,1050
2024-03-28 00:00:00+05:30,1079.1443373741395,1084.1299426396454,1069.1242003930247,1071.616943359375,6721940,0.0,0.0,TATACONSUM.NS,1051
2024-04-01 00:00:00+05:30,1075.3318354852966,1079.6331866938,1058.8108043280963,1062.525634765625,2229535,0.0,0.0,TATACONSUM.NS,1052
2024-04-02 00:00:00+05:30,1067.3156779451742,1107.9827453195203,1060.7658584773667,1105.783203125,5107047,0.0,0.0,TATACONSUM.NS,1053
2024-04-03 00:00:00+05:30,1103.6816110751522,1103.6816110751522,1087.8449519000292,1094.3946533203125,1133287,0.0,0.0,TATACONSUM.NS,1054
2024-04-04 00:00:00+05:30,1107.3962243372432,1107.4939579015272,1083.6900473575029,1092.879150390625,2403608,0.0,0.0,TATACONSUM.NS,1055
2024-04-05 00:00:00+05:30,1090.9730638853757,1099.6735001789818,1086.0851917353516,1090.533203125,627856,0.0,0.0,TATACONSUM.NS,1056
2024-04-08 00:00:00+05:30,1094.8833460285316,1114.8746951045875,1091.9506227802408,1111.84423828125,1833218,0.0,0.0,TATACONSUM.NS,1057
2024-04-09 00:00:00+05:30,1115.4123348930123,1115.4123348930123,1096.3496350416417,1100.357666015625,1184800,0.0,0.0,TATACONSUM.NS,1058
2024-04-10 00:00:00+05:30,1104.6590312948917,1125.6768801204141,1093.6123932488197,1119.615966796875,1374918,0.0,0.0,TATACONSUM.NS,1059
2024-04-12 00:00:00+05:30,1118.6872459659214,1130.7114588748577,1109.0092354944375,1123.6728515625,2006949,0.0,0.0,TATACONSUM.NS,1060
2024-04-15 00:00:00+05:30,1099.7711147951072,1111.2086866558552,1086.0850742554348,1105.29443359375,1990224,0.0,0.0,TATACONSUM.NS,1061
2024-04-16 00:00:00+05:30,1091.9505869188654,1113.3594897948483,1088.9689373145661,1110.182373046875,1051408,0.0,0.0,TATACONSUM.NS,1062
2024-04-18 00:00:00+05:30,1117.3675114054586,1133.0087014163835,1102.2640350342829,1109.1070556640625,2573549,0.0,0.0,TATACONSUM.NS,1063
2024-04-19 00:00:00+05:30,1079.7309168466365,1124.797072488114,1079.2910561030017,1112.577392578125,2160942,0.0,0.0,TATACONSUM.NS,1064
2024-04-22 00:00:00+05:30,1115.3634423948124,1151.3871538049796,1115.3634423948124,1144.690673828125,2299311,0.0,0.0,TATACONSUM.NS,1065
2024-04-23 00:00:00+05:30,1146.6946160369193,1153.4399023507547,1126.165556414775,1147.0367431640625,1930671,0.0,0.0,TATACONSUM.NS,1066
2024-04-24 00:00:00+05:30,1081.1971931140977,1112.1862511872307,1079.242044482788,1085.254150390625,6447489,0.0,0.0,TATACONSUM.NS,1067
2024-04-25 00:00:00+05:30,1090.9728773834745,1090.9728773834745,1053.2385347025408,1081.4415283203125,6233672,0.0,0.0,TATACONSUM.NS,1068
2024-04-26 00:00:00+05:30,1086.8673153874345,1086.8673153874345,1059.7396245460898,1077.9224853515625,3426210,0.0,0.0,TATACONSUM.NS,1069
2024-04-29 00:00:00+05:30,1084.0322761432822,1085.4986377434402,1064.480788141177,1073.865478515625,2254895,0.0,0.0,TATACONSUM.NS,1070
2024-04-30 00:00:00+05:30,1075.234051312475,1089.26221936686,1071.0793603254351,1083.4945068359375,2504796,0.0,0.0,TATACONSUM.NS,1071
2024-05-02 00:00:00+05:30,1089.0178483428408,1089.0178483428408,1056.85562769847,1066.6802978515625,3423995,0.0,0.0,TATACONSUM.NS,1072
2024-05-03 00:00:00+05:30,1070.4440200051179,1089.8977753767974,1065.3606806112803,1069.759765625,2935813,0.0,0.0,TATACONSUM.NS,1073
2024-05-06 00:00:00+05:30,1080.219553148078,1084.765297306165,1065.6048657503688,1073.523193359375,1076304,0.0,0.0,TATACONSUM.NS,1074
2024-05-07 00:00:00+05:30,1070.492814800786,1096.3985344732146,1065.6537502811595,1074.7452392578125,2614541,0.0,0.0,TATACONSUM.NS,1075
2024-05-08 00:00:00+05:30,1077.6779723015584,1092.7814480656432,1070.5905583627398,1090.0443115234375,1071294,0.0,0.0,TATACONSUM.NS,1076
2024-05-09 00:00:00+05:30,1089.0178945698656,1089.7021489248898,1053.8252157507316,1060.7171630859375,1743688,0.0,0.0,TATACONSUM.NS,1077
2024-05-10 00:00:00+05:30,1063.552018018461,1069.417464403414,1043.7073293490578,1066.4847412109375,1080599,0.0,0.0,TATACONSUM.NS,1078
2024-05-13 00:00:00+05:30,1061.7435610625294,1076.3094438881603,1051.919009673049,1072.3502197265625,933422,0.0,0.0,TATACONSUM.NS,1079
2024-05-14 00:00:00+05:30,1071.4214893692154,1073.7676916796509,1057.9309155838162,1061.1080322265625,1194960,0.0,0.0,TATACONSUM.NS,1080
2024-05-15 00:00:00+05:30,1061.6458200026518,1066.3870320725646,1032.3185874058934,1044.9293212890625,1920081,0.0,0.0,TATACONSUM.NS,1081
2024-05-16 00:00:00+05:30,1046.982139495482,1077.8246582847044,1034.1270127957125,1075.08740234375,2665288,0.0,0.0,TATACONSUM.NS,1082
2024-05-17 00:00:00+05:30,1068.488788411969,1076.5048505278648,1064.725150946979,1070.639404296875,1069069,0.0,0.0,TATACONSUM.NS,1083
2024-05-21 00:00:00+05:30,1064.578413343632,1072.985528462155,1064.5294868954823,1069.4173583984375,906092,0.0,0.0,TATACONSUM.NS,1084
2024-05-22 00:00:00+05:30,1075.3318485358373,1096.838485506554,1069.4174756357647,1095.2254638671875,2032291,0.0,0.0,TATACONSUM.NS,1085
2024-05-23 00:00:00+05:30,1102.1661063208326,1105.8320099774935,1079.242036520967,1092.879150390625,2087340,0.0,0.0,TATACONSUM.NS,1086
2024-05-24 00:00:00+05:30,1093.5730773522862,1093.5730773522862,1078.8083643367288,1081.0230712890625,1424791,7.654853,0.0,TATACONSUM.NS,1087
2024-05-27 00:00:00+05:30,1081.7613128791413,1092.5887691499972,1069.6050564606983,1070.83544921875,1881215,0.0,0.0,TATACONSUM.NS,1088
2024-05-28 00:00:00+05:30,1071.9181723917313,1080.7277364901256,1063.0593445207253,1078.365478515625,981637,0.0,0.0,TATACONSUM.NS,1089
2024-05-29 00:00:00+05:30,1067.9809060754847,1072.9024770712242,1051.2475646899702,1054.495849609375,1526469,0.0,0.0,TATACONSUM.NS,1090
2024-05-30 00:00:00+05:30,1054.200525089957,1057.596361072147,1035.498554990322,1050.4600830078125,2743237,0.0,0.0,TATACONSUM.NS,1091
2024-05-31 00:00:00+05:30,1052.9207386842625,1054.0035803124915,1031.85651318919,1043.6190185546875,4787041,0.0,0.0,TATACONSUM.NS,1092
2024-06-03 00:00:00+05:30,1059.5159172166493,1065.9139600498954,1046.6705677738346,1052.379638671875,1323788,0.0,0.0,TATACONSUM.NS,1093
2024-06-04 00:00:00+05:30,1052.37959970819,1075.4617207051558,1012.7609513230218,1069.9495849609375,3223165,0.0,0.0,TATACONSUM.NS,1094
2024-06-05 00:00:00+05:30,1091.604471786788,1141.8044970898775,1076.0031154050741,1124.4805908203125,6089603,0.0,0.0,TATACONSUM.NS,1095
2024-06-06 00:00:00+05:30,1129.9925734046928,1129.9925734046928,1102.0380292649695,1122.0196533203125,2655137,0.0,0.0,TATACONSUM.NS,1096
2024-06-07 00:00:00+05:30,1130.9769960911487,1130.9769960911487,1113.849905278504,1117.83642578125,1877248,0.0,0.0,TATACONSUM.NS,1097
2024-06-10 00:00:00+05:30,1121.133842946296,1125.513992953537,1107.9932727690339,1115.2772216796875,1392359,0.0,0.0,TATACONSUM.NS,1098
2024-06-11 00:00:00+05:30,1115.277180420253,1126.8428715240939,1109.026689529069,1117.787109375,805013,0.0,0.0,TATACONSUM.NS,1099
2024-06-12 00:00:00+05:30,1124.0868612229954,1124.0868612229954,1105.8770477968785,1107.009033203125,773116,0.0,0.0,TATACONSUM.NS,1100
2024-06-13 00:00:00+05:30,1112.2749160177916,1115.2278582727063,1086.7320135749926,1097.116455078125,1605436,0.0,0.0,TATACONSUM.NS,1101
2024-06-14 00:00:00+05:30,1097.1165436252236,1107.3041711958053,1092.6871298853587,1095.000244140625,1107470,0.0,0.0,TATACONSUM.NS,1102
2024-06-18 00:00:00+05:30,1095.0002213395612,1110.6016966450925,1095.0002213395612,1109.2236328125,1161864,0.0,0.0,TATACONSUM.NS,1103
2024-06-19 00:00:00+05:30,1111.9796372004123,1113.160886263119,1085.698497693792,1088.2576904296875,1201455,0.0,0.0,TATACONSUM.NS,1104
2024-06-20 00:00:00+05:30,1090.669458636048,1090.9646808193056,1078.906831192006,1085.9447021484375,1223872,0.0,0.0,TATACONSUM.NS,1105
2024-06-21 00:00:00+05:30,1085.993850695823,1087.667136690055,1064.8310964525324,1067.8824462890625,1634958,0.0,0.0,TATACONSUM.NS,1106
2024-06-24 00:00:00+05:30,1063.206940863551,1086.6828090385761,1060.2539984476853,1084.6649169921875,912255,0.0,0.0,TATACONSUM.NS,1107
2024-06-25 00:00:00+05:30,1090.7678033059865,1090.816946922596,1072.902476568711,1077.4302978515625,932314,0.0,0.0,TATACONSUM.NS,1108
2024-06-26 00:00:00+05:30,1077.873258576501,1082.5487507914163,1066.1106323846034,1069.85107421875,1003738,0.0,0.0,TATACONSUM.NS,1109
2024-06-27 00:00:00+05:30,1073.000824782626,1079.2511955684781,1060.942976513689,1068.5714111328125,2272855,0.0,0.0,TATACONSUM.NS,1110
2024-06-28 00:00:00+05:30,1068.5713754423268,1086.682779125525,1067.980811006517,1080.2354736328125,1129490,0.0,0.0,TATACONSUM.NS,1111
2024-07-01 00:00:00+05:30,1073.0009550183665,1080.2356408267335,1070.9339190953403,1077.3812255859375,767705,0.0,0.0,TATACONSUM.NS,1112
2024-07-02 00:00:00+05:30,1078.808287082862,1092.5886849105627,1063.059260994061,1087.6671142578125,2026189,0.0,0.0,TATACONSUM.NS,1113
2024-07-03 00:00:00+05:30,1096.5259907491284,1130.5832371667818,1094.6066261704457,1128.3685302734375,4406793,0.0,0.0,TATACONSUM.NS,1114
2024-07-04 00:00:00+05:30,1129.5498091207533,1136.686087076114,1115.5233317602163,1117.3934326171875,2113837,0.0,0.0,TATACONSUM.NS,1115
2024-07-05 00:00:00+05:30,1117.5903316227455,1132.8963448588659,1114.9326112728631,1119.5589599609375,1281630,0.0,0.0,TATACONSUM.NS,1116
2024-07-08 00:00:00+05:30,1120.1495100321893,1145.7416780997087,1118.1808817193032,1132.748779296875,1958676,0.0,0.0,TATACONSUM.NS,1117
2024-07-09 00:00:00+05:30,1143.182473029718,1150.1710794341973,1122.1181262772657,1124.2835693359375,1545936,0.0,0.0,TATACONSUM.NS,1118
2024-07-10 00:00:00+05:30,1124.2835814270354,1138.6054004654966,1112.2749967806449,1132.748779296875,1015150,0.0,0.0,TATACONSUM.NS,1119
2024-07-11 00:00:00+05:30,1132.5027165619147,1135.3079879158179,1107.84559853671,1113.653076171875,1883264,0.0,0.0,TATACONSUM.NS,1120
2024-07-12 00:00:00+05:30,1117.196605613677,1135.898575223069,1112.3242984355518,1134.176025390625,1092749,0.0,0.0,TATACONSUM.NS,1121
2024-07-15 00:00:00+05:30,1134.4221881485119,1138.851602332172,1121.9214450701797,1130.7802734375,1201063,0.0,0.0,TATACONSUM.NS,1122
2024-07-16 00:00:00+05:30,1130.7801842205583,1160.506424556655,1124.8250353368257,1157.799560546875,2152821,0.0,0.0,TATACONSUM.NS,1123
2024-07-18 00:00:00+05:30,1142.3699138879779,1161.425621435249,1137.508781168547,1160.2589111328125,2591377,0.0,0.0,TATACONSUM.NS,1124
2024-07-19 00:00:00+05:30,1166.6756544603052,1166.7729804548803,1150.147778092653,1155.0089111328125,1402279,0.0,0.0,TATACONSUM.NS,1125
2024-07-22 00:00:00+05:30,1152.092166163694,1177.272922277744,1149.4185852529931,1171.34228515625,1719663,0.0,0.0,TATACONSUM.NS,1126
2024-07-23 00:00:00+05:30,1181.2590323879517,1227.5371768042164,1166.9185895032288,1221.9954833984375,5204189,0.0,0.0,TATACONSUM.NS,1127
2024-07-24 00:00:00+05:30,1222.0927487792594,1222.7733097597215,1183.5923903893079,1197.057861328125,3367339,0.0,0.0,TATACONSUM.NS,1128
2024-07-25 00:00:00+05:30,1197.786971063701,1200.703626664221,1175.279915758972,1189.6202392578125,2529080,0.0,0.0,TATACONSUM.NS,1129
2024-07-26 00:00:00+05:30,1196.9752930753768,1199.829708040571,1186.4923231461646,1194.6129150390625,802492,0.0,0.0,TATACONSUM.NS,1130
2024-07-29 00:00:00+05:30,1195.9417022315579,1202.8319013390646,1166.4122774850996,1182.5550537109375,1944124,0.0,0.0,TATACONSUM.NS,1131
2024-07-30 00:00:00+05:30,1187.0829684794212,1192.398289384319,1170.5464412543054,1176.1571044921875,1331004,0.0,0.0,TATACONSUM.NS,1132
2024-07-31 00:00:00+05:30,1174.2868134487928,1174.2868134487928,1148.6946448405206,1170.30029296875,2994289,0.0,0.0,TATACONSUM.NS,1133
2024-08-01 00:00:00+05:30,1170.3002772801522,1196.9260234798087,1169.3652268865235,1189.39599609375,1675363,0.0,0.0,TATACONSUM.NS,1134
2024-08-02 00:00:00+05:30,1181.1770067048933,1200.8632901499748,1171.3338649823525,1174.9266357421875,1262150,0.0,0.0,TATACONSUM.NS,1135
2024-08-05 00:00:00+05:30,1157.5535701291083,1194.5637622857996,1132.9457136212616,1180.5865478515625,3718458,0.0,0.0,TATACONSUM.NS,1136
2024-08-06 00:00:00+05:30,1181.1769551096095,1193.0871320425247,1164.295943761728,1167.0028076171875,1304014,0.0,0.0,TATACONSUM.NS,1137
2024-08-07 00:00:00+05:30,1164.0008396825124,1188.8055101935736,1164.0008396825124,1180.7833251953125,759323,0.0,0.0,TATACONSUM.NS,1138
2024-08-08 00:00:00+05:30,1173.3025617670783,1176.2555044560895,1155.5849056330117,1159.8175048828125,1298997,0.0,0.0,TATACONSUM.NS,1139
2024-08-09 00:00:00+05:30,1170.251053218172,1170.251053218172,1161.4906337292775,1167.544189453125,489864,0.0,0.0,TATACONSUM.NS,1140
2024-08-12 00:00:00+05:30,1157.5535667404913,1165.7725667589418,1147.7596879412586,1152.4351806640625,787584,0.0,0.0,TATACONSUM.NS,1141
2024-08-13 00:00:00+05:30,1154.3052793001486,1164.1976856296076,1149.28530062848,1160.3096923828125,785371,0.0,0.0,TATACONSUM.NS,1142
2024-08-14 00:00:00+05:30,1168.380946974093,1168.4793543622748,1140.5248072527638,1149.236083984375,991108,0.0,0.0,TATACONSUM.NS,1143
2024-08-16 00:00:00+05:30,1149.678936013471,1171.9736757129901,1149.678936013471,1169.119140625,831846,0.0,0.0,TATACONSUM.NS,1144
2024-08-19 00:00:00+05:30,1179.208366264013,1181.1769945883268,1153.1733047371767,1158.9315185546875,682374,0.0,0.0,TATACONSUM.NS,1145
2024-08-20 00:00:00+05:30,1164.3944271250527,1164.3944271250527,1148.448585252755,1152.8287353515625,673329,0.0,0.0,TATACONSUM.NS,1146
2024-08-21 00:00:00+05:30,1153.566968038977,1162.4750595294247,1148.7439246276822,1159.0792236328125,802420,0.0,0.0,TATACONSUM.NS,1147
2024-08-22 00:00:00+05:30,1165.477274584942,1190.8725088083152,1162.4750682178444,1186.8861083984375,2041300,0.0,0.0,TATACONSUM.NS,1148
2024-08-23 00:00:00+05:30,1192.9887486834705,1195.9416911307069,1176.1570007653306,1178.0272216796875,852159,0.0,0.0,TATACONSUM.NS,1149
2024-08-26 00:00:00+05:30,1186.0986207621077,1202.6842911375065,1175.3204282456152,1200.91259765625,1045317,0.0,0.0,TATACONSUM.NS,1150
2024-08-27 00:00:00+05:30,1200.8633568347618,1201.4047777217825,1189.051586111797,1190.62646484375,483025,0.0,0.0,TATACONSUM.NS,1151
2024-08-28 00:00:00+05:30,1191.020116117966,1196.2861727655622,1177.8302825364617,1182.3089599609375,779730,0.0,0.0,TATACONSUM.NS,1152
2024-08-29 00:00:00+05:30,1182.3089654157611,1189.9374000789849,1166.6583463981694,1179.6512451171875,1062444,0.0,0.0,TATACONSUM.NS,1153
2024-08-30 00:00:00+05:30,1176.2554648878634,1188.5593923448494,1176.2554648878634,1181.32470703125,2550399,0.0,0.0,TATACONSUM.NS,1154
2024-09-02 00:00:00+05:30,1181.1770561934534,1207.753539957806,1178.420928333451,1180.8817138671875,1852516,0.0,0.0,TATACONSUM.NS,1155
2024-09-03 00:00:00+05:30,1190.0357681287142,1199.2390810967834,1177.535026897929,1180.192626953125,1884428,0.0,0.0,TATACONSUM.NS,1156
2024-09-04 00:00:00+05:30,1177.2891406587291,1180.1435559414447,1156.5692770376636,1176.206298828125,1633635,0.0,0.0,TATACONSUM.NS,1157
2024-09-05 00:00:00+05:30,1180.684912257568,1187.919597776349,1167.0521842797004,1170.005126953125,1062421,0.0,0.0,TATACONSUM.NS,1158
2024-09-06 00:00:00+05:30,1169.365326498186,1173.0565049277889,1150.4172772262245,1155.437255859375,989655,0.0,0.0,TATACONSUM.NS,1159
2024-09-09 00:00:00+05:30,1155.4372158558622,1177.1905359500695,1151.5492227735097,1173.351806640625,1969830,0.0,0.0,TATACONSUM.NS,1160
2024-09-10 00:00:00+05:30,1181.1770349469919,1193.9238557202448,1177.4858567127824,1185.261962890625,1815998,0.0,0.0,TATACONSUM.NS,1161
2024-09-11 00:00:00+05:30,1190.9217847868822,1199.8790200523085,1182.4074428530234,1185.508056640625,1837013,0.0,0.0,TATACONSUM.NS,1162
2024-09-12 00:00:00+05:30,1191.020184354874,1206.7199478136984,1180.5372140730385,1203.5701904296875,2635403,0.0,0.0,TATACONSUM.NS,1163
2024-09-13 00:00:00+05:30,1206.7691133376866,1207.7534274594955,1189.10072291343,1191.3154296875,1569211,0.0,0.0,TATACONSUM.NS,1164
2024-09-16 00:00:00+05:30,1200.8633121056882,1204.554490319128,1188.067227632431,1199.3868408203125,984584,0.0,0.0,TATACONSUM.NS,1165
2024-09-17 00:00:00+05:30,1203.8162389879124,1214.939037255004,1193.1364541939843,1201.109375,1450593,0.0,0.0,TATACONSUM.NS,1166
2024-09-18 00:00:00+05:30,1201.109391205753,1204.2100049375767,1175.2711436997902,1182.013671875,930896,0.0,0.0,TATACONSUM.NS,1167
2024-09-19 00:00:00+05:30,1188.0671525840235,1206.3753713350732,1185.1634739684216,1196.187744140625,2737652,0.0,0.0,TATACONSUM.NS,1168
2024-09-20 00:00:00+05:30,1200.8633090349688,1211.6415013284354,1194.3175956554323,1197.7626953125,3533125,0.0,0.0,TATACONSUM.NS,1169
2024-09-23 00:00:00+05:30,1202.8318104813513,1214.2990935894682,1191.2661199959537,1192.5457763671875,2818001,0.0,0.0,TATACONSUM.NS,1170
2024-09-24 00:00:00+05:30,1196.9260297141693,1208.6393923584337,1191.0694084698061,1192.644287109375,3393528,0.0,0.0,TATACONSUM.NS,1171
2024-09-25 00:00:00+05:30,1194.8589448663115,1196.9259805054855,1163.5085638981584,1170.9400634765625,2448744,0.0,0.0,TATACONSUM.NS,1172
2024-09-26 00:00:00+05:30,1176.2554667322295,1197.9103790904799,1172.465881100644,1194.416015625,2323705,0.0,0.0,TATACONSUM.NS,1173
2024-09-27 00:00:00+05:30,1194.908158576588,1196.6307084028724,1180.1927095514034,1182.7027587890625,2177204,0.0,0.0,TATACONSUM.NS,1174
2024-09-30 00:00:00+05:30,1176.2061763358568,1194.612923517045,1176.2061763358568,1178.1748046875,1223096,0.0,0.0,TATACONSUM.NS,1175
2024-10-01 00:00:00+05:30,1178.1748117087154,1186.5414822530597,1172.9087548677949,1177.48583984375,892381,0.0,0.0,TATACONSUM.NS,1176
2024-10-03 00:00:00+05:30,1167.3965349927482,1171.3337914345452,1132.1088981642508,1134.6680908203125,1912206,0.0,0.0,TATACONSUM.NS,1177
2024-10-04 00:00:00+05:30,1131.9612338215534,1136.6367258742946,1107.5501956734497,1112.668701171875,1773781,0.0,0.0,TATACONSUM.NS,1178
2024-10-07 00:00:00+05:30,1112.6687661786116,1124.7266148085716,1089.586526707936,1093.966796875,1542124,0.0,0.0,TATACONSUM.NS,1179
2024-10-08 00:00:00+05:30,1093.9667986980803,1106.7628829797707,1088.1100572604448,1101.496826171875,1738272,0.0,0.0,TATACONSUM.NS,1180
2024-10-09 00:00:00+05:30,1109.322122223632,1114.2436933071442,1092.588780539691,1100.2664794921875,1322027,0.0,0.0,TATACONSUM.NS,1181
2024-10-10 00:00:00+05:30,1100.266354498297,1111.2906244107533,1093.9667201959521,1096.673583984375,1176370,0.0,0.0,TATACONSUM.NS,1182
2024-10-11 00:00:00+05:30,1100.4633004387226,1104.7450432742583,1084.369786936582,1095.64013671875,569469,0.0,0.0,TATACONSUM.NS,1183
2024-10-14 00:00:00+05:30,1102.431908436143,1120.149564107438,1088.2577598679984,1096.0831298828125,513799,0.0,0.0,TATACONSUM.NS,1184
2024-10-15 00:00:00+05:30,1098.494705415686,1101.4476481721797,1088.7499702881469,1097.7564697265625,768815,0.0,0.0,TATACONSUM.NS,1185
2024-10-16 00:00:00+05:30,1097.7070772412499,1102.431833159863,1084.8125860809332,1096.4766845703125,738403,0.0,0.0,TATACONSUM.NS,1186
2024-10-17 00:00:00+05:30,1095.5417267929522,1099.4789836727111,1070.5893853485882,1073.0501708984375,975432,0.0,0.0,TATACONSUM.NS,1187
2024-10-18 00:00:00+05:30,1073.050090607301,1080.9246037776072,1055.2340285905898,1076.1014404296875,953926,0.0,0.0,TATACONSUM.NS,1188
2024-10-21 00:00:00+05:30,1030.5769000669552,1042.8315629940764,970.8782237062775,1001.0966796875,11484692,0.0,0.0,TATACONSUM.NS,1189
2024-10-22 00:00:00+05:30,1007.2486715510491,1007.7900323254511,978.9004356561973,982.5916137695312,2742491,0.0,0.0,TATACONSUM.NS,1190
2024-10-23 00:00:00+05:30,984.3141661904514,1000.8506321668972,979.3925953594992,998.6359252929688,1936612,0.0,0.0,TATACONSUM.NS,1191
2024-10-24 00:00:00+05:30,1001.9826403089763,1006.067508145037,979.294210277118,980.8198852539062,2014701,0.0,0.0,TATACONSUM.NS,1192
2024-10-25 00:00:00+05:30,981.2627936014824,987.8084466085313,955.2768761842203,957.786865234375,2258366,0.0,0.0,TATACONSUM.NS,1193
2024-10-28 00:00:00+05:30,957.7868926852976,967.9253166374934,948.8788614476346,960.5922241210938,2364081,0.0,0.0,TATACONSUM.NS,1194
2024-10-29 00:00:00+05:30,966.5964854750108,979.6878515213898,958.525097511499,976.4888305664062,1256095,0.0,0.0,TATACONSUM.NS,1195
2024-10-30 00:00:00+05:30,975.7014485539646,1010.8906811247633,972.6500985719407,1006.6581420898438,2048134,0.0,0.0,TATACONSUM.NS,1196
2024-10-31 00:00:00+05:30,1008.922022815478,1011.7765579355271,981.4596334804174,986.8241577148438,1381633,0.0,0.0,TATACONSUM.NS,1197
2024-11-01 00:00:00+05:30,986.8241785376551,996.1259596427586,984.3141893703149,988.349853515625,212772,0.0,0.0,TATACONSUM.NS,1198
2024-11-04 00:00:00+05:30,982.3455937537702,985.2493327248093,960.739884560966,978.9989013671875,1427199,0.0,0.0,TATACONSUM.NS,1199
2024-11-05 00:00:00+05:30,969.6478880389897,997.208685458503,969.6478880389897,985.0524291992188,1163041,0.0,0.0,TATACONSUM.NS,1200
2024-11-06 00:00:00+05:30,986.2828263899037,994.7971682336594,982.247162209237,991.2536010742188,683591,0.0,0.0,TATACONSUM.NS,1201
2024-11-07 00:00:00+05:30,991.6965346024134,994.157320048077,968.1221980174026,969.4017944335938,1144864,0.0,0.0,TATACONSUM.NS,1202
2024-11-08 00:00:00+05:30,973.4867637094598,981.6565597209918,960.1001143467884,977.3748168945312,973252,0.0,0.0,TATACONSUM.NS,1203
2024-11-11 00:00:00+05:30,977.6208998661533,982.2963924328975,957.9838190702732,960.6414794921875,1108758,0.0,0.0,TATACONSUM.NS,1204
2024-11-12 00:00:00+05:30,960.6414320545778,970.8782634380159,950.4045405933703,952.3731689453125,968082,0.0,0.0,TATACONSUM.NS,1205
2024-11-13 00:00:00+05:30,949.8632078989069,954.7355752295903,935.0984948227581,937.8053588867188,948691,0.0,0.0,TATACONSUM.NS,1206
2024-11-14 00:00:00+05:30,935.0984546558277,940.2661040105047,907.5376580975507,910.4906005859375,1950720,0.0,0.0,TATACONSUM.NS,1207
2024-11-18 00:00:00+05:30,915.2152801715267,927.7160818308488,901.6317569836153,916.150390625,2193819,0.0,0.0,TATACONSUM.NS,1208
2024-11-19 00:00:00+05:30,920.3337784111441,925.7475065194449,900.6966980754804,902.7637939453125,1844903,0.0,0.0,TATACONSUM.NS,1209
2024-11-21 00:00:00+05:30,902.763755140218,907.5376547812244,886.3749003584519,897.3992309570312,1550618,0.0,0.0,TATACONSUM.NS,1210
2024-11-22 00:00:00+05:30,901.8778716372306,933.6220040904919,898.5311793784919,930.373779296875,1427895,0.0,0.0,TATACONSUM.NS,1211
2024-11-25 00:00:00+05:30,935.0984427381736,947.6484481538702,931.751750596214,940.7090454101562,2468847,0.0,0.0,TATACONSUM.NS,1212
2024-11-26 00:00:00+05:30,944.9416097736824,952.2747624067509,937.0178926656133,948.4359130859375,638057,0.0,0.0,TATACONSUM.NS,1213
2024-11-27 00:00:00+05:30,948.8788365830001,949.9615581123093,937.7560987506408,944.9907836914062,786040,0.0,0.0,TATACONSUM.NS,1214
2024-11-28 00:00:00+05:30,944.941583507711,957.442385221752,923.5819544482852,926.288818359375,1834887,0.0,0.0,TATACONSUM.NS,1215
2024-11-29 00:00:00+05:30,927.0271232980433,949.2726607867191,926.7318410466684,943.6128540039062,1482253,0.0,0.0,TATACONSUM.NS,1216
2024-12-02 00:00:00+05:30,943.612850990127,947.7469226517164,932.4408485469843,941.9887084960938,916920,0.0,0.0,TATACONSUM.NS,1217
2024-12-03 00:00:00+05:30,943.0222269233413,944.695573113726,933.7697092974139,940.0200805664062,1346981,0.0,0.0,TATACONSUM.NS,1218
2024-12-04 00:00:00+05:30,941.0043569779368,948.7311992672021,934.7539859600804,946.122802734375,1236061,0.0,0.0,TATACONSUM.NS,1219
2024-12-05 00:00:00+05:30,949.8631987094865,955.7198801885862,931.4073075428514,951.2904663085938,2043341,0.0,0.0,TATACONSUM.NS,1220
2024-12-06 00:00:00+05:30,954.7847678500035,961.0844027205345,948.9772900763024,959.1649780273438,1893714,0.0,0.0,TATACONSUM.NS,1221
2024-12-09 00:00:00+05:30,958.7220024628416,958.7220024628416,916.8886501993192,919.3002319335938,3679131,0.0,0.0,TATACONSUM.NS,1222
2024-12-10 00:00:00+05:30,923.7788259806194,923.8772333641081,910.6874598549452,912.213134765625,1990270,0.0,0.0,TATACONSUM.NS,1223
2024-12-11 00:00:00+05:30,916.7902239670204,928.1590403917286,914.8215956656763,920.3829345703125,1356603,0.0,0.0,TATACONSUM.NS,1224
2024-12-12 00:00:00+05:30,922.3023868141537,923.7296543909462,901.6317890306988,906.7994384765625,1913140,0.0,0.0,TATACONSUM.NS,1225
2024-12-13 00:00:00+05:30,904.83084773347,916.3965398312326,893.1667482447077,915.116943359375,1278151,0.0,0.0,TATACONSUM.NS,1226
2024-12-16 00:00:00+05:30,915.1168866268513,919.9892537347207,902.6160847784876,905.9135131835938,848667,0.0,0.0,TATACONSUM.NS,1227
2024-12-17 00:00:00+05:30,905.9135387572643,907.5376811983259,885.882769065611,890.7059326171875,1597108,0.0,0.0,TATACONSUM.NS,1228
2024-12-18 00:00:00+05:30,890.8043169948701,902.5176795588383,890.2629562210899,895.0860595703125,1154541,0.0,0.0,TATACONSUM.NS,1229
2024-12-19 00:00:00+05:30,893.7573057489318,903.6004478827307,886.9655136455019,892.8713989257812,2589001,0.0,0.0,TATACONSUM.NS,1230
2024-12-20 00:00:00+05:30,892.7729934825612,902.1239785300633,869.0510449194807,875.498291015625,2441036,0.0,0.0,TATACONSUM.NS,1231
2024-12-23 00:00:00+05:30,880.9120217567046,891.7886818542734,876.0396543601582,888.5896606445312,1054695,0.0,0.0,TATACONSUM.NS,1232
2024-12-24 00:00:00+05:30,890.7551230288377,898.629636414225,882.7329384863666,893.0682373046875,1038280,0.0,0.0,TATACONSUM.NS,1233
2024-12-26 00:00:00+05:30,893.7572740362973,897.0547025030105,884.5046967277211,886.81787109375,595956,0.0,0.0,TATACONSUM.NS,1234
2024-12-27 00:00:00+05:30,887.8513874800994,897.103964773195,884.8984449496778,893.7080688476562,870974,0.0,0.0,TATACONSUM.NS,1235
2024-12-30 00:00:00+05:30,893.7080297348665,897.6944899609158,884.6031239978726,889.3278198242188,1830048,0.0,0.0,TATACONSUM.NS,1236
2024-12-31 00:00:00+05:30,884.8984885341387,902.7638157542295,879.0910105738291,900.3522338867188,1120133,0.0,0.0,TATACONSUM.NS,1237
2025-01-01 00:00:00+05:30,898.6788374205269,908.0298220377174,896.7102090800656,905.8643188476562,641424,0.0,0.0,TATACONSUM.NS,1238
2025-01-02 00:00:00+05:30,906.5534068928462,916.6426277621748,898.7280967396172,915.0677490234375,1705632,0.0,0.0,TATACONSUM.NS,1239
2025-01-03 00:00:00+05:30,918.0698077964516,927.1255098743877,911.4748910615543,924.7139282226562,1832664,0.0,0.0,TATACONSUM.NS,1240
2025-01-06 00:00:00+05:30,920.3337563918033,940.0200399509862,914.5262787107364,932.047119140625,2692614,0.0,0.0,TATACONSUM.NS,1241
2025-01-07 00:00:00+05:30,937.0671379049411,956.7534223147087,934.8524309088422,940.0200805664062,2413582,0.0,0.0,TATACONSUM.NS,1242
2025-01-08 00:00:00+05:30,940.0200300174156,948.7311863691918,930.6198417327952,946.5164794921875,1235226,0.0,0.0,TATACONSUM.NS,1243
2025-01-09 00:00:00+05:30,942.4316401625202,967.3839810314334,939.5279012651096,954.8831787109375,2130681,0.0,0.0,TATACONSUM.NS,1244
2025-01-10 00:00:00+05:30,950.060068702709,964.6279067068089,943.9573087059487,957.5408325195312,1443387,0.0,0.0,TATACONSUM.NS,1245
2025-01-13 00:00:00+05:30,930.373789878945,953.8496594174959,930.1769150242322,950.30615234375,1876479,0.0,0.0,TATACONSUM.NS,1246
2025-01-14 00:00:00+05:30,950.5522254975965,961.6749638313715,943.5635587004709,948.042236328125,1558290,0.0,0.0,TATACONSUM.NS,1247
2025-01-15 00:00:00+05:30,948.0422251713804,948.0422251713804,929.7831490957171,940.5614013671875,3190709,0.0,0.0,TATACONSUM.NS,1248
2025-01-16 00:00:00+05:30,944.9416501440415,944.9416501440415,911.5241703968306,922.991455078125,2019985,0.0,0.0,TATACONSUM.NS,1249
2025-01-17 00:00:00+05:30,927.2239749441558,944.3018022562334,920.678261493325,939.4786987304688,677451,0.0,0.0,TATACONSUM.NS,1250
2025-01-20 00:00:00+05:30,944.9415952084573,953.4066729677589,929.6355220099574,945.2368774414062,702848,0.0,0.0,TATACONSUM.NS,1251
2025-01-21 00:00:00+05:30,945.9751467819659,962.6592844326254,942.87459310883,956.851806640625,2281022,0.0,0.0,TATACONSUM.NS,1252
2025-01-22 00:00:00+05:30,961.5765708848958,966.3012670532889,943.1206795413515,952.2255859375,1759236,0.0,0.0,TATACONSUM.NS,1253
2025-01-23 00:00:00+05:30,952.1763482735333,977.9161894708868,946.0736480974834,968.466796875,1235360,0.0,0.0,TATACONSUM.NS,1254
2025-01-24 00:00:00+05:30,973.2406725719496,988.2514642348798,970.9275582156558,976.7841796875,2201712,0.0,0.0,TATACONSUM.NS,1255
2025-01-27 00:00:00+05:30,973.5359397331777,982.7393134764687,944.9416244666928,950.650634765625,1806238,0.0,0.0,TATACONSUM.NS,1256
2025-01-28 00:00:00+05:30,955.7198565465499,963.8896521519933,942.972976013898,946.1719970703125,1647098,0.0,0.0,TATACONSUM.NS,1257
2025-01-29 00:00:00+05:30,946.1720124959077,951.4873331381762,923.2867076423005,945.4337768554688,1479070,0.0,0.0,TATACONSUM.NS,1258
2025-01-30 00:00:00+05:30,950.7982634123317,959.7062944374541,938.0513831783525,951.5364990234375,1706978,0.0,0.0,TATACONSUM.NS,1259
2025-01-31 00:00:00+05:30,954.7847802692731,1015.0247616426019,952.717744466809,1008.5775756835938,5028986,0.0,0.0,TATACONSUM.NS,1260
2025-02-01 00:00:00+05:30,1009.9063295030209,1058.1377234071613,998.8327951882948,1053.0684814453125,3077657,0.0,0.0,TATACONSUM.NS,1261
2025-02-03 00:00:00+05:30,1050.6077448757715,1057.5963517147982,1017.4364041600227,1020.0448608398438,1298543,0.0,0.0,TATACONSUM.NS,1262
2025-02-04 00:00:00+05:30,1023.6867927280933,1027.427234840664,1003.0653977244104,1017.9777221679688,2251233,0.0,0.0,TATACONSUM.NS,1263
2025-02-05 00:00:00+05:30,1018.8636159077539,1019.0112870705318,994.6987140401095,999.3742065429688,1628436,0.0,0.0,TATACONSUM.NS,1264
2025-02-06 00:00:00+05:30,1004.3941729104899,1010.2016503700448,994.304952971237,1007.2978515625,1172479,0.0,0.0,TATACONSUM.NS,1265
2025-02-07 00:00:00+05:30,1015.7138142407507,1015.7138142407507,996.667299038593,1005.181640625,941811,0.0,0.0,TATACONSUM.NS,1266
2025-02-10 00:00:00+05:30,1004.0004562043796,1020.586125984099,999.8663246632782,1011.3828125,1418998,0.0,0.0,TATACONSUM.NS,1267
2025-02-11 00:00:00+05:30,1013.7451994451739,1019.2080710585672,993.2714164100357,997.897705078125,1204012,0.0,0.0,TATACONSUM.NS,1268
2025-02-12 00:00:00+05:30,1003.016156668222,1022.7024404104835,994.2065326780059,1013.5975341796875,1082392,0.0,0.0,TATACONSUM.NS,1269
2025-02-13 00:00:00+05:30,1013.5975263246935,1020.7338041259599,1000.899849378229,1006.7565307617188,1169309,0.0,0.0,TATACONSUM.NS,1270
2025-02-14 00:00:00+05:30,1011.7765538390713,1021.5704317147774,1002.0318195782733,1006.5104370117188,2032391,0.0,0.0,TATACONSUM.NS,1271
2025-02-17 00:00:00+05:30,1005.969070192249,1011.3335342949538,989.2849331867162,1007.199462890625,925113,0.0,0.0,TATACONSUM.NS,1272
2025-02-18 00:00:00+05:30,1003.1145275722047,1011.8256837802195,1002.573166804536,1010.8413696289062,789814,0.0,0.0,TATACONSUM.NS,1273
2025-02-19 00:00:00+05:30,1007.9376897340218,1016.6488459315729,1005.2800295131148,1009.2173461914062,782204,0.0,0.0,TATACONSUM.NS,1274
2025-02-20 00:00:00+05:30,1004.0004481598043,1014.0896683496454,987.9069355954091,993.0745849609375,878748,0.0,0.0,TATACONSUM.NS,1275
2025-02-21 00:00:00+05:30,992.1886603974726,997.7500593603711,975.8982732765398,988.2514038085938,1330146,0.0,0.0,TATACONSUM.NS,1276
2025-02-24 00:00:00+05:30,974.4709943579015,995.2399985903822,974.4709943579015,986.676513671875,1002365,0.0,0.0,TATACONSUM.NS,1277
2025-02-25 00:00:00+05:30,978.4083493496082,994.1573771057388,977.5717062811731,989.088134765625,1663313,0.0,0.0,TATACONSUM.NS,1278
2025-02-27 00:00:00+05:30,989.2357780819848,994.305020279384,982.5916571844192,992.188720703125,1362115,0.0,0.0,TATACONSUM.NS,1279
2025-02-28 00:00:00+05:30,979.3926409855408,985.7906833638383,942.3331868709089,948.5836181640625,5082193,0.0,0.0,TATACONSUM.NS,1280
2025-03-03 00:00:00+05:30,948.5835838076507,954.7847511033868,933.5235889243575,938.9373168945312,1323481,0.0,0.0,TATACONSUM.NS,1281
2025-03-04 00:00:00+05:30,930.2753063966907,942.8253121769832,928.3559418101559,939.5770874023438,1916433,0.0,0.0,TATACONSUM.NS,1282
2025-03-05 00:00:00+05:30,933.6220132849704,950.7983079909017,933.1298561878249,941.7918090820312,2773457,0.0,0.0,TATACONSUM.NS,1283
2025-03-06 00:00:00+05:30,948.8788804923836,949.8631946837656,928.2574861673736,943.1206665039062,2421530,0.0,0.0,TATACONSUM.NS,1284
2025-03-07 00:00:00+05:30,941.9886372020908,952.2255283459479,935.2461093368194,946.9594116210938,945675,0.0,0.0,TATACONSUM.NS,1285
2025-03-10 00:00:00+05:30,944.941595800618,954.0957054943827,938.0513966645718,942.283935546875,1660207,0.0,0.0,TATACONSUM.NS,1286
2025-03-11 00:00:00+05:30,941.004359735885,947.3039945434675,915.5105983437315,944.7939453125,2748541,0.0,0.0,TATACONSUM.NS,1287
2025-03-12 00:00:00+05:30,936.7225716712261,946.6641204149474,928.5527162792032,930.6198120117188,1619168,0.0,0.0,TATACONSUM.NS,1288
2025-03-13 00:00:00+05:30,935.0984929780215,940.0200639936953,925.4030221082526,931.2596435546875,907521,0.0,0.0,TATACONSUM.NS,1289
2025-03-17 00:00:00+05:30,931.2596424169103,941.4965341481133,919.9400290946904,925.6983032226562,993027,0.0,0.0,TATACONSUM.NS,1290
2025-03-18 00:00:00+05:30,925.6983032226562,925.6983032226562,925.6983032226562,925.6983032226562,0,0.0,0.0,TATACONSUM.NS,1291
2025-03-19 00:00:00+05:30,932.6376913577661,944.7939475253582,930.4229844389746,934.9508056640625,1650477,0.0,0.0,TATACONSUM.NS,1292
2025-03-20 00:00:00+05:30,938.149823275149,952.5208463857824,935.344551886235,950.6998291015625,2403031,0.0,0.0,TATACONSUM.NS,1293
2025-03-21 00:00:00+05:30,952.816127149208,956.9010550312139,941.5949214553925,946.122802734375,3155551,0.0,0.0,TATACONSUM.NS,1294
2025-03-24 00:00:00+05:30,950.1092763404794,960.8383250927596,941.4965271377038,955.2277221679688,1475967,0.0,0.0,TATACONSUM.NS,1295
2025-03-25 00:00:00+05:30,963.6435502905599,964.5294570543141,943.9572673428466,955.4737548828125,1569597,0.0,0.0,TATACONSUM.NS,1296
2025-03-26 00:00:00+05:30,959.7063052466256,960.9859016380674,941.9394466881263,944.5971069335938,1399118,0.0,0.0,TATACONSUM.NS,1297
2025-03-27 00:00:00+05:30,947.8945502071609,965.0216408775259,937.5592513731265,958.279052734375,2585170,0.0,0.0,TATACONSUM.NS,1298
2025-03-28 00:00:00+05:30,960.1984691866589,999.0788787539301,959.706312103529,986.1843872070312,2313101,0.0,0.0,TATACONSUM.NS,1299
2025-04-01 00:00:00+05:30,987.267168948019,998.6359862458739,973.7328483368174,976.685791015625,1045548,0.0,0.0,TATACONSUM.NS,1300
2025-04-02 00:00:00+05:30,1002.0318435018778,1056.316795007572,999.0789009375304,1046.0306396484375,8717812,0.0,0.0,TATACONSUM.NS,1301
2025-04-03 00:00:00+05:30,1033.4314352186288,1058.38377453032,1031.659621711956,1054.200439453125,1595000,0.0,0.0,TATACONSUM.NS,1302
2025-04-04 00:00:00+05:30,1048.7374716408892,1078.3654239228704,1046.2275426311628,1070.7861328125,4089261,0.0,0.0,TATACONSUM.NS,1303
2025-04-07 00:00:00+05:30,1003.0161049831519,1060.7952967271315,1003.0161049831519,1030.92138671875,3200820,0.0,0.0,TATACONSUM.NS,1304
2025-04-08 00:00:00+05:30,1039.43577281491,1056.661270943945,1028.3622383033876,1052.9700927734375,1444712,0.0,0.0,TATACONSUM.NS,1305
2025-04-09 00:00:00+05:30,1045.341653717524,1075.8061293676978,1043.4222891387328,1072.6563720703125,2274161,0.0,0.0,TATACONSUM.NS,1306
2025-04-11 00:00:00+05:30,1107.3533546875767,1108.3376687806322,1076.5935392795884,1080.678466796875,1888677,0.0,0.0,TATACONSUM.NS,1307
2025-04-15 00:00:00+05:30,1090.915448646768,1093.573048858105,1076.938115262909,1086.09228515625,1023355,0.0,0.0,TATACONSUM.NS,1308
2025-04-16 00:00:00+05:30,1076.9380241663014,1091.5059207920094,1069.7526033870831,1088.552978515625,679360,0.0,0.0,TATACONSUM.NS,1309
2025-04-17 00:00:00+05:30,1086.6829412560842,1116.015554218151,1077.331955801435,1102.6287841796875,1541674,0.0,0.0,TATACONSUM.NS,1310
2025-04-21 00:00:00+05:30,1102.6287603137432,1111.782930780797,1085.1080389870638,1103.416259765625,692767,0.0,0.0,TATACONSUM.NS,1311
2025-04-22 00:00:00+05:30,1104.1051604431657,1130.9769854441322,1100.6600608356334,1118.869873046875,1231830,0.0,0.0,TATACONSUM.NS,1312
2025-04-23 00:00:00+05:30,1125.0710858717594,1138.4577344284523,1114.834194567628,1132.0596923828125,1760325,0.0,0.0,TATACONSUM.NS,1313
2025-04-24 00:00:00+05:30,1132.945622318905,1150.5648701897246,1081.0723130429744,1143.0841064453125,5766752,0.0,0.0,TATACONSUM.NS,1314
2025-04-25 00:00:00+05:30,1142.001190871765,1146.7259466971936,1112.963924410334,1137.57177734375,1451946,0.0,0.0,TATACONSUM.NS,1315
2025-04-28 00:00:00+05:30,1128.1224767556068,1144.2652536118633,1127.0397551703943,1137.0797119140625,663435,0.0,0.0,TATACONSUM.NS,1316
2025-04-29 00:00:00+05:30,1137.0796435590887,1155.6832047886396,1131.862850723745,1150.5648193359375,1439143,0.0,0.0,TATACONSUM.NS,1317
2025-04-30 00:00:00+05:30,1156.273850116613,1161.9829205755586,1134.323715408723,1147.5135498046875,1477319,0.0,0.0,TATACONSUM.NS,1318
2025-05-02 00:00:00+05:30,1138.8514950680294,1157.7502790760873,1132.945610046069,1136.5875244140625,825657,0.0,0.0,TATACONSUM.NS,1319
2025-05-05 00:00:00+05:30,1137.3751203362099,1155.1911842999816,1134.914334701558,1143.281005859375,1359727,0.0,0.0,TATACONSUM.NS,1320
2025-05-06 00:00:00+05:30,1143.2809225231288,1155.0926927084731,1134.5205022712237,1137.17822265625,1382140,0.0,0.0,TATACONSUM.NS,1321
2025-05-07 00:00:00+05:30,1122.1181627842768,1144.0684170132376,1118.5746557750133,1128.0240478515625,1792683,0.0,0.0,TATACONSUM.NS,1322
2025-05-08 00:00:00+05:30,1118.180912578405,1122.118169312836,1090.1279583455841,1098.49462890625,2692162,0.0,0.0,TATACONSUM.NS,1323
2025-05-09 00:00:00+05:30,1080.776907150052,1101.0537540545477,1069.3588873533438,1096.2305908203125,815694,0.0,0.0,TATACONSUM.NS,1324
2025-05-12 00:00:00+05:30,1105.3848932657272,1136.882948995472,1105.3848932657272,1127.63037109375,748637,0.0,0.0,TATACONSUM.NS,1325
2025-05-13 00:00:00+05:30,1127.3350940721182,1132.2566650404667,1098.691454911897,1101.0538330078125,1096797,0.0,0.0,TATACONSUM.NS,1326
2025-05-14 00:00:00+05:30,1101.0538699235233,1111.192354520457,1098.2978621821705,1102.82568359375,1386813,0.0,0.0,TATACONSUM.NS,1327
2025-05-15 00:00:00+05:30,1102.8256517749505,1141.0169705745752,1088.1593461895907,1129.2052001953125,2064096,0.0,0.0,TATACONSUM.NS,1328
2025-05-16 00:00:00+05:30,1136.7844634315586,1155.0926830344004,1126.0554149052869,1149.678955078125,1336653,0.0,0.0,TATACONSUM.NS,1329
2025-05-19 00:00:00+05:30,1149.6789660316772,1151.35225208098,1125.0711114505198,1131.2723388671875,786128,0.0,0.0,TATACONSUM.NS,1330
2025-05-20 00:00:00+05:30,1130.9770252530323,1137.0797252818236,1109.1252978926059,1110.798583984375,825451,0.0,0.0,TATACONSUM.NS,1331
2025-05-21 00:00:00+05:30,1110.7985278243766,1135.4063817859267,1106.1722993418198,1120.93701171875,619421,0.0,0.0,TATACONSUM.NS,1332
2025-05-22 00:00:00+05:30,1120.937031045611,1120.937031045611,1098.0024626958007,1109.0267333984375,1414277,0.0,0.0,TATACONSUM.NS,1333
2025-05-23 00:00:00+05:30,1108.8300196652183,1133.930033425949,1106.3692340024015,1122.90576171875,897235,0.0,0.0,TATACONSUM.NS,1334
2025-05-26 00:00:00+05:30,1119.1652875409056,1135.3080650598522,1119.1652875409056,1128.3194580078125,616370,0.0,0.0,TATACONSUM.NS,1335
2025-05-27 00:00:00+05:30,1128.6146635234777,1131.7645411289052,1109.5189435752582,1120.5433349609375,901912,0.0,0.0,TATACONSUM.NS,1336
2025-05-28 00:00:00+05:30,1120.5432774476124,1120.937027147524,1101.447558479505,1103.8099365234375,492483,0.0,0.0,TATACONSUM.NS,1337
2025-05-29 00:00:00+05:30,1106.3384350763479,1108.7183215786372,1088.985272522652,1100.488037109375,2556089,8.25,0.0,TATACONSUM.NS,1338
2025-05-30 00:00:00+05:30,1100.4880887282181,1110.4041820811626,1092.3568195511666,1097.0174560546875,2475644,0.0,0.0,TATACONSUM.NS,1339
2025-06-02 00:00:00+05:30,1090.7702904573898,1115.5605243314214,1089.9769545549955,1110.9991455078125,907133,0.0,0.0,TATACONSUM.NS,1340
2025-06-03 00:00:00+05:30,1106.7350945859268,1113.77549627354,1100.7854388984697,1105.2476806640625,795876,0.0,0.0,TATACONSUM.NS,1341
2025-06-04 00:00:00+05:30,1100.6863773377404,1116.4529901953044,1100.6863773377404,1114.965576171875,635699,0.0,0.0,TATACONSUM.NS,1342
2025-06-05 00:00:00+05:30,1115.0646878775588,1117.6428479177744,1098.9014074338752,1102.5704345703125,1044950,0.0,0.0,TATACONSUM.NS,1343
2025-06-06 00:00:00+05:30,1102.5704736623532,1114.469786004684,1100.091450257701,1106.2393798828125,503186,0.0,0.0,TATACONSUM.NS,1344
2025-06-09 00:00:00+05:30,1106.2393702296852,1113.0814989760333,1100.884655513149,1111.7923583984375,467790,0.0,0.0,TATACONSUM.NS,1345
2025-06-10 00:00:00+05:30,1111.7923229258022,1119.1302561146317,1103.3636436924578,1105.7435302734375,460271,0.0,0.0,TATACONSUM.NS,1346
2025-06-11 00:00:00+05:30,1105.842624035871,1109.6107877298725,1092.7534299180693,1095.0341796875,862130,0.0,0.0,TATACONSUM.NS,1347
2025-06-12 00:00:00+05:30,1099.5955892802494,1099.5955892802494,1070.93805598045,1075.9952392578125,941294,0.0,0.0,TATACONSUM.NS,1348
2025-06-13 00:00:00+05:30,1057.6505235846978,1071.5330546826865,1057.6505235846978,1069.3515625,614108,0.0,0.0,TATACONSUM.NS,1349
2025-06-16 00:00:00+05:30,1064.9884184188031,1075.8961210283067,1064.5917504783363,1074.3095703125,439929,0.0,0.0,TATACONSUM.NS,1350
2025-06-17 00:00:00+05:30,1074.3095588736614,1084.8205934307807,1056.5597278797961,1062.6085205078125,664517,0.0,0.0,TATACONSUM.NS,1351
2025-06-18 00:00:00+05:30,1057.4522108516571,1066.773362737575,1050.1142776203576,1056.26220703125,545933,0.0,0.0,TATACONSUM.NS,1352
2025-06-19 00:00:00+05:30,1056.2621852068485,1082.4406951161232,1052.692415911506,1079.16845703125,2816398,0.0,0.0,TATACONSUM.NS,1353
2025-06-20 00:00:00+05:30,1079.1684520000695,1093.7450603239513,1073.615343070917,1090.968505859375,2084108,0.0,0.0,TATACONSUM.NS,1354
2025-06-23 00:00:00+05:30,1080.854185177381,1102.6695907497685,1080.854185177381,1100.0914306640625,758904,0.0,0.0,TATACONSUM.NS,1355
2025-06-24 00:00:00+05:30,1102.6696083148433,1107.5285183880335,1095.1334013880914,1098.4056396484375,1134930,0.0,0.0,TATACONSUM.NS,1356
2025-06-25 00:00:00+05:30,1098.405668752515,1124.3859073004219,1097.314922636832,1117.0479736328125,1564437,0.0,0.0,TATACONSUM.NS,1357
2025-06-26 00:00:00+05:30,1112.5856250113902,1140.3506851721022,1109.7099338569624,1135.789306640625,2236678,0.0,0.0,TATACONSUM.NS,1358
2025-06-27 00:00:00+05:30,1134.4011111079744,1137.5742126506898,1110.6024863994155,1114.866455078125,622376,0.0,0.0,TATACONSUM.NS,1359
2025-06-30 00:00:00+05:30,1114.5689365108865,1117.246233402584,1081.449159206065,1089.6795654296875,1836286,0.0,0.0,TATACONSUM.NS,1360
2025-07-01 00:00:00+05:30,1089.6794635392282,1091.4642876181144,1076.7885428810334,1086.4071044921875,971874,0.0,0.0,TATACONSUM.NS,1361
2025-07-02 00:00:00+05:30,1084.8206455445006,1089.0846142333485,1074.9045518923572,1086.6055908203125,1230645,0.0,0.0,TATACONSUM.NS,1362
2025-07-03 00:00:00+05:30,1086.8038750095945,1096.5216953031068,1077.5818594035866,1080.25927734375,730322,0.0,0.0,TATACONSUM.NS,1363
2025-07-04 00:00:00+05:30,1081.8457811749804,1085.8122185028446,1072.9212971872857,1080.556640625,573351,0.0,0.0,TATACONSUM.NS,1364
2025-07-07 00:00:00+05:30,1075.8960757259106,1098.9013627515817,1075.8960757259106,1092.654296875,1152136,0.0,0.0,TATACONSUM.NS,1365
2025-07-08 00:00:00+05:30,1098.7031540619648,1099.298095459645,1084.3248185620564,1090.671142578125,605639,0.0,0.0,TATACONSUM.NS,1366
2025-07-09 00:00:00+05:30,1090.7702215155286,1098.1081544876627,1082.440679251108,1088.6878662109375,752158,0.0,0.0,TATACONSUM.NS,1367
2025-07-10 00:00:00+05:30,1088.6879117381645,1094.4391732463034,1071.0372171789118,1079.763427734375,533377,0.0,0.0,TATACONSUM.NS,1368
2025-07-11 00:00:00+05:30,1074.8054169438985,1092.5552488198252,1064.988460002816,1067.7650146484375,983485,0.0,0.0,TATACONSUM.NS,1369
2025-07-14 00:00:00+05:30,1067.764931212477,1074.4086650328363,1061.0219396263358,1062.806884765625,770739,0.0,0.0,TATACONSUM.NS,1370
2025-07-15 00:00:00+05:30,1062.806929153094,1075.8961239010232,1058.5429606122968,1072.7230224609375,538506,0.0,0.0,TATACONSUM.NS,1371
2025-07-16 00:00:00+05:30,1072.7230683397597,1080.7550800534184,1059.2370840274675,1072.425537109375,1753658,0.0,0.0,TATACONSUM.NS,1372
2025-07-17 00:00:00+05:30,1072.4254521668308,1100.3887858576127,1070.9380382248519,1096.5216064453125,1193262,0.0,0.0,TATACONSUM.NS,1373
2025-07-18 00:00:00+05:30,1096.7199421494333,1099.0006920750411,1084.3248252625726,1086.7047119140625,844437,0.0,0.0,TATACONSUM.NS,1374
2025-07-21 00:00:00+05:30,1086.6055848772874,1086.6055848772874,1067.9632804947928,1081.1517333984375,805610,0.0,0.0,TATACONSUM.NS,1375
2025-07-22 00:00:00+05:30,1080.7550594743432,1081.151727425281,1066.2775871105944,1075.6978759765625,961735,0.0,0.0,TATACONSUM.NS,1376
2025-07-23 00:00:00+05:30,1075.8961559108811,1077.879374631454,1042.1814376611392,1053.68408203125,1508414,0.0,0.0,TATACONSUM.NS,1377
2025-07-24 00:00:00+05:30,1074.904560545757,1095.2325526962995,1056.559787141609,1063.798583984375,6264546,0.0,0.0,TATACONSUM.NS,1378
2025-07-25 00:00:00+05:30,1068.954811409823,1070.7397565448848,1041.1897513732042,1045.5528564453125,1180451,0.0,0.0,TATACONSUM.NS,1379
2025-07-28 00:00:00+05:30,1039.2065390711946,1062.0135528103524,1035.636769825581,1051.0067138671875,1219854,0.0,0.0,TATACONSUM.NS,1380
2025-07-29 00:00:00+05:30,1051.0068173371699,1067.169977776786,1045.1562977232436,1052.6925048828125,944513,0.0,0.0,TATACONSUM.NS,1381
2025-07-30 00:00:00+05:30,1047.1394519405721,1073.91290383678,1047.1394519405721,1064.095947265625,1175543,0.0,0.0,TATACONSUM.NS,1382
2025-07-31 00:00:00+05:30,1059.7328264422113,1070.6405289063894,1045.6520225886961,1064.195068359375,1114320,0.0,0.0,TATACONSUM.NS,1383
2025-08-01 00:00:00+05:30,1058.1463418098976,1080.7550840201297,1058.0472050814276,1061.418701171875,1040166,0.0,0.0,TATACONSUM.NS,1384
2025-08-04 00:00:00+05:30,1061.4186056419817,1066.57492551901,1051.1058448418692,1063.60009765625,663828,0.0,0.0,TATACONSUM.NS,1385
2025-08-05 00:00:00+05:30,1063.6001107263014,1063.9967786554216,1050.2133851793787,1055.667236328125,861402,0.0,0.0,TATACONSUM.NS,1386
2025-08-06 00:00:00+05:30,1052.0974563507054,1058.344643294113,1041.78469552882,1043.96630859375,598309,0.0,0.0,TATACONSUM.NS,1387
2025-08-07 00:00:00+05:30,1042.1813634539033,1047.6352145471444,1029.9845207724143,1043.96630859375,600790,0.0,0.0,TATACONSUM.NS,1388
2025-08-08 00:00:00+05:30,1043.173005805483,1053.0890990165617,1034.2485219155121,1042.181396484375,843741,0.0,0.0,TATACONSUM.NS,1389
2025-08-11 00:00:00+05:30,1039.2065399537375,1053.9815426412988,1028.9929158086704,1050.21337890625,617689,0.0,0.0,TATACONSUM.NS,1390
2025-08-12 00:00:00+05:30,1046.9412078484502,1053.9816100760181,1036.2317783712592,1038.0167236328125,651741,0.0,0.0,TATACONSUM.NS,1391
2025-08-13 00:00:00+05:30,1039.008362191729,1049.8168076531467,1034.4468621831275,1047.2386474609375,501792,0.0,0.0,TATACONSUM.NS,1392
2025-08-14 00:00:00+05:30,1048.3292944201073,1050.5109074887594,1036.6283774095507,1042.379638671875,767620,0.0,0.0,TATACONSUM.NS,1393
2025-08-18 00:00:00+05:30,1052.0975323862906,1080.854203865275,1050.114313663602,1062.3111572265625,1099268,0.0,0.0,TATACONSUM.NS,1394
2025-08-19 00:00:00+05:30,1067.6657114338234,1083.7298551208135,1060.030368052431,1076.689453125,667231,0.0,0.0,TATACONSUM.NS,1395
2025-08-20 00:00:00+05:30,1076.8877697546159,1097.612429680101,1069.8473674764828,1096.02587890625,871108,0.0,0.0,TATACONSUM.NS,1396
2025-08-21 00:00:00+05:30,1094.7367054028539,1094.7367054028539,1077.3835420472833,1078.9700927734375,614098,0.0,0.0,TATACONSUM.NS,1397
2025-08-22 00:00:00+05:30,1078.0776268565205,1082.5398688899434,1070.938088021469,1075.003662109375,394813,0.0,0.0,TATACONSUM.NS,1398
2025-08-25 00:00:00+05:30,1075.8961542320512,1082.143341610534,1070.045634806277,1072.524658203125,444715,0.0,0.0,TATACONSUM.NS,1399
2025-08-26 00:00:00+05:30,1065.0876064590898,1082.639165040392,1061.121168955437,1070.8389892578125,1201357,0.0,0.0,TATACONSUM.NS,1400
2025-08-28 00:00:00+05:30,1072.4255549781167,1076.0944613016395,1051.1059530992175,1053.48583984375,641975,0.0,0.0,TATACONSUM.NS,1401
2025-08-29 00:00:00+05:30,1056.0639033602793,1068.4590195969022,1046.346083812344,1056.4605712890625,1079893,0.0,0.0,TATACONSUM.NS,1402
2025-09-01 00:00:00+05:30,1050.2133821461618,1067.9632127700281,1048.1310268318662,1066.674072265625,807324,0.0,0.0,TATACONSUM.NS,1403
2025-09-02 00:00:00+05:30,1067.963248165785,1096.3232507880878,1065.0875569002305,1091.5635986328125,1649975,0.0,0.0,TATACONSUM.NS,1404
2025-09-03 00:00:00+05:30,1093.6460087824175,1097.3149150678814,1077.3835907505545,1095.1334228515625,1244093,0.0,0.0,TATACONSUM.NS,1405
2025-09-04 00:00:00+05:30,1116.5521726658453,1116.5521726658453,1058.2454921401786,1062.11279296875,2407789,0.0,0.0,TATACONSUM.NS,1406
2025-09-05 00:00:00+05:30,1064.9884061663035,1068.459038774853,1052.2957584937565,1063.40185546875,1130356,0.0,0.0,TATACONSUM.NS,1407
2025-09-08 00:00:00+05:30,1063.4018214224805,1072.2271682680196,1059.732794440419,1065.1866455078125,600835,0.0,0.0,TATACONSUM.NS,1408
2025-09-09 00:00:00+05:30,1065.1866763703108,1076.8877146905284,1059.1378837658833,1074.40869140625,779147,0.0,0.0,TATACONSUM.NS,1409
2025-09-10 00:00:00+05:30,1074.4086780461475,1093.745059423074,1072.6237328852392,1091.7618408203125,1200433,0.0,0.0,TATACONSUM.NS,1410
2025-09-11 00:00:00+05:30,1089.77869149201,1098.5049023172874,1085.118175897686,1096.02587890625,1030547,0.0,0.0,TATACONSUM.NS,1411
2025-09-12 00:00:00+05:30,1095.728319305587,1099.9922878805855,1086.010499367529,1094.6375732421875,1131972,0.0,0.0,TATACONSUM.NS,1412
2025-09-15 00:00:00+05:30,1094.6375291787663,1098.6039663740542,1081.4490770860116,1093.348388671875,1491729,0.0,0.0,TATACONSUM.NS,1413
2025-09-16 00:00:00+05:30,1093.745089327281,1096.1249759248751,1077.8793400714,1082.9365234375,641025,0.0,0.0,TATACONSUM.NS,1414
2025-09-17 00:00:00+05:30,1093.8442441907673,1129.2447704326548,1093.8442441907673,1126.7657470703125,3361334,0.0,0.0,TATACONSUM.NS,1415
2025-09-18 00:00:00+05:30,1126.7657281888678,1134.7977395390506,1113.5772757037826,1119.824462890625,1030976,0.0,0.0,TATACONSUM.NS,1416
2025-09-19 00:00:00+05:30,1119.0311464533852,1123.0967205609286,1105.0494788903402,1117.345458984375,1438338,0.0,0.0,TATACONSUM.NS,1417
2025-09-22 00:00:00+05:30,1110.6024457918038,1127.261530897105,1110.503309068356,1120.61767578125,701996,0.0,0.0,TATACONSUM.NS,1418
2025-09-23 00:00:00+05:30,1121.5101512525268,1125.0799206282034,1109.0158979146286,1119.0311279296875,1082761,0.0,0.0,TATACONSUM.NS,1419
2025-09-24 00:00:00+05:30,1115.5605362656763,1137.475079035549,1109.0159386621306,1130.5338134765625,1100753,0.0,0.0,TATACONSUM.NS,1420
2025-09-25 00:00:00+05:30,1135.3926564726867,1136.880070433131,1118.138630322318,1124.6832275390625,1023970,0.0,0.0,TATACONSUM.NS,1421
2025-09-26 00:00:00+05:30,1116.5521051510837,1127.3606710531437,1107.8258946320113,1109.61083984375,565909,0.0,0.0,TATACONSUM.NS,1422
2025-09-29 00:00:00+05:30,1109.6108176406876,1120.9151879813594,1093.7450686842524,1113.6763916015625,1372491,0.0,0.0,TATACONSUM.NS,1423
2025-09-30 00:00:00+05:30,1113.5772757037826,1123.691642434226,1104.652791748899,1119.824462890625,1377509,0.0,0.0,TATACONSUM.NS,1424
2025-10-01 00:00:00+05:30,1119.6261182325895,1140.1525048701,1112.6848526253868,1135.1944580078125,789835,0.0,0.0,TATACONSUM.NS,1425
2025-10-03 00:00:00+05:30,1136.3842453640111,1140.3506825206043,1119.6260241681928,1127.95556640625,1567152,0.0,0.0,TATACONSUM.NS,1426
2025-10-06 00:00:00+05:30,1123.4933472693647,1142.3339241432552,1122.7992691713816,1132.5169677734375,1472109,0.0,0.0,TATACONSUM.NS,1427
2025-10-07 00:00:00+05:30,1126.8648337359275,1135.2935127934575,1105.9419016964468,1110.6024169921875,1354474,0.0,0.0,TATACONSUM.NS,1428
2025-10-08 00:00:00+05:30,1102.6696327363782,1117.2462422327217,1100.6864139724637,1110.80078125,963508,0.0,0.0,TATACONSUM.NS,1429
2025-10-09 00:00:00+05:30,1107.627653336909,1114.965586798309,1105.1486299408996,1108.6192626953125,852898,0.0,0.0,TATACONSUM.NS,1430
2025-10-10 00:00:00+05:30,1106.6360750769807,1121.9068838347475,1099.0998679505446,1117.0479736328125,982270,0.0,0.0,TATACONSUM.NS,1431
2025-10-13 00:00:00+05:30,1110.6025137085944,1122.8984943195817,1103.1654433042959,1107.627685546875,832628,0.0,0.0,TATACONSUM.NS,1432
2025-10-14 00:00:00+05:30,1105.6444181007937,1115.0647068648811,1101.3804495049396,1109.51171875,1033610,0.0,0.0,TATACONSUM.NS,1433
2025-10-15 00:00:00+05:30,1109.5117107275526,1112.6848121856663,1102.8678555459137,1104.85107421875,1299596,0.0,0.0,TATACONSUM.NS,1434
2025-10-16 00:00:00+05:30,1104.8510329653932,1144.515404941118,1099.6947130269718,1139.6566162109375,2383412,0.0,0.0,TATACONSUM.NS,1435
2025-10-17 00:00:00+05:30,1142.5321740611084,1163.653500329569,1132.9136123788091,1156.2164306640625,2001759,0.0,0.0,TATACONSUM.NS,1436
2025-10-20 00:00:00+05:30,1157.109007780878,1177.5361367652342,1153.836648413967,1166.529296875,1751305,0.0,0.0,TATACONSUM.NS,1437
2025-10-21 00:00:00+05:30,1166.5292078585237,1174.4620822798042,1162.6619073689378,1164.7442626953125,123219,0.0,0.0,TATACONSUM.NS,1438
2025-10-23 00:00:00+05:30,1164.7442854216627,1181.2049759577874,1148.283594885538,1151.2584228515625,1137414,0.0,0.0,TATACONSUM.NS,1439
2025-10-24 00:00:00+05:30,1153.539197992114,1153.539197992114,1134.7977571862002,1145.6063232421875,1103267,0.0,0.0,TATACONSUM.NS,1440
2025-10-27 00:00:00+05:30,1146.201210082779,1170.0989699202437,1146.201210082779,1160.083740234375,874449,0.0,0.0,TATACONSUM.NS,1441
2025-10-28 00:00:00+05:30,1159.4888310247677,1166.5292330162783,1148.085323798245,1159.0921630859375,842574,0.0,0.0,TATACONSUM.NS,1442
2025-10-29 00:00:00+05:30,1159.1912555923832,1178.0318320305828,1157.5055682242296,1167.2232666015625,1017034,0.0,0.0,TATACONSUM.NS,1443
2025-10-30 00:00:00+05:30,1174.0654724746794,1174.0654724746794,1157.208113494891,1166.7275390625,900192,0.0,0.0,TATACONSUM.NS,1444
2025-10-31 00:00:00+05:30,1161.1745094135595,1173.5696258675898,1148.0853148565272,1155.224853515625,749738,0.0,0.0,TATACONSUM.NS,1445
2025-11-03 00:00:00+05:30,1155.026572426774,1192.7077261976508,1147.490244835752,1187.4521484375,2595111,0.0,0.0,TATACONSUM.NS,1446
2025-11-04 00:00:00+05:30,1189.732898073308,1189.732898073308,1128.5505310435174,1169.4049072265625,2886618,0.0,0.0,TATACONSUM.NS,1447
2025-11-06 00:00:00+05:30,1162.2652444290452,1182.4940984993782,1157.6047291049551,1180.4117431640625,2401724,0.0,0.0,TATACONSUM.NS,1448
2025-11-07 00:00:00+05:30,1175.0570667230584,1177.833621290702,1146.1021224424844,1157.4063720703125,1351606,0.0,0.0,TATACONSUM.NS,1449
2025-11-10 00:00:00+05:30,1157.4063671795705,1163.9510856262093,1129.0463644130264,1133.1119384765625,1586398,0.0,0.0,TATACONSUM.NS,1450
2025-11-11 00:00:00+05:30,1138.3675091510506,1149.2752117648674,1124.4849785516476,1146.4986572265625,1177071,0.0,0.0,TATACONSUM.NS,1451
2025-11-12 00:00:00+05:30,1146.5978754407977,1156.0181637368391,1143.4246530713394,1152.25,1168588,0.0,0.0,TATACONSUM.NS,1452
2025-11-13 00:00:00+05:30,1158.1996680381078,1158.1996680381078,1136.9792047055953,1145.1104736328125,1603498,0.0,0.0,TATACONSUM.NS,1453
2025-11-14 00:00:00+05:30,1139.3591166529498,1153.8365886170477,1137.1776245521082,1148.0853271484375,1832598,0.0,0.0,TATACONSUM.NS,1454
2025-11-17 00:00:00+05:30,1156.2165158054079,1172.8756015013043,1148.283640911374,1169.00830078125,2105780,0.0,0.0,TATACONSUM.NS,1455
2025-11-18 00:00:00+05:30,1168.8098241412686,1168.8098241412686,1142.2347677414994,1144.416259765625,1695622,0.0,0.0,TATACONSUM.NS,1456
2025-11-19 00:00:00+05:30,1144.4163680767324,1156.0182705195932,1139.3591844177731,1152.3492431640625,1935207,0.0,0.0,TATACONSUM.NS,1457
2025-11-20 00:00:00+05:30,1155.1256872795577,1169.5040219988641,1153.2416054174719,1164.0501708984375,2193836,0.0,0.0,TATACONSUM.NS,1458
2025-11-21 00:00:00+05:30,1164.050216218977,1177.040274227439,1152.7458456523993,1173.1729736328125,3194549,0.0,0.0,TATACONSUM.NS,1459
2025-11-24 00:00:00+05:30,1178.5277294654268,1184.675659105634,1161.9679015001147,1176.0487060546875,4765158,0.0,0.0,TATACONSUM.NS,1460
2025-11-25 00:00:00+05:30,1178.0318616277964,1183.9815174946034,1155.9189255710733,1167.8182373046875,1258048,0.0,0.0,TATACONSUM.NS,1461
2025-11-26 00:00:00+05:30,1140.3507556865732,1177.0403017390977,1140.3507556865732,1175.3546142578125,713335,0.0,0.0,TATACONSUM.NS,1462
2025-11-27 00:00:00+05:30,1177.0402523166617,1182.890771461567,1158.4972066168698,1167.8182373046875,1118308,0.0,0.0,TATACONSUM.NS,1463
2025-11-28 00:00:00+05:30,1167.2233818981128,1172.1814288189662,1155.9190107093534,1162.5628662109375,1020242,0.0,0.0,TATACONSUM.NS,1464
2025-12-01 00:00:00+05:30,1162.5628505595332,1168.1158388269166,1149.8702021946006,1154.0350341796875,487062,0.0,0.0,TATACONSUM.NS,1465
2025-12-02 00:00:00+05:30,1150.2668720568208,1163.25693062687,1146.498708023036,1152.4483642578125,708989,0.0,0.0,TATACONSUM.NS,1466
2025-12-03 00:00:00+05:30,1150.068606511046,1153.638376067252,1124.088368146187,1130.4346923828125,716554,0.0,0.0,TATACONSUM.NS,1467
2025-12-04 00:00:00+05:30,1143.3255387904346,1144.3171481042164,1127.5589264920918,1138.76416015625,703643,0.0,0.0,TATACONSUM.NS,1468
2025-12-05 00:00:00+05:30,1138.764242041262,1155.5224648584183,1130.5338357266264,1153.142578125,699541,0.0,0.0,TATACONSUM.NS,1469
2025-12-08 00:00:00+05:30,1153.1425307351478,1161.1745422150402,1132.7154024510812,1136.18603515625,590111,0.0,0.0,TATACONSUM.NS,1470
2025-12-09 00:00:00+05:30,1131.029576442965,1141.4414743974169,1122.4026236991292,1137.078369140625,851746,0.0,0.0,TATACONSUM.NS,1471
2025-12-10 00:00:00+05:30,1131.525422842132,1146.994504735803,1128.7489892461765,1130.5338134765625,342793,0.0,0.0,TATACONSUM.NS,1472
2025-12-11 00:00:00+05:30,1126.5673119185246,1144.5154162049666,1125.476565887669,1132.5169677734375,616435,0.0,0.0,TATACONSUM.NS,1473
2025-12-12 00:00:00+05:30,1132.5169566276727,1141.3423036014829,1128.4513827093724,1139.6566162109375,751834,0.0,0.0,TATACONSUM.NS,1474
2025-12-15 00:00:00+05:30,1133.4095214208924,1159.5880332639742,1130.5338300094738,1147.688720703125,1037323,0.0,0.0,TATACONSUM.NS,1475
2025-12-16 00:00:00+05:30,1147.6886240275928,1166.8266108232306,1143.7221868414224,1160.083740234375,1181775,0.0,0.0,TATACONSUM.NS,1476
2025-12-17 00:00:00+05:30,1160.1829368100437,1177.9327683431022,1160.1829368100437,1169.9007568359375,1502200,0.0,0.0,TATACONSUM.NS,1477
2025-12-18 00:00:00+05:30,1167.025002483509,1173.6687363358299,1158.1996555564447,1161.6702880859375,568209,0.0,0.0,TATACONSUM.NS,1478
2025-12-19 00:00:00+05:30,1161.6703132423195,1176.3461795318367,1159.7862313334401,1174.0654296875,598033,0.0,0.0,TATACONSUM.NS,1479
2025-12-22 00:00:00+05:30,1174.0655000191575,1178.7260156633072,1164.2485429972842,1168.9091796875,670307,0.0,0.0,TATACONSUM.NS,1480
2025-12-23 00:00:00+05:30,1168.9091068368325,1177.337785999164,1161.1745057753283,1175.6519775390625,805182,0.0,0.0,TATACONSUM.NS,1481
2025-12-24 00:00:00+05:30,1177.3377964074004,1179.5192884973364,1161.571183978678,1169.3056640625,530345,0.0,0.0,TATACONSUM.NS,1482
2025-12-26 00:00:00+05:30,1163.7527275487469,1169.900778244637,1162.1661767726048,1165.8350830078125,322741,0.0,0.0,TATACONSUM.NS,1483
2025-12-29 00:00:00+05:30,1164.1493179811253,1190.8236323553215,1160.6786854317777,1185.17138671875,1806020,0.0,0.0,TATACONSUM.NS,1484
2025-12-30 00:00:00+05:30,1190.6252963189052,1191.7161634390995,1161.273683812681,1169.107421875,2256987,0.0,0.0,TATACONSUM.NS,1485
2025-12-31 00:00:00+05:30,1169.1073700565619,1185.0722556504977,1162.7610462982732,1181.998291015625,960678,0.0,0.0,TATACONSUM.NS,1486
2026-01-01 00:00:00+05:30,1181.9983008277527,1185.4689334224652,1163.4552550972844,1167.0250244140625,947192,0.0,0.0,TATACONSUM.NS,1487
2026-01-02 00:00:00+05:30,1167.025003381035,1175.7510925485512,1158.596324374356,1160.876953125,955406,0.0,0.0,TATACONSUM.NS,1488
2026-01-05 00:00:00+05:30,1155.224900692014,1181.0067439692607,1155.224900692014,1172.181396484375,1521762,0.0,0.0,TATACONSUM.NS,1489
2026-01-06 00:00:00+05:30,1172.1814246637089,1204.8053974964896,1172.1814246637089,1200.2440185546875,1202300,0.0,0.0,TATACONSUM.NS,1490
2026-01-07 00:00:00+05:30,1206.1935788039668,1210.6558206616423,1195.1867397642457,1202.4254150390625,1021615,0.0,0.0,TATACONSUM.NS,1491
2026-01-08 00:00:00+05:30,1201.8304992475864,1201.8304992475864,1182.9899221141673,1187.35302734375,562710,0.0,0.0,TATACONSUM.NS,1492
2026-01-09 00:00:00+05:30,1187.2539113535747,1197.6658094249178,1163.9510918605688,1166.033447265625,555547,0.0,0.0,TATACONSUM.NS,1493
2026-01-12 00:00:00+05:30,1163.6535938919594,1186.6588828218871,1163.6535938919594,1182.2958984375,663978,0.0,0.0,TATACONSUM.NS,1494
2026-01-13 00:00:00+05:30,1180.015107406786,1188.2455132970392,1171.3881546197995,1179.420166015625,598454,0.0,0.0,TATACONSUM.NS,1495
2026-01-14 00:00:00+05:30,1179.4201345268414,1181.006685209599,1158.794612512818,1161.5711669921875,577684,0.0,0.0,TATACONSUM.NS,1496
2026-01-15 00:00:00+05:30,1161.5711669921875,1161.5711669921875,1161.5711669921875,1161.5711669921875,0,0.0,0.0,TATACONSUM.NS,1497
2026-01-16 00:00:00+05:30,1161.4721064607002,1189.633715803648,1156.5140595980592,1179.1226806640625,1250225,0.0,0.0,TATACONSUM.NS,1498
2026-01-19 00:00:00+05:30,1170.2972412109375,1178.6267834958026,1164.1493120020918,1170.2972412109375,547580,0.0,0.0,TATACONSUM.NS,1499
2026-01-20 00:00:00+05:30,1170.0989603935918,1193.7984465972154,1166.4300544446783,1175.0570068359375,2027446,0.0,0.0,TATACONSUM.NS,1500
2026-01-21 00:00:00+05:30,1170.59476909397,1187.4521270563566,1148.9776381120164,1153.8365478515625,946906,0.0,0.0,TATACONSUM.NS,1501
2026-01-22 00:00:00+05:30,1155.6215346154158,1178.5276858741831,1153.9357261308287,1165.3392333984375,1495139,0.0,0.0,TATACONSUM.NS,1502
2026-01-23 00:00:00+05:30,1168.611645444317,1177.8336610266228,1140.0532470990374,1143.8214111328125,1456971,0.0,0.0,TATACONSUM.NS,1503
2026-01-27 00:00:00+05:30,1148.8784938115805,1189.9311424347918,1139.8548735239942,1177.4368896484375,3844021,0.0,0.0,TATACONSUM.NS,1504
2026-01-28 00:00:00+05:30,1180.0150802883525,1182.692377010079,1104.6527726396846,1122.303466796875,4560055,0.0,0.0,TATACONSUM.NS,1505
2026-01-29 00:00:00+05:30,1120.518530940173,1121.9068081965675,1090.8693880804203,1097.9097900390625,2786421,0.0,0.0,TATACONSUM.NS,1506
2026-01-30 00:00:00+05:30,1097.2157439049085,1129.343910999362,1090.8694198665125,1124.3858642578125,2570464,0.0,0.0,TATACONSUM.NS,1507
2026-02-02 00:00:00+05:30,1083.7298504092491,1123.1958287311618,1074.9045032490076,1115.9571533203125,1776779,0.0,0.0,TATACONSUM.NS,1508
2026-02-03 00:00:00+05:30,1139.2599836895608,1170.9914822563387,1126.5673358444253,1145.7054443359375,1254462,0.0,0.0,TATACONSUM.NS,1509
2026-02-04 00:00:00+05:30,1144.3171708569357,1160.8769983079314,1136.2851594648125,1143.3255615234375,1109383,0.0,0.0,TATACONSUM.NS,1510
2026-02-05 00:00:00+05:30,1139.8549697738958,1153.8366376689123,1135.690258842126,1146.2012939453125,1162295,0.0,0.0,TATACONSUM.NS,1511
2026-02-06 00:00:00+05:30,1136.384301293063,1152.2500507002958,1136.384301293063,1149.57275390625,830634,0.0,0.0,TATACONSUM.NS,1512
2026-02-09 00:00:00+05:30,1149.5727551290083,1165.1409733329904,1146.3003958918612,1157.4063720703125,1105510,0.0,0.0,TATACONSUM.NS,1513
2026-02-10 00:00:00+05:30,1157.406366577006,1158.0014290144354,1138.962457168231,1142.5322265625,978264,0.0,0.0,TATACONSUM.NS,1514
2026-02-11 00:00:00+05:30,1147.8870020123925,1156.414818530119,1140.549068340463,1142.928955078125,751635,0.0,0.0,TATACONSUM.NS,1515
2026-02-12 00:00:00+05:30,1147.2919593978418,1147.2919593978418,1132.7153511151855,1139.6566162109375,624666,0.0,0.0,TATACONSUM.NS,1516
2026-02-13 00:00:00+05:30,1139.2600222447886,1144.3172057908037,1115.9572021961892,1122.7000732421875,525887,0.0,0.0,TATACONSUM.NS,1517
2026-02-16 00:00:00+05:30,1119.0311854729464,1132.219638647058,1107.726814330289,1129.641357421875,780629,0.0,0.0,TATACONSUM.NS,1518
2026-02-17 00:00:00+05:30,1123.989141747388,1141.3423045004354,1122.2041965886515,1138.86328125,442621,0.0,0.0,TATACONSUM.NS,1519
2026-02-18 00:00:00+05:30,1138.3675020992089,1163.3560086049138,1136.1860100083834,1159.8853759765625,641938,0.0,0.0,TATACONSUM.NS,1520
2026-02-19 00:00:00+05:30,1159.1912521500365,1159.1912521500365,1142.0363631309338,1150.7625732421875,994383,0.0,0.0,TATACONSUM.NS,1521
2026-02-20 00:00:00+05:30,1152.3491764740945,1158.695500385891,1143.8213604579591,1146.4986572265625,484995,0.0,0.0,TATACONSUM.NS,1522
2026-02-23 00:00:00+05:30,1146.498692667723,1169.6032391550877,1145.507083308541,1161.9678955078125,623773,0.0,0.0,TATACONSUM.NS,1523
2026-02-24 00:00:00+05:30,1151.2584853374694,1172.4789501894234,1150.9609541062944,1168.1158447265625,625615,0.0,0.0,TATACONSUM.NS,1524
2026-02-25 00:00:00+05:30,1173.1729307877367,1175.0570126543685,1151.2583896132674,1162.463623046875,565726,0.0,0.0,TATACONSUM.NS,1525
2026-02-26 00:00:00+05:30,1162.1661124811342,1167.5208269696957,1143.8213402278056,1149.77099609375,629003,0.0,0.0,TATACONSUM.NS,1526
2026-02-27 00:00:00+05:30,1141.4414997674935,1149.7710425254027,1125.3774766991473,1131.42626953125,2035788,0.0,0.0,TATACONSUM.NS,1527
2026-03-02 00:00:00+05:30,1101.4797112995234,1136.1860384518807,1101.4797112995234,1115.7587890625,1368110,0.0,0.0,TATACONSUM.NS,1528
2026-03-04 00:00:00+05:30,1105.1485504287464,1109.4125187815282,1089.481075274771,1101.28125,1221984,0.0,0.0,TATACONSUM.NS,1529
2026-03-05 00:00:00+05:30,1102.9670902186986,1114.2713395802898,1086.6055365104323,1109.7099609375,1368338,0.0,0.0,TATACONSUM.NS,1530
2026-03-06 00:00:00+05:30,1109.7099646998465,1119.2293899531733,1102.7686994667456,1107.330078125,919798,0.0,0.0,TATACONSUM.NS,1531
2026-03-09 00:00:00+05:30,1077.5817920143643,1097.6123727645193,1073.4170813182043,1093.249267578125,1007371,0.0,0.0,TATACONSUM.NS,1532
2026-03-10 00:00:00+05:30,1093.1501052119397,1101.6779208944406,1086.803781548431,1090.2744140625,1165119,0.0,0.0,TATACONSUM.NS,1533
2026-03-11 00:00:00+05:30,1092.7534340093068,1092.8525707287718,1061.220210271923,1064.3934326171875,1066872,0.0,0.0,TATACONSUM.NS,1534
2026-03-12 00:00:00+05:30,1061.5178290387928,1063.798579004897,1042.5781143085935,1048.9244384765625,961388,0.0,0.0,TATACONSUM.NS,1535
2026-03-13 00:00:00+05:30,1040.1981549538232,1084.721436701096,1039.2065456545345,1074.5078125,2855691,0.0,0.0,TATACONSUM.NS,1536
2026-03-16 00:00:00+05:30,1074.5078732164184,1090.4727596278706,1062.0136195485888,1083.531494140625,1527989,0.0,0.0,TATACONSUM.NS,1537
2026-03-17 00:00:00+05:30,1083.5314423930115,1094.9349494345886,1064.988396752522,1068.954833984375,1998285,0.0,0.0,TATACONSUM.NS,1538
2026-03-18 00:00:00+05:30,1066.5750283243956,1076.094454193578,1059.0388212215457,1066.0792236328125,1092393,0.0,0.0,TATACONSUM.NS,1539
2026-03-19 00:00:00+05:30,1046.2469809838597,1058.9396288397509,1030.678762904766,1035.8350830078125,747138,0.0,0.0,TATACONSUM.NS,1540
2026-03-20 00:00:00+05:30,1045.850303472341,1047.139444009337,1034.7443274846053,1041.3880615234375,2095970,0.0,0.0,TATACONSUM.NS,1541
2026-03-23 00:00:00+05:30,1027.406408196378,1033.2569274844368,1011.0448541623153,1015.0112915039062,2006447,0.0,0.0,TATACONSUM.NS,1542
2026-03-24 00:00:00+05:30,1022.2501145477376,1050.6101180654446,1014.2180424091611,1044.2637939453125,1423695,0.0,0.0,TATACONSUM.NS,1543
2026-03-25 00:00:00+05:30,1044.26381930545,1063.9968702793979,1041.7847958425436,1047.2386474609375,1566241,0.0,0.0,TATACONSUM.NS,1544
2026-03-27 00:00:00+05:30,1040.4957284682355,1048.6268766345895,1024.0349165939067,1039.702392578125,1815831,0.0,0.0,TATACONSUM.NS,1545
2026-03-30 00:00:00+05:30,1030.083841172431,1039.1074620479906,1002.3187188501,1006.28515625,1801570,0.0,0.0,TATACONSUM.NS,1546
2026-04-01 00:00:00+05:30,1016.3995379976045,1027.3072403566032,1004.5002263332423,1015.2095947265625,1309809,0.0,0.0,TATACONSUM.NS,1547
2026-04-02 00:00:00+05:30,1011.441551984615,1037.3225321938319,998.7489642211792,1033.2569580078125,2586178,0.0,0.0,TATACONSUM.NS,1548
2026-04-06 00:00:00+05:30,1034.2484844747887,1054.6756115409187,1014.1188280896165,1046.3460693359375,2179297,0.0,0.0,TATACONSUM.NS,1549
2026-04-07 00:00:00+05:30,1036.529283890448,1055.4689979358188,1025.9189914029141,1053.089111328125,1342335,0.0,0.0,TATACONSUM.NS,1550
2026-04-08 00:00:00+05:30,1066.9716157105463,1082.7382279214287,1057.0555226277345,1059.5345458984375,1950233,0.0,0.0,TATACONSUM.NS,1551
2026-04-09 00:00:00+05:30,1053.5848897109447,1077.8793177560442,1051.2050031626213,1068.954833984375,2167226,0.0,0.0,TATACONSUM.NS,1552
2026-04-10 00:00:00+05:30,1076.9868646216385,1086.6055477102443,1069.946462617151,1084.5230712890625,1580158,0.0,0.0,TATACONSUM.NS,1553
2026-04-13 00:00:00+05:30,1066.4758664551066,1084.3248349313426,1064.7901789618877,1081.1517333984375,1688476,0.0,0.0,TATACONSUM.NS,1554
2026-04-15 00:00:00+05:30,1088.9853583662382,1099.000709809287,1082.539897481062,1085.0189208984375,1384602,0.0,0.0,TATACONSUM.NS,1555
2026-04-16 00:00:00+05:30,1088.7870101065055,1095.8274119189298,1072.6237301172848,1093.348388671875,1439626,0.0,0.0,TATACONSUM.NS,1556
2026-04-17 00:00:00+05:30,1089.1837510910225,1116.9488133203477,1081.9449543056653,1103.8594970703125,1287668,0.0,0.0,TATACONSUM.NS,1557
2026-04-20 00:00:00+05:30,1103.859485524453,1120.0227664287472,1097.414024717205,1110.9991455078125,1132404,0.0,0.0,TATACONSUM.NS,1558
2026-04-21 00:00:00+05:30,1115.560488191461,1135.9876160326883,1111.098246238695,1132.4178466796875,1072221,0.0,0.0,TATACONSUM.NS,1559
2026-04-22 00:00:00+05:30,1134.4010358887347,1184.873973320618,1130.2363252593143,1168.710693359375,4284220,0.0,0.0,TATACONSUM.NS,1560
2026-04-23 00:00:00+05:30,1168.1158340466297,1178.9244003535578,1150.3660021723617,1174.462158203125,1581113,0.0,0.0,TATACONSUM.NS,1561
2026-04-24 00:00:00+05:30,1175.0571172607006,1186.9564298405558,1152.2501014826448,1164.1494140625,1235448,0.0,0.0,TATACONSUM.NS,1562
2026-04-27 00:00:00+05:30,1158.19964286676,1173.9662546800648,1145.3087221841677,1150.7625732421875,1019797,0.0,0.0,TATACONSUM.NS,1563
2026-04-28 00:00:00+05:30,1140.548969541453,1150.068515667479,1134.4010402939473,1138.0699462890625,1646292,0.0,0.0,TATACONSUM.NS,1564
2026-04-29 00:00:00+05:30,1138.069989047128,1161.3728084951026,1138.069989047128,1158.19970703125,1346355,0.0,0.0,TATACONSUM.NS,1565
2026-04-30 00:00:00+05:30,1160.182871911595,1160.182871911595,1129.839651778503,1134.9959716796875,1433160,0.0,0.0,TATACONSUM.NS,1566
2026-05-01 00:00:00+05:30,1134.9959716796875,1134.9959716796875,1134.9959716796875,1134.9959716796875,0,0.0,0.0,TATACONSUM.NS,1567
2026-05-04 00:00:00+05:30,1140.053160045666,1164.5459823028232,1140.053160045666,1150.6634521484375,1313831,0.0,0.0,TATACONSUM.NS,1568
2026-05-05 00:00:00+05:30,1151.4567548823295,1157.0098642049593,1139.3591689567418,1143.8214111328125,1065572,0.0,0.0,TATACONSUM.NS,1569
2026-05-06 00:00:00+05:30,1150.2668277884677,1157.1089564043527,1129.3438950439415,1142.5322265625,1566762,0.0,0.0,TATACONSUM.NS,1570
2026-05-07 00:00:00+05:30,1142.5321816007638,1152.448274553543,1126.0714915083622,1142.036376953125,1465163,0.0,0.0,TATACONSUM.NS,1571
2026-05-08 00:00:00+05:30,1145.3087417997951,1183.981504509918,1145.3087417997951,1166.330810546875,3672201,0.0,0.0,TATACONSUM.NS,1572
2026-05-11 00:00:00+05:30,1192.1126793949365,1268.664991739085,1189.9311873033043,1260.33544921875,19203071,0.0,0.0,TATACONSUM.NS,1573
2026-05-12 00:00:00+05:30,1259.0462770508416,1271.9371979227803,1239.9082902301361,1242.4864501953125,3357918,0.0,0.0,TATACONSUM.NS,1574
2026-05-13 00:00:00+05:30,1238.6192411647273,1267.1776394692872,1222.6543545000948,1224.6375732421875,2412317,0.0,0.0,TATACONSUM.NS,1575
2026-05-14 00:00:00+05:30,1230.5871643414375,1239.511648208539,1214.0273371397952,1217.9937744140625,1390903,0.0,0.0,TATACONSUM.NS,1576
2026-05-15 00:00:00+05:30,1218.4895540910322,1244.5688060070095,1215.5147261963236,1223.6458740234375,2755516,0.0,0.0,TATACONSUM.NS,1577
2026-05-18 00:00:00+05:30,1220.3736113467223,1223.051029291146,1204.9045292811845,1220.671142578125,1494098,0.0,0.0,TATACONSUM.NS,1578
2026-05-19 00:00:00+05:30,1220.6710691550636,1226.2240571207244,1196.277504167513,1200.73974609375,2163846,0.0,0.0,TATACONSUM.NS,1579
2026-05-20 00:00:00+05:30,1196.9715548072577,1206.3918431020604,1184.1797707029982,1198.55810546875,1718132,0.0,0.0,TATACONSUM.NS,1580
2026-05-21 00:00:00+05:30,1201.0371830363429,1207.185233566077,1181.9983321450488,1184.8740234375,1443629,0.0,0.0,TATACONSUM.NS,1581
2026-05-22 00:00:00+05:30,1187.9479782604642,1193.8976342450742,1179.122631007414,1181.800048828125,1808205,0.0,0.0,TATACONSUM.NS,1582
2026-05-25 00:00:00+05:30,1191.0,1198.5999755859375,1181.5,1187.199951171875,1811755,10.0,0.0,TATACONSUM.NS,1583
2026-05-26 00:00:00+05:30,1191.699951171875,1200.199951171875,1174.5,1187.5999755859375,1766780,0.0,0.0,TATACONSUM.NS,1584
2026-05-27 00:00:00+05:30,1190.0,1208.0,1184.699951171875,1204.5999755859375,1608027,0.0,0.0,TATACONSUM.NS,1585
2026-05-28 00:00:00+05:30,1204.5999755859375,1204.5999755859375,1204.5999755859375,1204.5999755859375,0,0.0,0.0,TATACONSUM.NS,1586
2026-05-29 00:00:00+05:30,1204.5999755859375,1211.0,1168.4000244140625,1178.4000244140625,9836874,0.0,0.0,TATACONSUM.NS,1587
