Date,Open,High,Low,Close,Volume,Dividends,Stock Splits,Symbol,time_idx
2020-01-01 00:00:00+05:30,1841.489333433951,1854.994638124291,1829.5977971479383,1841.149658203125,1354908,0.0,0.0,TCS.NS,0
2020-01-02 00:00:00+05:30,1851.6393112714695,1851.6393112714695,1825.520404830067,1832.69775390625,2380752,0.0,0.0,TCS.NS,1
2020-01-03 00:00:00+05:30,1838.0917850750322,1888.206117477725,1838.0917850750322,1869.2220458984375,4655761,0.0,0.0,TCS.NS,2
2020-01-06 00:00:00+05:30,1872.9170370095871,1890.7118308754934,1858.3922913248168,1869.05224609375,3023209,0.0,0.0,TCS.NS,3
2020-01-07 00:00:00+05:30,1869.0948112496487,1881.1136747126766,1854.9099477715874,1873.63916015625,2429317,0.0,0.0,TCS.NS,4
2020-01-08 00:00:00+05:30,1872.9167603066803,1919.6335048948288,1870.4110854804258,1915.598876953125,5197454,0.0,0.0,TCS.NS,5
2020-01-09 00:00:00+05:30,1910.0777591467145,1912.7957827437147,1877.1636899229522,1880.858642578125,3734173,0.0,0.0,TCS.NS,6
2020-01-10 00:00:00+05:30,1892.4527982118302,1897.5491701998333,1875.464891585153,1880.1790771484375,1915807,0.0,0.0,TCS.NS,7
2020-01-13 00:00:00+05:30,1883.8316397156548,1884.7658502170664,1855.6740582476968,1860.4732666015625,2843893,0.0,0.0,TCS.NS,8
2020-01-14 00:00:00+05:30,1864.422917259899,1893.9819188803635,1864.422917259899,1874.5306396484375,2948452,0.0,0.0,TCS.NS,9
2020-01-15 00:00:00+05:30,1879.7120414428427,1895.0011588156267,1863.7433662679941,1891.5185546875,2620681,0.0,0.0,TCS.NS,10
2020-01-16 00:00:00+05:30,1891.5610463951919,1910.290256457791,1881.4108128297053,1901.62646484375,3117214,0.0,0.0,TCS.NS,11
2020-01-17 00:00:00+05:30,1903.282760249428,1914.1550629449189,1879.712037680234,1884.8934326171875,3281059,0.0,0.0,TCS.NS,12
2020-01-20 00:00:00+05:30,1864.3382126609704,1904.5146637131754,1831.46664629897,1843.4857177734375,5817599,0.0,0.0,TCS.NS,13
2020-01-21 00:00:00+05:30,1843.1454161415438,1857.2454620371166,1833.0376943272367,1844.079833984375,1902980,0.0,0.0,TCS.NS,14
2020-01-22 00:00:00+05:30,1852.5313815689474,1877.163848357347,1846.3307536271377,1874.5306396484375,1773686,0.0,0.0,TCS.NS,15
2020-01-23 00:00:00+05:30,1881.2561616430298,1888.0241471151915,1859.0365180325846,1865.2086181640625,2069866,5.0,0.0,TCS.NS,16
2020-01-24 00:00:00+05:30,1865.2087895374152,1865.2087895374152,1847.3735883977176,1858.78125,1319430,0.0,0.0,TCS.NS,17
2020-01-27 00:00:00+05:30,1864.1447697805345,1867.3372358912159,1843.1171012334153,1846.7352294921875,1549101,0.0,0.0,TCS.NS,18
2020-01-28 00:00:00+05:30,1850.7789341996995,1862.5272505115765,1832.0498005509444,1859.079345703125,1743024,0.0,0.0,TCS.NS,19
2020-01-29 00:00:00+05:30,1860.1434796348929,1861.8035203479224,1830.3471309908557,1834.2633056640625,2306761,0.0,0.0,TCS.NS,20
2020-01-30 00:00:00+05:30,1838.860411432064,1843.1170327548234,1809.0640621727482,1820.003662109375,2098567,0.0,0.0,TCS.NS,21
2020-01-31 00:00:00+05:30,1821.3232224191593,1825.5374442055067,1763.6035980433956,1769.9459228515625,3287223,0.0,0.0,TCS.NS,22
2020-02-03 00:00:00+05:30,1832.0498536898037,1868.401358939337,1781.9919443717183,1789.9093017578125,4728073,0.0,0.0,TCS.NS,23
2020-02-04 00:00:00+05:30,1812.4691788604741,1819.0243334766103,1776.373116772761,1794.3785400390625,3509339,0.0,0.0,TCS.NS,24
2020-02-05 00:00:00+05:30,1800.5508339201178,1836.051014467138,1791.4417057851656,1827.41015625,2439322,0.0,0.0,TCS.NS,25
2020-02-06 00:00:00+05:30,1826.0907270270834,1850.9493564278314,1800.9766587532843,1811.916259765625,2640065,0.0,0.0,TCS.NS,26
2020-02-07 00:00:00+05:30,1820.9827978305873,1831.1986901045316,1803.9563107073466,1818.8970947265625,2083442,0.0,0.0,TCS.NS,27
2020-02-10 00:00:00+05:30,1822.6000899334376,1844.8197370470068,1803.95617111334,1840.5205078125,2383032,0.0,0.0,TCS.NS,28
2020-02-11 00:00:00+05:30,1841.4147410197763,1851.4604108565134,1828.3044279425474,1833.241943359375,1335820,0.0,0.0,TCS.NS,29
2020-02-12 00:00:00+05:30,1831.283646863712,1860.1434553217314,1830.3471070671499,1848.0120849609375,1620407,0.0,0.0,TCS.NS,30
2020-02-13 00:00:00+05:30,1849.8850196328256,1870.35940976988,1848.2249788850293,1866.0601806640625,1645948,0.0,0.0,TCS.NS,31
2020-02-14 00:00:00+05:30,1862.6978429400692,1883.1296291514777,1848.2253277069883,1859.4627685546875,1500115,0.0,0.0,TCS.NS,32
2020-02-17 00:00:00+05:30,1870.3166696536043,1887.3857615237255,1864.5702312727813,1875.6800537109375,1774724,0.0,0.0,TCS.NS,33
2020-02-18 00:00:00+05:30,1872.8710545228403,1890.7914745421626,1861.03772861175,1886.322021484375,2486223,0.0,0.0,TCS.NS,34
2020-02-19 00:00:00+05:30,1886.321636973739,1898.4530070862859,1864.8257004585244,1869.8060302734375,1760463,0.0,0.0,TCS.NS,35
2020-02-20 00:00:00+05:30,1876.7446061936419,1885.1726344655751,1831.4115827054081,1836.136474609375,2317278,0.0,0.0,TCS.NS,36
2020-02-24 00:00:00+05:30,1835.455000961397,1854.9928500570545,1793.484675743761,1800.8487548828125,3092877,0.0,0.0,TCS.NS,37
2020-02-25 00:00:00+05:30,1800.9763950489096,1853.0347881855864,1797.1454360426605,1835.5826416015625,2674567,0.0,0.0,TCS.NS,38
2020-02-26 00:00:00+05:30,1833.7524892892445,1842.1805164789253,1798.8055862140268,1807.872314453125,2686842,0.0,0.0,TCS.NS,39
2020-02-27 00:00:00+05:30,1804.765096828607,1804.765096828607,1776.0328987008659,1792.4635009765625,2349001,0.0,0.0,TCS.NS,40
2020-02-28 00:00:00+05:30,1760.5384493558192,1761.8154356585435,1694.1351616141587,1702.776123046875,4298076,0.0,0.0,TCS.NS,41
2020-03-02 00:00:00+05:30,1732.444586191227,1748.5771367152088,1690.474265458427,1703.7550048828125,2667076,0.0,0.0,TCS.NS,42
2020-03-03 00:00:00+05:30,1719.6748980099576,1753.7278662873825,1712.8643043544728,1733.46630859375,2757585,0.0,0.0,TCS.NS,43
2020-03-04 00:00:00+05:30,1750.3229005950811,1783.056280975867,1723.931845187276,1773.4788818359375,3237002,0.0,0.0,TCS.NS,44
2020-03-05 00:00:00+05:30,1775.6068763349078,1828.4315855238933,1774.2022745151698,1809.1065673828125,3937056,0.0,0.0,TCS.NS,45
2020-03-06 00:00:00+05:30,1786.0783865089534,1807.914771729276,1763.6035080618042,1801.7852783203125,2595027,0.0,0.0,TCS.NS,46
2020-03-09 00:00:00+05:30,1766.4978306347193,1770.66923635065,1647.3124348328586,1679.109375,4940975,0.0,0.0,TCS.NS,47
2020-03-11 00:00:00+05:30,1645.6100485419606,1691.8370045625925,1634.5428314539909,1663.232421875,6796449,0.0,0.0,TCS.NS,48
2020-03-12 00:00:00+05:30,1620.9213541904119,1624.6672016335385,1496.925957756006,1506.7161865234375,8728786,0.0,0.0,TCS.NS,49
2020-03-13 00:00:00+05:30,1436.9501419017092,1549.4100482455815,1282.1368564917832,1537.7469482421875,8029720,0.0,0.0,TCS.NS,50
2020-03-16 00:00:00+05:30,1494.0739789689922,1568.3520158151714,1426.6916473953106,1444.1864013671875,7844271,0.0,0.0,TCS.NS,51
2020-03-17 00:00:00+05:30,1472.790824052652,1473.642148228405,1381.8268566577278,1411.4954833984375,5713248,0.0,0.0,TCS.NS,52
2020-03-18 00:00:00+05:30,1427.5004691171716,1458.7866336641725,1385.742975275671,1408.4307861328125,7258778,0.0,0.0,TCS.NS,53
2020-03-19 00:00:00+05:30,1337.5117640842986,1445.3479566848243,1326.4066075933426,1403.2425537109375,5135111,12.0,0.0,TCS.NS,54
2020-03-20 00:00:00+05:30,1397.7971946476366,1602.7502802432102,1395.224561774052,1541.3929443359375,8547498,0.0,0.0,TCS.NS,55
2020-03-23 00:00:00+05:30,1389.221883434509,1500.7026518582659,1387.2924085964055,1431.841796875,7003490,0.0,0.0,TCS.NS,56
2020-03-24 00:00:00+05:30,1417.563780847593,1517.8535543306596,1400.2413215434158,1460.5267333984375,6350865,0.0,0.0,TCS.NS,57
2020-03-25 00:00:00+05:30,1457.825674141529,1552.155570703628,1440.6747838575109,1500.960205078125,2765520,0.0,0.0,TCS.NS,58
2020-03-26 00:00:00+05:30,1570.677917854148,1571.0638755481552,1477.1627867200616,1535.8187255859375,4556067,0.0,0.0,TCS.NS,59
2020-03-27 00:00:00+05:30,1560.730650199541,1586.4569795984346,1501.0455869302484,1564.589599609375,4331250,0.0,0.0,TCS.NS,60
2020-03-30 00:00:00+05:30,1514.4235165145312,1633.6221964666943,1512.322574459605,1525.142822265625,8513547,0.0,0.0,TCS.NS,61
2020-03-31 00:00:00+05:30,1575.65208548601,1590.7448458365106,1526.429016490021,1565.9617919921875,3927593,0.0,0.0,TCS.NS,62
2020-04-01 00:00:00+05:30,1565.790456367289,1573.379703930825,1459.5406764356255,1465.3291015625,4941878,0.0,0.0,TCS.NS,63
2020-04-03 00:00:00+05:30,1492.1268940934115,1492.1268940934115,1414.9479168127177,1418.549560546875,5735369,0.0,0.0,TCS.NS,64
2020-04-07 00:00:00+05:30,1466.4010099269462,1531.4457355422403,1462.1132876756978,1522.3128662109375,5427577,0.0,0.0,TCS.NS,65
2020-04-08 00:00:00+05:30,1509.2782372916101,1548.7252821299135,1458.683114564221,1462.4991455078125,6285615,0.0,0.0,TCS.NS,66
2020-04-09 00:00:00+05:30,1501.088492607335,1525.3999591120478,1484.580763572668,1514.552001953125,5307397,0.0,0.0,TCS.NS,67
2020-04-13 00:00:00+05:30,1510.1355902978232,1532.4317432494095,1497.2724251334464,1508.6348876953125,2990438,0.0,0.0,TCS.NS,68
2020-04-15 00:00:00+05:30,1530.7168312808417,1553.8705312497955,1481.6653309966784,1487.96826171875,4761399,0.0,0.0,TCS.NS,69
2020-04-16 00:00:00+05:30,1466.3580067370287,1513.4801343842425,1436.429790884263,1471.589111328125,6245533,0.0,0.0,TCS.NS,70
2020-04-17 00:00:00+05:30,1543.5798731988004,1588.129261555782,1503.2752876208317,1548.8966064453125,9895823,0.0,0.0,TCS.NS,71
2020-04-20 00:00:00+05:30,1569.3063508041578,1569.3063508041578,1545.723878319396,1559.5732421875,3244282,0.0,0.0,TCS.NS,72
2020-04-21 00:00:00+05:30,1513.5657551629176,1538.9490466079792,1481.5793095129716,1490.1119384765625,5122541,0.0,0.0,TCS.NS,73
2020-04-22 00:00:00+05:30,1490.1121565567787,1535.0045882432803,1474.2475839967224,1517.4249267578125,3829836,0.0,0.0,TCS.NS,74
2020-04-23 00:00:00+05:30,1526.4287721595067,1629.3340826421702,1510.0067787588428,1610.6824951171875,5934366,0.0,0.0,TCS.NS,75
2020-04-24 00:00:00+05:30,1578.4815809999768,1588.128953335128,1550.2684603155083,1559.487060546875,2987102,0.0,0.0,TCS.NS,76
2020-04-27 00:00:00+05:30,1571.2786862470853,1607.8957911928987,1565.0185700944214,1574.966064453125,3374741,0.0,0.0,TCS.NS,77
2020-04-28 00:00:00+05:30,1599.320365074306,1601.8929983693317,1571.535904551885,1594.218017578125,2678505,0.0,0.0,TCS.NS,78
2020-04-29 00:00:00+05:30,1607.0381432168233,1640.096520425824,1586.4999975063731,1634.179443359375,4241510,0.0,0.0,TCS.NS,79
2020-04-30 00:00:00+05:30,1697.938102723887,1742.530416532797,1665.5228788905047,1727.48046875,5915544,0.0,0.0,TCS.NS,80
2020-05-04 00:00:00+05:30,1685.9322782761822,1685.9322782761822,1641.0398501951536,1655.446533203125,3729348,0.0,0.0,TCS.NS,81
2020-05-05 00:00:00+05:30,1676.5849183062858,1695.3651602896416,1652.4879432868686,1657.4188232421875,2905528,0.0,0.0,TCS.NS,82
2020-05-06 00:00:00+05:30,1663.4646790654735,1675.3844625530842,1623.8460647371335,1632.4215087890625,3517431,0.0,0.0,TCS.NS,83
2020-05-07 00:00:00+05:30,1637.909869629695,1658.8767891775371,1615.0562895178284,1622.1739501953125,3166754,0.0,0.0,TCS.NS,84
2020-05-08 00:00:00+05:30,1662.864047061163,1663.2070856999471,1617.5428540353314,1623.67431640625,2686530,0.0,0.0,TCS.NS,85
2020-05-11 00:00:00+05:30,1637.0521329725575,1673.4120336562294,1637.0521329725575,1659.6055908203125,2449841,0.0,0.0,TCS.NS,86
2020-05-12 00:00:00+05:30,1657.9761506453801,1677.7854028013492,1638.1239794026462,1671.7825927734375,3256595,0.0,0.0,TCS.NS,87
2020-05-13 00:00:00+05:30,1709.9438228002284,1709.9438228002284,1651.3306740832172,1671.9117431640625,2656665,0.0,0.0,TCS.NS,88
2020-05-14 00:00:00+05:30,1637.909845135902,1649.1436561218952,1621.7022346327074,1631.349609375,2263146,0.0,0.0,TCS.NS,89
2020-05-15 00:00:00+05:30,1643.0548576071008,1644.2554405477551,1599.4915658567204,1623.24560546875,3173682,0.0,0.0,TCS.NS,90
2020-05-18 00:00:00+05:30,1635.3368028256366,1674.7409172668574,1605.4084890637962,1668.43798828125,3727694,0.0,0.0,TCS.NS,91
2020-05-19 00:00:00+05:30,1631.906912155795,1686.3180597613286,1631.906912155795,1671.0538330078125,3198693,0.0,0.0,TCS.NS,92
2020-05-20 00:00:00+05:30,1672.211810865245,1683.274156088653,1656.5187043063727,1675.2989501953125,2778505,0.0,0.0,TCS.NS,93
2020-05-21 00:00:00+05:30,1668.781393595232,1713.3737021599557,1664.6223242133185,1707.5423583984375,3400908,0.0,0.0,TCS.NS,94
2020-05-22 00:00:00+05:30,1695.4508804362295,1742.5300852706775,1681.8588236895257,1732.5396728515625,3663418,0.0,0.0,TCS.NS,95
2020-05-26 00:00:00+05:30,1727.951935961022,1735.6698354268528,1650.7729413027132,1666.208740234375,4575317,0.0,0.0,TCS.NS,96
2020-05-27 00:00:00+05:30,1679.9296808542888,1723.6644504936808,1664.708265930775,1719.634033203125,3482160,0.0,0.0,TCS.NS,97
2020-05-28 00:00:00+05:30,1705.227123129921,1727.0945064036514,1690.4774005979664,1718.7763671875,3475681,0.0,0.0,TCS.NS,98
2020-05-29 00:00:00+05:30,1699.6527646526306,1717.3610749884056,1682.844917684032,1691.37744140625,7237735,0.0,0.0,TCS.NS,99
2020-06-01 00:00:00+05:30,1706.5133716605167,1766.5414802113892,1698.8812054943344,1753.8927001953125,3747773,0.0,0.0,TCS.NS,100
2020-06-02 00:00:00+05:30,1766.712740993905,1784.549704467786,1749.433306936916,1755.5218505859375,2443886,0.0,0.0,TCS.NS,101
2020-06-03 00:00:00+05:30,1764.724822210581,1774.9595138539348,1737.3316622580003,1759.8223876953125,3699799,6.0,0.0,TCS.NS,102
2020-06-04 00:00:00+05:30,1760.3383029177462,1806.1367710405605,1760.3383029177462,1798.8692626953125,4048593,0.0,0.0,TCS.NS,103
2020-06-05 00:00:00+05:30,1798.9126996334899,1804.4170336672694,1754.7913069102146,1761.6287841796875,3573289,0.0,0.0,TCS.NS,104
2020-06-08 00:00:00+05:30,1787.4301443614386,1801.8362335797974,1773.5401781505823,1781.8397216796875,2957841,0.0,0.0,TCS.NS,105
2020-06-09 00:00:00+05:30,1774.400359879469,1802.26638462743,1771.9490903978347,1782.097900390625,2909439,0.0,0.0,TCS.NS,106
2020-06-10 00:00:00+05:30,1786.397970024382,1833.658497656713,1783.3446974161325,1813.6619873046875,5168397,0.0,0.0,TCS.NS,107
2020-06-11 00:00:00+05:30,1806.136789838441,1810.4371155285323,1773.2823435615098,1778.3135986328125,2269513,0.0,0.0,TCS.NS,108
2020-06-12 00:00:00+05:30,1729.7631394676087,1762.4456180354255,1729.5911684178873,1754.10302734375,2842642,0.0,0.0,TCS.NS,109
2020-06-15 00:00:00+05:30,1753.7589936864117,1770.8743128019998,1720.9474840858131,1745.846435546875,2399022,0.0,0.0,TCS.NS,110
2020-06-16 00:00:00+05:30,1776.0344483153544,1783.731989037868,1746.7922346384917,1759.521240234375,2146528,0.0,0.0,TCS.NS,111
2020-06-17 00:00:00+05:30,1759.6929299246797,1770.7448487880936,1742.964708241137,1761.2410888671875,2703527,0.0,0.0,TCS.NS,112
2020-06-18 00:00:00+05:30,1758.8333968710685,1771.046281152258,1741.8040633069688,1752.89892578125,1944389,0.0,0.0,TCS.NS,113
2020-06-19 00:00:00+05:30,1756.252865497034,1797.535988682077,1747.6522148334834,1758.489013671875,5681758,0.0,0.0,TCS.NS,114
2020-06-22 00:00:00+05:30,1763.1331756171655,1765.0683217855258,1736.6001924842162,1744.168701171875,3196138,0.0,0.0,TCS.NS,115
2020-06-23 00:00:00+05:30,1743.3520180136024,1757.9731252194392,1728.7309108077657,1750.4906005859375,4205944,0.0,0.0,TCS.NS,116
2020-06-24 00:00:00+05:30,1749.3723132665482,1775.3892810523462,1747.3081361470179,1756.4248046875,2560937,0.0,0.0,TCS.NS,117
2020-06-25 00:00:00+05:30,1750.2325469452421,1771.7341752860927,1728.085869754166,1733.977294921875,3043931,0.0,0.0,TCS.NS,118
2020-06-26 00:00:00+05:30,1741.6320397036,1833.6590166163332,1737.2886684240295,1822.3492431640625,6300722,0.0,0.0,TCS.NS,119
2020-06-29 00:00:00+05:30,1813.0169163503656,1829.8742733773581,1798.6538736668576,1807.555419921875,3076341,0.0,0.0,TCS.NS,120
2020-06-30 00:00:00+05:30,1806.1369157433103,1816.371607608447,1784.6783310492547,1790.78466796875,3071725,0.0,0.0,TCS.NS,121
2020-07-01 00:00:00+05:30,1788.6774279467036,1818.1346589634443,1788.5054569142367,1799.29931640625,2503466,0.0,0.0,TCS.NS,122
2020-07-02 00:00:00+05:30,1807.8571582331015,1862.0412690650166,1804.4168972279006,1855.2896728515625,3758699,0.0,0.0,TCS.NS,123
2020-07-03 00:00:00+05:30,1860.8799387423696,1896.443717850164,1857.9558011273543,1891.84228515625,4185208,0.0,0.0,TCS.NS,124
2020-07-06 00:00:00+05:30,1896.443997114584,1952.2621514062516,1896.443997114584,1946.499755859375,5190366,0.0,0.0,TCS.NS,125
2020-07-07 00:00:00+05:30,1956.648379512364,1980.4721441598458,1919.7945007690462,1952.261962890625,5630055,0.0,0.0,TCS.NS,126
2020-07-08 00:00:00+05:30,1952.347849738145,1956.1320523283996,1898.6798694893826,1908.3984375,2793358,0.0,0.0,TCS.NS,127
2020-07-09 00:00:00+05:30,1917.0850414740562,1930.416050062144,1884.4456140553605,1895.884521484375,3443998,0.0,0.0,TCS.NS,128
2020-07-10 00:00:00+05:30,1896.6586468660116,1935.017636037668,1871.5017415623813,1911.3658447265625,9610320,0.0,0.0,TCS.NS,129
2020-07-13 00:00:00+05:30,1909.3446044921875,1930.8031876689274,1900.743953120601,1909.3446044921875,2963503,0.0,0.0,TCS.NS,130
2020-07-14 00:00:00+05:30,1900.7435804542267,1925.6854645416352,1862.0406568703172,1868.01806640625,2976738,0.0,0.0,TCS.NS,131
2020-07-15 00:00:00+05:30,1879.24257578152,1943.747469687064,1875.8884052891788,1921.2996826171875,5569321,0.0,0.0,TCS.NS,132
2020-07-16 00:00:00+05:30,1934.3156120214092,2011.0331206978376,1913.714028140258,1926.3421630859375,8582118,5.0,0.0,TCS.NS,133
2020-07-17 00:00:00+05:30,1928.281848994572,1934.2295273357827,1887.8112461086052,1897.0345458984375,4509135,0.0,0.0,TCS.NS,134
2020-07-20 00:00:00+05:30,1897.2495887127611,1919.57515848531,1888.4572883194262,1903.197265625,2952646,0.0,0.0,TCS.NS,135
2020-07-21 00:00:00+05:30,1922.2481548595786,1929.704324734013,1897.379523923594,1917.9813232421875,2665286,0.0,0.0,TCS.NS,136
2020-07-22 00:00:00+05:30,1923.109713519894,1923.109713519894,1882.768329165536,1888.5867919921875,2861534,0.0,0.0,TCS.NS,137
2020-07-23 00:00:00+05:30,1888.58689213627,1888.58689213627,1864.4941868735057,1871.5625,2265766,0.0,0.0,TCS.NS,138
2020-07-24 00:00:00+05:30,1857.166926407,1864.4938787738874,1831.8243753406698,1859.6666259765625,3665100,0.0,0.0,TCS.NS,139
2020-07-27 00:00:00+05:30,1866.21774012167,1909.3174569836021,1864.924748615812,1902.2491455078125,4248480,0.0,0.0,TCS.NS,140
2020-07-28 00:00:00+05:30,1909.3171390154,1999.8265293524732,1909.3171390154,1990.9910888671875,8092319,0.0,0.0,TCS.NS,141
2020-07-29 00:00:00+05:30,1975.6913971605438,2018.791122229491,1936.0827919117567,1961.942626953125,6090431,0.0,0.0,TCS.NS,142
2020-07-30 00:00:00+05:30,1970.4329398165776,2032.5828210253756,1958.6668002862211,1964.916259765625,7098496,0.0,0.0,TCS.NS,143
2020-07-31 00:00:00+05:30,1985.3028263583947,2012.5850823705387,1945.9097142845185,1966.554443359375,4723290,0.0,0.0,TCS.NS,144
2020-08-03 00:00:00+05:30,1974.3555098692739,1985.906363897298,1922.8513319873985,1943.0650634765625,4012337,0.0,0.0,TCS.NS,145
2020-08-04 00:00:00+05:30,1948.0642023664232,1956.4255059576083,1917.9806819828461,1939.228759765625,2927928,0.0,0.0,TCS.NS,146
2020-08-05 00:00:00+05:30,1948.1075109088017,1982.5872898629398,1942.0735495918275,1947.676513671875,3800641,0.0,0.0,TCS.NS,147
2020-08-06 00:00:00+05:30,1961.0369968070584,1999.3957424588887,1952.7188361425883,1989.569091796875,4748047,0.0,0.0,TCS.NS,148
2020-08-07 00:00:00+05:30,1989.4831247445954,2006.7230131739248,1971.3812418937998,1978.5789794921875,3165491,0.0,0.0,TCS.NS,149
2020-08-10 00:00:00+05:30,1998.1035209487902,2004.1374832639935,1961.9428888779735,1967.7613525390625,2929353,0.0,0.0,TCS.NS,150
2020-08-11 00:00:00+05:30,1967.9333754351624,1992.931215070563,1961.5547005349317,1965.2611083984375,2774423,0.0,0.0,TCS.NS,151
2020-08-12 00:00:00+05:30,1972.544946202677,1979.4838326827264,1936.5135386171892,1945.8231201171875,3415751,0.0,0.0,TCS.NS,152
2020-08-13 00:00:00+05:30,1959.3135266222068,1982.5873784562584,1939.9186500938304,1943.323486328125,2695682,0.0,0.0,TCS.NS,153
2020-08-14 00:00:00+05:30,1962.76178868853,1966.4684077176641,1924.9203082987756,1932.72119140625,2270405,0.0,0.0,TCS.NS,154
2020-08-17 00:00:00+05:30,1950.6935663947902,1956.7275279346768,1929.3592023787623,1942.4183349609375,2625630,0.0,0.0,TCS.NS,155
2020-08-18 00:00:00+05:30,1950.521508458572,1973.1057258788308,1938.0225862107595,1956.5123291015625,3493374,0.0,0.0,TCS.NS,156
2020-08-19 00:00:00+05:30,1962.2011481804248,1969.3126023847476,1941.6424963924185,1945.1767578125,2843005,0.0,0.0,TCS.NS,157
2020-08-20 00:00:00+05:30,1945.5214065321336,1962.373439537834,1930.910643198258,1941.9442138671875,2895164,0.0,0.0,TCS.NS,158
2020-08-21 00:00:00+05:30,1948.1074140529709,1957.5893527939368,1931.7726616751515,1938.28076171875,1975294,0.0,0.0,TCS.NS,159
2020-08-24 00:00:00+05:30,1940.004595279982,1948.0641162959087,1922.2474272437946,1937.849609375,2167966,0.0,0.0,TCS.NS,160
2020-08-25 00:00:00+05:30,1935.1775044976569,1939.4874766680302,1925.3077103170738,1933.1517333984375,1663419,0.0,0.0,TCS.NS,161
2020-08-26 00:00:00+05:30,1932.5917017538688,1948.021319386222,1910.5676998160275,1942.504638671875,2618149,0.0,0.0,TCS.NS,162
2020-08-27 00:00:00+05:30,1953.279094095345,1971.682756676478,1932.3757322101676,1938.10791015625,3579393,0.0,0.0,TCS.NS,163
2020-08-28 00:00:00+05:30,1955.3475884880236,1965.3036637372152,1926.6433495548665,1929.6171875,2941136,0.0,0.0,TCS.NS,164
2020-08-31 00:00:00+05:30,1930.868140159486,1962.0723064064068,1920.524203694346,1945.737548828125,6018154,0.0,0.0,TCS.NS,165
2020-09-01 00:00:00+05:30,1955.8652753218382,1963.623224849338,1931.9880727545483,1936.3411865234375,3610908,0.0,0.0,TCS.NS,166
2020-09-02 00:00:00+05:30,1936.9012736938155,1955.6496505086088,1932.2895198154101,1952.54638671875,2084137,0.0,0.0,TCS.NS,167
2020-09-03 00:00:00+05:30,1955.0030634631848,2003.2747440425228,1955.0030634631848,1982.1558837890625,4654146,0.0,0.0,TCS.NS,168
2020-09-04 00:00:00+05:30,1961.0375389669784,2003.4907692061538,1950.6504628797968,1972.93310546875,5231303,0.0,0.0,TCS.NS,169
2020-09-07 00:00:00+05:30,1973.1052447454504,2020.0839410489134,1968.23506040873,2005.9041748046875,4620401,0.0,0.0,TCS.NS,170
2020-09-08 00:00:00+05:30,2013.5757008332173,2060.5543938657274,2005.9040351409906,2024.1351318359375,7453998,0.0,0.0,TCS.NS,171
2020-09-09 00:00:00+05:30,2004.1371855036693,2033.4449981088842,1999.827213061726,2006.42138671875,3866535,0.0,0.0,TCS.NS,172
2020-09-10 00:00:00+05:30,2012.756506070657,2024.393428054363,2003.5332099953553,2009.437744140625,2308813,0.0,0.0,TCS.NS,173
2020-09-11 00:00:00+05:30,2009.266113366222,2054.132970870747,2008.576475650671,2046.4613037109375,4145424,0.0,0.0,TCS.NS,174
2020-09-14 00:00:00+05:30,2055.0809235784254,2159.9424576673623,2053.141436187524,2147.57275390625,7512131,0.0,0.0,TCS.NS,175
2020-09-15 00:00:00+05:30,2147.57275390625,2187.7417769369513,2124.471472452903,2147.57275390625,7318770,0.0,0.0,TCS.NS,176
2020-09-16 00:00:00+05:30,2145.460957859904,2161.537279973876,2135.4188071008543,2157.572021484375,3074003,0.0,0.0,TCS.NS,177
2020-09-17 00:00:00+05:30,2137.745985610589,2151.322396607914,2112.4034359280504,2121.324951171875,4828176,0.0,0.0,TCS.NS,178
2020-09-18 00:00:00+05:30,2142.0561371986855,2155.330767109225,2100.163124139118,2111.800048828125,4183256,0.0,0.0,TCS.NS,179
2020-09-21 00:00:00+05:30,2124.8167989701587,2159.210301111039,2113.7400836077218,2125.075439453125,4598809,0.0,0.0,TCS.NS,180
2020-09-22 00:00:00+05:30,2142.056392861508,2202.3960095618318,2118.7825407056685,2174.76904296875,7499613,0.0,0.0,TCS.NS,181
2020-09-23 00:00:00+05:30,2163.6066263137977,2172.0973580105706,2076.5451644581426,2126.9287109375,7502280,0.0,0.0,TCS.NS,182
2020-09-24 00:00:00+05:30,2111.886445220381,2111.886445220381,1984.8285448993308,2010.3865966796875,8424708,0.0,0.0,TCS.NS,183
2020-09-25 00:00:00+05:30,2041.2029348478256,2103.266537596577,2027.4973067532917,2088.00927734375,8228267,0.0,0.0,TCS.NS,184
2020-09-28 00:00:00+05:30,2103.2668033457016,2106.714781711842,2039.4792035721025,2091.45751953125,4347166,0.0,0.0,TCS.NS,185
2020-09-29 00:00:00+05:30,2098.828139424976,2164.5121016106923,2091.458041737566,2144.98779296875,6995811,0.0,0.0,TCS.NS,186
2020-09-30 00:00:00+05:30,2145.5040092723084,2159.295919335931,2120.5061722819923,2148.3486328125,3917166,0.0,0.0,TCS.NS,187
2020-10-01 00:00:00+05:30,2163.6056817057115,2189.4655105707197,2148.3484247649217,2175.199462890625,2610337,0.0,0.0,TCS.NS,188
2020-10-05 00:00:00+05:30,2258.4258316620735,2351.6075312620997,2243.8150654132287,2332.385009765625,17412105,0.0,0.0,TCS.NS,189
2020-10-06 00:00:00+05:30,2358.416415949489,2358.416415949489,2284.3711894085686,2339.711181640625,9846367,0.0,0.0,TCS.NS,190
2020-10-07 00:00:00+05:30,2363.588643362649,2387.7244865479715,2329.9708617830925,2358.37353515625,9656101,0.0,0.0,TCS.NS,191
2020-10-08 00:00:00+05:30,2413.5838508624497,2486.8533606207743,2413.5838508624497,2435.737060546875,19839329,0.0,0.0,TCS.NS,192
2020-10-09 00:00:00+05:30,2422.203985074263,2439.3146561230465,2396.344156052118,2424.746826171875,7739245,0.0,0.0,TCS.NS,193
2020-10-12 00:00:00+05:30,2426.945173305336,2460.1319568863187,2414.230756219116,2439.444091796875,4623203,0.0,0.0,TCS.NS,194
2020-10-13 00:00:00+05:30,2452.374951727693,2460.9086151837078,2424.1014831296125,2436.47119140625,4209878,0.0,0.0,TCS.NS,195
2020-10-14 00:00:00+05:30,2460.233159154899,2460.233159154899,2413.0974887159787,2432.185546875,4395936,12.0,0.0,TCS.NS,196
2020-10-15 00:00:00+05:30,2433.396904172982,2447.8968679385093,2360.6806679757105,2372.453857421875,6629355,0.0,0.0,TCS.NS,197
2020-10-16 00:00:00+05:30,2380.6781833847426,2399.333195222114,2364.4035517341244,2392.10498046875,5273773,0.0,0.0,TCS.NS,198
2020-10-19 00:00:00+05:30,2401.368168881869,2401.368168881869,2343.022105408896,2347.30712890625,3331194,0.0,0.0,TCS.NS,199
2020-10-20 00:00:00+05:30,2358.949231318028,2389.1610103297207,2352.846219478079,2371.068603515625,3406273,0.0,0.0,TCS.NS,200
2020-10-21 00:00:00+05:30,2371.0696242475433,2379.7263224010576,2305.3220440406367,2316.012939453125,4570143,0.0,0.0,TCS.NS,201
2020-10-22 00:00:00+05:30,2303.5467901102547,2325.751130662899,2283.7230409416024,2312.333251953125,5262294,0.0,0.0,TCS.NS,202
2020-10-23 00:00:00+05:30,2326.746773108169,2339.0392390532675,2311.4244635891673,2325.881103515625,3499091,0.0,0.0,TCS.NS,203
2020-10-26 00:00:00+05:30,2328.6076951053396,2345.921085594935,2311.770465123228,2327.0927734375,2672752,0.0,0.0,TCS.NS,204
2020-10-27 00:00:00+05:30,2337.0915091801853,2353.0197453269852,2271.6036882938483,2276.8408203125,3537502,0.0,0.0,TCS.NS,205
2020-10-28 00:00:00+05:30,2294.0248903894976,2299.1755832517174,2255.9354205113323,2269.959228515625,3569445,0.0,0.0,TCS.NS,206
2020-10-29 00:00:00+05:30,2257.6662126945153,2298.352682018381,2250.957273603878,2279.0048828125,3105968,0.0,0.0,TCS.NS,207
2020-10-30 00:00:00+05:30,2281.9918800354617,2315.1037445996953,2269.4396699392164,2306.8798828125,3427003,0.0,0.0,TCS.NS,208
2020-11-02 00:00:00+05:30,2302.6814055885575,2306.8799881781574,2250.7845492617084,2254.723388671875,2571196,0.0,0.0,TCS.NS,209
2020-11-03 00:00:00+05:30,2254.203730968462,2307.0095787369246,2251.650047812619,2279.82763671875,2879269,0.0,0.0,TCS.NS,210
2020-11-04 00:00:00+05:30,2259.397421733564,2356.2226409922528,2259.397421733564,2296.7509765625,4893928,0.0,0.0,TCS.NS,211
2020-11-05 00:00:00+05:30,2324.322540433377,2345.964277308921,2308.740489882986,2324.928466796875,2816502,0.0,0.0,TCS.NS,212
2020-11-06 00:00:00+05:30,2336.4419709613817,2348.7777612860204,2321.1196631429543,2343.7568359375,3884421,0.0,0.0,TCS.NS,213
2020-11-09 00:00:00+05:30,2364.230474376874,2375.397528365028,2333.066366861881,2360.3349609375,3646592,0.0,0.0,TCS.NS,214
2020-11-10 00:00:00+05:30,2334.8839681976215,2348.6913558436745,2283.939439800789,2293.67822265625,4760020,0.0,0.0,TCS.NS,215
2020-11-11 00:00:00+05:30,2309.5629574923623,2331.0749296385166,2288.310728471664,2326.74658203125,3242441,0.0,0.0,TCS.NS,216
2020-11-12 00:00:00+05:30,2325.1887899233507,2348.561871579319,2304.1962999175275,2312.2470703125,2437505,0.0,0.0,TCS.NS,217
2020-11-13 00:00:00+05:30,2299.0017805719995,2306.9225719794517,2281.9048079027734,2299.9541015625,2548093,0.0,0.0,TCS.NS,218
2020-11-14 00:00:00+05:30,2318.21958636772,2327.7852765750627,2302.7241869151676,2311.640625,298819,0.0,0.0,TCS.NS,219
2020-11-17 00:00:00+05:30,2332.979796231569,2332.979796231569,2294.06798624063,2307.918701171875,2827273,0.0,0.0,TCS.NS,220
2020-11-18 00:00:00+05:30,2303.5461293022854,2306.3162289399893,2256.8433103627817,2273.810302734375,2893762,0.0,0.0,TCS.NS,221
2020-11-19 00:00:00+05:30,2282.770977679126,2316.661861581016,2277.447193611673,2282.684326171875,4167501,0.0,0.0,TCS.NS,222
2020-11-20 00:00:00+05:30,2298.3526957199747,2316.531756590076,2274.5901084230777,2302.8974609375,2711471,0.0,0.0,TCS.NS,223
2020-11-23 00:00:00+05:30,2328.6511106124394,2363.277892926379,2307.009371666227,2358.30029296875,3706418,0.0,0.0,TCS.NS,224
2020-11-24 00:00:00+05:30,2367.0876246783882,2374.532470150949,2341.6370148590295,2356.396728515625,3120516,0.0,0.0,TCS.NS,225
2020-11-25 00:00:00+05:30,2362.4118621450084,2365.831214106654,2327.092507316259,2338.432861328125,3302249,0.0,0.0,TCS.NS,226
2020-11-26 00:00:00+05:30,2325.1878924345483,2364.099687754864,2319.9938762935926,2355.14013671875,2341099,0.0,0.0,TCS.NS,227
2020-11-27 00:00:00+05:30,2341.6364610983064,2352.6304236558776,2310.5156786810176,2319.691650390625,6086808,0.0,0.0,TCS.NS,228
2020-12-01 00:00:00+05:30,2319.128525156252,2368.385033780364,2271.9062129927693,2360.507568359375,3605017,0.0,0.0,TCS.NS,229
2020-12-02 00:00:00+05:30,2353.7556555995443,2384.6600182238285,2339.428781370178,2380.201904296875,2509032,0.0,0.0,TCS.NS,230
2020-12-03 00:00:00+05:30,2401.280390609219,2401.280390609219,2338.000080942975,2345.488037109375,2852548,0.0,0.0,TCS.NS,231
2020-12-04 00:00:00+05:30,2346.6572603521954,2370.939335588327,2336.4423165141206,2361.1572265625,2686527,0.0,0.0,TCS.NS,232
2020-12-07 00:00:00+05:30,2350.292461782409,2375.3968748180228,2342.631202921443,2369.943115234375,1996400,0.0,0.0,TCS.NS,233
2020-12-08 00:00:00+05:30,2371.9346876491622,2428.6793718070185,2365.3988399451932,2421.53759765625,4277818,0.0,0.0,TCS.NS,234
2020-12-09 00:00:00+05:30,2436.8596465902087,2458.501384126534,2417.9446834454234,2433.223876953125,3659996,0.0,0.0,TCS.NS,235
2020-12-10 00:00:00+05:30,2439.4569591125182,2447.507728748379,2406.777931360035,2410.283935546875,2127801,0.0,0.0,TCS.NS,236
2020-12-11 00:00:00+05:30,2417.555445053574,2430.540489028881,2393.186930397962,2409.677978515625,1795408,0.0,0.0,TCS.NS,237
2020-12-14 00:00:00+05:30,2425.606455114191,2427.3377944825806,2386.0020670622725,2421.884033203125,2483658,0.0,0.0,TCS.NS,238
2020-12-15 00:00:00+05:30,2411.755668773614,2419.2869525341393,2384.919909357971,2390.590087890625,2365509,0.0,0.0,TCS.NS,239
2020-12-16 00:00:00+05:30,2405.695951136479,2441.0153150342803,2389.6377369014285,2436.16748046875,2565149,0.0,0.0,TCS.NS,240
2020-12-17 00:00:00+05:30,2433.3971890710122,2470.361237863296,2428.203171591672,2456.943359375,2863460,0.0,0.0,TCS.NS,241
2020-12-18 00:00:00+05:30,2482.73986163601,2508.7099438706964,2463.8682262764573,2476.68017578125,6076692,0.0,0.0,TCS.NS,242
2020-12-21 00:00:00+05:30,2476.6812994066313,2498.755879320951,2410.8903945639527,2441.318603515625,2705195,0.0,0.0,TCS.NS,243
2020-12-22 00:00:00+05:30,2453.30770591955,2496.288118064248,2440.0195926991205,2486.635986328125,2881737,0.0,0.0,TCS.NS,244
2020-12-23 00:00:00+05:30,2489.709246196427,2526.8897155001073,2480.5330633424105,2518.0166015625,2790988,0.0,0.0,TCS.NS,245
2020-12-24 00:00:00+05:30,2518.233063890685,2528.9241688271745,2495.898744190108,2518.5361328125,1807144,0.0,0.0,TCS.NS,246
2020-12-28 00:00:00+05:30,2519.0984289957796,2553.465468386941,2512.1730724899494,2535.892333984375,2108994,0.0,0.0,TCS.NS,247
2020-12-29 00:00:00+05:30,2527.7554391582066,2555.4568686284338,2527.7554391582066,2536.844970703125,1994151,0.0,0.0,TCS.NS,248
2020-12-30 00:00:00+05:30,2540.2208565055953,2551.7343047574036,2512.1732452660362,2518.49267578125,2637968,0.0,0.0,TCS.NS,249
2020-12-31 00:00:00+05:30,2510.441253424919,2514.769600413583,2462.829436549619,2478.195068359375,4040956,0.0,0.0,TCS.NS,250
2021-01-01 00:00:00+05:30,2493.1288952446,2545.0690805621957,2492.2632254893065,2534.8974609375,2681440,0.0,0.0,TCS.NS,251
2021-01-04 00:00:00+05:30,2553.7248464547456,2640.9410424819716,2545.890495758471,2631.158935546875,5113293,0.0,0.0,TCS.NS,252
2021-01-05 00:00:00+05:30,2631.2896804059933,2695.9118383773275,2631.2896804059933,2677.516357421875,5801309,0.0,0.0,TCS.NS,253
2021-01-06 00:00:00+05:30,2683.575548462334,2695.262087141122,2629.2114595986577,2641.590576171875,3726716,0.0,0.0,TCS.NS,254
2021-01-07 00:00:00+05:30,2661.93404725628,2666.998299006181,2597.2252439937083,2625.40283203125,3717827,0.0,0.0,TCS.NS,255
2021-01-08 00:00:00+05:30,2674.918864641624,2707.814306989968,2648.9487785771425,2701.66796875,5879039,0.0,0.0,TCS.NS,256
2021-01-11 00:00:00+05:30,2796.1130001916113,2796.1130001916113,2723.8729093751917,2749.75634765625,9508039,0.0,0.0,TCS.NS,257
2021-01-12 00:00:00+05:30,2749.756526769587,2778.7997880067237,2726.859605053327,2748.37158203125,3611458,0.0,0.0,TCS.NS,258
2021-01-13 00:00:00+05:30,2748.500727525858,2750.2320665668194,2706.2993384024294,2734.606689453125,3572801,0.0,0.0,TCS.NS,259
2021-01-14 00:00:00+05:30,2736.3854899940043,2833.091348039751,2706.376233201948,2819.3876953125,6931542,6.0,0.0,TCS.NS,260
2021-01-15 00:00:00+05:30,2805.7700994774764,2839.5954577091984,2784.0871775340647,2804.339111328125,4131692,0.0,0.0,TCS.NS,261
2021-01-18 00:00:00+05:30,2818.779777313135,2824.634166081401,2764.4856575189,2794.278076171875,4160906,0.0,0.0,TCS.NS,262
2021-01-19 00:00:00+05:30,2804.035907922437,2843.932490590062,2803.1685909079238,2828.060546875,2975735,0.0,0.0,TCS.NS,263
2021-01-20 00:00:00+05:30,2836.1266221225137,2886.3876004923163,2833.6114874929526,2869.778564453125,3453446,0.0,0.0,TCS.NS,264
2021-01-21 00:00:00+05:30,2866.482906390826,2870.0821875198885,2829.275088916032,2839.466064453125,2778546,0.0,0.0,TCS.NS,265
2021-01-22 00:00:00+05:30,2811.7552290237168,2883.829364918048,2811.7552290237168,2864.835205078125,3052459,0.0,0.0,TCS.NS,266
2021-01-25 00:00:00+05:30,2869.9084013829615,2896.6652141947725,2843.628655246773,2854.600341796875,2272887,0.0,0.0,TCS.NS,267
2021-01-27 00:00:00+05:30,2862.145966901448,2867.7401189418397,2798.831828845749,2828.364013671875,2786662,0.0,0.0,TCS.NS,268
2021-01-28 00:00:00+05:30,2801.4340763040354,2840.4633436209647,2761.3640708747866,2772.42236328125,3083938,0.0,0.0,TCS.NS,269
2021-01-29 00:00:00+05:30,2784.1312536285777,2790.0290521614993,2688.6829659865866,2698.527099609375,5445659,0.0,0.0,TCS.NS,270
2021-02-01 00:00:00+05:30,2688.6829992710036,2745.0586105460407,2640.2000582734067,2722.81201171875,3985846,0.0,0.0,TCS.NS,271
2021-02-02 00:00:00+05:30,2752.8640518252305,2796.22990015266,2732.0484446280643,2778.406494140625,2881837,0.0,0.0,TCS.NS,272
2021-02-03 00:00:00+05:30,2786.68972142083,2806.6380138555264,2743.0202226311612,2775.4580078125,2505866,0.0,0.0,TCS.NS,273
2021-02-04 00:00:00+05:30,2789.3347613949722,2808.242313539117,2754.598674675003,2765.396728515625,2057261,0.0,0.0,TCS.NS,274
2021-02-05 00:00:00+05:30,2774.503599551176,2780.4882137372515,2713.834819396082,2738.943603515625,2366135,0.0,0.0,TCS.NS,275
2021-02-08 00:00:00+05:30,2766.3074725517463,2797.964541919402,2736.515049968468,2787.6435546875,2526592,0.0,0.0,TCS.NS,276
2021-02-09 00:00:00+05:30,2771.076935384538,2815.1366673482394,2744.190116919148,2755.37841796875,2658751,0.0,0.0,TCS.NS,277
2021-02-10 00:00:00+05:30,2762.4045940346355,2792.2402135852535,2738.3799559273443,2786.94970703125,2127983,0.0,0.0,TCS.NS,278
2021-02-11 00:00:00+05:30,2788.424261501262,2792.1537670931702,2762.4481587085925,2780.618408203125,1165882,0.0,0.0,TCS.NS,279
2021-02-12 00:00:00+05:30,2761.7104381985223,2814.877006663674,2759.8023833627517,2767.434814453125,2777404,0.0,0.0,TCS.NS,280
2021-02-15 00:00:00+05:30,2783.220247051006,2783.220247051006,2716.046587894049,2723.245361328125,2630853,0.0,0.0,TCS.NS,281
2021-02-16 00:00:00+05:30,2732.0486043077217,2747.3566649630898,2688.6827534456943,2696.315185546875,3435770,0.0,0.0,TCS.NS,282
2021-02-17 00:00:00+05:30,2693.105949070788,2717.173994459445,2641.457182292696,2665.351806640625,3678426,0.0,0.0,TCS.NS,283
2021-02-18 00:00:00+05:30,2658.326540580916,2686.8611844905117,2628.837763295516,2651.691650390625,4189909,0.0,0.0,TCS.NS,284
2021-02-19 00:00:00+05:30,2652.2556401064417,2677.5378483797454,2615.958335479955,2664.26806640625,3725028,0.0,0.0,TCS.NS,285
2021-02-22 00:00:00+05:30,2685.2135640669753,2685.2135640669753,2552.6440693978784,2565.9140625,5366696,0.0,0.0,TCS.NS,286
2021-02-23 00:00:00+05:30,2575.9309985279638,2626.2353749301933,2574.1963648589212,2584.777587890625,3832829,0.0,0.0,TCS.NS,287
2021-02-24 00:00:00+05:30,2577.6662929597965,2604.856767390992,2533.563135920015,2556.9375,3774549,0.0,0.0,TCS.NS,288
2021-02-25 00:00:00+05:30,2579.400860674548,2627.883798205514,2574.587208783475,2597.874755859375,4224073,0.0,0.0,TCS.NS,289
2021-02-26 00:00:00+05:30,2567.257819935516,2577.969267498008,2497.8724734507728,2510.275146484375,5553153,0.0,0.0,TCS.NS,290
2021-03-01 00:00:00+05:30,2537.7697091460395,2571.5950743738917,2516.7806787130944,2536.20849609375,3265871,0.0,0.0,TCS.NS,291
2021-03-02 00:00:00+05:30,2567.258269239671,2623.6338731250016,2556.850465445456,2607.45849609375,3306469,0.0,0.0,TCS.NS,292
2021-03-03 00:00:00+05:30,2632.307048625571,2657.459241182454,2599.26218680881,2653.20947265625,3509857,0.0,0.0,TCS.NS,293
2021-03-04 00:00:00+05:30,2621.8990768254853,2672.5937089849403,2615.8712665173402,2645.056396484375,3916760,0.0,0.0,TCS.NS,294
2021-03-05 00:00:00+05:30,2615.91480530581,2656.7653076598276,2599.0021243430324,2608.932861328125,3203686,0.0,0.0,TCS.NS,295
2021-03-08 00:00:00+05:30,2615.828265686905,2630.5726557786415,2598.4819244025093,2607.97900390625,2003125,0.0,0.0,TCS.NS,296
2021-03-09 00:00:00+05:30,2607.979160169022,2659.974778934964,2595.099628042051,2646.14111328125,1942397,0.0,0.0,TCS.NS,297
2021-03-10 00:00:00+05:30,2666.999981158492,2682.785109429216,2653.990225152841,2663.4873046875,3053778,0.0,0.0,TCS.NS,298
2021-03-12 00:00:00+05:30,2666.999710906582,2703.42702403116,2637.8145792568857,2652.2119140625,2938317,0.0,0.0,TCS.NS,299
2021-03-15 00:00:00+05:30,2637.510794294109,2687.815176427966,2637.510794294109,2659.32373046875,3097083,0.0,0.0,TCS.NS,300
2021-03-16 00:00:00+05:30,2653.989913464924,2724.242587644878,2653.989913464924,2697.399169921875,4894756,0.0,0.0,TCS.NS,301
2021-03-17 00:00:00+05:30,2693.0191791112024,2736.3850274060687,2675.933077232486,2699.914306640625,3838390,0.0,0.0,TCS.NS,302
2021-03-18 00:00:00+05:30,2711.1893687333422,2728.9693661508304,2590.7191294669396,2633.60791015625,3656306,0.0,0.0,TCS.NS,303
2021-03-19 00:00:00+05:30,2627.9704735673467,2687.815345737692,2606.287548867946,2645.490234375,5776626,0.0,0.0,TCS.NS,304
2021-03-22 00:00:00+05:30,2644.189171980529,2722.8981860522467,2618.1262549990556,2714.3984375,2821646,0.0,0.0,TCS.NS,305
2021-03-23 00:00:00+05:30,2723.375506230923,2748.52770039675,2708.5011036904066,2725.630615234375,3305973,0.0,0.0,TCS.NS,306
2021-03-24 00:00:00+05:30,2698.396832375288,2734.0436487376264,2698.3534241722164,2706.9833984375,2207104,0.0,0.0,TCS.NS,307
2021-03-25 00:00:00+05:30,2699.2641131064956,2715.439703331827,2645.317034297501,2658.19677734375,3179786,0.0,0.0,TCS.NS,308
2021-03-26 00:00:00+05:30,2680.5735698388994,2704.2947777486856,2639.289402012117,2659.88818359375,3697370,0.0,0.0,TCS.NS,309
2021-03-30 00:00:00+05:30,2673.938508919204,2765.397050989307,2654.7707171015195,2739.46435546875,4694008,0.0,0.0,TCS.NS,310
2021-03-31 00:00:00+05:30,2736.385091308138,2779.750940615715,2716.436800626652,2756.203369140625,3530069,0.0,0.0,TCS.NS,311
2021-04-01 00:00:00+05:30,2767.695654530096,2788.4244483116113,2727.7122519253553,2745.05859375,4285076,0.0,0.0,TCS.NS,312
2021-04-05 00:00:00+05:30,2750.261855809513,2830.055009620448,2732.915518024527,2809.152587890625,5317862,0.0,0.0,TCS.NS,313
2021-04-06 00:00:00+05:30,2840.4631926612587,2840.4631926612587,2801.433927418585,2831.52978515625,2291562,0.0,0.0,TCS.NS,314
2021-04-07 00:00:00+05:30,2826.585930726271,2842.674702445161,2805.5969029549656,2837.340576171875,2491268,0.0,0.0,TCS.NS,315
2021-04-08 00:00:00+05:30,2836.1267884154877,2892.5023973595266,2832.7009283752777,2877.1943359375,2578118,0.0,0.0,TCS.NS,316
2021-04-09 00:00:00+05:30,2908.9809154011305,2909.2845610184704,2869.084337551264,2881.443603515625,2911129,0.0,0.0,TCS.NS,317
2021-04-12 00:00:00+05:30,2881.4436915230553,2895.1907496618546,2786.8627372733504,2815.787841796875,3791828,0.0,0.0,TCS.NS,318
2021-04-13 00:00:00+05:30,2787.55651925577,2787.55651925577,2665.3082444337592,2692.195068359375,8654596,0.0,0.0,TCS.NS,319
2021-04-15 00:00:00+05:30,2740.9820387955283,2807.7220415767556,2677.7979087714425,2791.85009765625,6062760,0.0,0.0,TCS.NS,320
2021-04-16 00:00:00+05:30,2800.566528140873,2816.178233779317,2760.323104971808,2771.207763671875,3224657,0.0,0.0,TCS.NS,321
2021-04-19 00:00:00+05:30,2748.5278437907723,2765.8741854997706,2719.1258792929543,2742.283203125,2679106,0.0,0.0,TCS.NS,322
2021-04-20 00:00:00+05:30,2797.0968884735703,2797.4005340751078,2711.536164475454,2727.3212890625,3141893,0.0,0.0,TCS.NS,323
2021-04-22 00:00:00+05:30,2730.313648680331,2730.313648680331,2693.2358505605457,2704.988037109375,1988980,0.0,0.0,TCS.NS,324
2021-04-23 00:00:00+05:30,2693.0187051996654,2705.1611405854287,2680.919678004019,2696.921630859375,1615309,0.0,0.0,TCS.NS,325
2021-04-26 00:00:00+05:30,2690.4603668018553,2734.650119436634,2678.3179304960786,2689.376220703125,2490260,0.0,0.0,TCS.NS,326
2021-04-27 00:00:00+05:30,2693.8870104403636,2719.9933407974654,2691.285059045862,2716.437255859375,1471417,0.0,0.0,TCS.NS,327
2021-04-28 00:00:00+05:30,2732.0054693080297,2732.9161946166687,2699.0908275617494,2709.58544921875,1639037,0.0,0.0,TCS.NS,328
2021-04-29 00:00:00+05:30,2728.232827356028,2738.4238035533263,2693.4533260178005,2701.90966796875,1621395,0.0,0.0,TCS.NS,329
2021-04-30 00:00:00+05:30,2687.8154679957943,2716.4803381017155,2619.297422829073,2632.870849609375,3072305,0.0,0.0,TCS.NS,330
2021-05-03 00:00:00+05:30,2623.547127572062,2649.653454159764,2605.420286839912,2634.041748046875,1545831,0.0,0.0,TCS.NS,331
2021-05-04 00:00:00+05:30,2656.4186271847993,2680.0096079212435,2632.3071715342962,2645.10009765625,1990777,0.0,0.0,TCS.NS,332
2021-05-05 00:00:00+05:30,2662.663121026859,2688.1621554674107,2647.3982575233513,2684.953125,1939289,0.0,0.0,TCS.NS,333
2021-05-06 00:00:00+05:30,2693.4532750953963,2718.1718126385354,2666.1327862319263,2698.61376953125,1791671,0.0,0.0,TCS.NS,334
2021-05-07 00:00:00+05:30,2717.304345701702,2740.591893433538,2698.917266401351,2717.217529296875,1912540,0.0,0.0,TCS.NS,335
2021-05-10 00:00:00+05:30,2728.535269745392,2744.3638014912017,2710.3650249674633,2728.14501953125,2137153,0.0,0.0,TCS.NS,336
2021-05-11 00:00:00+05:30,2710.365167155714,2713.053934100444,2681.006406966172,2708.28369140625,2415625,0.0,0.0,TCS.NS,337
2021-05-12 00:00:00+05:30,2706.0287171231325,2706.0287171231325,2663.183347134265,2677.927734375,1978558,0.0,0.0,TCS.NS,338
2021-05-14 00:00:00+05:30,2687.3813245743,2687.3813245743,2636.6432876249387,2646.617431640625,2043935,0.0,0.0,TCS.NS,339
2021-05-17 00:00:00+05:30,2649.653849592037,2667.1736133838963,2633.1748240135594,2662.44677734375,2890462,0.0,0.0,TCS.NS,340
2021-05-18 00:00:00+05:30,2688.682412872553,2709.4980186496305,2669.6014409102313,2678.968505859375,2098538,0.0,0.0,TCS.NS,341
2021-05-19 00:00:00+05:30,2674.8051903568094,2704.2939635319494,2660.147620153961,2673.070556640625,1986041,0.0,0.0,TCS.NS,342
2021-05-20 00:00:00+05:30,2660.147780857133,2678.9685154652675,2647.1380271998105,2653.98974609375,2329027,0.0,0.0,TCS.NS,343
2021-05-21 00:00:00+05:30,2654.8568528343612,2678.4478285826176,2649.7397681664884,2671.76953125,1685566,0.0,0.0,TCS.NS,344
2021-05-24 00:00:00+05:30,2672.637939453125,2693.0198935589656,2664.3984260911893,2672.637939453125,1652260,0.0,0.0,TCS.NS,345
2021-05-25 00:00:00+05:30,2694.8618248735547,2726.4558550002257,2686.233471414257,2714.0361328125,1841613,15.0,0.0,TCS.NS,346
2021-05-26 00:00:00+05:30,2719.2655174034353,2758.4856931352156,2705.1462966966087,2752.820556640625,1923753,0.0,0.0,TCS.NS,347
2021-05-27 00:00:00+05:30,2755.8273912259992,2804.460451637124,2755.696742420264,2771.55908203125,5959785,0.0,0.0,TCS.NS,348
2021-05-28 00:00:00+05:30,2779.838967765765,2787.24722336257,2732.905404548071,2739.83447265625,1763701,0.0,0.0,TCS.NS,349
2021-05-31 00:00:00+05:30,2745.4122790029396,2763.14859899798,2726.76099180802,2753.386962890625,1652799,0.0,0.0,TCS.NS,350
2021-06-01 00:00:00+05:30,2761.622776857679,2762.7992541976023,2729.7236225915794,2748.0263671875,1377441,0.0,0.0,TCS.NS,351
2021-06-02 00:00:00+05:30,2746.1532090944156,2753.648492779045,2714.9077173465566,2727.501708984375,2240078,0.0,0.0,TCS.NS,352
2021-06-03 00:00:00+05:30,2749.377916098571,2749.377916098571,2721.5750418670996,2737.7861328125,1281706,0.0,0.0,TCS.NS,353
2021-06-04 00:00:00+05:30,2726.238269135189,2751.382847235814,2723.62359048832,2739.96533203125,1836060,0.0,0.0,TCS.NS,354
2021-06-07 00:00:00+05:30,2741.054855558437,2780.6671955726056,2731.11916154501,2774.348388671875,2559821,0.0,0.0,TCS.NS,355
2021-06-08 00:00:00+05:30,2787.24756988465,2816.0090363656363,2777.834683752434,2789.121337890625,2574057,0.0,0.0,TCS.NS,356
2021-06-09 00:00:00+05:30,2790.733481057388,2806.421551844094,2776.962798587997,2789.208251953125,1710925,0.0,0.0,TCS.NS,357
2021-06-10 00:00:00+05:30,2797.7061649832917,2809.907998724652,2782.8896525830687,2803.6328125,1874324,0.0,0.0,TCS.NS,358
2021-06-11 00:00:00+05:30,2799.0564657600353,2883.9898816397495,2798.5770655621745,2853.31103515625,3452954,0.0,0.0,TCS.NS,359
2021-06-14 00:00:00+05:30,2857.8434830136966,2883.7287565429338,2850.3045787618544,2855.533935546875,1847360,0.0,0.0,TCS.NS,360
2021-06-15 00:00:00+05:30,2874.4031354158683,2874.4031354158683,2833.919240543718,2843.6806640625,1304985,0.0,0.0,TCS.NS,361
2021-06-16 00:00:00+05:30,2843.1148978988854,2871.527615603712,2835.183619751594,2853.79150390625,1635552,0.0,0.0,TCS.NS,362
2021-06-17 00:00:00+05:30,2846.0777126965045,2907.566281552538,2841.284135167847,2891.61669921875,2273413,0.0,0.0,TCS.NS,363
2021-06-18 00:00:00+05:30,2920.5089230337394,2926.6970811893993,2854.3576357639317,2873.79345703125,3380431,0.0,0.0,TCS.NS,364
2021-06-21 00:00:00+05:30,2845.641455585592,2863.944203079405,2834.0496729495662,2852.701171875,1130569,0.0,0.0,TCS.NS,365
2021-06-22 00:00:00+05:30,2879.632792142121,2899.722282597916,2863.0731604681805,2877.1923828125,1708688,0.0,0.0,TCS.NS,366
2021-06-23 00:00:00+05:30,2901.4216594077234,2901.4216594077234,2838.146352764599,2842.504150390625,1467104,0.0,0.0,TCS.NS,367
2021-06-24 00:00:00+05:30,2862.200921302282,2948.485297431675,2857.407344850649,2940.292724609375,4155204,0.0,0.0,TCS.NS,368
2021-06-25 00:00:00+05:30,2941.7306741806633,2962.9966370490797,2919.723800757047,2946.56787109375,2722861,0.0,0.0,TCS.NS,369
2021-06-28 00:00:00+05:30,2955.8941539267953,2955.8941539267953,2904.90792128498,2908.17626953125,1355238,0.0,0.0,TCS.NS,370
2021-06-29 00:00:00+05:30,2912.75147576147,2933.930411454228,2899.2423052425283,2911.749267578125,1497322,0.0,0.0,TCS.NS,371
2021-06-30 00:00:00+05:30,2916.238641869583,2947.6147898394884,2909.7019443758522,2916.020751953125,1693146,0.0,0.0,TCS.NS,372
2021-07-01 00:00:00+05:30,2926.697139664073,2930.1833780674847,2904.3417210154385,2912.31640625,990310,0.0,0.0,TCS.NS,373
2021-07-02 00:00:00+05:30,2903.164345637849,2910.7468698200696,2871.962476730642,2898.3271484375,1682274,0.0,0.0,TCS.NS,374
2021-07-05 00:00:00+05:30,2912.751723319642,2940.6416261162394,2877.8893448238955,2894.448974609375,1972858,0.0,0.0,TCS.NS,375
2021-07-06 00:00:00+05:30,2887.476597920685,2900.5499903048712,2837.8849479232354,2843.28857421875,2159420,0.0,0.0,TCS.NS,376
2021-07-07 00:00:00+05:30,2854.3573412344163,2861.068306777802,2825.2473392645243,2854.313720703125,2640710,0.0,0.0,TCS.NS,377
2021-07-08 00:00:00+05:30,2874.402667722399,2874.402667722399,2816.792510948647,2839.97607421875,2485811,0.0,0.0,TCS.NS,378
2021-07-09 00:00:00+05:30,2832.568355800375,2860.4582596113323,2789.8619405898457,2796.093505859375,6365067,0.0,0.0,TCS.NS,379
2021-07-12 00:00:00+05:30,2819.4950656544133,2820.366625180118,2778.836898893528,2782.976806640625,1892226,0.0,0.0,TCS.NS,380
2021-07-13 00:00:00+05:30,2801.1918633324153,2801.1918633324153,2767.201047318114,2778.13916015625,1809339,0.0,0.0,TCS.NS,381
2021-07-14 00:00:00+05:30,2777.660366146755,2808.1649512785834,2775.917246996365,2801.671875,2044279,0.0,0.0,TCS.NS,382
2021-07-15 00:00:00+05:30,2819.184273093379,2822.8964842713835,2789.835882951835,2797.6533203125,2232968,7.0,0.0,TCS.NS,383
2021-07-16 00:00:00+05:30,2806.4313780915813,2812.4146737671153,2788.0886893458846,2790.534423828125,1256526,0.0,0.0,TCS.NS,384
2021-07-19 00:00:00+05:30,2777.607236424192,2794.9018146966923,2774.113390843784,2781.625244140625,1597058,0.0,0.0,TCS.NS,385
2021-07-20 00:00:00+05:30,2781.625724283251,2808.1788699787835,2756.7755727052318,2800.14306640625,1811945,0.0,0.0,TCS.NS,386
2021-07-22 00:00:00+05:30,2786.342357051715,2816.8697957122436,2786.342357051715,2809.358154296875,2859334,0.0,0.0,TCS.NS,387
2021-07-23 00:00:00+05:30,2821.2805602259114,2831.369082897258,2800.88514951478,2806.30078125,1776193,0.0,0.0,TCS.NS,388
2021-07-26 00:00:00+05:30,2795.076949858996,2816.2583923696466,2787.0848620044726,2792.93701171875,1259611,0.0,0.0,TCS.NS,389
2021-07-27 00:00:00+05:30,2795.076642416108,2803.8112569236587,2761.142579755305,2780.18408203125,1121367,0.0,0.0,TCS.NS,390
2021-07-28 00:00:00+05:30,2784.5953079467704,2798.9637072093665,2736.030762446464,2793.1552734375,1660654,0.0,0.0,TCS.NS,391
2021-07-29 00:00:00+05:30,2795.2953084901396,2817.3064967675937,2786.604408769665,2791.408447265625,1731997,0.0,0.0,TCS.NS,392
2021-07-30 00:00:00+05:30,2811.672489522213,2815.603066161806,2762.1909822360863,2766.6455078125,2999943,0.0,0.0,TCS.NS,393
2021-08-02 00:00:00+05:30,2777.6074324192127,2816.825766527671,2766.25243348165,2812.021728515625,2608669,0.0,0.0,TCS.NS,394
2021-08-03 00:00:00+05:30,2820.4069892493094,2873.688137079662,2811.6286591294147,2869.2333984375,3804735,0.0,0.0,TCS.NS,395
2021-08-04 00:00:00+05:30,2882.4229038130147,2886.9648608907482,2848.5325555065747,2859.669189453125,2929598,0.0,0.0,TCS.NS,396
2021-08-05 00:00:00+05:30,2860.586370931835,2895.5248304241322,2849.668102340492,2868.40380859375,2534521,0.0,0.0,TCS.NS,397
2021-08-06 00:00:00+05:30,2858.446227946742,2903.385775596427,2851.851551541015,2890.982666015625,2292362,0.0,0.0,TCS.NS,398
2021-08-09 00:00:00+05:30,2903.298355204732,2914.7407852103993,2891.157326654606,2902.250244140625,1510489,0.0,0.0,TCS.NS,399
2021-08-10 00:00:00+05:30,2896.049271108757,2926.008832406461,2896.049271108757,2912.033447265625,2040777,0.0,0.0,TCS.NS,400
2021-08-11 00:00:00+05:30,2926.0959042967565,2934.8305189364487,2906.093722070834,2921.02978515625,1929707,0.0,0.0,TCS.NS,401
2021-08-12 00:00:00+05:30,2905.1336054334956,2941.818996722794,2905.1336054334956,2927.625244140625,1310205,0.0,0.0,TCS.NS,402
2021-08-13 00:00:00+05:30,2935.486220194915,3039.646521246241,2932.6474698517973,3025.14697265625,4363584,0.0,0.0,TCS.NS,403
2021-08-16 00:00:00+05:30,3022.176510240311,3052.1799952868946,3001.650166890413,3033.48779296875,2083489,0.0,0.0,TCS.NS,404
2021-08-17 00:00:00+05:30,3041.4808209854054,3110.222208478217,3024.7976185870784,3103.452880859375,4336019,0.0,0.0,TCS.NS,405
2021-08-18 00:00:00+05:30,3121.6204986858806,3140.0941242989843,3089.084057481392,3110.00341796875,2631309,0.0,0.0,TCS.NS,406
2021-08-20 00:00:00+05:30,3062.3564727478843,3122.6253251778908,3057.1157029713618,3109.086669921875,2836148,0.0,0.0,TCS.NS,407
2021-08-23 00:00:00+05:30,3126.9915785107382,3208.223482645235,3111.1818430522703,3177.128173828125,3744176,0.0,0.0,TCS.NS,408
2021-08-24 00:00:00+05:30,3194.249116348361,3203.2895293351253,3139.5703341165326,3155.991455078125,2511141,0.0,0.0,TCS.NS,409
2021-08-25 00:00:00+05:30,3153.196474019541,3229.842731802149,3150.6198048689353,3195.99609375,2123263,0.0,0.0,TCS.NS,410
2021-08-26 00:00:00+05:30,3196.869122383676,3220.976745326856,3186.3001528276395,3207.2197265625,1902533,0.0,0.0,TCS.NS,411
2021-08-27 00:00:00+05:30,3202.11010049132,3257.5749099242707,3189.0956084587892,3249.407958984375,3944728,0.0,0.0,TCS.NS,412
2021-08-30 00:00:00+05:30,3244.9094952186683,3267.051829697669,3220.976735250082,3232.943115234375,2033114,0.0,0.0,TCS.NS,413
2021-08-31 00:00:00+05:30,3240.017627661499,3322.734592732215,3234.820574987717,3307.31787109375,3207480,0.0,0.0,TCS.NS,414
2021-09-01 00:00:00+05:30,3315.6598191363482,3333.740429346746,3237.9217464537523,3244.86572265625,2643336,0.0,0.0,TCS.NS,415
2021-09-02 00:00:00+05:30,3261.5059614409574,3370.8196070135054,3251.024421125668,3351.254150390625,3403717,0.0,0.0,TCS.NS,416
2021-09-03 00:00:00+05:30,3340.9902512143804,3368.8535878797816,3323.1280061155453,3355.8828125,1746812,0.0,0.0,TCS.NS,417
2021-09-06 00:00:00+05:30,3362.564970344723,3386.9346761466745,3331.382434880622,3364.573974609375,1723693,0.0,0.0,TCS.NS,418
2021-09-07 00:00:00+05:30,3375.0553326995914,3380.2523861240065,3326.359852679405,3333.041748046875,1585039,0.0,0.0,TCS.NS,419
2021-09-08 00:00:00+05:30,3327.8881413304607,3332.255448602548,3280.7212227919185,3296.574462890625,4147175,0.0,0.0,TCS.NS,420
2021-09-09 00:00:00+05:30,3310.157735896135,3326.7535080660605,3288.5832747247287,3311.642578125,1441148,0.0,0.0,TCS.NS,421
2021-09-13 00:00:00+05:30,3290.329823827149,3364.9233586382898,3290.329823827149,3358.765625,1691473,0.0,0.0,TCS.NS,422
2021-09-14 00:00:00+05:30,3362.7826988401503,3403.442369956585,3340.9898794004716,3394.18359375,1991188,0.0,0.0,TCS.NS,423
2021-09-15 00:00:00+05:30,3390.864973783777,3476.3767693180266,3376.8021583375607,3454.147216796875,2461369,0.0,0.0,TCS.NS,424
2021-09-16 00:00:00+05:30,3432.703949488855,3477.9055854649487,3399.599841483605,3409.382568359375,2946666,0.0,0.0,TCS.NS,425
2021-09-17 00:00:00+05:30,3423.9691294157988,3445.8056672309503,3323.5210554661003,3343.479736328125,6477148,0.0,0.0,TCS.NS,426
2021-09-20 00:00:00+05:30,3327.0149835362313,3381.169598652862,3326.0105880709493,3339.68017578125,2002008,0.0,0.0,TCS.NS,427
2021-09-21 00:00:00+05:30,3369.814591658296,3381.6500380706075,3338.06417965979,3374.13818359375,1568129,0.0,0.0,TCS.NS,428
2021-09-22 00:00:00+05:30,3373.745249967666,3403.7487396255815,3364.9669187066097,3373.439453125,1744067,0.0,0.0,TCS.NS,429
2021-09-23 00:00:00+05:30,3380.2964536338195,3388.157608177154,3349.7252970764075,3379.641357421875,2003869,0.0,0.0,TCS.NS,430
2021-09-24 00:00:00+05:30,3397.76581911471,3445.2820475843178,3367.1946613591795,3381.43212890625,2320754,0.0,0.0,TCS.NS,431
2021-09-27 00:00:00+05:30,3406.501008166951,3409.9948553548147,3321.68778238256,3351.42919921875,1673362,0.0,0.0,TCS.NS,432
2021-09-28 00:00:00+05:30,3362.8269749249935,3362.8269749249935,3276.5726466720475,3300.942138671875,2253075,0.0,0.0,TCS.NS,433
2021-09-29 00:00:00+05:30,3284.0408688426596,3324.3947509152617,3251.1549126304035,3312.078857421875,2489161,0.0,0.0,TCS.NS,434
2021-09-30 00:00:00+05:30,3323.520513845348,3323.520513845348,3275.5675699169483,3297.797119140625,2252412,0.0,0.0,TCS.NS,435
2021-10-01 00:00:00+05:30,3303.2130179995297,3327.8883053026266,3253.6440780189723,3258.18603515625,1578374,0.0,0.0,TCS.NS,436
2021-10-04 00:00:00+05:30,3253.469152219145,3304.872229032876,3238.3145112256348,3295.83203125,1356860,0.0,0.0,TCS.NS,437
2021-10-05 00:00:00+05:30,3278.974451056184,3354.092139599293,3268.143613821035,3348.239990234375,1877966,0.0,0.0,TCS.NS,438
2021-10-06 00:00:00+05:30,3350.5982851665585,3369.333991530842,3314.786363974737,3328.67431640625,1678154,0.0,0.0,TCS.NS,439
2021-10-07 00:00:00+05:30,3345.3576943401195,3405.6265405305808,3336.666794676636,3400.29833984375,1647233,0.0,0.0,TCS.NS,440
2021-10-08 00:00:00+05:30,3428.336879146216,3485.0244533266145,3406.500338514711,3437.63916015625,2934339,0.0,0.0,TCS.NS,441
2021-10-11 00:00:00+05:30,3279.848126861973,3282.0317807413753,3196.869279444693,3219.22998046875,11845402,0.0,0.0,TCS.NS,442
2021-10-12 00:00:00+05:30,3237.0484182874648,3237.921879814256,3171.1895044664,3190.6240234375,5752877,0.0,0.0,TCS.NS,443
2021-10-13 00:00:00+05:30,3188.1345564053886,3210.364109498508,3183.7672487938744,3192.676513671875,3545655,0.0,0.0,TCS.NS,444
2021-10-14 00:00:00+05:30,3172.3728019180535,3211.7539815280707,3157.6704521323322,3160.5146484375,6442299,7.0,0.0,TCS.NS,445
2021-10-18 00:00:00+05:30,3153.514585721593,3196.6151131193105,3151.76431049732,3191.758056640625,3590107,0.0,0.0,TCS.NS,446
2021-10-19 00:00:00+05:30,3210.8797331869355,3229.345221312506,3172.5486650226335,3180.381103515625,3135441,0.0,0.0,TCS.NS,447
2021-10-20 00:00:00+05:30,3160.9965878425232,3176.749062532768,3131.5044974037755,3158.239990234375,2933693,0.0,0.0,TCS.NS,448
2021-10-21 00:00:00+05:30,3154.0830236717397,3157.014605986085,3072.826424568322,3091.423095703125,4871211,0.0,0.0,TCS.NS,449
2021-10-22 00:00:00+05:30,3115.489424887781,3116.889730316667,3049.854113970201,3061.974853515625,2691670,0.0,0.0,TCS.NS,450
2021-10-25 00:00:00+05:30,3065.6064533030153,3075.714333469577,3019.2241689681423,3056.811279296875,2595594,0.0,0.0,TCS.NS,451
2021-10-26 00:00:00+05:30,3058.1682018867514,3088.3604476916144,3041.1030194753075,3047.754150390625,3878763,0.0,0.0,TCS.NS,452
2021-10-27 00:00:00+05:30,3048.104052073259,3072.8266875803133,3048.104052073259,3054.01123046875,2510813,0.0,0.0,TCS.NS,453
2021-10-28 00:00:00+05:30,3078.7336438655566,3078.7336438655566,2988.5944837410107,2994.4140625,2424942,0.0,0.0,TCS.NS,454
2021-10-29 00:00:00+05:30,2975.5109055897806,3028.8504864202414,2963.171383011131,2973.498046875,3960501,0.0,0.0,TCS.NS,455
2021-11-01 00:00:00+05:30,3008.6796114645726,3051.6051583592325,2986.801168975619,3042.32861328125,2020718,0.0,0.0,TCS.NS,456
2021-11-02 00:00:00+05:30,3057.7299533615865,3074.882731178509,3036.5078722599783,3049.153564453125,3087414,0.0,0.0,TCS.NS,457
2021-11-03 00:00:00+05:30,3066.6565801646902,3080.396195266675,3033.2701722298416,3056.19873046875,1537639,0.0,0.0,TCS.NS,458
2021-11-04 00:00:00+05:30,3074.3146481553817,3074.5772321717463,3067.3573468332656,3070.551513671875,328991,0.0,0.0,TCS.NS,459
2021-11-08 00:00:00+05:30,3104.988159414924,3104.988159414924,3046.5289258580847,3065.38818359375,2526082,0.0,0.0,TCS.NS,460
2021-11-09 00:00:00+05:30,3069.982341397558,3093.6110538313474,3059.480691426985,3067.969482421875,1782692,0.0,0.0,TCS.NS,461
2021-11-10 00:00:00+05:30,3061.2310404939344,3080.221481918905,3045.6535499293364,3049.24169921875,1516489,0.0,0.0,TCS.NS,462
2021-11-11 00:00:00+05:30,3045.4784563498015,3071.776380579202,3006.9724069017007,3052.654541015625,1284514,0.0,0.0,TCS.NS,463
2021-11-12 00:00:00+05:30,3068.2315296840943,3092.866560468071,3050.466198860198,3085.778076171875,1747259,0.0,0.0,TCS.NS,464
2021-11-15 00:00:00+05:30,3087.4849561130213,3123.890759879037,3087.4849561130213,3109.6259765625,1809157,0.0,0.0,TCS.NS,465
2021-11-16 00:00:00+05:30,3123.365684964674,3129.0978782245816,3099.7369728621115,3112.3388671875,2013204,0.0,0.0,TCS.NS,466
2021-11-17 00:00:00+05:30,3107.263099990461,3117.983533699684,3068.5818539674124,3082.146484375,1632914,0.0,0.0,TCS.NS,467
2021-11-18 00:00:00+05:30,3076.239463289162,3081.227917908715,3020.624646710882,3041.71533203125,2136598,0.0,0.0,TCS.NS,468
2021-11-22 00:00:00+05:30,3044.078434976218,3076.939893428129,3010.735821786596,3026.57568359375,3167936,0.0,0.0,TCS.NS,469
2021-11-23 00:00:00+05:30,3014.8489143573643,3046.3100671183884,2982.2938396390264,3031.6953125,2153461,0.0,0.0,TCS.NS,470
2021-11-24 00:00:00+05:30,3038.6522268164313,3056.898928205596,2996.4706442403963,3013.36083984375,2161746,0.0,0.0,TCS.NS,471
2021-11-25 00:00:00+05:30,3013.885955466033,3030.601167204628,3005.2659792716213,3015.63623046875,1849619,0.0,0.0,TCS.NS,472
2021-11-26 00:00:00+05:30,2997.3461762175584,3054.2301182479646,2985.881788591854,3016.468017578125,1941251,0.0,0.0,TCS.NS,473
2021-11-29 00:00:00+05:30,3016.7300692229596,3088.666540777799,2981.1120166304045,3064.7314453125,2981745,0.0,0.0,TCS.NS,474
2021-11-30 00:00:00+05:30,3055.104320060921,3118.7705587559744,3055.104320060921,3088.49072265625,5588446,0.0,0.0,TCS.NS,475
2021-12-01 00:00:00+05:30,3093.6107267247044,3141.7432840004776,3093.6107267247044,3131.066650390625,2102118,0.0,0.0,TCS.NS,476
2021-12-02 00:00:00+05:30,3141.043007728435,3192.50112784943,3127.8285616267367,3188.037841796875,3152938,0.0,0.0,TCS.NS,477
2021-12-03 00:00:00+05:30,3191.14535668199,3208.2105393359575,3177.4933387527963,3185.89453125,2486263,0.0,0.0,TCS.NS,478
2021-12-06 00:00:00+05:30,3185.894030279183,3201.2527349839775,3082.234043907482,3094.8359375,1849642,0.0,0.0,TCS.NS,479
2021-12-07 00:00:00+05:30,3117.6769093233997,3148.744286244377,3084.2467042129897,3136.929931640625,1484458,0.0,0.0,TCS.NS,480
2021-12-08 00:00:00+05:30,3151.3703992829187,3191.1453592306834,3151.3703992829187,3174.036376953125,1428660,0.0,0.0,TCS.NS,481
2021-12-09 00:00:00+05:30,3159.2462512797597,3180.905903556539,3120.7402027877074,3152.0263671875,1567957,0.0,0.0,TCS.NS,482
2021-12-10 00:00:00+05:30,3137.368028762515,3187.2508677135506,3128.704252723142,3182.7001953125,1510718,0.0,0.0,TCS.NS,483
2021-12-13 00:00:00+05:30,3194.2520713046342,3204.7537219500196,3151.9828847256335,3158.940185546875,1883864,0.0,0.0,TCS.NS,484
2021-12-14 00:00:00+05:30,3154.8706148351234,3181.1247392304226,3130.104181424236,3171.3232421875,1747007,0.0,0.0,TCS.NS,485
2021-12-15 00:00:00+05:30,3167.9976086138045,3170.6230209966334,3113.870271191835,3124.547119140625,1603233,0.0,0.0,TCS.NS,486
2021-12-16 00:00:00+05:30,3134.7425476648837,3157.889891975921,3124.2408975889543,3134.392578125,2072320,0.0,0.0,TCS.NS,487
2021-12-17 00:00:00+05:30,3152.6827318642822,3195.433282684752,3127.478730027425,3136.799072265625,4333992,0.0,0.0,TCS.NS,488
2021-12-20 00:00:00+05:30,3140.8688579951136,3155.746197250036,3071.864172517713,3112.77685546875,2312310,0.0,0.0,TCS.NS,489
2021-12-21 00:00:00+05:30,3135.311625651659,3186.550974674627,3121.090639703937,3157.759033203125,2340989,0.0,0.0,TCS.NS,490
2021-12-22 00:00:00+05:30,3171.4978520063,3182.6996531552995,3155.9641635755297,3177.405029296875,1224328,0.0,0.0,TCS.NS,491
2021-12-23 00:00:00+05:30,3192.50246136973,3212.1930604324543,3176.74998211955,3205.366943359375,1792861,0.0,0.0,TCS.NS,492
2021-12-24 00:00:00+05:30,3224.8817608213244,3242.3845112192694,3189.70127525278,3212.542236328125,2209923,0.0,0.0,TCS.NS,493
2021-12-27 00:00:00+05:30,3212.629424582208,3238.00840941274,3196.964550442551,3234.595458984375,1534135,0.0,0.0,TCS.NS,494
2021-12-28 00:00:00+05:30,3246.7601484623697,3259.887211057231,3232.6267631978826,3243.740966796875,1456218,0.0,0.0,TCS.NS,495
2021-12-29 00:00:00+05:30,3231.227049198364,3255.468319829561,3224.882301116114,3233.37109375,1456923,0.0,0.0,TCS.NS,496
2021-12-30 00:00:00+05:30,3221.687316961898,3273.014042622196,3220.505795949113,3267.54443359375,1966475,0.0,0.0,TCS.NS,497
2021-12-31 00:00:00+05:30,3275.4651204512925,3290.5174447544787,3265.401037841006,3271.57080078125,1207141,0.0,0.0,TCS.NS,498
2022-01-03 00:00:00+05:30,3281.765107781907,3351.7760967479207,3277.389420971531,3341.0556640625,2346158,0.0,0.0,TCS.NS,499
2022-01-04 00:00:00+05:30,3352.7389063704113,3403.540460420657,3335.76111298223,3399.68994140625,2488606,0.0,0.0,TCS.NS,500
2022-01-05 00:00:00+05:30,3382.406898917958,3386.7825870148768,3336.374574675718,3378.862548828125,1733031,0.0,0.0,TCS.NS,501
2022-01-06 00:00:00+05:30,3336.0246435548115,3356.152809032713,3301.019138375852,3332.042724609375,1810293,0.0,0.0,TCS.NS,502
2022-01-07 00:00:00+05:30,3343.025663560724,3382.3192567090296,3322.3723305430844,3372.3427734375,2460591,0.0,0.0,TCS.NS,503
2022-01-10 00:00:00+05:30,3481.2970046437595,3481.2970046437595,3378.905916271884,3395.40234375,3937092,0.0,0.0,TCS.NS,504
2022-01-11 00:00:00+05:30,3374.5307565822086,3434.9152540417967,3374.5307565822086,3426.951416015625,1906106,0.0,0.0,TCS.NS,505
2022-01-12 00:00:00+05:30,3434.914651347394,3438.4152013105504,3357.5087830184166,3377.943115234375,3203744,0.0,0.0,TCS.NS,506
2022-01-13 00:00:00+05:30,3428.788590711219,3433.164278039845,3375.4052053019836,3411.1982421875,6684507,0.0,0.0,TCS.NS,507
2022-01-14 00:00:00+05:30,3393.6522516950954,3480.422054774276,3378.074760491307,3472.677001953125,3348123,0.0,0.0,TCS.NS,508
2022-01-17 00:00:00+05:30,3494.161493482207,3538.180952966991,3467.557398640576,3517.308837890625,3442604,0.0,0.0,TCS.NS,509
2022-01-18 00:00:00+05:30,3530.2610590136323,3537.043374991402,3483.0474311642265,3492.323974609375,2389041,0.0,0.0,TCS.NS,510
2022-01-19 00:00:00+05:30,3517.2213810726757,3517.2213810726757,3428.2388361626868,3431.876953125,3102539,7.0,0.0,TCS.NS,511
2022-01-20 00:00:00+05:30,3427.800105770557,3436.5668579592284,3341.0092591027087,3354.6416015625,6176776,0.0,0.0,TCS.NS,512
2022-01-21 00:00:00+05:30,3337.5027246819773,3376.5586504367925,3306.0301683677976,3360.734619140625,3112358,0.0,0.0,TCS.NS,513
2022-01-24 00:00:00+05:30,3366.4329374751173,3374.8927679681947,3278.8531661989327,3306.249267578125,3258414,0.0,0.0,TCS.NS,514
2022-01-25 00:00:00+05:30,3304.6274428472343,3339.606700640597,3263.160659611942,3304.97802734375,3330501,0.0,0.0,TCS.NS,515
2022-01-27 00:00:00+05:30,3270.8749805316374,3272.9789152761805,3178.0351678763395,3199.206787109375,5718297,0.0,0.0,TCS.NS,516
2022-01-28 00:00:00+05:30,3196.357997928472,3269.823427522156,3196.357997928472,3234.9755859375,3143862,0.0,0.0,TCS.NS,517
2022-01-31 00:00:00+05:30,3286.6551472586984,3294.545223632486,3262.458827432943,3275.4775390625,2739393,0.0,0.0,TCS.NS,518
2022-02-01 00:00:00+05:30,3305.065779508567,3338.3794398855766,3275.609404720287,3331.935791015625,2105169,0.0,0.0,TCS.NS,519
2022-02-02 00:00:00+05:30,3355.825300074226,3387.473364062477,3331.9358981149344,3380.63525390625,1984212,0.0,0.0,TCS.NS,520
2022-02-03 00:00:00+05:30,3376.0762690799093,3403.691538484224,3345.4365129758144,3352.93212890625,1960538,0.0,0.0,TCS.NS,521
2022-02-04 00:00:00+05:30,3344.779509497143,3353.0201721837657,3304.189397939181,3344.4287109375,2307366,0.0,0.0,TCS.NS,522
2022-02-07 00:00:00+05:30,3323.476158592303,3359.244554675045,3292.92393788928,3312.9560546875,1919149,0.0,0.0,TCS.NS,523
2022-02-08 00:00:00+05:30,3323.958452984582,3331.1032714460657,3262.1089644796893,3281.790283203125,2946443,0.0,0.0,TCS.NS,524
2022-02-09 00:00:00+05:30,3287.5325264930116,3312.0355594507264,3284.1135782782853,3296.781494140625,1638721,0.0,0.0,TCS.NS,525
2022-02-10 00:00:00+05:30,3322.4240945117594,3322.4240945117594,3294.5457771673173,3305.372802734375,2112459,0.0,0.0,TCS.NS,526
2022-02-11 00:00:00+05:30,3289.723944738236,3289.723944738236,3234.9317404621156,3239.271240234375,3851488,0.0,0.0,TCS.NS,527
2022-02-14 00:00:00+05:30,3264.7385493388015,3325.448308882763,3252.4650961457983,3273.2861328125,5951745,0.0,0.0,TCS.NS,528
2022-02-15 00:00:00+05:30,3319.092146170516,3362.049228886405,3285.778490186766,3346.970458984375,3931683,0.0,0.0,TCS.NS,529
2022-02-16 00:00:00+05:30,3369.939766396913,3378.7942723116603,3336.626105855008,3342.8505859375,3256906,0.0,0.0,TCS.NS,530
2022-02-17 00:00:00+05:30,3353.282550164409,3362.0493019295445,3312.9554920447845,3317.51416015625,3134372,0.0,0.0,TCS.NS,531
2022-02-18 00:00:00+05:30,3304.1891813505617,3345.3490435758326,3294.195168617033,3326.018310546875,3688883,0.0,0.0,TCS.NS,532
2022-02-21 00:00:00+05:30,3340.132673110831,3355.7375352299355,3248.5639868604344,3260.705810546875,7465922,0.0,0.0,TCS.NS,533
2022-02-22 00:00:00+05:30,3199.864787996428,3215.5571899740557,3129.730765245821,3144.108154296875,5408531,0.0,0.0,TCS.NS,534
2022-02-23 00:00:00+05:30,3165.674193251161,3176.106542670108,3117.1501346124674,3124.295166015625,2426203,0.0,0.0,TCS.NS,535
2022-02-24 00:00:00+05:30,3045.5696257804584,3054.2049620593434,2972.8933377671333,2982.14208984375,5039136,0.0,0.0,TCS.NS,536
2022-02-25 00:00:00+05:30,3040.309823069037,3094.6636895714246,3035.049771472032,3086.554443359375,2549723,0.0,0.0,TCS.NS,537
2022-02-28 00:00:00+05:30,3059.596641792147,3124.2514418873247,3029.7019299658295,3115.879150390625,3288942,0.0,0.0,TCS.NS,538
2022-03-02 00:00:00+05:30,3114.3885060822595,3131.439795138853,3073.623111139874,3108.821533203125,2761341,0.0,0.0,TCS.NS,539
2022-03-03 00:00:00+05:30,3123.4621814537804,3137.269815232776,3094.751069945075,3107.287353515625,1928039,0.0,0.0,TCS.NS,540
2022-03-04 00:00:00+05:30,3069.678819607283,3122.0162965868326,3057.0109032695236,3089.7109375,2370257,0.0,0.0,TCS.NS,541
2022-03-07 00:00:00+05:30,3024.5298494131002,3110.4440306428055,3008.355232590042,3055.125732421875,3054130,0.0,0.0,TCS.NS,542
2022-03-08 00:00:00+05:30,3033.296869971947,3163.921503967849,3033.296869971947,3155.987548828125,3300992,0.0,0.0,TCS.NS,543
2022-03-09 00:00:00+05:30,3160.414273213555,3203.371360422283,3153.44474778916,3184.610595703125,2719654,0.0,0.0,TCS.NS,544
2022-03-10 00:00:00+05:30,3229.671882735904,3229.671882735904,3169.1812855836843,3174.3974609375,2005441,0.0,0.0,TCS.NS,545
2022-03-11 00:00:00+05:30,3158.880343092492,3190.9667453797583,3149.763005387988,3155.285888671875,1623423,0.0,0.0,TCS.NS,546
2022-03-14 00:00:00+05:30,3138.497724928373,3198.418570177751,3138.497724928373,3193.728271484375,1765688,0.0,0.0,TCS.NS,547
2022-03-15 00:00:00+05:30,3207.7547500396386,3207.7547500396386,3143.231365819847,3150.68310546875,3651133,0.0,0.0,TCS.NS,548
2022-03-16 00:00:00+05:30,3191.536638624452,3215.6452109530255,3170.277261207437,3205.037353515625,3090475,0.0,0.0,TCS.NS,549
2022-03-17 00:00:00+05:30,3240.7178727305695,3252.465235677881,3208.8945177799264,3219.80908203125,3600452,0.0,0.0,TCS.NS,550
2022-03-21 00:00:00+05:30,3240.191872844113,3255.928151498079,3169.1811743321073,3179.438232421875,2413831,0.0,0.0,TCS.NS,551
2022-03-22 00:00:00+05:30,3191.0979358854693,3253.3418791403783,3177.9478070287987,3244.53125,2907611,0.0,0.0,TCS.NS,552
2022-03-23 00:00:00+05:30,3250.7125378880296,3269.8241053238867,3234.932379937117,3254.56982421875,1596195,0.0,0.0,TCS.NS,553
2022-03-24 00:00:00+05:30,3243.699012447503,3294.721478431477,3239.315635403655,3287.4013671875,1879046,0.0,0.0,TCS.NS,554
2022-03-25 00:00:00+05:30,3296.21155972623,3313.3944821827617,3219.1518821471363,3250.22998046875,1690133,0.0,0.0,TCS.NS,555
2022-03-28 00:00:00+05:30,3239.314997775362,3255.0951520270414,3209.683331985244,3250.44873046875,1760990,0.0,0.0,TCS.NS,556
2022-03-29 00:00:00+05:30,3239.0963156434086,3262.9857194193837,3235.8087830136874,3248.38916015625,2689063,0.0,0.0,TCS.NS,557
2022-03-30 00:00:00+05:30,3277.0121787343182,3277.0121787343182,3249.133862176236,3271.357666015625,1583455,0.0,0.0,TCS.NS,558
2022-03-31 00:00:00+05:30,3278.765312114139,3291.608518432467,3261.407100008304,3278.721435546875,2168110,0.0,0.0,TCS.NS,559
2022-04-01 00:00:00+05:30,3285.77935286415,3298.929483678708,3268.289721687204,3295.20361328125,1387014,0.0,0.0,TCS.NS,560
2022-04-04 00:00:00+05:30,3298.0524783670694,3313.832633765955,3276.2233490114336,3305.372802734375,1472994,0.0,0.0,TCS.NS,561
2022-04-05 00:00:00+05:30,3306.818835025309,3362.5754630314427,3306.818835025309,3344.340576171875,2314947,0.0,0.0,TCS.NS,562
2022-04-06 00:00:00+05:30,3339.518502687272,3339.518502687272,3271.0062151733023,3292.221923828125,2051729,0.0,0.0,TCS.NS,563
2022-04-07 00:00:00+05:30,3283.587337953615,3283.587337953615,3225.2884304715926,3229.80322265625,2494829,0.0,0.0,TCS.NS,564
2022-04-08 00:00:00+05:30,3234.9317871479743,3248.081916364023,3193.2897112971536,3231.1181640625,2296773,0.0,0.0,TCS.NS,565
2022-04-11 00:00:00+05:30,3234.9316004658776,3254.525377479889,3205.2123957654703,3240.542236328125,2291660,0.0,0.0,TCS.NS,566
2022-04-12 00:00:00+05:30,3228.7948411859024,3277.888653596006,3198.4181303699656,3235.89599609375,4483476,0.0,0.0,TCS.NS,567
2022-04-13 00:00:00+05:30,3249.835329431341,3252.3339396432675,3204.730428159187,3210.341064453125,1621672,0.0,0.0,TCS.NS,568
2022-04-18 00:00:00+05:30,3164.7978439809913,3164.7978439809913,3088.0887549648314,3092.954345703125,3820792,0.0,0.0,TCS.NS,569
2022-04-19 00:00:00+05:30,3112.1969337809937,3124.075925447324,3015.0174030668795,3043.728515625,3170014,0.0,0.0,TCS.NS,570
2022-04-20 00:00:00+05:30,3068.364213218614,3128.986237704078,3050.830703428793,3118.159423828125,2640370,0.0,0.0,TCS.NS,571
2022-04-21 00:00:00+05:30,3138.4970561025907,3194.60426604409,3127.45086353255,3181.147216796875,2280996,0.0,0.0,TCS.NS,572
2022-04-22 00:00:00+05:30,3139.461809441389,3170.9343651637614,3131.045641465959,3167.033203125,1581465,0.0,0.0,TCS.NS,573
2022-04-25 00:00:00+05:30,3119.210601050943,3142.0041580007246,3097.3814725080088,3110.619140625,1960694,0.0,0.0,TCS.NS,574
2022-04-26 00:00:00+05:30,3134.2450746399727,3145.4226827943785,3084.27459112616,3108.953125,1943469,0.0,0.0,TCS.NS,575
2022-04-27 00:00:00+05:30,3108.6909342944846,3128.372254002144,3073.8869641027354,3122.016357421875,1727648,0.0,0.0,TCS.NS,576
2022-04-28 00:00:00+05:30,3145.510989801784,3159.8883791702183,3101.721101186624,3142.267333984375,1703660,0.0,0.0,TCS.NS,577
2022-04-29 00:00:00+05:30,3153.4007613811887,3176.413485870001,3100.668832593926,3109.303955078125,2051115,0.0,0.0,TCS.NS,578
2022-05-02 00:00:00+05:30,3085.8097152234363,3110.40050348099,3062.0080632605705,3105.534912109375,1324161,0.0,0.0,TCS.NS,579
2022-05-04 00:00:00+05:30,3102.1147683345944,3108.2076173297837,3037.942195331445,3050.610107421875,2305825,0.0,0.0,TCS.NS,580
2022-05-05 00:00:00+05:30,3078.97133320661,3097.293760926186,3055.5202694917,3080.11083984375,1612262,0.0,0.0,TCS.NS,581
2022-05-06 00:00:00+05:30,3032.420022432544,3046.008490298316,3002.174722989375,3009.27587890625,2010812,0.0,0.0,TCS.NS,582
2022-05-09 00:00:00+05:30,2978.9426390374124,3029.7898059191575,2934.100783512281,3020.234130859375,2481830,0.0,0.0,TCS.NS,583
2022-05-10 00:00:00+05:30,3010.5027847828064,3037.504425076492,2999.982681865685,3014.6669921875,1622685,0.0,0.0,TCS.NS,584
2022-05-11 00:00:00+05:30,3011.379595954421,3023.1708356998556,2965.047221652753,2991.216064453125,1841769,0.0,0.0,TCS.NS,585
2022-05-12 00:00:00+05:30,2961.408799562808,3024.2663680437477,2936.949647310669,2988.27880859375,2807195,0.0,0.0,TCS.NS,586
2022-05-13 00:00:00+05:30,3011.379313783876,3015.6749366536083,2965.0469438236173,2993.758056640625,2187823,0.0,0.0,TCS.NS,587
2022-05-16 00:00:00+05:30,2993.8463780855304,3006.9965085895665,2951.41537593867,2960.357421875,1195813,0.0,0.0,TCS.NS,588
2022-05-17 00:00:00+05:30,2954.3951104256025,3039.4325957998703,2937.212192716555,3025.931884765625,1754076,0.0,0.0,TCS.NS,589
2022-05-18 00:00:00+05:30,3037.6798800958636,3063.9801387979924,3018.436900285217,3023.477783203125,1866781,0.0,0.0,TCS.NS,590
2022-05-19 00:00:00+05:30,2978.0659382901526,2985.079340558719,2831.661165933822,2859.6708984375,4642963,0.0,0.0,TCS.NS,591
2022-05-20 00:00:00+05:30,2901.795080829601,2905.2140286957065,2866.771947358323,2886.8916015625,3065125,0.0,0.0,TCS.NS,592
2022-05-23 00:00:00+05:30,2897.2365878081046,2927.1310872588047,2864.098218506576,2912.09619140625,2293690,0.0,0.0,TCS.NS,593
2022-05-24 00:00:00+05:30,2906.310195013011,2914.8141171163234,2871.63785621687,2882.508544921875,1711510,0.0,0.0,TCS.NS,594
2022-05-25 00:00:00+05:30,2906.2058140394383,2906.2058140394383,2783.7035752705465,2795.70654296875,3548046,22.0,0.0,TCS.NS,595
2022-05-26 00:00:00+05:30,2816.3147271888583,2860.8850480046017,2807.0918029068916,2848.04345703125,2813186,0.0,0.0,TCS.NS,596
2022-05-27 00:00:00+05:30,2871.210874953486,2893.8931509887725,2850.0289426919717,2878.35986328125,3103153,0.0,0.0,TCS.NS,597
2022-05-30 00:00:00+05:30,2909.8682437006983,2988.947551799698,2900.4688464824417,2978.93017578125,2094624,0.0,0.0,TCS.NS,598
2022-05-31 00:00:00+05:30,2960.3075643045477,2986.123046252866,2934.5804266036826,2969.31005859375,4840965,0.0,0.0,TCS.NS,599
2022-06-01 00:00:00+05:30,2990.1835547216056,2990.1835547216056,2947.8638512257835,2961.23486328125,1493835,0.0,0.0,TCS.NS,600
2022-06-02 00:00:00+05:30,2961.057525108754,3029.016222406332,2953.3791179893624,3021.072998046875,2657939,0.0,0.0,TCS.NS,601
2022-06-03 00:00:00+05:30,3053.1989031833205,3068.9972234572756,3028.3101761155253,3036.209228515625,1913622,0.0,0.0,TCS.NS,602
2022-06-06 00:00:00+05:30,3016.6607113796595,3047.5510346383744,2980.6072050438984,3028.090087890625,1084210,0.0,0.0,TCS.NS,603
2022-06-07 00:00:00+05:30,3001.7005652596245,3017.4105418438976,2961.9402691478545,2967.853515625,2308256,0.0,0.0,TCS.NS,604
2022-06-08 00:00:00+05:30,2983.254832442945,3013.086100853081,2953.556080411676,3004.436767578125,2185707,0.0,0.0,TCS.NS,605
2022-06-09 00:00:00+05:30,2987.535408261443,3033.429600648325,2959.381172582851,3024.692138671875,1279197,0.0,0.0,TCS.NS,606
2022-06-10 00:00:00+05:30,2984.8874406978557,2994.5958268148506,2958.410024015143,2965.38232421875,1527582,0.0,0.0,TCS.NS,607
2022-06-13 00:00:00+05:30,2903.690479350038,2906.3382214284725,2817.59468967151,2841.556884765625,3030921,0.0,0.0,TCS.NS,608
2022-06-14 00:00:00+05:30,2815.432260568546,2858.5903679658018,2801.9287335908107,2833.5693359375,2611493,0.0,0.0,TCS.NS,609
2022-06-15 00:00:00+05:30,2840.5853099880796,2854.265307597157,2825.140151397186,2829.81787109375,1404536,0.0,0.0,TCS.NS,610
2022-06-16 00:00:00+05:30,2859.5612617361553,2863.841864011911,2765.1693057745297,2773.068359375,2032028,0.0,0.0,TCS.NS,611
2022-06-17 00:00:00+05:30,2728.9392110453464,2752.548242059403,2668.7914294364296,2726.203125,5240434,0.0,0.0,TCS.NS,612
2022-06-20 00:00:00+05:30,2730.704207668576,2770.199687078133,2708.6396940319523,2746.943603515625,1502769,0.0,0.0,TCS.NS,613
2022-06-21 00:00:00+05:30,2762.4774890399144,2857.5755559549466,2758.4175317802415,2834.804931640625,2964461,0.0,0.0,TCS.NS,614
2022-06-22 00:00:00+05:30,2824.169414688557,2868.8722488134295,2809.2538895886987,2844.512939453125,3336315,0.0,0.0,TCS.NS,615
2022-06-23 00:00:00+05:30,2844.512846792943,2928.4021684008044,2844.512846792943,2920.282470703125,3692578,0.0,0.0,TCS.NS,616
2022-06-24 00:00:00+05:30,2946.9368805574036,2952.2323646195014,2892.6581689209015,2906.426513671875,2132118,0.0,0.0,TCS.NS,617
2022-06-27 00:00:00+05:30,2956.6446362899756,2968.0298384014122,2918.2523850426282,2925.489501953125,2037686,0.0,0.0,TCS.NS,618
2022-06-28 00:00:00+05:30,2918.693737362173,2938.993089028133,2888.333054103457,2928.534423828125,1400046,0.0,0.0,TCS.NS,619
2022-06-29 00:00:00+05:30,2886.921269341309,2941.6412689436206,2886.921269341309,2904.131591796875,2133994,0.0,0.0,TCS.NS,620
2022-06-30 00:00:00+05:30,2887.8040514295203,2922.1363544822384,2872.800179524171,2883.4794921875,2719603,0.0,0.0,TCS.NS,621
2022-07-01 00:00:00+05:30,2877.2134608374176,2941.641860420587,2870.196986443332,2925.84375,1502879,0.0,0.0,TCS.NS,622
2022-07-04 00:00:00+05:30,2923.106916166727,2928.3582275862204,2846.3665769061995,2855.1923828125,2622535,0.0,0.0,TCS.NS,623
2022-07-05 00:00:00+05:30,2872.800116365878,2887.8039879413677,2830.392071553336,2838.644287109375,2170627,0.0,0.0,TCS.NS,624
2022-07-06 00:00:00+05:30,2840.5862066293344,2884.7152451042343,2826.2442691249917,2877.875244140625,2182144,0.0,0.0,TCS.NS,625
2022-07-07 00:00:00+05:30,2886.921641023554,2929.6384632490503,2881.6703286416773,2901.793212890625,1989921,0.0,0.0,TCS.NS,626
2022-07-08 00:00:00+05:30,2912.5164005875613,2916.9293042248155,2868.3873642150224,2882.023193359375,2136916,0.0,0.0,TCS.NS,627
2022-07-11 00:00:00+05:30,2829.6856303492573,2846.3223604128075,2741.2952717650173,2748.179443359375,6974600,0.0,0.0,TCS.NS,628
2022-07-12 00:00:00+05:30,2749.149982425829,2767.9489906435406,2718.568653520941,2722.49609375,3734815,0.0,0.0,TCS.NS,629
2022-07-13 00:00:00+05:30,2739.530530131633,2744.826014403795,2678.632461001774,2681.942138671875,3863530,0.0,0.0,TCS.NS,630
2022-07-14 00:00:00+05:30,2704.286616819508,2705.171527361661,2625.5295785678927,2653.62548828125,4764908,8.0,0.0,TCS.NS,631
2022-07-15 00:00:00+05:30,2671.145950429042,2680.304642138172,2613.140038767697,2649.952392578125,4574806,0.0,0.0,TCS.NS,632
2022-07-18 00:00:00+05:30,2675.084223375403,2722.825097749123,2667.3855458616686,2710.923095703125,3202795,0.0,0.0,TCS.NS,633
2022-07-19 00:00:00+05:30,2681.322554002557,2724.5945821637847,2681.322554002557,2720.435546875,1865074,0.0,0.0,TCS.NS,634
2022-07-20 00:00:00+05:30,2750.1243210138164,2806.8912313215537,2741.496445439905,2800.564208984375,3402251,0.0,0.0,TCS.NS,635
2022-07-21 00:00:00+05:30,2802.5108691484493,2817.5543439749486,2782.202221341185,2811.62548828125,2420640,0.0,0.0,TCS.NS,636
2022-07-22 00:00:00+05:30,2818.439281202573,2829.058204711029,2781.7155040691646,2806.050537109375,2075886,0.0,0.0,TCS.NS,637
2022-07-25 00:00:00+05:30,2800.741201840289,2819.722485260362,2786.671213973187,2802.289794921875,1797504,0.0,0.0,TCS.NS,638
2022-07-26 00:00:00+05:30,2800.4754112437777,2804.1919910670576,2740.1245756980134,2757.291748046875,2639367,0.0,0.0,TCS.NS,639
2022-07-27 00:00:00+05:30,2756.495720256356,2826.492214850678,2752.0711685384485,2821.846435546875,1389808,0.0,0.0,TCS.NS,640
2022-07-28 00:00:00+05:30,2845.871492102438,2888.347186014415,2833.1729430263163,2885.25,2106333,0.0,0.0,TCS.NS,641
2022-07-29 00:00:00+05:30,2911.3549076784775,2935.513002248576,2898.081253084199,2921.88525390625,2430257,0.0,0.0,TCS.NS,642
2022-08-01 00:00:00+05:30,2944.09627043155,2944.09627043155,2894.5412986418996,2919.141845703125,1306913,0.0,0.0,TCS.NS,643
2022-08-02 00:00:00+05:30,2911.354384151611,2931.6187401045354,2895.1161965342453,2912.947265625,1269114,0.0,0.0,TCS.NS,644
2022-08-03 00:00:00+05:30,2902.5055561274144,2963.5643620337532,2899.895114155868,2955.15771484375,2895824,0.0,0.0,TCS.NS,645
2022-08-04 00:00:00+05:30,2964.449327329786,2997.9873392727095,2926.7079917137826,2968.82958984375,2150567,0.0,0.0,TCS.NS,646
2022-08-05 00:00:00+05:30,2974.3603430430594,2988.341968455179,2968.8739426020506,2977.767333984375,1106933,0.0,0.0,TCS.NS,647
2022-08-08 00:00:00+05:30,2977.7233337435564,2990.023501216288,2952.0609335419035,2986.085693359375,1068836,0.0,0.0,TCS.NS,648
2022-08-10 00:00:00+05:30,2995.4216880141566,2995.4216880141566,2951.1761682502843,2968.210693359375,1878359,0.0,0.0,TCS.NS,649
2022-08-11 00:00:00+05:30,3008.6952297525563,3034.092113924601,2986.6167594368567,3028.605712890625,1449248,0.0,0.0,TCS.NS,650
2022-08-12 00:00:00+05:30,3025.508537188174,3025.508537188174,2992.10317091767,3010.06689453125,1472354,0.0,0.0,TCS.NS,651
2022-08-16 00:00:00+05:30,3018.429499904976,3021.8364915036686,2997.6341046403127,3002.235595703125,839942,0.0,0.0,TCS.NS,652
2022-08-17 00:00:00+05:30,2995.509649477736,3024.5788203593047,2983.120906491458,3009.668212890625,1622326,0.0,0.0,TCS.NS,653
2022-08-18 00:00:00+05:30,2999.8457478916357,3001.615568391867,2975.0682608884013,2992.102783203125,1430659,0.0,0.0,TCS.NS,654
2022-08-19 00:00:00+05:30,2997.190854549514,3027.720256522339,2983.2535188662678,2996.084716796875,1398410,0.0,0.0,TCS.NS,655
2022-08-22 00:00:00+05:30,2977.7238340212034,2994.625710996879,2962.149322796206,2968.4765625,1536532,0.0,0.0,TCS.NS,656
2022-08-23 00:00:00+05:30,2937.8578650454288,2957.2816026427063,2893.6566394043225,2906.576416015625,1849256,0.0,0.0,TCS.NS,657
2022-08-24 00:00:00+05:30,2913.124994506489,2927.2835607009315,2876.135697114994,2880.693115234375,1691923,0.0,0.0,TCS.NS,658
2022-08-25 00:00:00+05:30,2898.9662192727565,2900.868690050921,2844.7654619679774,2847.818359375,1946930,0.0,0.0,TCS.NS,659
2022-08-26 00:00:00+05:30,2862.0649210309766,2882.1523380848394,2846.578993515937,2851.357421875,1457962,0.0,0.0,TCS.NS,660
2022-08-29 00:00:00+05:30,2765.345006303131,2781.007877210316,2726.408948614383,2772.026123046875,2539173,0.0,0.0,TCS.NS,661
2022-08-30 00:00:00+05:30,2791.8919635030225,2855.1630492052304,2780.476707184959,2841.57958984375,3431525,0.0,0.0,TCS.NS,662
2022-09-01 00:00:00+05:30,2822.863500543327,2822.863500543327,2761.8046975535185,2771.273193359375,3546935,0.0,0.0,TCS.NS,663
2022-09-02 00:00:00+05:30,2798.9712083448303,2798.9712083448303,2761.1855826958235,2770.123046875,2052900,0.0,0.0,TCS.NS,664
2022-09-05 00:00:00+05:30,2764.1499566547036,2785.653320032453,2754.0620657083778,2772.77783203125,2147912,0.0,0.0,TCS.NS,665
2022-09-06 00:00:00+05:30,2774.636384748224,2779.3707415075887,2748.841334627087,2767.158935546875,1936453,0.0,0.0,TCS.NS,666
2022-09-07 00:00:00+05:30,2744.9914688760246,2797.9975039888873,2744.9914688760246,2787.11328125,1291534,0.0,0.0,TCS.NS,667
2022-09-08 00:00:00+05:30,2805.1655178979468,2817.111806381108,2796.4049927606457,2804.855712890625,1346113,0.0,0.0,TCS.NS,668
2022-09-09 00:00:00+05:30,2827.288653494588,2861.357702996792,2803.8385285125514,2847.331787109375,1561185,0.0,0.0,TCS.NS,669
2022-09-12 00:00:00+05:30,2867.0207070213914,2893.4796538091186,2853.83563037096,2869.7197265625,1785928,0.0,0.0,TCS.NS,670
2022-09-13 00:00:00+05:30,2887.8606158067237,2887.8606158067237,2853.835856325097,2857.685302734375,1972678,0.0,0.0,TCS.NS,671
2022-09-14 00:00:00+05:30,2774.1937021668928,2779.857041489545,2755.4336476127423,2761.27392578125,5090269,0.0,0.0,TCS.NS,672
2022-09-15 00:00:00+05:30,2769.7686588046104,2776.626712193024,2743.2213553655884,2747.07080078125,2138023,0.0,0.0,TCS.NS,673
2022-09-16 00:00:00+05:30,2721.9841963836157,2738.2223874832284,2654.7310107772587,2662.4296875,5322221,0.0,0.0,TCS.NS,674
2022-09-19 00:00:00+05:30,2686.5878641443855,2691.897326326489,2643.935227823334,2680.216552734375,2072220,0.0,0.0,TCS.NS,675
2022-09-20 00:00:00+05:30,2698.976164028321,2725.4791818403546,2681.277959674037,2690.392578125,1544295,0.0,0.0,TCS.NS,676
2022-09-21 00:00:00+05:30,2679.508609959477,2691.366322542929,2653.0939489033167,2655.79296875,2253818,0.0,0.0,TCS.NS,677
2022-09-22 00:00:00+05:30,2645.881700493006,2681.2338224800474,2636.413203836875,2661.279052734375,2017983,0.0,0.0,TCS.NS,678
2022-09-23 00:00:00+05:30,2658.270416653943,2674.641256436931,2636.1476601904446,2638.8466796875,2652374,0.0,0.0,TCS.NS,679
2022-09-26 00:00:00+05:30,2619.20191173189,2677.6059931788486,2589.336188264695,2649.775390625,2925489,0.0,0.0,TCS.NS,680
2022-09-27 00:00:00+05:30,2663.049036122566,2676.8537235602644,2633.493117790197,2670.172607421875,2227447,0.0,0.0,TCS.NS,681
2022-09-28 00:00:00+05:30,2637.0324212069113,2698.931847080091,2637.0324212069113,2686.277587890625,2739767,0.0,0.0,TCS.NS,682
2022-09-29 00:00:00+05:30,2702.516169785291,2704.153340326122,2645.8819082049836,2652.341796875,2493902,0.0,0.0,TCS.NS,683
2022-09-30 00:00:00+05:30,2646.63385311136,2672.1633836724513,2610.573761166664,2658.757080078125,2817353,0.0,0.0,TCS.NS,684
2022-10-03 00:00:00+05:30,2650.3059881706363,2673.0481365801566,2631.7228743971527,2641.41259765625,1763331,0.0,0.0,TCS.NS,685
2022-10-04 00:00:00+05:30,2681.233913837934,2741.4521028168406,2675.0838304762133,2735.390380859375,2145875,0.0,0.0,TCS.NS,686
2022-10-06 00:00:00+05:30,2752.956236181768,2764.4600713056393,2736.5411051618826,2744.94775390625,1790816,0.0,0.0,TCS.NS,687
2022-10-07 00:00:00+05:30,2740.920467023661,2747.6458702244654,2706.143672804583,2712.160888671875,1939879,0.0,0.0,TCS.NS,688
2022-10-10 00:00:00+05:30,2663.580145614609,2767.1146562581002,2659.1555938777074,2759.63720703125,3064063,0.0,0.0,TCS.NS,689
2022-10-11 00:00:00+05:30,2743.2215951846183,2783.042553824395,2701.940621145061,2716.276123046875,4730645,0.0,0.0,TCS.NS,690
2022-10-12 00:00:00+05:30,2729.8595839610534,2751.9823405364536,2709.6395140766645,2743.885498046875,1665247,0.0,0.0,TCS.NS,691
2022-10-13 00:00:00+05:30,2743.886013322039,2752.07143479208,2701.0564349661036,2746.142578125,2054781,0.0,0.0,TCS.NS,692
2022-10-14 00:00:00+05:30,2783.0427033213336,2787.467254518983,2717.5593455961257,2742.469482421875,2245977,0.0,0.0,TCS.NS,693
2022-10-17 00:00:00+05:30,2726.0567094128687,2775.5181405488543,2724.992112063017,2760.746337890625,1517005,8.0,0.0,TCS.NS,694
2022-10-18 00:00:00+05:30,2794.6812092612113,2799.4278179556986,2775.6508043470494,2789.97900390625,1793722,0.0,0.0,TCS.NS,695
2022-10-19 00:00:00+05:30,2802.666443942167,2802.666443942167,2760.9680194833886,2769.70703125,1194289,0.0,0.0,TCS.NS,696
2022-10-20 00:00:00+05:30,2754.7575733042404,2803.5536011727536,2754.7575733042404,2801.158203125,1587601,0.0,0.0,TCS.NS,697
2022-10-21 00:00:00+05:30,2801.601705210383,2803.908296485969,2774.2758872411737,2783.502685546875,1021913,0.0,0.0,TCS.NS,698
2022-10-24 00:00:00+05:30,2812.5143817126964,2819.523178997157,2799.1175675695504,2805.061767578125,260949,0.0,0.0,TCS.NS,699
2022-10-25 00:00:00+05:30,2821.7409048142667,2825.067906352721,2795.701486132634,2805.41650390625,2069643,0.0,0.0,TCS.NS,700
2022-10-27 00:00:00+05:30,2804.1746311987695,2815.974441397047,2780.7970275331877,2801.246826171875,2438421,0.0,0.0,TCS.NS,701
2022-10-28 00:00:00+05:30,2794.6816049676954,2819.966819488832,2790.245602420128,2806.43701171875,1355739,0.0,0.0,TCS.NS,702
2022-10-31 00:00:00+05:30,2838.1540761618767,2838.1540761618767,2819.3454710249935,2832.9638671875,1919414,0.0,0.0,TCS.NS,703
2022-11-01 00:00:00+05:30,2851.90614711306,2894.580579896571,2842.1025377869346,2892.007568359375,2991060,0.0,0.0,TCS.NS,704
2022-11-02 00:00:00+05:30,2901.1454132070917,2901.1454132070917,2858.6041958047094,2876.03759765625,1405955,0.0,0.0,TCS.NS,705
2022-11-03 00:00:00+05:30,2863.927442110941,2863.927442110941,2834.6054240597227,2845.030029296875,1422652,0.0,0.0,TCS.NS,706
2022-11-04 00:00:00+05:30,2854.1239662115554,2856.8299710167985,2809.0097348143217,2854.478759765625,1464013,0.0,0.0,TCS.NS,707
2022-11-07 00:00:00+05:30,2864.7701427720986,2877.013551831129,2834.6941353155285,2868.93994140625,1474498,0.0,0.0,TCS.NS,708
2022-11-09 00:00:00+05:30,2883.2245139833467,2883.2245139833467,2840.5056757133734,2853.281494140625,1162267,0.0,0.0,TCS.NS,709
2022-11-10 00:00:00+05:30,2812.425829426225,2861.2218611670587,2812.425829426225,2844.054443359375,1573092,0.0,0.0,TCS.NS,710
2022-11-11 00:00:00+05:30,2900.790982443406,2964.669421548433,2887.8821712205927,2941.91259765625,3265394,0.0,0.0,TCS.NS,711
2022-11-14 00:00:00+05:30,2949.054274975172,2971.2342860685476,2935.746268319147,2959.257080078125,1342074,0.0,0.0,TCS.NS,712
2022-11-15 00:00:00+05:30,2946.3924709512517,2963.2048748831116,2920.663659852912,2956.68408203125,1400708,0.0,0.0,TCS.NS,713
2022-11-16 00:00:00+05:30,2962.2737860893976,2988.002601660146,2946.792180040441,2976.868408203125,1748235,0.0,0.0,TCS.NS,714
2022-11-17 00:00:00+05:30,2963.2500577364513,2980.9940700582265,2943.5098440284764,2971.23486328125,1417986,0.0,0.0,TCS.NS,715
2022-11-18 00:00:00+05:30,2972.1217536240656,2983.4335602983065,2946.3929384434396,2966.310546875,1164540,0.0,0.0,TCS.NS,716
2022-11-21 00:00:00+05:30,2947.7238688113866,2957.6604717907267,2903.80744096905,2913.123046875,1304194,0.0,0.0,TCS.NS,717
2022-11-22 00:00:00+05:30,2910.0172918982757,2944.573703919236,2888.0590821499577,2941.02490234375,1149739,0.0,0.0,TCS.NS,718
2022-11-23 00:00:00+05:30,2954.377450271006,2954.377450271006,2919.7766332858505,2935.125244140625,1150011,0.0,0.0,TCS.NS,719
2022-11-24 00:00:00+05:30,2942.1788211585995,3010.2270599589883,2935.1256201131005,2998.870849609375,1296591,0.0,0.0,TCS.NS,720
2022-11-25 00:00:00+05:30,3001.3990319508653,3019.4536472052473,2970.3470171361205,3007.298828125,1588981,0.0,0.0,TCS.NS,721
2022-11-28 00:00:00+05:30,2986.3172048438537,3031.5644352202753,2985.9180078961676,3012.267822265625,2195437,0.0,0.0,TCS.NS,722
2022-11-29 00:00:00+05:30,3001.3994449085935,3042.2106699945516,3001.3994449085935,3014.130859375,1576028,0.0,0.0,TCS.NS,723
2022-11-30 00:00:00+05:30,3001.398885512607,3029.700490993687,2994.301282472672,3008.319091796875,3410702,0.0,0.0,TCS.NS,724
2022-12-01 00:00:00+05:30,3038.662009732611,3087.4580420056895,3034.226006798695,3083.5986328125,2180856,0.0,0.0,TCS.NS,725
2022-12-02 00:00:00+05:30,3068.0277083049227,3077.6092990888296,3028.014884688159,3051.215087890625,2411749,0.0,0.0,TCS.NS,726
2022-12-05 00:00:00+05:30,3045.7596601200953,3051.215857169985,3022.6924445176714,3039.46044921875,1475065,0.0,0.0,TCS.NS,727
2022-12-06 00:00:00+05:30,3016.5261793583018,3023.534976844241,2988.0913592964403,3003.484375,1166999,0.0,0.0,TCS.NS,728
2022-12-07 00:00:00+05:30,2988.3569238378846,3010.891725646933,2975.6699157604376,2999.26953125,1167505,0.0,0.0,TCS.NS,729
2022-12-08 00:00:00+05:30,2980.993620377601,2999.270036952731,2962.7616071469197,2972.609619140625,1285619,0.0,0.0,TCS.NS,730
2022-12-09 00:00:00+05:30,2993.5039410485774,2993.5039410485774,2906.7800734191737,2921.330078125,1797896,0.0,0.0,TCS.NS,731
2022-12-12 00:00:00+05:30,2888.281420388924,2924.2130430354455,2871.06981618164,2915.740234375,1527610,0.0,0.0,TCS.NS,732
2022-12-13 00:00:00+05:30,2907.5332877172273,2960.0999146743784,2899.19369008115,2956.24072265625,1378016,0.0,0.0,TCS.NS,733
2022-12-14 00:00:00+05:30,2971.056780109854,2996.0757883833653,2964.0477669009356,2985.739990234375,1213311,0.0,0.0,TCS.NS,734
2022-12-15 00:00:00+05:30,2979.928999146625,2985.2077986532413,2926.829964070142,2932.286376953125,1415694,0.0,0.0,TCS.NS,735
2022-12-16 00:00:00+05:30,2905.581435939429,2920.6638433931603,2861.3988107840464,2874.751220703125,2703680,0.0,0.0,TCS.NS,736
2022-12-19 00:00:00+05:30,2862.9957142629496,2879.4089217974597,2834.1617010266477,2840.860107421875,2120965,0.0,0.0,TCS.NS,737
2022-12-20 00:00:00+05:30,2838.06551085569,2882.514341262833,2806.7916941337708,2878.033935546875,1529971,0.0,0.0,TCS.NS,738
2022-12-21 00:00:00+05:30,2882.51456108281,2912.723782859557,2874.5297562044643,2899.859375,1432566,0.0,0.0,TCS.NS,739
2022-12-22 00:00:00+05:30,2922.438590322109,2922.438590322109,2879.0545703851453,2892.007568359375,1384101,0.0,0.0,TCS.NS,740
2022-12-23 00:00:00+05:30,2854.1237919639257,2898.3508201741924,2854.1237919639257,2864.193603515625,1360281,0.0,0.0,TCS.NS,741
2022-12-26 00:00:00+05:30,2864.1935243545195,2902.9197355304514,2861.265719687228,2885.97412109375,870157,0.0,0.0,TCS.NS,742
2022-12-27 00:00:00+05:30,2900.435634931459,2904.516843595851,2866.9882216660553,2891.829833984375,835883,0.0,0.0,TCS.NS,743
2022-12-28 00:00:00+05:30,2883.2243205566224,2897.685732490091,2862.108904660057,2889.700927734375,910795,0.0,0.0,TCS.NS,744
2022-12-29 00:00:00+05:30,2866.6338503909797,2902.4766668035973,2863.8834419813575,2900.036865234375,1037927,0.0,0.0,TCS.NS,745
2022-12-30 00:00:00+05:30,2915.3853696829165,2926.8745733236387,2880.0303416215215,2889.345947265625,1163131,0.0,0.0,TCS.NS,746
2023-01-02 00:00:00+05:30,2893.1611057917276,2898.3513158512633,2870.271287393365,2893.560302734375,709547,0.0,0.0,TCS.NS,747
2023-01-03 00:00:00+05:30,2885.176105207512,2945.505740863758,2879.2319050146616,2937.83154296875,1245178,0.0,0.0,TCS.NS,748
2023-01-04 00:00:00+05:30,2933.7060761454604,2952.026897843551,2915.518464493648,2940.75927734375,1231668,0.0,0.0,TCS.NS,749
2023-01-05 00:00:00+05:30,2954.555018481283,2960.8542285796434,2911.7475949836166,2937.609619140625,1826057,0.0,0.0,TCS.NS,750
2023-01-06 00:00:00+05:30,2927.7619103837324,2929.1371146013744,2839.041852493316,2849.2890625,2488376,0.0,0.0,TCS.NS,751
2023-01-09 00:00:00+05:30,2864.7703415409696,2951.7159883266663,2857.805731152668,2945.461181640625,2885060,0.0,0.0,TCS.NS,752
2023-01-10 00:00:00+05:30,2914.4533185787127,2925.9869237968323,2865.746103182856,2915.6953125,3864655,0.0,0.0,TCS.NS,753
2023-01-11 00:00:00+05:30,2918.9785546870203,2971.6781796058563,2902.165931337438,2953.224365234375,2720512,0.0,0.0,TCS.NS,754
2023-01-12 00:00:00+05:30,2953.4902075036,2972.1214163824147,2941.5574051372632,2958.23681640625,2250391,0.0,0.0,TCS.NS,755
2023-01-13 00:00:00+05:30,2965.8223193412623,2997.8503424610212,2932.1975086811703,2993.90234375,1742837,0.0,0.0,TCS.NS,756
2023-01-16 00:00:00+05:30,3009.736136495261,3042.4013462974403,2992.5415773071954,3025.206787109375,1843607,75.0,0.0,TCS.NS,757
2023-01-17 00:00:00+05:30,3021.5320135401794,3068.5336669447215,3013.3657108008815,3065.448486328125,1688475,0.0,0.0,TCS.NS,758
2023-01-18 00:00:00+05:30,3066.900207699576,3093.168435883575,3059.8681140280755,3075.973876953125,2421189,0.0,0.0,TCS.NS,759
2023-01-19 00:00:00+05:30,3066.900147348573,3073.2517157010698,3049.6601761060806,3060.639404296875,1585044,0.0,0.0,TCS.NS,760
2023-01-20 00:00:00+05:30,3053.2893380290952,3080.1926755327436,3044.760178562621,3051.5654296875,1529349,0.0,0.0,TCS.NS,761
2023-01-23 00:00:00+05:30,3074.15881545073,3102.2871871387383,3044.76021881266,3098.56689453125,1067916,0.0,0.0,TCS.NS,762
2023-01-24 00:00:00+05:30,3107.7318165396514,3132.1853116377615,3100.745135300925,3117.985107421875,1387863,0.0,0.0,TCS.NS,763
2023-01-25 00:00:00+05:30,3108.0032780160186,3116.8046909167942,3089.5836892493985,3112.041015625,874110,0.0,0.0,TCS.NS,764
2023-01-27 00:00:00+05:30,3108.6390657488755,3126.7864041362013,3068.9871756775947,3095.073974609375,1785879,0.0,0.0,TCS.NS,765
2023-01-30 00:00:00+05:30,3103.1946093031756,3138.082820181694,3071.935865803959,3115.580078125,1953798,0.0,0.0,TCS.NS,766
2023-01-31 00:00:00+05:30,3129.5082689944597,3129.5082689944597,3040.5863175994305,3047.572998046875,2820375,0.0,0.0,TCS.NS,767
2023-02-01 00:00:00+05:30,3051.4746055363516,3102.2871472877746,3044.2156710004338,3092.623779296875,2205161,0.0,0.0,TCS.NS,768
2023-02-02 00:00:00+05:30,3109.5463294312503,3147.6557387794014,3103.285586505531,3139.852294921875,1813847,0.0,0.0,TCS.NS,769
2023-02-03 00:00:00+05:30,3179.413449194556,3179.413449194556,3133.0469144504245,3159.7236328125,1804469,0.0,0.0,TCS.NS,770
2023-02-06 00:00:00+05:30,3151.4215357600465,3151.4215357600465,3118.4842916293296,3139.4443359375,1138714,0.0,0.0,TCS.NS,771
2023-02-07 00:00:00+05:30,3147.5644432777162,3169.432070651767,3140.7591926250143,3150.87646484375,1455647,0.0,0.0,TCS.NS,772
2023-02-08 00:00:00+05:30,3155.8671542754532,3211.9876581401045,3155.8671542754532,3194.02197265625,1986946,0.0,0.0,TCS.NS,773
2023-02-09 00:00:00+05:30,3189.394817614889,3218.9750686870316,3180.5934025370234,3212.850341796875,1655427,0.0,0.0,TCS.NS,774
2023-02-10 00:00:00+05:30,3193.9316229583487,3214.21136264031,3183.179236128962,3209.85595703125,1187821,0.0,0.0,TCS.NS,775
2023-02-13 00:00:00+05:30,3220.244929405752,3220.244929405752,3151.6479073882488,3159.814208984375,1087939,0.0,0.0,TCS.NS,776
2023-02-14 00:00:00+05:30,3180.320764752124,3198.3320850826603,3171.2470963790797,3175.874755859375,1579818,0.0,0.0,TCS.NS,777
2023-02-15 00:00:00+05:30,3163.988673966141,3199.37598635062,3139.6257818298463,3194.521484375,1429449,0.0,0.0,TCS.NS,778
2023-02-16 00:00:00+05:30,3200.46491416523,3243.8371021011512,3200.283485065947,3228.457275390625,1618931,0.0,0.0,TCS.NS,779
2023-02-17 00:00:00+05:30,3199.5120558409485,3211.0809850815513,3166.710827427652,3176.827880859375,1061369,0.0,0.0,TCS.NS,780
2023-02-20 00:00:00+05:30,3177.5987465959242,3195.746083812349,3153.145254001815,3164.260498046875,1296082,0.0,0.0,TCS.NS,781
2023-02-21 00:00:00+05:30,3170.340019763293,3183.859698266715,3125.6521989352045,3131.3232421875,1139541,0.0,0.0,TCS.NS,782
2023-02-22 00:00:00+05:30,3098.6129752182524,3127.6941326510655,3080.5110473891405,3086.454345703125,1218430,0.0,0.0,TCS.NS,783
2023-02-23 00:00:00+05:30,3104.1023336676694,3132.5935672666674,3092.3065633263427,3097.5693359375,1441570,0.0,0.0,TCS.NS,784
2023-02-24 00:00:00+05:30,3105.463295514014,3115.852602482513,3068.987189496275,3085.455810546875,977592,0.0,0.0,TCS.NS,785
2023-02-27 00:00:00+05:30,3075.9737450556004,3075.9737450556004,3008.8285954585162,3023.21044921875,1128022,0.0,0.0,TCS.NS,786
2023-02-28 00:00:00+05:30,3020.170662055617,3077.788458973307,2994.2198806605948,3005.970458984375,4116217,0.0,0.0,TCS.NS,787
2023-03-01 00:00:00+05:30,3015.1799224204337,3075.066132134472,3007.9209879096416,3072.07177734375,1669307,0.0,0.0,TCS.NS,788
2023-03-02 00:00:00+05:30,3049.660086077865,3057.7355627061675,3010.6433102071874,3013.773681640625,1556538,0.0,0.0,TCS.NS,789
2023-03-03 00:00:00+05:30,3043.3085385632116,3046.938006110693,3022.5299254639276,3032.55615234375,1043190,0.0,0.0,TCS.NS,790
2023-03-06 00:00:00+05:30,3050.476405785988,3089.5385914645617,3047.84513063335,3059.5048828125,1334132,0.0,0.0,TCS.NS,791
2023-03-08 00:00:00+05:30,3052.3825144497637,3081.4182577501183,3022.3033877346093,3076.3369140625,1844590,0.0,0.0,TCS.NS,792
2023-03-09 00:00:00+05:30,3071.436941869971,3071.436941869971,3022.303113079057,3027.747314453125,1648500,0.0,0.0,TCS.NS,793
2023-03-10 00:00:00+05:30,3006.0157791306688,3028.110252231494,2985.2371652832767,3022.439208984375,1024404,0.0,0.0,TCS.NS,794
2023-03-13 00:00:00+05:30,3024.2537396226567,3057.6448843231524,2968.9043612497244,2977.9326171875,1901233,0.0,0.0,TCS.NS,795
2023-03-14 00:00:00+05:30,2976.16317200943,2998.3028338253125,2912.1029858555275,2917.138916015625,2670334,0.0,0.0,TCS.NS,796
2023-03-15 00:00:00+05:30,2948.9422175317536,2958.3335528960897,2896.314941034264,2902.57568359375,1780522,0.0,0.0,TCS.NS,797
2023-03-16 00:00:00+05:30,2910.833062083006,2921.540035980481,2878.1678531568878,2889.963623046875,1901060,0.0,0.0,TCS.NS,798
2023-03-17 00:00:00+05:30,2858.6595359477537,2922.991763191914,2852.761650855337,2884.791748046875,6739966,0.0,0.0,TCS.NS,799
2023-03-20 00:00:00+05:30,2876.035450110584,2876.035450110584,2808.346011246895,2852.12646484375,2289468,0.0,0.0,TCS.NS,800
2023-03-21 00:00:00+05:30,2852.1263176035486,2864.3303576607777,2810.523458137798,2818.372314453125,1815297,0.0,0.0,TCS.NS,801
2023-03-22 00:00:00+05:30,2840.103654549664,2852.307694383167,2818.372262786457,2840.7841796875,1123939,0.0,0.0,TCS.NS,802
2023-03-23 00:00:00+05:30,2826.356786886793,2854.8936502715574,2813.744476842171,2835.20361328125,1372218,0.0,0.0,TCS.NS,803
2023-03-24 00:00:00+05:30,2857.207362142478,2876.35289113198,2818.2814132037633,2831.438232421875,1329577,0.0,0.0,TCS.NS,804
2023-03-27 00:00:00+05:30,2844.595292917529,2860.701055740268,2818.2816522493927,2833.07177734375,1524217,0.0,0.0,TCS.NS,805
2023-03-28 00:00:00+05:30,2837.336265387191,2857.7974330642905,2822.0470446787185,2827.264404296875,1303530,0.0,0.0,TCS.NS,806
2023-03-29 00:00:00+05:30,2839.150945629806,2858.2056499628916,2816.55759910205,2848.1337890625,1740616,0.0,0.0,TCS.NS,807
2023-03-31 00:00:00+05:30,2894.4547893885947,2915.369639228699,2860.0202623245746,2908.92724609375,2382581,0.0,0.0,TCS.NS,808
2023-04-03 00:00:00+05:30,2926.2124875934796,2926.2124875934796,2879.755352210999,2903.57373046875,1521830,0.0,0.0,TCS.NS,809
2023-04-05 00:00:00+05:30,2890.4169500266803,2961.962911030254,2890.4169500266803,2939.68701171875,2655065,0.0,0.0,TCS.NS,810
2023-04-06 00:00:00+05:30,2926.258167173755,2955.611574142893,2917.1844984383324,2922.3564453125,1703464,0.0,0.0,TCS.NS,811
2023-04-10 00:00:00+05:30,2921.721439084615,2968.9045182251125,2917.1846045518755,2961.10107421875,2203187,0.0,0.0,TCS.NS,812
2023-04-11 00:00:00+05:30,2961.644979973374,2969.765867828518,2896.4505924016125,2916.09521484375,2348779,0.0,0.0,TCS.NS,813
2023-04-12 00:00:00+05:30,2928.9350839632298,2958.8781931293734,2902.666855227049,2941.365966796875,2417727,0.0,0.0,TCS.NS,814
2023-04-13 00:00:00+05:30,2912.6475068387854,2930.794843329993,2885.4265021019746,2893.456787109375,4174070,0.0,0.0,TCS.NS,815
2023-04-17 00:00:00+05:30,2843.778286560608,2870.3639557398055,2785.842829602675,2848.677978515625,5505048,0.0,0.0,TCS.NS,816
2023-04-18 00:00:00+05:30,2862.696756998552,2864.4208867828047,2822.455173519428,2840.738525390625,2617302,0.0,0.0,TCS.NS,817
2023-04-19 00:00:00+05:30,2840.7386910527553,2849.13183419489,2786.9772066017845,2803.400634765625,3298034,0.0,0.0,TCS.NS,818
2023-04-20 00:00:00+05:30,2803.763310354329,2824.632745997743,2792.8749091490695,2817.1923828125,2419999,0.0,0.0,TCS.NS,819
2023-04-21 00:00:00+05:30,2821.91108534421,2871.3171692054207,2813.563354091303,2868.05078125,1929184,0.0,0.0,TCS.NS,820
2023-04-24 00:00:00+05:30,2859.203702418767,2886.2884693393776,2836.564722823472,2880.708251953125,1640676,0.0,0.0,TCS.NS,821
2023-04-25 00:00:00+05:30,2888.148931777147,2895.5892962816,2855.9374058336693,2881.79736328125,2024090,0.0,0.0,TCS.NS,822
2023-04-26 00:00:00+05:30,2886.3342533089885,2911.196019002823,2886.3342533089885,2901.8955078125,2000029,0.0,0.0,TCS.NS,823
2023-04-27 00:00:00+05:30,2889.963448787062,2902.8480138926443,2876.942645737427,2892.64013671875,2434446,0.0,0.0,TCS.NS,824
2023-04-28 00:00:00+05:30,2903.937060230904,2928.299951130164,2900.1715760476527,2921.041015625,2931312,0.0,0.0,TCS.NS,825
2023-05-02 00:00:00+05:30,2935.3320146523815,2935.3320146523815,2912.647841432502,2921.177001953125,2321159,0.0,0.0,TCS.NS,826
2023-05-03 00:00:00+05:30,2918.0922183484367,2918.0922183484367,2879.211454503233,2885.336181640625,2468285,0.0,0.0,TCS.NS,827
2023-05-04 00:00:00+05:30,2885.5626742853387,2925.7590710882832,2883.611924117269,2922.3564453125,1953253,0.0,0.0,TCS.NS,828
2023-05-05 00:00:00+05:30,2921.7216376669535,2943.4984449042227,2912.6933806381967,2931.430419921875,1710027,0.0,0.0,TCS.NS,829
2023-05-08 00:00:00+05:30,2944.405717078382,2953.3433700376554,2931.9748343190095,2949.487060546875,928235,0.0,0.0,TCS.NS,830
2023-05-09 00:00:00+05:30,2951.3015984635645,2992.4959661492044,2945.3128884537045,2979.1123046875,1107375,0.0,0.0,TCS.NS,831
2023-05-10 00:00:00+05:30,2985.237270173894,3000.2088248723344,2963.505875992397,2982.333740234375,1559987,0.0,0.0,TCS.NS,832
2023-05-11 00:00:00+05:30,3002.4769021680513,3003.112014657081,2968.9043287681666,2978.114013671875,1719623,0.0,0.0,TCS.NS,833
2023-05-12 00:00:00+05:30,2975.392051583769,2985.237070959748,2958.0160642336714,2970.991455078125,1027479,0.0,0.0,TCS.NS,834
2023-05-15 00:00:00+05:30,2979.792639217082,2987.051573782775,2947.4451006687523,2953.5244140625,1150390,0.0,0.0,TCS.NS,835
2023-05-16 00:00:00+05:30,2954.568325172893,2980.700538583309,2949.3509650216433,2956.337646484375,986306,0.0,0.0,TCS.NS,836
2023-05-17 00:00:00+05:30,2954.3413497168876,2976.1635689712307,2901.9863214823895,2911.46826171875,1588815,0.0,0.0,TCS.NS,837
2023-05-18 00:00:00+05:30,2927.1201308420364,2929.8422314714453,2899.037170320326,2903.43798828125,1369364,0.0,0.0,TCS.NS,838
2023-05-19 00:00:00+05:30,2912.6473771198916,2934.877863331554,2906.3412222750712,2924.30712890625,1152449,0.0,0.0,TCS.NS,839
2023-05-22 00:00:00+05:30,2930.7948036761345,3001.9776857947654,2919.0444477620817,2993.130859375,1333243,0.0,0.0,TCS.NS,840
2023-05-23 00:00:00+05:30,2999.7549225207754,3019.671581346221,2985.3278776559046,2991.634033203125,1687418,0.0,0.0,TCS.NS,841
2023-05-24 00:00:00+05:30,2972.533770094014,3009.91723962534,2972.533770094014,2997.350341796875,1016555,0.0,0.0,TCS.NS,842
2023-05-25 00:00:00+05:30,2988.8670135956713,2999.755418016785,2964.458928961737,2988.413330078125,1374917,0.0,0.0,TCS.NS,843
2023-05-26 00:00:00+05:30,2988.413232167041,3029.380763849176,2986.1448146536304,3020.533935546875,1791115,0.0,0.0,TCS.NS,844
2023-05-29 00:00:00+05:30,3049.4788269717515,3059.6412922971313,3005.199276419958,3012.77587890625,1210372,0.0,0.0,TCS.NS,845
2023-05-30 00:00:00+05:30,3007.9204816554034,3018.763468950928,2995.5350153409654,3009.00927734375,1344224,0.0,0.0,TCS.NS,846
2023-05-31 00:00:00+05:30,3002.477347579657,3019.445065861434,2962.689216754016,2984.78369140625,5815424,0.0,0.0,TCS.NS,847
2023-06-01 00:00:00+05:30,3007.0134904588317,3030.6050265939944,2992.0419386807475,3016.087158203125,1177314,0.0,0.0,TCS.NS,848
2023-06-02 00:00:00+05:30,3018.1288819067254,3026.884883100638,2991.996673212704,2999.391845703125,2030661,0.0,0.0,TCS.NS,849
2023-06-05 00:00:00+05:30,3007.920887048009,3018.8092884490875,2980.745296189502,2984.238525390625,1861468,0.0,0.0,TCS.NS,850
2023-06-06 00:00:00+05:30,2976.1631892319806,2984.193474251993,2922.265688378492,2932.8818359375,2022849,0.0,0.0,TCS.NS,851
2023-06-07 00:00:00+05:30,2951.6643988850446,2975.119920852353,2940.7759965528526,2971.53564453125,1567196,0.0,0.0,TCS.NS,852
2023-06-08 00:00:00+05:30,2958.9233618921558,2967.089663718905,2933.517089542269,2936.6474609375,1759366,0.0,0.0,TCS.NS,853
2023-06-09 00:00:00+05:30,2944.405403135556,2948.9422373468583,2908.4283964499673,2912.012451171875,1775689,0.0,0.0,TCS.NS,854
2023-06-12 00:00:00+05:30,2917.1847217996856,2952.934890744503,2913.5552540276176,2946.129638671875,2324605,0.0,0.0,TCS.NS,855
2023-06-13 00:00:00+05:30,2958.016199521383,2962.5530341832255,2938.961493941644,2943.22607421875,1371928,0.0,0.0,TCS.NS,856
2023-06-14 00:00:00+05:30,2943.2260282131615,2954.250669184191,2927.0296616386267,2949.895263671875,1658544,0.0,0.0,TCS.NS,857
2023-06-15 00:00:00+05:30,2966.577942883082,2968.5432011878183,2934.3096334323036,2940.068603515625,2273810,24.0,0.0,TCS.NS,858
2023-06-16 00:00:00+05:30,2922.4256636412783,2924.619450378722,2884.946948530458,2902.2236328125,4156189,0.0,0.0,TCS.NS,859
2023-06-19 00:00:00+05:30,2916.026704744818,2938.7880778419694,2902.314980427836,2934.674560546875,1468186,0.0,0.0,TCS.NS,860
2023-06-20 00:00:00+05:30,2937.965925601742,2954.877054918367,2926.1281797146307,2950.4892578125,1528452,0.0,0.0,TCS.NS,861
2023-06-21 00:00:00+05:30,2970.873686560209,2981.294508068641,2947.060946684183,2978.369384765625,1645987,0.0,0.0,TCS.NS,862
2023-06-22 00:00:00+05:30,2980.015045726706,2987.007936549625,2952.68309515918,2960.361572265625,1529603,0.0,0.0,TCS.NS,863
2023-06-23 00:00:00+05:30,2959.2649249571587,2970.3255840143474,2933.5324504051714,2940.1142578125,1119505,0.0,0.0,TCS.NS,864
2023-06-26 00:00:00+05:30,2929.7385414678183,2937.8740756056604,2900.486861802617,2915.706787109375,1978803,0.0,0.0,TCS.NS,865
2023-06-27 00:00:00+05:30,2926.9966398261013,2933.989531286174,2908.988616439213,2922.74609375,863542,0.0,0.0,TCS.NS,866
2023-06-28 00:00:00+05:30,2932.4811471226985,2953.460043363007,2919.134977819985,2939.291259765625,1575872,0.0,0.0,TCS.NS,867
2023-06-30 00:00:00+05:30,2943.4505104829095,3025.720866365972,2938.0573208662913,3018.636474609375,2672406,0.0,0.0,TCS.NS,868
2023-07-03 00:00:00+05:30,3029.6513747394556,3033.764892219911,2988.013392052773,2991.258544921875,1687264,0.0,0.0,TCS.NS,869
2023-07-04 00:00:00+05:30,3007.4387624925753,3030.2916406270174,2995.8295450348064,3024.669921875,1656681,0.0,0.0,TCS.NS,870
2023-07-05 00:00:00+05:30,3034.8621566398974,3043.0891926066924,3021.150430028573,3034.81640625,1453008,0.0,0.0,TCS.NS,871
2023-07-06 00:00:00+05:30,3022.567291654091,3042.586322830739,3018.4080233653217,3037.512939453125,1848238,0.0,0.0,TCS.NS,872
2023-07-07 00:00:00+05:30,3018.4079910488003,3068.592819620022,3018.4079910488003,3043.317626953125,1789326,0.0,0.0,TCS.NS,873
2023-07-10 00:00:00+05:30,3039.204288501629,3039.204288501629,2984.7686876958783,2990.93896484375,1407431,0.0,0.0,TCS.NS,874
2023-07-11 00:00:00+05:30,3012.009187727315,3012.009187727315,2980.7464966348984,2991.35009765625,1110172,0.0,0.0,TCS.NS,875
2023-07-12 00:00:00+05:30,2999.165750561899,3006.661449392106,2970.9654349670614,2979.923583984375,1515240,0.0,0.0,TCS.NS,876
2023-07-13 00:00:00+05:30,3001.9539636829727,3078.23682351536,2991.6701688926455,3053.647216796875,4585146,0.0,0.0,TCS.NS,877
2023-07-14 00:00:00+05:30,3075.9974367196014,3222.1188306720537,3064.1139399358403,3212.794677734375,6306101,0.0,0.0,TCS.NS,878
2023-07-17 00:00:00+05:30,3208.544515757688,3245.01762483014,3178.424463014952,3191.816162109375,2743228,0.0,0.0,TCS.NS,879
2023-07-18 00:00:00+05:30,3177.464048629703,3221.341572891563,3167.4087826530267,3196.5234375,2600090,0.0,0.0,TCS.NS,880
2023-07-19 00:00:00+05:30,3199.403095334835,3214.806025220007,3149.720846571076,3172.025390625,2405370,0.0,0.0,TCS.NS,881
2023-07-20 00:00:00+05:30,3164.7389834644387,3188.384300817306,3149.1127482930447,3174.087158203125,1715404,9.0,0.0,TCS.NS,882
2023-07-21 00:00:00+05:30,3119.7851016890736,3148.058749845472,3078.5429555507294,3087.0205078125,3770223,0.0,0.0,TCS.NS,883
2023-07-24 00:00:00+05:30,3098.659951717726,3128.4000771632996,3090.5032611034767,3111.26171875,1680132,0.0,0.0,TCS.NS,884
2023-07-25 00:00:00+05:30,3113.7820669129846,3122.305488623781,3097.926708032121,3115.294189453125,1272980,0.0,0.0,TCS.NS,885
2023-07-26 00:00:00+05:30,3116.3941167600838,3135.1822055035386,3102.325873004653,3105.350341796875,1066803,0.0,0.0,TCS.NS,886
2023-07-27 00:00:00+05:30,3111.444574743922,3126.7499469053832,3102.3713931415473,3113.231689453125,1701769,0.0,0.0,TCS.NS,887
2023-07-28 00:00:00+05:30,3102.3257654879126,3110.299202025282,3052.8351919764364,3075.197509765625,2599831,0.0,0.0,TCS.NS,888
2023-07-31 00:00:00+05:30,3083.445773087776,3140.4974033773265,3080.2380509028217,3135.731689453125,2743678,0.0,0.0,TCS.NS,889
2023-08-01 00:00:00+05:30,3129.82077565577,3171.0629235048214,3129.82077565577,3163.77685546875,1956167,0.0,0.0,TCS.NS,890
2023-08-02 00:00:00+05:30,3148.10489653474,3158.5986876704637,3128.5379219504644,3153.328857421875,1914899,0.0,0.0,TCS.NS,891
2023-08-03 00:00:00+05:30,3134.4033011170673,3146.546822678413,3086.7457070649953,3116.027587890625,2026351,0.0,0.0,TCS.NS,892
2023-08-04 00:00:00+05:30,3117.219150903513,3181.1444829948086,3117.219150903513,3155.98681640625,2248493,0.0,0.0,TCS.NS,893
2023-08-07 00:00:00+05:30,3165.5182312426314,3196.7248358153356,3153.8788248995197,3193.104736328125,1853889,0.0,0.0,TCS.NS,894
2023-08-08 00:00:00+05:30,3193.1041168607753,3198.511330361983,3167.946455269771,3180.77734375,1634225,0.0,0.0,TCS.NS,895
2023-08-09 00:00:00+05:30,3175.5537398295282,3177.4784629540836,3139.0316598474765,3173.354248046875,1794589,0.0,0.0,TCS.NS,896
2023-08-10 00:00:00+05:30,3161.8979133179873,3175.5535568337395,3143.613939700264,3154.65771484375,1096701,0.0,0.0,TCS.NS,897
2023-08-11 00:00:00+05:30,3150.9916746844083,3177.1573459356628,3128.90412489908,3160.798095703125,1679974,0.0,0.0,TCS.NS,898
2023-08-14 00:00:00+05:30,3153.3747042088594,3166.48058757082,3126.1549303050842,3161.7607421875,1190425,0.0,0.0,TCS.NS,899
2023-08-16 00:00:00+05:30,3161.8977472619245,3176.5616208724146,3148.3336194216304,3169.59619140625,1328445,0.0,0.0,TCS.NS,900
2023-08-17 00:00:00+05:30,3166.480118927022,3171.795817712279,3128.1707054438275,3148.837646484375,1843241,0.0,0.0,TCS.NS,901
2023-08-18 00:00:00+05:30,3125.237828824153,3125.237828824153,3076.2055051167945,3085.92041015625,2526749,0.0,0.0,TCS.NS,902
2023-08-21 00:00:00+05:30,3093.160780563889,3125.008880452658,3090.4113043144994,3117.585205078125,1375579,0.0,0.0,TCS.NS,903
2023-08-22 00:00:00+05:30,3116.0730963036494,3126.154509262279,3084.0417426084127,3099.713623046875,1222012,0.0,0.0,TCS.NS,904
2023-08-23 00:00:00+05:30,3105.0751943785403,3117.9060836115095,3094.0772893217095,3114.46923828125,1330046,0.0,0.0,TCS.NS,905
2023-08-24 00:00:00+05:30,3123.404911307284,3128.0332409176435,3096.0018884704064,3104.845947265625,1152881,0.0,0.0,TCS.NS,906
2023-08-25 00:00:00+05:30,3093.1606257272215,3103.058784480136,3070.477447805222,3098.9345703125,1158046,0.0,0.0,TCS.NS,907
2023-08-28 00:00:00+05:30,3110.5740285527827,3110.5740285527827,3079.50503745056,3093.664794921875,1037485,0.0,0.0,TCS.NS,908
2023-08-29 00:00:00+05:30,3098.705300490275,3106.495482437832,3083.9955592387146,3094.21435546875,944517,0.0,0.0,TCS.NS,909
2023-08-30 00:00:00+05:30,3114.2406118768426,3123.4972729436513,3100.539097725863,3107.779296875,1188200,0.0,0.0,TCS.NS,910
2023-08-31 00:00:00+05:30,3116.9896187870163,3132.0199996616384,3064.4287075753277,3076.480712890625,3417652,0.0,0.0,TCS.NS,911
2023-09-01 00:00:00+05:30,3084.9128453646695,3105.992166649098,3076.4811616014954,3097.010498046875,1277950,0.0,0.0,TCS.NS,912
2023-09-04 00:00:00+05:30,3095.9101481084085,3146.1798266041815,3088.6240810539457,3133.028076171875,1828332,0.0,0.0,TCS.NS,913
2023-09-05 00:00:00+05:30,3134.4028776179434,3159.1481634938746,3120.7928808850024,3142.97216796875,1501842,0.0,0.0,TCS.NS,914
2023-09-06 00:00:00+05:30,3147.233781222262,3156.3069632511065,3114.3318052761847,3143.47607421875,1314818,0.0,0.0,TCS.NS,915
2023-09-07 00:00:00+05:30,3144.301284541943,3171.06281032939,3136.5111013373767,3166.70947265625,1885092,0.0,0.0,TCS.NS,916
2023-09-08 00:00:00+05:30,3166.709380330092,3175.645178451275,3148.1962843578217,3154.47412109375,1518917,0.0,0.0,TCS.NS,917
2023-09-11 00:00:00+05:30,3172.8950638231368,3194.6158778283625,3157.314701002515,3189.987548828125,1783604,0.0,0.0,TCS.NS,918
2023-09-12 00:00:00+05:30,3200.390598540652,3290.1150908255845,3192.14216916297,3281.775146484375,4476016,0.0,0.0,TCS.NS,919
2023-09-13 00:00:00+05:30,3272.8850935254304,3289.1528286270604,3248.964559733963,3269.906494140625,1754929,0.0,0.0,TCS.NS,920
2023-09-14 00:00:00+05:30,3271.922733688605,3297.2636512739155,3249.514546133057,3262.7578125,2604721,0.0,0.0,TCS.NS,921
2023-09-15 00:00:00+05:30,3269.9063376433924,3306.1077745876632,3264.9571461891155,3297.8134765625,2952897,0.0,0.0,TCS.NS,922
2023-09-18 00:00:00+05:30,3281.0875035527256,3317.05981755895,3276.6882968344953,3305.0078125,1395753,0.0,0.0,TCS.NS,923
2023-09-20 00:00:00+05:30,3281.0418390696896,3322.283985091515,3281.0418390696896,3304.91650390625,1649396,0.0,0.0,TCS.NS,924
2023-09-21 00:00:00+05:30,3288.8777692460058,3303.9540195360164,3233.3841278566065,3285.899169921875,2004073,0.0,0.0,TCS.NS,925
2023-09-22 00:00:00+05:30,3284.7075730917886,3330.3030534939417,3267.3400931464826,3302.716552734375,1989083,0.0,0.0,TCS.NS,926
2023-09-25 00:00:00+05:30,3301.6628521719144,3317.701464222715,3261.474583332011,3278.4296875,1238778,0.0,0.0,TCS.NS,927
2023-09-26 00:00:00+05:30,3269.6774954186676,3294.743421558143,3240.716253874933,3286.265869140625,1726062,0.0,0.0,TCS.NS,928
2023-09-27 00:00:00+05:30,3290.2069294635417,3312.202741805359,3258.7712029077657,3289.5654296875,1541134,0.0,0.0,TCS.NS,929
2023-09-28 00:00:00+05:30,3299.3716920990314,3301.937914832368,3232.788627869385,3241.403564453125,1755753,0.0,0.0,TCS.NS,930
2023-09-29 00:00:00+05:30,3241.8157797626336,3270.456157608398,3212.808894581624,3233.93408203125,2243791,0.0,0.0,TCS.NS,931
2023-10-03 00:00:00+05:30,3239.0664965379606,3239.0664965379606,3189.484405708049,3220.416015625,1948148,0.0,0.0,TCS.NS,932
2023-10-04 00:00:00+05:30,3195.166833095943,3251.7143576425697,3186.9184032146622,3242.3203125,1788138,0.0,0.0,TCS.NS,933
2023-10-05 00:00:00+05:30,3257.213239742299,3321.3676929730136,3254.6470168624746,3289.611328125,2990768,0.0,0.0,TCS.NS,934
2023-10-06 00:00:00+05:30,3291.123104883123,3331.402887606666,3276.5051007551597,3318.984375,2075691,0.0,0.0,TCS.NS,935
2023-10-09 00:00:00+05:30,3340.659495143479,3371.7743564547645,3327.7827366912884,3334.51904296875,4233074,0.0,0.0,TCS.NS,936
2023-10-10 00:00:00+05:30,3336.0771756544805,3343.363243234952,3300.6089754727277,3325.858154296875,1848148,0.0,0.0,TCS.NS,937
2023-10-11 00:00:00+05:30,3345.1964946926682,3345.1964946926682,3303.954346127964,3308.445068359375,2426417,0.0,0.0,TCS.NS,938
2023-10-12 00:00:00+05:30,3276.459363134494,3288.969391201641,3242.6408930553534,3246.71923828125,4241281,0.0,0.0,TCS.NS,939
2023-10-13 00:00:00+05:30,3235.2169715692426,3278.2920983861704,3230.6345112695694,3272.65576171875,2890357,0.0,0.0,TCS.NS,940
2023-10-16 00:00:00+05:30,3268.210960552936,3276.138528036827,3225.2275688286772,3229.76416015625,1671104,0.0,0.0,TCS.NS,941
2023-10-17 00:00:00+05:30,3235.2175337108697,3239.02088691928,3210.793105570875,3214.18408203125,1672065,0.0,0.0,TCS.NS,942
2023-10-18 00:00:00+05:30,3217.804042782525,3228.5269565339395,3193.0587539317335,3196.037353515625,1408245,0.0,0.0,TCS.NS,943
2023-10-19 00:00:00+05:30,3187.9973470331574,3194.751084409886,3171.8252574998965,3175.27099609375,1514545,9.0,0.0,TCS.NS,944
2023-10-20 00:00:00+05:30,3170.446206184081,3215.562489149364,3164.6115581553804,3211.01416015625,1481211,0.0,0.0,TCS.NS,945
2023-10-23 00:00:00+05:30,3191.2133140425376,3196.6805076496757,3125.3308381439233,3133.462646484375,1106272,0.0,0.0,TCS.NS,946
2023-10-25 00:00:00+05:30,3115.407006485019,3147.1078003867246,3103.1860758536272,3115.03955078125,1518537,0.0,0.0,TCS.NS,947
2023-10-26 00:00:00+05:30,3094.778541475233,3099.9700309962845,3059.8157372092046,3066.01806640625,1984471,0.0,0.0,TCS.NS,948
2023-10-27 00:00:00+05:30,3078.1927983487076,3089.219160611449,3066.2475725640707,3079.065673828125,1108851,0.0,0.0,TCS.NS,949
2023-10-30 00:00:00+05:30,3078.1931563450225,3108.377916282555,3063.261622377677,3104.4267578125,910972,0.0,0.0,TCS.NS,950
2023-10-31 00:00:00+05:30,3123.2167610012757,3123.2167610012757,3078.2384415101915,3095.421142578125,999811,0.0,0.0,TCS.NS,951
2023-11-01 00:00:00+05:30,3082.787013402831,3098.0402370916254,3042.357019784433,3060.41259765625,1563475,0.0,0.0,TCS.NS,952
2023-11-02 00:00:00+05:30,3071.944946483588,3102.0377313803074,3071.944946483588,3087.473876953125,1245384,0.0,0.0,TCS.NS,953
2023-11-03 00:00:00+05:30,3107.596521485964,3113.017726690146,3072.955410568782,3079.019775390625,1402598,0.0,0.0,TCS.NS,954
2023-11-06 00:00:00+05:30,3101.164491736812,3117.060876071951,3086.462674887097,3105.988525390625,1099852,0.0,0.0,TCS.NS,955
2023-11-07 00:00:00+05:30,3103.921107326189,3127.949299700163,3092.8947446003413,3096.983642578125,1191144,0.0,0.0,TCS.NS,956
2023-11-08 00:00:00+05:30,3097.902737223406,3125.92807790879,3096.156986061027,3107.183349609375,992899,0.0,0.0,TCS.NS,957
2023-11-09 00:00:00+05:30,3115.0397671487226,3116.3260865331913,3070.8883236510724,3075.85009765625,2112352,0.0,0.0,TCS.NS,958
2023-11-10 00:00:00+05:30,3067.166714113737,3075.8499303163658,3052.7865884253365,3062.98583984375,1338557,0.0,0.0,TCS.NS,959
2023-11-13 00:00:00+05:30,3083.705913859629,3083.705913859629,3057.058872291712,3061.23974609375,1030990,0.0,0.0,TCS.NS,960
2023-11-15 00:00:00+05:30,3108.6072962449807,3136.081226043034,3083.7519929067357,3128.087158203125,2059802,0.0,0.0,TCS.NS,961
2023-11-16 00:00:00+05:30,3151.748122462739,3242.991322415879,3137.1840447327354,3214.047119140625,3951984,0.0,0.0,TCS.NS,962
2023-11-17 00:00:00+05:30,3214.047043797082,3238.534668324732,3209.1770219858477,3218.273681640625,2021292,0.0,0.0,TCS.NS,963
2023-11-20 00:00:00+05:30,3207.9825974720807,3247.172040938642,3207.9825974720807,3234.032470703125,1475621,0.0,0.0,TCS.NS,964
2023-11-21 00:00:00+05:30,3234.0322273250904,3251.904078434434,3216.941275630958,3225.394775390625,1807236,0.0,0.0,TCS.NS,965
2023-11-22 00:00:00+05:30,3216.0226699495847,3246.023477409339,3198.656237264632,3243.726318359375,1798051,0.0,0.0,TCS.NS,966
2023-11-23 00:00:00+05:30,3243.5878181117723,3256.4519057756715,3216.021915974845,3223.6025390625,2729804,0.0,0.0,TCS.NS,967
2023-11-24 00:00:00+05:30,3210.738962666845,3220.2033021073066,3172.835841192993,3176.603271484375,1989733,0.0,0.0,TCS.NS,968
2023-11-28 00:00:00+05:30,3176.6030052720557,3198.7934684334177,3154.458305818865,3188.593994140625,1689195,0.0,0.0,TCS.NS,969
2023-11-29 00:00:00+05:30,3198.564441313145,3232.562397167378,3193.7863950865076,3228.6572265625,1441634,0.0,0.0,TCS.NS,970
2023-11-30 00:00:00+05:30,3215.517060765944,3231.3214692327615,3198.5640728417716,3204.628662109375,3266235,0.0,0.0,TCS.NS,971
2023-12-01 00:00:00+05:30,3216.022380305287,3231.597072394953,3206.879732976231,3226.72705078125,1172141,0.0,0.0,TCS.NS,972
2023-12-04 00:00:00+05:30,3257.050011733857,3259.9445668878407,3214.1851113453504,3227.462646484375,1625213,0.0,0.0,TCS.NS,973
2023-12-05 00:00:00+05:30,3250.9392307206267,3250.9392307206267,3218.595278718338,3245.05859375,1377656,0.0,0.0,TCS.NS,974
2023-12-06 00:00:00+05:30,3245.977524530947,3319.7163257375805,3239.131811495445,3311.67626953125,1896572,0.0,0.0,TCS.NS,975
2023-12-07 00:00:00+05:30,3312.502950367504,3335.979957891831,3300.282020829863,3321.599609375,1967653,0.0,0.0,TCS.NS,976
2023-12-08 00:00:00+05:30,3338.2312680280656,3349.2576305979355,3309.792486099661,3332.4423828125,1641155,0.0,0.0,TCS.NS,977
2023-12-11 00:00:00+05:30,3328.950610165191,3356.608492292705,3321.6916779737553,3347.327880859375,1102503,0.0,0.0,TCS.NS,978
2023-12-12 00:00:00+05:30,3343.698232293756,3398.324621584802,3336.3933124578402,3374.15869140625,2236866,0.0,0.0,TCS.NS,979
2023-12-13 00:00:00+05:30,3347.9256030886827,3353.85222859886,3273.9110932870517,3301.982421875,3850968,0.0,0.0,TCS.NS,980
2023-12-14 00:00:00+05:30,3335.47448328533,3379.5799309981935,3333.26930063245,3369.7021484375,3290396,0.0,0.0,TCS.NS,981
2023-12-15 00:00:00+05:30,3369.196944540151,3579.8464140417323,3369.196944540151,3547.732177734375,8531230,0.0,0.0,TCS.NS,982
2023-12-18 00:00:00+05:30,3545.0675097062062,3610.214844891434,3519.38509432448,3546.078125,2521612,0.0,0.0,TCS.NS,983
2023-12-19 00:00:00+05:30,3533.030700546441,3542.3113130556862,3482.4932002785463,3506.5673828125,2004435,0.0,0.0,TCS.NS,984
2023-12-20 00:00:00+05:30,3516.7209053622064,3582.4656444029156,3460.9459266593262,3473.3505859375,2586083,0.0,0.0,TCS.NS,985
2023-12-21 00:00:00+05:30,3451.481556102388,3497.8381819861793,3439.628304850481,3480.196044921875,1517562,0.0,0.0,TCS.NS,986
2023-12-22 00:00:00+05:30,3491.681891405433,3533.9036315153803,3456.7650724913783,3513.734619140625,2413058,0.0,0.0,TCS.NS,987
2023-12-26 00:00:00+05:30,3509.9209580263773,3522.9227872920933,3482.6305316170315,3487.592529296875,1285231,0.0,0.0,TCS.NS,988
2023-12-27 00:00:00+05:30,3490.762566000509,3508.4047009886162,3462.2777964437796,3501.97265625,1293976,0.0,0.0,TCS.NS,989
2023-12-28 00:00:00+05:30,3513.7338100625852,3526.5978982793413,3484.42215593002,3491.589111328125,1682889,0.0,0.0,TCS.NS,990
2023-12-29 00:00:00+05:30,3484.330624106451,3512.4479388122318,3459.888763645509,3485.616943359375,1574996,0.0,0.0,TCS.NS,991
2024-01-01 00:00:00+05:30,3482.492749322785,3521.085017257233,3466.8720694445565,3501.880859375,825907,0.0,0.0,TCS.NS,992
2024-01-02 00:00:00+05:30,3501.880811283447,3501.880811283447,3461.5885566534093,3476.244384765625,1344068,0.0,0.0,TCS.NS,993
2024-01-03 00:00:00+05:30,3461.3590835588857,3465.815661625944,3387.895985677585,3392.214599609375,1803075,0.0,0.0,TCS.NS,994
2024-01-04 00:00:00+05:30,3401.403300159602,3417.253697114489,3354.770972886529,3369.2890625,3598144,0.0,0.0,TCS.NS,995
2024-01-05 00:00:00+05:30,3376.8234471802834,3443.6707684816074,3376.6857073845927,3434.619873046875,1963127,0.0,0.0,TCS.NS,996
2024-01-08 00:00:00+05:30,3434.6198437984353,3436.319831034353,3374.4342835516945,3379.855712890625,1067805,0.0,0.0,TCS.NS,997
2024-01-09 00:00:00+05:30,3408.9376626935145,3447.8976104439284,3383.944619877953,3390.514404296875,1370944,0.0,0.0,TCS.NS,998
2024-01-10 00:00:00+05:30,3390.606527086916,3426.671921717854,3388.7687999719633,3411.786376953125,1292227,0.0,0.0,TCS.NS,999
2024-01-11 00:00:00+05:30,3421.847774755498,3466.8720875812282,3406.227094795551,3432.460693359375,1777909,0.0,0.0,TCS.NS,1000
2024-01-12 00:00:00+05:30,3535.787173361786,3588.392115065258,3511.5292637762777,3567.763671875,6813450,0.0,0.0,TCS.NS,1001
2024-01-15 00:00:00+05:30,3638.6996569410876,3643.2939746897505,3569.784890711143,3587.0595703125,2801505,0.0,0.0,TCS.NS,1002
2024-01-16 00:00:00+05:30,3582.6494159511153,3582.6494159511153,3542.724834727975,3548.00830078125,1432672,0.0,0.0,TCS.NS,1003
2024-01-17 00:00:00+05:30,3509.1397010883193,3592.7102914180577,3503.213076388841,3569.417236328125,3458696,0.0,0.0,TCS.NS,1004
2024-01-18 00:00:00+05:30,3581.7301691267776,3591.6539404750943,3548.6510808536727,3585.95703125,2239110,0.0,0.0,TCS.NS,1005
2024-01-19 00:00:00+05:30,3650.170921034977,3667.3346342963714,3622.459275698096,3648.36669921875,2941975,27.0,0.0,TCS.NS,1006
2024-01-23 00:00:00+05:30,3608.5336236676276,3639.9000178846713,3555.5622006022504,3569.90380859375,2618854,0.0,0.0,TCS.NS,1007
2024-01-24 00:00:00+05:30,3590.027689987292,3593.404816399615,3521.1880741248146,3554.6826171875,2657709,0.0,0.0,TCS.NS,1008
2024-01-25 00:00:00+05:30,3552.925062591193,3572.448244885673,3496.298888503896,3525.537353515625,2205154,0.0,0.0,TCS.NS,1009
2024-01-29 00:00:00+05:30,3516.747365220146,3534.512408586967,3498.288373082006,3516.932373046875,1646747,0.0,0.0,TCS.NS,1010
2024-01-30 00:00:00+05:30,3522.899862568521,3560.2343923222415,3503.978240197422,3516.515625,1411621,0.0,0.0,TCS.NS,1011
2024-01-31 00:00:00+05:30,3526.3696400399376,3547.4657255271886,3512.7219823843493,3530.7646484375,2459358,0.0,0.0,TCS.NS,1012
2024-02-01 00:00:00+05:30,3534.512397161187,3613.0673074626943,3520.679730209892,3566.110107421875,2363107,0.0,0.0,TCS.NS,1013
2024-02-02 00:00:00+05:30,3585.448229768175,3686.625823288954,3582.626126302747,3669.878662109375,2826510,0.0,0.0,TCS.NS,1014
2024-02-05 00:00:00+05:30,3685.3307388054186,3721.4160761926673,3665.9927893840145,3676.355712890625,1691523,0.0,0.0,TCS.NS,1015
2024-02-06 00:00:00+05:30,3698.2839266336173,3839.7568441271724,3691.807072121124,3826.895751953125,4474396,0.0,0.0,TCS.NS,1016
2024-02-07 00:00:00+05:30,3842.625585823318,3844.4761158429774,3769.4833416173137,3778.22705078125,2124267,0.0,0.0,TCS.NS,1017
2024-02-08 00:00:00+05:30,3784.333423058057,3847.251435959756,3780.678671899335,3825.1376953125,2345173,0.0,0.0,TCS.NS,1018
2024-02-09 00:00:00+05:30,3827.4047101937194,3872.0026633870466,3793.586455555742,3824.76806640625,2100596,0.0,0.0,TCS.NS,1019
2024-02-12 00:00:00+05:30,3821.3445300582025,3848.7324649898974,3798.721619618426,3812.73974609375,1013716,0.0,0.0,TCS.NS,1020
2024-02-13 00:00:00+05:30,3817.1345212525353,3858.3548946268,3776.468945424289,3839.386962890625,1257415,0.0,0.0,TCS.NS,1021
2024-02-14 00:00:00+05:30,3800.063437499442,3807.372940800221,3746.8606988444094,3793.67919921875,1391283,0.0,0.0,TCS.NS,1022
2024-02-15 00:00:00+05:30,3819.4942447979697,3836.4264150220088,3777.8573162572943,3796.5478515625,1091582,0.0,0.0,TCS.NS,1023
2024-02-16 00:00:00+05:30,3805.846912738366,3837.9537944502717,3793.6797662634926,3819.77197265625,1307556,0.0,0.0,TCS.NS,1024
2024-02-19 00:00:00+05:30,3814.9136460247614,3819.7712872346397,3751.949544010636,3797.102294921875,772291,0.0,0.0,TCS.NS,1025
2024-02-20 00:00:00+05:30,3777.0245004960025,3791.7361242365173,3710.312800924459,3729.41943359375,1193648,0.0,0.0,TCS.NS,1026
2024-02-21 00:00:00+05:30,3713.088510350119,3759.6756942779607,3683.1100141804095,3693.1953125,1885939,0.0,0.0,TCS.NS,1027
2024-02-22 00:00:00+05:30,3674.2272789613758,3788.9138294075187,3674.2272789613758,3781.650634765625,2982052,0.0,0.0,TCS.NS,1028
2024-02-23 00:00:00+05:30,3821.3446586399486,3821.3446586399486,3743.9924100587164,3749.2666015625,2538072,0.0,0.0,TCS.NS,1029
2024-02-26 00:00:00+05:30,3734.36921374583,3747.3229226141257,3685.098856800348,3702.03125,1379284,0.0,0.0,TCS.NS,1030
2024-02-27 00:00:00+05:30,3700.1343948846816,3815.7925092534197,3700.1343948846816,3797.6572265625,2960475,0.0,0.0,TCS.NS,1031
2024-02-28 00:00:00+05:30,3789.5153337368693,3844.3833662089555,3783.408494524996,3811.120361328125,1939225,0.0,0.0,TCS.NS,1032
2024-02-29 00:00:00+05:30,3792.661177462347,3828.8391287714094,3760.785843874876,3789.052734375,3772719,0.0,0.0,TCS.NS,1033
2024-03-01 00:00:00+05:30,3800.2486324635324,3830.597144097078,3781.3730907093754,3788.35888671875,2043265,0.0,0.0,TCS.NS,1034
2024-03-04 00:00:00+05:30,3798.212743964883,3810.148571852321,3771.287442681426,3775.728759765625,1749271,0.0,0.0,TCS.NS,1035
2024-03-05 00:00:00+05:30,3758.426246117549,3760.276776027011,3682.554519829602,3712.255615234375,2070859,0.0,0.0,TCS.NS,1036
2024-03-06 00:00:00+05:30,3695.5545795520343,3767.678938412685,3662.6150564319732,3760.554443359375,1744204,0.0,0.0,TCS.NS,1037
2024-03-07 00:00:00+05:30,3761.2018170489137,3815.792446127852,3735.9420401097086,3801.54345703125,2688905,0.0,0.0,TCS.NS,1038
2024-03-11 00:00:00+05:30,3783.408678550958,3842.625640015194,3783.408678550958,3814.266357421875,2304068,0.0,0.0,TCS.NS,1039
2024-03-12 00:00:00+05:30,3814.265966419898,3913.8245630337647,3813.0628509397507,3878.94189453125,4039801,0.0,0.0,TCS.NS,1040
2024-03-13 00:00:00+05:30,3890.7391541307015,3924.048692667849,3823.102195243199,3838.92431640625,2837260,0.0,0.0,TCS.NS,1041
2024-03-14 00:00:00+05:30,3843.0420112308407,3909.244539822552,3780.6327076248394,3893.14501953125,2919608,0.0,0.0,TCS.NS,1042
2024-03-15 00:00:00+05:30,3879.2663373328105,3922.198545276578,3864.832112201054,3903.924560546875,3373143,0.0,0.0,TCS.NS,1043
2024-03-18 00:00:00+05:30,3900.2232194784533,3936.771186305901,3810.102500494757,3842.162841796875,1526904,0.0,0.0,TCS.NS,1044
2024-03-19 00:00:00+05:30,3748.479695578933,3754.7252341028843,3670.1561065216574,3680.056396484375,8931209,0.0,0.0,TCS.NS,1045
2024-03-20 00:00:00+05:30,3688.105867601495,3717.714344210438,3664.2339881565845,3674.13427734375,1817913,0.0,0.0,TCS.NS,1046
2024-03-21 00:00:00+05:30,3691.853615815909,3708.8320928330704,3652.946177836041,3676.031494140625,3829582,0.0,0.0,TCS.NS,1047
2024-03-22 00:00:00+05:30,3605.7575597198484,3643.6934231913683,3566.8964312856083,3618.61865234375,5852485,0.0,0.0,TCS.NS,1048
2024-03-26 00:00:00+05:30,3585.4016813749195,3651.7431331132784,3582.1169456233524,3587.71484375,3440925,0.0,0.0,TCS.NS,1049
2024-03-27 00:00:00+05:30,3597.892800149196,3603.907022394527,3543.209550606818,3553.85009765625,1968575,0.0,0.0,TCS.NS,1050
2024-03-28 00:00:00+05:30,3562.3628386987034,3622.412446366123,3553.4802044110074,3586.604736328125,4311783,0.0,0.0,TCS.NS,1051
2024-04-01 00:00:00+05:30,3606.405151658199,3639.344674247267,3597.4764352455786,3624.031494140625,1569676,0.0,0.0,TCS.NS,1052
2024-04-02 00:00:00+05:30,3599.2807871740365,3617.6473874613553,3583.5512824485972,3593.544189453125,2142666,0.0,0.0,TCS.NS,1053
2024-04-03 00:00:00+05:30,3563.1952810159187,3683.4797231172092,3563.1952810159187,3652.29833984375,3973090,0.0,0.0,TCS.NS,1054
2024-04-04 00:00:00+05:30,3678.7608856605966,3727.5686125865695,3641.148955174128,3704.11328125,3394637,0.0,0.0,TCS.NS,1055
2024-04-05 00:00:00+05:30,3680.7042585659196,3702.9106191002543,3664.512120676301,3681.86083984375,1636819,0.0,0.0,TCS.NS,1056
2024-04-08 00:00:00+05:30,3685.3305954282823,3731.269913572256,3664.049499848355,3675.66162109375,2302538,0.0,0.0,TCS.NS,1057
2024-04-09 00:00:00+05:30,3686.256112856679,3715.7258962855026,3631.7117810645286,3651.60498046875,1876992,0.0,0.0,TCS.NS,1058
2024-04-10 00:00:00+05:30,3660.718440875778,3691.992443782896,3625.18835440643,3686.857177734375,2101965,0.0,0.0,TCS.NS,1059
2024-04-12 00:00:00+05:30,3674.227259392984,3713.4123219078538,3650.633002250067,3702.355224609375,4354821,0.0,0.0,TCS.NS,1060
2024-04-15 00:00:00+05:30,3702.3549556662488,3760.461637744864,3626.1595251412014,3646.654052734375,4200329,0.0,0.0,TCS.NS,1061
2024-04-16 00:00:00+05:30,3610.383902806716,3635.088432257424,3574.159869690793,3583.3662109375,3051420,0.0,0.0,TCS.NS,1062
2024-04-18 00:00:00+05:30,3587.0675027381876,3641.843147171155,3562.270354829509,3573.37353515625,3476284,0.0,0.0,TCS.NS,1063
2024-04-19 00:00:00+05:30,3551.1669511103,3564.6296015885387,3516.8395304016394,3540.248779296875,2957749,0.0,0.0,TCS.NS,1064
2024-04-22 00:00:00+05:30,3550.2416494950344,3588.177512833397,3527.1100255082283,3575.779052734375,1728883,0.0,0.0,TCS.NS,1065
2024-04-23 00:00:00+05:30,3587.2984864078,3603.906946927783,3572.077923299984,3585.1240234375,1807586,0.0,0.0,TCS.NS,1066
2024-04-24 00:00:00+05:30,3599.280651690822,3606.6827712829886,3538.6294891035577,3544.736328125,1317312,0.0,0.0,TCS.NS,1067
2024-04-25 00:00:00+05:30,3526.3700419218662,3584.1527979444854,3526.1850340945725,3564.305908203125,2856271,0.0,0.0,TCS.NS,1068
2024-04-26 00:00:00+05:30,3567.0347580856173,3587.066877972956,3518.3659616669934,3535.760986328125,2039178,0.0,0.0,TCS.NS,1069
2024-04-29 00:00:00+05:30,3551.166720191891,3587.992308743337,3533.771694726435,3580.960205078125,1110693,0.0,0.0,TCS.NS,1070
2024-04-30 00:00:00+05:30,3582.62597206714,3591.6473055453566,3525.2595437954037,3535.113525390625,2203078,0.0,0.0,TCS.NS,1071
2024-05-02 00:00:00+05:30,3495.6975726397995,3581.7935283890847,3495.6975726397995,3574.576416015625,2491044,0.0,0.0,TCS.NS,1072
2024-05-03 00:00:00+05:30,3599.419220737888,3602.6115654122227,3513.7861335226567,3556.1630859375,2962234,0.0,0.0,TCS.NS,1073
2024-05-06 00:00:00+05:30,3565.0459275516187,3645.497671472227,3565.0459275516187,3628.01025390625,2053831,0.0,0.0,TCS.NS,1074
2024-05-07 00:00:00+05:30,3637.031831043767,3689.9569456672593,3621.024700819664,3681.583251953125,2062112,0.0,0.0,TCS.NS,1075
2024-05-08 00:00:00+05:30,3664.9749773275407,3686.5336988437207,3644.2491299192034,3679.73291015625,1247685,0.0,0.0,TCS.NS,1076
2024-05-09 00:00:00+05:30,3665.8996529124415,3674.227037283015,3617.832184974583,3664.234130859375,1726486,0.0,0.0,TCS.NS,1077
2024-05-10 00:00:00+05:30,3666.455044025797,3676.632958650121,3594.7007007453585,3602.88916015625,1672489,0.0,0.0,TCS.NS,1078
2024-05-13 00:00:00+05:30,3594.192150722543,3659.4233379090374,3580.775807258654,3652.761474609375,931326,0.0,0.0,TCS.NS,1079
2024-05-14 00:00:00+05:30,3641.8430662390724,3650.9107084833586,3601.9640540938385,3609.643798828125,1058317,0.0,0.0,TCS.NS,1080
2024-05-15 00:00:00+05:30,3612.696924421978,3633.469076951638,3585.8642414130813,3590.39794921875,1115021,0.0,0.0,TCS.NS,1081
2024-05-16 00:00:00+05:30,3626.4660319966883,3643.614555336362,3582.103221239368,3635.64599609375,2599399,28.0,0.0,TCS.NS,1082
2024-05-17 00:00:00+05:30,3652.468629512838,3653.400619466784,3569.521523611679,3573.3427734375,2765804,0.0,0.0,TCS.NS,1083
2024-05-21 00:00:00+05:30,3570.0812610056682,3583.2688295105067,3550.9288195177332,3560.388427734375,1908117,0.0,0.0,TCS.NS,1084
2024-05-22 00:00:00+05:30,3574.1817122361854,3580.006649837613,3557.9185319603234,3571.3857421875,1311168,0.0,0.0,TCS.NS,1085
2024-05-23 00:00:00+05:30,3579.726777292213,3639.420779503035,3565.3275779741,3628.65625,2095742,0.0,0.0,TCS.NS,1086
2024-05-24 00:00:00+05:30,3614.490515490293,3619.663105924062,3582.8494978890294,3587.69580078125,1309452,0.0,0.0,TCS.NS,1087
2024-05-27 00:00:00+05:30,3592.8213842320465,3642.5431408365193,3580.099811979568,3585.412109375,1841538,0.0,0.0,TCS.NS,1088
2024-05-28 00:00:00+05:30,3595.6178915237124,3606.801772990349,3569.52216810156,3578.748779296875,1801993,0.0,0.0,TCS.NS,1089
2024-05-29 00:00:00+05:30,3587.1361699587314,3587.1361699587314,3541.5619506089633,3544.963623046875,1568095,0.0,0.0,TCS.NS,1090
2024-05-30 00:00:00+05:30,3520.126111198893,3536.342645636951,3462.7620831275535,3482.0078125,2919230,0.0,0.0,TCS.NS,1091
2024-05-31 00:00:00+05:30,3485.6425278948263,3494.7760752132112,3405.25839205768,3421.28857421875,10956800,0.0,0.0,TCS.NS,1092
2024-06-03 00:00:00+05:30,3478.9323423009814,3496.407154925521,3444.6350645492275,3451.019287109375,2156773,0.0,0.0,TCS.NS,1093
2024-06-04 00:00:00+05:30,3448.362680591773,3490.3022267070783,3347.2417749582037,3462.342529296875,3395997,0.0,0.0,TCS.NS,1094
2024-06-05 00:00:00+05:30,3463.274759262659,3526.4637252968946,3448.3629196102897,3491.65380859375,2799670,0.0,0.0,TCS.NS,1095
2024-06-06 00:00:00+05:30,3523.8540736442465,3578.748191817024,3487.0404698598118,3569.894287109375,4328036,0.0,0.0,TCS.NS,1096
2024-06-07 00:00:00+05:30,3576.3251734304413,3648.740748916949,3576.3251734304413,3629.122314453125,4552445,0.0,0.0,TCS.NS,1097
2024-06-10 00:00:00+05:30,3630.101057972248,3640.259657979909,3580.6122978489143,3596.269775390625,1734661,0.0,0.0,TCS.NS,1098
2024-06-11 00:00:00+05:30,3583.5014325459897,3616.0744364710417,3579.7734726681783,3590.11865234375,1419898,0.0,0.0,TCS.NS,1099
2024-06-12 00:00:00+05:30,3610.9021447965306,3628.703245697616,3567.145257624904,3571.0595703125,2177001,0.0,0.0,TCS.NS,1100
2024-06-13 00:00:00+05:30,3594.4991224295495,3625.441145308923,3590.0255248663166,3614.39697265625,1932323,0.0,0.0,TCS.NS,1101
2024-06-14 00:00:00+05:30,3624.5086632156554,3624.5086632156554,3567.657280223587,3571.431884765625,1860730,0.0,0.0,TCS.NS,1102
2024-06-18 00:00:00+05:30,3565.840499225813,3580.70569469464,3536.948808300375,3555.63525390625,1774045,0.0,0.0,TCS.NS,1103
2024-06-19 00:00:00+05:30,3567.3313345631773,3573.109854433855,3534.9913279582247,3543.146240234375,1509050,0.0,0.0,TCS.NS,1104
2024-06-20 00:00:00+05:30,3537.833867179764,3550.8350815373415,3522.968672913241,3529.678955078125,2846526,0.0,0.0,TCS.NS,1105
2024-06-21 00:00:00+05:30,3566.725402515704,3614.070535675963,3539.7443400003353,3551.58056640625,4642195,0.0,0.0,TCS.NS,1106
2024-06-24 00:00:00+05:30,3549.7169174041856,3594.6854349663126,3533.4537373890407,3557.219482421875,1702154,0.0,0.0,TCS.NS,1107
2024-06-25 00:00:00+05:30,3557.4055898723664,3585.9709904295314,3534.9445413738563,3577.396728515625,1338808,0.0,0.0,TCS.NS,1108
2024-06-26 00:00:00+05:30,3583.035591907639,3603.958722115837,3579.7736268740387,3593.61376953125,1639845,0.0,0.0,TCS.NS,1109
2024-06-27 00:00:00+05:30,3570.453225642502,3673.9041021881344,3558.430647220754,3666.587890625,4526556,0.0,0.0,TCS.NS,1110
2024-06-28 00:00:00+05:30,3651.3507071067693,3690.680642180252,3632.7575508940217,3638.62890625,2731571,0.0,0.0,TCS.NS,1111
2024-07-01 00:00:00+05:30,3619.849165498956,3729.544343158271,3619.849165498956,3707.642578125,2658723,0.0,0.0,TCS.NS,1112
2024-07-02 00:00:00+05:30,3721.9953338274368,3749.7684536400434,3711.6967988787364,3744.176513671875,2307449,0.0,0.0,TCS.NS,1113
2024-07-03 00:00:00+05:30,3746.599693233403,3752.2849230860397,3686.0203449597284,3695.5732421875,1821198,0.0,0.0,TCS.NS,1114
2024-07-04 00:00:00+05:30,3727.8200122814974,3772.089533953604,3711.2771910250785,3747.48486328125,2518001,0.0,0.0,TCS.NS,1115
2024-07-05 00:00:00+05:30,3737.2798920275045,3752.8907244942034,3716.776112071244,3738.95751953125,1668616,0.0,0.0,TCS.NS,1116
2024-07-08 00:00:00+05:30,3748.4639170826727,3757.0848248979423,3707.503000592041,3721.62255859375,1758882,0.0,0.0,TCS.NS,1117
2024-07-09 00:00:00+05:30,3713.979805824434,3734.4369389213416,3704.753196694115,3714.44580078125,1305801,0.0,0.0,TCS.NS,1118
2024-07-10 00:00:00+05:30,3712.7684734009517,3731.0355681986657,3636.6249368125336,3643.28857421875,2669716,0.0,0.0,TCS.NS,1119
2024-07-11 00:00:00+05:30,3663.652204418076,3709.3197083652867,3630.6598538055437,3656.8486328125,4872189,0.0,0.0,TCS.NS,1120
2024-07-12 00:00:00+05:30,3709.320584263946,3914.3119880291547,3701.212315931301,3899.400146484375,13509164,0.0,0.0,TCS.NS,1121
2024-07-15 00:00:00+05:30,3947.630166106164,3951.637541017052,3874.3287896416814,3885.65283203125,4848030,0.0,0.0,TCS.NS,1122
2024-07-16 00:00:00+05:30,3888.2624080539726,3909.278601216812,3863.005387207523,3894.27392578125,2029521,0.0,0.0,TCS.NS,1123
2024-07-18 00:00:00+05:30,3877.077981309866,4030.856314703166,3877.077981309866,4022.048828125,5613364,0.0,0.0,TCS.NS,1124
2024-07-19 00:00:00+05:30,4033.11900855646,4071.746392777355,4003.086029171015,4019.106689453125,3903354,10.0,0.0,TCS.NS,1125
2024-07-22 00:00:00+05:30,4016.8182908544136,4035.501383022473,3984.1694048386576,4005.0478515625,1896386,0.0,0.0,TCS.NS,1126
2024-07-23 00:00:00+05:30,4000.9843192418566,4074.502471790674,3985.3837543169,4019.060302734375,2365208,0.0,0.0,TCS.NS,1127
2024-07-24 00:00:00+05:30,4005.1882129331457,4053.3906859171716,3987.065703265684,4022.70361328125,1809793,0.0,0.0,TCS.NS,1128
2024-07-25 00:00:00+05:30,4012.1940490122543,4057.0334702817745,3992.763815580868,4037.88330078125,2810342,0.0,0.0,TCS.NS,1129
2024-07-26 00:00:00+05:30,4063.5723344725097,4131.252014771132,4051.474850472995,4098.93017578125,3552210,0.0,0.0,TCS.NS,1130
2024-07-29 00:00:00+05:30,4124.29225913021,4139.23873164348,4083.18945971872,4092.62451171875,1746803,0.0,0.0,TCS.NS,1131
2024-07-30 00:00:00+05:30,4101.966837292173,4108.412413563533,4042.3674931307814,4077.912353515625,1797906,0.0,0.0,TCS.NS,1132
2024-07-31 00:00:00+05:30,4063.5727565045063,4123.358654531239,4058.901983221168,4096.59521484375,2330091,0.0,0.0,TCS.NS,1133
2024-08-01 00:00:00+05:30,4109.719173657026,4128.308756789134,4077.6308756871877,4107.57080078125,2202244,0.0,0.0,TCS.NS,1134
2024-08-02 00:00:00+05:30,4077.5846664483884,4108.4117670194755,3988.839982986167,4001.030517578125,2811282,0.0,0.0,TCS.NS,1135
2024-08-05 00:00:00+05:30,3959.8811983653177,3959.8811983653177,3839.8423368437457,3881.458740234375,2787771,0.0,0.0,TCS.NS,1136
2024-08-06 00:00:00+05:30,3896.3126039105878,3977.8641241625223,3886.830569104406,3896.546142578125,2203067,0.0,0.0,TCS.NS,1137
2024-08-07 00:00:00+05:30,3949.6056498315265,3965.439752757732,3905.0462929478185,3923.869873046875,1237666,0.0,0.0,TCS.NS,1138
2024-08-08 00:00:00+05:30,3905.7004295419442,3953.342314714544,3886.083182706168,3897.806640625,2441283,0.0,0.0,TCS.NS,1139
2024-08-09 00:00:00+05:30,3939.330079568338,3973.566755574024,3928.63382658957,3950.306396484375,1302536,0.0,0.0,TCS.NS,1140
2024-08-12 00:00:00+05:30,3951.473798487575,3959.8811895481867,3910.698043069639,3919.385498046875,936912,0.0,0.0,TCS.NS,1141
2024-08-13 00:00:00+05:30,3935.593095642134,3955.2103410749573,3907.5684593095293,3920.60009765625,1495593,0.0,0.0,TCS.NS,1142
2024-08-14 00:00:00+05:30,3931.857135573544,4022.657154941231,3912.379918836283,4012.427978515625,3226545,0.0,0.0,TCS.NS,1143
2024-08-16 00:00:00+05:30,4063.5727056513274,4135.50261331458,4040.3123462174317,4125.2734375,3457058,0.0,0.0,TCS.NS,1144
2024-08-19 00:00:00+05:30,4129.897819590409,4198.32464955761,4101.266070017889,4194.3544921875,2055210,0.0,0.0,TCS.NS,1145
2024-08-20 00:00:00+05:30,4208.366578624263,4264.415856031023,4203.695805507033,4225.46142578125,2212298,0.0,0.0,TCS.NS,1146
2024-08-21 00:00:00+05:30,4220.510508211579,4259.745001647808,4196.736091046363,4251.8046875,1896990,0.0,0.0,TCS.NS,1147
2024-08-22 00:00:00+05:30,4259.744931072301,4260.63256038501,4201.080205263111,4205.56396484375,1829872,0.0,0.0,TCS.NS,1148
2024-08-23 00:00:00+05:30,4203.69572876681,4209.300656405166,4161.658771479141,4169.97265625,1809253,0.0,0.0,TCS.NS,1149
2024-08-26 00:00:00+05:30,4193.420300556836,4252.412076557385,4189.683681888486,4205.98486328125,1844164,0.0,0.0,TCS.NS,1150
2024-08-27 00:00:00+05:30,4208.366407847505,4213.0371807751935,4191.364611938651,4201.033203125,930697,0.0,0.0,TCS.NS,1151
2024-08-28 00:00:00+05:30,4202.528021816373,4262.080377779873,4163.807131055486,4209.34716796875,1848058,0.0,0.0,TCS.NS,1152
2024-08-29 00:00:00+05:30,4166.329239106743,4256.008074746709,4166.329239106743,4214.71826171875,2133641,0.0,0.0,TCS.NS,1153
2024-08-30 00:00:00+05:30,4203.695443315948,4289.871199903925,4192.298575439788,4253.90625,3637222,0.0,0.0,TCS.NS,1154
2024-09-02 00:00:00+05:30,4274.691351544587,4285.901206487449,4214.905458515991,4223.359375,1216500,0.0,0.0,TCS.NS,1155
2024-09-03 00:00:00+05:30,4223.359782095085,4255.915163522401,4199.86588340543,4215.23291015625,1717263,0.0,0.0,TCS.NS,1156
2024-09-04 00:00:00+05:30,4182.163638580721,4191.551709902781,4144.563915753981,4184.31201171875,1265505,0.0,0.0,TCS.NS,1157
2024-09-05 00:00:00+05:30,4185.946790496868,4202.761573408929,4160.864648093675,4181.2294921875,1688793,0.0,0.0,TCS.NS,1158
2024-09-06 00:00:00+05:30,4179.360608219492,4221.397559718623,4147.645881247546,4163.29296875,1649179,0.0,0.0,TCS.NS,1159
2024-09-09 00:00:00+05:30,4161.658707791496,4194.587657162911,4138.771920285124,4156.5673828125,1184938,0.0,0.0,TCS.NS,1160
2024-09-10 00:00:00+05:30,4149.935190376069,4241.01526179445,4148.066881218769,4211.02880859375,1385591,0.0,0.0,TCS.NS,1161
2024-09-11 00:00:00+05:30,4223.732778335559,4249.7955960049485,4176.838042960595,4184.40478515625,1325919,0.0,0.0,TCS.NS,1162
2024-09-12 00:00:00+05:30,4213.270346969656,4234.14879133681,4139.518666509012,4220.22998046875,2742216,0.0,0.0,TCS.NS,1163
2024-09-13 00:00:00+05:30,4231.720758970384,4247.601388750184,4208.366891647148,4224.80810546875,1458786,0.0,0.0,TCS.NS,1164
2024-09-16 00:00:00+05:30,4228.917867918421,4246.713330569917,4198.511318185657,4216.0732421875,1155120,0.0,0.0,TCS.NS,1165
2024-09-17 00:00:00+05:30,4216.07280997892,4237.137811566093,4171.934009719351,4208.97314453125,1699364,0.0,0.0,TCS.NS,1166
2024-09-18 00:00:00+05:30,4200.939664746227,4200.939664746227,4036.4819336551354,4059.975830078125,2961779,0.0,0.0,TCS.NS,1167
2024-09-19 00:00:00+05:30,4100.9848398642125,4131.018272379729,3999.8626137698093,4013.267822265625,2927551,0.0,0.0,TCS.NS,1168
2024-09-20 00:00:00+05:30,4032.652226956164,4045.5438351546454,3949.1388902025246,4002.75927734375,5447908,0.0,0.0,TCS.NS,1169
2024-09-23 00:00:00+05:30,4016.864589205444,4025.6455508023273,3972.959325090873,3987.438720703125,1702319,0.0,0.0,TCS.NS,1170
2024-09-24 00:00:00+05:30,3971.698396314348,4008.4574718134822,3960.8155862244616,3990.054443359375,3012026,0.0,0.0,TCS.NS,1171
2024-09-25 00:00:00+05:30,3972.352129245545,4007.149385684038,3960.815229509036,3993.277099609375,2713073,0.0,0.0,TCS.NS,1172
2024-09-26 00:00:00+05:30,3979.4986179109637,4032.5584170310385,3979.4986179109637,4009.858642578125,3964251,0.0,0.0,TCS.NS,1173
2024-09-27 00:00:00+05:30,4049.560271516411,4089.7289201150743,4016.9113851451907,4024.9921875,3012477,0.0,0.0,TCS.NS,1174
2024-09-30 00:00:00+05:30,4004.6270733006713,4015.6968960109075,3979.544932255997,3987.438720703125,2503416,0.0,0.0,TCS.NS,1175
2024-10-01 00:00:00+05:30,3975.3417724055544,4012.894973053944,3963.571788322826,4005.561767578125,1823365,0.0,0.0,TCS.NS,1176
2024-10-03 00:00:00+05:30,3981.9275753897014,3997.247619935326,3932.7909511399207,3954.04296875,3350119,0.0,0.0,TCS.NS,1177
2024-10-04 00:00:00+05:30,3946.803319485732,4014.996607609391,3945.9156901334163,3972.259033203125,2965463,0.0,0.0,TCS.NS,1178
2024-10-07 00:00:00+05:30,3992.483121251643,4014.295721663981,3950.913242930845,3991.50244140625,1472619,0.0,0.0,TCS.NS,1179
2024-10-08 00:00:00+05:30,3991.2690982560466,3997.6211671843516,3927.1394751787057,3973.193115234375,1541867,0.0,0.0,TCS.NS,1180
2024-10-09 00:00:00+05:30,3979.498938122227,4012.1943519330907,3967.074863326185,3972.913330078125,1082504,0.0,0.0,TCS.NS,1181
2024-10-10 00:00:00+05:30,3973.1931542704974,4011.119923228477,3922.1416952982436,3949.045166015625,2378875,0.0,0.0,TCS.NS,1182
2024-10-11 00:00:00+05:30,3870.2024438892004,3962.6372224848437,3841.6642037825386,3875.994384765625,5759183,0.0,0.0,TCS.NS,1183
2024-10-14 00:00:00+05:30,3867.4002612649715,3891.12769821191,3850.7724909029175,3864.270751953125,2137590,0.0,0.0,TCS.NS,1184
2024-10-15 00:00:00+05:30,3859.0394873205432,3895.3784690785774,3825.363393742248,3845.727783203125,2759474,0.0,0.0,TCS.NS,1185
2024-10-16 00:00:00+05:30,3816.0213698692205,3844.046006612446,3799.3933731218913,3825.316162109375,2359151,0.0,0.0,TCS.NS,1186
2024-10-17 00:00:00+05:30,3841.9910114211275,3858.0121283615904,3823.4481787021273,3838.44140625,2522659,0.0,0.0,TCS.NS,1187
2024-10-18 00:00:00+05:30,3830.013212330735,3882.593864616222,3820.6488768482636,3860.962158203125,2361000,10.0,0.0,TCS.NS,1188
2024-10-21 00:00:00+05:30,3869.905415130514,3876.788293233767,3811.2845829224775,3820.508544921875,1595450,0.0,0.0,TCS.NS,1189
2024-10-22 00:00:00+05:30,3807.538919013043,3829.8260838402684,3751.6807476679483,3760.2490234375,1928049,0.0,0.0,TCS.NS,1190
2024-10-23 00:00:00+05:30,3745.359744124965,3852.0660735451916,3741.192431901251,3807.77294921875,1966476,0.0,0.0,TCS.NS,1191
2024-10-24 00:00:00+05:30,3749.480013206115,3819.7125309359994,3749.480013206115,3790.58935546875,2676744,0.0,0.0,TCS.NS,1192
2024-10-25 00:00:00+05:30,3799.15775978996,3831.886066466202,3776.3555115186805,3799.6259765625,1759676,0.0,0.0,TCS.NS,1193
2024-10-28 00:00:00+05:30,3810.301294003955,3871.2163428984345,3793.4923573008123,3830.809326171875,1532534,0.0,0.0,TCS.NS,1194
2024-10-29 00:00:00+05:30,3835.4913054593726,3842.654930403522,3802.013807284174,3816.20068359375,1445885,0.0,0.0,TCS.NS,1195
2024-10-30 00:00:00+05:30,3815.9669251651126,3845.932800405673,3801.96728855046,3825.00341796875,1935002,0.0,0.0,TCS.NS,1196
2024-10-31 00:00:00+05:30,3811.2850713184453,3819.057516573936,3708.277366688217,3716.190185546875,3740372,0.0,0.0,TCS.NS,1197
2024-11-01 00:00:00+05:30,3736.22946325371,3744.7508713227357,3723.306634635094,3730.9384765625,154895,0.0,0.0,TCS.NS,1198
2024-11-04 00:00:00+05:30,3714.176555308054,3738.149117791104,3664.49870814831,3712.1630859375,2269192,0.0,0.0,TCS.NS,1199
2024-11-05 00:00:00+05:30,3690.5779177680724,3732.623687729188,3690.5779177680724,3718.905029296875,967590,0.0,0.0,TCS.NS,1200
2024-11-06 00:00:00+05:30,3749.105477634464,3886.011789226445,3722.557494863472,3876.507080078125,3792017,0.0,0.0,TCS.NS,1201
2024-11-07 00:00:00+05:30,3904.6474627956704,3938.452350809554,3825.3782193936936,3887.042236328125,3724349,0.0,0.0,TCS.NS,1202
2024-11-08 00:00:00+05:30,3890.881605513963,3904.6940011051383,3855.905719127717,3883.39013671875,1648039,0.0,0.0,TCS.NS,1203
2024-11-11 00:00:00+05:30,3865.784905929242,3965.1401331569796,3855.905258290536,3931.803466796875,1406487,0.0,0.0,TCS.NS,1204
2024-11-12 00:00:00+05:30,3948.0036922969543,3949.8765593236603,3899.6369927808482,3930.5859375,1587640,0.0,0.0,TCS.NS,1205
2024-11-13 00:00:00+05:30,3912.513130781797,3929.977525148187,3868.4536576373816,3886.527099609375,1098813,0.0,0.0,TCS.NS,1206
2024-11-14 00:00:00+05:30,3872.152585273737,3895.5634231532636,3854.781926464299,3882.359619140625,1825432,0.0,0.0,TCS.NS,1207
2024-11-18 00:00:00+05:30,3945.194775506029,3945.194775506029,3736.5573227124837,3763.994873046875,3313944,0.0,0.0,TCS.NS,1208
2024-11-19 00:00:00+05:30,3764.369449848915,3869.484124594716,3758.938317703563,3782.7705078125,1776233,0.0,0.0,TCS.NS,1209
2024-11-21 00:00:00+05:30,3787.779869251299,3832.3073290355883,3768.208500051012,3813.953369140625,2384347,0.0,0.0,TCS.NS,1210
2024-11-22 00:00:00+05:30,3812.220934951704,3984.478067243221,3796.3015647983802,3974.785888671875,3096553,0.0,0.0,TCS.NS,1211
2024-11-25 00:00:00+05:30,4007.935776946078,4052.978324205677,3981.903105964969,4040.8046875,4052167,0.0,0.0,TCS.NS,1212
2024-11-26 00:00:00+05:30,4046.3768867731897,4089.0317185815506,4036.02947669651,4076.015380859375,2060669,0.0,0.0,TCS.NS,1213
2024-11-27 00:00:00+05:30,4081.8672312002336,4099.144155960028,4049.185334306465,4057.14501953125,1558993,0.0,0.0,TCS.NS,1214
2024-11-28 00:00:00+05:30,4044.456715693407,4064.075182497466,3963.9234261473007,3975.06689453125,2558544,0.0,0.0,TCS.NS,1215
2024-11-29 00:00:00+05:30,3951.749451593235,4025.4469524620627,3928.9472039488446,3999.3671875,2017425,0.0,0.0,TCS.NS,1216
2024-12-02 00:00:00+05:30,3998.5713921173747,4015.614666194075,3961.1606876475703,4004.798583984375,1670944,0.0,0.0,TCS.NS,1217
2024-12-03 00:00:00+05:30,4040.1029570986634,4050.0758848810356,3994.311439120522,4029.240234375,2010905,0.0,0.0,TCS.NS,1218
2024-12-04 00:00:00+05:30,4039.353040657334,4108.0876338534845,4016.41041706955,4077.6064453125,3302642,0.0,0.0,TCS.NS,1219
2024-12-05 00:00:00+05:30,4121.056227615031,4203.649842480739,4082.849924975723,4180.28564453125,3746747,0.0,0.0,TCS.NS,1220
2024-12-06 00:00:00+05:30,4169.938779273809,4181.175982361904,4132.247327249158,4162.91552734375,1842087,0.0,0.0,TCS.NS,1221
2024-12-09 00:00:00+05:30,4148.8227301424695,4185.296547190364,4134.8695026852665,4169.14306640625,2066639,0.0,0.0,TCS.NS,1222
2024-12-10 00:00:00+05:30,4144.795003046134,4208.144637237795,4131.63829540013,4150.7880859375,2087828,0.0,0.0,TCS.NS,1223
2024-12-11 00:00:00+05:30,4150.132911276676,4165.864811228231,4126.8624472810225,4146.0126953125,1635256,0.0,0.0,TCS.NS,1224
2024-12-12 00:00:00+05:30,4148.447088243233,4199.904292516949,4144.654715424752,4171.7646484375,1914642,0.0,0.0,TCS.NS,1225
2024-12-13 00:00:00+05:30,4153.036438989519,4209.175359798749,4115.063781598932,4189.51025390625,1967048,0.0,0.0,TCS.NS,1226
2024-12-16 00:00:00+05:30,4175.556616491546,4190.539551199746,4117.49774449727,4134.541015625,1646224,0.0,0.0,TCS.NS,1227
2024-12-17 00:00:00+05:30,4129.671871841429,4151.1632042757365,4043.519986986687,4053.3525390625,3225027,0.0,0.0,TCS.NS,1228
2024-12-18 00:00:00+05:30,4037.6214015771484,4084.72383419113,4016.9261251822754,4071.473388671875,1575404,0.0,0.0,TCS.NS,1229
2024-12-19 00:00:00+05:30,4009.808411984614,4086.5959621440575,3991.0797412140178,4000.350341796875,3015763,0.0,0.0,TCS.NS,1230
2024-12-20 00:00:00+05:30,4053.8209309249955,4103.45191021329,3888.5404055592617,3905.208740234375,4116989,0.0,0.0,TCS.NS,1231
2024-12-23 00:00:00+05:30,3933.0675361336625,3948.940267652302,3853.3303110561437,3893.971435546875,2195338,0.0,0.0,TCS.NS,1232
2024-12-24 00:00:00+05:30,3893.971643595964,3949.876912235315,3893.971643595964,3913.82421875,1181886,0.0,0.0,TCS.NS,1233
2024-12-26 00:00:00+05:30,3913.8242672999845,3932.9745174938084,3879.7848141774207,3904.08544921875,1208464,0.0,0.0,TCS.NS,1234
2024-12-27 00:00:00+05:30,3898.372731154391,3915.18189568121,3883.6239032620824,3900.105224609375,858100,0.0,0.0,TCS.NS,1235
2024-12-30 00:00:00+05:30,3887.135698411994,3932.3652563563705,3850.6147896579423,3894.439697265625,1527169,0.0,0.0,TCS.NS,1236
2024-12-31 00:00:00+05:30,3872.1523922090355,3876.787920775226,3775.7466123522086,3834.5078125,1555429,0.0,0.0,TCS.NS,1237
2025-01-01 00:00:00+05:30,3834.1334768483284,3871.216337275171,3825.752442210114,3851.036376953125,763161,0.0,0.0,TCS.NS,1238
2025-01-02 00:00:00+05:30,3858.106087323385,3917.1013988528443,3836.521477668905,3910.312255859375,1720835,0.0,0.0,TCS.NS,1239
2025-01-03 00:00:00+05:30,3914.2454689148967,3914.2454689148967,3832.1669338378674,3839.28369140625,1791953,0.0,0.0,TCS.NS,1240
2025-01-06 00:00:00+05:30,3844.52810934996,3885.871560960142,3807.9134644789865,3834.695556640625,2085593,0.0,0.0,TCS.NS,1241
2025-01-07 00:00:00+05:30,3853.3774566252837,3877.162777576041,3756.5500894487573,3772.2353515625,2669054,0.0,0.0,TCS.NS,1242
2025-01-08 00:00:00+05:30,3778.4155440164827,3863.7247297154518,3762.355800488186,3847.243408203125,2181277,0.0,0.0,TCS.NS,1243
2025-01-09 00:00:00+05:30,3840.313752052967,3874.727682896163,3769.4257824077367,3782.114501953125,2392472,0.0,0.0,TCS.NS,1244
2025-01-10 00:00:00+05:30,3933.0210297536037,4023.8550868693414,3904.928022398221,3994.497802734375,7894300,0.0,0.0,TCS.NS,1245
2025-01-13 00:00:00+05:30,3975.160400233359,4048.155577994656,3958.6790783856877,4018.330078125,4003771,0.0,0.0,TCS.NS,1246
2025-01-14 00:00:00+05:30,4028.537496859603,4039.6809656649875,3950.8601439567124,3963.97021484375,3441709,0.0,0.0,TCS.NS,1247
2025-01-15 00:00:00+05:30,3949.8771112539193,3985.8831677707726,3939.99791920476,3979.468505859375,1653474,0.0,0.0,TCS.NS,1248
2025-01-16 00:00:00+05:30,3989.2068293675015,4021.0455693202,3925.3889758814885,3938.920166015625,2637705,0.0,0.0,TCS.NS,1249
2025-01-17 00:00:00+05:30,3967.149037172065,3967.816788614414,3910.072121172747,3933.198486328125,1761466,76.0,0.0,TCS.NS,1250
2025-01-20 00:00:00+05:30,3953.7022267709062,3953.7022267709062,3879.602772098358,3888.853271484375,1287799,0.0,0.0,TCS.NS,1251
2025-01-21 00:00:00+05:30,3905.542231174273,3920.514717096685,3843.2678934321675,3848.846923828125,1971591,0.0,0.0,TCS.NS,1252
2025-01-22 00:00:00+05:30,3862.3409864324167,3970.2480248109573,3856.8096861084223,3964.001708984375,2409223,0.0,0.0,TCS.NS,1253
2025-01-23 00:00:00+05:30,3974.8733548946852,3997.141512526167,3948.218247742152,3953.368408203125,1822998,0.0,0.0,TCS.NS,1254
2025-01-24 00:00:00+05:30,3913.839443095865,3984.410622138042,3913.839443095865,3959.94921875,1910099,0.0,0.0,TCS.NS,1255
2025-01-27 00:00:00+05:30,3911.9316916717908,3963.7634492210204,3853.8058882600144,3876.7890625,1551782,0.0,0.0,TCS.NS,1256
2025-01-28 00:00:00+05:30,3882.1775882750967,3911.9318748383976,3841.6468460321344,3853.0908203125,2468272,0.0,0.0,TCS.NS,1257
2025-01-29 00:00:00+05:30,3866.155848644477,3917.5107746444246,3866.155848644477,3909.83349609375,1217089,0.0,0.0,TCS.NS,1258
2025-01-30 00:00:00+05:30,3909.929064937949,3938.539000483225,3870.447447016769,3910.072021484375,1531251,0.0,0.0,TCS.NS,1259
2025-01-31 00:00:00+05:30,3919.5613958118993,3937.156693449871,3895.958197625441,3921.85009765625,1492943,0.0,0.0,TCS.NS,1260
2025-02-01 00:00:00+05:30,3922.4220804091583,3944.260904282812,3868.0632040212854,3884.41845703125,437172,0.0,0.0,TCS.NS,1261
2025-02-03 00:00:00+05:30,3844.126360326472,3888.0903894285034,3813.4184082314428,3880.127197265625,1265713,0.0,0.0,TCS.NS,1262
2025-02-04 00:00:00+05:30,3894.4796324423637,3928.0010789730964,3877.6475473199966,3916.74755859375,2547132,0.0,0.0,TCS.NS,1263
2025-02-05 00:00:00+05:30,3957.707610233867,3957.707610233867,3887.136438388733,3901.536865234375,1693912,0.0,0.0,TCS.NS,1264
2025-02-06 00:00:00+05:30,3915.174138224137,3947.6941907477535,3863.819444687176,3893.57373046875,2284536,0.0,0.0,TCS.NS,1265
2025-02-07 00:00:00+05:30,3900.4879649829604,3900.4879649829604,3822.287472775478,3842.69580078125,1548940,0.0,0.0,TCS.NS,1266
2025-02-10 00:00:00+05:30,3852.804719489709,3864.248693904035,3828.34331731039,3849.89599609375,1339511,0.0,0.0,TCS.NS,1267
2025-02-11 00:00:00+05:30,3832.2053307443857,3852.8045770599656,3771.743094621823,3779.89697265625,1810908,0.0,0.0,TCS.NS,1268
2025-02-12 00:00:00+05:30,3787.097133023103,3835.400146101803,3757.5810309224153,3767.11767578125,1678002,0.0,0.0,TCS.NS,1269
2025-02-13 00:00:00+05:30,3784.140776452309,3799.828511079361,3721.437334907012,3728.97119140625,2277310,0.0,0.0,TCS.NS,1270
2025-02-14 00:00:00+05:30,3743.1334105306237,3765.0676954840515,3719.2917964508106,3752.527099609375,1681975,0.0,0.0,TCS.NS,1271
2025-02-17 00:00:00+05:30,3677.807112211271,3751.7161103174226,3677.520966298114,3723.5830078125,1799806,0.0,0.0,TCS.NS,1272
2025-02-18 00:00:00+05:30,3717.765697945917,3742.5609756413837,3685.4365636204366,3693.7333984375,2149879,0.0,0.0,TCS.NS,1273
2025-02-19 00:00:00+05:30,3692.779666465734,3695.402243866394,3593.5508277041968,3608.761962890625,4366672,0.0,0.0,TCS.NS,1274
2025-02-20 00:00:00+05:30,3587.209039488717,3612.4811488989126,3577.4817080927064,3604.279541015625,2888572,0.0,0.0,TCS.NS,1275
2025-02-21 00:00:00+05:30,3601.1325452240194,3640.137329423988,3600.0834211620527,3610.57373046875,1833931,0.0,0.0,TCS.NS,1276
2025-02-24 00:00:00+05:30,3569.708908308604,3588.829926643714,3499.948448575242,3505.2890625,2508516,0.0,0.0,TCS.NS,1277
2025-02-25 00:00:00+05:30,3457.033582981813,3488.5045093924064,3453.457341344246,3461.372802734375,4101954,0.0,0.0,TCS.NS,1278
2025-02-27 00:00:00+05:30,3444.3501806796594,3469.431604706493,3433.8598707149063,3445.160888671875,3823856,0.0,0.0,TCS.NS,1279
2025-02-28 00:00:00+05:30,3418.83943788603,3433.192134904543,3296.8181139902795,3321.851806640625,7085018,0.0,0.0,TCS.NS,1280
2025-03-03 00:00:00+05:30,3323.520708287026,3359.9983745974937,3315.08068451919,3331.19775390625,4990439,0.0,0.0,TCS.NS,1281
2025-03-04 00:00:00+05:30,3313.030116033584,3386.4622746215477,3303.779617945939,3368.390380859375,2797737,0.0,0.0,TCS.NS,1282
2025-03-05 00:00:00+05:30,3357.7098367858857,3433.526166541638,3357.7098367858857,3382.69580078125,2501894,0.0,0.0,TCS.NS,1283
2025-03-06 00:00:00+05:30,3392.184730582395,3442.204388576499,3372.253235052136,3434.71826171875,2786513,0.0,0.0,TCS.NS,1284
2025-03-07 00:00:00+05:30,3433.1922948860747,3457.033908045006,3408.778389880028,3443.873291015625,2051315,0.0,0.0,TCS.NS,1285
2025-03-10 00:00:00+05:30,3439.391117760303,3454.2683775177134,3416.5986286887846,3423.32177734375,1004626,0.0,0.0,TCS.NS,1286
2025-03-11 00:00:00+05:30,3393.138276405314,3422.4634596541796,3373.7311107824903,3409.63671875,1995450,0.0,0.0,TCS.NS,1287
2025-03-12 00:00:00+05:30,3399.8140462677893,3403.8671205164956,3325.2852564493496,3343.738525390625,3174167,0.0,0.0,TCS.NS,1288
2025-03-13 00:00:00+05:30,3340.019205205493,3360.999824081682,3322.662557973568,3348.36376953125,1693004,0.0,0.0,TCS.NS,1289
2025-03-17 00:00:00+05:30,3327.3352459788202,3366.864590627224,3316.2251483346326,3335.632080078125,2690906,0.0,0.0,TCS.NS,1290
2025-03-18 00:00:00+05:30,3335.632080078125,3335.632080078125,3335.632080078125,3335.632080078125,0,0.0,0.0,TCS.NS,1291
2025-03-19 00:00:00+05:30,3382.6480693895237,3382.6480693895237,3302.301833176931,3335.060302734375,3051244,0.0,0.0,TCS.NS,1292
2025-03-20 00:00:00+05:30,3349.269955275429,3413.1177513936286,3349.269955275429,3398.0498046875,2845192,0.0,0.0,TCS.NS,1293
2025-03-21 00:00:00+05:30,3313.9842232799383,3448.6893373916764,3304.4475780330895,3412.30712890625,4161925,0.0,0.0,TCS.NS,1294
2025-03-24 00:00:00+05:30,3433.1922402172363,3480.6370496480163,3401.33993867541,3460.80078125,1834751,0.0,0.0,TCS.NS,1295
2025-03-25 00:00:00+05:30,3476.1071349334247,3538.0953280117983,3469.4314833711383,3488.266357421875,3135390,0.0,0.0,TCS.NS,1296
2025-03-26 00:00:00+05:30,3478.7297405017125,3509.9622534210275,3457.8445807190283,3467.33349609375,1734499,0.0,0.0,TCS.NS,1297
2025-03-27 00:00:00+05:30,3447.354210516991,3493.2730630548403,3443.2056768112207,3482.019775390625,2528474,0.0,0.0,TCS.NS,1298
2025-03-28 00:00:00+05:30,3481.829074680501,3491.3179898494645,3425.467409839091,3439.05712890625,2051919,0.0,0.0,TCS.NS,1299
2025-04-01 00:00:00+05:30,3407.1571321951615,3417.933587672838,3361.667381848982,3386.27197265625,2618493,0.0,0.0,TCS.NS,1300
2025-04-02 00:00:00+05:30,3379.7869876031436,3398.955737182192,3366.4834143953553,3379.7392578125,1764313,0.0,0.0,TCS.NS,1301
2025-04-03 00:00:00+05:30,3329.2424008031394,3339.7327091413904,3238.787239864295,3245.462890625,4537821,0.0,0.0,TCS.NS,1302
2025-04-04 00:00:00+05:30,3206.7922895105216,3242.1253724074613,3142.80130945332,3146.5205078125,5317367,0.0,0.0,TCS.NS,1303
2025-04-07 00:00:00+05:30,2956.3600978903933,3138.891399190129,2914.446587584341,3122.345458984375,6623955,0.0,0.0,TCS.NS,1304
2025-04-08 00:00:00+05:30,3149.0478246149446,3193.822325127449,3104.464010431693,3140.369384765625,5557558,0.0,0.0,TCS.NS,1305
2025-04-09 00:00:00+05:30,3109.4708094407843,3118.4828923346345,3063.2180815269526,3096.167236328125,2990265,0.0,0.0,TCS.NS,1306
2025-04-11 00:00:00+05:30,3137.1271167444256,3146.0914699537143,3057.44840084302,3081.766845703125,7108961,0.0,0.0,TCS.NS,1307
2025-04-15 00:00:00+05:30,3160.825412160961,3160.825412160961,3088.537831919463,3097.69287109375,3512160,0.0,0.0,TCS.NS,1308
2025-04-16 00:00:00+05:30,3097.6927866639667,3126.207493109741,3079.382475986214,3122.106689453125,2384391,0.0,0.0,TCS.NS,1309
2025-04-17 00:00:00+05:30,3095.1178702150796,3150.5258660607433,3068.8920987065558,3146.04345703125,2932346,0.0,0.0,TCS.NS,1310
2025-04-21 00:00:00+05:30,3137.651464694997,3198.590529231532,3131.92947805952,3167.69189453125,2432946,0.0,0.0,TCS.NS,1311
2025-04-22 00:00:00+05:30,3168.645674402416,3179.421896695883,3142.3244417890623,3160.825439453125,2710498,0.0,0.0,TCS.NS,1312
2025-04-23 00:00:00+05:30,3209.0807969556886,3262.39054529537,3182.664338892606,3254.856689453125,3543923,0.0,0.0,TCS.NS,1313
2025-04-24 00:00:00+05:30,3243.5082751937634,3254.379956863419,3230.7290317834236,3243.985107421875,2252175,0.0,0.0,TCS.NS,1314
2025-04-25 00:00:00+05:30,3261.532502141187,3316.65435532197,3247.2275350265327,3288.235107421875,2742991,0.0,0.0,TCS.NS,1315
2025-04-28 00:00:00+05:30,3275.837699055966,3297.5812971612027,3247.2277628196694,3283.94384765625,1593296,0.0,0.0,TCS.NS,1316
2025-04-29 00:00:00+05:30,3294.9109682944113,3333.0575496928996,3271.450727603039,3311.60009765625,1578332,0.0,0.0,TCS.NS,1317
2025-04-30 00:00:00+05:30,3311.123250052752,3347.2670426291115,3210.0348098149666,3293.671142578125,2809332,0.0,0.0,TCS.NS,1318
2025-05-02 00:00:00+05:30,3311.122947254809,3329.7194038998173,3261.5323962014536,3272.022705078125,1721761,0.0,0.0,TCS.NS,1319
2025-05-05 00:00:00+05:30,3290.1428480254845,3342.117568378351,3286.7095623571063,3294.24365234375,1284443,0.0,0.0,TCS.NS,1320
2025-05-06 00:00:00+05:30,3299.67919921875,3312.076837828531,3277.7449155245213,3299.67919921875,1324763,0.0,0.0,TCS.NS,1321
2025-05-07 00:00:00+05:30,3262.104703449532,3299.202157339632,3262.104703449532,3285.469482421875,1477128,0.0,0.0,TCS.NS,1322
2025-05-08 00:00:00+05:30,3288.235300913292,3315.8915722956835,3269.829528910395,3289.093505859375,2543591,0.0,0.0,TCS.NS,1323
2025-05-09 00:00:00+05:30,3241.505698660658,3286.518617372084,3240.6474937252347,3280.89208984375,2531757,0.0,0.0,TCS.NS,1324
2025-05-12 00:00:00+05:30,3342.594178981706,3462.279077544389,3339.9238717309913,3452.64697265625,2228678,0.0,0.0,TCS.NS,1325
2025-05-13 00:00:00+05:30,3452.647008797929,3455.126629734175,3347.839368943368,3352.130859375,3062887,0.0,0.0,TCS.NS,1326
2025-05-14 00:00:00+05:30,3357.8530683035815,3395.999652436539,3346.0277203536734,3384.26953125,2119499,0.0,0.0,TCS.NS,1327
2025-05-15 00:00:00+05:30,3398.8602651386764,3433.192187008764,3351.272499900048,3414.0234375,3548330,0.0,0.0,TCS.NS,1328
2025-05-16 00:00:00+05:30,3427.3749694942985,3427.3749694942985,3381.789989783035,3396.28564453125,1666727,0.0,0.0,TCS.NS,1329
2025-05-19 00:00:00+05:30,3385.5089240585153,3385.5089240585153,3341.3542118072583,3355.754638671875,2537377,0.0,0.0,TCS.NS,1330
2025-05-20 00:00:00+05:30,3368.1525972918466,3393.138562626365,3332.1040297404493,3336.204833984375,2038374,0.0,0.0,TCS.NS,1331
2025-05-21 00:00:00+05:30,3345.4551448560997,3373.1114160079887,3336.2046455537043,3362.430419921875,1440153,0.0,0.0,TCS.NS,1332
2025-05-22 00:00:00+05:30,3333.05707245268,3335.7273793338804,3291.381984807686,3315.89111328125,2034383,0.0,0.0,TCS.NS,1333
2025-05-23 00:00:00+05:30,3315.8916316020463,3371.204175356121,3305.0199488920316,3351.74951171875,1274331,0.0,0.0,TCS.NS,1334
2025-05-26 00:00:00+05:30,3357.8526831208233,3380.7406309750972,3347.457833268305,3373.3974609375,967470,0.0,0.0,TCS.NS,1335
2025-05-27 00:00:00+05:30,3368.3430118958113,3375.972327891045,3321.708911006242,3336.5859375,2467680,0.0,0.0,TCS.NS,1336
2025-05-28 00:00:00+05:30,3356.8988437504863,3365.481823748712,3331.149903755809,3335.632080078125,1222933,0.0,0.0,TCS.NS,1337
2025-05-29 00:00:00+05:30,3342.3082066867746,3368.820128574258,3324.951557897849,3336.01416015625,3188072,0.0,0.0,TCS.NS,1338
2025-05-30 00:00:00+05:30,3328.288954402222,3344.2151042659493,3293.098829075797,3302.92138671875,3404365,0.0,0.0,TCS.NS,1339
2025-06-02 00:00:00+05:30,3290.1425906350296,3299.679235825276,3260.197617868956,3289.951904296875,1877585,0.0,0.0,TCS.NS,1340
2025-06-03 00:00:00+05:30,3286.3280169725485,3312.5537919193694,3242.936280242354,3247.41845703125,2848125,0.0,0.0,TCS.NS,1341
2025-06-04 00:00:00+05:30,3260.6957796433117,3266.2762443041534,3242.415101032151,3252.90234375,2544807,30.0,0.0,TCS.NS,1342
2025-06-05 00:00:00+05:30,3279.9384360226436,3279.9384360226436,3236.353404838992,3243.473388671875,3584683,0.0,0.0,TCS.NS,1343
2025-06-06 00:00:00+05:30,3243.473730125776,3262.5239346599506,3231.5430403786086,3256.07763671875,2070390,0.0,0.0,TCS.NS,1344
2025-06-09 00:00:00+05:30,3271.27954690969,3303.992342378787,3262.5239694574043,3292.350341796875,1718678,0.0,0.0,TCS.NS,1345
2025-06-10 00:00:00+05:30,3309.7651599636156,3353.8312663403485,3293.601143598204,3331.798095703125,2419874,0.0,0.0,TCS.NS,1346
2025-06-11 00:00:00+05:30,3338.629301432497,3356.909980604606,3318.5206483022603,3340.457275390625,2847013,0.0,0.0,TCS.NS,1347
2025-06-12 00:00:00+05:30,3340.457485799832,3343.1515277744293,3293.601262686845,3304.184814453125,4060134,0.0,0.0,TCS.NS,1348
2025-06-13 00:00:00+05:30,3264.737104419316,3319.867835937101,3264.737104419316,3315.24951171875,2178493,0.0,0.0,TCS.NS,1349
2025-06-16 00:00:00+05:30,3309.764768768882,3376.15249232849,3296.487177077423,3363.933349609375,1934088,0.0,0.0,TCS.NS,1350
2025-06-17 00:00:00+05:30,3377.114961112031,3386.736371257649,3356.04416685221,3382.21435546875,2111940,0.0,0.0,TCS.NS,1351
2025-06-18 00:00:00+05:30,3385.870781867798,3404.0551543920346,3312.748059500982,3320.733642578125,2696327,0.0,0.0,TCS.NS,1352
2025-06-19 00:00:00+05:30,3319.386516107577,3320.3486571267385,3283.787298398597,3294.370849609375,2672768,0.0,0.0,TCS.NS,1353
2025-06-20 00:00:00+05:30,3295.333067521792,3315.826718687675,3281.7667848759743,3305.6279296875,2351248,0.0,0.0,TCS.NS,1354
2025-06-23 00:00:00+05:30,3285.71154983106,3295.332959933054,3242.4152043720856,3265.121826171875,3123421,0.0,0.0,TCS.NS,1355
2025-06-24 00:00:00+05:30,3304.5697916881572,3311.7858496666604,3253.9610777731646,3262.04296875,3403048,0.0,0.0,TCS.NS,1356
2025-06-25 00:00:00+05:30,3278.3030139670477,3319.3863869066126,3271.2793378210094,3314.38330078125,1757699,0.0,0.0,TCS.NS,1357
2025-06-26 00:00:00+05:30,3314.3834934254055,3320.7334833351697,3286.000332815166,3311.4970703125,2879106,0.0,0.0,TCS.NS,1358
2025-06-27 00:00:00+05:30,3324.1971522580116,3335.1654656898822,3301.105768277059,3310.823486328125,1778433,0.0,0.0,TCS.NS,1359
2025-06-30 00:00:00+05:30,3309.6687189307536,3333.7222438362,3300.143617027278,3330.93212890625,1468351,0.0,0.0,TCS.NS,1360
2025-07-01 00:00:00+05:30,3324.1969490999145,3353.06117731207,3284.268100073099,3299.854736328125,2375183,0.0,0.0,TCS.NS,1361
2025-07-02 00:00:00+05:30,3355.1782290195283,3357.7759628799704,3290.5223973149878,3293.697509765625,3090585,0.0,0.0,TCS.NS,1362
2025-07-03 00:00:00+05:30,3300.1437879715377,3305.243182495177,3268.9705120384147,3272.04931640625,2531870,0.0,0.0,TCS.NS,1363
2025-07-04 00:00:00+05:30,3278.9765232213795,3297.257202194738,3261.7542933055606,3290.329833984375,1109320,0.0,0.0,TCS.NS,1364
2025-07-07 00:00:00+05:30,3288.8868460752856,3296.3915933540857,3279.361508602982,3282.53662109375,1639174,0.0,0.0,TCS.NS,1365
2025-07-08 00:00:00+05:30,3276.090106685197,3295.3329266950955,3264.929177120374,3277.24462890625,2325242,0.0,0.0,TCS.NS,1366
2025-07-09 00:00:00+05:30,3280.90091915286,3284.7494832808984,3239.5288547764453,3255.69287109375,2034938,0.0,0.0,TCS.NS,1367
2025-07-10 00:00:00+05:30,3252.036411459103,3270.317089511684,3228.945028655843,3253.960693359375,3035012,0.0,0.0,TCS.NS,1368
2025-07-11 00:00:00+05:30,3174.9692720213116,3208.740518059529,3137.638385846326,3142.352783203125,7635550,0.0,0.0,TCS.NS,1369
2025-07-14 00:00:00+05:30,3142.3526487027184,3148.125494964879,3078.8513398189525,3100.69189453125,3924009,0.0,0.0,TCS.NS,1370
2025-07-15 00:00:00+05:30,3084.623968418985,3136.002202567695,3084.623968418985,3129.171142578125,2590889,0.0,0.0,TCS.NS,1371
2025-07-16 00:00:00+05:30,3115.365810708297,3132.6464874286985,3109.187305299685,3121.2548828125,2540733,11.0,0.0,TCS.NS,1372
2025-07-17 00:00:00+05:30,3112.5663349360093,3129.8470122556437,3093.2582102459683,3098.181640625,2947640,0.0,0.0,TCS.NS,1373
2025-07-18 00:00:00+05:30,3113.434923384125,3117.103513998714,3076.749488627971,3079.549072265625,3432645,0.0,0.0,TCS.NS,1374
2025-07-21 00:00:00+05:30,3079.645764950135,3086.982946316993,3042.960329505588,3048.94580078125,3844346,0.0,0.0,TCS.NS,1375
2025-07-22 00:00:00+05:30,3050.29736328125,3070.088189339792,3045.4703325352643,3050.29736328125,3198036,0.0,0.0,TCS.NS,1376
2025-07-23 00:00:00+05:30,3050.2976253482652,3071.9226306702544,3048.366812883985,3069.123046875,1922875,0.0,0.0,TCS.NS,1377
2025-07-24 00:00:00+05:30,3055.6074181166887,3063.909770455093,3031.3756269481614,3039.098876953125,2934778,0.0,0.0,TCS.NS,1378
2025-07-25 00:00:00+05:30,3031.375459671135,3047.6907301283586,3017.47370470728,3027.32080078125,2568917,0.0,0.0,TCS.NS,1379
2025-07-28 00:00:00+05:30,3002.413314143324,3010.1365638260077,2963.700430830921,2972.775390625,3374473,0.0,0.0,TCS.NS,1380
2025-07-29 00:00:00+05:30,2954.1431191329557,2967.658806606113,2935.993434530025,2950.281494140625,4785312,0.0,0.0,TCS.NS,1381
2025-07-30 00:00:00+05:30,2954.14286063789,2962.831516110354,2941.7856146047457,2947.96435546875,2880121,0.0,0.0,TCS.NS,1382
2025-07-31 00:00:00+05:30,2936.47600158721,2953.9499481457733,2910.6997030967705,2931.74560546875,2968371,0.0,0.0,TCS.NS,1383
2025-08-01 00:00:00+05:30,2925.0840779463133,2931.7455219766357,2896.2185275661836,2899.11474609375,2053847,0.0,0.0,TCS.NS,1384
2025-08-04 00:00:00+05:30,2905.0038424767117,2972.8717086542492,2888.1092342571515,2968.044677734375,2519252,0.0,0.0,TCS.NS,1385
2025-08-05 00:00:00+05:30,2968.044969051672,2971.0378227936944,2936.765899898755,2957.908203125,1927996,0.0,0.0,TCS.NS,1386
2025-08-06 00:00:00+05:30,2957.0390447864347,2960.7076353045086,2921.319017147813,2927.401123046875,1487081,0.0,0.0,TCS.NS,1387
2025-08-07 00:00:00+05:30,2911.665180402855,2946.0337363593026,2906.741514367591,2941.5927734375,2543076,0.0,0.0,TCS.NS,1388
2025-08-08 00:00:00+05:30,2942.654816418027,2953.950022141175,2920.353838284088,2931.359375,2762140,0.0,0.0,TCS.NS,1389
2025-08-11 00:00:00+05:30,2931.3592490987544,2944.3922326106717,2916.78175710605,2935.607177734375,1884215,0.0,0.0,TCS.NS,1390
2025-08-12 00:00:00+05:30,2935.8004122577677,2989.283824339261,2922.1880898269574,2930.39404296875,3358232,0.0,0.0,TCS.NS,1391
2025-08-13 00:00:00+05:30,2931.0698605624675,2939.0825434733065,2923.8293140563796,2931.166259765625,2148166,0.0,0.0,TCS.NS,1392
2025-08-14 00:00:00+05:30,2929.0425202763217,2950.1848225685903,2914.658061636635,2917.747314453125,3342174,0.0,0.0,TCS.NS,1393
2025-08-18 00:00:00+05:30,2941.1101377304376,2943.5236533530624,2899.501034118434,2907.03125,2945609,0.0,0.0,TCS.NS,1394
2025-08-19 00:00:00+05:30,2907.0313669979796,2920.3540209100356,2906.9349677861255,2911.8583984375,2650784,0.0,0.0,TCS.NS,1395
2025-08-20 00:00:00+05:30,2906.741166187621,2996.041231481408,2906.741166187621,2991.407470703125,4952358,0.0,0.0,TCS.NS,1396
2025-08-21 00:00:00+05:30,3021.721568272579,3021.721568272579,2976.444109339037,2995.26953125,3230726,0.0,0.0,TCS.NS,1397
2025-08-22 00:00:00+05:30,2979.2433381745764,2988.607730562596,2944.4887172496624,2948.350341796875,1593791,0.0,0.0,TCS.NS,1398
2025-08-25 00:00:00+05:30,2980.498635910434,3042.960370488012,2970.6515397185153,3031.954833984375,3448370,0.0,0.0,TCS.NS,1399
2025-08-26 00:00:00+05:30,3020.756060501902,3052.6144657420946,3012.067404527304,3047.98046875,5522097,0.0,0.0,TCS.NS,1400
2025-08-28 00:00:00+05:30,3036.2026334864163,3037.6507428505593,2979.7263682848406,2986.67724609375,3116051,0.0,0.0,TCS.NS,1401
2025-08-29 00:00:00+05:30,2986.001444170926,3007.2403810515466,2970.747978726777,2977.988525390625,2271789,0.0,0.0,TCS.NS,1402
2025-09-01 00:00:00+05:30,2983.105066117822,3022.7833539936464,2983.105066117822,3004.92333984375,1246862,0.0,0.0,TCS.NS,1403
2025-09-02 00:00:00+05:30,3013.1293217280318,3045.8564969417885,2995.7520104934983,3003.861328125,2185229,0.0,0.0,TCS.NS,1404
2025-09-03 00:00:00+05:30,3021.624523018328,3033.209396467178,2981.1741008373688,2990.345458984375,1799774,0.0,0.0,TCS.NS,1405
2025-09-04 00:00:00+05:30,3008.205948791588,3010.136761338951,2983.877757833792,2988.608154296875,1481391,0.0,0.0,TCS.NS,1406
2025-09-05 00:00:00+05:30,2989.959524182405,2996.0413944584525,2923.8292019621163,2942.84765625,2802055,0.0,0.0,TCS.NS,1407
2025-09-08 00:00:00+05:30,2944.4888711015133,2958.8733290135365,2911.6650607351357,2914.561279296875,2626187,0.0,0.0,TCS.NS,1408
2025-09-09 00:00:00+05:30,2927.208085964641,2954.1428233110028,2925.9530108288373,2943.909423828125,2489301,0.0,0.0,TCS.NS,1409
2025-09-10 00:00:00+05:30,2950.667462651561,3014.6739418754814,2947.7712440051832,3002.413330078125,2079428,0.0,0.0,TCS.NS,1410
2025-09-11 00:00:00+05:30,3030.4101295308183,3030.4101295308183,3002.5099840051885,3016.1220703125,2263446,0.0,0.0,TCS.NS,1411
2025-09-12 00:00:00+05:30,3035.23730697003,3039.7746692912174,3013.032962803265,3025.00390625,1447167,0.0,0.0,TCS.NS,1412
2025-09-15 00:00:00+05:30,3025.5828847209655,3025.5828847209655,2988.897450892185,3004.247314453125,1732539,0.0,0.0,TCS.NS,1413
2025-09-16 00:00:00+05:30,3019.79077434497,3041.029712016194,3001.5446903508278,3036.87841796875,2573429,0.0,0.0,TCS.NS,1414
2025-09-17 00:00:00+05:30,3042.960518364833,3072.3087742640014,3033.692524030945,3063.041015625,2418271,0.0,0.0,TCS.NS,1415
2025-09-18 00:00:00+05:30,3074.8188270106057,3092.1961390627853,3052.035145819797,3066.805908203125,2633138,0.0,0.0,TCS.NS,1416
2025-09-19 00:00:00+05:30,3060.337557621526,3070.474322402291,3035.2369972120114,3059.565185546875,4901694,0.0,0.0,TCS.NS,1417
2025-09-22 00:00:00+05:30,2987.93214013821,2999.420379452393,2958.96995461183,2967.465576171875,3634901,0.0,0.0,TCS.NS,1418
2025-09-23 00:00:00+05:30,2963.79714260431,2974.126942183857,2946.419830367542,2956.4599609375,3177741,0.0,0.0,TCS.NS,1419
2025-09-24 00:00:00+05:30,2944.4890685255477,2951.246912289377,2928.077162241963,2930.39404296875,1625714,0.0,0.0,TCS.NS,1420
2025-09-25 00:00:00+05:30,2917.457621779319,2924.7948033919906,2848.9137795733855,2855.09228515625,4974361,0.0,0.0,TCS.NS,1421
2025-09-26 00:00:00+05:30,2839.2595057026215,2852.5821577986485,2791.278866873073,2798.80908203125,3934636,0.0,0.0,TCS.NS,1422
2025-09-29 00:00:00+05:30,2815.124329879908,2827.964278797825,2793.885394606466,2795.912841796875,3110035,0.0,0.0,TCS.NS,1423
2025-09-30 00:00:00+05:30,2810.297523025748,2814.448816935253,2785.2935960579534,2788.479248046875,2253458,0.0,0.0,TCS.NS,1424
2025-10-01 00:00:00+05:30,2790.989341906879,2823.620118812873,2767.433524755383,2813.38671875,1952902,0.0,0.0,TCS.NS,1425
2025-10-03 00:00:00+05:30,2822.8475327064652,2822.8475327064652,2791.0857652107957,2801.511962890625,2899519,0.0,0.0,TCS.NS,1426
2025-10-06 00:00:00+05:30,2801.608774520881,2890.040076154485,2795.4302691582598,2885.019775390625,2112774,0.0,0.0,TCS.NS,1427
2025-10-07 00:00:00+05:30,2891.391568334869,2900.5629272327596,2853.2580234436414,2870.828369140625,3062943,0.0,0.0,TCS.NS,1428
2025-10-08 00:00:00+05:30,2872.083383638142,2937.7310038355854,2865.325540382523,2922.4775390625,4121889,0.0,0.0,TCS.NS,1429
2025-10-09 00:00:00+05:30,2929.042474504859,2959.9354735767624,2915.5267874109013,2955.7841796875,3211304,0.0,0.0,TCS.NS,1430
2025-10-10 00:00:00+05:30,2944.4888175243354,2963.7969409179377,2902.8797173331764,2923.53955078125,8817365,0.0,0.0,TCS.NS,1431
2025-10-13 00:00:00+05:30,2922.284768951729,2930.4907222176985,2894.481021335113,2903.169677734375,2866865,0.0,0.0,TCS.NS,1432
2025-10-14 00:00:00+05:30,2916.4919513097684,2922.47742224366,2853.257849088388,2857.891845703125,3611416,0.0,0.0,TCS.NS,1433
2025-10-15 00:00:00+05:30,2878.9193527026337,2887.349664986807,2859.539215693528,2877.756591796875,4282226,11.0,0.0,TCS.NS,1434
2025-10-16 00:00:00+05:30,2877.8534092983937,2882.7954389661986,2851.8842144350965,2878.628662109375,3251495,0.0,0.0,TCS.NS,1435
2025-10-17 00:00:00+05:30,2877.950145926403,2896.1675207642234,2863.8025522629873,2870.391845703125,4374683,0.0,0.0,TCS.NS,1436
2025-10-20 00:00:00+05:30,2892.9698128193104,2929.307567962745,2886.186765192536,2921.749267578125,3133039,0.0,0.0,TCS.NS,1437
2025-10-21 00:00:00+05:30,2937.1568492749448,2937.8351067763124,2903.1446131495227,2913.512939453125,310644,0.0,0.0,TCS.NS,1438
2025-10-23 00:00:00+05:30,2960.3157836535247,3001.983076189401,2942.001649703373,2977.95166015625,5564758,0.0,0.0,TCS.NS,1439
2025-10-24 00:00:00+05:30,2984.541081052346,2994.231149497321,2963.513679841537,2968.26171875,2684318,0.0,0.0,TCS.NS,1440
2025-10-27 00:00:00+05:30,2971.4594315335457,2998.300873295387,2965.3546412157716,2989.2890625,1946312,0.0,0.0,TCS.NS,1441
2025-10-28 00:00:00+05:30,2980.6650953225503,2994.424945391891,2945.974602490029,2963.1259765625,3470737,0.0,0.0,TCS.NS,1442
2025-10-29 00:00:00+05:30,2963.125962015583,2980.665080689528,2951.691870406029,2962.83544921875,2895420,0.0,0.0,TCS.NS,1443
2025-10-30 00:00:00+05:30,2954.598904451086,2968.843257944529,2938.804045355743,2941.2265625,2241536,0.0,0.0,TCS.NS,1444
2025-10-31 00:00:00+05:30,2940.9357431934422,2972.3314700068563,2931.342670159881,2963.222900390625,1868085,0.0,0.0,TCS.NS,1445
2025-11-03 00:00:00+05:30,2952.467014430014,2963.2230855965854,2916.7107546258085,2923.300048828125,2194877,0.0,0.0,TCS.NS,1446
2025-11-04 00:00:00+05:30,2926.01311261092,2935.4124315282234,2883.7643202783443,2897.524169921875,2670720,0.0,0.0,TCS.NS,1447
2025-11-06 00:00:00+05:30,2897.427367073782,2930.2766034150336,2897.3303717628805,2917.58251953125,2542721,0.0,0.0,TCS.NS,1448
2025-11-07 00:00:00+05:30,2907.989767522932,2910.896788283535,2868.7449872547954,2899.074951171875,1830520,0.0,0.0,TCS.NS,1449
2025-11-10 00:00:00+05:30,2900.237480105872,2953.4358611387806,2899.2684732632038,2931.439453125,1556656,0.0,0.0,TCS.NS,1450
2025-11-11 00:00:00+05:30,2950.6259510827763,2960.9942773891976,2924.462765309628,2952.56396484375,2806868,0.0,0.0,TCS.NS,1451
2025-11-12 00:00:00+05:30,2965.1608589527805,3039.192885115363,2962.3508338140637,3034.735595703125,4460315,0.0,0.0,TCS.NS,1452
2025-11-13 00:00:00+05:30,3034.735507748666,3034.8322664831685,3005.859058134587,3009.4443359375,1740435,0.0,0.0,TCS.NS,1453
2025-11-14 00:00:00+05:30,2994.2312415737683,3016.6153949995773,2981.924901585002,3009.7353515625,2210794,0.0,0.0,TCS.NS,1454
2025-11-17 00:00:00+05:30,3009.7352518307202,3026.6928715689805,2990.93661372188,3006.052978515625,2232853,0.0,0.0,TCS.NS,1455
2025-11-18 00:00:00+05:30,3005.8592500198897,3008.7662705711664,2982.6030856096777,2991.421142578125,2548350,0.0,0.0,TCS.NS,1456
2025-11-19 00:00:00+05:30,3001.0142221592077,3057.216619603584,2987.932629650603,3050.142822265625,3151053,0.0,0.0,TCS.NS,1457
2025-11-20 00:00:00+05:30,3050.4335382511167,3066.4221511422043,3040.8404651460387,3047.332763671875,2700767,0.0,0.0,TCS.NS,1458
2025-11-21 00:00:00+05:30,3047.332837865448,3071.7517635606687,3038.030277327296,3052.953125,4177037,0.0,0.0,TCS.NS,1459
2025-11-24 00:00:00+05:30,3060.1236005069036,3080.375748831919,3033.960415828725,3043.84423828125,6703764,0.0,0.0,TCS.NS,1460
2025-11-25 00:00:00+05:30,3047.817296493595,3052.1778273241375,3018.4563415864895,3022.526123046875,2737920,0.0,0.0,TCS.NS,1461
2025-11-26 00:00:00+05:30,3022.1385231343734,3079.503679669953,3020.394263540353,3064.87158203125,2508527,0.0,0.0,TCS.NS,1462
2025-11-27 00:00:00+05:30,3081.4417653096157,3081.4417653096157,3028.1463888655812,3039.386962890625,2836233,0.0,0.0,TCS.NS,1463
2025-11-28 00:00:00+05:30,3042.681550361056,3049.755347777002,3028.1464474134714,3040.259033203125,1616690,0.0,0.0,TCS.NS,1464
2025-12-01 00:00:00+05:30,3040.6466638725274,3056.247769627983,3025.4333028223336,3036.2861328125,1747647,0.0,0.0,TCS.NS,1465
2025-12-02 00:00:00+05:30,3033.960607457575,3046.557697172346,3023.6890396759504,3038.514892578125,2512003,0.0,0.0,TCS.NS,1466
2025-12-03 00:00:00+05:30,3042.6813780586676,3112.3528729457903,3041.7123712503685,3081.441650390625,3952112,0.0,0.0,TCS.NS,1467
2025-12-04 00:00:00+05:30,3095.00770730463,3149.27208789607,3088.6121678196405,3129.11669921875,5025905,0.0,0.0,TCS.NS,1468
2025-12-05 00:00:00+05:30,3129.892081880524,3170.2028609083113,3122.527535293584,3137.837890625,5244013,0.0,0.0,TCS.NS,1469
2025-12-08 00:00:00+05:30,3142.489218360763,3158.8653395160463,3109.1554773099156,3136.190673828125,2544725,0.0,0.0,TCS.NS,1470
2025-12-09 00:00:00+05:30,3129.8919017803323,3133.4771795542747,3082.604323565585,3108.864501953125,2734893,0.0,0.0,TCS.NS,1471
2025-12-10 00:00:00+05:30,3125.0471830165943,3125.0471830165943,3079.6008550466445,3090.356689453125,1386849,0.0,0.0,TCS.NS,1472
2025-12-11 00:00:00+05:30,3105.6669848803986,3108.9615135733166,3055.3756234989633,3092.972900390625,1914362,0.0,0.0,TCS.NS,1473
2025-12-12 00:00:00+05:30,3098.5931202045713,3123.1090405337873,3086.9650381423917,3120.6865234375,1146554,0.0,0.0,TCS.NS,1474
2025-12-15 00:00:00+05:30,3111.577805569695,3137.8377476982373,3098.205464520373,3130.085693359375,1562190,0.0,0.0,TCS.NS,1475
2025-12-16 00:00:00+05:30,3120.202023295087,3120.202023295087,3092.197820262168,3105.763916015625,1734623,0.0,0.0,TCS.NS,1476
2025-12-17 00:00:00+05:30,3101.306446555184,3136.5782015286727,3101.306446555184,3118.0703125,1376350,0.0,0.0,TCS.NS,1477
2025-12-18 00:00:00+05:30,3127.954067510894,3185.9007236352077,3121.1710196569366,3179.11767578125,2307422,0.0,0.0,TCS.NS,1478
2025-12-19 00:00:00+05:30,3196.753634213965,3215.067769256,3177.179742937931,3180.280517578125,3902511,0.0,0.0,TCS.NS,1479
2025-12-22 00:00:00+05:30,3207.412479375921,3225.436100324642,3189.0013503402283,3221.8505859375,2632816,0.0,0.0,TCS.NS,1480
2025-12-23 00:00:00+05:30,3217.005670614833,3217.005670614833,3191.423985009323,3207.41259765625,2365420,0.0,0.0,TCS.NS,1481
2025-12-24 00:00:00+05:30,3201.695681385047,3223.98283930865,3193.943626455098,3216.1337890625,1367708,0.0,0.0,TCS.NS,1482
2025-12-26 00:00:00+05:30,3210.4167512800273,3217.102804044398,3170.3967202884214,3178.342529296875,1176664,0.0,0.0,TCS.NS,1483
2025-12-29 00:00:00+05:30,3178.342279524835,3186.094333865139,3142.392032892103,3150.7255859375,2079473,0.0,0.0,TCS.NS,1484
2025-12-30 00:00:00+05:30,3149.272405605489,3166.230026251057,3139.0978332181485,3146.171630859375,2807593,0.0,0.0,TCS.NS,1485
2025-12-31 00:00:00+05:30,3139.58231408187,3145.3963554042443,3099.3685282687848,3106.829833984375,3362634,0.0,0.0,TCS.NS,1486
2026-01-01 00:00:00+05:30,3115.35696849259,3133.865093634826,3099.0776063813255,3127.37255859375,1255735,0.0,0.0,TCS.NS,1487
2026-01-02 00:00:00+05:30,3133.7680727866077,3153.4389586535176,3119.717473820805,3149.950439453125,1184324,0.0,0.0,TCS.NS,1488
2026-01-05 00:00:00+05:30,3140.0667687506084,3146.3653134186775,3092.1009285860796,3116.423095703125,2341703,0.0,0.0,TCS.NS,1489
2026-01-06 00:00:00+05:30,3110.512016678168,3162.063134250383,3105.666982384277,3154.892578125,2912325,0.0,0.0,TCS.NS,1490
2026-01-07 00:00:00+05:30,3142.3921354819236,3198.3040184958663,3123.3027483604965,3193.458984375,1989442,0.0,0.0,TCS.NS,1491
2026-01-08 00:00:00+05:30,3185.028645932727,3185.028645932727,3083.3799179984962,3104.60107421875,4159336,0.0,0.0,TCS.NS,1492
2026-01-09 00:00:00+05:30,3092.1010079115476,3129.601527505619,3092.1010079115476,3108.38037109375,1938673,0.0,0.0,TCS.NS,1493
2026-01-12 00:00:00+05:30,3103.728835933978,3151.2101699835457,3075.9183875911604,3139.194580078125,2228342,0.0,0.0,TCS.NS,1494
2026-01-13 00:00:00+05:30,3144.42719813222,3178.3424375573745,3110.9964621274244,3166.71435546875,5645341,0.0,0.0,TCS.NS,1495
2026-01-14 00:00:00+05:30,3158.962158011942,3158.962158011942,3084.348634647856,3093.55419921875,3539511,0.0,0.0,TCS.NS,1496
2026-01-15 00:00:00+05:30,3093.55419921875,3093.55419921875,3093.55419921875,3093.55419921875,0,0.0,0.0,TCS.NS,1497
2026-01-16 00:00:00+05:30,3176.3318131508636,3178.7983689605644,3128.579389024886,3163.8017578125,4293470,57.0,0.0,TCS.NS,1498
2026-01-19 00:00:00+05:30,3145.3520534559602,3176.9239686725823,3109.9324074221513,3121.278564453125,3387562,0.0,0.0,TCS.NS,1499
2026-01-20 00:00:00+05:30,3109.4391143226594,3117.7266457653604,3049.7484617692403,3060.798583984375,4499273,0.0,0.0,TCS.NS,1500
2026-01-21 00:00:00+05:30,3058.5291438659533,3096.5141025881594,3040.769942385441,3080.826904296875,2015150,0.0,0.0,TCS.NS,1501
2026-01-22 00:00:00+05:30,3107.8603302315137,3117.7265535020897,3080.5309399469356,3108.2548828125,2269827,0.0,0.0,TCS.NS,1502
2026-01-23 00:00:00+05:30,3147.621264153488,3151.7650297600667,3109.8335807806325,3120.193115234375,2068857,0.0,0.0,TCS.NS,1503
2026-01-27 00:00:00+05:30,3132.5259981161435,3132.5259981161435,3088.127991843631,3115.75341796875,4279874,0.0,0.0,TCS.NS,1504
2026-01-28 00:00:00+05:30,3133.5125881835056,3162.3219126707263,3128.184923835551,3157.290283203125,2751234,0.0,0.0,TCS.NS,1505
2026-01-29 00:00:00+05:30,3157.2902623909354,3157.2902623909354,3083.786897692938,3102.335205078125,2457641,0.0,0.0,TCS.NS,1506
2026-01-30 00:00:00+05:30,3098.980713054142,3098.980713054142,3050.636219281569,3082.109375,3022068,0.0,0.0,TCS.NS,1507
2026-02-02 00:00:00+05:30,3155.218220087344,3155.218220087344,3092.074390792288,3127.1982421875,2636272,0.0,0.0,TCS.NS,1508
2026-02-03 00:00:00+05:30,3305.1848335937134,3305.1848335937134,3143.674804974814,3182.153076171875,4366060,0.0,0.0,TCS.NS,1509
2026-02-04 00:00:00+05:30,3078.2617963038065,3078.2617963038065,2946.0543986420407,2958.979248046875,10852595,0.0,0.0,TCS.NS,1510
2026-02-05 00:00:00+05:30,2950.000779389259,2989.1696378838233,2932.5376122480607,2951.480712890625,3521545,0.0,0.0,TCS.NS,1511
2026-02-06 00:00:00+05:30,2936.7800719556926,2945.0676030314735,2876.990663463912,2902.248291015625,4687389,0.0,0.0,TCS.NS,1512
2026-02-09 00:00:00+05:30,2919.5143380742375,2937.174782066686,2898.2031986297916,2908.760009765625,2380318,0.0,0.0,TCS.NS,1513
2026-02-10 00:00:00+05:30,2910.3385905230825,2971.3118985519286,2904.1228216834434,2944.673095703125,3547763,0.0,0.0,TCS.NS,1514
2026-02-11 00:00:00+05:30,2940.134620504305,2957.893822910036,2865.348597754142,2870.873779296875,3363513,0.0,0.0,TCS.NS,1515
2026-02-12 00:00:00+05:30,2831.4086986412967,2841.472197833708,2703.3450771056805,2713.31005859375,10612156,0.0,0.0,TCS.NS,1516
2026-02-13 00:00:00+05:30,2550.4187054416375,2676.706362809734,2550.4187054416375,2656.1845703125,11168735,0.0,0.0,TCS.NS,1517
2026-02-16 00:00:00+05:30,2663.880286127823,2683.4154564010123,2635.2682386101537,2670.39208984375,2918730,0.0,0.0,TCS.NS,1518
2026-02-17 00:00:00+05:30,2679.666188399951,2723.0775699498763,2659.144396219614,2681.04736328125,4209118,0.0,0.0,TCS.NS,1519
2026-02-18 00:00:00+05:30,2693.478928386682,2693.478928386682,2621.751534036431,2658.848388671875,2950820,0.0,0.0,TCS.NS,1520
2026-02-19 00:00:00+05:30,2671.7733571903564,2711.9288391622777,2630.9272877397234,2642.075927734375,3238849,0.0,0.0,TCS.NS,1521
2026-02-20 00:00:00+05:30,2631.3217917460984,2666.4456435463158,2612.0826560359187,2650.264892578125,2293482,0.0,0.0,TCS.NS,1522
2026-02-23 00:00:00+05:30,2650.0675026055624,2667.8267040377664,2624.612599044486,2640.497314453125,4699596,0.0,0.0,TCS.NS,1523
2026-02-24 00:00:00+05:30,2605.669504618486,2612.0825495938816,2527.035755172012,2539.269775390625,7798833,0.0,0.0,TCS.NS,1524
2026-02-25 00:00:00+05:30,2561.2716479227247,2618.6930211303556,2560.2850255621997,2594.126220703125,3621285,0.0,0.0,TCS.NS,1525
2026-02-26 00:00:00+05:30,2614.549064594777,2635.26813265383,2599.749730266882,2612.27978515625,3464267,0.0,0.0,TCS.NS,1526
2026-02-27 00:00:00+05:30,2645.726576120342,2652.6329325338243,2590.969035984877,2602.11767578125,5083717,0.0,0.0,TCS.NS,1527
2026-03-02 00:00:00+05:30,2557.324974292137,2588.6996112720262,2545.7815416803182,2578.537353515625,3374385,0.0,0.0,TCS.NS,1528
2026-03-04 00:00:00+05:30,2589.8837001747893,2599.7499237945026,2545.880246481027,2553.181396484375,3446434,0.0,0.0,TCS.NS,1529
2026-03-05 00:00:00+05:30,2565.2181034037962,2574.5910157046947,2512.335049229941,2544.3017578125,2960636,0.0,0.0,TCS.NS,1530
2026-03-06 00:00:00+05:30,2537.5927639837228,2584.161292192951,2519.4390085227947,2523.385498046875,3998643,0.0,0.0,TCS.NS,1531
2026-03-09 00:00:00+05:30,2496.1544256648085,2525.7530947438377,2471.4888680989507,2493.589111328125,3653428,0.0,0.0,TCS.NS,1532
2026-03-10 00:00:00+05:30,2507.007379980955,2511.1511456572443,2456.7883989435327,2479.480712890625,4323710,0.0,0.0,TCS.NS,1533
2026-03-11 00:00:00+05:30,2474.547570466413,2487.2749022159755,2427.1896984686477,2431.92529296875,2720664,0.0,0.0,TCS.NS,1534
2026-03-12 00:00:00+05:30,2426.8936916820116,2439.818299872899,2403.412031703097,2409.726318359375,2752075,0.0,0.0,TCS.NS,1535
2026-03-13 00:00:00+05:30,2404.398666093815,2413.179508655849,2364.9337721078678,2378.253173828125,2466488,0.0,0.0,TCS.NS,1536
2026-03-16 00:00:00+05:30,2377.759805019881,2392.5591399058967,2334.4471812699776,2376.970458984375,3807907,0.0,0.0,TCS.NS,1537
2026-03-17 00:00:00+05:30,2387.6260500920594,2387.6260500920594,2328.428710007132,2359.70458984375,2993367,0.0,0.0,TCS.NS,1538
2026-03-18 00:00:00+05:30,2377.759931791064,2449.684606821956,2377.759931791064,2408.14794921875,3082388,0.0,0.0,TCS.NS,1539
2026-03-19 00:00:00+05:30,2384.6661390424383,2391.5724952581177,2318.7597201236085,2324.482177734375,2757060,0.0,0.0,TCS.NS,1540
2026-03-20 00:00:00+05:30,2354.0808258010857,2375.5892402804725,2332.5724113216993,2358.619384765625,4206320,0.0,0.0,TCS.NS,1541
2026-03-23 00:00:00+05:30,2333.3618520807718,2374.602714385491,2316.589272171523,2351.910400390625,3860515,0.0,0.0,TCS.NS,1542
2026-03-24 00:00:00+05:30,2371.9388633725343,2402.819949907421,2347.2733048784753,2366.709716796875,3420182,0.0,0.0,TCS.NS,1543
2026-03-25 00:00:00+05:30,2368.781573169959,2389.204849113034,2338.097761710688,2345.595947265625,5843778,0.0,0.0,TCS.NS,1544
2026-03-27 00:00:00+05:30,2371.7413083689694,2389.69802736586,2353.0942427947716,2357.830078125,4979411,0.0,0.0,TCS.NS,1545
2026-03-30 00:00:00+05:30,2343.3267357786763,2365.9202902405636,2314.8132066050703,2327.34326171875,6804756,0.0,0.0,TCS.NS,1546
2026-04-01 00:00:00+05:30,2396.5056797013217,2438.9304406017563,2365.8216283746565,2375.98388671875,4132661,0.0,0.0,TCS.NS,1547
2026-04-02 00:00:00+05:30,2354.080866963729,2436.858383664294,2343.91860884341,2417.915283203125,5378361,0.0,0.0,TCS.NS,1548
2026-04-06 00:00:00+05:30,2440.903690225315,2448.7966690134326,2415.4487854587173,2440.804931640625,2572417,0.0,0.0,TCS.NS,1549
2026-04-07 00:00:00+05:30,2428.0775971710527,2509.868493428073,2415.251506653692,2505.823486328125,4516550,0.0,0.0,TCS.NS,1550
2026-04-08 00:00:00+05:30,2537.592681428627,2545.781695099603,2506.119524847839,2524.9638671875,4769337,0.0,0.0,TCS.NS,1551
2026-04-09 00:00:00+05:30,2519.8334525275204,2570.1511917909907,2497.2398973257214,2554.365234375,5628261,0.0,0.0,TCS.NS,1552
2026-04-10 00:00:00+05:30,2531.4755878535475,2531.4755878535475,2467.641172150841,2490.53076171875,10480239,0.0,0.0,TCS.NS,1553
2026-04-13 00:00:00+05:30,2456.5908344868626,2471.390169384871,2436.9571465386753,2439.5224609375,3739587,0.0,0.0,TCS.NS,1554
2026-04-15 00:00:00+05:30,2468.430210056267,2524.7664391435346,2460.0439205944767,2520.72119140625,5261384,0.0,0.0,TCS.NS,1555
2026-04-16 00:00:00+05:30,2537.5926488552986,2559.298340252972,2523.779936147688,2542.427001953125,3905403,0.0,0.0,TCS.NS,1556
2026-04-17 00:00:00+05:30,2535.6194192375438,2554.365243737743,2521.707947863873,2546.965576171875,2718206,0.0,0.0,TCS.NS,1557
2026-04-20 00:00:00+05:30,2552.490731944509,2559.2983296867455,2526.937069016173,2545.091064453125,2288558,0.0,0.0,TCS.NS,1558
2026-04-21 00:00:00+05:30,2525.7532081976633,2579.0308149330826,2525.7532081976633,2575.57763671875,2719959,0.0,0.0,TCS.NS,1559
2026-04-22 00:00:00+05:30,2545.485597963241,2545.485597963241,2470.107748698972,2504.540771484375,5232045,0.0,0.0,TCS.NS,1560
2026-04-23 00:00:00+05:30,2495.167841496993,2525.2598221872495,2482.637786236952,2488.064208984375,2509050,0.0,0.0,TCS.NS,1561
2026-04-24 00:00:00+05:30,2454.7163513416886,2471.4889309127534,2356.8434646078067,2364.8349609375,5107719,0.0,0.0,TCS.NS,1562
2026-04-27 00:00:00+05:30,2364.8349883004043,2426.1043319099444,2364.8349883004043,2414.85693359375,5853425,0.0,0.0,TCS.NS,1563
2026-04-28 00:00:00+05:30,2411.3050180002156,2453.7297789552113,2394.9269906770533,2411.99560546875,4508363,0.0,0.0,TCS.NS,1564
2026-04-29 00:00:00+05:30,2418.211337173827,2454.6176048964962,2414.8569175928637,2441.59423828125,2835961,0.0,0.0,TCS.NS,1565
2026-04-30 00:00:00+05:30,2445.8368019678887,2457.6762701500647,2405.3852856787867,2440.804931640625,3970446,0.0,0.0,TCS.NS,1566
2026-05-01 00:00:00+05:30,2440.804931640625,2440.804931640625,2440.804931640625,2440.804931640625,0,0.0,0.0,TCS.NS,1567
2026-05-04 00:00:00+05:30,2460.6360738276094,2464.8785979918853,2392.559133533261,2398.77490234375,2632358,0.0,0.0,TCS.NS,1568
2026-05-05 00:00:00+05:30,2397.4922011892513,2427.485422911908,2379.9302759850466,2394.828369140625,3385720,0.0,0.0,TCS.NS,1569
2026-05-06 00:00:00+05:30,2409.2328690917466,2437.9436740268407,2374.306536440952,2402.81982421875,3147628,0.0,0.0,TCS.NS,1570
2026-05-07 00:00:00+05:30,2405.582406456141,2407.0623398832377,2365.9202387848723,2369.274658203125,5829594,0.0,0.0,TCS.NS,1571
2026-05-08 00:00:00+05:30,2365.920344937355,2374.7999458983372,2343.326789953136,2362.368408203125,3792199,0.0,0.0,TCS.NS,1572
2026-05-11 00:00:00+05:30,2339.2814955090735,2382.6928771212197,2339.2814955090735,2360.888427734375,1975188,0.0,0.0,TCS.NS,1573
2026-05-12 00:00:00+05:30,2343.2279819983573,2343.2279819983573,2252.4587296430527,2269.52734375,6347884,0.0,0.0,TCS.NS,1574
2026-05-13 00:00:00+05:30,2275.1510766173806,2278.308219875756,2238.6460506699204,2242.395263671875,3171843,0.0,0.0,TCS.NS,1575
2026-05-14 00:00:00+05:30,2234.6996825737074,2234.6996825737074,2176.883514966109,2215.953857421875,5633313,0.0,0.0,TCS.NS,1576
2026-05-15 00:00:00+05:30,2221.873423006846,2274.06564640704,2221.873423006846,2233.712890625,3410637,0.0,0.0,TCS.NS,1577
2026-05-18 00:00:00+05:30,2233.7129057172556,2262.226194073794,2222.070714305826,2252.656005859375,3773336,0.0,0.0,TCS.NS,1578
2026-05-19 00:00:00+05:30,2269.2314317901273,2345.793423403843,2266.3703232911885,2295.968994140625,10394707,0.0,0.0,TCS.NS,1579
2026-05-20 00:00:00+05:30,2292.8114703818346,2310.669430390967,2286.793218866712,2296.2646484375,2537422,0.0,0.0,TCS.NS,1580
2026-05-21 00:00:00+05:30,2299.816595750975,2304.650948701518,2283.0440165455843,2296.0673828125,3299087,0.0,0.0,TCS.NS,1581
2026-05-22 00:00:00+05:30,2299.9154856057353,2308.696328282268,2277.223171267918,2286.300048828125,2617262,0.0,0.0,TCS.NS,1582
2026-05-25 00:00:00+05:30,2325.0,2326.10009765625,2293.0,2308.199951171875,3298364,31.0,0.0,TCS.NS,1583
2026-05-26 00:00:00+05:30,2308.199951171875,2327.89990234375,2272.39990234375,2276.199951171875,3587597,0.0,0.0,TCS.NS,1584
2026-05-27 00:00:00+05:30,2275.0,2295.60009765625,2260.89990234375,2284.199951171875,2653950,0.0,0.0,TCS.NS,1585
2026-05-28 00:00:00+05:30,2284.199951171875,2284.199951171875,2284.199951171875,2284.199951171875,0,0.0,0.0,TCS.NS,1586
2026-05-29 00:00:00+05:30,2291.0,2334.0,2235.0,2258.89990234375,16331582,0.0,0.0,TCS.NS,1587
