Date,Open,High,Low,Close,Volume,Dividends,Stock Splits,Symbol,time_idx
2020-01-01 00:00:00+05:30,523.3180144105881,531.013867563685,520.338974480357,525.9495239257812,107849,0.0,0.0,TRENT.NS,0
2020-01-02 00:00:00+05:30,525.8005054525194,542.0859466731949,525.0061069900098,537.5676879882812,158640,0.0,0.0,TRENT.NS,1
2020-01-03 00:00:00+05:30,538.6104088526517,539.0075777858049,530.2690733430932,532.1558227539062,63423,0.0,0.0,TRENT.NS,2
2020-01-06 00:00:00+05:30,529.2761151167131,531.1628647236585,517.7571845096329,526.2474365234375,105970,0.0,0.0,TRENT.NS,3
2020-01-07 00:00:00+05:30,528.2831266169964,537.0712709271903,524.7083026352597,529.2265014648438,153960,0.0,0.0,TRENT.NS,4
2020-01-08 00:00:00+05:30,522.9206808843752,530.815147251781,517.7570611855007,528.2333374023438,163181,0.0,0.0,TRENT.NS,5
2020-01-09 00:00:00+05:30,531.2620351971437,553.9523614289011,528.2829957474402,543.6250610351562,200543,0.0,0.0,TRENT.NS,6
2020-01-10 00:00:00+05:30,544.9159576200601,555.0943422498653,539.206132096023,546.703369140625,156788,0.0,0.0,TRENT.NS,7
2020-01-13 00:00:00+05:30,547.1503722926245,554.0021888570211,537.2202384942103,541.63916015625,79458,0.0,0.0,TRENT.NS,8
2020-01-14 00:00:00+05:30,543.2774864533014,561.0524466161302,538.4117582372576,557.2293701171875,152033,0.0,0.0,TRENT.NS,9
2020-01-15 00:00:00+05:30,557.2294265170543,582.4022889306718,551.1223705993569,579.8701171875,568486,0.0,0.0,TRENT.NS,10
2020-01-16 00:00:00+05:30,580.8135070281696,595.8079837079987,579.9197708091187,587.3673706054688,323010,0.0,0.0,TRENT.NS,11
2020-01-17 00:00:00+05:30,591.6372883864971,595.7583176603797,561.6979749525958,587.26806640625,179399,0.0,0.0,TRENT.NS,12
2020-01-20 00:00:00+05:30,590.8429374148159,607.6745256528316,590.2967921994547,596.1058959960938,460984,0.0,0.0,TRENT.NS,13
2020-01-21 00:00:00+05:30,595.0631938538428,599.1842231110868,584.2393251163928,590.1477661132812,217977,0.0,0.0,TRENT.NS,14
2020-01-22 00:00:00+05:30,599.7304179107763,600.7730697944598,578.1323777983308,582.1044311523438,71955,0.0,0.0,TRENT.NS,15
2020-01-23 00:00:00+05:30,585.9274928563221,590.0981608901214,578.2316396852689,585.38134765625,82621,0.0,0.0,TRENT.NS,16
2020-01-24 00:00:00+05:30,587.6652838192445,591.8359519784212,572.0749622242425,579.2246704101562,128325,0.0,0.0,TRENT.NS,17
2020-01-27 00:00:00+05:30,572.9685969725284,580.1679424284224,566.0175048082169,568.748291015625,71115,0.0,0.0,TRENT.NS,18
2020-01-28 00:00:00+05:30,569.0461816597617,593.6232574752966,564.031477301971,583.8421020507812,283284,0.0,0.0,TRENT.NS,19
2020-01-29 00:00:00+05:30,587.268102977321,595.8079933045299,573.9617002166971,578.1820068359375,134349,0.0,0.0,TRENT.NS,20
2020-01-30 00:00:00+05:30,582.1043836232338,590.793249625687,574.8056998159416,577.9337158203125,88967,0.0,0.0,TRENT.NS,21
2020-01-31 00:00:00+05:30,581.9056684491316,590.8427862239475,575.9475899325876,586.672119140625,108209,0.0,0.0,TRENT.NS,22
2020-02-03 00:00:00+05:30,576.0469289354946,592.5806228401256,575.7986756372793,589.8994750976562,336150,0.0,0.0,TRENT.NS,23
2020-02-04 00:00:00+05:30,591.9848369135616,602.7590057715942,590.8428475026334,596.5526733398438,223685,0.0,0.0,TRENT.NS,24
2020-02-05 00:00:00+05:30,597.545689698324,598.5883414306453,580.9127186930112,588.4595947265625,181054,0.0,0.0,TRENT.NS,25
2020-02-06 00:00:00+05:30,591.8358169665598,594.814856313707,585.9770153403529,588.9560546875,160852,0.0,0.0,TRENT.NS,26
2020-02-07 00:00:00+05:30,615.6681979423906,673.6601943791608,615.6681979423906,657.9208984375,2595009,0.0,0.0,TRENT.NS,27
2020-02-10 00:00:00+05:30,660.353760906059,696.7477179874502,637.663434116908,690.888916015625,1105421,0.0,0.0,TRENT.NS,28
2020-02-11 00:00:00+05:30,695.6057870108859,709.6072497008079,665.2196055691015,672.2203369140625,967825,0.0,0.0,TRENT.NS,29
2020-02-12 00:00:00+05:30,671.1280002354781,719.9346271321308,668.7944432737794,700.3722534179688,1234720,0.0,0.0,TRENT.NS,30
2020-02-13 00:00:00+05:30,703.0532892413074,736.8157353348166,697.0952105189235,729.2688598632812,875161,0.0,0.0,TRENT.NS,31
2020-02-14 00:00:00+05:30,731.4534936811543,758.6620794113838,707.6211770504302,753.0018920898438,1068329,0.0,0.0,TRENT.NS,32
2020-02-17 00:00:00+05:30,747.7389336332614,777.2810760975237,730.9073479058294,744.561279296875,848055,0.0,0.0,TRENT.NS,33
2020-02-18 00:00:00+05:30,745.7528338049839,759.2577876437208,710.798760764553,722.3177490234375,538830,0.0,0.0,TRENT.NS,34
2020-02-19 00:00:00+05:30,726.7366726479772,773.5572683998766,726.7366726479772,769.7341918945312,656923,0.0,0.0,TRENT.NS,35
2020-02-20 00:00:00+05:30,770.4789530401019,788.4524674114102,759.6550851004141,770.6278686523438,1076588,0.0,0.0,TRENT.NS,36
2020-02-24 00:00:00+05:30,770.4789527868434,797.3399472601485,761.7403882911314,790.3888549804688,543365,0.0,0.0,TRENT.NS,37
2020-02-25 00:00:00+05:30,786.4664447216051,799.0777243281516,754.6900227126514,758.7613525390625,464607,0.0,0.0,TRENT.NS,38
2020-02-26 00:00:00+05:30,749.724974593496,756.6760670731708,729.8647103658536,732.84375,580129,0.0,0.0,TRENT.NS,39
2020-02-27 00:00:00+05:30,727.977934090977,743.4689759807146,722.9135911437578,728.970947265625,283297,0.0,0.0,TRENT.NS,40
2020-02-28 00:00:00+05:30,709.9051349773355,754.6900044170178,675.2489513204896,732.04931640625,741077,0.0,0.0,TRENT.NS,41
2020-03-02 00:00:00+05:30,745.2564323574408,772.564296301251,718.0975446422657,726.6870727539062,370025,0.0,0.0,TRENT.NS,42
2020-03-03 00:00:00+05:30,729.8149865100136,748.7318738536729,714.9694286135868,720.8778686523438,338626,0.0,0.0,TRENT.NS,43
2020-03-04 00:00:00+05:30,729.8646758722184,731.5528103735295,669.1915957676867,678.8734741210938,752869,0.0,0.0,TRENT.NS,44
2020-03-05 00:00:00+05:30,690.0945950631639,701.7625011708863,675.2490343192537,680.0651245117188,323635,0.0,0.0,TRENT.NS,45
2020-03-06 00:00:00+05:30,655.3887402010993,694.9106551399674,644.465594531081,688.9525756835938,416766,0.0,0.0,TRENT.NS,46
2020-03-09 00:00:00+05:30,670.2838728723652,675.2489385973457,616.909416328825,655.7362060546875,588633,0.0,0.0,TRENT.NS,47
2020-03-11 00:00:00+05:30,659.8076565099847,693.1232384423091,640.6425131848277,654.8425903320312,349780,0.0,0.0,TRENT.NS,48
2020-03-12 00:00:00+05:30,615.6681077702049,630.5633039259357,563.0384146866229,592.977783203125,936391,0.0,0.0,TRENT.NS,49
2020-03-13 00:00:00+05:30,526.7934784630628,645.4585504259958,526.7934784630628,596.2547607421875,876985,0.0,0.0,TRENT.NS,50
2020-03-16 00:00:00+05:30,566.0175136752896,583.8917509492461,526.2969863998306,568.0035400390625,669046,0.0,0.0,TRENT.NS,51
2020-03-17 00:00:00+05:30,562.0454806014268,575.9476656339709,521.3319387204048,533.09912109375,560362,0.0,0.0,TRENT.NS,52
2020-03-18 00:00:00+05:30,536.2271399000671,548.1929371038715,453.8070424709827,485.5834655761719,863336,0.0,0.0,TRENT.NS,53
2020-03-19 00:00:00+05:30,447.84896708463026,480.02258970123523,419.1508907757774,467.60992431640625,1001487,0.0,0.0,TRENT.NS,54
2020-03-20 00:00:00+05:30,467.60992928474724,520.7361680006388,445.1181854293348,501.7199401855469,565163,0.0,0.0,TRENT.NS,55
2020-03-23 00:00:00+05:30,438.9118661128504,476.44775566320084,401.3759765625,401.3759765625,585178,0.0,0.0,TRENT.NS,56
2020-03-24 00:00:00+05:30,378.68558224882895,422.0306014943803,362.44981069517365,401.57452392578125,550672,0.0,0.0,TRENT.NS,57
2020-03-25 00:00:00+05:30,397.20528414659674,476.6463409759161,377.64291178063354,443.4797058105469,389470,0.0,0.0,TRENT.NS,58
2020-03-26 00:00:00+05:30,446.26009064984186,503.4576524973998,413.34171173972913,492.2862548828125,624724,0.0,0.0,TRENT.NS,59
2020-03-27 00:00:00+05:30,510.3591583531666,526.2970084690228,468.35468081538227,479.92327880859375,557689,0.0,0.0,TRENT.NS,60
2020-03-30 00:00:00+05:30,476.64635280447015,476.64635280447015,445.26712851730406,450.18255615234375,333640,0.0,0.0,TRENT.NS,61
2020-03-31 00:00:00+05:30,471.58192573739893,491.5414955572619,453.8069969084216,480.9659118652344,774403,0.0,0.0,TRENT.NS,62
2020-04-01 00:00:00+05:30,472.1777757659899,485.8317072418729,452.8140184001922,462.4462585449219,377302,0.0,0.0,TRENT.NS,63
2020-04-03 00:00:00+05:30,466.6665270454987,472.47562954380385,428.4851605268666,447.1041564941406,511693,0.0,0.0,TRENT.NS,64
2020-04-07 00:00:00+05:30,468.7022563234712,471.8302420156055,447.9979238974629,453.6581115722656,508313,0.0,0.0,TRENT.NS,65
2020-04-08 00:00:00+05:30,454.80005306601714,478.6323702572495,449.3384803763597,459.367919921875,245875,0.0,0.0,TRENT.NS,66
2020-04-09 00:00:00+05:30,468.60292717361784,493.0310581710617,454.94899555256626,461.35394287109375,1338755,0.0,0.0,TRENT.NS,67
2020-04-13 00:00:00+05:30,463.78677127580784,464.6308384990554,430.0243247807501,450.67901611328125,683063,0.0,0.0,TRENT.NS,68
2020-04-15 00:00:00+05:30,452.3671789158128,460.7581530928028,444.8699409171889,451.2252197265625,1876608,0.0,0.0,TRENT.NS,69
2020-04-16 00:00:00+05:30,451.22519576383223,459.21897027278703,447.84895691668453,457.1336364746094,289907,0.0,0.0,TRENT.NS,70
2020-04-17 00:00:00+05:30,466.7162105017817,498.4926333444562,462.29728957847897,485.23590087890625,1153738,0.0,0.0,TRENT.NS,71
2020-04-20 00:00:00+05:30,486.9737018417292,503.85492744194175,470.24142217123483,475.0079040527344,398374,0.0,0.0,TRENT.NS,72
2020-04-21 00:00:00+05:30,466.7161823409937,476.54700650390083,454.35315645298436,470.14208984375,273636,0.0,0.0,TRENT.NS,73
2020-04-22 00:00:00+05:30,465.4253042121256,474.660314954561,456.7860771529248,470.24139404296875,340691,0.0,0.0,TRENT.NS,74
2020-04-23 00:00:00+05:30,471.6812959174404,501.0744943133781,471.6812959174404,495.414306640625,1142421,0.0,0.0,TRENT.NS,75
2020-04-24 00:00:00+05:30,491.5415429210025,491.5415429210025,474.85893297997245,482.3561706542969,199181,0.0,0.0,TRENT.NS,76
2020-04-27 00:00:00+05:30,479.62540753939857,501.76959125228933,475.504408545843,490.5485534667969,709739,0.0,0.0,TRENT.NS,77
2020-04-28 00:00:00+05:30,492.53460715080075,497.4996737551435,468.1064733965621,488.3143005371094,1299395,0.0,0.0,TRENT.NS,78
2020-04-29 00:00:00+05:30,485.5834826995623,493.97445684341517,479.6254031572364,483.6470947265625,209084,0.0,0.0,TRENT.NS,79
2020-04-30 00:00:00+05:30,490.54856404219527,506.3374692531266,488.7114833993837,501.4717102050781,935890,0.0,0.0,TRENT.NS,80
2020-05-04 00:00:00+05:30,486.62610489960826,491.4918938067097,467.70921562505157,474.21343994140625,269260,0.0,0.0,TRENT.NS,81
2020-05-05 00:00:00+05:30,478.63237156993125,483.895329509019,471.2344109664534,472.4756774902344,327042,0.0,0.0,TRENT.NS,82
2020-05-06 00:00:00+05:30,476.3484410210399,483.5477866735725,448.395095381858,467.21270751953125,751468,0.0,0.0,TRENT.NS,83
2020-05-07 00:00:00+05:30,467.1134120410359,471.92953221286473,460.7084949626873,462.1483459472656,214394,0.0,0.0,TRENT.NS,84
2020-05-08 00:00:00+05:30,470.6882945903443,470.6882945903443,452.9133629441127,456.5874938964844,243041,0.0,0.0,TRENT.NS,85
2020-05-11 00:00:00+05:30,459.4672659636539,463.2903429245986,445.8629716339256,447.4021301269531,209138,0.0,0.0,TRENT.NS,86
2020-05-12 00:00:00+05:30,451.22515908567516,454.80001240562984,440.59993680379023,445.56500244140625,127876,0.0,0.0,TRENT.NS,87
2020-05-13 00:00:00+05:30,455.4951579582664,459.31823445921185,443.876891626174,447.65032958984375,1007475,0.0,0.0,TRENT.NS,88
2020-05-14 00:00:00+05:30,447.6503047654986,453.7573597296054,442.0397866683997,447.0048522949219,305826,0.0,0.0,TRENT.NS,89
2020-05-15 00:00:00+05:30,446.90562965830003,449.2392170061029,436.9258579784904,438.3160705566406,346808,0.0,0.0,TRENT.NS,90
2020-05-18 00:00:00+05:30,435.93279690621705,436.77686419116674,403.0144152280429,411.6039733886719,381082,0.0,0.0,TRENT.NS,91
2020-05-19 00:00:00+05:30,418.555057146322,421.83198853248615,398.2479254073968,400.5815124511719,179668,0.0,0.0,TRENT.NS,92
2020-05-20 00:00:00+05:30,401.17739429113385,423.91739399577364,400.5815802189379,420.49151611328125,489102,0.0,0.0,TRENT.NS,93
2020-05-21 00:00:00+05:30,424.0166264066084,456.28955464598727,417.3634260016705,448.6433410644531,482949,0.0,0.0,TRENT.NS,94
2020-05-22 00:00:00+05:30,450.1328413520884,461.5524923888169,432.6061656044153,439.3586730957031,272172,0.0,0.0,TRENT.NS,95
2020-05-26 00:00:00+05:30,448.84196535997467,459.7651105346643,433.9964059326306,456.3392028808594,632168,0.0,0.0,TRENT.NS,96
2020-05-27 00:00:00+05:30,456.68681003825867,466.6169430258458,456.3889181703754,464.2833557128906,261854,0.0,0.0,TRENT.NS,97
2020-05-28 00:00:00+05:30,466.6665526688711,471.53231115461296,454.40283392418854,459.516845703125,131363,0.0,0.0,TRENT.NS,98
2020-05-29 00:00:00+05:30,456.78607630390314,467.70922160682255,452.91333084828517,465.5742492675781,115731,0.0,0.0,TRENT.NS,99
2020-06-01 00:00:00+05:30,477.6394022147609,510.4088414519482,476.6463889045431,504.401123046875,947807,0.0,0.0,TRENT.NS,100
2020-06-02 00:00:00+05:30,509.26676949175294,541.1921664925509,508.42273255813956,533.7445678710938,763829,0.0,0.0,TRENT.NS,101
2020-06-03 00:00:00+05:30,550.1293875309389,582.5512971586977,544.2705846115782,571.8764038085938,1426590,0.0,0.0,TRENT.NS,102
2020-06-04 00:00:00+05:30,569.7910078184566,580.8134915892941,544.6181454194142,552.2146606445312,953605,0.0,0.0,TRENT.NS,103
2020-06-05 00:00:00+05:30,556.5342879616726,579.5225083288783,547.249577710986,575.2525634765625,343631,0.0,0.0,TRENT.NS,104
2020-06-08 00:00:00+05:30,580.9126662419927,585.8777317654286,556.7824599198366,560.4069213867188,471321,0.0,0.0,TRENT.NS,105
2020-06-09 00:00:00+05:30,560.4069479374608,569.5426810551539,547.497776964922,552.065673828125,213121,0.0,0.0,TRENT.NS,106
2020-06-10 00:00:00+05:30,546.1572400758188,558.0237595046633,536.3263855109685,538.213134765625,209117,0.0,0.0,TRENT.NS,107
2020-06-11 00:00:00+05:30,538.2130963874586,540.993520926021,519.59410089435,524.3109130859375,224162,0.0,0.0,TRENT.NS,108
2020-06-12 00:00:00+05:30,497.10238295093984,520.3388843196084,487.6687581398019,512.7423095703125,692342,0.0,0.0,TRENT.NS,109
2020-06-15 00:00:00+05:30,515.3738787088677,534.1418534486897,502.46470640980164,507.6283874511719,230407,0.0,0.0,TRENT.NS,110
2020-06-16 00:00:00+05:30,523.218635266191,526.2969516834969,507.67795575129776,517.8067016601562,359495,0.0,0.0,TRENT.NS,111
2020-06-17 00:00:00+05:30,509.0185408019002,528.1340448540338,506.4367307318515,520.7361450195312,156771,0.0,0.0,TRENT.NS,112
2020-06-18 00:00:00+05:30,517.3599172787543,533.2481297095798,517.3599172787543,523.66552734375,152299,0.0,0.0,TRENT.NS,113
2020-06-19 00:00:00+05:30,528.8291927708788,570.9826172439356,525.0061160119503,565.9182739257812,682705,0.0,0.0,TRENT.NS,114
2020-06-22 00:00:00+05:30,568.9965335860443,593.1267409514586,554.10133637175,582.2532348632812,490506,0.0,0.0,TRENT.NS,115
2020-06-23 00:00:00+05:30,590.644238669945,682.8951891046685,574.0609061241582,652.7572021484375,2031589,0.0,0.0,TRENT.NS,116
2020-06-24 00:00:00+05:30,663.3327758743189,673.2629072496829,625.5982766479354,660.6019897460938,1708609,0.0,0.0,TRENT.NS,117
2020-06-25 00:00:00+05:30,652.9557620835776,692.6266481761243,628.6765792838337,681.3062744140625,1476229,0.0,0.0,TRENT.NS,118
2020-06-26 00:00:00+05:30,675.2490285785522,702.06038706623,675.2490285785522,682.5973510742188,1419224,0.0,0.0,TRENT.NS,119
2020-06-29 00:00:00+05:30,675.2489618121859,689.30012254044,636.8689781951105,647.04736328125,640433,0.0,0.0,TRENT.NS,120
2020-06-30 00:00:00+05:30,647.4447004907711,657.3748339338811,602.3618704155618,611.0010986328125,470205,0.0,0.0,TRENT.NS,121
2020-07-01 00:00:00+05:30,610.7030999919527,631.0598699916844,605.7380341383596,610.0576171875,365909,0.0,0.0,TRENT.NS,122
2020-07-02 00:00:00+05:30,611.7457863509628,625.5983329888888,602.6100525411276,606.1849365234375,163804,0.0,0.0,TRENT.NS,123
2020-07-03 00:00:00+05:30,609.7100586725686,620.3353112304615,609.3128291791346,615.171630859375,165455,0.0,0.0,TRENT.NS,124
2020-07-06 00:00:00+05:30,619.6403087797619,629.5704419332837,616.8102450744973,625.598388671875,498167,0.0,0.0,TRENT.NS,125
2020-07-07 00:00:00+05:30,629.6199746848976,629.6199746848976,617.654178367211,625.5486450195312,331418,0.0,0.0,TRENT.NS,126
2020-07-08 00:00:00+05:30,625.5485935052557,639.5500535025973,618.2499110996011,623.3639526367188,306679,0.0,0.0,TRENT.NS,127
2020-07-09 00:00:00+05:30,622.2220515938473,628.5773603655159,614.1786688563532,617.3563232421875,184662,0.0,0.0,TRENT.NS,128
2020-07-10 00:00:00+05:30,623.6123063330014,630.5633989195157,613.6821740665523,624.5060424804688,324407,0.0,0.0,TRENT.NS,129
2020-07-13 00:00:00+05:30,620.6828689425344,623.0661247907784,604.2981516598201,609.1639404296875,693431,0.0,0.0,TRENT.NS,130
2020-07-14 00:00:00+05:30,610.653453995727,627.5843162279178,602.7589872632059,625.3500366210938,1047616,0.0,0.0,TRENT.NS,131
2020-07-15 00:00:00+05:30,627.8822653594596,629.9676295480509,608.7171217712757,616.5619506835938,416285,0.0,0.0,TRENT.NS,132
2020-07-16 00:00:00+05:30,608.3696049577978,615.3703363993214,597.9926041500756,606.2842407226562,305408,0.0,0.0,TRENT.NS,133
2020-07-17 00:00:00+05:30,608.6178704443112,625.4990963953863,606.7311209474672,618.1011352539062,220410,0.0,0.0,TRENT.NS,134
2020-07-20 00:00:00+05:30,618.1010972088471,622.3710419766121,606.7310836022497,609.4122314453125,264058,0.0,0.0,TRENT.NS,135
2020-07-21 00:00:00+05:30,615.6682071896764,617.6045951243553,600.326140550061,605.986328125,131917,0.0,0.0,TRENT.NS,136
2020-07-22 00:00:00+05:30,605.986398901357,607.7241722697755,592.3324652923548,599.1345825195312,168754,0.0,0.0,TRENT.NS,137
2020-07-23 00:00:00+05:30,598.4395246692663,607.7241753265992,579.9198012920489,585.4806518554688,250171,0.0,0.0,TRENT.NS,138
2020-07-24 00:00:00+05:30,585.5800880248531,588.6139118455553,571.9526815567289,574.3897094726562,114137,1.0,0.0,TRENT.NS,139
2020-07-27 00:00:00+05:30,576.8266654530954,579.7112595820244,537.7348993498322,547.2840576171875,478235,0.0,0.0,TRENT.NS,140
2020-07-28 00:00:00+05:30,548.3286163913216,552.1581887925506,542.1614615340142,546.587890625,207540,0.0,0.0,TRENT.NS,141
2020-07-29 00:00:00+05:30,547.0851681766478,565.8850282404844,539.127565730442,551.5115966796875,223641,0.0,0.0,TRENT.NS,142
2020-07-30 00:00:00+05:30,553.9486047640919,571.3558594927501,543.8523727367955,547.5327758789062,242203,0.0,0.0,TRENT.NS,143
2020-07-31 00:00:00+05:30,551.3125794381178,574.5885881320858,547.2343329502215,555.1421508789062,597377,0.0,0.0,TRENT.NS,144
2020-08-03 00:00:00+05:30,558.5241913696399,561.7072443176454,547.632211470406,550.5665893554688,118226,0.0,0.0,TRENT.NS,145
2020-08-04 00:00:00+05:30,553.0532683917819,561.8066173319063,547.134790517556,557.5294189453125,179406,0.0,0.0,TRENT.NS,146
2020-08-05 00:00:00+05:30,561.9062295443798,565.2881741722134,541.2661981067115,545.6925659179688,181575,0.0,0.0,TRENT.NS,147
2020-08-06 00:00:00+05:30,545.7920055346597,558.02680571003,545.7920055346597,555.1421508789062,160486,0.0,0.0,TRENT.NS,148
2020-08-07 00:00:00+05:30,555.1421746706247,594.6317859860943,555.1421746706247,575.5833129882812,648775,0.0,0.0,TRENT.NS,149
2020-08-10 00:00:00+05:30,580.3578785875367,593.3387048325676,573.9420497709832,579.263671875,239496,0.0,0.0,TRENT.NS,150
2020-08-11 00:00:00+05:30,579.4128968260289,580.1091991448093,551.0639396422662,552.605712890625,415198,0.0,0.0,TRENT.NS,151
2020-08-12 00:00:00+05:30,552.6056828969116,566.6309921167449,549.0745093360903,551.6607055664062,412643,0.0,0.0,TRENT.NS,152
2020-08-13 00:00:00+05:30,552.1580589099312,586.3757702093662,552.1580589099312,572.0520629882812,696163,0.0,0.0,TRENT.NS,153
2020-08-14 00:00:00+05:30,566.9790653884345,584.8836674533325,552.3569615597658,563.0499877929688,349724,0.0,0.0,TRENT.NS,154
2020-08-17 00:00:00+05:30,563.0003476203481,566.9791486636013,554.694624727231,557.131591796875,145048,0.0,0.0,TRENT.NS,155
2020-08-18 00:00:00+05:30,558.0268748312849,591.7472396806317,558.0268748312849,586.3261108398438,742841,0.0,0.0,TRENT.NS,156
2020-08-19 00:00:00+05:30,591.9959390679367,625.1691715387365,579.1145573608782,613.1830444335938,895461,0.0,0.0,TRENT.NS,157
2020-08-20 00:00:00+05:30,601.7936617590386,621.2897627148222,599.456140415393,609.9999389648438,623528,0.0,0.0,TRENT.NS,158
2020-08-21 00:00:00+05:30,614.7248160863317,616.515264573371,600.7990111911721,602.838134765625,269591,0.0,0.0,TRENT.NS,159
2020-08-24 00:00:00+05:30,608.1598212529813,662.4704363442769,602.7884150519997,619.4496459960938,1638842,0.0,0.0,TRENT.NS,160
2020-08-25 00:00:00+05:30,623.0305172652398,661.9730588352658,621.0909002226771,643.272705078125,1326031,0.0,0.0,TRENT.NS,161
2020-08-26 00:00:00+05:30,648.0969685803584,680.3750054705304,643.3721421534797,646.4557495117188,1608981,0.0,0.0,TRENT.NS,162
2020-08-27 00:00:00+05:30,649.5393258606658,669.2343805667826,643.6208466603322,645.361572265625,1026226,0.0,0.0,TRENT.NS,163
2020-08-28 00:00:00+05:30,649.539342456812,657.4969454271865,642.5764398577345,647.0028686523438,599634,0.0,0.0,TRENT.NS,164
2020-08-31 00:00:00+05:30,651.8768122580806,655.8058905549063,607.2148055619228,635.8124389648438,636917,0.0,0.0,TRENT.NS,165
2020-09-01 00:00:00+05:30,624.2738526392764,638.2494397216607,621.6876562738512,635.1658325195312,396263,0.0,0.0,TRENT.NS,166
2020-09-02 00:00:00+05:30,634.8177219740403,654.5127751006904,630.8886437805668,648.2958984375,361767,0.0,0.0,TRENT.NS,167
2020-09-03 00:00:00+05:30,654.5127960797413,657.3476676443476,641.5816922058254,648.3456420898438,434219,0.0,0.0,TRENT.NS,168
2020-09-04 00:00:00+05:30,631.6347110528426,655.0101688634596,631.6347110528426,646.5054931640625,441470,0.0,0.0,TRENT.NS,169
2020-09-07 00:00:00+05:30,646.5551472398228,655.3084970908867,639.1446184098911,643.7202758789062,476964,0.0,0.0,TRENT.NS,170
2020-09-08 00:00:00+05:30,639.3933158657942,654.3635426570637,626.760610404068,631.8336181640625,327992,0.0,0.0,TRENT.NS,171
2020-09-09 00:00:00+05:30,626.6612037361685,654.3138605840933,623.6771027659963,647.9478149414062,901726,0.0,0.0,TRENT.NS,172
2020-09-10 00:00:00+05:30,652.4239055065583,684.8511087380205,648.7932253803542,676.1972045898438,1118620,0.0,0.0,TRENT.NS,173
2020-09-11 00:00:00+05:30,676.346546542756,701.2637793253829,663.8132851235412,691.6151733398438,1101946,0.0,0.0,TRENT.NS,174
2020-09-14 00:00:00+05:30,695.1960505924587,745.0305103799258,686.8902668200896,691.714599609375,1791778,0.0,0.0,TRENT.NS,175
2020-09-15 00:00:00+05:30,696.3896001138506,751.5954623536993,696.3398772451604,743.8865356445312,2001624,0.0,0.0,TRENT.NS,176
2020-09-16 00:00:00+05:30,754.6294436128309,764.9245679342921,731.40315405023,751.3966674804688,983695,0.0,0.0,TRENT.NS,177
2020-09-17 00:00:00+05:30,738.2666007193627,745.3289488126128,706.2372377926266,709.7186889648438,575002,0.0,0.0,TRENT.NS,178
2020-09-18 00:00:00+05:30,714.1948317362766,722.8984595603607,667.4439165669103,678.3856201171875,4548300,0.0,0.0,TRENT.NS,179
2020-09-21 00:00:00+05:30,683.5580946353591,690.3220448925442,638.199722117422,645.8092041015625,1529079,0.0,0.0,TRENT.NS,180
2020-09-22 00:00:00+05:30,638.746849648205,644.5160994962249,610.6962878286084,630.9384155273438,320614,0.0,0.0,TRENT.NS,181
2020-09-23 00:00:00+05:30,636.6082194013621,646.5552228295085,598.8096063744063,622.7818603515625,361354,0.0,0.0,TRENT.NS,182
2020-09-24 00:00:00+05:30,606.8666054477961,628.6008425954346,602.390454269635,621.787109375,227266,0.0,0.0,TRENT.NS,183
2020-09-25 00:00:00+05:30,628.6505634133097,639.7912184515789,619.9469361508627,629.645263671875,224220,0.0,0.0,TRENT.NS,184
2020-09-28 00:00:00+05:30,637.6028289248873,671.124237845334,634.6684511892148,662.1719360351562,322362,0.0,0.0,TRENT.NS,185
2020-09-29 00:00:00+05:30,676.3962096584481,681.3697112000543,646.5552004088107,659.13818359375,493294,0.0,0.0,TRENT.NS,186
2020-09-30 00:00:00+05:30,680.3252991320122,680.3252991320122,661.5254387129627,668.3391723632812,854301,0.0,0.0,TRENT.NS,187
2020-10-01 00:00:00+05:30,676.396214487708,679.3803154339773,658.1434879843698,669.7814331054688,307303,0.0,0.0,TRENT.NS,188
2020-10-05 00:00:00+05:30,666.4491518083055,672.3676302987907,636.6081450109187,665.8523559570312,277727,0.0,0.0,TRENT.NS,189
2020-10-06 00:00:00+05:30,665.8524276748365,680.3253053880808,665.8524276748365,675.0534057617188,680272,0.0,0.0,TRENT.NS,190
2020-10-07 00:00:00+05:30,676.3962148444651,678.4353383498202,662.7190855001837,671.8206176757812,1716812,0.0,0.0,TRENT.NS,191
2020-10-08 00:00:00+05:30,670.4279988947712,695.1960605273392,669.5327443445095,686.6416015625,1441647,0.0,0.0,TRENT.NS,192
2020-10-09 00:00:00+05:30,686.1443278192597,686.1443278192597,671.4227739548842,675.89892578125,761422,0.0,0.0,TRENT.NS,193
2020-10-12 00:00:00+05:30,675.898825459107,708.9726090448544,673.2628454901551,698.2298583984375,832527,0.0,0.0,TRENT.NS,194
2020-10-13 00:00:00+05:30,700.9155315256121,700.9155315256121,679.3802475634162,689.2775268554688,823729,0.0,0.0,TRENT.NS,195
2020-10-14 00:00:00+05:30,686.2438223165053,687.08929336206,623.4781913746199,666.5487060546875,593606,0.0,0.0,TRENT.NS,196
2020-10-15 00:00:00+05:30,641.5319300136055,670.9750327449632,634.6684740934378,650.4345092773438,400907,0.0,0.0,TRENT.NS,197
2020-10-16 00:00:00+05:30,651.6281091987618,671.422668449579,651.6281091987618,659.3370361328125,128640,0.0,0.0,TRENT.NS,198
2020-10-19 00:00:00+05:30,664.9571366099914,664.9571366099914,638.8959771539938,643.07373046875,139154,0.0,0.0,TRENT.NS,199
2020-10-20 00:00:00+05:30,639.0949498842676,661.4259840108884,633.7733275045373,637.006103515625,233194,0.0,0.0,TRENT.NS,200
2020-10-21 00:00:00+05:30,642.377433136346,658.7402649981544,628.153231176043,631.4357299804688,175206,0.0,0.0,TRENT.NS,201
2020-10-22 00:00:00+05:30,633.8229601051795,656.9000161783661,623.6770062346246,638.1001586914062,345227,0.0,0.0,TRENT.NS,202
2020-10-23 00:00:00+05:30,640.5869368364112,645.5604378988057,628.7997636032094,632.778564453125,221760,0.0,0.0,TRENT.NS,203
2020-10-26 00:00:00+05:30,632.7786193015443,643.3224181830701,624.6717875824786,632.1817626953125,130781,0.0,0.0,TRENT.NS,204
2020-10-27 00:00:00+05:30,628.6506439801667,706.9335765042129,628.6506439801667,678.6343383789062,2609870,0.0,0.0,TRENT.NS,205
2020-10-28 00:00:00+05:30,697.2849322559814,700.2690332499442,669.0852021477087,678.982421875,1368760,0.0,0.0,TRENT.NS,206
2020-10-29 00:00:00+05:30,682.2649328105489,682.2649328105489,661.6249024097442,668.0904541015625,355207,0.0,0.0,TRENT.NS,207
2020-10-30 00:00:00+05:30,668.4385340198243,672.218382635338,651.0312805297247,656.0545043945312,248939,0.0,0.0,TRENT.NS,208
2020-11-02 00:00:00+05:30,659.3370332455055,678.3855672257409,637.5531343026576,671.124267578125,334551,0.0,0.0,TRENT.NS,209
2020-11-03 00:00:00+05:30,673.3126654928537,680.1760612187971,648.5446034388125,651.280029296875,372368,0.0,0.0,TRENT.NS,210
2020-11-04 00:00:00+05:30,654.5625830807221,678.883019891709,654.5625830807221,664.9572143554688,368310,0.0,0.0,TRENT.NS,211
2020-11-05 00:00:00+05:30,673.9591277608512,684.3537572922933,659.585697314919,676.0480346679688,362789,0.0,0.0,TRENT.NS,212
2020-11-06 00:00:00+05:30,671.8206056250641,676.3962027116737,624.6717872101927,670.626953125,1129398,0.0,0.0,TRENT.NS,213
2020-11-09 00:00:00+05:30,673.3623882040135,688.3326157540138,668.4883323916,677.6395874023438,1008651,0.0,0.0,TRENT.NS,214
2020-11-10 00:00:00+05:30,684.353720115155,702.6562276122094,671.7210157555769,694.449951171875,1375356,0.0,0.0,TRENT.NS,215
2020-11-11 00:00:00+05:30,721.1576765675972,775.7667442227001,688.3325685307273,699.2245483398438,5826723,0.0,0.0,TRENT.NS,216
2020-11-12 00:00:00+05:30,689.2774945083931,725.9321714650648,686.3431168664108,722.1026000976562,2162056,0.0,0.0,TRENT.NS,217
2020-11-13 00:00:00+05:30,718.372546428061,754.4304311800099,716.681543828391,747.467529296875,2193815,0.0,0.0,TRENT.NS,218
2020-11-14 00:00:00+05:30,747.069688772436,754.9775687295303,747.069688772436,749.8051147460938,85004,0.0,0.0,TRENT.NS,219
2020-11-17 00:00:00+05:30,750.9987280068277,775.6672833539858,734.0888228728992,739.808349609375,2020786,0.0,0.0,TRENT.NS,220
2020-11-18 00:00:00+05:30,740.1066993578141,761.94038170703,737.0728757766439,759.2049560546875,1428310,0.0,0.0,TRENT.NS,221
2020-11-19 00:00:00+05:30,757.9615300612961,769.8482092433073,737.2717786534026,742.195556640625,1264663,0.0,0.0,TRENT.NS,222
2020-11-20 00:00:00+05:30,745.826231167294,770.8926894704775,722.2021003609407,755.7235107421875,1572077,0.0,0.0,TRENT.NS,223
2020-11-23 00:00:00+05:30,757.9615923076618,804.6627812988766,751.8939450528652,782.5307006835938,2661607,0.0,0.0,TRENT.NS,224
2020-11-24 00:00:00+05:30,782.4809067947019,795.7601296739643,751.3467431518642,769.5498046875,2093324,0.0,0.0,TRENT.NS,225
2020-11-25 00:00:00+05:30,769.898053301006,775.6175801827641,721.1577372651542,727.4740600585938,854113,0.0,0.0,TRENT.NS,226
2020-11-26 00:00:00+05:30,730.8560663883576,737.0729434416781,697.6330511307369,703.1536865234375,1218199,0.0,0.0,TRENT.NS,227
2020-11-27 00:00:00+05:30,709.1715821516458,735.0835125000053,691.6150977917,716.4826049804688,22823095,0.0,0.0,TRENT.NS,228
2020-12-01 00:00:00+05:30,729.0157534155102,741.1510464963194,701.6117161198003,711.7079467773438,1754561,0.0,0.0,TRENT.NS,229
2020-12-02 00:00:00+05:30,710.2160415842563,713.6974927684929,681.3697317720106,687.5866088867188,1483703,0.0,0.0,TRENT.NS,230
2020-12-03 00:00:00+05:30,695.5940062591573,696.3400315899182,671.4227976848423,674.2079467773438,1172454,0.0,0.0,TRENT.NS,231
2020-12-04 00:00:00+05:30,676.3961489971842,687.7357557797516,664.9073736087599,673.4120483398438,818535,0.0,0.0,TRENT.NS,232
2020-12-07 00:00:00+05:30,677.291445119077,694.300795626983,668.438588340018,689.6754150390625,805601,0.0,0.0,TRENT.NS,233
2020-12-08 00:00:00+05:30,697.2848869552788,704.198065951167,679.7284029633851,684.701904296875,782705,0.0,0.0,TRENT.NS,234
2020-12-09 00:00:00+05:30,680.3749716912839,694.3007752054331,676.3961706872414,679.5792236328125,1295116,0.0,0.0,TRENT.NS,235
2020-12-10 00:00:00+05:30,683.2098620535215,690.1727640035359,670.427987758527,673.3623657226562,874525,0.0,0.0,TRENT.NS,236
2020-12-11 00:00:00+05:30,672.417430015645,689.2776129253873,672.417430015645,685.6966552734375,555016,0.0,0.0,TRENT.NS,237
2020-12-14 00:00:00+05:30,691.316758947673,700.6669667346638,689.3273582024998,696.09130859375,683921,0.0,0.0,TRENT.NS,238
2020-12-15 00:00:00+05:30,700.169550110043,714.1947997479961,698.2795952967872,705.6901245117188,951521,0.0,0.0,TRENT.NS,239
2020-12-16 00:00:00+05:30,712.7028169147318,720.1630697086752,702.2584630032109,712.4044189453125,1410592,0.0,0.0,TRENT.NS,240
2020-12-17 00:00:00+05:30,717.1789412002182,717.1789412002182,694.499785715143,697.48388671875,1015681,0.0,0.0,TRENT.NS,241
2020-12-18 00:00:00+05:30,698.2795255433151,705.5408247064863,691.813974380877,694.7483520507812,641194,0.0,0.0,TRENT.NS,242
2020-12-21 00:00:00+05:30,694.3007555410769,696.3398788555585,630.9383392039456,681.7177734375,1041283,0.0,0.0,TRENT.NS,243
2020-12-22 00:00:00+05:30,666.4491374441683,691.1176903893174,658.4915358030439,688.531494140625,457974,0.0,0.0,TRENT.NS,244
2020-12-23 00:00:00+05:30,688.5315210682016,690.3219693651403,674.4067654604685,677.0924682617188,512649,0.0,0.0,TRENT.NS,245
2020-12-24 00:00:00+05:30,679.3802463048215,687.9844274424036,671.4226445911487,681.1209716796875,1132681,0.0,0.0,TRENT.NS,246
2020-12-28 00:00:00+05:30,680.3749448802415,691.3166472101869,678.3855444566151,680.9717407226562,818791,0.0,0.0,TRENT.NS,247
2020-12-29 00:00:00+05:30,684.3040392820708,686.3431626228888,665.4544576734966,668.48828125,577636,0.0,0.0,TRENT.NS,248
2020-12-30 00:00:00+05:30,671.0247894907587,686.5918732708169,646.5551867092082,673.9591674804688,662060,0.0,0.0,TRENT.NS,249
2020-12-31 00:00:00+05:30,677.4903199195334,686.3431764805508,671.5221183849198,683.9558715820312,790143,0.0,0.0,TRENT.NS,250
2021-01-01 00:00:00+05:30,687.2384024096884,688.2828254924659,668.4385440729632,671.0745239257812,328829,0.0,0.0,TRENT.NS,251
2021-01-04 00:00:00+05:30,675.4014638902162,679.6786627857701,670.4279626833663,674.9041137695312,565557,0.0,0.0,TRENT.NS,252
2021-01-05 00:00:00+05:30,676.2967239645786,676.2967239645786,668.4385677083334,671.4226684570312,450769,0.0,0.0,TRENT.NS,253
2021-01-06 00:00:00+05:30,675.3021016988827,680.6734472398106,668.4386448996115,673.0640258789062,227409,0.0,0.0,TRENT.NS,254
2021-01-07 00:00:00+05:30,672.2681439684968,681.2204462756338,668.9359223944034,671.8703002929688,302941,0.0,0.0,TRENT.NS,255
2021-01-08 00:00:00+05:30,674.4067904373694,697.2848968976342,671.3232438513129,691.714599609375,897082,0.0,0.0,TRENT.NS,256
2021-01-11 00:00:00+05:30,699.1747730177801,701.4128483978477,684.6023912584459,690.0732421875,487073,0.0,0.0,TRENT.NS,257
2021-01-12 00:00:00+05:30,691.3166472101869,693.3060476338134,679.3802446684283,680.9717407226562,333187,0.0,0.0,TRENT.NS,258
2021-01-13 00:00:00+05:30,684.2543288021008,689.3272758112757,663.4650692151818,669.6819458007812,692189,0.0,0.0,TRENT.NS,259
2021-01-14 00:00:00+05:30,673.2628802270964,673.4121095582028,645.5605008910984,651.1307983398438,543503,0.0,0.0,TRENT.NS,260
2021-01-15 00:00:00+05:30,650.434506311978,655.5074532130196,636.1107986794023,640.089599609375,705409,0.0,0.0,TRENT.NS,261
2021-01-18 00:00:00+05:30,642.4769676702562,696.2902312585634,626.661208132707,656.5519409179688,488034,0.0,0.0,TRENT.NS,262
2021-01-19 00:00:00+05:30,665.4543937927943,686.5917717720124,652.5730148348881,674.1580200195312,437784,0.0,0.0,TRENT.NS,263
2021-01-20 00:00:00+05:30,673.4120577172914,691.3166619106611,653.5180530579919,676.346435546875,628236,0.0,0.0,TRENT.NS,264
2021-01-21 00:00:00+05:30,681.3697096224408,681.3697096224408,657.0492749979591,663.0671997070312,874465,0.0,0.0,TRENT.NS,265
2021-01-22 00:00:00+05:30,659.4862010646823,676.3961036560844,636.6578204239536,656.9994506835938,1258060,0.0,0.0,TRENT.NS,266
2021-01-25 00:00:00+05:30,662.4704248611047,673.4121285750268,649.34036826206,667.1952514648438,410716,0.0,0.0,TRENT.NS,267
2021-01-27 00:00:00+05:30,659.4863311159017,669.184659514665,649.9372320541037,655.7064819335938,390506,0.0,0.0,TRENT.NS,268
2021-01-28 00:00:00+05:30,646.5551267124099,673.5612612897626,643.5710261275834,655.756103515625,472720,0.0,0.0,TRENT.NS,269
2021-01-29 00:00:00+05:30,653.6175017071905,659.0386301433269,581.8996388757276,618.2559204101562,946190,0.0,0.0,TRENT.NS,270
2021-02-01 00:00:00+05:30,625.6664431455852,646.5551479246905,621.7870879733634,637.7520751953125,580728,0.0,0.0,TRENT.NS,271
2021-02-02 00:00:00+05:30,638.498162279228,678.3856209881361,637.7521370362058,662.2217407226562,732091,0.0,0.0,TRENT.NS,272
2021-02-03 00:00:00+05:30,669.8809502721232,686.3432286131884,660.5307428730066,676.9432983398438,642063,0.0,0.0,TRENT.NS,273
2021-02-04 00:00:00+05:30,676.3464750747264,676.3464750747264,658.4915927071718,666.10107421875,426826,0.0,0.0,TRENT.NS,274
2021-02-05 00:00:00+05:30,675.6004143918917,688.432011046476,664.4597595740615,684.8013916015625,1424089,0.0,0.0,TRENT.NS,275
2021-02-08 00:00:00+05:30,692.2120168411936,692.2120168411936,678.3856573121773,688.2332153320312,521522,0.0,0.0,TRENT.NS,276
2021-02-09 00:00:00+05:30,690.8192946772538,691.018246861254,667.4935626498466,674.7051391601562,452702,0.0,0.0,TRENT.NS,277
2021-02-10 00:00:00+05:30,673.3624221003502,695.2955529369233,666.4492424431168,687.188720703125,336479,0.0,0.0,TRENT.NS,278
2021-02-11 00:00:00+05:30,685.3484547337911,695.2954569795645,673.6110042261151,689.8743286132812,438577,0.0,0.0,TRENT.NS,279
2021-02-12 00:00:00+05:30,685.3485181627764,691.2669971891034,677.8882657880001,682.0162963867188,168139,0.0,0.0,TRENT.NS,280
2021-02-15 00:00:00+05:30,682.264948832715,709.1715793628146,677.3411702863642,697.981201171875,718300,0.0,0.0,TRENT.NS,281
2021-02-16 00:00:00+05:30,706.9334240681785,753.9827300405074,706.2371218057523,746.2738037109375,2095315,0.0,0.0,TRENT.NS,282
2021-02-17 00:00:00+05:30,745.2294407773562,773.8767958863386,726.3798588637517,764.3276977539062,1348015,0.0,0.0,TRENT.NS,283
2021-02-18 00:00:00+05:30,765.9192184428654,782.6798939384013,761.2938378390226,774.8715209960938,460573,0.0,0.0,TRENT.NS,284
2021-02-19 00:00:00+05:30,767.9086462064113,800.7337567307786,761.4928170070381,789.7920532226562,630929,0.0,0.0,TRENT.NS,285
2021-02-22 00:00:00+05:30,795.5115589980111,840.4223014930772,787.8026317304467,812.0235595703125,1665511,0.0,0.0,TRENT.NS,286
2021-02-23 00:00:00+05:30,820.5282279270758,828.5355524792736,776.3635142961515,781.2872924804688,417058,0.0,0.0,TRENT.NS,287
2021-02-24 00:00:00+05:30,779.9444463827997,795.3125774791127,758.9562952675458,780.7899780273438,301313,0.0,0.0,TRENT.NS,288
2021-02-25 00:00:00+05:30,790.5877691744157,820.6277297261215,784.5698446320949,814.908203125,729553,0.0,0.0,TRENT.NS,289
2021-02-26 00:00:00+05:30,795.8596441925047,818.6383041578779,781.8343949794556,804.3643798828125,1056061,0.0,0.0,TRENT.NS,290
2021-03-01 00:00:00+05:30,815.6542382020384,835.4487982674702,802.375013608668,825.9991455078125,442822,0.0,0.0,TRENT.NS,291
2021-03-02 00:00:00+05:30,833.558882855219,916.6660839140188,826.0489074491599,901.0990600585938,3800314,0.0,0.0,TRENT.NS,292
2021-03-03 00:00:00+05:30,918.108297028729,918.108297028729,886.2778901978305,906.0724487304688,1535060,0.0,0.0,TRENT.NS,293
2021-03-04 00:00:00+05:30,895.2302708570475,939.6933864519517,890.306492224996,922.1369018554688,1173560,0.0,0.0,TRENT.NS,294
2021-03-05 00:00:00+05:30,920.0976631720913,930.8404129348995,872.4017775712667,876.728759765625,751162,0.0,0.0,TRENT.NS,295
2021-03-08 00:00:00+05:30,881.304469945601,904.6302042326615,875.4357138633195,879.911865234375,462683,0.0,0.0,TRENT.NS,296
2021-03-09 00:00:00+05:30,885.2832388397478,939.4944034653279,883.3932840451906,900.9497680664062,1947228,0.0,0.0,TRENT.NS,297
2021-03-10 00:00:00+05:30,910.1507492061984,929.0500543809719,890.7540938952466,907.3656005859375,606764,0.0,0.0,TRENT.NS,298
2021-03-12 00:00:00+05:30,911.2449259725942,919.998337234079,868.1246919954503,871.904541015625,664299,0.0,0.0,TRENT.NS,299
2021-03-15 00:00:00+05:30,875.3362255370495,883.3932733283413,836.6423612826125,841.3671875,1045124,0.0,0.0,TRENT.NS,300
2021-03-16 00:00:00+05:30,834.4042994227958,861.2612067841856,833.7577806725892,844.7492065429688,779547,0.0,0.0,TRENT.NS,301
2021-03-17 00:00:00+05:30,849.0264447376647,855.4422739345115,815.6542611933714,818.1907348632812,477076,0.0,0.0,TRENT.NS,302
2021-03-18 00:00:00+05:30,830.4752645807037,842.2127154105706,814.1621561651697,818.7875366210938,400106,0.0,0.0,TRENT.NS,303
2021-03-19 00:00:00+05:30,814.6594684335906,822.9154679982124,771.887359590313,794.9644165039062,1242150,0.0,0.0,TRENT.NS,304
2021-03-22 00:00:00+05:30,795.9094832385332,812.5209299694747,786.3106008911133,795.76025390625,655786,0.0,0.0,TRENT.NS,305
2021-03-23 00:00:00+05:30,802.7231109120106,832.4646730111449,796.8046322146221,809.487060546875,798486,0.0,0.0,TRENT.NS,306
2021-03-24 00:00:00+05:30,812.5707065963908,841.5164612996831,774.3244675781986,780.8894653320312,1406039,0.0,0.0,TRENT.NS,307
2021-03-25 00:00:00+05:30,784.9179834254269,800.8331882452997,741.8474725239837,753.93310546875,1361204,0.0,0.0,TRENT.NS,308
2021-03-26 00:00:00+05:30,767.9086537260837,775.0207853606839,751.2474232210164,756.02197265625,703225,0.0,0.0,TRENT.NS,309
2021-03-30 00:00:00+05:30,765.8694746574525,773.0313286468041,746.0749152678354,756.6187744140625,628410,0.0,0.0,TRENT.NS,310
2021-03-31 00:00:00+05:30,761.8409768557135,768.7540953060379,743.0908399508786,747.0696411132812,624642,0.0,0.0,TRENT.NS,311
2021-04-01 00:00:00+05:30,755.9722599534415,760.1500135323645,735.1332756452815,746.8707275390625,810538,0.0,0.0,TRENT.NS,312
2021-04-05 00:00:00+05:30,743.0410211132521,744.7817463969847,717.5767212473227,725.5840454101562,738836,0.0,0.0,TRENT.NS,313
2021-04-06 00:00:00+05:30,727.6232143758627,732.1490882559596,696.2901572974763,699.9208374023438,1267810,0.0,0.0,TRENT.NS,314
2021-04-07 00:00:00+05:30,696.3399213973458,729.1153078845623,690.8193469656596,718.2233276367188,1618249,0.0,0.0,TRENT.NS,315
2021-04-08 00:00:00+05:30,722.0529356469905,732.3977818183649,716.7312528833098,725.8825073242188,613211,0.0,0.0,TRENT.NS,316
2021-04-09 00:00:00+05:30,731.1047601645672,732.0994605185326,719.4170310054737,725.3355102539062,344873,0.0,0.0,TRENT.NS,317
2021-04-12 00:00:00+05:30,705.2922127344502,715.9852406131971,685.3484845075899,706.9832153320312,921660,0.0,0.0,TRENT.NS,318
2021-04-13 00:00:00+05:30,707.9281552038884,728.9163054570806,707.9281552038884,725.3851318359375,437329,0.0,0.0,TRENT.NS,319
2021-04-15 00:00:00+05:30,723.1470636406775,742.0463679173939,711.0117087522386,736.1776123046875,871200,0.0,0.0,TRENT.NS,320
2021-04-16 00:00:00+05:30,736.1776886054331,751.7944959002839,727.1259399036209,739.7089233398438,692021,0.0,0.0,TRENT.NS,321
2021-04-19 00:00:00+05:30,716.1841490033424,735.6305259068605,688.5314953924943,724.788330078125,715142,0.0,0.0,TRENT.NS,322
2021-04-20 00:00:00+05:30,724.7883075898955,743.6378273573848,723.9427760132138,732.5966796875,475888,0.0,0.0,TRENT.NS,323
2021-04-22 00:00:00+05:30,727.9216648266994,746.0252223650967,721.1577149529268,743.4390258789062,422465,0.0,0.0,TRENT.NS,324
2021-04-23 00:00:00+05:30,743.0410866524122,783.7740740268995,738.0675854030653,766.2175903320312,3507205,0.0,0.0,TRENT.NS,325
2021-04-26 00:00:00+05:30,776.7614297651847,782.8290768512771,757.8123419150032,776.363525390625,824311,0.0,0.0,TRENT.NS,326
2021-04-27 00:00:00+05:30,781.8343936135528,790.2893457073382,772.3350184034606,780.0439453125,853518,0.0,0.0,TRENT.NS,327
2021-04-28 00:00:00+05:30,785.8132144768003,787.8026150197796,758.7076320787082,767.85888671875,593276,0.0,0.0,TRENT.NS,328
2021-04-29 00:00:00+05:30,774.8714892295386,784.8184916586725,764.5265824185653,771.7381591796875,589571,0.0,0.0,TRENT.NS,329
2021-04-30 00:00:00+05:30,772.4842337767075,786.5095445259786,756.9172104063209,772.583740234375,1841225,0.0,0.0,TRENT.NS,330
2021-05-03 00:00:00+05:30,753.982795108551,782.8291025731263,732.1988351868356,778.9000244140625,841965,0.0,0.0,TRENT.NS,331
2021-05-04 00:00:00+05:30,793.7708246134172,793.7708246134172,768.9033175766559,772.6831665039062,651087,0.0,0.0,TRENT.NS,332
2021-05-05 00:00:00+05:30,783.4757305056461,805.7072583495029,771.4895430929471,791.8311767578125,1229552,0.0,0.0,TRENT.NS,333
2021-05-06 00:00:00+05:30,792.7761383646516,795.7602392618836,759.7520762929458,774.0260620117188,665468,0.0,0.0,TRENT.NS,334
2021-05-07 00:00:00+05:30,781.6851744122262,781.6851744122262,739.4601969782873,748.7606201171875,513294,0.0,0.0,TRENT.NS,335
2021-05-10 00:00:00+05:30,750.799733971003,761.9403888749582,742.0463839434972,743.787109375,434021,0.0,0.0,TRENT.NS,336
2021-05-11 00:00:00+05:30,738.0676151480747,770.8927247166548,738.0676151480747,759.1552734375,823028,0.0,0.0,TRENT.NS,337
2021-05-12 00:00:00+05:30,754.579623307626,771.8874328125835,751.0484493849061,766.0186767578125,414426,0.0,0.0,TRENT.NS,338
2021-05-14 00:00:00+05:30,765.9192356179885,778.8503395959546,754.2812298954814,768.5054321289062,541416,0.0,0.0,TRENT.NS,339
2021-05-17 00:00:00+05:30,768.5551578849962,809.636265289276,756.568971530256,790.9359130859375,1956412,0.0,0.0,TRENT.NS,340
2021-05-18 00:00:00+05:30,795.7602119304537,828.485874930768,795.0141867317689,823.9102172851562,2275063,0.0,0.0,TRENT.NS,341
2021-05-19 00:00:00+05:30,830.5747553473075,850.4687614634107,807.7463711867414,815.107177734375,1855576,0.0,0.0,TRENT.NS,342
2021-05-20 00:00:00+05:30,822.0202563115255,825.0540797302758,799.1421520803813,807.2986450195312,556669,0.0,0.0,TRENT.NS,343
2021-05-21 00:00:00+05:30,806.7018606182426,827.8889626943632,798.7442590338457,822.4678344726562,806206,0.0,0.0,TRENT.NS,344
2021-05-24 00:00:00+05:30,827.0932256893524,834.5534772740428,801.7283703014048,805.45849609375,684641,0.0,0.0,TRENT.NS,345
2021-05-25 00:00:00+05:30,815.0574256325772,826.4964787391195,806.5029668824118,820.2796020507812,720336,0.0,0.0,TRENT.NS,346
2021-05-26 00:00:00+05:30,830.2763411570024,832.4149103456382,819.6330359507415,821.6224365234375,499153,0.0,0.0,TRENT.NS,347
2021-05-27 00:00:00+05:30,816.6488952717468,829.8286734232092,814.1621446771313,823.7112426757812,940317,0.0,0.0,TRENT.NS,348
2021-05-28 00:00:00+05:30,824.0096862107409,842.8592068030299,818.2901599479754,822.2191772460938,905813,0.0,0.0,TRENT.NS,349
2021-05-31 00:00:00+05:30,827.5905908180023,852.2591443635098,820.2297848361493,847.136474609375,1296401,0.0,0.0,TRENT.NS,350
2021-06-01 00:00:00+05:30,852.4581450441408,858.2273945602118,828.9334589971626,835.7471923828125,697195,0.0,0.0,TRENT.NS,351
2021-06-02 00:00:00+05:30,832.0667566413244,850.4687112113955,828.5853057767164,848.6285400390625,826415,0.0,0.0,TRENT.NS,352
2021-06-03 00:00:00+05:30,848.6285356359633,859.3215632360645,842.7100570545007,850.2200317382812,404997,0.0,0.0,TRENT.NS,353
2021-06-04 00:00:00+05:30,848.2306859288783,858.6750391417229,843.008509322456,847.5841064453125,781342,0.0,0.0,TRENT.NS,354
2021-06-07 00:00:00+05:30,846.5893991804419,869.3680602849399,840.5217516484831,852.9555053710938,463126,0.0,0.0,TRENT.NS,355
2021-06-08 00:00:00+05:30,852.9555072484405,864.7426815187437,843.5058543984578,861.26123046875,370448,0.0,0.0,TRENT.NS,356
2021-06-09 00:00:00+05:30,864.3448732327194,868.3236745956993,836.5429865665579,840.37255859375,465156,0.0,0.0,TRENT.NS,357
2021-06-10 00:00:00+05:30,849.4740252228524,880.1605040741558,833.9567253933858,872.252685546875,1034717,0.0,0.0,TRENT.NS,358
2021-06-11 00:00:00+05:30,880.3097210106944,887.7202500135169,863.2505874431577,869.0198974609375,590610,0.0,0.0,TRENT.NS,359
2021-06-14 00:00:00+05:30,866.3839988338208,872.8992739387404,845.9926418004186,862.9522705078125,226622,0.0,0.0,TRENT.NS,360
2021-06-15 00:00:00+05:30,859.421069393761,867.2792261416433,848.9269932466262,852.1100463867188,306451,0.0,0.0,TRENT.NS,361
2021-06-16 00:00:00+05:30,852.4581533810873,865.1903050232047,843.6550800491667,846.6889038085938,246452,0.0,0.0,TRENT.NS,362
2021-06-17 00:00:00+05:30,837.537591907634,890.2567039873308,824.5567660756304,851.0654907226562,1820950,0.0,0.0,TRENT.NS,363
2021-06-18 00:00:00+05:30,859.3215065894007,860.3162067656997,835.7471002687776,844.6994018554688,1005831,0.0,0.0,TRENT.NS,364
2021-06-21 00:00:00+05:30,838.5323493123718,858.0782344084207,826.6456686358908,848.72802734375,649897,0.0,0.0,TRENT.NS,365
2021-06-22 00:00:00+05:30,856.4369110429412,859.818916161002,844.5005081015762,848.4793090820312,427455,0.0,0.0,TRENT.NS,366
2021-06-23 00:00:00+05:30,855.4422561156159,863.1511834236345,844.5005528397185,852.9555053710938,437812,0.0,0.0,TRENT.NS,367
2021-06-24 00:00:00+05:30,855.4422306875365,859.8189361524728,845.4952280051233,852.4581298828125,337562,0.0,0.0,TRENT.NS,368
2021-06-25 00:00:00+05:30,855.4422550168283,863.1511823149451,848.7280280152428,858.9237060546875,302991,0.0,0.0,TRENT.NS,369
2021-06-28 00:00:00+05:30,858.4263510940899,881.2050120416325,850.7174238391893,876.6790771484375,414235,0.0,0.0,TRENT.NS,370
2021-06-29 00:00:00+05:30,874.3415106690709,876.330911148409,851.5628508959765,858.0781860351562,324166,0.0,0.0,TRENT.NS,371
2021-06-30 00:00:00+05:30,850.5681847684798,861.1617670304861,841.7651115790342,845.3460083007812,351060,0.0,0.0,TRENT.NS,372
2021-07-01 00:00:00+05:30,846.8879023145395,857.4317017403592,843.5058968397037,853.3534545898438,138698,0.0,0.0,TRENT.NS,373
2021-07-02 00:00:00+05:30,862.0570327663099,904.9783139600006,852.9555008054023,895.0313110351562,1945993,0.0,0.0,TRENT.NS,374
2021-07-05 00:00:00+05:30,904.6798967812592,916.118949901638,891.2514431182059,897.169921875,1316486,0.0,0.0,TRENT.NS,375
2021-07-06 00:00:00+05:30,900.2037035282428,912.7369020772223,886.6758047543703,897.0703735351562,730080,0.0,0.0,TRENT.NS,376
2021-07-07 00:00:00+05:30,902.7402480464502,907.3656287411062,888.6154915983655,904.0831298828125,283658,0.0,0.0,TRENT.NS,377
2021-07-08 00:00:00+05:30,909.8523002187382,942.9260824189571,901.1983961924344,916.4172973632812,2179864,0.0,0.0,TRENT.NS,378
2021-07-09 00:00:00+05:30,917.0145032209623,920.199630370873,895.8135936547168,901.0889282226562,507064,0.6,0.0,TRENT.NS,379
2021-07-12 00:00:00+05:30,905.7670732826401,920.5977892226019,890.8368467999592,895.0670776367188,576161,0.0,0.0,TRENT.NS,380
2021-07-13 00:00:00+05:30,903.676843157069,932.3428651329012,896.7094043069798,922.4888916015625,842102,0.0,0.0,TRENT.NS,381
2021-07-14 00:00:00+05:30,926.6693997676681,931.6958972509597,910.0470686312531,913.6801147460938,684507,0.0,0.0,TRENT.NS,382
2021-07-15 00:00:00+05:30,917.014532619626,923.6336242409981,894.8182739043942,898.6005859375,439404,0.0,0.0,TRENT.NS,383
2021-07-16 00:00:00+05:30,906.7624415227172,906.7624415227172,873.9159425432993,875.80712890625,569938,0.0,0.0,TRENT.NS,384
2021-07-19 00:00:00+05:30,873.8164634042515,874.9113224424165,855.9997011382004,865.9531860351562,759172,0.0,0.0,TRENT.NS,385
2021-07-20 00:00:00+05:30,865.8537120312166,865.8537120312166,834.1020695693061,857.3932495117188,754030,0.0,0.0,TRENT.NS,386
2021-07-22 00:00:00+05:30,862.9671763472426,920.6973911432518,861.0262345616088,916.2183227539062,1813383,0.0,0.0,TRENT.NS,387
2021-07-23 00:00:00+05:30,918.6568912741382,918.6568912741382,883.7201231941033,887.0048217773438,614666,0.0,0.0,TRENT.NS,388
2021-07-26 00:00:00+05:30,892.3298735327982,892.8275477511656,866.5503247208665,886.9052124023438,613423,0.0,0.0,TRENT.NS,389
2021-07-27 00:00:00+05:30,887.8507866812637,921.6428775398413,880.9331030428589,912.7344970703125,947007,0.0,0.0,TRENT.NS,390
2021-07-28 00:00:00+05:30,912.7345433884324,927.3661779899471,894.2708414930383,921.9912719726562,740399,0.0,0.0,TRENT.NS,391
2021-07-29 00:00:00+05:30,922.1903662055907,928.8094578943985,906.2647905344742,910.6443481445312,358868,0.0,0.0,TRENT.NS,392
2021-07-30 00:00:00+05:30,915.4219894815989,938.5638411429601,907.7577942004897,918.6071166992188,720404,0.0,0.0,TRENT.NS,393
2021-08-02 00:00:00+05:30,919.0052374284186,964.4926750154119,918.6071344880372,952.1503295898438,1342173,0.0,0.0,TRENT.NS,394
2021-08-03 00:00:00+05:30,961.4070966610499,961.4070966610499,929.7052119292329,934.3833618164062,572016,0.0,0.0,TRENT.NS,395
2021-08-04 00:00:00+05:30,942.5453136950598,948.2685678097255,916.4671697527672,924.5792846679688,335436,0.0,0.0,TRENT.NS,396
2021-08-05 00:00:00+05:30,926.2712535749997,935.5280428639873,893.8229180444856,911.2415161132812,1041009,0.0,0.0,TRENT.NS,397
2021-08-06 00:00:00+05:30,916.9150395525032,932.5917782428912,908.0066584321595,915.0736083984375,636462,0.0,0.0,TRENT.NS,398
2021-08-09 00:00:00+05:30,922.0410972856793,934.0848510907714,912.3862650323766,924.5792846679688,670460,0.0,0.0,TRENT.NS,399
2021-08-10 00:00:00+05:30,928.0131847838892,959.6155008544952,916.4174107709387,941.400634765625,2198799,0.0,0.0,TRENT.NS,400
2021-08-11 00:00:00+05:30,916.7158600988818,925.6739955395874,848.0368217201382,896.3112182617188,2959134,0.0,0.0,TRENT.NS,401
2021-08-12 00:00:00+05:30,901.2880461487579,909.151323419523,876.0061705261393,892.5289916992188,592714,0.0,0.0,TRENT.NS,402
2021-08-13 00:00:00+05:30,896.3113959695019,899.7951159982562,872.5723566454927,878.7434692382812,738531,0.0,0.0,TRENT.NS,403
2021-08-16 00:00:00+05:30,880.8336080608173,885.0140836302704,861.9219878310859,870.6312866210938,436930,0.0,0.0,TRENT.NS,404
2021-08-17 00:00:00+05:30,865.9531298984082,904.6722079380426,862.9670846228964,883.272216796875,973907,0.0,0.0,TRENT.NS,405
2021-08-18 00:00:00+05:30,890.4885183621158,899.6954915584159,874.5629431036506,896.5601196289062,477749,0.0,0.0,TRENT.NS,406
2021-08-20 00:00:00+05:30,877.6485261288902,910.7438632355368,867.6950412847859,893.0266723632812,879721,0.0,0.0,TRENT.NS,407
2021-08-23 00:00:00+05:30,895.3160402348825,897.5555745211843,862.1211896695334,880.0872192382812,710233,0.0,0.0,TRENT.NS,408
2021-08-24 00:00:00+05:30,884.5661829126243,898.7996536496279,872.1243272419484,896.5601196289062,512709,0.0,0.0,TRENT.NS,409
2021-08-25 00:00:00+05:30,898.5011438988382,918.2587882204807,886.2085529149131,912.4857788085938,761172,0.0,0.0,TRENT.NS,410
2021-08-26 00:00:00+05:30,915.7206466828476,959.6653085388355,915.670891406648,936.9713134765625,3121784,0.0,0.0,TRENT.NS,411
2021-08-27 00:00:00+05:30,941.3011100173082,953.5438846956131,935.627611287971,944.0880737304688,638508,0.0,0.0,TRENT.NS,412
2021-08-30 00:00:00+05:30,950.5577673163476,1002.3158865838346,946.5763735265409,986.6889038085938,1981330,0.0,0.0,TRENT.NS,413
2021-08-31 00:00:00+05:30,990.3716988794966,1010.2289124293903,971.4600784988831,1002.2163696289062,968660,0.0,0.0,TRENT.NS,414
2021-09-01 00:00:00+05:30,999.7778993420143,1031.877830488746,983.6034848197721,989.774658203125,861143,0.0,0.0,TRENT.NS,415
2021-09-02 00:00:00+05:30,994.7512713698359,1008.9349868698739,980.9656588015059,995.8461303710938,600794,0.0,0.0,TRENT.NS,416
2021-09-03 00:00:00+05:30,1004.2070315249838,1012.9163300810491,979.5721584663992,991.0684204101562,454344,0.0,0.0,TRENT.NS,417
2021-09-06 00:00:00+05:30,995.4479899144842,1019.13733232442,991.0684930560192,1005.2024536132812,646921,0.0,0.0,TRENT.NS,418
2021-09-07 00:00:00+05:30,1005.1029010412616,1017.1964095913925,988.6298955510686,994.3531494140625,597743,0.0,0.0,TRENT.NS,419
2021-09-08 00:00:00+05:30,996.3439601081507,1045.1160420714866,990.3718684391707,1029.0411376953125,2226426,0.0,0.0,TRENT.NS,420
2021-09-09 00:00:00+05:30,1033.7192155801893,1040.4875123628242,1005.6005601852897,1017.7935791015625,1228907,0.0,0.0,TRENT.NS,421
2021-09-13 00:00:00+05:30,1009.2833824579097,1022.9196083536278,993.6066435291996,1001.4201049804688,448685,0.0,0.0,TRENT.NS,422
2021-09-14 00:00:00+05:30,1005.2522307508235,1018.9880279145867,995.3982562902698,999.3298950195312,529047,0.0,0.0,TRENT.NS,423
2021-09-15 00:00:00+05:30,1001.0717259200695,1005.3019569269403,982.4089420662278,997.09033203125,635701,0.0,0.0,TRENT.NS,424
2021-09-16 00:00:00+05:30,1004.8042663681487,1005.7498595516323,985.5442980443552,991.1182250976562,286275,0.0,0.0,TRENT.NS,425
2021-09-17 00:00:00+05:30,995.3484806380732,995.3484806380732,959.5159353351025,977.880126953125,562721,0.0,0.0,TRENT.NS,426
2021-09-20 00:00:00+05:30,966.4833448174879,997.7870657159456,948.5670727199443,974.595458984375,569477,0.0,0.0,TRENT.NS,427
2021-09-21 00:00:00+05:30,976.9345452916524,986.5396825438231,951.8019958585254,982.5582885742188,432370,0.0,0.0,TRENT.NS,428
2021-09-22 00:00:00+05:30,980.4182695090836,990.371754478719,971.4103777618138,979.1243286132812,252879,0.0,0.0,TRENT.NS,429
2021-09-23 00:00:00+05:30,984.3996276221757,1027.0005903406966,981.5130927856758,1001.8679809570312,1207650,0.0,0.0,TRENT.NS,430
2021-09-24 00:00:00+05:30,1012.567913684696,1020.5804561426955,973.4507337723152,982.956298828125,834581,0.0,0.0,TRENT.NS,431
2021-09-27 00:00:00+05:30,990.3717979735695,1003.3113290023699,978.1290230734937,998.6331787109375,314717,0.0,0.0,TRENT.NS,432
2021-09-28 00:00:00+05:30,1004.3065945236485,1015.2554275660273,989.3266123750074,1009.2335815429688,612126,0.0,0.0,TRENT.NS,433
2021-09-29 00:00:00+05:30,1009.233549666619,1009.233549666619,965.4879741514656,1004.9037475585938,415354,0.0,0.0,TRENT.NS,434
2021-09-30 00:00:00+05:30,1008.2880429874093,1036.7549861394652,996.5926979675652,1021.0782470703125,941677,0.0,0.0,TRENT.NS,435
2021-10-01 00:00:00+05:30,1021.0783600547189,1084.929998486321,1015.255594913805,1039.4923095703125,3294173,0.0,0.0,TRENT.NS,436
2021-10-04 00:00:00+05:30,1048.5996003412345,1052.4814836273351,1016.0019383467633,1041.2838134765625,1043541,0.0,0.0,TRENT.NS,437
2021-10-05 00:00:00+05:30,1045.1160013911028,1063.0322757006645,1035.411352806757,1044.9666748046875,675246,0.0,0.0,TRENT.NS,438
2021-10-06 00:00:00+05:30,1055.0195532865416,1092.693589760622,1031.2308222559702,1039.6912841796875,1324497,0.0,0.0,TRENT.NS,439
2021-10-07 00:00:00+05:30,1054.0740412028183,1121.7079218744636,1050.1424633045256,1103.692138671875,1988186,0.0,0.0,TRENT.NS,440
2021-10-08 00:00:00+05:30,1114.7405346923083,1114.7405346923083,1083.0387083942187,1098.2177734375,439597,0.0,0.0,TRENT.NS,441
2021-10-11 00:00:00+05:30,1109.614510604727,1134.6972431685056,1090.5535633159145,1098.0186767578125,681017,0.0,0.0,TRENT.NS,442
2021-10-12 00:00:00+05:30,1103.841477761526,1137.6833264936197,1089.9065988718403,1128.3270263671875,1064340,0.0,0.0,TRENT.NS,443
2021-10-13 00:00:00+05:30,1119.9162712235297,1204.3217422398006,1098.4664647047528,1168.738037109375,1433510,0.0,0.0,TRENT.NS,444
2021-10-14 00:00:00+05:30,1169.5843553352836,1178.492676203896,1139.674082984342,1149.080078125,563063,0.0,0.0,TRENT.NS,445
2021-10-18 00:00:00+05:30,1160.526375289972,1174.461252372586,1140.3705709383344,1148.9306640625,571535,0.0,0.0,TRENT.NS,446
2021-10-19 00:00:00+05:30,1154.604392825788,1169.0867637678423,1089.1104053903532,1111.4560546875,832711,0.0,0.0,TRENT.NS,447
2021-10-20 00:00:00+05:30,1111.4558036552826,1132.9054885517523,1079.953002820885,1106.230224609375,574423,0.0,0.0,TRENT.NS,448
2021-10-21 00:00:00+05:30,1117.278542968446,1118.423217892029,1062.086524569351,1075.3245849609375,470149,0.0,0.0,TRENT.NS,449
2021-10-22 00:00:00+05:30,1075.9218786707183,1107.5241925528378,1038.5466165714745,1045.9619140625,814132,0.0,0.0,TRENT.NS,450
2021-10-25 00:00:00+05:30,1056.064753296939,1079.9531171792448,1004.4559581267076,1015.9024658203125,772852,0.0,0.0,TRENT.NS,451
2021-10-26 00:00:00+05:30,1019.2368090330043,1049.3460995342234,1011.7716956855946,1036.6055908203125,999447,0.0,0.0,TRENT.NS,452
2021-10-27 00:00:00+05:30,1047.3555764473542,1067.2625486772872,1021.4765125484412,1029.0411376953125,476913,0.0,0.0,TRENT.NS,453
2021-10-28 00:00:00+05:30,1032.6741049507298,1039.2931970082645,995.3485348922696,1001.0220336914062,495393,0.0,0.0,TRENT.NS,454
2021-10-29 00:00:00+05:30,1000.8228702494157,1033.2712055412892,984.8972949893554,998.4838256835938,446580,0.0,0.0,TRENT.NS,455
2021-11-01 00:00:00+05:30,1009.2833526439595,1023.3675578516703,992.0140809204231,1019.9335327148438,539353,0.0,0.0,TRENT.NS,456
2021-11-02 00:00:00+05:30,1034.1672286290166,1063.0323389564867,1025.209090941181,1032.6243896484375,1518927,0.0,0.0,TRENT.NS,457
2021-11-03 00:00:00+05:30,1091.897362469854,1127.0332149862504,1070.1490208907146,1087.0699462890625,5869336,0.0,0.0,TRENT.NS,458
2021-11-04 00:00:00+05:30,1094.8832763344683,1098.2674853072738,1085.1786291124129,1089.2098388671875,141116,0.0,0.0,TRENT.NS,459
2021-11-08 00:00:00+05:30,1094.6842747947098,1110.7093605521472,1079.9530691218192,1095.4307861328125,1102344,0.0,0.0,TRENT.NS,460
2021-11-09 00:00:00+05:30,1094.8834306499557,1127.7299335694543,1089.0108497668764,1122.156005859375,1034509,0.0,0.0,TRENT.NS,461
2021-11-10 00:00:00+05:30,1121.7576927858165,1128.6256213278614,1103.841420851349,1119.1199951171875,503041,0.0,0.0,TRENT.NS,462
2021-11-11 00:00:00+05:30,1118.4730793934293,1150.2745373972032,1115.9350135778493,1141.86376953125,979707,0.0,0.0,TRENT.NS,463
2021-11-12 00:00:00+05:30,1144.8498526454277,1154.6043170282214,1123.3503482840247,1143.8048095703125,502799,0.0,0.0,TRENT.NS,464
2021-11-15 00:00:00+05:30,1151.5685456556962,1167.5439397235084,1134.6974350254045,1151.8173828125,724923,0.0,0.0,TRENT.NS,465
2021-11-16 00:00:00+05:30,1141.366004683743,1197.1055171839137,1135.9414043003494,1184.81298828125,1245041,0.0,0.0,TRENT.NS,466
2021-11-17 00:00:00+05:30,1184.315487373345,1194.4182997929292,1139.6741277190865,1147.8359375,792324,0.0,0.0,TRENT.NS,467
2021-11-18 00:00:00+05:30,1149.5776090611266,1152.6134703430791,1090.4041940939924,1132.358154296875,1003276,0.0,0.0,TRENT.NS,468
2021-11-22 00:00:00+05:30,1107.22561562517,1134.2493497462951,1096.475804001603,1107.623779296875,724443,0.0,0.0,TRENT.NS,469
2021-11-23 00:00:00+05:30,1103.841492377879,1121.4094177969273,1088.4634065719927,1106.72802734375,1337545,0.0,0.0,TRENT.NS,470
2021-11-24 00:00:00+05:30,1105.9815905581402,1112.7997039787958,1084.9299439507045,1090.6531982421875,1045914,0.0,0.0,TRENT.NS,471
2021-11-25 00:00:00+05:30,1084.9299402865447,1093.8382613787187,1072.4880831731668,1087.517822265625,602587,0.0,0.0,TRENT.NS,472
2021-11-26 00:00:00+05:30,1077.9624465484626,1086.7712566449643,1020.2322324212133,1036.8048095703125,904556,0.0,0.0,TRENT.NS,473
2021-11-29 00:00:00+05:30,1030.1857580427659,1051.9839157743177,987.7839337513626,1021.92431640625,850287,0.0,0.0,TRENT.NS,474
2021-11-30 00:00:00+05:30,1020.232126428932,1062.833087235937,998.1353794428561,1009.6814575195312,1075312,0.0,0.0,TRENT.NS,475
2021-12-01 00:00:00+05:30,1027.34900677968,1033.7192616550653,1001.3206184896128,1019.4359130859375,839843,0.0,0.0,TRENT.NS,476
2021-12-02 00:00:00+05:30,1028.1949615680014,1039.9898165458956,1015.4545134006612,1026.5526123046875,904904,0.0,0.0,TRENT.NS,477
2021-12-03 00:00:00+05:30,1031.6787066250301,1032.076870320272,1009.0842838231754,1016.2010498046875,661928,0.0,0.0,TRENT.NS,478
2021-12-06 00:00:00+05:30,1024.3130387335284,1024.3130387335284,984.4991017775852,993.3577270507812,373519,0.0,0.0,TRENT.NS,479
2021-12-07 00:00:00+05:30,1000.3253117727548,1031.1811174095265,990.5211526693151,1013.215087890625,644619,0.0,0.0,TRENT.NS,480
2021-12-08 00:00:00+05:30,1031.1810941815263,1047.1066709256424,1013.2648203443954,1036.1578369140625,550648,0.0,0.0,TRENT.NS,481
2021-12-09 00:00:00+05:30,1045.713248459501,1045.713248459501,1022.8202299239211,1032.6243896484375,214644,0.0,0.0,TRENT.NS,482
2021-12-10 00:00:00+05:30,1035.1624355947833,1035.1624355947833,1020.2322081583202,1031.1312255859375,232075,0.0,0.0,TRENT.NS,483
2021-12-13 00:00:00+05:30,1035.162424242424,1047.8033013989998,1023.2182424242424,1026.453125,337088,0.0,0.0,TRENT.NS,484
2021-12-14 00:00:00+05:30,1020.2322593783103,1037.7006749569616,996.1448124212741,1025.6568603515625,616598,0.0,0.0,TRENT.NS,485
2021-12-15 00:00:00+05:30,1030.1856585699995,1081.8939625899775,1025.6567744651418,1031.280517578125,1671114,0.0,0.0,TRENT.NS,486
2021-12-16 00:00:00+05:30,1042.1299990884975,1048.6495811126458,1000.3253572912511,1026.4034423828125,1121604,0.0,0.0,TRENT.NS,487
2021-12-17 00:00:00+05:30,1026.4033946050474,1058.9513656764898,1008.4374258561763,1030.2852783203125,805803,0.0,0.0,TRENT.NS,488
2021-12-20 00:00:00+05:30,1025.2089074870798,1025.2089074870798,966.0851850266461,1003.2117309570312,852808,0.0,0.0,TRENT.NS,489
2021-12-21 00:00:00+05:30,1019.2368413450306,1029.83732693491,1003.4107762463021,1013.6130981445312,377839,0.0,0.0,TRENT.NS,490
2021-12-22 00:00:00+05:30,1025.2088467302249,1059.4985503329729,1010.8260502739062,1039.98974609375,843395,0.0,0.0,TRENT.NS,491
2021-12-23 00:00:00+05:30,1039.1437384191922,1051.9339411672443,1027.199557517822,1037.3023681640625,577082,0.0,0.0,TRENT.NS,492
2021-12-24 00:00:00+05:30,1038.496881697853,1047.853182335523,1015.5043545740368,1036.1578369140625,288355,0.0,0.0,TRENT.NS,493
2021-12-27 00:00:00+05:30,1015.2553935436126,1063.032117945665,1015.2553935436126,1046.1610107421875,834703,0.0,0.0,TRENT.NS,494
2021-12-28 00:00:00+05:30,1049.5947627379326,1054.1733405318846,1027.1994264063978,1029.9864501953125,335064,0.0,0.0,TRENT.NS,495
2021-12-29 00:00:00+05:30,1035.8095908953317,1046.0119144984615,1022.2230576013915,1033.6197509765625,252419,0.0,0.0,TRENT.NS,496
2021-12-30 00:00:00+05:30,1040.7362238523747,1040.7362238523747,1021.1279097060358,1028.0455322265625,607040,0.0,0.0,TRENT.NS,497
2021-12-31 00:00:00+05:30,1037.6506820463799,1064.9232518510219,1024.76096917735,1060.0460205078125,452416,0.0,0.0,TRENT.NS,498
2022-01-03 00:00:00+05:30,1060.0459829826157,1060.0459829826157,1036.1576228027257,1049.6943359375,363953,0.0,0.0,TRENT.NS,499
2022-01-04 00:00:00+05:30,1045.1158116060615,1062.0367342701595,1041.1344180380383,1051.0380859375,258035,0.0,0.0,TRENT.NS,500
2022-01-05 00:00:00+05:30,1050.0925270989032,1076.1209111943165,1044.916764191922,1065.8687744140625,741560,0.0,0.0,TRENT.NS,501
2022-01-06 00:00:00+05:30,1062.0367085499615,1083.8845566243856,1049.7938750237893,1075.3245849609375,408431,0.0,0.0,TRENT.NS,502
2022-01-07 00:00:00+05:30,1067.0135485454487,1089.9065631131216,1063.9279926216097,1080.152099609375,482099,0.0,0.0,TRENT.NS,503
2022-01-10 00:00:00+05:30,1084.9298220961841,1089.6577272842178,1057.0600651983004,1067.0135498046875,604941,0.0,0.0,TRENT.NS,504
2022-01-11 00:00:00+05:30,1069.9996738683585,1118.7717520260792,1067.1629548474416,1113.9443359375,861357,0.0,0.0,TRENT.NS,505
2022-01-12 00:00:00+05:30,1123.7483183555378,1145.1483084747974,1104.8366991803782,1139.9227294921875,741670,0.0,0.0,TRENT.NS,506
2022-01-13 00:00:00+05:30,1139.9229298432651,1182.1754272993205,1124.7438644164067,1177.3978271484375,682225,0.0,0.0,TRENT.NS,507
2022-01-14 00:00:00+05:30,1159.680477742424,1194.3683476108333,1154.0070400661557,1159.431640625,744286,0.0,0.0,TRENT.NS,508
2022-01-17 00:00:00+05:30,1161.57172633401,1182.3745347650859,1149.57772803093,1152.8624267578125,501455,0.0,0.0,TRENT.NS,509
2022-01-18 00:00:00+05:30,1171.5252666227584,1171.5252666227584,1130.5169541491175,1138.9774169921875,543636,0.0,0.0,TRENT.NS,510
2022-01-19 00:00:00+05:30,1139.6741040109487,1206.362457695432,1131.114130674338,1162.1192626953125,1671916,0.0,0.0,TRENT.NS,511
2022-01-20 00:00:00+05:30,1159.5809967823518,1188.6451242380417,1154.6042543068909,1164.5577392578125,968296,0.0,0.0,TRENT.NS,512
2022-01-21 00:00:00+05:30,1163.562335805175,1200.9377186315664,1136.687927707023,1176.3525390625,961910,0.0,0.0,TRENT.NS,513
2022-01-24 00:00:00+05:30,1173.5158817079378,1194.4182002116415,1086.2238668434713,1116.731201171875,979818,0.0,0.0,TRENT.NS,514
2022-01-25 00:00:00+05:30,1086.920651637321,1108.071809006637,1045.5141749230684,1074.3294677734375,866941,0.0,0.0,TRENT.NS,515
2022-01-27 00:00:00+05:30,1055.069422678849,1082.7401599123712,996.692208151825,1018.1917724609375,1611802,0.0,0.0,TRENT.NS,516
2022-01-28 00:00:00+05:30,1020.331712069099,1037.1531258385742,1003.6596248735173,1013.5633544921875,1230291,0.0,0.0,TRENT.NS,517
2022-01-31 00:00:00+05:30,1013.2646893221645,1033.0223311150305,1013.2646893221645,1026.751708984375,408254,0.0,0.0,TRENT.NS,518
2022-02-01 00:00:00+05:30,1027.1997275865892,1059.8969039171136,1026.7518693296345,1055.4676513671875,521498,0.0,0.0,TRENT.NS,519
2022-02-02 00:00:00+05:30,1055.4674842082075,1101.8506960749094,1045.0163258443533,1092.4447021484375,878597,0.0,0.0,TRENT.NS,520
2022-02-03 00:00:00+05:30,1092.8926831510973,1094.8833802060176,1072.3387117585469,1078.2611083984375,416753,0.0,0.0,TRENT.NS,521
2022-02-04 00:00:00+05:30,1081.147532348502,1084.929905390315,1047.1066609822124,1052.4815673828125,305527,0.0,0.0,TRENT.NS,522
2022-02-07 00:00:00+05:30,1055.2683679978227,1063.8284617879624,1020.2321514938609,1045.563720703125,648493,0.0,0.0,TRENT.NS,523
2022-02-08 00:00:00+05:30,1049.8936287643505,1062.0866476845258,1030.5340278630615,1049.0474853515625,377585,0.0,0.0,TRENT.NS,524
2022-02-09 00:00:00+05:30,1059.050841157513,1069.9996750416603,1048.1020072733659,1065.6201171875,304759,0.0,0.0,TRENT.NS,525
2022-02-10 00:00:00+05:30,1071.4926396911244,1079.9531017787924,1050.092647351729,1070.5968017578125,411046,0.0,0.0,TRENT.NS,526
2022-02-11 00:00:00+05:30,1079.9531082952326,1094.435477380745,1050.4908173832546,1066.3665771484375,1656107,0.0,0.0,TRENT.NS,527
2022-02-14 00:00:00+05:30,1035.1623548037132,1050.0925810749206,1012.269341187862,1031.4796142578125,536059,0.0,0.0,TRENT.NS,528
2022-02-15 00:00:00+05:30,1032.1764486002826,1081.4462019326972,1021.2276145264127,1076.5689697265625,619460,0.0,0.0,TRENT.NS,529
2022-02-16 00:00:00+05:30,1084.8304234997483,1087.3187949081328,1050.7397352048827,1056.5625,343162,0.0,0.0,TRENT.NS,530
2022-02-17 00:00:00+05:30,1068.1582780932602,1068.1582780932602,1047.3056539016695,1057.8564453125,287521,0.0,0.0,TRENT.NS,531
2022-02-18 00:00:00+05:30,1040.1391255811086,1060.0460944917518,1035.1623833534477,1040.2884521484375,205306,0.0,0.0,TRENT.NS,532
2022-02-21 00:00:00+05:30,1040.1391950586606,1049.8936590774372,1006.2973456500534,1030.5340576171875,576902,0.0,0.0,TRENT.NS,533
2022-02-22 00:00:00+05:30,997.917490916983,1054.0877213071406,997.917490916983,1045.2738037109375,714429,0.6,0.0,TRENT.NS,534
2022-02-23 00:00:00+05:30,1045.721865879896,1079.5833358226737,1045.721865879896,1050.00439453125,393547,0.0,0.0,TRENT.NS,535
2022-02-24 00:00:00+05:30,1011.9600666416325,1032.9740743309537,976.0071736414721,1016.4915771484375,633017,0.0,0.0,TRENT.NS,536
2022-02-25 00:00:00+05:30,1055.6313207953363,1070.3710687192793,1025.454847209967,1065.739990234375,543759,0.0,0.0,TRENT.NS,537
2022-02-28 00:00:00+05:30,1025.9031166853779,1114.4409424123567,1025.9031166853779,1103.5853271484375,1102621,0.0,0.0,TRENT.NS,538
2022-03-02 00:00:00+05:30,1094.5222899556047,1113.1460509917272,1075.6495475068443,1100.597412109375,661272,0.0,0.0,TRENT.NS,539
2022-03-03 00:00:00+05:30,1105.4774091417135,1131.022924937821,1101.0953122143098,1126.541259765625,645290,0.0,0.0,TRENT.NS,540
2022-03-04 00:00:00+05:30,1121.4123967592334,1121.4123967592334,1077.9900582863468,1090.98681640625,653153,0.0,0.0,TRENT.NS,541
2022-03-07 00:00:00+05:30,1075.5996873568324,1075.5996873568324,1035.762661899172,1059.864013671875,372706,0.0,0.0,TRENT.NS,542
2022-03-08 00:00:00+05:30,1060.8102091807475,1087.1523934668458,1043.7799052211876,1073.7073974609375,461151,0.0,0.0,TRENT.NS,543
2022-03-09 00:00:00+05:30,1073.608046309449,1150.2943353315525,1065.6904845785657,1139.1400146484375,757000,0.0,0.0,TRENT.NS,544
2022-03-10 00:00:00+05:30,1150.4931754412717,1159.605918765768,1133.9111118783223,1145.0654296875,557825,0.0,0.0,TRENT.NS,545
2022-03-11 00:00:00+05:30,1136.5005949629906,1176.93515257744,1126.3919251661391,1164.0379638671875,476838,0.0,0.0,TRENT.NS,546
2022-03-14 00:00:00+05:30,1175.0927460956243,1202.5802708285416,1145.7626615776032,1162.3448486328125,614586,0.0,0.0,TRENT.NS,547
2022-03-15 00:00:00+05:30,1160.552208248776,1176.1881923202095,1140.832831755123,1153.5308837890625,400312,0.0,0.0,TRENT.NS,548
2022-03-16 00:00:00+05:30,1169.2168231390074,1186.595678737909,1148.3023825206776,1166.47802734375,486972,0.0,0.0,TRENT.NS,549
2022-03-17 00:00:00+05:30,1185.1515855840485,1278.7686015881666,1182.163808477534,1256.9080810546875,4537229,0.0,0.0,TRENT.NS,550
2022-03-21 00:00:00+05:30,1276.7768428529769,1297.1933212293309,1245.9031438448314,1274.3865966796875,1520151,0.0,0.0,TRENT.NS,551
2022-03-22 00:00:00+05:30,1269.8052763300502,1293.159685528269,1250.8826878984653,1281.1090087890625,713407,0.0,0.0,TRENT.NS,552
2022-03-23 00:00:00+05:30,1286.7360055458087,1309.243902071259,1272.544064308171,1294.952392578125,713104,0.0,0.0,TRENT.NS,553
2022-03-24 00:00:00+05:30,1299.6830378333366,1304.6128214166233,1265.8215640507058,1271.647705078125,453482,0.0,0.0,TRENT.NS,554
2022-03-25 00:00:00+05:30,1282.7521756929787,1282.7521756929787,1235.6946909868502,1256.1610107421875,662176,0.0,0.0,TRENT.NS,555
2022-03-28 00:00:00+05:30,1257.8540523564325,1284.7440439745035,1249.8866474325596,1274.336669921875,939603,0.0,0.0,TRENT.NS,556
2022-03-29 00:00:00+05:30,1277.6731415363406,1278.0216912267579,1255.1153994689435,1271.0003662109375,539919,0.0,0.0,TRENT.NS,557
2022-03-30 00:00:00+05:30,1279.7645002317404,1279.7645002317404,1246.9487976682115,1251.9781494140625,366894,0.0,0.0,TRENT.NS,558
2022-03-31 00:00:00+05:30,1249.886745929905,1279.6649484941418,1243.7617785974094,1270.30322265625,755068,0.0,0.0,TRENT.NS,559
2022-04-01 00:00:00+05:30,1275.780776068694,1289.7237353699911,1254.91618202915,1263.2818603515625,491523,0.0,0.0,TRENT.NS,560
2022-04-04 00:00:00+05:30,1251.231122377876,1303.666630334253,1251.231122377876,1289.3751220703125,762394,0.0,0.0,TRENT.NS,561
2022-04-05 00:00:00+05:30,1304.6627270797526,1329.5608707263127,1285.5907247318942,1313.8251953125,1337792,0.0,0.0,TRENT.NS,562
2022-04-06 00:00:00+05:30,1318.1575364198573,1331.353552220716,1295.9483442163964,1322.88818359375,907711,0.0,0.0,TRENT.NS,563
2022-04-07 00:00:00+05:30,1330.5566521996273,1341.362421055969,1294.7033292361643,1302.4217529296875,1038577,0.0,0.0,TRENT.NS,564
2022-04-08 00:00:00+05:30,1302.869786625658,1314.2233624781657,1260.39365817417,1264.4769287109375,874307,0.0,0.0,TRENT.NS,565
2022-04-11 00:00:00+05:30,1274.0378507543933,1286.2379396125066,1261.190385927994,1275.68115234375,509264,0.0,0.0,TRENT.NS,566
2022-04-12 00:00:00+05:30,1269.8052077996927,1282.602828128416,1230.9142624139786,1245.405029296875,845636,0.0,0.0,TRENT.NS,567
2022-04-13 00:00:00+05:30,1254.8662266669758,1257.6548669109698,1216.5230919632625,1227.777099609375,742352,0.0,0.0,TRENT.NS,568
2022-04-18 00:00:00+05:30,1224.9885312771378,1242.9151927104617,1211.0455723845525,1218.5150146484375,395195,0.0,0.0,TRENT.NS,569
2022-04-19 00:00:00+05:30,1239.6285602062683,1272.7929317037865,1225.6856016430029,1243.36328125,1575212,0.0,0.0,TRENT.NS,570
2022-04-20 00:00:00+05:30,1245.902993012803,1280.4118412345833,1245.902993012803,1260.7423095703125,743805,0.0,0.0,TRENT.NS,571
2022-04-21 00:00:00+05:30,1274.6354485972495,1289.723746861612,1254.8663482977847,1280.561279296875,516906,0.0,0.0,TRENT.NS,572
2022-04-22 00:00:00+05:30,1277.7726021499213,1288.72778424162,1260.3439033676739,1281.35791015625,481960,0.0,0.0,TRENT.NS,573
2022-04-25 00:00:00+05:30,1250.185450214826,1276.5276336193758,1225.0880522332504,1232.4080810546875,403163,0.0,0.0,TRENT.NS,574
2022-04-26 00:00:00+05:30,1243.7120776364914,1281.9555277146685,1239.927511302127,1274.635498046875,640781,0.0,0.0,TRENT.NS,575
2022-04-27 00:00:00+05:30,1234.9479193239795,1259.2485317284963,1210.099620705478,1220.009033203125,705547,0.0,0.0,TRENT.NS,576
2022-04-28 00:00:00+05:30,1191.1269523282938,1233.8521825416146,1176.188069146919,1220.7557373046875,1076903,0.0,0.0,TRENT.NS,577
2022-04-29 00:00:00+05:30,1234.9478552880523,1244.1103230045537,1217.320019208689,1223.3951416015625,439063,0.0,0.0,TRENT.NS,578
2022-05-02 00:00:00+05:30,1215.0293791100692,1226.8310745843733,1200.6880244190952,1215.228515625,488409,0.0,0.0,TRENT.NS,579
2022-05-04 00:00:00+05:30,1218.61456858381,1229.8685767583913,1200.189944549305,1208.3067626953125,489438,0.0,0.0,TRENT.NS,580
2022-05-05 00:00:00+05:30,1228.972214365683,1237.7861317829697,1201.1858652692429,1207.410400390625,464980,0.0,0.0,TRENT.NS,581
2022-05-06 00:00:00+05:30,1187.1433952270002,1194.86181914731,1133.512822366278,1142.0777587890625,840078,0.0,0.0,TRENT.NS,582
2022-05-09 00:00:00+05:30,1131.1724375259548,1146.758577180983,1088.3973565674617,1099.3525390625,873730,0.0,0.0,TRENT.NS,583
2022-05-10 00:00:00+05:30,1095.5183045589458,1107.568981594501,1050.7016466451707,1055.8306884765625,663951,0.0,0.0,TRENT.NS,584
2022-05-11 00:00:00+05:30,1068.6282329403562,1071.2176153411842,1005.4367376702315,1041.638671875,805254,0.0,0.0,TRENT.NS,585
2022-05-12 00:00:00+05:30,1040.7422683667912,1040.7422683667912,978.8454670388077,1006.7313842773438,1433291,0.0,0.0,TRENT.NS,586
2022-05-13 00:00:00+05:30,1030.4842387569795,1050.203615587811,1014.400075710855,1027.7952880859375,467140,0.0,0.0,TRENT.NS,587
2022-05-16 00:00:00+05:30,1019.82796045023,1040.7922459617187,1001.004939599983,1034.916259765625,536424,0.0,0.0,TRENT.NS,588
2022-05-17 00:00:00+05:30,1032.077844565432,1075.4503355635873,1031.7790182282668,1071.2176513671875,438660,0.0,0.0,TRENT.NS,589
2022-05-18 00:00:00+05:30,1080.5794275447674,1095.5183136398564,1061.45770197224,1080.6292724609375,623123,0.0,0.0,TRENT.NS,590
2022-05-19 00:00:00+05:30,1057.8223716419188,1070.4705777894264,1007.6774825711261,1032.42626953125,1247443,0.0,0.0,TRENT.NS,591
2022-05-20 00:00:00+05:30,1041.4490339453916,1088.7060804596074,1041.4490339453916,1083.6712646484375,629720,1.1,0.0,TRENT.NS,592
2022-05-23 00:00:00+05:30,1088.7059580347654,1095.684842381142,1057.1514066139453,1062.0865478515625,302084,0.0,0.0,TRENT.NS,593
2022-05-24 00:00:00+05:30,1067.6697451625919,1077.1908653749235,1044.0910590447475,1072.6546630859375,337854,0.0,0.0,TRENT.NS,594
2022-05-25 00:00:00+05:30,1076.6924035171544,1082.5746311706616,1023.3537802544175,1034.819091796875,407027,0.0,0.0,TRENT.NS,595
2022-05-26 00:00:00+05:30,1040.2525813408956,1051.1197255503034,1001.3702258463406,1045.7857666015625,444559,0.0,0.0,TRENT.NS,596
2022-05-27 00:00:00+05:30,1049.8237032463655,1071.6576678537322,1042.3463264426166,1065.22705078125,293538,0.0,0.0,TRENT.NS,597
2022-05-30 00:00:00+05:30,1083.7211032171074,1119.8118585256536,1073.7512678609244,1115.52490234375,547836,0.0,0.0,TRENT.NS,598
2022-05-31 00:00:00+05:30,1111.6366738928205,1131.5763451734092,1105.953916258691,1120.659423828125,1673884,0.0,0.0,TRENT.NS,599
2022-06-01 00:00:00+05:30,1128.5852976042331,1141.5460828240698,1102.9129730341722,1106.103271484375,521752,0.0,0.0,TRENT.NS,600
2022-06-02 00:00:00+05:30,1108.4462823588585,1120.6094321407625,1094.687861646403,1109.4930419921875,433531,0.0,0.0,TRENT.NS,601
2022-06-03 00:00:00+05:30,1107.7483813303543,1141.5461475052064,1107.7483813303543,1125.8935546875,843397,0.0,0.0,TRENT.NS,602
2022-06-06 00:00:00+05:30,1125.5943294403428,1135.0656723364307,1088.7059413187374,1101.41748046875,620866,0.0,0.0,TRENT.NS,603
2022-06-07 00:00:00+05:30,1102.6638642498428,1102.6638642498428,1069.7634053707789,1081.57763671875,284321,0.0,0.0,TRENT.NS,604
2022-06-08 00:00:00+05:30,1076.7421848047952,1094.6379900288175,1074.6983199398398,1083.7210693359375,469020,0.0,0.0,TRENT.NS,605
2022-06-09 00:00:00+05:30,1074.748223183148,1088.456746438035,1059.8931445519797,1080.9793701171875,557580,0.0,0.0,TRENT.NS,606
2022-06-10 00:00:00+05:30,1077.739275455217,1116.7213100142412,1068.5670749832468,1109.94189453125,859171,0.0,0.0,TRENT.NS,607
2022-06-13 00:00:00+05:30,1106.6018359357874,1108.1971069677952,1080.18177202089,1083.3721923828125,514725,0.0,0.0,TRENT.NS,608
2022-06-14 00:00:00+05:30,1083.122943061185,1089.0051702923,1060.9898354342586,1066.2239990234375,495087,0.0,0.0,TRENT.NS,609
2022-06-15 00:00:00+05:30,1067.0216217133748,1104.65774992611,1062.535195833711,1091.5972900390625,882202,0.0,0.0,TRENT.NS,610
2022-06-16 00:00:00+05:30,1101.916122990208,1114.2288460996222,1066.2739593196357,1074.7982177734375,387582,0.0,0.0,TRENT.NS,611
2022-06-17 00:00:00+05:30,1074.7981762091072,1081.428019525566,1033.1741125531494,1040.6514892578125,753097,0.0,0.0,TRENT.NS,612
2022-06-20 00:00:00+05:30,1040.7511090063247,1054.758654281418,1011.4397695119865,1045.6363525390625,518858,0.0,0.0,TRENT.NS,613
2022-06-21 00:00:00+05:30,1052.91436099938,1065.775473845513,1034.9686561076876,1047.08203125,1352719,0.0,0.0,TRENT.NS,614
2022-06-22 00:00:00+05:30,1047.0819409688147,1047.8296786081642,1006.2554536901335,1017.7207641601562,673346,0.0,0.0,TRENT.NS,615
2022-06-23 00:00:00+05:30,1020.4126517121495,1034.819015163448,1008.9473410187545,1026.643798828125,486409,0.0,0.0,TRENT.NS,616
2022-06-24 00:00:00+05:30,1036.8628055072888,1059.2949335110522,1031.0802527188187,1055.50634765625,462900,0.0,0.0,TRENT.NS,617
2022-06-27 00:00:00+05:30,1077.6395505828605,1077.6395505828605,1038.1590260850883,1045.9354248046875,344510,0.0,0.0,TRENT.NS,618
2022-06-28 00:00:00+05:30,1046.8326396303828,1072.7542097545636,1026.8929703040897,1065.027587890625,442089,0.0,0.0,TRENT.NS,619
2022-06-29 00:00:00+05:30,1056.4037929030724,1111.6367084055246,1039.504969648958,1105.904052734375,1397225,0.0,0.0,TRENT.NS,620
2022-06-30 00:00:00+05:30,1097.6788962748412,1109.9418427069784,1066.0246683395767,1070.909912109375,529542,0.0,0.0,TRENT.NS,621
2022-07-01 00:00:00+05:30,1070.9099333837987,1084.8178055996273,1055.9052818717887,1070.311767578125,555368,0.0,0.0,TRENT.NS,622
2022-07-04 00:00:00+05:30,1070.3116882526656,1118.6154902888488,1070.3116882526656,1114.826904296875,736578,0.0,0.0,TRENT.NS,623
2022-07-05 00:00:00+05:30,1114.8269200823038,1130.978126079736,1106.7513779346323,1116.970458984375,635508,0.0,0.0,TRENT.NS,624
2022-07-06 00:00:00+05:30,1121.307468184025,1171.4557947152302,1109.6428081004692,1168.46484375,835710,0.0,0.0,TRENT.NS,625
2022-07-07 00:00:00+05:30,1171.6550412719062,1183.3695982042962,1154.8558924794938,1167.0191650390625,291188,0.0,0.0,TRENT.NS,626
2022-07-08 00:00:00+05:30,1168.3151405074673,1207.147722528019,1158.9434708629824,1200.617431640625,954902,0.0,0.0,TRENT.NS,627
2022-07-11 00:00:00+05:30,1199.1718346875589,1219.1115052230882,1193.3892815514193,1203.7579345703125,877368,0.0,0.0,TRENT.NS,628
2022-07-12 00:00:00+05:30,1202.3621404108226,1208.3440416068963,1180.478400549356,1192.3424072265625,583382,0.0,0.0,TRENT.NS,629
2022-07-13 00:00:00+05:30,1198.5737036766723,1208.2942943317094,1155.2548124640412,1201.9136962890625,325971,0.0,0.0,TRENT.NS,630
2022-07-14 00:00:00+05:30,1202.3622110573153,1213.2293565424488,1166.5704757907286,1175.7427978515625,453534,0.0,0.0,TRENT.NS,631
2022-07-15 00:00:00+05:30,1181.9240360558633,1211.1854798371137,1178.4844913799814,1207.0479736328125,315845,0.0,0.0,TRENT.NS,632
2022-07-18 00:00:00+05:30,1218.3139213380575,1233.9665146907769,1199.0720897752024,1204.904541015625,980588,0.0,0.0,TRENT.NS,633
2022-07-19 00:00:00+05:30,1204.1567201927462,1214.5751490887446,1191.4451805655092,1198.6234130859375,491128,0.0,0.0,TRENT.NS,634
2022-07-20 00:00:00+05:30,1206.3500542579577,1229.2806751240182,1199.3711696465482,1205.8515625,604230,0.0,0.0,TRENT.NS,635
2022-07-21 00:00:00+05:30,1208.0947824607206,1225.4920962341362,1197.3772096020841,1216.8682861328125,476539,0.0,0.0,TRENT.NS,636
2022-07-22 00:00:00+05:30,1218.3140187264448,1263.0287110307709,1216.8684411166541,1239.9984130859375,942665,0.0,0.0,TRENT.NS,637
2022-07-25 00:00:00+05:30,1233.7670507722553,1241.2444268375416,1217.6159671520704,1228.83203125,381778,0.0,0.0,TRENT.NS,638
2022-07-26 00:00:00+05:30,1234.9635114128446,1244.0361593491994,1219.5102659285044,1227.7852783203125,331124,0.0,0.0,TRENT.NS,639
2022-07-27 00:00:00+05:30,1228.2837546935616,1254.7537170814728,1221.5042177562977,1250.6162109375,532946,0.0,0.0,TRENT.NS,640
2022-07-28 00:00:00+05:30,1252.211327092762,1267.1161823450755,1244.2853566252013,1255.0029296875,504060,0.0,0.0,TRENT.NS,641
2022-07-29 00:00:00+05:30,1264.1252517775465,1272.9984297707747,1246.2793434779537,1264.7733154296875,656479,0.0,0.0,TRENT.NS,642
2022-08-01 00:00:00+05:30,1264.1752242866064,1301.562109862906,1264.1752242866064,1297.07568359375,793553,0.0,0.0,TRENT.NS,643
2022-08-02 00:00:00+05:30,1295.9790300566858,1308.540999309638,1272.9487328092564,1304.70263671875,502117,0.0,0.0,TRENT.NS,644
2022-08-03 00:00:00+05:30,1307.0453368441083,1322.7478265888028,1288.1026508028892,1304.8021240234375,393606,0.0,0.0,TRENT.NS,645
2022-08-04 00:00:00+05:30,1321.0030675409685,1321.0030675409685,1284.2143539988454,1312.7779541015625,393725,0.0,0.0,TRENT.NS,646
2022-08-05 00:00:00+05:30,1316.0182722343245,1319.7070626499021,1298.2719165491158,1311.9306640625,242951,0.0,0.0,TRENT.NS,647
2022-08-08 00:00:00+05:30,1311.930780374669,1328.9791760723863,1303.5061956971344,1314.6724853515625,438066,0.0,0.0,TRENT.NS,648
2022-08-10 00:00:00+05:30,1315.4697713160765,1327.8323905012855,1297.075475248004,1307.2945556640625,313632,0.0,0.0,TRENT.NS,649
2022-08-11 00:00:00+05:30,1324.9910318423022,1355.5983756953729,1316.4667744916028,1336.107421875,1702218,0.0,0.0,TRENT.NS,650
2022-08-12 00:00:00+05:30,1342.936818207179,1386.4052758814844,1328.6301288569712,1378.5789794921875,1159339,0.0,0.0,TRENT.NS,651
2022-08-16 00:00:00+05:30,1386.405171779861,1449.9628672010228,1385.5078623276163,1405.69677734375,1476050,0.0,0.0,TRENT.NS,652
2022-08-17 00:00:00+05:30,1406.0458271603338,1477.5294928076437,1406.0458271603338,1470.25146484375,1594684,0.0,0.0,TRENT.NS,653
2022-08-18 00:00:00+05:30,1476.532576544921,1517.9073921604609,1443.8813666314531,1451.1094970703125,1748382,0.0,0.0,TRENT.NS,654
2022-08-19 00:00:00+05:30,1460.4811432767908,1482.9132718699154,1384.510928086823,1393.9324951171875,1284783,0.0,0.0,TRENT.NS,655
2022-08-22 00:00:00+05:30,1393.932497756613,1412.476366421625,1295.2311317599722,1310.135986328125,3129067,0.0,0.0,TRENT.NS,656
2022-08-23 00:00:00+05:30,1305.4502195097036,1350.912642778664,1279.1298307638567,1342.7374267578125,2092763,0.0,0.0,TRENT.NS,657
2022-08-24 00:00:00+05:30,1345.9278537145854,1349.8161140768473,1318.0622109055564,1340.84326171875,633681,0.0,0.0,TRENT.NS,658
2022-08-25 00:00:00+05:30,1353.1558995411813,1369.2572079321355,1333.9639665397683,1355.2994384765625,1144010,0.0,0.0,TRENT.NS,659
2022-08-26 00:00:00+05:30,1361.8796228338026,1396.6244775971584,1358.9385698401488,1386.4053955078125,1047852,0.0,0.0,TRENT.NS,660
2022-08-29 00:00:00+05:30,1347.9217224864071,1363.873458847193,1326.3869027397643,1356.545654296875,575626,0.0,0.0,TRENT.NS,661
2022-08-30 00:00:00+05:30,1358.4398919233824,1412.5760219684923,1358.4398919233824,1403.0050048828125,1311053,0.0,0.0,TRENT.NS,662
2022-09-01 00:00:00+05:30,1390.2936823519824,1411.7288305560467,1387.352629302499,1409.73486328125,738051,0.0,0.0,TRENT.NS,663
2022-09-02 00:00:00+05:30,1414.7196743106792,1417.2620310743164,1383.9128579081037,1386.90380859375,462018,0.0,0.0,TRENT.NS,664
2022-09-05 00:00:00+05:30,1385.8071124061325,1404.6999016965883,1380.4732748390886,1394.0322265625,633249,0.0,0.0,TRENT.NS,665
2022-09-06 00:00:00+05:30,1400.7618528832904,1409.3358868594532,1382.3176576673895,1385.7572021484375,342940,0.0,0.0,TRENT.NS,666
2022-09-07 00:00:00+05:30,1385.6574716943708,1419.7543798880433,1381.9187836272192,1408.93701171875,887074,0.0,0.0,TRENT.NS,667
2022-09-08 00:00:00+05:30,1423.592745426008,1423.592745426008,1399.864489754602,1402.8056640625,604853,0.0,0.0,TRENT.NS,668
2022-09-09 00:00:00+05:30,1410.2332044353645,1417.7105809169943,1367.7118325027452,1375.189208984375,594999,0.0,0.0,TRENT.NS,669
2022-09-12 00:00:00+05:30,1380.822153507488,1413.5232611305944,1380.822153507488,1396.0760498046875,733357,0.0,0.0,TRENT.NS,670
2022-09-13 00:00:00+05:30,1403.4537364769121,1465.5658621736834,1400.7619294925341,1455.9449462890625,934852,0.0,0.0,TRENT.NS,671
2022-09-14 00:00:00+05:30,1439.5942510510224,1469.9025732631444,1423.6425153290725,1426.2845458984375,786238,0.0,0.0,TRENT.NS,672
2022-09-15 00:00:00+05:30,1439.8934772544521,1447.0717100596682,1421.7484255122106,1430.8707275390625,552868,0.0,0.0,TRENT.NS,673
2022-09-16 00:00:00+05:30,1434.6593409992163,1458.9857641724225,1405.39789789118,1428.3782958984375,936253,0.0,0.0,TRENT.NS,674
2022-09-19 00:00:00+05:30,1429.0762150668181,1435.656282018987,1381.3206796786849,1417.51123046875,625902,0.0,0.0,TRENT.NS,675
2022-09-20 00:00:00+05:30,1422.6956027328617,1454.5990780569343,1422.6956027328617,1441.189697265625,551632,0.0,0.0,TRENT.NS,676
2022-09-21 00:00:00+05:30,1446.6232391255592,1494.0796353105534,1441.6383210031418,1457.5401611328125,1496404,0.0,0.0,TRENT.NS,677
2022-09-22 00:00:00+05:30,1457.5401386723552,1488.496528416376,1436.6533807421283,1482.265380859375,878084,0.0,0.0,TRENT.NS,678
2022-09-23 00:00:00+05:30,1485.5054361370862,1487.3498312979123,1413.4234793806054,1429.325439453125,743035,0.0,0.0,TRENT.NS,679
2022-09-26 00:00:00+05:30,1415.7165452649158,1424.490048592462,1348.9186519319937,1404.6998291015625,877826,0.0,0.0,TRENT.NS,680
2022-09-27 00:00:00+05:30,1415.118407627807,1439.046011685083,1385.8070683172266,1391.8388671875,599701,0.0,0.0,TRENT.NS,681
2022-09-28 00:00:00+05:30,1382.8160911383277,1405.1983216543613,1366.1665156504453,1383.962646484375,341570,0.0,0.0,TRENT.NS,682
2022-09-29 00:00:00+05:30,1398.7679196796312,1404.8993928482962,1365.9671365669674,1393.43408203125,513074,0.0,0.0,TRENT.NS,683
2022-09-30 00:00:00+05:30,1393.4838924279725,1425.6865105427487,1368.2602810319354,1415.7166748046875,721128,0.0,0.0,TRENT.NS,684
2022-10-03 00:00:00+05:30,1414.7196590990336,1420.7015604060064,1378.8282512571977,1385.6077880859375,487553,0.0,0.0,TRENT.NS,685
2022-10-04 00:00:00+05:30,1405.746831220188,1432.5657135462973,1397.4718189229473,1427.132080078125,669791,0.0,0.0,TRENT.NS,686
2022-10-06 00:00:00+05:30,1434.5595758361835,1450.4116377530709,1423.6924313961733,1443.033935546875,572255,0.0,0.0,TRENT.NS,687
2022-10-07 00:00:00+05:30,1450.6110815021595,1475.5356705314061,1435.706225943508,1446.3739013671875,633829,0.0,0.0,TRENT.NS,688
2022-10-10 00:00:00+05:30,1425.6863666338015,1447.4206550297517,1413.7225649557556,1427.53076171875,532783,0.0,0.0,TRENT.NS,689
2022-10-11 00:00:00+05:30,1441.8874152636222,1455.2470187670704,1402.0080744784573,1418.7574462890625,670168,0.0,0.0,TRENT.NS,690
2022-10-12 00:00:00+05:30,1415.71665475688,1435.5067540762666,1393.783016443745,1418.009765625,402168,0.0,0.0,TRENT.NS,691
2022-10-13 00:00:00+05:30,1418.6576733581908,1434.260490031376,1391.7890157535278,1397.4219970703125,286921,0.0,0.0,TRENT.NS,692
2022-10-14 00:00:00+05:30,1427.6804387452735,1427.6804387452735,1369.7058211694934,1375.4384765625,441023,0.0,0.0,TRENT.NS,693
2022-10-17 00:00:00+05:30,1373.793385561594,1383.2149527978706,1349.9655769191331,1374.092529296875,418522,0.0,0.0,TRENT.NS,694
2022-10-18 00:00:00+05:30,1382.8162079369365,1431.668402737881,1369.1575817448577,1424.58984375,651226,0.0,0.0,TRENT.NS,695
2022-10-19 00:00:00+05:30,1425.6865778887266,1443.333139297837,1412.8254648386805,1419.854248046875,451427,0.0,0.0,TRENT.NS,696
2022-10-20 00:00:00+05:30,1410.7317457998565,1427.2816486539798,1400.7619101404935,1421.2000732421875,439690,0.0,0.0,TRENT.NS,697
2022-10-21 00:00:00+05:30,1421.1999405088497,1438.6471512832481,1401.9581108025368,1426.683349609375,458912,0.0,0.0,TRENT.NS,698
2022-10-24 00:00:00+05:30,1441.986991319943,1441.986991319943,1417.7104686065136,1424.9385986328125,70262,0.0,0.0,TRENT.NS,699
2022-10-25 00:00:00+05:30,1425.6864753801806,1437.6502779707835,1415.417496142409,1429.62451171875,244221,0.0,0.0,TRENT.NS,700
2022-10-27 00:00:00+05:30,1429.6244302926768,1466.1141234773736,1428.6773446557006,1458.6865234375,441597,0.0,0.0,TRENT.NS,701
2022-10-28 00:00:00+05:30,1466.0644037535021,1473.541780855271,1440.6413216074877,1454.5491943359375,325536,0.0,0.0,TRENT.NS,702
2022-10-31 00:00:00+05:30,1455.5959326514471,1538.3455644391665,1455.5959326514471,1523.2911376953125,2085522,0.0,0.0,TRENT.NS,703
2022-11-01 00:00:00+05:30,1540.289716309032,1561.2762691181829,1518.1567297571603,1552.851806640625,999663,0.0,0.0,TRENT.NS,704
2022-11-02 00:00:00+05:30,1560.279210562255,1560.279210562255,1512.5735734167918,1525.634033203125,535001,0.0,0.0,TRENT.NS,705
2022-11-03 00:00:00+05:30,1506.442200990527,1547.0193843284267,1499.3137439981667,1540.838134765625,504000,0.0,0.0,TRENT.NS,706
2022-11-04 00:00:00+05:30,1545.1250793686306,1545.523775407577,1491.038724410047,1501.4571533203125,591976,0.0,0.0,TRENT.NS,707
2022-11-07 00:00:00+05:30,1513.1218056852938,1518.9043586524326,1482.0159692398038,1503.3514404296875,501244,0.0,0.0,TRENT.NS,708
2022-11-09 00:00:00+05:30,1502.4042362208293,1504.3484270665338,1490.6399039453966,1497.219970703125,328444,0.0,0.0,TRENT.NS,709
2022-11-10 00:00:00+05:30,1490.4904140904775,1494.77749205599,1455.147395761611,1466.463134765625,584753,0.0,0.0,TRENT.NS,710
2022-11-11 00:00:00+05:30,1467.6594346568443,1545.0253324808084,1390.792028599403,1414.76953125,2812289,0.0,0.0,TRENT.NS,711
2022-11-14 00:00:00+05:30,1429.2257541189924,1437.2513983233523,1396.8237901646553,1422.745361328125,1122597,0.0,0.0,TRENT.NS,712
2022-11-15 00:00:00+05:30,1419.8041437812121,1420.7014532499975,1401.8086650612963,1411.878173828125,710092,0.0,0.0,TRENT.NS,713
2022-11-16 00:00:00+05:30,1411.87825397911,1420.7015339018717,1382.9158336773264,1390.6424560546875,467953,0.0,0.0,TRENT.NS,714
2022-11-17 00:00:00+05:30,1391.7889766317542,1406.594157379432,1374.8402570022843,1392.48681640625,944775,0.0,0.0,TRENT.NS,715
2022-11-18 00:00:00+05:30,1399.4657871669228,1399.4657871669228,1367.7617826930184,1378.878173828125,591196,0.0,0.0,TRENT.NS,716
2022-11-21 00:00:00+05:30,1374.7904771348196,1378.628961330242,1354.6015593729232,1374.491455078125,457376,0.0,0.0,TRENT.NS,717
2022-11-22 00:00:00+05:30,1375.8372338069266,1408.6380153881037,1375.8372338069266,1403.90234375,770340,0.0,0.0,TRENT.NS,718
2022-11-23 00:00:00+05:30,1403.9023595420394,1417.6606590136187,1395.7769195627386,1406.0458984375,1390277,0.0,0.0,TRENT.NS,719
2022-11-24 00:00:00+05:30,1409.7347146306927,1429.6743852761056,1404.7497969693393,1425.1380615234375,602103,0.0,0.0,TRENT.NS,720
2022-11-25 00:00:00+05:30,1425.6864388356075,1443.6321422615101,1419.903885717536,1428.0792236328125,541513,0.0,0.0,TRENT.NS,721
2022-11-28 00:00:00+05:30,1416.7136834358864,1440.5416156117162,1415.8662717235823,1434.8089599609375,290527,0.0,0.0,TRENT.NS,722
2022-11-29 00:00:00+05:30,1434.6593692308904,1458.0884833218743,1429.7243491989475,1452.55517578125,476040,0.0,0.0,TRENT.NS,723
2022-11-30 00:00:00+05:30,1452.5550847255524,1475.3362554242199,1431.0202651237776,1467.2108154296875,960009,0.0,0.0,TRENT.NS,724
2022-12-01 00:00:00+05:30,1469.105161335121,1474.5386730112216,1451.2092335602804,1459.68359375,392526,0.0,0.0,TRENT.NS,725
2022-12-02 00:00:00+05:30,1459.5838794373813,1472.9434830021578,1455.9947630906581,1464.2696533203125,286105,0.0,0.0,TRENT.NS,726
2022-12-05 00:00:00+05:30,1458.2380090002043,1476.5326327427222,1444.3300155017298,1471.09912109375,462047,0.0,0.0,TRENT.NS,727
2022-12-06 00:00:00+05:30,1465.5658065483124,1483.5115103019652,1456.1443607584818,1471.2984619140625,501781,0.0,0.0,TRENT.NS,728
2022-12-07 00:00:00+05:30,1471.597583730589,1478.6262445747868,1450.6110318060976,1458.9857177734375,233857,0.0,0.0,TRENT.NS,729
2022-12-08 00:00:00+05:30,1461.5778543804372,1462.0264482879168,1440.441852233944,1453.70166015625,325774,0.0,0.0,TRENT.NS,730
2022-12-09 00:00:00+05:30,1463.5718865204904,1463.5718865204904,1428.5777874161759,1453.60205078125,381953,0.0,0.0,TRENT.NS,731
2022-12-12 00:00:00+05:30,1450.611124192128,1452.1065995778931,1435.7560443531086,1445.1776123046875,266399,0.0,0.0,TRENT.NS,732
2022-12-13 00:00:00+05:30,1444.629038933284,1455.4961830282712,1435.755861765741,1439.1456298828125,392861,0.0,0.0,TRENT.NS,733
2022-12-14 00:00:00+05:30,1439.8435892004154,1456.1443675476587,1437.2514563198874,1446.9720458984375,247467,0.0,0.0,TRENT.NS,734
2022-12-15 00:00:00+05:30,1444.8783666031607,1455.54604158812,1423.792140811194,1431.6683349609375,383487,0.0,0.0,TRENT.NS,735
2022-12-16 00:00:00+05:30,1422.9447038331273,1428.1289693648914,1396.7738868945253,1403.054931640625,505066,0.0,0.0,TRENT.NS,736
2022-12-19 00:00:00+05:30,1390.7920633166177,1419.9538323861595,1383.8131784110863,1413.7725830078125,467614,0.0,0.0,TRENT.NS,737
2022-12-20 00:00:00+05:30,1413.7725075091141,1417.0127038993626,1391.6394006837022,1408.1395263671875,270778,0.0,0.0,TRENT.NS,738
2022-12-21 00:00:00+05:30,1406.7437614290159,1415.8661850728186,1351.8099932430423,1362.2783203125,585477,0.0,0.0,TRENT.NS,739
2022-12-22 00:00:00+05:30,1363.8734774534764,1375.8372798872788,1314.2236486723596,1328.4306640625,879064,0.0,0.0,TRENT.NS,740
2022-12-23 00:00:00+05:30,1311.0334305758374,1330.973102523759,1274.0951396114733,1280.5257568359375,1182635,0.0,0.0,TRENT.NS,741
2022-12-26 00:00:00+05:30,1286.05886476749,1360.882527894078,1277.6344025613635,1353.4051513671875,835478,0.0,0.0,TRENT.NS,742
2022-12-27 00:00:00+05:30,1354.6015849777027,1359.1379090932573,1323.94433890793,1342.787353515625,868094,0.0,0.0,TRENT.NS,743
2022-12-28 00:00:00+05:30,1340.9428217915813,1352.408132163777,1330.5741689406561,1342.338623046875,565769,0.0,0.0,TRENT.NS,744
2022-12-29 00:00:00+05:30,1337.0048296897157,1345.9277837231916,1304.3536186401345,1344.531982421875,572355,0.0,0.0,TRENT.NS,745
2022-12-30 00:00:00+05:30,1351.261738229904,1357.044291963247,1336.0577378763442,1347.2738037109375,310890,0.0,0.0,TRENT.NS,746
2023-01-02 00:00:00+05:30,1353.903604700837,1354.3024224447013,1327.982033476815,1338.1014404296875,195562,0.0,0.0,TRENT.NS,747
2023-01-03 00:00:00+05:30,1337.9519577136994,1345.927826314079,1326.0380526727208,1343.335693359375,233893,0.0,0.0,TRENT.NS,748
2023-01-04 00:00:00+05:30,1341.989736820792,1349.467113338046,1296.1284941816346,1303.456298828125,589604,0.0,0.0,TRENT.NS,749
2023-01-05 00:00:00+05:30,1308.0423300426773,1308.0423300426773,1268.4621344379213,1276.0391845703125,617568,0.0,0.0,TRENT.NS,750
2023-01-06 00:00:00+05:30,1277.136019470222,1285.6602781170818,1232.2717564911743,1244.3851318359375,1046858,0.0,0.0,TRENT.NS,751
2023-01-09 00:00:00+05:30,1250.0180170905714,1251.2143486634363,1209.6899596841076,1216.0706787109375,852556,0.0,0.0,TRENT.NS,752
2023-01-10 00:00:00+05:30,1221.3047656652077,1231.4241723497078,1198.324247720224,1219.9588623046875,588497,0.0,0.0,TRENT.NS,753
2023-01-11 00:00:00+05:30,1226.389479457402,1231.274723347947,1201.3652158981993,1207.0479736328125,680945,0.0,0.0,TRENT.NS,754
2023-01-12 00:00:00+05:30,1211.3349718375362,1238.752018525217,1200.8666449204215,1205.8515625,566434,0.0,0.0,TRENT.NS,755
2023-01-13 00:00:00+05:30,1210.3379496380473,1214.6748034532527,1182.5220860926045,1201.763916015625,819106,0.0,0.0,TRENT.NS,756
2023-01-16 00:00:00+05:30,1203.3092054903673,1212.7805488887072,1188.4043506127625,1193.7880859375,372068,0.0,0.0,TRENT.NS,757
2023-01-17 00:00:00+05:30,1196.330289122749,1196.330289122749,1177.2879288204324,1189.5009765625,528204,0.0,0.0,TRENT.NS,758
2023-01-18 00:00:00+05:30,1194.3862111664582,1228.5328954172521,1187.3076527862727,1219.1114501953125,802598,0.0,0.0,TRENT.NS,759
2023-01-19 00:00:00+05:30,1219.2609717069317,1219.2609717069317,1188.4043798211048,1194.6854248046875,334432,0.0,0.0,TRENT.NS,760
2023-01-20 00:00:00+05:30,1200.9664260144543,1203.857702808825,1173.449702862101,1178.7337646484375,373948,0.0,0.0,TRENT.NS,761
2023-01-23 00:00:00+05:30,1184.6656712928784,1185.7125526729424,1157.5975443009966,1173.6988525390625,485408,0.0,0.0,TRENT.NS,762
2023-01-24 00:00:00+05:30,1173.4496221833754,1204.9045014333585,1173.3997243257254,1199.1219482421875,1173927,0.0,0.0,TRENT.NS,763
2023-01-25 00:00:00+05:30,1202.212578455305,1215.7715302711429,1181.525169981605,1208.4437255859375,765489,0.0,0.0,TRENT.NS,764
2023-01-27 00:00:00+05:30,1208.3439703204047,1208.3439703204047,1151.5159123102867,1172.751708984375,1368360,0.0,0.0,TRENT.NS,765
2023-01-30 00:00:00+05:30,1176.3408348248438,1186.4103436532484,1157.796966398916,1176.7894287109375,932999,0.0,0.0,TRENT.NS,766
2023-01-31 00:00:00+05:30,1176.7894960056713,1200.7669988012397,1165.6731052045768,1192.990478515625,965496,0.0,0.0,TRENT.NS,767
2023-02-01 00:00:00+05:30,1200.368228310033,1261.184226588199,1188.5539972472347,1212.33203125,1724393,0.0,0.0,TRENT.NS,768
2023-02-02 00:00:00+05:30,1211.4346680914944,1220.9559095241414,1193.09014672141,1206.9482421875,590000,0.0,0.0,TRENT.NS,769
2023-02-03 00:00:00+05:30,1213.3289622220718,1234.6644342137247,1205.4029917988285,1231.9227294921875,304320,0.0,0.0,TRENT.NS,770
2023-02-06 00:00:00+05:30,1237.2566721633536,1244.8337233333616,1210.2384404073784,1226.3895263671875,365009,0.0,0.0,TRENT.NS,771
2023-02-07 00:00:00+05:30,1228.3833899052265,1244.9831901138293,1202.4120418234063,1209.4906005859375,499648,0.0,0.0,TRENT.NS,772
2023-02-08 00:00:00+05:30,1208.4437047882307,1236.259569441073,1206.3500637287889,1232.321533203125,336510,0.0,0.0,TRENT.NS,773
2023-02-09 00:00:00+05:30,1286.1088226023383,1342.687640961007,1260.2371472936186,1337.852294921875,4103779,0.0,0.0,TRENT.NS,774
2023-02-10 00:00:00+05:30,1337.8523310723845,1348.5200070223154,1316.6165314910368,1324.7918701171875,820161,0.0,0.0,TRENT.NS,775
2023-02-13 00:00:00+05:30,1330.9729605534737,1330.9729605534737,1298.1224032041682,1302.509033203125,338292,0.0,0.0,TRENT.NS,776
2023-02-14 00:00:00+05:30,1303.4064230076299,1321.0032070495006,1292.987993564945,1316.616455078125,316603,0.0,0.0,TRENT.NS,777
2023-02-15 00:00:00+05:30,1314.5725305734395,1347.921577125484,1307.2945029628631,1343.38525390625,821781,0.0,0.0,TRENT.NS,778
2023-02-16 00:00:00+05:30,1345.9278208107005,1366.8644758010892,1334.3129378684705,1358.98828125,584385,0.0,0.0,TRENT.NS,779
2023-02-17 00:00:00+05:30,1355.8975906668002,1374.7406035833965,1346.0773273101092,1356.545654296875,535675,0.0,0.0,TRENT.NS,780
2023-02-20 00:00:00+05:30,1355.9475940624106,1359.7859565825613,1329.278282758446,1339.79638671875,390430,0.0,0.0,TRENT.NS,781
2023-02-21 00:00:00+05:30,1338.9489646464992,1353.3553288764133,1325.639258027849,1334.063720703125,575418,0.0,0.0,TRENT.NS,782
2023-02-22 00:00:00+05:30,1324.9413067361218,1348.3704213396047,1319.5077947961538,1339.79638671875,556036,0.0,0.0,TRENT.NS,783
2023-02-23 00:00:00+05:30,1340.9428535007307,1340.9428535007307,1310.8837756041437,1324.1934814453125,347591,0.0,0.0,TRENT.NS,784
2023-02-24 00:00:00+05:30,1327.982105019268,1337.9020427835812,1295.3807912120203,1301.6119384765625,409365,0.0,0.0,TRENT.NS,785
2023-02-27 00:00:00+05:30,1302.3098191425308,1303.3567005966524,1268.1631310616647,1284.9622802734375,419611,0.0,0.0,TRENT.NS,786
2023-02-28 00:00:00+05:30,1284.962231025914,1303.7055705481118,1269.1600660133774,1274.2945556640625,907835,0.0,0.0,TRENT.NS,787
2023-03-01 00:00:00+05:30,1282.6193303231162,1305.9487696107255,1276.3881831684178,1287.604248046875,467538,0.0,0.0,TRENT.NS,788
2023-03-02 00:00:00+05:30,1287.604265597346,1302.8581627208005,1272.9486559705717,1281.073974609375,299267,0.0,0.0,TRENT.NS,789
2023-03-03 00:00:00+05:30,1286.108787855571,1308.8898377806559,1272.5498358279,1300.9638671875,568928,0.0,0.0,TRENT.NS,790
2023-03-06 00:00:00+05:30,1302.6586387419338,1329.5771936961844,1302.6586387419338,1321.4019775390625,566960,0.0,0.0,TRENT.NS,791
2023-03-08 00:00:00+05:30,1315.071131933776,1343.9337555247828,1309.0892309447934,1338.500244140625,521534,0.0,0.0,TRENT.NS,792
2023-03-09 00:00:00+05:30,1342.3386591279886,1362.776821645179,1324.193485725618,1330.9730224609375,625276,0.0,0.0,TRENT.NS,793
2023-03-10 00:00:00+05:30,1320.55462514783,1341.3914842228005,1314.0243341387607,1336.9549560546875,391986,0.0,0.0,TRENT.NS,794
2023-03-13 00:00:00+05:30,1336.954880540078,1353.0062906341832,1307.0952732386795,1320.1058349609375,698497,0.0,0.0,TRENT.NS,795
2023-03-14 00:00:00+05:30,1327.0847855983561,1346.924782681455,1293.0377728578103,1333.7646484375,626503,0.0,0.0,TRENT.NS,796
2023-03-15 00:00:00+05:30,1340.9427616115775,1355.8975135998107,1309.089188557474,1317.264404296875,343676,0.0,0.0,TRENT.NS,797
2023-03-16 00:00:00+05:30,1316.018312693842,1340.992799808757,1304.054509851171,1332.3189697265625,475242,0.0,0.0,TRENT.NS,798
2023-03-17 00:00:00+05:30,1344.9306546630555,1355.7479005992104,1331.969869999883,1352.10888671875,440067,0.0,0.0,TRENT.NS,799
2023-03-20 00:00:00+05:30,1361.879452145839,1361.879452145839,1301.0634590412299,1340.3944091796875,605595,0.0,0.0,TRENT.NS,800
2023-03-21 00:00:00+05:30,1342.2888408763363,1349.6665438312352,1314.0742781151957,1317.563720703125,318911,0.0,0.0,TRENT.NS,801
2023-03-22 00:00:00+05:30,1319.1089049904654,1345.4292949376675,1318.1119214447538,1325.4896240234375,344287,0.0,0.0,TRENT.NS,802
2023-03-23 00:00:00+05:30,1328.480541349134,1348.3205377517268,1312.2296612806877,1341.0924072265625,388796,0.0,0.0,TRENT.NS,803
2023-03-24 00:00:00+05:30,1340.9429161390356,1340.9429161390356,1301.0635729081348,1306.098388671875,316370,0.0,0.0,TRENT.NS,804
2023-03-27 00:00:00+05:30,1312.6784161484159,1338.7993364915176,1306.098349055323,1324.4427490234375,456288,0.0,0.0,TRENT.NS,805
2023-03-28 00:00:00+05:30,1331.9700602272778,1334.462519172314,1284.114848482585,1287.25537109375,474383,0.0,0.0,TRENT.NS,806
2023-03-29 00:00:00+05:30,1284.1147966291285,1336.954924130172,1284.1147966291285,1331.8204345703125,508829,0.0,0.0,TRENT.NS,807
2023-03-31 00:00:00+05:30,1331.9699108365983,1384.8100345449363,1331.9699108365983,1370.8023681640625,675734,0.0,0.0,TRENT.NS,808
2023-04-03 00:00:00+05:30,1388.7981332613178,1388.7981332613178,1347.7224582591948,1353.3055419921875,401477,0.0,0.0,TRENT.NS,809
2023-04-05 00:00:00+05:30,1355.8975360723664,1368.8583213436464,1345.9277012483049,1360.68310546875,212990,0.0,0.0,TRENT.NS,810
2023-04-06 00:00:00+05:30,1362.8764865391868,1373.8433053774684,1342.9368159241292,1363.125732421875,343855,0.0,0.0,TRENT.NS,811
2023-04-10 00:00:00+05:30,1363.1256980837286,1369.0577012614403,1344.8310750956866,1354.6014404296875,357266,0.0,0.0,TRENT.NS,812
2023-04-11 00:00:00+05:30,1352.0093768718737,1366.7647821915596,1332.967015279725,1350.0653076171875,235880,0.0,0.0,TRENT.NS,813
2023-04-12 00:00:00+05:30,1350.0652914659902,1362.8765056756315,1341.4912573215438,1359.1378173828125,177221,0.0,0.0,TRENT.NS,814
2023-04-13 00:00:00+05:30,1363.7738361180075,1379.8252470942193,1353.1060390043315,1357.6922607421875,378453,0.0,0.0,TRENT.NS,815
2023-04-17 00:00:00+05:30,1351.909715428351,1363.8735182197524,1336.50636801526,1359.187744140625,375958,0.0,0.0,TRENT.NS,816
2023-04-18 00:00:00+05:30,1359.187699489603,1369.257208834484,1348.9187204168275,1356.9942626953125,502824,0.0,0.0,TRENT.NS,817
2023-04-19 00:00:00+05:30,1356.8945877882097,1366.8145252561555,1345.080357268018,1355.2994384765625,212326,0.0,0.0,TRENT.NS,818
2023-04-20 00:00:00+05:30,1359.5366880159825,1394.2815415614525,1350.464161746313,1389.4959716796875,611747,0.0,0.0,TRENT.NS,819
2023-04-21 00:00:00+05:30,1396.7739074404608,1401.5594770033194,1367.8613854449052,1379.1771240234375,600063,0.0,0.0,TRENT.NS,820
2023-04-24 00:00:00+05:30,1389.5457846580903,1391.838895440963,1373.2451284035953,1379.8251953125,327783,0.0,0.0,TRENT.NS,821
2023-04-25 00:00:00+05:30,1383.8131639390188,1383.8131639390188,1369.3070046419618,1377.1334228515625,153489,0.0,0.0,TRENT.NS,822
2023-04-26 00:00:00+05:30,1374.6906488078116,1384.5109117578975,1361.2313718106755,1369.3568115234375,509852,0.0,0.0,TRENT.NS,823
2023-04-27 00:00:00+05:30,1373.8432932684623,1382.8161449661518,1368.9580496704134,1378.13037109375,422730,0.0,0.0,TRENT.NS,824
2023-04-28 00:00:00+05:30,1370.852521123452,1370.852521123452,1302.2599972038508,1363.6243896484375,1816275,0.0,0.0,TRENT.NS,825
2023-05-02 00:00:00+05:30,1365.8675445545791,1434.65941358689,1364.9204588067137,1402.2574462890625,1312984,0.0,0.0,TRENT.NS,826
2023-05-03 00:00:00+05:30,1405.1983739589543,1409.7346976570034,1374.4913545559964,1385.9566650390625,515474,0.0,0.0,TRENT.NS,827
2023-05-04 00:00:00+05:30,1390.7420791022287,1403.4038425230256,1378.9777468703605,1400.7119140625,244571,0.0,0.0,TRENT.NS,828
2023-05-05 00:00:00+05:30,1400.462768658453,1423.1441448202447,1391.789060301595,1412.5263671875,317728,0.0,0.0,TRENT.NS,829
2023-05-08 00:00:00+05:30,1412.7256104116746,1425.5867218193541,1408.7875742928436,1417.2120361328125,319478,0.0,0.0,TRENT.NS,830
2023-05-09 00:00:00+05:30,1417.7604187414356,1443.6320915915408,1417.7604187414356,1428.62744140625,824650,0.0,0.0,TRENT.NS,831
2023-05-10 00:00:00+05:30,1435.6563796809048,1450.0129678181338,1423.8421483968673,1436.304443359375,469015,0.0,0.0,TRENT.NS,832
2023-05-11 00:00:00+05:30,1441.2394447723657,1470.5507864840606,1441.2394447723657,1466.961669921875,456556,0.0,0.0,TRENT.NS,833
2023-05-12 00:00:00+05:30,1466.9117091655921,1485.5054765514362,1457.889081137995,1481.6671142578125,326598,0.0,0.0,TRENT.NS,834
2023-05-15 00:00:00+05:30,1481.5175997551003,1513.7699942249617,1468.556813216193,1506.7413330078125,496686,0.0,0.0,TRENT.NS,835
2023-05-16 00:00:00+05:30,1513.4209150830968,1524.3877333083367,1492.035668224713,1495.674560546875,481416,0.0,0.0,TRENT.NS,836
2023-05-17 00:00:00+05:30,1498.416412340743,1508.5857178064732,1481.5175894594431,1501.0086669921875,469701,0.0,0.0,TRENT.NS,837
2023-05-18 00:00:00+05:30,1503.5509077160302,1513.1718235718297,1481.567492870539,1486.203369140625,245900,0.0,0.0,TRENT.NS,838
2023-05-19 00:00:00+05:30,1486.1535083928318,1494.079478695806,1467.1111475017058,1488.5960693359375,468553,0.0,0.0,TRENT.NS,839
2023-05-22 00:00:00+05:30,1489.3936853647233,1502.6534929858315,1473.6412972741657,1491.736572265625,276941,0.0,0.0,TRENT.NS,840
2023-05-23 00:00:00+05:30,1495.375569703219,1507.3891478064563,1488.6459311065132,1499.1142578125,368971,0.0,0.0,TRENT.NS,841
2023-05-24 00:00:00+05:30,1500.4102310569117,1500.5100267660152,1481.4675450440761,1493.979736328125,362122,0.0,0.0,TRENT.NS,842
2023-05-25 00:00:00+05:30,1497.9737423322044,1517.5433269636385,1491.3340291855477,1512.9005126953125,475551,2.2,0.0,TRENT.NS,843
2023-05-26 00:00:00+05:30,1511.8520796123978,1531.2719941732566,1490.7349716523486,1527.8272705078125,415204,0.0,0.0,TRENT.NS,844
2023-05-29 00:00:00+05:30,1529.0254596569946,1542.1051226271238,1520.7382807538502,1535.515380859375,347260,0.0,0.0,TRENT.NS,845
2023-05-30 00:00:00+05:30,1535.5153523296774,1559.4781378624712,1526.27969540558,1555.93359375,341563,0.0,0.0,TRENT.NS,846
2023-05-31 00:00:00+05:30,1558.9788734693045,1592.5267479848171,1547.596526254838,1558.0302734375,1279601,0.0,0.0,TRENT.NS,847
2023-06-01 00:00:00+05:30,1562.4734183066446,1570.6108049171987,1547.5964985572123,1559.977294921875,452507,0.0,0.0,TRENT.NS,848
2023-06-02 00:00:00+05:30,1564.1209237763505,1600.7139960201016,1557.5310603686476,1594.8232421875,514635,0.0,0.0,TRENT.NS,849
2023-06-05 00:00:00+05:30,1592.5266660702025,1607.5034058765052,1585.138116722889,1596.5704345703125,231024,0.0,0.0,TRENT.NS,850
2023-06-06 00:00:00+05:30,1602.4612774286145,1605.0073720900953,1581.5438117516087,1600.1649169921875,208474,0.0,0.0,TRENT.NS,851
2023-06-07 00:00:00+05:30,1602.5111924126238,1609.5003378000931,1584.3394631576125,1600.364501953125,632805,0.0,0.0,TRENT.NS,852
2023-06-08 00:00:00+05:30,1606.5051112237607,1614.1931229787579,1580.8948593131295,1586.13671875,286923,0.0,0.0,TRENT.NS,853
2023-06-09 00:00:00+05:30,1591.5283071534623,1617.5878115204846,1587.4346890834136,1595.9215087890625,437123,0.0,0.0,TRENT.NS,854
2023-06-12 00:00:00+05:30,1595.9215401155752,1606.5050793447479,1582.0930403470174,1592.876220703125,223661,0.0,0.0,TRENT.NS,855
2023-06-13 00:00:00+05:30,1599.9152263210447,1692.1219973140405,1595.8216084556277,1683.0361328125,1634306,0.0,0.0,TRENT.NS,856
2023-06-14 00:00:00+05:30,1692.8709024728655,1727.3174056491048,1678.3933866451707,1708.5465087890625,1207550,0.0,0.0,TRENT.NS,857
2023-06-15 00:00:00+05:30,1713.588829231965,1713.588829231965,1677.9442334374994,1682.437255859375,465902,0.0,0.0,TRENT.NS,858
2023-06-16 00:00:00+05:30,1683.2359310293382,1716.833778402488,1677.3950262961207,1711.5919189453125,484881,0.0,0.0,TRENT.NS,859
2023-06-19 00:00:00+05:30,1711.7914774834364,1720.8774642756364,1696.5152752167896,1705.80078125,199840,0.0,0.0,TRENT.NS,860
2023-06-20 00:00:00+05:30,1707.3485151714494,1722.3252565326025,1692.4715943764973,1716.7838134765625,273300,0.0,0.0,TRENT.NS,861
2023-06-21 00:00:00+05:30,1721.2767248987482,1721.2767248987482,1689.2764960490463,1698.1627197265625,369391,0.0,0.0,TRENT.NS,862
2023-06-22 00:00:00+05:30,1697.364003306966,1716.8337668743106,1693.6198180055535,1708.04736328125,213389,0.0,0.0,TRENT.NS,863
2023-06-23 00:00:00+05:30,1707.3484985623593,1741.1959580855037,1692.0721737701779,1722.2752685546875,732596,0.0,0.0,TRENT.NS,864
2023-06-26 00:00:00+05:30,1724.172293896766,1759.0681729863177,1708.596507886975,1750.9307861328125,445964,0.0,0.0,TRENT.NS,865
2023-06-27 00:00:00+05:30,1763.2615882399539,1763.2615882399539,1734.8557524026553,1740.1474609375,320512,0.0,0.0,TRENT.NS,866
2023-06-28 00:00:00+05:30,1757.2209194432132,1770.4503735916787,1746.7372010614101,1766.5565185546875,322724,0.0,0.0,TRENT.NS,867
2023-06-30 00:00:00+05:30,1772.1977312791223,1781.183775967865,1756.7717366491934,1761.41455078125,336262,0.0,0.0,TRENT.NS,868
2023-07-03 00:00:00+05:30,1772.1478757073862,1777.2399433035666,1743.1928429232269,1748.8341064453125,238418,0.0,0.0,TRENT.NS,869
2023-07-04 00:00:00+05:30,1748.8340967948334,1789.171355083971,1728.265941632692,1733.6575927734375,399795,0.0,0.0,TRENT.NS,870
2023-07-05 00:00:00+05:30,1742.2941962286145,1743.292645624734,1699.3608721954738,1729.0147705078125,502769,0.0,0.0,TRENT.NS,871
2023-07-06 00:00:00+05:30,1729.014780003325,1757.2709468210992,1720.7277230986392,1751.579833984375,240874,0.0,0.0,TRENT.NS,872
2023-07-07 00:00:00+05:30,1746.5875186757,1751.2302107067756,1693.3701188989305,1700.20947265625,248389,0.0,0.0,TRENT.NS,873
2023-07-10 00:00:00+05:30,1712.2907088763739,1715.2860570048244,1666.412008794683,1674.0501708984375,299305,0.0,0.0,TRENT.NS,874
2023-07-11 00:00:00+05:30,1674.0502101584127,1705.3515744585984,1670.405845473791,1690.4248046875,457955,0.0,0.0,TRENT.NS,875
2023-07-12 00:00:00+05:30,1694.3685348365589,1697.3638828651444,1665.363532674013,1685.33251953125,502653,0.0,0.0,TRENT.NS,876
2023-07-13 00:00:00+05:30,1688.3280125380206,1705.3516240480567,1656.2279609133718,1663.416748046875,270100,0.0,0.0,TRENT.NS,877
2023-07-14 00:00:00+05:30,1669.606965366488,1691.1235977537876,1654.879837356529,1685.0330810546875,268107,0.0,0.0,TRENT.NS,878
2023-07-17 00:00:00+05:30,1693.8194202478683,1720.2783291037188,1672.402729567903,1691.6728515625,473571,0.0,0.0,TRENT.NS,879
2023-07-18 00:00:00+05:30,1702.006678619908,1708.2968362845575,1670.4057328775502,1687.678955078125,173675,0.0,0.0,TRENT.NS,880
2023-07-19 00:00:00+05:30,1697.1143956457925,1717.3329963293208,1685.3826150022637,1713.7884521484375,383674,0.0,0.0,TRENT.NS,881
2023-07-20 00:00:00+05:30,1717.432744229026,1722.3251705389362,1699.5604760541846,1712.091064453125,235107,0.0,0.0,TRENT.NS,882
2023-07-21 00:00:00+05:30,1703.3546570938206,1727.367413644067,1698.562051275729,1711.242431640625,331260,0.0,0.0,TRENT.NS,883
2023-07-24 00:00:00+05:30,1722.325108846984,1731.5107940084254,1699.4107452816897,1706.549560546875,392933,0.0,0.0,TRENT.NS,884
2023-07-25 00:00:00+05:30,1706.3500629185735,1715.7853612080448,1689.3264515138715,1706.79931640625,221128,0.0,0.0,TRENT.NS,885
2023-07-26 00:00:00+05:30,1717.3329817952433,1723.772931724563,1701.4576118315113,1703.9537353515625,273042,0.0,0.0,TRENT.NS,886
2023-07-27 00:00:00+05:30,1703.9536283191417,1720.028638402327,1695.0674047697337,1706.39990234375,215362,0.0,0.0,TRENT.NS,887
2023-07-28 00:00:00+05:30,1710.9428201127853,1736.2534873260968,1687.9784845483323,1727.9664306640625,344569,0.0,0.0,TRENT.NS,888
2023-07-31 00:00:00+05:30,1736.3034569637707,1761.2646912501964,1728.365833213098,1754.3753662109375,346064,0.0,0.0,TRENT.NS,889
2023-08-01 00:00:00+05:30,1757.2709206793875,1759.3177906746357,1699.2610356854384,1704.9521484375,260609,0.0,0.0,TRENT.NS,890
2023-08-02 00:00:00+05:30,1704.9521320175998,1713.9881476330722,1675.5478466134182,1688.278076171875,752736,0.0,0.0,TRENT.NS,891
2023-08-03 00:00:00+05:30,1686.880244024888,1694.867839143088,1667.809885056391,1684.8333740234375,269065,0.0,0.0,TRENT.NS,892
2023-08-04 00:00:00+05:30,1696.3655723744673,1715.3860826652758,1687.3795275531781,1698.3125,396908,0.0,0.0,TRENT.NS,893
2023-08-07 00:00:00+05:30,1707.3484382758973,1715.3360333087671,1674.39960876531,1687.1798095703125,395041,0.0,0.0,TRENT.NS,894
2023-08-08 00:00:00+05:30,1677.3949081926087,1717.0332986397505,1671.8036162081714,1711.0426025390625,322580,0.0,0.0,TRENT.NS,895
2023-08-09 00:00:00+05:30,1719.180054703562,1803.5989992286566,1700.4092793339364,1785.127685546875,2491542,0.0,0.0,TRENT.NS,896
2023-08-10 00:00:00+05:30,1807.1934118802956,1912.0305987573292,1787.2244239037177,1892.5108642578125,4043720,0.0,0.0,TRENT.NS,897
2023-08-11 00:00:00+05:30,1890.8634493834368,1906.8884885053908,1873.4904061187642,1882.8758544921875,697959,0.0,0.0,TRENT.NS,898
2023-08-14 00:00:00+05:30,1882.0770919328768,1931.999561214916,1857.265649075909,1926.60791015625,1480009,0.0,0.0,TRENT.NS,899
2023-08-16 00:00:00+05:30,1926.008785094239,1963.949860176448,1903.443854289972,1953.51611328125,1232266,0.0,0.0,TRENT.NS,900
2023-08-17 00:00:00+05:30,1961.9530622104865,1981.4727966454504,1956.9608152328517,1971.7379150390625,969098,0.0,0.0,TRENT.NS,901
2023-08-18 00:00:00+05:30,1976.1309749660854,2024.555770161289,1952.9669979756363,1970.9390869140625,1571201,0.0,0.0,TRENT.NS,902
2023-08-21 00:00:00+05:30,1970.8891919268274,2014.8709378103333,1947.0263481959419,1996.848876953125,1066063,0.0,0.0,TRENT.NS,903
2023-08-22 00:00:00+05:30,1996.8488041141084,2030.8460545166138,1995.9003259482354,2024.70556640625,647887,0.0,0.0,TRENT.NS,904
2023-08-23 00:00:00+05:30,2032.6433642844327,2065.7418648294583,2024.705618320329,2047.769775390625,707284,0.0,0.0,TRENT.NS,905
2023-08-24 00:00:00+05:30,2064.5934911215686,2076.4249689537546,2033.391950801404,2065.841552734375,462418,0.0,0.0,TRENT.NS,906
2023-08-25 00:00:00+05:30,2058.8526172263414,2058.8526172263414,1996.898783709347,2010.8770751953125,766297,0.0,0.0,TRENT.NS,907
2023-08-28 00:00:00+05:30,2023.9069136411015,2023.9069136411015,1987.3635679406596,2002.639892578125,696730,0.0,0.0,TRENT.NS,908
2023-08-29 00:00:00+05:30,2006.88332573062,2049.5170670322855,1997.8972809885427,2046.1224365234375,352814,0.0,0.0,TRENT.NS,909
2023-08-30 00:00:00+05:30,2065.3924741102664,2074.1289061393186,2044.1753030158263,2059.351806640625,844098,0.0,0.0,TRENT.NS,910
2023-08-31 00:00:00+05:30,2060.799607582636,2069.885594830196,2040.2814232024016,2045.423583984375,682000,0.0,0.0,TRENT.NS,911
2023-09-01 00:00:00+05:30,2056.5060049786443,2109.6734309927137,2036.8366022291336,2059.90087890625,785674,0.0,0.0,TRENT.NS,912
2023-09-04 00:00:00+05:30,2070.7840418517167,2071.283266548402,2016.8677746096757,2028.2501220703125,744599,0.0,0.0,TRENT.NS,913
2023-09-05 00:00:00+05:30,2031.7943387044645,2076.7745280770005,2024.8551648750756,2060.499755859375,536090,0.0,0.0,TRENT.NS,914
2023-09-06 00:00:00+05:30,2068.986853005635,2083.9136231805855,2048.468668537013,2064.294189453125,331114,0.0,0.0,TRENT.NS,915
2023-09-07 00:00:00+05:30,2069.785566941833,2089.754554563076,2052.512343897047,2084.5126953125,303430,0.0,0.0,TRENT.NS,916
2023-09-08 00:00:00+05:30,2096.743547570125,2128.2446720015027,2064.0943039389404,2083.314453125,548262,0.0,0.0,TRENT.NS,917
2023-09-11 00:00:00+05:30,2090.703105598306,2103.0840246122716,2074.5282738137043,2082.515869140625,623499,0.0,0.0,TRENT.NS,918
2023-09-12 00:00:00+05:30,2090.7030914522365,2108.6751808162057,2029.9974405070031,2054.209716796875,722560,0.0,0.0,TRENT.NS,919
2023-09-13 00:00:00+05:30,2058.303410521996,2069.785578468153,2009.229598793301,2062.197265625,355761,0.0,0.0,TRENT.NS,920
2023-09-14 00:00:00+05:30,2047.8197349120264,2085.7108411766358,2044.824386689337,2055.30810546875,287994,0.0,0.0,TRENT.NS,921
2023-09-15 00:00:00+05:30,2069.7855306716806,2082.266147716252,2047.8696158938242,2067.039794921875,359579,0.0,0.0,TRENT.NS,922
2023-09-18 00:00:00+05:30,2069.785620464123,2069.785620464123,2044.4749523758983,2052.1630859375,323336,0.0,0.0,TRENT.NS,923
2023-09-20 00:00:00+05:30,2048.818108848155,2084.9619273181142,2019.313881189086,2058.4033203125,451829,0.0,0.0,TRENT.NS,924
2023-09-21 00:00:00+05:30,2059.801150884295,2108.7251724031175,2031.9443877249225,2055.008544921875,298279,0.0,0.0,TRENT.NS,925
2023-09-22 00:00:00+05:30,2066.2410773517395,2076.32551387111,2046.521701555969,2062.696533203125,394776,0.0,0.0,TRENT.NS,926
2023-09-25 00:00:00+05:30,2076.774511993229,2170.129520104463,2037.934810445614,2153.705078125,1841241,0.0,0.0,TRENT.NS,927
2023-09-26 00:00:00+05:30,2153.655413879065,2181.6119978329884,2138.1294765379544,2147.61474609375,1021206,0.0,0.0,TRENT.NS,928
2023-09-27 00:00:00+05:30,2139.677214312691,2146.8660017446205,2087.6081719545227,2110.572509765625,582180,0.0,0.0,TRENT.NS,929
2023-09-28 00:00:00+05:30,2118.80944105858,2128.6939920157483,2042.6277076951008,2061.3486328125,3956535,0.0,0.0,TRENT.NS,930
2023-09-29 00:00:00+05:30,2053.460756698099,2087.8575317905375,2028.0004201724062,2076.92431640625,767501,0.0,0.0,TRENT.NS,931
2023-10-03 00:00:00+05:30,2071.0836084650723,2083.065001087428,2048.8181384227837,2055.9072265625,543387,0.0,0.0,TRENT.NS,932
2023-10-04 00:00:00+05:30,2050.8149804529353,2052.761907947791,2004.4869058853885,2019.1641845703125,551771,0.0,0.0,TRENT.NS,933
2023-10-05 00:00:00+05:30,2019.8131251568298,2054.9584945915244,2019.164230564447,2044.4249267578125,461744,0.0,0.0,TRENT.NS,934
2023-10-06 00:00:00+05:30,2052.662403435958,2088.656311171547,2046.9213190868547,2068.88720703125,444220,0.0,0.0,TRENT.NS,935
2023-10-09 00:00:00+05:30,2031.8444292126073,2086.2099476202106,2029.2484852763048,2075.826171875,487722,0.0,0.0,TRENT.NS,936
2023-10-10 00:00:00+05:30,2086.5095489154446,2086.5095489154446,2043.9256593585988,2047.6199951171875,351329,0.0,0.0,TRENT.NS,937
2023-10-11 00:00:00+05:30,2055.2580942603367,2111.5208147867384,2051.813492623672,2098.041748046875,729470,0.0,0.0,TRENT.NS,938
2023-10-12 00:00:00+05:30,2101.735945429656,2104.5316524467717,2066.7902171208493,2073.97900390625,285544,0.0,0.0,TRENT.NS,939
2023-10-13 00:00:00+05:30,2071.7825298228518,2106.428675665549,2068.237985657971,2081.5673828125,321887,0.0,0.0,TRENT.NS,940
2023-10-16 00:00:00+05:30,2089.7546493463287,2113.7174355786806,2077.274031516979,2104.3818359375,446019,0.0,0.0,TRENT.NS,941
2023-10-17 00:00:00+05:30,2113.6672257469104,2114.3163640579965,2069.885369601245,2075.776123046875,373789,0.0,0.0,TRENT.NS,942
2023-10-18 00:00:00+05:30,2085.860716380083,2087.158505576333,2028.050350491008,2045.7728271484375,432748,0.0,0.0,TRENT.NS,943
2023-10-19 00:00:00+05:30,2042.7773562269415,2070.7839086620747,2016.8676448878455,2057.40478515625,350097,0.0,0.0,TRENT.NS,944
2023-10-20 00:00:00+05:30,2057.404835606254,2057.404835606254,2021.260895876032,2032.99267578125,353937,0.0,0.0,TRENT.NS,945
2023-10-23 00:00:00+05:30,2031.8445008822744,2037.984988983505,1976.9297846422128,1988.8612060546875,488451,0.0,0.0,TRENT.NS,946
2023-10-25 00:00:00+05:30,2004.7864871352824,2004.7864871352824,1970.7393884575083,1990.1591796875,512770,0.0,0.0,TRENT.NS,947
2023-10-26 00:00:00+05:30,1976.9298213191346,2037.7852637835917,1941.9840921544026,2027.9505615234375,966275,0.0,0.0,TRENT.NS,948
2023-10-27 00:00:00+05:30,2028.000524208123,2139.627094055754,2028.000524208123,2118.8095703125,999445,0.0,0.0,TRENT.NS,949
2023-10-30 00:00:00+05:30,2139.8767246546818,2139.8767246546818,2068.787175485022,2116.463134765625,483782,0.0,0.0,TRENT.NS,950
2023-10-31 00:00:00+05:30,2137.5802361612127,2161.6429643546976,2115.8142341163903,2151.35888671875,749792,0.0,0.0,TRENT.NS,951
2023-11-01 00:00:00+05:30,2160.344879723431,2205.874269060993,2145.6177513345515,2194.2421875,1081257,0.0,0.0,TRENT.NS,952
2023-11-02 00:00:00+05:30,2206.5730020404417,2206.5730020404417,2171.6272757637835,2186.454345703125,474395,0.0,0.0,TRENT.NS,953
2023-11-03 00:00:00+05:30,2191.5965640916656,2195.540390705156,2176.619822195823,2193.09423828125,230437,0.0,0.0,TRENT.NS,954
2023-11-06 00:00:00+05:30,2193.1439890315364,2242.018036419284,2185.256092835445,2229.737060546875,537580,0.0,0.0,TRENT.NS,955
2023-11-07 00:00:00+05:30,2230.9850889453205,2446.2008938931003,2178.316886025785,2420.2412109375,3419427,0.0,0.0,TRENT.NS,956
2023-11-08 00:00:00+05:30,2446.201196511472,2499.967797866157,2387.3426491274176,2449.046875,2652822,0.0,0.0,TRENT.NS,957
2023-11-09 00:00:00+05:30,2449.196313964808,2483.393205017924,2434.4192144799554,2474.20751953125,684007,0.0,0.0,TRENT.NS,958
2023-11-10 00:00:00+05:30,2473.1090720206726,2500.266845624398,2450.24467938007,2485.489990234375,644072,0.0,0.0,TRENT.NS,959
2023-11-13 00:00:00+05:30,2491.1312972905885,2560.024307115458,2481.49635791411,2555.08203125,1131761,0.0,0.0,TRENT.NS,960
2023-11-15 00:00:00+05:30,2575.799740003892,2575.799740003892,2530.919489461104,2549.19091796875,599328,0.0,0.0,TRENT.NS,961
2023-11-16 00:00:00+05:30,2552.535902113874,2554.183246126158,2487.5367483885866,2540.754150390625,766675,0.0,0.0,TRENT.NS,962
2023-11-17 00:00:00+05:30,2543.5999093267337,2609.647242010515,2540.804202153638,2572.405029296875,717236,0.0,0.0,TRENT.NS,963
2023-11-20 00:00:00+05:30,2590.9761352364526,2633.2105926672843,2581.2912250247814,2618.68310546875,568578,0.0,0.0,TRENT.NS,964
2023-11-21 00:00:00+05:30,2630.8141279984525,2647.8877096036585,2601.9090677037184,2609.697021484375,519349,0.0,0.0,TRENT.NS,965
2023-11-22 00:00:00+05:30,2620.929603228606,2642.9454606481368,2603.4567392070817,2623.076171875,395438,0.0,0.0,TRENT.NS,966
2023-11-23 00:00:00+05:30,2640.698999206592,2660.368403465352,2627.4195735481608,2650.93310546875,398832,0.0,0.0,TRENT.NS,967
2023-11-24 00:00:00+05:30,2655.8254148747624,2663.8629812429936,2635.906398231448,2645.59130859375,325606,0.0,0.0,TRENT.NS,968
2023-11-28 00:00:00+05:30,2664.362217192544,2679.338958154841,2640.948627573899,2667.607177734375,535972,0.0,0.0,TRENT.NS,969
2023-11-29 00:00:00+05:30,2689.822562009842,2715.782245236366,2663.8628787833177,2672.249755859375,460234,0.0,0.0,TRENT.NS,970
2023-11-30 00:00:00+05:30,2672.249866088702,2805.3931905570576,2670.852134439053,2782.678466796875,2343154,0.0,0.0,TRENT.NS,971
2023-12-01 00:00:00+05:30,2782.678580953135,2833.0003350737247,2748.132132927684,2803.346435546875,1049846,0.0,0.0,TRENT.NS,972
2023-12-04 00:00:00+05:30,2842.5853284390514,2862.554315642698,2767.9512387654236,2812.482177734375,685830,0.0,0.0,TRENT.NS,973
2023-12-05 00:00:00+05:30,2815.627374527133,2894.0056542790408,2813.1312509681547,2870.29248046875,676125,0.0,0.0,TRENT.NS,974
2023-12-06 00:00:00+05:30,2885.718272967179,2907.9337710843547,2850.1736222369277,2863.403076171875,487235,0.0,0.0,TRENT.NS,975
2023-12-07 00:00:00+05:30,2877.481347413294,2913.4754988849695,2832.151839829234,2840.788330078125,961559,0.0,0.0,TRENT.NS,976
2023-12-08 00:00:00+05:30,2852.869477273635,2882.822958831622,2795.85791987011,2836.894287109375,688323,0.0,0.0,TRENT.NS,977
2023-12-11 00:00:00+05:30,2854.516745414345,2902.8418406345413,2836.694570618085,2876.931884765625,577553,0.0,0.0,TRENT.NS,978
2023-12-12 00:00:00+05:30,2892.408010845841,2905.3878532320327,2845.2812472422347,2879.078857421875,462633,0.0,0.0,TRENT.NS,979
2023-12-13 00:00:00+05:30,2890.5109257143363,2969.3384547115447,2882.5733019764434,2958.854736328125,887243,0.0,0.0,TRENT.NS,980
2023-12-14 00:00:00+05:30,2985.5633266120713,2990.3559324515504,2939.934238098027,2980.121826171875,425400,0.0,0.0,TRENT.NS,981
2023-12-15 00:00:00+05:30,2995.3481197476794,3019.860100613359,2975.4291035037686,2985.114013671875,682553,0.0,0.0,TRENT.NS,982
2023-12-18 00:00:00+05:30,2993.900360163274,2996.8457370061224,2956.60817927442,2966.84228515625,646708,0.0,0.0,TRENT.NS,983
2023-12-19 00:00:00+05:30,2983.3667717357603,3008.9271735767397,2952.4148407036955,2996.14697265625,533290,0.0,0.0,TRENT.NS,984
2023-12-20 00:00:00+05:30,3017.313971910851,3020.309319996798,2923.160148323499,2944.377197265625,713170,0.0,0.0,TRENT.NS,985
2023-12-21 00:00:00+05:30,2905.4378395484578,2965.2948334956227,2875.035103476815,2950.61767578125,631420,0.0,0.0,TRENT.NS,986
2023-12-22 00:00:00+05:30,2974.1810367221356,2977.326054737693,2923.8093146799065,2960.901611328125,518707,0.0,0.0,TRENT.NS,987
2023-12-26 00:00:00+05:30,2981.4696630824697,2987.3104454474014,2957.0573817802197,2965.39453125,315645,0.0,0.0,TRENT.NS,988
2023-12-27 00:00:00+05:30,2971.0358713849737,3054.9555925401173,2970.936172701815,3006.08154296875,584065,0.0,0.0,TRENT.NS,989
2023-12-28 00:00:00+05:30,3020.3094119357497,3040.2783997832585,2998.3435253034895,3021.307861328125,503705,0.0,0.0,TRENT.NS,990
2023-12-29 00:00:00+05:30,3025.601210864842,3055.6046635447447,2996.7458774693546,3050.212890625,430702,0.0,0.0,TRENT.NS,991
2024-01-01 00:00:00+05:30,3057.0522003305437,3062.24408808222,2990.854961151056,2997.44482421875,421730,0.0,0.0,TRENT.NS,992
2024-01-02 00:00:00+05:30,3010.7742648853173,3013.220417220109,2936.1901417135605,2990.5556640625,408928,0.0,0.0,TRENT.NS,993
2024-01-03 00:00:00+05:30,3004.3343333065645,3103.0808843773502,2983.716450092621,3053.60791015625,714968,0.0,0.0,TRENT.NS,994
2024-01-04 00:00:00+05:30,3069.2333837395354,3103.629916011792,3056.1038719417634,3063.093017578125,299498,0.0,0.0,TRENT.NS,995
2024-01-05 00:00:00+05:30,3080.6654308444818,3091.748315891967,3040.2782042724825,3060.79638671875,258565,0.0,0.0,TRENT.NS,996
2024-01-08 00:00:00+05:30,3076.1725614051634,3078.4190725049393,3033.089568263172,3039.8291015625,303947,0.0,0.0,TRENT.NS,997
2024-01-09 00:00:00+05:30,3064.2409741551587,3138.1262241022037,3054.056839806758,3110.618896484375,723237,0.0,0.0,TRENT.NS,998
2024-01-10 00:00:00+05:30,3121.6518931821715,3185.003455695525,3107.3240475029834,3168.678955078125,951897,0.0,0.0,TRENT.NS,999
2024-01-11 00:00:00+05:30,3185.053420271113,3208.2173963934024,3163.5867592880945,3170.87548828125,485141,0.0,0.0,TRENT.NS,1000
2024-01-12 00:00:00+05:30,3198.033474814786,3235.924581344678,3157.1969912643744,3207.169189453125,597455,0.0,0.0,TRENT.NS,1001
2024-01-15 00:00:00+05:30,3232.979026292308,3232.979026292308,3175.5681881169503,3188.348388671875,381958,0.0,0.0,TRENT.NS,1002
2024-01-16 00:00:00+05:30,3198.5825542893544,3219.89930225672,3138.2760655887596,3161.190673828125,370700,0.0,0.0,TRENT.NS,1003
2024-01-17 00:00:00+05:30,3148.1109109686563,3179.01287068262,3112.3164030108596,3142.968994140625,420338,0.0,0.0,TRENT.NS,1004
2024-01-18 00:00:00+05:30,3133.134114170203,3180.0612344270544,3085.2085445461844,3146.86279296875,439730,0.0,0.0,TRENT.NS,1005
2024-01-19 00:00:00+05:30,3165.0345917637287,3213.758970697117,3142.669422955972,3205.072509765625,406436,0.0,0.0,TRENT.NS,1006
2024-01-23 00:00:00+05:30,3202.0273077333204,3220.7482344623504,3145.1156904770687,3159.24365234375,344687,0.0,0.0,TRENT.NS,1007
2024-01-24 00:00:00+05:30,3159.193727894664,3236.2739699883377,3125.1465071016114,3217.752685546875,339968,0.0,0.0,TRENT.NS,1008
2024-01-25 00:00:00+05:30,3218.05238611293,3247.4566721785527,3175.0690907080084,3226.788818359375,489321,0.0,0.0,TRENT.NS,1009
2024-01-29 00:00:00+05:30,3242.963583308253,3289.8907041258294,3220.598414721294,3241.365966796875,604096,0.0,0.0,TRENT.NS,1010
2024-01-30 00:00:00+05:30,3257.9403332913776,3269.9217258747353,3024.3531491374088,3050.212890625,1206541,0.0,0.0,TRENT.NS,1011
2024-01-31 00:00:00+05:30,3049.2642295284927,3099.685920291816,2987.6599551106624,3082.1630859375,986931,0.0,0.0,TRENT.NS,1012
2024-02-01 00:00:00+05:30,3084.210119403711,3128.9407001565382,3056.8027328121166,3097.98876953125,742113,0.0,0.0,TRENT.NS,1013
2024-02-02 00:00:00+05:30,3125.1467073446647,3208.167679717061,3103.1808199447983,3121.202880859375,892545,0.0,0.0,TRENT.NS,1014
2024-02-05 00:00:00+05:30,3170.07689847237,3175.0691455565784,3002.0378128655,3022.4560546875,808544,0.0,0.0,TRENT.NS,1015
2024-02-06 00:00:00+05:30,3020.3094512587522,3116.5598764320575,3016.964548245922,3030.2939453125,718388,0.0,0.0,TRENT.NS,1016
2024-02-07 00:00:00+05:30,3075.2241857241856,3629.0640252254116,2950.4180093555096,3601.90625,5846891,0.0,0.0,TRENT.NS,1017
2024-02-08 00:00:00+05:30,3729.5581145500287,3931.2946235557934,3614.0373223882684,3835.99267578125,7374486,0.0,0.0,TRENT.NS,1018
2024-02-09 00:00:00+05:30,3794.107688122637,3852.0177528360878,3661.413861482329,3753.720458984375,2001715,0.0,0.0,TRENT.NS,1019
2024-02-12 00:00:00+05:30,3761.957649507093,3828.7038447781906,3694.362674752128,3796.154541015625,1087518,0.0,0.0,TRENT.NS,1020
2024-02-13 00:00:00+05:30,3779.1310463830737,3873.9837410743266,3761.158956862626,3845.2783203125,1288707,0.0,0.0,TRENT.NS,1021
2024-02-14 00:00:00+05:30,3796.254118500544,3944.3741778544218,3786.2198974900757,3914.919921875,725269,0.0,0.0,TRENT.NS,1022
2024-02-15 00:00:00+05:30,3925.004363327528,4000.6369020917596,3869.740093933596,3946.520751953125,964837,0.0,0.0,TRENT.NS,1023
2024-02-16 00:00:00+05:30,3963.843942666567,4030.0411837108645,3924.205551992311,4018.359375,736660,0.0,0.0,TRENT.NS,1024
2024-02-19 00:00:00+05:30,4041.7230470468767,4093.442529368516,4007.476184926455,4040.874267578125,374829,0.0,0.0,TRENT.NS,1025
2024-02-20 00:00:00+05:30,4051.657823750495,4067.8826270201685,4004.331418179474,4019.657470703125,468003,0.0,0.0,TRENT.NS,1026
2024-02-21 00:00:00+05:30,4038.827907577682,4040.7748352237854,3867.8434418104634,3888.7109375,614056,0.0,0.0,TRENT.NS,1027
2024-02-22 00:00:00+05:30,3915.918273771418,3959.8500443083744,3823.7613518244398,3947.86865234375,1012228,0.0,0.0,TRENT.NS,1028
2024-02-23 00:00:00+05:30,3943.8750597895723,3943.8750597895723,3862.4514639166955,3879.774658203125,555204,0.0,0.0,TRENT.NS,1029
2024-02-26 00:00:00+05:30,3868.9911901470978,3907.8807431640384,3818.070273838065,3838.638427734375,671311,0.0,0.0,TRENT.NS,1030
2024-02-27 00:00:00+05:30,3858.807308276222,3988.8053720238095,3835.8429719666983,3931.39453125,861671,0.0,0.0,TRENT.NS,1031
2024-02-28 00:00:00+05:30,3933.840521683074,3948.8172621382905,3878.9757779012057,3918.714111328125,411252,0.0,0.0,TRENT.NS,1032
2024-02-29 00:00:00+05:30,3925.353674775726,3963.793975009948,3776.135467164382,3875.78076171875,1235124,0.0,0.0,TRENT.NS,1033
2024-03-01 00:00:00+05:30,3917.915161656921,3922.857437076327,3852.367060802213,3895.200439453125,645099,0.0,0.0,TRENT.NS,1034
2024-03-04 00:00:00+05:30,3903.5377889166316,3930.6455920466137,3836.54173809338,3913.721923828125,291319,0.0,0.0,TRENT.NS,1035
2024-03-05 00:00:00+05:30,3923.4069048390265,3929.7471560137137,3839.0879020292405,3846.32666015625,549270,0.0,0.0,TRENT.NS,1036
2024-03-06 00:00:00+05:30,3870.438900425861,3887.812065222139,3744.4346423030884,3865.995849609375,1009678,0.0,0.0,TRENT.NS,1037
2024-03-07 00:00:00+05:30,3883.9680314273146,3971.8315755829967,3834.3451467190725,3946.071533203125,680535,0.0,0.0,TRENT.NS,1038
2024-03-11 00:00:00+05:30,3975.8254819120916,4237.3694953513905,3894.0525741510687,3998.490234375,3757634,0.0,0.0,TRENT.NS,1039
2024-03-12 00:00:00+05:30,4019.5575579066185,4072.2757338594224,3951.413387803838,4002.38427734375,899570,0.0,0.0,TRENT.NS,1040
2024-03-13 00:00:00+05:30,4016.711884753663,4031.6886254545398,3871.487471176575,3937.934326171875,968084,0.0,0.0,TRENT.NS,1041
2024-03-14 00:00:00+05:30,3893.9526875329097,4098.634815980152,3864.5983724701787,4074.77197265625,723158,0.0,0.0,TRENT.NS,1042
2024-03-15 00:00:00+05:30,4044.768460235498,4138.572731908367,3975.076643886656,4057.598388671875,1197832,0.0,0.0,TRENT.NS,1043
2024-03-18 00:00:00+05:30,4057.5982455257526,4077.6671751118033,3999.6881828037926,4064.7373046875,328538,0.0,0.0,TRENT.NS,1044
2024-03-19 00:00:00+05:30,4073.6736405144393,4081.661235887997,3937.5849355850364,3949.516357421875,489357,0.0,0.0,TRENT.NS,1045
2024-03-20 00:00:00+05:30,3965.291589610619,3998.739642559835,3837.2904327484193,3958.901611328125,607192,0.0,0.0,TRENT.NS,1046
2024-03-21 00:00:00+05:30,3958.8518179884813,4009.4731531382176,3951.56308871367,3995.644775390625,622994,0.0,0.0,TRENT.NS,1047
2024-03-22 00:00:00+05:30,4003.782236905806,4018.7589784403663,3915.8687153455226,3942.4775390625,678055,0.0,0.0,TRENT.NS,1048
2024-03-26 00:00:00+05:30,3878.9759175800623,3942.477396901641,3860.0553502094003,3875.73095703125,844731,0.0,0.0,TRENT.NS,1049
2024-03-27 00:00:00+05:30,3876.4798916625964,3916.417868653325,3861.003925578689,3869.191162109375,524636,0.0,0.0,TRENT.NS,1050
2024-03-28 00:00:00+05:30,3869.191009813635,3968.8363072357643,3869.191009813635,3941.878173828125,837624,0.0,0.0,TRENT.NS,1051
2024-04-01 00:00:00+05:30,3968.7864108429994,3977.223259556865,3863.0507164331702,3880.773193359375,523250,0.0,0.0,TRENT.NS,1052
2024-04-02 00:00:00+05:30,3893.952772252968,3903.737625407453,3867.2442500330276,3885.865234375,604885,0.0,0.0,TRENT.NS,1053
2024-04-03 00:00:00+05:30,3878.9759266153574,3941.8282677163393,3837.0410517330292,3916.767333984375,727717,0.0,0.0,TRENT.NS,1054
2024-04-04 00:00:00+05:30,3943.8749744085953,4022.7025026763267,3908.979218007694,3996.992431640625,910922,0.0,0.0,TRENT.NS,1055
2024-04-05 00:00:00+05:30,4002.783384829708,4046.6152131403114,3906.1334404296276,3926.501953125,679916,0.0,0.0,TRENT.NS,1056
2024-04-08 00:00:00+05:30,3926.5022550277295,3973.8286596503985,3917.5162103199773,3925.75341796875,471027,0.0,0.0,TRENT.NS,1057
2024-04-09 00:00:00+05:30,3952.8111614489485,3952.8111614489485,3888.8604293048807,3896.299072265625,483412,0.0,0.0,TRENT.NS,1058
2024-04-10 00:00:00+05:30,3922.907539663024,4106.97177688199,3898.0959755354943,4014.91455078125,1107300,0.0,0.0,TRENT.NS,1059
2024-04-12 00:00:00+05:30,4040.724489342392,4107.570867836455,4018.758603806061,4047.56396484375,776121,0.0,0.0,TRENT.NS,1060
2024-04-15 00:00:00+05:30,3943.9252011665435,4060.4442003468725,3928.1496514943587,3963.04541015625,597371,0.0,0.0,TRENT.NS,1061
2024-04-16 00:00:00+05:30,3961.8469970035508,4027.3453714749603,3906.33311597217,3982.015625,577349,0.0,0.0,TRENT.NS,1062
2024-04-18 00:00:00+05:30,3981.816260932447,4171.4217070462455,3970.4340351236747,4080.7626953125,1484951,0.0,0.0,TRENT.NS,1063
2024-04-19 00:00:00+05:30,4081.6108313853783,4168.276280741013,3957.9030586742983,4152.5009765625,1180675,0.0,0.0,TRENT.NS,1064
2024-04-22 00:00:00+05:30,4208.763524532367,4298.124745062107,4108.619245585222,4162.13623046875,1179181,0.0,0.0,TRENT.NS,1065
2024-04-23 00:00:00+05:30,4208.46432821313,4218.448822467491,4133.580621305423,4151.85205078125,626656,0.0,0.0,TRENT.NS,1066
2024-04-24 00:00:00+05:30,4151.851805963277,4238.417561053806,4151.851805963277,4215.20361328125,641190,0.0,0.0,TRENT.NS,1067
2024-04-25 00:00:00+05:30,4243.409815276156,4340.259404001283,4189.194209587094,4316.4462890625,761557,0.0,0.0,TRENT.NS,1068
2024-04-26 00:00:00+05:30,4333.270202021635,4366.2190307466835,4286.792579541849,4298.1748046875,622336,0.0,0.0,TRENT.NS,1069
2024-04-29 00:00:00+05:30,4352.240431624272,4507.998520023764,4046.11578345738,4307.41015625,2349939,0.0,0.0,TRENT.NS,1070
2024-04-30 00:00:00+05:30,4443.099931074382,4662.758804071317,4373.25819894593,4403.06201171875,4924865,0.0,0.0,TRENT.NS,1071
2024-05-02 00:00:00+05:30,4403.062001901653,4669.4485998021155,4388.285145488096,4639.4951171875,1998618,0.0,0.0,TRENT.NS,1072
2024-05-03 00:00:00+05:30,4672.943295587297,4673.2923628743365,4475.050420236096,4516.6357421875,1313008,0.0,0.0,TRENT.NS,1073
2024-05-06 00:00:00+05:30,4547.937050748852,4572.898285934082,4473.3029575450155,4502.05810546875,735051,0.0,0.0,TRENT.NS,1074
2024-05-07 00:00:00+05:30,4524.972618870805,4550.932302915518,4410.050996998809,4496.96630859375,982212,0.0,0.0,TRENT.NS,1075
2024-05-08 00:00:00+05:30,4491.974066509168,4534.95711762763,4463.468043984071,4491.62451171875,596788,0.0,0.0,TRENT.NS,1076
2024-05-09 00:00:00+05:30,4505.802264103535,4541.4471027469235,4374.506167805586,4401.115234375,688477,0.0,0.0,TRENT.NS,1077
2024-05-10 00:00:00+05:30,4426.126435296727,4477.296969880295,4394.176052727475,4464.466796875,549717,0.0,0.0,TRENT.NS,1078
2024-05-13 00:00:00+05:30,4468.760373350338,4514.6388328064395,4351.24267873376,4458.77587890625,637292,0.0,0.0,TRENT.NS,1079
2024-05-14 00:00:00+05:30,4464.067010896329,4541.946059621427,4441.4020158090025,4533.3095703125,559577,0.0,0.0,TRENT.NS,1080
2024-05-15 00:00:00+05:30,4542.944805127568,4572.399062655319,4502.208264302228,4519.98046875,413777,0.0,0.0,TRENT.NS,1081
2024-05-16 00:00:00+05:30,4523.0753653709035,4627.014037164336,4523.0753653709035,4589.52197265625,500593,0.0,0.0,TRENT.NS,1082
2024-05-17 00:00:00+05:30,4592.867050909871,4665.7538541090935,4547.936829759667,4627.36328125,752254,0.0,0.0,TRENT.NS,1083
2024-05-21 00:00:00+05:30,4682.727495467447,4720.618843665358,4616.480282968114,4660.0625,668195,0.0,0.0,TRENT.NS,1084
2024-05-22 00:00:00+05:30,4676.248475891436,4709.769727287276,4541.065788486526,4642.927734375,742788,3.2,0.0,TRENT.NS,1085
2024-05-23 00:00:00+05:30,4648.972531729891,4707.921463466849,4604.061243678375,4694.48291015625,459499,0.0,0.0,TRENT.NS,1086
2024-05-24 00:00:00+05:30,4703.92486221851,4773.7642607957005,4650.071614405019,4711.318359375,549566,0.0,0.0,TRENT.NS,1087
2024-05-27 00:00:00+05:30,4754.880614504352,4756.729110717977,4645.974964792023,4677.947265625,611635,0.0,0.0,TRENT.NS,1088
2024-05-28 00:00:00+05:30,4693.783554633505,4719.661037558803,4596.018157770944,4611.904296875,445558,0.0,0.0,TRENT.NS,1089
2024-05-29 00:00:00+05:30,4645.975140144213,4715.414983636691,4596.118429222775,4668.005859375,744694,0.0,0.0,TRENT.NS,1090
2024-05-30 00:00:00+05:30,4665.058855608313,4693.933744245333,4598.216857077439,4647.32421875,523206,0.0,0.0,TRENT.NS,1091
2024-05-31 00:00:00+05:30,4660.962089672222,4705.923138768739,4495.005764213136,4555.20361328125,3005008,0.0,0.0,TRENT.NS,1092
2024-06-03 00:00:00+05:30,4741.691795544639,4741.691795544639,4600.514301302886,4658.16455078125,450140,0.0,0.0,TRENT.NS,1093
2024-06-04 00:00:00+05:30,4680.944663895957,4680.944663895957,4192.367942306817,4534.2216796875,1175204,0.0,0.0,TRENT.NS,1094
2024-06-05 00:00:00+05:30,4679.9456253132785,4927.780723158513,4520.333901648933,4899.55517578125,1231971,0.0,0.0,TRENT.NS,1095
2024-06-06 00:00:00+05:30,4905.799796659234,4924.334032989624,4816.876832683218,4874.2275390625,512601,0.0,0.0,TRENT.NS,1096
2024-06-07 00:00:00+05:30,4874.227403481061,5006.0628947014075,4836.8096250986355,4960.302734375,488611,0.0,0.0,TRENT.NS,1097
2024-06-10 00:00:00+05:30,5020.650649761031,5042.9814024615425,4915.741531706322,4965.14892578125,417996,0.0,0.0,TRENT.NS,1098
2024-06-11 00:00:00+05:30,5004.664294058634,5005.6634284754955,4880.472081186206,4902.35302734375,512441,0.0,0.0,TRENT.NS,1099
2024-06-12 00:00:00+05:30,4940.719833345084,5084.944988134878,4904.800754883386,5023.69775390625,954491,0.0,0.0,TRENT.NS,1100
2024-06-13 00:00:00+05:30,5183.509279418632,5183.509279418632,4967.746010086596,5019.50146484375,932377,0.0,0.0,TRENT.NS,1101
2024-06-14 00:00:00+05:30,5045.678501377217,5289.417534357155,5035.63739576125,5241.00927734375,1424125,0.0,0.0,TRENT.NS,1102
2024-06-18 00:00:00+05:30,5294.413513586178,5447.281086256245,5200.494874167966,5352.962890625,1247457,0.0,0.0,TRENT.NS,1103
2024-06-19 00:00:00+05:30,5370.297766015233,5397.3241570339105,5283.822388925526,5352.1630859375,707909,0.0,0.0,TRENT.NS,1104
2024-06-20 00:00:00+05:30,5370.247598509046,5417.306928156789,5300.457960374477,5332.5302734375,516737,0.0,0.0,TRENT.NS,1105
2024-06-21 00:00:00+05:30,5332.530023730199,5349.215763223286,5195.498839412414,5261.79150390625,638917,0.0,0.0,TRENT.NS,1106
2024-06-24 00:00:00+05:30,5261.791692433165,5435.291288282444,5195.499025564101,5391.07958984375,543826,0.0,0.0,TRENT.NS,1107
2024-06-25 00:00:00+05:30,5435.790877825237,5454.274864819036,5299.4587894221195,5334.1787109375,559045,0.0,0.0,TRENT.NS,1108
2024-06-26 00:00:00+05:30,5340.3736938398715,5390.330416887952,5255.4472646581335,5359.1572265625,578724,0.0,0.0,TRENT.NS,1109
2024-06-27 00:00:00+05:30,5355.360373369769,5382.337002116221,5299.159063481327,5324.38720703125,900729,0.0,0.0,TRENT.NS,1110
2024-06-28 00:00:00+05:30,5355.360573935065,5504.231604814977,5353.911633860239,5475.10693359375,970080,0.0,0.0,TRENT.NS,1111
2024-07-01 00:00:00+05:30,5495.239132684511,5550.191524011356,5375.343006153212,5510.87548828125,544030,0.0,0.0,TRENT.NS,1112
2024-07-02 00:00:00+05:30,5510.226099210559,5563.7295500531145,5455.273708375277,5531.10791015625,428098,0.0,0.0,TRENT.NS,1113
2024-07-03 00:00:00+05:30,5555.187589812474,5572.922226452612,5455.323905532018,5489.3447265625,355297,0.0,0.0,TRENT.NS,1114
2024-07-04 00:00:00+05:30,5543.197589792646,5615.135265795723,5488.994549193106,5592.60498046875,440575,0.0,0.0,TRENT.NS,1115
2024-07-05 00:00:00+05:30,5555.18758805184,5639.564688197263,5530.209226594772,5615.03564453125,362427,0.0,0.0,TRENT.NS,1116
2024-07-08 00:00:00+05:30,5656.299959235756,5660.096474878642,5567.176974055392,5589.40771484375,273130,0.0,0.0,TRENT.NS,1117
2024-07-09 00:00:00+05:30,5602.3469544553745,5629.723141161925,5545.196268044868,5588.00927734375,313079,0.0,0.0,TRENT.NS,1118
2024-07-10 00:00:00+05:30,5605.144311312972,5621.5802682961885,5465.315248724201,5563.1806640625,425869,0.0,0.0,TRENT.NS,1119
2024-07-11 00:00:00+05:30,5540.200191629974,5658.0980496303955,5540.200191629974,5630.3720703125,578262,0.0,0.0,TRENT.NS,1120
2024-07-12 00:00:00+05:30,5659.996485716683,5691.069663791197,5606.243248993558,5646.3583984375,476682,0.0,0.0,TRENT.NS,1121
2024-07-15 00:00:00+05:30,5685.0748946576105,5749.968870892092,5640.863196223761,5670.63720703125,498397,0.0,0.0,TRENT.NS,1122
2024-07-16 00:00:00+05:30,5695.016438651168,5720.4943663890335,5622.479182108112,5642.41162109375,641858,0.0,0.0,TRENT.NS,1123
2024-07-18 00:00:00+05:30,5645.009680029204,5655.350819247359,5278.377583163914,5303.9052734375,1342486,0.0,0.0,TRENT.NS,1124
2024-07-19 00:00:00+05:30,5303.905283967909,5303.905283967909,5101.63031728084,5161.87841796875,879290,0.0,0.0,TRENT.NS,1125
2024-07-22 00:00:00+05:30,5105.576964131919,5234.4155447009625,5079.149663176089,5205.6904296875,631260,0.0,0.0,TRENT.NS,1126
2024-07-23 00:00:00+05:30,5205.690436827737,5305.653642068254,4951.360473270619,5259.24365234375,763626,0.0,0.0,TRENT.NS,1127
2024-07-24 00:00:00+05:30,5280.425429525589,5375.343199781962,5258.544483217157,5282.27392578125,711861,0.0,0.0,TRENT.NS,1128
2024-07-25 00:00:00+05:30,5270.3340498012185,5330.831931593601,5221.476474278371,5305.35400390625,302964,0.0,0.0,TRENT.NS,1129
2024-07-26 00:00:00+05:30,5355.3604106474795,5406.865594080325,5320.390706473476,5388.681640625,336310,0.0,0.0,TRENT.NS,1130
2024-07-29 00:00:00+05:30,5410.262997198547,5545.146140769114,5360.356038934001,5512.6240234375,533654,0.0,0.0,TRENT.NS,1131
2024-07-30 00:00:00+05:30,5545.196274206865,5655.101065227182,5515.222240292233,5615.63525390625,789712,0.0,0.0,TRENT.NS,1132
2024-07-31 00:00:00+05:30,5620.18079932215,5914.176098496646,5620.18079932215,5833.94580078125,1671711,0.0,0.0,TRENT.NS,1133
2024-08-01 00:00:00+05:30,5888.8982425834265,5888.8982425834265,5717.996496024475,5765.8046875,767562,0.0,0.0,TRENT.NS,1134
2024-08-02 00:00:00+05:30,5720.044402669785,5800.824515954316,5519.218389580418,5533.4560546875,560989,0.0,0.0,TRENT.NS,1135
2024-08-05 00:00:00+05:30,5355.3607317178075,5419.655132104092,5221.526475004655,5342.27197265625,1074769,0.0,0.0,TRENT.NS,1136
2024-08-06 00:00:00+05:30,5350.46471800641,5462.967348912884,5190.0533975213175,5216.18115234375,642644,0.0,0.0,TRENT.NS,1137
2024-08-07 00:00:00+05:30,5284.421973507568,5495.039315141474,5270.034535360153,5467.71337890625,717292,0.0,0.0,TRENT.NS,1138
2024-08-08 00:00:00+05:30,5510.226488753423,5722.442548246291,5485.248127517007,5639.21484375,1183241,0.0,0.0,TRENT.NS,1139
2024-08-09 00:00:00+05:30,5733.882825576425,6368.333200178128,5621.729983766912,6269.91845703125,6877196,0.0,0.0,TRENT.NS,1140
2024-08-12 00:00:00+05:30,6297.494507962004,6428.430878981211,6271.566774536069,6376.82568359375,1889796,0.0,0.0,TRENT.NS,1141
2024-08-13 00:00:00+05:30,6369.4818738302165,6437.423013817739,6324.520825309062,6376.17626953125,651594,0.0,0.0,TRENT.NS,1142
2024-08-14 00:00:00+05:30,6394.460440258913,6446.415431336017,6285.654796901856,6432.77734375,885572,0.0,0.0,TRENT.NS,1143
2024-08-16 00:00:00+05:30,6434.4255948168175,6542.332111003187,6434.4255948168175,6496.771484375,1153478,0.0,0.0,TRENT.NS,1144
2024-08-19 00:00:00+05:30,6569.308925717735,6744.157452257751,6516.654345724811,6684.109375,1827850,0.0,0.0,TRENT.NS,1145
2024-08-20 00:00:00+05:30,6704.191765116728,6813.797002977497,6599.332415614275,6788.01904296875,1143592,0.0,0.0,TRENT.NS,1146
2024-08-21 00:00:00+05:30,6794.113875948982,6819.0922357870295,6734.165812337667,6777.32861328125,651691,0.0,0.0,TRENT.NS,1147
2024-08-22 00:00:00+05:30,6819.092355909245,7003.981983543975,6784.122651519968,6983.74951171875,771279,0.0,0.0,TRENT.NS,1148
2024-08-23 00:00:00+05:30,7013.923679506206,7023.915023779007,6905.767377753137,6942.7353515625,625160,0.0,0.0,TRENT.NS,1149
2024-08-26 00:00:00+05:30,6993.940972370329,7091.806384405725,6901.920594290707,6919.60546875,754901,0.0,0.0,TRENT.NS,1150
2024-08-27 00:00:00+05:30,6963.917307031491,6966.964471939588,6773.382173583315,6863.95361328125,578002,0.0,0.0,TRENT.NS,1151
2024-08-28 00:00:00+05:30,6983.949655945821,7318.6596895283465,6944.23406240879,7235.83154296875,2358476,0.0,0.0,TRENT.NS,1152
2024-08-29 00:00:00+05:30,7263.657703155948,7285.638661095999,7086.810905183718,7164.443359375,836313,0.0,0.0,TRENT.NS,1153
2024-08-30 00:00:00+05:30,7203.75935126375,7268.45330660277,7123.878357211353,7152.5537109375,1169809,0.0,0.0,TRENT.NS,1154
2024-09-02 00:00:00+05:30,7173.035623211263,7261.459017389512,7105.1944951931155,7142.0126953125,625283,0.0,0.0,TRENT.NS,1155
2024-09-03 00:00:00+05:30,7172.785914789692,7173.785049197658,6988.945183723902,7036.70361328125,857908,0.0,0.0,TRENT.NS,1156
2024-09-04 00:00:00+05:30,7036.903699124261,7162.744874092308,6944.03395991812,7133.7197265625,576206,0.0,0.0,TRENT.NS,1157
2024-09-05 00:00:00+05:30,7163.693853249115,7202.760107040183,7084.112893458408,7161.44580078125,667571,0.0,0.0,TRENT.NS,1158
2024-09-06 00:00:00+05:30,7178.681052725188,7183.726974441321,7053.889256788014,7097.4013671875,384793,0.0,0.0,TRENT.NS,1159
2024-09-09 00:00:00+05:30,7097.851014572595,7149.506459920629,7041.949247882792,7130.47265625,349967,0.0,0.0,TRENT.NS,1160
2024-09-10 00:00:00+05:30,7149.806154411506,7193.768070397267,7089.358519931085,7131.77197265625,376043,0.0,0.0,TRENT.NS,1161
2024-09-11 00:00:00+05:30,7154.751733282119,7213.400630309765,7101.547826062282,7142.662109375,428437,0.0,0.0,TRENT.NS,1162
2024-09-12 00:00:00+05:30,7191.769608719489,7302.673530165427,7136.667442617846,7204.2587890625,572357,0.0,0.0,TRENT.NS,1163
2024-09-13 00:00:00+05:30,7242.225971345984,7274.7978515852765,7193.81771269813,7226.88916015625,468707,0.0,0.0,TRENT.NS,1164
2024-09-16 00:00:00+05:30,7263.707278892076,7378.557976333819,7204.758347742883,7312.46484375,502100,0.0,0.0,TRENT.NS,1165
2024-09-17 00:00:00+05:30,7408.581799712523,7502.300414119051,7318.659700997199,7397.0419921875,753643,0.0,0.0,TRENT.NS,1166
2024-09-18 00:00:00+05:30,7428.564207187266,7446.548626249723,7239.578034444327,7329.64990234375,388287,0.0,0.0,TRENT.NS,1167
2024-09-19 00:00:00+05:30,7449.546296826404,7449.546296826404,7177.33192671376,7319.80859375,395523,0.0,0.0,TRENT.NS,1168
2024-09-20 00:00:00+05:30,7343.637760931704,7501.5009944320045,7275.546849876551,7458.68798828125,798170,0.0,0.0,TRENT.NS,1169
2024-09-23 00:00:00+05:30,7514.440283465698,7638.3827143145,7457.689155149086,7616.8515625,510496,0.0,0.0,TRENT.NS,1170
2024-09-24 00:00:00+05:30,7633.337416261394,7675.35082462949,7574.038689238777,7614.75341796875,613798,0.0,0.0,TRENT.NS,1171
2024-09-25 00:00:00+05:30,7611.655791627165,7735.298676044697,7562.99775025234,7608.30859375,576171,0.0,0.0,TRENT.NS,1172
2024-09-26 00:00:00+05:30,7718.213192094257,7933.027087067419,7703.875515951074,7838.60888671875,1712253,0.0,0.0,TRENT.NS,1173
2024-09-27 00:00:00+05:30,7893.112088347868,7931.079195980418,7729.703362651033,7826.91943359375,11179751,0.0,0.0,TRENT.NS,1174
2024-09-30 00:00:00+05:30,7807.985527980196,7827.169103543636,7477.272042614516,7568.09326171875,1117618,0.0,0.0,TRENT.NS,1175
2024-10-01 00:00:00+05:30,7593.421637490291,7640.830761146748,7515.738935869913,7606.11083984375,559721,0.0,0.0,TRENT.NS,1176
2024-10-03 00:00:00+05:30,7562.947922523962,7647.874347441663,7444.55049484458,7481.41845703125,741293,0.0,0.0,TRENT.NS,1177
2024-10-04 00:00:00+05:30,7434.559343839972,7449.496598812795,7265.705624029602,7346.93505859375,938897,0.0,0.0,TRENT.NS,1178
2024-10-07 00:00:00+05:30,7300.8751269761115,7497.4045719294845,7277.695013612491,7443.0517578125,854385,0.0,0.0,TRENT.NS,1179
2024-10-08 00:00:00+05:30,7513.490851257633,8066.411742660111,7444.550576159657,8034.9892578125,2278240,0.0,0.0,TRENT.NS,1180
2024-10-09 00:00:00+05:30,8081.997921989986,8314.996252305635,8028.044665989559,8213.7333984375,1260784,0.0,0.0,TRENT.NS,1181
2024-10-10 00:00:00+05:30,8192.902147011951,8263.790928415207,8005.064878275579,8021.900390625,606292,0.0,0.0,TRENT.NS,1182
2024-10-11 00:00:00+05:30,8062.015711900581,8301.607952959115,7943.118714786171,8227.822265625,800644,0.0,0.0,TRENT.NS,1183
2024-10-14 00:00:00+05:30,8272.882639194519,8337.776613975791,8156.63374140038,8184.75927734375,417498,0.0,0.0,TRENT.NS,1184
2024-10-15 00:00:00+05:30,8216.881431362895,8252.850270313415,8082.997419713743,8117.2177734375,460534,0.0,0.0,TRENT.NS,1185
2024-10-16 00:00:00+05:30,8102.98035039801,8126.060453653357,7759.777668479179,7799.04345703125,900545,0.0,0.0,TRENT.NS,1186
2024-10-17 00:00:00+05:30,7773.565177226168,7873.228833626804,7613.604150072022,7712.9677734375,997450,0.0,0.0,TRENT.NS,1187
2024-10-18 00:00:00+05:30,7713.317956679271,7793.248712707035,7623.495867164795,7761.326171875,571161,0.0,0.0,TRENT.NS,1188
2024-10-21 00:00:00+05:30,7813.231260014787,7843.205292981595,7545.962799394077,7599.9658203125,662166,0.0,0.0,TRENT.NS,1189
2024-10-22 00:00:00+05:30,7628.341341842859,7659.863836851731,7462.93435008762,7490.8603515625,610564,0.0,0.0,TRENT.NS,1190
2024-10-23 00:00:00+05:30,7461.536013644027,7578.434743370373,7443.5515936861275,7504.79833984375,505590,0.0,0.0,TRENT.NS,1191
2024-10-24 00:00:00+05:30,7562.64846492718,7633.7865430845795,7380.356194422796,7481.5185546875,448738,0.0,0.0,TRENT.NS,1192
2024-10-25 00:00:00+05:30,7443.551280988309,7504.698501419865,7057.935164113672,7355.078125,590268,0.0,0.0,TRENT.NS,1193
2024-10-28 00:00:00+05:30,7355.877227787141,7422.569448909052,7215.898400939321,7301.5244140625,419026,0.0,0.0,TRENT.NS,1194
2024-10-29 00:00:00+05:30,7306.96970155202,7439.655047838237,7158.248930513227,7403.8857421875,359440,0.0,0.0,TRENT.NS,1195
2024-10-30 00:00:00+05:30,7413.577633851922,7422.369821886088,7208.755071191592,7246.1728515625,481764,0.0,0.0,TRENT.NS,1196
2024-10-31 00:00:00+05:30,7252.7169944970365,7267.554238696158,7064.879717328632,7122.18017578125,742508,0.0,0.0,TRENT.NS,1197
2024-11-01 00:00:00+05:30,7147.757922271062,7208.654872822684,7118.832785493928,7142.81201171875,76497,0.0,0.0,TRENT.NS,1198
2024-11-04 00:00:00+05:30,7102.846574583038,7144.110630885691,6943.984202187666,7057.6357421875,681708,0.0,0.0,TRENT.NS,1199
2024-11-05 00:00:00+05:30,6999.935672317519,7072.372916999651,6788.168939099901,6962.318359375,1026360,0.0,0.0,TRENT.NS,1200
2024-11-06 00:00:00+05:30,7017.920156756568,7229.736653515166,6795.213192406159,6949.4296875,1142746,0.0,0.0,TRENT.NS,1201
2024-11-07 00:00:00+05:30,6992.941989890765,7009.177924643691,6301.3911804325,6499.869140625,4427899,0.0,0.0,TRENT.NS,1202
2024-11-08 00:00:00+05:30,6544.330551733494,6557.469071987008,6264.57290982733,6293.498046875,2523322,0.0,0.0,TRENT.NS,1203
2024-11-11 00:00:00+05:30,6224.957413374339,6614.270053947742,6206.672960238135,6475.0908203125,2339199,0.0,0.0,TRENT.NS,1204
2024-11-12 00:00:00+05:30,6514.3565214984965,6712.085128774098,6494.373832782243,6522.89892578125,1258152,0.0,0.0,TRENT.NS,1205
2024-11-13 00:00:00+05:30,6493.374839124355,6613.970563284932,6406.899946973419,6492.62548828125,758642,0.0,0.0,TRENT.NS,1206
2024-11-14 00:00:00+05:30,6490.377197605601,6544.630001512342,6361.538618898237,6457.40576171875,620489,0.0,0.0,TRENT.NS,1207
2024-11-18 00:00:00+05:30,6406.0503369877215,6447.414404353274,6269.568477811375,6296.1953125,828906,0.0,0.0,TRENT.NS,1208
2024-11-19 00:00:00+05:30,6354.344949801244,6574.204277246094,6354.294700366575,6418.28955078125,674042,0.0,0.0,TRENT.NS,1209
2024-11-21 00:00:00+05:30,6394.4605253630825,6513.357525756553,6340.707286715197,6454.8583984375,1511541,0.0,0.0,TRENT.NS,1210
2024-11-22 00:00:00+05:30,6454.308565200514,6672.219887303674,6424.434542582005,6647.04150390625,833104,0.0,0.0,TRENT.NS,1211
2024-11-25 00:00:00+05:30,6793.114925170258,6832.630496358701,6684.259034910285,6769.0859375,1490945,0.0,0.0,TRENT.NS,1212
2024-11-26 00:00:00+05:30,6769.135600863002,6804.404850252473,6640.397035074132,6663.5771484375,476650,0.0,0.0,TRENT.NS,1213
2024-11-27 00:00:00+05:30,6686.207711734949,6903.019886487861,6625.6103051649025,6839.17529296875,784373,0.0,0.0,TRENT.NS,1214
2024-11-28 00:00:00+05:30,6844.070640026983,6880.4892840505645,6710.236392003018,6737.36328125,813013,0.0,0.0,TRENT.NS,1215
2024-11-29 00:00:00+05:30,6744.157460466096,6814.096871167227,6722.276513832751,6789.51806640625,720647,0.0,0.0,TRENT.NS,1216
2024-12-02 00:00:00+05:30,6771.1836327110295,6892.029134290012,6747.754223599702,6799.4091796875,446537,0.0,0.0,TRENT.NS,1217
2024-12-03 00:00:00+05:30,6799.409134833506,6858.607848013106,6676.016036476027,6835.42822265625,842566,0.0,0.0,TRENT.NS,1218
2024-12-04 00:00:00+05:30,6884.035958275057,6914.009990023715,6725.373612028931,6817.89306640625,899250,0.0,0.0,TRENT.NS,1219
2024-12-05 00:00:00+05:30,6864.003680283126,7068.826235680711,6716.181548207624,6964.06689453125,1140361,0.0,0.0,TRENT.NS,1220
2024-12-06 00:00:00+05:30,7043.897595393048,7133.8196923555115,6924.051227686857,6993.89111328125,1088961,0.0,0.0,TRENT.NS,1221
2024-12-09 00:00:00+05:30,6978.953819669324,7018.9191958735855,6861.355505044843,6943.6845703125,825347,0.0,0.0,TRENT.NS,1222
2024-12-10 00:00:00+05:30,6943.984106908257,6953.925689370219,6804.10529036622,6872.09619140625,579733,0.0,0.0,TRENT.NS,1223
2024-12-11 00:00:00+05:30,6887.932760025019,7093.8544639372285,6828.883817549256,7057.18603515625,1037764,0.0,0.0,TRENT.NS,1224
2024-12-12 00:00:00+05:30,7040.10120114556,7100.648357190559,6973.958306873886,7006.43017578125,776145,0.0,0.0,TRENT.NS,1225
2024-12-13 00:00:00+05:30,6993.941134356809,7021.816887877736,6864.0536561473255,6994.19091796875,526964,0.0,0.0,TRENT.NS,1226
2024-12-16 00:00:00+05:30,6993.940732735396,7028.910436399073,6936.740288885524,6994.29052734375,497823,0.0,0.0,TRENT.NS,1227
2024-12-17 00:00:00+05:30,6993.941194664031,7023.915228355449,6885.035538918548,6935.6416015625,545205,0.0,0.0,TRENT.NS,1228
2024-12-18 00:00:00+05:30,6929.746363278505,7170.7875354864045,6842.8714327009675,7107.59228515625,1201264,0.0,0.0,TRENT.NS,1229
2024-12-19 00:00:00+05:30,6988.945289091142,7178.1812512412025,6985.548329624563,7085.861328125,660251,0.0,0.0,TRENT.NS,1230
2024-12-20 00:00:00+05:30,7118.832916613477,7181.778386613008,6783.523299488704,6825.63671875,768861,0.0,0.0,TRENT.NS,1231
2024-12-23 00:00:00+05:30,6864.05357582714,7063.880463041904,6854.11199304476,6939.98779296875,783189,0.0,0.0,TRENT.NS,1232
2024-12-24 00:00:00+05:30,6969.961533849041,7072.87237645031,6896.025588679197,7001.08447265625,486797,0.0,0.0,TRENT.NS,1233
2024-12-26 00:00:00+05:30,7041.849570519223,7068.87596120626,6942.035652525699,7057.5859375,440974,0.0,0.0,TRENT.NS,1234
2024-12-27 00:00:00+05:30,7094.853353667696,7227.738228479386,7068.875859343607,7112.13818359375,530288,0.0,0.0,TRENT.NS,1235
2024-12-30 00:00:00+05:30,7133.12018507187,7138.865207999361,6909.264312927588,6948.33056640625,960856,0.0,0.0,TRENT.NS,1236
2024-12-31 00:00:00+05:30,6947.980574860366,7139.814378480324,6811.898275274021,7117.18408203125,915919,0.0,0.0,TRENT.NS,1237
2025-01-01 00:00:00+05:30,7114.836001797813,7173.584908873969,7043.897460002047,7061.931640625,412650,0.0,0.0,TRENT.NS,1238
2025-01-02 00:00:00+05:30,7093.854379204514,7329.650102231593,7049.8427031643,7314.6630859375,706114,0.0,0.0,TRENT.NS,1239
2025-01-03 00:00:00+05:30,7343.638192002362,7486.564179629791,7273.7987916664715,7301.375,940233,0.0,0.0,TRENT.NS,1240
2025-01-06 00:00:00+05:30,7301.374811516818,7332.247967587959,6929.247000862578,6992.29248046875,942724,0.0,0.0,TRENT.NS,1241
2025-01-07 00:00:00+05:30,7004.132368548036,7078.867428685564,6832.43101937157,6868.349609375,601356,0.0,0.0,TRENT.NS,1242
2025-01-08 00:00:00+05:30,6863.603433080447,6867.550209052536,6584.645404944873,6693.30126953125,1257939,0.0,0.0,TRENT.NS,1243
2025-01-09 00:00:00+05:30,6713.184336360932,6713.184336360932,6566.51159496951,6615.96875,592991,0.0,0.0,TRENT.NS,1244
2025-01-10 00:00:00+05:30,6595.286152638818,6620.264512556401,6474.390890637713,6578.40087890625,768200,0.0,0.0,TRENT.NS,1245
2025-01-13 00:00:00+05:30,6457.055983390683,6518.203205242194,6149.67237562356,6219.01220703125,1068954,0.0,0.0,TRENT.NS,1246
2025-01-14 00:00:00+05:30,6232.000893565172,6311.5320904562395,6132.687030429064,6155.81689453125,1130732,0.0,0.0,TRENT.NS,1247
2025-01-15 00:00:00+05:30,6194.633425922303,6513.357307030241,6159.36417591493,6384.71875,1463322,0.0,0.0,TRENT.NS,1248
2025-01-16 00:00:00+05:30,6492.375595519121,6492.375595519121,6145.176377383865,6206.17333984375,1477566,0.0,0.0,TRENT.NS,1249
2025-01-17 00:00:00+05:30,6211.568989371363,6304.538252934023,6074.737334047363,6211.1689453125,770051,0.0,0.0,TRENT.NS,1250
2025-01-20 00:00:00+05:30,6204.624644011699,6219.611660060037,6068.792126750163,6084.728515625,909757,0.0,0.0,TRENT.NS,1251
2025-01-21 00:00:00+05:30,6085.328163152623,6103.712138809598,5718.345799953789,5731.984375,1553225,0.0,0.0,TRENT.NS,1252
2025-01-22 00:00:00+05:30,5731.034970859859,5743.0245837696075,5563.180390123377,5621.47998046875,1377528,0.0,0.0,TRENT.NS,1253
2025-01-23 00:00:00+05:30,5615.135439368381,5787.436365209168,5600.198184648684,5728.63720703125,2106761,0.0,0.0,TRENT.NS,1254
2025-01-24 00:00:00+05:30,5715.0488641410575,5750.068330306733,5461.718527902861,5485.69775390625,1119070,0.0,0.0,TRENT.NS,1255
2025-01-27 00:00:00+05:30,5472.259197898423,5540.65014383539,5345.369127032419,5407.9150390625,1186126,0.0,0.0,TRENT.NS,1256
2025-01-28 00:00:00+05:30,5479.253305907737,5534.105689461895,5312.59787533539,5450.37841796875,1136463,0.0,0.0,TRENT.NS,1257
2025-01-29 00:00:00+05:30,5490.24369135624,5647.007785808866,5411.01252622224,5592.30517578125,701998,0.0,0.0,TRENT.NS,1258
2025-01-30 00:00:00+05:30,5595.152626868332,5629.123196388604,5452.07638598069,5506.4296875,575077,0.0,0.0,TRENT.NS,1259
2025-01-31 00:00:00+05:30,5564.1794635526385,5812.614134092316,5522.96516962706,5748.22021484375,1029356,0.0,0.0,TRENT.NS,1260
2025-02-01 00:00:00+05:30,5774.997027475967,6264.972456249265,5672.135942370819,6184.142578125,2120509,0.0,0.0,TRENT.NS,1261
2025-02-03 00:00:00+05:30,6204.624619717884,6227.105143702369,6030.725472661338,6129.78955078125,1498258,0.0,0.0,TRENT.NS,1262
2025-02-04 00:00:00+05:30,6164.609401066292,6184.641850365479,5648.556490611724,5745.322265625,2602288,0.0,0.0,TRENT.NS,1263
2025-02-05 00:00:00+05:30,5760.709511621895,5901.087897414639,5720.44410184305,5744.97314453125,1428644,0.0,0.0,TRENT.NS,1264
2025-02-06 00:00:00+05:30,5839.940553324955,5839.940553324955,5240.459914831375,5272.5322265625,6021478,0.0,0.0,TRENT.NS,1265
2025-02-07 00:00:00+05:30,5316.793832393256,5512.973974342138,5250.45140413537,5449.6787109375,2846965,0.0,0.0,TRENT.NS,1266
2025-02-10 00:00:00+05:30,5455.274097091932,5485.2481305924375,5165.52510658705,5192.251953125,1529876,0.0,0.0,TRENT.NS,1267
2025-02-11 00:00:00+05:30,5207.0389555310085,5245.455870334334,5130.555408412724,5223.82470703125,1596380,0.0,0.0,TRENT.NS,1268
2025-02-12 00:00:00+05:30,5223.82464104976,5285.421181634516,5108.873931142334,5232.7666015625,1313946,0.0,0.0,TRENT.NS,1269
2025-02-13 00:00:00+05:30,5242.108395144096,5373.344795979464,5199.794955789237,5252.24951171875,986050,0.0,0.0,TRENT.NS,1270
2025-02-14 00:00:00+05:30,5263.439906728155,5320.390566311204,5028.84334976457,5112.92041015625,888168,0.0,0.0,TRENT.NS,1271
2025-02-17 00:00:00+05:30,5105.57664983957,5154.833779321791,4993.823372564418,5092.03857421875,1078162,0.0,0.0,TRENT.NS,1272
2025-02-18 00:00:00+05:30,5095.585318080636,5115.018676839102,4923.98398898645,4993.423828125,721122,0.0,0.0,TRENT.NS,1273
2025-02-19 00:00:00+05:30,4955.706908982058,5098.882681592063,4935.724219832937,4987.1298828125,764148,0.0,0.0,TRENT.NS,1274
2025-02-20 00:00:00+05:30,4955.706686930091,5132.853023156148,4947.164282845053,5095.0859375,812700,0.0,0.0,TRENT.NS,1275
2025-02-21 00:00:00+05:30,5083.595921117462,5163.47691301667,5018.652183917652,5043.83056640625,912164,0.0,0.0,TRENT.NS,1276
2025-02-24 00:00:00+05:30,4994.273186759285,5075.6026273502275,4923.983985873771,5061.61474609375,823625,0.0,0.0,TRENT.NS,1277
2025-02-25 00:00:00+05:30,5085.594425015074,5124.8104527521755,4932.027262656533,4955.60693359375,976304,0.0,0.0,TRENT.NS,1278
2025-02-27 00:00:00+05:30,4946.714710950454,4954.707786629631,4765.971384726797,4801.140625,997906,0.0,0.0,TRENT.NS,1279
2025-02-28 00:00:00+05:30,4755.880021425177,4872.179174797547,4710.91897080246,4847.3505859375,2178604,0.0,0.0,TRENT.NS,1280
2025-03-03 00:00:00+05:30,4895.808617025946,5018.602632483122,4770.8670479094835,4942.6181640625,1415550,0.0,0.0,TRENT.NS,1281
2025-03-04 00:00:00+05:30,4894.659600746277,5065.511589644269,4861.488630119845,4995.47216796875,898723,0.0,0.0,TRENT.NS,1282
2025-03-05 00:00:00+05:30,4982.683173073567,5315.394922949945,4982.683173073567,5101.68017578125,2128488,0.0,0.0,TRENT.NS,1283
2025-03-06 00:00:00+05:30,5170.020927901004,5170.020927901004,4966.647316903896,5065.11181640625,1499675,0.0,0.0,TRENT.NS,1284
2025-03-07 00:00:00+05:30,5070.607317035774,5095.53591662455,4980.685216832184,4995.5224609375,690809,0.0,0.0,TRENT.NS,1285
2025-03-10 00:00:00+05:30,4985.6809924448,4993.524295585802,4783.606046408335,4795.5458984375,1217553,0.0,0.0,TRENT.NS,1286
2025-03-11 00:00:00+05:30,4735.597825086401,5040.633382505683,4718.862322775802,4991.12646484375,1437957,0.0,0.0,TRENT.NS,1287
2025-03-12 00:00:00+05:30,5006.262900682909,5100.581090065587,4955.706602688601,5011.0087890625,1026027,0.0,0.0,TRENT.NS,1288
2025-03-13 00:00:00+05:30,5025.64625372173,5103.4787293438285,4965.798198093069,5018.052734375,860279,0.0,0.0,TRENT.NS,1289
2025-03-17 00:00:00+05:30,5018.052791384378,5175.416468114743,5009.660159530482,5155.083984375,856529,0.0,0.0,TRENT.NS,1290
2025-03-18 00:00:00+05:30,5155.083984375,5155.083984375,5155.083984375,5155.083984375,0,0.0,0.0,TRENT.NS,1291
2025-03-19 00:00:00+05:30,5271.482847719103,5295.312300693494,5190.103643681735,5226.322265625,957079,0.0,0.0,TRENT.NS,1292
2025-03-20 00:00:00+05:30,5242.458440241734,5270.983533542903,5154.3345869261275,5217.0302734375,759448,0.0,0.0,TRENT.NS,1293
2025-03-21 00:00:00+05:30,5219.977546295726,5288.868056649627,5121.063243092878,5145.591796875,1197537,0.0,0.0,TRENT.NS,1294
2025-03-24 00:00:00+05:30,5145.992320713846,5163.676708098971,5040.433373783057,5050.3251953125,908085,0.0,0.0,TRENT.NS,1295
2025-03-25 00:00:00+05:30,5117.016967137209,5244.256340181704,5061.614770606071,5180.5615234375,1461587,0.0,0.0,TRENT.NS,1296
2025-03-26 00:00:00+05:30,5200.494781617333,5405.317342660858,5114.069652201406,5317.34375,1625697,0.0,0.0,TRENT.NS,1297
2025-03-27 00:00:00+05:30,5354.361430795678,5440.237230525218,5331.181316787808,5417.6064453125,1670468,0.0,0.0,TRENT.NS,1298
2025-03-28 00:00:00+05:30,5418.256165751845,5521.1670103977785,5285.421050262028,5320.54052734375,1535964,0.0,0.0,TRENT.NS,1299
2025-04-01 00:00:00+05:30,5346.218484675894,5610.089981377512,5329.58299422977,5571.9228515625,2260895,0.0,0.0,TRENT.NS,1300
2025-04-02 00:00:00+05:30,5625.676312865825,5697.064664849593,5511.025634105479,5677.58154296875,1491897,0.0,0.0,TRENT.NS,1301
2025-04-03 00:00:00+05:30,5625.126614318799,5746.021875479114,5605.143926523705,5670.38720703125,960710,0.0,0.0,TRENT.NS,1302
2025-04-04 00:00:00+05:30,5683.076734724474,5683.076734724474,5539.600930558791,5558.03515625,680922,0.0,0.0,TRENT.NS,1303
2025-04-07 00:00:00+05:30,5002.26664953246,5002.26664953246,4484.11542467938,4736.8466796875,7644740,0.0,0.0,TRENT.NS,1304
2025-04-08 00:00:00+05:30,4898.75598751888,4959.752947798249,4680.145574857071,4763.07373046875,3035242,0.0,0.0,TRENT.NS,1305
2025-04-09 00:00:00+05:30,4762.873913700557,4763.073935733607,4601.014133121684,4616.201171875,1598513,0.0,0.0,TRENT.NS,1306
2025-04-11 00:00:00+05:30,4778.360128260205,4825.819010872303,4656.715518617616,4776.41162109375,1894062,0.0,0.0,TRENT.NS,1307
2025-04-15 00:00:00+05:30,4874.7770775330955,4980.685331318401,4826.319055753969,4872.77880859375,1587931,0.0,0.0,TRENT.NS,1308
2025-04-16 00:00:00+05:30,4917.7398397161405,5045.129484080994,4847.800427123672,5031.1416015625,1589998,0.0,0.0,TRENT.NS,1309
2025-04-17 00:00:00+05:30,5047.627030975904,5139.547396543953,4949.711858957765,5126.05908203125,1464066,0.0,0.0,TRENT.NS,1310
2025-04-21 00:00:00+05:30,5175.516160651819,5369.847800274749,5121.5629033786145,5355.3603515625,1309441,0.0,0.0,TRENT.NS,1311
2025-04-22 00:00:00+05:30,5374.344106281115,5413.809916319803,5295.412486203739,5318.392578125,1166872,0.0,0.0,TRENT.NS,1312
2025-04-23 00:00:00+05:30,5345.86859658861,5377.341330126138,5205.989780866265,5324.38720703125,970478,0.0,0.0,TRENT.NS,1313
2025-04-24 00:00:00+05:30,5306.4029095820715,5394.32673862429,5251.450516430685,5318.89208984375,1039905,0.0,0.0,TRENT.NS,1314
2025-04-25 00:00:00+05:30,5329.382784598214,5351.3637409651365,5100.581011506165,5140.54638671875,1030377,0.0,0.0,TRENT.NS,1315
2025-04-28 00:00:00+05:30,5120.064297581717,5247.453935193517,5110.572520661622,5204.99072265625,982085,0.0,0.0,TRENT.NS,1316
2025-04-29 00:00:00+05:30,5216.480596084404,5505.230431799476,5170.520414621105,5386.8330078125,1420743,0.0,0.0,TRENT.NS,1317
2025-04-30 00:00:00+05:30,5430.295742678377,5430.295742678377,5115.568390526824,5168.02294921875,2709549,0.0,0.0,TRENT.NS,1318
2025-05-02 00:00:00+05:30,5168.022560175879,5263.939460277742,5125.0597820052535,5149.53857421875,756554,0.0,0.0,TRENT.NS,1319
2025-05-05 00:00:00+05:30,5170.520777569593,5377.341608672376,5150.538088574155,5365.8515625,1310015,0.0,0.0,TRENT.NS,1320
2025-05-06 00:00:00+05:30,5376.342125791868,5418.805337155212,5205.490145953472,5219.47802734375,709414,0.0,0.0,TRENT.NS,1321
2025-05-07 00:00:00+05:30,5140.546389331376,5266.437321315002,5138.048553379321,5228.47021484375,711009,0.0,0.0,TRENT.NS,1322
2025-05-08 00:00:00+05:30,5228.470447983683,5314.396008565872,5175.016756226158,5221.97607421875,926044,0.0,0.0,TRENT.NS,1323
2025-05-09 00:00:00+05:30,5059.117065644558,5202.992420133117,5059.117065644558,5108.57421875,778167,0.0,0.0,TRENT.NS,1324
2025-05-12 00:00:00+05:30,5325.386603701928,5473.258501891024,5220.477486743447,5436.29052734375,1203631,0.0,0.0,TRENT.NS,1325
2025-05-13 00:00:00+05:30,5439.287946323806,5451.777126950008,5315.395274511875,5321.8896484375,728870,0.0,0.0,TRENT.NS,1326
2025-05-14 00:00:00+05:30,5335.377928958994,5407.315608900014,5286.9199084431675,5357.35888671875,557468,0.0,0.0,TRENT.NS,1327
2025-05-15 00:00:00+05:30,5357.35889052695,5625.126921608864,5306.902601088007,5572.67236328125,1521892,0.0,0.0,TRENT.NS,1328
2025-05-16 00:00:00+05:30,5589.157959115563,5605.643677085782,5540.200372416124,5578.16748046875,808195,0.0,0.0,TRENT.NS,1329
2025-05-19 00:00:00+05:30,5605.144244843272,5634.11914379166,5525.213489123581,5546.1953125,604580,0.0,0.0,TRENT.NS,1330
2025-05-20 00:00:00+05:30,5599.149476156069,5599.149476156069,5428.297484645954,5444.783203125,748551,0.0,0.0,TRENT.NS,1331
2025-05-21 00:00:00+05:30,5445.7820267111865,5532.706719184148,5365.351707813792,5438.7880859375,607763,0.0,0.0,TRENT.NS,1332
2025-05-22 00:00:00+05:30,5436.290282380487,5444.283357598102,5280.425315636992,5337.3759765625,962354,0.0,0.0,TRENT.NS,1333
2025-05-23 00:00:00+05:30,5400.321323288451,5494.739522187759,5398.822621718621,5430.794921875,1127412,0.0,0.0,TRENT.NS,1334
2025-05-26 00:00:00+05:30,5450.278253158364,5531.707708269713,5411.811578044415,5521.216796875,640440,0.0,0.0,TRENT.NS,1335
2025-05-27 00:00:00+05:30,5520.217816106255,5628.124336312494,5480.252438252091,5568.17626953125,1019222,0.0,0.0,TRENT.NS,1336
2025-05-28 00:00:00+05:30,5582.164241510107,5595.652556752704,5530.20924946455,5554.1884765625,452258,0.0,0.0,TRENT.NS,1337
2025-05-29 00:00:00+05:30,5565.178819521168,5684.57538485919,5563.180550645218,5652.103515625,1192069,0.0,0.0,TRENT.NS,1338
2025-05-30 00:00:00+05:30,5651.104414924249,5723.042094887925,5620.131247162111,5638.615234375,1440608,0.0,0.0,TRENT.NS,1339
2025-06-02 00:00:00+05:30,5676.08277676596,5676.08277676596,5565.178853474106,5616.63427734375,504095,0.0,0.0,TRENT.NS,1340
2025-06-03 00:00:00+05:30,5641.612717979581,5655.101033164691,5563.180663014311,5585.16162109375,510323,0.0,0.0,TRENT.NS,1341
2025-06-04 00:00:00+05:30,5585.1616138668505,5602.14689963353,5476.755525297163,5501.73388671875,748937,0.0,0.0,TRENT.NS,1342
2025-06-05 00:00:00+05:30,5534.205348129985,5704.058193261254,5511.225257318108,5668.08935546875,1212876,0.0,0.0,TRENT.NS,1343
2025-06-06 00:00:00+05:30,5695.066161813549,5801.47397694217,5609.640169386346,5771.99951171875,1034577,0.0,0.0,TRENT.NS,1344
2025-06-09 00:00:00+05:30,5812.964011273199,5919.371826192518,5759.510320210443,5908.38134765625,1377600,0.0,0.0,TRENT.NS,1345
2025-06-10 00:00:00+05:30,5923.86773885301,5949.845232732278,5799.975075736504,5808.96728515625,683305,0.0,0.0,TRENT.NS,1346
2025-06-11 00:00:00+05:30,5811.964944170345,5832.9467670734875,5754.514714792695,5771.5,545428,0.0,0.0,TRENT.NS,1347
2025-06-12 00:00:00+05:30,5776.5,5838.0,5611.0,5627.5,974013,5.0,0.0,TRENT.NS,1348
2025-06-13 00:00:00+05:30,5505.5,5617.5,5481.0,5590.0,711911,0.0,0.0,TRENT.NS,1349
2025-06-16 00:00:00+05:30,5589.0,5695.0,5561.5,5679.5,605268,0.0,0.0,TRENT.NS,1350
2025-06-17 00:00:00+05:30,5687.0,5702.0,5602.0,5626.5,529572,0.0,0.0,TRENT.NS,1351
2025-06-18 00:00:00+05:30,5654.0,5759.0,5627.0,5735.0,864129,0.0,0.0,TRENT.NS,1352
2025-06-19 00:00:00+05:30,5800.0,5800.0,5665.0,5723.5,886990,0.0,0.0,TRENT.NS,1353
2025-06-20 00:00:00+05:30,5756.0,6030.0,5720.0,5897.5,10424185,0.0,0.0,TRENT.NS,1354
2025-06-23 00:00:00+05:30,5850.0,6210.0,5830.0,6120.0,2271641,0.0,0.0,TRENT.NS,1355
2025-06-24 00:00:00+05:30,6174.0,6205.0,6033.0,6057.5,1459591,0.0,0.0,TRENT.NS,1356
2025-06-25 00:00:00+05:30,6090.0,6156.0,6080.0,6124.5,815696,0.0,0.0,TRENT.NS,1357
2025-06-26 00:00:00+05:30,6123.0,6135.0,6013.0,6107.0,851467,0.0,0.0,TRENT.NS,1358
2025-06-27 00:00:00+05:30,6119.0,6159.0,5982.0,6019.5,1935325,0.0,0.0,TRENT.NS,1359
2025-06-30 00:00:00+05:30,6050.0,6261.0,5968.0,6217.5,2136461,0.0,0.0,TRENT.NS,1360
2025-07-01 00:00:00+05:30,6226.5,6226.5,6130.0,6144.0,558024,0.0,0.0,TRENT.NS,1361
2025-07-02 00:00:00+05:30,6130.5,6252.0,6063.0,6222.5,1159148,0.0,0.0,TRENT.NS,1362
2025-07-03 00:00:00+05:30,6234.0,6258.0,6142.5,6191.0,750787,0.0,0.0,TRENT.NS,1363
2025-07-04 00:00:00+05:30,5675.0,5785.0,5350.0,5456.0,7516962,0.0,0.0,TRENT.NS,1364
2025-07-07 00:00:00+05:30,5500.0,5522.5,5440.5,5499.0,1445372,0.0,0.0,TRENT.NS,1365
2025-07-08 00:00:00+05:30,5512.5,5517.5,5370.0,5440.0,1699343,0.0,0.0,TRENT.NS,1366
2025-07-09 00:00:00+05:30,5440.0,5504.5,5400.0,5408.0,969206,0.0,0.0,TRENT.NS,1367
2025-07-10 00:00:00+05:30,5430.0,5445.0,5387.0,5431.0,947485,0.0,0.0,TRENT.NS,1368
2025-07-11 00:00:00+05:30,5419.0,5419.0,5339.5,5364.0,942210,0.0,0.0,TRENT.NS,1369
2025-07-14 00:00:00+05:30,5368.0,5393.0,5287.5,5314.5,829406,0.0,0.0,TRENT.NS,1370
2025-07-15 00:00:00+05:30,5329.5,5405.0,5309.0,5390.0,577430,0.0,0.0,TRENT.NS,1371
2025-07-16 00:00:00+05:30,5415.0,5470.0,5375.0,5382.0,716193,0.0,0.0,TRENT.NS,1372
2025-07-17 00:00:00+05:30,5400.0,5455.0,5375.0,5417.5,490075,0.0,0.0,TRENT.NS,1373
2025-07-18 00:00:00+05:30,5425.0,5443.5,5356.5,5375.0,418316,0.0,0.0,TRENT.NS,1374
2025-07-21 00:00:00+05:30,5375.5,5398.5,5349.0,5376.0,404842,0.0,0.0,TRENT.NS,1375
2025-07-22 00:00:00+05:30,5409.5,5454.0,5351.0,5360.5,451766,0.0,0.0,TRENT.NS,1376
2025-07-23 00:00:00+05:30,5383.0,5390.5,5320.0,5359.0,521291,0.0,0.0,TRENT.NS,1377
2025-07-24 00:00:00+05:30,5315.0,5328.5,5141.0,5154.0,1326255,0.0,0.0,TRENT.NS,1378
2025-07-25 00:00:00+05:30,5154.0,5171.5,5033.0,5043.0,1136699,0.0,0.0,TRENT.NS,1379
2025-07-28 00:00:00+05:30,5043.0,5109.5,4980.5,4994.0,1450708,0.0,0.0,TRENT.NS,1380
2025-07-29 00:00:00+05:30,4994.0,5052.0,4957.5,5001.5,1285403,0.0,0.0,TRENT.NS,1381
2025-07-30 00:00:00+05:30,5011.5,5073.5,4987.5,5043.5,640920,0.0,0.0,TRENT.NS,1382
2025-07-31 00:00:00+05:30,4975.0,5077.0,4964.5,5018.0,752111,0.0,0.0,TRENT.NS,1383
2025-08-01 00:00:00+05:30,5034.0,5275.5,5005.0,5180.0,2034517,0.0,0.0,TRENT.NS,1384
2025-08-04 00:00:00+05:30,5275.0,5289.0,5162.5,5249.0,790968,0.0,0.0,TRENT.NS,1385
2025-08-05 00:00:00+05:30,5245.0,5356.0,5200.0,5317.5,976873,0.0,0.0,TRENT.NS,1386
2025-08-06 00:00:00+05:30,5350.0,5430.0,5318.0,5356.5,2486662,0.0,0.0,TRENT.NS,1387
2025-08-07 00:00:00+05:30,5285.0,5440.0,5210.5,5303.5,2293342,0.0,0.0,TRENT.NS,1388
2025-08-08 00:00:00+05:30,5330.0,5374.0,5238.5,5317.0,1192637,0.0,0.0,TRENT.NS,1389
2025-08-11 00:00:00+05:30,5330.0,5487.0,5306.5,5443.5,1110381,0.0,0.0,TRENT.NS,1390
2025-08-12 00:00:00+05:30,5443.5,5460.0,5357.5,5365.5,441837,0.0,0.0,TRENT.NS,1391
2025-08-13 00:00:00+05:30,5365.5,5445.0,5360.0,5398.5,615620,0.0,0.0,TRENT.NS,1392
2025-08-14 00:00:00+05:30,5424.0,5440.0,5360.0,5370.5,697401,0.0,0.0,TRENT.NS,1393
2025-08-18 00:00:00+05:30,5530.0,5623.0,5501.0,5519.0,1714061,0.0,0.0,TRENT.NS,1394
2025-08-19 00:00:00+05:30,5550.0,5561.5,5465.0,5496.0,548359,0.0,0.0,TRENT.NS,1395
2025-08-20 00:00:00+05:30,5496.0,5498.0,5432.0,5453.0,636301,0.0,0.0,TRENT.NS,1396
2025-08-21 00:00:00+05:30,5457.0,5547.0,5439.0,5452.5,607314,0.0,0.0,TRENT.NS,1397
2025-08-22 00:00:00+05:30,5452.5,5484.5,5404.0,5418.0,443698,0.0,0.0,TRENT.NS,1398
2025-08-25 00:00:00+05:30,5460.0,5485.5,5404.0,5423.0,656081,0.0,0.0,TRENT.NS,1399
2025-08-26 00:00:00+05:30,5420.0,5447.0,5272.0,5295.0,949915,0.0,0.0,TRENT.NS,1400
2025-08-28 00:00:00+05:30,5295.0,5298.0,5215.0,5235.5,784214,0.0,0.0,TRENT.NS,1401
2025-08-29 00:00:00+05:30,5239.0,5411.0,5230.0,5298.0,1333724,0.0,0.0,TRENT.NS,1402
2025-09-01 00:00:00+05:30,5321.0,5462.0,5304.0,5450.0,688959,0.0,0.0,TRENT.NS,1403
2025-09-02 00:00:00+05:30,5450.0,5472.0,5386.0,5412.0,541160,0.0,0.0,TRENT.NS,1404
2025-09-03 00:00:00+05:30,5416.0,5500.0,5350.0,5479.0,832845,0.0,0.0,TRENT.NS,1405
2025-09-04 00:00:00+05:30,5525.0,5674.0,5503.0,5529.0,1412461,0.0,0.0,TRENT.NS,1406
2025-09-05 00:00:00+05:30,5557.0,5617.0,5494.0,5528.5,622758,0.0,0.0,TRENT.NS,1407
2025-09-08 00:00:00+05:30,5540.0,5555.5,5300.0,5315.5,876255,0.0,0.0,TRENT.NS,1408
2025-09-09 00:00:00+05:30,5330.0,5347.0,5206.0,5218.5,1014203,0.0,0.0,TRENT.NS,1409
2025-09-10 00:00:00+05:30,5250.0,5260.5,5171.0,5193.0,898752,0.0,0.0,TRENT.NS,1410
2025-09-11 00:00:00+05:30,5214.5,5214.5,5150.0,5171.0,585140,0.0,0.0,TRENT.NS,1411
2025-09-12 00:00:00+05:30,5179.0,5202.0,5125.0,5130.0,625409,0.0,0.0,TRENT.NS,1412
2025-09-15 00:00:00+05:30,5131.0,5175.0,5109.0,5133.0,955394,0.0,0.0,TRENT.NS,1413
2025-09-16 00:00:00+05:30,5154.0,5156.5,5115.0,5147.5,703169,0.0,0.0,TRENT.NS,1414
2025-09-17 00:00:00+05:30,5180.0,5248.0,5163.5,5197.5,828577,0.0,0.0,TRENT.NS,1415
2025-09-18 00:00:00+05:30,5215.0,5225.0,5134.0,5144.0,810331,0.0,0.0,TRENT.NS,1416
2025-09-19 00:00:00+05:30,5149.0,5158.0,5074.0,5080.0,1105187,0.0,0.0,TRENT.NS,1417
2025-09-22 00:00:00+05:30,5089.5,5138.0,4990.0,5010.5,799543,0.0,0.0,TRENT.NS,1418
2025-09-23 00:00:00+05:30,5010.5,5019.5,4846.0,4891.0,2734495,0.0,0.0,TRENT.NS,1419
2025-09-24 00:00:00+05:30,4938.0,4963.5,4879.5,4897.0,941080,0.0,0.0,TRENT.NS,1420
2025-09-25 00:00:00+05:30,4914.5,4928.5,4710.0,4742.5,1518468,0.0,0.0,TRENT.NS,1421
2025-09-26 00:00:00+05:30,4739.0,4775.0,4660.0,4679.0,1038283,0.0,0.0,TRENT.NS,1422
2025-09-29 00:00:00+05:30,4700.0,4747.0,4686.0,4730.5,815624,0.0,0.0,TRENT.NS,1423
2025-09-30 00:00:00+05:30,4744.5,4746.0,4666.0,4677.5,751802,0.0,0.0,TRENT.NS,1424
2025-10-01 00:00:00+05:30,4711.0,4849.89990234375,4701.10009765625,4832.0,1270493,0.0,0.0,TRENT.NS,1425
2025-10-03 00:00:00+05:30,4804.0,4836.5,4738.0,4815.7001953125,1070640,0.0,0.0,TRENT.NS,1426
2025-10-06 00:00:00+05:30,4817.0,4908.0,4689.60009765625,4777.2998046875,1075080,0.0,0.0,TRENT.NS,1427
2025-10-07 00:00:00+05:30,4695.0,4721.89990234375,4590.0,4686.0,2789651,0.0,0.0,TRENT.NS,1428
2025-10-08 00:00:00+05:30,4709.0,4746.0,4606.39990234375,4616.60009765625,1114855,0.0,0.0,TRENT.NS,1429
2025-10-09 00:00:00+05:30,4630.0,4676.89990234375,4601.2001953125,4660.89990234375,749429,0.0,0.0,TRENT.NS,1430
2025-10-10 00:00:00+05:30,4670.0,4729.89990234375,4652.10009765625,4691.10009765625,735165,0.0,0.0,TRENT.NS,1431
2025-10-13 00:00:00+05:30,4677.10009765625,4695.0,4626.0,4681.60009765625,602116,0.0,0.0,TRENT.NS,1432
2025-10-14 00:00:00+05:30,4690.0,4700.0,4598.60009765625,4617.2001953125,913650,0.0,0.0,TRENT.NS,1433
2025-10-15 00:00:00+05:30,4617.2001953125,4752.10009765625,4610.10009765625,4724.2001953125,1298534,0.0,0.0,TRENT.NS,1434
2025-10-16 00:00:00+05:30,4743.0,4808.5,4727.60009765625,4793.39990234375,1140794,0.0,0.0,TRENT.NS,1435
2025-10-17 00:00:00+05:30,4793.39990234375,4850.0,4747.0,4814.39990234375,1243932,0.0,0.0,TRENT.NS,1436
2025-10-20 00:00:00+05:30,4821.89990234375,4835.2998046875,4772.0,4802.2998046875,610816,0.0,0.0,TRENT.NS,1437
2025-10-21 00:00:00+05:30,4827.0,4839.0,4772.0,4791.10009765625,82502,0.0,0.0,TRENT.NS,1438
2025-10-23 00:00:00+05:30,4800.0,4866.5,4766.89990234375,4783.2998046875,769642,0.0,0.0,TRENT.NS,1439
2025-10-24 00:00:00+05:30,4796.0,4806.89990234375,4760.0,4789.60009765625,519615,0.0,0.0,TRENT.NS,1440
2025-10-27 00:00:00+05:30,4810.0,4831.7001953125,4786.39990234375,4798.7001953125,414172,0.0,0.0,TRENT.NS,1441
2025-10-28 00:00:00+05:30,4800.60009765625,4828.39990234375,4692.5,4725.39990234375,616890,0.0,0.0,TRENT.NS,1442
2025-10-29 00:00:00+05:30,4735.0,4788.0,4735.0,4780.60009765625,305268,0.0,0.0,TRENT.NS,1443
2025-10-30 00:00:00+05:30,4781.10009765625,4784.7998046875,4724.0,4744.5,346569,0.0,0.0,TRENT.NS,1444
2025-10-31 00:00:00+05:30,4745.0,4748.89990234375,4685.2001953125,4694.2998046875,498496,0.0,0.0,TRENT.NS,1445
2025-11-03 00:00:00+05:30,4694.2998046875,4720.0,4655.2001953125,4713.39990234375,292566,0.0,0.0,TRENT.NS,1446
2025-11-04 00:00:00+05:30,4720.0,4724.89990234375,4646.0,4660.60009765625,475909,0.0,0.0,TRENT.NS,1447
2025-11-06 00:00:00+05:30,4660.60009765625,4704.10009765625,4635.0,4679.2001953125,476465,0.0,0.0,TRENT.NS,1448
2025-11-07 00:00:00+05:30,4679.5,4708.10009765625,4611.2001953125,4627.2998046875,543059,0.0,0.0,TRENT.NS,1449
2025-11-10 00:00:00+05:30,4568.0,4579.89990234375,4262.60009765625,4283.7001953125,6807962,0.0,0.0,TRENT.NS,1450
2025-11-11 00:00:00+05:30,4295.0,4365.0,4263.10009765625,4315.7998046875,1802510,0.0,0.0,TRENT.NS,1451
2025-11-12 00:00:00+05:30,4330.0,4396.7001953125,4295.0,4375.7998046875,937925,0.0,0.0,TRENT.NS,1452
2025-11-13 00:00:00+05:30,4378.0,4402.89990234375,4312.89990234375,4326.39990234375,926858,0.0,0.0,TRENT.NS,1453
2025-11-14 00:00:00+05:30,4335.0,4399.89990234375,4327.0,4391.2001953125,808967,0.0,0.0,TRENT.NS,1454
2025-11-17 00:00:00+05:30,4391.89990234375,4414.10009765625,4375.0,4404.60009765625,551524,0.0,0.0,TRENT.NS,1455
2025-11-18 00:00:00+05:30,4404.60009765625,4409.89990234375,4359.89990234375,4374.0,316742,0.0,0.0,TRENT.NS,1456
2025-11-19 00:00:00+05:30,4380.0,4388.89990234375,4330.89990234375,4358.89990234375,593957,0.0,0.0,TRENT.NS,1457
2025-11-20 00:00:00+05:30,4352.2001953125,4417.7998046875,4352.10009765625,4388.89990234375,513726,0.0,0.0,TRENT.NS,1458
2025-11-21 00:00:00+05:30,4397.0,4397.0,4355.0,4359.10009765625,411274,0.0,0.0,TRENT.NS,1459
2025-11-24 00:00:00+05:30,4370.0,4370.0,4299.0,4310.89990234375,1144110,0.0,0.0,TRENT.NS,1460
2025-11-25 00:00:00+05:30,4310.89990234375,4319.5,4235.7998046875,4243.89990234375,1019740,0.0,0.0,TRENT.NS,1461
2025-11-26 00:00:00+05:30,4246.5,4352.60009765625,4246.5,4292.39990234375,804098,0.0,0.0,TRENT.NS,1462
2025-11-27 00:00:00+05:30,4305.5,4320.10009765625,4244.0,4266.10009765625,669342,0.0,0.0,TRENT.NS,1463
2025-11-28 00:00:00+05:30,4276.10009765625,4283.2001953125,4236.7998046875,4250.39990234375,549814,0.0,0.0,TRENT.NS,1464
2025-12-01 00:00:00+05:30,4270.0,4285.0,4199.89990234375,4215.89990234375,542859,0.0,0.0,TRENT.NS,1465
2025-12-02 00:00:00+05:30,4218.10009765625,4239.60009765625,4203.0,4226.5,491997,0.0,0.0,TRENT.NS,1466
2025-12-03 00:00:00+05:30,4226.0,4226.2998046875,4158.0,4188.2001953125,709367,0.0,0.0,TRENT.NS,1467
2025-12-04 00:00:00+05:30,4188.10009765625,4234.7998046875,4161.10009765625,4215.7998046875,427254,0.0,0.0,TRENT.NS,1468
2025-12-05 00:00:00+05:30,4215.0,4225.0,4165.0,4183.10009765625,679735,0.0,0.0,TRENT.NS,1469
2025-12-08 00:00:00+05:30,4183.10009765625,4202.0,4075.10009765625,4090.5,1028704,0.0,0.0,TRENT.NS,1470
2025-12-09 00:00:00+05:30,4049.60009765625,4118.10009765625,3988.0,4085.39990234375,1671211,0.0,0.0,TRENT.NS,1471
2025-12-10 00:00:00+05:30,4080.0,4138.0,4010.10009765625,4018.300048828125,737740,0.0,0.0,TRENT.NS,1472
2025-12-11 00:00:00+05:30,4022.0,4060.60009765625,3930.10009765625,4047.5,1815905,0.0,0.0,TRENT.NS,1473
2025-12-12 00:00:00+05:30,4077.89990234375,4092.800048828125,4049.89990234375,4075.39990234375,534723,0.0,0.0,TRENT.NS,1474
2025-12-15 00:00:00+05:30,4067.0,4129.2001953125,4012.5,4109.0,459769,0.0,0.0,TRENT.NS,1475
2025-12-16 00:00:00+05:30,4115.0,4143.7001953125,4085.5,4108.7001953125,562479,0.0,0.0,TRENT.NS,1476
2025-12-17 00:00:00+05:30,4100.10009765625,4119.89990234375,4036.0,4045.199951171875,460320,0.0,0.0,TRENT.NS,1477
2025-12-18 00:00:00+05:30,4050.0,4056.800048828125,3993.699951171875,4030.0,614346,0.0,0.0,TRENT.NS,1478
2025-12-19 00:00:00+05:30,4034.0,4072.0,4025.0,4062.199951171875,501005,0.0,0.0,TRENT.NS,1479
2025-12-22 00:00:00+05:30,4080.0,4225.0,4063.89990234375,4206.7998046875,1316448,0.0,0.0,TRENT.NS,1480
2025-12-23 00:00:00+05:30,4234.0,4236.10009765625,4176.60009765625,4189.39990234375,662345,0.0,0.0,TRENT.NS,1481
2025-12-24 00:00:00+05:30,4209.0,4313.2998046875,4183.10009765625,4289.60009765625,960632,0.0,0.0,TRENT.NS,1482
2025-12-26 00:00:00+05:30,4290.0,4338.39990234375,4263.0,4285.2998046875,1029780,0.0,0.0,TRENT.NS,1483
2025-12-29 00:00:00+05:30,4303.2001953125,4319.89990234375,4211.10009765625,4226.0,423139,0.0,0.0,TRENT.NS,1484
2025-12-30 00:00:00+05:30,4226.0,4257.7001953125,4187.7998046875,4207.7001953125,670540,0.0,0.0,TRENT.NS,1485
2025-12-31 00:00:00+05:30,4225.0,4288.10009765625,4212.0,4279.0,426359,0.0,0.0,TRENT.NS,1486
2026-01-01 00:00:00+05:30,4279.0,4308.0,4255.7998046875,4297.39990234375,374599,0.0,0.0,TRENT.NS,1487
2026-01-02 00:00:00+05:30,4300.0,4437.89990234375,4289.60009765625,4409.60009765625,895709,0.0,0.0,TRENT.NS,1488
2026-01-05 00:00:00+05:30,4409.60009765625,4457.0,4357.0,4429.7998046875,509791,0.0,0.0,TRENT.NS,1489
2026-01-06 00:00:00+05:30,4208.2998046875,4208.2998046875,3994.0,4047.60009765625,6144187,0.0,0.0,TRENT.NS,1490
2026-01-07 00:00:00+05:30,4050.0,4071.5,3988.199951171875,4060.5,1477670,0.0,0.0,TRENT.NS,1491
2026-01-08 00:00:00+05:30,4078.800048828125,4094.5,3980.0,3990.39990234375,863189,0.0,0.0,TRENT.NS,1492
2026-01-09 00:00:00+05:30,3980.0,4009.0,3951.0,3972.89990234375,768954,0.0,0.0,TRENT.NS,1493
2026-01-12 00:00:00+05:30,3990.0,4066.0,3958.89990234375,4056.39990234375,908033,0.0,0.0,TRENT.NS,1494
2026-01-13 00:00:00+05:30,4058.0,4060.0,3827.800048828125,3921.89990234375,1652142,0.0,0.0,TRENT.NS,1495
2026-01-14 00:00:00+05:30,3906.0,3950.0,3886.199951171875,3932.199951171875,721954,0.0,0.0,TRENT.NS,1496
2026-01-15 00:00:00+05:30,3932.199951171875,3932.199951171875,3932.199951171875,3932.199951171875,0,0.0,0.0,TRENT.NS,1497
2026-01-16 00:00:00+05:30,3910.0,3977.800048828125,3890.0,3899.699951171875,867266,0.0,0.0,TRENT.NS,1498
2026-01-19 00:00:00+05:30,3899.60009765625,3955.89990234375,3881.0,3945.60009765625,622614,0.0,0.0,TRENT.NS,1499
2026-01-20 00:00:00+05:30,3963.0,3963.89990234375,3819.300048828125,3836.10009765625,912749,0.0,0.0,TRENT.NS,1500
2026-01-21 00:00:00+05:30,3836.0,3846.10009765625,3693.10009765625,3764.39990234375,1431168,0.0,0.0,TRENT.NS,1501
2026-01-22 00:00:00+05:30,3774.60009765625,3848.89990234375,3767.60009765625,3803.800048828125,1166339,0.0,0.0,TRENT.NS,1502
2026-01-23 00:00:00+05:30,3840.0,3840.0,3744.0,3755.89990234375,474377,0.0,0.0,TRENT.NS,1503
2026-01-27 00:00:00+05:30,3776.60009765625,3818.0,3718.10009765625,3795.10009765625,996913,0.0,0.0,TRENT.NS,1504
2026-01-28 00:00:00+05:30,3808.0,3874.5,3801.10009765625,3864.0,646525,0.0,0.0,TRENT.NS,1505
2026-01-29 00:00:00+05:30,3850.0,3857.699951171875,3758.0,3823.800048828125,769662,0.0,0.0,TRENT.NS,1506
2026-01-30 00:00:00+05:30,3815.0,3841.800048828125,3751.10009765625,3785.5,1070238,0.0,0.0,TRENT.NS,1507
2026-02-02 00:00:00+05:30,3729.0,3729.89990234375,3645.0,3720.89990234375,1046808,0.0,0.0,TRENT.NS,1508
2026-02-03 00:00:00+05:30,3900.0,3900.10009765625,3791.10009765625,3822.800048828125,744015,0.0,0.0,TRENT.NS,1509
2026-02-04 00:00:00+05:30,3834.0,4070.0,3805.0,4012.60009765625,1925540,0.0,0.0,TRENT.NS,1510
2026-02-05 00:00:00+05:30,3973.39990234375,4142.39990234375,3863.0,4131.2998046875,3837832,0.0,0.0,TRENT.NS,1511
2026-02-06 00:00:00+05:30,4144.39990234375,4157.0,4044.39990234375,4113.7998046875,1115797,0.0,0.0,TRENT.NS,1512
2026-02-09 00:00:00+05:30,4117.0,4238.60009765625,4097.89990234375,4171.2001953125,995086,0.0,0.0,TRENT.NS,1513
2026-02-10 00:00:00+05:30,4190.0,4204.89990234375,4157.60009765625,4184.39990234375,649920,0.0,0.0,TRENT.NS,1514
2026-02-11 00:00:00+05:30,4205.0,4228.0,4132.7001953125,4218.89990234375,567174,0.0,0.0,TRENT.NS,1515
2026-02-12 00:00:00+05:30,4218.89990234375,4298.39990234375,4182.7998046875,4285.60009765625,947446,0.0,0.0,TRENT.NS,1516
2026-02-13 00:00:00+05:30,4247.10009765625,4299.0,4195.10009765625,4252.0,665095,0.0,0.0,TRENT.NS,1517
2026-02-16 00:00:00+05:30,4234.0,4298.0,4202.5,4229.5,698727,0.0,0.0,TRENT.NS,1518
2026-02-17 00:00:00+05:30,4215.0,4224.89990234375,4130.0,4171.89990234375,392842,0.0,0.0,TRENT.NS,1519
2026-02-18 00:00:00+05:30,4171.89990234375,4201.0,4137.0,4187.2001953125,372954,0.0,0.0,TRENT.NS,1520
2026-02-19 00:00:00+05:30,4181.0,4181.10009765625,4053.0,4067.89990234375,587295,0.0,0.0,TRENT.NS,1521
2026-02-20 00:00:00+05:30,4064.800048828125,4125.0,4041.699951171875,4091.0,338564,0.0,0.0,TRENT.NS,1522
2026-02-23 00:00:00+05:30,4085.0,4119.89990234375,4040.0,4054.89990234375,674204,0.0,0.0,TRENT.NS,1523
2026-02-24 00:00:00+05:30,4060.0,4060.10009765625,3900.0,3931.300048828125,709985,0.0,0.0,TRENT.NS,1524
2026-02-25 00:00:00+05:30,3939.800048828125,3964.5,3900.0,3922.0,395546,0.0,0.0,TRENT.NS,1525
2026-02-26 00:00:00+05:30,3922.0,3946.699951171875,3842.89990234375,3856.0,1094939,0.0,0.0,TRENT.NS,1526
2026-02-27 00:00:00+05:30,3856.0,3930.0,3840.0,3899.5,976499,0.0,0.0,TRENT.NS,1527
2026-03-02 00:00:00+05:30,3755.5,3887.60009765625,3755.0,3848.5,801446,0.0,0.0,TRENT.NS,1528
2026-03-04 00:00:00+05:30,3790.300048828125,3798.0,3721.0,3756.800048828125,811173,0.0,0.0,TRENT.NS,1529
2026-03-05 00:00:00+05:30,3765.0,3804.800048828125,3713.5,3790.89990234375,715303,0.0,0.0,TRENT.NS,1530
2026-03-06 00:00:00+05:30,3785.0,3829.0,3715.800048828125,3722.800048828125,365100,0.0,0.0,TRENT.NS,1531
2026-03-09 00:00:00+05:30,3608.89990234375,3701.5,3580.0,3689.39990234375,956936,0.0,0.0,TRENT.NS,1532
2026-03-10 00:00:00+05:30,3749.89990234375,3749.89990234375,3690.0,3715.300048828125,726096,0.0,0.0,TRENT.NS,1533
2026-03-11 00:00:00+05:30,3715.0,3727.10009765625,3608.699951171875,3627.39990234375,684748,0.0,0.0,TRENT.NS,1534
2026-03-12 00:00:00+05:30,3603.0,3603.10009765625,3502.5,3533.60009765625,989163,0.0,0.0,TRENT.NS,1535
2026-03-13 00:00:00+05:30,3509.89990234375,3583.60009765625,3470.199951171875,3487.800048828125,1215870,0.0,0.0,TRENT.NS,1536
2026-03-16 00:00:00+05:30,3487.800048828125,3612.39990234375,3427.89990234375,3596.10009765625,1303919,0.0,0.0,TRENT.NS,1537
2026-03-17 00:00:00+05:30,3593.0,3653.0,3550.0,3634.5,742068,0.0,0.0,TRENT.NS,1538
2026-03-18 00:00:00+05:30,3636.0,3720.0,3621.0,3640.89990234375,645425,0.0,0.0,TRENT.NS,1539
2026-03-19 00:00:00+05:30,3600.0,3600.0,3472.60009765625,3481.89990234375,698240,0.0,0.0,TRENT.NS,1540
2026-03-20 00:00:00+05:30,3509.0,3598.0,3506.39990234375,3559.60009765625,837217,0.0,0.0,TRENT.NS,1541
2026-03-23 00:00:00+05:30,3502.199951171875,3502.199951171875,3340.300048828125,3356.699951171875,959711,0.0,0.0,TRENT.NS,1542
2026-03-24 00:00:00+05:30,3450.10009765625,3451.0,3341.10009765625,3365.60009765625,898547,0.0,0.0,TRENT.NS,1543
2026-03-25 00:00:00+05:30,3415.60009765625,3532.300048828125,3390.0,3478.89990234375,1086467,0.0,0.0,TRENT.NS,1544
2026-03-27 00:00:00+05:30,3451.0,3505.89990234375,3373.60009765625,3399.60009765625,1288297,0.0,0.0,TRENT.NS,1545
2026-03-30 00:00:00+05:30,3300.0,3383.60009765625,3275.5,3295.800048828125,1835877,0.0,0.0,TRENT.NS,1546
2026-04-01 00:00:00+05:30,3447.0,3539.89990234375,3398.0,3526.5,1628959,0.0,0.0,TRENT.NS,1547
2026-04-02 00:00:00+05:30,3435.0,3567.39990234375,3400.199951171875,3550.60009765625,1131209,0.0,0.0,TRENT.NS,1548
2026-04-06 00:00:00+05:30,3634.89990234375,3869.5,3634.89990234375,3833.60009765625,4877807,0.0,0.0,TRENT.NS,1549
2026-04-07 00:00:00+05:30,3818.199951171875,3898.800048828125,3776.300048828125,3823.0,1992402,0.0,0.0,TRENT.NS,1550
2026-04-08 00:00:00+05:30,3960.0,3999.0,3891.800048828125,3905.0,1425604,0.0,0.0,TRENT.NS,1551
2026-04-09 00:00:00+05:30,3908.0,3938.5,3841.199951171875,3850.699951171875,749640,0.0,0.0,TRENT.NS,1552
2026-04-10 00:00:00+05:30,3880.0,3969.0,3871.300048828125,3916.5,1186264,0.0,0.0,TRENT.NS,1553
2026-04-13 00:00:00+05:30,3838.5,3899.800048828125,3813.0,3875.39990234375,426185,0.0,0.0,TRENT.NS,1554
2026-04-15 00:00:00+05:30,3914.0,3999.0,3910.0,3978.199951171875,753162,0.0,0.0,TRENT.NS,1555
2026-04-16 00:00:00+05:30,4019.699951171875,4095.300048828125,3945.10009765625,4083.300048828125,1392767,0.0,0.0,TRENT.NS,1556
2026-04-17 00:00:00+05:30,4100.7998046875,4167.60009765625,4090.0,4107.7001953125,1248606,0.0,0.0,TRENT.NS,1557
2026-04-20 00:00:00+05:30,4150.0,4277.0,4127.7001953125,4242.7998046875,2228155,0.0,0.0,TRENT.NS,1558
2026-04-21 00:00:00+05:30,4264.0,4444.5,4242.7998046875,4390.5,2438074,0.0,0.0,TRENT.NS,1559
2026-04-22 00:00:00+05:30,4436.0,4498.0,4336.60009765625,4434.5,2596869,0.0,0.0,TRENT.NS,1560
2026-04-23 00:00:00+05:30,4440.0,4479.39990234375,4225.0,4251.39990234375,4802737,0.0,0.0,TRENT.NS,1561
2026-04-24 00:00:00+05:30,4260.0,4344.0,4200.0,4297.2998046875,1622094,0.0,0.0,TRENT.NS,1562
2026-04-27 00:00:00+05:30,4336.0,4348.5,4246.39990234375,4260.7998046875,1057820,0.0,0.0,TRENT.NS,1563
2026-04-28 00:00:00+05:30,4260.7998046875,4269.89990234375,4202.0,4253.89990234375,895472,0.0,0.0,TRENT.NS,1564
2026-04-29 00:00:00+05:30,4273.0,4304.7001953125,4218.7001953125,4228.2998046875,643572,0.0,0.0,TRENT.NS,1565
2026-04-30 00:00:00+05:30,4215.10009765625,4218.39990234375,4124.0,4144.60009765625,566859,0.0,0.0,TRENT.NS,1566
2026-05-01 00:00:00+05:30,4144.60009765625,4144.60009765625,4144.60009765625,4144.60009765625,0,0.0,0.0,TRENT.NS,1567
2026-05-04 00:00:00+05:30,4135.0,4193.89990234375,4067.199951171875,4158.5,680672,0.0,0.0,TRENT.NS,1568
2026-05-05 00:00:00+05:30,4150.10009765625,4158.5,4075.60009765625,4135.39990234375,465168,0.0,0.0,TRENT.NS,1569
2026-05-06 00:00:00+05:30,4157.89990234375,4324.5,4156.5,4289.7998046875,1384413,0.0,0.0,TRENT.NS,1570
2026-05-07 00:00:00+05:30,4340.7998046875,4355.0,4287.7001953125,4294.10009765625,599368,0.0,0.0,TRENT.NS,1571
2026-05-08 00:00:00+05:30,4283.2001953125,4318.89990234375,4221.89990234375,4242.2998046875,541763,0.0,0.0,TRENT.NS,1572
2026-05-11 00:00:00+05:30,4227.2001953125,4239.0,4153.2998046875,4181.10009765625,447565,0.0,0.0,TRENT.NS,1573
2026-05-12 00:00:00+05:30,4156.0,4183.5,4037.60009765625,4050.60009765625,838385,0.0,0.0,TRENT.NS,1574
2026-05-13 00:00:00+05:30,4038.5,4127.0,4021.0,4084.5,454880,0.0,0.0,TRENT.NS,1575
2026-05-14 00:00:00+05:30,4099.2001953125,4166.5,4099.2001953125,4132.39990234375,670805,0.0,0.0,TRENT.NS,1576
2026-05-15 00:00:00+05:30,4132.39990234375,4144.39990234375,4032.0,4101.2998046875,683781,0.0,0.0,TRENT.NS,1577
2026-05-18 00:00:00+05:30,4051.0,4068.699951171875,3980.60009765625,4032.300048828125,1080689,0.0,0.0,TRENT.NS,1578
2026-05-19 00:00:00+05:30,4041.0,4109.7001953125,4026.10009765625,4069.60009765625,518757,0.0,0.0,TRENT.NS,1579
2026-05-20 00:00:00+05:30,4032.699951171875,4114.0,4022.0,4099.89990234375,501006,0.0,0.0,TRENT.NS,1580
2026-05-21 00:00:00+05:30,4135.0,4190.89990234375,4052.0,4170.39990234375,748071,0.0,0.0,TRENT.NS,1581
2026-05-22 00:00:00+05:30,4189.0,4314.89990234375,4157.2998046875,4296.5,1087977,0.0,0.0,TRENT.NS,1582
2026-05-25 00:00:00+05:30,4341.0,4362.0,4290.0,4300.0,584516,0.0,0.0,TRENT.NS,1583
2026-05-26 00:00:00+05:30,4290.0,4310.2998046875,4230.0,4239.60009765625,562260,0.0,0.0,TRENT.NS,1584
2026-05-27 00:00:00+05:30,4239.60009765625,4287.2998046875,4220.5,4248.60009765625,429915,0.0,0.0,TRENT.NS,1585
2026-05-29 00:00:00+05:30,4260.0,4335.7001953125,4190.0,4224.0,1184705,0.0,1.5,TRENT.NS,1586
